commit,date
b68fc2e4de90dfe4d9cff3cebafe07deab6ef2de,2020-05-10 23:36:34 -0700
c0361b92bb123124580d2fb4cf29be6940a76beb,2019-09-04 20:58:46 -0700
fb326195083959014c82c10187cb46de91ece33f,2018-07-13 13:03:30 +0900
f07f0277ab627aa41b69dfb1c344dbd65a7fa3e5,2018-07-11 21:29:22 -0700
8b644e62feddd453d752355303d7dc8a698c1c2b,2018-07-12 13:26:55 +0900
2dc0bb94d72cf0b95167f2e941aa044b5be985f8,2018-03-17 03:24:06 -0700
4f3c386eba4fc9ade3850805246e043dde85cbab,2017-12-08 11:10:35 +0900
c405312447b7752b49dd4b0cf46c8ae63565c61e,2017-12-06 14:13:14 +0900
d09fe51d9099f8a43a3a5c52d18eb40570f566f4,2017-12-03 21:41:17 -0800
505c258e85243e15251a45f0766a4f85b5976252,2017-12-03 21:25:27 -0800
a14d1e7ef8127dc73b1513d4021c95e313456a64,2017-12-03 17:50:21 -0800
4f35c28e8e0281beed0a457244fbb9144e791fee,2016-08-29 23:07:31 +0900
0ef485ba73281abbd8d208c4bb1c890f4e524d1d,2016-08-29 21:28:21 +0900
d3ab63bed6fc8ffe9c6a81141a4f019909892380,2016-08-29 21:18:37 +0900
fc147cf06e4128b60c54b4937a33a5ee96684c51,2016-08-29 21:03:51 +0900
4e2d21c2e9de69430293c7a46bb71f1070accce8,2016-08-28 17:07:50 +0900
ff4673c5b3d2437eaea419a46d6afacd99a53320,2016-08-28 16:49:19 +0900
1858c968c6376ea312fcd6459a080e29a9f1641a,2016-08-28 16:37:11 +0900
d5ffbe645c1fe47e24b3ffe2687cecdfc1ada1b4,2016-08-28 15:38:09 +0900
fdd2ca2081a18950b831ce7db956d49b4af71917,2016-07-20 21:11:21 +0900
6a52ba93726ed24c7a3cbc67486e2db5d74b5666,2016-07-19 21:47:02 +0900
354ff85d2b5d065fd899940a792f0fcb6e99695c,2016-07-16 18:29:11 +0900
ea777aabee64552b08178204709b033c54a4e4a5,2016-07-16 15:10:20 +0900
fab36f97eff330ec2f655536bb00d2ca2cc557e9,2016-07-11 22:08:00 +0900
9cf9f7516c41e9724c425c309c800c065a4d9002,2016-07-06 20:58:56 +0900
78bde551772b8d7a7ce459e2cae2d1f73c4fa65b,2016-07-03 15:53:57 +0900
4d2bd647ff7ee2450e0b9ed920f8179d32178186,2016-06-28 23:28:39 +0900
8dbb8ca22520a0fd350ada2dd8a0c75294e0bc59,2016-06-25 23:46:01 +0900
740720a2f5d170a0aacf867e1bb9d7242c54043b,2016-06-15 18:25:53 +0900
83e8e343a6106b71ef3b4161145a58d286c71df1,2016-06-14 21:57:06 +0900
132124955d9af4a98ffb9893563be6f212a0c33a,2016-05-22 17:25:39 -0700
d819beee4a3f56c6da99dde5db72a4a5791a4cac,2016-05-20 15:16:18 -0700
d8e9ef3fe4cf46a847ca31ddba823d1ea23d63ed,2016-05-20 15:06:41 -0700
c0b15f2ab859f9ab9cb4ec286b16318c2bb7c3c1,2016-05-19 11:32:49 +0900
fe57d32ae03451ec3d7aadbb3f9d5b775b6c1282,2016-05-19 11:14:50 +0900
44152316acfa78951b355866400e85911f2d5e35,2016-05-18 16:55:24 -0700
f97a5504bae2563157d426f103e60dd0a4632ddf,2016-05-18 16:47:36 -0700
1c44272bff0fc0022a1c8ce060b70d11a30c59e0,2016-05-18 10:54:02 +0900
3de37746113d6534963396616485d5cc5ff50501,2016-05-18 10:22:09 +0900
1e540bbb20236274aa8187310b5117f834745dca,2016-05-16 18:17:22 -0700
30a46592c46a87cbbfba0486c72cc02f4a398369,2016-05-16 17:56:54 +0900
4594b6116f968af01a9bdabfec4a6fe2e244a469,2016-05-16 15:43:46 +0900
f995e303b5a82121fbf2ecc16e06541937a17fa1,2016-05-16 11:58:50 +0900
8d2bf407f5e462216eb84d193c300b46dc2817f9,2016-05-12 22:29:43 -0700
01d2fe2a5afbaddb3b87b98159279a0962c3a124,2016-05-11 17:16:30 +0900
0f4bbb60cd6c6ce22771a22683cfb544e25abe46,2016-05-11 15:20:28 +0900
45802ccfb4439a3aebcd2dc4469769bec5858a17,2016-05-10 21:13:23 -0700
9da3e0d26ed13b1ab89897c3ba36b0bc199c0028,2016-05-10 01:47:46 -0700
96b19f12c1cf461c83717dd9817b685eee94a323,2016-05-10 13:50:12 +0900
34c5d5f24c48683f59925cafbec04a832e532753,2016-05-10 11:31:26 +0900
7f9c4c950fe28de7df6662a947733c7b8abeecb7,2016-05-10 11:25:43 +0900
fafb70633a712c3f1147f1f7dc4e1252e8ebd5a5,2016-05-05 15:08:53 +0900
0a2535e677e192574221aa0547b4cbc1027a7c8b,2016-05-05 14:41:36 +0900
c156e5c936462857d26920b3c5863c9d38b3ac62,2016-05-04 18:03:22 +0900
16cbf69fe363de82e17bbb26f39ce7efa23d6546,2016-04-28 18:37:58 +0900
aad78a4e7d8c2c2161bfb149e1d1343fb4352d59,2016-04-27 17:29:59 +0900
73ac4b87d0f7389b79be8a847e4215fc59befaff,2016-04-27 13:26:28 +0900
71193b218f55d33fad0f255386165b8c88bb310e,2016-04-22 21:12:58 +0900
552376a80283edf8ac974d55291c4568ba17fc96,2016-04-22 05:04:17 -0700
dc96f7e274b810a038f33613b07cd67467505672,2016-04-22 13:53:33 +0900
96507607d02fe993e26df5ddd2c5121897405d91,2016-04-21 16:24:09 +0900
4aef83a39adf1055c212df5fac8b9451e24315b4,2016-04-20 13:37:12 -0700
71d2825cd66591cd7f15f15fa74b0f000a5c2590,2016-04-19 14:01:45 +0900
fe3663411d3e77b58c1b4f2f5dc0cf12e2987456,2016-04-18 18:38:09 +0900
9afd9abe379cbef8c6ae2e17c19e280ed3ec2a07,2016-04-18 10:45:10 +0900
45100ced2c44e92eed1c24bc58a118e74f58d277,2016-04-15 14:33:02 +0900
36f691d9f782d915f3e2268997843f9f55ad48f2,2016-04-07 16:05:39 +0900
401f33b9c408462100e3714306123a8b13d468e6,2016-04-07 14:12:19 +0900
1e40b6ee7d2a2a9269e688f48f8c269e38c506f1,2016-04-07 11:57:47 +0900
394ce580b42319ff7bd9727f3316315d5cd27b50,2016-03-31 10:20:45 +0900
4046310a17100136540e9c1a3883aff8104e855e,2016-03-29 16:38:30 +0900
49d5920242581d86c292dca3f9263bf6d2a607a7,2016-03-28 19:51:40 +0900
8dad551ec54ee33f40bc355376ebcb4b370a5ada,2016-03-28 13:06:51 +0900
68263585296e30f93e541c36908a652df7398b9e,2016-03-23 10:39:59 +0900
9fcc9fd3af4479c3042e4907938b18b6e264b500,2016-03-21 15:22:29 +0900
dbaf9725a7063ed4185671a3beda436494a00bfd,2016-03-18 11:27:10 +0900
17e61bd6917be93a5486c861f61e8ef2ab32ab29,2016-03-18 11:21:26 +0900
d25bec87ac0fe9c819cbcf79e823222fcdad239d,2016-03-18 11:14:00 +0900
ae707c82d7aca73ba58bd4288c40e6031e617202,2016-03-16 11:20:17 -0700
87e2a7a22122d3d70b2f3aa83b09c2539426fdf7,2016-03-16 11:05:59 -0700
823508d7901bee4ba1c43cc24665f6c50e518534,2016-03-08 20:13:17 -0800
f115833b9ff97a178febf3753f516888a3161af7,2016-03-08 16:40:15 +0900
6942fa39900bfd6c41ffb305844101ab9ea4c933,2016-03-08 16:12:09 +0900
7b0af74483521615f302d2a3376556dad325297f,2016-03-04 16:12:16 +0900
fdb76ed2c7c06e7a9b43bbea18e202586b88606a,2016-03-04 15:09:10 +0900
0d94efe0fbaea5a8d9eb042b912d0713af62bc16,2016-03-04 11:02:05 +0900
1138784fbd1e3e7b34ce616bd308250ef59ab859,2016-02-22 11:03:29 +0900
7a9a3ec47bd9793f006aa93c97b10f0ab0383c67,2016-02-19 14:34:56 +0900
81ab265fdb77a2eedc0c9b4dccc2826b461daf56,2016-02-17 14:19:23 +0900
294104d2805f8c8a18b92f9255403e73ae5fabb2,2016-02-16 17:01:06 +0900
704a61ccb58452389ae993833b216add0ce8f397,2016-02-16 11:36:13 +0900
df2b08033f1d87ac6cee85f8d4564d57533403ae,2016-02-15 17:28:06 +0900
d73f129b4b2de5d753697f697c927b743db695fa,2016-02-15 15:51:30 +0900
4743c6ea3e2dfef8f27ee172bdcff9004bc7640b,2016-02-15 15:08:44 +0900
ef43dfaa5a69de8d1f3df3c23598d7b92758bacd,2016-02-15 10:59:46 +0900
ea1818ab93873e652aad6059b21585fdd4b0054d,2016-02-05 14:26:24 +0900
2fc99117f5fe45f0d8cdc862601cba639da27956,2016-02-05 14:07:59 +0900
fc55d2c6c232b8de398ee7f34a616afd8a002fde,2016-02-05 12:53:01 +0900
5d5f733e904c47ba1dfbfb98878b5f2bcd02bfed,2016-02-04 17:49:07 +0900
041b309602a6e213d27a0e903d9c230cd8d4299a,2016-02-04 11:17:34 +0900
74668a2ffc80016c87860b217bd5e100344e745e,2016-02-03 16:05:58 -0800
6717e3d1f4ff234bbb99da3224978693355a6221,2016-02-01 10:49:14 +0900
6debe7f8a292374f06861c7464a1dab20aa088d6,2016-01-28 18:09:01 +0900
a3b347f99c975f78a1cb6d6ace65929a5f28e091,2016-01-28 16:25:31 +0900
06a095f068664ae08b7431e4217428807ca5cd8c,2016-01-28 15:53:25 +0900
e9e7a36c7b1814755e22a83e81c8ab0604064517,2016-01-27 22:25:44 -0800
73a43d8b7bdba7c3963efd9df87f6e3d3a703cfd,2016-01-27 14:18:21 -0800
3cf7f24bc1133d3c0df1ef6031ce075bdf97fb7f,2016-01-22 18:36:09 +0900
dfb308fdee3a5aeb5a354dcfa1c8b65fd65a1c1d,2016-01-22 18:20:19 +0900
4c7c71f08a9dd2fc7596907a644c8771ccd70923,2016-01-22 17:57:29 +0900
b8b7066a23d53dbf4456e15a0a7dd18162cb8254,2016-01-22 16:04:20 +0900
1fc670cf9f92578a4a33c65f0b19f4d38958b033,2016-01-20 19:30:07 +0900
72ebc43d6e685dad58b2bf238fae12e51c8dec96,2016-01-19 13:33:19 -0800
6c87e8e9daba0a934c6dbba20b361788e42f2cda,2016-01-18 16:08:43 +0900
1021e7502d5cf23f417af29698b05353ea4ac926,2016-01-18 11:24:17 +0900
099c2cd837c71bf0d80a13ddc6e5bff8e5c8e3ae,2016-01-18 11:02:25 +0900
845e7c35a5eb96b6c70375ee288324c0cb052226,2016-01-14 23:07:47 -0800
0d434cdba4eb08bd1a0f394866b40345bec880b5,2016-01-14 09:50:00 -0800
869dd2315af7475b942cd0162f306d7b518542d3,2016-01-12 14:42:35 +0900
f62d34beab7fba2da6a54ad88eb37fed093c37b5,2016-01-12 11:20:14 +0900
64c31a226339d981c17fcd9778446e702db205f5,2016-01-07 15:23:51 +0900
7f4422473c135a9eeedecacfd386f374f58cc39a,2016-01-07 15:16:35 +0900
9c14dc3ad794ace2d2ab46c0b0185f265cc703bf,2016-01-06 21:59:31 -0800
5853b47b4211bfd5437653eab345c1fcde6259cb,2016-01-07 14:47:00 +0900
84ff9272e977ab45c8be6f9a5ac1a6b846084caf,2016-01-06 16:57:15 +0900
f44f92fb05cacea0bc78245220ec9ae1d24c55be,2016-01-06 16:45:48 +0900
68dd960652c754a6cbd41ac68065eeca74522ed5,2016-01-06 16:42:56 +0900
410a53c980605a5ecda1b3e4619ae1489849b5db,2016-01-06 16:35:28 +0900
f9825e71bcfca9e187206756d369ee14bcb9be2e,2016-01-06 16:23:07 +0900
62cc6f686021c91c85edcde00383297b711af248,2015-12-26 00:27:29 +0900
1f9ae1da0424731567cea18e975c47d4479b0ae9,2015-12-24 18:17:56 +0900
e8ee7f2bf4d7cd3145626ab1383c9c53c566222b,2015-12-24 15:26:31 +0900
34508a76db5e846df8271d2c8ad3ab3275d2a33b,2015-12-21 19:16:49 +0900
c577102eefa941e1b9ba3d36f4506431ac865e3d,2015-12-17 00:26:13 -0800
d306534e9a5605b5b6cd1c38a670ec4942c82a1a,2015-12-17 15:01:50 +0900
1515e388a764a55b7b37ce2c23ddfab21fe8115d,2015-12-16 19:12:39 -0800
cc1efb66d2945a371a698de22e1e9e493d74889a,2015-12-16 16:22:12 -0800
67b50f2f8563650bb487642fb1ff2fe48ea1e8db,2015-12-16 14:53:46 +0900
afa9b432fd357a2e958ece7917a7704aadb9b3ab,2015-12-15 15:46:39 +0900
bfc70203b6a938013fc67b60016e677558d0ad58,2015-12-14 00:41:31 -0800
2aefa0dada15fbfe1f2c45534a160521f00c0758,2015-12-13 22:18:57 -0800
252c311eae4e763f58cd30a932bb9eff0e9392e2,2015-12-14 12:40:00 +0900
b677b988fd6ddda3516f4f9f3298dd7bf8f5d99d,2015-12-14 12:37:15 +0900
394879e0f01273b2c8a66aef01d6cc313a5e5f3d,2015-12-10 15:46:33 +0900
3d59eebd57c3af9809a7ea9199472925904ecc1c,2015-12-10 14:30:22 +0900
b1959116a7c129bc7de4156c366c81cebc14958a,2015-12-09 18:17:38 +0900
c1beaa71c0406d8afa86bde4c036e9a4b55b16b1,2015-12-09 18:05:31 +0900
5d6c1af954443fefa07767c476821bc6f8bb902a,2015-12-09 15:46:20 +0900
17af809cc15c5cd43a4547d733955432f38c4c3d,2015-12-07 14:08:05 +0900
ee6c2b5fe75753ea0b5b54e833e86e368b7ef3b2,2015-12-07 13:49:50 +0900
c770fe75caa44887ffb2bd17ad1d6b627f8e643e,2015-12-06 02:16:26 +0900
4b53643d47f9afbd8ec52db9cb7d7fae8b03875d,2015-12-06 01:56:06 +0900
158bf1df931d92fc937e53af96ea382055424643,2015-12-04 00:22:27 -0800
80218d03dffbb16eaaf8eb8b82010c3e98e617d5,2015-12-04 11:37:24 +0900
0ec2a890c73c79944fb6a0233226c00a0d0b06d1,2015-12-02 23:54:36 -0800
f775d7d29d2a7cc5fa7a8e9753548006fac8719f,2015-12-03 15:49:26 +0900
e8dc34375d4fac329d5e79d17a221af007de814e,2015-12-03 15:40:07 +0900
8c8048a44cb63073a1a5fda1a653e239558b96cb,2015-12-03 15:12:26 +0900
8d513a5e8c8c8d5b69ba9630329736bb2bb7b86e,2015-12-03 14:39:46 +0900
3852ae3d0d3fcb30ebff73f087ce34f3e1fc5bfb,2015-12-03 12:29:09 +0900
f2552bfb9c0a3b57f66e89a9e635a0d1afbeebc8,2015-12-02 21:41:13 +0900
0af53d025150d7126fda2117e42a40e2e7f31fb5,2015-12-02 21:27:35 +0900
068c79e7b6df5539598fe68249c2196016c472f6,2015-12-02 18:23:54 +0900
ce44234365c585c1f1444aa2b00aaf12e96de229,2015-11-30 16:21:32 +0900
821fc172b93125170aed85aa6f9ff19a727999d4,2015-11-27 12:35:20 +0900
ee7279d237b17401a144778a1bcbf9bbccf220f2,2015-11-27 11:53:51 +0900
e52c33089608f6621c590066d429bf11de3a4843,2015-11-27 01:42:31 +0900
a1e852b9fba64e9085b704792293647dd52180f9,2015-11-26 14:03:38 +0900
492588d62e1f1300854e51c61b79c4e875d7f15a,2015-11-26 13:57:43 +0900
550c0189b9ac06f20d4ef70feb7ef743c0b06d0f,2015-11-26 11:57:02 +0900
4e0a7a33cb055a77f6a29f1e7520d6344616ec7b,2015-11-26 11:19:12 +0900
0dcb702a0b92ce0585a788c0fe49a2ef5bcbb79d,2015-11-25 17:36:08 -0800
149a44d85c5bcd7677dfd5db3a3d39644a4c8194,2015-11-26 09:41:20 +0900
8457d85a3d138f62dd7803ea1aacc7bffdc66cdd,2015-11-25 16:24:03 -0800
b3d4a34029acb6edca83e3a41422c914dfd88ee1,2015-11-24 20:37:08 -0800
8b2fe11451c432b58f48a0173e433c12865d5a8c,2015-11-24 20:34:18 -0800
0be254c8bd5de1f992bcefb129b0b02904909f0a,2015-11-23 16:54:45 -0800
ef682ccc9e3b187ccc52810eac184ad2b149c4ba,2015-11-22 00:07:01 +0900
090ce1710ffc8b6131f942af3b77cc6ffdd0ba40,2015-11-18 21:12:25 +0900
a2a5c14e412cfab316c87bfeadcddf11e6391e08,2015-11-18 15:23:13 +0900
4fd1739d491f547757eaa9d26e37a496eca02d92,2015-11-18 13:53:30 +0900
411a26d5d45fb466d4c3c22806c67aedde14b623,2015-11-17 12:00:43 +0900
10159c7f84a203194e7124a5cbbcbcc6ce2f9b95,2015-11-17 11:28:14 +0900
74bde9c640053ebcd212a987310d5dd172a0f776,2015-11-16 18:49:10 +0900
011fcd922d0a809e8d6d88de441594fd13f649a0,2015-11-13 13:37:39 +0900
ed660379263add03f50fb68016c57ac40e5897a4,2015-11-10 18:28:02 +0900
8ad250eb9c81e6dec204bfddfcca85cca2937b54,2015-11-10 10:18:28 +0900
254c923944a4859ca1f5180c122420c750c8154c,2015-11-10 00:21:02 +0900
46bc8bf7901ca124c76a6c1cfb0c3b161c8ad7d2,2015-11-09 19:08:25 +0900
e84df9ccb1d5e30a08de136efd6f5842b2555a16,2015-11-09 19:05:38 +0900
68d2c702074660bf45f60bfaf0b0bff1fbe7d5d5,2015-11-06 15:11:14 +0900
6c3ae723f4613d36d05a76d01cd394aa788857ba,2015-11-06 12:22:33 +0900
3b0b68375245c5123f9891e0f25bcbe15e9a2a20,2015-11-06 12:11:48 +0900
c6ad554e52355a0604c8883cf02bb1579214b42e,2015-11-03 09:42:52 -0800
e5a01e0935e7816fb89a3a2c7fc97630e1d226d5,2015-11-02 19:03:15 -0800
3224addb3707855bb8326157e873a3faa0761ac3,2015-11-03 10:34:48 +0900
90cb945accc7c23282e0603312c954663df8f06f,2015-11-02 09:54:46 -0800
0f1e1df48aa3d393764b172b42a1458f3ab8a2ae,2015-11-02 09:40:41 -0800
4189f91d78e01d2a9524b44990093db4c435dc17,2015-11-02 18:45:49 +0900
f4abd4e993f149b8d796da43d2dfdb47d1701dba,2015-11-02 18:34:53 +0900
3ca900d7a01b60f689d8ecd411e30b7e36620d80,2015-10-30 18:02:32 +0900
690bc0974234fffb6657d9be003d8516faafe03e,2015-10-28 15:31:08 +0900
c865074eb05c078ddfeefbc33886b0cb1d10f13e,2015-10-28 12:11:38 +0900
94d005532932c96ed357a5d1d25dfe26c60dc8ce,2015-10-28 11:57:06 +0900
8491b5dfa1ea000f75fcb2d4db4d0f53fe34fa36,2015-10-27 22:23:15 +0900
6947bc5a9f3e8590f1177c64354e5646b222c56d,2015-10-22 22:33:30 -0700
a89b52337ef7d7c728e071766ccee6436ccde6a5,2015-10-22 20:52:55 -0700
ab0d0948966ae905bc46419a164fa672af813716,2015-10-20 23:33:24 +0900
1842ee194b2dcb295ebf875a6193e295ac3974a8,2015-10-20 16:50:04 +0900
f29c007a97a30a181062fc3f725511111d84733a,2015-10-19 20:32:39 -0700
0006536bdee8d94ed319187360cd300e6b20e0f8,2015-10-19 19:16:22 -0700
a647f37c967cf7a8e49a0bc02edead43838e5b13,2015-10-17 11:50:17 +0900
ec1337ff22c1aaff51918f786ff559a2cd8b6f29,2015-10-16 15:40:30 +0900
54bf51678e883583964bde6a405adbbd9b343f6a,2015-10-15 09:05:55 +0900
f8065b960848f93af75462c4237968ff54d65d45,2015-10-14 18:20:44 +0900
a74134d33907f2b37b8617921e56c38cdcebf934,2015-10-13 21:10:29 +0900
2aaa991c9998b600bb9027d791e6f9de3bc3f8ab,2015-10-09 11:04:15 +0900
5d470bc6001bb4fe096d7a8d221e51c18c683899,2015-10-08 15:21:11 -0700
ccca8c6876e6b352522fba50fa834eae731a2adb,2015-10-08 18:44:44 +0900
b05ade6a68403cb4f075eb5c2cbe0c4f69f98cf5,2015-10-08 17:25:45 +0900
145c17f74b08877d19800b8e4da63a788f0021df,2015-10-08 17:21:39 +0900
51198d0407e868ee788ea36a458642eebcef90c0,2015-10-08 16:35:29 +0900
21c44800efa4cc9f8866be86f5effc9b344d845f,2015-10-07 16:08:13 +0900
829d83ac5d0796e5d56a264817d9dd434dc4c52c,2015-10-07 16:04:48 +0900
6dc1c55571c44761551675cf95820f120c6ad2f3,2015-10-07 14:13:55 +0900
f7a3fe0d642e6016a99b0731b1d8d56ef81eb1ec,2015-10-06 21:54:33 -0700
1e149127d814b2d3f60b126238d702ca500a0c61,2015-10-06 21:40:26 -0700
513aff422aa362ed5bc485274fba837497a9f11d,2015-10-06 21:35:36 -0700
4bed490dd3a60033f8d5fd742905e310bb0986a6,2015-10-07 00:45:41 +0900
356c48efa21a1e6b0c98791ccc3578393d96f5ff,2015-10-05 20:51:32 -0700
dd16f119c200b23e23e6859d6adf1b3e630bc825,2015-10-05 22:24:14 +0900
f32804742541df21711d587223939c0de010a484,2015-10-05 17:19:42 +0900
8ae851cb3f1d6b13bdd9acca713727df866bd8ac,2015-10-04 15:31:38 -0700
94197c38a5d2bf053f5bebcae4c524e8aa1b552e,2015-10-03 09:51:59 -0700
ef94bb38d225deaff2d1eeb3d916fbe765412c3a,2015-10-01 07:29:29 +0900
4564c37fa7a54888424134d75ec06adcbb8c10c0,2015-09-29 23:07:52 +0900
3035b0143d1900439ac186480a748f36556aa72c,2015-09-29 19:03:39 +0900
67c4541ee43d00a1418919827cb9065ecc541170,2015-09-28 14:38:45 -0700
72dd1c025fa0fe54a0161c26c01e2ae5d03d8bcb,2015-09-29 06:17:29 +0900
54e848e56b6194974360564fa147c9463dfa94f8,2015-09-29 06:08:30 +0900
cd01b739dfd0fd616e7dc75efc132793a30fcfab,2015-09-28 11:34:00 -0700
dfec6a07f6ec4529451b47cd4258e04bbffd1a9a,2015-09-25 01:56:26 -0700
bf04b56c52a53d6465d0eff97eef3dcf9b0187e3,2015-09-25 01:59:45 +0900
d8b99cc989079ca4c969a33a8c4998c1df94874b,2015-09-24 07:33:08 -0700
b5aacb917b71ae610aed9d0aa4eb76888ccc804e,2015-09-24 17:52:02 +0900
5af330d228991b9a2a7a9ce49979fd6feb84d464,2015-09-24 14:36:33 +0900
5defb26c436a199eb690a98f9e0366b32e9acddf,2015-09-24 10:38:41 +0900
20174415cc36fc96235940c5687972046c4a0634,2015-09-23 00:08:49 -0700
aa699c70943f7563e77f5828683cd0399998a0f9,2015-09-22 21:25:07 -0700
1eb10045908a8c5c6304e10379fa08a68bd61dad,2015-09-22 19:33:32 -0700
5a15586139c5fed29b66cbfc03b54e0bed09f5b7,2015-09-23 10:12:15 +0900
4a9628858ee5632a2eaaac1959645689e4189e20,2015-09-22 14:04:08 -0700
cf3eef92ce30a956900e8247d5e485bd325ec160,2015-09-22 13:35:26 +0900
eef7878bd3d82dc0468e3e977e43a46d3903781a,2015-09-22 12:02:17 +0900
08def97c45140d8ffcf50eeef989e2b5760a2195,2015-09-22 11:27:26 +0900
21b4797e2eabb08ce99af7e206a80f2641b0502a,2015-09-21 15:05:15 +0900
8f00bf7433e7dd99d843e9c97894bdabd81ccb50,2015-09-21 10:34:06 +0900
de1b7d42d0afaeac6cd8e1c51f9bd3cf664c7e3b,2015-09-18 21:46:18 +0900
024b3c3dd4678e95abbf3149fd021b95291dcdf0,2015-09-18 21:22:06 +0900
61b6ec8e6baa8792b01e4e8f1de4f58f05134105,2015-09-17 18:33:03 -0700
aca5593a7bffaca782c3e95b3805a6df7be7dfdf,2015-09-17 07:14:14 -0700
94709cbb155fb036b8857b27a5e6e8b9c7b04b44,2015-09-17 06:49:13 -0700
0e4ad5635be05bdde8dac5feb6c9a85fb3cf0e06,2015-09-17 05:40:58 -0700
e1c2d352e15f67d148700fe61d78a37640341dab,2015-09-17 18:56:31 +0900
b0c0a390e3e774c4004156ad0027cf8d3de4c876,2015-09-17 15:34:19 +0900
616414a519c6c5368f0aa262411c35404c1d0df8,2015-09-17 12:36:01 +0900
78fee98db2c989135a75d88e138f17228aa2fb14,2015-09-17 12:29:15 +0900
8ef49f0186ce813d44ba997b0fdde91497c87cda,2015-09-17 12:23:20 +0900
b68329101b412649149f261002c53a45f2711d75,2015-09-17 11:02:44 +0900
9d59e06b185061ed2b116c00f9e51eff2d2af93e,2015-09-16 08:05:53 -0700
8763d42b90c5078232ac09bda479f97667ffb143,2015-09-16 07:34:50 -0700
8baaa481ee6c627b88ecc21097aaf51f571c4e14,2015-09-16 12:46:18 +0900
a6334e989e43f9aae5b8c65428c99249d2f77a1d,2015-09-16 12:38:48 +0900
7d97284a97a1ca7338406ef70747af4993329f02,2015-09-16 12:33:10 +0900
59fe6784187a5940622c52f537844f235d1c5b61,2015-09-14 14:12:32 -0700
882eaa66a2a4def989e39bd9bf9f64e92a833abb,2015-09-14 08:48:49 -0700
8bbd51df292e4d74c95a54cb610754e1d6d77756,2015-09-14 16:30:03 +0900
fb5da6647f0b60b4cc1d353e3cc3fe68a617950f,2015-09-13 21:15:13 -0700
738feac8e2c4a2e1d638ba0a96353ff6e76af3e5,2015-09-13 14:37:48 +0900
60d8d4bc80444402c2b4ad61644859d7bda8b380,2015-09-11 14:45:11 +0900
cea832acaf36398ddf32392d7b13493911ba6014,2015-09-11 14:36:31 +0900
cc6917804a090c277ffe3ad876c59f3f489d9df1,2015-09-11 13:52:05 +0900
f5fdc240e9c915df98f7d05e3505596999e95e73,2015-09-11 12:07:02 +0900
238f0b3662b919e9b20bdc0bcda647c0d0650ffc,2015-09-11 06:17:43 +0900
508d17a2d7fdb3f5ac9a9dabec46b6ec4e5fb1cb,2015-09-10 22:00:00 +0900
fe99e0fff2fcdd0d0341d2f3d22b5d03fa4bea56,2015-09-10 15:34:48 +0900
7f7f4d1195ad0d0b60059d9729f318556ed66a10,2015-09-10 10:01:51 +0900
bd90521eff872355b20cc8e2da7bd23d459a2623,2015-09-09 18:42:02 +0900
745818b7f921b2b3bc400cdc272526e132ec4ac9,2015-09-09 16:59:07 +0900
1cdd018d92f0400ffbfc09d07a1dfd18d9b13d87,2015-09-09 12:47:21 +0900
c66d0b4708814ed8f7a1ae530338e1fcf87caddc,2015-09-09 12:36:36 +0900
bdd8e76855eb0a79f22c67832edc5ce535a1a938,2015-09-09 10:51:25 +0900
a460978d996f95259b2935d479ccfc676b141e05,2015-09-08 18:22:24 +0900
b3a65b5eb3cf4b2e8f1e4c3d66795bf6011fffa2,2015-09-08 15:48:36 +0900
8a27a43ffe13c3b72d57b66f5fda82d6bb75357c,2015-09-08 14:10:57 +0900
579e9de810f65e6f657cb0abc7300af729149191,2015-09-08 12:16:19 +0900
52161f8347ac3c94e2526cfac710691b32d97ab9,2015-09-08 11:09:47 +0900
b1d08f8961f6d9fb40b7b7993230a8c6e85127f9,2015-09-07 23:01:19 +0900
c0e193d71ba3bf478d352b0a341d12ac6c8ac1d2,2015-09-07 21:18:24 +0900
da40cb080facf468510392e6399a38acdf0bdffb,2015-09-07 21:13:48 +0900
8db6928a47a044f83c30027a2749906d2797a030,2015-09-07 20:12:31 +0900
33b8893fe99f412e39e6db7b22c403f1f452d024,2015-09-07 15:58:34 +0900
6c9ddeaac9513c7c332b9dc264e1c738edb796b4,2015-09-07 15:01:50 +0900
fd4a3f80c8adb65233ff3fbb1b99dd8585d44a7b,2015-09-05 11:08:32 +0900
ea4443d8df6ffb02e328304dc5681dbd54f62501,2015-09-05 10:55:23 +0900
7e0a4a1e4686314feed22c7a352c9c70ef8a0e40,2015-09-04 17:52:22 +0900
d794c1d7b0825a50522dc20aa77a284c2f3e4eff,2015-09-03 22:33:53 +0900
688bc5c1111054cb486cdc915edc8fc0097add4a,2015-09-03 22:08:08 +0900
3e8f4a0307cb857434e8a0c6415e39453f97cabe,2015-09-03 21:51:46 +0900
3a30f45c7befca5baf1aca59eda76ad8231ba005,2015-09-03 21:44:09 +0900
8c50410dcf370290982719f8add9aad814a5d4e0,2015-09-03 21:30:17 +0900
22ab1cf974031bc58d2ff1a6d34102c0c4997184,2015-09-03 10:11:54 +0900
ace0480feacab917e6c73dd37314994050ab6207,2015-09-02 18:26:47 +0900
f2c434332822fbf53d9b22810509baf5c9718e56,2015-09-02 17:04:13 +0900
2c9305add8f7839463c689f1c68660153c3845e2,2015-09-02 13:21:11 +0900
77dc88c074646c2673d11b1c026b33ead2640d1b,2015-09-01 18:55:20 +0900
848a8c3d58fa219dee09baa808191d65fff61ffe,2015-08-28 01:36:55 +0900
4be6746102d026dcf47b12a0548ddb15f33bde3e,2015-08-26 18:02:20 +0900
1a7c353c203b10b28f028a3fad44eacb2010dae1,2015-08-25 18:20:12 +0900
cb6fe80760c60ca6b89dc7b46a028c71c407f37a,2015-08-24 12:52:32 +0900
45ca4993db3659206846b8815ae9a4c091ca0c36,2015-08-22 00:33:09 +0900
f21d5d677c2ba1b9c493498ecb512d1ddcfe2221,2015-08-21 12:33:29 +0900
0b59a93ba534434501edbc1bb2c2282f407239b7,2015-08-20 23:31:12 +0900
65283b541b7bd4779cdf9b32cc794f24c3123adb,2015-08-20 23:15:52 +0900
e296a0d1f0696a52e95d8b34e016d7a272c9a1a6,2015-08-20 22:34:35 +0900
2d2f192d78249d8acc812a1a3d08f5caceee9208,2015-08-20 15:09:19 +0900
5852cb3b9c1c1786a54125f596fc5ab48c0a34eb,2015-08-20 14:55:48 +0900
044455528baa8930d5f00cc05248d6c250016e79,2015-08-20 10:57:04 +0900
f057343ee037d4f9ed51cd2b791fb0ce438c20a5,2015-08-19 23:54:50 +0900
9ddda140587e83f849bbd78d7cb79d31952df641,2015-08-19 23:20:24 +0900
de1ca380e599ec01a8dae673c36b496c5850c446,2015-08-19 23:11:29 +0900
2a850cfc5adbf48f982b63a79e6b759d16ef425b,2015-08-19 22:38:20 +0900
6f28fa58bac658be2b9b659276245eed1d86d5e8,2015-08-19 14:09:11 +0900
b4098353d142c84d5fa881b25b8334650212ffed,2015-08-19 13:03:01 +0900
57be230e921ca93029181a9983684d2fa80f8f06,2015-08-18 16:53:10 +0900
ca7e3fde0f272add2e1db621bc4160804f3d089e,2015-08-18 10:53:12 +0900
175f3f01684483b60c6afd48a0f50f1c3ae74953,2015-08-17 19:01:19 +0900
384aca59f32dfed2287726e585f387bef4787daf,2015-08-17 18:36:59 +0900
41f75332ccdb6cf9cfd55d4698e59035eb7dc688,2015-08-17 18:34:32 +0900
39cb27d44777997a9f91750c97e6fb5eb1b6a8e7,2015-08-16 21:33:06 +0900
c9f61e42d406cf4b0dba70e399384843a78e2d09,2015-08-15 22:09:01 +0900
a4106883dda73802548dc867ba25e69df630dc9b,2015-08-14 23:20:15 +0900
ab60d02e14cfd9e774abfdf27f72c582ca952b55,2015-08-14 13:31:04 +0900
042c3e882fbb45fffc6fc2988588282ed085614c,2015-08-14 12:33:46 +0900
f0ab0ca208a341625bc0334b061d63c6e0960194,2015-08-13 22:35:04 +0900
9114485b594b89616f240267fc3b3cf5d2a02370,2015-08-13 22:33:19 +0900
903151eadc457ed7f29e96ca3acf46e73324d844,2015-08-13 20:50:20 +0900
fd6a95180ecfa05df7cd0b1a8a957057c9788ad6,2015-08-12 18:37:57 +0900
5982cf1ff31fedc4ad889ffd7e209907f0514dde,2015-08-12 17:52:18 +0900
7d060837703244c40eff5c1e3b62f165de0887d3,2015-08-11 18:22:19 +0900
080bcf772c10e868f363d80f326d91b56a4e9f62,2015-08-11 17:33:03 +0900
45882b62435489bda580cff655525ba9c214468a,2015-08-11 17:26:52 +0900
caf8cca94699a687f28e7fcf2c8f6efb67773983,2015-08-11 13:49:43 +0900
f87f6672991cabfcb80332d0a0fb9869751ea665,2015-08-10 14:28:57 +0900
f868c0e237f7523f429d0196e67652e980ca5907,2015-08-06 16:10:20 +0900
2056aaa8111cf2ef81fc4c71fd7c085a59a043bd,2015-08-05 16:19:12 +0900
68ecc098528949812b5037baa3afc51ad27b5225,2015-08-05 12:15:01 +0900
a94936ae569983bb89b4a5270d0203d7b5e591c2,2015-08-04 18:05:40 +0900
89892d0bc7b8bc5ff6cf188c0ca151d003a6df85,2015-08-04 18:04:21 +0900
4253f1b60429adb9558f0b7b194754557eebcf15,2015-08-04 10:29:21 +0900
08efcf279140b4f5bd0e5aca4de19e792fc961a9,2015-08-03 20:33:17 +0900
d8ce5626342e64bf02be92905e8ed2a147ef85ca,2015-08-03 17:17:04 +0900
1be0e66b298bd969f331719d71785655839810f7,2015-08-03 17:06:02 +0900
e44bca79ddc4afdae6898f75f07bda0d3830db53,2015-08-03 15:47:15 +0900
bf8731921679bfd9a653927c900c400f334d801c,2015-07-31 13:55:12 +0900
d80c32b28738a69c3a512108e65ed5c7a3e3adc6,2015-07-31 12:04:02 +0900
00ccb8ba91f04ad6eca3a8348665ebc3b339d38d,2015-07-30 22:29:37 +0900
9840d378522ae921d32c04f21b3e0673fc9dd90c,2015-07-30 13:37:40 +0900
97e61e6f4e9ff1ebeac388dd22e139e1fd486e99,2015-07-30 10:24:52 +0900
18b898ffbab0462ae26c0cf374b119dcee5f1c6f,2015-07-29 20:15:11 +0900
22d2ba4db5c2623a1f8e77fb4028c923631f3536,2015-07-29 18:41:19 +0900
aa8969ac810e3341fb87b41e521f196e425ad069,2015-07-29 17:40:31 +0900
c46dc1a64f9528adc5f2a54db3bc6aa247252b84,2015-07-29 16:53:11 +0900
33f4b7a061d0b4f7867f89b32b880f686fe1dc51,2015-07-29 16:42:49 +0900
2950d8ec60fa769819b60e7e516387259b1491da,2015-07-29 16:40:42 +0900
ae9a8c9cb608c5f95d68a06e07e5969b8c9cf2d6,2015-07-28 15:14:43 +0900
59cb66fc40b78d1f884f008796b85312d6ae8c72,2015-07-24 18:48:16 +0900
c294d88e12216a0ccee695957d01b51d57edeb87,2015-07-24 15:45:05 +0900
a1d5aeee7241281ff64945b7d30399b9c76ad363,2015-07-24 14:49:03 +0900
009e8e5aee3a28cbfb1e380204bc65fe81acbea2,2015-07-24 14:46:34 +0900
bcec5eb7e247dc983184b37a3dbb4143afd19ac8,2015-07-24 12:33:06 +0900
61d1d33047f316cf032714e4dd9bd7e145cd9ade,2015-07-24 11:23:31 +0900
c2aef7d367859b3c6a08ef82c5024bd73bb5d62b,2015-07-24 08:17:40 +0900
fa063f0e84d4ce9cb7e690a50a6a269289052779,2015-07-23 16:30:54 +0900
3919896e10822929ead6ceb797acfc067137ef05,2015-07-23 16:11:32 +0900
6d852081e082803e833fd87e8b96aa51bf5e642b,2015-07-22 18:45:40 +0900
83228ce670370e7a8b2fa74c8683b8f1bd7b0ae3,2015-07-22 18:23:39 +0900
1706746cee6dc51f5013aa46f14db0fcfffd1728,2015-07-22 18:12:03 +0900
4820610f4a2a384372aaecf5212bd486c79a65b2,2015-07-22 18:04:42 +0900
e5b30e542a409ec0378a787c76f6387fd3ca84a9,2015-07-22 14:02:35 +0900
95f708ac9e0f723780fac259110ec8a737ecd0b9,2015-07-22 13:42:35 +0900
62534a8775ede8949b4b738b99807d4f7a91bd03,2015-07-22 13:14:49 +0900
4841c656ff06dbab76ca59240623f956da2f4177,2015-07-22 12:35:45 +0900
c50a5dadff90fa90709abbce59856e834baa4867,2015-07-20 21:19:00 +0900
7481050e3d75eb860590f3237aca210fdd98190a,2015-07-20 21:15:11 +0900
008940ccbd8eb85365c37767581e427d4ea6400c,2015-07-20 20:52:49 +0900
bdd102c8f7446c43404ec9bd81d576e3be9dc90c,2015-07-20 20:46:18 +0900
5d62c409af47074ca2112a71e201a3127cd68878,2015-07-20 20:41:33 +0900
4bfd693acb1a294c6d52fa28e7c61b77f0a2034f,2015-07-20 18:06:42 +0900
a06b5e56490116e345afc737de46bf1a4ed256a9,2015-07-20 17:37:51 +0900
5a02873d5f0bd8fedd8527808bd3d4ecbe7d8af3,2015-07-20 17:31:22 +0900
bedce3aa0ef3a3d337e7c054c9db0e3af2e15cf4,2015-07-20 10:03:39 +0900
a1a9d624d22d2e78d4726a69b27378da356281e6,2015-07-17 19:10:02 +0900
3dba8c7e6bc539b07b136b959aa91dc4402be380,2015-07-17 14:48:44 +0900
92e3bc1b899036084bba29abe2ea82587cb76c12,2015-07-17 10:35:24 +0900
9c99f2ba0574ef7f8df6a8546c0e38745e310b39,2015-07-14 16:03:28 +0900
2d7212c835c3faaee1004e1447644b722ec13c71,2015-07-10 01:16:47 +0900
554ce5b76e4ae95a6650eed0035a6c764ac30304,2015-07-03 18:20:27 +0900
d39c93eec861af3211d3ea12ae4cf72376252f26,2015-07-03 02:05:32 -0700
dc80608f47e301d923c8b89378989f24071f98ea,2015-07-03 02:03:53 -0700
fec596185e5471c73f77af8dbe7cc8f7a1ab1a96,2015-07-01 13:57:48 +0900
773c3eb94ad3c3a6bc3b8db7692a9a38a5f3e8af,2015-06-29 11:12:17 +0900
8f3215d12346d71808a43bf4e2a22e1edd8874ff,2015-06-28 02:12:11 -0700
f57d6c43fd201326fef2a695b1d1e798d0f814e3,2015-06-26 11:11:09 +0900
aa49dc4a8af9f836e44896c516d8b0cdb738e5dd,2015-06-25 17:16:41 +0900
2ec307d621828cc18627ef7bd98e9c3c6774c5af,2015-06-24 20:51:07 -0700
03bf8430782a1a57de8b8cdd397fecd61c0a4fe5,2015-06-24 18:07:59 -0700
90afaa468080d4f743ed2eee8326a38995900807,2015-06-24 17:55:10 -0700
d44072762cb0b8e6dbb989e598074d160657ad0e,2015-06-24 14:35:24 -0700
d0f37012faf1a8a3259210287e9bc7762ce62001,2015-06-24 14:33:34 -0700
7c8477dd3ac15188353044981746ecfef87f2f02,2015-06-24 03:05:45 -0700
b24d18f5b3cf9ed3c4a4a41bff654c965521542f,2015-06-24 10:27:38 +0900
0f7ff8f01170665000ac7d2edc1d28710de69af4,2015-06-23 13:48:44 +0900
fc92be782c9375b80c9cc4edfbb6cc8d7eb241b4,2015-06-21 18:11:46 +0900
b0df5e0df1be78cd93b60db014a51a6dc6fed02e,2015-06-18 19:32:42 -0700
ec46798c117130593ecbc0ec236ec9351f2aa1c3,2015-06-18 19:21:53 -0700
d926247dcaba0af8d810c54a7c668272c3c86ea5,2015-06-15 19:33:33 -0700
011de8bab375b01d8c2d07abebb6bf7ca94ae8c0,2015-06-16 06:43:49 +0900
dc4904987dc16164dca4ff37c1178698537201c6,2015-06-13 18:49:04 +0900
36da0dac7d90fa12b3d9cf11fa5b561a586e60ff,2015-06-08 16:52:05 +0900
dfcf41d6f66044b15f478bb22feecccfdf742628,2015-06-03 11:15:24 +0900
5c2aee2369ebcbe5d2691c346bd7cd4207b68ff4,2015-06-02 11:58:12 +0900
03294e1453586f64fe96458461f149851b443b42,2015-05-28 05:19:51 -0700
39fdadcf760729e3b933a033aec52aaeadd7ec03,2015-05-28 05:06:32 -0700
f4680a933149bb49237e145afd36d2dc18bacbbe,2015-05-28 18:40:05 +0900
c2725a779c9f80d60a906657aaa95aff1a48edd0,2015-05-28 14:49:57 +0900
f124b87e6701481a93299bd283b00778da65710a,2015-05-27 20:33:48 +0900
8fd9ae72c70b24c25eaf17d60a832cc7bd7d252c,2015-05-27 20:16:25 +0900
4f3a46c3646ca7a551916c57c980b2862a9dbb4e,2015-05-26 21:54:07 -0700
1872df94355bed50a3ac55ffd7632ab532bdb506,2015-05-27 11:04:43 +0900
25bd5cb44a03ee425b02e2bc2553f7d0f8affff5,2015-05-26 16:46:17 +0900
4b2ab61072031ee39565755c285ef267e9451b55,2015-05-26 16:14:21 +0900
bbfa076e1c2f379116d276d4b939fb757d798e2e,2015-05-25 22:56:27 +0900
c1fe41a0987fb8cc0decd6e40623c8a8725b05d0,2015-05-21 20:18:00 +0900
52641569e10207e4e2001467060f80ab34119744,2015-05-18 21:50:15 -0700
d261234ff1bc981c9f05b99650938ed2a9feb200,2015-05-18 21:36:52 -0700
4b1b7799d9852d8b75ccac00bec5543e1f0c859b,2015-05-19 11:06:37 +0900
3870a61b228f7c2dd3e3073dc033b03c248fab39,2015-05-18 03:09:17 -0700
5491f0e7507c7efa1b2306d4c1f1d25240e482a9,2015-05-15 01:48:09 -0700
36a703c5dc2c2257dfd52232f204507fb4b79024,2015-05-14 20:59:09 -0700
f3acbdf5c69e7cf5a892ea2c07b9548c648cd64f,2015-05-15 11:47:59 +0900
d3ca4bc1e59539896ddcb3b1075433a79f713114,2015-05-14 16:39:13 +0900
31c4630d5d3ce0dee1df35491c557eefad15deeb,2015-05-14 14:19:55 +0900
6977471e486ec9f77c24e17b51eef71f99978f13,2015-05-13 00:08:50 +0900
53ed1c376f4969b5a2c54e30ddbd8113847a8768,2015-05-11 15:29:17 -0700
0d1bf41f3aff119af5d95270d735101a81d5721c,2015-05-11 14:35:09 -0700
70df3a8d2a5d6b6cef5ae233a546d8a405780964,2015-05-10 21:38:02 -0700
ddd39213d87fd76e9e80099e92010fd71b3d363e,2015-05-08 23:42:03 +0900
d9776b32df0ef79b99087310ece41277ae517e9a,2015-05-08 00:56:05 -0700
1baf8dce6521fcab041c2e94b1ba5eb016611bb2,2015-05-08 00:52:09 -0700
285b179067fcd52fa1eead1a4f4b04da3813182b,2015-05-08 00:50:17 -0700
e6e1860c8e83f9db6c4c094fe703b21d45d86529,2015-05-08 15:10:09 +0900
863e53eae091bb6073efb31a1efd8acf4ff88ea0,2015-05-07 21:59:21 -0700
2b4c1610d2e60dfc9c50fbfdac22e12870c17163,2015-05-07 15:30:08 -0700
fab63900cf44b61d571fb9c2982285bb8b669702,2015-05-07 14:20:24 -0700
9b3824b5f0c64af42bfcf0a6bb8d3555c22c5746,2015-05-06 18:42:29 +0900
04167bdc3bb04b53c5a245a9c18b6426ade82a26,2015-05-06 18:13:40 +0900
b6b9d46318d0aaa0346578b5ecf11b9d9ba74b0c,2015-05-06 12:11:37 +0900
475541057891518e08e5a18ebbbf916c1ad60c10,2015-04-30 16:51:56 +0900
9540f16edb0de1a66b016b8a7b65568cc2d64709,2015-04-29 10:52:20 +0900
9d73267cb308e1d4c2df60e1099322938f0559a5,2015-04-29 10:37:04 +0900
2e7d03dff9480ecb7a4e4ed09a5578ba618de2ae,2015-04-28 18:27:05 +0900
1971d85fce473da5cec407adecf89117253eca45,2015-04-27 22:36:48 +0900
b50831ffa66d94b67a419a95f81beed8fcab8ba2,2015-04-27 18:27:08 +0900
9acb3a63c455723651f2275c853a121c67824a0b,2015-04-27 14:47:53 +0900
50ac828a95beb7d09a4a0f9ae46ad182b2c269ff,2015-04-27 14:07:24 +0900
14340729b5039e20f170160ffe58b3c96a865c26,2015-04-24 11:15:32 +0900
4865a41141b6c79c35726369fd8422830ee73c2b,2015-04-24 11:11:29 +0900
2a5d9128702d5ef5ab16405c0e4f4b296fa1d896,2015-04-21 06:16:08 +0900
f072979fff681d57ece0ac64a867771bd64cd434,2015-04-20 20:34:12 +0900
044fd49a157424aef658d20025a9be094ff25334,2015-04-20 11:51:14 +0900
0a1a41d258b083810601fb5790d423a5763f5051,2015-04-20 11:17:16 +0900
374929d86ddf8f1bbe260b0d515b9db0507f1828,2015-04-20 10:39:32 +0900
1bceb0e11ae6626e0aa2a603fab984d16105c849,2015-04-19 21:12:05 +0900
1f72d11f1d2bd48e895cbeb8a7228a854633fe2b,2015-04-19 18:45:51 +0900
ad596bb1cf3948978a3233562638abdd34c969b7,2015-04-19 17:43:28 +0900
333b6f784a7f237752f5d93b9235b2468aea3471,2015-04-18 17:12:49 +0900
048af99fdd765fdcd0d3ab100a4773e89ca4efb2,2015-04-18 14:55:42 +0900
a7453853975dc8b5f4162ae16a1669aeb7ed995c,2015-04-18 11:57:24 +0900
14a1e536c2848dbb9e1a714076d833a7ff1f5640,2015-04-17 23:57:28 +0900
d2a4f9b3d668010d2adfddc9693efe4ef7d5bcb6,2015-04-17 15:42:34 +0900
955a7bf84ec44e2ae301cd5775760166da5fbcc2,2015-04-17 12:01:57 +0900
7b78668b7d90d268bb6065586fe880cda08571c4,2015-04-16 18:16:37 +0900
338a2b777854de0ed8344d3d1fcbc5276f3e3cba,2015-04-16 13:47:16 +0900
c42d4b3c5c5b6452a82a81fd51dc8e2f30e0816c,2015-04-14 21:01:29 +0900
7d720888fd02b44ed18738ac4da36866fac46fa7,2015-04-13 22:49:24 +0900
d57b16fe68986d42a143da87162d89a672aec792,2015-04-13 17:52:51 +0900
daf55ea45572494d996dad7cb3e207fbc9489102,2015-04-13 10:40:00 +0900
6136142e370d9fba88c88379f67033312621c10f,2015-04-11 00:02:38 +0900
db912712d338fa61472a0b78f304d1ce8cff3ae0,2015-04-10 22:38:15 +0900
67a3117d98085aa1ffc636ed4889c74f71609cde,2015-04-10 01:27:41 +0900
3363d9c4d68fe6edba078825f7cfb8463ef71661,2015-04-08 19:41:35 +0900
69895422cf2f770d897a8cbe554ea739cd091b20,2015-04-08 11:25:25 +0900
a1cf24815c286b58601d1c1a0b2f745c633e4a9a,2015-04-07 22:28:18 +0900
d160f6e189d4de6275e169a3e0fd74d9647481c4,2015-04-07 15:43:19 +0900
633109ac75bc8036e49eba8ea48c025fc0f342da,2015-04-07 15:32:58 +0900
72948b63a79cd8902381c3443699c887b2740491,2015-04-06 13:37:56 +0900
4eb8713326d5f049df577e49c1a2e629b3ee8096,2015-04-06 12:11:31 +0900
32b524d74f5e4a6a37a4b99c43830f8401fc9e45,2015-04-06 11:48:46 +0900
696d2aa7fe6a507209c5b4660d4c4efb934d49b6,2015-04-05 23:29:07 +0900
dd43373418b1857a1f694a08c06da77a86d3cfeb,2015-04-05 22:13:25 +0900
b0abff8e896d7985eaf1aa48d9c2ab3a45618f01,2015-04-04 18:58:38 +0900
70d5fdf86b14ea4242b3c98f8da826f80b4f4f40,2015-04-03 11:02:00 +0900
0a3a6b958f9ad348246729f48c6d13c9ef9d2599,2015-04-03 09:48:54 +0900
f4c9e54c88fb9e69023da2b0a74ead76ad2a6f8d,2015-04-02 20:04:27 +0900
bda2d6236df1db352206e831b0da93b31de701bf,2015-04-02 18:08:52 +0900
d6735fb929daf86df3c8adb729a4e64bce95462b,2015-04-02 16:12:56 +0900
6e7f1c7b0561c7299a498b81dfb6148883a76a0d,2015-04-02 15:22:37 +0900
7c2a2409032c1bcd1fa9c636f0ef49982a995362,2015-04-02 11:25:11 +0900
fdb098b9b71d33e65d6dc788ec9366533f3a3f71,2015-04-01 12:02:17 -0700
968633ff06b29101586286980a2099fc3dd4c534,2015-04-01 15:37:56 +0900
487a0e51af980eda1b00476cdc999f29b28cc8e3,2015-03-31 16:11:27 +0900
652e4db7965e6452ad2a9778f8383141bb63e22f,2015-03-30 15:18:35 +0900
7f7759331a9ac0e6513c5870ef9127218da1360f,2015-03-29 21:41:06 +0900
5c89130bac8229b0a51efcd6edb3dfe29682cec9,2015-03-29 21:32:09 +0900
373d53cb93ac98fce07c0be0a626c08a86cf113e,2015-03-27 17:54:20 +0900
b1e174eec4c15142b6fa518b6803579bb0788e8e,2015-03-27 11:49:42 +0900
cad54428dd803cdb8caf3d51a9ba7e1d83a99b01,2015-03-27 11:01:32 +0900
a01292f7e42966451ee333cd6d99ed0eaa21e793,2015-03-26 16:13:16 +0900
f9346e5093fdcbaab3927d192af25dea721b7956,2015-03-26 11:43:12 +0900
12f30c5856e46d56e217ef0d3f48accc878600f5,2015-03-25 10:25:42 +0900
3e9a2dd2ba86653ec7b90394518a1a700bd937dc,2015-03-24 17:13:57 +0900
d7b5212ceb569ba145318d78cff46ca49bef973c,2015-03-24 17:09:20 +0900
a9215852d4bf9e5d7a29598a992ef1884f098d4b,2015-03-24 13:33:40 +0900
8d0146b8d8f5eeac37fe3f531ce1362af3b20c2f,2015-03-23 11:48:18 +0900
3aaff387c29adf1949d0a6ac4f0d6d7c7388f238,2015-03-21 18:31:57 +0900
154f5b9e1c619ce4327aa055fb3ef02d6030fc0d,2015-03-20 12:03:19 +0900
5260c1e064e09f14b686144bdfc136fe76e01f4d,2015-03-20 11:57:42 +0900
797138e61bf692de455f0a38580793cd190f46d5,2015-03-19 18:52:28 -0700
e15ac7e5596ad03aedc1168e422099e1d0ee9a1d,2015-03-19 18:39:28 -0700
725448c5249cd8691ea167f595237ed7bcc22293,2015-03-19 09:24:55 +0900
a9ae3cab69526294475a771014e9c0e49c80462b,2015-03-18 23:57:06 +0900
82d44af32246c63a32c049292f0a229f16e85768,2015-03-18 11:47:57 +0900
286b956795a4dc2efb72c97896d86ed1049485e3,2015-03-17 13:47:20 +0900
0dc7d68071dcf7c9d01dde8ed7598ca422e4c50c,2015-03-16 10:03:10 +0900
e1e38e231867e4f6f953a7ec41f5f9d5ad242580,2015-03-13 16:55:25 +0900
7f0569555332665141e71141d7a736371d038509,2015-03-13 15:33:08 +0900
d8db8b776113ad67a8e52829cebb920793b7fca9,2015-03-13 13:31:18 +0900
f48d4bd04ec46b6678773209a3397555eb2ce24d,2015-03-12 19:21:39 -0700
6defbda966912ee2dd42197c2a82e94439b25bd8,2015-03-12 23:27:58 +0900
4a9da73c6cc6ff670f867c13d60dd951bf8190bc,2015-03-12 02:46:09 -0700
607fdea458a0763325727b99ee2a0687b29b5160,2015-03-11 18:07:10 -0700
513a8c3086b889d9b701d5c97eda3fb8c5453834,2015-03-11 10:07:40 +0900
3b9a2e5f287db3fcfdf6b0578c8184c47b8b3ebd,2015-03-10 14:09:22 -0700
13316bd26cbd7eedcc97c74f317ca743bd2eba5b,2015-03-10 12:43:08 -0700
69fd8d2a08ce7ec0d69c4f98a338f979a13aafd1,2015-03-09 03:11:36 -0700
f9d2fdefe87ad7145f49f287f59e4e18c5a86183,2015-03-09 02:11:31 -0700
14a7f82418d4169a43b35587f2b1154a13461806,2015-03-09 14:25:12 +0900
b839d372a46bf653854288872de5ce78bac586ef,2015-03-08 20:35:55 -0700
42ef0dc665db7bb806624b7fad0be9e943c1adfd,2015-03-08 20:23:53 -0700
6ba51c3cd3f20ce9c7e945d78b0cd2c4eaefc362,2015-03-08 14:54:11 -0700
f1aeb734a42dfe0ab756069e5380bb253e09b45c,2015-03-06 00:36:13 -0800
6e519bcf39a526b64e62d9957404bfd8a3888486,2015-03-06 16:32:37 +0900
1617fa9b4e99691499af9d62cebf2fe07b034a26,2015-03-04 22:26:00 -0800
398287908b8aad114b1852a7373dcb7a81ade816,2015-03-04 21:45:29 -0800
22876a825e9d19b0f599c342d4ae3902d85f2c4d,2015-03-03 22:10:21 +0900
64e47a401fca83bef46567631940ae206ebfb280,2015-03-03 22:04:36 +0900
f884e59a9862bafb5f85524ba4a98cab6e43d403,2015-03-03 14:17:34 +0900
c65bc3a298490b4305f9ac2031cd05a0ad116495,2015-03-02 10:43:00 +0900
862514d8ad044a08bed6999660e15ac8fbf01e75,2015-03-02 10:16:23 +0900
d769d7872dddf16c9e7618ecb8f69c4299f5e3bd,2015-02-24 13:14:00 +0900
fa20b6546322a8d4a7cbbe204726104c62890cc8,2015-02-23 20:19:22 +0900
7ca1e73bce7102d7bf84557cd785182c0383e7ef,2015-02-22 08:47:52 +0900
08f30345047ddf62dc51c33b9c350f08bf918a5c,2015-02-21 03:46:02 -0800
95d9cc455dd7d25da6dd0df709084d7346efb410,2015-02-17 10:51:48 +0900
dbf91f54c0bd9ee5a8d1ec7f71fdace1af868604,2015-02-14 18:09:28 +0900
161ee9ebc641f7e2ab326360b7fc26ab318ef72c,2015-02-06 12:29:37 +0900
42d79cf5b5dae99cd8af3b1244db1f709d4268e6,2015-02-05 00:58:43 -0800
3f336f500bd53b829467c9c7f6e3fe777554a423,2015-02-05 14:40:05 +0900
901700b26f6862738adf5bfc8cbe718cd6a19627,2015-02-05 14:23:41 +0900
5e024f947b441fb49f5740deab119867eb655795,2015-02-04 20:12:16 +0900
ae7862b284371069522a853df6a1db8249428644,2015-02-04 10:30:52 +0900
8ac868352a2a3e5c26cf438e81ef4e23af88dc2b,2015-02-03 17:26:46 +0900
02c6c266c013d8174a287bc57a6d4131da51ba96,2015-02-03 16:57:13 +0900
9ad117f07b30874685e58e28b76f8d0a2650b0f5,2015-02-03 15:14:33 +0900
e9cd25a6cdf9d5359d84703a63600c312688d755,2015-02-02 21:32:43 +0900
58bbb1bb424288fdb3e731374de9938911d8e0f3,2015-02-02 21:27:01 +0900
1e007595dc4ebbcab42d8e32e9d519e7cbf6f96b,2015-02-02 17:22:15 +0900
fd73074f2198f92516a3eb8f5e786d31c1c071a5,2015-02-02 14:56:14 +0900
e656ee2872e660d95c25e7b080064f44a8d9d01e,2015-02-02 14:42:24 +0900
4595375f7e6b62436e0d4bf88a8aef1ca680c726,2015-01-28 09:23:20 -0800
015913b7a7eec922475a67d9455457f229367af7,2015-01-28 14:31:34 +0900
b9719ba78ef441772ee7f5ffa44844627df95891,2015-01-28 13:33:01 +0900
c429c9710ff0c5791a17419d29a5fc7fdea60e4d,2015-01-27 22:24:08 +0900
d7ee6cd682769f4c56aa1c053dc0bb4071813202,2015-01-27 16:26:22 +0900
5ba8e383c61e6074e84dbd07a3b150370ccbaea1,2015-01-27 16:00:19 +0900
a15b5fab7b1475f5cb4e5eba842f1c4b17166b58,2015-01-23 15:40:07 +0900
17c6dff4e258d93e0ffaa1cc07368b2b5d8b8aa4,2015-01-23 10:24:59 +0900
0024c75e9a36c6c90ab168f002101725f753f945,2015-01-23 09:27:41 +0900
f80ec425dcdd8917d1408bd20f837de39e9f0c4b,2015-01-22 16:20:32 +0900
e22c1c57bc81e65af6a041e9f5afc9973ca70dae,2015-01-20 23:01:44 +0900
4d1006d56b7761500e16afe7be7826422850555a,2015-01-20 15:47:53 +0900
6f07cefd224c8da420ec7ec37974917993a05fc5,2015-01-19 17:50:26 +0900
9d749d6b798d8a3cfb5c11f0b6ad9e8f98c52fd4,2015-01-19 14:20:25 +0900
76ece8b874f4a0c5554e784d7bfcc1474b217c47,2015-01-19 10:44:03 +0900
1bf71f6f5b2b4dae01ed72c33e2c910804d4071f,2015-01-15 11:16:25 +0900
9553edc9ba0d6a0d4ff6e75b6be5d06aef91eddb,2015-01-13 14:02:14 +0900
d1a46c6b6e3d4f6c74519cffab1c0562640fb0e5,2015-01-12 17:53:16 +0900
bc478ba834e9bba768155faa53f918e495a74671,2015-01-11 02:04:29 +0900
c45d0ef02df1aa59bb54e0da0205890cc050fcff,2015-01-10 17:04:44 +0900
5d5b152008d25d2605008cd896871b69fd472833,2015-01-10 16:35:26 +0900
3308aab4b64d36b805b0b0e6cc282a6dce97f6ad,2015-01-10 16:27:23 +0900
9eac34fe3121b8bc6bbe1b81ca76852ddedb2603,2015-01-10 16:12:08 +0900
807868bd4d1ca1c8bd3aee33d31cca3d43dd2273,2015-01-09 20:44:21 +0900
50a8a663c2c95f14ca59f3b01ffd79b2578f7f09,2015-01-09 20:07:36 +0900
533601eac6a21251485576ba693635d1650b63a4,2015-01-09 15:51:25 +0900
03801a3129301745e16f0a7b40102a56e9d13389,2015-01-09 15:22:11 +0900
307c6c9f558ae96ffa2f7351ffa3dc5788ba4dbb,2015-01-09 14:47:47 +0900
809cba3758564acd4def17928f95de7b4c913c45,2015-01-09 11:00:27 +0900
1c29c1cb4bd0e2d75954575717cb5cf05875fe51,2015-01-09 00:31:54 +0900
a1e03289b35d34115a449ab7d81b946f69400210,2015-01-08 17:14:11 +0900
6582d8656a3e8147984a86a9e62688b52ec1f681,2015-01-08 16:18:31 +0900
7615b7576d2d40758f55cae3f4ea3346322cef0f,2015-01-08 11:22:18 +0900
54b2c645c454d54b6ef9ac1fb1cea621139fdf99,2015-01-07 17:39:28 +0900
4c7d8297076c54898ce45ecbbcfbc78a592911ab,2015-01-07 02:23:44 +0900
bc8e7243e1ed1b918f90e2ba0a18d4064ee604bb,2015-01-06 22:58:15 +0900
203a146b278a88853054bb6bd9ad7699e7268b8a,2015-01-06 06:21:35 +0900
cb9793b990f1c882e3371a44e6c3f28fe913c1a7,2015-01-05 17:44:14 +0900
7a1ac28dfd75ef584f3a300afc6f119d32025e9f,2015-01-05 17:31:12 +0900
c420ced1b8a9e777fd0d5558236050a4515d8a45,2015-01-05 14:10:05 +0900
14e7529e3a414766d5337919f377effaccf9ac4c,2015-01-05 13:55:07 +0900
9e329a5509b71fa412299169dd3c866e54f46c77,2015-01-02 17:45:46 +0900
5a97079cef13803a636de58e3e0bbcee568bc3ca,2014-12-31 00:07:05 +0900
021a6f0b216ca9f67a5a889e72d2a8ce81c047f2,2014-12-30 23:54:05 +0900
32be38d41affc498b01286938f3fea89a8def1a9,2014-12-30 21:53:29 +0900
6fde9e598b575b817e3086347b3ea5c2d700a931,2014-12-30 12:52:43 +0900
fd49bff19dd27262cc7abdd4bbf3cd0d5de14dfb,2014-12-26 19:19:45 +0900
4c713fb40464f651994926d3f56205e2e7cc2552,2014-12-25 19:23:53 +0900
533e709b75ab7cf8bc8a06b48870dcf2ebc8fe11,2014-12-25 19:06:54 +0900
db549655034c1eb79d8f5785bc00aeecfc53a593,2014-12-24 17:58:25 +0900
09cad22ee2f7c30a0f28ebe50e00612777e69c86,2014-12-24 15:07:44 +0900
c39ed5dc9e5b6ec80a87baf08d79fbb640fb886f,2014-12-24 14:40:45 +0900
3c833e2a8c3ff7ff8a2e1b4497afb390098856bf,2014-12-22 16:43:39 +0900
cf66a390060c79ba757097886703e30f93d31401,2014-12-22 16:28:41 +0900
a4c3484232e139d4d21d0cfb9c31e5d784de652b,2014-12-22 15:07:17 +0900
3413107469a3ce9eb9cf46b1ad3b81bbd4f97d9a,2014-12-19 13:00:20 +0900
b7c8cf7239483c6b44925175658f21dbbf252665,2014-12-19 10:10:52 +0900
af4083bfd337bfd6fe8278b0363c987d19088e50,2014-12-18 16:50:09 +0900
5c852b7984ba96cd60d528dd2086e2745cc8e3f5,2014-12-18 12:55:25 +0900
ff57c77ea6ea790a0689b59272600325e5b73345,2014-12-18 11:57:43 +0900
2548768cfed8f018727f6f054317b2adb4d7f485,2014-12-18 11:43:06 +0900
e025e3cbe80ab39ca963333a7d4d71edea22ce0b,2014-12-17 16:17:25 +0900
82dfb17ca9878de90ab6b92b0c56a918789191cb,2014-12-15 18:08:54 +0900
5e043bd87bc6f84848d0745f435706421932cf60,2014-12-12 17:37:09 +0900
bee0fd86e07a77237c0644f708c220d7ed7fafe8,2014-12-12 17:15:05 +0900
c665ae1f6fc1e35e6a743e7e4e377c7885686b32,2014-12-12 17:00:40 +0900
5d9a130b7bb306ce49202f79704ec10e960829d4,2014-12-12 16:00:59 +0900
c7dd002a6e12b569e830396f84a32c832bf1e783,2014-12-12 15:56:19 +0900
06ed5dc9e086d25fb2f4f4fc1595ccd0d1320079,2014-12-12 15:01:41 +0900
4561711f0417eb3ee303f292b8ac44e4ecad8271,2014-12-12 14:31:15 +0900
758927e5aed12d390b02198525b812b838cd2ba3,2014-12-12 09:31:46 +0900
3c273b52dece0ed482775ec5b948a05da3116c77,2014-12-11 23:47:10 +0900
876adcfbe358c6d91d9a50ba81847ebba1f0184d,2014-12-11 23:36:30 +0900
adb34bdf84299228037d7706bf0c0209c3577846,2014-12-11 23:27:03 +0900
a0d67bb60ea995dc2c0ad014a8b71852e936cd56,2014-12-11 04:50:20 +0900
4bcd46427131c09bed9898a552efe416bbdbf442,2014-12-10 18:01:55 +0900
bebc78011798cd2fd691e8901141e94f1d445d6e,2014-12-10 11:25:03 +0900
72256fcff2c77222e278cb690efb8f669e926a29,2014-12-10 11:20:47 +0900
ac6799f0ebfdd56b484611ea28dada8880406d19,2014-12-09 16:32:03 -0800
661c7e216d664c71d2c889082703ecc6ae028dc3,2014-12-09 14:42:02 +0900
8f68b4bafdbb216365459d5bd118534d0031e548,2014-12-09 10:54:07 +0900
88e5c9e9a5cc067f7cc95899cd21394f2a2243c9,2014-12-08 18:15:37 +0900
b5aa780460fcfbf657541ee6c94d41b34b1b24b9,2014-12-08 17:27:16 +0900
facd1ddcc85a088ab8ba4e42dce2c99f6fe7e5de,2014-12-08 16:43:53 +0900
95cf4b9432a02fdbf9880b204c3db718e2bd2468,2014-12-07 15:40:24 +0900
ab2efce8fb4015523a9a818f0e03fa57c6366585,2014-12-05 16:36:12 +0900
2a69bcc218a53eced0cdb9217de1fdd1837c0827,2014-12-04 18:54:03 +0900
f6da07b03587d2bce5ca4ac53d86eae3a8ba23c2,2014-12-04 18:47:11 +0900
97507e45883c9db2fec2f5a9a9e544384a86ccd0,2014-12-04 16:12:25 +0900
9f8be1a695298e2e9fe0d881ddfcb310b5a7460b,2014-12-04 11:28:44 +0900
20d1f0145b47e6c478bb55c79d670926e66f137c,2014-12-03 18:34:33 +0900
ea2dbf82c04d609dac46abd322241a15ccf30956,2014-12-03 16:04:56 +0900
f69938abecd3d53968e318d97aba53d9acd3de40,2014-12-03 15:44:05 +0900
5066ac3e80da390ff0f5733d345cbc63ec252843,2014-12-03 15:32:16 +0900
1cdbe467e3dc25d7af59afc116ff9e8e6273a1ac,2014-12-03 02:25:34 +0900
b4adc18cd25de550fe04a43ef69d715c146976db,2014-12-01 17:23:35 +0900
bf68b770e6abbb4c63d696e264a348bb1ddb5982,2014-12-01 11:31:23 +0900
cd38dffb908a3959472f5ddb705db71d0e48ad89,2014-11-28 17:26:38 +0900
7d41c67ca94493e38c67e62663dc097358a18539,2014-11-27 23:19:31 +0900
4637f7fd126c46f0e6a4bcdf2d816511b690552b,2014-11-27 22:34:53 +0900
f3291621c31bbc24aff47dbc363ddfe2a1a9b21c,2014-11-27 22:28:06 +0900
72dd29c520981a3ffaac2150ee7306ca41192893,2014-11-27 19:46:58 +0900
3ae44b1d2a1cf49123eb1d1c30f081a8a8d0e7fb,2014-11-27 19:27:10 +0900
3d485ecb0112af12258a5a2bdc4a400b8df4fae8,2014-11-27 18:45:18 +0900
0c97fc0319b0f33c3a76f591d48cb52f1df92567,2014-11-25 17:42:22 +0900
f6e09a5ae6f35dd6fe7f9ae895f0517f902b9b4d,2014-11-25 15:32:13 +0900
a56f8b53b264ed3e0554e68b3f0a51e6966e2b56,2014-11-25 14:07:54 +0900
80afe993b82d57582fbeab64d20199f4dfa3d9af,2014-11-21 16:23:32 +0900
965cbd90778e2c6872e04456e94a19dd2e4f27f5,2014-11-20 10:29:20 +0900
c544ffc088d685f1ad66963351d71d7a925c7025,2014-11-20 10:24:59 +0900
ef282ebec579c512bbb3860a49d7322e1fb45199,2014-11-19 20:14:21 +0900
67bdc71b17b54da731eaf01b9fac51ad8983353b,2014-11-19 15:48:43 +0900
8f38cc7b7fff0f49c8a2ad5a2cafab783ea66347,2014-11-18 16:59:27 +0900
491395a627dd527e43c469f00908dfc0f815de62,2014-11-18 10:38:47 +0900
95770e70bf4651b64a2ce79bd8f4bcea52d7ac90,2014-11-17 04:28:39 -0800
a0625a620bba9781c51f2ee0f47ec0aad1c36767,2014-11-17 03:30:36 -0800
6059a3dd15e05cf1364cab6b90796acfa0356dea,2014-11-15 10:29:13 -0800
2bc5e7f938b5c4e5a7712aa1d948d89beae6ef93,2014-11-15 10:18:04 -0800
17cb3120ed08749719515f21b741ea9551f7857b,2014-11-15 03:42:23 -0800
13af3d32febc1b2ece7a881d25ee650e50e1a64b,2014-11-14 12:21:35 +0900
c193cfaa8eb50a83bbbf46624bcccb81c0cc7445,2014-11-13 11:12:55 +0900
55084a8ae29a3650409c1f1dea68223d6f1c340d,2014-11-12 11:31:33 +0900
005556850e60f14d5e11ca74035b195461f31d29,2014-11-11 14:16:19 -0800
2b8d30ca2ca4fbf1dfda58f482c952441178390d,2014-11-11 00:55:08 -0800
f45e74f6efd1175c4eb97dbbcd38c702e29031a0,2014-11-11 10:36:29 +0900
e01b00a7b05b98cc407ced04dad1c2f2144d0f88,2014-11-11 10:30:22 +0900
a3e5bdd69833b87b666c1db567dbf464d84d35f7,2014-11-10 01:57:13 -0800
3e305b15fa94b1ed76dfa0e769825137ba1dfc1a,2014-11-10 16:45:29 +0900
5a72e2f626de3a93dce0264cb24dbfcc00a1cd83,2014-11-09 21:57:36 -0800
d65224293671501639772db2141a316752078d76,2014-11-08 23:50:05 -0800
5c82b7db42c718652d2a1fbb7bdd29d852e9565d,2014-11-08 23:41:48 -0800
514ed8474a843c92b2fb772971e41f53010f5a4e,2014-11-04 00:49:39 -0800
080f4e1454fb8dfabe1c15e58d3c1eff8ecd6f6d,2014-11-04 17:01:54 +0900
a23443570b92333e5d0e337576db68a842caef5f,2014-11-03 15:24:42 -0800
aa5e3b683120a8b1841c523232b7a8a28371e7c9,2014-10-31 00:28:14 -0700
c59baa3ad60e92da2ebd1fb636f301e5ca4f585d,2014-10-30 22:56:29 -0700
154da1e492e9e1ad4e752dbf396f9d4f1973ec21,2014-10-30 22:16:00 -0700
0319b1f0a71a65821408623f28f39ea4ec419bc9,2014-10-30 20:46:30 -0700
4b0f6befd45348b5b532cfa811c050b9efd9f473,2014-10-30 20:30:03 -0700
f728413fe36918a9b5e2381af951c05361900099,2014-10-27 23:22:36 -0700
f80beaf64d33850ee79e8ae32b33a852f56712f0,2014-10-27 22:16:30 -0700
8741e68291cb8dccb64d4c2e0b872cc56a4dbf3f,2014-10-27 18:17:04 -0700
58b8eb45c0ef39047fb1738c10e2411a8cc0dc5e,2014-10-27 18:16:56 -0700
1d63dca5e7724ff680c553b8616af6b0b001acf4,2014-10-27 18:16:36 -0700
b3749a0931e4e2c5447d9ce4cdfe43245300ef61,2014-10-27 17:49:42 -0700
7a65763554e556498b6d52dd2685636c3b6584b3,2014-10-27 17:46:46 -0700
ee89c65b44142ca640020339e7ab5a608c1a8bf9,2014-10-27 10:09:17 -0700
b5f3a7481eb7af0c4004a27f0d16bf203a8c4620,2014-10-27 03:25:29 -0700
d9ba02bc1adebf12660d0af192d3d3c5441e7cd1,2014-10-27 00:41:53 -0700
3c3bcce8e3ddac4480499be3edae69bb0d2554a3,2014-10-25 12:37:03 -0700
b143f991242b79fa8479148cd79fad7d4f8f2146,2014-10-25 10:55:15 -0700
b636e8b8be623a87d291d7be7aa1dd645502469f,2014-10-23 12:18:40 +0900
0fb2285fb4ad054db16a18a75d2bbc2bf5317ce5,2014-10-20 22:26:21 -0700
0563a6a26fd97a3e8cfa9c6ae99772436c58da76,2014-10-19 23:57:05 -0700
2e32f5a6271d6952f77839ff639e11537af03ebf,2014-10-16 17:09:15 -0700
d56737b999ebb5ad822d32b336752f98cffb78f8,2014-10-15 09:54:14 -0700
8bc4582f17c1d987a8f8e13a5f90f8e69bb09e5c,2014-10-12 21:33:34 -0700
f531495c24e0f1899d7822bc6b463148d27d0068,2014-10-11 22:23:41 -0700
1e03c88e4f837e400b53e91a3338f559d2657a31,2014-10-11 22:23:24 -0700
3d334f3f45443b4d39a4d029de2482e5629a6e10,2014-10-11 21:56:52 -0700
22c43c0aded9b4689f863b38550c52d5ee5135c5,2014-10-11 14:28:06 -0700
0646eda5198680c17e66fc6e96eeeb283ffe342d,2014-10-09 01:28:06 -0700
27079643b5b62fc1f6196f3b6c2a794256097663,2014-10-08 21:41:23 -0700
5f64cbb1a64e2bcc034fb3f82c65ae448cb824bd,2014-10-09 12:07:19 +0900
140083bfbaf6dafb330eebbc1c7f7447c5292c1e,2014-10-09 11:06:27 +0900
55d68ece60c5d05cabe1bce244e681f9347083e3,2014-10-09 09:14:33 +0900
bbd7a768a161be0e529ef41dea325fae196a4c1d,2014-10-08 09:53:51 -0700
0adc754d9c020abb4811eb4c0f70022460be7a79,2014-10-08 09:49:30 -0700
d94727f893bcac2866da4232ee71fe1b435d4759,2014-10-08 09:26:28 -0700
8967d113571fe72131433e39753e41c35abe2297,2014-10-08 09:08:48 -0700
561edf3cb5328a5582d743e96ab596da347c1b90,2014-10-08 09:03:28 -0700
f42baa005dbf3f4fe64e3f3745616164df9aba65,2014-10-08 20:04:55 +0900
0b2ea889b06166539aabdc0fdd9029008e5f1f7a,2014-10-08 17:00:20 +0900
0dfa3972c6a52d785b8e55f91d0906456a3926b3,2014-10-08 11:35:45 +0900
de28c82942ae0fd2d06b45bcf629d660c30a9888,2014-10-08 11:04:24 +0900
2eba8aa30e1266e15ad918e4b150259bff6b31df,2014-10-08 08:58:18 +0900
d0f9ebc1c501721ecee5422534b1740e38105996,2014-10-06 20:32:16 -0700
44e6fe595da28c6c06e5c82741478a8ff3031fa9,2014-10-06 16:29:12 +0900
ca5fb301bff4b38d80a523d5bece9eaf74f64ec3,2014-10-06 14:12:42 +0900
ca187bcf68ce81b984ccb7c2e2b5adc25ebff237,2014-10-06 10:43:27 +0900
03847cf497779d18d323bf94a9e2f0d79dadcb96,2014-10-05 22:16:12 +0900
28b4cbc036b05a109694e1dcbaeacd802d0c9f71,2014-10-05 22:15:27 +0900
ecc2b05af60d9540c758839c1f5d691850ac772b,2014-10-04 18:04:27 -0700
029054b45c158159325a68ac1491256e3abe71f4,2014-10-04 17:56:12 -0700
68b44da57e53f53e88bedc0bb7ac763c97f069a9,2014-10-04 09:36:25 -0700
4e203f03fb533e04577f5c2947823fedd8680b8a,2014-10-04 09:11:59 -0700
a90438f9846519b63a80376ec09b760a22bbc951,2014-10-02 01:16:28 -0700
3d029fa90e483e6d0678b8b6c72c4a2410e97399,2014-10-02 00:27:24 -0700
d1022fbb8fb182ef1f83997c255f32c5f40f37d0,2014-10-01 21:29:35 -0700
2d4b0847ff13dced41d47fd740b6c699bba0c945,2014-10-01 17:33:44 -0700
0356a5257cd2426d783642e27478eaae95ddfe7d,2014-10-01 16:48:45 +0900
b6c06138e756823daebf188174e63bead43c0c05,2014-10-01 15:25:43 +0900
bccac701d5c3467ec7d7b39a1f1dd10b73cadf76,2014-09-30 23:15:08 -0700
e1f2b6b437fdb842166f8cf7a8c8fbf4bce19041,2014-10-01 14:54:36 +0900
327a9c4edd5426521b86afac12dbab4640a7164a,2014-10-01 14:51:24 +0900
35e49f039ccabf46d8cf20511c189aea7c15571a,2014-10-01 13:55:24 +0900
f295ddc39adc50fc61f48b5885b5845d0851501d,2014-09-30 20:35:15 -0700
706be644389f1223f5ea19d1418c6b6aa8b9bc96,2014-10-01 12:31:51 +0900
a5402249a2f7df85aa01280ed359f1d1d3489281,2014-09-27 16:52:05 +0900
e59fe460cc888bfebe968619405edd9b9e57e410,2014-09-27 16:50:08 +0900
52e554390fa2b953304ee38006d74beac488f5c0,2014-09-27 16:08:11 +0900
d384cf00d2288910b431cf61b1b74ccc9359ae24,2014-09-26 14:56:20 +0900
55bfa680bfac102e90a73c3f9c7436fabf85688e,2014-09-26 11:06:16 +0900
644b7cd991ea402115c6dc1d198e7f1d7f41771b,2014-09-24 01:08:43 -0700
9e026a9a26a1004d4742f0e44d5b5d71691195ad,2014-09-24 15:45:04 +0900
0e63abc71723c4c22f2c591ae60d892a9707973f,2014-09-24 10:48:09 +0900
52a942136c549f197d6d1c3d1a13717e6f14a83f,2014-09-24 10:26:36 +0900
5a7e27254b913b81c8199eff0ae3855375a07559,2014-09-23 08:03:30 -0700
7510f886e7f310dede3f9460ca40ad4bdd46e4cf,2014-09-22 09:21:04 +0900
cda6c897ab207ba73afa9d0dae7cecec9ba374aa,2014-09-22 09:04:13 +0900
e5f7c9591c71c998e702c789d249af20da3eeb6b,2014-09-21 11:14:06 -0700
1b3d51e149039db86d8c65f1fe3f0c8953b6faf4,2014-09-20 16:58:55 +0900
621d9145ff5f2d2551ebd3fce11a87f23413201e,2014-09-20 16:26:04 +0900
5b31fc4207ef1de2418cafbc6d3e714fa03849d0,2014-09-20 16:21:33 +0900
28282b561ad0a75f9603936bf04f2aa5c99b6b58,2014-09-20 15:53:06 +0900
469820db19aedcf10ea41807e4cbc7ade48d780c,2014-09-20 15:22:05 +0900
1cff979c28f5922c4a69a4295f49309358bd2d81,2014-09-19 17:57:59 +0900
200177482fbce1e33de22ad3a22f7c6b4c9cb7b7,2014-09-18 02:00:12 +0900
745131ee996b8d468479145de2069c4d34d6ffa0,2014-09-18 00:56:21 +0900
1a8a67ceb4224f3f0f3adab7d3e8956d3d12137c,2014-09-17 15:23:10 +0900
15450e868ae6a985deb988e679d19e1364c95526,2014-09-15 17:42:38 +0900
64416dea6f1ae64ef0c9f2e2d26a803c0d2065c2,2014-09-15 12:27:43 +0900
e6e164f15f485661932e4fb6e866f93a7c2f5935,2014-09-15 12:24:31 +0900
3a3850a296e8fc4b08be410bc089b68ede681e82,2014-09-15 12:03:39 +0900
b0d69d2322a71fd4a8eda8136f04dd3504bb6c66,2014-09-15 11:22:47 +0900
42a6c4ebeebe36aad6f7dc5f92c83baee398c85e,2014-09-11 12:25:05 +0900
4efb45b1d84c08a471858441e698e316af04c51e,2014-09-11 12:17:53 +0900
05c892448113db40daef54d2e06dad463dbae9c8,2014-09-11 11:33:54 +0900
604eb32222d9bdfb4f6768a863472ec46776cb90,2014-09-11 10:58:09 +0900
016507dd69e85f35134d8b2fe5e4054f28e762f3,2014-09-11 10:41:49 +0900
0f76a8ba0ef280875605b0e73a7c532b2f286ea0,2014-09-11 10:10:17 +0900
bdc75750e9026a3c1bc0a9a7008505cb0bbedca4,2014-09-04 16:12:40 +0900
0e43627440e034b28f85fd91fb5b0286e23a0299,2014-09-04 15:25:41 +0900
b33a94509c1a007b56785435c8e16640ffde91b7,2014-09-04 11:14:19 +0900
7c5ef87f6eedc13afb16311bbc3b27ea0d921eca,2014-09-03 20:31:22 +0900
d3727c73560f4d4c0fd3d2ead84b577e6f3a51b1,2014-08-27 20:19:10 +0900
1ab39706ec3fafe4edeef857d49db8dcace9c2d6,2014-08-27 20:12:22 +0900
7603a3d4c9ebf1e98a9f2aba53ae1140cdd34497,2014-08-24 02:36:37 +0900
839081ac8a752de899ddeb0bcd15866722ae6c27,2014-08-22 20:53:12 +0900
aed97a8a5d5eac6e38103ea8356cec064cb251da,2014-08-21 16:05:06 +0900
a1711d16be579082fb57e5abb43ff1872d424451,2014-08-21 13:35:29 +0900
f3d63b46b7f66464aceb603bdce159e5b52904c4,2014-08-21 11:56:17 +0900
ea5ce54d812ac38dc23683c48d0ca24fb122a7ba,2014-08-20 16:47:15 +0900
2d6bff7e8ef2ca2a7dff39c70383f30b2e06e055,2014-08-20 16:44:37 +0900
7c84aeb298919ac0e6a1eb1c469ae830656f17fa,2014-08-20 15:04:39 +0900
49d52553c5e4ef37a6af4605befbe36b0dd36c3c,2014-08-20 14:22:28 +0900
b16d13addacc8c03f7b46b912a02231cea4c0861,2014-08-19 23:44:21 +0900
35c24927b9edc19c91ceb3a0264188435195cde7,2014-08-19 22:36:29 +0900
d3697d7633d6be9fd1f0d29182bf83dda11a2cab,2014-08-18 19:02:02 +0900
aa01e83859ef553ac4eb90c1678e3bc6be20c6c9,2014-08-18 18:56:24 +0900
96b6c2aad76837c42d894b4aa217c6641e72ec86,2014-08-18 18:52:41 +0900
057bc6d362ee751f5b9a4f10f638c077191aeb98,2014-08-18 17:00:36 +0900
60858b25c46fceedf70b8583f1d7ef1383a19c6b,2014-08-18 13:25:02 +0900
23f81373fcd007e59556a5146485eba69ddeb95e,2014-08-14 15:14:33 +0900
fb4135a3bf16e61345ca2a5b6a6fea5b516e7a3e,2014-08-13 15:04:14 +0900
7e31a320144d2da6aae795f29d3bd9bbb16f9338,2014-08-13 13:42:56 +0900
bb482d8ee3363e0a9db18764af26ea68c0d3fae0,2014-08-13 13:40:04 +0900
fbf7166897b3b25d8319198216dc4ca529e677ce,2014-08-11 15:18:29 +0900
45f5ed3adba931f4706f26dda1d3c03240ee11d3,2014-08-11 14:40:25 +0900
87e7ba21491ac8a5a6a56357d7b4185c94f5dfd6,2014-08-11 14:04:07 +0900
ddfc3f33039ee15ab0a2d3fe5890b9acb40aec3d,2014-08-11 12:52:52 +0900
0603b49dddb5d2b3c6f6447fa672e0ea03eae09e,2014-08-11 11:36:18 +0900
7a7b4fd26f61df89cacdb4fc41faf9c2abe456b2,2014-08-11 11:28:48 +0900
fcc5da03ad1e9a692efad20aaf90a4005f9084d0,2014-08-11 11:22:59 +0900
189cf3ffe9d1b5c625c553f27fc5be37cd7522be,2014-08-11 10:54:20 +0900
415d0867ae4a4543f47360294bead1fc7f41e292,2014-08-10 15:07:24 +0900
912df6f081b91785a56cb4b312e94b71228ecfd2,2014-08-10 15:03:07 +0900
7c98709f0fcb06dfb675acae3d6489a6126f55b5,2014-08-06 17:43:35 +0900
242d6ad656685b82f2c552aa09abe862107ae366,2014-08-05 17:14:47 +0900
0f3412a74bb3c565df1259b19630bc17e1bc69e0,2014-08-05 11:58:16 +0900
ae384685f5c16853d47cc4a9a611729dfe2b14fc,2014-08-04 15:33:43 +0900
6b16264c1860f7e8156466fd806ba9251147a702,2014-08-04 14:52:26 +0900
eeaf379a48030dd819a6daf2040c779379543ac8,2014-08-04 12:08:51 +0900
072b5a3ad2f21189ab3bdf159e666086957401d6,2014-08-01 17:18:00 +0900
650157c5907c43a2f9228cd9a3ff59619e24efb6,2014-08-01 15:11:46 +0900
8024f6ab324e9e3ba2c1968386292f9243f44b97,2014-08-01 14:23:58 +0900
b637416834951443e816fec930a8a08d8f2e17b7,2014-07-29 13:38:02 +0900
8be501f43fc1b20c2a57790259aceafb02987df5,2014-07-29 13:27:00 +0900
fe870851934e76cde745f84b0b8061480031a7d1,2014-07-29 11:39:23 +0900
b49ff30b9a3da97d347e8e08798affceac79e6bb,2014-07-29 11:13:14 +0900
3cfc1987e69130fa0232d09765c5c3582914884c,2014-07-28 11:29:30 +0900
1f6b5b38752f499ee6d70ea1be399df34442b4f3,2014-07-28 11:19:54 +0900
9880f06fd9e13402593a48a834df972e5b170fe2,2014-07-26 21:02:25 +0900
72808e06f02cbb0bd7d9cf345544c60205cf34b0,2014-07-24 11:27:18 +0900
326be451ded71099b88bdb6a50c40946df0af206,2014-07-23 18:26:15 +0900
45559ce60c1da55ac7be1a5900afab45cc9deb06,2014-07-23 18:13:56 +0900
a5de837209a8d6d9685ad1aa8132b3b4ecd99727,2014-07-23 11:26:42 +0900
2a6b38e8460a048ce09d18aefb8786627473fbf7,2014-07-22 14:25:03 +0900
862435bc9622f9a8dde07417158b904554c36e60,2014-07-22 11:29:50 +0900
85b7031aa58971365a526c44c1b31c3385b7993d,2014-07-22 11:26:01 +0900
6dac6a5b8764720a40740f7bb27ef48be1c0f7d5,2014-07-21 00:06:43 +0900
b1b16d5d6add3e03e0f4161da3373452065482d7,2014-07-20 22:22:16 +0900
40ae9c048e388ccb9e058fe27dc4f0b9d582fbff,2014-07-20 21:47:20 +0900
06935b392ce40264ae41e6486e5737f8c5c0593b,2014-07-20 21:33:38 +0900
4d0b445968a43ba9b83bcefab8241e3b9ea84c64,2014-07-20 17:16:16 +0900
3df7fda36bfcb3869878f72d90830315b0584f2e,2014-07-17 19:07:24 +0900
1867c53e4de46bf5c6f2a69fe9d1fd27facac35b,2014-07-16 00:04:03 +0900
499d1081b66e0a785dce82430e90bce9d39caa7e,2014-07-15 17:38:02 +0900
9cf107191bac3592d55c59ae6b60ab6051d5656d,2014-07-15 15:21:51 +0900
47d4fe22b8e5594d82054fa5a7b5cdc23f578be6,2014-07-15 14:55:47 +0900
aee7874faa45e3ba2eda3157683cf20111cacea5,2014-07-15 14:25:51 +0900
48dbfd92c4f424ffef6c9aa03e905882bd42bbec,2014-07-15 12:35:00 +0900
5e2d6c3c74ec107e5c62359cedb602f940061c45,2014-07-14 18:36:30 +0900
fe557ad24a70f6d698cc85f0bb75765906eb3641,2014-07-14 18:19:30 +0900
0a39818f5ee29be56b23060c978915fd7287fd0a,2014-07-12 00:28:31 +0900
01857dadd42bd55894ce6edb55159e80c30f6c30,2014-07-11 22:07:43 +0900
9f873b129de3ac0fc8122528b7e10e46406704d1,2014-07-11 20:05:48 +0900
c87fe2e8ca135778d3f9c91606bc41c4eb6da5a8,2014-07-11 18:18:54 +0900
a17bd0f182d5405450b3e47be81f45dd6cdc362e,2014-07-11 17:05:38 +0900
95292d29d96963c769ce2fd17a3350375145683e,2014-07-11 15:52:59 +0900
329e508caf88b3f75e465581599a255eceabb16a,2014-07-11 15:13:11 +0900
42f3b4dd8fbf1a5a46a4469c7ac919fb32089225,2014-07-11 14:48:02 +0900
438010f92bdbde50447d9fbc3438e57ddaff776f,2014-07-11 14:42:18 +0900
52c8600dd59247b9be95f338ade4ea5aee2fba06,2014-07-11 14:30:38 +0900
29db645ad02067464ed3e9b94b3e62d44ab2adf4,2014-07-11 14:05:11 +0900
101413e319cd1be0e2570c6759e52d98aee89725,2014-07-11 13:04:54 +0900
a5d14f8082fed000835520df6c9f12476039aea1,2014-07-09 18:39:51 +0900
d3ee50a95868a17cd69964adbd3f70149040ab6b,2014-07-09 13:13:45 +0900
a8bf9a36c7b9d7dd98802e102472b800ec05dcbd,2014-07-09 13:09:58 +0900
b9a39728f9a18f8a9f986f35a40c17005795257b,2014-07-08 15:33:42 +0900
10caff074e2f00887134f94b0dc918b3cef0e824,2014-07-07 14:14:16 +0900
d84d5ca59dc0cd3ad86cad6b9ec31681b8249e9f,2014-07-07 14:04:42 +0900
9fdd1ebe120976df53de4cee890de88413847146,2014-07-07 11:49:52 +0900
844ffd7d2428209292e41dadbfed19ee03c37deb,2014-07-07 11:43:31 +0900
eae4c132363a63240d93c5522e48b44e45d9553d,2014-07-03 22:52:40 +0900
0953d7154753d2326ec1fb230d517e3a2aa83f69,2014-07-03 22:36:38 +0900
f5e999915a852473a77aa6958c46ae2389bafa2f,2014-06-30 20:54:48 +0900
88d043467a7da5971cc3e0f535eb158cfa1d1ac5,2014-06-30 19:41:55 +0900
38f1a57382d85217ffa6ce7501752146cb4e0ab5,2014-06-27 14:09:38 +0900
39645597a9bf0065436a8de2b0531f5c2336235e,2014-06-27 14:08:43 +0900
cdd358879051a19a421a9441550afbeac21c5709,2014-06-27 13:53:46 +0900
d5ef39949f029c94178fcf7e3cc37d68b35d795d,2014-06-27 13:50:39 +0900
6cfd448f7fb60a254a237230f071456f188f9179,2014-06-26 12:08:12 +0900
b3758361335a4cd26d8b7b9d18879b2b35f612fb,2014-06-26 11:41:21 +0900
d7c2c957a9b402f3847ef56bd1903d66c02b6bee,2014-06-25 17:59:15 +0900
4165f33984368c3f0ff504ff65a3f3c0d6904712,2014-06-25 17:58:29 +0900
26265c0609324b52f8e22bf803fddfa1413cf3a4,2014-06-25 16:57:15 +0900
48c6d1a38fa28cef14bf610328004fc68a734b83,2014-06-25 16:50:18 +0900
e52742d774b024985494911366aa1bbf854f8aea,2014-06-25 11:09:15 +0900
fb2ea19c07bb08c96c816238613bf35cdfe5a32a,2014-06-25 11:01:52 +0900
dff6a30740bb2348868ebd527ced0a48973bf45c,2014-06-24 20:25:37 +0900
56d5daa5dc76949a3a905dd99c2d85e72f743bda,2014-06-24 16:53:23 +0900
8cf508aad4cfa631f86229d7ed2875e2a0929c70,2014-06-24 15:59:37 +0900
be21bc706d9ebade71e976ecb966149cf1272385,2014-06-24 12:09:45 +0900
8883f9fc28a51aa9db6242206f75db49043e176b,2014-06-23 14:13:54 +0900
1613cd2c7917ffa8ecc8aee24729bd670f3b0ac8,2014-06-23 11:41:59 +0900
4ec8f0dd44fb58279c00e896a1aebefc40bd8017,2014-06-20 14:24:42 +0900
9f54c4b73f676dbfd2e2c8e53d24e7e1430b8292,2014-06-18 20:42:32 +0900
d6e37127bb597fb9bceb745ee644ea43a25c2751,2014-06-17 11:43:33 +0900
07225fa3486546872fe1d6e5d917ee0857795317,2014-06-17 11:14:19 +0900
43875ba36b577a9819bd1794f8ea864e8c95077d,2014-06-12 13:51:55 +0900
f3092c4205054e7be75f5729588c4accb1cf97c6,2014-06-11 12:35:48 -0700
1474a2a273192c08d726eb431ddcb4eb34837a4b,2014-06-11 10:59:42 -0700
4feb53790dc748cc1de17ed3716e46450d076e94,2014-06-10 19:08:42 -0700
06be06085698e575414994a26956056f326f77dd,2014-06-10 19:06:24 -0700
500c683b0b1fa6ed3f1914528d60736e741c956e,2014-06-06 22:15:18 -0700
ace1d47effd83a4c9409c85ffaf14ba83c385b3f,2014-06-06 15:25:28 -0700
13af1fa129ac13f6f04eab7ef4b44d605a9fcc49,2014-06-06 15:22:40 -0700
692ae6648be0b50b4289ca395f7d9d659033907d,2014-06-05 14:40:48 -0700
47f6f56c7ba6feb20bc991cafdafd160ca53684d,2014-06-05 14:32:46 -0700
26dc6e926db3934ea7309cc4e93d24a5881de97d,2014-06-04 17:45:22 -0700
64106a3223c882c260ba39edd53c85d1900b83a0,2014-06-02 16:14:37 -0700
f7810074378823cf70114d31548f52c08c63f7c5,2014-06-02 17:56:19 +0900
d365e9e17e0ee5074d98f9d9c2f20cbb2f326ec6,2014-06-02 17:18:51 +0900
8e6502231c79de900bf2dc5c4f37cab521e50c2b,2014-05-30 12:48:23 +0900
25c04db39d33d59b245730b5f2778a49e2042294,2014-05-28 18:40:52 +0900
300fde0a6f26bab558d5bfe50498b1c4c5cccbfd,2014-05-28 18:33:39 +0900
c2477f4167e48f5ded935d5c1a213cf22d06d9eb,2014-05-27 15:48:38 -0300
a191b1dc7ad3189c825069084fc6fc6167a4eb87,2014-05-28 03:01:17 +0900
31e247cd647e1e26c56c0fee9fc2c2821f8b4265,2014-05-27 10:55:21 +0600
e2d0464747a08dd1c0df5fd6010c878d66802ace,2014-05-27 03:54:56 +0900
5bdfe887a4eeb54f830369804e82d6baec4e7a5f,2014-05-22 10:57:26 +0900
526dca28b50d10973735accc87adc787de2db09d,2014-05-22 10:32:26 +0900
98f142cc73db1449ec04353c90897721806ecd42,2014-05-21 16:50:04 +0900
618faa242ee0f24bc7e4b879b542b94e0f7ce357,2014-05-21 13:24:51 +0900
e7051ef343d2a97bd8af4aa6b2f8a345b3567c76,2014-05-21 12:24:15 +0900
76a5e077cd6300afd9c23014f72443a624789291,2014-05-21 12:00:40 +0900
5f9330b101d20760dffd96ec5191134352b5a6aa,2014-05-21 11:14:16 +0900
6771d20e847e7edf8754fe3b2652725cd09e2313,2014-05-21 03:33:28 +0900
d0528d1bcb5b57b2287fd435701234cd226e8ac2,2014-05-20 14:38:16 +0900
5dda14a9d3e2216c1c80ae2b3654a78b852df269,2014-05-20 00:47:45 +0900
4a747a0f8756f046173ab2eaa15dc2b03bd78379,2014-05-16 14:43:46 +0900
9350a8026b107da11ed2dc8457ad95d3f2153f0c,2014-05-16 08:53:01 +0900
1c21e8bb692a33530cb804291517f57635b4b091,2014-05-14 15:04:41 +0900
77fdbfb2e596c7b1c4d54dff9f4161b9b5378889,2014-05-13 00:32:59 +0900
214301fdd51b144ba65fc3dd8bd3c862d537cad7,2014-05-12 17:33:56 +0900
8e8004698f4bd891a415fcc62add59998ced2ae3,2014-05-12 16:31:03 +0900
9bbf87e3a4396d90346fa41a0aef036f0e4f6a9f,2014-05-12 14:12:41 +0900
ad53ffeac5ee5c6b9f5b33ca45bb0c38490a8b95,2014-05-11 04:12:13 +0900
f1ead5ec93f919cc0f198bf226df6f77d11a29d7,2014-05-09 11:43:16 +0900
5e8c0bd68cebc9da1962cffd6289e06e15259d75,2014-05-09 11:24:55 +0900
9ec9ac18b1e4e685e64f2b551b9c414acdfa514f,2014-05-08 20:21:12 +0900
8e523c12e50ff660b09b4d6fa289ea617e08fbfa,2014-05-08 20:15:53 +0900
eb4e54a14a0f62749c4163d7192bdd547bc64e12,2014-05-08 11:50:00 +0900
3ffb4ee24499865720eef518d8ccb1948c274d65,2014-05-07 15:07:53 +0900
3c204f4b68b63050c9e736cffae227c0e62e4b8b,2014-05-07 14:42:26 +0900
70567fcf47b5fdcc33a21be51c6de03e016ae4ff,2014-05-07 12:05:02 +0900
5db47466b00b7405a7decf1fbe036f4ebfb960ec,2014-05-07 11:07:06 +0900
08bcc2d8282fd3b066ed37eafc2c2b142227015d,2014-04-30 20:20:32 +0900
bd032094caa0f54ddfbee2ee5eb6ab46824a9afa,2014-04-30 19:57:29 +0900
cde1bcaf563befb8889cafc23e72850782725488,2014-04-30 18:25:55 +0900
d5347c6b1ebea9a9ac5d935f8d51947da7cf94fd,2014-04-30 15:00:09 +0900
86e09d7ece7f34e455fefcf9731184f5aa8e41ec,2014-04-30 14:58:44 +0900
1a430fae5a73f8b5df7fb225e001263379a695fb,2014-04-30 14:56:40 +0900
5f1b8e25b40217ceb6257d7aea55cad42892319c,2014-04-30 14:55:27 +0900
698ff73344a20bd9ccf89d01cf1566dce21f1147,2014-04-30 14:49:39 +0900
620031113edb3a9dab4132530f936f1244d134ae,2014-04-30 10:28:26 +0900
2295cdea1bceeb79b6566ed8804086a812d39157,2014-04-30 10:23:37 +0900
064f18c2d41905604086e3f29783169d7e3d2dda,2014-04-30 03:55:29 +0900
0fb823b9004a9f566bba55dd40c7defeade946d2,2014-04-30 02:59:47 +0900
6cc5006d5ffbc88aa7b34c18d762c69f8c347418,2014-04-29 13:55:17 +0900
8321d263e39987aa3bd075c8da163ee093cad420,2014-04-28 20:22:40 +0900
71f394df9a45f1fe22a120918614b284c09d6347,2014-04-28 10:48:55 +0900
fd896a6c8e28b1e2f0458e49edbbec6195b78901,2014-04-27 23:30:27 +0900
5bbb7e822ecde5b783ed1d6210b0e9fe9262d054,2014-04-24 21:03:21 +0900
8c92a9d3ffdf27118c3868686b3bdc1b38dc7f5b,2014-04-23 22:36:47 +0900
bc1a3235176fd5d09b0093bc5b1ff03cdca63dab,2014-04-23 14:15:43 +0900
fe8103552bb737a8085242ae67ba00732601287b,2014-04-23 12:17:40 +0900
89e8fa3b8b5e250477c53966510a263dcf23f8dd,2014-04-22 18:25:10 +0900
248879fee0038c89b77d0bf6271023e718410e41,2014-04-22 18:01:39 +0900
882f92c6d74818eee7f086a7c5f9467b44101abf,2014-04-22 17:10:15 +0900
9cd8dac357a2d8c33943211ca18f3837a293c489,2014-04-22 16:16:46 +0900
39d4f2d7ba1fd16aadbc2809d6278f49a9857f72,2014-04-21 20:12:21 +0900
cbe1d6e94ed7e3bdcd30d0414815736621b6b8df,2014-04-21 18:26:11 +0900
bbf2461a5bddc77b3597030976158e00ee88fe0d,2014-04-21 16:39:15 +0900
c367377fa2887458fd246b7481cfc49865dc5ff9,2014-04-21 16:21:48 +0900
2b27f7de70904552d38801f57aa12396a9df75ac,2014-04-21 16:11:13 +0900
f1f36ec5f5ef78168dfe024c07c1ba122f2d78c6,2014-04-21 11:53:25 +0900
e56a7a41fb6b27e093c5c49a2d86a8cabc203156,2014-04-21 11:36:23 +0900
6a005ce7e4c5ed80278da702255197936c189ff3,2014-04-19 13:42:30 +0900
92e9a667379b99df1e9160ac207246ac65b0cfac,2014-04-19 13:40:02 +0900
1b3ec373c74aff47abcb593b1f402b6791ef8656,2014-04-18 20:43:34 +0900
f8ba4dbdc8cb2122014eb8ea6513f32b679c47d1,2014-04-18 19:20:31 +0900
ba4729aff60b2faab5a74797654c888cd7c92cec,2014-04-18 19:07:14 +0900
6594ac1c00192537b0796d0404e0ddf9d6e37111,2014-04-18 18:19:00 +0900
795077d89d6be1e5b470c8ad2e52fe5039c3b198,2014-04-18 17:05:09 +0900
90f849673be633ef8b968686c0fa98dc73a061ac,2014-04-18 15:38:21 +0900
508ebedfee19de0b057e166270d4acb74202079c,2014-04-18 10:58:25 +0900
f60975090c09698b320cbd477cfac9b6393cd679,2014-04-18 09:59:24 +0900
0a76c998ed65dfed141a552a0ddb8e7ca23903a7,2014-04-17 13:44:01 +0900
bf540a124260bda2f93abe5c7de1ab3eb60fb611,2014-04-16 19:21:10 +0900
68f9dee83aeb9a3a10f56332cad59c018544de42,2014-04-16 17:15:12 +0900
8da52ede0afecdc9c3302748d322ee4929986d5a,2014-04-16 17:09:20 +0900
014f9f3ef32b944f901ec97e60f1cec0a7cb2ac1,2014-04-16 15:31:23 +0900
1d24a25acbf523172127cd6456b231370db1ce11,2014-04-15 19:00:47 +0900
06a14960ee74d1bdd4dddf78955928b61563ff6f,2014-04-14 19:32:17 +0900
898268409d658d5ae5b5320a0eaac0a95119ab1e,2014-04-14 10:19:05 +0900
5ae608b1261f1b754f2bb58de793c539bd98360f,2014-04-11 23:16:30 +0900
38f5316af784aee4f427ee0cc500a7ad2fc35710,2014-04-11 13:52:00 +0900
24805e209a7c5d443ced01bbfbbb402f011a86ac,2014-04-11 10:39:25 +0900
838b52227af33e878ad08e00b8b19a4cd3fa8b26,2014-04-10 17:57:37 +0900
20cd09201af20c9084ba41805e0c70036471106f,2014-04-10 16:32:23 +0900
743c52650d34ed67b777705816a127b7b5f1b0fa,2014-04-10 15:03:10 +0900
d99bd085e4f02bd11a9133c6bef8942b9dc27723,2014-04-10 14:54:01 +0900
d952b61ae1f3a8b4e32e2e390421f8d973b9f6fb,2014-04-09 20:34:31 +0900
631f3d04a20529ad89641757ca2370de27d6c935,2014-04-08 21:27:35 +0900
8b5361a0699406b684bc755bc86957d92a08d6c0,2014-04-08 17:13:36 +0900
8824ba5590003be7feb1fac72558d73e870ecdb7,2014-04-08 16:36:07 +0900
957d2d3f410de6ed6be3f4ef8dd4121caf3d4994,2014-04-08 15:57:40 +0900
5b0cf0db7fe68aeabadabee8587a7904cbb0b102,2014-04-05 12:14:52 +0900
bbee120d9d0bf7ead68b9fb49a674e1841718cc9,2014-04-04 16:11:14 +0900
dd7d041acecfc8bb7d9e80d6a808420807d50b21,2014-04-04 12:24:03 +0900
e036ea36dae13c0350f0d84e673f71b402986a48,2014-04-03 10:35:45 +0900
dc40d849e4f52b93753627ae699e4c161e4ebdf1,2014-04-02 11:54:05 +0900
a3a178a9349121d1ba9ae033b7f70f70c9938eff,2014-04-01 21:00:31 +0900
fa985d26303ca6ecfa8a5e98963998f260166782,2014-04-01 19:07:59 +0900
303066b232d9f96c5983c65c2308cb79d7a7ab3d,2014-04-01 16:37:00 +0900
bd418a5c3edb8bb8df4be31866a5d3ec9b407f88,2014-04-01 00:12:39 +0900
40851e56509c9f0952f9034108f3a451954abd01,2014-03-31 11:06:26 +0900
2a2f89a2838b21e1820c33f3136d1aae9b4b89e1,2014-03-30 23:10:42 +0900
bbbf21dc1b8383d0ddf842887aa656b171ce6463,2014-03-29 16:39:51 +0900
85b38348f1da1dec5c187b72ae6ceaf887303b8b,2014-03-29 14:34:13 +0900
ebfcc43b4f05a5a4eb976bd443fd22aaa45cbb97,2014-03-29 13:33:09 +0900
36007d779142b48194ff8eab5610db29390ab9d2,2014-03-28 23:10:49 +0900
5d94b031bad1505af42aacc3a89435953ff73eec,2014-03-28 22:25:55 +0900
8c1f0404240bad92a7f48e858d9dc28a17ccc20f,2014-03-28 22:07:13 +0900
53f7ffa54913c2d2bf6dd55f2568620d7672dd81,2014-03-28 15:54:40 +0900
4e6d3cbab8fe714d70969d7f0e13d6c1a938547c,2014-03-28 15:32:00 +0900
fc92ed5c6399d1ee4d48307e4b6881db6fb33c43,2014-03-28 11:49:08 +0900
9d00f9fefc36074098ce8117f752713ae020655b,2014-03-27 14:34:57 +0900
6e6bac4c95293b689a1dc5a1d1798e0c1d60f58c,2014-03-27 13:56:47 +0900
b1e0e3499e2459e58b2cede4f4268ad26d3ed7d4,2014-03-27 11:54:06 +0900
858a8f17856c8443ffb5ee64807c84654a65650f,2014-03-27 11:30:22 +0900
e06ffa93cf60ace4949ab7218077b7755c2f2425,2014-03-26 18:09:24 +0900
a2a2c3ca97b058d96c127ae46527dff8fef73904,2014-03-26 17:44:11 +0900
9ecd9f6e01ee259a7f6e9af71c020a70f0ffe9bc,2014-03-26 14:59:49 +0900
321bdc07e3f28a4649258e8af0b7b0dcb08765c0,2014-03-26 11:30:02 +0900
5580c17327d4ffe76391b63ab357888b2cf04d3b,2014-03-26 00:41:00 +0900
6a167aeaaea4ed1735e808875037b9796713bc1f,2014-03-25 23:42:26 +0900
4209b83c2896672c01261bbe7dd929a8c7e5f5d8,2014-03-25 14:46:33 +0900
e12e038b5d50db015e6b9cdf8de478591b0712be,2014-03-25 12:19:34 +0900
37fef799b161dbe2f9cea1284c4818b92f7fddbc,2014-03-23 23:29:31 +0900
3ba262412cfef82943de7f2c831916b340c01925,2014-03-20 21:20:38 +0900
7283c586af5d0df675373b25d19c5eabb527e303,2014-03-20 18:49:22 +0900
5f7934e6bb5aab412c676396f27e4267f55caf2c,2014-03-19 15:10:43 +0900
b178b70db311c94539a8a43ef4d96d9377475169,2014-03-19 10:14:48 +0900
f7caeb61fe9b746841e8906ced70050760a8e5b6,2014-03-17 17:35:41 +0900
016b1c658e8dbd0e190c2347ee20b38bf453674b,2014-03-14 13:08:04 +0900
bd063cd4d37685674b2c08808ca6ae5402ab2230,2014-03-14 11:46:16 +0900
db5e954f4395f22437e59d93fd97477145d44686,2014-03-13 23:43:54 +0900
54bf9a7c8b7851381c94661500ce329f2c12e9ba,2014-03-13 22:42:51 +0900
44b28e6a154904a6365c788769b2fbff6914fc1e,2014-03-12 02:08:48 +0900
d4e64bb39521f2ea5ee4b83004e4ad418ae00b4e,2014-03-11 16:50:58 +0900
317ec265a27fa5d6a58613b6100ff2b03958864f,2014-03-11 16:15:36 +0900
6ffbe90047882582c8723c7b8b9f0e0c9fa4cb58,2014-03-11 11:54:44 +0900
1fb837e36487227b159129ac724ac8bc13ab1f55,2014-03-07 20:56:58 +0900
bd673e64589d636241f83ce6ab16030e7edc6d4b,2014-03-07 14:57:38 +0900
e3da0cafd4e94e024210315545c78d86f3ad66bc,2014-03-07 12:14:02 +0900
399c600c78a7e43d404fe2c7a69573800c26a727,2014-03-07 11:52:57 +0900
fddd2236ad72fe40456fb0e115d493476b9d6e6a,2014-03-06 22:51:58 +0900
ba6fc729e238f33cf94c22f1dca19046cf8545d4,2014-03-06 18:34:07 +0900
9c920d894d5f6205e4ecec5d37fd7e15ecc59272,2014-03-06 18:05:08 +0900
887252b25558710f03002c175723842cd75c17c2,2014-03-06 17:11:21 +0900
4089c9d59d1fd150430746caa4a4031ba3dd8279,2014-03-06 14:49:07 +0900
462abc47113a5c41fed783c34cd5b35a8eae4758,2014-03-06 14:16:05 +0900
ed4ba76f4fa9eba251d59684ace8c488819d9a0d,2014-03-06 00:09:42 +0900
39bd61aea150ebe92f56bfe334e53360890cd9a3,2014-03-05 17:52:46 +0900
c9fadb76b9b761dd6229ab513b9963b247c3be40,2014-03-05 17:11:07 +0900
7454fd87162af864738e29f0fef83897d9dd35fc,2014-03-05 14:24:37 +0900
e0b6f7ae8e2215e71500d1d0d8faa2318d3d3d1e,2014-03-04 23:42:38 +0900
e47242e68e217f3d897ae897766f987a44657f7d,2014-03-04 22:19:03 +0900
f4a9fd183b5a4a61eef82e570215303ee4f10f0b,2014-03-04 08:11:17 +0900
15c4576ef680e05be877e9bb5b4370a03857c446,2014-03-02 16:33:21 +0900
4238dd22d524d87ebbc0200d9a538f2b3f131ca9,2014-03-01 15:37:41 +0900
c573b6fcf7ad588c4fd7c2baf5b9047c97117038,2014-03-01 13:44:43 +0900
f5945424ed67fe18c67b15218c4176f592b145af,2014-02-28 16:02:00 +0900
18aaa68e5ea8acb8edb7e2486d02758ab0478127,2014-02-28 15:54:52 +0900
cf27e05724969f6894b169037628d9f50e986948,2014-02-28 14:41:15 +0900
51b019ab1591459a1e444d2ff74be01558a1e644,2014-02-27 18:08:35 +0900
03718031a113af7ccd7ddba2df7513f6b0b21c42,2014-02-27 15:30:30 +0900
db5c017d416561c9dac08c093558d7344aa53be1,2014-02-27 13:45:02 +0900
56fbd99acf9bcf467f9e5e62342401e47bfd6779,2014-02-25 16:50:24 +0900
a33b836659fe1236db8d9ea3883b3bddefe131a1,2014-02-25 12:11:42 +0900
5eafede2fd1e9a512aedf51371291d028dbbeca3,2014-02-25 01:43:26 +0900
9cce80cfe585e8b93f86542e38ec5b07972d05d6,2014-02-24 20:29:55 +0900
245dbd208c1b7e5cde3e4e59313f48534f64e1b2,2014-02-24 19:07:47 +0900
dbe617cfc73222db3a001021d8526b186e56c49f,2014-02-24 19:04:00 +0900
7a05b21586c7588e1b4fd26bed6b41f1ebccb499,2014-02-24 18:41:58 +0900
ab38b5b4604cc65025164d58b76be2202059f94f,2014-02-24 12:20:20 +0900
ae10ce2ecb0eab5737a79da713a6dfb25217b8b2,2014-02-24 03:30:27 +0900
9e0a42cd869323ec47794d19d549b51468d61f26,2014-02-23 15:44:17 +0900
7f5d5eca5cd6407a6151815a28b9ad3d403e097d,2014-02-23 15:40:48 +0900
e8da943afa1a631e8521593be1bc7a2c50bb2c63,2014-02-21 18:41:33 +0900
5fb959b7c3fac2feb696442589f4acfce7d77261,2014-02-21 15:25:33 +0900
e2f4798b09b2efccfe14a6eac46055d3b6c72ffb,2014-02-20 20:02:24 +0900
e63f4b09f12fbcce493e1683e24e1788f62ef619,2014-02-20 16:10:24 +0900
ccc2bd0658b107fb08817d730070d58b8be88a0f,2014-02-20 15:47:19 +0900
6053ad11efc31ed25c6ea8be10d4ce967c34dda3,2014-02-20 15:20:42 +0900
57bf90e220d881f39f0c91877edc57be7005a596,2014-02-20 13:40:14 +0900
532f6f3f413356903915a5a64ebbbebfab3354fe,2014-02-20 09:39:37 +0900
3f6e071efdd4917687b1d4468d372ad42c125c1d,2014-02-20 00:08:59 +0900
413a4b3fc9bdfa49f4d58d9414f58c30a169c5ab,2014-02-20 00:02:46 +0900
c58622775df799d454da0372bb81173142bf8ac8,2014-02-19 21:50:55 +0900
fbc358c2030e78f6616b286cf0736afaa8a583f8,2014-02-17 19:02:10 +0900
ae541ffae406faa53ace5ad19cb503b96c39c549,2014-02-17 18:44:19 +0900
e2a7dffdb652c77dd35a917134cef15b3d54d274,2014-02-17 11:50:38 +0900
cd7bbae0d60395fd312fbd153c69f9a8d480af34,2014-02-16 16:16:55 +0900
519a16a23a4cd7e3eca9959b501297e4be60ca6e,2014-02-12 22:25:29 +0900
9de88cb9940e2f921d2814bac691f2227c5b963a,2014-02-12 15:15:23 +0900
8e859fb103b753ba6c9379bc7625164341c84b25,2014-02-11 20:48:25 +0900
214b9741a510d1c2013e0dd494ab66017962367a,2014-02-11 01:48:15 +0900
4179a7c9265123bae0a81cacd5eee53a96f98836,2014-02-07 14:02:04 +0900
009e0253ca04dd4b353a3f383571123e1e75719c,2014-02-06 18:46:30 +0900
d0206493bfb2a60b647ad2d1dd555d3da50892b7,2014-02-06 18:02:32 +0900
2761436b2725ee983d28ad44c7f83475abd09628,2014-02-05 15:37:36 +0900
5177dcfa4b44e953919f47b94d39f9c5f7afb38b,2014-02-05 00:23:59 +0900
0781a3864e85da47c215e4da26d7344cecb3656f,2014-02-04 23:58:07 +0900
51919cf9eb7c2b96d9f20126c780c3c26a4e8a05,2014-02-04 17:32:26 +0900
0c0111cdf4b0b3cceb4b58f2c59a8632bb6da7b2,2014-02-04 02:10:51 +0900
f01034863908f87718a21e9491bd199d002c7080,2014-02-04 01:59:40 +0900
db2f733a6753c78de673a339e9cba1c817201c76,2014-02-04 00:01:19 +0900
10c599f4b057308eca7ac8d5d7cc2542a69f0524,2014-02-02 00:27:24 +0900
d516fc499d646b230fb38ebb1fdd72113d46a536,2014-01-31 02:16:07 +0900
8d6e3785d1b151456463961109387dd71657a8c6,2014-01-31 02:00:57 +0900
567183fc20e10d56390fd1b14052d082c6ef4623,2014-01-30 17:52:48 +0900
8aa0e55d7b0bca6246d2216c45dae15a8eb81bd7,2014-01-29 21:49:01 +0900
c57804f7082c2392f5ab90367acf19cc87f48e7c,2014-01-29 21:30:35 +0900
179a707fc4ba58425ebd92ccd5d64c6cba78d512,2014-01-29 14:22:28 +0900
b0d81a590bb45c37f838eae93663736767040c02,2014-01-29 13:58:51 +0900
32775bb5e4ca6877cb8fe4452552d44efc56b03e,2014-01-29 01:21:42 +0900
428accfd776f65d77e195d2448b1c14feb245359,2014-01-29 00:07:02 +0900
bbf9b7bf8b60a930b4e44754c732f9629762d1bf,2014-01-28 21:34:41 +0900
6aa96fa9bc58d002efeae03f775162ccee6545e5,2014-01-28 21:19:12 +0900
2046c0b62f3fc1e3f0dfd82927d3ffd9c25d5b27,2014-01-28 20:42:08 +0900
d97be6f2c6fce83deb3b43487b8f904be5d0b330,2014-01-28 14:11:36 +0900
106d29c2d9c0cb89bac3ab4efcdce1a0f2abb2fe,2014-01-27 20:36:29 +0900
5ac8c77cd6d77d367e19c2bb7937e835c191199c,2014-01-27 20:18:46 +0900
eb563addd336019417d045b95277dec9f89b8f5f,2014-01-27 17:23:45 +0900
accd0e512124e39046bb6245ad786554a770313d,2014-01-26 19:47:48 +0900
9d5be90a74b04a5fa68a7924c98abcce56dec729,2014-01-26 19:22:56 +0900
e23e78ccd4c740fd93d2629e5b523c3f4b29c199,2014-01-25 15:34:45 +0900
0386268e81d4c0190013be5f219b7f58d27e5abb,2014-01-25 13:57:50 +0900
53f018b8ad84a65afb65d0e9eba46efa6470759e,2014-01-25 13:26:10 +0900
a74e52188b82b2c753846ddabd9f74bfe0e94e2f,2014-01-24 12:00:55 +0900
3125733cc6f2bbce306afd00b8fa8440f07b6e1e,2014-01-24 11:50:52 +0900
a6d9cbe60b4f98f4f8452b319c496b734e9d3ad2,2014-01-24 11:14:18 +0900
5828b752f9633c171c8f26c8baf4b92c85acce1a,2014-01-24 11:12:12 +0900
0214f0190940c43b77693f97216a938031372380,2014-01-23 14:22:47 +0900
f3f4b04538d479560e9c734a6422c26f17387946,2014-01-23 10:33:53 +0900
d06dd852e5f299a9cb329f870e4795a7bfda1917,2014-01-22 17:40:37 +0900
358dbace5b48cfbc139b46c96752a66b0f817908,2014-01-22 12:17:57 +0900
9a9d6eaf432f1903414792a0384b464753aa52a3,2014-01-22 10:53:13 +0900
9693b739745928c67946c22f0f58254344bae88d,2014-01-21 15:34:38 +0900
e57cf426d8d1d1b924a32a10f81a8912f2b0c45f,2014-01-21 14:49:56 +0900
b75ea74d5120bce7eb1bc7a50430a3a04529cb8c,2014-01-21 11:06:22 +0900
abda8a0ac541aedb2180006569d91074b6434e3a,2014-01-21 11:01:51 +0900
948915151b14774c606bba7a78751600d2368261,2014-01-21 10:48:41 +0900
9af2fca12204648a16759aedf75a0234b438ae9b,2014-01-21 10:42:24 +0900
d04f9a567f3eac01fb796487e6dcb0af68f1d34b,2014-01-20 13:29:57 +0900
c670c8a98b96a35031b155e4e5c28e8909784f8f,2014-01-20 10:49:10 +0900
ebb12b7dc6777321c8f5482cd698522522745617,2014-01-17 17:30:17 +0900
63ac233a52b072560c580fca0fff26e9e1d6bd73,2014-01-17 16:34:35 +0900
70323804292a5c837564eeefec0bc74044a71647,2014-01-17 16:33:35 +0900
568c52392e0e4532ac78df762137d43072d46cbc,2014-01-17 16:28:10 +0900
8e1f989aad27022371d1c973d5acea68568918db,2014-01-17 15:57:55 +0900
b822c288274bd7863d8a4de9c41060b321906894,2014-01-17 10:57:23 +0900
35a710379d41f5d31f7c3928e33ed3ffed51cc7f,2014-01-17 10:14:41 +0900
69700bfc097308eab8614e0012a1dd7226800760,2014-01-15 20:54:08 +0900
d2ff46ee113c88a75268c1cb4cd3b9d43668b226,2014-01-15 19:07:59 +0900
3c6fdf38eaff47c253ed9dda7074407ad58cd3b4,2014-01-15 18:42:20 +0900
b1ff37cf09520808d27565faf2f492a4b1389970,2014-01-15 11:09:24 +0900
01829fbddf7c5b988397d023c9f3cec0cea07c3f,2014-01-15 02:03:06 +0900
29ae398073d2642c098bdc990b24902af20c892d,2014-01-14 10:49:28 +0900
c4b81569ad2a1ee5fa1695016a7aded6c9f7e512,2014-01-14 10:40:19 +0900
2e246cc64fcc8ba3adf5b9e68e0d6a040d06cff0,2014-01-13 11:17:32 +0900
4c1929fc361e0bae116089230929c54badd12d0f,2014-01-10 17:21:56 +0900
3937ca992c87b4e89a8056c2becef80066501698,2014-01-10 17:15:25 +0900
3c91fe06ee3bcf7284beabf332af1d747f758c94,2014-01-09 01:06:28 +0900
3a24167667c5b8c9242b3b584358827c5758375e,2014-01-08 23:47:45 +0900
7d85f3ae9b26a2f096f793b93a21f5606873a0b3,2014-01-08 19:15:54 +0900
285c4a485c68e8d0e57145971b13676446010196,2014-01-08 18:33:27 +0900
ed8b8ec3cc55459e68dace6142ebb96c2b885482,2014-01-07 22:48:22 +0900
19a756d75ef693df4f28a42a9cd3634524f3f577,2014-01-07 18:15:24 +0900
7f98908018d6cf91f7c55ae1c5a7d300499bd1f8,2014-01-07 11:35:50 +0900
eaf0a5854bf13c3b6a767af5394d4ad100e5dbe5,2014-01-07 11:18:59 +0900
f825dcebca7ab625256afaf700c103e21e804b35,2014-01-07 10:26:29 +0900
a65f8a10a0855ce2a9490088898cc7bcd37169a5,2014-01-05 00:49:17 +0900
7aba3958e2d7f3ae5f82cc50928f778566430b1c,2014-01-04 22:32:00 +0900
bb7e6b6b3ca3f729e292df3b5905a46fe773f392,2014-01-02 17:10:05 +0900
df5727c49edd2e726b99dfa49dcc6b3d5b6f252b,2014-01-02 13:36:09 +0900
35b86177f64cd5f66bb7478242e752b86f305829,2014-01-01 01:44:18 +0900
ebe50806cdb0c8fa9f7cca4e536134cde8387045,2014-01-01 01:35:05 +0900
a8646fbf58f99f149b68089a439de850299d26fd,2013-12-31 02:02:26 +0900
33606c80268e59693412aa138f27c927b770d43a,2013-12-31 01:32:59 +0900
c7990c724898cd136fe87d508a4b07f62ede3567,2013-12-30 23:01:43 +0900
b6a5ff0c39e3fd50fc27c2a3804218fc884135f5,2013-12-30 18:17:42 +0900
d39bb99809384c25214f4847c8de06e9ac012e98,2013-12-30 12:41:09 +0900
2a419306a5b90e74b4f9653ce8a439c9e373f389,2013-12-29 22:16:12 +0900
5c243f1a3b01a0e91884d9b894a338c371c5e9a4,2013-12-29 22:13:52 +0900
b574cf8c46bbcdf2601fc20ef149d08b0a88742f,2013-12-29 22:02:12 +0900
4c7579009c137570ecc412d1365ace77fbbd4b87,2013-12-29 01:13:01 +0900
319a37725feb5fe4fa04280da4fd11fd24406960,2013-12-27 09:21:13 +0900
7306ba324a744631a2c9205a8ca260b9fe32fed5,2013-12-26 22:34:53 +0900
eac2507afaecea32ce406a32d7632016ebbc593d,2013-12-26 14:46:24 +0900
3a5a617c6bb1dd10d026ab0735f9031623a66d30,2013-12-26 13:48:37 +0900
9d86ff7bce7472bbdb6b35bc3d1ace887dd9d2c2,2013-12-24 16:22:51 +0900
fce88829d58885197f67c477699b57c632e7246d,2013-12-24 10:31:17 +0900
ecc749e811b9f978c9d9bb2cd9bfee6f795653df,2013-12-23 18:55:34 +0900
074a34157b6a9084ca762627cf1b370818fcda90,2013-12-23 16:44:02 +0900
4319ded3aa974dfca35fd2630b97b8f2601507c4,2013-12-23 14:30:00 +0900
e8c5c27717e134264a93a0430521a07c45079215,2013-12-23 14:14:51 +0900
302824a390fcbe0f51914dd0347c5a17da22d298,2013-12-22 12:50:38 +0900
bd2b891994c8e3c52d956ffb3879b1ec60d70eec,2013-12-22 00:35:34 +0900
9409a051435b56865a94b92aecad8ae4834dfff6,2013-12-21 21:51:50 +0900
450fbcb93c02c74fd8889751bdec5ce155e3e294,2013-12-20 15:30:24 +0900
f08724f9c8bb80d93db0d5517fe6351a9a4d6e63,2013-12-20 14:35:53 +0900
f58f6ee827139c01253902f0b1076b47fde9d5e6,2013-12-19 11:36:10 +0900
4dbecf90161465b2818093fe8544b35f86b888aa,2013-12-18 20:25:11 +0900
2c53ccc11ffc94bbbddfaa4fe1831b12405ff229,2013-12-18 15:01:24 +0900
775cfaaad49fee4e79b7cd582b381740461fa6b9,2013-12-17 02:58:17 +0900
d930a90d50ce9b41050486ace11c96d0847b80b0,2013-12-17 02:46:48 +0900
14160face45894a73f742f528e87b5f8ec2e10b9,2013-12-17 02:06:20 +0900
1d2bd0d97949c6a0475c4e180505aeaa12188b51,2013-12-16 16:55:11 +0900
b4a71dc74171416f4274e524d07a685b54d9067d,2013-12-16 00:47:52 +0900
a90895a74a13c654a8d12345bbbdd8d3b08c604c,2013-12-16 00:45:49 +0900
62c49c05f522158d75d818df49100a0b1fd354bb,2013-12-14 12:33:40 +0900
1d0d458bf28af7cfb5a4134c41d0fb0e874f78f9,2013-12-13 22:08:24 +0900
fe7515d66a2ec3ef4fe0e33cb050e93f7e93631f,2013-12-13 14:40:38 +0900
3c302d9e290f5cacaa00d24750fae72d3d35c3e0,2013-12-12 18:13:38 +0900
1b3cfb100c981223ebf82b9021b51eeb7d1cd909,2013-12-12 14:35:37 +0900
2ff0eeaccb1ff37c5f54d1ac8aafedda7bdf6855,2013-12-12 10:13:13 +0900
0ee6b2432efbc809e60df6de073f839d3a2b9894,2013-12-11 23:36:25 +0900
df56fca7c0d47188497444052eeea9b0abc9cbf6,2013-12-11 18:35:51 +0900
2a3173757cd74c91f625853e888314be33b36f56,2013-12-11 17:14:12 +0900
93bae895f539ca1c787150210ce78b2d3233d366,2013-12-11 15:16:31 +0900
01c25d28cc5c541d641d4fa71553d400439907c7,2013-12-10 17:57:35 +0900
551faa514cfb58b3174829c0f318a760b8d0d69d,2013-12-10 17:50:01 +0900
60f7df201d560e2693c29cd75674f2bccccf9092,2013-12-10 15:31:37 +0900
34a296f9549e988acf03313bb0abcab9d4495e64,2013-12-10 13:06:43 +0900
ea5aa8f471c6a0cd8d97bb00eaaceabcdc50b666,2013-12-09 21:39:17 +0900
ad6ff6ede187bea29e64c1745fad4d90f7049433,2013-12-09 17:59:21 +0900
22a6136d33da65f86319aead0a60c34140b11172,2013-12-09 11:39:16 +0900
0ddf6ef4aa2991d88e4a26346e6678da5c14267b,2013-12-09 00:46:11 +0900
25944a91290781774b7566fe64439d33cac1b18a,2013-12-09 00:25:43 +0900
6df36b02d495c9a591297cc85f7df27a58040cf3,2013-12-09 00:07:20 +0900
2c7f552a54080d98545bc4b3cb162b48eadcf287,2013-12-08 23:49:01 +0900
c4d331352daf6b9a742b23696ddfa235761e9c68,2013-12-08 22:16:53 +0900
595675cc7190de87f60bcf3193c42ef1190c2837,2013-12-08 21:39:48 +0900
3a05bbf3d0cbe83e5302dcbeeeb53b63940917b2,2013-12-08 21:24:55 +0900
17d9cd7357d9e4e079a61acbaa755206c5f019db,2013-12-08 20:22:29 +0900
8ce2a940212ef069a443b767102500e5252b7566,2013-12-08 16:36:27 +0900
7e47f6b017717fcc8917b6881fc90c4ade37a8b2,2013-12-08 04:42:37 +0900
3c2a6343fe9056c9e520442b744ba924704fc3dd,2013-12-08 04:32:56 +0900
b444061e2739f71de6d5ce39c2b8bc60b2fa0d9b,2013-12-07 22:29:36 +0900
469c5a2437ded40da5675d2e87c7115583cd1b67,2013-12-06 22:58:37 +0900
c033d85cf065b9030e97e0b4c3596adacbbc255c,2013-12-06 16:37:19 +0900
19b6abc3ec9c6b9f276194937e00ba3fe976e012,2013-12-06 16:28:40 +0900
988fff90c9084762666635d558a203c6903f3dc1,2013-12-06 16:25:45 +0900
da8cd2984317b61273ccd0d415401873c4eb4d7c,2013-12-06 16:24:35 +0900
c18a3f862cf764205abc8d8e491dbc6719a7c730,2013-12-06 11:13:39 +0900
39fe4d765f84af5094387d3a93399c1a0a9fef10,2013-12-06 00:03:25 +0900
45de54bcd915f125c6bf39f3fb62d5b4f0d0780f,2013-12-05 15:46:19 +0900
96665ff0b184a3c33384e40edec13003686df0cd,2013-12-05 11:13:06 +0900
d9e458fa011120d914b50212b094f0c5f9401fb0,2013-12-05 11:05:35 +0900
ab2da738b962e0e4b6687d24d74b28d573634984,2013-12-05 09:10:13 +0900
798d3010b1b28e47e281cb5f729e3a6713eeea33,2013-12-04 22:51:11 +0900
42999010e01040391b32474dcd54ffbff5741e6c,2013-12-03 23:13:58 +0900
e74f254bd87511f6a14044b728fbf7048985810a,2013-12-03 22:48:13 +0900
abc08308f7fe54619c56c6dbba5e4c0e7b669aa8,2013-12-03 19:47:43 +0900
3e2a2636e902137740d5e6e3510af565d8d33106,2013-12-03 18:41:41 +0900
0b0de13b2444f9e75ad3e1f42cba51ddb1f86dc2,2013-12-03 18:29:22 +0900
29a0aa01c5e68422841170b86537eab169eabf26,2013-12-03 16:18:57 +0900
2659cda4a88d074a7664babc39ac6ec1719778eb,2013-12-03 16:11:55 +0900
19c7585cc775764860341fcc9404ee92d80d3b20,2013-12-03 16:00:07 +0900
b3d754e288c0a6004d8e2ade94ad51e690ac0041,2013-12-03 10:55:07 +0900
43ec04aaa34ffe5c5da2cfd05ff919ffac44044b,2013-12-02 17:24:29 +0900
528c914f9a133bef79df07017cfa424c9fab4412,2013-12-02 17:16:01 +0900
778c01f8f71ea6dd4573e83c5b62ccefcd39b337,2013-12-02 16:56:50 +0900
c26831669afd25b4e34fe7fad457eab4e98bcb00,2013-12-02 14:30:59 +0900
14ec0ec133fb0b93ecf9f71628daf80399b0f6a8,2013-12-02 14:27:43 +0900
e29b062d69315d24d75d121b53987e24e0451071,2013-12-02 13:22:43 +0900
3233d3824b8b8c572afe096f41511794d2633e9c,2013-12-01 18:37:16 +0900
dc56c8e714c1c930e6b572bfc9b5aed302075d12,2013-12-01 12:54:27 +0900
02fd6cb9ab7664760d5549c8e59def0759118e6c,2013-11-30 23:12:57 +0900
1191003ef2f20acdfa84490eb314a0e8c5d510de,2013-11-30 23:02:00 +0900
a26c588e31c54e791cbb45f7d5bf1336d0c72da6,2013-11-30 20:56:05 +0900
f9a6e9ca3dbfc7c518ad6f0d3b1c9fe3196b654e,2013-11-30 14:49:53 +0900
2e27a0232ac1bf48fe277a22a818d282866216c7,2013-11-29 11:29:18 +0900
87437f1718e5e55ca4eb4517fcb3a00707cbc5a9,2013-11-28 21:27:33 +0900
1f80cd24b7d1005aa6874143c827bde72d55da84,2013-11-28 14:01:00 +0900
b8435e7c2dd9999023cca6040b33427dd886c2ae,2013-11-27 12:56:55 +0900
67e0d94c4828b014b3b83a6713b172b482b63a6a,2013-11-25 19:01:08 +0900
92674542d03e0c3109950cd3da5f16d1c786425d,2013-11-25 18:02:17 +0900
6565d2bf1e0f9170a318e06553b4c5c70ee0b642,2013-11-25 16:04:09 +0900
83d40290423c2c6d6fa23c0077c8ad7c079b5d60,2013-11-25 15:46:09 +0900
303603379c86cf4208fb90781477981bf4d04efb,2013-11-25 12:10:22 +0900
e5b881081230da251ba86e122a3bac02a91c5639,2013-11-24 21:18:00 +0900
b37453d004f0be10864e1d1188f28a768f5141ca,2013-11-24 16:05:27 +0900
0c1262aed97bd1d3644a695da71ab18c13ebcff0,2013-11-22 23:30:30 +0900
74a786480b0783939ff3453eb0d6a446a93dbc93,2013-11-22 15:02:09 +0900
ffcf1e9097d2ef1104f868b893f4936a9e53f8c2,2013-11-22 10:49:06 +0900
a7399577a72319982fd4ad197b792f1db88bf472,2013-11-21 17:31:31 +0900
effa7df63627940fe7b7e6c89591795a95cdbb3e,2013-11-21 15:52:27 +0900
73911a159c66db379c258a408c08765c897ed34d,2013-11-21 10:46:46 +0900
4b12aaafcee7b8849fb9147f0b5b56f0c67d2220,2013-11-18 20:45:30 +0900
342fd47ffd2a30f4941256ac4a5bc95707004599,2013-11-18 17:56:06 +0900
6e2db3baf86d68ec844a523b5fb2de5d800494c5,2013-11-18 17:48:56 +0900
67a4d108321765401bbee04b489262d92bde8ad3,2013-11-17 00:32:10 +0900
67ae6bc7ac6c99ed0ee203698254d44e1c1cda93,2013-11-15 14:49:44 +0900
943899360a29fdab2ee1aefa7f1708f5666939c6,2013-11-13 13:34:43 +0900
f4672e10466b361f020c26bad752ca12dc0adf3a,2013-11-07 16:00:15 +0900
5dbdd26d76786b22aea38bebfa0b5ad460eebddd,2013-11-01 11:23:20 +0900
2186e63b13ecde617cf79e408a13740755637822,2013-10-31 23:48:24 +0900
06b1e0e70c52c17b68a2cd726985149d5430bd78,2013-10-31 21:37:26 +0900
8e6fec0fcb95c24017ee082df44853a222eb9db5,2013-10-31 11:50:08 +0900
99959420a2362cc7c42a9c8ed7ea294541793bec,2013-10-30 13:09:29 +0900
3c22d3eba437e9130ee74de8f935c7fc330b1217,2013-10-29 19:20:00 +0900
2f09450442bdbdda2a34f9ad4ec66643344a17fd,2013-10-28 21:34:19 +0900
3ed1514f389aec22447da3a37fbd386af6a83c79,2013-10-28 17:30:22 +0900
c0d71913e746f2c930425837a6516cf49d8f80f7,2013-10-28 16:36:28 +0900
7dc8de2833aec5b2d7b9b25d238775e74165243d,2013-10-27 15:40:22 +0900
5470bcea1ae3ec4c627f7f6fc7efa2c1c19e06cd,2013-10-25 14:21:18 +0900
fdf09796cfe2ee7f8a8d322d7900a1e23443b5d2,2013-10-22 18:03:17 +0900
b8ab8c9fd0f2b77e82c8e3ae0b3d366b8075152d,2013-10-22 17:05:49 +0900
e470c45a895785d7737e5322bfd23a5a6ccf27a1,2013-10-22 16:37:46 +0900
85cff2e7101e6e059285a80268ba2d8aaaca00ec,2013-10-22 16:27:49 +0900
b55918bd1dc32a1b034bb67a47114a92bce24b48,2013-10-22 15:49:26 +0900
5855b00c262ea291b9a0298e0d5b89074599a50f,2013-10-22 13:44:45 +0900
77eff67b043d30813314b13b255b647cec6f529a,2013-10-22 01:54:46 +0900
3f267a2fb54b7a99eff6a12537c7f51c65d051c4,2013-10-22 01:19:15 +0900
df62402ff767d23eef6dd986e14c65b03bd7630e,2013-10-21 16:58:28 +0900
668fed59561114c96e8120f6705fc5dc5e2a3ffe,2013-10-21 16:27:43 +0900
d51283284688dfa25550cfe773dfc52391d6b266,2013-10-21 15:37:50 +0900
93b435d28f361a1f6e54b331a6744ed81cde20f6,2013-10-17 22:29:59 +0900
f5a18dbfcf420950ff715d7cc25834036cc7d578,2013-10-17 20:25:46 +0900
95fa2667b12711c7438372ae6e0bcf74f0733f14,2013-10-17 18:13:31 +0900
4074a469244685182158d629e842248a40948689,2013-10-17 12:17:09 +0900
0cf9d4e2024fe513fce8dac14f0e9eff2135482e,2013-10-17 11:12:42 +0900
1325c42e53a3ef23ec07b9ece71714504aea26b6,2013-10-16 21:15:13 +0900
fd60ec395b951764caaed8a8ebe5bf5bef1eb96f,2013-10-16 20:59:17 +0900
202aa29b7e0dc807f2637cf4b6be71a277c0909f,2013-10-16 20:13:09 +0900
3f45f0cdde6c15a820a19f5b5c5a52f7f0322ed8,2013-10-16 18:28:01 +0900
660606beb6865e0a74cfb67cda076db107576a22,2013-10-15 00:53:06 +0900
98b4d315090ff76f8529bb429817829bc1955b13,2013-10-15 00:43:17 +0900
0bea1fddd930ebf50e132f155e0e41d58199ee58,2013-10-15 00:32:48 +0900
683aaf4f0575f0c749e2fe24c07268e4ae4f3bf9,2013-10-15 00:26:21 +0900
9ebe23536dad2877009c92f80d9de6b60f35d6a2,2013-10-15 00:21:39 +0900
447b50e99e7fdf7079846e6b13e38fad6e0b2c1d,2013-10-14 18:34:26 +0900
4dcaffd3c8d1da081c3943af0e89d225f38832f5,2013-10-13 23:54:39 +0900
2bbc3064c34ed59e990bd55584b980b83effc56f,2013-10-13 23:49:03 +0900
56a8e240471223e46b96f715bfcdd51305ad97f2,2013-10-13 23:21:19 +0900
b23c2b5fef3a385d19ebb23e60f3ce80f3589707,2013-10-13 23:10:05 +0900
d01e47d3feaa7581024d2ac01760e52f1df9fab1,2013-10-11 20:34:53 +0900
517355dc50fec4244bc5a9d5f7fc246cfc6f31a9,2013-10-11 19:27:02 +0900
85b839403fc5b3ccde944b650b23d2977321b852,2013-10-10 21:39:33 +0900
5a257e2d4cd9ec2e10d47ca09041000012540be5,2013-10-10 15:07:26 +0900
69a38eb3b2e8b6d09616bb6ff90ca9fb532c66d2,2013-10-10 13:26:55 +0900
d7645252fb6bc3152d9774c6a655b8c083ff21b6,2013-10-07 17:03:07 +0900
1023c8269540f2a3ceedd5942fef896db68217b1,2013-10-07 15:38:24 +0900
c0c6d47f3d0694458dfabf3d113b8fa941680622,2013-10-07 15:35:32 +0900
14ed2ea2383d58682958019d11f5ca4bc2e6f7fe,2013-10-07 15:20:45 +0900
b132b6b69382ac2fce70cc5e62ffaeea59a5c1f8,2013-10-07 15:15:28 +0900
e7f975710f1abff8fd3ebf10322e6fcafac18e0e,2013-10-07 14:40:53 +0900
8b872bc17f9c7dfffdfd44d4c5717e37113ec804,2013-10-04 21:20:06 +0900
b9baf526f59bf668ddd9a80e53afd8360a10a6e8,2013-10-04 20:28:07 +0900
4449d9c48e9d0cdca7fa4a523fe4f9f389404f87,2013-10-04 18:39:26 +0900
3f61b973366f9b8a5a85469379b71f4dfb3ff7d6,2013-10-04 12:22:21 +0900
4bf5c0c3d51c2d12d57903ea7dc47cdfe4870290,2013-10-04 12:03:26 +0900
3e6d684a9f1c7592c99d359c376956fcc9e917ba,2013-10-02 10:32:23 +0900
406337d9d15e5f818d481060e1efd73c958fe26f,2013-09-30 12:31:44 +0900
135b27a6ae481faeb0953fbe53baf81fd54a4628,2013-09-30 12:18:38 +0900
bc19cc2f805b447412cf92f3dc7a3e81333d7c18,2013-09-29 16:50:12 +0900
733192f3bfac8686055f219d4a5bad71d7948d30,2013-09-28 01:11:09 +0900
f4600ddfad489b16c6b584997be6edf7cb01216d,2013-09-27 18:25:33 +0900
3d30e25321d304e15c304e2822593aa3d285712d,2013-09-27 16:15:25 +0900
33f697683e7bda41ea83709184ec153a7628a36a,2013-09-27 14:33:43 +0900
9ca97922386ef2954016efd54e94fd81c2f31f91,2013-09-26 15:26:06 +0900
17287ef58457da7766a78d2655cd332adbc56150,2013-09-24 14:57:54 +0900
3e8215974d696eac96ea5ea3431e8b0082d4a1a5,2013-09-24 14:24:31 +0900
fc018de823dd34d769eb73f3c42e089b0d992b81,2013-09-23 21:04:02 +0900
44bb57dc4913c4947dfd6c96c9b939924a29b051,2013-09-23 20:51:16 +0900
7a2061bb924a41077f8377b3392133a13f728455,2013-09-23 13:20:29 +0900
7b0dec6a7b44fbacf582f8e8fd78d68064b42a7c,2013-09-23 11:25:29 +0900
16d1895e5f51832ce7fb9741ba4fb06c6ec2cc92,2013-09-21 11:08:04 +0900
e595384bace80341c23575a554cd21a95fb19738,2013-09-21 11:01:50 +0900
bd1619de0c0a371363382540f70bd876c08ea765,2013-09-21 10:05:53 +0900
693caefc064c55a4bfb5ba5ed8654d737e6a6f4d,2013-09-16 20:37:11 +0900
1b1d1e8c1a6b82ccc5c3ce4daeb9e3daa309cde4,2013-09-16 20:32:05 +0900
53df7f45594b29ee12d3242720db769419f4d771,2013-09-14 20:55:11 +0900
3915d85e98f00c629e064af26dd3551f29c52437,2013-09-14 17:46:58 +0900
f664e0ccfc59d31b3fab816f935730da53a484bf,2013-09-13 13:26:45 +0900
5ad7fbae98e45307cde51bc58d54e4de95b627ad,2013-09-13 11:53:20 +0900
5d3966a8cd4c3256abf47d4a9084adc7778e8da3,2013-09-13 02:00:02 +0900
3b595ddd389c819ebe79b0c7ba9a6427b153526a,2013-09-12 18:03:31 +0900
5fb4931264479c8d81ace16948fa8f956239c084,2013-09-11 18:05:20 +0900
473347e334d5d55bf0fe160e07480865114a361a,2013-09-11 11:38:10 +0900
23c046990d5d57ac7642d267762e76d1f3e56837,2013-09-10 10:47:55 +0900
2a26edffed8a309ab53f6d253b813e07fa53c245,2013-09-10 10:43:18 +0900
74c369ee2bb7d721f09243bd84f6afa5cb0f7b28,2013-09-10 00:19:24 +0900
7839b16456a0d08119fc0c5269a67c3b70ca802c,2013-09-10 00:11:56 +0900
27a4f5f947c82a5ac1d1c17bafe1753dca3ccf3c,2013-09-09 23:47:21 +0900
d27e51ee51abc132190e070b0e0a7c5219156e0b,2013-09-09 19:45:20 +0900
d33dfb27641c20e074c035ea66795b7fb37c9209,2013-09-09 11:32:37 +0900
30ab48b061fcaefd232544b084e490f04d76de15,2013-09-09 11:28:03 +0900
27f76811c4dc279cd2887adf900466c3dba402b3,2013-09-09 11:23:14 +0900
e448b5efc91afea8dcdf96a7b144cecbe08b3fa6,2013-09-06 16:46:59 +0900
14d1f87dec16ae9be436a8e5b0bd518851eeadce,2013-09-05 16:55:39 +0900
29ecb62b591cb64176b40600e34d36c011a0d506,2013-09-05 11:39:17 +0900
0b513ca07988ae1f008c9a47db993f3bc6ef43cc,2013-09-05 10:57:46 +0900
68d72cf529f688bcef37fee38188d4d593315f45,2013-09-05 01:08:36 +0900
ffdb1c71cf796adafb635b99e80b8764a7b201ea,2013-09-05 00:50:35 +0900
b2dc84fe7cae0b265f2ba11a7b2511d760ccf73f,2013-09-04 23:50:08 +0900
fb37ff33cfaac9d46d2aaa62a9ad64abfc01ee2a,2013-09-04 11:11:01 +0900
3703a7c3617584f157d485f735e374f17d9f27fd,2013-09-03 11:31:07 +0900
bc8e1804c8ec5e02f09c77a2cfe977520f76278d,2013-09-02 22:21:31 +0900
156b91ab7b5d1813b3fc2974e2f505e2bd5950c0,2013-09-02 18:24:12 +0900
0f3965a0005fb6f041d487b5ce75f3ef6dc2d8e3,2013-09-02 18:14:34 +0900
2056211681697aa57e7520f1112e60d56c45e497,2013-09-02 11:26:19 +0900
466adcc57f19005c6f3a9bbbc5cbf09a3d77fdc4,2013-08-30 15:55:12 +0900
ce84eba436aaf639920bb38ff8d5081d01c23686,2013-08-29 11:20:47 +0900
4e47471c3c72756821c26c6817611b6cc51c71b4,2013-08-29 10:37:23 +0900
a09ac15ca326928ed4aa36af25fc85a603fdd05c,2013-08-28 21:29:49 +0900
c027cd271be619f7a19b2f8f91a673099bca25ea,2013-08-26 21:48:48 +0900
d48f2667b822564260b6e5c9705a41e5dcd1c4fc,2013-08-26 21:21:15 +0900
8b8b6683d86ca7d3362ad2c16644f6656d4e129d,2013-08-26 13:45:26 +0900
df09fd22cc99585d3251c8f2d4e0499c7f566309,2013-08-19 19:33:26 +0900
49607a5423c458d2821d7a5bc0db6dde78f8a559,2013-08-19 18:21:21 +0900
6899815fc066793318787c43de960cc52017fcc4,2013-08-15 15:24:30 +0900
f36dbe8639a01a48f3e9f9fe80bb14e1064e9124,2013-08-14 21:32:54 +0900
298ef3a9e186e1bcd06077a34e00d1140273c335,2013-08-14 16:34:11 +0900
9d02088397aca145aa77799e24469a983cc60974,2013-08-14 13:38:51 +0900
a2693722be849bc7174d051a6df6e56c70f69c2e,2013-08-13 19:35:54 +0900
301da59dd8448ef68317008556f3bedadcbf6a83,2013-08-12 17:10:19 +0900
cc2f5c8ea9c7a3f1176cf8573b85b3f35194b0f4,2013-08-12 14:06:50 +0900
cf6bd4b361b57ffebf1c99ed3e4179f4a155c159,2013-08-12 13:36:04 +0900
1c677cc5cc5353177879af157f3bf19a0a1fe1d3,2013-08-08 11:15:40 +0900
87420eb3a2a6e91ada5d05520c347f747ce20683,2013-08-07 09:49:43 +0900
36dd87a32c6cddc6c7c8e5e703029eac5db3c002,2013-08-04 16:22:30 +0900
fdcc31c63de241a5299f763589e414d989e720ac,2013-07-30 13:18:26 +0900
2e9d7884531d20f4fa307a221f3251df57bdbfa6,2013-07-29 17:26:42 +0900
9e98200b937803293e64802a98ac26bc2e736fae,2013-07-29 17:21:29 +0900
00c3ee2bdb9dd047485ab6ec52cd2284f0b1980a,2013-07-29 12:01:11 +0900
ed25aa85a6866fb833fa297171163b6aa2435ed3,2013-07-22 19:58:17 +0900
b9a66ac9cae0b52707f30af746c28ff0a42f7b53,2013-07-20 00:21:01 +0900
592313aab53d65979e8d3dfa533c94d4cb37caac,2013-07-18 10:41:50 +0900
7653c743188f5d33155fcf6cd90f0c1b544b910a,2013-07-18 10:37:24 +0900
41c678eac26e5fdbcd425377e7f190058f8e82fa,2013-07-16 19:09:26 -0700
dbaa8a500a34c8f0ad69b1c2ea24f7db0071aff7,2013-07-10 13:26:37 +0900
a68e4d9feea506ebd6cdde065945577de25aad6e,2013-07-07 21:25:21 +0900
7434d5f99b5d1da0029969d6d72a5b56b3aed156,2013-07-07 20:55:17 +0900
400de6a70077349149b0f236d27dc7b9813d213b,2013-07-03 15:31:41 +0900
bc6359b834ebf67d212efc4fb785c186dc4d2a27,2013-07-02 11:07:01 +0900
f7c171feeab4fc64a84cc6a67bf9ff2e3e488c50,2013-06-27 12:54:20 +0900
73d5b1ee447688f1c1d24956d8f3b11635a95a44,2013-06-26 16:11:24 +0900
d3e3fa5e7ce23413712d041f3580ee2dedcdd28f,2013-06-19 02:34:56 +0900
2c238c9a76791fbc56a0c896b4ac6108146d2be3,2013-06-19 02:23:29 +0900
669f29330017fe5155bb1ca95c654b109131f430,2013-06-18 13:43:02 +0900
30f27131d1383fb84df3c75496b00f03e325a8c8,2013-06-17 18:01:16 +0900
16a0f2dfd6f2735afe6d9b6277aaef16f1999d3e,2013-06-17 15:49:12 +0900
ba0699c71c9176bc659222d005cb10f74e621539,2013-06-16 23:19:08 +0900
a0410d94c20a79a7f9bb0a409786af131a72ee67,2013-06-14 15:18:15 -0700
08c57915bd9f91fc351c69313d0e1f202ff5464c,2013-06-13 19:10:07 +0900
9ca8d365df1dc95a87e6260d4659944ebd147d56,2013-06-13 18:32:55 +0900
d3e276e9fbe4124716e1dab40b1c1b42ac44b1a1,2013-06-09 21:46:19 -0700
c0adf477dbe132b872d8ff04253ac4ed01f97061,2013-06-09 21:43:04 -0700
b6e65bf71f503009f282ead35edb3531e6300052,2013-06-09 21:32:32 -0700
64d581f81a6f541401a1d811008a1fe1051d5fc6,2013-06-09 21:31:49 -0700
3da1ec2cf59cb3dfe8baeccac0ea68ee52f463bb,2013-05-22 11:00:25 +0900
c9a0bafa0f34aa5583ad974559faf2a54caa4752,2013-05-19 22:29:38 -0700
adb6b3e1751b939607dafd1a4f7422e21bd731e7,2013-05-09 16:49:27 +0900
2923f4e3b5812f25e73e26c2af0add4262c6a07e,2013-05-09 16:35:31 +0900
0652815f5e8d1f0e0b571539c5f20de545c2e03d,2013-05-09 14:45:46 +0900
c1c6f83eafdea80d931094285f8da1186f062cf5,2013-05-09 14:37:35 +0900
fc4743686553a5bccfb0195c93d9e1078f4f22ff,2013-05-08 16:40:48 +0900
6628017a56d836d2ec67a89f5ae44014dcad8083,2013-05-04 15:59:58 +0900
44b0d2232fdca80338165ad0629eebbf90dcb7e2,2013-05-04 02:16:00 +0900
da1fd3264b51f350873946b6ab7bedf81c7b9e85,2013-05-02 22:04:59 -0700
1db6ca01d42288387725c2cb3ca0fafed450f2f9,2013-05-03 10:07:57 +0900
39bb519c8dbcb5915cdd618e8113df9bc1284182,2013-04-30 20:52:26 +0900
fef3dd509cad795d5de034253ea19e23219b9c1b,2013-04-27 10:27:29 +0900
6cf96bd4e1b039c8b0381f2564850510bb1ae3b0,2013-04-19 10:33:02 -0700
62064ee713e54a04f1883401f8a1f0a4171c892b,2013-04-19 10:33:02 -0700
75e0e556e0c479993d804576fdafedb3a51c5e66,2013-04-20 02:00:05 +0900
8c60ea8fbf67c72b261cac1543eda17c0d779248,2013-04-19 19:45:16 +0900
58dc28233cc024e24d491c81e223fcbdb72f7d3d,2013-04-18 15:43:51 +0900
08a478fd0e5087c66a633e7ea3fdd69f71b3748b,2013-04-05 13:39:53 +0900
fe5b030c53f9babf11370cf3e483898fa2fe3063,2013-04-03 02:14:33 +0900
c2362cf3bf54df82c6d5fed53f21bb418f634301,2013-03-31 15:32:19 +0900
8557b4377082e60631933db9f902a37a1cc47d31,2013-03-30 09:44:20 -0700
9b85c813d01a565cd1455429cebee42e27969a07,2013-03-30 16:53:48 +0900
8a6f88a9ce4af0dd1bca56e1f5209fa686fefbb7,2013-03-26 20:33:43 -0700
6821057775759101ef308e68146828efffd43042,2013-03-26 20:26:35 -0700
090dcbb52de1b1bb0317a9bc60923fea98973484,2013-03-26 11:32:06 -0700
dac0a02d4110efe08ecfbab2e5d31a1f7ae75cb6,2013-03-26 11:30:20 -0700
29aa091fca44e9505227e1954125708d1304b1e3,2013-03-27 02:21:05 +0900
40138ccfc9b74e6a60b81b500c8e56afa450d41d,2013-03-26 16:32:18 +0900
457fea185f881cf3ee69b81159d01e372815edff,2013-03-25 18:21:48 +0900
ab60e744e4a8b1d3a6772f1221a389d3eafd968d,2013-03-25 00:16:33 -0700
e91cc9ebe1f586f5d40ff87665a34cae1693caa0,2013-03-24 21:34:54 +0900
01c1262fb8867639263cea10f878f53f40ec17b0,2013-03-18 22:30:53 -0700
3429bfee3f157ea134b8642627509a2bf5964656,2013-03-10 10:53:23 +0900
cd44dd655fef81488e76e73f5d2dac563120a0ad,2013-02-25 15:15:05 +0900
939a47f3fd452ca5bb933b5c6c1ad36abef91761,2013-02-25 02:22:24 +0900
ad215f8ee58532885fb19d1cfb8b52f043de15aa,2013-02-24 16:25:16 +0900
900336bd1f35c70109f78d67070aba75a91340ef,2013-02-23 20:48:41 -0800
d4baa58d864b6d861e5c1077310f99ee2fa50606,2013-02-24 00:25:57 +0900
d9a6835e926d0221a98d68c2c0d5c45d7cf4fb65,2013-02-17 02:06:51 +0900
48e30f9728a12d1000cd023f23d92ad01379f3d7,2013-02-16 01:54:58 -0800
65d74187f6587dca92be67ac3228b6791cb47627,2013-02-16 16:06:27 +0900
dac07c0fcccb9d098a9d525488dc2f24bb956018,2013-02-15 05:22:30 -0800
a31216cb6febb139e3ede2d1d730b2c064d2513f,2013-02-14 16:45:37 +0900
2418b6c9d83398c4d81a12be2ca88969a6f23f73,2013-02-12 23:27:40 -0800
840591f250e6b4e5b7b40c2d37a181da55076ea3,2013-02-13 14:04:16 +0900
b4eeadd4ede0be82ba9b3981d45c918084f615ba,2013-02-13 13:53:58 +0900
eb315f14959ad78dbd8df46a9a2104eac0b1b7d5,2013-02-04 10:12:15 +0900
b7ef44fad66092703f997cebb3a6e687a3d4df5c,2013-02-01 21:55:15 -0800
40a2f1a359c86ba8ccec8e18975f87f3086cfd05,2013-02-01 21:53:31 -0800
53f13f6ee9764861ea4ac07af8f936c9b79a82e7,2013-02-01 21:52:56 -0800
40c6592d575079a1c5e143f004231ed8aaae6114,2013-02-02 02:19:08 +0900
8c59669a148cde0a98390a65037dca4fc6db63b9,2013-02-02 02:17:44 +0900
d321d2acc82fe3ba8cf25f8ef4460aa9cbf60ec2,2013-01-31 21:51:20 +0900
908cf2d29e3f0c48b2d04cf5662ccc7c125c2e45,2013-01-31 19:41:12 +0900
cb8a138fe5113ebcb850fea9f9379d66c9a3d102,2013-01-27 18:52:20 -0800
80e6baa611dc17d7b57e348a49ad50ebffa5266e,2013-01-28 11:28:22 +0900
4ec7218e98add52aaf17bccaee6ddec4025ca44a,2013-01-27 08:47:07 -0800
242c284c9ff707a3c1b89217074c09bf7b835d4e,2013-01-27 08:46:33 -0800
dcb1caab85f162b64f9e4842bffdcfa832580932,2013-01-26 06:15:47 -0800
c09a4885da618f0afacf22ad4f547266b2f77856,2013-01-26 01:44:54 +0900
4bc2e19eda69963857d63323a212a127889eee64,2013-01-25 17:19:39 +0900
e55e067aeb1025e924886f636027870eed463a24,2013-01-24 19:40:05 -0800
b6914fcd095336f09e84723039e21c480cf3c8a1,2013-01-25 01:29:17 +0900
3970d84f3379055145ca8d90b0f5193a9d40c4a2,2013-01-22 23:22:17 -0800
50e84117468a939fda753d9afc892c69b9d40a2e,2013-01-23 15:55:13 +0900
702f76f4238f627dc7d4f282d87abb475b651b26,2013-01-22 21:21:34 -0800
7c3b2a3912352738d441b968a87f6af165075b7a,2013-01-23 14:10:06 +0900
ba260441ef004ed8ba31a9cf86c0fdf63f216f6b,2013-01-22 03:57:08 +0900
bc603581437e2b0fbc839aebf908b3606daaab2c,2013-01-21 00:24:25 -0800
61f8e97a325a8182321f80160bded39a44b36b22,2013-01-21 17:23:12 +0900
15a224520cf33360e882a878ae5433de9e943e31,2013-01-20 22:17:36 -0800
ade33a4a8b84c6a7e619aec4d18d309052b16c5c,2013-01-21 15:15:30 +0900
0173002e990373936c94fd8c370ec5b2f12615a8,2013-01-20 21:29:09 -0800
c5ffb7c63d301371672ae3caa1b0fe06ecf5e75f,2013-01-21 14:27:25 +0900
4b3e03d6d7665bc7bb884afb923ef0c3acf7d5f3,2013-01-17 03:47:46 -0800
884471b04294d72af8f973c004cd1b962161a65b,2013-01-17 20:43:33 +0900
f0eabf02aa555b9999d1215aaf4940fa8ea507a2,2013-01-16 22:41:45 -0800
128d9c8904f5b1541575320a8f7309c5e4e67192,2013-01-17 15:39:34 +0900
5b33b87c38a536949920c1955a9bb26e16c1e9c8,2013-01-16 19:57:27 -0800
1a51c18af437872cf83e7fdbf53fc7650fa64092,2013-01-17 12:56:19 +0900
c77f1f96723784e8cadfc7537a1ce5b42c45f51e,2013-01-16 17:16:03 -0800
e1f6a45f8bb35b53bec13f6c6143dff8dabfab0f,2013-01-17 01:08:16 +0900
1b5ea8934b73ed7f23c40e4af491c72b4a206eb5,2013-01-14 23:27:21 -0800
ca39d9f29039b2f4865d73191c82d7dbacde9413,2013-01-14 23:45:24 +0900
310f1ffc9cfbd9c491d46f0c237b8d3563be32d9,2013-01-10 18:59:23 -0800
109d0c64b15f7af6a6545380c3e3d7ca50e6262e,2013-01-10 18:58:58 -0800
fa794ce1a8c541f8e968a857e93d6c997ac89b10,2013-01-10 20:00:03 +0900
48a833f3ef349da6074994d509c4da1d32a1e767,2013-01-10 18:21:03 +0900
4f70ea468b3895a0724bb39fdc5e21c24174cfa7,2013-01-08 23:27:36 -0800
18b9b933bc7a2ffc0bcaff27847fe21ae32fc2dd,2013-01-09 02:09:53 +0900
2a8ab237270293f9ef56b4d015d7625d6d8dd180,2013-01-06 19:44:39 -0800
99aab1fd2397749af5d3637dc63e5a6a7e84b0d6,2013-01-06 01:58:35 +0900
344185522ee9de71354f69cc0fda2316c48b0fca,2013-01-03 21:46:22 -0800
2c42b4c6f8cbadc33fa42fd8a04ee7f3a6293248,2012-12-31 16:14:42 +0900
31254f07da4d1fea229c7bb37f506ff6b7465954,2012-12-30 18:18:21 -0800
bee01edd07ee0fa4a7e5fbec1e51e52689d851a7,2012-12-30 00:59:03 +0900
176d648f40b9c730980172a6af42756a82a803b3,2012-12-28 01:05:19 -0800
b42f64df711f95ef64e3ee12fa809f46b6155488,2012-12-27 17:36:14 +0900
66b524f81900b97b0c0c4635765b214cc68e9963,2012-12-25 17:10:34 -0800
fc1ec1860e85a94d1e24c0e44954a0176b1aee70,2012-12-26 03:14:34 +0900
c92e00d3ba98b311704fd9a406203f1ce66e4453,2012-12-22 01:26:39 -0800
e557b8000281470417d5fc310f6e5d5c9d5b01c8,2012-12-22 01:26:07 -0800
b70a634c3a7740f562b6a0daff400e336ee68d0a,2012-12-22 01:25:41 -0800
edf728212d07c090043b7deb541a37a1747cf890,2012-12-21 14:38:12 +0900
4292d0785cc68b4c27fd372d0c1b6162ca00cbf0,2012-12-21 14:36:57 +0900
4453277202d4cd6567f0a402c05ef60055355dad,2012-12-21 14:30:18 +0900
9e97811b5d659e7baa96bfcb5d1d420dcbf0c14f,2012-11-29 17:53:48 -0800
79f158195fe1e85e7e55b3484a9ec672dbfd8979,2012-11-29 17:14:08 -0800
66ae6ffbbacd246605f93aba029c8f06c9aaff10,2012-11-30 10:12:23 +0900
9f990a2c18c661e5fcddcfad7793fd5e83677fa4,2012-11-29 20:10:04 +0900
d00225e4b1a81a96b9ac5c830db5f7a38cdd98cb,2012-11-27 22:41:14 -0800
fe9c622ea49032ac8b25cc3648535e58636e063c,2012-11-28 15:17:23 +0900
756f4bc3f7f7c46872e130b572f642f675acb9ed,2012-11-18 23:40:26 -0800
fd1ecd82c18ac661cb89a5b7af546744f85bbf4f,2012-11-19 16:37:01 +0900
7d27807b8c9ebe1092a799672ecaa005e7cfe5d0,2012-11-15 21:21:50 -0800
491c54927a4dacb2299923fe3f35a8ead99e445d,2012-11-16 13:55:22 +0900
655fcd746ab96b834928bea2c1b358520282200e,2012-11-13 23:04:28 -0800
ca0d1e97e60a57428227e598f16e7e1c703bd7d4,2012-11-14 16:03:08 +0900
eb36584006fb044805d775fb8fbaec04adfa0b2e,2012-11-01 22:19:52 -0700
e42efddfd823765263fe9fcfb5a81589c93969e5,2012-11-02 14:09:11 +0900
11132b65c1d2d41395cad3f97522878779bf7643,2012-10-30 16:34:49 +0900
17385017b8b1873c20d959cdd971de25efd84311,2012-10-12 23:08:40 -0700
49ba5f325a9821be1d06d474b5a96bc6f73696b0,2012-10-10 18:47:45 -0700
4ca4dde88ff7d42f82bb26bbe2eed3b16ff2cf9c,2012-10-10 18:07:45 +0900
20a56397905390e8f5368075ec1f9e1802d03558,2012-10-10 18:06:46 +0900
08547d49f2803f5285c410aa1c6bdba826a60f44,2012-10-10 01:56:31 -0700
c3524c855b1f32fc55b8c28a0edf093d1f424e21,2012-10-10 01:56:19 -0700
9aadf66bfd9d78504a4b2d60e21d613319d5ef24,2012-10-10 01:56:04 -0700
4e2907d3baf8b7556d4e9cb962f3ee63d73fd05b,2012-10-10 01:54:46 -0700
83f299a9a3900b3ad60ce52306144daffda009e1,2012-10-10 17:50:39 +0900
e04845138cafd53fb591a4612df3a88b25ebabd8,2012-10-10 17:50:04 +0900
f26bad323e406b518f86bf377d9bc50e83d600cb,2012-10-10 17:49:19 +0900
63bef882f9e9c4382900de815dc55cc553ec0632,2012-10-10 17:46:03 +0900
70b34e53039f5267607529dbdd9662450af48b66,2012-10-10 01:41:00 -0700
13f980423bbc626bfc0bb52c34960b5deaab7b03,2012-10-10 01:40:42 -0700
25978be9f76b1e779469a45c8f0e3dce0301617a,2012-10-10 01:39:46 -0700
a3a0801bba89930a9e9de9c2fe907fcbd8bea410,2012-10-10 17:31:29 +0900
c97adb80b15e32f890b8a48efece31287ad29b2b,2012-10-10 17:29:43 +0900
4f67648fa3751f05317a7f52169a0247c592fe1a,2012-10-10 17:27:25 +0900
7f3a05cfe9203bc59665f23c7ee6844441fa5e5b,2012-10-08 19:04:13 -0700
d03c36ec28d2ee87f2395a493527c2d7f9774e17,2012-10-09 10:54:17 +0900
a003790dd21e285a1001e277f7d6418fb1be0a38,2012-10-07 05:35:53 -0700
d542bb3965d9a49d8ce14dbc2259cd615edd5b72,2012-10-07 21:17:51 +0900
58fbaf5efb708bb5fe339863206b583d924aaacc,2012-10-06 03:39:26 -0700
2e4e1206fa0e1e7ae043d887f446f5bca1421ef2,2012-10-06 19:37:50 +0900
db7cd8219d82440fce9cdd5305e6245d8fdcb6dc,2012-10-06 03:29:38 -0700
982232af13700e0361a5372bcc6ceca3f2d4dee6,2012-10-06 19:17:18 +0900
672252205fafd17e9f024503bfb7c6424d4663c3,2012-10-06 01:59:00 -0700
98c51a2510681b2e165d5a820bb889c8005007c9,2012-10-06 17:49:30 +0900
dc0645bb8341c0ab32df5c00f1ea8a6323861a3d,2012-10-05 23:28:01 -0700
89d0ab6e3c1567e490240f944c2fe8c5f578d781,2012-10-05 23:27:32 -0700
675e25048b4e745bf47469e911d17a848c211400,2012-10-06 15:10:49 +0900
32507db37def9cd8ef26f11b4b450a3af69fa36e,2012-10-06 13:00:59 +0900
fec318bb334ebf9fc1f8e2a32d37727982156a3c,2012-10-06 12:34:26 +0900
61a60e292910e002748ba0c744af1635bbc64386,2012-10-04 20:41:42 -0700
375ba738d5b87474ce04d1817b4ecbd0713d60d7,2012-10-05 11:34:05 +0900
1980ed4c1c4cad4d3c9918d0c2748be16212c3a3,2012-10-02 01:46:10 -0700
28e80b8a328fb44632169a15fab2989c378452f9,2012-10-02 01:45:51 -0700
3acdec19c9fae4b4d8e40132c4e2a6ed8308a7dc,2012-10-02 17:37:27 +0900
d23a9ea03772119eeee21a8f9486131bba2bd3f0,2012-10-02 17:33:51 +0900
c2dba95fde70fbbb31b8b31c5fe36d685b24e03d,2012-09-27 03:56:42 -0700
66e2d5aa0461c4fc7e6f04d3fcbca7ab6c450285,2012-09-27 17:12:46 +0900
d897619fec81a8243a5666f6501a88263be79093,2012-09-27 01:12:12 -0700
820143f02c84531e60a58f63c755a5d375931f46,2012-09-27 16:54:48 +0900
3e9af71068a20f441f45119d398d15d7098ae02b,2012-09-26 18:37:16 -0700
66d6e2a4155af42c28248e65cb0bdda2d14942d7,2012-09-26 18:35:43 -0700
ede36a80f8ef2680d904c8d476004e833abbaff2,2012-09-27 01:39:23 +0900
c2fa0406c0b7228a7a9f4d11683316e60f1614be,2012-09-27 00:10:06 +0900
65f00a942dbaf43ac3162aba4a539e06105a45f2,2012-09-25 23:23:35 -0700
9ab8c93c328280bc4e7b38d79ea7ca0d7c4984c5,2012-09-25 22:34:35 -0700
e3c0866e36fc0a12aad33d5a5006db877b37eca1,2012-09-26 14:31:26 +0900
6b7f3f7fcd97c5da25d00feb476dd6527963ef88,2012-09-26 13:36:16 +0900
035fbc2d68d188023fad45cbe949058af932a903,2012-09-25 19:18:38 -0700
e4ab08800758d9f8508ecceab9e66f8d505469e0,2012-09-23 02:40:34 +0900
63c14fc16a1769428923f09f6fca6938b4c86f76,2012-09-20 01:03:28 -0700
7855b6e596406ff8be150db9623348355bc25307,2012-09-20 11:41:14 +0900
531fe8ab75d638a88a38eb4bf8897059e2dcf75e,2012-09-19 07:26:06 -0700
27896f5e3fa5ce5463ed7d15817b885771c6bd63,2012-09-19 20:11:05 +0900
56f3b7e4fece8c814c78558e661db4087695bbbf,2012-09-19 00:52:56 -0700
2b1ece5b58ea325e8988bccc01a7f00829687a2a,2012-09-19 16:41:26 +0900
2d2e99e508ee5ae89e5f287e6e472ec5f425b57e,2012-09-14 14:07:57 +0900
d112537e08f41e759c548d7500e3b76c5a45b757,2012-09-13 19:12:19 +0900
b7f717bfd780807a4a512575ac8d534b1ccc5d1d,2012-09-13 01:29:27 -0700
7da1074e08fad9acf462ae3115367658a80926a1,2012-09-13 16:34:01 +0900
7dee01cb0cca2684d6985f8711c90284672fb6df,2012-09-11 04:33:56 -0700
998290a7515bdae1cd01687d40f21d01e5ad0463,2012-09-11 20:18:04 +0900
d86b34f44618d57aa8758eebc8c7e466ce372b9a,2012-09-10 10:18:18 +0900
a54ca852b1c12272e77f57830ef8c0e9b8a76c02,2012-09-07 18:51:07 +0900
1b0d34ec149186579bb8eb82e9514fdf6a75e2a5,2012-09-06 23:44:33 +0900
57cfcdb263ac729ac102bf7bbc06cdb139161380,2012-09-06 19:34:05 +0900
4d83e48737c43ca0c7eaacc31b813ff86a29bdf6,2012-09-05 20:50:15 +0900
c0125ab3b05896eab911c449b36f615443a85970,2012-09-04 11:21:12 +0900
680b6b73001ba1828690ed28de299d5931dfa517,2012-09-03 21:30:57 +0900
264025c56b1860b5be0e27b005b3384d4bc6cb88,2012-09-03 16:08:56 +0900
598f4dcd9454c231aba03c6b4300ea0812faf96d,2012-08-31 19:41:19 +0900
9daef58adf223c3d56f508e90436120ddcdef2b8,2012-08-30 17:31:58 +0900
b3a7e141f5c2eb565fc5136627c28085841da028,2012-08-30 16:50:16 +0900
e85db3471e9e98e21e6bf94aa1f2b38daa05720b,2012-08-28 20:41:37 +0900
8a0a73bcef3b3f72bcada1c4bb6329860862c614,2012-08-28 02:11:26 +0900
062b87e98f892f0385f63ea42bed8571881f35d4,2012-08-28 01:17:01 +0900
835aed5b683ffa13c37eb0e033cb5287ca55d41a,2012-08-27 21:46:03 +0900
9b4e716b22de3dc9676caca1885108b4d2d94d24,2012-08-27 19:57:48 +0900
b286e9fef17aad71882f279daa9839acba203fe4,2012-08-27 15:43:30 +0900
a870180c454b157a6c78c1b7a0cb4c1d3eacecf8,2012-08-27 14:14:53 +0900
f39b15503df203b16f29f741db06dc4a8d631994,2012-08-14 17:40:35 +0900
489ac1586c289b54101d27d33ab6d75ba96e5e63,2012-08-14 15:09:43 +0900
759eba80d3e15b54a9f3467b7c188c5cd82ebc75,2012-08-14 14:16:57 +0900
0b70794e6e990a7d315b7c974da2ed80a733b911,2012-08-13 17:22:19 +0900
c9b93954d75ea6282a9157cc30cf0a90feec82c6,2012-08-13 15:38:17 +0900
85e04e830ec52becf86ce0e9d1b8918378db4780,2012-08-13 15:37:51 +0900
4ac1b273124ca68848e546f6799edf726d388acd,2012-08-13 13:43:27 +0900
b3c787919aab8ab7bd3e1907c6e2b3f2d2dd2ef0,2012-08-13 11:46:52 +0900
d9a88175ed5bb5376c78f07e49f963e95974b10b,2012-08-10 22:37:18 +0900
1656e2fd60b767f829fdd3305f59111c330f1269,2012-08-10 14:34:29 +0900
fdb2270875f53ae2d157e9889d437f5383014deb,2012-08-09 10:56:47 +0900
8c035481d12bbc95dba0af69b5ffe93b3a33b91a,2012-08-08 18:05:04 +0900
897f7bdc36be419f3fa09d91deee79f38a8fbb93,2012-08-08 13:46:07 +0900
882ac2a694d4a98e6d00cdcbd8bdfd5afce0d6b0,2012-08-08 13:45:02 +0900
45e929f78cff4766c492d8454f0a21f061d71d27,2012-08-08 10:02:36 +0900
f9ff0185da5566a409fa3be0616dac5d3c730363,2012-08-08 09:21:08 +0900
f67fb0e7b2e38d9a960a1333cf94f424960805e2,2012-08-07 17:31:54 +0900
2baac0f9d7a0d32dd2c89900f9ff46ca8daa0334,2012-08-07 13:07:24 +0900
6d95b3aa489a7fde1eb38dd39347c854e4e4eaa4,2012-08-07 13:04:59 +0900
07adc6bc5c41a725c443aa519ccf47313e23c631,2012-08-07 10:40:41 +0900
0f181a2b5ee6e7c6e9992c3fbfbb471c3f749a30,2012-08-07 10:04:54 +0900
cdb9fa922a2c036183d373987360285ebf285b70,2012-08-06 21:45:47 +0900
87ed74575db995cd70348bad933c2aecb66abc07,2012-08-06 17:47:35 +0900
3027efc39901b78fd19db19ef1dd266cd4926b51,2012-08-06 11:15:21 +0900
aa53c61cd77aa97af92e0f0d03203985738916de,2012-08-06 10:16:38 +0900
685e779a2c30da9b9c73c3db9ad748c181e64e3c,2012-08-06 09:56:15 +0900
229ec71a8092af837b18cfc7efc280a8d37cf061,2012-08-03 11:17:27 +0900
c69723fa26eaa3613274f5a6a7b500b77730d0a0,2012-08-03 09:58:46 +0900
65f3233977cd50201730c184a49e074042d1cc12,2012-08-02 19:32:49 +0900
09a8cc425a3f8bba5529a34937cd3c303d392b2d,2012-08-02 15:38:45 +0900
6d22aaf9a16c9325718572e141d6836c2ff7fd13,2012-08-02 13:20:56 +0900
aa87b0a408fa84b4e69600e1f8b12913220104b9,2012-08-02 11:04:45 +0900
323c23ef057cfc5866d7051ec098082727c6345d,2012-08-01 17:06:32 +0900
59fc4a59d6bfb7644edace511747e61dbd220149,2012-08-01 14:17:51 +0900
a2e574208cf24cea009d28653de1e58d1f0b1388,2012-07-30 16:42:42 +0900
6a03819806a1391a684a969474769b54320e123b,2012-07-30 10:41:32 +0900
e91eb21bb9bb08d45c9ed9e20c8186e29c02689f,2012-07-30 10:20:24 +0900
cb0b74dbbfb57c4efdfbe1e2c7ac541b196fbc7f,2012-07-29 20:39:38 +0900
fbc5e3e340e12b3cf6be264185d4315b6ac8532d,2012-07-29 18:15:38 +0900
eaa0648568f3feae0c1f934dc3119ba5de85cc18,2012-07-29 16:32:09 +0900
31b9ee6bf16f865f6add2004a1524ec293bd31fe,2012-07-29 15:54:36 +0900
b6093f0d294014a797cdfac4da3a69c886e7df8e,2012-07-28 18:45:02 +0900
1f78862d43cec117d3ef5ac0591ceb95ee105bf0,2012-07-27 13:10:12 +0900
11c492edd47b8e8076205a6eb53e8fae72bb111b,2012-07-26 19:28:50 +0900
d0708e5ac571e2e962d96026722036533c072ec9,2012-07-26 18:18:35 +0900
88adc740f0910ec9e8a0b9ebc0839ff876b040a2,2012-07-26 16:12:57 +0900
4117a2025f623a60fcf81b48729691856138fda0,2012-07-26 14:26:58 +0900
c498a4f00cba16b6bb8c837041304f60e608b4cd,2012-07-26 14:26:34 +0900
c7b5bee17bb666d21b4634c5053774da431021a0,2012-07-26 13:16:16 +0900
0824caa414a38adc265a39a21777022aebca7fa1,2012-07-24 19:22:38 +0900
25c3c51a51573bacbfe5101de13d7b32d5a86202,2012-07-23 16:06:18 +0900
56b463a02b2c89402144a75f8308a93b20ccc881,2012-07-23 14:54:05 +0900
aecafca30ca5e74a8b43bed4cd9d72cd5a7e5203,2012-07-22 19:31:45 +0900
3479dabddc95eca8f31242c74c91013877e9061b,2012-07-17 17:47:21 +0900
0000793a57b4504b3454adfa8ff7e02262e047a0,2012-07-17 17:24:52 +0900
d2a7ba9467d39b23db5f5c3232c7c38a7baaa646,2012-07-17 16:31:42 +0900
ef8c77464319041d5fcd3eab9b1038a4ee037c31,2012-07-17 15:07:05 +0900
334674d1c3e01551834c42282732ba9d97f53651,2012-07-17 14:01:53 +0900
61d5eb760922d19e851c11c4d146d91a6983422e,2012-07-16 11:12:34 +0900
8ae3fd9432bce7b251bcf50d0d07820813eb7556,2012-07-14 11:25:32 +0900
480d5e7ea0f082978e1ec1cd62b1635096ba07d0,2012-07-12 20:27:24 +0900
a573013bb91a5f2fbb09e5f64c692bd529737dd8,2012-07-12 20:26:44 +0900
9cfea46ff2ffe113dad5b50714d42c3ea5f48c1f,2012-07-12 14:48:10 +0900
8d110793c057de6f736a498ab6be22d542a740c6,2012-07-12 10:12:30 +0900
43b914f2af56658272f24155301a2456005a6355,2012-07-12 10:12:14 +0900
ca3765848a9ca4b3b36db845467157c55c03d958,2012-07-10 21:14:58 +0900
e7460bdd0bdbdab8cdfc285fedb7fd14a677c563,2012-07-10 21:14:41 +0900
9ca07fcd36cbea7995dab5d99e5084bcd07d5ed4,2012-07-10 14:21:18 +0900
16cff89ebc641cb51dd240ed10546f50bbf71c26,2012-07-10 13:50:40 +0900
1ac97320dd839f250d2cbebcfaffe57b639fea33,2012-07-10 10:05:29 +0900
4c8ae31d766357dcba4bfbfb22d141e131e4046b,2012-07-09 20:59:08 +0900
c75e9205a695e4ad3ff5456a6bb0b8d3a4d39497,2012-07-09 20:28:26 +0900
6346c4fa6ce0ae834cfac4b1d008837ec2845cc9,2012-07-09 19:41:46 +0900
f761968f5193baa2a67602cb2b8abf459c43f959,2012-07-09 16:57:08 +0900
596a1ef1957111d4a5449332d559e96744a19b07,2012-07-09 14:36:49 +0900
253d574702829420e47a8346783262d75177276a,2012-07-09 13:13:55 +0900
c31536890ab81997a9c4be72c32aa2bc9993338b,2012-07-09 10:32:38 +0900
15a897ee153a0e83f9c5bc0246fd87db05e67796,2012-07-09 09:47:32 +0900
e8595a7eb2a3dcebfa0764cef306d24760fd3819,2012-07-06 15:16:25 +0900
7a89289e523878ffe4c843f91888f4368e55ba10,2012-07-06 14:58:20 +0900
2ac7695ab9e0a3d76f87d078076c197ebd93ccf8,2012-07-05 14:46:48 +0900
6cbcc8c4189d224a1fb1a3fef2366c5ec978e972,2012-07-05 13:57:54 +0900
d32154d60f18fc22994b1b851119bce1297881de,2012-07-05 13:33:46 +0900
fe1dd117fe24afad4deee91ddf2a5cb758e1f476,2012-06-26 21:36:06 +0900
272e4c98b936d9d0e0126f60d95c26ba9e0232db,2012-06-26 19:37:27 +0900
8dfe97bfa794a8290848f991cd28ff8a1f57484a,2012-06-26 18:16:15 +0900
5893e74978d99d25b40af4ae465471493abbb89e,2012-06-26 13:04:47 +0900
94b25a9a983a6dedeb240d635fc2f47cf23bc6ed,2012-06-25 21:00:47 +0900
915f777f577af98edab0daba0bd7138637257b01,2012-06-25 20:00:39 +0900
ef3aea625e877542744371c3ce9e8692f8cc8b04,2012-06-23 22:22:54 +0900
6616df7d38b6a4ad2581a45eef537b914ec75f86,2012-06-23 20:56:14 +0900
5a8176de8f52ac5c2fe3f668bcbcbd4059adf9d2,2012-06-22 19:12:59 +0900
06161b54137354a6c9c9eda0b8a8f567f96c3095,2012-06-22 17:55:11 +0900
f3b7cc26b17a9ce543426928108a65d2a5040339,2012-06-22 17:05:07 +0900
d9dc5e669aa52440e06687e64302d91eafda565a,2012-06-22 16:26:06 +0900
bbe75799bc0739abff2afe898d9b8b3721776e40,2012-06-22 15:47:46 +0900
044bbbddece34d80ea946ec2b6cda5f1429b78af,2012-06-22 14:22:27 +0900
15fa4333d7c687c34f9e1e37c9eaca14f1d2adda,2012-06-21 14:22:14 +0900
d2a202f1448ff4b91e768f8752388ee1de9bbcdf,2012-06-20 20:19:23 +0900
5d07bba5b2b5cdef7551fd24cc17990392d74d19,2012-06-20 19:34:16 +0900
c53259fd4cc0f02a0f87b6bc2dabffbd0d140620,2012-06-20 19:30:59 +0900
1be85225580e7655bd98bfb51f5ba14cd9df98a1,2012-06-18 19:35:45 +0900
2a7193419f0a2bb696435c2b5480e9c741943cca,2012-06-18 18:29:51 +0900
a4e99e9e7f92ccda04553de12c4867c92c0cb090,2012-06-18 10:28:25 +0900
6dc6bcf782e78218f29ded670171719725e369e2,2012-06-14 21:27:04 +0900
98aad4ae24712f1a99f7468895e9a15dd154d151,2012-06-14 17:46:52 +0900
8b24367cf9c2f4f33571569197d157ef8dfc79ec,2012-06-14 16:17:40 +0900
116085cc09c10ab9fc117b65d6a23652cde3d39a,2012-06-14 14:06:40 +0900
2b465239b62e1a83b576deb15430b00b11062d11,2012-06-12 21:53:29 +0900
300520415e8fb5d1ddaba456b08d4802de7a5476,2012-06-12 21:28:42 +0900
8089bcee67d1bf8a133f552e9bfa5185e7f9e0b4,2012-06-12 20:33:15 +0900
10adf32363149ed810311dcce792e88c37652e4a,2012-06-12 13:47:20 +0900
bf786d23a1cba8a7a44c500f9729f68a200b4f74,2012-06-12 13:20:51 +0900
b7e5c703f58ea61489ec0c1a57212bf2a12345b7,2012-06-12 00:39:01 +0900
6dc5d89a7c37ea0768d7ba1d8657c7033fb81828,2012-06-11 22:09:32 +0900
5e252665399d5024764aeefcd5b05c5b8a4b33db,2012-06-11 17:20:45 +0900
a30a54cc2df56d51bae1e54cad6a113e8c750516,2012-06-11 15:13:13 +0900
17b290157cfb9ea7c6838b8768340d23b4e1bb18,2012-06-11 13:48:50 +0900
fa28afd0c30000e440bdbcc00fe31c18ab15be1e,2012-06-11 03:20:27 +0900
f523951172b25cfecea3733f18bf0414c48e0c23,2012-06-08 10:59:48 +0900
1471071e4363227318c7183b4eb0fed5080d2043,2012-06-08 02:26:29 +0900
2a32e6ec46bb5c84407027db5ca01578ea779073,2012-06-05 14:51:18 +0900
1831911797b12ff90e17c556201cba0d777616e4,2012-06-05 13:06:57 +0900
2256d0d00eea87b343fc7d51a9f6b9c672e67041,2012-06-04 13:19:36 +0900
80192a34e2cb9258d9d21b29a30092b9c23aac78,2012-06-03 21:03:27 +0900
8d18f9e5abe8f7a3439969e4a1e4c105baeeded8,2012-06-01 14:08:07 +0900
4c8cf062469d6472bb539372cd91a832afb6a967,2012-06-01 12:52:38 +0900
afd25665008eda440f7c777a04c02b3cf87741fd,2012-05-31 10:49:11 +0900
7bacc091f7a3939d540dcea37aca61ba2772b181,2012-05-30 00:14:04 +0900
a4dc1075913285ad84cf5b3c0ea14548db129d48,2012-05-29 17:24:39 +0900
20c91b3c73f616a142f1686f2aa4f49813b161c4,2012-05-29 12:35:19 +0900
84a92be68498b56f5c8a9e626c951ac53def2acb,2012-05-29 10:25:31 +0900
53f93bf66f52b2ecfe5a4d2b6f46389bf0895b4c,2012-05-25 09:36:42 +0900
9dbd7cb272e277e26cfdddc63a902e5e51351dd3,2012-05-24 00:42:38 +0900
2ee861e1f412548f6ff72c4c7920c0837e5b3fd8,2012-05-24 00:42:00 +0900
d4ff1c8114a05508e2ed7119a20c11d510e0dd5f,2012-05-22 20:52:10 +0900
199c939e8f4c4ab37dcc48911f8370abb477caa5,2012-05-18 17:04:50 +0900
f060d254a7a03e67c1f97f90d251610bfe2400b2,2012-05-18 14:41:35 +0900
c584eba00658da76d199e36cc4b4ec4133c256be,2012-05-18 14:41:13 +0900
ede8d588012bf31563370caa35cb8903889494ab,2012-05-17 09:09:16 +0900
4d8c18f8a7d103c5a7bee376e8c7f672ab5aac66,2012-05-17 09:08:58 +0900
d4be525fc974c7ce56014d44d5bbcd23bb9bc6ff,2012-05-15 17:52:44 +0900
728a8a55603d596a135a554b2b9d4d1a3cb5b558,2012-05-15 17:52:23 +0900
6cdf5224e7b4dd8c8359278023727acb87209e81,2012-05-14 17:21:45 +0900
d23dca9a281e0cf1f70df944cbc897391ec150a7,2012-05-14 15:03:18 +0900
378adaa81358b9b1b047dd276226eead1db581b8,2012-05-14 11:53:43 +0900
22a9fe00f3d2ef4aae804000ad22ddf2a9cef852,2012-05-11 20:11:34 +0900
f06d63c589926eaa98702e4e20da24d19afc8186,2012-05-11 12:42:19 +0900
664c239e8abe7f39e64ea8c042bebf5697ed5789,2012-05-10 00:52:07 +0900
951a191280199801996b0c0cc531f368c10a027f,2012-05-09 15:27:07 +0900
307b20bcfd2e81cfc7487933da874393668715f4,2012-05-09 14:10:25 +0900
4152275085d6af57de1c341015e18b89466f7079,2012-05-08 11:45:33 +0900
43c8fa2190cfd9c7cbac28f8edf8cda7118ce644,2012-05-08 11:27:06 +0900
99cddf300f020c56ebabf3e22b7359b30a62d834,2012-05-07 15:27:08 +0900
4ac59763d07b4dca9c7d8d18131618806f1bcaf4,2012-05-07 14:56:20 +0900
ee3ccb50ba9bbf450aefed2d9c11bef4b8db602b,2012-05-07 11:33:26 +0900
58dc52aa8c958a144759d30cab02e930d878ed82,2012-05-03 21:55:23 +0900
16f584bcee941b3557838525ba353a55cfad3a30,2012-05-03 20:44:41 +0900
a7ad4f05b0f3ef3103e45cf24cdae5772582ecb3,2012-05-03 19:57:03 +0900
bd08e4b08bce2d010f2b9a7d363efcdbe4009bfc,2012-04-25 20:43:35 +0900
b709e1c96d7c7702d6b43b62b284a0c26b310843,2012-04-25 20:42:52 +0900
09d71cf84d9101fc0c2ad1913a7bccdb3dd8accd,2012-04-25 20:13:29 +0900
60499968d9c834edb36497e8335bea8db6ade7b8,2012-04-25 18:13:59 +0900
b39ffb38dd23d1035f35de6520ea57c727e8d96d,2012-04-25 17:59:03 +0900
82246a06c3ea101de8c6f5e6ed525bf200f53360,2012-04-23 15:05:49 +0900
43df9561f625a4fbb48e2854504677293f71d7a3,2012-04-23 14:07:31 +0900
1ec38c42be2fbddb9c4d8a1e0fbd90b347c03f4a,2012-04-23 12:03:13 +0900
2fa9f2b2dad4a3f7e9745124e47d9aeafced20ab,2012-04-23 11:19:41 +0900
0ffa6a1b4e6e316ca8ebea2a3255b327025466dd,2012-04-22 23:10:17 +0900
ccd8de54e669f40826aa967a514ec49200b2686a,2012-04-17 14:19:55 +0900
399551872d646db348dbb36253179de4eb72c907,2012-04-17 14:01:37 +0900
3f4eca3e668e463651b73725a3892c18601ffb2a,2012-04-17 13:57:39 +0900
c3dc6793474ec1133c34fc8f85f61e56fa763786,2012-04-17 13:53:28 +0900
dc980daaf585d9a467bbba8349294975397f0b0a,2012-04-16 20:31:37 +0900
7827f4bbc91d9f3b22fc1a070198e4df10ea7cc9,2012-04-16 15:10:41 +0900
6b001d2add6675776778c614c82f84e384b5a685,2012-04-16 12:26:47 +0900
19fd1f8ac98309e17b120c073772615ea6e8ca99,2012-04-13 17:39:34 +0900
01173d563b37766317f25e07d61f46abf28556ba,2012-04-13 16:13:24 +0900
d6525da19374c3a7beb419ffe1c9116268ee95b0,2012-04-13 13:59:59 +0900
7e96a7abf2d7ffb7a4ade35835f7f17d9745d0ce,2012-04-13 13:14:14 +0900
6f0e1f9082b67b59a4294006cbc734bdcc7799f4,2012-04-13 11:07:55 +0900
c94dceb43da93b2616f6f410e1485b1f08b49f5a,2012-04-11 16:01:53 +0900
c47f12062b379b515be3162cffc8237001da33de,2012-04-10 11:17:04 +0900
7bf3f4587953a98d70bd9a64566a54e6c49c91e5,2012-04-09 21:27:27 +0900
8ae0f0757b9cd8e675005289c1e684fd9a381214,2012-04-09 21:07:13 +0900
5f5cda2c660e669cf4348680ad1fddf1671397dc,2012-04-09 20:18:20 +0900
05085de9ce0e78b70e87362360a69e27fa5374ee,2012-04-09 19:52:18 +0900
e612aba5db6dcaa7665a373751ce6a0f0ed6c333,2012-04-09 19:22:58 +0900
33ddcb3cb051cd776dc19f4a2c26bea05f19420b,2012-04-09 19:03:05 +0900
258f875201fd2ba42403311dd0b00b55303743ac,2012-04-09 16:58:27 +0900
0a9e88f3b976dc952c39236b63d2c65ed0141e68,2012-04-06 18:40:47 +0900
ab166f579c0b61fe864ba3de92e005ad8cbe440f,2012-04-06 10:26:43 +0900
6151d9e696c02383d6bc00190a9988708409521a,2012-04-05 14:03:46 +0900
43d5c123dd7e98ca2544fd98d32ffd5e526cc421,2012-04-05 13:59:56 +0900
3c6b07f7a77992c0c74eba6593d9f5eb95b3f233,2012-04-05 13:59:25 +0900
f5cc73785314547ba2b97c2312bf0477bebff05a,2012-04-03 18:28:37 +0900
4c5059a64a47986ae6f2bab0170a89b6a40b42a9,2012-04-03 18:20:40 +0900
d3d53da373820c49bce57213ef3ca469af5facd6,2012-04-03 11:00:10 +0900
b93a4ece3284b068d6accdd2e58859d6b9ea2ec9,2012-04-02 17:26:04 +0900
74259e7caadd1086097c7b4db69f0f61502ec0a0,2012-04-02 17:25:49 +0900
7dc59455b440886fd07d233d3280b335193e806d,2012-03-29 15:05:08 +0900
23fd97e1f330a9c4a27d3cd894120ca56e3e8cba,2012-03-28 11:23:39 +0900
b2fe91911ae95f82ea803104ec51ba893cabb781,2012-03-27 20:08:47 +0900
8760770517b6e54057d7bdd8e9baed1316d32ede,2012-03-27 17:29:55 +0900
01588eff8227849c005cd794a98eb0485bd65eba,2012-03-16 23:29:52 +0900
917d62893adfa0cabe7ea0bd7cba3a1922771e34,2012-03-16 23:29:33 +0900
d6961c4d1efde92a419f69f80e56930b3dbac338,2012-03-16 19:36:13 +0900
c7c8773cda6aaf699c764356574a50bf1f80be0b,2012-03-16 19:35:54 +0900
10dab0517b728f56dd0e0630950ecd500dddcfef,2012-03-14 18:03:28 +0900
1036a5e633fc8f066c7b0be7778b038b181a685e,2012-03-11 15:57:48 +0900
dd89274cab3861c3fb6d2ca2659c9005b25b357d,2012-03-10 16:22:01 +0900
7b2d7ef64b9f3f673d0776ce16a67962ed432ee8,2012-03-10 16:21:12 +0900
c1b722febc5bf20ec512ef1c1116bf529b459064,2012-03-09 19:34:09 +0900
e2b65840fb7506a2f2d5f1ea4bc856a28efb5c0a,2012-03-09 14:45:25 +0900
54838213c09b5a8d8eaed33336e7ad0e800fcc59,2012-03-09 14:32:45 +0900
ffc9a754bfb98f82781c7783eb23682dab08b64d,2012-03-07 23:08:23 +0900
102971b18624de5d5cc01eddeb56915ca3f13876,2012-03-07 18:21:16 +0900
e3a97d82f59096d8f726d76a6ea19faa24f0459b,2012-03-07 18:13:38 +0900
04f284fb3460ecd92dc0b8770b2d676e471238e2,2012-03-07 14:08:24 +0900
6411b3b30a2b67a91914180273eb0d060ba7c0b7,2012-03-07 03:55:02 +0900
562c8f6f4ea6fc14da1f0346690bd8d4a9fc33cb,2012-03-07 03:53:22 +0900
fbf3955e69bc0231a91a4bdadf8f949ac5c2b479,2012-03-07 03:50:59 +0900
fb9a067411ef88517813ed6a09376e5d5ec350f4,2012-03-06 18:57:36 +0900
62694f7865c0f862513c491794a5699d3f6ec549,2012-03-06 13:41:06 +0900
0d7eac165490eae7efda089cebfa3a621e0bcbab,2012-03-06 10:35:47 +0900
045021cd9751d538090160e89e68751892370779,2012-03-06 10:31:50 +0900
c233accb3f2b38aeaebe15b29ed25bee61ca43ed,2012-03-05 23:31:07 +0900
c66271341b11bb97b00a3fe99aa5fe79e743818b,2012-03-05 20:16:45 +0900
2d423d78ed68442d9586157340373a314dcec66b,2012-03-05 20:16:27 +0900
d498a4a906aadd6db2b614c143423a7d646dc6ee,2012-03-05 11:47:19 +0900
cef5605cc3d896c35b2265d5227ae31dfc866218,2012-03-05 09:59:54 +0900
623cd68bfedec0c90dc6d411255d0ddd02e6d3fe,2012-03-04 15:05:49 +0900
a1928b55acf6178483f66fa584f0a9bea487cfae,2012-03-04 15:05:04 +0900
668627b928a8c17f60f2b6b18b59c7353d318aa3,2012-03-03 17:33:37 +0900
98fa07c875fb2136082e4b0cbbd0b4703b5f1b26,2012-03-03 15:56:07 +0900
633e2e875cfad4dc6dd54a16ef007cf38867a9ce,2012-03-02 21:25:27 +0900
5a42ce95c28e7d7d3ec4d26588f2bfcd6bdb4c45,2012-03-02 14:24:10 +0900
71536307f1cb99f0578894f35b39932d6ae7d995,2012-03-02 14:23:02 +0900
23dd7041301781886e466444f87250e1fdc669cb,2012-02-27 22:37:40 +0900
d503a76739443bc56729d1ac7dfedbd68bca8b2f,2012-02-27 21:52:28 +0900
da752d87533f1c160cb124ec75ab0a8933e721a3,2012-02-27 21:52:21 +0900
bbe1b2049cac2d860d3f8261fe95f184d699438d,2012-02-27 18:25:53 +0900
f8e2359163207fd7f9c9d1a059dca6d8a6a1eb32,2012-02-27 16:53:55 +0900
2340ec4af9a0a80fcd7c868e8d0e264ee6ac425d,2012-02-27 13:53:36 +0900
dd2cf7f4ffdcfdad883df71b2a54ca03c4832270,2012-02-27 13:53:14 +0900
28f891184496433268cfa6ded9243791960a64e1,2012-02-27 13:37:24 +0900
99c0c32e61655343d0dda9a390b7c96d3bc7ccdf,2012-02-27 13:27:22 +0900
abcff2baa51d6f1f24c7d18e4c8cf8fb49dd2078,2012-02-22 18:18:36 +0900
4c5b4cbc2436f2761a30f1b72feb3ef9802e36b7,2012-02-22 17:24:15 +0900
6dc0bcec8c92e57e88747173f3f69693263d8434,2012-02-21 21:29:54 +0900
3e14fbefd38e3273ce37fb0ceea920436376ad55,2012-02-20 19:18:31 +0900
8e0c088e47523f73966c4f20f6f9869ee6c98f73,2012-02-20 18:03:48 +0900
67e478ea066a6a0dbee9535ff8ecce68d42ca068,2012-02-20 18:03:27 +0900
5a854cf53d135c5dfffe9c466a7248f5c9325463,2012-02-18 17:51:14 +0900
9fc901403bea419ac207c96f0385175250cfa0e1,2012-02-18 17:16:56 +0900
dacb9e415db449f50327fb5ee2045b4034860778,2012-02-18 16:45:37 +0900
4d4710b57c70782bc0a038e9dd8d3d91459a8b73,2012-02-18 15:17:37 +0900
a4cd67c8db3b2426f989f8e61eabd4440fcac537,2012-02-18 14:42:48 +0900
3cf16afe475d7fab3fe02a1a10fc9f29fef4183a,2012-02-18 14:39:30 +0900
44a233acff81745aa55edc817fe53b58ed2950e6,2012-02-18 14:25:13 +0900
f6e65db352c6a4a37a92a893a1575ad49d55c869,2012-02-17 18:59:30 +0900
5e1d4a5d564c9b683a9a559c6cb5b60e4f06ccf9,2012-02-17 17:26:04 +0900
0072fdecbb0ca810292e8661d5f1bab1e43817cd,2012-02-17 17:24:54 +0900
827a7211c59d2c850bb1cf3db6d572291ad2a6cc,2012-02-17 11:42:52 +0900
53775e415c1e9c02cf83fc69eec8db2a1b42d23e,2012-02-15 23:01:22 +0900
ade1ba87c757a77f3fbe9e06a2668194f168f179,2012-02-15 13:35:34 +0900
b6871e913fffa3dcdd8510f4950d51f04d938e1c,2012-02-15 10:20:24 +0900
fa4f1c5713cab4d557874c2d66e025cf688c1c84,2012-02-15 10:19:49 +0900
f4d31a6a183104cd5c04480e795bff2b824bec57,2012-02-14 23:38:49 +0900
bbb2164d83f29871e8432c8b0394da39fdfd9d73,2012-02-14 21:58:05 +0900
7122b6242b3dcb6301b3e1e3e335fc633625834e,2012-02-14 21:53:50 +0900
d7195ce611ff1e821dfc936d27aaee9f23b47193,2012-02-14 12:18:58 +0900
9e4eb65ae488abf0d55c070119588e8bb830b446,2012-02-14 01:40:28 +0900
801f4e4c057726b609fe60e507fdd3aa54b31637,2012-02-14 01:40:00 +0900
8071b10416cf57cfbd0a41f7e26a33fb0e113301,2012-02-13 22:01:58 +0900
7634f7dd18e9f3544316918c0586573cc97dba08,2012-02-13 19:46:03 +0900
99c6942bcb2637cf1e159290d6b0de1f21ed75c1,2012-02-13 18:29:46 +0900
91d7ab5bb0d8b32d426c30b7517f30605091e043,2012-02-13 16:46:20 +0900
cdcce98bec31fec8a4b399b1b65ec450c5a96ea4,2012-02-13 14:58:52 +0900
32d8b2c54c7788e227642cbfd2b4264cf5d569ad,2012-02-13 13:02:08 +0900
394a75b29361fc41dc730a028d087b4c004e837b,2012-02-12 18:02:59 +0900
08129b4b9a55e920321e997767ae45ccb834f652,2012-02-12 16:44:51 +0900
f6d932ffc3068743badaa0d92af865a6a819948d,2012-02-12 15:42:20 +0900
95f6e7da293aa86cf5502a6f72a5cc89a42a2cb9,2012-02-11 16:50:55 +0900
dead23e18c6db94811508299de0b4f281dcfeb12,2012-02-11 16:43:58 +0900
7c3dff560575be64d8ca5468fa403fd73013d8ea,2012-02-11 16:43:10 +0900
fe0342753c517964b9c8f4c13a0a6212d6e72537,2012-02-11 16:08:58 +0900
7d29592ccd96cefd097e13e722c837c69eafbf46,2012-02-11 11:25:37 +0900
5cdb55fd79d30fea5fca3c8f36019578a08ef4e9,2012-02-10 13:44:26 +0900
140b5b47c3a764fcccd96b12bf8a9a33cc5d8aef,2012-02-09 20:24:36 +0900
11bb7036abb750a7d68b475c6fc954a35f43362e,2012-02-09 18:50:34 +0900
8e89ca37a6cf18b1d32dee88c9afceb4cb1389ff,2012-02-09 16:56:06 +0900
62e2f234ff99fb7b972e323ca80ce3b302ef2c30,2012-02-09 16:31:57 +0900
ef3724e7aa52e974db0c23f627a7462550d0079c,2012-02-09 15:30:08 +0900
27c61602d667fc3c1126aded4d954edb3f938ed9,2012-02-09 14:54:21 +0900
666ef3c0bb1313b13b0253320630b5fe4d9a48ae,2012-02-09 14:06:17 +0900
c8ffcbfb2b4a4b64db373653c393fc5986b3b7d9,2012-02-06 21:54:20 +0900
64c99f3422648500038284da8e8ca42f04db30a4,2012-02-06 19:04:21 +0900
7516c2bbb136246548a4fed19b7e6682965b1eb0,2012-02-06 13:46:14 +0900
cc90c9d48b022a0019ec859c2404f66e9d08c78d,2012-02-06 13:39:01 +0900
a1c02a5d11e3d66d5590fe844584a13c4a757359,2012-02-06 13:37:23 +0900
4bd5a4763778f6bff1b1e6fd399ff21a5c6a97f6,2012-02-06 13:31:56 +0900
686acc22df695c5dada645f414d3e8cd62ce05d3,2012-02-06 11:47:32 +0900
5a92ebe495e96f8c69b558e08d0b63810f2ce272,2012-02-06 01:39:39 +0900
4f56f2d3a573e32c71496e156a2f6b288763f619,2012-02-06 01:31:59 +0900
92009705a5440eda15cc31e6f4338df40dd82b99,2012-02-06 01:13:12 +0900
cf0b42e2308ef810102a302f3ef6c62f9b7d7528,2012-02-06 00:20:18 +0900
2026d46cd86c11da0909e07fa098d5dcbb0af9d5,2012-02-05 23:50:44 +0900
43297a5fce6364e600ef5481396494bb5c27848e,2012-02-05 23:40:31 +0900
14ee76b9a5709662d304c6d3ff6f81f72cb6072f,2012-02-05 22:37:14 +0900
d826f7e600433392ee849100d96a4d77567ec0da,2012-02-05 22:33:25 +0900
0a45f8f02abcc46a937c1b8f9bb1189410158461,2012-02-05 21:03:44 +0900
c64c8a8c43dc6783cd5985ae38e80f81d69815fe,2012-02-05 21:03:30 +0900
1be308bb75fb758fd800097d9f42958f9dcf69ec,2012-02-05 20:26:01 +0900
fa2f400bdd8d72b65ebf4e5d7846c4d456b86c7f,2012-02-05 20:15:26 +0900
8b777ca6bc9713578425f9c706fd9ff9d19864e1,2012-02-05 20:00:10 +0900
d385153cdb1b15c8078a8d05245d526b93ab46cd,2012-02-05 19:40:01 +0900
a3f761f3906bf1be536a93c3dfe911e7dfb62fbf,2012-02-05 16:37:29 +0900
ca7ac7d7dd894f82940f097031ccd5e5ee3c2b65,2012-02-05 14:31:59 +0900
9741657012f259a4aa871848e9d9905eebcb17f8,2012-02-05 14:27:42 +0900
500bbf700deef7b5b9eabb5354adfdd5baa4328c,2012-02-05 13:25:14 +0900
4c515a2123cde011bbb62f1e4a586ec12a00e768,2012-02-04 23:49:25 +0900
13d6474db1a57ee691a4ea76fb355a4db2253bc6,2012-02-04 22:45:24 +0900
23e5f65084abf373305751b9b5baa76a1a0c92d2,2012-02-04 16:38:49 +0900
40fb201ec8522c658475cb71e3655cdeddcf6985,2012-02-04 15:22:39 +0900
7efaa82eedc75b8dd8533adf9fc7eebf976f1f70,2012-02-02 21:25:56 +0900
7217c972d1e4bb364e405249407d66770a82831d,2012-02-02 19:50:13 +0900
86d94109e4ea4ce857d7844ca303f4055ee7375c,2012-02-02 18:15:54 +0900
ca4e9a61603d6694b50103d30b1f83c4a0ea076c,2012-02-02 18:15:03 +0900
d251625ae050174859ad09e6f5912b40f8de3596,2012-02-02 16:04:26 +0900
c65cb3bd8e39a690b261dabfb0c9e8e29f33858d,2012-02-02 15:27:45 +0900
11ab8e331d96a09841b03be5c9b937622c3073ac,2012-02-02 13:27:52 +0900
3587c3547258146b762cfed7ed4ef492aecd672f,2012-02-02 13:23:21 +0900
12964794f5588ba21abc4f7ce3ef5537def16f17,2012-02-02 12:11:43 +0900
7fa5368efac7e8dd1d9d37c0d374d261657a67a4,2012-02-01 15:15:48 +0900
00543e2edf9cbff524df509ea91eb3f72412d20f,2012-02-01 12:49:29 +0900
af1ce4485aeb437f8ac088d945f6641f808053b4,2012-01-31 17:16:05 +0900
5fd4bc88dabb76cf97712394baec9b2d20d94cf0,2012-01-31 11:25:20 +0900
b714272d6f6a70f8189d0d38ba35d73d5c4f7fd2,2012-01-30 19:51:40 +0900
2a1fec9281912d3b3956da143be5696af8a42e47,2012-01-30 16:58:26 +0900
e54a9104648fcba5aeda69b4c09edf98eb729ad8,2012-01-30 16:47:21 +0900
3e6ca9dfbb9ce34690fd66a2a05677448b0047f7,2012-01-30 15:41:00 +0900
59e58c070686ca2beb1bbc1ef14ebbcdf5be9b42,2012-01-30 15:03:28 +0900
05075ce37886a5f5677d8fe85f3a36dc9906af36,2012-01-30 14:47:11 +0900
c46f2f387e9c3dfe2339c7c82677da4ea2c9e93d,2012-01-30 10:49:32 +0900
352d3efd9e72b3c0c669d5d42857b5a41a080137,2012-01-29 21:53:56 +0900
146844876a472d1877373304d27e73c44ae56252,2012-01-29 21:50:44 +0900
106666a6059279de2a9e55f374751da79f6bce90,2012-01-29 21:07:15 +0900
0a9f1b5d0f31165b22a7fb3787e8329b2ccc3ead,2012-01-29 21:04:03 +0900
d2f270359a0ef71a0e20fd1a509b54bb64a28317,2012-01-29 20:42:42 +0900
2c3dccbbb5b0d5ae1eb880c7b8f30048b34b4bd2,2012-01-29 19:01:24 +0900
c8f74a37c61ecd1a48f687397f2090773de840b5,2012-01-29 17:06:09 +0900
efd0a11a4c85e7a8c8a28488170470fbd06d44c5,2012-01-29 16:54:18 +0900
a1a13ca2be3b7c842df687ab000b3bb61b85910a,2012-01-29 13:52:28 +0900
dbb7e28a5262c61e0aebbad2a608562e837ea6f2,2012-01-29 13:47:53 +0900
7bb57aecf08d566b9c8dfe6d2e37019507efe4d3,2012-01-29 11:11:24 +0900
40bcc5327475947524ffe93bc9bf9bf675685710,2012-01-28 22:49:51 +0900
7e94cd752684b091b8d7a1d6b0c3890bc6ee1604,2012-01-28 22:45:09 +0900
edf7602cec1fcc44ac9b4f96aab9668a6499cc58,2012-01-28 22:38:37 +0900
677ccdae64108cc60120ab9916cada7ce942a765,2012-01-28 22:34:15 +0900
aeb7f473bb126db5b8cdaeaeb00a620fe2a57082,2012-01-28 22:30:32 +0900
4dfb154abdbb3bd5f85c52f13a43effdc9a796e9,2012-01-28 19:57:23 +0900
d2d7a7f1f7b0e950e3c3e8f795421b59b3659b45,2012-01-28 19:31:40 +0900
c1cda3ea32010de9bdc66323fb8e6854cae87a80,2012-01-28 15:12:30 +0900
bfd73663eccc9dbce7b0d52e3c507120be891d1f,2012-01-27 22:51:44 +0900
ea4543f66ea5353d65c02a85edf5cfddcfa414ee,2012-01-27 20:58:34 +0900
972bf3aada216c62fec308db275d705216027de8,2012-01-27 18:39:56 +0900
bb0b3a883d0ff3fb6ece993d1cedd5b32fbdb3bf,2012-01-27 18:04:50 +0900
eba876f21980dbd43899d1f0889e21249d960376,2012-01-27 13:52:03 +0900
e517140b618e43c9d30ec30bcc84fc693f0536e3,2012-01-27 13:46:02 +0900
ce06041033e562a8b6bb41c544d4c2a08559f5aa,2012-01-27 13:14:47 +0900
43837805aaf11880ca83ca45c6f35fc7b15b1c35,2012-01-27 12:57:45 +0900
2421201231ebfd8800fbf480728b14c73030fc90,2012-01-27 12:38:02 +0900
09b157856934345705f1ebbec98ee8b90f6ca34e,2012-01-27 12:37:33 +0900
8d293fc7048e869694656a2d2d8061bbda559d43,2012-01-27 12:25:04 +0900
b28fb150f2c26d132d6ed82d78a01739c88b8ba2,2012-01-27 12:15:34 +0900
11afe8e8066ecf924dc6eaf3f02f0d0ebb967041,2012-01-27 12:10:24 +0900
7f7bde1a803db25ded528bf6773145db84ef0c34,2012-01-27 11:51:59 +0900
752a7fc6481f390e6b299fa4fe5ebe51745c871c,2012-01-27 11:23:33 +0900
ebb73c9de3f84b463174b522596d6f8dae7d3457,2012-01-27 10:12:23 +0900
8da6f70afb69526e629a041cb93990c4943f5052,2012-01-27 10:08:09 +0900
037b1b56e68a077314669aa97c94cff88a486fc2,2012-01-27 10:07:48 +0900
a57b26f9bee5999015a1a4aad334219681bcf731,2012-01-27 02:38:06 +0900
ff2a928d3ef804909b1a0f25999c72f1f1d69b88,2012-01-27 01:02:15 +0900
1c04533aa7eedeba938ade1c34fa3e7009029374,2012-01-27 01:01:01 +0900
c0cde0ad135f5dd67330bf36ad7d965cf0178807,2012-01-26 22:57:40 +0900
210abec7ed4be4eda0305bb5f42f4ef9fa756adc,2012-01-26 21:14:45 +0900
7c2f217e6c2fb08136e916791fc97d6fd00827b8,2012-01-26 20:38:34 +0900
6ba231c76f4fe96e56e27ac354139c1792250a7c,2012-01-26 20:34:22 +0900
201f027ca0ce1b4304e30c62ec9d4b0ba135c99e,2012-01-26 20:33:45 +0900
2da79ed4bc405e90fe3291b3c748cb7e49d9dda5,2012-01-26 03:12:39 +0900
8acd1bde494c761e645c7de5ae49e22fe3c257e9,2012-01-25 15:59:44 +0900
6499e158ff0caf35d5dd5e4416014de6fa1db3d1,2012-01-25 15:59:43 +0900
aea7ba9cf934ed4d471de7bebb80fcffaacef71e,2012-01-25 15:58:08 +0900
e0207f7cb4fc666004181bfed812c45c7d0b07a7,2012-01-25 12:03:32 +0900
0416bdedfe958fd5a208ae99ba4731cf3c5c676d,2012-01-25 10:34:15 +0900
ca108cc9e22269124b806487f6968597eb166dff,2012-01-25 10:00:43 +0900
d99db4069f5a58a2fb376c5abd806254635ef256,2012-01-24 22:44:46 +0900
bab67cd669937be434e8a5cddde48ded89abcd3e,2012-01-24 15:54:44 +0900
7f09de4c977d88cec12e2ac46b2f5fcd1d5619ff,2012-01-24 10:59:11 +0900
cb6710c1433137159a1d8ee2dd9b83ac0982d5b3,2012-01-20 21:00:43 +0900
8b58b09f55e431ce64de51f97b2d778b1e3fd4c0,2012-01-20 14:15:35 +0900
bc5e0beef75a71ab30277eaf1bb9d30cd93a486e,2012-01-20 11:28:56 +0900
07e2d5dd51aeaddec7946ed743647e4c4bf75713,2012-01-19 21:57:48 +0900
03ee4b686996177e53f84b8b4fbde42a70d1cabf,2012-01-19 21:15:24 +0900
6d01cd77f462303dcbb4c4624249066775ca9f4c,2012-01-19 17:58:33 +0900
590c9f236b78110831da61c3f00c452ff51ef692,2012-01-19 17:16:57 +0900
52a6b4ea428f4381cf2636784d70f367c640715d,2012-01-19 17:12:20 +0900
5d9d5ff0ef59f6aa37c0ae1d4510ed46ba8208e4,2012-01-19 15:53:46 +0900
ef9daa952ac2e323af39e6545a5d4e2a6a455161,2012-01-19 15:42:15 +0900
54b4959d6d8666f5c67d16477b4f0e120828fed4,2012-01-19 15:07:05 +0900
b346aa9274d05724e5d1fb6510eb10f8b2e1f881,2012-01-19 11:24:22 +0900
de51ae0033d50c907949dd97dd04ba0868e9afa0,2012-01-18 22:51:16 +0900
30b1af61739471c1b5b392152d5daedac0c2ecf0,2012-01-18 21:59:32 +0900
17266d2de045eb2d636bf6a7132ee32bd3cac5eb,2012-01-18 21:58:01 +0900
1c9ab3f09f551396f61f92afc3575777bd105c4a,2012-01-18 21:56:24 +0900
41df215502302e6028567b78da96a93d74098b42,2012-01-18 21:42:03 +0900
3340fe670193fb84a27d0a67b58707c812892963,2012-01-18 21:31:31 +0900
eecc9399b4130d283f5aef387537ec7a158bb7c6,2012-01-18 20:19:05 +0900
a307af14f926114e36b5c47ca4ac2aa8c26374f7,2012-01-18 18:44:21 +0900
a37e67b947d73cbe175955b4575e6f801c426418,2012-01-18 17:56:58 +0900
874c18113441e10471655d6c5a393e5b72871f3a,2012-01-18 17:42:02 +0900
3d65c46a5bc12788a9118e170331beeada0a0120,2012-01-18 17:37:37 +0900
766ce5f0e5339f2cb7ed4862b69f94947dd8ab4f,2012-01-18 13:23:05 +0900
518c9a646879805e3d42e0ebeeb100ff94b2c86e,2012-01-18 12:00:56 +0900
75e05f5963f352a5c731d1ee71b1df32a3f73125,2012-01-18 11:56:13 +0900
c494de7c0588d773cb865a895d52c51098fe492f,2012-01-18 11:51:27 +0900
904483c5e950adf7dc0a9da501e9606c2ca1e5c9,2012-01-18 10:57:03 +0900
dc15f275b8eab2a02be0b99932b108217769c360,2012-01-17 21:09:00 +0900
2b3ea2501e3fa069d6eb8accadfda043f571098c,2012-01-17 18:57:38 +0900
95fcc126faec7bfad50f01030557836aaa885ca9,2012-01-17 18:57:10 +0900
e4967f25357d67cace2313c11f0225766ee561ce,2012-01-17 17:42:26 +0900
26942d8920a769b4f5ae66b60ffbca6359c9b4ca,2012-01-17 16:18:22 +0900
9361e0ef0305e8057e2c652bf6d6987a20359636,2012-01-17 09:07:45 +0900
25f5d03ac2c4bb1615ad1b49c294898f42c26a53,2012-01-17 00:07:33 +0900
a49db0bb8f4f279732d743766e336ee177ce17b2,2012-01-16 23:25:54 +0900
c772c000389318ef5580a0073b4950f56ac86db5,2012-01-16 23:19:58 +0900
9b5b1f303160b8dfd1d37e90e1e1d5302fdcb139,2012-01-16 20:11:02 +0900
b0ef35a918191138856e92459d50c353e1ad2500,2012-01-16 19:49:57 +0900
3ddaa84c14a4d576811baaff2efc69c17a15f01d,2012-01-16 17:26:25 +0900
ec92f9cc058ceac6f664098a5cc6c29cf0f55e13,2012-01-16 12:46:21 +0900
2d9d1759b8eb5abaa219e4d2af03e45579f63eee,2012-01-16 11:54:49 +0900
75d6d886a161f4d96a537e4fe451e19b9f744fe5,2012-01-16 10:30:15 +0900
4d568d407e7959025d3f21ea0aded12fcc2e005a,2012-01-16 10:26:49 +0900
0320a300d9f6919b3845c23c4688c777d22e8b76,2012-01-15 21:55:29 +0900
82225f58a98cf2a47250653ef76d67734f7d2cd6,2012-01-15 21:41:24 +0900
8f31f5d5e650004c2f91245ad9b0bfd62855054e,2012-01-14 03:05:27 +0900
de541b4f7411b7c7cbb4c03d8edb58e8e510da2b,2012-01-13 19:53:10 +0900
8d246be3f15004c63c54cfb0b1b816ae748fe02a,2012-01-13 19:23:11 +0900
5c6be02f7cd9a07f26c69090e78554d554fb8960,2012-01-13 17:48:10 +0900
1362aacf26ca55e477126ada218c4d8dc6b40c83,2012-01-13 11:25:22 +0900
65db3679f854e70dc3e18fd77bbf736f7d7db2cd,2012-01-12 13:43:06 +0900
e38a92a307d742109d7b7d2327cf3d85204c0a1a,2012-01-12 11:42:08 +0900
38f728f90a396387e1933f656ae1f0851e4df897,2012-01-11 19:10:29 +0900
3e24fc0ce52f91a06ea98567d7f279ea276717ab,2012-01-11 18:07:28 +0900
38cee2bd7f688ef975ae49c4ca27808891ea191f,2012-01-11 18:05:28 +0900
d46e0f28bc527c3922ffc7a9e2cb4489a0985846,2012-01-11 17:38:43 +0900
c9fcf021805f640a8aafb1d2e3e0410ab14d5ead,2012-01-11 13:59:22 +0900
0eafc76ec8a7f363fc9447754525294497519112,2012-01-11 13:55:32 +0900
406d1e29cbbd49c275d2eaa36d93a73cd67b79e0,2012-01-11 13:48:19 +0900
f3645cf6ae175a3907e08ea654b03e45f3372ae1,2012-01-11 12:00:19 +0900
cb019ac9fc8b0b4511b8d87b83afe5ca5913f9af,2012-01-11 10:01:06 +0900
35f2430fd35b9eded3739e1e4ffe8593b00109a1,2012-01-10 19:46:08 +0900
61f854b748546a001cc002d5c3fb5836df812057,2012-01-10 19:28:57 +0900
b22d8a32967dae74f839140e913f28d2a71a7c0d,2012-01-09 13:49:14 +0900
20d05a9aa99ed82d36c8e1916e26ed98be159587,2012-01-09 13:45:11 +0900
37f911050f4d8a30547bd9554fa736459bfd7860,2012-01-08 14:29:11 +0900
d1f7ae9cf9e8a88e2138d04894e0f028479164f2,2012-01-07 21:28:02 +0900
d73daf7fcd2240b1da0f90860d56173b84c2cb04,2012-01-06 22:51:53 +0900
ea140482d0c9947fa13bdffb07b1f02a4324e3d9,2012-01-06 22:19:26 +0900
a94fc8987ce519056728693f76531937b472629d,2012-01-06 00:39:24 +0900
2d804c33d9124c9358a1126a587be8cab21fcbc1,2012-01-05 14:00:54 +0900
e089e9f1ebade05810ef778760e88fb1f99b51c9,2012-01-05 13:35:00 +0900
510415f5a5eaaae2eef982de006a76ac846178b9,2012-01-05 13:29:49 +0900
ec8370a5d9246d46a5ba7b207b36b8779c19eb36,2012-01-05 13:15:03 +0900
572635731b9df583e9fdfd65f188854a2d4b82c0,2012-01-05 13:13:08 +0900
9b8b09b99ee863802820d155d575ac707a44c2ac,2012-01-05 11:27:56 +0900
8b76f2f45cac7b2125bfba952a4386fa6be936bf,2012-01-05 11:25:25 +0900
19f9188a725f574f7aa44ef35b4b47f23d374bcc,2012-01-05 11:18:19 +0900
3cff4a325f12325c9d6892c9859977a6f5cc5c7b,2012-01-05 03:40:51 +0900
83826400f9e5a353fabc78fafccf634b53a013a6,2012-01-04 17:22:24 +0900
a59bcf7252d8e052517e2a4aa7a55d62d8303755,2012-01-04 17:15:17 +0900
1d87916b4e91a4efaca4bb6156bcbeb5ebf1c20d,2012-01-04 15:48:06 +0900
090d10b5552b0a377178ec28cf4eb61d70777b0f,2012-01-02 15:55:21 +0900
a75c29e532fbcbe4e17f8b16dfd453a3262a1539,2012-01-02 15:39:42 +0900
085f1e8635ed37a0707004c9305d2ad4219bcb3d,2012-01-02 14:03:17 +0900
ac796b8586f1ceb3844dfa11623a27a8af263bf4,2012-01-02 13:42:13 +0900
af6ed13a1e07fff6eeb8d4c00696bfe6adf70d4b,2011-12-30 15:42:06 +0900
ffc1761a456748b3526a67218778e4da42dce0ce,2011-12-30 15:41:25 +0900
01e44c6ce62da6ce2c48651d19ab2eddd1ef0d2f,2011-12-30 09:57:18 +0900
ef19d263f9d0a1310a07dbf82676d2ee72068799,2011-12-30 09:57:04 +0900
776676b79dfc336d95733a7d15cf6c85c337d9c9,2011-12-30 09:32:49 +0900
c7ff5c9c2faf3f93908a0dfe337eeea4b0995c0f,2011-12-30 04:07:56 +0900
619e4eb9164000d874d1b3a2c22819cd87f69cdf,2011-12-30 03:53:04 +0900
794ee5887cbbdbbab59d97deabacba9175982dfa,2011-12-30 02:29:08 +0900
853792095c684f1f5a9498d74340ac8c318599f5,2011-12-30 01:02:20 +0900
a0ac699ca7cee7e44fc67734d85d99bf68fca87b,2011-12-30 00:49:02 +0900
692db1016ec8f12a1b125b990a79ba72cbcaabbf,2011-12-29 23:33:43 +0900
630449cb373337a35ce6ba6d0bd2be25ff1c3d08,2011-12-29 23:27:51 +0900
2113c565f650c22f18c1c938c9566b904c75f59c,2011-12-29 21:04:39 +0900
01c116fff53254ff20036d12b32b1481a46f216d,2011-12-29 21:00:35 +0900
b3cdef1a7ac2368f87c25cccbf7ae1cb58a9ced7,2011-12-29 20:48:37 +0900
0dbcb8a744ce9f246208815fa98531f853a3e39c,2011-12-29 20:35:07 +0900
564eefc0e4ce5a10fcca60c538046560049e2dc8,2011-12-29 20:29:12 +0900
c3a7ae26b1044f159383341890f37211eed50544,2011-12-29 20:29:05 +0900
3b32f8fdc97f8d8a1c5da1ec5663c1ef422593dd,2011-12-29 20:28:58 +0900
46fd6ec7396302532801972a13d7c60d6b338522,2011-12-29 20:28:50 +0900
31f4cbf8ec34d4f977c072cfd7a1dd162ed00575,2011-12-29 20:28:09 +0900
eea277c74cc380a725545728b4ed526b299c75e6,2011-12-29 18:10:41 +0900
3e97bbbca31a699291dd74e6594996a24c8f1e81,2011-12-29 14:36:40 +0900
6dadfa33d46e0e54d0b8abc9a2b3471d4d0a282b,2011-12-29 14:16:44 +0900
ab3b246443003078255617f4c39d3fbfc8b3bddf,2011-12-29 13:19:50 +0900
f1d14a8f438ba16a04f0117a722d6fc6b1664ba0,2011-12-29 10:58:39 +0900
9d5cdd4f415f072a51a38a0eedcacbcda05d7647,2011-12-29 09:30:50 +0900
46372c39a7d68485b226a5de5a8d33c7aa507fa8,2011-12-29 09:29:24 +0900
9d425d4f7c04f2e52767eb75d7cc0c837dca7844,2011-12-28 20:21:52 +0900
e3f5d9d6247cada146a7adbe36e36e55b82238d5,2011-12-28 18:34:52 +0900
7741ae8ba5ebe646dcdf074c4c4ef965df66c443,2011-12-28 11:05:17 +0900
6699fc634cb750072f1e9a660489362bb65bba35,2011-12-28 11:01:49 +0900
3caa32fa7f8c425b2b92f06d11653607e8c1ee8b,2011-12-26 09:41:33 +0900
40a9e2848f1e4d1bea89a0cac21d0873d11d208d,2011-12-25 19:17:11 +0900
f10b3f5f026b44ca551c17087458d40c397946d6,2011-12-24 23:04:42 +0900
91a0e85de52964224159657ee771969ae7770c9c,2011-12-23 20:22:46 +0900
abdbc1121487bdce317e9be77310fe84f5dccdd8,2011-12-23 14:07:49 +0900
f021bb5af7b1af24c4ea06dd4007dffc882fe567,2011-12-23 13:55:25 +0900
1da8fef48483db928ee63aa9454e2775fa1a0215,2011-12-23 13:49:44 +0900
4cd92db8c9547b8620e0f4e132d9d709f7a39a0c,2011-12-22 19:48:51 +0900
a00ac6c4502e4361a811d8319894507f41759de2,2011-12-22 19:39:51 +0900
995bbeee6c04a64bcfdbf5b5db41398f9a94ad88,2011-12-22 18:59:11 +0900
65c541a898e2c54012c5f6be21973d60fafccb97,2011-12-22 17:04:05 +0900
3fc3cecb79ce5763e65cbc4cb1ad9f52f507c820,2011-12-22 15:38:27 +0900
e72adbb29fe296292e73df35ab5a239252ba8888,2011-12-22 15:24:24 +0900
6b1513ac7d9ea93472e76e91565c1d9f22a994ec,2011-12-18 17:21:37 +0900
8916d1ec3df945ffe820b431b0de65489f200238,2011-12-18 17:18:45 +0900
2af05b3d0fb8ba04cb1d36debf8a475c5113f492,2011-12-18 17:17:52 +0900
e76104e1977c6df3005a90cf48445a7e1598fb36,2011-12-18 14:41:29 +0900
5c451afc79937345882773ec1537fb804341a391,2011-12-18 14:36:01 +0900
0d258d4364bc42d34f6947858fa12eaff8860479,2011-12-18 11:59:05 +0900
cfbcfdee737f8ba72d5a8065b542dee153418509,2011-12-18 11:56:22 +0900
752ab5a95e6c1cc42b32c56f680d25d2983ed758,2011-12-18 10:41:43 +0900
e468a0e170cf47e3cc73df85a0ceffcf0eab749f,2011-12-17 16:28:06 +0900
3ee700831670640c26d112a31bc9cf3332045814,2011-12-17 16:26:02 +0900
a777c255ae6fabe62f0aaf1abc319d3dd53c8dcf,2011-12-17 15:33:10 +0900
143c865ec00ee3bb4008b4507aa7278f44d31706,2011-12-16 20:41:41 +0900
27070b0be07f6ad463f6d08c532bf4dce082a553,2011-12-16 10:06:43 +0900
1e7f96a60c9707826b6c77ae4c92515f7b494b45,2011-12-15 21:24:47 +0900
38f20434bfbd54b6981126b78d143b97750e3d53,2011-12-15 19:37:19 +0900
b7ecc79e6b33afff794d7c556943aa815ad4c481,2011-12-15 19:23:26 +0900
95d80b93b714a91ce3cb30694fe93e0cd758550d,2011-12-15 18:58:28 +0900
222ba2077fa6cc6c833daffe5b3bff4087b85d43,2011-12-15 12:52:19 +0900
3bca2932cd80c448973967025692465681d69a0f,2011-12-15 12:51:00 +0900
6e320103ccfcef08c5c2db74db7af31151238913,2011-12-14 17:53:10 +0900
6df31888fb2ac052b6884e4e649e83081735586c,2011-12-14 15:27:50 +0900
207d1fd18214cc748767385c2a66b19af4764fc8,2011-12-13 02:15:38 +0900
bbc8b2fa2955566c4563c8897802554cabd53c34,2011-12-13 01:17:43 +0900
8d5431185d5748e7542b5d53f6abcc69822db651,2011-12-10 22:25:33 +0900
91e1429094160755162cde11dd11ff1b0db37770,2011-12-10 22:22:01 +0900
76889e8d556c73eaf0e2246614ef2330c1ba07c7,2011-12-10 22:21:01 +0900
6575e9eec06ae5fa3530cc1efe907a435f7703ed,2011-12-10 03:32:49 +0900
505e5a2ac81718d2a6a614bde3186c785a673cac,2011-12-10 01:30:19 +0900
e7cdaa0029ad7f55f227fcb61ded6e3524f3460a,2011-12-10 01:26:12 +0900
eca500f7564930d688a43fcf3949338e48347c90,2011-12-10 01:03:46 +0900
4776834185a653f5d1f5454de76017de9b2e9b32,2011-12-09 20:39:47 +0900
