commit,date
e8e97636e37ebebf19074fd32e5055dcc521aa37,2025-10-16 16:43:05 -0700
6d7111b5ccc29513a530a02014556d5a272b6350,2025-10-16 10:49:12 -0700
e667f64f5bddbacb1a641ac8ea67fc21a76e434d,2025-10-16 11:37:01 -0600
f6b627ca1762dbd594c6c1bfe753139c61889124,2025-10-16 08:38:46 -0700
e34ec248495cdee6259c35c2f44807b2d910dc4e,2025-10-16 07:11:33 +0200
03ebc8cc90cc0469b9815d9b1a354e1193ef3d6d,2025-10-15 16:51:04 -0700
d831673c2ccba4213de9e1d859045526e3b2e333,2025-10-15 17:46:41 +0200
ef4007964e364566d6b8ee4951dd3eb7ea70a8c9,2025-10-15 17:05:40 +0200
c7df5200df462764ba0b3e81484243532c941caf,2025-10-14 16:27:34 -0700
34096a7a2abe89c5794087b86c856bb0e57afacf,2025-10-14 16:03:40 -0700
8342cbedd576142f55cbdfac33c4d339471b7832,2025-10-14 11:27:42 -0700
e9b9ef84b5f907f39d1b0bc94b74011612565c54,2025-10-14 19:01:19 +0200
f94fa138a8c5e675983dfd97dc97742543568f58,2025-10-14 09:53:58 -0700
a704de7a2b1c00cb125537436f0049fae73ac4b6,2025-10-14 08:23:11 -0700
02fdf38cad61a64cce8e01a09d38b300f3fa8635,2025-10-14 09:28:19 +0200
58940f3cace188f0f90c47749f187e00f65ec546,2025-10-13 09:55:39 -0700
88349d239fe5c47872d37d356d1afe6a4c2301f3,2025-10-13 09:53:29 -0700
df563c589c40f49767a0f42b2c3c4f4071ff5e70,2025-10-13 09:20:34 -0600
6ca4009297483eaf6a66c865bb0498d778000b1a,2025-10-13 13:25:24 +0200
59344e83dfa61ce5bd834d5a6de9a51dc04b9b6b,2025-10-13 11:51:08 +0200
c67fda1d1970f48f815f4a3afc3a8109ff392046,2025-10-13 10:18:25 +0200
70101aad06acf22bce7a70f223f17a34b71db7da,2025-10-12 16:14:31 -0700
acd3e4657d2f4e6bfe4d092fa88dd362bb50fedc,2025-10-12 09:39:52 -0700
0e04429c4b36c116bd5bd124d96677665a426121,2025-10-12 08:08:50 -0700
06ebf07e671c3ee2b0d0add1c4dc849ab9cbf630,2025-10-11 22:24:02 -0700
765cf8d79ce2c920f65301ef288b46a21a95f50e,2025-10-11 22:23:05 -0700
6ad5dd8188bfeb551b543a1cae47cfe936893d55,2025-10-11 22:21:42 -0700
0fc9d7dde33711200fab69a643a2f972d2c94235,2025-10-11 22:20:16 -0700
77bc1d08ecd46b1d62a3fb51ad7d1935788f30be,2025-10-11 10:16:29 -0700
a473b1c6e03f43afa2006fb7e8fc4d2ee969b751,2025-10-10 16:56:33 -0700
7f411135562e682916f8f411bfc7455e3f79956d,2025-10-09 16:20:21 -0700
9ee4d023f85d70e0a0c14431f2561af479508640,2025-10-09 07:16:23 -0700
ca8fd16c4c3fb8c4f622d8758727e069ed8ccec5,2025-10-09 00:02:55 -0700
9be7c1820c5e27cc029590af1dfca470dbbeb8b7,2025-10-08 23:10:28 -0600
e70832cbd85700843020d49401db22fe27e32ae9,2025-10-08 17:46:46 +0200
533a75c8a50a4c9ade7f22e03b61f2828e91e742,2025-10-08 08:41:55 -0700
8bb66f7071cacfb69f37d72807836b5a841df0ea,2025-10-08 08:20:35 -0700
620892cd70b5403e2571c1d119ce095887a0dfa5,2025-10-07 18:41:05 -0700
840497e3d73c45665610cb2e897d6f3eb53fd9f5,2025-10-07 07:43:59 -0700
fa93604c8503ec5e02c48b403cbd7ec905c0af4c,2025-10-06 14:27:40 +0200
a9a237fd7aece1e5ec23553d32a84109026a085f,2025-10-05 09:33:12 -0700
859edb6b2090ce56fd278c2dd9eb34fbe8f3beaf,2025-10-04 23:12:02 -0700
4f0f9f397c18d4b34a3c247fe36b8a393473fed7,2025-10-04 23:11:06 -0700
990ceca865d53ba7ebb99879c5ee4801bd2a7ec2,2025-10-04 23:10:14 -0700
042f01a240439691ac67c6d67bd51cf5a4167dd2,2025-10-02 13:50:53 -0700
a6ea2e38ab7c2ae98cbe85a65095c8abe82d2b8d,2025-10-02 09:30:56 -0700
6fd5e29f3ef4b0fe62ab2805861bfcf3973f79c8,2025-10-02 08:02:58 +0200
6d5951149f5bd49d80141502ebb5b80c41cb29f7,2025-10-01 22:39:22 -0600
2b9a7e3fd42c8ab82d053760bced09cdbf82a1cf,2025-10-01 08:34:43 +0200
5c6629ef915061967fa67e4b981b0151cf8d42d4,2025-09-30 17:03:14 -0600
00d18e38feb5439f715ee3c13e206e9445ed2faa,2025-09-30 08:50:19 -0700
a2ac14180ecb8e38bb8172e715172b26194b763d,2025-09-30 08:21:24 -0700
d1fddd8d6300438711ed4b0bb2a0efa329e162cb,2025-09-30 07:53:42 -0700
8ae75596c8ba68b37d05ebd0647c8ba4e3a76cbf,2025-09-30 08:24:55 +0200
f9a41688e3ad67d30962b0d093698622b69cb0d9,2025-09-29 23:04:01 -0500
0442339856c5cb4990854b6376fe568b23df24d9,2025-09-29 13:19:48 -0700
441597e22ef3ec1ea03fd837cbc1e5dffce899a4,2025-09-29 08:55:34 -0700
6ee8252be487fd0e5242ce50cd443e47f347135c,2025-09-29 15:41:45 +0200
9281c1b6ee18629adec1ec775644ff240eeb7efa,2025-09-29 15:29:18 +0200
3860284b763a3a744e9ebb3b58278c4ba91f1f5d,2025-09-29 14:29:10 +0200
c95dbef9a679a858da225e1fbddc8e5da100ac38,2025-09-29 14:00:09 +0200
1f72ec14da28a5ed59e4e805323558bfc923c281,2025-09-29 09:00:36 +0200
124d29ef7ad26a0c291d0caeb66a31e51ed1da6f,2025-09-29 09:00:13 +0200
f0b34c0e0c110c6bb8dc0d32abf1979604a1c558,2025-09-29 08:58:39 +0200
29920daf522184438914e69da9e7c680b612edc1,2025-09-29 08:58:23 +0200
5a05c79a05d5c52781e2f13dbd4b639a88696957,2025-09-29 08:58:03 +0200
69b5caaa9776f3dbb8903a6ce358c74485bf8d11,2025-09-28 12:28:40 +0200
582d63b52f9e583bc5cb0eb933eb03b32d10aa32,2025-09-27 12:19:30 -0700
2a49d93e53145906f8c6a6cadb91a331bdb1071d,2025-09-26 13:41:51 -0700
d9f096d2065f66f247359596bcc6a1167b2e342c,2025-09-26 08:45:58 -0700
85724f89d77c84c8424151a4f6e11292d09deea9,2025-09-26 14:22:17 +0200
e8f0855db92a1f61812c4bc126c4b31591630c92,2025-09-25 23:55:26 -0700
ccef3f4f46726188ecbb8849698c047f4fca94ac,2025-09-25 17:12:18 -0700
df01d88c9360cda398c40493eb4135181a8976c5,2025-09-25 13:44:45 -0600
fbb7136fa9c0605ed2553053606276857c306f99,2025-09-25 16:27:30 +0200
317ebe53ea295e92e440913c6369189a664691db,2025-09-25 08:26:40 +0200
ce85b8f74ffd288daadcd8b3f0879a3788304e41,2025-09-25 08:24:27 +0200
16c9dd6c07d3288ef2b3d504c6af7ba817159d48,2025-09-24 17:48:10 +0200
5f30e4fae80fc8dc589e477cfe76b63d3f08b80b,2025-09-24 17:46:42 +0200
1ed0a755f7097b8b70375a45b9ad5b4447a7f6a6,2025-09-24 00:30:27 +0200
d09815b0ecd4c0a80411df89908898be9fafb70b,2025-09-23 21:55:12 +0200
76f7c812a183bff02ad76c1411683432e3f86221,2025-09-23 21:55:01 +0200
2034b79dfd33519e292d52e711f4cf44c09b8a06,2025-09-23 09:34:15 -0600
a71f521d276f01b1b8a1e72fbf17068a149a31d7,2025-09-23 09:15:49 -0600
6829c3e3db31c4881556998a2d87b129aa9a8654,2025-09-23 15:11:43 +0200
6b80e5c42beb856be5c84c00b9f96d7ff268a7d7,2025-09-23 10:11:20 +0200
16fa673782233eb2b692d463deb8be3e52c5f378,2025-09-22 10:58:12 -0700
11f3dcb3011fe5e37a4ec57fbc7a0c859ad5f24e,2025-09-22 08:46:34 -0700
4cb98f22dc225fe217945ce1fd303d55e86e3597,2025-09-20 22:33:48 -0700
de8c10632d1d02368197c218dde9bff5b9f153a2,2025-09-20 22:32:19 -0700
91f457e0cde5d6e51c23f8df73fe3f4cf2c371c8,2025-09-20 22:31:58 -0700
fb63af014c39f687f3016a1b3c8bde4a494e9a4a,2025-09-20 12:09:10 -0600
29802c3c97a4d48a9f130b35e67b0117876b3952,2025-09-20 10:36:55 -0700
b99caa4aaf53bb30eebcb478743d3845e76ccf4c,2025-09-20 10:01:08 -0600
b53d97d3bf14f0c334e5af488959ba01d2c6e53e,2025-09-19 14:10:43 -0700
998eb87ee295cb82e02107ca25d147c31a29256c,2025-09-19 13:46:19 -0700
a73a5c0915eb339464453a720d01cf437152fe7b,2025-09-19 09:05:09 -0700
804dd865e2fb6aee7988d8c56127f236099bdb0f,2025-09-19 09:03:18 -0700
487ea1ae9a449324fcadde900f9e2c36d1bbe5cf,2025-09-19 07:36:48 -0700
c56f497992702d75a26853fdac09932cc309f90a,2025-09-19 07:36:48 -0700
58da08695b8595cd93847a7f3133edcc82a9ca5f,2025-09-19 07:36:48 -0700
f4d892e2cbdf766a4d15df5e387659791676282c,2025-09-19 07:36:48 -0700
ded2d0a945eb04234e592f18dba748681facc223,2025-09-19 07:36:48 -0700
8d88846ec46bfca60d73d239e8bb34a740f8f0ce,2025-09-19 11:11:02 +0200
2de7a7a911c8cb5e621a6440409148e5e79c5740,2025-09-19 11:09:49 +0200
c05f6c98d66a5a05ec5dca0b7a1c28036187317d,2025-09-19 08:53:17 +0200
345140e9f7d428fcc3b4fcc639a690084a698b76,2025-09-18 16:35:17 -0600
1d558a9d3afcfef80a7e4632dfad71b091e453f1,2025-09-17 20:43:32 -0700
7a4b69fff4e3359df831008b5a5722a531e51af9,2025-09-17 23:27:06 -0400
7eef46da0d00edb79b20d24cb7806f6ea8da4000,2025-09-17 10:15:26 -0700
87fce5fbe92de69ac3dfd5ca122535417ef6b072,2025-09-17 09:59:15 -0700
ade12635baf7345e6a367899ff61f73a971aeaff,2025-09-17 09:44:24 -0700
b7ee7c0748a41dabbfaa954629ccf9af6e2620c7,2025-09-17 07:29:01 -0700
ee90c10e39cec0ccceb9425e03a3e0b5690daf3b,2025-09-16 12:35:42 -0500
b8c3e20722728c8b16555e385d2c326d70a5d989,2025-09-16 09:51:35 -0700
3bbdee97b0f33794df091c3292de8d54a05dcc1e,2025-09-16 09:08:14 -0700
9cc4f5b9620d06cbb411ff73fd50e1a9ef17c8a8,2025-09-15 18:47:41 -0700
96040dc600c5ff122cf8774c8a5d3fd75404f6a2,2025-09-15 18:19:16 -0700
b38423d614d819268040ce9f48e4a4593220ba8d,2025-09-15 17:37:51 -0700
754679ddccdf81a97dc65d40f1a2a6fb9f6ee9b0,2025-09-15 15:31:08 -0700
3e1ea48d36531fc4956d370b51e341da2b5e3f6f,2025-09-15 14:38:33 -0500
088efad2327b617a697d02dd9bfd8cf652269dd4,2025-09-15 10:15:34 +0200
e0da08ca5017eb44ea0dbb9c7f4ae5bc21528a7a,2025-09-15 10:04:41 +0200
4e9f9ccac9d418a779aec883fde2d47c9471828f,2025-09-15 09:54:40 +0200
5112ec998722fdcae0600d3fe929d70adf332dc8,2025-09-15 08:56:13 +0200
dec44392c0afcf02e8d13a413d5fbbea9d1ae89a,2025-09-15 08:51:19 +0200
b806966ecb6e1855a4d6c8ee3e7182b0d52f7c53,2025-09-14 19:58:06 +0200
023fa3e03d96e000bf3f31d72b6a3deb3ef30a4d,2025-09-14 18:50:31 +0200
f084616eddb40404db6bafc9c700a9c00bffccd4,2025-09-14 18:43:24 +0200
05cd8b52e7d06d0d246475bd11f138d25947fd13,2025-09-12 19:54:14 +0200
723d0998d69f254822efd6f8939e71c0723aaab2,2025-09-12 15:26:48 +0200
38b5d7a820d31d512918ea6d09d538be64551098,2025-09-11 17:43:24 -0700
b5ca14757f0d466e3cf06abb806754a50885d849,2025-09-11 15:45:55 -0700
7a62efe3e35c55b8887e5374e11af97957080281,2025-09-11 22:01:28 +0200
4e154bd4efc2bb4ef0a8a8d14e436e7737ed582a,2025-09-11 14:46:09 -0500
cced19af0fbdcb6719db2e09be3025d7e6e3d591,2025-09-11 11:35:02 -0700
3448ca228b889822b4afa97fb38bd8f1b6376627,2025-09-11 11:27:10 -0700
46ab802cdc6ff39c05a3fecc608a721b26aece7f,2025-09-11 18:18:48 +0200
d1771207c9040f1c8b6886665b56d1a972fe402a,2025-09-11 14:10:57 +0200
a5f6f449b31dc5cf3da2d8e5e192250b2008f1a5,2025-09-11 11:23:27 +0200
720ef99720a1c59e4670db983c951243dffc4f3e,2025-09-09 20:16:06 +0200
24ca356fb4ecd48d593949fd25c852c21bc87d53,2025-09-09 10:13:25 -0700
ea2071568dc66148b483a82eefedcd2992b435f7,2025-09-09 10:47:21 -0500
d731489b436179b38fc322e89bb42a24b31851ac,2025-09-08 13:59:23 -0700
8871bbcf4ffce83be7d1be8d75bf06e5ce7b36e4,2025-09-08 19:59:18 +0200
4f48b51666a3fe43f519eaa1fffc05835396a39f,2025-09-08 08:33:25 -0700
bc56756f651c66350ad92949f9d1d3f37aeddf10,2025-09-08 08:30:49 -0700
300532cd3b45812d60c621d6fc5d1801b295e4b6,2025-09-08 17:29:27 +0200
f35e88da47705430b96cfa777b77dda22d1949b7,2025-09-08 17:14:12 +0200
9ea3b136c2d06af1d5167900b7253e7b850db9f4,2025-09-08 14:00:06 +0200
76f21d8ac7c2219b3bd59c22113611b3ceef612d,2025-09-08 13:54:31 +0200
f0a030a7cf89de3d4f5ddbb8f257b413fe504da5,2025-09-08 08:39:48 +0200
c8541db1c905e05891596ffe157c12392e38c93c,2025-09-07 16:12:20 -0700
485c2651e8fb73a2d4192885dbfd77d7368c2d92,2025-09-07 14:18:30 -0700
b9014648dbe5ab42c7f7cec601313dd2a57a0811,2025-09-07 22:14:44 +0200
bd15ba551f821aba22265d31ad541d9d1ed7b222,2025-09-07 20:44:28 +0200
dd35839a762c0d858c54bda4fb0663d74bc471d8,2025-09-07 20:07:48 +0200
7b9ea75ebe93801eaa908c28e9ef18ab205ffb80,2025-09-06 15:09:38 -0700
57ec535d0ed749d93c93f8dba085ee70ad6eee84,2025-09-05 13:00:07 -0700
2114bf631e49af532d66e2ce148ee49dd1dd1f1f,2025-09-05 10:53:00 -0700
7c9556b7c0f7bcaba0c2ec66f9edb4d23580920c,2025-09-04 19:32:24 -0700
173d4c32840e1be1efb559a174e8b97a0e62fb98,2025-09-04 12:34:46 -0700
a22d08c23e6471ff91048cfea4da09221d59167f,2025-09-04 10:38:29 -0700
8a6b56474037f846878a3a6e24f48c1fce4cc004,2025-09-04 09:58:31 -0700
c64c89fbb5390c7c796e022b939118539c7195e1,2025-09-04 09:31:18 -0700
2a33050420ac7e9f92985dd5d8b983ce38ee7029,2025-09-04 11:07:03 -0500
be03c998d96d0d1fae13aa8c53d6c7c87e2d60ba,2025-09-03 17:50:03 -0700
170189e17ca0fd423e690d0de52380fa092177fd,2025-09-03 09:59:05 -0700
12ab7fc3d6d53534da02decdab99133853b36dfd,2025-09-03 06:54:53 -0700
fdd04c9706379241b3615d77e1080f7f05a4b841,2025-09-02 16:41:56 -0700
8bcfa610a2a742ce66d480b87cbd583f27d555d5,2025-09-02 12:38:05 -0500
3c8da4f172ec23b50bf24421db4151d1f3be9e81,2025-09-02 12:30:43 -0500
76ff67c658066bd7d05ce4ce54a1d6340ee0a899,2025-09-01 21:21:29 -0700
d8767f1b56a4de379d3d49a5c2f02bab4b0e330f,2025-08-31 22:32:04 -0700
01774476510d5317a82079978346fdd2530635ae,2025-09-01 05:12:07 +0200
eb36ea62abfbb7a9accd36ae08ae2c64800fbab6,2025-09-01 05:11:50 +0200
80809ce59a7f8ab95f82146ba7955628b580d271,2025-08-31 10:30:46 -0700
256a3a06e77f446f7a8c060a8f4500a95102bb59,2025-08-30 17:02:25 -0700
9ca03da2c8d807a2a0215b92d403fb11c91aaa39,2025-08-29 22:37:32 +0300
ecf0ac7595dbcd045a65b3c9db048dfdf469a0ee,2025-08-29 11:23:39 -0700
65dd3de4ae5fd9ee5244893ed8e05f2f5679dd71,2025-08-29 11:22:31 -0700
10fad0c7a8620af858c2d338d5ddf30a6e9c4968,2025-08-29 13:05:55 -0500
f82cdd4ccf1bbd7c94ea12be4f465525d29935a7,2025-08-29 07:25:49 -0700
f3e906240ed920205b0bfa4625420a09bf0c6c6a,2025-08-28 22:59:32 -0600
87cade9cfcf5256248e525256118a865bb1923c5,2025-08-28 21:14:04 -0700
f2e5839e8957c1936ca35b1007237aaad4856ced,2025-08-28 20:41:59 -0700
07982104caff495cf5de20f7c0de3cd215a4ff29,2025-08-28 17:01:20 -0700
a8726d3e14f1f11ceab53d5216d2e2a42759f28b,2025-08-28 18:54:23 -0500
4294e9746dd3de05bfe6f52e4a055e59353eb2f0,2025-08-28 18:53:52 -0500
55159939b0a98dd43fe3db9b9f875db836a55c5c,2025-08-28 14:37:46 -0700
1128040efeec7d3190f528d266e07342dec67e0a,2025-08-28 13:11:56 -0700
28555ad8fbad77a4067b6ee2afbdea15428dea26,2025-08-27 20:37:25 -0600
2b66fc553acc0e7ddc9edcdb26095daf4e8a04c2,2025-08-27 13:23:38 -0700
9b5327295d4c564ca441ff29a659cf401c2ab893,2025-08-27 10:11:13 -0700
9f266917b658931f3b704cd9c50b3f5d0da90cb7,2025-08-26 07:19:13 -0700
5d5e0a3559946a94be2979f3ff9a09f3b8e67f19,2025-08-25 13:01:29 -0700
ec3052b178e2f0c3116ba5f4a4e4f8de3a9e30ef,2025-08-25 10:58:36 -0500
2df7dc760a63622c0ecd884155e471b27989191d,2025-08-25 16:28:23 +0200
360fb21d96b381ee4bc7b9594e2c4ed242f08754,2025-08-25 08:05:22 -0600
8f180d62cd7ed95a645e0c4436d96cdb24683b29,2025-08-25 07:00:12 -0700
56fa9e5ebbde6d9432ec1ed1c6a52e7d81a1c634,2025-08-25 15:08:49 +0200
9c7ed05846c12b542c8c90c9fe6d5dad379f7319,2025-08-25 12:39:29 +0200
59226cac9ef3fc301f4644ce30acbbdcbdad99d5,2025-08-25 09:23:31 +0200
4e71502ef1922e053aa324d73fd2de9f3481f9b7,2025-08-24 09:20:24 +0200
adc02fd0684a6d69b9098a1ed98af2edb86534c1,2025-08-24 09:19:58 +0200
1e9739de255dcfc3a3c7b3f45ce0e46b09ea8ab5,2025-08-24 09:18:20 +0200
6f0ecfc092380db180dbf92ce8b6fbebe93f00e0,2025-08-24 08:58:43 +0200
b7effe8df607fe482a2cc6db0ac331dcbdc1bce3,2025-08-22 14:47:33 -0700
bfaafa7eefde8f24272b192d381ff874afb8aa80,2025-08-22 14:45:58 -0700
0e6633bce644faf0fed189229bc2145e48f183ec,2025-08-22 14:33:12 -0700
b82dac4858fb2d15929a797660252c50f8e00ed8,2025-08-22 11:33:02 -0700
86665c9b868bae8953ff819b183735a68e6f39cc,2025-08-22 15:59:29 +0200
32b86f34df7add9b6667e66d6110854df2186e78,2025-08-22 11:40:11 +0200
36bb82675ff68ac0ed059d4db62550d30aa35760,2025-08-22 06:46:12 +0200
fd5d46982e48252fecaf186531660ac509b43bbe,2025-08-21 17:27:57 -0700
c205503864b8dc0cf9562b30f47c3168f1cd86c9,2025-08-21 15:59:30 -0700
75ef4940dfb8a05dea55d067f2b038f656fd468c,2025-08-21 15:27:43 -0700
8ce6b9529bc466f7d8e0677e0d9e9485a770e361,2025-08-21 13:16:37 -0700
7816de0f50d29923492158f4622eb5f85e81ec33,2025-08-21 22:03:53 +0200
0cb18a79295e3b2a45e0d57e05f7029e5af5a64a,2025-08-21 19:01:21 +0200
7d220eb93815c8e5a0947571005a251f3deadd49,2025-08-21 16:52:54 +0200
efc27f9deed0511653ffb94612a8bfcd1489df42,2025-08-21 14:40:11 +0200
2012f661a19e613abec2ef0024d7b340c9620f14,2025-08-20 15:25:23 -0700
d5e3a56b3150b0e97adf52673526104d01e3aaa6,2025-08-20 12:20:03 -0700
07c088fce9c54369864dcb6da16006e78206048b,2025-08-20 10:00:22 -0500
2e30452826fce5e7c55e4e6ad74e35d212979036,2025-08-20 16:17:03 +0200
83df4dde388087fc5e2a74cf2ee72a5cce8036f7,2025-08-20 12:41:34 +0200
3e443d582ecd2fd03e998840e45aead3f329bdcd,2025-08-19 22:15:49 +0200
88500ecb457299cd46c5e075d29556ffdd5eaad5,2025-08-19 09:49:57 -0700
65301261052da712f8d3140bee12c052afb7b03d,2025-08-19 09:48:44 -0700
0478ff7dc8e4c048e0a1101df11656a00b9f81cd,2025-08-19 16:11:53 +0200
c588d8d516500290a26619e5b48bdcab6ee37b6e,2025-08-19 11:37:47 +0200
ede5b5a2faa074bc8054f0a29efbe53dde3f3f3e,2025-08-19 08:35:41 +0200
2c42237a732d195b21226f9988c91e9f1c171d7b,2025-08-18 22:42:23 -0700
6017fec2b67884424f152e497424e48414c4a4f3,2025-08-18 22:14:28 -0700
856cbf6eb8a85dee01c65ae6291274b700f76746,2025-08-18 15:07:28 -0700
84172252a1f2537549e52b174299cbf715138760,2025-08-18 14:18:45 -0700
0d26e1f1eec1ff67d4633b4bc38cd7ceb65a99a2,2025-08-18 13:23:49 -0700
389c04cfb0d97c34d8321439f501f9b1c0f7d72d,2025-08-18 09:36:22 +0200
43fa85598e3cf4295c04bab0552acd96740192f3,2025-08-18 09:36:09 +0200
4b0fecd371ea4278c6d59e3c3d8c0fd339b9ad3a,2025-08-18 09:35:52 +0200
ab9219317074b22634d3b16218950ecd48e5c924,2025-08-18 09:35:38 +0200
3dc3237ae6396c8ca0574ae277dcba74b871b1fe,2025-08-18 09:35:23 +0200
82cad78a9ad6e413a2047bef33b08ae8bfcc856f,2025-08-17 23:51:04 -0700
88a7194302fedb96ea75eb573c5803aeb0f3e749,2025-08-17 22:36:23 -0700
090f3ef2c3bd6270d940db8dc963b7ee09f407b1,2025-08-17 22:34:22 -0700
54c8af1d9e4e8ef70004e6c4974a23b4e3c2f382,2025-08-17 22:06:08 -0700
a0ef46355b809d33b83f3e28eec2795051c4578d,2025-08-17 21:02:16 -0700
a8e3a2f712ec1af7a421344862b4fa41f4e990a7,2025-08-18 00:01:00 +0200
187c7ad5b34d029ef676744704417b4ca85ec548,2025-08-17 23:53:11 +0200
0b599bc37e39b3893e443393136c7fddc8391d6d,2025-08-16 09:19:08 +0200
3685b5558fa9e1c3d9b96aebb5937462f4cd2d07,2025-08-15 20:45:09 -0700
d5476cae1b4e9b560f0126b7b9117630da9a37ca,2025-08-15 14:11:40 -0600
24447bfbec9c1ab4acb64b2b98e3e58d15d16006,2025-08-15 14:49:54 -0500
af82d34e78d82690892127d46b7f2937b29f362f,2025-08-15 08:14:04 -0700
b1f686c3957f5b12d534b30d2fb36edda5e46ef4,2025-08-15 14:10:50 +0200
a01c349f3e3dba456c14bb25c03b92437dfd926b,2025-08-15 13:20:05 +0200
d005d7bf9c935ed8f02b1400d4a2e41945653532,2025-08-15 12:59:39 +0200
757b8e1fd5513c6b4b5d6ba03145bd366e0910ef,2025-08-14 14:57:08 -0700
ed7330b0675f605a0256f4c13eb6e4319bfe713a,2025-08-14 12:51:14 -0700
54f8e58fc845cb82af70750d748ac7b3dee25365,2025-08-14 09:28:04 +0200
3f55cf1f5e5cccfbeec0b144b8e914ffe78d8407,2025-08-13 21:10:48 -0700
efbfb7ef9addeb33e72208c927936e50b92d3357,2025-08-13 13:09:28 -0500
7c1d5af380691e4f5748a53d5a0ec6b9cf6d21c0,2025-08-13 10:08:48 -0700
42c740092713b50978297fa6a41818ff5bf65c4f,2025-08-13 08:48:23 -0700
86389ba52234b78aca6414a5ad232810b5c040c5,2025-08-13 09:50:59 +0200
226f9dbea70a1c54351857fc22dfec0fc5b2baba,2025-08-13 08:34:06 +0200
159d2535346190af8ba1164427f9abae677ae91f,2025-08-12 15:26:20 -0600
d38cdf38dd7aa4c3142405b4753d67883331ed17,2025-08-12 12:07:19 -0700
e6676705f74f7c1e6974afc86f103848e0fab8bd,2025-08-12 12:06:07 -0700
b5de305e111c315a9c3b331cf19c13aa0540b5d7,2025-08-12 11:12:33 -0700
49890ed38d59a28b85e750d81ecf96403b2a6ca9,2025-08-12 10:25:51 -0700
e8c9a110b983f647d5360839a56dc9864ab4db23,2025-08-12 08:48:36 -0700
f7b52a9f2cfd02963b0a9a8b543311851eaff1ab,2025-08-12 16:44:01 +0200
3a4215dbb714477c89681ab94f1197b6ebcbdfff,2025-08-11 19:29:21 +0200
68a241615e104d97a86c932c381d7dfac802d769,2025-08-10 22:57:53 +0200
1e4eeecf08adb029e1e8e6d7fdfaf36beb37384e,2025-08-10 22:57:30 +0200
0be91dce702de8707fdecfa6fd909cf0d8dae8c9,2025-08-10 22:14:11 +0200
679fa66cd2857eb2113fef21dc605e0fc4b1a6ca,2025-08-10 21:22:13 +0200
4ae61621c1b5e7f245961b3de48d6d8a3856d012,2025-08-09 12:07:08 -0700
c8c61a3f6b60499f09e5047c5c9d8a3c02d9fb72,2025-08-09 09:50:00 -0700
de93196ab5eb0ddb9d00189fb8f10072927350a3,2025-08-09 08:33:37 -0600
252a4d034c47def12399a83b517fed7ca378385b,2025-08-08 08:00:52 -0700
2b186b80a5ffaaa25398a2a2064362939f782b3c,2025-08-08 15:15:39 +0200
44dff0d853a555ff91b69a366e48c355bbba7487,2025-08-08 05:59:01 -0700
c9a2459465e9c32c21d805f942f116f7db573751,2025-08-08 12:32:33 +0200
136df9f65b5cdc6ec26c07b5b92072daf7ade0e5,2025-08-07 15:15:15 -0600
1b0e4b3a5f6df535828e6c40d381777b1f456df3,2025-08-07 12:27:02 -0700
6eeb92484f619a2e389b656accd7dc619fcadcd3,2025-08-07 18:30:24 +0200
aca97753e68ad3c5bea16969efe3efb2b7e1a58c,2025-08-06 16:23:49 -0700
05dbcae8c15b2ad2d3ecb06ea5f6f9f28964f842,2025-08-06 12:00:05 -0700
9ac8b2bcb33f8834e51e523d709cdcc23121929a,2025-08-06 09:04:24 -0700
64a7ca518b4457e19d1a152cd17c33cf2597ba1d,2025-08-06 08:57:32 -0700
1ea9dbe4047f073151ad1aeaf50b52db9b7ab86a,2025-08-06 17:37:47 +0200
5ce63abdb0d11e79f4ade9294e34966e9b03b0bc,2025-08-06 17:34:10 +0200
dd8f5e3f37696473e66eca17346e6384846d7044,2025-08-06 10:49:29 +0200
772c8275598e43d2c5ef029bfe83aeaa6c713e8a,2025-08-06 07:59:02 +0200
270e2bc6fdb2e175b0bfaeaa07b4812e2ebf61c6,2025-08-06 07:54:22 +0200
7ffc718d2857c1f4e4e7e1d70eebc8662020d6bd,2025-08-05 11:55:32 -0700
357020aa69333795598c7740dd0e303ad0b87b56,2025-08-05 11:32:29 -0700
fa80ba787af776f516e772f27bf746756de93b70,2025-08-05 12:19:10 +0200
c12a724cd962c2dafc263de79a319dbd50b73548,2025-08-05 11:51:11 +0200
34b377e0d08043e7a1c23b43aab361e5fb901e71,2025-08-05 11:42:20 +0200
ded11105fb1d038ce03793e2a5c1144e408da260,2025-08-05 11:07:16 +0200
acecf3cb697a7fa6bfcb1b58fc5d7d70914436e7,2025-08-05 09:29:58 +0200
32f469b985ee8b886d02df9f37c27bcd2a861a14,2025-08-05 08:14:46 +0200
de22fd0f998ed464251acbe31b976b4bb9669312,2025-08-04 13:41:08 -0700
2876b959d2c01ef60dc4da97a8dcf1b2d405414c,2025-08-04 11:37:34 -0700
33a6dd13c1a8294080752486acb1ef2c271ca580,2025-08-04 18:30:30 +0200
5d64360cc80f829cbd9330aefb772c7f09575bb1,2025-08-04 09:22:03 -0700
e227f330d2ae93c0ea0f938fd950df30bf5b138b,2025-08-04 09:22:03 -0700
be55a5d4e73e71aac5bcc1bdd14568895ab72e86,2025-08-04 18:16:30 +0200
bb7ee6768c8247505ec9b1b3cb6592f74fff83a0,2025-08-04 18:04:16 +0200
d2b5ea636e8f62f1d3668988416f9cb30035ecb8,2025-08-04 18:03:51 +0200
c23b341ea4398c2513fe2495a44fc6f23e4d72ef,2025-08-04 13:44:40 +0200
7fefc46e95040e96f199d1c8e4d025047ac1bbc6,2025-08-04 12:56:50 +0200
76b2f875ff14f0ddeb80bfa63e819eeec3047975,2025-08-04 10:34:48 +0200
19b9eaebb9500d86315600791109ba3a9a6be080,2025-08-04 10:21:18 +0200
a8fdb23682a7c083ea6ff9873f1531dd9d465aa7,2025-08-01 13:50:10 -0700
95a578d7ad96aa3c82dccd305f556c83b3360528,2025-07-31 16:29:30 -0600
15351e6ab06cbfa2cbf771fe81512268c22bd75d,2025-07-31 13:28:49 -0700
1bd8d5e2de56d05180030b856ce2c50c66ef1f13,2025-07-31 07:36:33 +0200
b7b56fd90c2178a5cc1a6b4314b63446b1c1c0ec,2025-07-30 15:08:37 -0700
09301c149715f6d561df6dc80855c37576fcca07,2025-07-30 17:49:08 +0200
a73b48bf52e97bde22bb62c1030416edbb4775d7,2025-07-30 17:48:05 +0200
c3d50e177ce17a45f4dd3af7593350dd6724ca8f,2025-07-30 10:07:25 -0500
a519cb295183f3f0e59d4f62bce3734a1684f26b,2025-07-30 16:12:59 +0200
ffeb7a2a7aedebd66c0f55b9a37f4cce9f45259e,2025-07-30 08:07:58 +0200
83da920b3abcb1206559034362e08127b6954dea,2025-07-29 17:39:56 +0200
d6f22d5a51500848bfb1b6feb515ebe3a2e8cd34,2025-07-29 17:21:33 +0200
571056929091f1e62412500045f71e5ba6ea00ad,2025-07-28 20:29:23 -0600
f7e6a2775bd5a9e202465e6281c56d8c41fd7f0e,2025-07-28 12:21:20 -0600
d0361be73688d23f0e03ee11bb1a378f2383a80a,2025-07-28 12:32:07 +0200
ce63292ebad9cfdcff3f2a8ab90bbf505302bbe1,2025-07-28 10:17:41 +0200
57dbed55714c222a7dbbc1f13a30d52774029c5d,2025-07-28 09:18:49 +0200
bb7113a88c19e2afcdcf6da12b71e58eacf431ce,2025-07-28 09:18:35 +0200
7e9a1bc9d3e06aed8ebfd4ac98ffa8c807189fdb,2025-07-28 09:03:27 +0200
62cc9525a6379f8c5b046b95c2b86d02d515a219,2025-07-28 09:03:06 +0200
dc88aad3daf0a04e0b674ef2aa394ecf95e19068,2025-07-27 09:00:19 +0200
d365ce3ff1bb01d3d59b42a382ef16509eb3f50b,2025-07-27 08:59:54 +0200
360f87326d4ccf67512a0240e529035801d9db2b,2025-07-25 15:07:03 -0700
e3763f1288a371667fffe356bd782863c502289f,2025-07-25 13:08:08 -0600
02978169527aa6ee6686a3f19d5ec96fde3eb5e8,2025-07-25 13:33:30 -0500
fb81fcf3827fa14302507da04820f5858f834bfd,2025-07-25 10:19:44 -0600
c7e367494d1646505b7c162886ca1b1c45a33306,2025-07-25 09:34:46 +0200
d22cc9c6413c5637fcfad9deeabb66ed5f62fd01,2025-07-24 22:04:35 -0700
43bd9c386d49597caaec4742277c83706cb34f40,2025-07-24 21:38:58 -0700
bfa9172525fa48acfc46a2fab18055e2fb99e90b,2025-07-24 22:05:10 +0200
16012afb3f6fe822318315fe1475fc1acf6d4770,2025-07-24 17:11:15 +0200
036dddd7a390987fc3bd7061a7a668f13e16acda,2025-07-24 16:16:55 +0200
a5bae2fcad2ef8deb81f3b1e8f0722137a406dd4,2025-07-24 16:14:45 +0200
be4db9023e1828c805f33509060ca755f5c2df39,2025-07-24 16:14:05 +0200
60edd9befaa0eb10e833328ecae1814fdf16a69d,2025-07-24 15:14:39 +0200
bc154539a96b819bcba970cc208b8ec089af9cd6,2025-07-24 12:58:25 +0200
8047c6b8444b2f940133c9d6a77ffabc32f561be,2025-07-24 11:20:11 +0200
a8c3a591c597a94a461481a6918bb63c4fa7c961,2025-07-24 10:56:21 +0200
7d40d328a8ddc06795ec931b63fda3f3f98875ef,2025-07-24 09:33:02 +0200
53ba1cfbade47de21fda777bffc5c0e7360919d7,2025-07-24 09:28:46 +0200
98b7df377fcf84f8b82dde5ee687d63435ee23a8,2025-07-24 09:28:46 +0200
1efd6c9887721dd0451c4aee4f0af619b349290c,2025-07-24 09:28:46 +0200
494b27e0d9663c88756ec9b5a73b10b8934c3b1e,2025-07-23 21:50:54 -0700
5fdc4cf8990140adc95d3a2b8ba1c878ac47ecd9,2025-07-23 21:26:29 -0700
36ad08c9607fcc0ccf35c979b10c4a96300bfbfe,2025-07-23 15:27:42 -0600
badd36d5ef750c92132d3da0c96245b4f5898af2,2025-07-23 15:22:52 -0600
8b694d121599150c7444e2eaccf993ef23fd58be,2025-07-23 15:21:40 -0600
a40ab7ad475b7a1df590109d58cd6c73f0b5d10e,2025-07-23 13:58:31 -0700
8e2dc047c25da64aeed0fb7f2bb9faefe5cde480,2025-07-23 10:29:11 -0600
6e361a657b1b295be0aab93c368c196d066c2f7d,2025-07-23 18:11:30 +0200
926142a45224d2955ed95b493a2c6dcc3baaaa72,2025-07-23 09:16:00 -0600
ae7636c402bf25937df28f89789d88d8034bc071,2025-07-23 14:53:23 +0200
8dfd9de791ac28d2f349aa016f1846a95576b2c3,2025-07-23 12:56:23 +0200
39e8568b511601a32671fb3cd3174054c664448d,2025-07-23 12:06:02 +0200
398635c39db91342edb2e453400f45d3fd398fc1,2025-07-23 07:22:23 +0200
13871b2502fd8e6d271e5d39638eb05b5503887f,2025-07-23 07:20:33 +0200
3e0f7a1bfb167c4d18ebdc9d0f69afe0f4754512,2025-07-22 15:26:25 -0600
85cc58aa8acda999926809b3c67bbc3452689490,2025-07-22 07:14:06 -0600
e986e7d039b874a786d3c543716b3fefdc79c361,2025-07-22 12:35:58 +0200
e37731dcaa6b4fd8ed4acec9532f237fb4f2cd1b,2025-07-22 12:31:40 +0200
7a9079bee04bedb72037bc8f2189c810150e0f6c,2025-07-22 07:57:51 +0200
378479bd21ddc5de7c08dcfec1595196dd8f4a78,2025-07-21 13:46:33 -0600
df66d9b7e36a401de4689c88e3a6e37b1bb321d7,2025-07-21 20:51:35 +0200
4c7726429603c15be68bc00aa751fa67f8975dad,2025-07-21 12:58:09 -0500
9a23420592e2b8be5f792c8e6eb32a64e92e4088,2025-07-21 12:34:35 +0200
6bbbbf6f6f9ba6dc8cb273f8dcd00be1b5dfc399,2025-07-21 09:13:34 +0200
f7441e414b557415dd3b57a3f611497971fa9dc6,2025-07-21 09:12:44 +0200
0cede57526968a6f8051594a5f2d0d13d2e380cf,2025-07-21 09:12:09 +0200
77f1f5ba47f0e5250b8af4e16cbe6febc8244ee5,2025-07-19 06:18:24 -0600
29a87e7a0e1171a6437a464505cbaa1cd4f1c022,2025-07-18 09:33:27 -0700
2e5a4f2b0bb4131c5a455288cabba797005b6e53,2025-07-18 09:28:54 -0700
aca6f2ae5980e6be335ca0d027552217bcb98b7a,2025-07-17 18:09:32 -1000
9922e6dc4c76c8c3d4ec396b3932b57f48a1d468,2025-07-17 11:56:09 -0700
71629c12d2c609ae2473defdb5954e149f9f72e8,2025-07-17 12:54:23 -0600
c9154bd55e085e066e1405e36e138a3a73f3313a,2025-07-17 11:16:27 -0700
41c0b17a20c522e4df519bcc429f413e6a2855e5,2025-07-17 08:57:45 -0700
cea1093592e77ba4f9027b13a8dff5f7e1cfc6b5,2025-07-17 09:58:30 +0200
04b9033a83591dffb1b354f84ca8be1a77a89359,2025-07-17 09:12:06 +0200
026374b530eeea46429cef61a99ba9321e0587b6,2025-07-16 16:54:21 -0700
5ffc529e17126e44cedaf958bd9ce575094e2e85,2025-07-16 16:42:17 -0600
e213258bb60cfd4f738b2e13560f7960c3555f1f,2025-07-16 15:02:50 -0700
31daaedd13daf0e7ee4781fa5e768f9fe5ba5dc9,2025-07-16 09:42:02 +0200
d3d5662aee19dd1799fd12740c64eadcb7f8da8b,2025-07-15 16:26:42 +0200
aea3e2833eb619bc3e91494320bb0b8d09bd6ecb,2025-07-15 12:39:37 +0200
ed98c6f249a59cda847530de27f2563ca3764e6e,2025-07-15 12:12:42 +0200
44c02ad6bf5f1704c15bde6b0206f4bf2ee618bd,2025-07-15 12:11:39 +0200
ccb11598544bc06c6c4d8e2e2296676ac1e8f052,2025-07-15 12:11:24 +0200
6a6c5b8061ca67750159a674bd9e361fc8d8a3ca,2025-07-15 08:54:06 +0200
07afd84080b323c37cb11cbc657fb719891ed91c,2025-07-14 14:58:56 -0600
d94b0362de88bf0adf2d21fccd12d963cf1b2273,2025-07-14 13:31:38 -0700
4920a0ca28f7bfa9113b9c4abcb54c402504e7f3,2025-07-14 19:31:50 +0200
bcf9c69c098b54d31cbd803d62a2609d3814c3df,2025-07-14 09:26:26 +0200
f70beba8f69be052747359b3cedb1134f78e401e,2025-07-14 09:21:16 +0200
5440f696a555d26488d5ffa7960ff005aa002d04,2025-07-14 09:20:59 +0200
ba3a4e8f21d4b967c48e9ce519e63abb49563dbf,2025-07-14 09:20:42 +0200
7c4793142d82091ba0fed50a676ee0672d5a5ef7,2025-07-14 09:19:48 +0200
17563614ba2b59d3ab934e773494077fc1b1ae30,2025-07-14 09:18:18 +0200
ae672a270dceea92fc56fc2ca51a1a9d03715122,2025-07-11 17:04:08 -0600
5bda66bbb0b1c425e58e60cac8efb29fd1ff04de,2025-07-11 21:32:37 +0200
20b2179bff881a3f2c3ebb3fbc850fdf87cce80f,2025-07-11 21:29:35 +0200
818b2168ba569df590666305456a53aad84c88a1,2025-07-11 09:02:44 +0200
7ba8eeee9b0277b2d34ed0cd5968971d74fff736,2025-07-11 08:10:54 +0200
26048839cb795a1e2c38ed592b45021fe37fdd51,2025-07-11 08:10:26 +0200
e9da855b94488e5090c9b437da62735d3eac1485,2025-07-11 08:06:56 +0200
5d938124848487e46a2703d25e8294953f53841a,2025-07-10 13:53:18 -0600
09140e52836048b112c42c9cfe721295bd57048b,2025-07-10 00:29:16 +0200
c71e3eb4d0b4674758d1ed3c196fac9aed3c9ac2,2025-07-09 13:23:03 -0700
3f2267735b80c49f3cfc3e22c29bb610d1183582,2025-07-09 12:01:18 -0700
78cfad95b6dfb95f8d812f08e0864eb90590a743,2025-07-09 18:04:38 +0200
0d753dc6f6459553069867c4deb29ea48771fc95,2025-07-09 08:34:28 -0700
f60591f9e9269f273c560a8a600f5a5981c69ae4,2025-07-09 08:06:49 -0700
9faf4311d71ce313e81dea07290b3aea9298422c,2025-07-08 18:48:08 -0700
5d7d8c13c07a3f591058f5208826bfe79d39f1fa,2025-07-08 17:54:55 -0700
061ae58986db3495ff3af6f1932a96dd086e5fbd,2025-07-08 09:04:01 +0200
30ee7e83cfa3e5559d8d3ba4b6380156accb43f1,2025-07-07 15:07:49 -0700
401ab27e1ea7c959119bb24f33ece3182c7391f8,2025-07-07 16:04:57 -0600
9f91295bf7453ce5c8d5b4f13f9dfa77db357920,2025-07-07 14:40:21 -0700
8a747abade0f1892afd0dc5662f61bf1dfd68da3,2025-07-07 11:09:56 +0200
74acabfe9d240bbe60829fa1083ceba871ff31ea,2025-07-07 09:55:35 +0200
9d917a4d373631719b4dc32bee325c7c652d9e2a,2025-07-07 09:52:55 +0200
e0b62e622e8ffa0c0adc2056a6d59a624289e554,2025-07-07 09:52:41 +0200
e5274d278abd0f2d9abbb2fd8b0d32f128e0835a,2025-07-07 09:52:14 +0200
586c02204e3c6bc7b093a5ecb0c84e29734783dd,2025-07-06 18:04:44 -0700
f3b198de2304c01af9beedf47fcc6edfe8f4f1c7,2025-07-05 12:14:04 +0200
fb0af7e5fcb45fe69a80ae8cb11208fb7b36a956,2025-07-04 09:57:39 +0200
81062ae83aff9a881b3223a34818f019d0d41406,2025-07-04 08:10:22 +0200
4b6852751606ec50d970535af801fac531cb304e,2025-07-03 15:39:51 -0600
fc886142f8236346e32259ef64acd56977de8aee,2025-07-03 11:50:36 +0200
8033b32bc5b9c105f09ba1c7179eb7f3128466b9,2025-07-03 09:05:51 +0200
b86dc9e94c9778d3091fbf104015865973e1d319,2025-07-02 16:49:33 -0700
21e6e41d8a70c45640836240f049bb3fbe40dbeb,2025-07-02 18:46:30 +0200
5634a2b06480dd2573241233b4c6a03d4e0b5d41,2025-07-02 18:17:49 +0200
8134815a3a04f3139fccf55a7e02c336e7a1a6e8,2025-07-02 09:02:34 -0600
404c8057275c9cfe204f2c7cc61114c128fbf759,2025-07-02 08:46:49 +0200
97a1f3bbae0b7be8ecdc8c6c76a3479d38079a88,2025-07-02 08:28:42 +0200
f24f0c093e55743c291b5835cd19931d1ca787d0,2025-07-01 19:21:19 -0600
dfecabc76c5b82ecdde7d61abdf540d43ee14f59,2025-07-01 16:55:14 -0700
8aa86db08fef9a23036075492b71bbcc2138afc4,2025-07-01 13:14:34 -0700
b1c8bc589e0caae3d0a1649e354c44d0fb23759c,2025-07-01 13:10:30 -0500
be577eeac631d77243beb57409e476bf197f79d7,2025-07-01 10:44:34 -0700
e64181d99bc58d8482d629e7945ce2510287bf74,2025-07-01 10:42:16 -0700
e73344323ddc26f9f45db15d50394e25069821d2,2025-07-01 16:18:57 +0200
45e3ae30b1ad6f80e20d6ca30163c342e7c9cd81,2025-07-01 11:51:37 +0200
dedba4568ee39e7fdf1f29eee3c33351fcc206c3,2025-07-01 08:55:43 +0200
28b90ea1870643fcdb3afca5426656ab6caa8163,2025-06-30 21:20:58 -0700
ff0904c3fde395403d13c56504832ecaa3fa8aeb,2025-06-30 17:13:20 -0700
e5ba73ec4b176e1e02a36ef4f64a8ea5cf0a1ff7,2025-06-30 23:12:56 +0200
9d8751d50fcff3eeba0749ec63d4e501ae8674fc,2025-06-30 11:28:30 -0500
a69af4985fee4d6be428ba6f60c9e8f0c07da8fb,2025-06-30 12:11:49 +0200
b526e581f37f8f8b357557a34f831509264f46fa,2025-06-30 10:17:21 +0200
18822b73cb7db9adce2eb93a29fb44f2681ea455,2025-06-30 10:16:24 +0200
3f104db715f63d7db9dc9b7f5a5a15f2089c8ba0,2025-06-30 09:32:31 +0200
084aa3823bbd29e90675bf10c4d1ce7492c26fd8,2025-06-30 07:46:42 +0200
cce5a28cf79d8833e845aa431fe313c91c46c169,2025-06-30 07:46:21 +0200
3c993b7fc84388d1a6ca96829cd63fd04f3cbdd1,2025-06-30 07:45:55 +0200
d4bb2a185c6ef27461b9d7116cb7036f46b71bbe,2025-06-30 07:45:12 +0200
83cc7d8749f2ba7ed7f0bff09e7bcf10d77785e8,2025-06-27 23:14:23 +0200
6e8008963f5ec0c8de67d4deea693720a3f5675d,2025-06-27 09:44:38 -0700
069a6128fd50e22eac404715ce83688b93867026,2025-06-27 18:40:16 +0200
c151c2dfa6b7a98b0c2076e7a4d729e7373edd84,2025-06-27 18:04:47 +0200
fce069f1704fe5d1840b50014e8ed966377ee0b7,2025-06-27 11:09:53 -0400
92d931b08af463fd1c022beed48ba9e940363bf8,2025-06-27 11:43:38 +0200
7443e54bbba011001988e02335508b8a50ac7ec8,2025-06-26 21:27:20 +0200
dec1aa5cf75d11ad6ef7592ead34c469a05d4122,2025-06-26 15:54:44 +0200
5845e1e02bf1078c485ff7fe917046e164ec64a3,2025-06-26 09:47:30 +0200
4213a5014efabc32a161d70cdd1ecd8148ff2e69,2025-06-25 14:19:42 -0500
4278e91ddaafe7f95e29383c6604a6bbabf4fd77,2025-06-25 13:49:09 -0400
0dd3c2b632aadb2cf0f4df7c135b79e3f2b56b17,2025-06-25 16:58:47 +0200
ff5d1a1bc64215984f2ac451c9ad1fd314742eb2,2025-06-25 15:45:03 +0200
b2e564405ef19ca4a65bce36176e736b3538ded7,2025-06-25 15:42:06 +0200
8601bda6d97272baf7194141720823fd6f7ecc00,2025-06-25 12:28:44 +0200
460736c182dcb0592d4e47ca57eee70b167fbb7b,2025-06-25 12:15:19 +0200
522de0fe839df2f22f4472241bce632995adc01d,2025-06-25 10:34:09 +0200
bcb68800e1a9946fced40c006c6b55ec02445c1c,2025-06-25 08:47:26 +0200
b7154119f97870608429d5a9950aaaad6d2a0276,2025-06-24 11:46:23 -0700
d317ec40b68aa4f008f4db95e42ff9f076d0d9e4,2025-06-24 11:00:43 +0200
6e432fcb24fd55c9024a3192b17a364623886047,2025-06-23 11:55:05 +0200
444fb9518ce4437fd901d9d9442a415391ade295,2025-06-22 11:45:21 +0200
c07ba83f13b04872a295a7e450fbbbd306602e89,2025-06-22 11:45:02 +0200
e86a6b9b5a8ec1f29f49548ee572079d2d496228,2025-06-20 17:41:33 +0200
e5541de0fd1e850f188ff89cac1417b3ae3500a4,2025-06-19 21:02:11 -0700
56d81e72ff138d026fc6c79575d280a6a9b0bf48,2025-06-19 18:51:38 -0700
c41fd6457fe8e747cbf7a938a5ca0cc67f1779ee,2025-06-19 16:10:57 -0700
40c0a73c6513711b2a58bb159cf8c562fe56c826,2025-06-19 08:12:07 -0700
feeb045a73a315bd4e5104f770671108d44aef33,2025-06-18 21:14:39 -0700
e4dc658c199fe68b0a4f53712132735a70e4f7fc,2025-06-18 20:32:03 -0700
cdd2b5bb3e396d8e9264c3d79d340be1ea85c848,2025-06-18 22:20:57 +0200
e47351980fe8805769ffcaa07016c7fb79e12a5a,2025-06-18 22:03:29 +0200
fa162de0151121adbec33cbbdd029e6f61da762b,2025-06-18 20:02:11 +0200
cea7f9c8299970eb45cb7fad05a3c414e70b15e3,2025-06-18 16:10:23 +0200
81b74fc0b9c7cc9247588438f0740797d7c26e76,2025-06-18 16:06:19 +0200
5b50afe8f2b4cf16af6c015625385021b44aca14,2025-06-17 16:25:58 -0500
0eb9728a466de3c419a5db68f80028b5c09ce76e,2025-06-17 11:06:14 -0700
68651a34987ebd66422fe79ceaff9f987f32d6d6,2025-06-17 17:20:15 +0200
7dc4a66b423d0b8d05e4c9d5f8669a92480ee11d,2025-06-16 14:53:47 -0700
67f550e7ee7e11272e8e4c3fe18a4f1f68a95dc9,2025-06-16 23:50:31 +0200
3ed8184387e92af3b0bfdfc92f439dba9fe37b9d,2025-06-16 13:41:03 -0700
7ceb7402ad076b671131ad0e757d7c9a5420ea84,2025-06-16 11:18:30 +0200
1456c69aa17fedc26717d67c1dc64c5888b8c986,2025-06-16 10:35:02 +0200
d0b90c540d64112eff7cc856fddaccdd184bd91a,2025-06-16 09:30:08 +0200
d6b52149de1d3344a23a811a361b1e50060658f6,2025-06-16 09:25:36 +0200
077af5fec20b662113beb42c1744e1ca79943204,2025-06-15 09:14:38 +0200
24cb139b15e509dbd0864c8c5f90a77b1cea8503,2025-06-15 09:12:13 +0200
b196aeec0dd6b280376f666e7d5d8546103017d0,2025-06-15 09:11:27 +0200
a0d9f067283c6bd01b6c00ae26a59d0cbaa4e41b,2025-06-15 08:36:00 +0200
17f9a9fd28bbcb37745f13ebfcd57cd5a96e0a5d,2025-06-13 12:08:33 -0700
62d9ff5d043a5571efe020b9177998ae763a41a0,2025-06-12 20:50:07 -0700
26d5c1c4f856d15630898abc476ac8c6c191b4a2,2025-06-12 10:52:00 -0700
a8d111eaa7bfb3f98a236578cee3b2ff14b7b338,2025-06-12 11:39:51 -0400
e141ff73b8572522cefaeba182d4b802ec96d1a5,2025-06-12 12:55:55 +0200
ee93ffb591a7a1e64179e2de38f1edf899b34d52,2025-06-11 20:09:06 +0200
f5eab59c923ca262ab9a86d41e509a56afe6a421,2025-06-11 10:15:48 -0700
76972ef77b96f864712bdde2749a170f9494b001,2025-06-11 17:52:56 +0200
7b8bd29ce80bc78ed882f0613f7570e78e325988,2025-06-10 11:07:18 +0200
77c2f4484ef169872192eda20bf82c8d859d7104,2025-06-10 11:00:51 +0200
d1027fc6456b7a98f6e421f259a4018b71796c05,2025-06-08 23:35:41 +0200
aae14bee61a26ab4f8a89651ead0a14fdcfe2c19,2025-06-08 21:51:51 +0200
5b40f9f88f8ca8d76f9b57a66ae701a1c918681c,2025-06-07 09:19:46 +0200
e2da23c0cd53a46e28a59149f6199c235668315f,2025-06-06 19:31:12 -0400
d59ea1ea842df86c93edc022e4f364cf4764cb2d,2025-06-06 19:25:50 -0400
7b510ad48dc48639aa429c047b2b18d8c6555f80,2025-06-06 14:48:47 +0200
b4f5da906ea31ec16e322b3ab97c8fd79cbf2b22,2025-06-06 12:52:34 +0200
78156e7f4c829880ad1c62f35588c0a57d5ff18b,2025-06-05 18:44:49 -0700
73b179c3c130e54499d45a9203f63b58cc38e552,2025-06-05 16:00:36 -0700
d3ebea5ada4e8ccf1308d22c44051e90ee1bf651,2025-06-05 12:26:59 -0600
e631db69abbd43af687715e8634a46454742cdd1,2025-06-05 16:47:18 +0200
6c9e641968e7169da3aa63881031c40e73ac6003,2025-06-05 16:46:25 +0200
1996ff9f80e5c1df7cd114efc7864f4f6a38fa02,2025-06-05 14:46:39 +0200
4079a4fbb8c49a020d8f0237bec506c1bbc4bbdd,2025-06-05 11:57:48 +0200
809e4d8a7472b8e5d48e0a598fd0dd6b7bf018da,2025-06-05 09:12:53 +0200
3e478d2feb603e8871016b805b1e715838cad516,2025-06-05 08:23:37 +0200
b3adeb12e21c56d742c408f67c3cdb96b3e02ff0,2025-06-04 11:17:07 -0700
b8cc8eb846e70e49ca596864a5975641a04b65c4,2025-06-04 14:52:29 +0200
73802f63c5d3c57349c92ff8112692ec4b67e897,2025-06-04 14:07:16 +0200
5b62fecde3158cf43f90ad40af40091d2d13b6c3,2025-06-04 12:08:52 +0200
b38573dcfb4a5467a70c28573a2d39874718a2a1,2025-06-04 10:49:18 +0200
12605226736312970d787e704d4b7352a2bc2c1c,2025-06-04 07:35:53 +0200
931865ecaf40a827f9081dddb675bf1c95c05461,2025-06-03 13:32:46 -0700
4755b76d2d1edeb727657b0d9941f7df7066f7c9,2025-06-03 21:48:42 +0200
959351677b96bace2852154bcb49098538a87981,2025-06-03 15:00:49 -0400
8e803312cf823fd76bdd3bc8ecfb3f6dbaddc542,2025-06-03 17:01:11 +0200
a1a9ba12301320692887e88ee24879089ce724fc,2025-06-03 15:55:40 +0200
f9cc62eb0d98e360b452a3ab8fdc6efdc4969f6e,2025-06-03 13:45:06 +0200
ee1dea0a4995c61c48f2df889a77b9a19ffff02d,2025-06-03 07:52:26 +0200
e5b97d34495f26ba5854a01be5471063e18c5854,2025-06-03 07:49:18 +0200
73758ed9a7acb8b47b63ad68a01cfe9dbe50ff79,2025-06-03 07:47:34 +0200
1d8b91a345175ab09a69cf0ea8d74c6cb297ee87,2025-06-03 07:45:57 +0200
9fa50f3b82b321a98698c07977096d1638a9b185,2025-06-02 22:51:03 +0200
7537c3c3a2a6491abcf0c3ef58cc4d5dc6ac4bae,2025-06-02 22:01:40 +0200
08bed1303ef28e8b15bd2f395e6cb51afedffec1,2025-06-02 20:41:10 +0200
a4b2a0dab092821d4843749b8abc30208622e164,2025-06-02 14:55:29 +0200
4218554f37fc183d8a312c52487cf84338c392f7,2025-06-02 14:07:54 +0200
ee82cdf287a304deb58b07aa44cefdad5f9c90da,2025-06-02 10:51:48 +0200
2cdff366982b30685f6410c290cbd16aed274caf,2025-06-01 14:25:36 -0400
a5a0b8af84362edd876ab88d377c6a608d634098,2025-05-31 09:56:29 -0700
8192a6cd8343e3212c22159771e677e22d223c9b,2025-05-30 15:38:58 -0700
3469cf30f2d839763813596e3f0c66ed16189c9a,2025-05-29 13:24:26 -0500
a8b42450d17df355c05554b38e4821f2de1d8eab,2025-05-29 12:51:14 -0500
ff4799afcd279dfdb3bd051bb0d4ffc9cd861575,2025-05-29 12:48:50 -0500
0f3257c59bdf98e8cce89d430ce4f70336017134,2025-05-29 19:34:08 +0200
0ae93940771bed2191d94c77ae1d24597edcd46f,2025-05-29 10:22:37 -0500
4927610d1d29f9c5e9370d2c2e514631e1fa6465,2025-05-29 08:33:27 -0600
2ada622509ad1e57c9df70016875c8bbf119cb95,2025-05-29 13:20:49 +0200
4e0207ad10cc5f770bfbfcddd5ff4107abcca896,2025-05-28 15:22:11 -0500
8eb476f4b8cd918ec62ec3470b47d6da3204fd1c,2025-05-28 15:18:07 -0500
e2de07bac35e9890613bfa2bb22c935f348faa32,2025-05-28 09:35:14 -0700
6be7cd76e368330e50fe1f57d986c4c2cb0087a0,2025-05-28 16:03:54 +0200
c3eaaf5c885039f0d6fc02c4548861a8dba7182a,2025-05-28 14:37:13 +0200
cab0decbb0e32bf314039e30807eb033c50665d5,2025-05-27 14:50:22 -0700
52a72dea81c2cbc9be2215ea25d83f59c25dfa76,2025-05-27 11:33:01 -0700
d46acf9147b239a91d03e221fb5f6d44c1c70c49,2025-05-27 14:28:08 +0200
2b3559b45459e8082d321a35615523e907204ef0,2025-05-27 14:27:42 +0200
0e9b364fe23175c4b454fdc788cf2ae662616a68,2025-05-27 14:26:35 +0200
d8d9753eb69bbefeb6cd4ac4d085ee2f4285a345,2025-05-27 14:26:12 +0200
69b0bb05aa5747587e7c7fb7658dae7b600a2ce6,2025-05-27 14:25:45 +0200
5a096b764fa88e4a71d0d53e90aaa58ecb6d6db8,2025-05-26 16:56:15 +0200
dd7fa01bd5ac35532029bd98d785ea4b42f0def2,2025-05-26 13:10:40 +0200
e95d778c79212e99ea0b75e8bf93ff2d9c162b7b,2025-05-26 09:18:36 +0200
b504f9c51c6c0e0a5c0c5ff53f295e69b67d8e59,2025-05-23 17:06:06 -0500
419284989b4712e3d7e461d78eb3bf0cd247e87c,2025-05-23 15:43:34 +0200
793f6cd062c75cc72f6ae6e42840d290cb1b68f0,2025-05-23 14:56:36 +0200
b47f207d1fd14dedb9378c0642153f5b03f98b37,2025-05-23 14:54:18 +0200
d32ba358c0976a58229ca62dc175e15b16fda619,2025-05-23 10:58:27 +0200
0379c434e0955a51eb7a70e75217621d76de15b9,2025-05-23 10:40:23 +0200
14493784a6d59d7d1dfee84fe619fe349518e537,2025-05-22 10:11:45 -0600
91dff9886e6e6c494f6a970129f4c08487c98a0d,2025-05-22 13:39:47 +0200
1911c94ea605a3d3f10a1994b046f00a5e9fdceb,2025-05-21 09:39:48 -0700
e139dbc7eea9ff7248ba0d504d498cf205ff3a35,2025-05-21 09:08:03 -0700
6550486f0c640e15bb7c4d6c16b087397656213e,2025-05-21 17:27:38 +0200
018710edd56652e915fe858cba512b3064efcfa9,2025-05-21 09:18:13 +0200
8a38f5ae2b5167277785494b9a48d9abd38330fe,2025-05-20 13:44:06 -0700
09a531740ccec41d69c166ec484be6da16a09947,2025-05-20 14:38:17 +0200
dfa5a979437783877e0f4aedfb62943d4cfcdf8e,2025-05-19 21:58:15 -0600
a7f3dc79a2f42a4875ac35eec2137ecff15204fc,2025-05-19 12:01:40 -0500
4ca3f10832907540eee798236fa401eb07c7e7df,2025-05-19 13:25:31 +0200
a654f3f91c770a96aa81c31f17274d9391d8f7fc,2025-05-19 08:19:16 +0200
a491ce93568b71a2f7ced839a345c6b86d8300df,2025-05-19 08:18:16 +0200
1b30216307a73793528a56623919e5b7ec8a29bf,2025-05-19 08:17:58 +0200
a44ec8d1c325f5f0e062e2ceefa7ee044cc956ce,2025-05-18 22:14:26 -0700
b08b241aa39db61de9b5466bfe781f43c10b4036,2025-05-18 16:33:09 +0200
c2478968e65368c61799d8ca4b89506a61ca3e7c,2025-05-16 21:06:21 +0200
b050314a035f7916667e8441de6f100eafcc9ddb,2025-05-16 21:01:00 +0200
acffd4dc5d65303ab71d9a65903891b7b0c249b1,2025-05-16 13:49:43 -0500
8511a37ce4a7075592da37575f4239d34c29101a,2025-05-16 20:44:23 +0200
cbbc8728e2bb5ee1f32d587dd99bb44384f8b799,2025-05-16 07:47:49 +0200
a25f9938caa0cc021ce6403baf051fe8412f5401,2025-05-15 12:28:52 -0600
31c315f695aad544a096a5a2ffdde54a97b90b28,2025-05-15 10:20:04 +0200
66b60b7b5c555fc744d53e7567771624f90ee9db,2025-05-15 08:41:34 +0200
6c98a9e470d44f77e1939a1a333bf197a57949a6,2025-05-14 16:31:44 -0600
8353ac8f80799495cfdc32dd37222ed1b8d8070f,2025-05-14 16:31:44 -0600
71cbe17cea5cac567920779de924eba62432934b,2025-05-14 16:31:44 -0600
cb33ec16d0811c5a39be7e1d4f854742478c2fbb,2025-05-14 15:34:11 -0500
268661af252174ab265cb65b18f1e5fe98eb4f59,2025-05-14 22:09:02 +0200
c882e39823fb22e7cd6e5a71dae2e9bbd1a3540d,2025-05-14 17:02:19 +0200
b050efce833e2367ba05bc737662d98a1159ec92,2025-05-14 17:01:45 +0200
d94b09b4314df114e63279f04ead29f0933615f4,2025-05-14 16:12:15 +0200
0aab58191ab34b04e98edce6a03494796583c2fb,2025-05-14 16:00:38 +0200
d44cba57c859fef04eec1dcc26838b6331c33702,2025-05-14 10:00:07 +0200
4ea7f9342401860e6f4cd54fdd124f1025f93794,2025-05-14 09:27:45 +0200
aaba2a33476e3638d05b16aee040a8f5add41148,2025-05-14 08:35:56 +0200
d2124f2771e6e200ef50d98316bb2b01f46ed29a,2025-05-13 14:25:05 -0700
ba75a11ebec01e6661544d5c85df5448bb676a69,2025-05-13 19:03:15 +0200
8facdafc37ab586459ce7d7f57d9135cb4177765,2025-05-13 09:44:40 -0700
5d2230ead79da64a8c871a02eb1304a94aaece5c,2025-05-13 14:42:11 +0200
630bf0d33b11f55d1702a54759227bb07d5cd7fc,2025-05-13 12:19:54 +0200
6c29507008f3cdda206709dc2be16cb40c1c6173,2025-05-13 09:04:53 +0200
d04be9b6df0e4bc59bceb6a80c2b828d5318d270,2025-05-12 16:06:22 -0700
7217fb44635f5ef2794b0cb39cc8c893452092ea,2025-05-12 13:24:51 -0700
4735142fbff1f06ed8c1e1fb5edcde172441edd4,2025-05-12 22:10:07 +0200
acf56af529743324647c5657fa53f040ed909d1e,2025-05-12 14:49:44 -0500
fa1d860603235c610c78a83b7f4cb5ef986f2b3a,2025-05-12 14:43:36 -0500
951ba965a7cab8f5bc7270faac7b4cf444e2d14e,2025-05-12 12:33:14 +0200
8976bc5fd9b39f4d079e6e5d66749dee8d4c423f,2025-05-12 10:15:26 +0200
97c0e136b8021058897cab7539e3ef89ce5a0341,2025-05-09 15:29:04 -0700
582d151de46d1a980e789b1746e97e05ebe3b618,2025-05-09 17:15:55 -0400
a5bcacd979dc9ac70be3d7e5b93bb967ff04f71a,2025-05-09 09:51:33 -0600
9c8c431f830ed1f413abc355a316b73271385ccf,2025-05-08 16:10:00 +0200
bed88a38d5624d4062f0679e918780d1a1461834,2025-05-08 12:03:14 +0200
809a2327f15dd0f5f9a20f43b3dbb1632bb00828,2025-05-08 11:16:45 +0200
df866c51af8f99d213037f0bd49b1d7dd061f7b5,2025-05-08 07:32:47 +0200
ada3d12b4e02f8c9579c708fffb4711c52bc434c,2025-05-08 07:31:29 +0200
ad7f5c439b8392bd13d6376050e21330c2dfeced,2025-05-07 23:18:25 -0600
8cf996188a61288964b0e840a705eeb20214bb33,2025-05-07 12:53:39 -0600
542a4d764683695217dc7741aec9887e1f947e8c,2025-05-07 17:35:04 +0200
c730c0b16d384912881b7be9abfbb2be101d462f,2025-05-07 08:09:44 -0700
176a6c6b824065771c5ac5f8e797d0bd6ed3508c,2025-05-07 16:37:36 +0200
a00658b7337837847e5ec657b2f4736094077afe,2025-05-07 08:33:15 -0600
3bb6a25ccd34c4bd3e31abc7ad99d26b9cf3557e,2025-05-07 09:16:55 -0500
c4afd783d389f7d87b4b6354c814363a33604895,2025-05-07 09:03:40 -0500
9fb80b7167e58a2daef80f4a1a09f223b870c030,2025-05-07 09:05:42 +0200
94ba295960a5da1ce87c35a1e28353f4a71ccd72,2025-05-07 08:57:45 +0200
27e73fea23dcf39185da0dba2e3b9e3ef5f3254b,2025-05-06 22:52:15 -0700
4bb60aa0bc873c15e4446a0960d381d24fcbe8be,2025-05-06 22:52:15 -0700
a04c532650156c0e3cb0de56cee48ddfb8e8fd2a,2025-05-06 15:53:57 -0700
92d89dc912d3bf2ae70fb2f3e1eb41d091772cdb,2025-05-06 11:13:40 -0700
1e944650fcd4718dc6a8bccc34946871bbe13726,2025-05-06 11:09:35 -0500
47f8ae8d724955699c613fbffaf51857f0b08a7a,2025-05-06 10:51:15 +0200
cbf2695e951847eca46ba732cd2135876b483cdb,2025-05-06 10:05:31 +0200
84741867b9220f47b8e9a83edfb1be14d40cbefc,2025-05-05 16:29:39 -0600
a214e9bc23a525f8ddaa53f4a77aa574ff7dd939,2025-05-05 14:21:58 -0700
7f3f450bbddf55bb383ff1409d6d0ca4557c9ffc,2025-05-05 10:08:14 -0700
af32a07f4609b0b8f7ae62cf05565affd5f33c29,2025-05-05 11:22:53 -0500
d2806b4d8831238c79e35e76e0b76e046436d42a,2025-05-05 15:39:49 +0200
f9bfec36d13f4965b75d508d81bffce9fc6645ff,2025-05-05 12:19:55 +0200
60def0857dc88d2147f860413efcb6a0415311ae,2025-05-05 11:59:19 +0200
13aebe5d3120f1f05689b6142cc18a1155ee850a,2025-05-05 08:14:59 +0200
0db08b7c697b5a628318254dcb7d758a028819b8,2025-05-05 08:14:32 +0200
ed20482ab17a352eeadc6bff8e66f2729eeb83b8,2025-05-05 08:14:19 +0200
cb02daf32dc14002a38780724fdc8085b934a184,2025-05-05 08:13:35 +0200
696a72c0f88c3af1096e716b196f1609da34e50d,2025-05-02 17:49:23 -0600
61e8acecf512d8dd2a72727803e5836ea1099eed,2025-05-01 15:53:18 -0500
bea3f8b58cebe1458d8edb2172287cae0a04cb38,2025-05-01 07:59:46 -0600
bd9353ab0bdd88f588e4e3be5773e25ce52faf51,2025-04-30 21:26:31 -0400
e6003454afff747071591c4f759f88f493ee22f8,2025-04-30 11:22:21 -0700
d0cf7f53c675c4296e9818da08e3a7270d6c8c77,2025-04-30 11:09:03 -0600
5ac19429fa3f63b35a455b695f3c066371afe525,2025-04-30 17:12:54 +0200
bcda1a339eecac1e02758638583771fe24998f54,2025-04-30 16:36:43 +0200
90273db514556b1f63e75b9ac7ee7bfcb0498333,2025-04-30 16:03:31 +0200
738336b21c268b95811d9ae6b0eeb0bf76728fa5,2025-04-30 16:02:30 +0200
767688a33b1bf0af01e1dd06b141f9b891f8570e,2025-04-30 13:00:08 +0200
a0d11872444aaadf4227666f8e7d2541ca5b93ba,2025-04-30 12:47:10 +0200
f7be3a66fa252915f8b2b2b03bf38ba579004a45,2025-04-30 11:34:46 +0200
3aac0643c69ecb2120cdc5870a0fac20657bbc36,2025-04-30 10:56:29 +0200
0580793c472333ddbe19e043843a0a3384467ea8,2025-04-30 10:56:06 +0200
242717c8c516dcc49bc4368b77cd3f3af40720c8,2025-04-29 13:48:12 -0700
5ed88a5db0ffaea3fdd836c375fdce8d420d5956,2025-04-29 15:43:31 +0200
e1ab42591488f25471a850547da9952aa9de48c2,2025-04-29 12:03:46 +0200
829ae7a11dc1eb62246c801ce1c7e501356c5463,2025-04-28 10:57:32 -0700
81f61f4dd2332a7a3b8c80014c60a89becccc493,2025-04-28 18:21:07 +0200
eed6dc7f07308c51a60d7e0a6725aff3da2bd786,2025-04-28 17:54:56 +0200
68b016cca6ba02781d3e42f43b6bceb414580816,2025-04-28 16:39:52 +0200
b9effd2e7847120c0d376c577e631ce824261850,2025-04-28 14:53:59 +0200
b0596267abd0d474b00ff41d963244fdaffc08dc,2025-04-28 09:55:45 +0200
dc26b72ad016840b79d62bf8a84b7f2109e9b71b,2025-04-28 08:38:25 +0200
ef45c137f53b59ca5caf316df2e0e0e7901cb0ac,2025-04-28 08:25:37 +0200
346414c0f500ec06f524517d368bdedd4744edf2,2025-04-28 08:25:18 +0200
94240f50e358cf4b068c52b56e3a07ec27f1fb6a,2025-04-28 08:24:25 +0200
423f7034f51d48eb6312533313069bd495218523,2025-04-28 08:14:41 +0200
20b12b7339628b093c099761d994bf4dbc47d10d,2025-04-28 07:55:18 +0200
63c489c64db7c9d79c72fd347b4038f937f50fab,2025-04-28 07:54:08 +0200
22d194f5d685fdf5bec17c6bcc92a69db4ae4957,2025-04-25 16:17:10 -0700
01fe380d455949abb49ebfecd9509afce8764fae,2025-04-25 09:39:42 +0200
ee70a53bf19c985382dfc9471499f965a5073764,2025-04-24 18:20:48 -0500
137965d72d090b4268827607786ccd3c2925bbc5,2025-04-24 15:06:35 -0700
ee2ffb4e94f166f4ffb371a01050e4fb92474b22,2025-04-24 09:50:42 +0200
d7f8e5400519f84cd2af82d7769713b24e916809,2025-04-23 13:21:24 -0700
b6477ed6c3bc0577579c8cc9955f1b8b88da7f3d,2025-04-23 13:21:24 -0700
f5489ae429aa679f80e113b7dfbd128d82f2adda,2025-04-23 13:21:24 -0700
e996688c56ed980276d1c045d26ecdc18faf2e26,2025-04-23 13:21:24 -0700
fc31fd5056b47dd2f3044d2569d7594027de0417,2025-04-23 16:44:56 +0200
321e66ffc97349f7221096e15129a7eddb5ab81d,2025-04-23 09:59:40 +0200
4b131c5eca995c33b2ce67cac1aaf865f1138bd6,2025-04-22 15:09:33 -0500
dbe76d477dc9443a3063fc1b661bd6427a8d9a3b,2025-04-22 14:46:44 -0500
7dbafb438ee1e68d0047bebcb587265d7d87d8a1,2025-04-22 15:14:07 +0200
3f661d5c6657542538a1e944db57405efdefea29,2025-04-22 12:03:14 +0200
03864635296c7e7507919d5f1e0514594555fb61,2025-04-22 12:02:05 +0200
12b1f52ea46b423f80c5bd83f7cf1d6b1db519f4,2025-04-22 10:29:44 +0200
04bb3eed3451522a4ee53daf38b198853844d815,2025-04-22 08:57:19 +0200
5039ad2b4ad83e3416e6abe0f3dcf3de65ba91bf,2025-04-21 19:02:45 -0700
89e499f997c2a5abcc22ac58b6872e1c807c6db3,2025-04-21 15:16:20 -0600
cc2e0ff9e9997c1ff473275cf270ce13d8f8b55d,2025-04-21 14:34:24 -0600
ab92d6e66b61195a8e9845d3eb592f3e67ae67e1,2025-04-21 11:37:54 -0600
ad6d6cd47458f509e7b395fb7bc7e6bb8cd26318,2025-04-21 10:37:32 -0700
edc7f2a5400897499b8e9b63a2e75bafe6be5808,2025-04-19 17:13:46 -0700
3a29199e73f2e9ae0f8f92a1a0732a338c66aa0d,2025-04-18 18:28:51 -0500
38b7c090b526dd6a20ffa5ff804d3487565582af,2025-04-18 15:35:17 -0500
f25e07db6318184272d5c98dede4d268ee5288ab,2025-04-18 10:50:18 -0700
8348decfd5b2ffeb907f5a0f9a4c36e2404f0c65,2025-04-18 10:06:58 -0700
9fc49e187069c7ec2493ac0abf20f73175b3df89,2025-04-17 16:28:37 +0200
c81dda7325f8787d4ecc22dbe7b916e3681b0561,2025-04-17 08:03:23 +0200
5d97ad645c74a1cbcc003e4f33d43c9032588f09,2025-04-17 08:00:39 +0200
8e897f1b68c38c6352f23d636c320e3754d58eef,2025-04-17 07:54:02 +0200
013d09e473faada1a3b21c155964ec4d1254d69d,2025-04-16 16:51:46 +0200
787b9f0bee7b52b489c3fbb24e01f3f904edaf09,2025-04-16 16:10:15 +0200
c338323b2e9cd8a862fdf328ceacc1b59ea6275a,2025-04-16 13:06:53 +0200
2d63ec4917c97687061bd202b58eb8e9ab7c5144,2025-04-16 12:02:15 +0200
68d833e9adbe8fa8eb68714c2aa85b81a238688f,2025-04-16 10:58:56 +0200
31f1fca74609fdf2fb3009b0544a95b9a7a24d24,2025-04-16 10:26:47 +0200
9c696f0b84f34edf6c026c9a734a33897520f0c9,2025-04-16 09:32:33 +0200
414b7bc11531647054f333400a74be23982b6270,2025-04-15 17:20:57 -0700
913e243d1551932a31a0cd72d2318ee8cf96b0e0,2025-04-15 15:02:38 +0200
d7455390ea8d0f51d0604879391a76e540b264b7,2025-04-15 14:58:05 +0200
4587d0083ec1db3ae742a56bb7d97d47e9a93b70,2025-04-15 14:01:53 +0200
0aeb574ed35983a1f667b37f475453f9d8f472dc,2025-04-15 12:31:47 +0200
8d1ec91a2e9c6de2b8fb1ccc5dc82ac36f4e1b71,2025-04-15 09:57:12 +0200
6d3b38bc66e71be9924dc56c919a26a1d5de4f70,2025-04-15 09:06:37 +0200
1e36faac9833df661f7d397f8a4c4554e4f121c7,2025-04-14 18:04:21 +0200
41237e0214e1f75d12e652a9258a8b4c29a7f072,2025-04-14 15:04:14 +0200
0ebfd4ce1b982289c0a5f6ae6356c3f154022c25,2025-04-14 15:01:03 +0200
e5308e8412e817c072e8f08fc5f3186192dadf0f,2025-04-14 10:54:23 +0200
97d1107d60b42d29306c663f23f869fc1d439e6b,2025-04-12 09:39:34 -0600
6cf4fc13760f59f2e06c1764f7baa63451b6c4b2,2025-04-11 17:43:41 -0500
b0c4d91e9194c2d7da7224bd67a9a194fa7b4968,2025-04-12 00:04:50 +0200
3d0f080f4611639bea128850c3b880375246a853,2025-04-11 17:08:34 +0200
13b9391d32401af45825a3bf816d1d61a2ba6a21,2025-04-11 16:54:29 +0200
85b8fd35958c46a830472a512303e59189ee6e35,2025-04-11 16:43:24 +0200
dac5622338f024e9e5a565b8358d0b865edb4e2f,2025-04-11 11:08:28 +0200
20811c6fb65543d5e198ef37d87872c211316aeb,2025-04-11 10:54:47 +0200
616bee5a5979d8971f54c62cfb7888ff73fbbe6c,2025-04-11 10:05:50 +0200
55b5371e9feb04973335b569e4f24b15c4f30570,2025-04-10 17:50:54 +0200
b15f4ac1795d25f9db5aa1559b677d57d1bacceb,2025-04-09 15:27:04 -0700
e56ec11215e7b9fec6ffd1ea435e008852454db0,2025-04-09 23:12:10 +0200
e314e9eaac3939ce248bd96b5e2c82b2b1970ea5,2025-04-09 19:38:31 +0200
529c0bf2855921d1c964159188acbf531a807684,2025-04-09 09:10:09 -0700
665baa5ac23f7743642ff51d6b7594952e60198e,2025-04-09 09:29:24 +0200
f39c1fa6f67a705a13dc2bc536f6002f38fc4cc7,2025-04-08 15:25:22 +0200
68d82acebf92f7589a66f49d37d898c9fab43693,2025-04-08 13:56:01 +0200
7d7aeb89f26e3325e76afb8e20d6cd5b0ba74711,2025-04-07 09:52:23 -0700
64df1afb4b09486aca104cbc5bd017d7dcfb480b,2025-04-07 15:21:47 +0200
369fe89138ca52ef9437fe657324c659889a8d88,2025-04-07 12:34:53 +0200
a0194e26a2c8f693bb6004acdc22a17be370bcc2,2025-04-07 12:09:54 +0200
8e473a7575a3298dcfedce329d1275db5a892e1c,2025-04-07 12:08:09 +0200
1c861707ff501307ca0813bb84c4fe36ed7c5f00,2025-04-07 12:04:08 +0200
b99f33dcaa747d169fe2bd14407f961607b479de,2025-04-07 10:21:38 +0200
88b01239997bbee74b4a575c7bb28615365063df,2025-04-07 07:47:19 +0200
6cfc21b744b4187d4aea33b01158acf036fc219e,2025-04-07 07:46:24 +0200
7b0f17ad7e9916906f09c82803edf333e318be1f,2025-04-06 12:46:58 +0200
0152075268851d397b60bcb66e5a7c346271dfd9,2025-04-04 08:37:48 -0600
db34c1c18b20b389c64a449f21c2296f2f25402a,2025-04-04 09:12:15 +0200
20508d582d5054bd824af33295b546e7833d789b,2025-04-04 08:34:49 +0200
06f667ada5a5b9edeaa20ae9269ff5de1721b91d,2025-04-03 16:05:54 -0600
e9494358cdfbf0f5ca135be19f5e53173b75f292,2025-04-03 15:55:50 -0600
e630e6126ab9cfc3ddeef73f021a056cb612d200,2025-04-03 09:00:31 -0700
cb3f331e478cbbf3cea852b56f0eace28043124e,2025-04-03 14:42:45 +0200
14122cb736dcc0db52e48caf183d92eb1272da86,2025-04-02 17:58:55 +0200
28c246e2c020a1f849effcfc7d5d1852f1f59b02,2025-04-02 16:12:18 +0200
c661a71091e496393c743ddd879d9e1a0f2747b2,2025-04-02 14:34:32 +0200
9e65c9d5d2580800001d4d8f8ab85c5fa7c8fb98,2025-04-02 14:27:19 +0200
817dc35a924b403716d2eb899aba46f3398a5ca9,2025-04-02 11:55:12 +0200
be2c1207581e91f458d5dd3b53610ef18a506dc4,2025-04-02 08:14:23 +0200
aada4d2d88e60b65c4223da12ae6f5bfab550cba,2025-04-02 08:13:38 +0200
ee0190d00a24dae34d3e9fe4f168ef95bf924bd9,2025-04-02 08:12:21 +0200
2e1577e62bf023daddb0ad7aec5ce6f094fb98dc,2025-04-02 00:27:43 +0200
9635fb415e1fdb3e268a852da067fb3f78b76825,2025-04-01 10:03:11 -0700
c879eed88669aa5439b841a1105bc4e796992eb5,2025-04-01 09:48:52 -0500
e1f2cfdf2c3a0be73be83d1a807f5e4ddc59fc93,2025-04-01 16:43:16 +0200
e55f23858848bb848a1a16ae1ee045139ffe89fc,2025-04-01 11:55:39 +0200
9981fe1a282d7d18dc6b361e764d1fb4f13313b5,2025-04-01 09:10:34 +0200
770daff764672ccdf9240404c9026fdbd0476c54,2025-04-01 09:05:36 +0200
ca2d11eb86d8e12f395ab24bfa4f45f50f7d6ec0,2025-04-01 09:04:07 +0200
12737a1282d2e82432c0e5924b3fe33dc4ffb109,2025-03-31 18:59:03 +0200
6d8653bb2bbcecdbe38e98da60ef5578f083e933,2025-03-31 08:02:49 -0600
d8251755c4f78361cf0d114774fe227dc23b805a,2025-03-30 22:50:16 -0700
d945cde3c289bfdf61cf4352a7089d1d6462f41b,2025-03-30 23:22:55 +0200
d5971429ea903be873b5884c64a3dd41076179ea,2025-03-29 09:15:14 +0100
9199ab520b92084e058d7cf7101b15802eeefc7c,2025-03-28 19:08:39 +0100
054eacd5d691012b725d1c16d96f1c728748a3cf,2025-03-28 08:43:56 -0700
12f5d0886f3aa1a1ffad25e96507485326974975,2025-03-28 09:38:44 +0100
795f2e4b677c1c3cf3e33e639296928bf86c4af9,2025-03-28 07:53:35 +0100
68f8053d67aaae7c7cf7b13045e2ed4146fa45f9,2025-03-28 07:32:16 +0100
6e2eaf02f380ed8e3be7f58273d680b766897b18,2025-03-27 20:20:13 +0100
8ca7f9bf1a3dafe3e86cbcf0c4e8b41519e728bb,2025-03-27 19:44:46 +0100
3385d05343ce183e0d598f2a5be438ec72d4032d,2025-03-27 19:36:47 +0100
aa4ed6041b2e4555e222eb587d5055be163f362c,2025-03-27 13:02:06 +0100
d54d81ecc1968eb0ec16a1f266e1d0b29e53b2ef,2025-03-27 11:37:20 +0100
25409c624e092f56c9a01bc281da9d94f6285f83,2025-03-27 10:31:37 +0100
695374d8bfbd22f4347cfe43b54a93c41b88f166,2025-03-26 20:02:55 +0100
af99da6c2daa8e53876638c839b0f729f2f3a86e,2025-03-26 07:43:42 +0100
07ad9a635c6e24959280f53b76ef3036e33d13ee,2025-03-26 07:15:51 +0100
e1e0a7404740b2bf9e6638afb5f0ff19f2536713,2025-03-25 16:09:02 -0700
62632986372cec0ef5233173d31526baf858ca71,2025-03-25 11:37:53 -0700
03ff41c189c7420992be0e4a4ddc63f005e2e0d5,2025-03-25 06:30:49 +0100
2a0fee50e81fc4f6fbc4a7d7da74eed8a16a5d9b,2025-03-24 17:34:18 -0600
80f07c02da413de79054e18d1a9a14c1ecda4ecc,2025-03-24 19:36:29 +0100
6f0dfd976eb88ac4f2c8f4ab9855b88e245f969f,2025-03-24 19:35:27 +0100
5cb8715c15d5a9cf840ef0a8a4b2ac35276557e4,2025-03-24 19:32:39 +0100
50c8697f937e0fea3c87fe8422bed881792a8129,2025-03-24 09:14:30 -0600
62005e72a50dbd2d64aa7c267a006b5902b46c3f,2025-03-24 15:40:54 +0100
4f06b0911e870ad4ef329e77d68ae5ebe9135961,2025-03-24 13:46:55 +0100
a908f920178f6a621f9418ffd455fa101cba92ab,2025-03-24 11:16:21 +0100
cbf34a6ab980ab9b7bb01e45c9e2bcfad8e2986b,2025-03-24 11:09:28 +0100
6bd6887db1f90674ca5e20e88cc95c5f92dcb050,2025-03-24 10:52:21 +0100
f12d200108cc95b38fe0edd9113f807b47648656,2025-03-24 08:11:12 +0100
cb7d5a827ba162b0e7ad12dbb22d2e587ab50eb7,2025-03-24 07:59:57 +0100
1a94bc0346cb1cdc2cb60d1a666564693e83aed5,2025-03-23 17:55:31 -0700
c94fae4fac71f72d56de316595b26612bb04a515,2025-03-23 15:24:21 +0100
49353ff2db5c4eaf3eb58b4552d93fd5b5dae281,2025-03-23 15:22:23 +0100
c2a7d9f0ad1406a74d972ed1dc2b7bee1606944a,2025-03-22 10:53:33 -0600
263c62ee6659daa9c96837bf81770fdff9254da3,2025-03-22 10:53:33 -0600
980212e7000f7a62439e8876cc555a5066147df6,2025-03-22 10:41:54 -0600
ded06702a8c3bd6bd823969ab82d2e32669e04c5,2025-03-21 13:03:31 -0700
74051b44f933bf3f33bb9ab9b04ed987e16b40dc,2025-03-21 18:11:32 +0100
845ef51498bd2fce5f7e7de71feca60db939c8b2,2025-03-21 14:21:22 +0100
d14298fe9e826f67e0a2c4d8e279c6b032912726,2025-03-21 13:18:54 +0100
2c157cbaf552f48a18d959f0c6b95be36b9dd9e3,2025-03-21 10:50:50 +0100
a4816c1c99063770473920cd6d62f88f90a292dc,2025-03-21 09:46:32 +0100
df27946bac0f19443842975bdd6c56174dcc0e15,2025-03-21 09:46:32 +0100
e47e99a0dd3a500134633df640522c8c8fb56a2b,2025-03-21 07:09:27 +0100
721741764193bc4767bc2ae70a423f020fdb83c1,2025-03-20 14:42:11 -0700
21497fd38521959ce04d7fde7d823a896a2f565c,2025-03-20 11:59:34 -0700
6779a15759668552665988eab4bcf6c2f8f5bd3b,2025-03-20 16:02:37 +0100
31e0f19dff9f6c91a8d95447598fa94e70c5cbdd,2025-03-20 14:56:19 +0100
ff5004ef6d88c1fb7d985fbab818ff9e6bcc4c3f,2025-03-20 06:46:10 -0700
8ed1c216503b7193924ca57bd2694025660ac02c,2025-03-20 07:49:01 +0100
017559ecdcef7d51514795966024f8e2d84409fc,2025-03-20 07:40:41 +0100
2c746e6785a392fe0abc0eb9f0ec3e3dd674f4d7,2025-03-19 20:29:16 +0100
608345b35197f38292eed8ae2635bd036f56eb6b,2025-03-19 11:40:55 -0700
c8d8b8ca57fb158ecab6b98cd744588448af64ee,2025-03-19 17:11:00 +0100
f6a5ba0b443438db9888501173d96f8dc7230e2c,2025-03-19 10:04:12 -0600
b6325c499355d90b3a20b18f2ad9611d8185d440,2025-03-19 16:49:16 +0100
b821c24c3bd04284c7c138e064d7f50dc1d2b9b6,2025-03-19 16:40:10 +0100
82044624da9d4e45c94b962659acd3db5378a8fa,2025-03-19 11:19:13 +0100
29612e80eae162e4b3716f0f0eb5364257316a04,2025-03-19 10:48:56 +0100
5ce86a3e8d1082172c3b5dcaaa9e8443ec9449d3,2025-03-19 09:35:05 +0100
cf980650ede19efe2b9fe9aff521ecf8e7bd315c,2025-03-19 09:17:07 +0100
4dbcdfc85a64dc1d97d7434e353c7f9e4c18e1b3,2025-03-18 22:42:19 -0500
04eecd61beccc7fac3964326afc5e6ee95849ea4,2025-03-18 20:55:00 -0600
952fcd451f079a82e00e14107377108c3fff9648,2025-03-18 13:24:22 -0700
6417719ad4c231dd051023aaf78419bfa3fcb51b,2025-03-18 17:32:15 +0100
731ff733265dc8f3036e7b6cd66fd64a8f32170f,2025-03-18 05:33:37 -0700
8f6ebb5b36a0263edfcb04e0c104b26225f95b07,2025-03-18 07:31:51 +0100
3cc4b045c6df776a9167ceb31338e9170d02df4e,2025-03-17 16:33:01 -0700
c7f3919f847ae8c4f661299fd0a64db4dde1a583,2025-03-17 15:55:19 +0100
15a9cbc7e322f0e29be97b5d488ae78e29454b1e,2025-03-17 15:50:57 +0100
bf2f552722b8f29b5a6c5c0a4b98c08bb400a0eb,2025-03-17 12:29:08 +0100
4816bf3b5ad68f1c9c2f98c55b56956e9449f178,2025-03-17 12:20:50 +0100
57ec405a651b99d5fce3f3b4bec217d24bc98d20,2025-03-17 11:02:18 +0100
d35cf23eb63cc88d4fdb6ae1db8e63630b073d13,2025-03-17 10:55:10 +0100
fcea78fc3571063fa172edd96be00b1fab0ba68e,2025-03-16 07:32:48 +0100
fb5740d3d5ae088ee14767fcb3f9347966397ce4,2025-03-16 07:32:19 +0100
a706c348a1f6983690fd0f261f78b360ac558c13,2025-03-15 13:24:30 -0700
c991e0d9258b41ba995b9bd56aa8e56e7ae67e16,2025-03-14 17:37:06 -0500
7a572a9eb942053b6fa603ede02067b0b2c4602c,2025-03-14 15:14:45 -0700
7195cb2b624cd8546113ce2f918602fa38c93fef,2025-03-14 19:24:47 +0100
51abab10e22569250ade2b3726844ab7fa9bc0b6,2025-03-14 10:10:36 -0700
03fc1ae33096716e9afdc7c4f1dce91de48f32bc,2025-03-14 08:21:41 -0700
ab6fc83ec0269736355a0a89c51e44e822264da8,2025-03-14 08:32:43 -0600
3e3df8ebb4e6f11727e731809149d2a3c66726be,2025-03-14 14:20:19 +0100
c02ebe4740b22d6f5a78b636aea2d918037b2751,2025-03-14 11:20:33 +0100
18de78eacba1f64de88fbe91c42ea1740377a1d2,2025-03-14 10:19:44 +0100
b3d5133343ff6b15b7c0201e662b545533d5eba7,2025-03-14 09:09:52 +0100
54d7341bd7f4b816a8aacc7c4c3a99ee2dbc1ee7,2025-03-14 09:04:07 +0100
7d0395d4b6f8d690d70910fe2018a459582960e3,2025-03-13 14:03:01 -0700
d03a5e1dbcf622ab4883dabeb813f5d8f7728fb5,2025-03-13 16:08:38 +0100
fe258463f5aba15d45bbe1e401d50279aef05fc5,2025-03-13 16:01:03 +0100
9a98de04103755ad4833ac6c3918c39022d54a99,2025-03-13 06:23:56 +0100
3dba6afb789a420373e44ac29ecdef866bd7ebee,2025-03-11 22:47:21 -0700
e080d6fdd5fe5129c118ce57aa009eef9575edab,2025-03-12 06:24:13 +0100
4e76f70edbe32540d2724faa9545cd7914b807de,2025-03-11 15:28:57 -0700
020cac508be54249586edbf20513fd24e146d0f2,2025-03-11 11:31:03 -0500
54a62aeb14155c2c82a9008d9e2679646c2d703a,2025-03-11 09:59:52 -0500
f61f97112618c35e5647de6d703809c3cfeba425,2025-03-11 15:39:28 +0100
6e8718113c08aebf76d8e79a9e2534c89c73407a,2025-03-10 11:04:53 +0100
7539dc504cd61dc6e04e9b12f2f467f1b9e6aee5,2025-03-10 11:01:29 +0100
456bbe98b0b0982278a61af4c44d32e1c27417e2,2025-03-10 08:57:02 +0100
8380e5ecb8ec24634b736481983bc48512cecd0c,2025-03-09 14:01:07 +0100
cbc3ebfc6da216c106e8264cd389f3c4a02309cc,2025-03-09 07:44:22 +0100
8b9bc73ae1711677b46f63d903a62528ac16496d,2025-03-08 20:26:15 +0100
9a8466c95c323eba7c427cafb44a6c91a81d4bf4,2025-03-07 15:21:54 -0600
19330fa19f833f481063704c1e0122e068289259,2025-03-07 07:29:53 +0100
afe0787b900978be0700b161a2fa308accf48704,2025-03-06 11:35:49 -0800
55e478bc226487d92ba7ce6ff713199a10f73893,2025-03-06 18:28:33 +0100
5994b54de4675e5c40e8f8cd4cf5be48620f09fb,2025-03-06 13:27:09 +0100
41ed4500725ed85a04fff6c698eec9e9824098e3,2025-03-06 08:42:32 +0100
f3b3ee40871d38083ed095215fffa91acb2c8a45,2025-03-06 08:20:34 +0100
58b283e3533afce8b9884ac847a46eb40688353b,2025-03-05 13:53:33 -0800
ffe9ad501f932ffa64ce4b9a8f58ccb29e73990c,2025-03-05 11:32:47 -0800
cc4fe4cc50043ccba89700f7948090ff87a5baee,2025-03-05 09:18:01 -0700
9f99fd7e07c075082899fe2d2635070d8c2da7df,2025-03-04 22:47:49 -0800
3c8366a4333e6d38c28d04c5959cdecb8cd81d6f,2025-03-04 17:44:25 -0800
fbc5876955be3394b3bd5ff64d017a58d4aa47c8,2025-03-04 18:08:26 -0600
1fbf6cd097a5dfd0a5ac27e09f0e866efb3925a8,2025-03-04 13:03:41 -0800
b810d64112b88498c2db222abfaa10a3ab037e2e,2025-03-04 16:54:50 +0100
be9808fb3d75b1697fc4ed45c02602de9cfb6371,2025-03-03 22:28:27 +0100
6323aa9405f23e3992f243b1134cbafdbb24d73c,2025-03-03 16:30:22 +0100
f14efce435980e0d46eadc7b8eb2f32ba22008d5,2025-03-03 12:59:00 +0100
0ed01a21da6280499477d1b0b8b090f7adb062b1,2025-03-03 12:56:09 +0100
1ab3ef882454c71efb3eb04ae185729608c95e67,2025-03-03 12:54:50 +0100
43f1204bb525a9eaeaff6a590acd990b9a4364ee,2025-03-03 12:54:20 +0100
db65f6e374ecfac16d81e81eb2f6f6a2c79ffbc2,2025-03-03 12:53:34 +0100
07e168490c03c2fce3284230cc04e8c1840083e4,2025-03-02 20:32:29 +0100
2e128dbf15b882f9152e634164a4b732e5df883e,2025-03-02 20:27:20 +0100
dffce80ae15469a904fde91409deb8790b30c296,2025-03-02 16:40:08 +0100
925b38251c25930dd900d36995ec2f0d18fef70a,2025-03-02 16:39:28 +0100
adef1ad4759eb74fa3ea2b51592d7dd1b4942810,2025-03-01 13:42:19 -0800
978430823ca0cd823544e668e12f84ce91551cbd,2025-03-01 13:40:51 -0800
291a5c9ca5f29bf2504f9162cb2dd760890bbeb2,2025-02-28 20:05:44 +0100
e230f5d79d82a50439029db5c73f8b59497b2e9f,2025-02-28 14:21:53 +0100
b87edbb01f210ab2d7dd30325a376df0ef427e1d,2025-02-28 12:39:47 +0100
465e063bd179cea376a308d0991e1df6f257ae44,2025-02-28 11:32:12 +0100
6a7999b58e9f8eae0f86569f3dcd4f57ec557996,2025-02-28 11:29:53 +0100
15ed4ca6607a195ffc7a94d2ec7826326c233994,2025-02-28 09:00:42 +0100
edc32a7f4f5b350364bc365d9bf68eba0c1d37e7,2025-02-28 08:59:58 +0100
f5e50333abd471db5215edcb43ccba6ed18ca680,2025-02-28 08:59:36 +0100
4b592d08e4412468532bb923f1918b988f80c900,2025-02-28 08:58:39 +0100
0f38b5bd12ad358d85e642d8d92dabb23d9e54cd,2025-02-28 08:56:00 +0100
5f33b612ccf4110244b3c21b7bba3207d41afc56,2025-02-28 07:57:36 +0100
7553b0f89ce47cfd1b47727785701405f78eaa2d,2025-02-28 10:40:48 +0530
a50ec923f3d928f67e2a4a361c0d1162341aa084,2025-02-26 17:22:56 -0800
f6c934b479d81f16633fe8b0b6b245133f49cd94,2025-02-26 17:22:17 +0100
508f2988b02ee72ee9a5b5c3046ae58e0133b71b,2025-02-26 17:19:56 +0100
c0f1abd6a4ad4a09e75f301f199bc549b689a742,2025-02-26 16:30:26 +0100
ad5dc14cc3e28718461b3f2b31e6b3633599cc4b,2025-02-26 12:53:33 +0100
2f88ff66d05269b04e3621fe067ccdab668f3191,2025-02-25 16:48:12 -0800
7d9e96f9f6a02c664c1f011a381a89f8c69a4924,2025-02-25 09:19:08 -0800
0917664cbec89c614422faf9320f3cdcd89cd878,2025-02-25 17:42:10 +0100
2473b4a1bc6b5e65489cd0d2a72723d814cf7803,2025-02-25 12:29:21 +0100
a15f4710b246f356eee5ae3594e6e758d88556b0,2025-02-25 08:08:43 +0100
1a044adbd5f76ad2a404ea52e3c26aaff5970215,2025-02-25 08:01:52 +0100
88445086d039a85aba0530c89b7e9ae4f1f2eaa3,2025-02-24 12:55:35 -0600
7b91c3803310a4c49edb375128f9fdfeb7f01752,2025-02-24 14:33:06 +0100
94983060c930d839b07b81dbc215d0148d26d194,2025-02-24 14:17:57 +0100
ea3fd7fca53320635bf4d0a2db35067b0aa45799,2025-02-24 12:18:42 +0100
0a4ac6ecd80821939757aae7a8f5171feb06e6e1,2025-02-24 12:18:09 +0100
c275bd956e34803b08bb4d31514fb95da32b1d34,2025-02-24 12:17:46 +0100
e4833dd0d516e76ff95054740e7d2b4f6cb40d18,2025-02-24 09:05:45 +0100
a41d467f6f7253a7ef2fe62fa324acf25f1709dd,2025-02-24 09:05:24 +0100
c2461f995f0e1fec889d09e56924a9c5afaa80c9,2025-02-24 09:03:59 +0100
ebc9fbc0995ad4cd324cf0d6e23984bd87c26aaf,2025-02-23 19:08:47 -0800
dc1e0b25ad1be42a431f4991381b16bf572a459e,2025-02-21 15:12:59 -0800
f186be7c8e419a90c4b2c4af8845e24a20b016f6,2025-02-21 17:32:12 +0100
4958663b4c863a44e4895ecf965fabf541083b39,2025-02-21 09:42:14 +0100
d4fe23a154d4324eeb6ef4753f50834dc4804bd7,2025-02-20 17:37:56 -0800
30fd752f24d796ce548dbeef550e875941ce6fb7,2025-02-20 15:15:03 +0100
de644158a20c4a8d1b79fbc7773ae5a58dd316ac,2025-02-20 12:44:02 +0100
3dc4a5498ebbcf9bb1606752330d1de415db5cb0,2025-02-20 11:00:19 +0100
d6d97d1683465c08d3903673ca6ccbca2004f735,2025-02-20 10:42:05 +0100
4c1dec7983ab4a5111aac87b3df373d5aa375650,2025-02-20 09:09:51 +0100
43ef03bf88a3015a8efaa251b9bed35e47e01679,2025-02-20 08:19:36 +0100
6c546fe1346e81ca0c3f477695340016da891204,2025-02-19 16:19:56 -0600
25e7897b1161d5548ff428e0ec9016d5934635a1,2025-02-19 14:49:00 -0600
24630c9b8c71c719ed30358c9b23a60f46e04c0a,2025-02-19 11:26:52 -0800
08d0b50bbb22baf4cbfc1b505fb65502e43d743e,2025-02-19 18:47:15 +0100
fad0c1e6c68fbc7e48b5b17c02ed9c26a2693afb,2025-02-19 11:49:09 +0100
686bae5e9ff8a52ce55f7609668b69bdb667955a,2025-02-19 10:19:39 +0100
3a23f857841e1d2e991efa00f331f093fca5e9c4,2025-02-19 10:19:08 +0100
2e6e38cfd3d97cf0d7fda2d5866989ee25247fe6,2025-02-19 10:18:06 +0100
387d2586aa4951d68bfea9a1cea699846d50aba9,2025-02-19 10:09:16 +0100
c1d4182b3fb9fcb162a0233b8aa304a65ffa56f1,2025-02-19 08:59:52 +0100
1bf55b48e0ac6f663da1d2320373b118f4b004c0,2025-02-19 08:58:04 +0100
ea4393e66b4305863f1d1385d8424412c0d373c2,2025-02-19 08:52:52 +0100
7e4f0ca6dda72f7401e949f20e4177702d31cd3d,2025-02-18 23:31:59 -0800
3c8f369637abfa6674aa4b1f8419716a38b46361,2025-02-18 15:31:48 -0800
5e1ce86ecaeeb7bf44c440bfe0000ccb80dc9c85,2025-02-18 14:21:17 -0800
e79295b53e7b1d4143401f863f5d9181111c3bf4,2025-02-18 13:09:53 -0800
0b47faaada2aafa42c118be78445f6c40fc0ead6,2025-02-18 08:27:38 -0800
b62fb42cb5bd492feb798d34cbe75dc61d233454,2025-02-18 08:21:30 -0800
93ef86112a238b584e2171b11c40cfefcdd8731d,2025-02-18 08:21:02 -0800
e8d3a06c4516973fc2fd4d8dd1d908f7378d903b,2025-02-18 10:03:10 -0600
bcbbd0344623ffea5b092e2de5debb0bc12892a1,2025-02-17 16:44:20 +0100
f9b9621e77ef44d4e5fd72bf6014e3037514ba98,2025-02-17 10:49:21 +0100
aec763a607054569b87ac9672fcf7b29a50c7c42,2025-02-17 09:42:50 +0100
aed04d0fcbc27ca1b2ff2e6ea39d791ee81794ac,2025-02-17 09:35:43 +0100
0bc2d7029d96e2a914577dc5730ab1fd0d3040c3,2025-02-17 00:18:53 -0800
71493b92dc2e0b953c184f76ad76e7f8794da8b1,2025-02-16 17:26:10 +0100
abb47830e7df7dc2ae93c74b0ad97f06cdd37aad,2025-02-14 12:44:54 -0600
f13759328fd22293f8ef97c7ebe48cf74caa2f9c,2025-02-14 17:11:01 +0530
75d8e842294837c41c04c2abfcaf3314caf4879a,2025-02-14 11:40:14 +0100
b78d36a758728e51e35cc8b7b49d0aa91f97aacd,2025-02-14 11:13:43 +0100
8d2b3f4d122004a234fa87fab40fed6be5fbf9c0,2025-02-14 09:02:24 +0100
396dc440468da92130c70ed6b908a37678fca6cd,2025-02-14 09:53:05 +0530
e509cfcca151dd3279fd95844fc3fd0f81c01704,2025-02-13 13:46:55 -0600
7876ee15139b21081d13833d9efa6f338cf688cd,2025-02-13 13:38:37 -0600
602c35a31833f8448734781d71d949ec59abe45b,2025-02-13 11:37:14 -0800
b8fdd847f57b33fb8202cd6636cfd1d38f855684,2025-02-13 11:36:41 -0800
6f341ab5ba78add5722a19ed4fb02cf05b50efcc,2025-02-13 14:38:06 +0100
6604f47900c489ffb07f1a3d386effaec5002c79,2025-02-13 13:43:32 +0100
80a009a45dca9932c1e2d50616e4f20f32139fc2,2025-02-13 13:33:15 +0100
68189d28e973e0a14626869ddfb4cb572d5ef2ef,2025-02-13 10:42:35 +0100
ffbd8637915491f241d7c54f8f31b128939ba1c2,2025-02-13 14:34:54 +0530
77316066a268b6b6d46550a0a664dff35eedbe27,2025-02-13 14:34:29 +0530
092ef395cc2ef74339d60a440512958b82259d3a,2025-02-13 14:34:10 +0530
1153c303b1bb6c4843df4f8f713f45ab4812074e,2025-02-13 09:28:17 +0100
7216a776caa6daa0b06cc68dd54dfa8fe5278163,2025-02-13 13:42:51 +0530
8839c9bf1f1d8c9b718f9766302ff8a2018e515f,2025-02-11 17:13:40 -0600
31e9dc768cef47df5eb007577f25ef3bbff86f61,2025-02-11 10:46:06 +0100
a212e998c16956e77543e324c8efa034bb685d53,2025-02-11 10:38:30 +0100
20b18acb77847153c743bbd63e799f5c61a71d82,2025-02-10 11:56:15 -0800
3e6da2e5437ffb3f643275927e5580cb9620256b,2025-02-10 10:05:24 +0100
7add0f36251f8f2b113bb563b26d8d71432dc798,2025-02-10 08:47:54 +0100
6b89fa15a4bbb5ffd1159ab99d5316c25f333cbc,2025-02-10 07:47:11 +0100
964c01bcb37b028c077f22458a6aef3c9a970df0,2025-02-10 07:39:13 +0100
17cbb24b5c6a45806aa0f3013d265f5a381a9c13,2025-02-10 07:38:44 +0100
8e7508735ad0376ffc3fdc16746618f6a0c96aa7,2025-02-10 07:38:30 +0100
2af78e21357cf1bfa82a70dee8b448742ff59473,2025-02-10 07:38:14 +0100
c277c2014a1b37fe755cfe37f173b6465bb8cb73,2025-02-10 02:58:36 +0530
1d9fefeb9680d782dc128f242604903e71c32f97,2025-02-09 08:38:13 +0100
dda964e7c1e40866fdf1306c1a86ebd14179be55,2025-02-09 08:37:48 +0100
f29131ebe2a35a267716ab5a1326dd8cf4164f25,2025-02-09 08:37:25 +0100
d935460bbed5da0ac205a67912b70fa682ee84df,2025-02-08 00:49:15 -0800
7a8db16c41cc050c175e08509d81de1acb1eb1f2,2025-02-07 17:07:31 -0800
a89f1f9aa75628658cfbd421e26e032d7091d323,2025-02-07 17:23:18 +0100
44aca93d42726cb528fbd14cf5af9c0724577549,2025-02-06 21:46:15 -0800
e91655bfafe4cddeac25d62b52515ac4c2b47b34,2025-02-06 21:38:27 -0800
bc106171e9e7d55a1ac22419ab449f8776c04b1f,2025-02-06 17:27:06 -0800
81c4aee2dc2e7651cb79e86230f52fca745a099c,2025-02-06 15:18:29 -0800
c2ea3c2706bc83580992d6ae2947bdfa2d4c8103,2025-02-06 15:17:46 -0800
a80364331a09401ba27bb2eb904310ebefc684f7,2025-02-06 09:38:37 -0800
9b1d18f72c185b6e53f90b778ca412960a64adf5,2025-02-06 09:32:13 -0800
be0da5acd14c9519fbd0267c41fa9d3ebd96b642,2025-02-06 09:05:53 -0800
c153741935997271f896863afbd8a1ece1c56405,2025-02-06 09:03:34 -0800
a05b2b53b792a6215732aa8b1118adfba0cf3317,2025-02-06 14:24:08 +0100
1f1736394fb3608d2a2f62a8656a92b5105ceaa7,2025-02-06 10:10:02 +0100
3bd04bea65296d15b70306d99ee178e8b107627b,2025-02-06 09:53:28 +0100
998102546d5bef26402b068649f0e8490b9f6495,2025-02-05 17:24:53 -0700
585a338c1e9d287476462e3a6abab40b8803fc2c,2025-02-05 14:24:26 +0100
d990dbc34ed882dc6b46c549997d55ee8669093e,2025-02-05 09:36:53 +0100
2510fbab36df0cd965474ce14f92601984d75ccd,2025-02-04 16:45:18 -0700
eb286de183fd5c78604280f83cf7a807ea75a6b4,2025-02-04 12:58:02 -0800
cac68867ce945e34be2da53662d4c7638dd66aa2,2025-02-04 21:40:39 +0100
e406e3db80d1735fe6c840ce99ecc300ae1dd763,2025-02-04 16:33:42 +0100
da20029609a320c8da29d5fdbb5cbfcd54309e30,2025-02-04 15:38:13 +0100
1afa0e739b62355518942629b30c845e51e724a6,2025-02-03 17:27:50 -0700
507e2a9e39f93356bdc0dae1521bbdc46629681c,2025-02-03 14:13:31 +0100
f6faa58dac57e03be6e02a43937ac7c15c770225,2025-02-02 20:25:46 +0100
46dfd959aa688761aae991db15b8749d77a811fe,2025-02-02 09:40:22 +0100
9694c549622adaf3addc94133265580bd37fa839,2025-02-02 09:39:58 +0100
63acabc5f3490849f7f2bde49d61b58bbcb864cc,2025-02-02 09:39:33 +0100
1c0c7832ca2ff70afc12136fb93ae1e36a40c726,2025-02-02 07:48:28 +0100
1687b26f0f6fce647263e1e714895293ef3c2a27,2025-02-02 07:47:23 +0100
1e851933273bac7d299e6ffd3999f917e11ef569,2025-02-01 19:14:01 -0700
9feca0c306b9f49382c4b9bab39daddf5a81712c,2025-02-01 12:07:33 +0100
1fcd6a98947ec1dfaef799c6bc5660adf066e322,2025-02-01 12:00:24 +0100
cae7d1bad863082bd5808f93424290706f4c6cc8,2025-02-01 11:15:55 +0100
c5822c40889abe9d00921705b986d2c262595b4b,2025-01-31 23:47:00 -0800
0ec9fa3653cbe6f465d83d0f39ca5b86c353f235,2025-01-31 18:16:39 -0700
40334f5f72d1d22ec3bb14fd029d90a5258d75f2,2025-01-31 15:31:56 -0800
d0244cb70433371a8c682a845f1e7ba847777add,2025-01-31 15:22:15 -0700
bdcd9c3379379a3acf06b059ae403e2107a6c242,2025-01-31 09:54:54 -0800
02c8b2d45bef4f74c7fb9e36a9b3148d9901f44c,2025-01-30 17:43:29 +0100
2a0d5e83a5365db1dcf96855cf26bb998f918a6e,2025-01-30 10:49:28 +0100
5da8f5faf7609c7bbd01ef662ca9b61750b2e4b4,2025-01-29 16:49:38 -0600
c7871347bc5c9b1ec5bc48a34c97d93bc9867908,2025-01-29 14:32:42 -0600
53d2aca916b8129baeeb7888369af1cea32acc9c,2025-01-29 12:49:03 -0600
e9afab4345da75636041c45e3dfa25778936048c,2025-01-29 15:35:48 +0100
e89798ea7c64a419b41a2be178f3751960e7f1bd,2025-01-29 00:20:12 -0800
8e456aeeabd0a40b23864edadd622b45cb44572c,2025-01-28 12:13:42 -0700
61241ed4789e719237d276a08fc3cc4113b312c0,2025-01-28 09:46:10 -0700
4f6c711d567f596dca5e4a69ad84f4cc34bdd1c0,2025-01-28 16:41:24 +0100
d7f5be426a8664ca80beef982b72fce6c1cd7d63,2025-01-28 16:34:39 +0100
fdac0a0fcd6a65f9cc2b05a2939f7913332e6422,2025-01-28 16:29:36 +0100
69c7bea3b2b36fa05d497a2454c89ed85e223b53,2025-01-28 16:29:01 +0100
491d9068bc23dec8bc54a16532e2f61398db7779,2025-01-28 16:28:25 +0100
e1d24016fa744150af8838e29f52662138671a45,2025-01-28 15:13:49 +0100
af00d1fb13a89c8e9684c097d3ece9b05ed302bb,2025-01-27 14:51:53 -0600
2fa6cd855b4e43b383df7b72776eb554b60d8c06,2025-01-27 08:25:15 -0700
b7de28e72ef8134f90105b869acb5f89b16803f0,2025-01-27 13:03:30 +0100
e3708882d24021845b44c2957283a9df456649f2,2025-01-27 09:27:16 +0100
55c2909aff625407e6fec2ecf9c639b97d8945f9,2025-01-27 09:18:41 +0100
645ef83eec0b993dcc79310de343c04689a5c651,2025-01-26 17:43:44 -0700
8ce1b32ecc2d9ed3e5000ae6a5eb663037eabfe8,2025-01-25 07:21:41 +0100
d693f83b6ad6e306550d117ff0bf0014356500b2,2025-01-24 16:51:46 -0700
67c52b55c074615b3de15f54c9460df8eb36d10d,2025-01-24 13:53:09 -0800
c0c1b150721bd9dfba08bc9a7530ee21363bf3dc,2025-01-24 12:42:53 -0800
2256663902c6bb6c429fcb21d78356ec32840572,2025-01-24 11:50:02 -0600
da1ea10b58b7f023edee6147a5afc4f70a257da4,2025-01-24 09:13:41 -0800
6e2bc9ac4ef9ca9afeff66814de6567ae63da9da,2025-01-24 15:02:04 +0100
a04220a198a03f4116d3012330f99b787dabc8e1,2025-01-24 13:35:51 +0100
80a5ef17733e209909f780d6149ae01e26c0cd36,2025-01-24 10:55:04 +0100
72a165a815735eb9e2f5fad90e926af80cb1a513,2025-01-24 09:52:24 +0100
681ff5772a6d0c7240353f7d8c7350c2e5037f3b,2025-01-24 09:36:45 +0100
026a9b00459ae458eb4c6c620c78742dc43a00e8,2025-01-24 07:47:34 +0100
2e2b728ff0d420cebf06b5c548252ae47aa2ca3e,2025-01-24 07:47:01 +0100
a7ed3ca3bd7c01db5b06dcfb27b764c5dbffed43,2025-01-23 20:33:08 -0800
17bda20b2901ab76adac1339dccd79656b913d33,2025-01-23 14:02:42 -0700
908bdc35a44460a9c271d1b92256450000a752b8,2025-01-23 12:42:45 -0700
ce2af527a8712fdf23aa9f5094b40c9e8b4056ce,2025-01-23 10:58:49 -0600
5ce33448ebfbc604219ee3e216b69edf4df7d029,2025-01-23 14:52:52 +0100
84c8db40f9500aa804b0428baeb51b1041c64a94,2025-01-23 07:48:22 +0100
be6e9daf8901cdee63197e77fcf95624bb694f39,2025-01-22 11:15:44 -0800
e86d25f28c8157ce9292182ea3580eb3757fba08,2025-01-22 17:53:07 +0100
5091e5752f8000afe3e116e5114d15eb61a4f9ef,2025-01-22 08:14:29 -0700
9a46890e171fc0ebfff7bdd608b65a0f0d6aef45,2025-01-22 14:57:03 +0100
8d7ad4a7c94d1755f58d8c5f4fd4040fe4873e32,2025-01-22 11:50:33 +0100
ab9e05e7369c55a95632b856729a05ea876cf788,2025-01-22 09:04:27 +0100
5b13760c01bdbb2ab15be072c582adb2a8792f23,2025-01-21 15:46:20 -0700
e13a87f7d93d065b55f7483268bd4914593bcbaa,2025-01-21 11:39:30 -0700
6eef7809f7441bf7e3c8313243ea4e296be0d2a6,2025-01-21 10:26:10 -0700
8dee55ded664843f95a31d7cacd4c6a3f83c7fe0,2025-01-21 17:54:35 +0100
445687d96dc3988f4ee87b3e5c9765317c44aa44,2025-01-21 09:04:03 -0600
17432475c46d07835bb80fb4d707a3dbb13415f0,2025-01-20 17:43:31 -0700
b07455a940538eda5f27bd4b1b87e49b121346e4,2025-01-20 11:13:49 -0700
41b458b7022c7b0cd78eeca9102392db7889d3c9,2025-01-20 11:51:12 +0100
28325437f551eef04661eb71fe349ef339b462f4,2025-01-20 08:30:08 +0100
c19223d3594dc61e445073cdb26bb8d2a3afbeef,2025-01-19 22:14:48 +0100
7b95e17b8da40cfe8fb61b48edeaa727c33fa6fc,2025-01-19 22:14:20 +0100
6a608a5cf6d5f0baa6912dff45c7490e46e36b85,2025-01-19 22:14:04 +0100
894c7cae75d1fe16074ae56222ae846491d02752,2025-01-19 22:13:33 +0100
3203a230d8a9ac000342f25d33106006e3e5331f,2025-01-19 22:13:08 +0100
7e0cd3fa1e51d3c80f6c8cff23a03dca86f942fa,2025-01-19 10:44:15 -0700
4e00a318548873f06f53b654504f9b72fde8d48c,2025-01-19 10:24:46 +0100
1a69ff8bcb97f449656ae9f9e31908994f3f8456,2025-01-19 10:24:33 +0100
bed7c33174ca97809fc4a9657d39b1d09ae38b72,2025-01-17 14:58:15 -0700
f895b33dd0e3f6baa16d9e233cd4a44d056ac0be,2025-01-17 15:56:26 -0600
4d0f40c5b98c16320e2ad795cb5c9a0cd3b1d360,2025-01-17 06:59:22 -0700
49f41f5ebbd995657ecf77e61f265081ff326ceb,2025-01-17 08:13:53 +0100
d97ac3eff5a2eebd505ad5e9f2acc83982fe1e7c,2025-01-16 22:27:05 -0700
246439a966001a1d8c8f5109cb38011acb44d549,2025-01-16 10:47:59 -0700
b128bba57f613f23ed773f0fa6330c1d2bbf8a39,2025-01-16 18:03:55 +0100
a0777bca714fc16941dae25a3044445f3758dbd1,2025-01-16 08:44:27 -0800
167d450c78e1e2f0f3338073d53b9a81caff9df9,2025-01-16 12:42:38 +0100
d96901b843395fe669f6bd4f618f8e5e46c0eed4,2025-01-15 10:57:56 -0700
a0a1c002f01d70b428c63b4802fae536e543cda6,2025-01-15 17:26:08 +0100
101e65041ae09cb9aa24e14a4fa25da77856c912,2025-01-15 12:02:13 +0100
978189cbe33762aa5fe2a76c2028182564d1eec1,2025-01-15 11:07:07 +0100
5d05cd4141c1ddc60526a7ba5260c192afb9a9d7,2025-01-15 10:46:32 +0100
c31d5d58ee86b893d31076bd2b66dd21685cf205,2025-01-15 09:41:05 +0100
8cd5b1985d3f9c55ab2ced174559a8416b6ca1b4,2025-01-14 20:09:38 +0100
cf8b354c43d6768b2dd7f72b40421a2a67487520,2025-01-14 17:27:48 +0100
c0bd4bfbceeaf3cb6e4ead675fcb47232361af3c,2025-01-14 15:00:24 +0100
5b259e297e0faa4b8f279826836a6d482ccba29b,2025-01-14 10:48:13 +0100
c98d0d0d4e1a542923f1239c38430506eeb564bc,2025-01-14 10:44:21 +0100
3247964c88dbc95e1bbf4da8c39f9a5d9cf950fa,2025-01-13 10:30:02 -0600
472ec6cbdcaa24773ef5c64c9444ae933805381d,2025-01-13 16:41:07 +0100
5fd16b5bfeb85e12b5a9ecb4e39504389d7b72ed,2025-01-13 13:18:18 +0100
af8c9d6b4e76410cca9d5c781fb330466008e91d,2025-01-13 13:17:56 +0100
1726565ae7aef178ec696c8ddc8fd545b03dd09c,2025-01-13 13:17:37 +0100
95424abc6ca98dfa164c5fc0ec055a9d2c3b7964,2025-01-13 13:10:51 +0100
dc47b854ac491b955be633b16d8e3498acf2a317,2025-01-13 12:42:26 +0100
f7d40f07131894719c7ad9f99fda7c6cb7aec932,2025-01-13 07:36:09 +0100
a9d320eb8d3e42038f259cda1ed0a8b2c13c10d6,2025-01-13 07:11:36 +0100
7792896d08b624e31ac72855bfe7dd9204ddd5fe,2025-01-13 07:02:00 +0100
c7910bb401f7f7fd09010bede0d80f5d2164afd5,2025-01-11 17:13:18 +0100
a100e6a2d193e35ce84a5c2ce91d365aa10cf2ea,2025-01-10 10:39:56 -0800
97b5b39d3cdc699ddcdc8928aecea38f4d797362,2025-01-10 09:53:26 -0800
3dbb5cc429e1a52555dddbac62a6087bd651cc5c,2025-01-10 09:22:02 -0600
72dcce95e294835f978dc1d6c9a3be5d89123410,2025-01-09 14:05:52 -0600
df547908a9500ec5b886cfeb64ea5bf10ebde84f,2025-01-08 10:00:18 -0700
39a4cfd6c82883ef080bc67e9c154bc95f6a03a0,2025-01-08 22:54:39 +0800
67e084c8d47db68c6135f9837b9cff6f88da0309,2025-01-07 11:26:46 -0700
1cbc163a111713798d45e6c4d5eaffa44684f18b,2025-01-07 12:40:27 +0100
07ab53eed666da041935dd6e07bb88107eb73482,2025-01-07 12:22:57 +0100
7c4c3793ef3e0c1430a9a053b3c2217b9cab6967,2025-01-07 11:20:31 +0100
f129588461ad02c2fa2021af30b4e9bca70eee93,2025-01-07 11:19:22 +0100
e1d2271ad911d4224ad53ac2e0142b28984e5f0b,2025-01-07 11:09:16 +0100
a6f4160ca9d12d3054ae414a8a3a57d5ef365313,2025-01-07 08:45:05 +0100
9b2a63275d098602b49aa89a9acfafc4f2c5d61e,2025-01-07 08:44:43 +0100
b9da638858a6b5c4bb3cb10eed87a3adb0711b0a,2025-01-07 08:44:16 +0100
fc923b3af65b0e3cb28a9afb69f7fd05c88f62ca,2025-01-06 13:32:06 -0800
8e2ffb35da2d4c5059e96cb78a30fd8c54cfbedf,2025-01-06 11:09:13 +0100
fcd5dd932a21066d6127c94c50f3de43e8c2d80c,2025-01-04 10:25:10 -0800
dbfefb07312be8554438c1f16f1037ab22bf153b,2025-01-03 21:00:33 +0100
c0d6d42a55a7d33d7d38f73d00e46e86b57d934e,2025-01-03 09:40:04 -0700
4d35682295b6692a194b621e5afb880d9ccfab6f,2025-01-03 10:00:23 +0100
3b0004343a712e77a6b00b84caaee9dddebfa94d,2025-01-03 09:54:38 +0100
ab6365d42d6c3bfa7054ecd98dde8407e5ba1201,2025-01-02 20:38:24 +0100
e3f50e5c62d01f3f31239d197ef281fc36cf31fa,2024-12-30 14:04:36 -0700
7f14032be8c0538bfa59aba9951ec8a6001035e3,2024-12-29 21:52:21 +0100
3fa8a46bca48f20aa9ad90ea66900760069de51b,2024-12-29 21:37:00 +0100
0029d6a7e8511ed081e7863ed60617706edd4445,2024-12-29 21:36:40 +0100
607e2fbecb666f134f550548abe5795060bab472,2024-12-28 17:19:00 +0100
de54a0867306c54655bb101fecb14d7264ed62de,2024-12-26 17:28:40 -0800
fc3f705ab45a6eefcf2be547c5193173ed42b807,2024-12-26 08:19:16 +0100
bb27030a4c857e24ab2c7479c3b950388925dd60,2024-12-25 22:26:27 +0100
4eb9f7ffa9b0f4b0adee7169588d81f46149af9f,2024-12-25 20:06:18 +0100
1b5886d0e6a97043259b8cda18d146feb5a552a4,2024-12-24 08:24:22 -0700
d6d3cf58a99b99984a36802fcec078494ca4b46f,2024-12-24 11:05:55 +0100
c6d9e0cdd0f30d550bacdcd51acb4e68b9d5b791,2024-12-24 11:05:07 +0100
dbd7d1c6c32834a8708211f19ad6f6901de5433e,2024-12-23 08:26:32 -0700
ca3db931b0f024f0412084751ac85dd4ef2da7e7,2024-12-23 08:41:39 +0100
55f10ca7cd460cb9ce4a34ef72e69ed2e843b935,2024-12-23 10:46:01 +0800
f7748f20a0f2524ff16c23b665e87838d2a56cc5,2024-12-22 23:44:09 +0100
12d7ee5c0d6c27ad59bc87b5a12ee2ed3a90f431,2024-12-22 23:43:54 +0100
e4d9c1d7a4edb30ccb7bde5e0278210102d3b628,2024-12-22 22:14:47 +0100
e0ccebca5b3224919be91bd6df405415742884e7,2024-12-22 22:10:07 +0100
556969ad2a5e69b0d2403a55bd7f33794a9a61d3,2024-12-22 22:05:51 +0100
bbf5d6f84e4ad01c670892c42eb186baca40e6c7,2024-12-22 22:05:32 +0100
5c5d7c9b74626b8a66ef26fcbdf3d8030c9b33e9,2024-12-22 22:05:03 +0100
b0a119c29cf27dfa658b9d894ce721031f6c89a1,2024-12-22 21:59:32 +0100
4ceb96d4863be4de27f2758647784241c38c59f2,2024-12-22 21:55:03 +0100
dbf26d7bf5ba7f85317beea52ac2db98db3a8053,2024-12-22 21:45:26 +0100
cd187c5718ba1eb0c8853d595eed82fa7230bc3d,2024-12-20 16:31:48 -0800
dea2fd1d9debfd23aeda9403ed3eb81c6aebf30f,2024-12-20 13:58:43 -0800
cdf748e8e5537f13d861aa4c617a51f3e11dc97c,2024-12-20 09:51:51 -0800
ed36a9f9a3943db989645317fc563ad56e50484e,2024-12-19 23:28:33 -0800
70336679e12d243e3ff0a1962bb21337166e77ff,2024-12-19 11:36:49 -0800
3535240c38e17fdef4a1d0a5633422186848f88c,2024-12-19 10:58:22 -0800
88a25967e72d8137147b50c6cb0a221487050369,2024-12-19 07:53:41 -0700
91a1505d09cebcd1d088ac53cd42732c343883de,2024-12-18 14:55:05 -0800
d0effc6d73c3187983105b5df14d889ff0283f09,2024-12-18 13:38:59 -0800
7e1a4c9fedeb679be85a1921ade7995d5ec2cbec,2024-12-18 08:10:15 -0800
204a49ca3c9666eb1d0b225ae73cc96ebb9c1c6d,2024-12-18 07:35:48 -0800
b428fbc59bd1579f4dc918a5cd48fce667d81ce1,2024-12-18 07:40:48 +0100
e3628c18c2009e796ee404ac31c994e3a90b268b,2024-12-17 22:08:15 -0800
a6cfc12ab080e3dafcec05e10db665c6a843fe4c,2024-12-17 15:11:34 -0800
ed06c9cad8ecfd6cc1c0b9e11e11d509428ba0db,2024-12-17 21:06:54 +0100
ce7a4b42f466ffc272f552f1a63b755f20a8dcf7,2024-12-17 18:16:55 +0100
3adcd89061ae0f4db7d53ad5bc548464a27f2b27,2024-12-17 16:09:30 +0100
5c170ae91b35e01f82d963a0459ec1f0f77643aa,2024-12-17 15:50:58 +0100
ac865e334e143dfd9e33011d8cf710b46d91f1e5,2024-12-17 09:22:36 +0100
b9b61b1d72ebb192d5e90453ff7030ece73d2603,2024-12-16 14:31:01 -0800
57ea310475e3336e7ec5b581ec40ca956972822a,2024-12-16 12:46:05 -0800
791d0fa6cf9408ad3b8a1ef633a059ba1f2255ad,2024-12-16 10:34:05 -0800
16cc4e95c8260b91b22d29acf808eae9435ba19c,2024-12-16 15:49:36 +0100
f40ec2096bc078b9fd2b59d6beb32cd77e371ac4,2024-12-16 11:10:03 +0100
2a5b089aa52b2253318985b007af951909adfade,2024-12-16 08:50:49 +0100
1851ca1b9e6753aca4834aaeddf93e4c7504a6c9,2024-12-16 08:26:19 +0100
592b60408aaf1783f0ca4cdffb9a2b487c392806,2024-12-16 07:52:43 +0100
fd739b32b4713370218cfd8f46ad525bc8c203f1,2024-12-15 15:42:53 +0100
bcf7b630ef80c63d0836114576154f6fb0990ade,2024-12-14 23:35:05 -0800
c2fd77a3f4c804572c4fbe6081e150510ca9e262,2024-12-14 14:49:11 -0800
540d6a6251e31b232fe6ed2413680621454d107a,2024-12-13 09:05:11 +0100
a3dcfd19fd1b2a709f7bdf013b83836953d49c6f,2024-12-12 10:01:44 -0800
1e126e24e2c4b639e2509d3f8194e5ceaace6d56,2024-12-12 18:17:14 +0100
3053540c5dc7199d84a6a9bfbe0d3e37efe87990,2024-12-12 18:07:04 +0100
6c05f35e67093491aa054d0b41b1ada367df1072,2024-12-12 11:58:56 +0100
5c00b29ae29b2c5f763559c70638e8e76431ecfd,2024-12-12 10:01:21 +0100
587620b20dcdada7b1fa730206937c4b6a7ce527,2024-12-12 08:52:02 +0100
af5e156edec0b225b20cb81662abd491c6d289dd,2024-12-12 08:50:21 +0100
fe2f593cd025223e4ab5ab41a296fb106ce3b1cf,2024-12-11 13:45:52 -0700
da53495bc1bb52db37cdd1ced5c2377001c9d482,2024-12-11 10:04:59 -0700
ff813445916bfd6ec1cc30a02b02f8bade7a26f6,2024-12-10 18:20:12 -0700
ac6509a4e469f808bebb8b713a5c4213f98ff4a5,2024-12-10 22:33:55 +0100
28e81809e64b3d6c5b1f8d40f53fcb5edc1ec3e9,2024-12-10 20:36:12 +0100
d402f83fc7b224b21242c506cf503e5bcbc8c867,2024-12-09 11:20:45 -0800
2b2efd78f622df971e96ec1b72fe64fca9b4f7c2,2024-12-09 19:35:56 +0100
70d87f1750627b14b3b25a0216a97db86a786992,2024-12-09 14:45:16 +0100
b18ab74c3c2ecddc8f17c9bdff625996a8ee600c,2024-12-09 14:24:36 +0100
0662373a676c40dabdfe66b8672b404cd53bb878,2024-12-09 14:11:59 +0100
0699c8db8579d7f12c188f9af2c2ab6e923fa84d,2024-12-09 14:07:38 +0100
3eed132fd5be13237e245d0a528e64dcfa9f68d4,2024-12-09 12:07:45 +0100
b39253fcd4fdde765ba3a83f84b4160b9bdcb2a8,2024-12-09 11:48:51 +0100
5d1dc1aa52dd92180bf0f3bc0b9eb57dbd0690e3,2024-12-09 11:35:58 +0100
deeb04b2c1ceb9bb8ebee79254f2c98ab5b95b15,2024-12-06 18:15:02 -0800
2210e2887348453e8d787c7fcc9ffc8d6f276739,2024-12-06 15:49:27 -0600
f931a3dcc5092533a1e383b926f7123dd5307d7b,2024-12-06 14:09:29 -0600
c91d3b764aff67d54ecfa942326bc2ed15a0f0bd,2024-12-06 08:46:57 -0800
38c8daa4eae8a75ab46571f1efce1609100f53dd,2024-12-05 18:18:10 -0800
36140b819c60743b39176e28a63ab588df445329,2024-12-04 14:34:52 -0800
8c04bcb876d46e953ece5b2951c9bd2f361783df,2024-12-04 16:41:10 +0100
3278b6990c08e277b397d675f4610da395debc77,2024-12-04 15:39:10 +0100
c7cef9bd81d150108a56a848b7482f179ea878b8,2024-12-04 12:10:24 +0100
15bf9ca54f4fe3ef665e2be641e6fe6f28a995d3,2024-12-04 12:09:22 +0100
6501d29b2d46c8d57f46ad646e2daf7d8865f646,2024-12-03 09:54:47 -0800
af8e3f5a40f4f36bbe1d868146749e2341471586,2024-12-02 17:26:27 -0800
d8326d876574241b4811017cd489f099d4b74f56,2024-12-02 13:58:57 -0800
bfeaaeb8181bf035367761a0c6c907055f4f00cf,2024-12-02 06:27:43 +0100
a993b799816c25cfeb126d9f99ca7d0648bbdcaf,2024-12-02 06:27:25 +0100
bc36f5e33fd71335e91f04aa70a199243fd15897,2024-12-02 06:25:10 +0100
578dda86dc49e09e9686fba3c19ee4018c9a8d7e,2024-12-02 06:22:49 +0100
233364044e058799b8e1882f1a0282849ef8b077,2024-12-02 06:22:29 +0100
f978fe534447fd487a8d8d4c2d6c64404ac504f7,2024-12-01 08:12:30 +0100
e770facc3e7cbccb719b3ae5263cd1ece181f9ea,2024-11-29 16:05:44 +0100
7c7b4bac9097217f5563338dbc4b30d1559b5d76,2024-11-29 10:39:24 +0100
8fccdec9578edefc14af9563908fe37e645a2d04,2024-11-28 23:28:34 +0100
3a04257e49b555b6013f1b984e1c1802e53e1956,2024-11-28 20:44:49 +0100
8e0031c01fa5da75555938dd527c690a0727d50e,2024-11-28 11:34:23 -0800
a95943e5561c78c18062852e7f8027a191562e08,2024-11-28 15:59:42 +0100
163e2068f96f139632488f36928bf443c9be326f,2024-11-28 10:44:57 +0100
3a8bf57ede8a2499fb2b4a62447a0927e6ca6135,2024-11-28 08:04:04 +0100
bd7cff17590e285e804234e43086cd0fca18cb4b,2024-11-27 21:05:46 +0100
9288d987f6a62b54dbe3cb7bdf61f896e7a8b0b5,2024-11-27 06:47:51 -0800
2b3cb5b935996b5a7b4322b6fe051a2bc76bd209,2024-11-27 14:52:19 +0100
e9f24f896e4d5fd1e87831f7b95df7b343d0f693,2024-11-27 13:48:10 +0100
57527d743b0c1863475aca17fe73ca26f28f6f8d,2024-11-27 13:43:46 +0100
38d054e4a41ed30be6f7d3480b80150c50b2c3e8,2024-11-27 08:02:27 +0100
f3560871564c95a0e7b2bff3ca6ecb2e08726d01,2024-11-26 16:55:09 +0100
430ebff8ea4f947a8cef1ad181b19ed5157ef26b,2024-11-26 08:37:46 +0100
fa00482d3fb45a053d9569f82983295a5c6a7499,2024-11-25 22:25:31 +0100
f7ff0dc8c0a27e2bcd727e4f7705cf0a69ccc9b3,2024-11-25 14:08:54 +0100
cdd944ebbd42cd94103f15c8baad8daa82995846,2024-11-25 13:45:27 +0100
fa47f3141f8c163c4ddcbf1a02e9af85f3f5df04,2024-11-25 13:23:10 +0100
cb1ad79cab49a3bd7202835b68b29596e37c0f37,2024-11-25 10:28:40 +0100
4b52dbd89bf583f1bbdbf0b7a73b62404812ee11,2024-11-25 10:25:56 +0100
1f23dcd0e1c1a2360e2741f0ef562ca7fdd05eab,2024-11-25 08:49:38 +0100
4337040be07565608b945300ceabca91659c7766,2024-11-25 08:48:17 +0100
3aebcfeb8a12af11ca868968db206c4fdb7cce4d,2024-11-25 08:45:53 +0100
b1fbef7bcb57969fd7de6dd421eb6a72b5416182,2024-11-25 08:43:23 +0100
eddf9a161c47def40bd1104cda41a38c45dada44,2024-11-22 22:59:46 -0800
5e09cdc6b908aa8cbfa191739cc1ad1e6db652ce,2024-11-22 22:58:39 -0800
9cc13b11fbcb0091d6ad94882a1019dddf6b9023,2024-11-22 22:57:50 -0800
5851ca6e0797bb84d669f27bb9ebc4a7b2a00361,2024-11-23 07:28:24 +0100
f2b1b91d304039027333570451477e7575f7d39d,2024-11-22 15:49:27 +0100
f717ebde46b235681165636da0c8f44bfa1823e5,2024-11-22 15:26:47 +0100
ce4c44792a31fdadb99489bca50360d9d190877d,2024-11-22 15:26:23 +0100
a52afdc484f9e63477b96d0182586692daac8eab,2024-11-21 15:32:26 -0800
12845d4edc0dcb65c7049509bbd54dc16396c6d1,2024-11-21 13:09:10 -0700
90be5d7360bc7ff274e7d00cb7259afbf78f223b,2024-11-21 08:23:53 -0700
c1f1f8b18e0fd1a36e170f05e9c7fa4f2bdd7b8d,2024-11-21 16:15:42 +0100
652fcc66073f996af5515eca8a094886c2fd1312,2024-11-21 16:14:23 +0100
c448a4b87007ae8aad57456e19d32db45de3a4f6,2024-11-20 18:15:44 -0800
93a06339992a002fa907f515e68f4c20a3af2253,2024-11-20 17:46:57 -0800
3b5c9f7f37b269c5e2df0feb11376333f29380e2,2024-11-20 15:10:26 -0800
a8f42d1b3954fb53a40204f2aa3a99080d637201,2024-11-20 23:08:36 +0100
6e9e07aa0f35197bb23b218d23716e928d1c2814,2024-11-20 15:26:19 -0600
c9ece121446250643cb5e21133bef25522d69093,2024-11-20 10:40:48 -0800
799925a4ef41e7b4231930377b83bd686001c2c0,2024-11-20 10:39:41 -0600
d19e3ff07653167d902865281601a5da4e2f2def,2024-11-20 17:32:11 +0100
918f81f3c3f498f46afcea17c1ac9cdc6913cb5c,2024-11-20 15:06:33 +0100
3c4a710d2f087ff2d1220607424e9164a6f09281,2024-11-20 09:48:27 +0100
657fa86b4928de23bf01ceda0f6f6112bc19403c,2024-11-20 09:35:34 +0100
f6d02de77fd8932cbe1fdf97e0f00acc3368e656,2024-11-20 07:05:06 +0100
3badfe0c1fcf0c0adfc7aa4a10f0b50365c48cf9,2024-11-19 06:38:46 -0800
e71e3cb1954fec66dc8915da2854e8fe02d08197,2024-11-19 06:23:55 -0700
568940f5f85568868f3d75855fa72d17378271f3,2024-11-18 14:11:41 -0600
209781af4f48cbde23a864ae6da98022eccb4708,2024-11-18 14:11:17 -0600
bf8d25fe1578ef199d64fb609c0299728ec58910,2024-11-18 11:14:35 -0600
97542ab677cc1cc03f9cab7461266f01888ef1f9,2024-11-18 08:26:58 -0700
f9256c698107b0303eb3d33c3f7fa8c3ed87b020,2024-11-18 11:37:05 +0100
491718c3e22eff592d6924c70496f5b4eeb7a978,2024-11-18 11:33:42 +0100
b38951db6a7061a595605229c21c1a1912a3a4c1,2024-11-17 17:20:20 +0100
fc11dc456e87e6dcec77d6de9579cf85a6f8fa4c,2024-11-17 08:29:56 +0100
3934b1383db31aaeb75009f1fd725ca414a78381,2024-11-17 08:29:46 +0100
8c83fb73402d8ef1e3f8f673a1851d1d244fcc10,2024-11-17 08:29:05 +0100
acd7cc1126b192ccb53ad8198bda37e983aa4c6c,2024-11-15 22:15:08 +0100
7e4fd1ba6e4479376128312572ed41378b2ed9a5,2024-11-15 22:14:32 +0100
315e1543743c7e72e5d66f0604f99414357ad772,2024-11-15 22:12:45 +0100
821aec32bb9be28d9c1905f772d9e3101cc98d9e,2024-11-15 12:52:23 -0600
50d310aef17908f03f595d520cd751527483752a,2024-11-15 08:50:29 -0700
307593ffd99752b2d62cc91f4928285fc0c62b75,2024-11-15 18:19:52 +0800
4c0288a4ca86d0cf400405777808e2eb706d8d25,2024-11-15 07:07:04 +0100
0a705b0637db484730eb4eece69ae6c4d52fd9da,2024-11-14 16:04:01 -0600
09634857e4a1333f5dc742d1dca3921e9a9f62dd,2024-11-14 06:38:04 -0800
071d9e277833cfb13421be345c67f4a1876b4840,2024-11-14 06:35:32 -0800
daa24f9c3a56e18d188097deb2dd79cc991c9a78,2024-11-14 11:48:48 +0100
9923ac9384900f9644efa4118ef953095f15d0fd,2024-11-14 10:27:19 +0100
3659ded18d50206576985339bd55cd82f5e200cc,2024-11-13 14:09:31 -0700
e06b069529be3d3d389b156646e751de3753feb0,2024-11-13 16:42:06 +0100
0280885ac95bdf763556a84bb9d7c6fd9c8c5e2a,2024-11-13 16:00:08 +0100
4a3817bc788701973899765ddbdf8b0768c9318a,2024-11-12 20:30:21 +0100
50545781d54adedb6e6f1e753323ccf37ba9030f,2024-11-12 10:29:08 -0600
e3f39972863f891481ad9f5a559ffef093976bd7,2024-11-12 13:23:32 +0100
11d21b26ecbb30361b2b2eee0c335d6cd9560c8d,2024-11-11 15:55:42 -0800
af3fbfe0786f9016f9cc645a80d0925c7334eb33,2024-11-11 22:08:23 +0100
5530605ff982e24a9a7894b21b34ae0eddf7dfef,2024-11-11 17:58:41 +0100
d1fd492b865191c40d87795746e058f82fc14026,2024-11-11 14:41:03 +0100
981f1ea2f5d11231139007866831288225d154a5,2024-11-11 14:40:46 +0100
aa0aeb0cfa77687312fbacee2bfd8ab0b9ba452b,2024-11-11 09:27:40 +0100
ea21a533bc42a11c92d02d7441786bce6838b0b6,2024-11-11 09:10:33 +0100
1c576c5952fbc623591e800408cdba1518e6a410,2024-11-08 15:57:37 -0800
82a2362afce28bb2c8a390aadf6babca2d731822,2024-11-08 15:39:30 -0600
dfee4cb35e2d18ff22625d360ed8c4af499e694d,2024-11-08 21:47:21 +0100
cd25937dc7438637d11cd54d2065d391bdc6d405,2024-11-08 21:46:15 +0100
df0917d5536eae151d667a62231c0023dcd5f1e9,2024-11-08 20:35:12 +0100
bbc0d9aad515dc7c9c38e5f37b6d6fa521e7eab3,2024-11-08 20:34:56 +0100
6a16340947ec7f596133104d7945555aabdeee86,2024-11-08 20:34:08 +0100
dda62154e69a27da1fa9e6cce59413f988a0e99b,2024-11-08 20:05:42 +0100
166edc7298825321f677e1e70cf88d7249e8035c,2024-11-08 18:09:49 +0100
fff9ec3bbc322080da6363b657415b039c0e92a0,2024-11-08 07:36:27 +0100
3da64d37d018b3fc7e78e7004ce63245b5b8a1c5,2024-11-08 07:29:44 +0100
5c8a5d68d43bc9d32fe5cb272be7ea01b95a7251,2024-11-07 17:50:10 +0100
11e7230b678c1dd76993117c7470ce92b63709d7,2024-11-07 09:47:50 -0600
1e82c476df58ba467342eec98cb02ec0e2c75bd1,2024-11-06 14:45:41 -0800
7938403a437f81a502fd82053dccff10a1531ada,2024-11-06 21:32:07 +0100
2ffd3b02a2aa8c02ea0a322c0410b1bffcbc62fa,2024-11-06 09:17:35 +0100
9be7f00dd6a9fb480a94c46d49473334908be859,2024-11-05 15:55:56 -0800
ad24d4bf85cd43e1f6337dd4b38fbe2b0e3ffbf4,2024-11-05 11:15:49 -0700
549674b3fc0cdb18d6cad3e2d6320236fba8c562,2024-11-05 17:02:00 +0100
5bd314bdf6c3b5e0e5346d0f7408353bdf31bc81,2024-11-05 15:52:24 +0100
67ee0825959c42b405c2cc0e2e5b916bd2cfc493,2024-11-05 12:56:02 +0100
20e0e3dae59826ea02bc2c79f8778cdf7a825316,2024-11-05 11:04:56 +0100
592b3b1c51fb0302bc4e970fccfc462a49009ad2,2024-11-05 08:50:39 +0100
43b2f7d007c26ad79ebdf60d37ccca144db1f08f,2024-11-05 08:35:42 +0100
d0cca384a01172b5133bf7e207d94e374ed0c2ed,2024-11-04 21:22:50 +0100
7cc16fa94d7cd4e19397e9b4fba62185e0fa5eac,2024-11-04 13:27:40 -0600
ec269ee3ec0de4184eb536a6ef4f3523dc91332a,2024-11-04 19:35:08 +0100
af5be32fbef36690d32b5e53c4153b709d8db188,2024-11-04 07:40:21 -0700
9dcf0d3d32355e1e254d623ffaf093783eac5663,2024-11-04 15:15:20 +0100
329846875dcb9c58d01fee62ab778f91388bf45a,2024-11-04 15:15:02 +0100
8357f65d23b8d3cc87f89b1aa818fcf4b5eb6d5d,2024-11-04 15:13:37 +0100
ec0eef45ebe11786072a71ae315c0637c2154862,2024-11-04 15:13:21 +0100
0669bcbad761cf9ac6d4847e8f5a510f4edc8e1f,2024-11-04 15:06:00 +0100
c7f0f80e030866b4bb6795a20c50d9c1c2ed726b,2024-11-04 11:39:56 +0100
aa27d9057d7471e4ca9d1e03e20d9cbbf0c87890,2024-11-04 08:50:56 +0100
7ffb6a3de78014c9917eaafbda947a3ebcdd1389,2024-11-04 08:50:40 +0100
29ee906496d840785f814f1aee99eb0e0767f0ae,2024-11-04 08:50:16 +0100
e47fa6a581f1396c35b13ead228e886003c9dfdf,2024-11-04 08:49:46 +0100
d9b9768766b359adf696f5dc9e321507bd0213d2,2024-11-02 17:23:28 +0100
d368a5f84448b2e5698f9cab668a80eda6e3f96d,2024-11-02 11:18:04 +0100
b9ebc71fbc9803b6a8a4b9ed63b9ad4adeb66edf,2024-11-02 11:04:03 +0100
8b4ebc66e1d34dc345f8370c341720cbda98f877,2024-11-02 10:06:12 +0100
fe23584fc3af9f0ea1371989030b0a99affb233f,2024-11-01 17:22:44 -0700
caf424a373fa125d427401acda7079b08abea9de,2024-11-01 20:18:34 +0100
1d4df34d7bd06f6f69856aec15a1a94ae104c605,2024-10-31 16:33:14 -0500
ea61ee46db17d94f22a5ef11fd913146557bdce7,2024-10-31 15:48:45 -0500
57fb6d56588ea91e995663b1a6f8bfee34060fa8,2024-10-31 13:31:14 -0700
91e04c9c88b63dc01d6c8e69dfdc8cd27ee811cc,2024-10-30 16:58:25 -0500
f4b36a5e553cc8a14208890da2a3adc91ceefbda,2024-10-30 12:52:34 -0500
dec84c0549e80b113b3bb6799dcaf3f6d3c59fed,2024-10-30 11:30:55 -0600
7c390861935874d999aad66ebafd4ef9aba648d9,2024-10-30 15:49:37 +0100
9e895cb6dff9dcd2a117a4f5e197f0235047ff54,2024-10-30 10:29:45 +0100
bedc71167b8c7d6a9f167ee373794f02fb968cd7,2024-10-30 07:26:10 +0100
5359bea71bceaad35897ac82573d73e3c7e47f71,2024-10-30 07:09:42 +0100
469c5560b26f8c0eb18bd04be8f4d8fb1fd87c20,2024-10-29 15:03:38 -0500
740d4e7b1ced2c1b4549edf9f6189003f0e06c2c,2024-10-29 19:19:10 +0100
602c2b2dbecb81d7d84940f988579add7ffd1030,2024-10-29 11:54:24 -0500
1e3ee1e4e80873018af716a190e541925f09c285,2024-10-28 22:02:55 +0100
47eac5221bd59ce0228f8e01825b35f8be7bf0c7,2024-10-28 20:57:39 +0100
7ac617a5a8b0dedbaaa6e19caedfd846968c7cac,2024-10-28 20:55:22 +0100
e013c67f24f0c0c256dd6a0dfeb872b7959ac267,2024-10-28 12:42:08 -0500
6c58f5bb7f32ec3b322f68f15c82a62a95267e77,2024-10-28 12:32:19 -0500
a28ebf748cc00f66b80c797dc13181b4e81fe252,2024-10-28 18:12:48 +0100
a6503f573c3890f691d605b01c20932f58dd9511,2024-10-28 18:12:06 +0100
86a8560315432d6c63af8f6bc1379618d7b432cf,2024-10-28 17:42:58 +0100
696204392c97940e9d8fded77a43fcabc15e097e,2024-10-28 14:20:31 +0100
b4b0bdc543078c55301da6e4b29b81f6e1329a49,2024-10-28 14:18:50 +0100
d10e67d422f2b58ed13bcf826bc95fe1e5acc0f4,2024-10-28 14:16:44 +0100
6e911e0ea34499333c92406784b047402884bc54,2024-10-28 14:16:03 +0100
c3191eecd90cd0b33bb11b77ea2ebd4c35f5e751,2024-10-28 14:15:42 +0100
48acaadcf94f43572f11b7b589d1fb3857fc6b9d,2024-10-28 12:03:10 +0100
68a7102073d53e81a082cc56b6f5dac6d5f436ae,2024-10-28 12:02:34 +0100
9fc9c052b592d7e79b2900eccf0459e1951d9e60,2024-10-28 11:23:45 +0100
681b09ddc95e66b056aa7954c6606c5ff329cb24,2024-10-28 10:13:50 +0100
9565b9c401e87c9d6c31d91e44b439c1cb16d123,2024-10-28 10:06:12 +0100
b4d178fa0502159ec087b1fced1747ee181fd4e3,2024-10-28 10:05:32 +0100
e3bbcac8524f1835fc8737ec6af26de3177b4e01,2024-10-28 10:04:24 +0100
2b55fef7cc2a249d864ac26d85a4923313d96a59,2024-10-25 22:57:24 -0700
7ad11b2df1a266d29f9e4f6bb5b499cb68c0afb7,2024-10-25 15:23:44 -0600
9ecd97bf4538ca94276fb019c2ec477d28e4bf7c,2024-10-25 15:39:48 -0500
7738e1d7228474e36f661cfa1a15a2e8f8410bcd,2024-10-25 15:37:05 -0500
32e9f40468756a60d2cc52e2b9e951209268e94b,2024-10-25 14:28:51 -0500
6b04a6d000019a6182eb6521d1e7e4124a0cd73b,2024-10-25 08:25:23 -0600
fdc2c223efa3367f8a10d9c49985326352b687b4,2024-10-24 11:55:18 -0700
12ac3ee5d358521a52318d276592ba9cf95e8926,2024-10-24 10:58:56 -0700
6ba1a1f578b2445f9bf3a2721fae538275bc9948,2024-10-24 17:37:33 +0200
35a02d035e40344523fdb7a0933e07a8433ea763,2024-10-24 16:07:35 +0200
1cb88a64f8a065c87eb875cf08cfc70941a2fd05,2024-10-24 12:33:27 +0200
4850b622c778deb4b234880bfd7643070e0a5458,2024-10-23 20:45:00 -0700
02a988b09ab5b6e9aaa47c79e5e131313cf983cc,2024-10-23 14:59:18 -0700
043757c0a1cb79392a3dc81054b75d8cfb3bd95e,2024-10-23 14:36:34 -0500
9c0a8068462720992b955442b5324ef9b0afee83,2024-10-23 11:23:53 -0600
60181f9a763fb3912f071ae0a3dcdaeff6ddb477,2024-10-23 11:16:39 -0600
97946088a8977e47ad996220186d4e137edc3d28,2024-10-23 17:32:30 +0200
a8ec43d975d8d3bbacb6880b487208b00cb7361f,2024-10-22 15:28:57 -0700
a19896658c98220ea0115d5d93ba6dff40c5c4e9,2024-10-22 09:13:01 -0700
d0a7ff915e6307e200a02ed76daff1a2fb363a3b,2024-10-21 13:53:13 -0500
c16cefa5015dda417f80e0d59124cd92448787ab,2024-10-21 14:35:03 +0200
ce75f52719999d1b3aaba3ed4f10d4ca7fdb8bb8,2024-10-21 12:00:36 +0200
0640a38b6b030b0e1c3ef7bb3d92e4c64b621dc7,2024-10-21 09:07:34 +0200
181476471a75afcee1768ddf99afd88b6e348006,2024-10-21 09:07:18 +0200
de48a74263448a191344d411004db67900f528a8,2024-10-21 09:06:59 +0200
b8c2b20237bc9309d34dc96c473e9941d1b2ad58,2024-10-21 07:34:44 +0200
d4f0d7e8036488924edf9acdc2aed6fc3a3415e1,2024-10-21 06:35:03 +0200
ea5da1789f3eb80fc3196bcdd787a95ac0c493ba,2024-10-18 16:48:00 -0700
d61a98dc594e86484ea0d7d4bf8214d4ac546143,2024-10-18 11:01:44 -0700
8dc9eacd4ea0227683710cdeb5ff6fcd4acd93fb,2024-10-18 19:24:36 +0200
44233fa5307cad4a10dfb33b67bae31da48c6798,2024-10-18 19:24:13 +0200
8a931e89a8dc0731aa627c04cb3676b50a6a0ad3,2024-10-18 09:36:11 -0700
2ac5c43284a65a9fb53438c310f15a4a362f925e,2024-10-18 09:06:57 -0700
fd064386fe637e504cb71e2cfa9ebd8f28b9ac6c,2024-10-18 11:31:44 +0200
f4ffe138968bc25b876033f36744e0573e875920,2024-10-17 14:31:02 -0700
3def1f447ce2b573012802b0b5d92ee6c9e75e6a,2024-10-17 14:44:06 -0500
bbbfd1e2f14e62703d2dc5f1cb95631ab10f6d72,2024-10-17 07:48:54 -0600
9d58865aebaea95fce43d690a0ac4711ed20fdb8,2024-10-17 08:44:53 +0200
3c6c62654c50f7f5b093f82b92cfb81f6ed8ef33,2024-10-16 15:51:40 -0700
17f1c4d2205b59c2bd877d4d31bbbef9e90979c5,2024-10-16 17:18:26 -0500
22a6b19c2e226eacc0aa78c1f2ffbdbb168b13be,2024-10-16 11:04:08 -0700
11a8a78b951d6f83fbeff703ac4e1a4b7d3f3597,2024-10-16 10:39:50 -0500
5e279c868f8e2087f88ae779d8cc8474768bc5e2,2024-10-16 14:32:51 +0200
32b1ab6ea833f4067b92f7943cbfc0057faba4c7,2024-10-15 23:46:16 -0700
33b33f3ec835ce69025aa827b5b5ba6e2fbd98dd,2024-10-15 20:02:49 +0200
6376b447c9b18dc9f0b72dc8dba46d78ec655049,2024-10-15 11:59:10 +0200
6fdc69a221123d17982f78304c5cf19f60e76cb9,2024-10-14 12:57:03 -0700
3d9fc1dee1228e742e22234369498ee16b19f5a2,2024-10-14 10:07:44 -0700
6a5ae1ae6a01f1395ee70e046537cd87b990c4ae,2024-10-14 09:54:33 -0700
919387f12bdf449091f0a12aeda6d517290cc47c,2024-10-14 14:37:24 +0200
c55a078fc17580b9bd91ebe3fb1e43bc2def04b3,2024-10-14 12:46:54 +0200
5832a7adb7f7121cd4bc67acb8be2ecf8c1fa5c3,2024-10-14 12:46:25 +0200
ca8a3a4d29799b7e0635b0feb1126b0d457618dd,2024-10-14 08:47:29 +0200
12ff959cc366a93af3feb7be4008be5b7428621b,2024-10-14 07:53:40 +0200
79120354e8e05a75e9610a7b08a4333bb4491e68,2024-10-12 21:15:41 +0200
7a7d150bbcc97298a35369b7a40a9748a10ef5f4,2024-10-12 21:11:54 +0200
0a1a6665c172a1a6104bfdddcdc28eb10137c5a2,2024-10-12 21:10:14 +0200
d3e015822cbeca277f9e7b458c65a2b4f1ca0750,2024-10-12 21:09:44 +0200
337d05b8d596ccd70f0100d5112b457dbe903591,2024-10-12 21:09:36 +0200
7e5caf1c6a8db6f978be1a617eba7cb1c8bb5a71,2024-10-12 21:09:25 +0200
d93677a3f31b89a18a16568a214ddf5ce1c8f372,2024-10-12 21:09:18 +0200
28265cd7c023e28596734d7eedb928e430e744da,2024-10-12 21:08:06 +0200
410477fd9e7e3f9e5519787d7b5f93789757350b,2024-10-12 21:07:58 +0200
5fa3bbeec21f3efb419878d18821636e6519c538,2024-10-12 21:07:15 +0200
d7f668ab898d51642d7fbf015c6a6ae2f63a78ab,2024-10-12 21:06:54 +0200
67dc9e58cd57d953726677698e38975aac45908a,2024-10-09 14:19:40 -0700
208ab20dc9ab8bcab3ee525d0ddaba80eeae7609,2024-10-08 09:21:50 +0200
f0e4fd2f557529eaa87c78d8d6585105e40b1f10,2024-10-07 16:12:39 -0700
3220fad9826fa32fbb46e01158638c5fa0a0d5f2,2024-10-07 11:05:59 -0500
5dde680797a21955964298d684f40f97fbc23406,2024-10-07 09:25:30 +0200
745e819f372fe9ba6bebf2f7edaa27197cd0dd0b,2024-10-07 08:48:53 +0200
8190ce7e6b66656ccb283859cd14ecca97063230,2024-10-04 14:56:33 -0700
f6cdf94094e6c4a4db5e53f3127a04eb3a3a61b1,2024-10-04 03:53:06 -0700
746e71931a35e83726852a60d7ca8cb6065e334f,2024-10-04 03:51:57 -0700
b7b0a4681949bf8a285b78f8ba4b29e12748e66c,2024-10-03 04:52:59 -0700
2b38e093464f9d5151e52347f7c5f9639b62aa46,2024-10-03 04:08:28 -0700
fd8cb710575f568fa5792d4f6227702632434d29,2024-10-03 03:59:21 -0700
4099a671c73d0017845a3d821e5c171190fc8c99,2024-10-03 03:49:41 -0700
09c737656d316ab6172e0d5ee6920869237e6fd1,2024-10-01 15:28:52 -0700
8520b5bc761910132c72c200f6ca5766cac6b958,2024-10-01 10:44:19 -0700
168a9839425f9d3e2518ed345b7847ecb7cabb89,2024-10-01 09:38:32 -0700
e8a11cbf928e46a7549bda033f2d08ac42c349e0,2024-10-01 08:18:13 +0200
e4bc593d48df08c66549536266ca960024642295,2024-10-01 08:14:34 +0200
c8fe01e71f9996fcaae973c6bfaa8d90f7dd8c6c,2024-09-30 21:12:56 -0700
97c9c535fb7ea8e768fafc285202872e9b525a6c,2024-09-30 16:07:20 -0600
9454927ddb62d675d9f78843341a81ff2f3d946f,2024-09-30 10:21:56 -0600
3ce09bc5f113c59e9c65db26185e95be56e63972,2024-09-30 15:02:17 +0200
d00c4938adb43bb153f599334069c00fd1301d6a,2024-09-30 12:47:29 +0200
152f02de523a3868edfe8d2fbe64229225629051,2024-09-30 12:47:12 +0200
570af254c0867779e739372258212b67a369d7ae,2024-09-30 12:46:42 +0200
9601784d6141d5f46817cb2bc3d44c3e9a6bbec5,2024-09-30 12:46:29 +0200
09370ddbc39fc3920fb8cbd3dff11b377dd37e40,2024-09-26 21:36:58 -0700
dddb5f423b353d961b8a08eb2cb4371d453c2959,2024-09-26 18:13:26 -0600
95497abe5579cf492f24ac8c470c7853d59332e9,2024-09-26 11:44:14 -0600
2d9c344b5e24e511f1b8e6e3b492119a5960c8a1,2024-09-26 11:47:28 -0500
7bd13a32fdfc61391e79709e2d413097fb3088ad,2024-09-26 09:14:49 -0700
26648ae20fac92adbc5341dea03c5b80fe72efe1,2024-09-26 09:31:36 +0200
b1d38b3cac326da296b770c8ab9219bc4f791666,2024-09-25 18:34:30 -0600
1e5dcb1f6b01128032a704258e1730c9936c9a07,2024-09-25 16:22:42 -0700
f3c784e166566b494f988b732bf854a9bfae4e64,2024-09-25 17:06:21 -0500
474a770aa08abc713282709427a59dca95a35a4c,2024-09-25 08:30:56 -0700
2fa8c7d86c72e1869a97b847eb6b31fed2c4abb3,2024-09-25 08:30:06 -0700
c07de6fffa762577562f4cc3d0205e7bd57b7a9d,2024-09-25 11:13:39 +0200
983ede3976e581cdb687968bf28c1d268106f3f4,2024-09-25 11:13:09 +0200
c0d73f4ef5c16401bdfd62e1745faf2fbbf62177,2024-09-24 10:26:55 -0600
72fd9ab9f44cfb3e4b08f849cf7b5132f84b9936,2024-09-23 18:41:39 -0600
257bad29d7db09f3f9c89663b7c34f8caca3014b,2024-09-23 14:21:38 -0600
5a2c1c9c8dd8d61e08bbad713c24e6b726eee323,2024-09-23 14:44:07 +0200
ddfe503de70b9be94c8de7f02203acbc7b3d877e,2024-09-23 14:43:45 +0200
fc6271ca245f3998d22a2b90d19103cb6bc737b3,2024-09-23 14:43:30 +0200
5ed930791862bd5c471428f0843a8c55ecc78249,2024-09-23 14:43:16 +0200
b92ed13d6f2162c7d910b901399cc92de8bf0a6e,2024-09-23 14:42:47 +0200
4482565d0ec16f2e71a4a77b4d3dd0043e1f7a40,2024-09-20 13:36:24 -0600
b2b65df4c60102852798d782470176f6ab89c2f0,2024-09-20 15:17:28 +0200
d4af40c9bc2b0d5c6271056f8f10b3c85fbe694e,2024-09-20 11:03:33 +0200
60f61c3dd0eaa71e1000d8927543070a956280bd,2024-09-20 11:03:00 +0200
79fd977f67592a16579cff31478e7ea98ef126e4,2024-09-19 15:40:12 -0500
82cedbbb1935db6a765d9029df4e54c38e95bedc,2024-09-19 15:38:03 -0500
e5d9a1594b44491e1811876257a9a3473f8d8347,2024-09-19 09:15:16 +0200
ffa13b12eb019480a6fff5a4867301f2c0623b33,2024-09-19 08:33:12 +0200
e3088bc098606ae0dfa727a27ff12a0ff3b6ccb9,2024-09-19 07:48:29 +0200
bbeadea75e2a5e6e9f2472960b76daaba42a4577,2024-09-18 08:18:41 -0700
40ffcb9ad42491c75e4c306fec1486e50849d03c,2024-09-18 08:52:16 +0200
f71c7dfb0fe669cff3acc0646666cbc2bb05de4d,2024-09-18 07:42:23 +0200
06ed235f9748465a8d85f8772f052bfe64b2f955,2024-09-17 11:13:30 -0500
d5b21d82e3adb351c3295465e76c772e2dcb3a54,2024-09-16 14:46:24 -0700
5ce7c3091ba90a07a400fd4b407a044686ee8f48,2024-09-16 09:44:10 -0700
2e4d5b5b21c8872e347d7f86bc6c72c3484eb7fc,2024-09-13 22:56:21 -0600
5582b0ca67894400b988d39ed1bda77e938f763a,2024-09-13 11:27:18 -0700
e449d3405cfdb304c94835845bd8f34a73b4a517,2024-09-13 18:15:18 +0200
a2b8008da7bc26e03248a35eeee60d1cc7e8499d,2024-09-13 18:04:14 +0200
799120636e8f5f19c1d7f217ab4968f524bb1246,2024-09-12 22:50:54 -0600
d2087a04bd6ba62b13f2540480a18b5edc710e8e,2024-09-12 16:41:05 -0700
e3d3f8845a8ad8d29ebcee0cf3510001dba73874,2024-09-12 14:56:26 -0700
ab0594bf71a6884ee0e196470bfe4b4d3baa58b9,2024-09-12 15:56:17 +0200
8b4b2c1975ab2c46663e84a9cfbe3a254e172054,2024-09-12 08:54:10 +0200
6ff7a6ec2e2790e5d2d2b35a2091e68101ab3aa3,2024-09-12 07:17:58 +0200
34cd01ba2e057866cdb13db8f9919bc98e11e638,2024-09-11 12:08:49 +0200
0747b604413fa6d3c663ec850dbe6f50a647ca04,2024-09-10 15:54:20 -0700
5439cbdb278232779fdd9a392bbf57f007f9bda0,2024-09-10 09:42:31 -0700
8d97d54756a1b8ba1986858b2461013864b9e37f,2024-09-10 08:34:33 -0600
a5c8f9cd4557639d39eed716d499e9837d13b88e,2024-09-10 11:59:26 +0200
e40fe4cdbe9705415955fe2da201a6ad65dbfb9a,2024-09-10 11:13:39 +0200
026166f2292ef3462e1008ca0a0fc35ab709ba50,2024-09-10 11:13:06 +0200
4873b4b7534de0bcda2e1e0366ffcf83943dc906,2024-09-10 08:05:11 +0200
41d00ae64df218f8f955b5d2fa076125bb43a4e5,2024-09-09 10:03:05 -0600
153b07069513d2cb772175594acb284fa9540387,2024-09-09 16:21:32 +0200
ed73ec43dd25c9023069ea1d3381a6d9229be53a,2024-09-09 10:44:56 +0200
3fe4f420dd4fb4c2a0ea6c732e18c1a2889f74ee,2024-09-09 10:44:36 +0200
cefb1bbfa20e7bd5dd51910f5024ec053ac3928a,2024-09-09 08:58:26 +0200
44eca04b657cd643b0e0cfbd626aa7f92f593f64,2024-09-09 07:53:58 +0200
ab2c6f889d07eeee51a1f58605be248e9330d91b,2024-09-06 21:33:07 -0700
6e05ae022c71a51778cbfcf1585a92b28d796255,2024-09-06 21:29:47 -0700
f7c6d57a03282516c6f988fa23a809416cd765b1,2024-09-05 11:12:24 -0700
f508a7ea8e33959020778b3b9e2ce7cd0b2df0b5,2024-09-05 11:15:49 -0600
2391bdddca49d568a082988cdecb88c17093b5c0,2024-09-05 09:08:03 -0700
4f3704161228efac33eaf831b2582762b21d6a28,2024-09-05 08:19:36 +0200
7830a3b938a2f7b74ada46c21d14d12a6bb9c6e0,2024-09-03 14:07:33 -0700
896dcd50f959fb5e879229718b5a93161ffcd98e,2024-09-03 22:24:32 +0300
a4461640c80db67c4fa7eca64f9cd4fa19c81805,2024-09-03 11:49:45 -0700
5319767ee91fd054b272020c58ab25acbe5ec9c2,2024-09-03 13:25:51 -0500
113c6e7d62e53d3e3cb15b1712f3a1db473ca940,2024-09-03 08:44:43 -0700
d128a2a9811fd46d581b36d29b4e62b7be9246b8,2024-09-01 07:22:59 +0200
fa8fbb3d5289a3b17fab810a2b872299fb502314,2024-09-01 06:39:10 +0200
e8c614878dc8f5fd24ec1bbdbd325a7a5d9bfd3f,2024-08-30 21:53:47 +0300
a07f8620b97d4af7fd1e843909b3c12ddd1f77aa,2024-08-29 21:48:25 -0600
4b71d40cc16af328acaa2bcdbe4ffc704846d66e,2024-08-29 09:27:23 -0700
9c344f96c874dcdb88c57dff15adba0647ce47e5,2024-08-29 08:38:32 -0700
6c7964002b097b933053d8f6db63c0851a55a39a,2024-08-28 16:51:38 -0700
3c018333b6f108b5811d56fa2f07b1d8e29faeac,2024-08-28 16:50:57 -0700
cd32ec76ecd2866c05185065e4ed7196121de49a,2024-08-28 08:40:32 -0700
877f63b0b9e2f47c24a528c55e8adf2018ebd2ff,2024-08-28 06:21:28 -0700
8e2eb9ac2e33ce4bac8956d4e2f099444d03c0e3,2024-08-27 15:23:09 -0600
f88f128dd971ceaae071761102f021264bf133a0,2024-08-27 13:47:53 -0700
c95bf58793b3a7ef9b0ffa630b907ce964cd32fe,2024-08-27 09:29:55 -0700
bf00d51e4b80b428c44e429c26077b99f7212fdd,2024-08-27 08:33:42 -0700
64b36999d7ff716ae2534fb0972fcc10d22a64c2,2024-08-26 20:40:20 -0600
f1764c6894409e802e4b8b8643a2dd7d400b696c,2024-08-26 20:38:25 -0600
1898e621642cd0779302ce2c2933f86c3b1f6f6a,2024-08-26 17:30:47 -0700
e6f8ab9950267c18734ba0cb2ce29867790e24fe,2024-08-26 15:57:57 -0700
bea364c36f30239ec0198a32de423ca1e484c9b5,2024-08-26 13:28:46 -0700
a7398aba2143a80861692330726e2523e84d26c6,2024-08-26 10:05:16 -0700
2ed61a12bf6fd1582a868a02326e4ad745dfb177,2024-08-26 08:01:13 -0700
99e4ab711d42fef2d108b62f7717bc9e557e7e3e,2024-08-26 10:50:17 +0200
524fbb895c1f940dd4f5c7bca0b8a8d870993d6f,2024-08-26 10:49:36 +0200
244eb1e8d41078ea8f9d6ed7146dcbd6ab06b8e6,2024-08-26 10:47:57 +0200
4af2b9e7aed3efbe8c2986b204a37007fb1b16f4,2024-08-26 10:47:38 +0200
9aa354d2224eb78c19c773227693df117954312b,2024-08-25 14:00:52 +0200
5958065b05c41cc5cd61292ab43d7f9894de06b4,2024-08-25 13:58:53 +0200
b9a6645a53a1a7a5143a58b23adaae1ea0af99d4,2024-08-24 20:47:35 -0600
586485008355e2a11ea4c78890964dc88613c54f,2024-08-23 17:31:20 -0700
e0596fbba21df594b8aa6504f48f982c10941eba,2024-08-23 20:26:29 +0200
2424e2c31dbee75d642fed4c10bf5bd9ebbe09bd,2024-08-23 17:51:00 +0200
aa1ecc817b6f11ad987cf56cdb207edb3079b614,2024-08-23 17:19:58 +0200
f2d62757e210df5498f147aa126926477ac6c156,2024-08-23 15:42:24 +0200
ce772a6ecde5ea9f78a7e9145a34e74bdfb3277d,2024-08-22 14:59:48 -0700
ac0d2063599e25974165652fa2e23b4b39e29d94,2024-08-22 13:16:05 -0700
bf459eed480c79d42cbb97ab4461881d69bc5d91,2024-08-22 13:11:16 -0700
7fec19f3fd60ce7979de0f90587849d86cdd27ca,2024-08-22 07:39:07 -0700
b2cd6f38edc91d40c21272db6b090cdc03a985ba,2024-08-22 16:19:31 +0200
04461781c79d6335c48086f6376effbf43078421,2024-08-22 15:58:12 +0200
cbd71ebd12f70da9449a6a1755b141054bbfb389,2024-08-21 22:05:23 -0600
2f6e7e6371902bcb72f21deeaea8889d4768004e,2024-08-21 20:23:03 -0700
f1076494c807447484b5a154b242611e98e3b582,2024-08-22 00:06:05 +0200
bcb32818dab866a81539e04ae807c3a14e0e625c,2024-08-22 00:04:57 +0200
85cf79de0156e4bb4d02931c8d8e10e1d6b478c5,2024-08-21 14:56:32 -0700
f17c225f6709b430019512f426dafcc323c9b46b,2024-08-21 10:09:23 +0200
40d5204fb7282df7a7910dfd3ff9ac785554955c,2024-08-20 10:57:38 -0700
24afc1f980201219fd9c7018b48f99af64977fbf,2024-08-20 11:54:52 -0600
ce33890314fbab3cf31371a8c5087f5e34f51a81,2024-08-20 19:21:09 +0200
b76d81acf09ae129b43a13dac70c8739b70dae1e,2024-08-20 09:24:08 -0600
2f2c367b3582b58c9c867d26b203593aa1e8e667,2024-08-20 15:08:43 +0200
3028552b41d672fa94cbc5a037481db55dd6601c,2024-08-20 13:50:00 +0200
43bbf08adc63c0a5a5edb26934f62d9994c25af1,2024-08-19 15:29:47 -0700
ed07fd1cd707a28a4201ea01e330fe2efdc5b494,2024-08-19 14:49:06 -0700
9ddde5077b49e2f50d9824002f45c732c0fcbc7c,2024-08-19 10:46:20 -0600
b53595b73886f14cb4b71c25b760ac988afbd310,2024-08-19 16:47:49 +0200
d4e0b3f2078ee5ed113ba69b800c55c5994e33b8,2024-08-18 12:45:31 +0200
65e7cae512206595d6bb50505e40e3758caa6a83,2024-08-18 12:44:58 +0200
10fce2700e235c9a1f505fcbe14ba435b20283b9,2024-08-16 17:25:34 -0600
49cf9d98818b7d40c9fb7602274b4ba0fd83d82a,2024-08-16 18:08:25 -0500
a49202773520072fef7457e0056c37f43e9f9d1b,2024-08-16 07:08:49 +0200
9f12cf91dce532b68ce542379647bdc24cd94d07,2024-08-15 14:40:43 -0600
3cd2c528a83e14e6d50ca7c9c01b00ea53e5276e,2024-08-15 09:40:33 -0700
8c85a5a7f1539b39df65fbaac4c4c6d5d6b97eef,2024-08-15 14:51:14 +0200
cf02ffac4329141b30bca265cafb9987f64f6cc4,2024-08-13 17:27:32 -0600
4b57cf8d930460251cfc2f9b4ef3ed90ac07e741,2024-08-13 20:32:38 +0200
520e7ffce7caed3df6e614bf3921ce2db944d503,2024-08-13 08:35:41 -0600
3cd82a7e996db0bfb2cdc599d5dea3ada04f51aa,2024-08-13 12:58:48 +0200
bfab2c334e9b4c11de65f1f9bd1de5dab18aae5b,2024-08-13 09:25:34 +0200
33259f946baabffc39e50f7a464a21d7fe32d606,2024-08-12 23:55:59 +0200
994c0fb790c217501c2fba432a1fda8ec1117c3f,2024-08-12 23:54:25 +0200
45bd17294a355b9bab875d9c7ff037607a56526f,2024-08-12 23:53:48 +0200
8ecaaeba5aec612dfb6f5d8449ca2a8d2452ce86,2024-08-12 13:51:34 -0500
8bc1dde5cb587a840476004477e9f5e827ae5d61,2024-08-12 17:59:27 +0200
03c2ce9e39a73e261ba7e1eca64ab75c38bb686c,2024-08-12 17:58:48 +0200
b4fcd401293aeb5b48b92467d7f038f415a6db9f,2024-08-12 15:51:15 +0200
b4e60e02523233ac3b90f8b74d4b0c4df0f1c413,2024-08-12 15:50:50 +0200
ae08334cad1f1a9eebb9cdcf48ce5084da9bc44d,2024-08-12 08:12:20 +0200
79620e198009fa243c278c66fd442d107b46206a,2024-08-09 16:51:00 +0200
d17a7f189afa25c6be37df1415f4e2f8594effbe,2024-08-09 11:34:36 +0200
70c506ebad2dfc6d61b99c05efd59e884282bfa6,2024-08-08 14:35:17 -0700
3bee806d0ca5ba356b3da698b3bcadb8a20d8923,2024-08-08 09:59:12 +0200
97e034b2cec9408a6f792c410a8eb8dddb452e14,2024-08-07 16:08:16 +0200
a3cbdcbae6627b42a52eb8e028ce4f83f30421f9,2024-08-07 16:07:38 +0200
71b64399dd5c74a63f97022cdb42d0cdcf615862,2024-08-07 13:08:23 +0200
8ec65abdc5916ed19fffc6af6b58a2ee92d71c28,2024-08-07 13:05:44 +0200
86611d94dbc6b28f2f7b89addc5886d2d4ea96d8,2024-08-07 11:11:27 +0200
257b1d7b18f638b5925de32bcd9bbcbe5a4416c2,2024-08-06 18:19:12 +0200
38733f8fe63751826b3d99e5ab79f7e795e5c166,2024-08-06 08:45:56 -0700
0d8f2c42ff0d1eff6a6d05f248da7085163ac93f,2024-08-06 08:45:56 -0700
fb60ecde9df0342fc628292d1e97dd96d7f25f39,2024-08-06 08:45:56 -0700
93f7839fa13d1deb40dc1e208d778cf07620d37f,2024-08-06 08:45:56 -0700
6ee6d1327d3811dbd5795c4e87efdc41b7a58eaa,2024-08-06 11:16:19 +0200
525d887811b2fd2140779e125243cb70742e169c,2024-08-05 18:06:36 -0700
e9364faabcc67eef6c61af2ecdf7bcf9a3fef602,2024-08-05 14:36:20 -0700
3d364f6d95600be4e5320fc5931bb51b2af61de6,2024-08-05 13:50:21 -0700
b531e97f66ef2bf80f3167152e268be0ce25f459,2024-08-05 13:43:34 -0700
04c2533f1de5fdaf23b1dca8227a82d2b84b349d,2024-08-05 20:40:26 +0200
5fc1413a5efc4419ccc081f3031325f107ccddab,2024-08-05 14:35:07 +0200
87537f995450a098a87b25d72124781b4da99a47,2024-08-05 09:17:42 +0200
722a350afa8ef1d6fe3018b290fefb2a836020ec,2024-08-05 09:08:58 +0200
74a9adbc0b6c0f8bdb1dbee78c333d64fb52b41f,2024-08-05 09:08:35 +0200
9b70fdfd03d4a558d190495c2527d85386de7c94,2024-08-05 09:08:21 +0200
1f21989305d92f1530c785c826b221bddfb4ce0b,2024-08-05 09:08:07 +0200
e8582c0f00159638f822c831ddeccd47b01d7f9f,2024-08-05 09:02:39 +0200
98ecc9a9ef7e7bd136d308828355c107de86f4b2,2024-08-05 08:57:45 +0200
4cfa38fbb2d8614eb22014b665b74f3b2c17b8ba,2024-08-05 01:14:32 -0500
d9aacd24cc9d730d6416a93d31dd5cde8cbd260a,2024-08-04 21:45:46 -0500
479f468c5f389bd7a30938114f8e79445c48f179,2024-08-04 14:32:52 -0700
b17d1c9abdb8fbd668ac02194cadd6003c3e37f7,2024-08-02 20:44:48 +0200
af75440da8d6e7b509b3197251c965543017b015,2024-08-02 08:39:47 -0700
dc7ad7190989d50f3288ea02eb26d527c9f629c6,2024-08-02 08:39:10 -0700
674214cb6bbc8f6e739245293ba31f9a3d36114e,2024-08-02 15:44:46 +0200
39295753e8e949096236a5dc8b063c77f976650b,2024-08-02 15:15:06 +0200
08aed72beeedeeffd80c87803e075593f91e9ba7,2024-08-02 15:14:40 +0200
122176a37fed02f6883a75fee440fb1e7ba161ec,2024-08-02 14:08:43 +0200
c2db97ce9a31d0af21341deaa22f7b91da04cd32,2024-08-02 14:02:56 +0200
9a67f0b85c82ae09089e150f2c663a65f145670e,2024-08-02 09:23:23 +0200
6e7113a5291dffad38ffacc7d264456a2366a707,2024-08-01 14:10:37 -0700
39373d09c276586ddcec971fe35951975bdac66f,2024-08-01 12:31:18 -0700
eb9d3951eeefc51824b87d36ca3824f7a968e81e,2024-08-01 10:23:49 -0500
99b8e88a88486f541b0ad2703fdc97ab615c5398,2024-08-01 10:23:05 -0500
806da5cfc7dba7b8fd872cf7fc6a6b36ac8a3876,2024-08-01 09:30:04 +0200
84c91251738cb86f741952bd1b23daa45c80d2aa,2024-08-01 09:22:51 +0200
506fee492620bc8e13d7da4f104462fb97ceef82,2024-07-31 10:41:20 -0500
76dba8fe83c4496318cc34436e610cf50f43054d,2024-07-31 12:59:13 +0200
72b39ab91dfa04d713552e70b009c24510a1cd07,2024-07-30 14:49:44 -0700
0ff90e7732574fa1a1e094bb66c7c3793e3d1ebb,2024-07-30 23:26:55 +0200
4d1ceac275859df0ab16a8f919a76fcd3b97d622,2024-07-30 22:25:56 +0100
96587abf7fbbeb9c728d60cbdc7bdd7e2096dad5,2024-07-30 17:18:39 +0200
f7585932a6d89b04c0d45b5f9dfe6f45483efd0b,2024-07-29 15:35:18 -0700
e0a464f1cfd81823940501ecb9f0c88905981ee1,2024-07-29 15:34:32 -0700
30e761ebe420cf56f4d985664e6fa6d2a76de171,2024-07-29 07:55:45 -0700
94d336ce01381116ce637121e8e59f440148847f,2024-07-29 11:05:33 +0200
2c42e673757aeeede3a4d537eeb199254496e1c5,2024-07-29 10:06:22 +0200
b8b57b2ff7dd8b1c7ec850ebb7c55ab3b9ce84b6,2024-07-29 09:33:22 +0200
349046889a1f18431132b00a8e94f064401b3e75,2024-07-29 09:30:36 +0200
31d52c0edb9010b051e6c1ee75cb84e6b94c8929,2024-07-29 09:11:02 +0200
265bce76f7a8cac19b231aa8b559f95d392ecdb2,2024-07-29 09:10:42 +0200
4dbc7f578eee7ceb9def35ebfa1a4cc236fb598f,2024-07-26 09:13:18 -0700
ec2c2e978e40a4bf7bf6a3a0bccbe7e3a68a0cc1,2024-07-26 15:30:00 +0200
48841a91209552d761b54a0c6f6ed4a200d97d73,2024-07-25 19:49:06 -0600
40d174f61518da87a3827f0ac52bc05d611c3324,2024-07-25 13:12:55 -0600
7e2920af400e5d559f8f1742b1043787b0477d74,2024-07-25 11:50:19 -0600
5da64e043377636202388773869e43f5b347cb39,2024-07-25 08:54:41 -0600
a309728e08ae1dce2534b5553a89d77b6f476c01,2024-07-25 08:00:17 -0600
7bced33132088857e790cf22b857ab8840dd1408,2024-07-25 14:45:48 +0200
622c127c3838c37f8479f73083dbea8db29207f5,2024-07-25 14:20:18 +0200
f5635a65676df12b00f2c8365357d6026202b397,2024-07-25 09:02:56 +0200
3495d9edaee30c1714a810eb35635f8be20fc106,2024-07-24 15:52:47 -0500
24fb7341afccdd89eba73cab62c73249155cd6b4,2024-07-24 14:00:26 -0600
4e311cd5b8ab4ecdfbfd080ad5a807c4a8b27657,2024-07-24 11:26:29 -0600
c00635a38a59c916ebc298e9b9a68ede92fbc699,2024-07-24 17:07:42 +0200
716d5b319c485c85b42e1fdd9a0f9d79877e4054,2024-07-24 16:40:30 +0200
91585e9515ea8e46b981e4a5966bbc9a31966443,2024-07-24 07:18:50 +0200
0cce1198ca4b2f057f70f129c732e275142bda94,2024-07-23 15:51:55 -0600
b7693912825c11e6da4d7d4ae24dae6b8b3f049a,2024-07-23 14:01:47 -0700
f7b3906003cf081c0ec29942582e21d014d8401c,2024-07-23 14:35:22 +0200
604b2bb85ccd33a132e0f588fad1611ab655e2c5,2024-07-22 13:59:18 -0700
7831a8dfc3a2de546ca069f4fc1e7afd03777554,2024-07-22 13:08:09 -0700
344bd3e76cb2652bd4aa980313d753ad9d678e2f,2024-07-22 10:10:37 -0700
7477f8bfbcf9cded7129bbf8ca7e91bcaa81c1ae,2024-07-22 10:36:05 -0600
fae8f6e733e475099f54675e7d73eac3718cbc2f,2024-07-22 10:25:00 +0200
ad59eb7d60e84e8b98415708ec38da5382cf6fc7,2024-07-22 09:47:13 +0200
3067261c91d0e02c46a1d4ad2b1df1dc64574fba,2024-07-22 09:18:52 +0200
8eb75db09002611d1f45e2fb769c974baf2fa1c1,2024-07-22 09:18:40 +0200
5eb9be6fed667d8f07b7f3f50aa01312ae535add,2024-07-22 09:18:30 +0200
2a7293343798414d275b0c43cdd9635461fbb325,2024-07-22 09:18:17 +0200
224782fe11677e5878e9487a73147cb9f69a1450,2024-07-22 09:16:53 +0200
fd0d5889d9f0d9cbf70c53205fd37a8a219c09f7,2024-07-22 08:41:28 +0200
0e678ce588c75019948b28a26572e972ce8a07ef,2024-07-21 19:14:14 +0200
e02b5c90ef305b4d1ca5c19f0b9b2e99f9392e44,2024-07-19 10:23:15 -0700
cb6540c8c9897968127e8fef02950259efed8fcf,2024-07-18 19:30:01 -0600
5f970a839674f68a4b2f07cdca012ab4a15566c0,2024-07-18 17:27:06 -0600
bc72b2ee6b14e83eff6a49bc664c09259e5bb1c8,2024-07-18 16:58:05 +0200
229d8f6fcd109e6c8943ea7cbb41dab746c6d0ed,2024-07-17 18:35:21 -0600
3c46178855ecec864e1ea9ff67392c0c96d49e0d,2024-07-17 15:14:43 -0500
319f29ea860e42e7cc21cda8c05d882134e6431f,2024-07-17 11:07:10 -0700
5a562bb078d30ac0633c2960e2558780cb183e89,2024-07-17 13:49:02 +0200
206e471de401da65070ee9099adc2f9691b8e781,2024-07-17 11:30:45 +0200
f59055a07030f19904648a4738774cb605196985,2024-07-17 09:13:13 +0200
cc1a1e495548d1e1ae7e0c0922824d6f2e35e926,2024-07-17 09:08:01 +0200
ff7e833c64806915af47499cbecf926ecdc875ee,2024-07-17 08:29:38 +0200
4a0ae22199375e34f9033bed9781da3dc90d53c6,2024-07-16 13:58:13 -0700
12f2e14c3b0d78b248cce3fdbd2741f0789a0065,2024-07-16 12:33:45 +0200
404c665800b645c2cb2453c5ed20dffd7f59d795,2024-07-16 11:21:42 +0200
ab580b9955ade2c4a755d5b8e150058088a48c2a,2024-07-15 21:02:35 -0700
5479545e900a604e10eb52312e65bca18fc3ceb4,2024-07-15 14:38:03 -0500
6319712b612b724fedbc5bed41942ac3426ffe48,2024-07-15 11:13:47 +0200
96e77596ad85275c07146f37aa0edcf4d660b93c,2024-07-15 08:43:35 +0200
18c2123cdeaebe60cb671dba8a976bbb1146faa6,2024-07-15 08:42:45 +0200
0acdb3f6541605d6f17c0415e6f736060deb15d3,2024-07-15 08:42:20 +0200
de4262ddc83fa2f7f0559bec294efbb9eb47e2b9,2024-07-14 09:53:12 +0200
9724aa2f77a01537f65ca2b84185cc4c43ab2ab7,2024-07-12 16:32:12 -0700
ed228f79cd3e569e04af8a8ab411811803bf3a29,2024-07-12 14:25:39 +0200
d9dbb75ed057c4f6673626763f257c0a9049e249,2024-07-12 12:15:24 +0200
83bb1bf57c84b9082d81d6e1e7833d04554527d5,2024-07-12 11:05:59 +0200
63af974efe51486c89bff8df5416781ab3181976,2024-07-12 11:05:10 +0200
07002fae27445408a4f8aeb512b14e1a555aa94f,2024-07-12 10:06:00 +0200
5455d30d9b6e0409d517138e9b80d6831ffb233b,2024-07-11 21:30:35 -0600
89a0b0ffcebaf640d7df394b97404cb9505817c7,2024-07-11 21:12:03 +0200
d8e7642d4e61b6d442c38b2cab1f631864c4e368,2024-07-11 08:22:20 -0700
048c92d43d6e1180e399ee9c68ad952310230b2b,2024-07-11 06:47:12 -0700
41e19512b996ac2768ca33d9b4c8c470ce40b76e,2024-07-11 15:42:38 +0200
61c9b6f0bac595be2fe7d291bffe72ab8b585936,2024-07-10 21:46:38 +0200
6a80b7b61b8fc111f10c7c3f9ae9327e3ef6b353,2024-07-10 16:44:14 +0200
56e6b6f7b1ae3892534908a9ad276657c5d180f9,2024-07-10 14:40:22 +0200
4714bbfa20642516037abac8545c24b326b53787,2024-07-10 09:25:12 +0200
05923d6ab821a37108409236e03ef7dd5df62670,2024-07-10 08:38:23 +0200
7d796e0b38ad7f2d80e76b3a250e3f8705c1a62f,2024-07-10 08:13:43 +0200
1f6ff6c70c8c921f56ee9d538f14a0eca6cfe00c,2024-07-09 16:55:37 +0200
06b4610458469c344bb6ecd5207467202b5dc231,2024-07-08 15:12:47 +0200
afa913679b8b5db2a120ad6eae7244c7a8451c59,2024-07-08 14:28:01 +0200
bbf350c590ec39d1ccf91395888d2a71aa4af66f,2024-07-08 13:27:18 +0200
49e416343a1647587072b4f0c4c2bae995d23835,2024-07-08 09:19:25 +0200
096e507d04985b3c59a16552c7ec1cece083d4c1,2024-07-07 19:35:22 +0200
b911cac63149d47ce1feec5c315de4b8457dffbb,2024-07-07 19:09:17 +0200
d06da2dd76454a8e3485fad23de4ccc123611447,2024-07-07 13:51:56 +0200
1c3476d953865c1953d54ce02be12b5b19dafe1c,2024-07-07 08:10:05 +0200
6223708dd574d2e6f775f8e107a78f217c676481,2024-07-05 09:49:18 -0700
ce1279e3d001d2757b61db42e6d460ba649a5e29,2024-07-05 12:10:02 +0200
24d26b6a35a1287531e72357691d9dbd3d7f79bd,2024-07-05 09:08:44 +0200
83dd59a6f89bf9a93e430ba0cc0995e14897db63,2024-07-05 08:53:38 +0200
9a0fc49481c232bf0eb149fa189d875cded6a231,2024-07-05 08:46:24 +0200
fc213cc3937b4cefbc21beb6d5b47f564c439810,2024-07-04 11:34:22 -0600
4aee3076171141bcbc03f381af84419f6afad54e,2024-07-04 18:02:47 +0200
4048987d2f667449bcb62a442177e4c0b36a3c36,2024-07-04 14:06:57 +0200
c7eba348d86563e1aefd711e664b45e393a44261,2024-07-04 08:23:54 +0200
d1f9f28f4fbf32e4adff324fa5864d73bd522880,2024-07-04 08:14:58 +0200
3825477b0175d0e24960c89815c217f1ff8d2563,2024-07-03 17:36:49 -0600
d255c87b00c8ca422a1d32a33b3a9cfe2f04cea2,2024-07-03 14:39:08 +0200
afda8be25652d44d9339a79c6797b6bf20c55bd6,2024-07-03 14:36:53 +0200
0eab91aad705205ebbf675eeb9ea49d3a07d4755,2024-07-02 18:26:47 +0200
3df3d29a6938f5999161b39bb219527b8cb67c80,2024-07-02 09:47:23 +0200
f4ddaea56b7039ecf4e94273aa037e52da934de4,2024-07-01 18:23:30 -0600
d3cb1b696a1631a9cca4619f93252cd0a985fbfc,2024-07-01 15:33:17 -0600
a975a955523239ca6423adf2ec26915ca8675f4f,2024-07-01 15:24:02 +0200
0e7aa84b1dd378b4be56f5b45b6744b383501bd9,2024-06-30 19:12:33 +0200
f0cb1ec2c6c97ed07b1f3acbdb28d985cae3e7e8,2024-06-30 15:15:21 +0200
2bdae5e744dc014963cb6c5e1a2372f1718888c5,2024-06-29 08:22:01 -0600
7071dc18ed66454542f466b5bfe8821028f2db0c,2024-06-28 12:30:13 +0200
c469edf6cd241e848d3926a07d978cc4b5994cc5,2024-06-28 11:32:05 +0200
91fbcaa62c25308aa815557dd2c0041f75530705,2024-06-28 09:04:43 +0200
f9f30f6b90515b084b9292ead67508a54e115968,2024-06-27 10:37:06 +0800
87a988fdda5fc68fd3b04947e000ef190fa54f61,2024-06-26 18:28:00 +0200
c88e9422bb5a2a27ff6ee71c26740f20dd00ea29,2024-06-26 15:41:14 +0200
9ed33839e7a8820b5069cbb51cd54a80785d6a62,2024-06-26 10:37:37 +0200
29ff08a08633ca8df194a26f533b5f9af50fca9e,2024-06-25 15:40:42 -0700
10fc04b639136af7e5bf6720e89b00637109374c,2024-06-25 15:42:43 -0600
8af8a4da5efcdaecdafb59766a9325fe3f3f5043,2024-06-25 10:21:23 -0600
565352d12be30735d9224f894099defd6cd45b09,2024-06-25 17:29:23 +0200
4bd9e64f283bc80b2fd41cec2fe939dd5697db0a,2024-06-25 12:18:05 +0200
c85f66759e112dd1a02d1636ffe0814f514e64c9,2024-06-25 12:17:04 +0200
5733aecd0d010b17b9bd0f10aaccb601b1f13c90,2024-06-24 10:39:26 -0700
29fd2a0cb940fd16aa5bfb8003ec1354e678c949,2024-06-24 10:34:55 +0200
a75fb1c961128f2fc49dd3f7835edd005410585e,2024-06-24 10:28:52 +0200
87d2fdd173db5813869435f2747920f2bdc8eda8,2024-06-24 10:24:27 +0200
da6268ef192079b7dfc2d81b7ac7f606a88d7d02,2024-06-24 10:20:54 +0200
a47937c0c1fcafe57d7dc83551d8c9a3ce0ab1b9,2024-06-21 10:34:13 -0700
e57b9f69543886236297db43923a08994f9e18c4,2024-06-21 07:33:26 -0700
1ec69d1ce91fa32bd60df5aec8bf9238f5451ca8,2024-06-20 18:10:14 +0200
c67c9124d324207d742307982de31e5ff2ebcd01,2024-06-20 08:27:59 -0700
a2a679f7c085ab77c215e00e091d3cea7fc57188,2024-06-20 15:36:38 +0200
601efaf309712eca21228f8949813133606a42b8,2024-06-20 12:26:45 +0200
23a578e5c68dcb13d7474a6023d866f09ca512a9,2024-06-20 09:44:13 +0200
10d7ab11c90f7f0f6b60919e3bca6db251ec697e,2024-06-19 18:53:27 +0200
cbd11d7aa54a3b531f59a5e83411a163f9126a0c,2024-06-19 11:05:29 +0200
8248663a2a1ffddd2664ea37b45882455466f71c,2024-06-19 09:40:51 +0800
791140652c39d9c912ac008c64edea7db6d047f0,2024-06-18 18:01:44 +0200
9dbfbbb203c007592b8ba5f4816925043c08923a,2024-06-18 08:22:47 -0700
08cc776bfef8c576378b9fc2d8f74f6c6e87370d,2024-06-18 13:54:48 +0200
3c714402773296e168263c63b5ffd346fdb654b0,2024-06-18 13:07:33 +0200
5ea78e3fbe5d8c9c846a1b86bcd2b77d13a31acd,2024-06-18 12:56:29 +0200
316f0a11bf5aa3d24cf7cb0c649960e42c312b36,2024-06-18 11:52:40 +0200
0b505de413acb02441efb46ddc7aa1f1cd5621f4,2024-06-18 11:41:48 +0200
2862047771da068fe11745064f78d44f39ca9d05,2024-06-18 09:36:11 +0200
2289758dc9c1ba75c04be084c1b66884e70c8af9,2024-06-18 09:16:20 +0200
ae6f9066eefd1043d3f389f74f05e3279680b65b,2024-06-17 21:18:31 +0200
4859b552e961d84ead2e131dd085e05edcbb2453,2024-06-17 10:36:19 -0700
d8f26caa97b5c06ee3a428b5c0868762a6f553a3,2024-06-17 07:34:23 -0700
52d82f93efe77a33ff6c898126292aadcce65916,2024-06-17 15:49:42 +0200
1928257ce3d8ec6dfa96fb9d8424294b27bc3f72,2024-06-17 15:11:11 +0200
87810c8f2b6e47c45d1d179f9f84ccb461a5b9bb,2024-06-17 15:00:56 +0200
5f3809c5159694618e0619cffd563077f1b56c12,2024-06-17 14:59:32 +0200
3d3e565a793280f2925114ada9d853ea304d6b9b,2024-06-17 08:40:04 +0200
a3a2b585b9f84ca1f829b6e7dd9ce3315911987d,2024-06-16 10:06:53 +0200
26dc338a4d3ffd6e0f3cda1c7be65f5f299c1824,2024-06-16 10:06:38 +0200
26c298a934899cb7caf0af69f38f1da6563b9b01,2024-06-16 10:06:23 +0200
31654239eb86bf66573102b451d6df8c7722d6e6,2024-06-16 10:06:11 +0200
6c76a3a9a7a41db0451992625d54e0109ff6ba53,2024-06-15 21:10:25 +0200
636f96304904599c3f1ae7f5f073400ca80a3239,2024-06-15 21:10:05 +0200
b7a0bea6e5cd31b871bd6e038ff78588d80a6655,2024-06-15 14:19:51 +0200
42c3159226ab8f7f3969760b6d75a40246a19bd7,2024-06-14 15:03:20 -0700
a02b551825786b0d7b5653800a69e77d1809b2de,2024-06-14 22:04:21 +0200
74cf6977b9db46df2850f29d099764d76950b6a2,2024-06-14 02:55:54 -0700
b6c949cd86c372a87a4d43a557c19dd310af80d8,2024-06-12 16:50:17 -0700
bdd6225b6296c7fb10e396494f6735b72faf4feb,2024-06-12 06:14:20 -0700
282fa73b2c2b51b1d519a91e8bb05b2d2bdf3cf4,2024-06-11 05:04:06 -0700
fa95e1277fc38dae2f2cbe1c687b163d928b03aa,2024-06-11 03:40:06 -0700
2a754486f7e1ff536d5c9b04742bcf379bc9c340,2024-06-11 03:36:47 -0700
bab547474e2dcae7fab76164107404419f4d4fe1,2024-06-10 07:34:28 +0200
5a0372c18c02ffb7322ed1eaeb20a89ed771f633,2024-06-09 20:56:32 +0200
75b3a052a739f85f28fa3e43ee29456aa01da066,2024-06-09 19:17:46 +0200
c7de6cb345995cb47312edbef6edae2f17fb8aba,2024-06-06 18:39:06 -0600
e0dc57e3366347c773ff1c333ee158f9a49eb5c6,2024-06-06 16:12:05 -0700
c7d3ef44367c46875f0367d312372fb2f246ae73,2024-06-06 09:51:25 +0200
afc30818b734879e53a24f90f034685cf8fc56bc,2024-06-05 18:32:45 -0700
be46d29d402e44ddc365381933c8770a98ce5fec,2024-06-05 12:14:00 -0600
59e937761aac2dddf14d331268aeb0b9adec6908,2024-06-05 10:31:49 -0700
cbe391d1faad059a23c861de941636350642f6b4,2024-06-05 10:00:45 -0700
a642a9350e06dc244ec167372985564372896850,2024-06-05 09:22:22 -0600
0a26f02876dfb3b9bbfac6720fb2506326e97273,2024-06-04 12:52:10 +0200
40da6f1e430a233ac82e4b5fb41b29615daf298f,2024-06-04 12:32:07 +0200
ab476abfdbdb7fbfc07751c4fc1ba4f32870a4e7,2024-06-04 08:23:04 +0200
45bdf3fd438aa8d2919282947e6c820117453ec6,2024-06-04 08:22:28 +0200
67e181ea9b706afc8ff9d1bcd0f9e9c240f173cd,2024-06-03 08:58:16 -0600
134345dd20d99b4800aaefdab1397fd22819d1ff,2024-06-03 16:49:40 +0200
7d75f823ac0606e5efa25dc73b50e74b3bc87411,2024-06-03 14:36:06 +0200
252168419f8ac1d251b39f0944a189184056e543,2024-06-03 08:11:33 +0200
2dfc0c66fa9e64344bc21d3d820d80a99f7ffd9c,2024-06-03 08:09:39 +0200
ee11de91c94f742e3c8e6414a152d753a36384ff,2024-06-03 08:09:13 +0200
1837c81758344482086a82432e498fd2d509b48b,2024-06-03 08:03:11 +0200
b4ffbf4f18574cd3f461fc967bf600f1435d398c,2024-06-02 21:45:01 +0200
23eb5941cd599183be63676c9d1379ba102b1a97,2024-06-02 21:44:00 +0200
6a594546b06df9fb75dd7e9713a8dc173e67c870,2024-06-01 09:12:54 -0700
2722290a7793dcb4f411aad271d5a22697c696f9,2024-05-30 20:50:47 +0200
46732b876a50409915f7ccf79471bb26c09f7ef8,2024-05-30 17:41:40 +0200
2843f3233246118cbc963c7c6612da1ec2f60b8a,2024-05-30 10:27:11 +0200
d723f9fc63d0be21475c8ca23fa2aefc2115147e,2024-05-29 23:20:28 -0700
f9cdde2516daea6d503798ef62e5869b5e46c31d,2024-05-28 09:55:57 +0200
795fea9446723cf9c2dbc3cac07883cace8997c9,2024-05-27 14:52:29 -0700
580df62d4becd07e18c53bd0df52fe8a094da88c,2024-05-27 16:22:12 +0200
6f4b19516bc1cc4d4a89fd2018b918b6f7e6d625,2024-05-27 16:21:56 +0200
957cb0d67f077d18ebf9f0b1a6abea7f099ac899,2024-05-27 12:31:27 +0200
ca8af31f7dc1044096964b84df6aac2732fee3fa,2024-05-27 12:31:07 +0200
9a3db37d393b4eb7a270ffef14f2a6a5ed6c71da,2024-05-27 12:30:43 +0200
2a35e239603056d99a5576d25ac20529ee0d04c9,2024-05-27 09:48:58 +0200
af9b9ee8a5500308d483016c8b585db8ed6b8c90,2024-05-27 09:44:49 +0200
311dbbb10dfa41fd22966ec87a03d449d0d84f96,2024-05-24 09:23:02 -0700
d4c2ef89500426eea66106b47e39841ec2383c54,2024-05-24 08:59:02 -0700
dd2197f835aa3f180c0f49246055ce665f9fef59,2024-05-23 12:48:33 -0700
9114cc87ac48ac77402eb41d398c6371a79f3c79,2024-05-23 21:23:24 +0200
b3c25fb7608934d975a054b353823ca001ca3742,2024-05-23 09:18:20 +0200
f1a548f9724b25e2630d3a28d4051fbef9155f3a,2024-05-23 09:18:11 +0200
fcd07d91aac2c0851e9174c0e0bd84b1a529856c,2024-05-23 09:17:55 +0200
8d6bee736884575da7368e0963268d1cbe362d90,2024-05-19 18:17:36 -0700
236f6255b1c7eadc8338d23239755e539935c580,2024-05-18 10:50:04 -0600
2886ef4bf6cf575f9780a5bfd351a4f4d51cce4b,2024-05-17 10:20:57 -0700
2a68edc04e5e0426f449f099b0149c204a4c97e6,2024-05-17 09:32:00 -0700
6abb99f0a72e27165131cf73b6e0ff587a8759c5,2024-05-17 09:30:28 +0200
bd046f844a1cbad6c98919d8ea63176aeae78d33,2024-05-16 18:48:58 +0200
139721fee680fa22c69d28c296563f9acabab8e2,2024-05-16 10:21:49 -0600
f4aaa375e9243c9c8c6619a0f8e0a922b6dd9313,2024-05-16 17:18:00 +0200
f31315e9357ec29f7d42ef234add4d964a0cbc5d,2024-05-16 16:18:59 +0200
788bea2695d78f8d16e7595d41de5ae7ca96b91e,2024-05-16 14:05:38 +0200
090fe2eca9e2e01cb96857052fa688be8530edec,2024-05-16 14:05:19 +0200
2cd6d0d475a782b23bf53077703873d1c593f2c4,2024-05-15 14:11:53 -0700
4c9f47d208b16921f825a66e24d0693f2b76b03b,2024-05-15 12:14:20 -0700
2058053b0c6e5b1c7e91fa029162f22d109aafb1,2024-05-14 18:08:47 -0600
a6fb9cd2d3f6bd1d6a678795c86b00077846ee53,2024-05-14 11:00:17 -0700
5e08f886f367e548834afe1d43f99e0cb8d3ef5e,2024-05-14 10:29:24 -0700
ea916c1700ef37377d3e8bba1197b3fe32d1a248,2024-05-14 09:40:09 +0200
d23c4902eb7ed319176bb7d74e04b6f2175e3593,2024-05-14 09:10:43 +0200
02b1ff968d2a4bbe299dc2668ef9cda493058db7,2024-05-13 14:42:01 -0700
b6236302c4d215e8f4fcab43571700093972887a,2024-05-13 12:47:51 -0700
d0dbc9cba264572a10fb96c001e4987fd6e07676,2024-05-13 14:29:06 +0200
b752b742e4d114df07e285dba018cda3cd7c5261,2024-05-13 08:54:32 +0200
485ce3470b070b2b23c50088c08bf8d247c9cecc,2024-05-13 04:41:07 +0200
04792cf991608d836a1ce60651bf65d1b7f67120,2024-05-11 09:55:09 -0700
e484f0d71b8ef7164df4f8e6ed16142dfe346fbb,2024-05-11 10:05:23 +0200
2b21020aedb63c26295005d150c05f0a5a5f0eb2,2024-05-10 11:18:46 -0600
3c8e046978b1cc27080ff8fc1d626cdc92066562,2024-05-09 18:11:54 -0600
e10098b9ab7cb532d2ca4876f00997102446e52d,2024-05-09 14:06:31 -0600
b187b17f3faa15d9fb6f3f0acde7aad7a6213cd8,2024-05-09 11:43:35 -0600
e6586e947f8881d010a496a731dbb5524c0e8510,2024-05-09 11:42:37 -0600
5d3d647ead118bdbfa718c7b46040e59ecae9b11,2024-05-09 15:21:39 +0200
a5b85a73787cf092992f75245a0efe21735a4358,2024-05-09 15:01:18 +0200
ed0959257cba02f378f7097d81cecaaaef9fa43f,2024-05-07 15:31:22 +0200
2857d3a927527e8116871ef4abe6cfed15340188,2024-05-06 10:42:01 +0200
ed84ea004542123d5a839be2e1f879cb3eb8f184,2024-05-06 10:41:09 +0200
9cd5977e4e63e7a3b54afd785e58fd678f0aa7f0,2024-05-05 11:46:16 +0200
be305b2910848194160073009859b8f600ba5ed3,2024-05-03 12:27:50 +0200
51061511edd953cc0456b7e2b8e8c7dff7567795,2024-05-03 11:54:24 +0200
7600ba74faef15b4d5593e9ada255e6dc999d0ed,2024-05-03 08:35:38 +0200
032330856631ebeb22718acbc64fb19011f2f064,2024-05-01 20:46:38 +0200
aeb26820a82859323c46f1879bd96f932a3cfca5,2024-05-01 17:11:29 +0200
1757577937d0e9c385ace059b8e8f7f1f75d5fc1,2024-04-30 22:52:48 +0200
8396097711c0443cf743c9225c16db9900dd8dea,2024-04-30 21:35:35 +0200
839f71c0053d2f453fe57fb3592e7d8e9f1f74ed,2024-04-30 21:35:27 +0200
e85884d269555a5608ba4dacc0c1d4e2278c5509,2024-04-30 21:35:12 +0200
e785aa7faa08794be26abe32f11422016ddac490,2024-04-30 16:43:04 +0200
5aa0d3bf27112fcf5d952f208c4b530d3892ae8f,2024-04-30 16:14:39 +0200
96268505b4b9db0df7f866a27c0c25ad0c665a54,2024-04-30 14:45:37 +0200
6f0d9dd47c693dc2aa13a38fab3d56473d925563,2024-04-30 12:23:55 +0200
426818bfe7fa93e8c677ebf886638d5c50db597b,2024-04-29 12:20:15 +0200
a55797d4ac8724befbfa6e27ff1c8591c572bdb3,2024-04-29 08:46:13 +0200
6016110d941ec001f593a7c20bdaff81a131208a,2024-04-29 08:45:52 +0200
9310bd4828736e26caecd1f6e51274fd840440a9,2024-04-29 08:45:27 +0200
a0a6bcfe542518b8fdfb958298e5fb33d4afafdd,2024-04-29 08:45:08 +0200
01bc864b8eb8c4ca4240af85f00f4e67c78c466e,2024-04-28 08:04:31 +0200
1e35bf96ecacd5c5175116f40fa3e097991d04d2,2024-04-27 06:44:39 -0700
646440abf6f1d6a5c06979b5939c33c5a410a7ba,2024-04-26 19:19:13 +0200
21c0ec491d394ff15739d986f3bae460cdd722e4,2024-04-26 15:51:37 +0200
c9eed438165ff0b399c953a00d65507d02d3971f,2024-04-26 15:46:34 +0200
b7d3a7f9d33aae2a85f9a742ed1ab87608283d28,2024-04-26 12:30:16 +0200
c9f775b8063e9af4c14de12659c36a4286e4b000,2024-04-26 08:50:48 +0200
5821efcdd521fa4d0f244500d3edb5e1c9e06311,2024-04-26 08:50:30 +0200
10ffc606219d34c801c2109a9d19d0848a63d2dc,2024-04-25 18:09:29 +0200
837a4aab37233827ec01168bc2b835f3ffcdb4bd,2024-04-25 13:38:23 +0200
f460964e78dbbfbe81fd093d436dca80c72e7124,2024-04-25 11:21:28 +0200
0f11f54c438f946ccf4224f6da3613689f7821bf,2024-04-24 21:37:03 +0200
53261312d6313026dd8c8d202faa87f5f428b27d,2024-04-24 21:11:21 +0200
bfe0daadd5ab1107a721b73cc0e72c3ad76cef23,2024-04-24 10:24:12 -0600
34e181b288464e9ede176b87ee1ecb27f3d3ac78,2024-04-24 17:24:52 +0200
866021d7d34f274349ce7de1f29d113395e7f28c,2024-04-23 12:21:20 +0200
e3b78be9ac32533500136e1a32d7f02efc03bef8,2024-04-22 08:09:16 -0600
a23021d05d882f6c7b621159e151b4b076a7e98b,2024-04-22 09:42:18 +0200
4261e18b7f739a48b1cc38b728bdbd3ebfebf193,2024-04-21 17:10:52 +0200
2510ef861cf135cd11d65fc8b9ee8b924b0ddcf9,2024-04-21 17:10:37 +0200
9664940ae4f241a70bd4759fbe1a9564f7400f52,2024-04-21 17:10:26 +0200
e468d02e4a0d8131c7beb75fcbd3863a568de0bc,2024-04-21 17:10:08 +0200
3ed04c16ec3d89a95ef35d33b0f8a088d464ece8,2024-04-21 17:09:48 +0200
ed2d0410c861c6fcec825dff738d01559f2cd590,2024-04-19 10:43:46 -0600
efa14bfb295e0c06f2c8e115a9f8166b3dfa13e3,2024-04-19 15:20:44 +0200
1f8cad3c71850645f6656df652df523a5d8108a7,2024-04-18 12:46:28 -0700
8136463bd92dabe4c9b677c0d09a30664d584166,2024-04-18 11:23:57 +0200
228fc9b41f99f423d500a236c68216f0203dd42c,2024-04-17 12:01:24 -0600
928888b579c456ceb82d2771c7ab9f07cc73ad53,2024-04-17 18:32:10 +0200
c41c599fe877b676628ce05ff2653401d306c9c6,2024-04-17 13:43:23 +0200
0a4e6e6cfbea532745c8bc1523d221c72768506c,2024-04-17 07:11:54 +0200
dd194b4391b947ee7caabbefd5e992fd92b9c524,2024-04-16 18:10:27 +0200
b3ebcf109a3e94727051908995e3364fa2b89039,2024-04-16 17:37:55 +0200
f761d98a1d53cdb6574aeb84733158924635f25f,2024-04-16 17:37:55 +0200
fbcd142c5dc1ec99792ef8edc1378e3a027fecf7,2024-04-16 17:37:55 +0200
fc5b2b336c774b0b8b032f7d87a1fb21e76b3f20,2024-04-16 09:56:33 +0200
97c5700ff53a4ae0a991231add7e80ab2cae3978,2024-04-16 07:42:50 +0200
78e8204c53286748ca96dd2cb1d5f7ca899f82f1,2024-04-15 14:06:23 -0700
d067677df8cf86bb2161f5dea16a078e99540566,2024-04-15 11:06:10 -0600
e6a1a45624b8bd8246c6ef5601cae046015f4532,2024-04-15 13:15:37 +0200
943321ee6d1a8fd9da4632c456c4507e62b2898e,2024-04-15 08:45:45 +0200
fb657b413e2bb7f6c5e2c78465173df0426d3527,2024-04-14 07:44:28 -0600
dd74dd289e5629c9dcf21ad2915bc922b05d0817,2024-04-14 09:28:02 +0200
47825ffd8b66d851baaa5fee0b55de8081192024,2024-04-14 09:27:53 +0200
2400aa530727585e718ba58e921c6f7cd6277b2e,2024-04-14 07:16:47 +0200
496b32098587d80ad5812b24598c98ceb6625ab7,2024-04-13 21:19:55 -0600
81b3310ab469408022cc14af51257b7e8b36614f,2024-04-12 14:12:28 -0700
1e666578744d26c8f778c3cf276827d111305b16,2024-04-12 11:28:59 -0600
2025e79905488c724a180e25b91b487aeb848811,2024-04-12 11:20:22 -0600
ce7c2c150ce449666cd690612d075fa9893f3118,2024-04-12 17:51:09 +0200
290a6a0c5d6b1fc4cfb738b90d95013315c69605,2024-04-11 14:04:13 -0700
0bc6dfa1bd55c8abb4891f1eeadb6fbc89878c92,2024-04-11 14:58:44 -0600
528b9b336c1d6e8051b46ee48f0388769f5eda55,2024-04-11 12:31:41 +0200
96793bf621524f57e99cd19d410cde734bf588eb,2024-04-10 22:35:09 +0200
81bb0d4c9bfe0c227d20342be5ebddcc6fafe4a6,2024-04-09 09:22:32 -0600
9bb86fa496a798f360ae3353122b7e1e22e0a89d,2024-04-09 10:16:45 +0200
6f4e9c6a68d9b8e344f78624b912d3a8efa7a1f7,2024-04-09 09:55:39 +0200
a351e22b6d24a96e059cd668447db3adaa3ddd52,2024-04-09 09:33:31 +0200
cd707394ddc8cd41ba12bde83ead059716cf5623,2024-04-08 15:12:57 -0600
b3261d07fc687d5df1f0f8309bc5a0f6022434cf,2024-04-08 12:54:50 +0200
abf238abccba3b65aa28247bfe6817e0513c14aa,2024-04-07 13:20:22 +0200
00f46ac0960237324e69401e98caa79c70407da5,2024-04-05 18:14:05 +0200
fab5e18d0db3b6a05ada5e4c2fb9728e21bca35f,2024-04-05 14:04:03 +0200
ba1cd36fbbd92e35bf0ad1667daa1c18be723521,2024-04-04 23:32:51 +0200
07246b10d848218dfe781afe7fbcbc41e6b6b5b0,2024-04-04 22:22:08 +0200
25c909be90d448ebbd070a20726ee2e63f48c717,2024-04-04 14:02:50 -0600
356c6cd3089278349f0bd0ad6a12ea03a291a722,2024-04-04 13:36:24 -0600
319a482aadd96559bfe65ae103e1f7101f46bfe6,2024-04-03 16:22:11 +0200
c65023b1e740280044da034150eacf745147e26a,2024-04-03 15:27:39 +0200
ced897ca699d4e91ac8da6ac26bec107ee64ee74,2024-04-03 12:28:29 +0200
089c9444cedf2ee189f722123075ae0748238e17,2024-04-03 09:59:13 +0200
815b2c649fa51b0ec837a7fa761961820eadfef0,2024-04-02 13:12:29 +0200
ededfcb78f75940265cba24e61c5f9c218d45b95,2024-04-02 08:42:44 +0200
a7f87c7e05b4127c0c0094576896fdf9ecae903e,2024-03-31 23:08:51 +0200
78128283534f13d7fa5146743c0761c14a06354b,2024-03-31 23:08:23 +0200
d28fcf2f746945d93d42d63268564d08c7b13a72,2024-03-31 12:55:18 +0200
a86e1b3bbd4101bd1ecb3cc8551590022f0211ac,2024-03-30 13:01:28 -0700
793c8d05cee9e4a95ffe2b94e31bef5a617e8c85,2024-03-30 09:07:45 +0100
6d6fd0b5e967327967142758c999483ae50f95c5,2024-03-29 10:32:01 -0700
2d76c91d6a27378fe753eb7f912bf3031368e6b0,2024-03-28 16:17:10 +0100
4eef2fe8263f11e8e448a11c4e07acf2cbecda7f,2024-03-28 15:21:31 +0100
783158aca9c0287c4990976dc18eafdfb472ae1f,2024-03-28 11:39:25 +0100
8e6c08e357a7c6024d146e0add958bf055d8c565,2024-03-28 11:38:26 +0100
81b62c78e0c230516090becda7d6040ee03e6a91,2024-03-27 13:46:49 -0700
bd4603529ebb32534c90de377919273a007d1ec4,2024-03-27 20:10:50 +0100
66a0954e4a77da72cb0cf398ca4a9b17208b939b,2024-03-27 17:40:26 +0100
4de819e80b7031b91d4e40c742959a5cbab96a6e,2024-03-27 17:35:38 +0100
15e2a16443038f87ecd808c68a764f14030890c8,2024-03-27 09:33:10 -0700
003cd9477ac2d6226a776110eaf80af8ef422e38,2024-03-27 17:20:00 +0100
baaedc6e041bd0f0dfc7bec2d4f2c67c1db1ef77,2024-03-27 17:19:20 +0100
371a6b7ff7f3a776e1616e90a95ec99c64df1ac2,2024-03-27 17:18:49 +0100
9987314e540cf8b0d4f4d61b561e0ebf273148e1,2024-03-27 16:59:55 +0100
fa80c85007ebf77f59f3bc4f015c1b4bed1b8f76,2024-03-27 08:27:51 +0100
4579b7a1e941780496547f313e6fa07e712b09c5,2024-03-27 00:58:18 -0600
b6cbb528ee38fa990ac9032dc44932060094e98d,2024-03-26 16:58:48 +0100
2eabd52a809fa8c56105b42d552170058fad0489,2024-03-26 15:40:56 +0100
817a5e1be1616af77329965ac3742c14ca3ae116,2024-03-26 07:49:22 +0100
602186bedc7f5be270f9a0cd5c2c15da7bddcdb9,2024-03-25 16:03:33 -0600
83bacf501e116c0923eb6e77bff4500cd3d8042f,2024-03-25 13:01:42 -0600
49a66348f0284076fbbc9a1d57ce5c146a6efc60,2024-03-25 16:23:30 +0100
8311f052caaf1bcf003c81976e227dee94012950,2024-03-25 09:41:45 +0100
857590f7fa8b04212e9ace2efe5f1378ede4f96f,2024-03-24 06:14:58 +0100
33838d5a4870e654829e551a1a2770ff82ac94ab,2024-03-23 11:37:10 +0100
5d58750841d3a35a352fcf99d315f10626399e71,2024-03-22 14:58:14 -0700
c9795fda7105789edc0d1f8a624ceb251dfd4a69,2024-03-22 08:23:36 +0100
9cbc2f43c4a7e3feb15703dd4a0dd0f4423f2ced,2024-03-22 08:19:29 +0100
e769addf75400e9dffb72e7e417bc752f804622a,2024-03-21 14:08:16 -0700
59ffa33e3d317ca2a3b2e0c3ea4a787ae19cc010,2024-03-21 17:50:00 +0100
715140113a1d30dc213e677a7d65a5dbe51dde90,2024-03-20 12:45:58 -0700
aa17c0a3090a0843fd7e3111a5285d6e23d24dcd,2024-03-20 16:30:19 +0100
f8d60ea993c5e87d377dbc07e32cc6d0f28914d4,2024-03-20 12:01:21 +0100
fae0f8140b4f0b1dee20679f98e8be7e9b93a373,2024-03-20 08:06:38 +0100
f425dc7401b268f92778c3c9b2c6abfc7fb661df,2024-03-19 17:05:41 +0100
353e55e24fa751ec877c597b9647bcd75bccbf51,2024-03-19 08:58:10 +0100
f614a3f8b0379188efcc0c38caa486c94c6a52a3,2024-03-18 16:42:14 +0100
7a6143abbb458ae17fea4cad12c2aa86d74814b0,2024-03-18 14:13:57 +0100
a3f8879815138a6e815115578386a1c5f106d807,2024-03-18 11:53:56 +0100
e687954579a487217cbc069eea3ffd0a8a75c580,2024-03-18 11:53:19 +0100
0cdf62f8fd90f0480d46b2b74787e1db87042ea6,2024-03-18 11:02:52 +0100
f79fb3fc188a623dfb989bd3e47ade59a7cbf74e,2024-03-18 09:00:42 +0100
1bc5c7c35d5e921dfc08ab4ce4cfd0404d7a24b8,2024-03-18 08:41:20 +0100
b0a4a907fd8e27ed48ac936f6b8e9f7dce49f9d0,2024-03-18 08:40:39 +0100
82137b9e7cf6ee243eb9895bc44c6b5d572e5283,2024-03-18 08:40:22 +0100
20bd4ca8cb2fdb8e2bb51bb41684d4bf7260d474,2024-03-18 08:39:05 +0100
1c5022785b84ed46d921ab44ca9c03eb02790b7b,2024-03-18 08:37:45 +0100
54246a06a37422a066dec4596c3a0aa888d1f1c1,2024-03-18 08:35:27 +0100
2dd30877885081de966b5d85edc3da31f55610ed,2024-03-18 08:33:55 +0100
560b72344350816eb31f9a165c2947caa7381a9b,2024-03-15 15:24:23 +0100
59d79e773d0bc2061d8ced4cde6917eb4428dec6,2024-03-15 09:50:25 +0100
5e31a0caa360a1a60198a0be6af93b689b19ac19,2024-03-15 09:41:32 +0100
489ec2972e352a701745f0a15bdfaa722ad07f3a,2024-03-15 08:26:43 +0100
969d4ee60f8196d10758d03680bc0157b9d61fa8,2024-03-14 11:18:09 +0100
d6c8358ff26957c9234580addb03a0db1e441c4d,2024-03-13 10:48:09 -0700
8b58277540fb9c5bc1936dcbc1a13793a72a6fee,2024-03-13 09:54:20 -0700
732fbfd516a3dfb2028fd6795f8f564f70e44742,2024-03-13 11:43:31 +0100
43c3397528101859250160f123a0749bae79fb4d,2024-03-12 17:51:03 +0100
71ff8a484dea72172d33d2133184af8d13481a0b,2024-03-12 08:44:56 +0100
3891b48733fd7f98138c0e8988fdccb36af06ce9,2024-03-12 08:00:22 +0100
9c2b8f64128758081dbb882e28f3672948818a3b,2024-03-12 05:47:21 +0100
0432048515904691d2dfbdb4a01f89883f0a034f,2024-03-11 16:52:48 -0700
5f655a323a98a2ee3b04498aec2edeb818766373,2024-03-11 14:22:28 -0700
dc5cac4ac42f79dd9a820d971fcc003210169711,2024-03-11 22:21:15 +0100
5c27843d77e19fa3eeb3472ee9dbc319566429dd,2024-03-11 15:44:07 +0100
1cdb2ebe9b43f75ab8d10649b6cfd28e44c6d906,2024-03-11 15:43:35 +0100
790975ffd07e71cd000cb91d0a8a0a2b59f7f4ec,2024-03-11 15:40:44 +0100
8b8907e091844229f824755648acc94b7a235e1a,2024-03-11 14:56:03 +0100
5ce5c788cba38e5b11745e7e6be24921cae65bb5,2024-03-11 14:53:24 +0100
4e149ca4d1cb3da570d1c860608432379ac9296a,2024-03-11 11:58:07 +0100
a9d6310b8840e78bf3a4d95ca5c91e548b836c41,2024-03-11 11:55:13 +0100
fd7f6b708c12ce8ca7cb72e89fa65c04a686e73b,2024-03-11 11:32:27 +0100
c13c0c94daf9f6abc34cb109a1a4fd15c8a47a04,2024-03-08 23:29:09 -0800
b261edd0c6d820fa0bc9e215aad84bf90bd273cf,2024-03-08 17:29:35 -0800
e447277b6672fd9de95d9cbd183d91982f35054b,2024-03-08 17:25:15 -0800
afb200041b17a3f8cce792848ca3abc2bab9bd75,2024-03-08 09:28:59 +0100
951d09910c8a1d2db21c70b1698785502db705f9,2024-03-07 18:54:08 +0100
80c92cd75e9fc71130c3ae0f847eee2852336368,2024-03-07 16:47:09 +0100
d90ac0019b89b03cf2ba34c3896490af22a5575f,2024-03-07 14:04:38 +0100
c0486eef4d8bce7089f688d95a39ebccd68a7623,2024-03-07 09:58:23 +0100
ad9e4e810043260965b8a55623afb30fffa04391,2024-03-07 09:26:54 +0100
783dbe2bd7546b729e79546adbe846c5e383651e,2024-03-07 09:22:32 +0100
99b1d0ee4c8fb67d457c4d7a03065e4cb63af435,2024-03-06 21:58:54 -0800
f0b3733e0e7071894bdf63133bcc8c00754a1080,2024-03-06 11:09:22 +0100
2519ab43d654927802cc02e19c917ce90e8e0265,2024-03-05 10:30:48 -0800
1ae13b8bf70c51968d13d6aecdd1b4b69f7e12a0,2024-03-05 07:32:50 -0800
05f99b658189e277bbf32a814ee489cf59add3fa,2024-03-04 18:29:50 -0800
bcbcbb263ea7e13ab22d0feb918e207c7e42dbbd,2024-03-03 12:44:39 -0800
45a086b3e6c34949a37aeca1d2c9439dae28fee9,2024-03-03 12:42:55 -0800
1a4f23bc0e6cda520ca815f2a245f5f21bfbc24f,2024-03-02 14:05:42 -0800
f9ad8f3733fb7d6128b4f11705f89ae5d07b14eb,2024-03-02 13:03:35 -0800
08e31ce32d506e0dd95e4710ec9e9afba35efa7f,2024-02-29 17:02:34 -0600
acbf96f4fe5586fc7c7b6840eb19ff492e82c756,2024-02-29 10:37:42 -0800
bb53c3d4e0e27ac6706803c2371793ad2476ae04,2024-02-28 08:57:38 -0800
50af8c070321ce187b0c8654e0bdcd49251f1631,2024-02-28 17:48:48 +0100
c3542e7bdbd2a6c266841cbe41338d8e0f278bf9,2024-02-28 16:07:59 +0100
274fc26a7f2060ea9b52aec409c66c9655274017,2024-02-28 16:03:12 +0100
6a3b2d7c153412b01c746debb018c544516f2bbd,2024-02-28 09:28:51 +0100
bd9c615d5d2fedb1a9fda6eb018017d0cc32f04e,2024-02-27 10:54:04 -0800
8a16a417492eb6ccb1895b4b6db3536ff2a8b67d,2024-02-27 07:20:08 -0800
22401546e95b4da1ee11457d42d80050572c6c37,2024-02-27 15:19:02 +0100
e39ec185d7879c1a310769d33e0b1b6ad12486a9,2024-02-27 09:41:51 +0100
b788b5f9e1d7da1a30cc4ada0509f2febb75b2ac,2024-02-27 08:32:18 +0100
c18cb969f6d62d41d296571e6a193fc636934fe7,2024-02-26 15:21:31 -0800
10ec85ffcab6ac12ecac7fc6df9c3e4139f857b7,2024-02-26 15:51:43 +0100
2d927b0ec7ded6a09f57314ebd05686c86b97f11,2024-02-26 13:58:52 +0100
487ff98cefa3ae49196b9559309c3b78448eb1fc,2024-02-26 13:58:15 +0100
f3817e12819784de279ad4e1a7e1f55e9e636c37,2024-02-26 12:38:07 +0100
c649923570ddf417eb048dfb2916432ffb71171d,2024-02-26 12:07:18 +0100
f14c0e55361f89dc5cfff3640b0e612befaa4d98,2024-02-26 10:54:18 +0100
7a7950e40e4c61b4168681476614ee60934e3756,2024-02-26 10:02:35 +0100
b3c68e5407922b9daf022eaa5d863ab986d7640c,2024-02-25 10:22:43 -0800
56da99b9f908237ce0a9be565258fa10cd4fe88b,2024-02-24 11:52:39 +0100
569c12d7fe415bfba086458b3668f9deadfb17ec,2024-02-23 11:29:54 -0800
00b7d5bec31d1215eeac662ed522675447a5b359,2024-02-23 08:41:01 -0800
d95bd712ffbd3edf6a6bf9b9450a29bee2709818,2024-02-23 17:17:23 +0100
3058e307481f134fade38581b322b9387337ce8b,2024-02-22 18:03:03 +0100
f17922bd785743ae86f4c6a947d14eed05adbf3f,2024-02-22 16:41:28 +0100
0c8703078443a3c73a5aa5a6bd1cf904e0b5ce09,2024-02-21 16:57:42 +0100
811c92075ea4fb1b0734e43e08d7bb1bffd81350,2024-02-21 13:53:01 +0100
e1f50fd3505b48e37f98049f8ea243aa9f1e08dd,2024-02-21 12:15:55 +0100
53ab0e2099fb11350e8f76b039955a597d6bbad7,2024-02-21 08:07:27 +0100
1b6826251b8cc5f688fb7f86b57841abb5693b11,2024-02-20 20:47:25 -0800
eab958b620a0d760c2834788f3780ddb94fcd7c2,2024-02-20 20:35:07 -0800
66e957bd99ff8d11344efda4cb177c2d243eedaa,2024-02-20 10:51:05 +0100
c4d827ef2b6ca5d801e877623195e8ceeae88679,2024-02-20 09:17:46 +0100
5b84f34a5386fc61b17bfe7dc7c1cbe565550958,2024-02-19 15:14:52 -0800
4c5208a42382a2888a76af85eb52b5d69eca6f7e,2024-02-19 14:42:51 -0800
598552e134c2a31a6eb258cb2b071d08f04e079f,2024-02-19 18:08:18 +0100
f5ae0add6ed567e8188cfc8f8c9919c4f01457c6,2024-02-19 10:26:01 +0100
f1459e214493149f30d13e757b91aa18479778d9,2024-02-19 10:25:20 +0100
227553464a172b2df484b847f35f4790594d604c,2024-02-19 10:24:46 +0100
f4ee68710dbd16f67b28b35a7db4041ca338fd1e,2024-02-19 10:24:19 +0100
bff665278245128a71982ba5ac5981a9e71c4509,2024-02-19 08:39:11 +0100
5e139f48505b9b622e2cf389eae2bb74d6420510,2024-02-17 08:16:57 -0800
9dcf8dbc4285ad4ab4c1975562bf93fb04747cdd,2024-02-16 17:35:53 -0800
0316be363bf76f8692da06c870719bbf5114244a,2024-02-16 16:58:25 -0800
1854d08a68c719f8a56dcf9e8e61dbdccbd19346,2024-02-16 09:40:01 -0800
062704283918ae843d0e40b3f279f1482f0835e5,2024-02-16 12:46:22 +0100
212355e13b3a8c40441725a260ae6e69bb1a0a9e,2024-02-15 11:18:48 -0800
42a2c19cec31c626cbff6cc2dfafb86cdf223bd0,2024-02-15 11:19:28 +0100
d32abe8aa589e6c93cdc96dc7ae77ca5369af106,2024-02-14 21:18:01 +0100
fcd0663ca4addd86501f287b147cb70b544c3b0d,2024-02-14 21:16:18 +0100
6d0c5d96daa692ea0590ac97c84d19d4ddc8e0ea,2024-02-14 21:15:32 +0100
8991c1a91425bc864772abec9e0af37421b0616b,2024-02-14 21:14:26 +0100
9bac5c490c368cbdf70e4e5ec1883e98d8ca903a,2024-02-14 21:12:22 +0100
50fb4004d299737fcbae6526e1743dd197c9242d,2024-02-13 12:20:19 +0100
053d54172fd903be9eda78957f3cbd3aadef1f7b,2024-02-11 20:55:48 +0100
622d1a09d5d7d0989a784feff7d585a951ca006d,2024-02-11 20:53:21 +0100
77363ce14739a0dea5e4dbf6f2eab897beb89f43,2024-02-11 20:52:49 +0100
12bd9d0055b1a841b5fbe639f66ea09e00a6a12c,2024-02-11 20:35:12 +0100
5f577f1b9902ffe6181897a439686a31fc81b89a,2024-02-09 09:33:12 +0100
1272145686a3edd33eb00042840020f679ffb284,2024-02-08 19:28:44 +0100
90d1c90b6e6f26fdfe7c0c6c09a1ecb2fc2b3f2a,2024-02-08 15:47:53 +0100
44eb00daaa654e4b286e8d99bbbf8fd6fd283a56,2024-02-08 12:35:16 +0100
3b8fd904ea6c3b0f81afdae59b17ab12e45c5faf,2024-02-07 16:54:59 -0800
637a46569da624631719365ec64caf0eba4a505f,2024-02-07 15:18:06 +0100
0cab58b04f4c86e556ff2f4aea7a9dbeee801ce7,2024-02-07 10:35:35 +0100
4446e4f0abe5c040712ea103594ec31ad8ce902e,2024-02-07 09:44:23 +0100
40fbd8dc5cbb47ba2f2bba0a771bb7c0a0d50a10,2024-02-07 09:43:41 +0100
97e9b3e775b5587eee5281faaa8a498641f57595,2024-02-07 09:10:52 +0100
8a47f718959d4a17d409e8532c01d303dc8b2fc9,2024-02-07 09:10:22 +0100
2a39af894f4f00aa37922ef765cc2583517fa1d1,2024-02-07 08:32:43 +0100
3c703ccce8fb083a8c4c0084c059a60fd1635094,2024-02-07 08:17:53 +0100
5d3be12e0d7e94aa6a63dfdc3cc7a7d712f54427,2024-02-07 08:13:22 +0100
9f979a1ff187ebd69ef3b027d857ee697fd9c52c,2024-02-06 18:17:40 -0800
3348d88d96e41df58259304d6362f19a50f65f53,2024-02-06 17:27:12 -0800
defef48e21936357e0921d1738f211bb32e85e49,2024-02-06 14:57:07 -0800
af46487419d9b5beebc2b8b78642987970379073,2024-02-06 20:11:50 +0100
a130f8f1c86fa9cf37047bef505f8a8db2e9bbc1,2024-02-06 20:11:11 +0100
dd0ac5bce409fd02c0b04039a3ba13f9404b6f5b,2024-02-06 19:56:10 +0100
b89c395ca743a8778957a56befbbb4ef3d18083b,2024-02-06 19:55:35 +0100
4751a37672d4c2cdaaa047a728261baafcd38807,2024-02-06 19:55:20 +0100
e61b0e51e151fb64cb5e39b49ea47c0809c3f84a,2024-02-06 07:48:51 -0800
396a8441c4154500733aad87688d9511f88ad9bb,2024-02-06 13:21:57 +0100
4835549ac39165fc7e44337b03a081d390e64711,2024-02-06 11:40:08 +0100
24a1480f80d248ca79ee2ea97878240b6dbf211d,2024-02-06 08:52:16 +0100
b6c3f8f2ba9ae3e5c92a09496837239e27f79311,2024-02-05 17:08:00 -0800
c745ac3b6a3b2f24ae5170aa18f9eeec7cf3cbc7,2024-02-05 10:33:51 -0800
c4cb0fb9993d6743d81a232def6801ea7dbbe176,2024-02-05 10:03:56 -0800
67a8f01bff801f42be5cea303cf26667cecf4d79,2024-02-05 08:34:21 -0800
c34efa0687f74794619d744f875305401df11a33,2024-02-05 17:22:34 +0100
a1e9e58c0c98bb7f001d70c2cbf5bdc493dce25f,2024-02-05 14:56:07 +0100
c516fef72d603c6122f34d0fca286e0ceaad78b9,2024-02-05 12:38:56 +0100
a2c23a762233582d3779c6e5bc49d9bfbe1329a2,2024-02-05 10:35:38 +0100
4a3e06bd963a6cf40128b635c193447a4b4a4bf4,2024-02-05 10:34:23 +0100
d5e00f1022f2e85572bb02e3e2d2b651612958da,2024-02-05 10:16:19 +0100
9921937d8285dec9a19fd16b0cd82d451a8aca9e,2024-02-05 03:11:19 +0100
f8a4a74584f535d41c21d5cac4457c603eb448a1,2024-02-04 09:30:03 -0800
fb02bd2d713c9bef8b8ccee334f6d65087c344b2,2024-02-03 12:42:58 -0800
f4ba90d648d1ec692134c43fc24fe389aa687d5e,2024-02-03 12:40:45 -0800
49986b7d6567818500b96e936f490be19884d6ce,2024-02-03 12:29:14 -0800
338c0b83d03ad41766708b355fb37ed7c21c2a4d,2024-02-03 08:22:41 -0800
65a076dedae2e62008ce64c6094dd519d29ce500,2024-02-02 15:24:55 -0800
aff5b39a7dddd22790b6ba47f514860c53e33c00,2024-02-02 15:04:40 -0800
770342cb5319f177657439075e0f0b4bcba58632,2024-02-03 03:01:25 +0800
0f11340bfa6143ab85d16780149b5892c54f277c,2024-02-02 19:13:51 +0100
07c4345bbbd4deefe722bbdfe627f26998b3bccf,2024-02-02 08:14:42 -0800
d1e24f4c9571ab7fba66d692cde28188f265d34e,2024-02-02 11:26:12 +0100
756fa6894a8f87bd0d5213c2bb86ba697ce7f655,2024-02-02 09:43:50 +0100
2c247501c4700ebd3c3e1349aca2ff8c9ee840c9,2024-02-02 09:39:37 +0100
f8a4cc225db96a50088d2fb3693fa91f783d8f26,2024-02-01 16:07:43 -0800
ed288987cce5e2f8c3bea99bf903a548bcd3b29a,2024-02-01 21:55:49 +0100
6bbf70a52ebccfaba4e7e08facd72b84b571e2a6,2024-02-01 09:55:57 -0800
3547a99d05d892c87a240475ef577abe632eff35,2024-02-01 09:38:05 -0800
9a0191e8de151864f27de00b30d6d1bae634a534,2024-02-01 09:36:42 -0800
e8c197d360ca75d3be8f9c886615a196c63d36c5,2024-02-01 18:34:25 +0100
daaf5a1c873e38938634156df9c8b6568c404874,2024-02-01 15:29:52 +0100
187be85319db069fc052f5ee1a06f1fb2489bebb,2024-02-01 13:33:21 +0100
66d4cf66e2fd3f53ce4c1f0baba335ad4f968c26,2024-02-01 10:11:19 +0100
a05cbcb4b8b531c94d5f35d5abcebf91a5da5187,2024-02-01 09:53:10 +0100
9c8e9ba67f41797ded61c11fa90af2d8df0da1cd,2024-02-01 09:20:33 +0100
61532a042adcd2c916b62ace533129e9e7ad3128,2024-02-01 09:07:56 +0100
974bde343f324988c5d9095b9f65d7a101d9f7c7,2024-02-01 08:46:49 +0100
9de693f1e7f46024f47cdc971d8603fd76d87705,2024-01-31 09:29:43 -0800
26d62c06bce6f50d46f51860f0014bba2f9538d2,2024-01-31 14:11:20 +0100
8138671ab1e5998b70c4b26806380c5b39740d63,2024-01-31 12:52:37 +0100
0536ff39896f70afb77d3670894369c2d177980a,2024-01-31 10:30:02 +0100
d5a9d34edc5fd944f5c45b9667ddcd8eab33fe37,2024-01-31 10:04:08 +0100
f8866bf38e9997dfdea454f3a19c036831277e55,2024-01-30 19:12:17 -0800
a25f77d1cd04204efd2bc3ccea5d62f0d34b0d90,2024-01-30 12:30:27 -0800
ac46000fcabe6b4d8e46cd1b4027db567ec443d3,2024-01-30 10:58:01 -0800
8b429a286db27130116c3cdbb9501e2cb0bf3b91,2024-01-30 10:01:06 -0800
7f5e33dd03bd7db817def57b9c91e759be906491,2024-01-30 09:57:01 -0800
2af18b318e57f4a8c254342828dc7ade5fa6e308,2024-01-30 09:54:48 -0800
d295a45f07ea9af37aabd1afacd64755d0e84f82,2024-01-30 09:18:03 -0800
adec50c01ac7d8dfc2c72003305425c4a68f300e,2024-01-30 17:57:45 +0100
e5dc5ec9675950ae763b1c5813c2e9e8daa2769a,2024-01-30 09:22:37 +0100
3be1939afc01c5032590cf31074389bc1b320141,2024-01-29 17:14:34 -0800
10ee51630ff4925b655c0379f7929faea08c7329,2024-01-29 11:39:20 -0800
54756b6f5c653be2ab271bfbe262e77109bf9608,2024-01-29 09:09:51 +0100
fe422919074eca69ab45e3dbe5fd9fa48dbf3245,2024-01-29 09:08:38 +0100
f901ad20583f7dcf6801eba41e7beb4391e89b63,2024-01-29 09:07:58 +0100
6852278d6cf01bec2998be954d7bd6f6cc37cc94,2024-01-26 21:30:27 +0100
3f6e377a1e994714bfc41c75d9aec7bdb85c95a9,2024-01-26 07:44:01 -0800
83408f88830b6e9276095dd8ff6606d6a8037946,2024-01-25 16:45:40 -0800
17757276928e87e78314b6c19c8b3ebad9612619,2024-01-25 10:45:57 -0800
200b9c16b6f8d5fecb15556c8804e5dd521aedf6,2024-01-26 02:33:41 +0800
fd1cf49280bde07d67c6bc1a6ec60238e1e38f7f,2024-01-24 08:23:38 +0100
3d66e9dd5cc9473447ad3416aeb2c5957992adea,2024-01-24 08:20:15 +0100
20ff1ab33d2e032feb845eb2609bd6eb2c154f2d,2024-01-23 07:58:53 +0100
18a9ca7624159e12437ddd540a9726f5ac5f4b35,2024-01-23 07:58:26 +0100
70b7aa534b2c79ccd7b6c0e0fd1be980772bb20a,2024-01-22 14:56:43 -0800
0f509d2d678db2d7322dafded58ec0ca6d7fb268,2024-01-22 10:00:21 -0800
26efa7a3e62866c253a4a4935f14f00dd19211d8,2024-01-22 09:21:57 -0800
556b79893c4cf760f031258f0d8ae657e42b4443,2024-01-22 08:41:22 +0100
3466ae02ee48a7fe6d4d315cb40c6359f5c0fabb,2024-01-22 08:40:03 +0100
a847921487c29d275a4bfb2e1e8d01840e790933,2024-01-22 08:35:34 +0100
d740347343a4e03d747aeedc307c5d505415707c,2024-01-22 08:32:40 +0100
77ee577a84e49f6e1b103b3f60f585c7b4e46338,2024-01-21 18:25:43 -0800
e32df0ce08086758c44e9174c582638068244073,2024-01-19 22:14:26 +0100
b1db17dcf75b8f77e44c32908bcf385eb1990431,2024-01-19 09:34:01 -0800
e9f26b13f417cb48da83791b700433149f608e5d,2024-01-19 12:09:27 +0100
cd0f30e533ad25cc6736dc3cbde26181d32353a9,2024-01-19 11:05:05 +0100
fbea7078064039bb7bd89c54fdbd61efff857feb,2024-01-19 08:07:07 +0100
78140123790450066ec15690477b62883d7d182e,2024-01-19 08:03:02 +0100
1e3b38eb73804e7901e2382c6fdb0dd3d3a77eda,2024-01-19 08:02:01 +0100
008d1731cb0d9c2dfbcab640633651dc920953ea,2024-01-18 11:35:48 -0800
02836eaac8c8cd18f9998d0ae4411b09d3649e1a,2024-01-18 11:10:53 -0800
b6cefe5e1444645b2d29010be3167161e2aa093a,2024-01-18 10:49:05 -0800
057f8877136276b3a0c8c01551f733e804fc42a3,2024-01-18 17:40:34 +0100
6e7702dabca4e037bb1ab434d6f4a8332af589bc,2024-01-18 08:10:49 -0800
5963b0a5c2b3efc6a925b4d3a3cc683a76c88b7e,2024-01-18 15:06:19 +0100
97a9a082c1c5e76280dc391f25b17a25f949219b,2024-01-18 12:25:34 +0100
2446cee5cf0ad93a2be9a68f0b2f7f6fa6edb865,2024-01-18 08:31:40 +0100
2eafdb5bfa834e76d840a0ec65483552d4847a10,2024-01-17 15:47:42 -0800
d4056530d27864adb6cf141d85c81adde46c7b28,2024-01-17 13:02:47 -0800
66b1aa662761606d4d68d99371c62505e7ac2f1e,2024-01-17 14:52:46 +0100
fe004c5bfe26a7bfbb3d7b400dc4376420168c58,2024-01-17 14:50:02 +0100
99958d96ea97b05e8605db205f94bd777e88f195,2024-01-17 13:16:34 +0100
b3273276fa4bac384b2429b7218fd18b242beefe,2024-01-17 11:37:08 +0100
5fce05e8c34b8eb79c2cfe54bdefdaadd0004907,2024-01-17 11:22:21 +0100
1da80552c06e749f2b6103f0ab0a184bb77a841c,2024-01-17 11:14:21 +0100
31d18f51b9e8590f7ca316463b080bd1153e8f9e,2024-01-16 12:51:50 -0800
36841521137713d3962bb08a5d5df6490c8ac466,2024-01-16 10:26:22 -0800
684f7a767c2c216a402b60b73d2d55ef605921a0,2024-01-16 10:21:26 -0800
bb50ab97d377476bfa3a743448e4afabe619e764,2024-01-16 09:55:06 -0800
13d2160bd00e08e1e700a980f2a3e64017211bb8,2024-01-16 09:23:54 -0800
7dd01a367b220843773c730363d82091fb42d9e2,2024-01-16 18:02:05 +0100
fac03ea3c0d8555d85b1e85c8e9f6ce178bc4e9b,2024-01-16 17:35:07 +0100
8845bf49f343eb4c1e8da9b54351d9b02e97269f,2024-01-16 12:54:49 +0100
2cda2b9a4c975e40d102d6c3e734cebb186e393a,2024-01-16 12:39:44 +0100
581e03713c2b397c2416899fdf1e433540aca3d3,2024-01-16 11:47:12 +0100
a60ee5d6833c648ddc7d3d0d7f52f6c705e48d63,2024-01-16 11:42:25 +0100
13e108b370716f1589f7df1177ac3c88415ddbf9,2024-01-16 09:52:22 +0100
ea30d363e077763524c2f943ff1b1c5fe65eb295,2024-01-16 09:49:43 +0100
8018ab844bd58dfc5fce585c0db507f606aff4a0,2024-01-16 08:51:59 +0100
bc7e56c2e5e9c5a3b97e599ab518c77d65014db9,2024-01-15 14:51:03 +0100
23e17ce665031557f4fc918e2fcff9c18904dfb1,2024-01-15 14:49:08 +0100
5a1b0d1802e17f92df7c7e98e1e4e7c1486bd37c,2024-01-15 09:15:17 +0100
4b6f5b7b87deaad8fa8999f604265d96ca7122d2,2024-01-15 09:14:58 +0100
16ac3edd236024961e3c68ed245d411c0769c120,2024-01-15 09:14:10 +0100
e76988b1aa29c3cffca64dc36ccebbfb1c670561,2024-01-14 13:29:59 -0800
a3d87e2368e56a33d7284f83c7ae64ea462c66d8,2024-01-13 15:11:10 +0100
850cd5c3bcaac86b392d8ab9fa586f355f6e2d76,2024-01-13 15:04:45 +0100
8109e420e6d563a73e17ff23c321f1a48a2b976d,2024-01-13 07:15:55 +0100
211f5d550b1d505d0c2da1e190551919448e0605,2024-01-11 16:20:50 -0800
53a1c8671dd1b9b93f4a857230008c812d79ddbf,2024-01-10 17:05:08 +0100
d1a3c104501d2f4bd1fb46cdefb0073d8fa3a227,2024-01-10 06:07:38 -0800
c6a772618d91f20820015cd7ec5cf6cdea454acd,2024-01-10 06:05:03 -0800
4d34398cfd32465222f55df522fcd5a2db59c92c,2024-01-09 18:22:29 +0100
9bd5deccddf63537fb1e34788e7c16c3f1fda6da,2024-01-09 07:04:59 -0800
d9498a00dd1d3f0a5468b4b7c7da84750a7636f1,2024-01-09 07:04:59 -0800
bc6b6e65ee221fc4c4f7f72d3585b768f7beeecb,2024-01-08 16:44:08 -0800
3e47855c2a7bccdaff9e9b25056621d03f6110a9,2024-01-08 16:39:21 -0800
e16bfcffc9c1d57bbe331aa9d545919711a9dd6f,2024-01-08 21:14:06 +0100
13e1965af44a652d634c54ffe3e2d3739a40eceb,2024-01-08 11:40:29 -0800
be155d70ce1707cc9e70717373986620c2df5345,2024-01-08 04:19:53 -0800
c87a53aab9222c4345955854795dc40b5c884bd4,2024-01-08 04:19:08 -0800
4a996783697faa1c0bd6b4fc6ceb97260f6aeb7a,2024-01-08 11:08:07 +0100
12f6d0d0a35522915f5a8da73973403fe12cb01c,2024-01-08 09:51:52 +0100
2101ac2e5528049688d4ce3ea2b4db861ea3c78b,2024-01-05 08:21:31 -0800
460282433756620310fd346e519b18b74a745305,2024-01-05 17:18:20 +0100
c416c298943c9c21928e71f37662b8ffbe11b56b,2024-01-05 13:12:25 +0100
0bf2602a7a79ca9d525832f1e72c99b053d6b2af,2024-01-05 13:04:01 +0100
12b3ccdd008545dc6c9b3c4fc1a4ea15aaa385a8,2024-01-05 12:59:07 +0100
b7e3e21bbb53814c3f7418ba55de0c1d5eea57dd,2024-01-04 13:27:57 -0800
996cd5b53a667fd0a5e6f58b94beae531fad038e,2024-01-04 11:38:38 -0800
1288eb8e33304e2c5dbf7ea78de9f51f422cfad1,2024-01-04 08:55:11 -0800
1a9c3f78f5e2d0b831aadd4636eeb70975463e78,2024-01-04 08:38:18 -0800
6d75e7a76ad3aeac702e0e5f62267da141907606,2024-01-04 15:27:26 +0100
4ccc29bc2f7115f372baa5c6ea04fafb41db8888,2024-01-04 13:46:44 +0100
27e8c421358378bd80bed8b328d5b69e884b7484,2024-01-04 08:40:23 +0100
be4e7d20874d6576ac5a4fd516c815b2548181f7,2024-01-03 18:54:17 -0800
3aa0fcd7cd3e0d1836395ca02ba473da71154fe4,2024-01-03 18:12:08 -0800
c19318e6865f21c117ddb67df23da80984b52b44,2024-01-03 15:16:34 -0800
8c7001eb462a69641b3f0546b7efeddb63e501be,2024-01-03 17:53:34 +0100
38eb1b18b069d855269ecfe26fe351b79116139b,2024-01-03 09:11:46 +0100
e7999a194dc0f32fba8fb515c9108764ed6ba6b5,2024-01-02 22:26:59 +0100
ad423142c4d3d41b9423026cd99f8ecf1156a24b,2024-01-02 12:52:59 -0800
580e7021ab4701764c3fcfd6c3e5e8f73f405992,2024-01-02 08:41:22 -0800
7ebb241232e7a88f30257fa657f44cfe268c8a95,2024-01-02 10:24:32 -0600
604422b056efee145f69944c39b4d99787dfd9f1,2024-01-01 11:03:41 -0800
a8f468d6ddd0e031d41f7d07ae710511f96cbf36,2023-12-29 10:52:25 +0100
22d4e7836ac0bb47bed627e7c773d44105b8f0f8,2023-12-28 07:52:21 -0800
6c344dbbbe0fc1e373f588a1bbc4c64029cc7f8c,2023-12-26 11:46:47 +0100
cbb50bfa5ad8cd490e991ff4e1d7bf7c025e3d5d,2023-12-25 08:26:52 -0800
197b61e756155b95f6c889e7718bf1c2af70af7f,2023-12-25 12:52:48 +0100
6f4e33ec222299efc19f1bb75e782f058f5d1131,2023-12-24 19:56:00 +0100
226a23f516bea97c1cab52a7ce2213844ca12c63,2023-12-24 15:09:18 +0100
c8fc591cba1dbdc8ba24f8f04071e93fe7802390,2023-12-24 11:08:58 +0100
c83308c118370c079815dc155c3998b4df49c07c,2023-12-24 11:08:08 +0100
1fb47316fedd81449c5df69a5be7cbf8075877ac,2023-12-24 09:17:26 +0100
23fc3a36eba76b3b0325c62f0d9c07ed4af923f9,2023-12-24 06:43:22 +0100
19b24b3f6f2e08bc95e929e75ea218eff90b5a87,2023-12-22 15:28:15 -0800
4f6c5fc6403de9a4843f54b58fcd371e1e206873,2023-12-22 14:02:39 -0800
58d3ad39d5978ec9a2e14fea668c2832edc44e32,2023-12-22 17:08:40 +0100
a077a2be318b6b21c849ba7754987604c728715b,2023-12-22 14:35:59 +0100
3d53060e2868da4bb9eb939e6f492e6fbcc9688d,2023-12-22 08:37:04 +0100
bfa8006e57db8758d49f31d4ba7b06a8e924e163,2023-12-21 13:01:35 -0800
a654bf920a24ece5026309d4e26f9c71b5136bc5,2023-12-21 08:07:37 -0800
2eea697297a4c724a950a4bdc9dd29822ea90d8c,2023-12-21 08:32:33 +0100
c340915b054b8b1ae1e03a2a5f0214a0d8853c7a,2023-12-21 08:27:39 +0100
a83bfe72ccc18ec6f22621630b6dbabaf4648064,2023-12-19 12:59:32 -0800
980733c2e1eb10b6e0d2ac6643490a827c806c28,2023-12-19 18:05:17 +0100
c2018f894920ff6c50190c2b4ee113a4b10fb15a,2023-12-19 07:13:58 -0800
838787e296b502740470ce70f68bb27af4210121,2023-12-19 12:53:04 +0100
892e47cd329b271517dd6ac5cf6b2591092b1146,2023-12-19 11:18:57 +0100
5fce7ecaa3094c19d86e9243cf0d2f0d8537c65f,2023-12-19 08:58:12 +0100
97666096e8ad3fb46d23ab8c868197be08353c67,2023-12-19 08:21:24 +0100
b1bf4168c481fe44b98ac6e425d7b15c02b44464,2023-12-19 07:19:03 +0100
d6eba2a2b6ecf76dc11910d88febca6c4833338d,2023-12-18 14:19:26 -0800
6e21bbf4c4cd2c8351a64636f91d05d00492dff2,2023-12-18 21:05:01 +0100
ad3cf9d813e943f5f82a312ba028d7bf31d7b033,2023-12-18 20:49:47 +0100
9342f64a713ed4a1c540046ae5db91b3ac86ac02,2023-12-18 09:13:21 +0100
24578a28fe69db96da460ac49eeb1a60fee7b8c7,2023-12-16 10:48:55 -0800
395e01e65d88953ced40a24bc4f53094f1a29a77,2023-12-16 10:03:53 -0800
d6a4ca7a33b7be3426ed119b1fb1529a160613eb,2023-12-16 09:15:35 +0100
8181f84c96e6ebc66910e3c74c1d1b91fe28f01c,2023-12-15 12:58:35 -0800
d56dd63f8e26fe08025933f33176599703013844,2023-12-14 15:32:21 -0800
8572c56e8dce17b9cc3d7ee05a61fdcc8b707021,2023-12-14 17:38:13 +0100
5487c17474f5ed2b507af369e3540fcd46aff9e2,2023-12-14 17:22:04 +0100
09290c58c5257078641367a76fa3c12aaf1ebc9b,2023-12-14 17:11:19 +0100
7a421206d54fcf39d99bd41c3ab25a89051ed028,2023-12-14 17:02:42 +0100
5e62e478d8eda41fc46f441717e4a43e33f2cba1,2023-12-14 11:32:02 +0100
c6bbbdbc11d42713c86dd52185f577b81d946963,2023-12-14 10:56:53 +0100
46df2ce069dd03bfb81004d663c9000416896426,2023-12-14 09:17:36 +0100
11608e10245875ca2972c1dba1c92182c16ec887,2023-12-13 10:42:24 -0800
7240752e18278b3454be141c2e4b121079004d8b,2023-12-13 09:48:29 +0100
60876e4a925537780fc2198a21fbf26dd8598d36,2023-12-13 09:41:16 +0100
3112ec91617ef080604f47ac92c255b517458522,2023-12-13 08:59:25 +0100
d631e2c3858b29c79acf00406a851590031acabd,2023-12-13 08:49:15 +0100
36ecab4601b34114224e10b579eaee9018e57344,2023-12-12 10:07:46 -0800
09b44bb66f4b56bb093a070dec9fcedea98d67ab,2023-12-12 15:09:14 +0100
0c5b87a27e0564ddaae2fa1cb93c32dd7a5e8681,2023-12-12 10:17:08 +0100
b309d9babea9bd58e54f9c8597a8853379751c2b,2023-12-12 09:21:52 +0100
f21199d002c6ad008a6772783b4fdad622c09b59,2023-12-11 09:50:47 +0100
492018902cd044adb8bdc312f01d70a4a63cdcc0,2023-12-11 09:13:52 +0100
1b953050958f7df9d299f00f76465e2336336c9f,2023-12-11 08:50:04 +0100
61cf766c4301b44fd077ee5487b4f605f54905cb,2023-12-11 08:49:27 +0100
4090a8860061f58748e3faa6804094f90d3575f3,2023-12-10 13:57:32 -0800
7d06af33ff787c86e0edf14856b6873021e8ea45,2023-12-10 13:52:07 -0800
0331aba1a3ea5853d320b3244bb096fc9eebdc55,2023-12-10 11:05:20 +0100
ce9186f6bc5dc1fdcce96775898e4b3f9e769ded,2023-12-10 11:05:03 +0100
d3deeecd8133e8effc0eb59562808a6b7b7279d3,2023-12-10 11:04:45 +0100
06894dbc5407b59e07aae9c56ebd904bb5388cf5,2023-12-10 11:04:13 +0100
ec92fa33f780d48aa1f0a146428cd26e1c9bdbcc,2023-12-10 11:01:33 +0100
1b80537e821b7bf901a5b221fc3bfe53c8d87794,2023-12-10 11:01:19 +0100
5e03d06d27dfb68dc931197533825f7992a411b7,2023-12-10 11:01:05 +0100
2c31acc8aea7b807c91623c21c7fa2d979462021,2023-12-09 11:12:33 -0800
21522697c42cee3bedd758aa399b9530b001e30a,2023-12-09 11:12:33 -0800
4d0b69beba104e6912f6e6850189121fcd23ef8a,2023-12-09 09:06:32 +0100
beb41b649c47ec8bf677127b3cba1bd9690e1aac,2023-12-08 12:57:44 -0800
62a23a37758792b31e2590bd7d1aa46da1074512,2023-12-08 12:52:29 -0800
504c13428cd4ad4d343c644736b957d7f2653b37,2023-12-08 09:18:56 -0800
3f5f4d924be94c6f06793a3667c8da95c52c4064,2023-12-08 09:20:26 -0600
feeaa8c73034f60f1ab55d0db763fe13fa3c229f,2023-12-08 01:22:36 -0800
263b530502e5597b19b6b5e282917af8eede7600,2023-12-07 15:34:27 -0600
b79a8ffce3a95e5e67a4f926ee63d165153e1c54,2023-12-07 11:33:20 -0800
22b95dc70eb46e82a0d51fd4cfb71ad4cbdf946a,2023-12-07 11:10:22 -0800
274390f3d65d9f48b26e3c682225d6f9edb35bce,2023-12-07 11:10:22 -0800
b8ef64a2cd879cac284189455ab0579c5be80441,2023-12-07 11:10:22 -0800
820fc3ceda386149f42db8b54e6db9171d1a3a6d,2023-12-07 11:10:22 -0800
d9295903abbabbbed77e12476aef62ae5260663c,2023-12-07 14:21:35 +0100
ea7665e788cb33507e6eb19eddd4f0c24eb92983,2023-12-07 12:34:21 +0100
af9522ac7e8e25dc044622c566b66301b6df9581,2023-12-07 12:11:30 +0100
6a9d3c77977baff4295ee2dde0150d73c8c46af1,2023-12-06 17:31:50 -0800
e276753290dad4cefcb289b925d12d7287fbec16,2023-12-06 13:20:10 -0800
d69ba0568a2e07dfb5af233350ad5668d9aef134,2023-12-06 11:22:13 -0800
70ec4e5ead8db9bd946c44731192b47862bfdeea,2023-12-06 09:36:33 -0600
a89fc4646ae5e328a2ccadb98d41b79632afcf3b,2023-12-06 09:07:46 +0100
367dc8b1b94fd8cbae2b5e4da5d01225e717c49b,2023-12-05 17:27:42 -0800
8e1900dc9ab917cd97a41e7145166a8c8a4bdfc5,2023-12-05 13:48:30 -0800
faa8b5075cb70d1cebea54700e39f038c623f08e,2023-12-05 13:13:33 -0800
d80d7da3d0a956e1b6aeadbe26e0cb3f3ef2fb25,2023-12-05 10:04:47 -0800
8b7a280a9fd0b51eb43538fbb9f6879d1c92de18,2023-12-05 18:45:02 +0100
7b12a4171e9e6b7829e7a66b447fc15cada151fc,2023-12-05 18:44:06 +0100
68d491e6a344a0e081cc784db28dec60670d4d36,2023-12-05 18:27:27 +0100
8519224de33b26cfd7c539ffe6f123ea66165711,2023-12-05 08:48:10 -0800
afe4aec4db795f4829757d738a5bbcf1b7db8fd2,2023-12-05 08:14:09 -0800
f19643a93f5dac99bbdbc9881ef19c89d7bcd3eb,2023-12-05 08:03:47 -0800
b4c050bc9c425b7b614058f420ba79b99db5d75f,2023-12-05 13:30:25 +0100
cbd33a6f626161bd1a4f0894a9dd4d96aed1a35b,2023-12-05 13:08:48 +0100
a4d47567e1fef44f4443250537f09dc73a1f7583,2023-12-05 12:03:43 +0100
99843f03efecc3f5ef7d3e1d32aae5eff22cb315,2023-12-04 14:46:37 -0800
1ed1b4ba965462698ec24bd2920d29195e2acae4,2023-12-04 11:39:27 -0800
9bd62f79f8cd973c39d14e89163cb1c707470ed2,2023-12-03 18:15:20 +0100
09a8ad5c391d4e1b1027a02b7e2d366d0ff56fc2,2023-12-02 13:16:07 -0800
de2505027e82962fc7c48623c9e1a1e85a596f1b,2023-11-30 21:06:09 -0800
ac71ceaa8d19405da4a4018a90ade8717c2a63c8,2023-11-30 21:04:38 -0800
d247b20f166ccb0b92443d4b05330b1e0d9c5d49,2023-11-28 15:52:55 -0800
d2ab70927c9509b10b858845bfac8c4ebb9acfec,2023-11-29 00:14:28 +0100
5e059c1bfb664cc1880883425bfd68b2a8df3190,2023-11-28 22:59:44 +0100
5fb26f8394b8b0b286aa0c7bb49426d6a21282e8,2023-11-28 22:36:43 +0100
b21a8ce2497eb560feb9ed771a1e28ca57d1cf60,2023-11-28 10:41:38 -0800
4e62b58f04aba4ccc2a2a846494b478d3b03f58f,2023-11-27 16:41:32 -0800
6fc5be738d317eb1e8a5b525f5b8e40841dee678,2023-11-27 11:24:39 -0800
f246614ed9d98f84eae13ff57768d377a95d3ced,2023-11-27 11:16:19 +0100
1a073ddc47d53c005adcbb35399da6255123b652,2023-11-24 11:00:29 -0800
10a856e0f4e6bd1653ed66a5ba232277834b9a8d,2023-11-24 17:57:04 +0100
b20d30ca04ddc19e440036b0c554f0b16ec61a1c,2023-11-24 12:30:04 +0100
c427a5628be6f1b5f2c4783c36c3cf7783a1916b,2023-11-24 07:55:52 +0100
c817c8503d8570ed5b8a187471e02a0895f34598,2023-11-24 06:46:39 +0100
13fcf62b871dfec1b5ff09c1df35a5075cec328a,2023-11-23 10:12:26 -0800
c1190990760509e40dd8e10092196a569d684f1b,2023-11-23 12:05:44 +0100
0831eb03b09cce2d09dd62da829323004b41f423,2023-11-23 10:40:33 +0100
229a243ddad20a725d9f7e4446ce8bb3fc2c9a53,2023-11-21 20:53:23 -0800
c61c3ca017aaec145f57948f0da9cb307bf45cde,2023-11-21 12:20:41 -0800
42614cc8d6527284cb45800b5b37e6a98c466ef6,2023-11-21 08:25:56 +0100
506cdbfd5309963d84094b58cd58a4d6c97a3cc5,2023-11-20 15:08:59 -0800
7320899deab780597c101beddc8561adde7938f4,2023-11-20 14:06:54 -0800
3f90a23c1a545a5cf091f74c3f6e96f53fe41869,2023-11-20 21:42:08 +0100
f8d21116b1990ff0f7d7960a0f41f3a807756141,2023-11-20 08:38:33 +0100
c193de9e8f6ef8195506eeebe4a3721cf9884bd9,2023-11-19 15:56:55 -0800
04d1a9d85e2732d885c435085e53b7fc7318379a,2023-11-19 10:40:46 +0100
a3bf0c7e328a8d514c9918cc80cc775169d6b53b,2023-11-19 10:40:02 +0100
573f3f30da1d9739547f8f98c4a0d61613d26412,2023-11-19 10:39:44 +0100
9e94dc85764dd1321c9782a2a0d834a9bfd84b7d,2023-11-19 10:39:06 +0100
8c7ebeee82b59904753fb6eab61a1e28e9852ae3,2023-11-19 07:57:53 +0100
b6b5d4473f7ecbd0961caf528728ef024f70a927,2023-11-19 07:12:36 +0100
e69418ae8d6d041acae0af4fe59ea3c8b8f8705f,2023-11-17 18:34:25 -0800
abbfdae108dd342191dcc685021edbc0113fe302,2023-11-17 17:26:32 -0800
17c7815d433ae075e16351f264ecf17598169dc9,2023-11-17 14:52:17 +0100
1e2a71398fb5564d1cd9f4e12b3d1acc568f8ef7,2023-11-16 16:16:15 -0800
3d6072ad4d94ba8fb83fcecfdaa2a2a326e99e15,2023-11-16 15:41:29 -0800
2e2ac8dfd2ab2c214444cccb0e6024e1f80b0502,2023-11-16 11:31:17 -0600
ccaeb2f4d5be44b4ab177b8fb790194eff8070a5,2023-11-16 08:33:02 -0800
798f1c8abe3ed24a2229d4f3d1b5d7c009a7fa7e,2023-11-16 16:39:54 +0100
72da856b3c9ba2da92a5aa5d8e69afdf9a3c24b0,2023-11-16 16:38:24 +0100
bfe1d03c75b4a8bd2c15c925f39cdec28c312489,2023-11-15 20:52:47 -0800
6ec3de390d3fa6e797c6975b1eaaea41719db0fe,2023-11-14 13:09:08 -0800
fba7d612539fe978e0281e89bb351e821fd02a05,2023-11-14 18:58:25 +0100
188847428309701c2ec0debf9e94da94b39058b6,2023-11-14 10:36:30 +0100
69025712b41e744304e2a7d971ccdad784e25bec,2023-11-14 09:47:44 +0100
75ff4a99a9f72bf8735f6062d671ed088380e94e,2023-11-14 08:09:51 +0100
9c51427f18f37d94aaa55913de0c4b0bb1195608,2023-11-14 07:59:04 +0100
9cfbbdc9ef8a39bfc800a1cb7892b3900bd57be7,2023-11-14 07:58:28 +0100
efa5945f12e85076bd665e5fa2bef53f4cf3f945,2023-11-13 23:58:05 +0100
fd00207cdddf179828e3fde788d3f68933fea061,2023-11-13 14:26:25 +0100
7ff8f264581c0878e85c360b92a79f925aad758e,2023-11-13 10:09:36 +0100
9476f62ff2ea1220df85376c906a46596008d42b,2023-11-13 10:09:10 +0100
7f21b538f30809e77fef32fce2138d0322fa73c8,2023-11-13 10:00:52 +0100
28a95652540515252728b90e85d00e09f5d67f31,2023-11-13 10:00:35 +0100
7ece5faaf839dfe8adb113b8b2fb1e94245f01cf,2023-11-13 10:00:17 +0100
930750d3e21f38eb7a5ca53438279ad2a10656cf,2023-11-13 09:59:56 +0100
fd4231f5e27c6a98bbf4ff38850e1700b7584c0a,2023-11-12 19:09:55 -0800
d7f8e91c0983048768be1cb17893a485088da937,2023-11-11 10:17:24 -0800
13fd06d90ddc6f5c6bacf79b2c0dbe64838e7b65,2023-11-11 10:15:38 -0800
6a9c182b47476025da1cfb741cc2f581e955330b,2023-11-10 11:36:01 -0800
774d0e8bc9528b057201d8e2cea31405bd49afbd,2023-11-10 19:51:28 +0100
09e6a9f7b8d733ca7a02c3933b8c88917bdb8477,2023-11-10 12:31:58 +0100
7cec1d97965a2823878aef17d5c54fc768e8612f,2023-11-09 16:26:11 -0800
255986a8e7c59915ff0f2b98c9021ddbbc45e675,2023-11-09 15:30:28 -0800
8c625dd7d21e38235d2864e081c008ef11e0fd20,2023-11-09 14:54:32 -0800
942988744e96e8c133a7fcce267e93942ce556ec,2023-11-09 13:43:24 -0800
175a7fb7a00af30e68fd217947f5342fe337d6b8,2023-11-09 15:44:20 +0100
f00d3094a1728b60dba96fc251707dd08d8a6310,2023-11-08 16:31:28 -0800
af132c7f8d0e820a3bdc23de4dd76f343c7bb399,2023-11-08 12:51:38 -0800
e8cf33db7d3fc637504a51a801c055dce54474b7,2023-11-08 12:40:02 +0100
1fb8e4fbd11dea3c16e7c16d56d543bee2b53464,2023-11-08 10:41:44 +0100
6105375d47f9d8b80dcbba72302e70b3f370642c,2023-11-08 08:00:44 +0100
e8bb8b502c981f6e5dea27cc6f833655bf79f4c6,2023-11-07 14:55:41 -0600
7c4bdaa3a26f2a8b36f22b1a1257aa11bf136969,2023-11-07 07:27:45 +0100
f3e50717149b61d4701c2691be50cd2442afc967,2023-11-06 12:29:30 +0100
0b54f1e0071184b375ce8180a1c370290f946099,2023-11-06 12:28:57 +0100
b0bf62a448617bd5f57ca72c2648452e6600fa20,2023-11-03 19:19:33 -0700
2c890109c17bfb971490cab007be23029b81bad8,2023-11-02 20:39:45 -0700
a445925016f21ef51a1a4acac94689528134a74c,2023-11-02 18:19:55 -0700
4a3d266a6946f00602cfddc809e5480f3139f352,2023-11-02 09:42:11 -0700
94de98555d25c8f49c7bda70278598ecb04dc717,2023-11-02 14:22:17 +0100
b95330a257b544be976a8e5bb1ea02ab8c8fcb7e,2023-11-02 12:51:32 +0100
0b5aacd94207f9d880b9ddd38d04c13f59075c10,2023-11-02 08:50:42 +0100
0180ef91a733c3b6fc3c3ec8ad1d0231a5a6265e,2023-11-01 18:48:22 -0700
52e69fb2b21669345a8d4dba495746fddbe0b376,2023-11-01 08:15:29 -0700
8387b508f96e9f38d45a982f75c262fdd8e2b621,2023-11-01 14:30:35 +0100
da392f259cd8fc4788453e309e3369a3a190bbb1,2023-10-31 10:59:49 -0700
50c5f267b7f2919fec77f8f690412c0cb24b0de5,2023-10-31 09:42:02 -0700
0e09ac15e7e5bef5b5ac063e568d894b09ddeacf,2023-10-31 17:20:38 +0100
da555037cf0f19a635927df043fd02af0193d49d,2023-10-31 09:15:24 -0700
d4d747d55f767410b71a1baf6dba742ecc194c07,2023-10-31 16:02:13 +0100
eea5547462507727156678c153675e8595a38526,2023-10-31 14:58:59 +0100
b9a4478b0f8f5eeae553eb3900b08a7a08dbdb40,2023-10-31 11:03:31 +0100
4433aa8c62002e2f3c589c7d3d8ef61dee8284b1,2023-10-31 07:57:49 +0100
86bb1c09f5ffd2b6a7c72683cb86bb95f4c2b72f,2023-10-30 17:35:59 -0700
721419db01ee20faafd303199d88c8be8d24e310,2023-10-30 17:35:04 -0700
c171c5703389a551065f6aa86aa4a6648c9ebcee,2023-10-30 17:34:48 -0700
fceea89cb4a8f781641aa65456801b1cd40d0d03,2023-10-30 10:53:23 -0700
a66166326d0ab3ee54065ac3accd6a3a1c3b89d9,2023-10-30 16:58:59 +0100
0f44262a9e107cb5d0a0969ec87d97ef65f65815,2023-10-30 16:53:24 +0100
a7828dbeb2ef644169f83de1288a4e00f6c6cdca,2023-10-30 15:02:16 +0100
64e2deba53f696882f517a6010b81d83b55389b7,2023-10-30 14:33:48 +0100
8bb52bc39ad48c2b0158990b60c2818702cbffa6,2023-10-30 14:10:40 +0100
7e9e02c0e3f1304be89d094b0eab238da46c34ab,2023-10-30 12:33:11 +0100
3c6259193790ad8a0685233b12b7a20c891e6cbf,2023-10-30 09:54:39 +0100
b56ec5ed421cb82d0c87c4fdd2a579db40f0e036,2023-10-30 08:22:45 +0100
b5aba2ffeb6303c9e2dba518b8e08d419797286c,2023-10-30 08:22:15 +0100
884efd4c6612b801dab71b6137032f5a5e08087a,2023-10-30 08:22:00 +0100
2f487f448f6bc43542cedde3e2b43470064c00ab,2023-10-30 08:21:45 +0100
385a6bd296e551bdfdab48d2a291d3516f999f5a,2023-10-28 09:43:02 -0700
d7f46b4552a88c3966a924aba2dfd51c0c8b451e,2023-10-26 17:44:29 -0700
aa891acf20040d15e7ca59dc503adb3c1e4325b8,2023-10-25 10:30:21 -0700
9b9b22de303ef2075bc3c25c2ee4dc395498340f,2023-10-25 09:45:49 -0700
c10a4d02a2f5596e5e9407044c96c8047e277852,2023-10-25 08:57:36 -0400
3bced93376d51511f5cb3254484223743f723f6b,2023-10-25 14:01:35 +0200
94ae419c59b30336b3db85f5873569201b3fe0e7,2023-10-25 14:01:17 +0200
9ff517c02dce25bb0b985283a2c3504a0b179367,2023-10-25 14:00:57 +0200
4e05dcf6bfe709df9d6918ea7b90ce48020f1e3b,2023-10-25 14:00:36 +0200
2ec938f3f18427292bb970fdd049469140d8d1c4,2023-10-25 13:59:16 +0200
fce19e1200bb0b59f3897dcbc4a6b804eeb67cc1,2023-10-23 17:16:56 +0200
e2b56daf35724700a9b57dbeee5fe23f99c592c4,2023-10-22 13:34:00 -0700
b1f7008517bf9da0fe4eea6755878a87cf64341d,2023-10-21 09:27:01 +0200
43fce1b56bc8364908941eee8a4b5a9ccca6c7fe,2023-10-20 16:40:08 -0700
94edb0e12176775c506a548bf5394183fe8626f9,2023-10-20 16:13:44 -0700
6f1517546aceee19e10f38e36df7b072267fe6db,2023-10-20 16:10:05 -0700
1e5fcbf15ae8e5a66d102b9c0815f22130d7b8df,2023-10-20 20:45:09 +0200
0cc74f1709fc0127cfb1e2c7d6df36d32e3bb06b,2023-10-20 10:31:16 +0200
7a60b00cd671bd28c3ade5ca55f75ae027c312db,2023-10-20 09:06:16 +0200
dd4139705c1bd1cff347793a8e9bf481ac11077b,2023-10-20 08:49:34 +0200
bbfe30a9db57d5595d132f2fddfb316c3945b9c5,2023-10-20 08:49:10 +0200
1a9a7d004b6e8fb135782caf810c5066ac8408bc,2023-10-20 08:48:54 +0200
046fa74ca5476f3ca238167b5d247370669a07bf,2023-10-19 23:01:15 +0200
d1cb2341667c975ad04670814e73dd2cfdd0a45b,2023-10-19 17:04:45 +0200
d581e79d39b3d2c00e8b70f9921be823bd6434f5,2023-10-19 16:53:41 +0200
d3af82f6edd02d8f0c9a03f1f7823c986db10b8e,2023-10-19 16:52:53 +0200
d92be9b8d539fed4d25c06ba486e1d5019932821,2023-10-19 07:11:34 -0700
45da568f1c659783f25a357fda043c6c18102e15,2023-10-19 14:50:12 +0200
bd66d0f54802aaf269fe426901d54d69e08c577a,2023-10-19 13:47:44 +0200
62662db6e12778412fe4f9d524b655555a472e21,2023-10-19 10:04:28 +0200
16c2af49a142d7044b619403de3e52aed13893e0,2023-10-18 17:23:10 +0200
e837973d194e3679fe6c52fc3939f1a5613791df,2023-10-18 08:07:08 +0200
ad602a379584512d1d96eda557c20cf2af21d1b2,2023-10-17 12:13:57 -0700
f7f165446f55f44a1d30e1063a47fa2b5046b3ac,2023-10-17 09:00:42 -0700
069d93010ca9142c96757ba3288b77fa02e74a60,2023-10-17 17:14:46 +0200
cb20bdbea7b299b2948e908a7775ce90818e6a92,2023-10-17 11:58:58 +0200
46cad6ddaeff8104d96defab25206a4ff7e01629,2023-10-16 08:47:02 -0700
05c789beee1afd3f043188fcaf02e11960920fc6,2023-10-16 09:59:56 +0200
8f86a06c1405b68fa2935c06a87d50a02ca400b3,2023-10-16 09:55:35 +0200
96d2fa77f2614fd78414c518e3c0695834168c43,2023-10-16 09:40:35 +0200
67667901687c12a477438494e821422fedd9920d,2023-10-16 08:33:33 +0200
247e715a26677c563b8a41cb6ec898204fc1b1db,2023-10-16 07:56:44 +0200
49b1ceb337d58a50a975839ed62daa798376965f,2023-10-16 07:51:03 +0200
fd1eae815af69efe543ec147a2ea13f6f16ba7a6,2023-10-16 07:50:18 +0200
738103fb18328a26893679ed3ce45a631d73e830,2023-10-16 07:50:04 +0200
b47fb4eb6bcbe5d4ce9f5bc1224b85cc8ac559b2,2023-10-16 07:49:24 +0200
6d3b0b78420a7e1104e4626799ad0c414146a9fb,2023-10-15 15:59:54 -0700
3e522e84f566ee1f195009decffc4b6b235fe262,2023-10-15 15:57:07 -0700
2aac63688054ac36540072cfa13aac08fccf9421,2023-10-13 10:45:50 -0700
a339f409178e2f3148bad8cd162ee92cd3c76985,2023-10-13 19:22:59 +0200
004d3b11fb405301e27d47eec12c051b5f321fb4,2023-10-13 19:22:32 +0200
287f90a2839ffafd7d5e785e0f56b255e5517015,2023-10-13 05:52:39 -0700
2268bd8acaaee2748b20ad93430ca7073ac53009,2023-10-13 12:59:05 +0200
8463d6623a32ade3ea62750e66d6316510bcfdb5,2023-10-13 12:54:50 +0200
6530a3e88ae47dc792b53bb50d2df8e94feb63e0,2023-10-12 15:39:53 +0200
4398803cb3630d4650863582e8b158e60f9ad59c,2023-10-12 11:22:06 +0200
e6a6cffc7d5e30e02dacb2d70918d054d79a5836,2023-10-12 08:06:33 +0200
b7e5d685c00a0b57d7b363146e1c15546a1ac1d1,2023-10-11 10:28:28 -0700
b5ea0d5a7f55e5b8d9eec8e764bbcc35f8301db3,2023-10-11 10:50:24 +0200
4b020a41a292f6320d30fb7ff2c0ac872f6ef921,2023-10-11 10:48:41 +0200
9210a10598f4d1c4a44ae3959fae275b8a49ebb6,2023-10-11 10:11:35 +0200
d85e7a439f4498406db2677b9530f55675a0eaad,2023-10-11 10:09:42 +0200
9cb22b93ada3bb89040f6efc59b4f7b714035a3b,2023-10-11 09:34:06 +0200
dbaa92e0ba1ded6a55888de374277e211e0082fa,2023-10-11 09:08:04 +0200
4a08140ada653a625ffedf782e73a25963d52e21,2023-10-11 09:02:40 +0200
c3b9afe2fca2b84cbb5b937df2b1f83c1605e7b6,2023-10-11 09:02:20 +0200
1413984e50de7e69522dd15d6bdbc76e253a1451,2023-10-11 09:01:27 +0200
aa43e1f24f462b8c941ec7ab9afab2c9108bc0e1,2023-10-11 08:26:13 +0200
b3ebccccfb7af6ee99a37b95ef15e655b55f5590,2023-10-11 07:29:02 +0200
d8a07ff276dc0efbfbbe3df3579c638c863b2686,2023-10-10 18:07:32 +0200
d8f29155e505b42a1a7279099f768e0684c397d6,2023-10-10 17:03:40 +0200
982242ba8e9bbd34686e429ba893f7bad379799e,2023-10-10 17:00:52 +0200
103038db4f60e96cd24d7f6e5710954a7a53ff78,2023-10-10 14:17:49 +0200
90cf38c50ab4e7b7d85011d8fd69bf60a82ea4c0,2023-10-10 10:03:16 +0200
82e0a56323537432e087a07b4cfd5100bf37073d,2023-10-09 08:59:40 -0700
f74749eba1bdd8e1d045eb268c4eb9cb27a01f2e,2023-10-09 16:09:58 +0200
2504c5810821f83061ec5688c2b6aee082085ecc,2023-10-09 12:32:39 +0200
39239a19555f55e0facc0a585086791a606a4b32,2023-10-09 09:38:15 +0200
71cddb8aeea20d32e3e97bbecd93c52cb22ad959,2023-10-09 08:13:15 +0200
9bb7de118b5ade56904c494d7b2dfd0c064d05b3,2023-10-09 08:11:46 +0200
5a98aef61a598057169c229ca0b804b0fef140f8,2023-10-06 14:23:46 -0700
0259918eb2bac08beb1329f53046aa099de15021,2023-10-06 08:11:41 +0200
00a88d0fffb714d8e1dc2bd0bcc02b2d0cffd891,2023-10-06 08:11:22 +0200
dd02085b12e9b509efef2d9a8b9fe730c0c60b03,2023-10-05 13:05:51 -0700
036cef946eb0f006a3d8c2e8397bf3c149d9ac0c,2023-10-05 21:51:37 +0200
dd26f3630954e69c584faa06c9395f77d49337b1,2023-10-05 11:23:10 +0200
a960d43a58cc201183027c38ce679f7bf3a43891,2023-10-05 08:36:34 +0200
d2e1094ee0cc6239d43f63ba5114272f59d605d2,2023-10-04 11:17:34 +0200
c862b9177af8e2d83122220764a056f3b96fd00c,2023-10-02 13:56:58 -0700
06d420f7cbfc0b19bc5208348fe589100b75e4fe,2023-10-02 21:12:10 +0200
df0f408c05f33d90600aac846306c539787f2250,2023-10-02 15:37:41 +0200
c68abfc9fd3956077b43aba20441f089bb8b93d6,2023-10-01 18:55:31 -0700
3f2884c6d2e514f1112bd440fedfbb7d30227a96,2023-09-29 12:38:36 -0700
8062aef8b68ef18647ea10e01ff6e82a89582fe9,2023-09-29 11:00:29 +0200
6172f5c7207899a0983b28a09026644d568595ab,2023-09-28 15:48:28 -0700
28dd49f5bf0c1e8d4793faeaa7d0bdbc29ebec56,2023-09-28 15:47:38 -0700
6100efc1a764b204e5a879e0ae6d535a71301249,2023-09-28 15:24:07 -0700
eaf7c4f2e2adc952b5a150cf0b854adebfb9fdf0,2023-09-28 09:49:10 -0700
863f396e894996a9a50dc9ff803490dc6f4f7ef2,2023-09-28 11:16:26 +0200
8f37faa6a21e863551b17992370edc0f8706465d,2023-09-27 15:36:08 -0700
8547faf94844c0554ce899bd4a80c5f07d26bfb6,2023-09-27 14:47:20 -0700
a1966fedccee1ed10fe35f48113807640c8bfa42,2023-09-27 14:09:41 -0700
0b1b6241dd334d6e25ee83cd6c0bbde7b337da7f,2023-09-27 13:08:41 -0700
3e37106fc334968b070b1b97f9c704869be8f4e0,2023-09-27 13:03:45 -0700
1e52f2edc4ec79179662b2179d64833d88f3311d,2023-09-26 21:47:15 -0700
b7296a755ba9c3e9236a43f99225c580cd9abdc0,2023-09-26 16:04:30 -0700
6b33b82ca91c3ae8f545f9e6ca687087fdfe1088,2023-09-26 13:04:09 -0700
ad6d21a3d9bb1a57fe398656ef73d108e18157d1,2023-09-26 09:59:10 -0700
a582968975dd30ff4917fbbe999f1be903efac02,2023-09-26 09:38:00 +0200
85d22d70c6c8993fd5f7c12abb5dd537a31e5ade,2023-09-25 13:33:17 -0700
82bce4f1055f79f387e79ec39eebb675d148c6fb,2023-09-25 11:34:27 -0700
8a1f50a6fe85bc52b170fb102fb6c93ff18f428c,2023-09-25 17:32:09 +0200
c0bed74d345cc275427d476b2e842880ee33678a,2023-09-25 14:57:12 +0200
34f8c35a885f833138cc8531626eea00e3b26df5,2023-09-25 08:22:50 +0200
a249c41192fb6dcb87ac4a7a768da7e4581c20ea,2023-09-25 08:22:35 +0200
8e1c2afa8fdfc2e206300071c923da9481cae22a,2023-09-25 08:22:19 +0200
e8a28affb8bc8eb023352da2556be9c1b5e50141,2023-09-24 20:57:16 -0700
8082f680a850b31dff0de6eb3f0cbe5cc087ecfd,2023-09-24 14:14:21 -0700
30b132d775647912ff15c93cce3d01124c1f2cbf,2023-09-24 19:52:08 +0200
bd3ed9af627f8e3a5f45609e70079f5ccbc50ef7,2023-09-24 19:51:29 +0200
c5b4e677b94536aff90a414effa35e51feb89da6,2023-09-24 19:51:23 +0200
94537f00c429dfa33efa36a8f3d9408f6bcf750b,2023-09-24 19:51:15 +0200
4f22dd89f80c8080808bc57bba83e2b212e1b9a8,2023-09-22 22:17:47 +0200
f2ce4ef1bc65906908a2b091a20a0ee21a4dbab4,2023-09-22 17:34:27 +0200
9aeea63f8b74a6e0a468baaf7c705c19df0ebfb7,2023-09-22 17:32:38 +0200
d455c6e7d2d1ad13dd4a71efc06922b348396020,2023-09-22 16:45:03 +0200
4cc609a72c421d313311f1c8fb998b0210e1c103,2023-09-22 14:10:25 +0200
4e99c199927e0f79c60489e77a49eb00fe139205,2023-09-22 13:25:38 +0200
bc71976fa22b5432c1eb8b04ccef3a494299e1ce,2023-09-22 13:09:55 +0200
37d48901c6062d2bcd3c1eaf44521f1808b89ace,2023-09-22 09:42:12 +0200
db66706ef8e9c26792e4e16e671ac87b42981ac0,2023-09-22 09:36:10 +0200
d95bad31acf8cf4941e3c9b8e1841e3eb1df43d3,2023-09-21 17:12:32 -0700
3ca14b8c1e7af524793ca39e60a92fdcc52f35bb,2023-09-21 14:29:04 -0700
f826cf461ab299bee4b3783c1f41679e5558fd3b,2023-09-21 14:03:06 -0700
f574743abc8ca62e25c7c02f2c4d54f435b3238c,2023-09-21 12:44:10 -0700
d213b16627bb89e6c3a1cb0d06171eb6abfb2b69,2023-09-21 11:47:14 -0700
2e291c2b67a643ffe93e139483df55f3639cc39d,2023-09-21 09:46:15 -0700
f49227813b9ade737852ed0799cbe42114ad8fa5,2023-09-21 18:24:16 +0200
a63b1aba2bdb42aa27b1992a6a0dee7e9f6ddd93,2023-09-21 08:58:03 -0700
1354fb299f327234e3fd46072d660e190234b76f,2023-09-21 08:57:29 -0700
f7a7eb2c10cb4a9b6b3ea5bfdfc5d085be8b9c31,2023-09-21 10:41:19 +0200
ca1e0ffeb3b6399cc4c2f890bfad032b0aecef4e,2023-09-21 07:29:44 +0200
6dee8d68cc3df5f17ccbb4e90beb5cff711039a9,2023-09-20 15:37:15 -0700
da2ad389fd9ba8222f6fb3f57922209c239a7045,2023-09-20 14:30:31 -0700
0d793720be6e05f8bb9853eb2248f383e011b760,2023-09-20 14:24:31 -0700
d9eb937bfb6bfed98b0a7e64ef402792a1a2b777,2023-09-20 14:19:32 -0700
317b198330650e761476fdcd700201970693d3f7,2023-09-20 22:37:33 +0200
31651e892f8f94841f2c3d48038825368659d13a,2023-09-20 12:04:48 -0700
47ae4ac7d8dff3cb82e342dbb57a451f8265f169,2023-09-20 12:59:17 +0200
c1e877a567b5b5f4b4895b7ec9b1cf9b449d4bfe,2023-09-20 08:41:03 +0200
09a5dbc8166489d5e58eeb17cc96217bc75c55b9,2023-09-20 08:35:03 +0200
a6e24590e3b594d0f06b48a2df22b2e9fa49418d,2023-09-20 08:23:44 +0200
e88d0f433c152675e14c3cd0bce8c45284e5e7f7,2023-09-19 13:26:43 -0700
5aa0b2ede62bb06454d374d4f9ef614c363fb83a,2023-09-19 13:24:50 -0700
16b6cefbb5c5992dccee086fae8912fe5b3fbd00,2023-09-19 16:08:20 +0200
29a2c456353a6120b8c882ed2ab544975b168d7b,2023-09-19 14:21:49 +0200
1b9a835b76bc04cd66712bfe2dff67546813fd5f,2023-09-19 08:14:43 +0200
faab8136788234f9217ac98bcec5c7acbd584625,2023-09-19 10:55:25 +0800
4e5d2a19cf6210b8e298fd9d1fa2963fed07b559,2023-09-18 15:12:09 -0700
6d88320ee3a359c6c9df7a344b3874aa90f0da64,2023-09-18 15:12:09 -0700
31e31fd819c846f49d2bd459b8bfadfdc3c2bc3a,2023-09-18 15:12:09 -0700
e627dea157a735b11a134beafb0ebda57cbeba19,2023-09-18 13:31:42 -0700
2817dd4af905b5c18eb6aaf84a36a08fa012dc55,2023-09-18 15:14:53 -0500
d6bc248adb67de74e31dcb9c0af43fef68853d59,2023-09-18 08:11:30 +0200
ebd68629d3245be1d54d8bcba1cbbd2487b643ce,2023-09-17 09:15:17 +0200
9a8484a1b3814764156b9556e27df04f16f7b8a8,2023-09-17 08:56:15 +0200
1610a370d902bc00eafe119c508ea231a34b3469,2023-09-17 08:56:03 +0200
92967381f1cbc2246b7a78f460249fca2d7cdb55,2023-09-17 08:55:54 +0200
6f880289b758db0dc62a11287242ca01b9d615ca,2023-09-17 08:55:45 +0200
cf32bdead13815daf26c9feceebc6cd606a7bab8,2023-09-15 09:12:00 +0200
cb25b98f45d3f97566df0e18302ec53c2fa0cbe0,2023-09-15 09:07:11 +0200
d73e51a86ab07e15aa6f5b14329fa19fe604f0c9,2023-09-15 09:05:12 +0200
e10453a10d3f9237032ba7e649808347c699f6a2,2023-09-15 07:59:02 +0200
3a3c6eddbc7f1da1c4d5934e63b67af16cff29d1,2023-09-14 15:31:40 -0700
11a708af9d3417a1840968f46b231248b3388018,2023-09-14 11:31:49 -0500
8fcc891c2e49442381e039bc707864067f2c9c4a,2023-09-14 08:32:42 -0700
0da896d1c5e68eb8e22ae87d7a6352a9de459500,2023-09-14 17:05:49 +0200
bb32b90c4ad63f037f0bda197cc53fb08c886934,2023-09-13 22:17:08 -0700
a8ef09eb0b73b478ef8c9a710a6d6b3a673c1d4a,2023-09-13 10:06:06 -0500
f798b06246e67131d413dfceece5ccaf269e01fe,2023-09-12 16:27:48 -0700
3cb841927f4ed58c5d5a4cafb0a0b1a017939808,2023-09-12 16:21:36 -0700
187c9441a1830d323c862136e74f83876ab400c8,2023-09-12 14:15:41 -0700
c4e35a55f26b58ca71295adfe2b9c7b8bc34b55e,2023-09-12 14:06:15 -0700
75862a8a9af17e30890a4f19f93d9684cf212986,2023-09-12 09:05:58 -0700
ed799b47a5b5899c9e40a46fc85d7882d0065c37,2023-09-12 10:30:01 +0200
450641916cf9c261623f832b4f8b61138fa9ef2b,2023-09-11 13:14:54 +0200
f8093e04d45e03bcf84b3806c8ef9c35356d427e,2023-09-11 13:14:15 +0200
3323281045a72f1156d58c261067469e383fb26d,2023-09-10 15:33:22 -0700
9ad9976551e8697d60ed7e0169ba0776ff1cffe5,2023-09-10 23:08:36 +0200
7d513f471cf24fe40ace222e4f8019211f4c6b3d,2023-09-10 13:52:48 -0700
688a92e1c0ee37720f7f7562a307c9405b27d347,2023-09-10 12:25:21 -0700
2a48d356238fc6e74044c0aa8d7a91268dbf12be,2023-09-10 08:06:59 -0700
8e70d74b6cfa39018a8f384ff0f2a4c9c8f73d4d,2023-09-10 08:22:40 +0200
467146e142dbf93cc02359b2aefc18beadce42b7,2023-09-10 08:22:01 +0200
4e44336e34e03d7aa85fac117dfc149d0f837745,2023-09-10 07:47:08 +0200
4f99fa6b183b3c5cee76597c0a42e2dc15108cd3,2023-09-10 07:46:52 +0200
dc686242971d82dd0788f099c4b955d01e962150,2023-09-10 07:46:45 +0200
a1cb17703222fda5cf6b2c051e36e19f6eea5c73,2023-09-10 07:46:35 +0200
d09e7b8d3372cea4660ce806f5614e39b47af926,2023-09-09 23:49:23 +0200
d28e8de5f9fb50e4c77da62efa29fe70acaf3d8d,2023-09-09 23:43:09 +0200
a45b7ac12f33026d62e04442631ab7424ef3a7a9,2023-09-09 22:59:48 +0200
a113e2662608782d746a5995fa2cb9dc3e2ad555,2023-09-08 08:51:37 -0700
768e516e0b138a6e996fe38fe5be4a0f624862db,2023-09-07 11:06:09 -0700
d8ded687681f4c194198026c347b79e77d166c09,2023-09-06 21:02:00 -0700
3ed03c646ada141944c217fd9bff3d9671f7a00c,2023-09-07 09:16:50 +0800
38e1c331914373dd331ffe782d1bc68fb0a5ea6f,2023-09-06 08:57:57 -0700
2b189759a902cdd8ad433d0c1643376b78ec867c,2023-09-05 19:30:24 -0700
5bd7c649e4743a61eace5f52517db9b5b56ff8e6,2023-09-04 13:07:33 -0700
e4a4837682f5726376a13537df8bb31cd5180001,2023-09-04 20:46:26 +0200
abc3f746bfb00fdcd7ea1f170df242f1857ced75,2023-09-04 10:35:22 -0700
be818b65f36250cf36a20719b31baf3dc3ca076e,2023-09-04 09:00:44 -0700
751d15337f436c9416b828e50c5373de093b32a9,2023-09-04 08:50:33 -0700
6bb5a1afbfac16d9afd9c848934a7a4aea0e22b6,2023-09-04 08:33:27 -0700
ee19dffb4d1e63977b0aa87035e7e11c88582cc3,2023-09-03 15:13:13 -0700
1b9f4128f461f85b6a6cf065fe14ca6cdb23cca1,2023-09-03 23:52:30 +0200
c3b256436ea9ea61b9789e5144262c7e11806d7f,2023-09-03 14:25:31 -0700
c9ce6a123b49c1c4e5bd950b388d69e6ff849b5d,2023-09-03 14:37:39 +0200
ff07e11ddbd5fa207c8b62b8aa4d5a580d52fa00,2023-09-03 14:37:23 +0200
b9fc08cecc6601a5a21a619ad097d54515d845db,2023-09-03 14:37:00 +0200
6ee57292972f89d6d8f6a121f252a8cff1d08b7f,2023-09-03 14:09:29 +0200
63275dc154637065e6554101b4fbfff5e780022d,2023-09-03 13:34:32 +0200
023b0de8c8566f161a0da9776d2f4238a75a2aeb,2023-09-03 13:34:20 +0200
04f9cd566fdc3dfdaf055dfa563e6846f32f8af8,2023-09-03 13:34:04 +0200
599d87d6962f27b484a15f7cb360972979aea243,2023-09-03 09:49:15 +0200
63b5ec835cfad2402da9eddeb5b663883255a873,2023-09-03 09:48:57 +0200
317e0fb418beffe13a97eb9b46f240493cb49e84,2023-09-03 09:48:43 +0200
5996b3de518b27cd356aa020456dcedb169c5b00,2023-09-01 16:31:59 -0700
0200cc2d8231dbe779acdb12d88bf3db29ca589c,2023-09-01 08:47:45 -0700
cc050bc4dce4a52bb4826a9b1ca2a0031af6cec5,2023-09-01 09:45:14 +0200
f905fa5309e2251b02007e0aea6ba79209d146e2,2023-09-01 09:44:56 +0200
7ee6663c3302d16fa8823478d928ed4356c714f7,2023-09-01 09:44:26 +0200
73b03777b86a84b20e85189e652bb134145856e1,2023-08-31 09:51:37 -0700
afbcc98679f56c2d0902ab91be7663b7b7e263f6,2023-08-31 10:10:58 +0200
f688363a9aad31d24f60fee4ce6952d6d991bc92,2023-08-31 08:48:57 +0200
92b8366433812a96aedba14ef53f6c38d02f416c,2023-08-30 18:02:59 -0700
2f03e7a4c05b63b11ccd27af7b28e620f19d6eb8,2023-08-30 13:58:54 -0700
4e4f5a82ccc16bd7c71feaf27a63ed9c292a30f6,2023-08-30 07:28:55 +0200
afb02f32f5319e92401c4a4d69bd33aad83a610b,2023-08-29 17:38:05 -0700
ab0a2fd7c75204185df1c67ebf060db69dde1440,2023-08-29 11:30:59 -0700
96bda46a9226802273958a5e0d08c481eab95cfb,2023-08-29 11:17:51 -0700
a2737a799c694f935fc047708df73ac17b2b7628,2023-08-29 18:58:44 +0200
e12ea75747baf2fc700049d8e59ec4d4a42444ae,2023-08-29 18:58:20 +0200
2b6c84fb3df0a6e0ae052c69df3a0129f83c21b6,2023-08-29 10:17:48 +0200
eb0a53579c86a520491ef07ae5701f485ac29ae9,2023-08-28 14:27:00 -0700
e5ad5ce4c09d1efcd26e3cf0bd27bcf8c06c2400,2023-08-28 11:36:29 -0700
16dedd469bc9ec64fad3a40d3a9926edc8cc65f6,2023-08-28 12:20:08 +0200
51d07f50facdc5c55dcbd0b8135119e84c9a436a,2023-08-28 09:24:17 +0200
25c8e19aed58623b680121bf1ed276452c6aed0f,2023-08-27 20:21:29 +0200
0295a709e6cc20320c4d5ba4e76c4d5d05682bea,2023-08-27 15:17:03 +0200
69be0694976079a119251ea899aca63077429b39,2023-08-27 15:16:44 +0200
b4adf2c4532bf34f1e6a3e0f277fc06321a27b03,2023-08-27 15:16:17 +0200
258c18419b4cdc033f710ce1f3de4ebbb6e7bf23,2023-08-25 10:55:52 -0700
a7608281c032d88fdacb91245311a874f22fa78d,2023-08-25 16:47:07 +0200
99410a1371b59878539aa499db6d01baef5340ab,2023-08-25 16:02:24 +0200
1f8dbae31aab98654ebf4d64d37b04bff8eb22fd,2023-08-24 14:17:29 -0700
4f6d86dee1e00b13998f77a8587f3a175c19fcf1,2023-08-24 14:58:39 +0200
181d3e21efaf287abdbaf2897b456fe44805d24f,2023-08-23 23:45:03 -0700
d61159e32213ffb767aa43e9e9da955d2facded7,2023-08-23 23:27:56 -0700
9df8ddb05428cf3d7145bc5cf4a130de36dbb96a,2023-08-23 13:00:57 +0200
6e239bc4c23abfca12ff56198bc0b21f0f2b3609,2023-08-23 09:20:41 +0200
da127a44439f4084062c512101d27efb4e85ace7,2023-08-22 10:47:22 -0700
419bfdd8b3d53c2e9ea44b55be8ec640b862d944,2023-08-22 08:20:17 -0700
b7fb00735d25e53ce36f07e5af116c8ccd368011,2023-08-22 14:05:44 +0200
1fbb5cbb99925402bce58ef23137e134de83f3ea,2023-08-22 08:40:54 +0200
7cc7a1e6f70854c75fcad4789b402477c503f9b4,2023-08-22 07:53:52 +0200
74a7d959a504ce5b7ae20baf95d99dfd3b9223ce,2023-08-21 17:51:25 -0700
87d2a92b6aa492f948456fb518adb06199733b45,2023-08-21 16:34:13 -0700
19637903e9b417ff724821adabb1252757741380,2023-08-21 15:14:58 -0700
17d606eb26e5c4dfc80cde81e7d45feb62011ec7,2023-08-21 13:06:15 -0700
0474236fdbf447c5246bdbbfb432558d0ab8bdcf,2023-08-21 20:36:51 +0200
7d6cf407d2de47a0ec0e743dbcfa46f12e78dcc8,2023-08-21 15:21:18 +0200
1a2e334ca8a15dbf37f3f6944811d4c0ec7eb052,2023-08-21 10:37:53 +0200
836743415b94e5eb4b20e311e9c76fe754b95f34,2023-08-21 10:29:29 +0200
8078226c078c51299755d56ebddaafe91d476b80,2023-08-21 10:00:59 +0200
05c995b95d8eca668b3d526fe07b4ecc23840ee1,2023-08-21 10:00:39 +0200
0850cb9e998bc5ddc2f121a851cff4ea289c6596,2023-08-21 09:57:01 +0200
5f3d495e7f5b417932b1742a6bd191384a0979cd,2023-08-20 11:51:31 +0200
e629470c82e8d760df94121210ad26b88c2b6567,2023-08-20 07:37:34 +0200
fcd3576adc073ea1886ad0689c88753737592a4e,2023-08-20 07:37:20 +0200
ecc02dfb019c1f49e1e45e4982a29dedf64ca79a,2023-08-20 07:37:12 +0200
767828d6d0f7ebb501dba11de66da8b92b979ace,2023-08-20 07:37:04 +0200
9012232df1c494934321c93a80d7540a45c19ccd,2023-08-18 12:13:59 +0200
21acd34facf8837b363a01d0d0e4b7ff09c653c4,2023-08-17 20:41:23 -0700
2521c3cf2514341d373843fb5e8908fcb24ca3b2,2023-08-17 16:12:38 -0700
a2eb83863c1450e73844f0b79a40ffd45a4e838d,2023-08-17 18:06:44 +0200
24b972296f89376f62011102e02536e96bcfb852,2023-08-16 17:26:09 -0700
e28590a51adfb78ea392e8352be0c14b167d9ebc,2023-08-16 10:55:07 -0700
44f140473ae429f38289358291421b75935a3457,2023-08-16 18:01:44 +0200
d2b7ba9d7b0b0e7ff45f213741ca9dcd81f4b549,2023-08-16 15:17:00 +0200
02fdbf28df9d531f935dd9b96d54234a65108eaa,2023-08-16 15:02:04 +0200
c1fc55022557653cfeb6125c1d51bf8ab12c8f96,2023-08-16 08:45:03 +0200
732e30541348f977e2c7783b1ba2ab4117721efe,2023-08-15 22:51:09 -0700
cf358a4d150a3c7dcef9d1bccb09986a938aa128,2023-08-15 16:44:05 -0700
bfa052924ecb9ca14b571b55ca98489bae4f524b,2023-08-15 10:12:47 -0700
86737e6a68a54997bc0406d013a749e8b465c63a,2023-08-15 10:01:57 -0700
ff3fa2bba4e9ea894ed46985300381a5a99b1461,2023-08-15 09:53:23 -0700
34b605890956fd87340f304ac5763b61d99f9a26,2023-08-15 09:45:44 -0700
8da6f3e551e43d146658ec48afb16f958f564ecf,2023-08-15 08:33:03 -0700
513a2d803245726eb211cb6a0c14abcdb397e9f3,2023-08-15 08:22:36 -0700
462a203e67dd42d111a7fd2d3a0090b5aeb80833,2023-08-15 12:12:54 +0200
4c1188a35b601281d7418343f93d7204d7d23dda,2023-08-15 11:39:03 +0200
9a283f5eba3529a5a6a3e62dfa8afea36b1b0e08,2023-08-15 11:37:33 +0200
700127d6bac73361cc18dd49068352e47204467b,2023-08-15 10:35:37 +0200
06f3929e57b0d0bba3a7daa2fc07788338f5d023,2023-08-15 09:57:35 +0200
bb36f28abc948529602e52f35a5fe4a62ef1e156,2023-08-14 16:57:48 -0700
fa7b49181e9b5895b96c287db24e52d036429a97,2023-08-14 16:04:42 -0700
62331b6f9edea5bd42752882f980f6768bb69d16,2023-08-14 11:37:44 -0700
fdda529377509918351775efd8b75cca69b29e73,2023-08-14 10:40:53 -0700
2477ae7263a0a4b880cb73d297739698392b5464,2023-08-14 14:43:46 +0200
bf748dab6cf986f54f4272a6ff0d4adc1effd93a,2023-08-14 14:17:37 +0200
b22a02910a470637e8315ad1f606a89b045c1117,2023-08-14 12:02:36 +0200
753611da45323e5197f6c34dfc59aeba4fd8de14,2023-08-14 09:53:04 +0200
0bcbb2dd2557a0629d63703c88f9dfd69cb121a9,2023-08-14 09:52:37 +0200
9affb38b48c513706d910ae5b5db2bf9d03d7393,2023-08-14 09:51:35 +0200
9d52b54416ba50d2f585b37c861a66862e2d7183,2023-08-14 09:50:54 +0200
a3aff95f9e60962240b94242e24a778760bdd1d9,2023-08-14 09:26:33 +0200
989a1acc01d0570c99e055d3a5604c695789ec74,2023-08-14 09:12:15 +0200
f4d830b0faba6e602932cf81ec03206b19e371bd,2023-08-14 09:09:41 +0200
36ca2fffead7e97a562d6e1cf41412300f9339b2,2023-08-13 12:05:48 -0700
9ecd9bfbc493db07d4d06ea0e6344022f125f66a,2023-08-11 17:11:41 -0700
de816cbfea2e33d77e7bc289cabf394e2903281f,2023-08-11 16:20:31 -0700
9ec6084cc21217dc27bb5db870fb0d7b607e3ad1,2023-08-11 10:38:52 +0200
b2de240ffa5bc016f9f5d955478ae2971fd62b3a,2023-08-11 08:42:15 +0200
b033de7ed0a408e542013c8c9d48ec556c8e54c6,2023-08-10 13:05:51 -0700
b94145aae4f19a7a233104c13b604770b61ffa59,2023-08-10 10:49:34 -0700
2d2bfaa725c286b78b80bf7058896b9bb65834fe,2023-08-10 18:01:21 +0200
1dbf29ea34ee805de03222c6c647d53ed4ccf271,2023-08-10 18:00:56 +0200
84d00b873b310896bbdcf9e2d3cf1bf2a575d48c,2023-08-10 08:48:35 -0700
b975850043d6033d2f82ea92b0aeca191903a288,2023-08-10 08:48:07 -0700
fe522c57d3949d991f84f3626b56a1c4db7b08a5,2023-08-10 08:47:07 -0700
2535c3a8b18910a926df45d267271aecd83317b3,2023-08-10 10:17:24 +0200
01ab0d931644ffd4677e98c0d3ab3919edea0c62,2023-08-09 21:52:51 -0700
0794609b0846d54a57426a3c4bf7fd139dcd7db4,2023-08-09 16:47:08 -0700
a7a55b5cbbacadf4d04c605c95e2e95a0187d8bc,2023-08-09 15:20:46 +0200
f5f543a54ff7460648bb864f4f06a29eb28938b9,2023-08-08 17:55:51 +0200
51505498bbbed643332033fba6f50cc48611c636,2023-08-08 17:40:15 +0200
00f771de3a71c4de39e310114f0f776c7a81838d,2023-08-07 15:41:10 -0700
51782d37476cea05294e0e31aef0d97c2e258578,2023-08-07 13:13:08 -0700
427d23b7ba4d45355e6f7912737efa99a89098d7,2023-08-07 21:27:19 +0200
70f9239cde0ca96adef70e91c97b0e7f1d1ee086,2023-08-07 10:46:35 -0700
6b1c9f0a398235b56977e817eb5d3d9457c160b5,2023-08-07 15:35:37 +0200
15d68da87317e1f1caed42d732eb3119e8a6450e,2023-08-07 14:56:58 +0200
b85884e48dfa3ea7f17341a50e438299ab1cee59,2023-08-07 14:40:26 +0200
d0f632cca79bf9930ffe602c9f1b6a896e255193,2023-08-07 09:34:16 +0200
b64446ce8eb139f06903691158d7acf93e18be88,2023-08-06 14:53:52 -0700
680241ba5ec1a17d169c13f4012fd8cfcb324e5b,2023-08-06 12:58:41 -0700
9e5a685eca0fe7ee6b6006b8369be1a207877626,2023-08-06 14:40:22 +0200
41b1ecad6b2146ca16c201a91a387bb3fef2da14,2023-08-06 14:40:12 +0200
748e7d073c99fa273ae069dcd0de0a521bb892e6,2023-08-06 14:40:03 +0200
3f949497f946aa0eb2391c3f0e31ed4d0f9e58a6,2023-08-05 08:41:53 +0200
4f401a7779a56c25e9371cc3a95a13a51012cd6c,2023-08-04 11:45:19 -0700
b34f4f2356b9ee3cc5b5b5ce0eff554dc5f862d0,2023-08-04 13:42:19 +0200
8a0496bce0ac9c833c868a0dd181c56a85f28e03,2023-08-04 12:58:55 +0200
ba3653edce17b3d5abc1a34f13331e91b1de1fa9,2023-08-04 12:13:51 +0200
da6e611d5d19a08c915fdad51c9f1f147c4e1b91,2023-08-03 14:58:33 +0200
42db993538cc958a407aa60da631c2146f2ee961,2023-08-03 14:36:36 +0200
b27a216f25b525162ef90881e47a48562589f174,2023-08-03 14:36:13 +0200
f2780275826d80961e635645d641b4f84fd5628a,2023-08-03 10:09:18 +0200
e8d9611535f26a83e4c4ee37d6efb99f09edf6d8,2023-08-03 08:56:37 +0200
dada24df179caf744b1f35abb629b33f8bb4c75a,2023-08-02 17:44:11 +0200
50b799a1ad7cb0137235f1ae3ee62ff878634ef1,2023-08-02 11:02:09 +0200
0790e2aa2d569b10960d792405e0a6f186409dca,2023-08-02 11:00:41 +0200
6875577a453092399abb3c78a53cbfb52ed7e294,2023-08-01 09:09:04 -0700
8203b72a3429955b349810d76ebc52c18b480701,2023-08-01 08:20:14 -0700
455ab75c7cad4138637749bf4924554013c09c14,2023-08-01 13:32:59 +0200
82ccd7820b057f3759a978e1f040c18e5eb8d8f9,2023-08-01 11:03:09 +0200
621d301b17417af4b71a0e8c93db9db6f8266839,2023-08-01 09:30:51 +0200
3bfb2b2ce328983d99719de1e6e3f4f6e0209398,2023-08-01 09:22:33 +0200
f98c6411da7e71604d66c729f7c6d8d0fc9764db,2023-07-31 19:06:08 -0700
6bdb841ea40c59debad4f6de00115d3745509b8e,2023-07-31 16:09:58 -0700
84e526f24140ee77d412e1a4b2736fc0c93a070f,2023-07-31 16:43:04 +0200
06b25aae2fbc92a9ac37290fefa7593727e7eb01,2023-07-31 14:58:10 +0200
520ed74313e802606df6befe2f3f2a728e653703,2023-07-31 14:58:00 +0200
50141faf595636090dc31195d196e8ba178eccdb,2023-07-31 14:57:48 +0200
6fce3cb7c5cdb2c4a3c495575869a988731da0e8,2023-07-31 14:57:37 +0200
209f7464d7823be560316f12ce97b8a139233169,2023-07-31 14:57:27 +0200
ebce8538db20fd13859b6af841cf433d9423b53c,2023-07-30 09:00:27 -0700
808794bcb4924212e545c92dee5ec033a431167f,2023-07-28 19:40:43 -0700
869301b96bd3897ae11b4e8c5701f4091cd7914b,2023-07-28 14:58:16 -0700
a7a09d43b10e4584faf5598c40bc8fc424c402e1,2023-07-28 11:06:31 -0700
e209f188f93acf53c34d43ededc40b9daeb040ba,2023-07-28 10:26:14 -0700
91161185ce53abbaaee992ebc1d412052e87852b,2023-07-27 17:26:28 -0700
5cad65ad1fbbf214675de6a19f068e5672cb25a7,2023-07-27 09:27:38 +0200
9cc9a5d90fab4707e6bb0b7423c3a730a77c31b0,2023-07-26 23:10:03 -0700
3349e5f082f1815a1f8353ca9c0b77c66ca4a426,2023-07-26 11:53:32 -0700
a83e885cd3c0e9ac71e35fae7bf1ba41a5a54985,2023-07-26 11:51:13 -0700
5902671b22313083929b036443b704eb53599841,2023-07-26 11:15:25 -0700
d28f899c802cb3b7b6bd4d6c44f6adf3a20a1bd9,2023-07-26 09:27:45 +0200
2a3554249fcc0f97cad379cde062cdabea94fe8c,2023-07-25 16:20:13 -0700
c071273c1bcda4b657f3ccd5063710dfe712377d,2023-07-25 11:18:53 -0700
f967317de564ec4af28d962fa48a26844b71007f,2023-07-25 13:48:29 +0200
e79abc6a009a912f4fc94833ae6e9fdbde4a358e,2023-07-25 11:49:18 +0200
3648b041acb8e29289e0c50bbbf60cbbae63917a,2023-07-25 08:55:07 +0200
b5b916bd90d5fd60e736fade47874b52ca30ab39,2023-07-25 08:33:55 +0200
b15dcb50703bf80b318371ea8331ce8eddf35b08,2023-07-24 14:09:29 +0200
51ecb1cc8ed55e5ec635c48cf36de3fa2e208bd4,2023-07-24 08:52:01 +0200
e7d21a948865dc182a718f779757cb5f181856cb,2023-07-23 18:32:05 +0200
1526757e92c2d64c39ca3826593605ad10575e70,2023-07-23 09:10:10 +0200
2e3731994d99ac0fdff49dc0939b8276b5edd691,2023-07-23 08:03:56 +0200
9d24e2e157f258e8024c4c1b8844ec1a6ffea849,2023-07-23 08:03:40 +0200
a5142199d864aa2e96cac4d8a2a1973e3b3b282a,2023-07-23 08:03:32 +0200
a5d2b1c3affa3443189ad6facb564c1159b2e032,2023-07-23 08:03:20 +0200
73bafc2d3d5d9516e2e6136301e3e48d058a1eb6,2023-07-21 11:55:42 -0700
f7646111c513b32725243c62bb6afe741e9c989f,2023-07-21 20:53:09 +0200
53d83f7ad16c54ef3fb0a05df634d5dacf36028f,2023-07-21 18:03:46 +0200
ca218e1c55262ee86df87a7c833d67d4f2f3a194,2023-07-21 10:57:53 +0200
8e89f6b08e06510ac9f997cbd8dc22d761447462,2023-07-20 16:04:44 -0700
ce40e3c80910479cb3e33b40f0c76020c756dc21,2023-07-20 22:01:43 +0200
4a0daf33b2f994dc0a96e34ec2ed91c0954c9962,2023-07-20 21:48:05 +0200
9204b2dd17809380744870f57016ca053f6fd312,2023-07-20 08:29:27 -0700
7da759bd9e86682ad5e8345f381a5284a9de480d,2023-07-20 15:48:40 +0200
0b95a2ca6a4c83d46caf62baf5dda8e9fa349369,2023-07-20 14:26:36 +0200
c0ad67129d1787bd1c2a7cdb11264fdf30584d60,2023-07-20 07:54:49 +0200
a1335218c3c61802fc23967f90353471c0a268a2,2023-07-19 15:50:15 +0200
1bb853191fd378fb1dfda5a5cb297475b7fc204b,2023-07-19 11:11:50 +0200
d3d9155d91b72dafd50ccb98faae229cd974752a,2023-07-19 11:11:11 +0200
cf3e50bad95f9fd7755a7d590a2b6807d1a94fb2,2023-07-19 08:53:57 +0200
7d3859306dec7d9bd59b9959d05800b49d0c85a7,2023-07-18 13:56:34 -0700
760853812b347fd53805ce53b5aed561cd4ad577,2023-07-18 13:54:43 -0700
6103199832a3d882f16d33be485b9be17e957e4e,2023-07-18 16:58:55 +0200
0be5140b412b32ca7b8ef0057b67c711251d5f94,2023-07-18 13:44:38 +0200
a8eb65c936d2bec6581b2d0c6c75e41c50769312,2023-07-18 13:40:38 +0200
97412b9ae96cbd6a90c4ceb4bb3d2e41a6b8ca5c,2023-07-18 13:19:35 +0200
fc89f0b4bb334d85b9f7d0ea325ef1db35f455c1,2023-07-17 16:13:00 +0200
b679d0ce71920075f4f04cf4659295f179da273b,2023-07-16 19:09:24 +0200
8517a10242d6fed4aece3d49ef1c23537a0d55cf,2023-07-16 11:32:48 +0200
0a50f06f30bf06ba0f9c55019a46fa24f5a0cb18,2023-07-16 11:32:34 +0200
cdbaf5754e0cd2ee7439a1d94cb4cfc92fc29731,2023-07-15 21:52:24 +0200
c27c1fb1f279c8be96847fc41ce637b3eff19661,2023-07-15 05:52:17 -0700
3caa3a28d07a2d08b9a0e4196634126f1e016d6a,2023-07-15 11:27:09 +0200
981f1a0ee0d2bb7f72712dfc8027acc7a7aca472,2023-07-14 16:14:54 -0700
3eaeeae3fe8aa76902be34719a3b0dfe27c8cffb,2023-07-14 12:29:42 -0700
25dc42184fc273408dba7c62eaa29e2a013a12c5,2023-07-14 10:26:05 -0700
d230bb4f55c7343cb1a9cbb71c5a211a74af7236,2023-07-14 10:17:38 +0200
3d929d459ab21efe313f42754b58b4392d547aee,2023-07-14 09:26:19 +0200
98a29a377796723f855fc96b65e6fdb4b186da55,2023-07-14 08:35:32 +0200
31dd70cecca052f1d57fbd695ab14235bd68f341,2023-07-13 16:30:11 -0700
cff2ff9d2f533c8e733324a66f3101eafbc2e932,2023-07-13 16:28:45 -0700
45d834a6ddda0136b846a13e653b59ce7cd66471,2023-07-13 11:00:56 -0700
95725857791333f4fa8a8db6d37472cd457cb9f9,2023-07-13 10:41:07 -0700
7a44ee2f8447eb571f9d78615ddcfae3a084192f,2023-07-12 13:11:02 -0700
6cafd7055e3e943f44d12640c241d870d2a9cfbe,2023-07-11 12:38:21 -0700
37f53518a09803e4ef6b4669f58fbcc960ea5994,2023-07-11 19:01:01 +0200
9607a52348a28048603f465f4a62568db4db453b,2023-07-11 15:53:36 +0200
62cb7b5c50451085d6e59f0594292bf883af4220,2023-07-11 08:05:41 +0200
f94de0f3872e24ae063a97db220fa63912e8c085,2023-07-10 15:52:20 +0200
d964700246fe3f67771995ff129d305a128a3d5e,2023-07-10 15:40:24 +0200
e389e4d139624a49729379acd330dd9c96187b04,2023-07-10 07:59:22 +0200
4056a5027ccbc3e074877e3a1da1706c57a10612,2023-07-09 12:50:51 +0200
a1f35d1bd034cc78a40ca730db033d1af6e83a38,2023-07-09 06:44:38 +0200
38db671888a2630dbe2940c79c6290d4cb2f8e7b,2023-07-09 06:33:41 +0200
e105e27fb035fb7c0c5be34b5ee5ec6de4f9be12,2023-07-09 06:33:21 +0200
623b9b7238fed229853049b132fe06c0a6665c20,2023-07-07 21:44:54 -0700
3a9516f629b548373f453c013424847cb0da4af2,2023-07-07 17:39:44 -0500
025cdf0115212ac265fadad357234f9aa9cf1dfd,2023-07-07 10:35:01 -0700
31e8c17971ad1dbd49b943aa908f1557a29cc1e3,2023-07-07 14:41:19 +0200
a73f10b3e7a98d7efcab7e01382b78bffdc7028e,2023-07-06 16:54:18 -0700
1f1ec4be478feae79b04bcea3e9a8556d8076054,2023-07-06 13:54:15 +0200
46f57cc71f5edce9512720c4ecee276e3d93112a,2023-07-06 10:09:01 +0200
6e7a4c9dadb841cfd944bedddb14d328ac93ec44,2023-07-06 09:35:33 +0200
eeb0253373322bf2e8eb195955e21ff9904b8e1b,2023-07-06 09:34:23 +0200
155701639313bf644c776197a6327f7ae0656fc9,2023-07-06 08:32:40 +0200
1781ffa64174d561977eb16bed69f96f5f196300,2023-07-06 07:51:30 +0200
efd257a742944d901c6758790fbf4e5e42087a39,2023-07-05 17:25:49 +0200
c8e140d640564d1b02525c53be23c3628c2a5249,2023-07-05 14:27:09 +0200
c6b64e6536ce63db0cdff6e27f666a4af8c13d54,2023-07-05 09:39:30 +0200
f3826bd9b1111d08262109df741ca8bf5aa0b697,2023-07-04 14:06:09 -0700
b8102d596c75e8b5c805c1ee6ad3c38bb37a0d0c,2023-07-04 14:03:21 -0700
03a8b061f19d978ef4d4d974b36d76e68c9f2f99,2023-07-04 21:16:45 +0200
2afd1dc0c30b19d1f626c922e3de6b26931f91cb,2023-07-04 13:13:26 +0200
3ed6c226ab8bde0765b661f5f1c244a21aa708ac,2023-07-04 13:13:08 +0200
3498749c73d39b5da9c7adf9589544f62a2be505,2023-07-03 17:28:04 +0200
21d85642f492169f7c3aaf39802a4bbe73873aa1,2023-07-03 08:06:01 -0700
ba057afa5415f82038f4f023dda74ec4f53b5511,2023-07-03 13:13:49 +0200
c76cda442d1c860645ff0ac87960c05f99376631,2023-07-03 13:13:34 +0200
ffdfb97108b6155b8eb6a192fb73a8ac4d9376d4,2023-07-03 12:26:24 +0200
d5ec74306e6013a45ad2485eaa764f4b6f9d44cd,2023-07-03 12:06:52 +0200
e62e0add11f5deab9cbd81c7fa122c8047e2f497,2023-07-03 11:28:58 +0200
394ec9f79d8347dcceb5cf0419c70096a9717ab6,2023-07-03 09:43:09 +0200
d2e570a57658a9e2dc20193120338183590a1651,2023-07-03 09:37:18 +0200
d89ba12416260029c44e40441735cf5ec89288ef,2023-07-03 07:46:18 +0200
f5346cacf17d63257ab433215e1661ed221750d0,2023-06-30 23:36:09 -0700
0c37a971430807a329adff81ebc7bbe6ee0020bf,2023-06-30 13:17:01 -0700
8af5b1d8c032ff2b0b2d738b3b5f791e16b83e84,2023-06-30 07:45:15 +0200
1d88e80bacbcb689e7f97932b25bf11b3633b190,2023-06-29 15:32:11 -0700
231b8616cd0c1338eedac3543678bb03a3f4e568,2023-06-29 21:21:51 +0200
5a268e7569d8ecaef03adf5d77ae0dd40fce7839,2023-06-29 21:20:59 +0200
5faeb2f6dfcd1b4d52e9fe6ca2b193e2f1915b51,2023-06-29 19:15:20 +0200
b57e2c40167d39c63477eae416c98e7d4ca2b8f2,2023-06-29 18:51:56 +0200
2167bddf9359978e83821bb076fffa8ec0dfc603,2023-06-29 17:07:38 +0200
1909e2a68b4fffe99185cd4a31aa54eba8fb31a6,2023-06-29 17:06:48 +0200
8a8508de70f54335e5f551ff39e5954da7274b5c,2023-06-29 15:28:31 +0200
db3fa83ae487e5be10df843817c0fecd598c8feb,2023-06-29 15:20:46 +0200
d96402a2de5aee808daac97c7bcaad98a02670a7,2023-06-29 15:13:15 +0200
582ec1cfb8b87d52e6c4c65f72e06ee135e597a7,2023-06-29 15:01:54 +0200
13295ce4d372bc97ac906b22de5537f24d9d5dcc,2023-06-29 11:21:22 +0200
37900b3706e01d5bf9adb9aff48b53e60f22c5fc,2023-06-28 06:42:11 -0700
51eaf6806361e6e0a5cd163071dce684ec05350b,2023-06-27 22:29:28 +0200
2fea2dd70aca56a11a5e9f1cde992cd4659130ae,2023-06-27 18:54:42 +0200
dd0ee24860a0080c5eff85fdcf4c6b48a0e5e84e,2023-06-27 17:01:13 +0200
c96edfc0965fd38fcd019aa0a6855591d32353b5,2023-06-27 16:40:19 +0200
4e6c7bad35ae3886378ec50a79dac0368df875a8,2023-06-27 14:58:06 +0200
15a9af72280c3657d6ff33fc00ebbd5fc1ac88b1,2023-06-27 08:19:37 +0200
96c87dd49f5d6211a63907056e993cdafe5e17f8,2023-06-27 08:16:15 +0200
d98e7a115259d92695a22ac301f7bf66649d7396,2023-06-26 17:58:42 -0700
f5bb0c0da053dcd9791502c434747f5d3ce4d5ae,2023-06-26 10:36:48 -0700
fbed421697c17cf78c416a0210dc1d539a13f681,2023-06-26 10:32:57 -0700
b8db3f00424c2cc2910a760b9068d38916e8c27a,2023-06-26 09:02:19 -0700
9f12b85667362dbf0cc1bbb16972602a103938a8,2023-06-26 11:25:29 +0200
e85ec9447c08c1a21e9ef21278f3237811f3f67f,2023-06-26 10:38:41 +0200
18a42e43c604773cb3af48e3407f27717572a187,2023-06-26 10:38:05 +0200
70ab49ed77907646833d84392ce126fd1010519c,2023-06-26 10:28:12 +0200
47a930b0d5ea469d6f90194714ee8ceb90d12323,2023-06-26 10:27:59 +0200
6a9cf4f0c0aed39025164809a58cc5d3d47aca1e,2023-06-26 10:27:44 +0200
5e0e5e39fa8110b3e9c01e1b7994c575a8dde8ba,2023-06-26 10:27:29 +0200
607c2682685dfb68e1cb8ef99e50873c45c55d7d,2023-06-26 09:51:00 +0200
006591c876f6dfb8a0877f5c55d540359f84fcf2,2023-06-26 09:48:59 +0200
fb929437af7f25777d33f5dfe6d14698f09e511e,2023-06-26 09:19:09 +0200
d5884f37ce24469288f6196f0c48e63cf734857a,2023-06-26 08:53:34 +0200
c6d9b92110144a569a6218a0be94bfc930238701,2023-06-25 10:01:34 +0200
3ac871a9e3cfc263d83d3c0d17c73b2bfaee3ef8,2023-06-23 15:26:32 -0700
a29c6cebfd39b8c628cf901e7c37cf18a2fd064a,2023-06-23 14:32:13 -0700
ec7da7aafb17fd0aa1ff110451cc351abd2828ce,2023-06-23 13:30:37 -0700
6b23d2555d542b83396ce488e253813276d0c25d,2023-06-23 18:45:36 +0200
6d517236fb4459c801d883e53465cc4d60871421,2023-06-23 09:32:19 -0700
3a9d6508a646ed70b0714a9663f6738bf18c134a,2023-06-23 07:34:11 +0200
97d00f9eb3d9ea65e19069794dae2d1d1634d279,2023-06-22 09:59:20 +0200
806580e36e2ec692ec1fa2cddd162b598479b10a,2023-06-22 09:04:54 +0200
80aee853830ed0a62ff2575196e1f436939c6e06,2023-06-22 08:56:00 +0200
5c641007527e23311aef08a9f75aaa0b317430f8,2023-06-21 08:53:46 +0200
9ffb762153ce050c2d961327886ef9a41b2d6145,2023-06-20 21:18:34 +0200
717b3d7faf5d87c844f90492d4c175c815001c80,2023-06-20 16:05:30 +0200
d8f2daf96782456fdce6fba42136a4239b3d126d,2023-06-19 08:58:09 -0700
6586788e9915c76a252e82808073fd0a64d56361,2023-06-19 08:28:43 -0700
7c3c34897a2e452311f085af67d6f546ba56e44e,2023-06-19 15:46:46 +0200
53a9c8c773cc488a7d70690c63d1f7712d35278b,2023-06-18 07:18:52 +0200
944ec4977eca090f0bb30ced741206a8d57eb995,2023-06-18 07:18:37 +0200
82157460d97048b08f58eafb66bda5dee7d4fc5f,2023-06-18 07:18:22 +0200
aeafd2246c4c752fda3feec3890339db11487ceb,2023-06-18 07:18:10 +0200
563236f62f1c04e071f5ac6addcfcf53bc1b0c3e,2023-06-18 07:12:12 +0200
8cabd87c83db630b42edd0df632d2912e2499db5,2023-06-18 07:11:43 +0200
b897cd132e7327166c368d24dcb7b36e689600fc,2023-06-16 13:29:47 -0700
f2b01f8ab56d7ab03d697f4817c527bbf6ec6bcc,2023-06-16 11:02:18 -0700
c85ba939ab28e978bd08655cf61eca428ccb0610,2023-06-16 11:00:29 -0700
5584426b7de05b81624b0ff8d91f8891c69faaa8,2023-06-15 16:50:56 +0200
6f212e22da330bdb1883f4d64d755ff8848415d7,2023-06-15 15:38:16 +0200
d29f392e09733b4d75c24f49bbd036d536a6c3e7,2023-06-15 13:28:23 +0200
c115f499f05eb33d695c2ebeb1a643d72e2fc758,2023-06-15 12:19:41 +0200
84b8338ed1b7d799ba546f313d8a27d87c837a82,2023-06-14 23:02:22 -0700
3fb7dab4f37709c585b3cfc3e613d0389a261d0e,2023-06-14 18:00:10 +0200
54062ac619892f81844fa88a7650dd68a715e118,2023-06-14 17:05:25 +0200
c36c7bad3ce60c6ca225760f332342fbc75b6528,2023-06-14 16:01:00 +0200
461f8d0f8f43272a377616073a2e2630148b27eb,2023-06-14 09:08:40 +0200
426313525676387a44aca0c767d2f4f55cd73455,2023-06-14 08:10:04 +0200
9130acf6c2f0cc09be75375ae560ce88b80d7a31,2023-06-13 18:36:47 +0200
50fefe4036f604af1575aa78331529ce4037cd62,2023-06-13 18:30:40 +0200
a63d18f1cf0c2f5b2940fc69666fd16bc3056a7e,2023-06-13 18:14:47 +0200
c256604b34233885f6565902719bbfcf55e4cacf,2023-06-13 15:11:07 +0200
fc381a81a1fdb8f51a0637ca27cd30673bd7aad3,2023-06-13 11:18:37 +0200
81a5b337e90129f3e1249fadbdcf780a809dc435,2023-06-13 09:53:57 +0200
f309dd098dd7d476e82d100ffc39ac30088562f7,2023-06-13 09:18:44 +0200
dd70b7e8f7c9c948b197e0799903928db5efe9c4,2023-06-12 17:38:25 +0200
386f9b8cee4738fffca588544f0bb64328de97ab,2023-06-12 08:03:22 +0200
8aefc6925fdd8501040dfaf7d8ee0cdfec60a92d,2023-06-11 10:37:34 +0300
264376773a6e7c56229d8e1309237ffba7f7731e,2023-06-11 10:24:55 +0300
c2bf539bb43735600b73f2930fe9188ad8463da8,2023-06-11 09:04:16 +0300
35ad710dd399bbd8829786dab82a42641832f007,2023-06-11 09:02:49 +0300
94c07f6735eacfa2332cbb4d17584948d6231bb5,2023-06-11 09:02:35 +0300
791460646b98e12d3b38644c75a7f33b4d2166f5,2023-06-10 09:46:36 +0200
39fb3d1630d9c8fa674605984248c5f957f0a2f3,2023-06-10 10:36:13 +0300
13addef17d0ae4a5fbba42216aca7d7a95277f37,2023-06-10 10:15:26 +0300
cdc1a27ade910a01fb64721664c99c43cf482276,2023-06-09 15:03:35 -0700
2a83d9e58f89c8881f11d0bb25c852c9a34a19a1,2023-06-09 14:43:12 -0700
3221b1c4e70dcd6ec95d46449fee99587645f43d,2023-06-09 19:16:29 +0300
5a2eba3d79112f76037b2ccfdf15ca01bf03716b,2023-06-07 22:29:41 +0200
e674cca20fb7af494e00a812cce70475fa2f503b,2023-06-07 20:26:42 +0200
814a22f7bca358850ed30bef930f1a7e88342d87,2023-06-07 08:14:42 +0200
18c343beae319881f2ea48f68f6e49477f000a3a,2023-06-06 15:13:09 -0700
c4db21784fbb514bd1156ab6616b562be1325552,2023-06-06 23:24:31 +0200
fbfe584f84c83c0e15c2d578e1ea17a11a3f07db,2023-06-06 21:51:34 +0200
04b3e6bda027c76a4cbf366b70f2511d77b47d03,2023-06-06 20:00:54 +0200
e3edb77b98423833406367cacfd76af7bfd0ecc8,2023-06-06 10:27:57 -0700
cfa090531e955911e792e24f3d14103c69a63c63,2023-06-06 13:35:36 +0200
54648263d618a8f434019291d9d02ade1c12f3a2,2023-06-06 11:44:01 +0200
23e0d1075477b0eeccd36754223cc94c24786f8d,2023-06-06 10:15:44 +0200
20f0d0cc0194275cf67265eaee4752170a92a3be,2023-06-06 10:14:48 +0200
66b0631b3f67dfbfe69bfd5974db034e9500a6fe,2023-06-06 10:02:04 +0200
c591c26e5e05158be635a35c5125293c70c86839,2023-06-05 16:52:42 -0700
26af4c7387d68a04762bb50d388d3227536527b9,2023-06-05 23:54:00 +0200
2fe8e138352dad5a1a20c94dea050c884b510a29,2023-06-05 21:33:40 +0200
9d17cdd35f8895603c244389e603b22f9f387318,2023-06-04 11:39:56 -0700
f5e393d09a7e4991cf098fbc589639b879b8e068,2023-06-04 08:31:06 +0200
677105c2b0e44d5de2a3a8aed546b0dc3daca2bc,2023-06-04 08:30:52 +0200
9d42eb44a32ff4a1f86e8427fe023bde1e9652f7,2023-06-03 16:36:44 +0200
96f0f22bd829a5dbe0ac8194c70a878493300b7d,2023-06-03 15:06:40 +0200
5f39174fc4ea7404561e8ec44b7097c227d3dfc7,2023-06-02 15:54:28 -0700
3ca8aabfe3887cacdb02639bcce7d63ba1f0061a,2023-06-02 14:06:27 +0200
9829b44a6dca1e557d24d7bcdd2ecd3a5046efd7,2023-06-01 14:11:39 +0200
479c1c096fbf271d99cf14c6e9d6f04f14582177,2023-06-01 12:53:30 +0200
7a1ebc1cdfe58efcbea09b368af52cc6a142f7d0,2023-06-01 12:44:34 +0200
7d46f9b2e822b7908846fa72be6b91d635c1e77b,2023-06-01 12:44:24 +0200
aff1c4767eb0ebe7f22e856fbf975f8cfc92b47c,2023-06-01 12:32:20 +0200
08f3ca767d359dfd75b68024700acc4af5e80050,2023-06-01 12:32:08 +0200
ce23dbdec15ae4261b16c7690ec3264fe1bc0d2d,2023-06-01 12:23:27 +0200
1ea185290ac505e6c2e4d6f4eb429448860701e8,2023-05-31 13:10:02 +0200
54119bd0f17849656e165226f558b59c4de98c3e,2023-05-30 14:48:10 -0700
ee1040e50437f604934fb87addbae11b40073fef,2023-05-30 13:19:13 -0700
8858f1cfd3d1b0bd9b2d4230d1975a48d8bea1a8,2023-05-30 18:57:27 +0200
7d3fa50fc24907bc9a4e2a3b2b8fce33cb770eaa,2023-05-30 18:14:33 +0200
9b6397f31f11a29d18b2ec61a68a8223e6eb4a8f,2023-05-30 18:06:47 +0200
601c5af9b6abded79dabeba177331310d5487f43,2023-05-30 07:26:12 +0200
06ce8b2f18ed16f74363c5bc2e0894394077bda0,2023-05-26 11:52:51 -0700
b430775ea2105e8fe6214a3fe637df14eeb18c7d,2023-05-26 11:22:31 -0700
893af4a19841ae23e18b1e2196df9176d9d90bc2,2023-05-26 10:30:32 -0700
b69e84b6cf93a330adb31bf4a46d09c98202873d,2023-05-26 11:24:46 +0200
aa1c1ef49eb0cd969c18676495983f5b6a231a5c,2023-05-25 16:02:06 -0700
6872b7cd277980949a4562c7b438b9d5bc351029,2023-05-25 13:51:00 -0500
3a584a28352e5f13ca128599f4d331aa5eeaa374,2023-05-25 13:45:09 -0500
5eb45117fae738ff087e38aaf6b961b6a9cd38ec,2023-05-25 08:05:50 -0700
82880be39654bb94aaf370338bdd61f706caa6da,2023-05-24 15:11:45 -0500
4b8941e03141573c310110092d2f3feebd745e4f,2023-05-24 11:11:59 -0700
8fe6248736a8a15a8dc85376c8741cbce62e6b47,2023-05-24 06:01:23 -0500
7dbdfd33a667a721fbb21c7c7d06fec9daa30b88,2023-05-23 11:23:48 -0700
11eed7180b3eb39bca795840dfecc0c7a880d2f1,2023-05-23 11:13:06 -0700
d898de52f0e6ce35714eb4fcff61b2528265d3a5,2023-05-23 14:59:54 +0200
a2dee506ab0c1221c1714242bf356a6df4338349,2023-05-23 07:18:42 -0500
711780b6cc835f3401cf8570072cc44ac03047cc,2023-05-22 22:21:07 -0700
9585525e92bce1a4053c3bd20fc00d67c5a4ed28,2023-05-22 22:19:37 -0700
53683f87fb0f1dab12358f826e6f8a7b1ce13b25,2023-05-22 20:33:20 -0700
9464bc49f57fc8fdf7f7295bcb2e90363f773918,2023-05-22 20:32:12 -0700
2502a236638c32cb7f3ac439e052ac98716cc814,2023-05-22 17:09:22 -0700
7d13b48896e1c60296264b47175d5a9e641b39e1,2023-05-22 16:59:16 -0700
b2e99b5b35df8ced7366ad32e2c4fdf26ab3c331,2023-05-22 15:50:16 -0700
65004c15f0ba290ac028b004c3e88f308de48967,2023-05-22 20:48:55 +0200
be6235cf753aa2518404177b1b6f884bff60bf04,2023-05-22 12:16:19 -0500
81a9f6a5f7c9ee7f94fe1b34ff32cc665cd0977f,2023-05-22 09:03:34 -0500
fa9d0dad7d0ae1c32cbf640019fba0182d400490,2023-05-21 15:22:32 -0700
17cf01581c6aeee492681f3045441f238e2fdaae,2023-05-21 13:09:38 -0700
41c510fdb1e0682a56ef3866db4bb2565b35040e,2023-05-21 08:52:45 +0200
98b92a4e6a8701a1640be9e171517e8743ef1477,2023-05-21 08:52:35 +0200
c03f1268cb68d5098d73694e1a85f24cfcd78655,2023-05-21 08:52:17 +0200
f5f2bb3b9bdcd52e214eabf6a78d8601137d407e,2023-05-21 08:51:40 +0200
8c2a924a8d712a273205c9b4e38afcd0f36717ec,2023-05-20 22:08:17 -0700
b5e2f3608e0db12be9ce7b0c11bdcc2145b1db0e,2023-05-20 22:06:37 -0700
950daa5702bf9ac7490b273c8f7d3132817c2491,2023-05-20 12:05:47 -0700
d8fc5b3c0ae26ee673f2f9007d6e3ff7f7386c38,2023-05-20 11:30:46 -0700
08ae725e1ac75fb146ec916f27813fc2ab986561,2023-05-19 17:29:21 -0700
8ace681824c1c11ac06c3e8d2f86be8eb2b75600,2023-05-19 16:09:39 -0700
14a30c015be6e6a9d3f2f1c1afc1ac67a3d40382,2023-05-19 23:05:27 +0200
2f61a082745739f61fd07c56344afa88363d1d51,2023-05-19 13:34:35 -0700
22d19c28478ff763f8c8fd945c1a76e6fccd6ffe,2023-05-19 11:40:52 -0700
d3fcd9890aaf456deaac3041e62f01451ced338f,2023-05-19 14:20:13 +0200
bfe3a25b68da4c53558104e029b923a3cb3edc60,2023-05-19 11:49:54 +0200
24490b0da3124bf28817130e64b2fe4db8ecd7fd,2023-05-18 20:05:27 -0700
45549389121ec5fb76e96670219307e5783593fc,2023-05-18 15:16:58 -0700
4e87cff70db15209e7f06f11138f09e1b287636a,2023-05-18 10:44:43 -0700
39a5f503c1d19d41a15b74ea53e3d5e51d495874,2023-05-18 08:09:57 -0700
67decf90d90c45c5ac820ee3a4e29ccf4d76620c,2023-05-18 06:44:10 -0700
477da36e3fd5be7f96903010557ddf5ebfad7c6d,2023-05-18 10:55:02 +0200
202af0335b654aa89373a0c14a62c34d1341bd07,2023-05-17 15:45:43 -0700
70386f92abb2779610af64071026162f10100d16,2023-05-17 12:35:14 -0700
d65fa091b9bffccba99ac39eea3c65ebd07cfe56,2023-05-17 08:50:55 -0700
9d7ef2e9dd27375c2b8bd7a143e4f623118185f8,2023-05-17 08:44:51 -0700
f07bedc86fae9a271f6d585081345eabb8982cee,2023-05-17 07:39:53 +0200
7cbde142f71236ed71a2cb036db46e7e7672e3de,2023-05-16 19:52:37 -0700
890ca0ef731cb38706b5deadece4d34bd9806e18,2023-05-16 16:17:03 -0700
abac62f8577c8c5b5b524f89f26056dc1c581bc9,2023-05-16 13:56:26 -0700
9907a97351138e676d08e02ea53b746f4e331ec6,2023-05-16 09:03:37 -0700
d23b36c31d1c1488c4ea57bce61343a6975d9c84,2023-05-16 08:56:37 -0700
29eebdd89efdcb9fb32e53325dfd2b29b9a3377b,2023-05-16 08:28:04 -0700
f2c065b445d7020e35d1013a7e943b5f8e88ce55,2023-05-16 10:15:43 +0200
42cf1579ab97ff0080630c752e877593882a4fac,2023-05-16 07:27:26 +0200
36ad90b8765221709506dcbed2717ab258a6f0de,2023-05-15 19:08:38 -0700
f551673589ca7af71f266bd68425aff137c81fec,2023-05-15 19:06:45 -0700
04a79ec9d7b0bb519841a5d6a2e8f0c4c0f49197,2023-05-15 17:02:18 -0700
adbc4ff3e6ac0f028a13508d24b31835c3686095,2023-05-15 14:09:17 -0700
ce01bec3d45e30bb6ced7c1e1e13cb8ade7c07f3,2023-05-15 10:22:26 -0700
198fb723dd50c15e1129bcbcaaaa97832503a74d,2023-05-15 08:44:17 -0700
203b8db4dcfe6defc8f241db2b336124b9639b1b,2023-05-15 08:43:49 -0700
1144241009ee02de7a550e04891f0a25db092283,2023-05-15 08:04:30 -0700
81af3f76abe98419495bd4d18440a14bfaae2e0e,2023-05-15 15:21:35 +0200
00f7babfdcc2d21694dc50522c201d3bd0050732,2023-05-15 09:34:24 +0200
e3592e8a5593d46b0a3702a996a8f4ee98d20453,2023-05-15 09:27:36 +0200
95be02c91267e355c62818efb265ffea9a8ba8cb,2023-05-15 09:25:40 +0200
7c60be7e5b4c4149bf536956e371fcdb5517eade,2023-05-15 09:13:06 +0200
aafb3cee4094b9516bbcd4a5b86559970dd18b31,2023-05-14 20:20:52 +0200
1cdc8711072efb30fbe45119a16d45d89e1a9c8b,2023-05-14 20:05:43 +0200
83f0c7d9d881fbe0e7ac6a8d23366cfff447cb6f,2023-05-14 20:05:28 +0200
eea7bb1cc1b6b5945ecf58d68bec8510d0f3bff1,2023-05-14 20:03:51 +0200
e01bc223b6278b800ce5954dbd409d082eefd086,2023-05-14 20:02:29 +0200
b88951bbef5140e69aac9da5dc39e7e6eeb5100f,2023-05-12 12:28:54 -0700
dbaeadfc4ff496e2f3e406452769b0387a284f58,2023-05-12 09:37:56 -0700
852c1bf0116d8656199cc45c3c2201c8e1987c8b,2023-05-12 14:26:31 +0200
cf082af91dd1bfafa9343b495763f690fba7652c,2023-05-12 09:06:14 +0200
8865be48bcb20ce07972bf5176955d03a1347d27,2023-05-11 16:07:40 +0200
4fe9e593a82d465ca30aa813d45917a9387edbb0,2023-05-11 10:36:34 +0200
2a06bb5aabae96ec8a32a4a80211950338318000,2023-05-10 15:57:59 -0500
46fa4e2a217ede3132ae161010d5f2d1862793de,2023-05-10 10:24:27 -0700
5808344390452d59f3883a84ca3c48818375f0f7,2023-05-10 10:12:49 -0700
46fe807df3e284f01e3194b189e5f875e1530d04,2023-05-09 16:27:50 -0700
66bd2782ba3a0104021633c8101158440e0ee847,2023-05-09 16:24:59 -0700
08dace77d52cede478621950ed7e4a4661fd4cce,2023-05-09 15:36:25 -0700
b60bf8b3a69a9e3f2303bfdfd960c1584755f96b,2023-05-09 18:11:21 +0200
615ab116a6935d334ae5c6666cfcc0a65eaaa631,2023-05-09 08:56:51 -0700
217efffe032ec08d1f523078cc7e2ad47e87222e,2023-05-09 09:41:03 +0200
ef64c0af9c13e218814a1907ed37739553147f25,2023-05-09 09:06:59 +0200
bbe7a64d1c6f5b8b680c74caa9880f9e83a8d754,2023-05-08 13:48:02 -0700
174c4ca52f89ea81ac04228895a6e35da60e2903,2023-05-08 12:34:47 -0700
39bbb98286d104b99cd201f8f29a81277ffbf472,2023-05-08 12:34:08 -0700
f7b1b726216778245fdb4c16c6854872f72aa21e,2023-05-08 12:33:41 -0700
23419b4e7548348c770d35ebfcf8759573c194dc,2023-05-08 12:33:18 -0700
bbd24684fe0ab8d6f8185742ed145b9bfb362754,2023-05-08 15:45:08 +0200
f3c90f9d532bc93f21652b4421324c982c15255d,2023-05-08 12:12:34 +0200
fbdbaec5a54d253b0a16da249dbd44c3e992ee41,2023-05-08 08:49:47 +0200
98f4bc427fae3f19689f3eea8d43a409c5724c4f,2023-05-08 08:13:39 +0200
5da1bfaab750708fe3333936af5c279775dc7074,2023-05-07 20:32:03 -0700
6a0732f7c48f81cac8b382b47edaec98b58b8d30,2023-05-07 21:34:50 +0200
492d60e3ce8a7e4930d1a112f1df13dccdd00fed,2023-05-07 20:43:15 +0200
475fc65b66acb1a88bd51883d52fa16680553e43,2023-05-07 20:43:02 +0200
9980ef7b6e83e8fda4bde31244e0d159940295e1,2023-05-07 20:42:54 +0200
ed105e1b7093d73b4389fc4525f5d4ba76970fa7,2023-05-07 20:42:42 +0200
f5de7fb80c8dde3e3e54b052a353f4e0453809c4,2023-05-07 20:42:20 +0200
3ab00171b48bb793a3b71845eb12d5077ba892f1,2023-05-05 14:05:52 -0700
445ee94e2cc5a5836d0c377ebad4f686875d974f,2023-05-05 12:36:19 -0700
7406098ee7fdb2c9b4cd5060afbb39e5e5b3f7f3,2023-05-05 11:26:28 -0700
1cb1320e20dac24eeb5577750efbe1adca272293,2023-05-05 11:23:51 -0700
7e71c3fd984d364a83e0521123c01996ad850dcd,2023-05-04 16:27:29 -0700
667fd860336f3614724f3b76ee2f20d447a8982f,2023-05-04 16:23:43 -0700
d8142d1035b015d264dfbb3492e0049530c7b5e5,2023-05-04 15:18:36 -0700
7fa5fca9b1121950f03dce6d8b985b283dc256b6,2023-05-04 14:25:12 -0700
c0253429d2314326841011b757455fc639510969,2023-05-04 14:13:07 -0700
db3800d3c4effcca830384af3caff0bb4b5a515a,2023-05-04 12:21:42 -0700
4aa9e9fe3b68b5164189395b704651745e86cd15,2023-05-04 10:56:24 -0700
8d8db30aeb37d379caf8734b349f7e4a42c9d3e4,2023-05-04 18:27:53 +0200
c751cb24b6f59084f473395745a4778f64aaca75,2023-05-04 07:37:06 -0700
f0149a5860efe3f78d7cb07b81b4e1910b438020,2023-05-04 14:22:55 +0200
3db4e896587d95318a690979e97bab55db250e23,2023-05-03 09:25:40 -0700
4f9584cea665aaac4c9c8670332e975664bdf5bf,2023-05-03 08:36:26 -0700
b58bf17ae3bd71665f6398885de3e11478285075,2023-05-03 08:36:02 -0700
c19e7e9d5d056f09c4c0bca2f4fd07073f4ad7e0,2023-05-03 08:35:18 -0700
5117b6bfa990f7edcc122212180de7317d4ccb78,2023-05-02 17:39:19 -0700
c9bdae12cee9cba09f9428ea47c64bfdd4655d1c,2023-05-02 10:39:53 -0700
8a7a1ed99b80a74c4f0730a93e91809ca2eaa322,2023-05-02 14:43:05 +0200
f9f85e7f2647020ef7e9571f76027c8e55075690,2023-05-02 09:25:08 +0200
cad9c6e795ddd5d3e7b98e1b19940daf1fdb1450,2023-05-02 09:22:47 +0200
6cf4d9e410495e83b480fce3970b77bee869251d,2023-05-01 17:06:16 -0700
fc3cd2ed8c5672e1a73758c06c5d8254c8a2e6c9,2023-05-01 16:51:48 -0700
79c88a1775c4e2019fff00de7520826388158424,2023-05-01 15:28:28 -0700
4ce5318e5cfae71622c7e980ae660f7a66f443de,2023-05-01 23:38:50 +0200
f8b1601902ac162305bfd92ed546ca491432df35,2023-05-01 14:04:12 -0700
a0b1df28665abc2156dd22d5c5c49161afd10e01,2023-05-01 11:51:45 +0200
2b8850b619b8176b271b11d7a162c95fd4e1c921,2023-05-01 08:45:20 +0200
9de9a2ae777bff19d0256a3bfcbafab53ada842d,2023-04-30 20:55:11 -0700
9fb90acdac3e35c40a2882e0d88175416e99f1f8,2023-04-30 22:17:28 +0200
5e6a0147d8b19d75e85a19db8ae59d2b9cfa4f81,2023-04-30 17:05:18 +0200
9414adc21d4c80905ed71b667b74afd80f946dbd,2023-04-30 17:05:01 +0200
4d54f4cf8f19f74a8f2463f4b10a7c39ba417d14,2023-04-30 08:36:04 +0200
dc82f98f01712bde4510a78e7674e5e2c41a4e3f,2023-04-30 08:35:43 +0200
c8b80b0b315fa48a1ec8fc4b94ff454803bca2e4,2023-04-30 08:35:06 +0200
251c9fa796157b06fc89e18fbb9a43045f459b07,2023-04-29 07:29:13 -0700
8c5605dfd1e9e5b6ebcbd49a5f9d25ee802f9a8b,2023-04-28 23:30:09 +0200
78aafdb55e65463fb518714b4c1d164ce890cc2b,2023-04-28 20:46:05 +0200
3d651a1fc299e490b0eaffef55f724fd98993f6b,2023-04-28 11:03:14 -0700
ea416b25e6f70ccc1997ae8bc8089b1b347bcc21,2023-04-28 19:50:36 +0200
5f156d73bd66a2727e83f0f690a651bb7275f71e,2023-04-28 08:42:58 -0700
b1d25db291c837ead3e90a0aa259ac522fbc4441,2023-04-27 17:33:36 -0700
91327e7c57541c767cf0dcca2869570cb2e5b61c,2023-04-27 14:00:43 -0700
1969775f1425a372bb4b2918cee6324fe863643b,2023-04-27 15:11:37 -0500
97a99c3cf4f3293fe3536402f015c5b65906e0ba,2023-04-27 11:13:07 -0700
449509df46b0bbdee19017852ffa34bc7b4b5289,2023-04-27 10:14:56 -0700
faddf308eda97228119bb3cdaecec6faf2307ae4,2023-04-27 09:49:58 -0700
8ca688531c9001a2ee99c47bb38514804941379d,2023-04-27 07:32:13 -0700
882459d488a3fae73eda5b1f09f18d1af9fe6f51,2023-04-26 20:44:20 -0700
bbacaf41e23923af3640f3cba3e7aec834abb9e8,2023-04-26 17:18:10 +0200
b4ad20f80340082087938a91df660cf30f4797f6,2023-04-26 13:37:12 +0200
f475a6bef57e1a4a929d521f7fd39f3f34c7f92e,2023-04-25 23:46:32 -0700
455542d5ff44137c6b399e64d6333ee1cf383e7f,2023-04-26 08:15:28 +0200
f70e52cc72a7274fa2745cc02c6ff1e6b70f1309,2023-04-25 15:26:09 -0700
1f0e493fbbdacea736262ff797fda33618786c5b,2023-04-25 15:22:05 -0500
14fc167d688c907433bc2dc6ed2133576be30393,2023-04-25 12:09:00 -0700
8e7381330cc0b2c95e4fc508d22afc7c20980cc1,2023-04-25 10:50:49 -0700
a13115d6dd5189bc80e2730f51bfd5525e4d5a83,2023-04-25 10:32:54 -0700
50ca63bde82547c42475591455c00a429c854d4b,2023-04-25 10:22:11 -0700
f917e2800e93b19cd96b2e8bdd5b59d04fc815f6,2023-04-25 10:01:53 +0200
ce51d5f54a6971f5f045ec5484788f70fbb46deb,2023-04-25 09:44:05 +0200
c3232b664745ebf761b6a74f4c5b55cc48bfd209,2023-04-25 09:13:20 +0200
973676a1bd0c6bdfaf858da8f22c7c503c985de4,2023-04-24 21:38:52 -0700
8459fa0c9dfa26bb4916dc3422e958cc4420a3e1,2023-04-24 21:34:35 -0700
e2c7e77310329b2113d4122eda4bd0d46e1d252d,2023-04-24 16:21:15 -0700
3a04faa54fbef29602950877d58009d6d4306bc7,2023-04-24 11:42:48 -0700
38cf2a105f7ce86c63a347cb8dd7a0035b0ed5fd,2023-04-24 11:42:18 -0700
69c3249338697b8d09915c1a26bddd829c8f7277,2023-04-24 11:25:13 -0700
6a111717a0fede21d9993d8c9d12f992f04eb634,2023-04-24 10:03:09 +0200
37cb7caa75e7419a683f84793b77190f4cd3c899,2023-04-24 09:12:37 +0200
a9b8eff23b794c368bc596825e7c3084598c3dbd,2023-04-23 20:14:06 +0200
370f7fd54ac2a8701452112e0fa8497a9d74693e,2023-04-23 09:54:19 -0700
bdcc55b7318f0f026d31024366910e4d1671cf7e,2023-04-23 07:32:59 -0700
38a636cbaf6565b6c8803ac64f0b32b63537c7a3,2023-04-22 22:02:17 -0700
1531e59e57955f521e093d045e5808cf130ebe32,2023-04-22 16:05:06 -0700
1168312e01e8cf2115fc0e44e2303be882dc5bff,2023-04-22 12:19:57 -0700
029622b42091a17ca386977dba4a68f511ffba21,2023-04-22 10:24:49 -0700
a36d120d755b003ae6bb19a27107a49bf1d780c6,2023-04-21 16:45:09 -0700
283107d3608e65804314ba8fd2cb76aafdc36bbd,2023-04-21 10:37:00 -0700
7a91debf38a60c81e53f20deb020ed9c0cc3ed34,2023-04-21 10:17:16 -0700
74b18ddded73288cda1563e5825bcd889ff97515,2023-04-21 08:40:27 -0700
d04efee702fcdcdbe3659c12f7442f5000aa246a,2023-04-20 16:29:40 -0700
37ec2df0903de6f15e21deb04284808e390e752f,2023-04-20 11:19:10 -0700
403efd11ef9411980efde3bbe8a04cb347f9be3d,2023-04-20 08:31:04 -0700
6504fd809199cbc88ef890cc2f5b42a2cf00e102,2023-04-19 15:04:04 -0700
a88079466b7a959ea8c34aa24d6f8d66bb234c14,2023-04-19 14:59:41 -0700
215293a3d46e6bb898b430bc1f228c554115c40e,2023-04-19 14:59:41 -0700
fd52bde36bf1fba90f4a24558647b165ce36d0c6,2023-04-19 14:59:41 -0700
c7b2e95fb9f7734cdbe12f80b86b291f385dc69b,2023-04-19 13:15:33 -0700
456c9264dc221aeb1548fa35cb4296f98f42efae,2023-04-19 12:53:52 -0700
c57952ecac0f55d978228df238916f0239160bb1,2023-04-19 09:29:33 +0200
5c85dd345934f0148bf3c36bb563f9a89c31dfb6,2023-04-18 20:45:25 -0700
7301f38eaaca8095a208bc1df7b66f6f3280ea7a,2023-04-18 11:56:41 -0700
6910f70383889663c6bc59cda9247b56433c9f62,2023-04-18 11:30:50 -0700
9b590cfb60d99ecc45083bb367ba9bfd2c3419ad,2023-04-17 23:22:26 -0700
2a087875bc63a0d151575863ef47f4125fa8dbf6,2023-04-17 22:02:24 -0700
854f007641b4917da7a92e006ab3e28d0f281929,2023-04-18 06:36:37 +0200
ec2c6ece6e1be15f7988c3bbdb155b9a4c30152b,2023-04-17 13:36:18 -0700
d3f1ec31ec795d8c410496a3cb3fd83caca0c59b,2023-04-17 12:01:50 -0700
9dd00fab1dc160bb531091cbdda8f19ef5b3a32e,2023-04-16 21:30:24 +0200
7d1bb55d357dee68bb039f79e17da3497e62de84,2023-04-16 21:18:40 +0200
dc05e1f867f077ca71fb71de4279e78258d97d5c,2023-04-16 20:34:23 +0200
b78d3361635e924ed23fd8fe87b5f966b1953dd9,2023-04-15 20:58:29 -0700
b756a5da3559be9deee9cdc674c4bf36ac291231,2023-04-14 18:16:37 -0700
522480dc4dff7305808403281980f6afdedf9cf1,2023-04-13 12:00:55 -0700
f53c4eeec5dc187957264bf2f7a6675caf9054e2,2023-04-13 11:16:25 -0700
db424ea5d67101530ed3fa2eded9ee848b6c5a3a,2023-04-13 10:38:08 -0700
ecc2492aa6f356fe0d8e0491da962c72cc2616bb,2023-04-13 10:31:25 -0700
d29cf6b6e30bc0c9774c63b22d1f1577f5af0d4f,2023-04-13 09:34:42 -0700
430702bae7d9a108d6959f2f73a67e9c9d59c3b8,2023-04-13 08:33:02 -0700
e7df8c1a5ce53c9d2b3bfd7720441be0c85d18bc,2023-04-12 15:01:03 -0700
6e4a6ff0cd552c15a647485861efd641b1114862,2023-04-12 12:14:12 -0700
09a1efc0c03d64a4c178587cab479ca8fe4f32ac,2023-04-12 09:00:53 -0700
325d282766a7151b68111191a92ea91fbac02f88,2023-04-12 09:00:53 -0700
df31406b3d0d4be8369e2c0019a749a0c4b5e383,2023-04-12 17:04:03 +0200
982e4930379977355772cca600fd22044a9d87eb,2023-04-11 13:39:01 -0700
9f9e189ed41049fa6ae088fc05febb25545cb501,2023-04-11 11:16:50 -0700
fc6bd1e7ab92086611bab87037b9edd17f99ed40,2023-04-11 09:19:52 -0700
cd56cee2f8e7bcfcd55700941cba12693bdc75c7,2023-04-11 08:45:35 -0700
012386261841c1eb50cdc01d13ae146ad40ae011,2023-04-11 07:33:16 -0700
af4ddd25475ff049c451bec3c567ca89353da87d,2023-04-11 13:04:39 +0200
3aaae6b27f77f213178d59d9eb63e54144c4ab1e,2023-04-11 09:25:44 +0200
92ef136a0e2dbe47c2840d539e3670d9570386ed,2023-04-10 17:45:54 -0700
1c6ee94025a4b268d27cb39927b349626fbffee5,2023-04-11 00:01:51 +0200
4be7d49a2ecb74b336a3be726d22deb6033f4810,2023-04-10 23:59:32 +0200
198cfc94a731fe1047efc490301dc3d9fc62fdcd,2023-04-10 23:53:12 +0200
4f49a3772e37d851b9cdd09fbd3de541bdf6397c,2023-04-10 23:50:54 +0200
9f3707bc7fd133735b83c245a6545a83521e4e02,2023-04-10 14:04:11 -0700
18024c528c10c2d15dacc1797ba78129f0a645f6,2023-04-09 08:38:46 +0200
e46bb09588803c6b3f6d26fd8c4905268e1b4601,2023-04-09 08:19:27 +0200
e86c6eac2286f87868d662a3653b6bf107eb6f8a,2023-04-09 08:05:09 +0200
922325165d671d69305290b75606ee7c5acf283b,2023-04-08 08:05:34 -0700
fe6f3b2325bce0acba4c75f4a9e9edec6021a3b0,2023-04-08 08:05:34 -0700
fa1bf12ec94d71bd9e16241b8466c70a628e22a1,2023-04-08 08:05:34 -0700
16e257483d10e5deca2776d13bb45717c88bf3dc,2023-04-08 08:05:34 -0700
3afa71aae65adf3d293d812db2a22e64844d1acb,2023-04-08 09:28:59 +0200
60032f65aca07c0361eb5d77ccc6984b93095748,2023-04-07 11:31:23 -0700
ea85cb4f610cc3961f28307a59a228ce9278c0a0,2023-04-06 12:09:44 -0700
4b53fb6f1892cb81cd3d72629e563683b8a3de9c,2023-04-06 11:20:26 -0700
a648533a84c4090bdf07bba56d9d952d7d5e98f2,2023-04-06 08:11:45 -0700
7c61537194f9ab68e3d83a16b339ec47180f5f10,2023-04-05 20:33:23 -0500
d18eb527ec41976f1062a344ab3786a693e19e28,2023-04-05 15:51:40 -0700
22d29a5a9ae0d96139ceb0b5675981178fda210a,2023-04-05 10:27:26 -0700
d485cc83ec58bd587fbfaaacebcf624c7f4c44d3,2023-04-04 13:49:21 -0700
49e930877a16bce2df51d6e51b737d2969208644,2023-04-04 08:31:51 -0700
562acc4a3520a1d21be79650b5e68336325b31e7,2023-04-03 20:38:42 -0700
6f7b434ae73bd5a670c04df842bb2e6513a1811d,2023-04-03 15:02:47 -0700
aa8fcf21d3b485ac6b315351160c7574675f8e06,2023-04-03 12:06:36 -0700
f7166be21f604ced1929c271cda21b9190e1465e,2023-04-03 10:42:10 -0700
a4a07ba0cd49d1679a76a79b468be11355a4f2c2,2023-04-03 10:12:52 -0700
2371323f07c6323ba584f19416363552e681bf5f,2023-04-02 13:26:17 +0200
885c47badad887a4804debc4a2e7be10225501b6,2023-03-31 13:49:34 +0200
7c818c0f8369d50e6d27ff8dc4421429b951b4e3,2023-03-30 23:17:43 -0700
a2ce3dcbc5282e5bc2e722bb1fd40437abb6e094,2023-03-31 06:42:05 +0200
e86510ce82a45ebd1fc16fff36593434640eaae8,2023-03-30 08:10:54 -0700
00b47416d1b277f7a99acd7a2c86207907500196,2023-03-29 12:19:02 -0700
f536c840350bd5628d7c514d2a4719404c9b8ed1,2023-03-29 12:17:48 -0700
aa0e7ab0e2f648f3b87cb02c200ea7faa890434b,2023-03-28 15:45:26 -0500
47f42f59650cfea5b38d65e27ac8a009c0dfe0a6,2023-03-27 21:09:39 -0700
04742281a14026d2abb45d056b3a9eaea8bb2491,2023-03-26 12:37:50 +0200
6d0daae99ee135b04663b4c664b1a4d2086fb2ed,2023-03-26 11:51:38 +0200
eb9aa8542886a92e0daf88b7ad17c1c98bc43a17,2023-03-26 08:27:51 +0200
f3fcc1d608716374e558fa76fcc2727174b9c23d,2023-03-26 07:57:04 +0200
07b0a15130db1592fcd1c43c8d872e91c2901f22,2023-03-25 20:15:58 -0500
d2bbfc39b79e44fa7d792f1bf08d9c9c84335868,2023-03-24 10:17:50 -0700
ef5c7318aa98c016cc32c4595cc65d70ec1ab7be,2023-03-24 09:55:32 -0700
25360c00f53674bde2ad6dd448c1004d067ffbc7,2023-03-24 09:30:53 +0100
3fa9d672c74a81464c0acfd3edecfe29925a4bf4,2023-03-23 20:28:37 -0700
faf974e343ee5af05b29bc05f9aa7855e4baa188,2023-03-23 18:26:49 -0700
e394d868cbdd21a237d1c38408ba0efdfc3b1eed,2023-03-23 21:25:17 +0100
d6ad70c0a209cdc4ac001dc21f85679b26fd75c3,2023-03-23 12:35:34 -0700
e25ee182d577ef8975a668c92831b3fd8e921518,2023-03-23 13:13:48 -0500
afb40ff751f428d35d67081cb000a84aae01f08e,2023-03-23 09:38:56 -0700
c07fa0f9c208ecb2e0824b63ebd1ffc9e260f2bb,2023-03-23 07:58:03 -0700
82528f2f5e3cb4871570573697bec2284ba65ce3,2023-03-22 20:54:32 -0700
370029b74050e85dfe965b7134ef6ab8c6d0855a,2023-03-22 19:58:15 -0700
14016a78ca6945a7e2aef24ab9ce65f24b2a7c72,2023-03-22 16:38:14 -0700
793db20ae566b9a2ad5256bf8dcf1eb7ea21dfcd,2023-03-22 15:52:46 -0700
a66b15c0f47ce5cee1016f2be59ef88e50cf9bb3,2023-03-22 15:32:08 -0700
c60516bbc270b9dcd8be3f9ae63bca34645316e2,2023-03-22 15:07:24 -0700
f30c080950aa17451c8370a8729a59fe0d36de4e,2023-03-22 15:06:38 -0700
d6e258120d86de791fd7363391c0301ba5c39ae3,2023-03-22 11:04:08 -0700
08d5c50b60b7c3747e4c2a6a2cfa5c354e88c999,2023-03-22 12:00:03 -0500
b099a33ad02c2fb0079f50be06923b4be96c037a,2023-03-21 17:30:00 -0700
34e8e2e0b217e2d80f71059162de8252058a0e45,2023-03-21 14:47:15 -0700
67d59e73a2738e3e2f40f29535bbb5f208bfa705,2023-03-21 14:25:58 -0700
3cb76f61ea2ff49fc72fe17af00637756c26170a,2023-03-21 13:59:00 -0700
f8072ba9b7cec120237232fc31221dedd08faf54,2023-03-21 13:17:46 -0700
26625912d9bbe1e9c6e85ae79eb43bf3557e474e,2023-03-21 13:11:40 -0700
30daf662b7f617d472618d30be8cecea7fcf1523,2023-03-21 11:43:32 -0700
73e2b6cea3bd17df22a3bf46512d1df787fded35,2023-03-21 11:42:27 -0700
ee08ce5455df57a347081594dfc6ea5ca1380c74,2023-03-21 09:34:43 -0700
e298db488480cfe2fa0c5969e6f2acc2fb241de8,2023-03-21 08:11:49 -0700
a31f941a387c06878f9186704bb1cb0d2759c93b,2023-03-20 19:49:44 -0700
ef6b1daed30efd7efa4e8e4829c41700c51154fb,2023-03-20 13:26:39 -0700
e82ecf6d4b63157cc67a416941cc8773d7487594,2023-03-20 11:09:04 -0700
49fb12e66e865c0b0e1dcabb68cd9ebf1e9989b1,2023-03-20 08:36:44 -0700
98ee4adeef23f78c70f63050c659a4657ecaa3cf,2023-03-19 16:03:56 +0100
3da403f596a43fb721ed5e93bd34e925bf32994b,2023-03-19 12:00:00 +0100
c92efd46515f5352f4a6e1dd37ead9cfb6e86a9d,2023-03-16 11:02:00 -0700
af8efc60fa48df385174d4346a8698712cadb425,2023-03-16 11:00:34 -0700
5ebb1aadcae1cc4e59df2d5cc9f70785ce5ca999,2023-03-16 09:45:44 -0700
053028ceb6d3bc04c223a521600b053235bf344a,2023-03-16 09:43:21 -0700
f0a250d6e38afa05ebf2a5b1a820b8cd8aa908e2,2023-03-16 00:56:38 -0500
08078571b7560c39da2fe087db8a873920a4ba78,2023-03-15 20:04:53 +0100
8dadf16fd8f089b594c19a71c80ed2a7a96c0cc5,2023-03-14 13:47:21 -0700
f5131af5db564427acf7618649796272c1784784,2023-03-14 09:37:55 +0100
e340ad5be04e902398c576f431810c3dfa4fe717,2023-03-13 16:44:51 -0700
e7d9ec18a06cec1970e62cfa76aa218c1ceabda8,2023-03-13 16:20:13 -0700
7f20b367a49a11388f14d2ad3e5c755da56ed12b,2023-03-13 16:08:01 -0700
4fc96711b84e0d2f4a69d0f3305c8adc9063be4c,2023-03-13 16:04:33 -0700
80ba1e1343708e62d3badc7c2ffc9a5bad3ef982,2023-03-13 10:27:07 -0700
a05fe0a496fcd4369acfb8a304642b78d4540610,2023-03-13 13:44:54 +0100
6671c373dee46f6a865700295ae8d58b7ff9f386,2023-03-12 20:50:56 +0100
83b1fdf9cb32b690ec146de86fd03664fb657828,2023-03-12 19:31:32 +0100
dc3af6551711bc081d6edf49b280c76822a14339,2023-03-12 18:01:41 +0100
179707346a22c53e2d4811a061651f65239d0d66,2023-03-11 16:36:33 -0800
bc650a1cd586b9c2f8063851e6d583533435f31e,2023-03-11 12:51:19 -0800
c88920d4d0c3fdad28adc9ab056ccd847c985110,2023-03-10 21:51:22 -0800
6072390293448ba23f4ebbfa1a44258eec270204,2023-03-10 21:49:54 -0800
c6f1b374bf6cffb2d34e323db60af6d4c1407b77,2023-03-10 21:32:10 -0800
81f2510db7de1db1116fbbdf91f490629f202904,2023-03-10 21:26:34 -0800
ba2a21506407df117bf55e6725c2ec4f44304898,2023-03-10 21:23:23 -0800
40806a67a673d0d8f33e31b054c76f1e590093a1,2023-03-10 15:29:38 -0800
168b4cbfe23350275e94cb40b48cc00624b0aeb4,2023-03-10 14:29:00 -0800
5ffecbb1950d550514a35a824a287d86effe8cb0,2023-03-10 13:50:41 -0800
abffff9dfb0ae6793f1a5ccdff6d69a101cbe27f,2023-03-10 13:50:10 -0800
e6cb1c599db4e6bc180e00d0bd271525f9b05000,2023-03-10 12:34:30 -0800
fa6fa237ebaa4ac6c4b0c40b117aff22466d2b17,2023-03-10 12:01:58 -0800
5921421cfe70346284778fa2d4ebd594ba470205,2023-03-10 11:03:36 -0800
3c42a105883ff6edcc3cee71155b59ba89d5146d,2023-03-09 19:28:33 -0800
9a76f46caba9e6b9ddfcac385073e7f5a928ba04,2023-03-09 18:03:54 -0800
adf6120caab7e67d2a8429c5bfeb89d01eaa331a,2023-03-09 15:13:58 -0800
c270b294a902ee8a57a458a806b03572ecb227ae,2023-03-09 13:04:41 -0600
f5f45ea81d6f7f1b0c205a6256f6adde08d32b88,2023-03-08 20:51:00 -0800
8f8f0f1b16bfa71ac44b16c96b169a51aeb642e3,2023-03-08 23:07:07 +0100
171e1e8538ab9c6acfcf32e5916001daed9eb010,2023-03-08 15:08:39 -0600
0c2f5240146035029081a5a12ac4d71e64258602,2023-03-08 08:42:04 -0800
91cb441cf31e7271f54856a10076ae43e85a988a,2023-03-08 08:34:10 -0800
ccb82f718bedb9205eeab7023bb2c9094f1b4edd,2023-03-08 07:59:10 -0800
f27ded3d9a0b302fa465b0595e03b5f577525637,2023-03-08 15:19:41 +0100
3b37f581371c1fd70d2a56f5bd900ec7a8436e7e,2023-03-07 20:51:54 -0800
dc8efe10dbc71cc4a511219f2569a0f8c88fda94,2023-03-07 16:59:15 -0800
b9523bd8b37043d65ff1d09656322f547d95c6f0,2023-03-07 16:15:41 -0800
ab398a0d5ff195f763f8c7a4358ac98fa38a8de7,2023-03-07 12:56:31 -0800
85174b977c97a4b96e82367f6184559a01dc43f9,2023-03-07 10:43:26 -0800
ba4818b871d36eb34fcdd20dc7f824447f5daa4a,2023-03-07 10:24:57 -0800
b4ce47c68a0dde173dcfea3d19b1882f7baeb70d,2023-03-07 19:20:18 +0100
50863d7c028ea36c4cfb5d857f1324f7f978e579,2023-03-06 15:22:57 -0800
50e9d01b482bfeddbd858710161c3c05b8b576bb,2023-03-06 21:14:55 +0100
7b2b24063ff24ba96d603dc5478c39dd31eebff2,2023-03-06 09:07:29 -0800
06df1702f8bcf0f1e1908dbd845085ad1ba92bde,2023-03-06 08:42:12 -0800
d59e6c85e216dab2316d52cd45f18fa4896302c0,2023-03-06 08:47:13 +0100
dd1f4ab0067e228c9aeb253599467149cbf82a81,2023-03-05 17:02:26 -0800
b8dfb2a4011d981d76ef248416c5d5c837be7ffc,2023-03-05 17:01:33 -0800
12bcffbebf98555449435a8aa5408435ffbc4c16,2023-03-05 17:00:03 -0800
62479596528ce7c565574840c13365d1577bdddb,2023-03-05 15:36:58 -0800
afc83066f838969812de4884eff759a465b86f52,2023-03-05 15:35:59 -0800
552b031bd61e82d99ee4b8661784c919ff489c69,2023-03-05 20:36:42 +0100
caee9680868d9583fa732d79deb3e8ffc66bd27d,2023-03-05 19:38:06 +0100
8257332f8045ee2b62f566d10b68b068437562f1,2023-03-05 19:20:51 +0100
b42659fbdf6fbc1c5df09649bf7b730cfd1e429e,2023-03-05 18:50:38 +0100
db5f44088b559426c81689b28b7dbe7619219fd8,2023-03-05 17:50:06 +0100
b5e4a79aba5c29bba8e3010ba3dbd0beb7fbf219,2023-03-04 10:28:33 +0100
1e625ea49bb87e4f689f377c2cdb7c3d203aaa8b,2023-03-04 10:26:01 +0100
4ac5d0858cf65d280776e24852507372e186054c,2023-03-04 10:19:58 +0100
9cf9ca23eef196b3615f14dfa5cf6024dff85f6d,2023-03-03 21:58:18 -0800
ad0f04dd90cf42011535207e661924c3b0456f1c,2023-03-03 18:54:19 -0800
182ac2b1fda0d674ae10668d3d962f54b4c249b8,2023-03-03 13:53:40 -0800
937d0523925cc639e104270d24274f22a8b07e6a,2023-03-03 21:41:33 +0100
d42d1e89c0616c203f7ad29f002811ddd440e14f,2023-03-02 13:58:41 -0800
8fcf02c26583d6ea506d083e02cafe3f9419dbf3,2023-03-02 12:29:19 -0800
274b373f0d29443a84d95e39205016120547ce28,2023-03-02 19:24:27 +0100
5e40182d954f17d825c6d3fca889acab989acd7f,2023-03-02 11:27:25 -0600
9eb1ca7a7d191424a2e94052b85d48fded0ffe6c,2023-03-02 15:33:25 +0100
fa0bcdf2593bd70425a4cae0148b26f96b1e46b1,2023-03-02 13:32:52 +0100
76c1df0cfde27167d31c112c81daa2d4fcc96686,2023-03-02 13:08:43 +0100
2f15f73cff085f00f6a597f3fd44e39c1ddbd796,2023-03-02 10:23:17 +0100
35692a360ffd2d1b9107ec6018f9fd97fda04671,2023-03-01 10:55:54 -0800
97ce9a10b23caf489a20178fa83fd006e656f5e4,2023-03-01 14:05:57 +0100
fb624cccb4c7461d84409e4fd834c4350a15e24a,2023-03-01 08:49:51 +0100
75600d4195fedb1aa32f4c1039acfab74da38fe8,2023-03-01 08:48:37 +0100
a9c94c94a3ee192a2f2fdc8ca85d99589e70704d,2023-03-01 08:47:52 +0100
88ccf9a545e525592bb0fecaa58ea97d5f25f30b,2023-02-28 22:39:37 -0800
141f4d4d3aa62042fbb672cc9a82ec563eb96f0b,2023-02-28 21:13:05 -0800
fe18883ad5880caf5f78db35eecea1b50a3ca4d7,2023-02-28 21:12:06 -0800
8a1bdd5de463e2d06132c7025c11a99fc8a3d54b,2023-02-28 20:43:38 -0800
d1679dfac55d9cc12d8f869a85109054a41ebd31,2023-02-28 15:43:44 -0800
2df3423450e67c6c384576af584a47f164b601d5,2023-02-28 15:30:09 -0800
cfa8a48bd35f1abb8ed022fac7bc86d9b9c95f9e,2023-02-28 15:28:31 -0800
54b9ef934e943fd08f008e51d5d31722ab6fbb27,2023-02-28 13:47:22 -0800
386d8b292fcb0d1a3d8bc40a567a1eee2314bfe4,2023-02-28 21:33:06 +0100
a725dad7454a1cbfe1602e88a212c5bda8a7f9ab,2023-02-28 11:11:07 -0800
bd31345ab49f2d153a2879032c7e4b4eecdac4f7,2023-02-28 11:09:46 -0800
049ec491b51dbcaef61e30301a14eb71a4497a5f,2023-02-28 18:17:10 +0100
1fa276f422048a09ce201fbf78ff730aa8b61e64,2023-02-28 09:06:00 -0800
baceaf8b75e9e610eb64c872cb82e02d1085f2fc,2023-02-27 20:13:40 -0800
353c7989c891c73e866f89a23bce0e140ab8bb2e,2023-02-27 18:18:56 -0800
7184691a60e2ac21dfd6b22fba56d2fe60f9af51,2023-02-27 14:55:59 -0800
36b7c933b444bd3df2137e38eb275e12a8ea7afc,2023-02-27 14:02:49 -0800
6b3129152bc9a9a6430b06e5e71b63bb9bfd7a19,2023-02-27 12:18:52 -0800
e82ff367b61bb0193a681d878ed47575890b3c9f,2023-02-27 12:18:52 -0800
cb612ed142b600a7a4c8bb756fb71ffa5c1a0909,2023-02-27 09:55:30 +0100
ab6391767e75357a9a12691513d9f83a4180f7e4,2023-02-26 11:49:42 -0800
6bf13e2eae33bdacf2cd94d77c6696ece1604107,2023-02-26 13:07:06 +0100
c1e23f9147dc3dfe84af0e45a86f3fccea8e7db8,2023-02-26 12:07:37 +0100
8c3c9cc9ceecdfb2fd7322b79dae94753d9538a5,2023-02-26 11:34:24 +0100
90feccceb94f5c57c16986bb1652287dd667e2c2,2023-02-26 10:27:22 +0100
449d0d505aff81fa7f45301124c1cb16a0e6d804,2023-02-26 07:39:23 +0100
b5a31a14d56c1ee24bad87e1ac7f119d638ee320,2023-02-24 13:37:40 -0800
2ddd32d28b69bcccf9f223ca5b21c518bf1920cc,2023-02-24 09:14:16 +0100
776c6e6e61bc90573545f9dc788ee40eb451254d,2023-02-24 09:12:20 +0100
3efaee1790fe541d0969e12fa24afa4e1a3041c3,2023-02-23 13:55:06 -0800
83d4cb37dc09b917e287725331d5894344a52944,2023-02-23 21:50:05 +0100
0797b89b25b01960e23efe55aa048cb8a02b77ec,2023-02-23 11:23:28 -0800
38e94f5574dba4a35bc61b7dfe5c34ec2e734f8c,2023-02-23 10:08:00 -0800
41f881452f4098c6fc5488df24f8cee0becb4393,2023-02-22 18:47:28 -0800
bda35ce7cf5f618679b886a651bd91c2ab7ad141,2023-02-22 16:59:53 -0800
ce0d075e4014743cb80dac774c3804ff8051070a,2023-02-22 15:24:29 -0800
fd50aa8ef91127c86581913e027267e58639b7cb,2023-02-22 15:11:47 -0800
c0555c89b9191c895c1f46143602e58e77a7ddbc,2023-02-22 14:27:42 -0800
49f394864ccd2ab45a23f80dcfcd31f163ad853b,2023-02-22 13:10:39 -0800
8592dee5b896050aaf25af3e56d82895e889ddde,2023-02-22 10:18:54 -0800
98c58f7b9586b98b191cb36b88b33f857514b81b,2023-02-22 14:18:28 +0100
240306744197a9d1c60763a97ae95904a279a0b5,2023-02-22 09:54:15 +0100
ed2ad9dff88cd8897b4ddb7de583c2192ef8f830,2023-02-21 16:12:03 -0800
ee317a58bdc52ae3c8d921ef3dc131d53a27953a,2023-02-21 14:22:55 -0800
e16a51bd16479d9f777a3d8de243a80019907632,2023-02-21 19:21:50 +0100
cd7bd16ca97d81b27114ce9b9d6d52cd2cc1347d,2023-02-20 10:22:20 -0800
237e99146656f4a76e5b31d4daa18d6c35ddabf3,2023-02-20 09:25:52 -0800
42d209f491733c412748706fe99756d8767ed3ee,2023-02-20 12:17:47 +0100
2dea41dffe9f7c0aef966e242c31363ff65082a3,2023-02-19 22:20:10 +0100
66e2ffcb716b1851833f4f6503a5d4882cdb7195,2023-02-19 22:11:32 +0100
2a9e65399664c4a3b421bfe4a374aebf371514b2,2023-02-19 22:02:48 +0100
f7470b84b334b31ae9e4ac6ac61117cb6be31586,2023-02-17 15:44:39 -0800
bd58ca5dd7759c990993c3d85a824bec595078e2,2023-02-17 13:03:33 -0800
d67d06a89d0df8d96ac90b3add9db4b7645e467f,2023-02-17 12:55:41 -0800
f0df880a808d204f17ccada9a91e1821fa586ae2,2023-02-17 12:32:07 -0800
bb95e8bb1a9c283b86afeae978d2f838456c5d03,2023-02-16 20:55:16 -0800
59b94366ae30e62a6385ea6e8008c9b439ca2239,2023-02-16 18:18:06 -0800
aa3cc32c98d83ae0acf65997c74e3b6eb7ac5019,2023-02-16 14:00:37 -0800
5a4761c8fd227fa582b78d14f0a49de33b17b443,2023-02-16 12:57:42 -0800
e1a09e78efd41bc8dbb095879254a89213b80464,2023-02-16 11:00:22 -0800
085b556cca202db900755b7023e6d6aea0ae24fa,2023-02-16 07:51:34 -0600
b0f55ce83544ea802d3211cccc20dc297192ed9d,2023-02-16 07:50:18 -0600
370a43e26f8602ea4ed82a24295856211a7974f1,2023-02-16 12:01:15 +0100
ab6ba6801cddd70d261357b514103fd8e95775f9,2023-02-16 12:00:37 +0100
27311cea110dfdb7ed7f92f1be00b2ca21754e0b,2023-02-16 11:57:18 +0100
7d08f4f6fa2748ad37a8c3f8046f2ad6a1913558,2023-02-16 09:05:04 +0100
630201e8da28621396e659521e5e2835a3632381,2023-02-16 08:45:52 +0100
7fff07c6e262403ccbd1b7b0e8684e57b76f5a75,2023-02-16 08:35:12 +0100
a6ad1d1312bd1a0937bf7c9297f8bd553ab050a0,2023-02-15 21:10:02 -0800
8c4fd98e15756bd1cbd913b7366bf31fa84c53ec,2023-02-15 21:07:09 -0800
ec8531426682f5431deab065ecb9f2417eb98e5a,2023-02-15 21:04:53 -0800
d79acd4d68cdfdc41adea3e0b41311c3430d65ed,2023-02-15 19:06:08 -0800
49d833aa83f6d4681c6c9f8473080f6e78124a0e,2023-02-15 15:46:53 -0600
14663ed63301a5cbbff4afdef366afb62121c585,2023-02-15 17:58:07 +0100
18d45b42b6504c03c71467a91ac5e67c9528f068,2023-02-15 10:32:10 +0100
3bbea4aee93ea90f153af4640a548fe40c4a7e65,2023-02-15 10:25:59 +0100
1ab43a919297851e8d581bcb1adb7432c82270b4,2023-02-15 10:25:33 +0100
becba79d85a5e90ab9201a44137be68fb28228b6,2023-02-15 10:25:13 +0100
634215fcd411dd8a6d5c0b6d7d8dbf4eb66494d8,2023-02-14 17:30:27 -0600
72adc7c0ede01e25cd77437eaef7a21b3530157f,2023-02-14 14:06:41 -0800
38d7602d8630c1cb235accfc5d460c969e9d9d6d,2023-02-14 10:57:32 -0800
6cd3d240fb0492ffb8164022bfd9b382c33d1c7f,2023-02-14 07:45:07 -0800
ef7e20e12eae2638015ff91b3356eb2f32f601cc,2023-02-13 12:40:59 -0800
775b3ce3a7421a9265b3fa7ef11bc31bcf212cf9,2023-02-13 21:02:14 +0100
1e57760394583889f2cb7fb87d021471e8c46f0c,2023-02-13 10:34:21 -0800
e5a93e83b5706ff3178bdcc4d9d13f6693a34e95,2023-02-13 10:26:48 -0800
96dc0c6a6e2be2f32714acba94299511b8948e95,2023-02-13 16:51:19 +0100
a7a6d354b109164c99efdab323401b55d81c528d,2023-02-12 20:24:53 -0800
1521296dd253c829dedc3e83ffda4cd2622667e2,2023-02-12 13:08:56 -0800
b6b9972538ffcbae10b7e80e82cc444254d49103,2023-02-10 19:54:13 -0800
970aeaedbd3f83f7817a3c84973931488d56adfc,2023-02-10 16:59:24 -0800
4c06b4c35d2bc7c3e639755218db1b1f5f6d1c74,2023-02-10 14:00:04 -0800
d365e78e33345f5e40def8a78f882e8f551a3879,2023-02-10 13:50:52 -0800
824c6d8ad389bd9659a43cff81d2eaea3875fc95,2023-02-10 13:47:51 -0800
370c135144ce2d1b00e9938e267548e78ee6edaf,2023-02-09 16:13:45 -0800
e5846a573f238bde05eb74850f892bc1171773ca,2023-02-09 16:10:37 -0800
03443f5efd5c82caf400fb8e019744f4240ae2f2,2023-02-09 14:17:01 -0800
e3c18e297e87705284b602b17b37a7d87c38c843,2023-02-09 22:26:23 +0100
038f831d5b30aea78b5903ce5329906e649fde63,2023-02-09 11:42:10 -0800
20fd2df1e9a99e4032a9ce44d115a2ca2fad99a3,2023-02-09 11:34:46 -0800
44ff2a10491b48f393b46703b8b22d9699497337,2023-02-09 10:16:32 -0800
4d43c25447375cd2011d4c114d1d10cfa1875f2c,2023-02-09 09:43:10 -0800
99659a15c8b94a6066aaf7bb840feb987eafee76,2023-02-09 07:56:00 -0800
a180d63e187c370d1ac4327483a712311a900da5,2023-02-09 16:20:00 +0100
2a7186f4a9b899a21d3ea5f20d5fb75e97717db6,2023-02-09 15:34:54 +0100
2c9c5f8274718d627d09b6b63b7d358fff5a03de,2023-02-09 08:27:24 -0600
505368ad3f02d490cc969a5949cfcb9e51c00828,2023-02-08 15:07:56 -0600
3a0686d88c512a7460181843999ef621283ce740,2023-02-08 07:41:37 +0100
eeb055a37705b8c8ff1e13acefe0ba24382c66fe,2023-02-07 13:59:52 -0800
10df74af013f304596cb1f715178a46e7d0c55c0,2023-02-07 18:14:35 +0100
7dc48008befe33d14e032625eaf36e6698de61cb,2023-02-07 08:28:56 -0800
cce25865cfd3dffbb9b08bfb473ca98ea160b357,2023-02-07 08:27:19 -0800
9421ba0f1117d48d9dd5aeb3dc06a2393af4e927,2023-02-07 08:26:41 -0800
8bba0b1d713b5b8f178cccb8c5d601286ab676ce,2023-02-07 08:24:07 -0800
32a8ef52ddf20aa2068dfff8f9e73bd5d27ef610,2023-02-06 12:32:05 -0800
531a81581aed152bdbcfa8801593f26918dc1d02,2023-02-05 18:39:45 -0800
b9a62860b1b8eaf626e599f55a4c195feaf365f8,2023-02-04 22:29:49 -0800
4ee65c29130b5a32f24a4c3f5bc330ac6febbac2,2023-02-05 06:21:55 +0000
0be1b6748fe63c0cd0de3a68168d23f476d86740,2023-02-05 05:13:44 +0000
bc6862bb0d0699adc6d66def24bcf3288e277bc8,2023-02-03 18:10:32 -0800
6e19b53dd79864e03b60cd2be77d072bca6a90c0,2023-02-03 15:29:02 -0800
17cbcd86a8526248369ee77d5c690a5789e44fa1,2023-02-03 15:28:12 -0800
2c9fe06fc5883ff89a67edddc4528c10134befc0,2023-02-03 15:27:05 -0800
70057949d2f178601136d1b4822fbf20ef3aaac1,2023-02-03 10:57:45 -0800
80766723588985c4592ffb336a76eabc046d01a9,2023-02-03 10:44:47 -0800
333227fbd13821365cec1bdbfcb9314a239bea0f,2023-02-03 14:12:18 +0100
6165a7d816519b96294453eebfde7d80dd941c14,2023-02-02 16:23:54 -0800
8b6c777369e43af36d4a18a046989b0c9b354e39,2023-02-02 15:08:36 -0800
efe7ea6fd0e5634de1df899af132b87429537b97,2023-02-02 08:45:34 -0800
0739dc533b50425c17c584f55e60678fd2fe36a6,2023-02-01 09:12:21 -0800
0a6e6fe6fab5fd8e680e6406e192ff755fe1044a,2023-01-31 11:35:18 -0800
9c230f1b7cf1e9d9ecbd100c7b8f65fa0f7c3a55,2023-01-31 11:33:58 -0800
831931fa4bdb10eddb0cb0a52f8aea63f4419487,2023-01-31 11:32:47 -0800
eb44a711fba8adf81001207d5c000f43880b0bb4,2023-01-31 09:36:02 +0100
d6e770e3491b75fa20c02336db89d269abc05070,2023-01-30 10:13:49 -0600
89e7e50bbb91ba8524a0d45e67d19869c1d29dce,2023-01-30 15:13:19 +0100
949039303c6a0f3665fc114a0cad3a861e0a76a4,2023-01-30 15:11:12 +0100
172de686f1e1df9daa05f93dd8256e0fcebeb10c,2023-01-30 15:09:07 +0100
77d3c768ec4b8c38409480b7f5787411697860d6,2023-01-30 15:00:46 +0100
bdab3b5e96df102166b778d564dada65e3e87457,2023-01-30 07:42:52 +0100
947f8b68c99533beb2d67d5c4f829548e1ec83a6,2023-01-30 07:31:24 +0100
c3d36cdd88e76d0a6ac721bd7c004631f5bfb6a5,2023-01-30 05:59:40 +0100
f4ca80cfa95302d4a74f15c4ff0bb63dfbaed9b2,2023-01-30 05:49:35 +0100
a76724f7ae7ff3722fea3e1145aa0a978c721b45,2023-01-27 15:08:05 -0800
038091f6b65bf63d028af175dbbbc7285815d6be,2023-01-26 09:51:50 -0800
9fcfe79ce3ef67ece696b7b2e854543990c79f19,2023-01-26 10:05:43 +0100
81bf8d30766b1b129b87abde15239645cb127046,2023-01-25 11:11:09 -0800
de9d8ef1a5d1707631fee53c70b36b882960983c,2023-01-25 09:52:28 -0800
2cc38c460ff912238efc759a499c7f144981efbc,2023-01-25 09:12:02 -0800
a1b90de21c544609d9e328a5e9d46b167884f200,2023-01-25 08:52:45 -0800
2671621565cde8adda27b81d1699663f71d9b3d4,2023-01-24 23:31:48 +0100
3c27c5763d9049f0d000d5670dea033122361883,2023-01-24 13:54:52 -0800
5cd0075cc0c387cf143c28390e513f400dc2cd74,2023-01-24 13:33:08 -0800
8de81a8b780807ca50b883b01f0ce671933a00a2,2023-01-24 12:28:14 -0800
3164220df93579fd013bdab6dab1bfc3d855db09,2023-01-24 12:27:36 -0800
c248fe29bc9d52741e69ee425dfccdf7edb99f83,2023-01-24 19:52:37 +0100
4ac92995c5779a1d069789e7ca54bc74ec4052e2,2023-01-24 07:42:44 -0800
89e603788a50be3c45ac11690551d6a8124dfe89,2023-01-24 07:39:22 -0800
127f88731a547eaf6e99f3aa144715bca1f98554,2023-01-23 19:31:59 -0800
550ce61dc8c0c491da9329c8609aadd1d47ca0f3,2023-01-23 11:23:21 -0800
3d8bd0283eab9121678a09186e5dfa0e82b44ee6,2023-01-23 10:35:37 -0800
75b349d93a6dde904fae7065be7fd724ae5d7f36,2023-01-23 09:48:48 -0800
eec20ed14f02ede937dd6bf98d613e8c8228bc80,2023-01-23 07:48:25 -0800
881be5e5d3746da0d8f1a837d2d1bb0f83776b81,2023-01-23 11:35:57 +0100
4491e7d6d6911ca0ecf129d7528dda2717f8c938,2023-01-22 21:15:50 -0800
f6d13c7e180bb426f95664c9af00e8cc9ed65d47,2023-01-22 11:09:50 +0100
9cdec9cece8b8ca4a38b1136c51b2ecb181072f9,2023-01-22 10:51:53 +0100
a1d994c131dc5b5f42e1693e92e058493382593e,2023-01-21 20:53:20 +0100
fc079210152174fa3bfd08fd6443c1f23761b891,2023-01-21 00:28:23 -0800
9c833437a19b270e2dcf4e081908b49a0dfaa0ca,2023-01-20 14:06:01 -0800
2d9e3ff6879d41c3d9bca5629b35d1162734e7f5,2023-01-20 10:33:13 -0800
c04e0497de929ce60714d6606e6284b3fc8d24c0,2023-01-20 10:32:00 -0800
eae322d2038ab18ddee022ea97fcd8e7d1a38d19,2023-01-20 08:29:15 -0800
83b7263922e2e97b7cdc7208afec55184b12ccb2,2023-01-20 15:07:40 +0100
22ecf8ae069c3e623132c1babff7e0e67f6c7ec3,2023-01-19 08:47:50 -0800
b008af50a121e3e1043520fc44334c4a36639cd6,2023-01-19 08:31:17 -0800
c05d03565f1e460ffde706c05b4485d03b4f3a35,2023-01-18 15:50:07 -0800
66ed965406de8325fb586821ab985a8e9329af0f,2023-01-18 13:55:32 -0800
df87b2e214c7576184e85e1be145069fc0c4d871,2023-01-18 09:19:07 -0800
b0050dc23848ff4a809f451db9e74250e32ab4ac,2023-01-18 08:34:02 -0800
35151fe17b47c0af22787db4e4964b0cfcfdb215,2023-01-17 08:54:35 -0800
046a81aa734dc4b61b66c3214ba6888a72d68bc9,2023-01-17 08:49:24 -0800
ab1a19b0ab16a877c518d7003d4ba03ca0eb3e41,2023-01-17 08:47:11 -0800
32cfb62fdb9dca215250e4ca8285754e9393767d,2023-01-17 08:10:53 -0800
dc750454dbc1bf7f00734bd6503ec63e470770cb,2023-01-17 07:39:33 +0100
b7e5893dfba5e88c57d40a11a37103a3e06c9318,2023-01-17 07:26:56 +0100
8a70fe0ff5f241aec8856f8091c77fdce35ad256,2023-01-16 13:34:04 -0800
37142709edd2b1b5da5a0db2036eacd9f608c8b5,2023-01-16 20:06:12 +0100
96a912507c7fa942dfe842cef8090255edc5bc1e,2023-01-16 09:13:14 -0800
67d637fc3e18260c24709492150646bbcf5852a7,2023-01-16 11:40:37 +0100
ad09085cb757f32320a444b82432449b46883190,2023-01-16 09:35:04 +0100
8685bc8f28bdbe86166439e716c97617fc804764,2023-01-16 09:34:46 +0100
24726b05f18e958f4d2492a805352f6442e0bd7a,2023-01-16 09:16:20 +0100
ee09d679b5138b4d075a4ff3c38904c61b2487a5,2023-01-16 08:38:02 +0100
d2c21399cc01a25f2a4bcf1f786d3be9dc2ace6e,2023-01-16 08:35:05 +0100
d57c7052586a95455645fe9800dce8b65baf1237,2023-01-15 10:47:26 +0100
fc3f778860fae5c6cfa09046b97e198856ec70c5,2023-01-14 12:08:22 -0800
9b373b1541e7ec5f187fb775477dba2e3b8d11bc,2023-01-14 13:24:42 +0100
24211aa2741f29eda14f21781138119a461ce289,2023-01-14 13:01:48 +0100
e56c1cf8c16f527bf91b74399602138e215f4186,2023-01-13 19:57:46 -0800
7943e94f0eb916d2d274e2da44640ceb14b3b590,2023-01-13 17:33:14 -0800
c05bde8b9c2e4258d250d85c8db5f6056f2a2f0a,2023-01-13 17:22:06 -0800
e5ea152fd3d36852dd2831757c62b21e11dd4bfe,2023-01-13 09:58:26 -0800
6ab1986e1e31cb54ea3864f6389829ea9bf36582,2023-01-13 09:12:25 -0800
0704ab47faaf74f5c31a1b2304bfbb6449c33b25,2023-01-13 09:09:59 -0800
b2349a98e4e2d6d19469e1557a771946ae9afe43,2023-01-13 08:57:36 -0800
9208cb2e5e44623ebe3adb587a665dcca8604879,2023-01-12 15:49:40 -0800
6580a0db156c2cc761e4f094409a66eaacc6c4a1,2023-01-12 16:49:13 -0600
bd1abcc92b36f05f6e75e1a2b8449ec5ddd7a135,2023-01-12 08:14:22 -0800
3def7f1d4f2db5878159f42403113262292a4528,2023-01-11 10:45:10 -0800
fc501f33761ae35a48f257d6d973d835fccd6da7,2023-01-11 10:38:43 -0800
d7d792e74a75b1aa147d424a51e9c3459e6becea,2023-01-11 08:53:22 -0800
5787ff407e67cd751944b555c54141e40f9a5276,2023-01-11 12:07:30 +0100
fede493d59f17ff2bfc0744b296d90bd36130386,2023-01-11 07:43:07 +0100
ba63f25864a132ce6d3ea1ace62c7df7013a73ef,2023-01-10 13:42:53 -0800
ce6c95025d33aac663ecdfb99ff92f2d71731263,2023-01-10 08:26:18 -0800
ceaddbfa33fce56f091a8b656e11c9a3cab9b5d0,2023-01-10 07:17:30 +0100
8c938724d16fc2f36099cec3063465634d3ab186,2023-01-10 07:07:51 +0100
457a1f1991a1d01faa074796cc476f6f0b7846cd,2023-01-09 13:27:10 -0800
f02817f6fa1df304b2a1ad2df266406b79a00f0b,2023-01-09 13:02:14 +0100
0507817f192975dc1959772571df3b0d88e58053,2023-01-09 08:55:37 +0100
4ddbf2bb4bb4769c0dc84a9e51f34da2910985c1,2023-01-09 08:40:09 +0100
a6cf25909da76a3250c07d5e7e8be813e678ba51,2023-01-09 06:45:36 +0100
40cb99e30ea4b169182c1f94b6700efbd7def28f,2023-01-08 20:27:22 -0800
4ac99dfea9d7fed6093d9aa9df8e1cb46e74f751,2023-01-08 23:13:55 +0100
97ea13651f88a8d4a1862146c35069c1f8066f54,2023-01-08 11:49:39 -0800
d1f268d0b75b82bd3e0f68da13b30e084dec056f,2023-01-08 10:44:38 -0800
0368d59ddb67093d15873f37a2319bdc2d5611be,2023-01-08 19:33:15 +0100
01b5e02eb4db1b461f62bbb19c1e85db366050be,2023-01-07 13:36:27 -0800
596d7b876dcd9a9d5a5242622e3abaf8f069f3dc,2023-01-06 15:02:27 -0800
904fc8e66186298f0d030013dc5fedea4ddf4058,2023-01-06 15:01:47 -0800
f6c8cf91614d118bb13cc4fd643a02cd23318325,2023-01-06 15:01:27 -0800
ff7cb4537e91f575821700e104608d73a3ce177d,2023-01-06 15:01:07 -0800
5028e4a928fee90f353dc820089761758817c0f0,2023-01-06 17:07:22 -0500
8026442e486c5fde70c855fe88839bc2411a5ba1,2023-01-06 13:52:29 -0800
0c09e9fee15b5621086fc03e60a4deaa29d83c01,2023-01-06 12:20:14 -0800
445503f7fc970494163b113d7bc8734693ded417,2023-01-06 11:35:33 -0800
8828ac173a57f77ab0b89904f6456de08d480044,2023-01-06 19:08:19 +0100
145417135d75eb8cf627b585ea3231380610fd9f,2023-01-06 09:27:23 -0800
daa28d4d6eb9c83457c7a8b9abee5190021d353e,2023-01-06 09:58:42 +0100
e2bd4bb6c6a584b6e93040bfa09d2f1d0fcf7ce1,2023-01-05 15:52:07 -0800
370682527a0369d3443cd1058eb24e83edbcaa0f,2023-01-05 12:09:06 -0800
9cc78cbedaea83dc9ac0d593a4b1352d5f990f0c,2023-01-05 11:57:12 -0800
50c736b33a87cd95ac263b76d90b5ae7380eb73f,2023-01-05 07:29:11 +0100
73b70e3824f049e3e3808e8255a8188a924daf64,2023-01-03 10:46:13 -0800
1b52fdc61be68b64ccb09f35ee117a83fd0a3b4b,2023-01-03 10:19:15 -0800
cf00f6a06b256e9c4defe226b6a37aa83c40f561,2023-01-02 10:18:21 -0800
adecd8aa6f1e57974f115a2e33b4288eb044a4bd,2023-01-02 09:42:41 +0100
145767dbd1be0dac565ae841e8f41b9a85117515,2023-01-02 09:27:58 +0100
7085640e72e1451e3f0e960f2d4bd8b128e09ce4,2023-01-02 09:11:40 +0100
a1a196da850a65050232ab10a929ac9eb66560b5,2022-12-30 23:07:24 +0100
f13e7e506a761bdc8c004e53478c0dd17739dde1,2022-12-30 10:55:09 -0800
4d4392ae07d36e0afc56ad20eeda602bc62e5e0f,2022-12-30 10:54:01 -0800
3b5ff3f21ab164fa78f4e1ba67316edf9de46180,2022-12-30 10:49:06 -0800
659dd43350e99cb3fb258a3552c6c558f844ebf0,2022-12-26 21:36:58 +0100
2a72008cdc6eb6c879c76a032ff0e9cd874ba3a7,2022-12-26 21:25:58 +0100
93eda84f7ab7fe3924577d4af57a3cffbe8562ef,2022-12-26 21:07:32 +0100
31cee6b2d8d238bcc54799f1152f8fb95c48a2d1,2022-12-26 21:07:04 +0100
31c801104303678a790e33586aeb388833fd90d6,2022-12-24 10:37:28 -0800
5b62b13eb1027b9d0a50059d744c231658ff5449,2022-12-23 09:10:47 -0800
7a7e6ff61220ca866e73619a7b6176a9b863df75,2022-12-22 16:43:22 -0800
6725dc4d5168f41180d4e4acb73fde5b78abf062,2022-12-22 16:35:57 -0800
19f9794d81029d0c2eb4d3086b15b1142babc1fb,2022-12-22 15:19:16 +0100
beed583f8ea3d19285a5ec6745ee0cf3206ee4a3,2022-12-21 15:47:05 -0800
46a45e35c70847a1b9d790e1660897a69668d854,2022-12-21 14:29:45 -0800
e3a7b160e7087b6331ea28d9ad421755e5b59f33,2022-12-21 14:26:37 -0800
3e28b55d7808546fc42afdfa492f22f2a2323502,2022-12-21 10:18:51 +0100
a237cd555b7524c8385fe64b3573093bacace159,2022-12-20 20:04:30 +0100
82ae1c6818d23f0cdf4c045589851bf82f7facc6,2022-12-20 08:52:02 -0800
e01084ed83316768a3d8996c9034c1b7e46a57c2,2022-12-20 09:06:55 -0600
705bb71fa30383d08afeb3fed9553ae37ba1e7e8,2022-12-20 08:30:56 +0100
ccdeddd70c8e1ca54cf2367fdd5c41962f055421,2022-12-19 20:56:38 +0100
69bbcc70983d4f30b5ce21cba188cbca6fac7df4,2022-12-19 09:47:54 -0800
b582246ce27c53379c64c013205081c6a65ca325,2022-12-19 09:37:13 -0800
53189c77ba52b7077ab7eb33a7238e2ee69ed4e0,2022-12-19 08:56:51 -0800
67b5ca239ead5549122a5b10e8a372cd1c8dca81,2022-12-19 08:34:05 -0800
715c9b90f537a215f38da5a8ddad19977222860b,2022-12-19 08:33:08 -0800
0c37a153864edc338a2a3ce9f0c67513861286bf,2022-12-19 08:14:15 -0600
3ce88dfd9eb849693f1b196cf5d790b4eb59261b,2022-12-19 13:17:44 +0100
be0c8ddfd2a6d3c0f2e38b0b980d8fe73980ca3f,2022-12-18 16:09:24 -0800
bd526a1ad698d7e181b98c866b7669acb5b6c9bb,2022-12-18 16:08:27 -0800
c06ebe2a3a7dd93e8ea554419fced892ec4ecce7,2022-12-18 16:01:28 -0800
5a2ec17669723102a8201d255d34dec942abed5d,2022-12-18 15:59:16 -0800
b4d9770a7097491451c03c4dda1479e8d389a898,2022-12-18 15:55:13 -0800
5a9eb3c20a3867d6ca5ba0d4bea87e1760bab84c,2022-12-18 15:44:44 -0800
708d634e8c4db75642b3e7ea07226397664870ae,2022-12-18 15:37:18 -0800
59d0dee02501570bca198ad007d9658fdfe08457,2022-12-18 15:23:50 -0800
04e9ff7d1e9d7b7cc5811a1ebdf3ebf098e9505a,2022-12-18 14:26:26 -0800
5a19b043027cea223a47bb1a19e637114827308d,2022-12-18 12:10:47 -0800
dea5ec2f00cfffeb0be15367c56afef395b94e8f,2022-12-18 20:02:02 +0100
02e828cf72c6f0393b3ea6f48363f516ad335121,2022-12-18 20:01:37 +0100
886e5663dc804d9ce5ddb0a8cee9a592d4fd39d9,2022-12-17 09:35:18 +0100
0c79e40f8772672daedd45db516e003d9569e038,2022-12-16 12:35:27 -0800
6dc6308cc6ba0f189b83cba889ee7134e56ec002,2022-12-16 12:34:31 -0800
9396ba216a4f2f115bd7d73c0f78dbf12e57219c,2022-12-15 17:13:18 -0800
5851eb329df74c2b509e9cabf13660ed4331b581,2022-12-15 16:37:27 -0800
a1f4642314ba36dd788c3c15838a0b32c9b91963,2022-12-15 14:57:20 -0800
407e5431cbcf956f153ecc74f1a8f7ad9f420fd0,2022-12-15 10:52:44 -0800
deb15db02c297df608ede52936b49658d985847e,2022-12-15 09:04:07 -0800
78a448ee83a3648f5dc8d0b41bca345d236b0742,2022-12-14 15:09:29 -0800
b7354017922d73f79adcf967e11e483154bdae17,2022-12-14 08:33:24 -0800
263a67b2772b870322d9007ff9ca36a35ebfa36b,2022-12-13 14:56:53 -0800
5147a0b52451ef5c6aa09c67ff82ee1e188f2c30,2022-12-13 14:07:11 -0800
4e6af3667861d2951ab18be0bc9db8b3f6698f88,2022-12-13 14:06:05 -0800
548028b86abbeea348cb94cea1c5f2f99ba2cdb7,2022-12-13 08:20:49 -0800
694bc3038bcf2c8e5c4053fc31a5c784c9366da3,2022-12-13 09:36:36 -0600
716e290a60c801c082bd32d7d4641f0f2a1af0cc,2022-12-13 14:53:39 +0100
c35d63c455399a97bf2f885339f2784518460cdf,2022-12-12 10:09:12 -0800
531b1e9840f37b76fa0d5806d4ee3e2d1434c441,2022-12-12 11:17:00 +0100
8b1ac95708f96d50d83c60b70c66e714cbc91196,2022-12-12 10:35:17 +0100
d1868765dc157ba8c44dcaa2542899136821a7c0,2022-12-11 21:00:39 +0100
8770503fd4051c44b90b7ad7f57cc81efb2cb6b2,2022-12-11 20:30:20 +0100
3b6c74d5a434ccab2116bf1984be9012198ff4bf,2022-12-09 15:03:59 -0800
d350c9b8c995a2953aa8b80a0a1fc7cadc4dd16a,2022-12-09 16:51:03 -0600
06656f2333abdede42dd42f40b7f5243c65b63f8,2022-12-09 09:54:54 -0800
ded0abbbaf0ed9ba7873958459f84adec5d1b049,2022-12-09 09:54:18 -0800
2f57522f7ac017bd2e006a02609eb3da3065ba40,2022-12-09 09:18:53 -0800
fbf0de6d66a8f7732eb143155c28972e9188e918,2022-12-09 06:27:54 -0800
0387308bfc291645d3ad8134a101cf5c7e4ee3d2,2022-12-09 13:34:50 +0100
7f97a5d3861bcc5131a900f4f896755c47c3340a,2022-12-09 12:34:02 +0100
2f195674eaea8869ec2612f5fa67d8b66d11e910,2022-12-09 12:12:51 +0100
6d47097151b4df1d3269563a7ebfdb4b6c270a64,2022-12-09 09:26:16 +0100
0694269cd20a3625d5587d544bec621e9bec305a,2022-12-08 13:03:00 -0800
ed31f86aaf47835aaf69e447802c39e51a6dc641,2022-12-08 11:27:48 -0800
a878ad7cd61b68cf17ead57c3aa7c2b3dae5ab6f,2022-12-08 08:33:37 -0800
b07da59957f512972ed83411b6faacb3689034ab,2022-12-08 08:03:01 -0800
52c9548784b841e4693b3a7f763b033b5e04db21,2022-12-07 14:00:22 -0800
83a5d0ed0d73bbe7ddf0f91e7483860a86f20a6f,2022-12-07 17:48:20 +0100
d2f0bdb02437abf61048042c73f3c459d3d4fbaf,2022-12-07 16:57:24 +0100
2ca060c34c1c50d9f36b45a55dd01752d2b6bd6f,2022-12-07 09:18:04 -0600
8a76b4bf681c9d245b6825d7b3b920f15e48bf97,2022-12-07 09:12:12 -0600
b176202d8e6f22c2ee1f9fea813a2a00445c668a,2022-12-06 13:25:06 -0800
75bf001eef3898b3e6a36cb4221e1413f31d48cf,2022-12-06 12:32:34 -0800
f5f79a98b5bead5b976378cc2fc45c9454ac7731,2022-12-06 18:59:50 +0100
5b1505378414295476a73e07aca65fdb1a29da7d,2022-12-06 12:59:29 +0100
cd1d918f66b592fc262da237a9ac6d5d21866b0a,2022-12-06 09:06:09 +0100
c21b5ed337cb13279d9b16a6532c9ef03055272d,2022-12-05 13:11:27 -0800
9a00f7477dedac4501fb2de9e1e6d7aa83dc20b7,2022-12-05 10:08:50 -0800
b2f4694b4d15c2e065ac2739d9d22bb7edd3b537,2022-12-05 09:58:23 -0800
2ecce262355c3362ba126d9d30e6df0ce42d14c2,2022-12-05 15:12:18 +0100
574a55bbc489d439570445ef9294cd730f1462ae,2022-12-04 15:59:18 -0800
577867e88da86ab70f4efcb12ab993d01062712a,2022-12-04 19:50:18 +0100
7fd9ded0a119c050746d765bd90c59fef93506b1,2022-12-02 15:54:18 -0800
a980d7654685d5d2f691f4006fc958b03a249bf8,2022-12-02 12:48:51 -0600
3de462efe946b790626b6c5bc40ed71a1accdc3e,2022-12-02 18:55:50 +0100
bc465add69cda31b5c6f32c9616a889d95be5471,2022-12-02 18:54:49 +0100
4b51de3110bf5ea7846c170fdfdb86a71adcaa68,2022-12-02 09:28:51 +0100
8e79259136601e45bfb031edde21775dc2c0879e,2022-12-01 13:43:42 -0800
95227dbbd558d057f515be969a8031ef77505085,2022-12-01 11:41:40 -0800
09fdbda9e6c7a5e9414350f87166b247421e7ef8,2022-12-01 11:05:44 -0800
af0f35258b9caadb0bfc5311c224c2facc0f18aa,2022-12-01 10:04:30 -0800
eadf6498f457c3b16a7682cf96be0d71c2a6242e,2022-12-01 10:03:41 -0800
bf8e68b4a7b4cca187ab0b152da9d5e98d4a45d8,2022-12-01 09:35:44 -0800
4ebd44abe4e0d6f60d276350b5cb35396d24d736,2022-12-01 08:43:03 -0800
b202dff3faa45954171f7c95787b094fa2d459c5,2022-12-01 08:38:33 -0800
b67bb55ca9cbe762b85b5b87d8426e0bfd8c4cc8,2022-12-01 08:37:23 -0800
49a0ea956e3a4b9979754c887d803d4ab51131ae,2022-11-30 14:25:07 -0800
ae15c7e36973501b40443e75816d3eac39eddc90,2022-11-30 09:49:10 -0600
48eb101141b04b30ae8dda0f677009d49ae5ed75,2022-11-30 10:30:27 +0100
cecb10bb8ab0458fb3f6a650692a8e432f08cbd2,2022-11-29 16:55:53 -0800
8f529830ad5ae9929feb98f22fac8ff8a7b723f7,2022-11-29 16:33:39 -0800
9f27cb333dea397314dafc0d3e1ca7fa89b21ab3,2022-11-29 15:54:23 -0800
f325006f2d638d0396ae78bf9765146ce58ee9c6,2022-11-29 19:14:20 +0100
ac5f6a0034dfd88cfd5b10fc97e6a4ef05a07493,2022-11-29 09:35:49 -0600
66fd615cd4cdab2ff76915dc5929d5c93705063e,2022-11-28 13:12:05 -0800
51b5f08b842b5319ac490174e69feae66e3c912f,2022-11-28 13:05:09 -0800
617d8ea080119c4b954e4a3a3ddb23b3de8309bf,2022-11-28 12:47:27 -0800
15630f47a532736f6b8b038c97c424fb3bc4516f,2022-11-28 12:45:24 -0800
56309c24020eb47cb2e3f0db005afa4563d9a766,2022-11-28 12:15:43 -0800
3ddcaa0033718879e985244d565b03e7a86e65bc,2022-11-28 08:50:24 -0800
d7be97593e4606abf76fd374ffe4c493b2bd5d42,2022-11-28 08:11:10 -0800
6b8f7e0e31a81029b478e7757aba749f5ed27f42,2022-11-28 15:51:57 +0100
666d601c4fa03f11d38925d3399f5970f097e556,2022-11-28 11:12:52 +0100
a8e4eeaa70da8a1f645d6da39f96d6a6d346599f,2022-11-28 08:23:51 +0100
b5102a6f6603b4ec776c849b2c0e5f212366f11d,2022-11-28 08:22:40 +0100
b00a3c83c5ac8f5333ad88712d884fad5e5a6944,2022-11-28 08:20:49 +0100
f86f3eee4c1d5c42646d678484846bedeb65f9fc,2022-11-28 08:19:24 +0100
6a2e900c665b5488a1821211cb96b4acebe935af,2022-11-28 08:13:18 +0100
4caf1b44ec9d1ad6c9e90ccd1203b77c45784b87,2022-11-27 14:41:20 -0800
c64c4b2466aee300cebfa40d5603521880dec39a,2022-11-27 14:34:45 -0800
4b23ecbb4577c2c61890070c450a2345fa48d21a,2022-11-27 14:08:38 -0800
7b0bda9367b6d0e035dda74375ef6ce9fc0c9f7b,2022-11-27 10:26:52 -0800
6dab162e03aac55f66e988cb401a58b45edde634,2022-11-27 08:59:11 -0800
814bc230b365c292e61056e8e63c7f245eed8ea1,2022-11-26 13:34:47 -0800
f671053dfa8960eb85ae8531e56daf9ee2fe7fac,2022-11-26 13:31:54 -0800
ba23ce9a137572117fb8753be504952d90cadda2,2022-11-26 07:57:51 +0100
c4f9337a61bf9f4e80f058e3f77b9cb8f617522e,2022-11-25 09:07:35 +0100
1d20055e811964b0c00fe937a781285f68755167,2022-11-24 11:27:34 -0800
3a95e6afe032fc2a6e6fc5055356e5916f3515f8,2022-11-23 16:09:55 -0800
1806bac0bbad95612c6f21a884eeb5c0840c9ffa,2022-11-23 11:21:30 -0800
ede085d0f7529f24acd0c81dd0a43f7bb969b763,2022-11-22 13:40:53 +0100
a59599d29745adb33760d02ea18e656a46e486f1,2022-11-22 13:40:36 +0100
b156fffb3170b182c46c7711ceaaeb12f818b8fc,2022-11-22 08:48:00 +0100
bfdd9b2ad72e9d54fcec6cc2fe4a8466b35d2809,2022-11-21 15:37:27 -0800
7190637b7f8836564b9070daa68e64d2aff51ff0,2022-11-21 14:26:02 -0800
c0c5824e840bece666af19f2647bf33b71ef414f,2022-11-21 21:25:42 +0100
f7ac12f5a47caa9b9e442c39fbb0b3f7cd87f696,2022-11-21 15:35:30 +0100
79bf0f69a2ccc723174c40a1678bc0dcdf32ae7f,2022-11-21 13:29:48 +0100
383d9caec804293e27b23b50c2cd89168346a848,2022-11-21 13:29:29 +0100
132cb94fea66644bdefe0c3608693cf317a72f3f,2022-11-20 23:53:01 -0800
e736d6dfbac16bef6f5f7ab4fe73bd9a27fe3f82,2022-11-20 12:08:07 -0800
5ac099cb3d7fee0f50c2c8d7e8c29a82b02f3fa2,2022-11-20 12:03:52 -0800
29187353e18a0ec477f638a00353340f24fb704e,2022-11-20 12:02:40 -0800
194b45f138d786520bad7172a92cc77a899b9e1d,2022-11-20 11:35:26 -0800
7b5c64c541cfee3151ea35ccc5be9488d9e68f4c,2022-11-19 14:34:37 -0800
dbf91118c9333977fd0a3dcfc294c646dbd5e2b9,2022-11-19 14:21:28 -0800
7a13c0965d99c80768d760aa2ec3c4d8ff041c8f,2022-11-18 17:06:38 +0100
25335a0d9dcb0375a80abfb5920b4b43c3681330,2022-11-18 16:05:52 +0100
36387fce7936237e87ab63163aae129c42333fd9,2022-11-18 08:04:04 +0100
bcc4fa07fd443c25b9a0b2cdd6b0e74eabf8ebc0,2022-11-17 14:56:04 +0100
7fa9ee427a59fdb22ad897b197a293aa13db45a8,2022-11-17 14:54:20 +0100
b3eaf0c6cb9cf6357a925c7443baadd54515a971,2022-11-16 23:42:01 -0800
cae14e3d0baa464d242c26bc5494ac2f0603f215,2022-11-16 21:48:45 +0100
6697129a314d98cb793601495f7ebb2ae000b40a,2022-11-16 08:25:43 -0800
b76fff71e1f3554b3843c6f487e441c0fee8c4a9,2022-11-16 08:06:57 -0800
c6a1cc4947bd624057ac9dbb178b9d9c426055c5,2022-11-16 08:06:40 -0800
c7365f0302048d5437a75ee30a5215d8d32aaef3,2022-11-15 09:57:28 -0800
5195d280da11dd5a250d551b595eaca462ebb173,2022-11-15 08:47:41 -0800
1d10c53906847893b45c6acb0137dcb55a15353d,2022-11-15 08:04:23 +0100
0fdead77d48aaf3fb3d72bd30c6e5378418f926b,2022-11-15 08:03:56 +0100
47fb706073e2cfd022947b7a537d12c5e8a9fb74,2022-11-14 21:51:37 -0800
4cb068ff94d25cbc9d2af058cc1d490d7283b159,2022-11-14 21:46:37 -0800
186ee7e9a68762afde08e6d0d68ff25f8039d0a3,2022-11-14 16:26:23 -0800
f8aa513ff0d0188ffe15a798b55dc037d4f170ce,2022-11-14 16:22:28 -0800
fed2d1715fa28f3cd38a8330a539b6acd4da24d5,2022-11-14 15:34:41 -0800
33217abf7f88c6c22a8c43b320f9de48de998b94,2022-11-14 14:49:37 -0800
2d1e100be5199d9aabdf886bc7c324d353afd2d9,2022-11-14 14:00:58 -0800
b0d7abcb21d321039d0c69ec9290fb654a69038a,2022-11-14 10:42:17 -0800
a9d36309ea2a51e7f4c5c4bf7461a7bdb0e5870d,2022-11-14 10:41:15 -0800
abf31566e2147b721254af9ef92c721e7d353f38,2022-11-14 08:39:23 -0800
436e2d66dd3fa0d475f67e228acc42ebb9609388,2022-11-14 08:06:05 -0800
0c4a10e54ac2df3747d007130747125abc8bf5e8,2022-11-11 21:53:29 +0100
0499f57fe1f7a3bcf9c7a8625d0d0e4ee06e140e,2022-11-11 08:57:16 -0800
a7596887400243184a75efdc2eaafe0a4e96ec2c,2022-11-10 19:32:22 +0100
8de3b1c987b48b773b2cf66b9704c40514f45806,2022-11-10 09:17:54 -0800
f54a10c464666cdcb2867e80c27c245fbfaabb12,2022-11-10 09:14:37 -0800
048f3f6c064ddb4206469698de280478bb41d2b9,2022-11-10 12:36:12 +0100
d41f74915631f3e2a0812e5ef02e76831fb2a93a,2022-11-10 10:13:14 +0100
15cdc250aff84be2568e8cf397f3880c073ddc16,2022-11-09 16:45:52 -0800
e4dc3fc83aea7741f9f63950e9d4ff0bad49fe39,2022-11-09 13:19:09 -0800
d5c4fe08c934346b46f0aee147059141524007f1,2022-11-09 13:15:06 -0800
7fe4037e778583489ccdf6e06a78645384d4b9f3,2022-11-09 12:58:32 -0800
a50a2956f6738bbce4f271fd426eecb8f956340c,2022-11-09 12:57:08 -0800
305e320b0fc8fb7aebc447fc291777c27fb8486b,2022-11-09 09:03:30 -0800
febba7470004805cb9bebdc0de5d683b8fd9429a,2022-11-09 10:33:33 -0600
7265f73ce37afdda63bda6941ed2429d084866f5,2022-11-09 13:19:17 +0100
abcc65b4f2e25dc9830cf0def907540fe15f5f76,2022-11-09 11:07:02 +0100
6104d0e6f294b56846cec315e510a0323ef9ae00,2022-11-09 10:50:39 +0100
c7aa5c878faec17bca2c516bcdef51914c1bc63a,2022-11-08 15:52:38 -0800
286887185a59084e58d6df9b310fc39b0200b5aa,2022-11-08 10:25:30 -0800
cd21f68e7bb62d3be76e98ac519849944e4dbedf,2022-11-08 08:40:50 -0800
9ee8457766a966252ea1a7d2e40ff2d812df7c4e,2022-11-08 15:33:12 +0100
bc9c68675807bc6d5bf802d188d9aa37fde2e733,2022-11-08 14:55:02 +0100
75005fb7455a5db5f3b30a94be766bd374ad2f1d,2022-11-08 08:54:12 +0100
b14a3bae12c9df70ec83ffa7a4faaca443d33776,2022-11-07 15:31:28 +0100
157b707a5407da9361af83a9999b007b975cfdf6,2022-11-07 10:16:01 +0100
167a8ccd7c578296c40f8fc61c90135e71cf1183,2022-11-06 16:28:51 -0800
97511652a0464221c25e913e32de2a78e663719a,2022-11-06 16:10:18 -0800
bcd15188aa9f73609b986c033df5b03eeaa07b58,2022-11-06 13:15:42 -0800
3a4a857ddef84c6b04861442472edb5e43913d8a,2022-11-06 13:14:03 -0800
03427584d307331841cf4e5ab4fd4009c7040a91,2022-11-06 13:10:34 -0800
396c6be6869176edf7bf4c41e50feb35d660d5c1,2022-11-06 13:06:47 -0800
cee3ad43f53440c35e89992c0002d616de2bfae3,2022-11-06 13:02:24 -0800
34f8251a209e455b2ab4a9a0988645ca40582524,2022-11-06 09:39:51 +0100
6887df3dca42645ab950f1c5565240c21617200d,2022-11-05 19:59:37 +0100
bd225d5125baad78dc296911963dfd868520b4d8,2022-11-05 00:07:57 -0700
a61069d0a6706960b371fa4742d0fee32bd7f775,2022-11-05 00:04:24 -0700
1b50317c7090b67f915d712eaa1bb505efb112c3,2022-11-04 13:10:01 -0700
fb3740d2584daec113dd74e2d6cedf0ab0f71f4f,2022-11-04 10:54:51 +0100
0e74cdf8f0724ae92a5f95b72dc394374162a27c,2022-11-04 06:55:55 +0100
7a247fdb44110363bd9e87d1ace91497fd72ba92,2022-11-03 17:54:35 -0700
602850df9c989d9310655d017ce1db52c5c28666,2022-11-03 16:31:37 -0700
957ea6d1462fa5b494f443f88bff167e4ec11e11,2022-11-03 11:18:34 -0700
de98e4bfd10ce83be801d2f26973b47b4ca2b2f1,2022-11-03 11:14:53 -0700
ddf0e27c6b5304f3a7af7b5952ea36a3bcce4318,2022-11-03 10:39:12 -0700
9e76a846d2e08dcc471071031333efc16eae90e3,2022-11-03 08:46:36 -0700
f3182356f74debcf54a859fbf90ae5f52b92e904,2022-11-03 08:46:36 -0700
b2a95f56254d9247696861982999824fff4e1b65,2022-11-03 08:46:36 -0700
3373a414c1e62942fb465873e79e29bdaecb300e,2022-11-03 11:07:22 +0100
db7e09e54ac7f4c48a5fa906c6e54b838e555ef7,2022-11-03 09:25:40 +0100
5687e5f0a3cf6a1091dec989b333889a66905273,2022-11-03 08:16:53 +0100
dc7e6ef1013c41de7c4ce81a6d8e0b5dab2c5b2f,2022-11-03 08:15:30 +0100
6450ae53a89a0178c5c408b2237ae5628a343c95,2022-11-02 19:21:02 -0700
a0a353d06d0095bbbf1bc46dab4c4122397bfe03,2022-11-02 14:39:44 -0700
aaefa6669c98150dba0758bed02008f2a577427a,2022-11-02 09:57:17 -0700
b8a637c61a5cd022ffa7d82b7d90965aa635e862,2022-11-02 09:03:56 -0700
8f9155ec75370d22cb66fd7905ac0a80b3eafb67,2022-11-02 08:46:50 -0700
a4dcd346d6e053409fc9410339006f83cbbb1128,2022-11-01 16:20:42 +0100
dbe7a5877bcdeec45525a641a13f7c39094a7736,2022-11-01 15:12:58 +0100
ee927f39809fcee70f2fbac453268b798dc99fd4,2022-11-01 09:18:55 +0100
4e5e6f029fb66cf428818e26200cd3155fd0bb4c,2022-11-01 09:17:54 +0100
3f4c0ce17493294ceb46fbbf75744f52ff5da03a,2022-11-01 09:01:46 +0100
40b50df9c1d58bb93d954db19a9a74c6f4940531,2022-10-31 22:25:07 -0700
50a45485ebb896ef964ceaa6ef2c6c21c7275896,2022-10-31 17:44:00 +0100
2fa48c3b38064985cdc5517193bd0679e38ca1f2,2022-10-30 22:53:26 +0100
e0446ce1cb28f518a1f9f6921dcbdb201712f8d7,2022-10-30 22:09:30 +0100
2b335760bb9c177667f0bde496143f8a058d9450,2022-10-30 21:56:42 +0100
2d3a67a9361e8ee15e7f454acf011305d62554fc,2022-10-28 16:02:24 -0700
96f03254c46e22220af6034043f82c479e4ccd73,2022-10-28 09:46:27 -0700
67be06d9c6789f5b258db0b554a5dd96e645bc0c,2022-10-27 15:03:45 -0700
342d10bb1a58cf491e660d54fbde4f75b246c922,2022-10-27 10:15:42 -0700
8bff3030386b2479985fc0ac0dc02e4f1ba45620,2022-10-26 21:31:31 -0700
e35f0d2f9d18bd34ce2375fb018bb8b8211d41aa,2022-10-26 08:54:16 -0700
8271791061e72dbf554028e477746e89fca9ec02,2022-10-25 14:21:57 -0700
e1070c699b8c6b3dab2bde2ac52661b20dd0637a,2022-10-24 20:23:00 -0700
c8a25d4e43e7726ddaac87e9f0cf3b034d0e2154,2022-10-24 16:13:41 -0700
2e45760c8d2b62cc46584cbff28bcb2df422d7ff,2022-10-24 14:08:17 -0700
1a1a1c2f7baf7e954efb946e65ccb2fa73fedb18,2022-10-24 10:15:56 +0200
bcd90987b3bac6f7feec0ce0e6124197d6563acf,2022-10-23 14:19:17 -0700
3490db061c6adb300d0d0aaf27bae60c531359e1,2022-10-23 10:34:49 -0700
5688d59f6b8ea4784de1f45c9386e13618803673,2022-10-21 14:15:29 -0700
bac84bcc580a392955eb520b9e3c316a16af62b7,2022-10-21 13:15:32 -0700
677d91401309a4fdb345a1065cc0ee31b7df7d61,2022-10-21 13:06:25 -0700
fa5da72b20e0db137ce582b76bd7670e19645a02,2022-10-21 12:57:04 -0700
86156757653112b1a89d7e7f08903ef746fd918b,2022-10-21 11:13:49 -0700
c103b93a94891219f5d5db38f97306744fd03078,2022-10-21 20:00:16 +0200
39a2c12b843f6f16e3389e738531e24a32f5bf39,2022-10-21 08:16:02 -0700
b215c4861a0c967f8d2a2b0444697d7877d33992,2022-10-21 07:37:17 +0200
6e0a952e6dd059e1b9273b3e7dc36ae00cea9671,2022-10-20 17:11:19 -0700
16ecf667531d139a397524cc0d44a29083f2877c,2022-10-20 17:10:36 -0700
4b5e39d32f1c1d07d4d8d131f96beef962143e94,2022-10-20 17:08:24 -0700
3494696cac5084df291bacbfbc6c7a9d4a38aa2c,2022-10-20 17:06:54 -0700
a62ff8de7908c7c79ddb40fd2d3e81f779a1e5fb,2022-10-20 17:05:18 -0700
d3d90595788620f8396058a4639a5ab4d95cea5c,2022-10-20 16:59:17 -0700
9f9046c3d99318914de7eafcc5b909592d2ce7ab,2022-10-21 00:25:06 +0200
4ede17ff15b93667096f23f66d57be0d321df2e4,2022-10-20 12:14:05 -0700
bbe5765b55b6941abe54a4424b9594c4f788fb2c,2022-10-20 20:16:49 +0200
e456506a777b2a6168dbbdce5cf1e277956ad248,2022-10-20 16:47:36 +0200
3ae58a1dde1cdff43972ff0f802220a12cf3663f,2022-10-19 10:33:39 -0700
1b0fefe4959775df9cd839a88ede50b74f34383c,2022-10-19 10:09:04 -0700
62eb74c5571c856bae5b32cacb6fb1ec4f380da9,2022-10-19 07:28:47 -0700
12926bd5f4a8377dec343d82b8b5853307cf9058,2022-10-18 19:55:14 -0700
c8ce0c955141a93162d9bfcbbf38d9c975d6ed1b,2022-10-18 16:16:34 -0700
4b705b092f80fd9f8c7f541431105e3659d3094e,2022-10-18 15:26:02 -0700
ef3bbe79f8a220799166987e84f19748e451b4fc,2022-10-18 14:10:33 -0700
36c51c1834e4f1feecdc4b677394053a05ffd672,2022-10-18 12:30:12 -0700
754cff910d8e5bb45bb36113d3d8730a5bc9203c,2022-10-18 11:28:50 -0700
270d01eb359123343f7c66123759c51e4aee3f99,2022-10-18 18:33:49 +0200
0b791790d3ea55dcfd0ee41dfb3c9a4147b30c1f,2022-10-18 17:14:37 +0200
88a6e4edb1f9649edb806407b535f78ae8c259e2,2022-10-17 18:03:51 -0700
05fd984b6715e6143431e85c6625e070c9c54d62,2022-10-17 16:02:59 -0700
08ac381e0565ebeebb7f74359d5f50a871ab452a,2022-10-17 09:58:54 -0700
7c2fcccf4a033ce620a254fae4ddc92cdc10bf85,2022-10-17 13:11:51 +0200
336d18acdb7dc0e783861151e2e871524cef9f6d,2022-10-14 16:33:12 -0700
876e7183b47d8517b6d6e10330571e83059a6901,2022-10-14 15:00:18 -0700
c2f77aacd2da438827d4ad44baad7f2b6b42808c,2022-10-14 14:37:41 -0700
c8831580ddd7641303afa62b7c82f461c6ae4ddc,2022-10-14 13:48:14 -0700
d5c42ebd4b517a83c626e09c57c72f7591fb8efd,2022-10-14 18:49:16 +0200
312592d5785c7d3cc129131d79a0875152c7ba83,2022-10-13 22:31:12 -0700
120db78f58c0b313ce268eccba01bf6d3654e1c3,2022-10-13 21:56:58 -0700
7c77d1dd931acb6eb017d3de3976d0d10f9e79b2,2022-10-13 21:24:37 -0700
b196453e1dac7b3de6cc0378598a249525b194f0,2022-10-13 14:22:05 -0700
468e99871ea661dbe7b365e38c101e36971c525b,2022-10-13 11:25:29 -0700
046cdf1e386cc72c4a6665079d7c25e607ff24a8,2022-10-13 11:23:59 -0700
cd68f9cbad8e7a6048096e8531883bfad3399c8d,2022-10-12 16:44:48 -0700
504c1098671c0e96f3ddcc574407ba961bb4a58b,2022-10-12 16:31:55 -0700
72ae616a0287440b42e4ff151535855e7697fb2a,2022-10-12 16:08:03 -0700
f96e9b78c965ba520842772ab1e6845ee4b92357,2022-10-12 12:57:22 -0700
f848da0a59e51141084e06ce32d5d4739e882711,2022-10-12 08:38:31 -0700
7695426a0cd2fb668b124dada078292e7092a832,2022-10-12 09:23:12 +0200
b96da4626f2897275c41696e55432faff9b9d71a,2022-10-12 09:21:32 +0200
8c6adf6e5e17603025d23b2012aa576c071ff269,2022-10-11 10:34:33 -0700
b71c37de343ea46e191987f75ab19d88edca49c3,2022-10-11 08:51:59 -0700
5eb78a4f9829b2d3b5a0864b2a81403be0caa54d,2022-10-10 11:38:38 -0700
46bf3b709eefb30c1d08f7d444a90f6429360ee5,2022-10-10 11:36:41 +0200
deb3e4f7a2db1c0b0d61645f8b73150d171cb873,2022-10-10 09:27:31 +0200
6b0d704f3c2380e987f46937ca97089c19a78f72,2022-10-10 09:27:19 +0200
17d9f66dab50112d688696fb6277373f8f6e9ae1,2022-10-09 15:45:10 -0700
5f89bff810bf66e9117896afcb232042ed3d7df2,2022-10-09 15:37:55 -0700
ef8ef491e3d6748dbcf14e28acec800dab50a4b6,2022-10-09 13:18:54 -0700
8ac8bc19037c38403a9a14fabc157d794eff82d8,2022-10-09 10:07:18 -0700
5e5c6d1849dece373b0d425ebd3ba5c7e98ad0ef,2022-10-08 18:13:20 -0700
bc62cf8dab42df2b113f9e56f846425daf22123b,2022-10-07 13:53:43 -0700
dc5f5c38f871f119b79ba167f8c075fc825797b8,2022-10-07 10:23:48 -0700
09e6f34e1ef6c717bda5645f00996d9c768eaf15,2022-10-07 09:33:23 -0700
31edba2a5f49b9e948c5f50981f1cc47bc94780c,2022-10-06 16:09:19 -0700
f1e0d327a391417a309a8b6e21881d983394ea77,2022-10-06 15:55:15 -0700
caf03aed926665014c22cc4a68902bf684f258f9,2022-10-06 11:56:45 -0700
03310dfca577bfc05f8f1944452a65598e325d18,2022-10-06 11:55:21 -0700
d1f0673735f116776e653ce088428523549586ec,2022-10-05 13:48:49 -0700
d46734e51834e209e461bd26af5a77cb1a467ff7,2022-10-05 13:45:49 -0700
5b919840295dae181f14c7acd2e40ad9a91bf5b3,2022-10-05 13:33:18 -0700
6e4c51f7e9a1c4d25044c8d990e2b49855d81ab6,2022-10-05 11:24:26 -0700
8433bbe04926361b09324bd73550828382ca89a6,2022-10-05 10:11:09 -0700
4c348dbbcdc2bfa26743d6fc201abe987691317c,2022-10-05 14:33:57 +0200
d5411d2c7f6fe0c35f33c22465c74971b0481b9d,2022-10-05 14:32:38 +0200
3170e6ebc65b0c126e57956fd2df5efc59ff88ed,2022-10-04 17:46:22 -0700
192c8410dc09043e2366d2a930fe16d76a6927e2,2022-10-04 10:04:57 -0700
e1fdb5401886f11b6540b917c8ac1d0202015a40,2022-10-04 09:29:07 -0700
9fcffb8112d15bbbf502c42f9f9c1eb91bb2a398,2022-10-04 09:01:36 -0700
0ca43d01af13bd2750ddc51089421da85c92a58f,2022-10-04 08:08:12 -0700
8b8a1038609610873c7d40023b4fc98ba341a502,2022-10-03 08:34:47 -0700
69ec08c346d2d1381e1fc8b51175ed7d0fc7deaf,2022-10-03 16:15:02 +0200
f6a99eacadb9f7fe33c438beb6e014519ab4764a,2022-10-03 16:14:18 +0200
cd6c823238a03b1015181fa1b797d279cdf65c50,2022-10-02 22:44:56 +0200
5ea3a957d4485a3264812df50068f907126d65e7,2022-10-02 22:00:13 +0200
aa613255fa4d76c09ed823c7934e958c773549b1,2022-10-02 20:59:50 +0200
f9f7312ecb851a58502aa49f431c5b8888f809b5,2022-10-01 11:53:04 +0200
80086f5ddbc2e6e52f79073c9afda24debaf7958,2022-10-01 11:52:54 +0200
78c353c50551af92d5c54bf828e49b4f8c1df2da,2022-10-01 11:52:22 +0200
133b25521ab3c91cbf51223c37ee109308f76ab0,2022-09-30 16:29:09 -0700
3b65cca8b5122157d112f232a8e110be93a740e5,2022-09-30 16:19:38 -0700
509d6821a3e695119ce3c37a2fd6c25a989f7585,2022-09-30 20:36:07 +0200
36c95a05624763f38dcf3062e084c4244ebd7663,2022-09-30 20:33:53 +0200
b18de178598d64affaae74228c14470e93ae8805,2022-09-30 08:58:25 -0700
84442a6578ec0d38c448a762b8b598dd4bd6671f,2022-09-30 08:52:49 -0700
90d93aed46f551e6aa4b0b9016c97f2d944b855a,2022-09-30 08:16:37 -0700
9eb5cbd342a5c72c2a45bad3982b66f012e05f08,2022-09-30 08:07:52 -0700
6d743641975ca98361452f4332a468c8d98b89e8,2022-09-30 15:03:45 +0200
731e5f0aa27b374d7affd8d3512654b2212048dc,2022-09-29 15:56:12 -0700
41bfb9c1eb7309d45296e687ef465b881bc7d91b,2022-09-29 15:12:12 -0700
0188579bb8f56da6214f2234337a7168271c21bf,2022-09-29 15:11:29 -0700
c2bb77332fb7fb22f26f38027cb6e96fda5be525,2022-09-29 15:01:11 -0700
ae8e6698ff96f796850068ef8162df0f628ed7e6,2022-09-29 14:56:48 -0700
61b131f04ef80739b561062505b60180674bb3e5,2022-09-29 14:48:38 -0700
d228992a449af048e53bbc24b8731efcb565e96f,2022-09-29 14:47:46 -0700
3af21ea62afb38f70d856b930d73b2ac84cd1f2f,2022-09-29 14:46:05 -0700
ae246e6468b9c4d1c39411f422463e9c58540916,2022-09-29 14:30:27 -0700
b7372d3c399302f49cd4ca255688ccf44c880dcc,2022-09-29 14:29:50 -0700
4fdec90a852e417b10d9707f07b21963e4f01dff,2022-09-29 14:19:02 -0700
9728ad51673324d5c9c7fa49257aa889ae45c505,2022-09-29 13:28:13 -0700
f98115a9d3f00ec886bd73c035018489bf0a7919,2022-09-29 10:25:16 -0700
f161a133d5b5e1b9b8064fe0f37b83f395ec280e,2022-09-29 07:16:53 +0200
75707d0c686f9ac2f3d8be826b6c32402173bf3d,2022-09-28 13:11:26 -0700
1bdc699665a37071363d567c4a3299590e155579,2022-09-28 10:31:42 -0700
3cddc9f28c93b9231060ecb6b90e2d524bd5d160,2022-09-28 08:42:17 -0700
2e1ec5fde9e6fecfbc0883465a585a1dacb58c05,2022-09-28 08:16:03 -0700
c6d38e35750724d3b6b8d318ea465561bec5fd4d,2022-09-28 08:13:22 -0700
e8b972e41f47e0eba568c1cd774cc40daa625912,2022-09-28 08:07:50 -0700
a8b67085e671bb5fa5a7f738ce2e9cb2dcc65d9c,2022-09-27 15:00:22 -0700
29bf5cd4b6349247ce1e5d4321ad95b9082880a8,2022-09-27 10:14:14 -0700
d11d53ac5053b60237b1d55c6ee82f5b17f25837,2022-09-27 10:11:19 -0700
3bc2f97c41c40aba738289b0083ced13540b6adb,2022-09-27 08:50:31 -0700
ecf004bff86e080bf89baf16c26e8d453ec214ec,2022-09-27 13:31:20 +0200
b9bbcfb0e4d8f2605d3c6fb2543cefdd5d09524d,2022-09-26 09:36:04 -0700
6c7e8d1b84e7892d0848c9237e59ca4f890aafdf,2022-09-26 09:10:27 -0700
9fcf53b765987805a00795e25b6e27b717696afd,2022-09-26 09:05:13 -0700
c3443f65d4e708c77602efc1bf91348eb80f48b9,2022-09-24 16:12:01 -0700
122dfebfa8c4874bdb599d0ac9c0eedf51f3de92,2022-09-24 07:45:15 +0200
9b1fe348e0ce8cb55d3ac6fad8ed4ca748b74492,2022-09-23 17:14:59 -0700
2b758056772f9ed877fe90147266e935017c6c6f,2022-09-23 17:14:33 -0700
fb4e73849cf7f6f5ee3779bdaf36f3ea468f401d,2022-09-23 14:58:11 -0700
f84bdcdf4e2d6509162fbcdf24b8c73125cd004c,2022-09-23 23:49:46 +0200
3368a5cd7e4a30808026cdb8f2a4e80e3f4dea56,2022-09-23 20:30:28 +0200
08a733af9ba69e708a844a1485df2a044f88aab6,2022-09-23 09:41:48 -0700
78c3d774ff55c074af49cdeafa9ba267619cc735,2022-09-23 08:55:41 -0700
d55591292cf41db8411ede2ace2d8ba5a0cb726c,2022-09-22 19:54:08 -0700
9ca2eedb3b758cded81d77c76765a5b3e5f46605,2022-09-22 19:51:43 -0700
39928abb07cb1bb0bdd864bdb84718e3d2986b07,2022-09-22 16:35:15 -0700
a2160abebbff94674ff8421c4665e1b8c6779c3d,2022-09-22 16:33:30 -0700
063b2d5b4598e5b4982d919922f69d140820f341,2022-09-22 14:21:59 -0700
429f68ab7bf640485f91e7dabb9a074e61ced539,2022-09-22 09:32:09 -0700
e69d34ea2623084e217c935578767450a98e6e4a,2022-09-22 08:09:43 -0700
b6b673f1c4259d5ba425199f555370bffae48f51,2022-09-22 08:09:26 -0700
7ed2775a45f3095d130ab1f580f9c7a96765f519,2022-09-22 09:43:24 +0200
f098226ba9386ac8292031c4ebaf9c9ff3259656,2022-09-22 09:39:34 +0200
1c475e7852b8f8260e2bf3385d4376b6bb673df7,2022-09-21 22:02:23 +0200
759e69003b5829327cce8251f8b55109fceb5920,2022-09-21 21:30:52 +0200
15b3e2f3007d7a2e1ce2b35351db2b43a19e986d,2022-09-21 10:56:20 +0200
a2c538098bd1c7614301f5564ec1d241034c01fa,2022-09-21 09:23:15 +0200
d1befd970d99f6b5929654ba831cd1b5ad442961,2022-09-20 17:00:50 -0700
2e547ad217ba2f5b3286c60c115b5f18708ddfaf,2022-09-20 16:58:24 -0700
ee185f3f6987c092259ffd5b42b2e611e8660f47,2022-09-20 16:57:39 -0700
68d766b76a818778fe08c508a315b9379bc1714b,2022-09-20 16:54:39 -0700
fe83ff5b1902e4026549566b7a029fdbd8b54b85,2022-09-20 16:53:24 -0700
bd911c1c256665f4ddde07d3c675e25ec3cb6f10,2022-09-20 22:37:12 +0200
230dee0bf51aea96f955a632fc55b57cbe52df22,2022-09-20 12:50:35 -0700
53e056a2771fd8aa6b88d6e21e0586c1b6a92ac8,2022-09-20 20:07:36 +0200
b8a796effdca02108b2af005f977cbeb0d9cd718,2022-09-19 19:11:08 -0700
aadafb7d76ba49db78e96bd59e3f33853ec32dfc,2022-09-19 18:53:16 -0700
c293af2f1d962f44bb5b67a20ef3c67bd5823a38,2022-09-19 15:56:08 -0700
f8aecf6c3499d9fe08abebcf08b44fe5b4d1534f,2022-09-19 15:36:54 +0200
29772892fbe38d3b6664492daebfc2a51b4b6f5f,2022-09-19 08:39:22 +0200
371ce7e5efd598531e3fb0bafa08a895799a3263,2022-09-19 08:38:19 +0200
4f45eb3ae778a0204ae9c9ab402fcf92e758a7d2,2022-09-19 08:37:20 +0200
1d3cdcc6b5a549c07c9cbc56b2db1a264aaa6fed,2022-09-18 19:29:39 +0200
5722ce8de7eeb81322836f971311de04bbbe8fc6,2022-09-18 19:29:04 +0200
a7e67d09a7f05821cafdafba740e9efbdbdadf9c,2022-09-17 17:32:26 -0700
a9b2ef01d23604c69185f3b48146d75c48e2fc2a,2022-09-16 10:09:25 -0700
eff0700b29ce7ea5b566cdf56f2824be3eec7a29,2022-09-16 10:00:47 -0700
76aaa6a4b5c6ff0f512784e55954650a604dbca0,2022-09-15 20:21:22 -0700
0dd66f1d9c6070f465b848740cf82e315996df1f,2022-09-15 11:10:42 -0700
6bcb1fed152cd25bd43675e69b7fcc6968a7c7d6,2022-09-15 08:47:40 -0700
181fb2209eb5325a3d40cd1f03f4b2703f51e12b,2022-09-15 06:42:15 -0700
e1f934c917bd1077738308e633d0da2c10a300ff,2022-09-15 07:27:41 +0200
647ae1ef56939b009b152b814a884ee252de80ab,2022-09-15 07:24:43 +0200
6dd6ed7c0ba9a420443ffad2a1654556c4edfa49,2022-09-14 13:23:10 -0700
0f0b1af2ebbc5693ff6dc8049a1e3490540311f8,2022-09-14 08:08:37 -0700
3ab06f8794944ba49d013a05fea1ef3af412e7c8,2022-09-13 14:05:20 -0700
dc0791c35b794dc0f143270e13e90a825483f3ee,2022-09-13 09:53:04 -0700
f0ac5d3eb6193d5434cff347583369a726e91da1,2022-09-13 09:00:46 -0700
c2d5b514543f5d7b360a9a5dba9169a994eab1fe,2022-09-09 09:41:27 +0200
b633aeb53fd8c04f335702a55baaf1731357fb04,2022-09-08 11:16:58 -0700
a301a1f098b56babf5d2329b2d1f7bb9af9eb832,2022-09-08 16:56:29 +0200
fb7875d151fe94ff8275f3162de80b1804d145b8,2022-09-08 16:00:11 +0200
3adb8838f29c6ccaf3a94d21d550bd0625e04daf,2022-09-08 13:40:37 +0200
c0f175b517edef5dd1b06a5ac7890fb35224bc25,2022-09-07 12:27:03 +0200
9a8023869006b0047731140cd81cdf07570d5baa,2022-09-07 14:03:28 +0800
fafa5c5443276bc06ab53b00117d86f9903c0274,2022-09-07 06:43:08 +0200
5e1897c20b91c0f48c61fd8183de3de505e60bd9,2022-09-06 16:00:28 +0200
1017bb11a98f075bcf5b7e1cf99bf32adcc797cf,2022-09-06 10:11:43 +0800
f2267242b318cef3f7ffdca72a1790f1a42fbff2,2022-09-05 19:38:12 +0200
e510b38c9d442ace111e220b7d30e50569d5a89a,2022-09-05 09:37:21 -0700
20f9ff6aec67044be699dbfe7200a92bee4967fe,2022-09-05 09:36:15 -0700
8889af64d270bf2cc6633616a5e76eadf11cf73c,2022-09-05 09:34:05 -0700
c1431e192808704ff6c0a968f166fd7f837f1ab6,2022-09-05 09:33:18 -0700
019c08e5d114b407f0950e01805ba102ffd781b8,2022-09-05 09:32:32 -0700
b736fbc1c5660e65a1e5b7d2ef15b97b6b4697c2,2022-09-05 09:32:01 -0700
3804d74d67a010d8cb38bd3650746148d0f5cfbc,2022-09-05 09:26:29 -0700
934fb1590baec0b0d078167670694b70d1f75892,2022-09-05 09:11:12 -0700
0e42a360c3d772b18ccd6eb5231a2f9344b66e28,2022-09-04 10:36:59 +0200
a3849bfa5c360dea7afeaf6bed2750b8b13ef2cd,2022-09-03 08:07:35 +0200
223177faf955bd8f11864477da16013cf5d7cc75,2022-09-02 14:00:15 -0700
f26861cfce0edf397c14ce71a74a547930d55582,2022-09-02 12:50:39 -0700
4a16fb166df094d5b655686e0f6c9ea8ba0f892b,2022-09-02 10:34:18 -0700
e83815e784818d80876a21a51cc5a8ed16c06593,2022-09-02 17:26:57 +0200
1cfc1785e4cb77a39ee86b7d3ec36cbb9407aa10,2022-09-02 08:23:36 +0200
2a3f87927be9abfddcd5835621fe7c516a4877c4,2022-09-02 08:20:57 +0200
1f3f707ffb966be9cbd64b831f80657d2d7d3617,2022-09-01 15:54:53 -0700
ec9643e9f714f06eaac0ff232cb87cd906c168cc,2022-09-01 15:37:16 -0700
26cdc7a0181504718257a37bff4f34af77b0aad3,2022-09-01 12:48:32 -0700
9f946a116e00cf57433bfc703a51380f827357bd,2022-09-01 12:44:19 -0700
b2c4ec2620b44e2aba1962870bb2de9ecf25d5fd,2022-09-01 11:34:12 +0200
84f40cff9b98ee15b706289e551078355bb8a7a5,2022-08-31 20:49:10 -0700
ec0195185d04bb1ed4e72497fa84547efc7c22b0,2022-08-31 15:31:59 -0700
5764c93a59d8fe5d1c8a60c6ec2cc4deaf8f23d4,2022-08-31 10:50:47 -0700
08bb3e25892f917b9a89da651e3864442175dee8,2022-08-31 19:28:25 +0200
6a1f351414227f5c09235a96ad579fab0e88733a,2022-08-30 19:01:19 +0200
cc7e6d9fa259707a5c690b3534ea6b5c7da3fc05,2022-08-30 09:01:37 -0700
97c85aa03e3470ab9585519d650e8a989a59495f,2022-08-29 22:37:20 +0200
57195c4d27e4f0f818cb9e403d181d7fbd924a35,2022-08-29 12:29:24 -0700
5d9c1d37af51a8e11714b58d97d844a297c2e98f,2022-08-29 10:26:54 -0700
64e31684c9806f91370a89a4b0692a9e73967a33,2022-08-29 15:31:15 +0200
7891536bac269cafb5eb7a41307d325ccb514b07,2022-08-28 15:33:05 -0700
ea217e94698e547d73629e65ddae45199726988c,2022-08-28 15:22:09 -0700
324897e781e3ea35b5f1e47b32b96e65dadfedae,2022-08-28 15:21:54 -0700
d2b5e94a62ea8f78c9cb8c38c05df1653a030359,2022-08-28 15:21:17 -0700
509b817ebcdf582d5f515d824e37e5dcce626def,2022-08-28 15:16:15 -0700
487c6d2d4e9dacc96c079683056628d0f473e265,2022-08-27 12:49:35 -0700
023f3f5f0747421db846ba5c27ec1d2a757477a2,2022-08-27 10:55:29 -0700
80ec14ff363becf80d8e838184bd73f1c08a8d48,2022-08-26 10:55:18 -0700
e227c521a07c4435eb509de8ad1622f88a0e07c2,2022-08-26 09:19:53 -0700
a40dbd2e8bb09b4f7552970a17682fbb08ebccc1,2022-08-26 08:28:52 -0700
1526c1f663b2359de01183160b1236cd4eee04bf,2022-08-25 18:05:53 -0700
af1d405204c1d8d242d02e658f7ef3cea4217595,2022-08-25 10:03:52 +0200
65b8ac99f82ce1ccaec117b048a3113d610d6e56,2022-08-25 09:59:07 +0200
007ef6eaf4cd0721b908ad35977c134077fc69f3,2022-08-24 15:17:27 -0700
12cd59b97d64e4493db3f0264c440a17619a5cef,2022-08-24 12:19:16 -0700
a87d1b68375b4a327426681263b5ad96db93d43d,2022-08-23 10:07:56 -0700
e5ec43a19bcf87ef32dba971b5bbafd83e9a112f,2022-08-23 17:03:36 +0200
96ca8ab80334f0edbfb88699e31c39551d1f8c0d,2022-08-23 07:38:35 +0200
254bc49ea7647d402e77b637b0f1b49d0a66f248,2022-08-22 12:38:55 -0700
1ce3b76a232196ff1fbd7706ae28a0b0cf1ccf43,2022-08-22 12:33:33 -0700
7f2bd24049864b2c6145fdacbd9a3dfca4db857b,2022-08-22 12:27:01 -0700
c48f6fc72109e511236a93a50bc38a09b231dba6,2022-08-21 15:28:07 -0700
f06c4f7dfc98cc944a0e1d3a7b38ade0aaa52ce3,2022-08-21 15:24:28 -0700
73a6c905c46733f1b95f1af42b60fda8ad2b84b7,2022-08-21 15:19:35 -0700
9d26979a0ca6687e2deba116dfbe3b469bcfbf81,2022-08-21 13:21:20 -0700
4f90472d611d619eae2b30e9cddf9c713b6335dd,2022-08-21 22:10:18 +0200
cad247693ed56600c9d0118bd1293ce23356ec78,2022-08-21 12:18:54 -0700
84d2de762cac0a9d53c67df4d6e8b128d9b484b5,2022-08-21 12:18:21 -0700
6b10b43c4398b5d910d6ce437d9d08f4955dccfd,2022-08-21 12:17:48 -0700
460124eb689380b9e4ab8abf8bc64e3298339ddb,2022-08-19 15:44:27 -0700
a060bec73b78587b3b5cbc6544bb68d146090963,2022-08-19 15:20:02 -0700
28cfbef900937479b3e8381a629d0a3a3dcd4670,2022-08-19 11:54:24 -0700
ea229674332e0b63a9f05ffbaea00bb9519ff787,2022-08-19 11:53:42 -0700
62a95cfd72a0fee780c616866f0c97b8032c5621,2022-08-19 09:51:04 -0700
24a057f830a107b136b6b18c9e218923a110ec46,2022-08-19 09:32:23 -0700
124d5a9f2d3d2e38399e3734b654265fab5725be,2022-08-19 08:48:17 -0700
58368f5b692c1bbe3fa5e8d7d119053cc2878736,2022-08-19 08:45:22 -0700
34b8349399764c69dc9182a65275521d0e16c3a5,2022-08-19 08:43:44 -0700
615f0c66152671877aa21a8f896dfaee02bbf3d6,2022-08-19 08:40:38 -0700
827e7582495f4b154660debefff0aab748f42218,2022-08-19 08:38:53 -0700
fd36d59a718c543ff1431afeb92f5ba67e34164e,2022-08-18 21:30:29 -0700
dd5bb497175bcc75cf63bba16038b7a5d93ffdb2,2022-08-18 16:19:13 -0700
39df59308c9fdaf6d4f4c7a537caa960587fef5e,2022-08-18 16:12:01 -0700
ebecc947724a412118c68e2444fe9882bc912733,2022-08-18 21:49:55 +0200
585fd0cbd2b580c403d19aacd2d25cc5a9246a13,2022-08-18 12:06:36 -0700
83bef371bcf2499b1bc50b7cdd6924d29ac520ea,2022-08-18 12:04:14 -0700
69bcf05eff392f29438146db73b3b084c3fc3e29,2022-08-18 09:49:25 -0700
1741e4dae8b7fe293e0cf1f97d6753e598ddadeb,2022-08-18 09:45:23 -0700
eff2fee9011761c18de7c94dfa745b7a14b1067f,2022-08-18 09:43:11 -0700
16dbdeee8c2ab22cff586c8db028f5ec785dfe78,2022-08-18 09:42:25 -0700
c73c7729b20078d8a3c59be0f6c1c44635cbe090,2022-08-18 09:22:39 -0700
5c7a5ead85894e7ed523b6d0bd8953b0f7036cdc,2022-08-18 09:13:22 -0700
a0cb0910853f0fbbafdb600da58cd67add91b724,2022-08-17 16:28:14 -0700
b3062e443848c9badd7332c4b26c14f2b257cc4a,2022-08-17 08:45:17 +0200
7e12d1e75035e9d334a459ac5529d20ca47b00e6,2022-08-16 13:54:10 -0700
4d5e37a98612f2e3795d7d56bc6a0133b3be482e,2022-08-16 13:52:04 -0700
c965af5d489b4acdaef9267fd98fa845393f23bc,2022-08-16 11:16:24 -0700
c608f164424b23f852912c4a28cd8538f7c7cc67,2022-08-16 09:57:12 -0700
ec53846a16102fb3382a185e28ddd3e97c17c01a,2022-08-16 09:55:49 -0700
e752f7234727da9c8c35d1b51a1ad4e908326782,2022-08-16 09:52:39 -0700
747d2b0ef1e422f9aac1bd61a3fc46bb84c305b6,2022-08-16 09:34:33 -0700
a5411dd8b81b2f2dfdd4c45f7c6ebb13c187f321,2022-08-16 08:52:30 -0700
0a13fb2577bf7914f340e8abaa660e98bebfe6d4,2022-08-16 08:52:00 -0700
11717720495b45aee0036635d4dc09cfa9d8e280,2022-08-16 17:26:07 +0200
2a2cf150adafd3487809363bcd7c4160d47e967c,2022-08-16 08:22:55 -0700
5f5c9235c10ed4a711a64de880491b3ae4f348ec,2022-08-15 19:13:35 -0700
29979348435bcfbb63f6d79b7614d5d1e8f6c18c,2022-08-15 16:06:16 -0700
d4c012e8991fb8a9fe42f5c66b95060a88da9c1a,2022-08-15 15:25:40 -0700
667d56c2519811e2ec27347fe23cfa27c93b39db,2022-08-15 14:23:53 -0700
5b55d0082c2e7243a4f9faf852a48f052ee3f512,2022-08-15 13:40:17 -0700
67a47b06fddc9b0cfa871325d3b612367459f368,2022-08-15 13:19:54 -0700
c550e792e9d114f28bbd0d7e59fb934c5a2bb440,2022-08-15 12:43:44 -0700
ce5128f09cc697455e76af08ce6ce3c9c5b08b70,2022-08-14 10:12:12 -0700
e50fcace6f79da822b44c0e3a46a47614ebc7ee9,2022-08-14 10:11:49 -0700
a52488c978bbfd3f83814d5b281fd1ea81a0db9a,2022-08-14 10:10:57 -0700
41a71524ba97e6c7307db19b0f38b7984becfb76,2022-08-14 10:08:14 -0700
39c89ae34cb54170ec339cbf91e32c7ac2bb7610,2022-08-12 08:44:27 -0700
fd4dd1057140d0c76904e53f3715f7b2c0cc8892,2022-08-12 08:43:57 -0700
c21918a9195f0caa8ca6edf910dc99b75c0164cd,2022-08-12 08:43:01 -0700
43315e24c1c887aca381917188336e695b421353,2022-08-12 08:42:12 -0700
9d069a7c0292b3a66fab93b10ec304e9f965ca14,2022-08-12 08:38:28 -0700
bc4a9b7b160bae3cfcb240dac4b7fea27f8440ec,2022-08-12 08:32:02 -0700
6a5051b25d6c007ea98f381a1f6513a6392e4681,2022-08-12 08:30:28 -0700
5a15efc070ab59eeda6343998aa065c0c9892c5c,2022-08-10 17:22:45 -0700
3c6878fe160b9c12a7ddafb065f1b116238ff206,2022-08-10 16:03:07 -0700
e79206158d2972bbfe917ba222d726f184c2e745,2022-08-10 14:30:07 -0700
d9f789b02775eb9e613ec223f720c156ac0f9612,2022-08-10 13:12:44 -0700
739b8c5b8ce8a5dca527f285c522b33850066315,2022-08-10 12:58:37 -0700
c77d3aa754deb21a5e7942f4bac0481aa2c48d2b,2022-08-10 11:10:14 -0700
4c5dc6fb6e2685221c66f8eb7762d5f8d8786d75,2022-08-10 10:28:11 -0700
c443828941af23cde537acd6246f9a57c175ad3e,2022-08-10 09:35:37 -0700
fb5abd3aa75b538d21430146c20faa055c6578c2,2022-08-10 20:50:03 +0800
c172d5a968f3214d1057b3d888a699c6318fe027,2022-08-09 13:12:42 -0700
17c5e2033b19c8001fce351ce51a426c0e28a850,2022-08-09 11:21:15 -0700
eef306c10be48266c27586fcd020fb2e0bf15ba6,2022-08-09 11:09:10 -0700
b1ab35d66c8f19c9107094b4e26aa8beae94bf22,2022-08-09 09:16:07 -0700
4ef56d72a29e8a26ae9cbe6cfe79ee356f178144,2022-08-09 09:14:31 -0700
3f5f2cd802678dfd5d56943660ba17e0da08af18,2022-08-08 20:43:56 -0700
f76e9cb2b72f3ce242a50258ff27be23f6d5aea3,2022-08-08 15:43:36 -0700
742b3ad46ac98417c59377db9edc2c572ec4102c,2022-08-08 15:37:05 -0700
e5d771b300e7ec5ed0a6da9e476697088a2978b8,2022-08-07 16:05:36 -0700
ef9b77000c5b4b3b959db7688a9ab0b7e3b14338,2022-08-07 15:23:21 -0700
f309de06c894cf68c0bbac9594339239cb2a0521,2022-08-07 15:13:19 -0700
b04f0cd2dfd78ebe52e4e8fe833bdfb02a12714e,2022-08-07 14:54:09 -0700
102f51ffab3a51be77ecc9bafa68d55efb1136e4,2022-08-07 13:24:29 -0700
b71dfd9d1375724d2bc34085fe38c961d0b41d16,2022-08-07 13:08:46 -0700
64a21b5ce8a8cdb1d841dcc7669544097d6ba43f,2022-08-07 09:53:46 -0700
1b98be2b5888b8d2981972ffc03f71b2d52a6793,2022-08-07 09:14:07 -0700
adc6c60d0c58e9b460e83fda606e07c667278dab,2022-08-05 18:32:08 -0700
353c53910195b81bd5ceb908c12ed8113bbb4e3b,2022-08-05 12:19:08 -0700
3a82b4a39d28259542125ee21c3549e541cefce7,2022-08-05 12:10:47 -0700
6a8e1b4e4844bcad538e11dc38bad82421475877,2022-08-05 12:03:29 -0700
b26a1c5b44d3dadfcbb5be867c146249694cdfaa,2022-08-05 20:33:40 +0200
dafb4801e657f0874ece1be41fc5dcc2522a1255,2022-08-05 09:35:18 -0700
40de4bc7dc12c3e2c40d4fb687f9ee3342cb1727,2022-08-04 20:48:29 -0700
af4b39555374e1d1ab966278c5bc94ea41ba91af,2022-08-04 16:38:43 -0500
71669c0ec7123c452e23e0365d1eb539bb83ee16,2022-08-04 16:27:38 -0500
7f5ecad8e57149702cb57087fdc7c11ddacf587d,2022-08-04 13:03:04 +0200
28b5d0ec81ea615d1d644c2d1c0d0667c4323639,2022-08-04 09:46:29 +0200
1b989c86a3c0da0bbe7d5f385618116cd899bdf2,2022-08-03 15:44:32 -0700
305ab1544c7a7b844386fe9aca7ce9951936c021,2022-08-03 11:29:07 -0700
09cd064e56b174ed65846856396c92caee5cb9d0,2022-08-03 09:58:45 -0700
f94370d13e5f4230f35cba7a4d9593c436619498,2022-08-03 09:57:34 -0700
be20b6f13a2da4c9e47a934688d1a90e57c5f70f,2022-08-03 09:56:42 -0700
263441752393834c384a04d861cda1b8cb136a63,2022-08-02 16:50:17 -0700
3a9e0a68bfd6c110783a370bd864b90ab25aa9a6,2022-08-02 15:53:23 -0700
97684ad05171c7604f8908ac69a68e49a2f00e23,2022-08-02 15:33:03 -0700
ebf8e18381896d260d16997c99add79e7b938bbb,2022-08-02 11:03:42 -0700
6d6708843ab45070cbd4e6050c59dc1b3f57002b,2022-08-02 10:58:44 -0700
d44565b16628e920b726a368fbdb6dd4b0823187,2022-08-02 12:33:52 -0500
2945f764ec5b4443c18850bbaaf866eb64bd0d7f,2022-08-01 16:30:06 -0700
3d47d46eeb339fa245cace22a05953e0d1cb2a13,2022-08-01 16:29:42 -0700
8fb88a713930af01e9ead96f87fea92b22b4506b,2022-08-01 15:22:27 -0700
e05f2bba615b510b6c8cda795daa8c84ef23dfbf,2022-08-01 12:36:13 -0700
5f2ce6e8fc86be0f785fb0bb6656f2afac0d1d80,2022-08-01 11:49:15 -0700
aaa67d0797a59301a57c8603b8a22852e67e4f05,2022-08-01 11:43:11 -0700
aae6155956277eac52f52918b5f1a0a553d9b516,2022-08-01 13:32:29 -0500
00e0f7b0b263fcf268197f66aaf6a0e2c9c17d73,2022-08-01 09:47:17 -0700
14f4bc1ebe021bce35b756685a88026d85dd6025,2022-07-31 13:33:20 -0700
8d2d27bf3aa11864b5afdc01c854d20f5579332a,2022-07-31 13:30:50 -0700
b88f011a093a4f215c2d32ab50063746bc9f24e9,2022-07-31 09:44:13 -0700
36b974be9e97fc1d4f4227d0c044146bc361ead5,2022-07-30 14:35:56 -0700
9927572f648fd7c353793949c030dc388fa28645,2022-07-30 12:40:53 -0700
5360cfc6e5c749b410f67d479b7941fb02d5c82d,2022-07-30 11:30:26 -0700
15c6817247968328c2bab2af71616ce3f2209d31,2022-07-29 14:17:21 -0700
0b84579e35960ee9263539ef826cde9c5aa1090c,2022-07-29 11:17:49 -0700
b67cec582513ac9887b832ae0f33a4a209a453ce,2022-07-29 09:26:29 -0700
6514d731a62b05fc539fed782e4eea00691add8b,2022-07-29 08:57:52 -0700
3d00780f5f508ac7a0f475fd0e1ddfd736000c5b,2022-07-28 10:59:05 -0700
41570a1877bb0f7dd4b2a91addbbca08b3721588,2022-07-28 09:21:22 -0700
23c9345d4887eeb40e78dc6f6702773e99573ed5,2022-07-28 08:52:12 -0700
9a58a844d9a91cfa570b412c08ef2fb8dde76baa,2022-07-27 14:02:40 -0700
dbb8a404f6632a55acb36e949f0e7b84b643cede,2022-07-27 11:37:20 -0700
c07f2aabc0a1d02f068ecf1514d2479c0fbdd3b0,2022-07-27 11:37:20 -0700
99b41eb9fbae1eb6c0501ce1fd1c9008893583b4,2022-07-27 11:37:20 -0700
6e7a5df0e3049694b38507840a26d217c7050d35,2022-07-27 11:37:20 -0700
2ea5b9ecd375d2a583280bf928c455eca045fa6e,2022-07-27 09:08:01 -0700
d393f17605b1bcc3598c379269658ded0bee8fc3,2022-07-27 10:38:33 -0500
1556c13aaa1e68e1ae46a2f0653ee6527e384057,2022-07-27 09:39:09 -0500
7a92bf5e31a995c61dc598d2a36f598d5c120756,2022-07-26 18:42:41 -0700
679c3d4d95a8b29b9e4ca52fb2bf90838dd66d04,2022-07-26 18:40:38 -0700
7c88e997c06021714d6b3d81ecef60d4aa9ade4e,2022-07-26 16:13:05 -0700
d5c0aa4abc9b7352a533f656aed1060baaa9fe01,2022-07-26 16:54:36 -0500
d7b1a874677b3dc58c20656d9b06c571fe0a475a,2022-07-26 12:59:29 -0700
b8dc8c4a45959d26649e1cb43939c0d424deb9fc,2022-07-26 10:20:47 -0700
cfc2b3f84ec1fa05b4de4283b81428484a0c7af7,2022-07-26 10:12:55 -0700
e41758d22f10c4221816fad0d61ad6faf5f2db14,2022-07-26 10:10:21 -0700
4687798af7913f25dea9a1d6badd252f429a6810,2022-07-26 09:57:16 -0700
39878c629a6738b0fc99987ccb80da4511525bdc,2022-07-26 09:42:40 -0700
fa6403b1888847ce04de50c6b159dd43fdcb4590,2022-07-25 16:57:32 -0700
2a6d17f86bf9f651023ecf8bd2d292ddf4dad9fa,2022-07-25 16:52:41 -0700
5e25f2bb7638cd05b0e1e15fc3824012c7df9dc6,2022-07-25 12:37:26 -0700
040a8917f9a049592fbdc4e20657ee2ebeac6244,2022-07-25 09:24:39 -0700
5951ece2cedf82c69ae717a20c6b392b0b76237c,2022-07-22 16:08:20 -0700
650e52dea53f8b2099ebf8364158e82b096159bf,2022-07-22 15:30:08 -0700
eaad5d398b46a47f4ba47d361093fc6cbd2f6a6d,2022-07-22 13:18:29 -0700
742b3ec3351dff6ef423abeb0706bc211174eb3b,2022-07-22 10:32:04 -0700
65b803ffd2ddcd2633d638f6e7370f841e6896be,2022-07-22 10:28:33 -0700
be9c491b7a5a589523d6342a54f73a3613567e35,2022-07-22 10:21:28 -0700
4a8654b0f78074eb01d240a310b67a24b0cd2810,2022-07-22 10:15:04 -0700
f0a2b5818c1793b8ca4411c0955da8b5e4e86e40,2022-07-22 10:14:31 -0700
fd14dce7c0cdea67ecfa8eeede9e37def7a54119,2022-07-22 10:10:21 -0700
760643bd4df6adc321922142392ce7633c637f00,2022-07-22 09:05:48 -0700
7ea2f24b351cf50878952f17093a6de4b143cdf1,2022-07-22 08:15:26 -0700
c07aee8cd76f1fec6b57927b3348761018bfe9bc,2022-07-22 08:15:02 -0700
f8321ca2fc1e26fb458e8bb21c682d21a5531e92,2022-07-22 08:14:34 -0700
3c0fd8f2ccd0813315f7b365dbfa0cbd8806bed3,2022-07-22 11:02:52 +0200
ae96bdfef3099f8f24347204823d786444e0b432,2022-07-21 17:37:45 -0700
a0fca88e618738950a9c5f0ab6de65537d0494c1,2022-07-21 14:50:15 -0700
4a7f2fbbc464e49084ba2ca77b32ad8aa9970341,2022-07-21 10:13:43 -0700
2eefe5e22b131f6354c33300f39f29b56689a6e0,2022-07-21 08:40:53 -0700
0fadecaf8b5f9c1011b59de021a23a4a7fd52059,2022-07-21 08:36:42 -0700
debad8e81ed1d0df91b37d9d0fdc284324d47b2b,2022-07-21 08:33:52 -0700
906ba1b4998f938c4615a96ec90921e4ccd09c4a,2022-07-20 11:14:02 -0700
87f7ab0e51b7175a356333b56c354fb9089bdd31,2022-07-20 14:39:31 +0200
e364716e1d2966e44ce5d3824dfefb0f8557cba8,2022-07-20 13:50:09 +0200
2946be9f445bbab50aad71cf1c5d1da82a62d9e7,2022-07-20 11:56:12 +0200
2df94844280e72d12d6692934556736e2b203714,2022-07-19 19:46:43 -0700
9f6f687f6c649a700e1a603abf1965a22f7f8430,2022-07-19 19:43:51 -0700
21b504c7f82730420db961b82f373c11e476f3fe,2022-07-19 14:44:27 -0700
20c4750082ba334f5e9ba708adc0db0c0a330a5d,2022-07-19 11:37:40 -0700
f655c5690b0968f1cb5d396cce126babf3596e0f,2022-07-19 10:35:08 -0700
8300b219ec8962bd22af69adf67a4ab72dec1f48,2022-07-19 09:16:40 -0700
88b181221f6094fddef119870714059ba19d3c18,2022-07-18 16:16:56 -0700
344534da551a6624a0a1b5591718a09dc057940f,2022-07-17 23:18:11 +0800
9a3349b2e7edc20ce8d699234f0e173fb54e54f0,2022-07-17 23:16:46 +0800
36d69105f3c984415339e90ca6ab9231ae56a558,2022-07-16 13:12:27 -0700
4e7ad7e7a70684f466de424d575860f5cdd6995b,2022-07-16 19:20:54 +0800
8155e5e8129365ed8d33b8cced2e851734a302c5,2022-07-15 13:41:21 -0500
64ed2a7e2b5f7acce921e6d2c40d97ef276c44e8,2022-07-15 11:18:46 -0700
95f9adba722d192f79f26fdf94d90fc8d8e4bc50,2022-07-15 08:32:00 -0700
90fe0edf1a671095e587a53adeb31cc84d01fb89,2022-07-14 12:05:23 -0500
6a06cb3bd24c101d52e7987f55039b6b9692831d,2022-07-13 12:10:52 -0700
84951419a9ab0aa39f9304b3dce91a179f4e643b,2022-07-13 12:09:30 -0700
51a9702367e22aff635ae05f2a313a19c3ba2fb8,2022-07-13 08:04:08 -0700
52aa642c370d5486edc7b9bf0c8eef72b6de7007,2022-07-12 22:26:13 -0700
e58ff7075f8a95e3bfdf1924bc409a16492418b9,2022-07-12 22:14:48 -0700
6d2edd6284ebc5301dbe45376a31ca8316852a77,2022-07-12 16:00:50 -0700
2ad3c1ab40f937ac026be2b03bb2c09c109c3adb,2022-07-12 16:00:40 -0700
774b2f7df6bf318fa4bbf9f46b33b26b4702b8c2,2022-07-12 15:59:03 -0700
eeb0af128c65d6ec7df406c95ba0c54344301192,2022-07-12 13:24:01 -0700
1afce60cfe28bd168067d49458ce31904fcec992,2022-07-12 13:23:26 -0700
eff879daa492641ac8bc829e7c4625dcdfac05fa,2022-07-12 13:22:51 -0700
883f867088d3595af8f468fd687b6d7b1b178752,2022-07-12 13:21:41 -0700
600b293a5da9acd6cb77ac392b5557f8704b5e1e,2022-07-12 13:17:55 -0700
d3953cf000287fde5fa0d0831a5d2496e62f3d74,2022-07-12 13:16:33 -0700
1533eb17b227c9aeea8a8c29ff1bd15ef8c82a27,2022-07-12 10:54:22 -0700
5f5d699bf4160790d10ba712730dbc79d752a254,2022-07-12 09:59:12 -0700
71aa52952cf087562dd2f210a884943ac04732d6,2022-07-12 09:54:04 -0700
b493bde3e7518283ca03c3382c039bd3bd524ee1,2022-07-12 08:15:01 -0700
6cc4a198c56c05ff103e6ecdf75fe50004af19da,2022-07-11 17:12:59 -0700
0f5b7eba2c00362bfbae1a7197252a65254bdffd,2022-07-11 16:28:27 -0700
6603a81fe495d0a1c2b60d7155908b15746f5076,2022-07-11 16:21:31 -0700
fa07d9f2b37ef64913ae338e6db042d5f9a36a23,2022-07-11 14:59:27 -0700
727985905650e2a1d088f32c600d68fca81e1e63,2022-07-11 11:26:20 -0700
60fb1994e90a38efcaee65dd63b66bd3e935b2c6,2022-07-11 11:20:30 -0700
1629c537b923d001d9b0636afc5f7b5aaec79b13,2022-07-11 11:09:58 -0700
73381033481f4bfaa2967b02550e735b2c4e2f2d,2022-07-11 11:07:11 -0700
ecd1b691cc5d5e337e6e8bcf3f04b1d041ed8675,2022-07-11 11:00:54 -0700
3754cbd9f3e1e38bd6c8e6c947f236b0f8001e66,2022-07-11 10:51:01 -0700
62739b87af9ec5e6640d0bc504d08354f94f8fb9,2022-07-11 09:00:51 -0700
82ef2dcd5118174d19e63950b7c6bbc4a7ad3088,2022-07-11 09:29:25 -0500
643ecc2ca777e8268b78adf4a77f5b4ff86fb03a,2022-07-10 16:47:51 -0700
117625e7510620ffb3344584cf59c927e9e772f7,2022-07-10 16:10:45 -0700
4d055f87a1a62e11fe0dc72b6814472d81bdf14a,2022-07-10 15:43:33 -0700
d1d70875714ada876cc651be6d1b3a1d7483a0da,2022-07-10 15:42:32 -0700
791e7e6f0031606843a802e1931a94b6c1e9d751,2022-07-10 14:54:35 -0700
f8d124994c07a67ffe38443be94a5c3caa1cbdb6,2022-07-10 12:56:00 -0700
f281ec0a326d66dd4caeaab0ed08dc6ab5a7ff8a,2022-07-10 10:56:33 -0700
0f13b2a2d4fa37760fad4fa2f9d8c138dbd30dcf,2022-07-10 10:47:36 -0700
43faba0359bea367bf44346b15faf401632a34e8,2022-07-10 10:45:24 -0700
b0937a4951a2d4a40b67eda484d49c4a4d32566e,2022-07-08 11:30:05 -0700
a253817734dd2ffa576714a33f3a148c2a83927e,2022-07-08 11:24:33 -0700
8e9e33328edc147b4f7aa69b06926cf4d5060376,2022-07-08 08:14:45 -0700
c0ccb003894f76075fdc02f0ec2a15ef1cf9b194,2022-07-08 09:45:26 -0500
d131c356959d83b4b8cc1e418e1b8a48625efb0c,2022-07-07 18:23:19 -0700
761eadcb6cf4cda149b3d11cee4a2e526667c177,2022-07-07 16:17:47 -0700
96975d7a3a64ff8c043ecc90f3a571052a196150,2022-07-07 08:55:18 -0500
d8d212fd90a7239be14e575a1bc185abbb924c63,2022-07-06 15:18:52 -0700
3959e2ffee8c40722d66a492301b315ff37ba8a4,2022-07-06 14:27:09 -0700
56c1993ea9e557e7f1a25614765cadc15a74497e,2022-07-06 14:25:52 -0700
d397ae3f1b88e9a8bcd5d687e701c2d04f130b67,2022-07-06 07:31:39 -0700
5c85b2f5f1837e0e5a89434f656c6168653823c5,2022-07-06 07:02:06 -0700
a2656872c2d3967d279d9f90c35a72da506aa8d6,2022-07-06 07:01:38 -0700
c8b97c91ac04a2ee5ee8f746dcc4619a9c8d5ffe,2022-07-05 16:36:23 -0700
d563d6db0a56199306c82187027fb76e2bf41be2,2022-07-05 11:06:00 -0700
e3e8a15226a16dca18e40b3252ae25e940751cb1,2022-07-05 11:04:11 -0700
da7dd947e4309aa29bb4c803dd4790cf143c5b90,2022-07-05 08:32:49 -0700
81dec350a18aa17675957a13a8915707a3db7a7a,2022-07-03 13:21:31 -0700
9742ea099a97be049cb382b9c4e81c7fb2e5948d,2022-07-03 13:14:05 -0700
36d0b91bb4ab3d59120b3b1b2db786abf7d1de18,2022-07-03 13:11:12 -0700
ff6cf54eda99c741bd810d0addddba37f76e05b1,2022-07-03 13:09:43 -0700
c69a3dd6171ea2e6d2930be3a0402335d696354b,2022-07-03 13:04:55 -0700
6ec04dc5cb4180fda0c6f0762c32100106a89b0e,2022-07-03 12:57:29 -0700
0420cde265bee4a0a8e1e0aaad8297242848b3cd,2022-07-03 11:59:38 -0700
7e1ade80397a54c24db3634cb6015d539143e62d,2022-07-01 12:55:08 -0700
509bdc1777615f88d15aec40d41eb9e4ba00b7ad,2022-07-01 08:34:36 -0700
63acd3174f5d4dd213ddfb3e9e66225313fc6489,2022-07-01 08:21:15 -0700
dec56790be30180b24c468e88989fbd3b7bf9450,2022-06-30 16:45:21 -0700
bd495ec104de868ed49b9deec454f5386119c940,2022-06-30 13:50:01 -0700
da37818bc82aee379dbcd913f73d8ee75fccc63c,2022-06-30 11:49:17 -0700
342ec3c4b77b702753c8351783582ce923a284dd,2022-06-30 11:41:01 -0700
f72442f515718b6ed5381dcc267734f7f230f905,2022-06-30 09:27:58 -0700
3fca5e50cec4158ee58202822581948e42c98655,2022-06-30 14:30:44 +0200
dd5b35067baac5eb004141d51d32251d2f8e808c,2022-06-30 11:34:29 +0200
7e30bec5022924c64c6256eed3c570a86a0bbfd2,2022-06-29 15:49:08 -0700
36634970f5393c5e5f433641bab5d35275cb1ba0,2022-06-29 11:39:46 -0700
336197f4a4a0d80943ed5f1716b74c05cb66200b,2022-06-29 11:36:18 -0700
e1b67dc2ddc880fd36db43fceaaf8f74b1b82778,2022-06-29 11:34:00 -0700
b4ed29b2af16aa88b5da842c64a8cc3630583ada,2022-06-29 11:32:58 -0700
b94716f2e156aca69d713b06e7faa31eb0129d4a,2022-06-29 11:28:27 -0700
2dab406630babee038dcfc2e1991a86575cbd45e,2022-06-29 09:58:25 -0700
3147901275479707b5372d1e81b8ae536a80e0e7,2022-06-29 09:56:57 -0700
7f152b104c8866d639830ba9eba49bd7867be395,2022-06-29 09:26:49 -0700
e9b47f7070fbdd9673cde275ec9fd62cc2a96f0b,2022-06-29 09:20:18 -0700
faa4c55b71cb3ac0364fbbaa432bee3d5a747fb3,2022-06-29 09:18:48 -0700
6b40ec7157474fab2d614601fecfe8555d07d8d3,2022-06-29 07:51:58 -0700
3f3a987260da99e521df5889cb7587cfb7b46b41,2022-06-29 07:47:28 -0700
878022bb6daa86dfcba576f4ed67f4d46473d497,2022-06-29 07:37:52 -0700
31e1ef4548e1d9452154bc92992b74c0ddaece0f,2022-06-28 16:58:51 -0700
b814bf222070a47cff2d680ee06637af175e3960,2022-06-28 16:53:53 -0700
a2619b8bbe587e345234167b8b0c02534c869c0d,2022-06-28 16:53:20 -0700
22298818cb7eba13294eda3b2dd696b773e0f170,2022-06-28 11:28:15 -0700
b9dfdc214f4d99857aa4f06a475dacb07517d17c,2022-06-28 09:14:52 -0700
e28b28831de81564cbbdda36aee5d3fdace893ea,2022-06-28 09:14:52 -0700
3e2ab64c3f07d689aebfa873a9431dd9790f2f25,2022-06-28 09:14:52 -0700
f7add9f181831ce3e98878cd4f1dcee4a2a556be,2022-06-28 09:14:52 -0700
a5eb4e4c899420c82dc2183ef755ebcbc0c0f882,2022-06-28 08:28:47 -0700
71cbe8b2d2e075fdc2708931523a5cb1ba2a46fa,2022-06-28 08:27:10 -0700
2c6f0976e4446ece96118d748204eb3dd4ebf538,2022-06-28 16:42:29 +0200
c1dee7525c67b2644b63cbdaa47e585a220a334f,2022-06-28 09:39:39 -0500
0775af10147ffa87629d39b5fabaee5e5cdcce8d,2022-06-28 07:37:00 -0700
23b97c191f13c4b2f8cdac0d74ff712872724403,2022-06-27 20:57:42 -0700
7a783b67d3180bb519629b8be0b725a4ac39cfc0,2022-06-27 19:22:50 -0700
612fa2d070c0e8d4cbdd608573f413ecf68e9c46,2022-06-27 19:18:02 -0700
7d6bbc4cc711fea1e7fc2b00a63bbd23895e6b8b,2022-06-27 19:07:47 -0700
c27efc075b6bc56cc1fffd1937b547518e68fc17,2022-06-27 18:51:33 -0700
2262f67ae8fdc8ee71c7d9f67f81d4c5598fca6a,2022-06-27 18:50:28 -0700
5590d1e4338be8eb0032ec8442a52c324994ef7c,2022-06-27 17:10:29 -0700
4ce3900e34a1513a53db95725938053b2b90851e,2022-06-27 16:43:54 -0700
98dc1e63d240c32ec7d48eb246d4b8bcd421aeff,2022-06-27 16:42:50 -0700
dadeef2fc445230300954cfac716486799b83dec,2022-06-27 15:57:24 -0700
bd9408499cc99876fc52ebe3c00c9e40bd0e66c2,2022-06-27 14:53:35 -0700
e0ff3c6e9876ce04c890908e375c876d14240c3e,2022-06-27 14:09:58 -0700
eff655644175ac75ef7484a2ffd0a81c021fa586,2022-06-27 12:12:49 -0700
4956ec68fefcee79bc713b011d8229552c04b450,2022-06-27 12:12:19 -0700
443fee43c2ac5008d90f7bd3a59f02ec72b57db5,2022-06-27 12:07:21 -0700
313f49770695fd0201baa8e0158a2f4f41b8b468,2022-06-27 08:55:37 -0700
35b8558d7c0b5564fb3d47f92721534f45850cd6,2022-06-24 16:43:16 -0700
1fc50582629896a8e51275157cdde43a43db416d,2022-06-24 16:21:45 -0700
0eeec8ba5eae1ba01cbff44f7f806bb87e40b7bf,2022-06-24 16:20:11 -0700
781f1bc22d718dc5a62eaf9a59d2553562a58c9a,2022-06-24 09:06:21 -0700
95dfb2b6d2d7566a319fc780debed845b53b3617,2022-06-24 09:03:08 -0700
51827cff86830574f107cb10ad09035396c5dee7,2022-06-23 13:49:24 -0700
6ef656ba0c8f82d0e298947b5eb6bcc534f84ed3,2022-06-23 13:43:27 -0700
720d8d91da685cf42d4d01e63248a8b2cd2a4a45,2022-06-23 12:16:46 -0700
a741a306fa211880321a970f8d6698a4eef3aa26,2022-06-23 08:58:02 -0700
51fbc5603e0666dab7b3682cff600342bab8f3d0,2022-06-23 08:52:32 -0700
7d3ed17e7d8bb56c3ab902bae6abada3ff841998,2022-06-23 14:08:43 +0200
ae19482cd7f9ee3e9e95d7198cfc1e5068254d75,2022-06-22 18:56:48 -0700
88a4d9e85bf30c57d8ef0d2fc10315ba68c59360,2022-06-22 16:44:06 -0500
ac8733d7b9cf182bcee62d67cec4e1342efb6387,2022-06-22 13:40:33 -0700
a5efb53f3588306731afed71ad422891a588ccdf,2022-06-22 09:37:12 +0200
08c8764b40fac06836d32d4d886b9f43962c8ee6,2022-06-22 06:34:46 +0200
e335086e6c3e59d506190bb5ba9013d47c515b3f,2022-06-21 15:51:38 -0700
2f550cd65cfb2c7db689774dfee5fba70099de28,2022-06-21 10:55:07 -0700
4959e5473a9aa8ca10e8ba883a3cbbc3d9dd1b15,2022-06-21 08:27:48 -0700
58a9c6d871391482aa41da668b5eaeb10258fa60,2022-06-21 08:18:40 -0700
120cbe9a5db4cedec76d2a7f097ec67de9c25c96,2022-06-20 16:47:57 -0700
ce11427d9f50dd52a5e4cf78985649f426bdd7d2,2022-06-20 15:39:26 -0700
a3c44ee095bf01ca8c7c9b336914bfad03db6b78,2022-06-20 12:22:51 -0700
3bd6107535c5cb6a9d5b73d9f0302091fac2e9a1,2022-06-20 11:54:45 -0700
a64417c5ce6ae9aac2cf6e5f5675d224a9846afd,2022-06-20 08:55:51 -0700
da63c843991431af374c4b9b5530719d5b80f49e,2022-06-20 08:47:41 -0700
a2c0e13e2ddd4b939760ccf550986293f4620924,2022-06-20 08:44:28 -0700
282e97623100a1712b45ae8fccf9b19f77f16a84,2022-06-20 08:39:07 -0700
c713475fc03ee8a04dc42f00e8e8f01a7b083ed9,2022-06-20 08:35:32 -0700
5f74b3349486b76859a1faf8fb4960c473f0d591,2022-06-20 08:33:05 -0700
bf2f33acbda2f8b41342c5e4e32a285dba56cb9b,2022-06-20 07:59:36 -0700
c9442f1c0f0524b7ca5ac3ccbb927cc80b764239,2022-06-17 09:34:47 -0700
6c510d6f37727a889602651bf6551fac623c66aa,2022-06-17 08:33:56 -0700
13db47e2755d8a885043a7ec62eee2dcab43a9bc,2022-06-16 14:13:35 +0200
a38e66323a99b65f433cb6e96007674a741a2f5a,2022-06-15 14:07:43 -0700
5653a0d9c704b22b3b193ae6338af6261833f6e2,2022-06-15 13:41:08 -0700
a7f7c1a9b78dd596c6c9eda1f0b621950b09f6f5,2022-06-15 11:01:12 -0700
8d8b606a95da950923b8b47d6b2ac608c5903c13,2022-06-15 12:59:14 -0500
98dc9fe8724375e8b932e7e8afdb925c897b4695,2022-06-14 07:42:12 -0700
547152cf3dfa5e399351b851c48edd8f916e9c48,2022-06-13 20:23:08 -0700
38145f52fed1b1cc299e15468a93e2934fdffa09,2022-06-13 20:22:36 -0700
c7d758c6abae37783637b0aef2a56f07338f6bb5,2022-06-13 13:15:29 -0700
06bd31e61720bdc2defd0a5a7628811728b58f58,2022-06-13 12:12:17 -0700
87242c00d530817a038a651448f689f350bc7e7e,2022-06-12 19:12:14 -0700
bb18f18cf83e87f33c0891b9b875aca2c155503d,2022-06-12 16:28:25 -0700
8d37c7f4db207e2589c56076390086a84b73b6a2,2022-06-12 16:25:24 -0700
d50bfeebb00f252456c719f26835b715fe800b14,2022-06-12 16:21:11 -0700
c4cb017f0225464d77aa80a56c67e5425f3e6f4d,2022-06-12 15:55:39 -0700
de909f093f11417b5611542eb09834b51d28994a,2022-06-12 13:55:57 -0700
1e43cb4235858e09f0b16f8979d56a24dd948663,2022-06-12 12:58:40 -0700
9f5b0d7200d515e919ffefab714cd0f8d025bddb,2022-06-12 12:49:41 -0700
b7c1adb1a1e0b32d6726f4c1bf499d8f04bf427b,2022-06-12 08:43:40 -0700
478c118c66d3fa960dae2a17b135f1291add0625,2022-06-10 16:44:02 -0700
77ac5844876e4f360117c6d97267a817d6f71b12,2022-06-09 09:02:21 -0700
84998568dbb5125dcb5a0799cfa01f4acd40b260,2022-06-09 08:52:57 -0700
2244ade22291dff63dd76a4e90f6a001cf76a38a,2022-06-08 16:49:14 -0700
f28b5a08de812dfa1c1c802c5c68ab32297e5fb1,2022-06-08 13:04:57 -0700
183f86338c786445403e855436cb0b864f87f317,2022-06-08 12:33:58 -0700
08e21332b8cda02246279faf4cf4b0b9989dc1cc,2022-06-07 15:13:15 -0700
4df5d37f1d881df8b9fac119607ef85a859461b8,2022-06-07 13:13:37 -0700
ec1beb99ac4cfc50c588d8af237363a961cc12ea,2022-06-07 08:47:24 -0700
5d6c6ccecc43f9d9d2348fddbde45b747016d643,2022-06-06 17:20:01 -0700
9a8b83c7339ff8905badeccbeb3e3bfa30621243,2022-06-06 15:58:31 -0700
31dafee40e0637af69f88529d4e0721f72691fb2,2022-06-06 15:53:42 -0700
0adf678b79ff97b4d1454bb762be3143404c10d2,2022-06-06 15:48:15 -0700
1123b0ac9098e0be599297b57f5139f6fe5bf1e0,2022-06-06 10:32:03 -0700
c9efc4b8ccdaf047f32dc134096f68cb7133c545,2022-06-06 10:31:09 -0700
315e9e9e43c4c10fd68dbb340378ca639ee554ea,2022-06-06 10:26:47 -0700
2d308149240ce973d5b99249b4c481f3430b47fa,2022-06-06 10:26:24 -0700
fe089fb4f374c25b8da3c6d80a4af876fb61a8c4,2022-06-06 10:22:49 -0700
b06a89cebd5099b40b188c4c40ea7b1a23d3427a,2022-06-05 16:14:48 -0700
2c638d40bcc2200666280ca19fc30baaaedcfefd,2022-06-05 11:21:34 -0700
cee5f75536e280cfb8bfbe2bcdc33731dd18a4ae,2022-06-05 11:17:16 -0700
75fb871ec0d8bb092d41746d4611e10106a15e75,2022-06-05 11:15:15 -0700
7f7b600e7ab4df5f3ffa6607818119650b42a922,2022-06-05 11:13:02 -0700
f7b9621bc8ef80307814c7fd2ce1327940a775a9,2022-06-05 10:52:51 -0700
ff7c21738d8e2daae5e69341f80ec6832ce209d1,2022-06-03 16:13:12 -0700
980b515875679d5aa01a50802129fafa554340a4,2022-06-03 15:48:47 -0700
ba7881d5caef6259e478b8c0ec8fa8f237ea7792,2022-06-03 15:21:33 -0700
a94040be9afa0946eb88c9a199b57902d2ef647f,2022-06-03 08:36:55 -0700
3cc131130a1bca8e14e98597a140b03c528496f4,2022-06-03 09:23:39 -0500
82607f1984a8f5813cfada08c285f96eb274b3b2,2022-06-03 08:09:44 -0500
e40705de5d7bfdf36466a961ca517d5e55d99bf0,2022-06-02 08:57:10 -0700
9ab94f87de036c9cd91cf8353906a576b4a516ff,2022-05-31 18:06:31 -0700
01e640cf12fec7b33048a5422b742289e15019de,2022-05-31 17:06:49 -0500
5d0f530cbe64f69370c3d43a3af11f552a434208,2022-05-31 15:03:02 -0700
100c2f6b883c0cc84b33c86c49b7366d0729b3de,2022-05-31 11:14:43 -0700
8d7d32682d1d8f48ed657c44a7509c3605ca9b73,2022-05-31 23:04:34 +0800
a8b494f5fc72844aabc88b65998de0eb8cfcab8c,2022-05-30 15:02:48 -0700
5955dff5ff537829920b57c874e1308524ed56d2,2022-05-30 15:01:55 -0700
0a1c4e3ed8ec81be4d9ae71443e99a37f9943db3,2022-05-30 08:44:22 -0700
82db4fa9ef6d958f5b0f9742c16e30d28338a584,2022-05-30 07:50:13 -0700
2de91b616a61b8da1ae46a4ddb05365f857b5a08,2022-05-30 07:46:24 -0700
fb50da866c7d108b5cd2d43a40e141c780099c3c,2022-05-29 15:25:49 -0700
16158218464f6808f1c703962af435459b3ace73,2022-05-29 14:39:05 -0700
4a75e992738804c8ee5b4b88d634074da58a06e0,2022-05-29 14:16:05 -0700
d1734f9e6570738708abc418faad0523a985ff51,2022-05-29 14:13:35 -0700
ba1a697129c8dbf95866c8b80dffc40636d4197c,2022-05-29 13:43:26 -0700
1b4d531dc3e637f1a6477dd44dbe87fb50f3ea34,2022-05-29 13:42:18 -0700
080fb432c7ca8ca375062815c5979ff51ab6b758,2022-05-29 13:37:24 -0700
58657c629d4ed011fc6669766620964036d96c99,2022-05-29 13:35:06 -0700
b26e14c5a1397da0cfc8ddc4a97ccd97be0882a5,2022-05-29 10:01:27 -0700
534f3c945fa73d182b854f692bbc38f3c9380abd,2022-05-27 14:03:01 -0700
7f472ebbec19110c5a922bc97dc931804e4b8066,2022-05-27 12:56:11 -0700
f7920524329e40192c10cae6d7003aae1e2ab56a,2022-05-27 12:23:07 -0700
399915315da49c356067c45f9af1f003b0fc0fe8,2022-05-27 11:17:55 -0700
ecfd41d091c5dc0c95281c01a703c08145f57ac8,2022-05-27 10:13:32 -0700
22e3b45f970d54d9e5cfbb156c4e492b019beccd,2022-05-27 10:04:51 -0700
fcd520eeb2ac98bbe8ffd3ec418b6e62d1480e78,2022-05-27 09:23:43 -0700
35aa9febb171a2095dd5781a04dc8a2b125dcdd3,2022-05-27 08:01:46 -0700
fc66a94ce499317acfba85e306da494de3afb5c5,2022-05-27 10:42:02 +0200
a06e939e08ca65addc495e4170d003320b49e8f2,2022-05-26 23:26:35 -0700
ca5c37b2e0eeec67b2fb91a4c724ccef85cf059c,2022-05-27 11:54:04 +0800
f412ce5f910c2cbcaf76529ff1194b302fa7acb6,2022-05-26 19:51:49 -0700
29f294610a012a60f3c3452a2608e386df54e48b,2022-05-26 19:34:14 -0700
ed24d937d2fa2262307cca7a43f9b08e1ba76ab7,2022-05-26 19:29:12 -0700
b02dbbc4785b7718d731741d46c64b43a62c993c,2022-05-26 15:18:46 -0700
128d5a161fda076118a7cab1d95ab5064400e08a,2022-05-26 07:56:50 -0700
35b592a60cfeca1d8d075f207df3c494339e8d46,2022-05-26 10:29:41 +0800
ca8f0a1d82dd09a6f10fd23f5138b974fab3308b,2022-05-25 15:36:47 -0700
c4c86113adb459c56ea7893bb13b6388d467495c,2022-05-25 09:02:13 -0700
bf6242fe57605a7b38b9d01ee33ae325687fb3a5,2022-05-24 23:06:27 -0700
815226b0f184d1bb95ba1d62765f79cd3355d0e1,2022-05-24 22:19:14 -0700
49684accdb9da28d6cef1a1b5c4ce29622436f64,2022-05-24 21:45:56 -0700
c62a5c2768a49a5302952aac07ff7370075b6809,2022-05-24 21:45:03 -0700
04871b79e9aba02e9534498fa035b627bcb9af6e,2022-05-24 13:02:55 -0700
77b1e9bf1a06323c16a390a9314f9814079a39ba,2022-05-24 08:11:22 -0700
a7223313a626b79d39009e55efa0f117b356f2b0,2022-05-24 08:09:37 -0700
73d64499b13a6291d22105b8e8270c233715689e,2022-05-24 07:56:55 -0700
a91162324263d7715943dd86ec2ab019cc4fde5e,2022-05-23 16:36:15 -0700
c666c4974cbc835997a30b8407d9838dae9144c2,2022-05-23 16:35:27 -0700
9d3a98945e7ad6846dbd7f986cb5d3d690b8968e,2022-05-23 14:59:36 -0700
6e9905d593fecea1ebd5d8b4aac891897e876aaf,2022-05-23 14:58:05 -0700
086a5dbc89c140046d7e519fcaeb7ed17f62eed2,2022-05-23 14:50:12 -0700
c8d66d66d57d60847babaa2532a95e656dc2a476,2022-05-23 14:14:33 -0700
feeb94b255b705382282e04fbeb1efdc3210d6cc,2022-05-23 10:39:42 -0700
4b68728a907045c9366ca551c95bdfba5297f98b,2022-05-23 11:50:13 +0200
566b2fe3f31f4a53f5a26aca1c4239085de4a994,2022-05-21 12:19:42 -0700
8405e2ecdd6185a0b02c1da0742da40ecd494238,2022-05-20 14:44:16 -0700
b8626eecc139f638b162f06a5f8f3c8bb210346a,2022-05-20 08:53:18 -0700
71282b8ca7d0c703e4fd4ad460821eaec52124ce,2022-05-18 16:52:56 -0700
a918489694f939e6390b28990b6cdf6028e0fdfb,2022-05-18 14:50:33 -0700
3586e140dc3fbe0b0414464497be3ccd4ca0927d,2022-05-18 10:16:39 -0700
a120e1a8cc7b199c549c906e28fc45692975008a,2022-05-18 10:10:15 -0700
f56e017738668b08a4a8b1aafcc5256b37b384eb,2022-05-18 09:03:44 -0700
0285d9a21ef993b768d20782be604b214970857a,2022-05-18 08:28:02 -0700
13b1a737da45b13beffb2c7b112def188e4e1c10,2022-05-17 17:53:14 -0700
b37204ae467b710ecf0ace9b1c2b49bcd256ab9b,2022-05-17 17:18:28 -0700
06fcdbb42d596d5237ad148a5c9a36006148ee7b,2022-05-17 15:51:25 -0700
97f1771c2ac764f43e263c422c720959ca8eee9b,2022-05-17 13:18:37 -0700
abe6ba4ba2a0be6458306f791073cf3b7be2e2ea,2022-05-17 13:04:49 -0700
be2d7bbd613d0ad61685dac3c0287a1c2f5afef1,2022-05-17 12:45:56 -0700
6511c65c819f4be01e5755be2a2ed26f51cf5dd3,2022-05-17 10:42:12 -0700
8d4f8191e1ef771ba1b647603481d583a1415569,2022-05-17 09:43:16 -0700
430f2109003e8245408bef4e085d4649c3354ec1,2022-05-17 09:42:30 -0700
7cbf3d43f03604a07ca3b2c8873d34eb7bd0d2da,2022-05-17 09:41:35 -0700
387e414689c59d5a3849adec35823d7aecb209d7,2022-05-17 09:34:51 -0700
b958e0213d769f221fcd4a89f4654ef6bb12f683,2022-05-17 14:18:07 +0200
2a3a297d134aeaaf2bc19bc75135bea89811228b,2022-05-16 18:52:05 -0700
897e4d506e9aeea4c3b08881d75cde716ac48c98,2022-05-16 11:10:02 -0700
c7bd7277116344fc2638f15e59285386083e2f50,2022-05-16 11:09:08 -0700
932ede696cbb07c266a15505a5d49083f624608e,2022-05-16 20:07:46 +0800
37cc621d1988eb6727ad8701fdba407d22ff43e3,2022-05-15 12:21:59 -0700
4a0a3a13fecadc3308c32e7f2652a2e85996a7e7,2022-05-14 11:33:50 -0700
f85366269a37a960bc05a481c41ea1af5df01d83,2022-05-13 19:09:40 -0700
da38680a451fa2ce43fc1ab190b223b85763689c,2022-05-13 17:00:09 -0700
17a1be62446cabd06e8644c1dc83b68d80a44bf5,2022-05-13 16:23:53 -0700
24f1ae09636dfe655ff26d8850985faebef192bd,2022-05-13 16:09:03 -0700
55bc71e1f92410bf966f1a709e9c2df7a72550ba,2022-05-13 15:59:36 -0700
68f5529aea6a61226700e200cc4e8c14cf516959,2022-05-13 13:09:58 -0700
beed94dc21347f1629a366c7642ca965442e5ee6,2022-05-13 12:55:57 -0700
241a0d0aa57eab5fb787217d34ef06792aeb2196,2022-05-13 10:51:16 -0700
32841a273b6dda897f6efece4ebb178f8ad54719,2022-05-13 12:35:23 -0500
9db76b5cc6f3881af4f6e40672871c569f64f70b,2022-05-13 09:07:43 -0700
fbe2a4d47e1c2495650d2d2ae14373f0d2a18d9d,2022-05-13 09:03:19 -0700
7592a25d1700bb844db78e1a7b4842656386dc82,2022-05-12 16:19:35 -0700
26d8c3ed9eceaf0fd7d2429302a4c7ccedbb2111,2022-05-12 12:09:24 -0700
718fc5ae9651d016dcfd2cb80d57bfb7366e984b,2022-05-10 16:34:03 -0700
9b75114472382ece21efa589abc7fe88cdd509ea,2022-05-10 13:16:22 -0700
06cdfa3f7c4ebd26766bc67100ba5d30b6bf3940,2022-05-09 19:34:09 -0700
a0c42b4b72343e2bd7e65d71fe4122d5db31237c,2022-05-09 19:17:42 -0700
21002b229060cc28115c791e77404aca7bd63d60,2022-05-09 19:16:43 -0700
a8f9f29976ab6fa1c734cb04c67a4184911a88cd,2022-05-09 19:13:41 -0700
d602f2f419fe98b4250b0b057f3094532ac0e7d7,2022-05-09 19:09:06 -0700
f7295d026fd440da1f3b001199be0f8c108ee45c,2022-05-09 19:06:08 -0700
62b01fab869ca98804a524c177fad394999258fd,2022-05-09 18:59:49 -0700
56933c179aedcfd3433f599111099785d2abb575,2022-05-09 17:09:34 -0500
019d76ded6a6a919bf2220adc78eda3554f4529c,2022-05-09 10:40:35 -0700
0390e170318d7ad624751d985eaca78205848d62,2022-05-09 12:12:00 -0500
c886ba5b8ba931706550e72f13c23bd88e537521,2022-05-09 10:54:07 -0500
61142bde8859e3334231dcf2fa6f55e38d288baf,2022-05-06 20:39:02 -0500
f79da868f48c3364762eae25ee13f31d6f620eb7,2022-05-06 18:43:51 -0500
8896316dbb74a3b8fbd7f2213ab0af249af03351,2022-05-06 14:18:41 -0700
bf582ebf68ea05be26f38d786584d474aebe048b,2022-05-05 10:28:32 -0500
7d89e38cb0a5b7003a03de016f1f9582ed39578d,2022-05-04 19:57:56 -0700
4ae2002bd46bf8e1c20db03cffc6319237e4d74a,2022-05-04 16:06:02 -0700
a19ac7835c8e251fd6a042e056f29ee63262adec,2022-05-04 14:53:23 -0500
ec008e08de7cd616ba1645ecc4e12d82c4200e7a,2022-05-04 11:43:59 -0700
42e47f5b4fd04e7925e9e3c93a23c3ebb48c2860,2022-05-04 11:37:13 -0700
eb1fd412c9b1263d64aee5068b2ea06528cf97a5,2022-05-04 11:17:06 -0500
30b31a238d8783faaeefdb5934ca398c28cb4d66,2022-05-04 08:45:34 -0700
ec7ea37ae2697c8942a7534a9622021d84efd551,2022-05-04 08:43:27 -0700
127b2187d9a856b76751497ee5e7e78c7c09e1f7,2022-05-04 08:13:59 -0700
099d74a58248abc8b9276b1bc8bf78b8fe4ffaff,2022-05-04 08:12:57 -0700
3584c79022ec70f79b326550736b4600d249e4a2,2022-05-03 08:53:01 -0700
62f3ca334c4bf377b1aaf9b7386bec1bfaddb5cd,2022-05-02 20:02:58 -0700
c38f7b5398fe88aaedeca76d3932138aa83128fc,2022-05-02 16:49:02 -0700
c82cf91da559829ea6429c26db329771667fb646,2022-05-02 16:38:00 -0700
1bb526264b22372bf94a0d28ccf626da93ea6014,2022-05-02 16:17:49 -0700
421832e5e874950767c078915d926d9b61f455e8,2022-05-02 13:58:52 -0700
9ec7a8fcd766e68c9fd22122ac1594da734877e2,2022-05-02 12:26:48 -0700
2cb2a006edbeaa98efcded3de966d02f84fea9f7,2022-05-02 12:06:53 -0700
659b425ce4ee240ca3e94e90e04f918be6707435,2022-05-02 11:57:59 -0700
434c5658b26ff06f11da261d1d49a84f19e267d7,2022-04-29 15:49:35 -0700
d496ca1f59d94023fbb3fda583036208145cb397,2022-04-29 13:31:41 -0700
2483506842a0e0592bfdf15cc3b5cc446ac6ba85,2022-04-29 13:28:15 -0700
c726b2222f491aac02f0f1910898b4a8dfda2b14,2022-04-29 09:25:32 -0700
f0a45893bc612c60758af26b8870e1d37a8e41db,2022-04-29 09:22:38 -0700
62b8f787a7978d4bc07a37f4f7846239a20452a9,2022-04-28 18:49:10 -0700
5982da3eea249fb272cfc7b1d8dc655b6ec46c5a,2022-04-28 18:48:16 -0700
e998e043266edf6bca6ebe33fe867260a9870165,2022-04-28 18:46:59 -0700
87a9e4a40cfb668cc9e814d1ae249404e4e56006,2022-04-28 10:06:34 -0700
129c9ec2c69f8e4117ac1f246e9d3502aef244b5,2022-04-28 09:14:10 -0700
216a085b603859927c43b280d2b4033ac2b2e61e,2022-04-27 14:21:09 -0700
8964e44f11c58494a245ff5e2f4bda0ac492a509,2022-04-27 11:49:56 -0700
caacbc196c71e2ceed75f405865be57debc8140c,2022-04-27 11:37:10 -0700
5bebbc90e7f8c1e25da2dd2390db195505a548b4,2022-04-27 11:10:21 -0700
cba97853e4b63c1fefa31f67fe1d3c466ebb8d5b,2022-04-27 11:09:04 -0700
ded9a4d1337c990b908de3b0193cba2882838082,2022-04-26 12:04:03 -0700
4c3aac2952040eb80883372e1a9080e994ffa455,2022-04-25 14:48:17 -0700
6188c778dffe0dc1dce75faa3dd24bfdaae1b630,2022-04-25 11:21:48 -0700
a655c80b9e9029d1968e7dd7a7f635c0f41fa65d,2022-04-25 09:55:49 -0700
c1b553de1cbcf7af1b0a0979db7c542f21fb2324,2022-04-25 08:14:36 -0700
48669d284ce36b8d068af13271e4d8e0b2d4668a,2022-04-24 15:07:12 -0700
0d2c1cf91b621e5a59eceb8a65facd08a2250b69,2022-04-24 15:03:24 -0700
17c0ff7f698bced6f03711819073b26bb8bb3e09,2022-04-24 13:49:29 -0700
449a7438b83c475d4bf15e41a5c7aa0021ca0b0c,2022-04-24 10:55:51 -0700
b5f367bdedc26e0f676d88462912b57ff7bae167,2022-04-22 15:29:25 -0500
be1294900d8a0c6be04a6c6e06e507092829f755,2022-04-22 12:17:35 -0700
454e246f0cf79d799806b08fc5fa66e2f56e99b8,2022-04-21 18:23:42 -0700
b70056cf1a80e64317364edea8390ab184261b0b,2022-04-21 15:48:15 -0700
ed54952b51a6cdc7d2350b8223c276421845a8e2,2022-04-21 14:51:39 -0500
eb17916bb6b66e24044596eba09327dcf46f2461,2022-04-21 11:29:26 -0500
3130826c4877c38d06e3980e46735164956fa497,2022-04-21 11:27:11 -0500
f213541beb475fd0e9b4c36f72b56200325bf401,2022-04-21 09:50:23 -0500
0b48f51ee4aa2fb2c33b8d1335abb236a6a8d1c4,2022-04-20 16:57:01 -0700
ab326ce2a067150aa47a4a0a6816f8b909bd2f17,2022-04-20 16:53:59 -0700
22775123d5c3bee57c734360c670ddff1973ca05,2022-04-20 12:51:49 -0700
5e69d002211544a2cbe95ed6da54df6b203e0d73,2022-04-20 10:23:40 -0700
360b566ad1fedbfb32f82ae3d32145a56dbd2316,2022-04-20 08:35:58 -0700
e26e3641cc3fd9c959eb73181ea7a23288eeb849,2022-04-20 09:50:08 -0500
9618147b6de8f8627052a205b86e45263394b0c2,2022-04-19 12:56:03 -0500
5ded91ea4741a269064f55765daaed8124ed5804,2022-04-19 20:22:57 +0800
5da888541afa47c67002b7389ac1722e533817d5,2022-04-18 13:37:23 -0700
01f5573be36779131d229bec8f6cdae747e56c2c,2022-04-18 10:07:53 -0700
0944321951dcfc054fa86e6b2357906732a673bc,2022-04-18 09:30:39 -0500
11cd626348abcb78127e80332a690c26b06bd07d,2022-04-18 08:07:34 -0500
d1476c6f2be0cb40f4799da4c52267966ef99ca2,2022-04-15 12:32:35 -0500
993666dcfa41aabdb9b535a81fd1c0d7f5e10a66,2022-04-15 09:02:40 -0700
30c76eec64ab20f7d05dbe7a7604d6ba7f421a3a,2022-04-15 09:01:13 -0700
2bc8421b971e6c88fe69e408c0509b43d504f03a,2022-04-15 08:36:54 -0700
18a593c093f070f989d4e76601ec96c0880ac19b,2022-04-15 08:36:29 -0700
1d25462b438a6c25812fd8ce04b8160269edabae,2022-04-14 15:38:57 -0700
055ac5d76d739d9958b1b91009ed7cadd92d7bd0,2022-04-14 15:36:32 -0700
89ac21a6f1454ee1f7ff5ae0e24a1b61721a7fac,2022-04-14 12:44:21 -0500
e45c19e1d02a130d33ac886f676dfb141708090d,2022-04-14 16:26:52 +0800
127dd51814b67eb43b9b5b63b5ced22f158dcc91,2022-04-13 15:58:40 -0700
a0e75ef324c8811fc7fe1db59ea1d474f03abf1f,2022-04-13 17:02:57 -0500
a2392355e2a9afe757b700409882f26737a5062e,2022-04-13 13:14:49 -0700
9ccdb37d862c2471f6335d3841f028384af65641,2022-04-13 09:43:20 -0700
a6a423729895ba898536849bf4874f2b801c6365,2022-04-13 08:13:00 -0700
014eb780a2ab586b9ee70763c2c2272df77003cc,2022-04-12 16:22:14 -0700
36408f15bf3c129723001e745006aae82fec5e3c,2022-04-12 16:21:13 -0700
b3a27c698690165eed196671edbba54eabe028d3,2022-04-12 11:59:32 -0700
4826bc12e7701a964137485d3b11afa1d282b789,2022-04-11 19:51:38 -0700
fdc62c63bcd216a7e134a0cf791d6c30915c4da3,2022-04-11 18:51:56 -0700
910f2712c7b731181c4a72fb6b8c66addeb76dd9,2022-04-11 18:15:30 +0800
66adec7bc3b5852ee6a3d44c26612703f35233ba,2022-04-10 18:03:57 -0700
8b250b6747aafb9eaa467bb08070ad109df1698e,2022-04-10 13:02:59 -0700
49dad0c25784a0d0b7ddf74c9a4a27dddd28391a,2022-04-08 09:55:27 -0700
61f085472c70c94dc190314c15f04d95e32e77e6,2022-04-08 09:49:44 -0700
62a53fed6fad24616aea7170d254e529602fabf1,2022-04-08 15:24:00 +0800
a36d442f3c5686aa065560ca4f5afb9277994578,2022-04-08 10:37:21 +0800
f7f392b48dee695b5eeeb22f6dbc99b4a2565171,2022-04-08 10:28:56 +0800
4b382e293f946fdb966e70f2f598cd5daf550651,2022-04-07 15:31:45 +0800
56ca6b36afdaaee98bbb491331a574b5a6d23688,2022-04-07 15:17:59 +0800
3d8e43623b5a1a65e35a61d335d8919362158c60,2022-04-06 12:09:58 -0500
4ecbed795256f180119dd64f42c4c850a8607174,2022-04-06 15:54:05 +0800
56d8f07ce6cf7ac99f439848ebf7c8b86f5046df,2022-04-05 17:16:37 -0700
11b3a9f9c5bfccf477fda515a8d952e32a5e0ce2,2022-04-05 16:15:23 -0700
7b752b6f07d83a38a3f072ce3e6b958d758efdde,2022-04-05 16:11:39 -0700
43bd1163e1e3ce6a44bc29a2249bfe8b67df136b,2022-04-05 08:41:46 -0700
3dec6be7cdf0f543e859df68149afcfc3f6dafd9,2022-04-05 08:39:33 -0700
f870f3b74b8a99baa55c6c5e4e59f44ee2b689c7,2022-04-05 08:38:00 -0700
7c2ea0128133f630041ecb77de1fae754073e904,2022-04-04 15:51:07 -0700
656717df8a1f999bfee0638c8af601035aced785,2022-04-04 14:27:42 -0700
42b59a6e290a866a0af335319a6ca6c6dd978e35,2022-04-04 14:14:11 -0700
85988f4e1d8bfe2ebc798c5e517ec4589fcee3ba,2022-04-04 13:57:30 -0700
12be5b61b73325819b1b5a6fc3fdf11ecbf52409,2022-04-04 13:56:06 -0700
5135956d35a98a246c5534e9ce2ab5486bacccc8,2022-04-04 13:55:27 -0700
48c24c682b3b13d45283078183350225eeab028c,2022-04-04 13:39:20 -0700
44a6a9b4d21f0aab49331b538b7768e57bbfd681,2022-04-04 12:06:51 -0700
0949515dda0df1d766f1dc20d6efd64f671f6ead,2022-04-04 11:29:17 -0700
78cc15aedbfd2d2c2fb499737952252ea200d772,2022-04-04 10:53:50 -0700
e779a377c223bcb676fe62727de5ac831d5ccfa3,2022-04-04 10:52:07 -0500
7147282d53044e41e607d61c04e04ae48693eb2f,2022-04-04 10:48:22 -0500
3683baf0d5ee4b69aa6c7a194328477829e5fe6a,2022-04-04 10:45:44 -0500
635e9e7ec416e78d5ca10f5079fdaf6ba7768c65,2022-04-04 10:40:53 -0500
7e8ec1af955abcd1edb4ba2adabbfb76aeebd95d,2022-04-04 10:37:23 -0500
638f6a3b6a91ff5c9f8fa2a5a6cac1b687415e45,2022-04-04 10:36:56 -0500
af0bbba5594988e687123210651f795ecc249787,2022-04-04 08:32:14 -0700
d10383bfb7612fb2efa71c49504aa8007e119db4,2022-04-03 16:56:29 -0700
b784c5f5e0a142cc2b764b5dada728659ae4cb58,2022-04-03 14:44:56 -0700
d238449ded2da52a433e8173eb96e23efb05da49,2022-04-03 14:39:08 -0700
4ab4b918c725f31f10661ea73ab4806d2db495f7,2022-04-03 14:33:49 -0700
6f4ba696f8819a580aad3032b86838826c194c6a,2022-04-03 13:33:48 -0700
8ac7bf13346fd9d78249c1735a30bd74d3e158fd,2022-04-03 13:31:45 -0700
96a46c5caa841777d6fff62a17f09dcc6929603d,2022-04-03 13:29:18 -0700
5ba34daacd42b6be65ae17b1b3f0140579b2b0d8,2022-04-03 10:42:56 -0700
c34c50526a55c1f852a4d3dbc6c4bf05bcc7b873,2022-04-03 09:38:06 -0700
7ac50619ad753b9675367be46e4c4f42c33fa49d,2022-04-03 09:25:51 -0700
a6993dfc265b7be32ca5cc9774d3648de5cdaa6d,2022-04-02 14:13:39 +0800
023934f28cee8007b3db92303ebbed76449f1ff7,2022-04-02 10:42:04 +0800
86b42fe966c0e0786379cb22c0c78905468f459b,2022-04-01 09:08:04 -0700
dd3137d792f3716dd63687762a64691a98db40ab,2022-04-01 17:49:21 +0200
c7b8d41c637a5e5daf31fcef8e64f81be72a18a2,2022-04-01 15:41:02 +0200
21000d27b0c5798a3dadd355ab7fb312eac798e7,2022-04-01 15:36:15 +0200
445bc61d25e1af4be5ebc3e632a7fb5a516b212d,2022-04-01 15:34:23 +0200
48cbfdec0bf74d11467053d40ea94c75ae61a85a,2022-04-01 18:11:02 +0800
90346185ddc39af6176eea77a3091d06e1666898,2022-04-01 14:25:01 +0800
4269536e5c48adba39f093aefcdd382c69f41fc7,2022-04-01 10:10:04 +0800
3f5230d312c5b0630681a18da0f30439ba7f6982,2022-03-31 12:08:21 -0700
f90971b96b81f6951a3eada372959053d20f6fd0,2022-03-31 12:01:48 -0700
99a0edacb62f1fa18506c1def82a415aa1e4c0ce,2022-03-31 11:52:57 -0700
d3b21efdade91b82540f294d4837d05e2fb0e021,2022-03-31 08:43:36 -0700
4b8e2f4752d46971b78a45db0e5d4b4be0775f26,2022-03-31 08:13:06 -0700
6eb8791b7cca3a0e2836b2387e9a4e50f6e5db56,2022-03-30 19:05:51 -0700
32fcee6b2a74184f0c3e85b09ae201241ef24723,2022-03-30 16:10:20 -0500
5cc28abd0db0dd6ea1aa1a2e12810add829f977c,2022-03-30 16:09:15 -0500
2bef8f16676ca960d05e42ec44833860bab091df,2022-03-30 13:32:39 -0700
9b36109eb38d26e012a654373aec48ab00c9efcf,2022-03-30 12:38:49 -0700
605bffba61ab7a30fa95168d23e0c7b606b89dba,2022-03-30 11:17:15 -0700
aea336e94763ebdd2f19f6f92e888fdf063bb2dd,2022-03-30 14:47:25 +0800
8321176c338785601a768ad198f06ddf8c7eb22e,2022-03-29 08:45:00 -0700
f6e11148d31b408a7aea57a0efcb4428134f6a99,2022-03-29 16:56:06 +0800
513169d95b379ca723b6217681158b4ea1e09d85,2022-03-28 17:00:11 -0700
2aa474b20ccb67972f4fcecffd4e04db17ef34c0,2022-03-28 16:59:28 -0700
a23de313c0201482bc11308d0ebc7a284fe084a8,2022-03-28 14:36:53 -0500
ca73fad8bb2aa602c4b88886ff5a85e77c4bb83e,2022-03-28 08:41:46 -0700
6441d6e4f0aeaede5b2035294eee975d14ddd937,2022-03-28 10:33:55 -0500
6d39f3c5d878201ab4a3c073e4655f9798b18962,2022-03-28 11:55:15 +0800
340a0c5f30a7fb1e33dde4c1f082fd4cb9f7472f,2022-03-27 19:12:55 -0700
74b51ca2458cc73723f26c8a22df2795c1271544,2022-03-27 17:00:30 -0700
f4c45e8a0e218e5c64d49c49a7cf1f7b870496ea,2022-03-27 16:44:42 -0700
4d2ff3f871efe63cb6ca80391765b14dca9fd5c9,2022-03-27 16:42:33 -0700
04a937c94208d45182a2f2673792fbb0df255ebf,2022-03-27 16:38:11 -0700
8fffc21f79db2e1b931e4662dfc57f3aaf5bb8e7,2022-03-27 16:37:29 -0700
5175901db37b8cd7416f192ace89a0f0729fdc08,2022-03-27 16:36:27 -0700
5235a702d8decdb03002759330663b860e1abe86,2022-03-27 14:35:58 -0700
8b288f97a426423f313561d7364a876f966d9495,2022-03-27 14:03:20 -0700
d9296ca2d1b1143e6bbcdd1004962e653400489d,2022-03-25 10:12:35 -0700
5f07f270f1163e1a0cc90e2d5a7321a25cc2e20a,2022-03-25 13:09:25 +0100
347809b5b1dbea593e72f199907dc3564ca77eb9,2022-03-24 14:43:20 -0700
0f6398f1ae6f5fbde5329858e0cd64064ceb165e,2022-03-24 09:50:41 -0700
a314fca340f65170b912958c508f925e6d1c0afa,2022-03-24 18:30:47 +0800
ea8bbe749753e3d1ddc595ce75a88a55a442a67e,2022-03-23 22:06:49 -0700
b1c40dfbaf069862bae2cc91a344ff3d48227f42,2022-03-23 20:22:26 -0700
4bea40f24f0197486ab7234550525b8e84b6c52c,2022-03-24 11:13:13 +0800
578b4436fdb890176e6daae30ca02420165e64cd,2022-03-23 16:48:08 -0700
a58cb69ecaa1d4e241bd7e9630bbd2bb1a43cb42,2022-03-23 13:09:11 -0700
718ff6ae514d7a16077c21e5281e765ba5fa120b,2022-03-23 10:25:34 -0700
ab1a3a887c29a8dd982d88366100029a6c768c81,2022-03-22 20:33:14 -0700
7de917d7064c07a8cd530c3b73b17024fc0020e6,2022-03-22 17:13:44 -0700
14d6700e8176076fa558280848f8857ad1611ab0,2022-03-22 15:53:54 -0700
4a7e70f9b06fa11fdc663ac827423324d6241b86,2022-03-22 15:11:50 -0700
85e64cda5a820e642a79d162ebf227f882a6e24c,2022-03-22 14:20:44 -0700
6653535f75db503be02169f823d8191670e107b7,2022-03-22 12:36:03 -0700
7ae996a7ed9975477206105e94b9243792c0b61d,2022-03-22 14:28:26 -0500
5a21c74749edc11752903cc41ae68a4849104a31,2022-03-22 08:57:16 -0700
8bd6178d40dd39cfc02a68dbd094b3b03aa76bde,2022-03-22 20:43:08 +0800
56355d703d728f9b95eb7428417fc2c27c1db81c,2022-03-21 19:39:23 +0800
b4d64895ec279a705e7e115c7141d12a479c3a6f,2022-03-21 18:01:10 +0800
0f3e7c7badf47bd0e2178591082886cd47d94a1b,2022-03-20 15:20:05 -0700
dc286277686d8cd4dfa49d600ce9d40e050ef519,2022-03-20 14:08:22 -0700
0eee9079439565ea448d806ebb37b560aa8c5e8f,2022-03-20 10:50:44 -0700
4edc7057bc251b7244cabae9c6d154da39f3d3cc,2022-03-20 09:13:43 -0700
a462ed254fe6e8a033379a866c3d759b7788b6c6,2022-03-18 14:04:36 -0700
9bafdc447dd1806beb119bc41cdb1916e079fd86,2022-03-18 12:13:06 -0700
a86f08ca1cbafd3e29decd9f60041af7b088d964,2022-03-17 20:35:20 -0700
c8f93dfad1925c7192d2d01bbfd8b790b364b54e,2022-03-17 20:29:24 -0700
d2bb30f863d7276097c39754b9501ba27403b73c,2022-03-17 16:59:59 -0700
fc92d07691f3ad26323cb67b131f23b0a7acfec3,2022-03-17 13:24:07 -0700
5b9cd7a68478f9fddd569765bfaec285d92f5907,2022-03-16 23:37:46 -0700
cdedd29dd034b52c33840e0c0afeb5542e202383,2022-03-16 16:55:43 -0700
30d62f9ab04b1ce973937509eeeb43e950936653,2022-03-16 16:18:06 -0700
dcbd5f694908781c07937f495690a4ae16886c61,2022-03-16 12:36:31 -0700
dd8a0336463816b2b90f439f0c1a486b0f44441c,2022-03-16 11:35:45 -0700
c1adf2034280884d05afad4e67f09f2872c47d78,2022-03-16 08:47:53 -0700
2434de5c9a8607c02743873f32657165221ba112,2022-03-16 08:45:20 -0700
092b4e3a986bdeebd00d7dc4745f038fb684f1b5,2022-03-16 08:43:24 -0700
bccd5a8f7be76f0b8146de190b044f636a4c9a89,2022-03-16 08:41:52 -0700
40b78af005b62f6dbe3e9f13da7ae682b628f023,2022-03-16 08:31:06 -0700
f48dddc5a0bd7fe2b093135df16d67a136fead57,2022-03-16 09:07:28 -0500
725a7bed0fa4215554eac08954263d1a4a722f9c,2022-03-15 16:42:52 -0500
11639d87190c9427a3eeec641025d84f391c962c,2022-03-15 14:38:06 -0700
b64aa0db2d374c6765f6353c7cbb4b931d5ba828,2022-03-15 14:02:57 -0700
e9a287b7f68d8e7138c47dcb686d3709bdde402e,2022-03-15 14:39:30 -0500
a13c68d24668757a25a5233a23fce5bb3cb37313,2022-03-15 09:56:25 -0700
c21f13a5c51353ff33e80d8fa2ed8f8e6d6c3396,2022-03-15 11:06:59 -0500
50721cdfbb29215dec93a8088aada4985bdd5613,2022-03-15 11:06:26 -0500
bd7823c49a7c4cd08eff5f927b384aeff9fdaeac,2022-03-15 11:00:21 -0500
f6c575fbc8726eec4df5b09fcf3b84e4f3aa94f2,2022-03-15 12:08:24 +0800
c6a770f8986994d34758aaa6dab6d234921ec10e,2022-03-14 20:19:23 -0700
a701416e85c9d4bb863cd7ca331746578dc95377,2022-03-14 19:55:13 -0700
1d95424d023c250946a41dc764bf485f41ed8e6a,2022-03-14 16:40:36 -0700
12ec66ca24efe450bc1fa4fe2a94e84ad876ebd0,2022-03-14 16:18:02 -0700
7f07ed4515cbe86daefe07a367a755b65ad22740,2022-03-14 11:29:02 -0700
314d5726567ff425135a81c5cc07cca5d406fb0b,2022-03-14 10:08:15 -0700
10f8509b67af7a926a0fc97ee1d72ae70bd1aa68,2022-03-14 09:36:26 -0700
f3eb0267da8e6f094f54ce99bae3e29d442376d3,2022-03-14 08:48:52 -0500
820c24364acac6ab4613dda1d6a7966609ea62ac,2022-03-13 16:44:22 -0700
eace97307cecf1e6a8cdd96cf78a5d0847ea1cb7,2022-03-13 16:40:34 -0700
5c4dbbb036aef5a444f32eb817444f7c4f4c9a75,2022-03-13 10:47:42 -0700
a5555564927aa77d8a1e47cd38c3c5352732eec0,2022-03-13 10:19:07 -0700
b98227b8ec49c8a0ce3d0b6fd02001169bb3f82c,2022-03-13 09:49:48 -0700
4d8f8cbc91d167b1bc87c7df1efa12dac8bddadf,2022-03-13 09:35:47 -0700
972859f792140e373dc023186f7e7e55a6ff2f3e,2022-03-13 09:25:59 -0700
ad1e634a4806de2d420d18e7c0e82b74409cfe69,2022-03-11 15:21:40 -0800
0c6e494cd22db1a6622535ad1b21d3ee8ad9ef5c,2022-03-11 14:13:18 -0800
19af3cb167a642ac141244562a74f91c92120390,2022-03-11 14:10:00 -0800
1b774c2c3f054309024e0b0e62688ffa9e25fe20,2022-03-11 08:21:48 -0800
197325f3e31193054ecdd860ac0fbc2af4b64748,2022-03-09 15:44:43 -0800
cceef9fe9d595f7e9fb74bfc916d1a266ecee203,2022-03-09 14:07:08 -0800
610714e46741807356054a86efc653f5e3ddb167,2022-03-09 15:16:46 -0600
5eb06994a1a4cb108315150c044025d0333a2fe1,2022-03-08 09:23:58 -0800
6abf726c1cd4349417e12dc71ab5a6808a46f320,2022-03-08 09:19:32 -0800
fa8d908268306d1be5e1b61d43a6f94f7215f7f5,2022-03-08 09:18:17 -0800
f41062c5a4fd40bbe6234a5445de2ab2d9b6ec02,2022-03-08 16:22:52 +0800
dcdda57d7889ac1c270d7b246311a04382f59f51,2022-03-07 18:48:57 -0800
c6710cd5e0f3b3cf457ebca1532e10091042474f,2022-03-07 16:57:53 -0800
3e019bb050ffccb794c5a373602739f56d688967,2022-03-07 16:55:38 -0800
2f9f058e5346f76c2d17ac9e7dee1c065de45b1a,2022-03-07 16:53:51 -0800
dc7e4dca7a92e58e58875478eb4b923cb070dbf8,2022-03-07 16:50:34 -0800
34d4792e939e92a61035c0687edf8c95574fb493,2022-03-07 12:54:11 -0600
936f70219b1c6b9c0e45d53fad8d18f615cbda98,2022-03-07 10:47:56 +0800
48a3c3ccb0fb0c5538cd00b15f4b8581292557ff,2022-03-07 10:44:15 +0800
802939c9a51655e5be9306e75ce9e3b9aef0cdc3,2022-03-07 10:37:26 +0800
98ee5029ac7aaceed67e2e91cd0256b4e914f7ac,2022-03-04 11:14:00 -0800
89897e9855023bdf908499093587cfc8e3421f28,2022-03-04 14:50:57 +0800
e75d732e8bea6242c48154e610084b146ab2e935,2022-03-04 14:45:25 +0800
28f36e7c24eac5023ee20bd4edf7ece4ce22adfc,2022-03-03 15:29:39 -0600
79c897857407190f5c51389de60cfb1e6ef088bd,2022-03-03 14:09:47 +0800
3dc245b33b0e3bf4edf93f4e6a3262eff22ac7ce,2022-03-02 21:45:15 -0800
01c62cb418a91d95d53fcd73391cfce3c5d9f060,2022-03-02 21:42:54 -0800
d19f11100f076ff183bf4c86fcaaecfb67ff13d0,2022-03-02 16:57:41 -0600
c45b8b4c6e4d3e0ff5e7ce8ea4ed7296d6e1b12d,2022-03-01 19:37:39 -0800
41f3c102becc0ea67b7974fac73519b6d72586e5,2022-03-01 19:29:44 -0800
72e9b50bec768d49b1787d0a285b578ba5d0532e,2022-03-01 02:13:31 -0800
3efc8383138523235a679f3ade5d2d22a55be8bc,2022-02-28 14:46:25 +0800
7ce8f84ed62f68806014912fa53c95fadb3bbd59,2022-02-26 09:31:52 +0800
f0bacc8c53c20eec94a916035d4d02b2116e4020,2022-02-25 13:57:13 -0800
009d9d02b247445e194b870b0c5e1a22ad7b5d31,2022-02-25 13:56:55 -0800
9602dd932760f649fb0200bf50df6074ff8b3fb2,2022-02-25 13:56:10 -0800
cffeec5b637cd4a82a45e566fcca4fac4058f1ca,2022-02-25 12:21:41 -0800
46214680d03e72fcab6381a94318746f9bedbda8,2022-02-25 12:16:21 -0800
6229d473d2847f18af1d440625d16595d626cbc5,2022-02-25 10:56:07 -0800
fc41cca1eba8b319c678fa6781f461076eebff0d,2022-02-25 10:13:48 -0800
8ff23186878da8854ee4176eb6e5f0e172a02f2f,2022-02-25 11:14:05 +0800
7ced339b0565b26d1d58e0e7d418ca387f9101ac,2022-02-25 09:31:18 +0800
c9ec76ff5e85e35f220b0ca4dae76ee7187cb614,2022-02-25 09:29:31 +0800
e6c08a8628197a67f638937f95eb70a628e0dd9e,2022-02-23 12:33:25 -0800
bb08b0492a1fde898560d668edd24cb49d2b3cc2,2022-02-23 12:27:23 -0800
d831dd5055fdf4705dfdbbdfd3d932ac0c6816c4,2022-02-23 12:25:58 -0800
41b9774215632cbcfa1e517603eb9cc5faf49fe1,2022-02-23 11:07:02 -0800
127bf2ede44d67b47b1d61b7aa0958087987082b,2022-02-23 12:55:56 -0600
d978025bc7e4f3961b2e255c7736fbe89a809d35,2022-02-23 09:49:42 -0800
37b74ed35995c2b1d1e3a14b81e57447ede36aa7,2022-02-23 07:47:20 -0800
9d9bab1f27c2c0b22d0024766bd062011f0817a4,2022-02-22 22:07:21 -0800
69c06cead6e5ddfe58c17630c4863eb98e04ff4e,2022-02-22 20:43:15 -0800
02433f22c7fb052472242f7b1e23d47bf2a13f01,2022-02-22 19:17:47 -0800
ec2f1ad76d2152d6aa08b185be4a2447319db642,2022-02-22 16:25:32 -0800
caefd6e05ce6923ade42949e1b9ff3acfbc2b950,2022-02-22 16:23:59 -0800
903c932e2f69a7e53928bd64a28e6768ce25887a,2022-02-22 16:55:50 -0600
279365e386fe35fd85d6c75d1e5a47f120da1143,2022-02-22 12:45:13 -0800
3aace962c62efbb0fc45b1cb3565040f37988a13,2022-02-22 12:43:50 -0800
2ba47ac14e3c8e0f24b68c1942564df245dc8778,2022-02-22 11:25:48 -0800
818d9a5bcc886d42ca0a503e46f13572716449cf,2022-02-22 09:43:07 -0800
2a2817ccc915a9ee7f62bbc249307fca3e8a7620,2022-02-22 09:33:00 -0800
1a3460484af2be74f4c7761f08064eb997f593ec,2022-02-22 19:19:18 +0800
165b325ab5c8bbc5d53993ad9f0929b4ea7e4a27,2022-02-22 00:02:16 -0600
da84a9c0740c9909889780b4350e113cfd35a4ae,2022-02-21 16:27:13 -0800
888e599dd7342c218062ffc00f2f026d826b0e42,2022-02-21 14:24:07 -0800
ac8147b6c3d75e308774aea97895633a72184eba,2022-02-21 14:22:25 -0800
674dcf1c2e3cb0444a183c55a24b521e297880de,2022-02-21 10:50:21 -0800
69775c784cd441d225cdaa142a72c0d352b3223e,2022-02-21 10:39:48 -0800
a305c29d91a708e44fb6b285b6e32d14c7250a5f,2022-02-21 10:38:31 -0800
0cd1fe85aa5629f702d5b9e85d4dc03586d3a11d,2022-02-20 11:17:46 -0800
87996cdd59de178bfc8d94b3c750755ee74f4ea9,2022-02-20 09:43:53 -0800
8752e778573c5bb528ecfdd3f8af7fa0bb4a3cad,2022-02-20 09:08:54 -0800
37c6c06f5cdb512de2f1f5adaff4650d98dc079f,2022-02-20 09:06:40 -0800
90637d664c30ac337312808c7e927cc4250dad67,2022-02-20 09:04:50 -0800
1ce347d82c1dea9511b5a6b88a1022b7d2a689ea,2022-02-20 08:56:53 -0800
cf053d1a2154d16ec1c32fde349fd14f261fa329,2022-02-20 08:46:02 -0800
1f434420406bf528cb0e7987f4f1b2f95600f21d,2022-02-20 08:37:43 -0800
74db81f4dd81360bf3c0ad438d4be937c7a812d9,2022-02-20 08:36:43 -0800
701199f4a93bfff8f9ac4018a332815867227e99,2022-02-20 08:33:28 -0800
462ba82c7f559eb38d9114fe72b82285dff10fb2,2022-02-20 08:25:55 -0800
b14c311a80e05e26871efda1f77ef8df92af249c,2022-02-20 08:25:16 -0800
578e35c3b8c0c6c8642be38de0f7813dcd95cf68,2022-02-18 15:29:32 -0800
9cc2ac8ec7172c78510bf4ddbcda9d9bc7b5a31c,2022-02-18 09:20:47 -0800
755edcbf68ff5651406dd464167da847cdbbd849,2022-02-18 08:48:35 -0800
5afd703dde39892a577908cca455a86644d9c9c1,2022-02-17 22:27:21 -0800
85dd3b1a94d4ae81da529f628664ed73f6a8e98f,2022-02-18 14:17:35 +0800
ef6844e1799a7ba205b5007adc7447ed3c8b8d03,2022-02-17 13:31:06 -0800
2b6e76919ff3a81934cdbf906b253eb531e98050,2022-02-17 12:09:09 -0800
c9dead53721242aebc776e789427a2c53568f15b,2022-02-17 09:07:38 -0800
10619488800da4441ae7c5155a1dfc55d040a16f,2022-02-16 16:56:28 -0800
344ae58b6931a68ac74fb7a19198bd1987ce4121,2022-02-16 14:33:28 -0800
013d4ad612204beeeb39fd2d6d84d15afecb8c47,2022-02-16 14:31:21 -0800
9a403d6a2cc9aaff55184c15538b28770cd74444,2022-02-16 14:42:01 -0600
ba43bd16889abb21b8fb31d3b4cd3806f40e089f,2022-02-16 10:39:26 -0800
fabc8ac88cc19f3c44cf8fdee3a309437bf810b3,2022-02-16 10:06:29 +0100
fc51292a71680b6c4e24fded65269a1eae3f1f7c,2022-02-15 22:37:59 -0800
080495fa8f7b1792ddb377d2f408df25562dfeb1,2022-02-15 16:34:04 -0800
e41e8de673628baa6d641f5ad6b03680c18cc0fe,2022-02-15 16:28:42 -0800
243adfefbc7cf4c8f5e9d637660b90a027b9d5e3,2022-02-15 14:27:44 -0800
a3a112d292578e57bea11a02a8248a5fe1ddab2f,2022-02-15 14:21:19 -0800
605cdae36b27245d913c5a2e0aa5c8c7dfe36ef7,2022-02-15 09:26:51 -0800
6ebe71c2d8869015429fb43909be6012ef9c19a3,2022-02-14 16:02:43 -0800
788d0ee99642cbbcdfdbeb83144ad3e5890d598a,2022-02-14 15:59:42 -0800
acf268127d2d3570c7cf980205f97b55b22bd2c5,2022-02-14 15:10:10 -0800
2b42a0ee944b4a37fcb8d83ae91df90b2e1a94d0,2022-02-14 14:02:22 -0800
2247e77b52ef79818f5c566f630f74a5a2921d35,2022-02-14 10:57:55 -0800
a0cbb3677da41836c7e6e94639a5dcab4c9298cc,2022-02-14 10:16:56 -0800
fd95edc3c22694d07fb23f43a5f5cda1b50dfcf8,2022-02-14 10:16:16 -0800
67f4716bf9a9dfdc28f62b45f5c818ba453e6fb5,2022-02-14 08:50:41 -0800
82c7dfec0fdbad2652e26a2c5a67f9450f76ae7e,2022-02-14 08:32:47 -0800
52d246b3a4c7a4009304261bd16bc873628c0fef,2022-02-14 08:30:58 -0800
d43cb4c296f8096300b43fe830fe6c4fb085aaa5,2022-02-13 19:02:42 -0800
83ca645e51d64e074ad3142aaa12d722398c1a72,2022-02-13 11:16:42 -0800
46b94e362b4acc469f42b76577141d2791ee612a,2022-02-13 11:16:13 -0800
9086157d1a4eb97103fadd6d5b65fcdcc24f4c1f,2022-02-12 14:17:29 -0800
9be2c4a59563a7a85526b860a8eb945a868ce271,2022-02-12 12:21:36 -0800
75852ad393ab3be1c4d6c48877c02d9df3968e50,2022-02-11 11:22:00 -0600
13f0a7102c49b3d75bdd0323fbabd76fa3b2feb1,2022-02-10 21:18:02 -0800
078389d7b44adb18ac8ea1378a9ad4bee3e2d02d,2022-02-10 10:10:53 -0800
6a56d61f3407ecd5453a7c5d747f958042598f3f,2022-02-10 08:10:49 -0800
f7dece5d9ce1564f3710619c1fc7571a207e2447,2022-02-10 08:10:14 -0800
bfc4b88e80e058b4efdaa5c870add21a1f1974e1,2022-02-10 07:58:52 -0800
9b6b5e0d2e760694e2abef73fa9036d1d8bbd014,2022-02-09 16:54:45 -0800
ae2c615358a5eaa41415f60ff5446bf56fa9aa29,2022-02-09 16:51:01 -0800
f66f0fa141ee74ba489b021db96a78fcfffad8b2,2022-02-09 10:55:03 -0800
4e91c2516b8e34c71dd4874b3bd6c3e43199bcf6,2022-02-08 22:43:37 -0800
092a78de7fb187d4b0595ef46a20551478a767a5,2022-02-08 20:49:13 -0800
c47d8cf0a91507e538ec2ca6a040b8a1d1f52a8b,2022-02-08 13:42:14 -0800
336c0aaf44d4035beed346d11ba619416ce92964,2022-02-08 11:58:21 -0800
4d7837093bd19a42237446a9b656a248e106b789,2022-02-08 11:57:05 -0800
2e0e4faad45e5765ed2a2c97b3983b128e88e08f,2022-02-08 08:11:25 -0800
b7a819f3776a647cf22eab41ffe1e73b2989d220,2022-02-08 08:10:29 -0800
5214bc887bf31e22adf7c99a48ed403db09841ed,2022-02-08 08:09:58 -0800
bf2a210f9dbfe8127b8f908415a4063b3aa510f3,2022-02-07 16:38:48 -0800
8643d4872196c1f2db73d957ef265731037f0393,2022-02-07 13:45:58 -0800
2208b24617f2c64bb02f1a7aec79f3bbaabdc1cc,2022-02-06 12:34:03 -0800
550cdca401ebb0b8cb01d5e03f9979c3a04bd119,2022-02-06 10:40:49 -0800
7f08fe7ba0f30b5caa838e950657e1fa1acb3ccb,2022-02-06 10:38:29 -0800
d045258dfae76e91592433930b32577051632832,2022-02-06 10:37:11 -0800
2ddd0bec6d3736664c56f6fdb00b523f793c4843,2022-02-06 10:26:53 -0800
e35bdc90ed07a44ce03b436a1881b94a57cba18b,2022-02-06 10:26:26 -0800
673245cdc4ef96214ff0d312d6e1582b2a8497b9,2022-02-06 10:14:23 -0800
333414bfb08180955dcbc24013acc1e8eb89e0c5,2022-02-06 10:14:01 -0800
50deaa57f55a944763e9605e7388b38fd94a409b,2022-02-04 15:33:17 -0800
afa9c60b08ec2ad4988afd4b5f30614ee0947d44,2022-02-04 09:38:39 -0800
5a42dadc6f51f959b6d7fd14a056f9ab5895bcf9,2022-02-03 09:39:22 -0800
fee9b9ea728e01cdbba2644722ea344e8635d21e,2022-02-03 09:35:49 -0800
5b7a6b36d5df72f8b2db6b345369d394619a49e2,2022-02-02 15:31:41 -0800
f2d918d80df35b3e280c7945f81b4bf21d3a91ec,2022-02-02 14:27:03 -0800
fc899b3fb635466877256ae6440bc9a6bb2bcd13,2022-02-02 14:25:04 -0800
4d2d05d330c8bee9e448da51fb8af568b5b5757c,2022-02-02 14:13:48 -0800
b3da5480a56a59c65e68450991d7deb6757bc79a,2022-02-02 14:06:16 -0800
68d03e9645545c78fd13c919c1d909f9957ae061,2022-02-02 11:36:45 -0800
49e8eecfc991c4cb9986434fdbb53ef6648b4dfb,2022-02-02 08:53:55 -0800
d064c8eb7765970a769b0596a78a708ebddc99ab,2022-02-02 08:49:45 -0800
ffd87874429399c5fa85a9f61241e204319c1933,2022-02-02 08:43:26 -0800
59de685aec2675a4bba2073cf0a578e9404b510b,2022-02-02 08:43:01 -0800
5edf20e2f2a38a1052fbde2dad830e41cb0bb2ec,2022-02-01 12:46:48 -0800
1fff0ab41812a08fe164a142be11691832f332f8,2022-02-01 12:27:43 -0800
664439344aefc60836fd519a21c57c0406c3f96c,2022-02-01 12:13:20 -0800
bb036ce639738d463498eadb537d4405796d53a7,2022-02-01 09:37:51 -0800
5505321af663befa89095ed6643b2de9be481788,2022-01-31 16:59:48 -0800
66f898c1b26792935f2c13b6a5992e71c7d15e3e,2022-01-31 15:55:24 -0800
e9335c5d1696245e9671425b739ee212c6411629,2022-01-31 20:03:07 +0100
a4554a49cc3a9191c1535e4c532ed982f09694fc,2022-01-31 08:22:37 -0800
27b37eff56be9ff4e1e9c7cd90de7060b3728e94,2022-01-31 08:22:14 -0800
8748ddddd37da1b26d72073858d90cf2965f174c,2022-01-31 08:21:44 -0800
27afde6683b5997fc701d1cff27fc6d2111fb720,2022-01-30 09:41:17 -0800
53090cbb1ee41edb8b6524fb46bdc9b9d4651db1,2022-01-30 09:40:38 -0800
c1ca6c536a0248ea752334889ab1c5fcc935f26f,2022-01-28 16:51:13 -0800
2c135d9ab82b94bf438df42ec0688b921b618181,2022-01-28 11:49:56 -0800
50b612e03ffad8219b3cfe2d4a625df9b95ab7df,2022-01-28 11:42:55 -0800
a7bbe4d5674ff667dcb0619e6fa7b5845abd9036,2022-01-28 11:40:52 -0800
1bbc228f3e9c46118d00624246d54cd65d37bfd1,2022-01-27 17:30:04 -0800
fb12d4d113823a8308fdd51fec2000eb5eb69db0,2022-01-27 16:17:56 -0800
03fea462f25aaab1a7a1e0aadcd75a85c4e1293a,2022-01-27 16:17:01 -0800
c3bf7e85ba5a1fc638dde7a0c1f4f985fff00ebf,2022-01-27 16:14:47 -0800
7fd7ccbcc5493b98aba3d5a26117e87d299bdbcf,2022-01-25 12:50:19 -0800
1dcb74b6a567c49c1a6979155ec0f0b31630b3e2,2022-01-25 11:54:36 +0100
a21abf513c2541575d63da977350469cd0782e7c,2022-01-25 00:03:36 -0800
7a6c951c84b99f9c4d365f83a2f4bbfd6a4108e0,2022-01-24 21:46:57 -0800
ca46fc93ae9a349e3920d0519ccf0f41e7210d44,2022-01-24 17:14:43 -0800
a48db936ac1ad9a5999390607698b4252ee488fb,2022-01-24 14:48:45 -0800
6423bada92da74726972f30251dbe355221b978d,2022-01-24 13:29:48 -0800
2ea62c41f1d06f64c1bb8fd28b24ef8a3fea41ea,2022-01-24 14:39:47 -0600
35c9fab8afb98aa50e7a753f3608208db889a54d,2022-01-24 11:55:20 -0800
13cbb88743385f46daf1433972df220500f9a19b,2022-01-24 11:07:53 -0800
3425f948a4127d4f0d21b310aa958d3125298eca,2022-01-24 11:05:46 -0800
e1c801653db05f5ac2fbaecf36be4320806c27b2,2022-01-24 11:01:37 -0800
704cd8c2e4631798dfa913bec5c06bc4231cfd26,2022-01-24 12:38:16 -0600
6e1dfe965f51e58b6c2dd654c3481cfc803df52a,2022-01-24 08:27:23 -0800
599b402a1149b01f3b6a9f759ffc05f3145cdaec,2022-01-24 07:40:52 -0600
65b22adddc871762047d75a6bcc1c6749fab08bc,2022-01-23 16:39:55 -0800
095754c2236545a3ab6d9de87cbb862970ca76cf,2022-01-23 16:37:31 -0800
562e2b076275b63262b3c14e7e29b0ce9ff69212,2022-01-23 16:31:57 -0800
5d506415c57859f63ee521bf4005f8830a459b3e,2022-01-21 17:05:48 -0800
0c7f2487056f029c4fa1c952ba8fbf2a344e25db,2022-01-21 16:28:28 -0800
4fba3c42a2607caf29015d9ca7d740a94947e739,2022-01-21 15:46:24 -0800
4d6b6b41afc959b4737306ebb07f30d1bdc54767,2022-01-21 14:00:19 -0600
a8fe316bfea79a9823ac388e3bcf7b152eecec42,2022-01-21 11:38:29 -0800
6c7a114a046c89d0c8168f5fd6e4788a1e0002ef,2022-01-21 11:09:39 -0600
f8f7805a6abbc3938532c2aec24d31f60e7cf2f4,2022-01-20 11:22:50 +0100
ef2382c7ff0e8aad1b7265e35fa7002c4cdccf29,2022-01-19 23:47:02 -0600
0a24350d7c4fd86935f61e0d77ab27c49fa81e69,2022-01-20 10:34:43 +0800
eb2dde513ae03754f959daa0f13cdcde232b8c49,2022-01-20 09:52:10 +0800
76fabd8435da891809f72862dce3e4d04e159d7d,2022-01-19 16:42:26 -0800
0c80aab31c79e0cf04b79a59c801ad6c0b61baef,2022-01-19 15:23:59 -0800
e1b461c2d80e0dff3c86195a51bcf69e0a781c46,2022-01-19 15:22:39 -0800
edbad927f8125bf153f6b86f1f3344810100bf8a,2022-01-19 15:21:44 -0800
83405029b6c6d5ae4c34af211b117d78a4d33bb6,2022-01-19 13:53:17 -0800
461cd7b1e90c589f411d739b24b5c34848e3cdd5,2022-01-19 11:05:21 -0800
60aa9c5d5aee675e71900f9d95db68f630422768,2022-01-19 10:34:43 -0600
8c36128f9a91c50fcb70d3d62f4eb811025bfa4e,2022-01-18 16:07:21 -0800
3f988244316234853d8a0110808ae9dfa6c29108,2022-01-18 16:03:34 -0800
38b8b6d712f46bf575e448cdae4cbda4056246cc,2022-01-18 16:02:41 -0800
3aa591172922334b48ef44cc4e9284de65e3ca2e,2022-01-18 12:17:52 -0800
0481fb895ed3007de863902155dff6aefa4251ec,2022-01-18 09:31:59 -0800
221920e2ec7db500079aea61c1d3fffb19a2899a,2022-01-18 08:55:59 -0800
c8409bba7a997b04f95caeaea0ab05fd839bad80,2022-01-18 08:24:10 -0800
12bf61dace38d7468d80a6d8e71a3cc42ffdd363,2022-01-17 23:19:44 -0800
7aaaa38e84ebb7581d84f72ed0cbd9315b134b27,2022-01-14 23:42:26 -0600
f1f47bb96b04accd97c06b89d490f8f08aa88783,2022-01-14 11:21:13 -0800
7249d67c5b5215bd04d51d446de12934d2efcbae,2022-01-14 12:21:33 -0600
1a6a60db519b20d41a3f1adfe02b4108853b3861,2022-01-13 12:17:55 -0800
643a8aca861e1b5b72aa23e80b7361adf69853fe,2022-01-13 11:46:10 -0600
223479b2fbb9586c3cedf8d66c49952bb4e66205,2022-01-13 13:28:08 +0100
5eac84704c12c042ced454490c7b444c0d22bf7d,2022-01-13 07:00:12 +0100
bb790809b24ac61d95889968e22dff6132d4ecef,2022-01-12 17:11:44 -0800
b37925653f2c0aa701cd1d977e3347365a622c4a,2022-01-12 15:38:54 -0800
b01506b4321d869e728ea44b2424b0edba898f9d,2022-01-12 08:58:03 -0800
68ed41874bb4e626af4c81a38a2ecfde89a3f7ec,2022-01-12 08:55:44 -0800
e0ff71dfa8ffb54941fcc82ae127ab06f271331c,2022-01-11 09:49:34 -0800
f28ce8113474889c7d1ec40a1bb94a5ca6d82c8c,2022-01-11 13:55:31 +0100
1e6641ba5edcce01f8f814c09e2fa462fded8c32,2022-01-10 15:16:38 -0800
1e6d74e1362390be18dc480993710bdad4112877,2022-01-10 13:34:45 -0800
382928776a67038c2da82d0b037d42f9bdeccf73,2022-01-10 13:31:38 -0800
b6e561fbafce92e53daec903f9d673b938f68297,2022-01-10 13:30:44 -0800
54c1e566104ab538f39a643c47ea5af37f27bfcd,2022-01-10 13:30:18 -0800
71db169d1d772c1158996c4f8a2c7ea869ad5e67,2022-01-09 14:49:39 -0800
8dab33ca84739447e34717896a39f002f786bb3a,2022-01-09 14:48:39 -0800
38cecdadf001d1691c4dbc621de84d850a77b23f,2022-01-09 14:35:43 -0800
f3a27b433ba46dcdfcb0ee2210f0baf5dc463744,2022-01-09 14:23:58 -0800
d2c26a02190a16539c8c0621c4d8aac2e9e3ec6c,2022-01-09 10:15:08 -0800
80fd7fd4f0ec365f3d002aaae40329bb7eed77d4,2022-01-07 14:26:37 -0800
a13deea76783932224d5f15cd896c830d6822125,2022-01-07 14:12:49 -0800
88e5be7713449dbbc17f654cf8447fcffa76b229,2022-01-07 13:57:04 -0800
0306a20193aa7f812395c943974b4fbdd6dd92d3,2022-01-07 17:03:36 +0800
1a11038baaca9f4cf03674654a6d9a85f39a1ce1,2022-01-04 15:46:45 -0800
8eac530980beff80a3adc8acc0717722c149b4ab,2022-01-04 12:17:02 -0800
051af40a516a13464e3f5adaa11926f1cc334a34,2022-01-04 12:10:22 -0800
a4afaab412e840fa031daa184fabd5ee8817bfbe,2022-01-04 09:53:39 -0800
16e5820ac737c030d33219d207c63a69ec84c5dc,2022-01-04 08:24:57 -0800
4ac5c0dfec6ab9804ee6fe8a1289b61192bad73b,2022-01-03 11:18:28 -0800
36dbd2ce46977469bcb50afa891e2062bc5b291a,2022-01-03 09:59:04 -0800
b71ab6ff8f96eeb87d2f909bafcdc942c86694a1,2021-12-30 14:46:54 -0800
768126a60a824a7da7efbba0659686fe6be31fe3,2021-12-30 14:46:18 -0800
325d503bf81df16ba7044b1a982b993a14a6465a,2021-12-30 14:26:36 -0800
8afcdffd905fa284f20f6f84fba649d28fb7d923,2021-12-30 13:55:33 -0800
1474f8408aefc031ec271399859bc51cb2e96f8e,2021-12-29 14:07:52 -0800
da712eaf60744c933c08fe1cab7a00cdcb2f4829,2021-12-29 13:45:11 -0800
0a6b1051657442991ebeca2a00f5b4f19e252c7c,2021-12-29 12:43:03 -0800
63aa3496d13cdf5fb3ed0342abed3413cddf06c5,2021-12-29 12:19:35 -0800
246afd6694f422718ec0511ee6acfb7883e96ca8,2021-12-29 12:13:39 -0800
6118130283b262073b2dbf65e0926093db4a08d2,2021-12-29 12:09:56 -0800
a540d9c56bc88f9ef3a1a4df9d9d7b1d85dcf91e,2021-12-28 15:23:20 -0800
f116bc61f9bc6ba32e51ea513542fac0dc8f7f64,2021-12-27 11:39:42 -0800
b3b41f8d02ca53d1ef4c7a030aab3fb9b16c89ae,2021-12-23 12:38:43 -0800
1bbefa1c06e0a193d078f5204f95b7bd16755640,2021-12-23 11:58:15 -0800
952b987790fe10b7667195506805e95dbc086666,2021-12-22 13:45:00 -0800
8e16f3042f617db794347503f7410963ccf9844b,2021-12-21 15:54:34 -0800
2aa3fc7690e0b5ab70e0ff7cffe404cc929796c5,2021-12-21 12:26:46 -0800
8fdf5c338b7b07ef107c1806079c63cd0ebba443,2021-12-21 12:26:19 -0800
a0b57d59a9df9d7ae0d2069263bffcdf3bfd1ea2,2021-12-21 09:36:35 -0800
39aaaec123118b5c67a05a421d14d9543538cdf3,2021-12-21 08:50:53 -0800
4091f884be9d9338cff7c5591b830d00878eb260,2021-12-21 08:41:17 -0800
adc0edfffe3d948d4f3769dd05f89448d8e6b9f7,2021-12-21 08:32:52 -0800
0f961f9b51543d166d3e987824233d171a470dea,2021-12-21 08:32:07 -0800
5009949ba4377ac5a8572ff7ae70e886c9e33bec,2021-12-20 16:45:36 -0800
bf9a22738b1160749b113f9b5f090a5e8d4c3827,2021-12-20 16:44:30 -0800
ec51c2662a113b18c1ed5f2ced2cfcc7b785845d,2021-12-20 16:43:32 -0800
6453245af821f6dbdb3c46a18d89e4677784c7d3,2021-12-19 15:58:28 -0800
7d3763a29601d3dd477d8abe42ec3700a8f9f4ce,2021-12-19 15:55:34 -0800
190c74d7629ce3a5e15d75b7a90191c29dce79d6,2021-12-19 10:40:26 -0800
c5d3d1ca19105d7f525f9912bd7f7f2e4507541b,2021-12-17 18:48:55 -0600
e62f3b70268801861fe36548fdbab2b73f0d496d,2021-12-17 16:32:13 -0800
d0e8fe65836de35753d990b3f8ddab27965aeaac,2021-12-17 16:32:04 -0800
2531545e3cd3b97494c9e3c137cfe04f4459a9fb,2021-12-17 16:31:46 -0800
e9d23514ac0ae822e57f7e6ea1f3ba8243c3b3d9,2021-12-17 16:11:16 -0800
04cb926abab9fc9492d180fea44796c414f9a411,2021-12-17 16:07:25 -0800
7d0373487eec2f9ea1b0b035a1ddf0fd79f7e5e5,2021-12-17 16:44:57 -0600
9b0aba765a65f77d5a92c3dac588b29714b91ff3,2021-12-17 16:00:44 -0600
4718fd316e4343fd82491060a925d91c38a48283,2021-12-17 09:52:02 -0800
a2260faa1d1177342d453c1de91c15ed9592e0e9,2021-12-16 16:25:45 -0800
339866d72784a3e90625037d3a9de4fdafc5fcef,2021-12-16 14:11:00 +0100
ef49a9e5c429aa45dfdcd8b3049ffc10d776c6b7,2021-12-15 20:36:37 +0200
40c4ec4bc1776ce5b9825c8e8b89a9f88ee1b522,2021-12-15 19:57:47 +0200
e1ced99bd49f27891a7bb3279c636dbd93f5036f,2021-12-15 19:51:57 +0200
35419b47d752002707f28256b98f48cc1f6fd2e5,2021-12-15 09:06:41 -0800
5fb7c0fdf7cd0dd5fda2b3d13022c1b9e0a5ce1a,2021-12-15 09:06:09 -0800
d6fc0ff46cd9f970cae13e45a78a2380523d65f4,2021-12-14 23:18:03 -0800
bc3e780effdffa6c2529977fbd477c9dc5699d25,2021-12-14 16:12:28 -0800
a029364a35ec2f1044713f81de8506c721bb8ad9,2021-12-14 16:03:55 -0800
547e4e1c954179e20ec4ebab3896f2b1d927c168,2021-12-14 15:43:15 -0800
2e8efde76171d0b56c6d0b209a997e4c176e7fc2,2021-12-14 15:37:28 -0800
40ae303a76ddb14609819f171d43f63452371fb8,2021-12-14 15:32:59 -0800
1c7f1edd0ed26256f2c8fef186f92cf80654856c,2021-12-14 15:32:30 -0800
34a4a7a5f230637f7d7aae8086258c63a5b4dc67,2021-12-14 17:17:16 -0600
59712b6f36a9800368eab5ab2fdf6dc18f8bc667,2021-12-14 17:14:18 -0600
33b56fa750b1b3652d992a315da982590a184db9,2021-12-14 18:03:09 +0100
e70e7d26feb1d56f31c7cdfde515278beeda26a6,2021-12-14 08:48:40 -0800
5d37fa3a958bbcc87967e250bcc2239f53ada477,2021-12-13 22:35:04 -0600
9c3e340cd67699c3d2499762d794ab1bc1ee7f45,2021-12-13 17:25:35 -0800
2dc7b8a02385a68dae832c95bb351b0e0d7dd665,2021-12-13 17:14:42 -0800
53557acd1b4c72bc17433fb5e1105622529a4444,2021-12-13 10:27:22 +0200
4c48df2012f878f9289f4189173fd924fe2a0197,2021-12-12 11:31:41 -0800
d994549cb3f612eaeb4273331f493783ab1c73c9,2021-12-12 10:50:01 -0800
79bff00eeacbe33501e2d76bf5c2aed666213514,2021-12-12 10:44:07 -0800
bc9df10332cd8e58595e8b04ede21a1694ff13e7,2021-12-12 10:41:59 -0800
c0764fcc61b0feb3d0c1a32f54b5ee89ecaeb30c,2021-12-12 10:41:39 -0800
7af3a587a4c9c8a5fb8a05450e26e10bba821c5f,2021-12-12 10:40:32 -0800
44506da0e056451bc3bebec3b0a1f62bd218813a,2021-12-12 10:24:36 -0800
58ceafb6c9e87aee7445141c283d0d2e06e38c5e,2021-12-10 12:15:37 -0800
1778185d5d846dfc12182f5a6d9e181957c3e5ea,2021-12-10 10:12:33 -0800
d24e123a8b1f59de41ce58a632498926ce1ecb8f,2021-12-10 09:37:07 -0800
565724f458e7015562354c85b2cd6b8fb1d18196,2021-12-10 09:33:26 -0800
8a944a9d2e4a3e4355763a799673b740c71f763b,2021-12-09 14:25:22 -0600
fc68ceea339f4378e86e276c532327e5ee415d23,2021-12-09 14:07:12 -0600
40c402459dc560f92b33ed7548985b146ea645e2,2021-12-09 10:39:08 -0600
c972a344ca415f0548a2847c334fea322f51c82c,2021-12-09 09:36:55 +0800
00f2d45e97ed53bb2c2c5d97cadb0f696f7476f7,2021-12-08 17:01:32 -0800
4922633a078f8c13270ba062fbc23b578a7b8998,2021-12-08 18:53:16 +0100
202628df7f914bd184ba49226256cc1edea0e18e,2021-12-07 08:55:14 -0800
2d4b0ddc76fd47aa27ca4972d4f3a6f256921c58,2021-12-07 08:20:16 -0800
2397d2e91a3a791b58181bd40b973ddc601d6010,2021-12-07 16:00:15 +0100
65931f576678d161f792626f7be05c732164f04a,2021-12-07 10:13:10 +0800
2511de87ac68913b976190df84483c0c902ae5cd,2021-12-06 16:23:25 -0800
a0ca9909efce61850e0532e4ad09cd21c3b1f846,2021-12-06 14:18:31 -0800
59a76da2ad78b3fabed024baa359e931d239ddc9,2021-12-06 14:14:40 -0800
2681dac51775ffedea2fd7ad6524abd99bb9b4ad,2021-12-06 14:01:05 -0800
8ee7cb15c55049ade07f177dce03441d17fb8359,2021-12-06 14:00:32 -0800
4c9ee80eab9d3d648d8224e6a9fc628feae3c076,2021-12-06 13:56:19 -0800
6d3b1f7996d4ceee5d5e28df7f378f6fe377950e,2021-12-06 11:10:51 -0800
7fcc71da65a47ca3c9f6eb6e862a238389b8bdc5,2021-12-06 10:54:32 +0100
bfccea6d7769afb3069d97437b8e2894c75d0c4f,2021-12-06 10:53:55 +0100
56839c8c07b83edcfd11765ffb7303da811a65fc,2021-12-05 12:21:08 -0800
2ba5246e2394ba0355ca7f95d6b7f0af458d1d20,2021-12-05 01:44:28 -0600
b6554fccfac7a0c0ba35ebbcbff60d5f7eb0826d,2021-12-04 11:09:03 -0600
c6e68d832113266994c0eb06d342e032fc9cbca3,2021-12-04 10:43:33 -0600
53814cccd535f6cd16f1fdc80ca9368f90ae3cf2,2021-12-03 14:32:23 -0600
3b3077a804b2f8589b76fdd349dae8c03077bd2a,2021-12-03 10:26:33 -0800
1c1caa9ef48ef23b53ebf04c4ad4ff88e29e3589,2021-12-03 10:22:11 -0800
df5a5f15997ac8035a23731ed6a3660e60f1d781,2021-12-02 18:15:15 -0800
827b6c86108eec7b6de25f61022c7f8b5dda481c,2021-12-02 18:10:14 -0800
d166f6dcf9c29e8a2ca2376a687c30b2e90bf501,2021-12-02 13:00:36 -0800
1378c9bd6f5ee7f0529594a900b15f54dedf787d,2021-12-02 13:00:02 -0800
ec9a86b9b0c226bdf506cf73255b0d537ce19b43,2021-12-02 08:38:00 -0800
699bdd1ca374b1a3b9a4e5ff185f7256685fccfd,2021-12-02 15:03:48 +0100
27642de089aa1f9844b927fc700b29e299d7ca81,2021-12-01 11:29:42 -0800
f527b1a741f5b9ab901217f3bfb214a0a8bfba96,2021-12-01 20:28:58 +0200
b67f317042135783bfa8e4c0a122def819b9ca31,2021-12-01 13:25:04 +0200
37971149f2ed589a6d5176e34ba8ecd8206e8cff,2021-12-01 10:26:28 +0200
4f6b67f09f9e6364a1d8e46999f216ce964268dd,2021-11-30 13:48:15 -0800
466073b7d8c23ebeae045822ee6e1a1104a5ed5a,2021-11-30 21:29:12 +0200
11f3c136cf653db45e1b45913eb99a4b6c6b10f2,2021-11-30 13:42:08 +0100
7bfecd8514b943b00415fc4f49d1c7626fe62f4c,2021-11-24 11:54:03 -0800
9bc6853938533c9c1dfac497229c8f4c30672458,2021-11-24 11:53:12 -0800
37ca9ff5f6083c99146c1a861e1a288a7a59ce9b,2021-11-24 11:48:48 -0800
7f1040713698b96d496fdad54227ef75a610f4bc,2021-11-22 20:00:47 -0600
53fc8a7bde7ec4069fc0a1a305c29607631670be,2021-11-22 14:44:33 -0800
23385387e610b54097c9ad4af805fdc13d6005fc,2021-11-22 13:19:24 -0800
733ad63084d0890297778cacd586d4da7ae0640b,2021-11-22 10:49:26 -0800
ef5cc4b80a8950f5a4b746aa9614633f0fbc74da,2021-11-22 10:48:29 -0800
f8ac494ed4935551cdbd818ee170cfc555edad36,2021-11-22 10:47:59 -0800
0569159f561d0726c71b36ccdc0903941078ebb3,2021-11-22 15:53:43 +0800
8a2b8d08381db3dbb61a821f67f90e6628d21ef2,2021-11-21 08:52:38 -0800
4c98a0f6408d4ccd0d47b076b2f7743d836d28ec,2021-11-19 14:18:38 -0800
ae80264a5472d7190da4c6368e71e7e368228e77,2021-11-19 14:15:48 -0800
7fc8f9a6c8fe9dacb2c19fdfa76dd8c592c47c24,2021-11-19 12:19:54 -0600
ff8ac3e0c26aad803a6a31da547b774430d5010e,2021-11-19 16:18:45 +0100
3b2c32d5b6275ae238e32da8d0e26e18f5366830,2021-11-18 15:57:31 -0800
4eef02defd700059dbd3e1f60f9c45671ab43dda,2021-11-18 15:57:20 -0800
9d339c90ab8ef586c02fe4770a59eb97a48646f1,2021-11-18 15:56:40 -0800
523a31bd4db5d457b8eebc37be630aaec018fce2,2021-11-18 08:32:36 -0800
419684a9f089cd14628d573399f18af44a1098d5,2021-11-18 08:29:54 -0800
d6cbca0c2fb3d10083b304bcbdf16bf51e3b586b,2021-11-17 15:26:36 -0800
f7206c6b88e2716f34e8fe5cbeb50a5cdf4aa441,2021-11-17 15:15:52 -0800
fb5cfbc69ad4339ac6baf5ace9bb1d9152a627c1,2021-11-17 16:43:40 -0600
cf972cfc7ac3fa3f2e501958089dac615505ca26,2021-11-17 14:23:36 -0600
f6fdeb0e63f3058eabf860bd893bea24f6649b4c,2021-11-16 12:01:24 -0800
36e261bb40a0502185621165e0fa3441d4273d11,2021-11-15 15:24:34 -0800
1269b4ef2fefe6fa2cd27e0cc1a9b135933b66cc,2021-11-15 13:39:02 -0800
061ac89dd3097617f1c60b84fcd551372e036695,2021-11-15 13:38:18 -0800
9965862f1c8359d3da2fcec25712dec51456778e,2021-11-15 13:36:59 -0800
9691737c8aded99eb4650570d3d8a44181c8bbc6,2021-11-15 13:34:52 -0800
2d102f56bd74f3f5cd5b1111636a4b093b4bceb2,2021-11-14 13:14:08 -0800
0759b28c2fa72b4628a0818f4a679ed3b2cd26fe,2021-11-14 13:10:04 -0800
d72e66fcfc2feb2becd2f029a4b4aa08e26085c3,2021-11-14 11:17:18 -0800
beb5d6ab3991293185b4b27067869705318d5b26,2021-11-14 10:43:46 -0800
d08a881bd94ec40eb7814da08cdf8cef9c176340,2021-11-13 16:38:25 -0800
b6ce66112bea752513d5317c0813c77ea980643a,2021-11-12 09:35:08 +0800
079d26126ede186e02ce8176a94e68109d911034,2021-11-10 15:12:33 -0800
3934345ac7485781c5ba9bb0571b6bf18af865dc,2021-11-10 15:12:13 -0800
457382c5a3135eaa3e4afcf1175f7fc48448c168,2021-11-10 11:52:18 -0800
f932c55fd8c07c875984889ecfbb1fd7c219f726,2021-11-10 09:42:10 -0800
1a94be338e48b3a8516ebd7f68871b6588f7ec27,2021-11-10 11:25:47 -0600
2b515bcca88163e829e3156e407d8383630596e5,2021-11-10 08:57:48 -0800
6ec611b7515d34f87492258f5be3d5311d884371,2021-11-10 08:31:59 -0800
c0f517cf36fe1a53e83d59475528112022d9f197,2021-11-10 11:49:59 +0100
ada6adf23855310f923a3f9fb2e30366b599e14d,2021-11-10 16:05:07 +0800
0475c8e850904cfb58949fc6ada70cf37344ada0,2021-11-09 10:05:31 -0800
a301cdf78597df0ab769e1e8daa77f0859443e76,2021-11-09 09:43:00 -0800
d75edd8b7bb66ec1e71cbded1cdc394a7aa6b113,2021-11-09 09:27:32 -0800
85662d7537a2f5453eb38372319f363c0c37cd6c,2021-11-09 09:46:42 +0100
df4a0e5c2ca78ad9d3edfbd4ad3bf751f88a6bc2,2021-11-08 21:03:58 -0800
1e5abcece00d835235dccf0b902ffd988cbded0d,2021-11-08 15:57:16 -0800
b199cbf90f2cf5d63f865c364a1806931dc2cfc5,2021-11-08 13:58:02 -0800
e71ec53a845246ef9a37c5316d0b2145d9c14039,2021-11-08 10:19:39 -0800
97055c4114d396eeef24d8280006984b1c2cb306,2021-11-08 10:06:47 -0800
33f6beee27dbefa106d26e46b2d025e44eb9d30e,2021-11-08 07:59:38 -0800
9b285d049c094ca6ee717e159249dee36d118894,2021-11-07 14:20:41 -0800
0791dc8aafc2da6df2ad395f93996957696467a2,2021-11-07 14:19:50 -0800
221987673a5332bc4897f64221d0749899485531,2021-11-07 14:15:35 -0800
59f8db1c86ca9552ebddfd40a0fc15c5b6ff74b4,2021-11-07 14:14:35 -0800
3edb016a546fbaf69a770db06c59be9ff7904a74,2021-11-07 14:13:06 -0800
1d8164383baf0e343ade13b21ed0e4d4d02c56cd,2021-11-07 10:58:16 -0800
ae40619e14a53c7e31fd35c39a569a4ba9c8fa07,2021-11-07 10:15:46 -0800
ce65722cc9f7d5ac6fc705c5c2a2c60d4d9ae8e8,2021-11-05 10:28:46 -0700
a6b851fb4efecbdbbc59f6ff15e84687e48f8e1f,2021-11-05 09:21:49 -0700
5c8db547b44d9e77bcc4a7482eac286936f10723,2021-11-05 09:19:46 -0700
8ef5ed17286ab312654e4500bfa53e97fe057288,2021-11-05 08:50:21 -0700
d85a2b25cfa453d211043cf0868dd18de9827808,2021-11-04 11:40:36 -0700
d2326d26572f6aab617e3bc24fde8672b6190df9,2021-11-04 11:40:19 -0700
1847e654f076d6ae90882bf514c5d8b0fb5685c0,2021-11-04 10:47:08 -0700
7f1776ef02bf346a0686c447d24b03dba6c1b911,2021-11-04 15:57:04 +0800
e7c8fc72f1f10b0e0da9670b591b0b449ba04d76,2021-11-03 14:43:10 -0500
b216a3ddff3a5624bd91aed1b156946db2fadf33,2021-11-03 09:25:03 -0700
d632d1ff04544fb7bfea7a22228f01a8a3d50ab9,2021-11-03 08:44:50 -0700
1c62453b7cb6b2858322423c76b10813417250d5,2021-11-02 12:25:02 -0700
43af9334b12fdaa968d78e71f43215712d97ae2b,2021-11-02 10:34:39 -0500
4464c782b2072f3dfcc389a4e41c148b62ca9b76,2021-11-02 08:30:24 -0700
0c6363ddf4b765abf47384126e88152517b05fbe,2021-11-01 16:53:35 -0700
48a48cf9c7940d9f1e5a610edf442711237bf637,2021-11-01 14:17:16 -0700
c1e4748453c513588e2d85b8e4ae322c9e463b57,2021-11-01 14:16:15 -0700
62b4612415b864c197c6c152290c63e3cc901ce9,2021-11-01 13:09:01 -0700
ba7ccbb637be7831252d8025d7759981e4cfbeb0,2021-11-01 12:37:35 -0700
fad77e8b4ee811f6bcbd1c440708e0bc5e1929c2,2021-11-01 09:37:20 -0700
085f348f79cf77fa7becf2da663b0d9352c1ebc8,2021-11-01 08:53:11 -0700
b4ac277a8f2f1ee32de6846ffed8f7c46bfd09b6,2021-11-01 16:54:58 +0800
aeccf01c1defd57200e1d6f54542373944c9e9da,2021-10-31 16:02:55 -0700
bcaea9c7d150cb88a61a8af2c3dedc8ebcedc940,2021-10-31 15:55:24 -0700
7f520b0c54fbe20a8fd746697bbcba555621c242,2021-10-31 12:26:35 -0700
16ea3b5c3746811bdd5fddb046ebecb1102f0271,2021-10-31 12:00:00 -0700
b56d3cc47c035462abc214780d3a3cb0a8ceeefd,2021-10-31 11:56:56 -0700
cb79fce7434f3765ab2290583a814e18ef93c10d,2021-10-31 10:39:01 -0700
803be5060ff1993588e28b0c82749715e6346b91,2021-10-31 10:37:27 -0700
1c158df94bf004d43867939841e75e4bfb941c16,2021-10-31 10:35:52 -0700
51e2ec310e2b76f3d7260ffbb789755d87a5ef9d,2021-10-29 22:06:55 -0500
24280dcbb49b8aee47552425c7fe0e98882f2f1f,2021-10-29 14:49:27 -0700
ddc5aff9167c7e367e2b4313b91e55451f09ef16,2021-10-29 12:02:24 -0700
d08a1f7dcf878bae5e96eef8510c34ff644a7f79,2021-10-29 08:52:04 -0700
7e55b0dbc7597cc610d6eafacce3c64644a3e72d,2021-10-28 22:28:29 -0700
fa9bb09055faadf37a0e547b6c1bdd4a8bac0be3,2021-10-28 15:03:51 -0700
3291f207f91aded0f53e25f2a245e6cc6462453c,2021-10-28 14:47:25 -0700
81fba70183065492e225100be6619bc5b96db3e7,2021-10-28 09:52:05 +0800
f68d8d426661efc0d7e5686fe833b573b74eadab,2021-10-27 14:34:15 -0700
a3eadf651a244cc0cb63bfbc39b7480bc1fc9971,2021-10-27 09:01:16 -0700
556937a333308418f86e252831b9b1254c3bacbb,2021-10-27 08:57:34 -0700
0e8f8776c19184d1cf7375c9d12d5d7b25036233,2021-10-27 09:47:45 -0500
b47ba1f672069f4b8816a768e644943c1dae761a,2021-10-27 12:51:14 +0800
e4d841bffe7b2225a8b720c7bc60e6d3c6f8b583,2021-10-26 16:54:59 -0700
97607bf310e2ccd173cebd986624cd2d27b0ef81,2021-10-26 16:46:27 -0700
425641a270fa0c9635e11e3ff0116018edde1938,2021-10-26 16:46:09 -0700
d3a6107df2f692a056b681c4087bc59398e26e06,2021-10-26 15:21:43 -0700
b16c0a4f16236474e35869e21d1a303a113ac6e1,2021-10-26 10:00:40 -0700
fbf048b72c1cfd279a7d7156cacffc914d5e19a3,2021-10-26 15:14:11 +0800
d55695e28edeed411252bb517023e93213d70e94,2021-10-25 22:06:05 -0700
8e22f3657af709e711bbaa9b0badecd58a12ae9d,2021-10-25 16:15:48 -0700
24896d84c586c6339752a69773409219c0c0ac02,2021-10-23 13:33:35 -0700
f5a753791f4dc6aca78569a14f731feda9edf462,2021-10-22 12:45:43 -0700
84b7d0533d57a3811c070a6441fd5a84ce39ace2,2021-10-22 08:20:30 -0700
4ea86630438d17dbc24d0d15fe0e685c37b71711,2021-10-21 16:30:08 -0700
ffee32c48859eef2136f728438b1da613429fe7e,2021-10-21 16:24:29 -0700
9f47e158ecec67ef43791ed768e58053db450330,2021-10-21 15:38:11 -0700
7f687d51a30216f9e0a1123a256a9db82c25d2b5,2021-10-21 14:42:54 -0700
93987da159e8e068c860246a16be8911a95c251f,2021-10-21 15:03:31 -0500
62e20e3ee5318c2de5b6be2b5c284654a325bba0,2021-10-21 14:58:49 -0500
bd4b5dd0c11d2e59a6bd0944a0d1e8dd5f128a20,2021-10-21 13:12:56 -0500
119d20d22e66655bce1590041e4ba25ae48874fb,2021-10-20 18:00:24 -0700
8f62b00cb84157dccb72b51249429f5ae13b37c3,2021-10-20 10:21:47 -0700
fd3ddafe220c0cffa773192e977f249db19c2878,2021-10-20 10:08:17 -0700
d524a1c924ad3ffe6619422140bbc08c241b1119,2021-10-20 10:06:27 -0700
303f92547c344146a3ea500e315c285fa446d7b2,2021-10-20 08:09:10 -0700
d72851e551e193ec2eee7aeecc6a94a7e7e94f6e,2021-10-19 16:14:11 -0700
1ee2d03b2d716fc4224f8b92a51f69a228f8bdef,2021-10-19 16:12:23 -0700
3f4c9c99c82fc45fc77b97acc7a160be88b5cc20,2021-10-19 11:34:11 -0700
e8730517f98df7d7ed4427e10533e11ba701f8a0,2021-10-19 08:28:35 -0700
f3e6770c0506a13c067f506dad266d043819d446,2021-10-19 08:15:34 -0700
edc6985cbec8338c68c2425ad0f497f3cb6dd9ac,2021-10-19 08:05:48 -0700
0abaa7ce670f74493cdc5aad43ec56c25d4a54d3,2021-10-19 19:56:26 +0800
329fa5b6d8789f5a367215b349096006cb889110,2021-10-19 19:53:25 +0800
34e72b55d68a90d82f9349796b1e2c0667892820,2021-10-18 16:40:11 -0700
afbe93ed70a548467a604f6541d8d93966418ff7,2021-10-18 16:38:12 -0700
61fe9b1ce3ecff4354bb7624c9b5e3f76df2221b,2021-10-18 17:03:14 -0500
711c1ebd5ef5581120c4d7670c44ec3e38d189d4,2021-10-18 10:13:41 -0700
8fdcdd005fcbfe7a26b977359e6ff1b7f3e4c81e,2021-10-18 09:03:28 -0700
f4209ae15c57b2bda390f1f7aa5397541b3acc20,2021-10-18 08:31:14 -0700
129cdfafdedb3df157fe925023ce4741dba93986,2021-10-18 21:34:37 +0800
2f4b30d6dbf1d949ece2f9efde0b1d6c1feb9ef3,2021-10-18 13:35:09 +0200
1b920e2945d6fc48661735e884e4f1919e9cdf86,2021-10-18 18:44:35 +0800
e6498f78b5a1cede7e0ae9b8261a8952094c2acf,2021-10-15 18:36:41 -0700
811af434924712931a3aa37ad0a7bd687f5a35d0,2021-10-15 13:51:08 -0700
e7e932e76903cc4cbfa0f9c4e37fd2cfd2c19e7f,2021-10-15 13:37:29 -0700
dbfa71e3e06ee5a3c2f126cb20fe4d7acabf9c64,2021-10-14 10:07:25 +0800
86350db9507d6b0d19643beae25de0a758b6d3cb,2021-10-12 09:16:35 -0700
c5eeb97085f22927d87d1ef1d4791256c0eb7ad5,2021-10-12 07:51:07 -0700
45e57e8b64d887a181bd4fe02a89ece67b22d595,2021-10-12 11:10:41 +0200
7aef02b9a192f62740f16a883a6ec955cdcd7aff,2021-10-11 13:22:52 -0500
a32119b5009e1ad5cf3d3dcbafe087cb7ce8aafd,2021-10-11 08:55:10 -0700
8b84f66391b4e6ff331be538aa090fd2d40c3a41,2021-10-11 08:38:34 -0700
665da7938e17f1e28dd18dbea12fb83d3c863ac1,2021-10-11 12:27:50 +0200
6ca31fc2933e7533cc0f9bad9fcbc81c16c13a57,2021-10-10 10:53:21 -0700
391c53ce8972006b16da333fb9efedee16471515,2021-10-10 10:51:15 -0700
222df35e45fe7f3ab4f1489b2411fa4a94fd6664,2021-10-10 10:45:54 -0700
a89a902dde6c6ed334f26762051b9403ade5ed65,2021-10-08 14:38:57 -0700
1cb04128661ea147c2eec4dd1d025698f9604993,2021-10-08 10:19:39 -0500
7b2daa297de9658621eee17d955aa85d74d20379,2021-10-07 09:19:11 -0500
adc6d153b26e7f982d75b427f62002e32f1913fc,2021-10-06 08:47:33 -0700
94ba050953c1f50ec6b5f4450e18b027c61364c8,2021-10-05 13:04:51 -0500
fafe33a60c0ce44fb635ff4dfb8663cce42383c1,2021-10-03 16:23:52 -0700
9798c4d2dffc960b9657a2b0ba7074781b1d87b8,2021-10-03 10:26:59 -0700
187f503f50861587f09a428569230844d7a2de38,2021-10-03 10:17:40 -0700
da79183775402fd8f35062a31f0355bea3dde0b2,2021-10-01 17:02:17 -0700
2e824534a9c18e7132be28e5e615c4d58f319381,2021-10-01 11:48:43 -0700
6f6bd49b4afb562446d63261372dcd0c4a434e7b,2021-09-30 14:37:53 +0800
1fde388bafbfdf79689687217c902f9bccb4f4af,2021-09-28 12:46:24 -0700
10dedf7ffa65b0aeeb29bdceb9a9c06e2365f54e,2021-09-28 12:34:39 -0700
f96f06ea07841c137a98a25e4edf62c508475801,2021-09-28 11:05:33 -0700
e52b6810f7983f6cd26290a5279d6898fa904ce1,2021-09-28 11:05:01 -0700
3c071b56aa2a14fc463a0ec45b7ca9663164f5a2,2021-09-28 08:45:29 -0700
fb70708c5deba4f3e5814c31e0411a59c71b6bed,2021-09-28 15:27:51 +0800
f222d46d584f8e26aeae4817861a9c4b90b0ed56,2021-09-28 14:32:58 +0800
61538db1d302ab676ea49d5f41b1e74fda9a22c8,2021-09-27 23:02:17 -0700
764c0f5343369df8db6f60627b4dcd4060370ce5,2021-09-27 22:11:40 -0500
7164ca93fe0b844dd13d994a253898fbfce7ac75,2021-09-27 15:06:27 -0700
925f1c9634df53b239deab81e687556c90f3ccae,2021-09-27 14:18:13 -0700
cd1718c09ddc058912bd1da70d9ed850bb690cae,2021-09-27 12:28:38 -0700
7cf96f096edeceac13916676c273954fdd435513,2021-09-27 11:41:20 -0700
8b64d96de1f39be79f773e8415fc54edb6e2dd4e,2021-09-27 09:34:30 +0800
ec200e743d46e97cca53284f10183fc0d8274d45,2021-09-26 16:08:01 -0700
539a3d0f11c177f9b769fde9fa25e890fbea5e2c,2021-09-26 15:55:37 -0700
bae5ce9fa8bafc13341a005c506c949c387b56ba,2021-09-26 16:06:39 +0800
0fda1c8cd4eca65566b60a2944aa6445ad1158b2,2021-09-24 17:31:50 -0700
e757dc71011dbb12ca6fefdcd33268dd3be30a51,2021-09-24 10:47:58 -0700
31efe350218a52a0db14993284425109f0529b61,2021-09-24 10:58:57 +0800
11f327a2f08d95fdf8fea68412f0ae1687a3b63f,2021-09-23 16:25:33 -0700
12e30ebaeb6dc0ff7e6bb01c0d9f8ae8a5f06ddf,2021-09-22 11:18:43 -0700
2f9787e8c48a70302c6a701fd582d7b9d0e5671e,2021-09-22 10:54:12 -0700
29cbe5a73685ee20fd7732f7e7594812bac8083d,2021-09-22 10:42:09 -0700
60fed07fd746e62528892963e1b6404e5a85116b,2021-09-22 00:13:42 -0700
036a374f359412b9b920461d00576d6f9fffbf13,2021-09-22 10:22:27 +0800
e743063909c623452b915cf1e30f26cf7b9125f2,2021-09-21 08:21:59 -0700
94322e352b513e1a0c5e941e25d8d3de43045f2c,2021-09-20 23:06:21 -0500
7eeeada0dc027025664310c1ca619e9b44fec764,2021-09-20 15:13:46 -0700
7c14ab6a42a8d2fc87df5d3f33c9956b3e25aed0,2021-09-20 12:41:16 -0700
e5f55c305d3585ba33d5181d84a0ea005630ed57,2021-09-20 10:18:45 -0700
9985297f2628d7ecae81afc0e00cd1d9782dcf4f,2021-09-20 08:50:08 -0700
bd3ad8f59335d8d1aad49c5698a8db8e2a9fcbf0,2021-09-20 13:27:58 +0200
42e338ddfa5604c248b144c157fdc49524ed9a4d,2021-09-19 22:08:11 -0700
6faed7e9c4e4ae039278ddb4866676d8c47233c0,2021-09-19 13:46:53 -0700
e6fa15fc13ad0ddff3a9ec0ce258d40564f6f549,2021-09-19 09:46:25 -0700
2287dca06279f4d80c78ffa5dc2451ea5ca151da,2021-09-17 14:24:08 -0700
57477c3f1b7b28c938eebad73b9c9ab3efb924af,2021-09-17 11:53:10 -0700
604fd28146ef60fb2aa8d331ba0a8436250476a8,2021-09-17 11:42:22 -0700
f7658dea1ff9252137e05f6851f52535a0b4deb9,2021-09-17 11:38:26 -0700
ec2716edfbc74206528dc96fa19397d7fe69fa9e,2021-09-17 11:37:44 -0700
f220f2534f3ae6e77c4ab9cae2ebe02185655d6a,2021-09-17 11:36:45 -0700
e229b9929b297d590ebf7df663769e8bb0752730,2021-09-15 14:35:05 -0500
5d1aa357509c6f42067dbb0e21c76094ab4c8081,2021-09-14 17:43:53 -0700
16190a829286424b492870d10994255617406804,2021-09-14 15:51:59 -0700
f6ce6cd77821afa5489c93346af9cc93009b1b98,2021-09-14 15:48:25 -0700
33096ce76d22d1713f9e28afea8035ea27486f80,2021-09-14 08:46:49 -0500
838cc652273c1444155bec2e1d6029cfbdbf3ea3,2021-09-13 14:25:49 -0700
0d769821a65c074b22de19261c2063009039639b,2021-09-13 12:35:48 -0700
9156464b4018c4d2d184c2eafa4983c7a488e423,2021-09-13 10:46:10 -0700
9641ec89909fadeccfd3abc9038e03a3bfbae183,2021-09-13 08:57:07 -0700
e0b20d42bbbcf4e066cd567095802ddcfea752a5,2021-09-13 08:38:16 -0700
3763952c7b5d101e2c84efb1651b88439f641099,2021-09-13 19:49:30 +0800
b1d5a58602620f3ce6aa684b1178bce8e4430ad9,2021-09-12 09:35:17 -0700
29a6898ce46fab6912f945879822a947980f0737,2021-09-10 14:39:02 -0700
09584aa788292fcfe09d297e1400a3ed08e4eff2,2021-09-10 08:22:05 -0700
e146d812f251f1ee5b54edd7dc696034c5ff75f4,2021-09-09 16:55:56 -0700
6d8096838ce924fe8f1ef9b61645050b931c1909,2021-09-09 15:49:57 -0700
1f23080dcbf775c17c649537fb462c3d5a4cc350,2021-09-09 15:49:30 -0700
678b69d7fffad45b4afaa708b7c658e8d1dec0c9,2021-09-09 15:48:16 -0700
a0ef689aae0eeea003ae59579a0a4d4852a828ce,2021-09-09 15:07:51 -0700
af4bde667ff2ed9c2a32a313ed00f51de580dfc1,2021-09-09 15:01:28 -0700
a84fa30337849450a2b97e2f57153eace572516a,2021-09-09 09:01:01 -0500
5f9047602bb23fa4d0f5cf63eea00f38329fb7bf,2021-09-07 11:20:09 +0800
a3b72fcaa33ec3db2b18d9ee50a2cc3023b23971,2021-09-06 20:01:14 +0800
7ff9eb4a49c836dc8da0768153d77f19f405d649,2021-09-04 15:13:58 +0800
599ee22b677d2073ce821d0191a96271772a4f08,2021-09-02 21:08:10 -0500
12ffb233624f8bd53c893e86eea35c3bff9c164c,2021-09-02 11:31:18 -0700
fa17d8259d5f7304be197636b9d8ec814f2c5c07,2021-09-02 13:29:45 +0800
80ff749b823098db82d0a8dc48c7e9db5ab3741b,2021-08-30 10:51:47 -0700
237b72daa211f0404b72d4cd142b4a49be33a1f0,2021-08-27 15:56:43 -0700
7d6f692937a939ffccb8fa997a91bd49f616eab6,2021-08-27 15:36:50 -0700
4eb0853cd787bf2f5778195558d22a45ecf6c601,2021-08-27 09:39:20 -0700
e0d197ae04b1d5ca52a436e8e3758351dabce3a6,2021-08-27 14:41:12 +0200
924cc0a28116ef0c7a5c84c8b920a7e27ce76703,2021-08-26 08:51:06 -0700
bcedb21c29e1b821443f0ee703505d589b187ace,2021-08-25 14:15:06 +0200
0f975362cd1e3dd22800c6017fd5e9544662000e,2021-08-23 18:40:31 +0200
aef12c0e702ef8c306826581893963e3dc5f6ba3,2021-08-23 09:27:42 -0700
d7c8244346607279d393750497fdcea432a3d322,2021-08-23 09:03:31 -0700
9c7ba48fe885d74ba4026fbaa6d8f510531ad359,2021-08-20 16:48:13 -0500
eaa2abf9a339d3e1997cdd9c5a75899f844c61ba,2021-08-20 20:27:12 +0800
4b0e67806da5be46496e3426f8b25d9324f96d58,2021-08-19 15:14:04 -0700
7ca0f69afc0cdcee17c80098a43538bae9a1c31c,2021-08-19 12:56:08 -0700
335bf404d79f7233214f7efb747f4d9627c2bdef,2021-08-19 12:19:29 -0700
7a5802808a3091e4a32a11043c220d27a9505b86,2021-08-18 14:51:20 -0700
56a2f3b1aeadc0e234197072392c6aa7a34decac,2021-08-18 14:19:29 -0700
bde2d896ac22dfcc8b7f7efcebc7ed509c6d5986,2021-08-18 11:37:40 -0700
2a9250500d34a44a0ec67c91c1e543f1852abe3a,2021-08-18 09:37:47 -0700
75dd5726823fc2e2688f8c91c9b6380f33f6dd50,2021-08-18 09:08:13 -0700
a0e4056550368dbac7c6d6e63eab76037c1b6289,2021-08-17 16:03:31 -0700
818160003328af8c1f0b0e3ed94acef68bab6a13,2021-08-17 13:18:19 -0700
dcaee85495305b346d2dde3e883f4a5631c91c76,2021-08-17 11:06:51 -0700
77436c33e6cc212d7463bb1762f7d13edfe12f0f,2021-08-16 20:51:45 -0700
291ea628bd5558969fde2b688e5b42d9bbb6a7eb,2021-08-16 11:43:59 -0700
8c490dc12dddb53bd59ca1d067a11e60bfcd3402,2021-08-15 11:24:34 -0700
95cde3aea7eacf9a391cda36ef255d1b24d930cd,2021-08-13 23:16:13 -0700
fe08748783ee1e2de890a1f138bfeaee616cadd8,2021-08-13 23:09:45 -0700
ba655b7180dbfc89783f35ba13ee771ce9050598,2021-08-12 21:15:08 -0500
ca442d1ac71faf5d99cdd3d41f66b349e4de5d2b,2021-08-12 14:04:06 -0700
e4df91e87007c2185453a896d5ff9a57b2a9b0c6,2021-08-11 14:33:01 -0500
9cf7f40f3a139a1fdb165db929b898c5ce986023,2021-08-11 11:21:35 -0700
7a3bfedf25cb74624ed898cec81e3bcadffb2373,2021-08-09 15:58:51 -0700
7ff467106431cdd8715aeec9b5f58458dc5d2102,2021-08-09 14:55:41 -0700
d24268aa9f1dc7fdc238d957ec220b9375d21952,2021-08-09 13:58:25 -0700
8c519da94e1bec8214effc64d17882f830aa7720,2021-08-09 13:55:05 -0700
4d7892c43183b0acc036b1a0071f3f2884c1e7ec,2021-08-09 12:58:27 -0700
4d249d7c08b642076f2018774f9c93cc67d928aa,2021-08-06 15:43:31 -0700
e315d65acaa80c7d1962c1dd362caf3f82e55eac,2021-08-06 14:14:26 -0700
a5444b5e1e5dcdfd812f35b84cee17ce4afdf167,2021-08-06 22:53:40 +0800
9e6d5483dc20619b9a3147726e1c9a8e9ae89ff3,2021-08-05 10:52:11 -0700
68091037944ff7e9de91e7b619f313a8e98c1adc,2021-08-05 07:23:07 -0500
c133958eabe732219e7c63f1c47d7c49351c7f9b,2021-08-04 19:51:33 -0700
0480c8c8bae8df813225c132199e73d13352a59d,2021-08-04 22:35:22 +0800
7762b0f537d777340da8403a9b7c73e093dc97c5,2021-08-03 18:21:53 -0700
0b2f0657037c7a5be685ba5f082ba1cc1a145fa1,2021-08-03 15:27:58 -0700
30639ef316a899480a3d0c88f8ea6498d9a21306,2021-08-03 12:47:39 -0700
3010af337ac68cce790b7db2988ffb5fbbed7fef,2021-08-03 10:29:44 -0700
9ef0e32a7573875b6f7d1d040d03ed9a69b7e85f,2021-08-03 09:21:16 -0700
a42a546a5e0b32fc5634626e28d10f0c29f838fe,2021-08-03 07:39:58 -0700
a4ffcd53032132e5fefaeaebfc693be276aaf9e2,2021-08-01 16:23:03 -0700
63e2eb67cf946aca2752c3a6f811f66da1394af6,2021-08-01 11:28:23 -0700
970e8aac60081c7d286ab0f7e12e428b3309dd34,2021-07-31 00:18:17 -0700
b347252f01ad5772b09f3ca29a67fcb31bafeb09,2021-07-30 13:48:22 +0200
333e2c1daa35fd06df16305d749528aa16232a7d,2021-07-29 18:40:05 +0800
9f07b83725e05206219368c020c3c772771a63d0,2021-07-29 15:35:07 +0800
71e98e2ab99f88c0a55746001a147077e1686b18,2021-07-28 16:50:51 -0700
a54ba55095c52c979ee245c45c860e2855b44b28,2021-07-28 12:34:22 -0700
c57e07cb1e7110959e3ab353d48f16468a4d05da,2021-07-28 10:20:39 -0500
10a8e497064a557cb522d8cfe18b058b9537b692,2021-07-28 19:42:29 +0800
d2194f87f32921d828ba7112eaa200351e15c62d,2021-07-28 09:26:25 +0800
a1bd63d56751999ecee89b871992d7bac395fd52,2021-07-27 08:59:53 -0700
e6c5a94a43ecc29ace98f777ca477e08c8bb982a,2021-07-26 22:11:46 -0500
708ded924ebb949b5773a209a56e4128a356f56e,2021-07-26 17:11:01 -0700
651b59d3049a464787f85c7192d9c7828c95388c,2021-07-26 17:10:44 -0700
53ad313eba1a7b421e311810406f22beeb7f0aaf,2021-07-26 15:30:09 -0700
65319e911235a8cfed6f616955f1f92192d8a52f,2021-07-26 14:57:38 -0700
0b53e70d813f6acfb3198567781d3b3ef921d6d8,2021-07-26 10:26:35 +0800
d6ca368eab51e7ec4f1fc546d3ed2d895743efea,2021-07-23 18:03:46 -0700
c29b2b9722f6306f21016a78fab95aacdb9d1083,2021-07-23 14:28:02 -0700
f960698a04266270a8eaf9e23e8b55e97e550564,2021-07-22 12:24:52 -0700
2a39712c371a9b97f4de88d533acea36d7fe2852,2021-07-21 08:47:00 -0500
c13d4e3234d6380e117abf97c220024292a44dfe,2021-07-20 18:56:57 -0700
77903d6c47aa8e215c6b96f82f1cce8d71be078b,2021-07-20 14:00:34 -0700
5ca3910e80a17c2cd49c4505917e99dc6a296b7c,2021-07-20 10:32:40 +0200
1b3dbb6f13110eb734488d32e93e0fa8d23e9385,2021-07-19 17:09:03 -0500
0055e855ccabbd6a592b3b49e1f38131f62e0fdd,2021-07-19 12:57:09 +0200
762f5bb9a9ff2196733dc092196a28c96a65007f,2021-07-16 10:34:38 -0500
2be228d11acf4a502471e56c14594e0aed77529c,2021-07-16 00:21:27 +0200
3f158ff7096c95286a73037992a6b9a8319347c8,2021-07-15 10:45:24 -0700
9a0d154b0ba5e6d10d79e30470295c91c89c1e09,2021-07-15 12:06:44 -0500
b3fb81a19e9632608b2bd4cdede4bbfcbd26bc8e,2021-07-13 08:59:22 -0700
1a903f6573d7241eef18b7d0f90d2d995f39fb1a,2021-07-13 09:58:04 -0500
3947849d93f9e9abae8d23667d255d3ab0f08a64,2021-07-13 15:40:28 +0200
f6a9103b7644f0320cae1093826376f293724a98,2021-07-12 22:49:37 -0700
118efb6cac1d6661bfffaad89a2c8f91a32ecfd6,2021-07-12 19:28:51 -0700
712fe660dc6b3c8464abca11775f4a19fa2a36ed,2021-07-12 19:20:32 -0700
40e626a168a3137b42d023fb8f8f3835f3cd0a78,2021-07-12 17:16:36 -0700
0bb89d024d73df5aca79368cc5c68d0e8d5aac15,2021-07-12 10:24:19 -0700
87aea3402794bbf0dd5539357d47cd3d5ee0234d,2021-07-12 13:31:58 +0200
8058ec12da13b88a1724bbc493649f7b8342414e,2021-07-12 12:46:03 +0200
0667f388bd40321852ecc89222c01733c9c8c2dd,2021-07-12 12:46:03 +0200
2842f0b5e4934f9a102a5298536efaaff0af6b45,2021-07-12 12:46:03 +0200
f2943d3fc0c26a727e5239172a6874c1af4f499a,2021-07-12 12:46:03 +0200
42466b9d1a8e2b2ee9ba3d83c417902ce5e52e1f,2021-07-12 12:46:03 +0200
6ab914d4d888d429d312630dfd3e73dacc5515fd,2021-07-12 12:46:03 +0200
25eaebacbd1e250d2d884b49fc753a23b6aa6eaf,2021-07-11 16:50:36 -0700
bed47a40ec444e9a97c178bba0a72d9dbc864042,2021-07-10 16:15:27 -0700
5cf4248ecc56d531e3b220c7b3631fef22807bf0,2021-07-09 11:50:17 -0700
703aab4715d56c8d846d754bb7d500034af076eb,2021-07-09 09:45:03 -0500
6bcca16c48cd92dc98640130a28f73431e99e336,2021-07-08 15:30:18 +0800
3e9684ecdade3ff27b9a0e07ac22fa0e72c0756f,2021-07-06 13:50:37 -0700
072a86a9d83d6c43d7e19cef0bbba80a94714794,2021-07-06 12:57:10 -0700
ea240a8407a75c537470e16fb942d87335b51676,2021-07-06 09:59:29 -0500
8671a938b82a1d0223ea3f784acef429f69d930e,2021-07-05 10:59:22 -0700
cf0b94f69ec2659d59fcb4aa1be5865d2db03ffd,2021-07-02 07:04:29 -0500
c92092f5260fbe295dab67b374d52c706c62271b,2021-07-01 17:25:48 -0700
9786fd1e613af1457618a5e257b61086d6be9714,2021-07-01 17:22:39 -0700
1ca781bb1836f2629913b1b630bc0a7095104cfe,2021-07-01 13:36:51 -0700
4b09c3d89958714a69116b72bf7b8896f4880cbb,2021-07-01 12:00:48 -0500
c579f0b5a8d3f1bf45a20139e7f0188de9cf7eab,2021-07-01 11:38:36 -0500
b5ca06ed2160ad8b00d8edf0f6e088af1bfc74d4,2021-06-30 17:31:57 -0500
735c70fd02ec929559960d077fa5c258eb9fce16,2021-06-29 16:49:11 -0700
af1e1f6a51a11555bf5c507685fb7f1a084af478,2021-06-29 12:16:05 -0700
56ae3748945add6044671ddd30cde6a815c6ddb4,2021-06-29 15:35:59 +0800
ee5a04fbd2148f2c4b7e3650c6afaf06aeb2c713,2021-06-28 17:27:27 -0700
8798f4e65e05aba550c1479fec416c6618fc2873,2021-06-28 17:26:54 -0700
d4d376bb559e8dc83da3cb7ecbb8ff9205d68f21,2021-06-28 17:24:47 -0700
a100d2d5a06153674cdf97940039f3df68b5f9b8,2021-06-28 10:06:08 -0700
aa65c064361feb37b4b0c1bea7e9531e879d8d71,2021-06-28 17:48:24 +0200
bf2cbc3d6cc4d8fbb261cc48de75592f1caa807a,2021-06-28 21:00:35 +0800
2dd5b4ea7f5406d3f8bb7d1c4c4548a7253e75c9,2021-06-25 16:01:29 -0700
9cfcf5c9e48cf00fbab6b8b134cf315c29069cd1,2021-06-25 12:43:32 -0700
c3ac4c6ca74a0013b4705d5bd5d17fade8e6f499,2021-06-25 09:14:45 -0700
98da9749edee574b8ed673d69e0ef80ce7ae0272,2021-06-24 16:17:58 -0700
2e4684740b56f6d80328f50b7e7fef0863c262e7,2021-06-24 15:58:29 -0700
111fe810c81eb2fea7d849ecc21daedd1c429355,2021-06-24 10:16:41 -0500
92a264b4406fd933eed5685d25defc9e0dcb8617,2021-06-24 12:11:06 +0200
f81d8adc9e4413265b63ca092ca744a22a0c9c65,2021-06-22 20:33:23 -0700
8d16badf040dba3a8b70344077485bcd742134a0,2021-06-22 17:28:26 -0700
01393a06c284175edab75de34f48b2bfbd606081,2021-06-22 17:25:25 -0700
8d5c4986e9a93bd77d8d3ef851ea9aed825e85b2,2021-06-22 13:16:45 -0700
ca575e9725a7e10b167851355e7d4519ef1173a6,2021-06-22 13:08:38 -0700
1460743422af341be997176ca5c0bf9dcff0946f,2021-06-22 12:33:12 -0700
63392d95848b21b32e6619f500e87c5342824f08,2021-06-22 09:42:23 -0700
83ebd4ed57254822ca26ef9b7a5ea6f528da8b34,2021-06-22 08:47:06 -0700
0c784fae03e792d98aee46f4c71da5e180611f10,2021-06-21 14:48:49 -0700
f8d173eab280d0e955822fd880b15b91c42db81c,2021-06-21 14:09:48 -0700
ed0c70284e1f6506331a60d8c9e9706df2e32ec9,2021-06-21 15:36:08 -0500
619603c443a200f687284c01d13e5961a920c036,2021-06-21 13:28:25 +0200
765ec12476e1c25fa270660b56f1ea063910831d,2021-06-19 16:51:18 -0700
a9f43636028a67eed39e3ed5903bc4c148ebaf76,2021-06-18 16:38:18 -0700
e750316d76301e89df273cc745c40535af18284e,2021-06-18 10:07:24 -0700
7798094e646ce20d67aea2b132ba079a225a1407,2021-06-18 10:05:00 -0700
ec69a25da24f38419107bfa264c582d16331c7e9,2021-06-18 10:00:29 -0700
965775a2abbf158b9621122b7322b20d8161584c,2021-06-18 09:46:34 -0700
d9bf148712e36f9397b9392b34d816df02005594,2021-06-18 09:32:11 -0700
4c013a834cc40269dd6e90f81050105bf865a2e0,2021-06-17 16:31:56 -0700
9ebebddaddf1b3ae3f941736ec6868525598a94b,2021-06-17 12:59:57 -0700
9c859df0b41fb55bf8011b1ba119aff7620c7000,2021-06-17 11:34:16 -0700
1f641540e6ceba6321227b4795f527b56748bb87,2021-06-17 11:33:29 -0700
629da77952eb2ec4fbcd00613a8b8b3c1e47ec33,2021-06-17 11:31:47 -0700
b2ebf2271a27cac8b5296b9d6f80acb013f8529f,2021-06-17 11:24:43 -0700
3c412890d8232a300c2953787f19b828afc97c61,2021-06-17 09:43:39 -0700
236615497bdc2c6fbedbd3acc41a4ed85c4a8bfd,2021-06-16 13:55:25 -0700
e79580bebf861dda3a8dd8ca711bc76586081946,2021-06-16 13:02:08 -0700
7be269dc003a50dcbb551e2d2a7e1f535e7e944b,2021-06-16 12:26:02 -0700
5a61211a50818dbfdc16742f770bf47b50f373e1,2021-06-16 12:24:41 -0700
a6b0f4240c7d7d94fa5f6d0cbf88332610b10d52,2021-06-15 10:20:08 -0700
8104769f81ba79338fd3c94d5bd9267f22d31ed7,2021-06-14 14:42:38 -0700
2c2903250293adc91ce179478a2a3a368780cd7e,2021-06-14 14:33:02 -0700
35691728df3b6930045271b1e5663c8516b52301,2021-06-12 16:21:49 -0700
774b3f007b9ad553e5ea129ec9eacce9cb01e92a,2021-06-10 22:58:07 +0200
efaad975fc9bbeaa27392b333211e99ac444aaba,2021-06-08 20:04:47 -0700
282b6f9f1cae8d4fd5ff7c73de513ca91f01fddc,2021-06-07 10:53:59 +0200
a6fb658e95c15158973609acf55b6eed9a6b12a2,2021-06-07 10:02:06 +0200
d477334f2b02c431c7b52305a88bc8c3099f14bf,2021-06-07 09:59:26 +0200
9e4abd5ecd8fbb232b1709011a3b2b286a5a8ed2,2021-06-07 09:58:42 +0200
b91bb9ce062b97efcb840008dce7552b83649e9a,2021-06-04 16:00:37 -0700
0d6b38723b2a58a55307d86e1fcb7c39c5060ad5,2021-06-04 12:43:21 +0200
5e6b3cca96e07bc337b3f2f7b9ec33e8c88df54e,2021-06-03 13:07:51 -0700
11562e38255e968079a6f5c8f6a0ce14b06825af,2021-06-03 09:29:05 +0200
b49c1728c8c3f4cf4f74c033fa546ad22c28fed7,2021-06-02 16:29:46 +0200
c821516b71cc242245c3faeaa0a0181e0d8881be,2021-06-02 13:59:32 +0200
1dcd9263e55c5e81c7c0021f90de7c94e5612b61,2021-06-01 17:14:42 +0200
15616941461aaad3f03568ce4880171b86a06547,2021-05-27 21:11:08 +0200
b1745056c58948702c169fc438068c980a5f6464,2021-05-27 21:10:06 +0200
a6a88e63198b79a1795701504b14f36f580320c4,2021-05-26 15:06:10 +0200
7a048fc3aba2a5395a1b36b729e3bdf8597fb38b,2021-05-25 13:30:36 -0700
e8b3d1e8fb50df7ed2662a31d7a212fae87ad2a5,2021-05-24 13:19:36 -0500
ff28becbc1af5ca9db9712b5bf3e5683d122d9db,2021-05-24 16:48:37 +0200
df93538a7626442d8bc9318d887e4e71a2f14351,2021-05-24 16:21:34 +0200
32ce969218b75915cb7396c541bdc19f4ac8bd9f,2021-05-23 15:15:15 -0700
65e9cb4f94bbd7403a6201ac2bb4fa19fc43c001,2021-05-23 15:14:20 -0700
8c8e409bf96daa2303c35eb589cc7cbb00851162,2021-05-22 20:46:00 -0500
408a12aaad25779eba7d1232bd41fd97d6a0409f,2021-05-21 15:02:32 -0700
0e4f0f0bf5644faa372b96abd7df25fd8930ddc1,2021-05-20 12:30:58 -0700
848797d7a1068b4b613c3bd4bd4991a20b2991ad,2021-05-19 21:14:59 -0500
ba54f9cfe37b28d3ad675bdc50daee75cda1f3c1,2021-05-19 17:55:40 -0700
360ab856dc559c3f352d667bd9552f0c7c395a5c,2021-05-19 17:44:36 -0700
251e8a4e6b72a3f9afd277d10e8b5da4694e0acb,2021-05-19 17:16:12 -0700
b56d55fa96052f1596e6bbe054c0fb1b00fec3a2,2021-05-19 17:04:19 -0700
c565596569e4b2781c9d7a2f6f1d98aeec09b716,2021-05-19 16:55:43 -0700
fb0105bfb777b72ac585c42436a5798e9ec6c2a4,2021-05-19 16:24:47 -0700
06362f3af2e6493bab458693b28d2a7e50899014,2021-05-18 19:51:28 -0700
c2725b1fd7a1814d75a40b76b6c8c23fdb09aafb,2021-05-18 13:26:32 +0200
324b11a02b8b3062cf555e0eb97bbe93ece57e31,2021-05-18 13:23:16 +0200
a0d6cdf8a76e29d07ce0d5889b7ee9a2335bde1f,2021-05-18 18:01:29 +0800
2ae65ac305631cc5b0543207baa9f8b5af804cd2,2021-05-17 16:35:20 -0700
33d72945aeb3c0d3e17a341079e72a26fbd03ef8,2021-05-17 15:53:39 -0700
d1f5ba9dd2b68305b7402e3e79af611f649491a2,2021-05-17 09:39:32 -0700
e593f84441aad964222b3aba7137db8e4d97e378,2021-05-13 12:10:26 -0700
0a9aa969aa3ea30a835c95340e61aa0dd1815e86,2021-05-12 10:36:10 -0700
30ec9b5d440d9cfb73abc0739a27cd5115a893ca,2021-05-11 18:15:43 -0700
20feb92f87add412c6c0a59b33d63f2a82c19930,2021-05-11 08:28:30 +0800
0626f964c5ba27a48792439fa513dc2ab09300cb,2021-05-10 10:29:18 -0500
7779953bd2dad7990725391f9d5d8be077a7048d,2021-05-10 13:29:41 +0200
24f1b55ed12e1eb531dc5c19c3c5a542653b5268,2021-05-07 17:30:47 -0700
d5443e3a34a4288441a015ab616d965557d78202,2021-05-07 12:37:02 -0700
a2103b7131bb039c531a2c9f70c7c8b9fe9715ac,2021-05-06 13:38:44 -0700
03b6ad2585d4cbf68f7178d370b6d852d2ccaedd,2021-05-06 11:23:59 +0800
9edb1fabc0a4ad4c3f10625c4a15918bf5790f8b,2021-05-03 14:08:18 -0700
83886c87f516afed7e625bed7f5749838217138c,2021-05-02 15:01:22 -0700
e680e07cf9787cf51ed0312d90cf40e6f3508c0d,2021-05-02 15:00:14 -0700
e58d28d500241e6a36a896993b56a80c49bf6118,2021-05-02 13:52:56 -0700
657de686a1e74e9b5b77fb81e23192cfeecab057,2021-04-29 19:35:50 +0200
fcf9f63da54c0133db0519b5414d573c67167967,2021-04-29 09:39:29 -0700
e8ca53b9794245fc89ce87cbf6630679c1301298,2021-04-28 14:32:59 -0700
5d6426d0c7440a45f4f411b5c2483c12ef13c0e8,2021-04-28 09:45:25 +0200
90bc3297fbde62150281698ad5b61dc0dfb2be9c,2021-04-28 09:45:09 +0200
b3fc2999601387481a3cea4737129527b1304c3b,2021-04-27 09:54:27 -0500
172ecb554f0e78dd374e65cf348f0c56841b81ee,2021-04-27 19:11:12 +0800
023bb855ba22bec3dc2a3e70410168e58845008b,2021-04-27 10:14:14 +0800
cd175556b7e0ca2c1bc433aeffa47f4692fe9514,2021-04-26 17:24:34 +0200
4f271bd3a4478ec802fe256e512635aea576cf0e,2021-04-26 17:00:11 +0200
9b84b00a1e5268458cdb03a3c8fb3e3603178dd3,2021-04-26 15:38:19 +0200
dae6c491366e3932d31197718dc7eddf04305992,2021-04-23 08:59:19 +0200
e87309c7361ac553f10d1277b919392f5764b7fa,2021-04-22 09:14:12 -0700
b0e33dcc17530fc27c6550dfa3fec580c5b496db,2021-04-20 15:20:29 -0500
4113c5170fcbe12334ce3f0f1c0956204ab020c9,2021-04-20 11:39:19 -0700
2f0d607b18a014dbb63a0b9cf39650db799c94c1,2021-04-20 09:31:32 -0700
a79de571860a290f6e96ac562d616c9c6be2071e,2021-04-19 23:32:55 -0700
6c6096d44cd1315c40e1e718c3186ba8927c3219,2021-04-19 09:44:19 -0700
186a0786f43a5bfb9d5a199bfa205a58fba6c6bb,2021-04-17 18:00:41 -0700
49d8ade09b24fce3b95450f7bd1ba1cb517261b0,2021-04-17 17:56:04 -0700
1a1a511c7341c17452531865bdcc79b48a405e33,2021-04-15 16:51:38 -0700
0a59a351cca79b0be290fa0a4ffebaf4bd5e3cf3,2021-04-15 16:50:51 -0700
66f4683ef304bd6c90074e04856c657d5b36e83f,2021-04-15 13:29:59 +0200
8b8f0e94de69807f7521ed53d237cc205bb18b22,2021-04-15 13:19:53 +0200
7c3b14384d4900e9bf2db94b8ba5c2c75256c35c,2021-04-15 13:08:33 +0200
1884beeec2e4d48c8627c320a4612320f716af7f,2021-04-14 19:03:38 -0500
6f0ecad37b936ab3e90fd0743cf239ed05258d13,2021-04-14 14:51:13 -0500
c3640afadc5af759bee531368c8be16e2a2b7f5d,2021-04-14 09:33:34 +0200
662550cf00f99ecc633e0cbb86ce4f146d599002,2021-04-12 22:07:12 -0700
ef98e04ca651a1e47a1041f178a654611c6e9de0,2021-04-13 12:38:57 +0800
6eaabb59653f51bdfbb4063ebe14632b1f044d96,2021-04-12 21:02:48 -0700
98011e162b1837bf9153cfe14dfd3277c4fd3d1e,2021-04-12 17:48:54 -0500
08c709ec10ebdbc67b0ad32e38331e798de36cd0,2021-04-12 16:42:21 +0200
93fb7ce28e9e809c412910f72d1ace6312de93e5,2021-04-12 09:50:12 +0200
e20088449daec9ed431754044b520b3ac5fa3eaa,2021-04-12 15:39:46 +0800
db8248c16e99c435ff7eed8fa86bc3913af2756a,2021-04-12 09:36:22 +0200
23edff7b892df23ce346de622554e920995a2891,2021-04-11 15:10:36 +0200
b10284398f7f540985e924f59914a71b90e75b82,2021-04-09 14:58:01 -0500
8656c216e54816e0e2f74a0719cff15420a98444,2021-04-09 14:58:39 +0200
9a60b5307374caca001693b5ee2abf1303e71f43,2021-04-09 14:27:33 +0200
62e63fcf75b9797b672bb6db25151304cfacca5a,2021-04-09 00:11:57 -0700
27eaa796530f56eb99d111e6110be3e1a6eb99e7,2021-04-07 11:57:27 -0700
180fa7b4b4e4ea60caf4bddbc4c995d84c66c302,2021-04-07 10:47:16 -0700
c23831a0318692f8dc151d6cc1aa039ca4f01802,2021-04-07 10:20:31 +0200
0df5de711e773b5143f57f62dd52dc40b1b2f8bd,2021-04-06 21:01:30 -0700
69a61689ddb6e1fe31998f4430485973b9993b17,2021-04-06 18:41:29 -0700
ae2f7da9b712b1d4047e01506c46756b32ae0542,2021-04-06 16:45:33 -0700
a2410913da948842a88243a2e42235a8beb02c1c,2021-04-06 15:57:03 -0700
77649643519522852da69b468b8bf98dba8adbfc,2021-04-06 09:59:08 +0800
68c48ec9bd8c3c3ae14a365f937d1538a4fbf826,2021-04-05 18:04:36 -0700
0e617806694498a9ba04ab3c56e5383f5bcbc197,2021-04-05 18:02:25 -0700
2843db8cbe2a2b6eba2209ec6f758d2530d5c94b,2021-04-05 14:46:02 -0700
ccb0b20831c8b07c4663ac83b0bca82acb537279,2021-04-01 17:39:34 +0200
e68889e5583b0b533c6cd1e97079af7a3b6426d6,2021-04-01 13:20:06 +0200
988a33cb58981c3fabb221f6b49ed9dd176c9abd,2021-04-01 14:26:14 +0800
d9133f46df31c0d4b0cac33b23b9ba256264ed2d,2021-03-31 18:38:09 -0700
1f77257fc24891f3e66a6c162ac239afd6ae8d72,2021-03-31 15:49:59 -0700
3e177b4adcda33f55d9804be663640cf0234e23d,2021-03-31 15:49:23 -0700
bc332b60789ce6f9aad822f79770c68a828965d9,2021-03-31 11:11:09 -0700
41f3c7736fd89811278194a62ed6513640081352,2021-03-31 11:01:05 -0700
0564fbf821298e57f63f85438f46c257cc563eb9,2021-03-31 16:36:03 +0800
21e1922a8ddb93a82388ea86a5f500d9f23885b3,2021-03-30 11:17:36 -0700
19295fcdedd4dd2cab36e58183ee94c871e644d5,2021-03-30 10:56:52 -0700
4d7fc8eb94aaf462c365049e35fba3bee6f69643,2021-03-30 10:51:36 -0700
9352505aecdd45a5ab6004354cdbd98bc6b11112,2021-03-30 12:16:14 -0500
d1510340eaff68d88a2e8194d58e7e493af02bcc,2021-03-30 14:07:23 +0200
aba898b1a2ea15fd091228626b6887a5a72800c0,2021-03-29 17:24:02 -0700
e6984005fe5433450284e61e4d44d0817cc3dfc1,2021-03-29 13:52:30 -0700
7a0954f3989f9b76361491aff7610c96c1194dc5,2021-03-29 11:11:09 +0800
489f08bb610d367f24e6b8ec18a29c8f87bb6aa1,2021-03-26 14:33:07 -0700
d30a2257fb2eb98d03c996d61343f35e4d8dce5a,2021-03-26 14:28:30 -0700
b126f39339247a805087b0b0c038a5e0c5dbac8b,2021-03-25 11:48:12 -0700
7902639c56294a93fc6aaf60e17a9a3a475825f6,2021-03-25 11:46:29 -0700
c9e76633ca4eb85d5a867d09237ce4c6000f4d9e,2021-03-25 11:36:51 -0700
90225d6c9413016d611e2ce5eff37db1bc1b4fc5,2021-03-24 17:25:14 -0700
46f643a8c70248a5fd6bad5617ed45d9b4a4b3b6,2021-03-24 12:45:24 -0700
56489625ac98e7c1065a954cc66ae31d72f9aa99,2021-03-24 11:29:56 -0700
b8c4fb1a5b62430eaed4d90fc2ea7adf5d2b1c4b,2021-03-24 11:18:05 -0700
36080f855114bf134471cd10fae55bdfb9dada83,2021-03-24 12:40:07 +0100
62ed3c28928f6ad5caa8896dbf5c3ebc9a6aa8cb,2021-03-23 13:47:12 -0700
7cafcdb5da300f0a9ca6996fd9046af2ff6bf04a,2021-03-23 13:41:12 -0700
f0a6b717dbf662caa9c762e72c47715a12625647,2021-03-22 23:24:11 -0700
ff2fd46037bf18a88059b81de1f0fc46980b6155,2021-03-22 18:08:20 -0700
d24cc697465c31073595781d7542f53f19b15993,2021-03-22 09:32:51 -0700
05d39c5dd09d604336ab21c34e78553e5a6b13ef,2021-03-22 12:46:21 +0100
629f7ad7c5fbc16da1e0752f5d170889d4e761b4,2021-03-18 13:24:52 +0100
62f8210b43ba91ea4a26d3b9ce0525ccf8ecfa7e,2021-03-18 08:03:16 +0100
d99f1b63a8df295f3fca6b9d66145461f7d9d9bf,2021-03-17 11:45:27 +0100
aa4af26119be913028661477a99053dbd03940d4,2021-03-16 21:43:17 -0700
6567097c511619d98a3920856f172e435d99cefa,2021-03-16 15:26:58 -0700
db451dedd1287fe3209a64f7c61839bb20ea5aa2,2021-03-16 13:47:39 -0700
5238d1b5dc1410ffcda3810bfe6ec5fce481d3b9,2021-03-16 12:35:22 -0700
a65ea656032fef30eca62dd398be1dfc9f179bce,2021-03-15 16:36:32 -0700
959533726131a1c64a08b1302fd9df38f94ab4e9,2021-03-15 08:53:36 -0700
713136df34a65df4306a7b98c67c4b6d11cc65ad,2021-03-13 10:40:24 +0800
28621f90524a17c02553199427f8a6c5da64d596,2021-03-11 22:19:21 -0800
c8b74c19b831ecbbf33f78094b5c8098c46eddec,2021-03-11 21:53:17 -0800
94c9da5b4722b0acaa25e3877961f9a2cb5afc20,2021-03-12 10:30:30 +0800
312c622350a93b099190955edc6b4416dbe502da,2021-03-11 14:43:08 +0800
8e26d56d0ffff59ff881315ed583248bb98bd545,2021-03-10 17:30:04 -0800
b58d97672a771a94b8b80df6630e48c0db802af4,2021-03-10 16:15:18 +0800
d9abed9699280837bd6d2032ee56ab163cfa13b4,2021-03-08 17:26:35 -0800
a7901992c252bb28d10686ef24c1de788c90d663,2021-03-05 17:54:44 -0800
5099e1eb1ac5d802badf55c8d1306d42a0118250,2021-03-05 17:53:28 -0800
030144ed6a879a1c01bec0d1ddba1a709ac1695a,2021-03-05 17:23:33 -0800
343104c8e40bbcacbf6297445cc9dfc82769afe8,2021-03-05 11:21:11 +0800
4c5c22a78d8b48dfcf75f7bbff4aac9fa76d70da,2021-03-04 12:28:21 -0800
88005cae001a97283ada19dcd87f9c9b2af70f84,2021-03-03 17:08:03 -0800
ef6de31a805783bce87efb51d2e5843c192e6822,2021-03-03 16:23:29 -0800
c7ad594def20c17d5819683051fbbf802df1def2,2021-03-03 20:48:00 +0800
c66cb02c64eb82ea3b07f618b297290a851d76e7,2021-02-28 21:45:57 +0100
23735d1d99abf0207543ff5d9dcb63ae4fe4ec02,2021-02-26 12:51:10 +0100
e237a69b97e733117ba4b835e61c5cb755592b8e,2021-02-25 14:44:09 -0800
f356be79ddd178c8a8651723cddf40356651329d,2021-02-24 10:12:09 -0800
0d81c492bde5a770115066b7c27e593ba528f408,2021-02-24 09:58:55 -0800
255e9525c5bfeb7b57e49a2d96178ebe615c5e16,2021-02-22 16:16:04 -0800
91ac42174e4c535ece4e36db2cb587a23babced9,2021-02-21 15:36:49 -0800
7783ef9eda1674f1026200d3d8d1afbdb9d0bfca,2021-02-19 13:57:08 -0800
62e17b7ee2ba7e7efd03bf3f1522d38a662eaf0f,2021-02-19 13:21:39 -0800
a747190d11ff2ec5fb268152599cb1743fc946d9,2021-02-19 13:16:06 -0800
efc461862fc93637fe4c0127d69bfb777c87766e,2021-02-19 11:29:15 +0100
cea6498352e4de3bbe62fc3218cb06abd01ce3de,2021-02-19 11:28:42 +0100
6bf58e5037c22e4c6255c4bf01109fb45651ce6b,2021-02-18 12:20:49 -0800
04f4a309240ef52faaebe4eef5820a682906b780,2021-02-18 11:35:12 +0100
631efec2f9ce1f0526d6613c81ac8fd0ccb95b5e,2021-02-16 10:39:25 -0800
5218f43c245323e6fb4a5c48cb71848b178b4478,2021-02-12 20:38:57 -0800
d2850ecf025cbc4001afc7f9a051040361faac4e,2021-02-12 20:37:24 -0800
6e6dddc914141f23a7a1cefa8dc7b60be72857f0,2021-02-10 10:57:04 -0800
8a1ebe534347758ead08aac654af5eb8be1ed71e,2021-02-10 10:55:13 -0800
d8cc2a29364e57df95c4e50f4079bacd35e4a047,2021-02-09 14:05:27 -0800
4f9edccda324f5ae5be45dfc666a682bfb0c14c7,2021-02-09 09:16:59 +0100
23df22020b7d095e2cc9593d4d05af2bdcb89ba4,2021-02-08 10:04:44 -0800
1f2aba29c41cc0937729ddfb79012098422c2d85,2021-02-05 18:13:22 -0800
592e97f5daf0716ec6f57b4f049dd191d8094fad,2021-02-05 18:04:47 -0800
8a84715205631a17668ec8d63a791a25fb511992,2021-02-05 09:38:12 -0800
469f6c3f640293df6c629a693450736350aa6fab,2021-02-05 11:23:02 +0100
bfa0f80408819adfededd93a0dfac8207416281e,2021-02-04 16:53:26 -0800
3ab15bf15c22f5d11dee6b2126b2e72bd99a4b3d,2021-02-04 14:34:05 -0800
37ded38b7eba64e930bb6e56a86b5b96294c6501,2021-02-04 16:10:14 +0800
4b6fa61d268efd80c584a4445c29e3236a67dcbe,2021-02-03 20:11:29 -0800
e2a0ba4e34d5f5d3cc80a2a659d50651980fe1b1,2021-02-03 17:19:14 -0800
4212714b495d4d0f602bc2be1545c3198824441d,2021-02-03 14:42:49 -0800
6aaa863d884aa9f32cdc2fb198a6e1c68f381b85,2021-02-03 14:42:04 -0800
f229f1a80143dfe3377c4746cda59171da52a451,2021-02-02 20:24:03 -0800
6cc5d997998ad818354c2d6a86c54ebc613890ae,2021-02-02 18:00:37 -0800
9bd18f4667c51c0c74d26a26dfbac83da22942c3,2021-02-02 17:46:51 -0800
8e026f140b4e5d213083e57321d8bdc312650a6f,2021-02-02 17:30:38 -0800
97703fb147f07174a3c5bb100080bfe6b568e06c,2021-02-02 17:04:17 -0800
feb2dd8eb07f54947ebe552e895934f0235dc8e5,2021-02-02 16:16:40 -0800
a42df9e2d3d837346c3ba1eaaa57eb9c209706e6,2021-02-02 16:12:34 -0800
e4185cd18412711242d0233ff901fb185ce63c94,2021-02-02 16:08:24 -0800
809ee5b978a98667c714936e47dabffc74acb656,2021-02-02 14:08:50 -0800
35f91b020ec949f2cde6fed578d8646e3f045f30,2021-02-02 13:01:20 -0800
a2a4cb3c33095d856319b2090f382446d3817bb1,2021-02-02 12:01:03 -0800
c5e67915b01c2cbf2eea40a412c2765f0c8278e8,2021-02-02 15:57:24 +0800
d80ff56ea0c11ee561df05fc934282e498a1bb07,2021-02-01 12:51:54 -0800
99df4cc902df8197ed4b45cca98330c178005b34,2021-02-01 10:43:24 -0800
979575ad949f6e17796bcc3dd6bcf986a316cba1,2021-02-01 09:56:41 -0800
b3e01b74fb8909d0c5aa3f9a1b9468471e03c13c,2021-01-30 13:48:52 -0800
23a5beacf3d31f767f305043eb0349b0678dea9e,2021-01-29 16:28:36 -0800
6ff9539ab3cbce988f09ac29ef131db864859904,2021-01-29 14:51:14 -0800
fcbead96e9cbe0e72350dace484fd6a7677f7d55,2021-01-29 14:17:25 -0800
f63fa5c44d03fb6c830bb209bd2cc7e19df04ee9,2021-01-29 09:58:02 -0800
19622dcfcb426485748fa017a6181e23df5732dc,2021-01-28 18:20:13 -0800
b4f73d2ba89d0c3d861120b157f949896053f848,2021-01-28 17:19:17 -0800
d53571b739e031372e9a528942ab7ce7624f0fb5,2021-01-28 17:17:23 -0800
b3acf5979f31019a7dc1c748f7a87d34452f19c6,2021-01-28 13:51:19 -0800
181f4b2cf6d1619e94908e4947adce671f152948,2021-01-28 13:34:29 -0800
69be87c9c8b0ccde6f1308e08b31f3f8e0fa64b8,2021-01-28 12:24:26 -0800
35987ccb7535dbb3e1dccc6e2cd600b22c21410a,2021-01-28 11:54:19 -0800
c84d441bbfb13ef2357dc21055af5a16d85ae658,2021-01-28 09:51:26 -0800
a40cf85780cd8b34613271a37db79eefccb40d7a,2021-01-28 09:49:28 -0800
616d65c7b91d87118373d888b47110c176f3e3b9,2021-01-27 18:05:58 -0800
a419b12f1d2cd3ff22ebfb412526375d7ac0b845,2021-01-27 15:05:40 -0800
a477e618c98aabb98fe74ebbfa41afc582e36037,2021-01-27 15:56:55 +0100
14c48b4580a1e438d465c1aa745ae34cf8bcf883,2021-01-27 09:08:15 +0100
0796c096e2d7df8301e6b1cc7bb4b92a0cafd097,2021-01-26 15:43:14 -0800
11f2f0d218b04e151e2564707140a70e59757231,2021-01-26 14:59:23 -0800
1ba29d5ef0f639d2ed71fc21aceb26409493b182,2021-01-26 14:53:19 -0800
e5e1c8a6e0eea668455ba1bfd5896263024fa3b8,2021-01-26 12:45:58 -0800
eca7dc38a46df1919059c1b2d303588d9bc6d8bc,2021-01-26 12:42:56 -0800
feb9c9f4506efbef46f479dbc31ad3f3523b0c9f,2021-01-26 12:42:31 -0800
9b2cf23467e3ecfb013979453698450501c06065,2021-01-26 12:25:16 -0800
9eebe76a52af3757f188f36d14c91eb233f8c919,2021-01-26 12:23:55 -0800
c7ff6d51377eaae7f476e0c0730dea3b5a84fabb,2021-01-25 15:41:20 +0100
5ed15d061d07874c8d11bcbad269e4b67e26d83d,2021-01-25 15:33:15 +0100
bfcf9c32c97dad0881b9cedebd638ef3f1a47bd5,2021-01-24 20:06:51 -0800
1a173cb57c1fcb0377e632b8eca6a9af971b76fa,2021-01-25 10:31:31 +0800
8c6e7eed95677303bfc13b02f343c191608202af,2021-01-24 13:43:15 -0800
d83796b0ee92071949aa59ee227b25a1bfaedf77,2021-01-22 13:58:00 -0800
ca0c7a2322557656c4b3851bff8fac182b0c033b,2021-01-22 12:48:23 -0800
e58eba1fdd95c94b964e5b97322e73060d29d38a,2021-01-22 12:41:45 -0800
ac9e722cfc7f6b02c85e353e9c686ff994874653,2021-01-22 11:43:21 -0800
524bf90931b7551c033b19b6652a324d34c6ba97,2021-01-22 11:13:22 -0800
c6b9698f1760787b21de1bef80febcc0be5efd2e,2021-01-22 10:45:26 -0800
72653170c5149bd6467f2d7836d99e96447e8b4f,2021-01-22 10:24:10 -0800
f8dfc1449040a057e869f47148f0a3374982f073,2021-01-22 10:21:56 -0800
503c0eff8ba483a370f2c904fc696175102e8603,2021-01-22 10:17:49 -0800
543a6cdd0538e505c4ab3fa0f0876a5a22bd7704,2021-01-22 18:17:39 +0800
2d53a9115878d30d046564ad578552e486586561,2021-01-21 17:43:46 -0800
9108ef489e58d6e7ac3c6232f96ad0a94883de08,2021-01-21 17:25:54 -0800
760a20bc26b332b490cef72e56921c8056d3c5ca,2021-01-21 17:22:44 -0800
ae96c325239505bccde5eaeec42dbdde4df5fa6a,2021-01-21 17:14:39 -0800
38ec675f2c2731419000ac62a2a1dfeea5b70370,2021-01-21 16:24:36 -0800
9aa43a0447c449f3a91698d5c241616a84dfbd96,2021-01-21 10:53:12 -0800
b7dde314edab97d5118063f8c17a65037a828006,2021-01-20 19:55:27 -0800
41fd101b6dd6d5fc3252f06a64bfde1bd51de139,2021-01-20 18:04:28 -0800
fffdb69358783a83483e1779357579d9e9c72ca6,2021-01-20 18:01:36 -0800
9a9cb15db7a70c99ea291e4a79d427b38b582388,2021-01-20 17:08:59 -0800
868cb76e4cc0091330d778b75616e056f5032a12,2021-01-20 16:18:54 -0800
88191c83a22b401decfd06b9d72bf9bf37d1b727,2021-01-20 10:37:46 -0800
b018e21a814808c70990c3d1f29a998d6036aa90,2021-01-20 09:03:55 -0800
c75ac359c1de6bf9fd4894b40009c5c42d2fee9d,2021-01-20 08:59:55 -0800
3bd32c3ead544a5dada9455eaa9bda25566dbaf7,2021-01-19 17:55:21 -0800
01c954ebf9442933b4cc580cc029d2aedd008e79,2021-01-19 14:00:44 -0800
8e5f459ab14f09b6c7d872a18048356d41fa817b,2021-01-19 13:19:31 -0800
50c63c83d724f41167ba21427ff8cf44a9dc07cb,2021-01-19 13:18:25 -0800
e377ac90bfd87e9dfdc2bd15127c6ce3c85ad8d1,2021-01-18 22:12:09 -0800
9cc317d85a59d68fe3445023b26add85491226fb,2021-01-18 22:08:17 -0800
e3e712c80a4ad99f7d6a03f6d7937fcfc8a29246,2021-01-18 16:51:06 -0800
8ca1e393b08909064ebbba7a107226bcf1a2fd5c,2021-01-18 14:20:43 -0800
b5d7c536ddfc4089ca8810cb85330908e6299c06,2021-01-18 14:17:42 -0800
e0de218380c1470d6ee1e5f415a3b8ac66249e9d,2021-01-18 13:39:33 -0800
70d309e6e1f8e2538bae274febf39a92fcbe3bb2,2021-01-18 12:49:47 -0800
c0e5ec6943de0835f119d1d06ea732709328f1cd,2021-01-18 12:43:55 -0800
3a7ac73601e958bae656c9e2185307fe11d7735c,2021-01-18 10:30:24 -0800
b1de539cab4ff1241a4da492c2ad0edc0447235d,2021-01-16 13:30:43 -0800
9ed321672cb8518616194fe6eae18bdfee5247af,2021-01-16 11:53:07 -0800
a59a1690d87f119cd7db48c34ebac7d76fe4842d,2021-01-16 11:48:59 -0800
a5769291e82307f6dfda823b55c220e87c6c6a9b,2021-01-15 19:47:46 -0800
88ba8f2bbf2e4ae4afe8cc7bbf4a8b134c5d0953,2021-01-15 18:33:23 -0800
989f8fc21f6cf2f883c0de8f6ff87a9ffb6dc123,2021-01-15 17:53:09 -0800
7292c513ee3fa3fa654dc22df8d7cf6e7005b119,2021-01-15 17:48:15 -0800
d50f54051e72d20d56aac3e725351dc6919199e9,2021-01-15 09:27:25 -0800
af8375c44ee4bd6e49720cfd2889e4df80dc4333,2021-01-14 12:52:53 -0800
14331c4e5f61e14cdc527a567f5dafc7fd95c3e7,2021-01-14 12:35:25 +0800
bfe1bfc00a3345134074100fa468312ef99a9f11,2021-01-13 14:23:01 -0800
01fca3d0a3c5653fe5a4a2a88c29aeaffca33f1d,2021-01-12 15:27:40 -0800
01950440ec2f59594aef3d414f106be438c3e0e3,2021-01-11 10:26:30 -0800
242c91cf8e0639eccc48c629a8c9c6af51f62d79,2021-01-11 10:22:53 -0800
674c9b6e19354cbef851114ff8a1ba2ecdba01fa,2021-01-08 16:50:05 -0800
654fb9cd11855c0e5dc4b1498cc671927f618aa6,2021-01-08 10:08:58 -0800
cdc741869b65a8116151a8e65b06ad4ca7185c21,2021-01-07 17:50:24 -0800
083e70bd0e9be39c25170aee2ddb7e084527fed6,2021-01-06 19:20:20 -0800
a89de2d071c1ee995075817c25ec244e2b1cc2c8,2021-01-06 19:19:00 -0800
ef570ef63aa2aa2309a155b0caa03a75335f1cf5,2021-01-06 18:03:35 -0800
74bb38d810a0e046caa47e771804d4d14c06ff57,2021-01-06 17:24:57 -0800
f06104f4a489c6ef44a1487c32ba5c8352d253d3,2021-01-06 16:58:28 -0800
35bc63807f0066fc20fda8504965b32484f6153a,2021-01-06 16:50:49 -0800
00910cd619b39896d8d9b44f609792d13d9fd179,2021-01-06 16:49:28 -0800
9c5948fd23aa664e649b3ab81a999b89f68b6857,2021-01-06 11:21:21 -0800
915a17573f2819992c866c9a76fbbf9612ca1d4a,2021-01-06 09:25:59 -0800
78495a20bfc207e4f9c3f6cae2b9be14923f3562,2021-01-05 14:06:54 -0800
4eb2010b3d51f63a6bfdafa9173f00ca354e66aa,2021-01-05 13:08:28 -0800
0f2a164e6ac711c2f2900c91d86c7ab338ac64ee,2021-01-05 11:14:35 -0800
82868438efc084f242710c1708d000bae04522f2,2021-01-05 10:39:30 -0800
7a1858d796a0119fae717e5025c2de4f755b34a3,2021-01-05 09:22:43 -0800
f5d11c6d1bac88d71f91957655b50c7021900c48,2021-01-04 15:19:52 -0800
9bfe93068c48e5db6a4e895f61cbda63153853c1,2021-01-04 11:57:56 -0800
4b1b90d7333ea3c9c16a311cd89dfe8d7ac34431,2021-01-01 15:32:55 -0800
4f2c210d5a8b5b9c1e12a9a10ecb830a7c9d9e14,2021-01-01 15:32:06 -0800
2f9336048de057c207b987909eb040bfe37a7921,2020-12-31 15:42:50 -0800
a2a4436d7c6178e7b1f324cc46c4c436cacec9aa,2020-12-31 13:28:05 -0800
944cd6be6f620cbfc3d1d55c882619de42cdc547,2020-12-31 12:10:29 -0800
fb222525f1d9a07be53d6b6a7b1831ce1713a6ca,2020-12-31 12:09:47 -0800
b05ebc512e16d97984c8319b4f8f16f7ea732480,2020-12-31 12:08:37 -0800
531098f562f94be8d4ab51ce29391ca0fd2d60a3,2020-12-31 16:02:59 +0200
e3088300388512380aeb753ae391d05151de6866,2020-12-31 17:53:52 +0800
fe497866435afa6736b3ab6183fe61dcf1165a29,2020-12-30 11:10:38 -0800
bae087d2079c56e6e8467b4d80f683a93ca2f4d0,2020-12-29 16:38:55 -0800
767d551de787a81bf68356978df43ef2d18239d0,2020-12-29 12:02:09 +0200
2bdde123b4bee797243359fe2acdadef57dab184,2020-12-28 15:09:43 -0800
9ec8138e9b82ae16aa37cbbd5b9c7da37a552ebb,2020-12-28 15:09:06 -0800
6731211eaf746c6a4abfe71386ef53172a3fc137,2020-12-28 15:05:34 -0800
cbb244759ae218b85a7e68a1568fddaf815aab3c,2020-12-28 13:55:09 -0800
7ba3c101d75a4a5862f44bf918599dd214fef7d0,2020-12-28 13:49:27 -0800
66db0c6a93771671a67a8dd2bdda1753a83bd2b5,2020-12-28 11:47:06 -0800
19da5a7a8fca9eb40df7e731fd762d8c0f77b8c1,2020-12-28 11:45:23 -0800
4b3ed12a599b9ba0f2de6a90099749234d5ff708,2020-12-28 11:41:37 -0800
7001d95b8635d58f54795e1ec4c588697e86f47d,2020-12-28 10:47:58 -0800
6760b95e1997a3d43ce82f13e95944a7dda19d21,2020-12-28 10:42:46 -0800
ac70b370c7bb1a2626bf4792693f101b32bd7993,2020-12-28 10:38:45 -0800
01b0f8147dce1a697315f58809c0a93dcc91e1c5,2020-12-28 11:05:48 +0200
1cd4ad823b977e4ea2e40a664c42b646e14bcbc5,2020-12-28 11:04:16 +0200
d3b756900a9d36675685e263ab6f50bc76053f56,2020-12-26 21:24:04 +0200
1b66bdfc084ac73fe999299d041aa2e5677f43c9,2020-12-23 14:55:38 +0800
2f136e9da5630e1f4f402f847b1d9e6a40c7401a,2020-12-22 10:09:13 -0800
bafda6168b533286bb57bea71e8060f660d0f4dc,2020-12-21 13:19:14 -0800
616abd2f599c7d1b0ccfbe08fbbac18e4d8d85ed,2020-12-21 10:17:58 -0800
4a64f7200f5a5c00a6853b5e5b0bca03adaa0323,2020-12-21 10:17:07 -0800
9f6e94743017b88a2e65ead4cde38ff3e234ae8e,2020-12-21 10:16:10 -0800
1e99eef0a78022120ea19bd871410bb627a9c3a3,2020-12-21 11:54:17 +0200
f5462c23eb50acdc7248278c27b0c330c07b96a8,2020-12-20 14:23:20 -0800
7eca04e6bc06bf3aa107013129fc2988c46507ea,2020-12-20 14:21:14 -0800
f14e60df5fd0d6e04daa67e07bb376c631d04105,2020-12-20 14:19:32 -0800
55bb83d1a8cdb0003dc224d59bd72d5fb97c251a,2020-12-20 14:18:33 -0800
a0cc290dd365bd945802204ec24aa88c68faddf6,2020-12-19 14:24:52 -0800
545316ac274aae29903e924d2eb4c7faa3f9a177,2020-12-19 08:28:07 -0800
d2e5a078299477f9387dab78e0a8eae9d39c7ef2,2020-12-18 15:11:41 -0800
05752965f5eb453d895db44fb2d072d270646644,2020-12-18 10:44:18 -0800
63790502b37e3a620b608e13597dd434519565c7,2020-12-18 10:39:19 -0800
77c5617c102c2ab27fbf35cac3fd75380a887d5d,2020-12-18 09:57:04 -0800
9f727cb366103ea8fed10c1d578a88aa7fbd704f,2020-12-17 12:33:32 -0800
e532f116f3b0a7dfacdde89ee947144a820d5d9e,2020-12-17 12:26:22 -0800
b0b10ea80a1ebc86928fbc82584f09c35e23ed7c,2020-12-17 09:15:56 -0800
425a45f8acec0496d77e070c07fb209de92ab2c1,2020-12-16 18:01:59 -0800
81c3141684d4aaa5513203f3815225f4471386c5,2020-12-16 17:43:31 -0800
dbfb036fc5d6dcfe4254ae5c9b8a9a584f7ffa28,2020-12-16 17:25:03 -0800
372fbcf41c9e5ab29a6b9ebc15d0e1af78cbda9a,2020-12-16 16:25:55 -0800
a0e76df474e1d0d2ae9e7bb2f808f3dc3940a3d8,2020-12-16 13:19:06 -0800
ab6a5e9ebf2f580fb7be21fb00f1f543726f43eb,2020-12-15 17:52:18 -0800
13ee93a5e33a252cfe7aa8c2c4a51060c2c42238,2020-12-15 13:08:42 -0800
314afd2a7dca0722153d4daaf74f0bd9634e8cd5,2020-12-14 15:25:27 -0800
96c8b0a7aaa31e8175e39384df978eeb1f49adcf,2020-12-14 10:35:51 -0800
c150da4ad0cb4e40f405618e9b6b2d35ba13f3ce,2020-12-14 10:33:53 -0800
4c0bf8aec7b04f8b969fb34685775492c0a04fcc,2020-12-12 13:09:45 -0800
cde7ec33a075bba95583eb1a5d393880d141b04f,2020-12-11 10:01:30 -0800
47b6b0532a1be28b061164aac3855fadc2c30114,2020-12-11 09:59:49 -0800
8487783e2e1b96c734889683f036a5678bbd319a,2020-12-11 09:52:40 -0800
09c69a129cbcba83637d2c4c292850803d5a9b03,2020-12-11 09:37:00 -0800
d48c7a37a0c78b7b3de69b019f495b60f7997e80,2020-12-11 09:08:41 -0800
94bf40a50a2c796314993b028fabdafdb8b2a697,2020-12-11 08:56:45 -0800
04e73deb7d68e3c4011101384f725abb1aae6236,2020-12-10 15:57:16 -0800
f865c7eddf17ceb0b68b81569d03bcda79c78b75,2020-12-10 13:28:08 -0800
2512e7f0a1e9d1e4bc34098634d3cca0fe8ebea9,2020-12-10 22:03:00 +0200
05aa9011cb2b6c0e24427be652bb825d5f8488ac,2020-12-10 10:34:51 -0800
2cea824588bf6cdb313c288dc048727611bd7e3d,2020-12-10 20:01:22 +0200
38a48a52dd6f4affd26c173aafedab8d3959ad5c,2020-12-10 15:40:06 +0200
99b64bb19a4d6a1355389f40bff3c8010b9fca6d,2020-12-10 12:25:53 +0200
7645ceba65044184be192a7194a38729133b2e50,2020-12-10 12:06:16 +0800
e39584ed89356cacf006610bffd475a3ad3a1ac4,2020-12-09 17:37:55 +0200
e42f96d48fe86f61adae27b98cd4d2f33d19bec2,2020-12-08 15:51:26 -0800
ddba7fc076ce28d2c483846d765046a82b4d8aa5,2020-12-08 15:48:52 -0800
f3dc93faece50e174287fbf4d00ffd115a54e179,2020-12-08 14:20:25 -0800
c3dd3e19a766b2111fb8378eb7834587dd65eb1d,2020-12-08 10:16:47 +0800
969a1ffc8d7392cc4c54eba156647c448757b45e,2020-12-07 13:56:10 -0800
df1859d83893941f7ef5ceaabd8a5394983feed2,2020-12-07 11:50:56 -0800
a5a7f1937a036bfbd7848b0009545d3cca700adc,2020-12-07 11:30:37 -0800
94705c6799f3b283b45e47e6f9b46b5d081ed666,2020-12-07 10:33:17 -0800
fab4a5f2db140fdb132205e78934a145e646758b,2020-12-05 17:14:27 -0800
61702d11723a853b7a43c5db5ab1a1489ecabe5e,2020-12-05 14:43:15 -0800
cdf1c23a665e7fb955e829c7afe601c4bfc90ad3,2020-12-04 16:50:49 -0800
e8ec3a3f42b36fa3fdb64094cf5b007614441e28,2020-12-04 16:19:04 -0800
b5f08d28e63efcfd0e564e61faab6f4e8c8c29da,2020-12-04 13:06:32 -0800
68dd981558384fb8d13f161d6d4caa70647204bc,2020-12-04 13:05:11 -0800
a84db8a0de24ada7d0fdfb26f41e33cbbee4b155,2020-12-04 22:23:13 +0200
af5f60068c75195c0bb41ca85065e05282fe2fe8,2020-12-04 11:28:59 -0800
7d7a51dcc3448be0cbcbb620c85d9505fbcb2654,2020-12-04 09:11:11 -0800
bfddabbf876660ab4369495c5c321e4cfd19faac,2020-12-04 12:09:09 +0200
8685545a7fc1069fb07428a5830e27296d20f119,2020-12-03 14:19:21 -0800
d9ab0babd2de7c5d3dc14e8f458bd1020a14329e,2020-12-03 11:36:28 -0800
c882ac9249229078bf89caf48de688c399e858f9,2020-12-03 08:48:39 -0800
6e8aff3b8dd92008d4c039633bce6d5ea5c7f301,2020-12-02 17:44:47 -0800
e6e936aeb18b16f66d9aaa497b678848a43ce8ba,2020-12-02 16:35:47 -0800
a4e1cdb2bb595a1257af2fa460216bcdf682977b,2020-12-02 16:34:37 -0800
dcc539aaf671b4642a8fda95ab299ac98cfc89c9,2020-12-02 16:10:03 +0200
91c57fb2254cd7d6eae4de8d8a7c18591a08772f,2020-12-02 19:15:45 +0800
4383ad4960feb0f22b85dd26a463d7776b64c077,2020-12-02 12:11:44 +0800
19ec1d47f57d5d45a58a2bb2237b3fb1d00f4c66,2020-12-01 11:08:21 -0800
1acbc2a3302c987981470b6faa031b2b31f5a1e7,2020-11-30 13:49:58 -0800
191f314df2d86643d2f2f2b2f06e3ca09e2a3044,2020-11-30 13:06:55 -0800
4697160bdaa500461a29c32668cbec9ae388cc91,2020-11-30 11:53:49 -0800
a1964dc14bef2b17330b4f6054a7d6da29d14329,2020-11-30 11:53:00 -0800
fd9f653c7ed1c5501bcac4b68a7f82984b5a0a07,2020-11-27 09:45:50 -0800
e4521fd2670a6e4a81edf1ae938872cb8d3b9861,2020-11-26 08:11:53 -0800
7a306e5ff9cb37cd9be5d0693aa74210ee05fa5b,2020-11-26 20:29:48 +0800
7383b9d70a8edd8b86e6066d6d60b6073989783f,2020-11-26 19:22:43 +0800
e69e52146d27956221ea4df4ad0baf2af7c827cd,2020-11-25 16:34:04 -0800
2ff30432dbe936631bc22986aa8691c0cb54a01b,2020-11-25 13:31:16 -0800
66b218c225920a45f9835a6eac356f8a935db6a0,2020-11-25 09:42:48 -0800
c4f53e341aeb79c7d9630d259773aaa3ac693059,2020-11-25 08:42:10 -0800
b1eff51620a462993450a5125b19e1f465c04c65,2020-11-24 17:14:23 -0800
b1296bcbe8e050d4bc28e3d41feb2f8868c8f0bf,2020-11-24 17:06:17 -0800
47afd767275678dbe6979faeabbb0b33831b15f0,2020-11-24 16:47:12 -0800
557da80a73743e8b6dd2fb58ef1bcac291995c59,2020-11-24 08:43:57 -0800
b64bac571f1d63b53c732a5786a1bd988009086d,2020-11-23 17:42:26 -0800
914516f33422b3bfa9955bd0c7d80edbf9054536,2020-11-23 16:29:38 -0800
7b62c6af71fac5989a3777f016fcbe5ce0d74123,2020-11-23 15:37:46 -0800
618c9b4bd8abd28a423c63e6ce05fbfc8ecf2a9b,2020-11-23 15:25:08 -0800
0d68114344ec127c9438425407149f900cedc121,2020-11-23 13:15:48 -0800
6ee2e7ffdd99fd4dbeae12e71f2327405008c520,2020-11-23 13:15:15 -0800
8034e21980fc8593859fd996b169368bf5325855,2020-11-23 13:04:29 -0800
9ba0d7da274bd09147e1349e64942c8ee47935f9,2020-11-23 13:03:30 -0800
a3ab89b393ac9defb7268fe0b4dcaea9df569e6c,2020-11-23 11:03:36 -0800
87143d53c05de308332860be12a450a8c7afb95f,2020-11-23 10:36:03 -0800
e09970a2689741d6aa631a0cadb079014fb596d4,2020-11-23 21:45:14 +0800
5e3f9198e5675a852df4f0e1c28b4e3cf6630f86,2020-11-21 10:01:26 -0800
9bccb4ec3936a1f2abe0fd3e9cd8fef49ffc32a0,2020-11-20 15:21:23 -0800
064d8028be0a77b57d66baad7bc7fe3b9f5ebf77,2020-11-20 15:02:06 -0800
1cc41e170719eaeb7177295c0619052123f081d2,2020-11-20 14:55:58 -0800
1e52c817d05add2f3106e6e6767bb06f566b1c04,2020-11-20 14:37:57 -0800
3a0cc769a2f5859a0f930a7d9a026c86cd52546a,2020-11-20 13:13:31 -0800
275ec9acafb7578591f82b1e5ca63c0c75dd7216,2020-11-20 11:56:32 -0800
953a7fdd7f79ef86c7ad7d063efdbe32901da50e,2020-11-19 17:10:36 -0800
0beb7d663694d78e6edecb241a008e9834c82d8c,2020-11-19 10:23:35 -0800
c6c9d381718679959ba7b62dfe362848225e11c8,2020-11-19 21:40:40 +0800
53cac10b25dbef9e25343de36856822466aad493,2020-11-18 15:51:59 -0800
e6fc424a4017e582051fcf9c4695843772f37424,2020-11-18 11:12:48 -0800
d1d1fff700d7bed795d38c5400b1327ecdf41272,2020-11-17 17:34:00 -0800
1e42cf2bd5ec35fcf147b340cb2e10f5d6a60d1b,2020-11-17 17:32:14 -0800
8e2952c5809a8b2e82093a5665439570798798ce,2020-11-17 08:35:55 -0800
064f4f565b892f6bae462ada82033e243d2f2e49,2020-11-16 16:04:28 -0800
6f23d5c7e9e36d59b1401e63fbf2e46aecf6ca90,2020-11-16 13:17:17 -0800
57475083dc5220d01aa915356a3024251afb6772,2020-11-16 12:43:33 -0800
7e3ff44f080d6134f1f8544913ea877754dbb8fd,2020-11-16 10:53:26 -0800
008852a2233de700dae10d5e4004807e2ec29422,2020-11-13 17:49:51 -0800
2af5592eaf439f2044936de7960e202f694bfb98,2020-11-13 17:06:15 -0800
165a278086f4b9b75f65e947ed4064fe5d633e83,2020-11-13 15:55:36 -0800
e1839c3b6caedf8221d08984a0260ef18893747b,2020-11-13 10:59:04 -0800
d23a308ff3051f721608c171f24deaa127db8d03,2020-11-13 10:16:23 +0800
80e418a4f1034638ae6d6ae7b9c2150ee5d0249d,2020-11-12 17:34:59 -0800
5be964bdf8369a9da4fb69925a3737da77bf83ad,2020-11-12 12:53:59 -0800
944a437f1057b8be60292426aebdb0b8059d90e0,2020-11-12 11:36:32 -0800
4f9641a3128faecfd45821f3f8c831af073b4de4,2020-11-12 10:25:01 +0800
f8c68ebcb4e35db5d7f5ccb8e20d53df3abdf8b1,2020-11-11 13:49:21 -0800
45caac4927fedc8313aba79d49f5911eccee2474,2020-11-11 13:48:27 -0800
d4a479147d3c7f4c061f56e7b9d7857a3b81060c,2020-11-11 10:52:26 -0800
31fb5de035cfdd1dde7e76465a9a6d872473b450,2020-11-11 10:37:48 -0800
9d5620fc1eb09b4582b83f4f73d41eaefa29a8a5,2020-11-11 08:36:00 -0800
d2a9add009a4fc0ae93b33a5523ca510c2227f25,2020-11-10 16:40:17 -0800
7c3b0d750ecef76e0c9a33b66938d0d8602857b8,2020-11-10 13:36:13 -0800
a1867ee1ca6a3d299b9c4bfdaef0867d6a620a1f,2020-11-09 16:06:21 -0800
abf6ad19159591842ed4b34a82bcd8538d74ef3f,2020-11-09 15:38:22 -0800
a132372d59d212f45c6cfe532c271fcb5a1878a7,2020-11-07 14:46:28 -0800
2b9234f1e234d7c42c0887616bbf943aa73169bc,2020-11-07 14:40:17 -0800
9af545ed56343b2fa09966166f8da3e7a24100d7,2020-11-06 15:28:22 -0800
da8b85c5d3f00815ebc9c570c04c2581a8f51eb7,2020-11-06 14:43:16 -0800
1bebf1a42539be523412474651c1b31c4ef3ae69,2020-11-06 13:21:30 -0800
59fb45862b0e2b96fda804a3ff7d0f340ca40e3d,2020-11-06 12:12:45 -0800
89c879669b77c7e65b841d70871a82fa90c7cf9a,2020-11-06 09:55:51 -0800
67a1c4ecc55c746f371ff7ca2fd5c861f6727f20,2020-11-06 09:55:35 -0800
d0625c8da5b22f6ef1e22059b3d6d847fbf9b350,2020-11-05 17:48:18 -0800
c13ae6ce83351c04f384ca154d4daffa8272c1a9,2020-11-05 17:02:10 -0800
073cb5d68daf60a02d2d0c2e5b8a2feee8f1fb3b,2020-11-05 16:42:21 -0800
06b608c519e7a46090ea4778da595579315b6778,2020-11-05 16:35:35 -0800
4b67962a14a2e9d7fd7fcd6c9e1d0b0c236cb89f,2020-11-05 14:56:21 -0800
4436c92928f4b3b90839a26bf6a656902733261f,2020-11-05 14:51:59 -0800
5232ed5220a0557de88cbd118d5ca53ac2449882,2020-11-05 09:51:58 -0800
b623b074c6242ac3b48fce8712dedd7f97e6ee5b,2020-11-04 14:24:22 -0800
4996d5b81cd15a8c85fa56d4ec748cc113e9366b,2020-11-04 13:49:45 -0800
f9f5bcfe66be2c808a4f14f59c195f92c31de8fa,2020-11-04 19:34:10 +0800
50928b40c383bf9e60cedc2937a72c24b4b1f4ed,2020-11-04 17:00:02 +0800
7a917814d5f2b01f714a6aad2ac30ae0f4bf7656,2020-11-03 15:50:30 -0800
eee4f87e95bc4bb3c6ff720545f2a4ad8de96c33,2020-11-03 12:19:26 -0800
47149324003a7c7cdbb0dfeaa212184847491beb,2020-11-03 10:28:00 -0800
552b76713fca5d34a951d2794d74d3d7b8829ff3,2020-11-03 09:07:26 -0800
4f2b82e53aca0b5d4bee50353396e53a3f55cd10,2020-11-02 16:52:58 -0800
6c22c243153e08d8212e2329475f1099b3fe9e32,2020-11-02 14:00:16 -0800
625db928ea4a37f9d3fb845349ab4bb19ba1b3b1,2020-11-02 13:53:41 -0800
330f1520ce497153f7a6e9a80a22035ff9f6aa32,2020-11-01 12:19:41 -0800
29915e3522f9a808420a2e16fb1c2cf3ae165a74,2020-11-01 11:27:53 -0800
ab46737df9903088f33e7e0acbf821f85824c016,2020-11-01 11:20:11 -0800
0353f7d233261aea5a593baeb3375d208c725540,2020-10-30 12:17:27 -0700
0cd4932c9d9941ce02d1cc12f6b7de9e9a731f84,2020-10-30 09:57:59 -0700
43a7427874ab01c6811979b3b97e6c97fe074184,2020-10-29 11:51:18 -0700
d3e986ab04151294fdf4622c17bbb91d1fc2af17,2020-10-29 11:29:11 -0700
2ecbeb4a42dc594f09be96a29ba574ef2796f935,2020-10-29 11:25:32 -0700
3406e2683f1bd8b1abadd774f10f26eaa13d5b45,2020-10-29 11:14:30 -0700
8886bad6831181c42b4c5a44ff9091e2ce7d1503,2020-10-29 11:11:10 -0700
a6dbe5528ee9455c711bb2e8d9fa9467c1767a55,2020-10-29 10:14:14 -0700
69134975af222956a6cdb091aa8012fe3d6c5838,2020-10-29 09:31:23 -0700
2a371cf0be5dfeb66320163e02b606a129b3203a,2020-10-29 09:30:11 -0700
4fddc06fe547f78afb221221e997b377423be764,2020-10-29 09:07:07 -0700
4ba48be69963fded08bcd9d0a28e14202191585d,2020-10-28 18:03:58 -0700
b1c94dca0cec30cf30864bc891a7dea1507b2cc7,2020-10-28 16:10:06 -0700
444779d86ba7fc21a1754aa21610aa7d1dc3ea23,2020-10-28 15:57:56 -0700
8ae9104a7c3de6b4a74711f5dfc47f25856b398e,2020-10-28 15:40:22 -0700
2d7555511694581ec97c258d6c4888eb45965588,2020-10-28 09:40:05 -0700
da9a0b24f21a4390a5270d94c576b62f3b49caec,2020-10-28 12:19:30 +0800
b9634c9511c8a028074e8e5bdc54f0db47058668,2020-10-28 12:06:53 +0800
d3eb523800530c917899b7036c674d48206461ad,2020-10-27 14:29:55 -0700
c45b4e06ddf6d2aaf3fbde13598003333be17d7d,2020-10-27 11:24:22 -0700
fce8a6948210f87c23adc3797f71a60770e73660,2020-10-27 11:23:29 -0700
9ad06c0184df1f5865ce39072fcded8367829ed4,2020-10-27 11:22:25 -0700
3d308d3c292ba06ebce554efe05561b8f2e79b51,2020-10-23 14:30:49 -0700
d132474e7c8706f504a47f75b58e5a58d0bef9ff,2020-10-23 14:28:49 -0700
d578b66c940a6257785100f8eb96fba37fd1e206,2020-10-23 11:24:09 -0700
f378500f5bbafaff4f63451c4ee5512b518229f4,2020-10-23 11:22:32 -0700
76d3111965e835d681c84b99b10c00c901c957b9,2020-10-23 11:19:43 -0700
779dafd243a2630f414819c2f89f1170aa9e4205,2020-10-22 10:14:49 -0700
997f571273509270904f4ce7490af0cbe9262190,2020-10-21 17:07:37 -0700
d3ec64385b2ca6687167fa09a7e768e6da7c61df,2020-10-20 18:09:35 -0700
83cd7132f1bd9afd23bb7dc89b44915e8b860b9a,2020-10-20 10:49:42 +0800
0311c2330e9568c96a6beb0306851266b3f5568f,2020-10-19 12:33:50 -0700
50d10f39fb9836e8bb38535637860dbad320ecc1,2020-10-19 18:07:23 +0800
878d9a2df24a5469a2a4fa787237e2d0a939ab00,2020-10-16 09:55:17 -0700
e8b6b8b8069d1a95ef1d56ac238ca226269852d3,2020-10-15 14:49:21 -0700
a238a90eb987bfbf5d14b5cab8d109e53a75e861,2020-10-14 16:11:41 -0700
9d98b1d449be853d3e68bb76cd84e3feec728278,2020-10-13 17:07:29 -0700
c9ccdfef4fd7798cd824047cf4e8077c31c1c9e1,2020-10-13 12:11:16 -0700
3ff9df36de6e5a468194c2a24e041c21bc6462b0,2020-10-13 10:58:51 -0700
759510e8387a55edddd151a4f7d495db5c57dc18,2020-10-13 09:32:19 -0700
7355727cb4484daf0278c7b503c75a4f20f22ffb,2020-10-13 09:16:44 -0700
1d5f52b712dd7eba5edcb85fec4e3f6bd2574f72,2020-10-13 09:11:12 -0700
28ee18b8fd9d07e6be6f5965bd863f29cf5228fc,2020-10-13 09:10:08 -0700
80ea771f761e3f5398f40d7bef1e6b8513170564,2020-10-13 09:08:25 -0700
b4ba650441674276a27f432c857fa65a6215779b,2020-10-13 14:25:58 +0800
0c50b2074cd5dad59bbcb4b4599ec3ae11a34b49,2020-10-12 10:33:16 -0700
04d03bcf43d488acf2e98e4facf946e871a16719,2020-10-12 10:25:12 -0700
82b91f12ef1d6d44c93e99212543e57f9f0fd85e,2020-10-12 10:22:52 -0700
fdb068b80996d51965c95a6c639ac6435abf4cb1,2020-10-10 22:46:37 -0700
a7e61be04b2d177105e2e2c00e2c7100b5ac96c6,2020-10-10 16:53:34 -0700
60ebbf0875bfc8be698faf68c4f9de3fef635058,2020-10-10 15:20:41 -0700
25bc2b6ab749fdd5c753ff9e794a5262c130f361,2020-10-10 14:13:27 -0700
3c7abb12a5865445afb5366341a5b8fd705cbcb6,2020-10-10 14:09:18 -0700
dfa5f87bbf5ff81893aac9996b9dec67030e8781,2020-10-10 13:51:31 -0700
29c245471b9b9244e944953a2d6e556a347573ad,2020-10-09 08:46:12 -0700
13d94bc2e4e2dcae3d964b98dbb3aaeee19b46c2,2020-10-08 10:15:15 -0700
ac5df85961ebb9d73e77d39a4442ee439e5e1bb6,2020-10-07 09:53:48 -0700
d4dcadb3a74d4552f85fa6c99637f86a0b763426,2020-10-07 09:35:43 -0700
97568cebfa03d39079308a1c495967c2240829d3,2020-10-06 16:57:30 -0700
84c4f39a8403cad60b40708da8fb60106c083e0b,2020-10-06 16:17:18 -0700
83157819fec6f5b3a428f6800684bd5215edbb41,2020-10-06 14:29:58 -0700
dc661d417098265de61383650e784d1b39a57209,2020-10-06 12:36:32 -0700
3e701a757f0c3de4a32e3a8761fc9cfde616d79c,2020-10-06 12:35:34 -0700
baa1bb8d4f35a484eb182b9a766425f283da40c8,2020-10-06 09:55:48 -0700
c988753e66cbe52c1d9cb51cadb656ab98782ade,2020-10-06 09:34:32 -0700
61aa67767511b9acf4534f4cffd795ae2d31ad99,2020-10-05 19:38:48 -0700
b4030093b222a96a979d2964eecd6cdd3e9f7608,2020-10-05 16:03:59 -0700
89bfab5ffcccf26be09e95d6e311c58acf123aae,2020-10-05 11:46:36 -0700
118cc80c16950d6c6b87eaadd843b2b156c9435a,2020-10-05 10:02:02 -0700
fa1e4c5f6f3a9b3d5c087ffa7e1bfc7e26ca8e94,2020-10-02 12:55:23 -0700
425b10cea34eef11cca9cf0d237e02274f6dc958,2020-10-02 11:17:04 -0700
30edba29bea7f2c094701d325693583dc9c1ce51,2020-10-01 16:46:16 -0700
c7caa645f5c7acbe2c454aedd24a21a59839cca3,2020-10-01 14:37:39 -0700
ed9caa83ed5bae9ea42ea0cb63cf4ee51600b8c7,2020-10-01 13:16:31 -0700
c4f8bc3f4ff240724ad47734609928ea45e70e4d,2020-10-01 10:51:59 -0700
afdf265526e2f84502dc767fbf18c91b67152bd8,2020-10-01 10:51:06 -0700
642fdfd69a9d04af35b46f662b4eb5cf5146eb29,2020-10-01 10:18:26 -0700
d8a6f7fd19025005df75e06bfa5ab7417aad803a,2020-09-30 15:58:17 -0700
680798af528333eecf9bfb12c3979f1eccbbb3e3,2020-09-30 13:35:16 -0700
78e80d2a35c4c93e68776c31c24cc8ccb06fed4b,2020-09-29 17:17:46 -0700
98a31b2fab2c4667f69d1d0f66e42f98d68378dc,2020-09-29 11:33:10 -0700
dfaff0b3f772163081a287122d52e9eec973b8b5,2020-09-29 10:14:24 -0700
9d9f6775e0c0a5c6fe9334a65e82880d69adacf5,2020-09-29 10:02:03 -0700
465369c342ac99401695e007559af4ead0188f59,2020-09-28 17:30:46 -0700
ab0b5a6b7fd37e42306bf398775b09119b27b92e,2020-09-28 17:18:05 -0700
756bef289d722256ae050c6d1c9943d5a9475a74,2020-09-28 15:33:43 -0700
aa1ec85aaa70fe501df0dd93c73d40232de87c58,2020-09-28 10:58:58 -0700
f95bca7fce6c1e938f39adce69a88cfb19efb9af,2020-09-28 10:54:55 -0700
8d300a52ac54ca4f94f1a99d547773155178d0cb,2020-09-28 10:52:48 -0700
c07b23b313e9992d16b8ea8a4eb89ed5a6b12985,2020-09-25 15:55:33 -0700
66a37c2793392e6ce9d5d2783b64488527f079fc,2020-09-25 12:27:39 -0700
f592788d1c1920957456c871ffab8fe11b44a886,2020-09-25 10:52:43 -0700
1a797cd986c9193f2e422fec295aaf25ce7e1916,2020-09-24 18:05:47 -0700
10ed2ea2ea1dd20728fcf25e2769a8330be6cdee,2020-09-24 15:13:05 -0700
ada047be14205a88396e0dd4444f8b0650a9f44c,2020-09-23 18:19:20 -0700
63a332be5351820e1a4341b3e89b6af745a34b9e,2020-09-23 17:54:17 -0700
2f2f461d5f280dff4de486fc54d0123591f0fe0a,2020-09-23 09:20:34 -0700
96959ece9faeb795757388908274cfd0ff1856ca,2020-09-22 15:35:35 -0700
8634dab82d605dfb866bf271a25e63da32f22726,2020-09-22 12:45:50 -0700
606b003272520034da9557b871aed379bf6aee9f,2020-09-18 11:45:52 -0700
dda4e2ab05911feeb44de394dfac9590959f3aa4,2020-09-18 10:01:36 -0700
1772f4f27b8a12d3e89a7f65b8b600b717e1f09d,2020-09-17 10:14:41 -0700
9856c5f0c02ffd6fb25dc545a877e0966cbacdfe,2020-09-16 13:29:45 -0700
88ec6d0f144c89a77286c6de5b96dcf52f2c9dc5,2020-09-16 13:05:55 -0700
da162277efda745e643a38e6af98975c3b4dc43c,2020-09-16 11:22:14 -0700
bd37a4738819e5c3a3e8ea07e316c594e505f126,2020-09-16 11:15:35 -0700
cf70be88397efe39e1972350c40116819799e5cb,2020-09-15 10:15:17 -0700
fbe89741882b7b8c31ac990fd989c8c375e98562,2020-09-15 10:10:23 -0700
f71091539e1fa9e4064cfbc5141fe3e890e1a5f0,2020-09-15 10:05:27 -0700
dece71c1797da08b7a0c33797a485d75e4d9cbb5,2020-09-14 17:48:28 -0700
4660f6bb7437aad1d8e684481709a153b5e94800,2020-09-14 17:46:04 -0700
809ccb3dae8fde3c0bdd9e2b87b811d20e73dab4,2020-09-14 17:43:25 -0700
c519d1986d61d88ea2dfb000f07621bdb3ea7e11,2020-09-14 10:03:46 -0700
3bc8eb98347d8ca6a2021f4ab4e0481ad9a5d8a8,2020-09-13 16:47:10 -0700
fef687f7661f9941b1bb7933c2e729b15c73df23,2020-09-13 15:56:40 -0700
f8bbc9f3df640ce2eff7a22beea052584542618f,2020-09-13 15:54:56 -0700
18b0ee76e1d694ee1a436d18ba992a8b4335ff48,2020-09-10 15:01:50 -0700
d8f5e0b6298dede4ad0f9aeccd05b30633b2b2f7,2020-09-10 14:58:49 -0700
9978d39a2f6d8d69553a123b507ddf9307f44c35,2020-09-09 16:49:33 -0700
67251c028e0fd2e687f1ec847badec55a4e5a34c,2020-09-08 13:36:53 -0700
58b2b70933f691a365b7e5f50642bea98f66fbe5,2020-09-08 10:26:10 -0700
d91826490f3d38928bce38103305d21195945f96,2020-09-08 10:20:26 -0700
454101c3573acb9cd94d6d9a306ed99a5a324ed9,2020-09-03 22:48:01 -0700
594f4615f5eccbef467303c9ed56b9fc3e1ddde3,2020-09-03 11:04:52 -0700
8fddd4a89e25dd5ff74069ab17d62dfcbe638b14,2020-09-03 09:19:45 -0700
f153349f536818ecc686c4b097fc6b7ca70aaade,2020-09-03 08:15:11 -0700
079b84d3a6be3e5958f7e6cf73d3cc2a6b2d4cd0,2020-09-03 08:11:38 -0700
d98224a82b104888281d4e901ccf948f9642590b,2020-09-02 15:57:18 -0700
d4dee8e667368945d00ad6f0051e2f492c9d59a5,2020-09-02 15:18:17 -0700
a3d5c0cdc15617e55f1478e15bd6494540c3a42d,2020-09-01 13:36:08 -0700
1566c7f172da05013045b511b66ed43a9e451bad,2020-09-01 08:27:37 -0700
5eca93c143b8b223552678c40bdd1907cc7f5ec5,2020-09-01 08:22:48 -0700
c801a2c15715f6d33c3b26eca1c2f495c3cb73b5,2020-08-31 18:27:30 -0700
69b1a2fd35ec63f608880d55f732018e481b1a66,2020-08-30 15:08:20 -0700
94ad90563aab6eaddecb07e883b525341b24cb71,2020-08-30 00:01:54 -0700
a435a0da585b3ce8cc8871443b9eca5ece2928ad,2020-08-29 16:59:59 -0700
f950a3e63c98e88b1f8905faacf33a1d5d31e4c0,2020-08-28 10:19:33 -0700
e815318a5378c126e05888c55c7e02955b0946f0,2020-08-28 10:02:52 -0700
951381f4d15a0e8575d3b950880f556050a77931,2020-08-27 17:42:06 -0700
6d2de35de030fb1c087628d132e2271c3342e454,2020-08-27 17:21:49 -0700
87eb2195eb5dfb214877d6223c709ca43848c737,2020-08-27 17:17:54 -0700
a15e601b5abeb4707644e50d920f83c5be172108,2020-08-27 16:08:54 -0700
996ed979f396f2c7cc12ca824a3fe758f2c486ce,2020-08-26 16:58:45 -0700
d26e2c078c75d68f45b4e2c0fc7e4ffeefbf5a36,2020-08-26 16:57:45 -0700
ecd0c94d6210a59cf87fb669b048c04f6790393f,2020-08-26 08:53:53 -0700
ad60ba5756af69e04c9baf1bdd171a9c5afd7004,2020-08-25 17:47:28 -0700
3172585e42f50f312b3a0a4abbd12fb33a0ddf29,2020-08-25 14:23:29 -0700
1bcee68fafba40135d5e231d23317c86cda90ff4,2020-08-25 14:00:10 -0700
6aa4c72c7a55e8bee12496a6005e160b47e146dd,2020-08-25 12:04:50 -0700
10ccc91782c29c40a3562b48a639764e8fd3550b,2020-08-25 10:25:48 -0700
017ca465baf30c655cb289e03d2f34c8a3916aa5,2020-08-24 22:59:20 -0700
bbcc2fbf6db6f5386fa9e6d169a4cc19d7883ef2,2020-08-24 22:56:26 -0700
53f58049d2dec8e0c894babb00186c9bd454e9d7,2020-08-24 17:57:39 -0700
6a7c0db5d5a000959e7c8f3644d3c4a9c56e67b0,2020-08-24 17:45:43 -0700
6e2692c02bc79e1cfc40d03a9703776d9e92d2a0,2020-08-24 17:36:31 -0700
01391a09117ac7af0f1e19c660452a4577cc8d77,2020-08-24 17:20:33 -0700
0b9d9940dc49602da585fd6bdc937f3cb1df70c0,2020-08-24 13:58:10 -0700
8abee074b9a4114acffe7d829be4b477f6d661cc,2020-08-22 08:44:48 -0700
ac3379d5474da0ba326a5bf882e15ea4a9510061,2020-08-21 13:05:43 -0700
44c1d00b37f0d7fc2e978baad4f7a861a8335cf0,2020-08-21 13:02:15 -0700
06b5f045381d5e4693bfe4a374ce656f6c8ae836,2020-08-21 10:04:38 -0700
1af5a8f6653760d738b19741b36b31b9a007b5b0,2020-08-20 16:41:58 -0700
77ec055251a9dc5ae23eb9f1049380046ff36935,2020-08-20 15:21:09 -0700
e2d0d73715ff97b4a401874b5889f844d78f1508,2020-08-20 10:59:33 -0700
d46c7d653c7e6a0e3ba3b6237a051c2d04647963,2020-08-20 09:25:45 -0700
c75f004c81b90a2c7265594ec6fc9fc6a581b8cc,2020-08-20 09:22:43 -0700
311f2a107fb2fac0103d9af871493f1cc1b9828b,2020-08-20 09:17:18 -0700
6cb2db7acb06891502ac4af1845b239ed7cb521d,2020-08-19 17:36:46 -0700
c66d0607011d7a87bb7f349b51fa0af78310beee,2020-08-19 17:23:59 -0700
04b2e3f80fac1574ce9559f814be3580f4d6a6d0,2020-08-19 16:58:45 -0700
d026e0b7b74719c77d5a29fdd1c96064a4b1c31c,2020-08-19 10:44:53 -0700
d89c8d33d111ca9e4c95a135926999470e204a9f,2020-08-18 18:50:50 -0700
d2676eb98c01489ea8916aba20190fed13ea906b,2020-08-18 14:56:39 -0700
c8d9c85c29ad9426fbaa46687fdc07b1ce1b8f71,2020-08-18 14:51:48 -0700
131c9c0eebf55d02ab88dc62677e46f2d9501048,2020-08-18 13:36:13 -0700
7a686d2c9047590a189228b84a5195db254dc101,2020-08-18 06:52:06 -0700
3990daae506822dc6b85c7b6d8461be28ca5362e,2020-08-15 11:21:43 -0700
14ad4db0914763711a9e9dacd4a99a9bd53ff87c,2020-08-14 13:22:55 -0700
8e2d486e77a70bbc9e8b16485a113f35f711513f,2020-08-14 09:26:44 -0700
50f4ecca7711e69f63589fea828d26230fac8d59,2020-08-13 12:27:26 -0700
a6a511a98a6c679a7ac27c33832960ef8a4e88f1,2020-08-12 13:16:24 -0700
3e8b75081f79dee420872f05aac83e6e90f7e3d8,2020-08-12 11:12:09 -0700
01986ea77b761fe2190699bba6f3dbb25fa93042,2020-08-12 11:09:02 -0700
17b5ca54560a99f5c8832a844896b64ff3d505ab,2020-08-11 18:33:39 -0700
914ea8ef8c5d5c911e7595bfad4b7c6b1433b4bc,2020-08-11 17:47:21 -0700
700fc9eaf91317e08287bbc23c5088494e74184a,2020-08-11 16:02:14 -0700
209eb53d7ff2e1132f29c418da2e4fec22c10500,2020-08-11 10:20:43 -0700
cf3be0a0bfdafd2147999127ee349dcd1becc95f,2020-08-10 17:47:02 -0700
8de0a1a08efbf2b826160469234dc29160d1ba82,2020-08-10 15:47:00 -0700
9e616a1bf28ecc7f3d05fa259d6509d892d6115a,2020-08-10 15:40:11 -0700
5e44e45dd273aea89e93ffbcdbfc2c36e3a0e9cb,2020-08-10 15:39:00 -0700
dc13c05f5355367e25d159334fea07a1f76540fa,2020-08-10 14:37:29 -0700
c2f2f27d41c0c63414969479316225b0d6c7eace,2020-08-10 08:34:00 -0700
4bb2b0893a5de0b0452cb9db32401729c098ca8b,2020-08-10 08:31:09 -0700
a624f6f247eb7ef5c3d6446ab98d400025d96176,2020-08-07 18:28:52 -0700
7101c25b91287578e387f8c8cdc7f5547310171e,2020-08-07 09:43:14 -0700
c16df37a1b8d3c9543a965976c0c5f93602bc979,2020-08-07 09:18:18 -0700
6f96b36a39f26cfbc6f66dc762148577e5697534,2020-08-07 08:58:24 -0700
d861581aeb406f9d4bcd038035619568d3ac4f0f,2020-08-06 16:07:19 -0700
48360064447f2c93194b366240a044a353840e6e,2020-08-06 15:07:52 -0700
3e8329ca61e5346126be1cbcaba9e9ddd9fa972f,2020-08-06 00:02:28 -0700
fc5e3e5bbde66f0d5c66c4d980d47b9fd1f19f63,2020-08-05 13:46:32 -0700
0cd284978c3800a30d44aa2454dd5730b9bebfa7,2020-08-05 13:22:25 -0700
bb00f955b77b4787dfb4e9cc20823108784ac8b8,2020-08-05 09:44:37 -0700
e682ca59129ab668f163924b030280c3787db8f6,2020-08-05 09:37:38 -0700
71de51805be7954dd423ec29fd4c7d6b303adc1f,2020-08-04 18:08:03 -0700
a4b457efdfac63b0054f239ee818c9bc265cdbfe,2020-08-01 12:46:16 -0700
b7e4de0487df61fbe0a1f493c0df92923e7bad67,2020-07-31 15:57:05 -0700
f2b2b37abf06a336fc37fcb24bb0da350d9cf0b0,2020-07-31 15:06:31 -0700
8e3d9f814284b0ee39db513163a77ea2aba637b6,2020-07-31 14:11:08 -0700
28e7a1b72cd28f3c7dd1fd2704bcab6963466be2,2020-07-31 12:38:51 -0700
a680912cb16f39e6e96114b5965ffe3b4416d344,2020-07-30 22:23:02 -0700
7060c928390c59e24dc207ec86f99132f6c1a828,2020-07-30 18:13:43 -0700
f7e87a3ff82e36a06e4d84d9a98c5583fe8357f6,2020-07-30 18:11:08 -0700
aad99b5f7954678193ee6c3fa69f68392b8b81dd,2020-07-29 21:45:55 -0700
d2ceb5bf63d001d073d5e9f6255ecfa329da0918,2020-07-29 13:58:48 -0700
c5b08eb228499db089d5d4698dd241a60bad955c,2020-07-28 12:40:50 -0700
ef801726bd6627ddcda1bd238894ea8ccdae5f39,2020-07-28 12:34:54 -0700
5f367b20bff6ef5e0d14580e2e6de250fd4ff882,2020-07-28 12:29:04 -0700
51d726235b0c1ee089772de12d299b6ab1cfb29c,2020-07-28 10:22:44 -0700
18d52e0a70cff1a2b3983f504eb14692c83ef7de,2020-07-28 10:15:30 -0700
ceb6533a593989a86c78277205c0c83108104ded,2020-07-27 10:04:13 -0700
beb3be6f5614c1dde8db3dcd3e13d3477a660966,2020-07-27 09:32:28 -0700
353912f00f4ac61fcc1b0ad21b7e0b7ad3db917b,2020-07-27 09:23:44 -0700
ce9b02d18d211ac2866b9fa437a7a020344b8494,2020-07-27 09:16:48 -0700
17316b6895a64327d8ff9d51192ac44c35eab4e4,2020-07-26 13:48:29 -0700
cd283d8b9baa874caa0b4c08981b189e80fd7378,2020-07-26 13:32:43 -0700
fd45ec7b6a3c3ed5be26cdaed75dbf7ab9a29c4b,2020-07-26 12:43:05 -0700
9bdb607b038e9da9c71cefb7f6a0eafda0dfeddb,2020-07-25 18:42:20 -0700
85340363286790a0a999ca1f762a32685cc16a0f,2020-07-25 18:41:18 -0700
cb40b72b453a49b5216584cf7eeb45980bbc3f65,2020-07-25 18:39:57 -0700
bf7edc4b325df6dd80d86fea0149d2be0ad09468,2020-07-24 15:21:15 -0700
62ab6a722e2989ad546b5588111002b469d9f660,2020-07-24 13:52:25 -0700
d1429a2c686cd61a424a0a15205fbbb4ed785d75,2020-07-23 17:57:14 -0700
967e7fb4a9a3ede135b0b6d8637eb9208a1d3f21,2020-07-23 17:19:15 -0700
f17879c426c2e3c5fa40f17dfe58633bc866f1c9,2020-07-23 14:18:50 -0700
dfefa5d2f69dd951a0301b3aba282ffa974364bf,2020-07-22 13:11:52 -0700
129c9693683fe0f3937f467d1fd817cb602f8224,2020-07-22 10:06:21 -0700
31ff52d4bc85009448439a305d58a9c156707f0a,2020-07-22 08:42:11 -0700
f7944f8c5bdf6a365552cd7ecdcafab615532d05,2020-07-21 12:13:35 -0700
1742a2174b4ecbcfb8d41728fb77d3d26d0f4816,2020-07-21 09:12:43 -0700
8842b5f53f62c4d6a9bf57a3217a248dccb9359a,2020-07-20 15:02:39 -0700
b8700c3a66aff7f65a38abb5002abddf40620324,2020-07-20 14:52:43 -0700
247d30622f20fcb63799992cea37733b663da8a5,2020-07-20 13:43:28 -0700
e06b9e4819bf2296a91993f547ccf52aa8a76736,2020-07-17 09:04:23 -0700
b68eb3fe574f65d37b2d050737ed9b57925ac908,2020-07-16 16:43:29 -0700
614059975a3fb8b7b30adfee3c99e3e337da1328,2020-07-16 16:27:21 -0700
d1b6d16dc6b996043f0911bad8a7930e081edb1c,2020-07-15 13:22:06 -0700
2f69c9cb40cca57044d5a939be0cf34fa26eed4f,2020-07-15 13:20:41 -0700
39348fec94d08a9eb4f3da0b41e002adc8b832d9,2020-07-15 11:58:45 -0700
daac153fd05c7b9ba82a87fd3dd95afff0a851ca,2020-07-15 11:57:28 -0700
e897016e171395b3d6bae503088b686d8569f658,2020-07-15 11:57:03 -0700
349e8e304fbb7a89c38d1119e1be86f5094be251,2020-07-14 14:13:32 -0700
e1c3a485c03b0d61bc19ad512d0126c927ec2238,2020-07-14 11:17:49 -0700
c2323b774725139dea401bac4837d7e706ba5ed2,2020-07-14 10:24:19 -0700
dfc8ec34f88a9e8470d6447113530312cb52cfc0,2020-07-14 09:59:47 -0700
f5e4bc4add18e2a07924fa1ff7e16068b26466d8,2020-07-14 09:37:54 -0700
851c62edd2d068eb8023311f4bbc4380ad4e8e1c,2020-07-13 16:04:23 -0700
063f92607c46911f2a0533e9dbb07acca19e4ca1,2020-07-13 14:32:40 -0700
6fab8f57bdb7e5fe7eadc3ff41558581338e1b69,2020-07-13 14:27:36 -0700
809697a6bf56698b1bc52c5f039f2a190a58fed5,2020-07-13 10:35:00 -0700
a2796f0fd38e517d17462ebc7b0234282e976dd3,2020-07-10 17:05:39 -0700
292873f805692be0f548440d9aea5a186108e15d,2020-07-09 20:10:36 -0700
7098540ccb5bc26312755ff5f485ef24974fa6de,2020-07-09 18:24:03 -0700
70357b067cde3cf6604fa502f2785cbeeeb2a84f,2020-07-09 18:23:31 -0700
e54919e31aa0d12aca72fb012efb33f65605c01a,2020-07-09 16:31:39 -0700
1a163b22dad2bb077a7dc58219980bc540ee147d,2020-07-09 16:26:38 -0700
afc060838983d683e0b9f9497ecd8bf29b950556,2020-07-09 16:20:59 -0700
68fbc13995e06fd50efdf63f09a32260b7237c53,2020-07-09 16:06:45 -0700
eee0ecc082a2b767f98f89465d2e68018c08235b,2020-07-09 16:03:54 -0700
bf29f649fd61a97e9ac4ef114841b1b2ad3a0844,2020-07-09 15:18:02 -0700
bdf27ad73341b4bc1318949851596904b3778570,2020-07-09 15:16:13 -0700
2b547e6623a70b12e1272ff45a635162898df7a0,2020-07-09 15:06:08 -0700
89a3e4a17a0ea23bc9241132374aa6b6791e0c1c,2020-07-09 14:35:16 -0700
339d83b0c492c66151b4b9324eeb488ed6a0ea02,2020-07-08 18:06:20 -0700
ca468d569231e2cd5d502003586d5a49f53de470,2020-07-08 17:57:39 -0700
a81ba17e15b593c91efe6a629197150f2fff097d,2020-07-08 17:25:54 -0700
7c97976ce56057e2c9512aaab73bf01a0b8dc0f5,2020-07-08 16:22:55 -0700
115a1450c0e62edd835d0dd77a6513ff3717479c,2020-07-08 16:03:50 -0700
323a8a00bb0577b398b66f59671c1fc2f1a83b10,2020-07-08 10:53:47 -0700
554c3f0c0908c87f20c2ac4548725d663c0a372b,2020-07-08 09:58:11 -0700
b265ccc1d8c9d392cc91d3c55ebf4edc27680937,2020-07-07 14:02:04 -0700
d1fd2a780b2847d2cbd6f09dfdfa690716a43ba6,2020-07-06 10:59:35 -0700
4d1fc91d6528db88548c506a0b110b50121d67ff,2020-07-06 10:49:24 -0700
7ecf6724a9a01462729e667b47e623b625a6caae,2020-07-06 08:55:44 -0700
6bfa47dd0521791a62ff937854ec026c4bb089f9,2020-07-06 08:53:40 -0700
92ae3d38bd348b2cc7058ccdc83bd618d0233474,2020-07-05 13:38:17 -0700
2438f21a37ca269eb80f6149893ea2975a40d2b7,2020-07-05 13:29:48 -0700
3021d3499d7ec1505f3d0ba44025e4f1d397d56a,2020-07-03 09:46:40 -0700
5ae0ed1eba84e5e7ef9cac11c8071bd6d81f2258,2020-07-03 09:25:44 -0700
bc7bd0e30839740d0d9d7430cac984c10659ca38,2020-07-03 09:13:54 -0700
41cc1334bfe50c7dccb58baeb664b236732f0e2b,2020-07-02 12:42:27 -0700
053bea6eaa705737aba9ef8961eefcaf509e107f,2020-07-02 12:15:40 -0700
5d7f5cdacd9f8e3fb069ed65dcde635b6a97b90c,2020-07-02 09:52:05 -0700
0bad6703bc8796387f3084a2120209002ad13d54,2020-07-01 16:44:37 -0700
a07c2b98892634e009470b4d01fd6775063a7dda,2020-07-01 14:54:20 -0700
ea3d4d3a97027343c7c51fbb5485b93ebbbbfb8b,2020-07-01 09:24:16 -0700
8dd269bd5f1cc0c5260c83c22a1e010a6f92e460,2020-06-29 17:59:41 -0700
51c930e33867e54b3d7e0159b11d6b9c4bc81f1a,2020-06-29 17:56:05 -0700
e168f59d91469e4f6aae32dbb78f8fc504a64eb2,2020-06-29 11:06:41 -0700
edb8d7759d74418daa677a8c39420f29e28edb66,2020-06-29 10:56:46 -0700
4e282c3d13936592e0d27a92356de1c57aa58ce1,2020-06-27 13:42:10 -0700
d7ebaf632db6fa333f3472aa89de79e74ad10a72,2020-06-23 17:31:29 -0700
705da1b7fdd18614b73ccbf7e1c67f13310f70ab,2020-06-23 17:02:06 -0700
d1ba7b62abdad6b9fd8f3ec98f789ca53e9cf7b4,2020-06-23 16:27:01 -0700
33f1825b72efe05c7d83feb68fa1669eb00bb129,2020-06-23 10:28:42 -0700
8e9bfdd87dab76da70e137a671c8c085f3d6c744,2020-06-23 09:34:40 -0700
afb6a12027b1eaffafd667a77ade81f7bd0180d3,2020-06-22 14:52:19 -0700
845de7bfe78bc8ba3480aad219fcef9f71477023,2020-06-19 18:02:23 -0700
feb420775f77381c4bca8d464209acadd4ce66d2,2020-06-19 13:35:57 -0700
f3c54a810ad06ab2ad7c42ca63eb5d8607690d0a,2020-06-17 10:56:08 -0700
f9b6b3556c3474ab518059a340a2dbbd86371c66,2020-06-17 10:47:02 -0700
20651b1c1a3ba8bddf16ef5d91b3775b803d801e,2020-06-17 10:45:15 -0700
c86f879db476fb3e6201b982122dd0e47f073985,2020-06-17 10:20:08 -0700
5a3cd22e775dfa8bf79deab675390aad48ba79a5,2020-06-17 09:57:08 -0700
e2ef87c4c66c5ed6be13a335d4e03558bac5ec1a,2020-06-16 17:12:05 -0700
e0180f783f62f4cd0f30b13a62ef5fcd1cc6f3b9,2020-06-16 08:27:45 -0700
90d0a0e59fc146534b115f56dfe8d6d63156a198,2020-06-15 15:33:10 -0700
ffdcf09027e09460b7d7505e65aea119107934a3,2020-06-15 15:16:19 -0700
cad124967ceb740178a3f65b75f19017494b430d,2020-06-11 13:29:24 -0700
736c68da7c0c8558a06d2d30a78940172653ab86,2020-06-10 12:47:53 -0700
35dd7def31f86c7b3cd15a0cec2b2e4abb3d33ee,2020-06-10 10:14:39 -0700
bd606f56b14c49f39aa745534718d0cb6a50a8c9,2020-06-10 08:43:19 -0700
6194647c86eb60ff554ad49689c1ab3a89f73d2c,2020-06-09 14:16:35 -0700
799deb411062af4e52ddf19afa71b3c85fc3c821,2020-06-09 13:19:43 -0700
a5d105d20a1ad816d9a662901780195da7a450fb,2020-06-09 13:19:13 -0700
2ac53b346c8a1b4cfac42aa8b5811b120b4cf0f0,2020-06-09 10:43:32 -0700
c299b45bb6ec9a0f2f18451a16136bde9110b5b0,2020-06-05 09:17:36 -0700
01c8162f7b45b784b8f25fa7ee6a55f51102e154,2020-06-02 21:30:34 -0700
509ab5683c860906d80a074d8c66d13edf4fdaf6,2020-06-02 18:11:14 -0700
e1399fd4c78a4d06e7840afc9aa9a3d45ca548d5,2020-06-02 15:39:25 -0700
260bfa0a33aebc25d07e9a3add46fb7ba0eeca43,2020-06-02 15:25:44 -0700
482f420141486f5b7b02bd62dc14cdb94b9a9cca,2020-06-02 12:43:03 -0700
65ef122a59c65089b1440e34665a10620aac7d74,2020-06-01 20:20:42 -0700
80eb3e1414675d9eaf63fd1821b1fb6a46498e81,2020-06-01 18:36:34 -0700
68e417c3591439044b229b657a529cad0fec66e3,2020-06-01 12:16:41 -0700
201f8bf0e5084daa9fcc1e8418762ecb10967036,2020-05-29 14:51:29 -0700
295accd3f0ad04d5ad67e2a5ff394f44f9eef8ca,2020-05-29 12:56:08 -0700
527240b445b23cef1a655eccbb3b2c0eb7d178c1,2020-05-29 12:26:56 -0700
c093f121a250706f4a6b340852131ecf4bd334d1,2020-05-28 10:19:11 -0700
c50375b56d38daf729d3b313033ca0a564cb9359,2020-05-28 08:39:25 -0700
d5c166b1b29f10b0eafa2d27fcb41e8e77341061,2020-05-28 08:38:30 -0700
9b2e1b4f2daafc85f29354eb2082d7f09bd36225,2020-05-27 13:56:37 -0700
9583787eb428a1d2015ba08ceabe43521fc2bbef,2020-05-26 16:55:55 -0700
c28d1c8ba6322af07f0206c4cf3fdad875f37ac1,2020-05-26 14:42:24 -0700
012c4a18d2315b35a3eb6ada7fda15f4efbb6bd9,2020-05-26 12:07:38 -0700
0ee6f120a475ee3a7026e689886195d4a9acbf51,2020-05-26 09:42:36 -0700
50461d86731e17473de47a2678a283fde9ca7e98,2020-05-25 10:38:48 -0700
e8f7379ffe253623e9dd27a1ada7d4421af8b937,2020-05-25 10:15:35 -0700
01d1462756db20a14a9ac67166e5bf56966861b4,2020-05-23 12:10:42 -0700
4ac241b7a84a8f133b72b4d1e91772e3a61bf062,2020-05-22 12:57:50 -0700
17caf95e95c86c5ef290c496f7e96d0d06635924,2020-05-22 11:41:45 -0700
3ec55563d4e33c358df61d0f284913a0ad90fc99,2020-05-22 11:31:43 -0700
b3932e13de0e3bb2445f68dc4b3dfb34b911d0fb,2020-05-22 08:46:38 -0700
dd606467b71386f730f35cb68d8d6f29c6cb62d1,2020-05-21 12:59:26 -0700
8db4a61a091b9e713153ba69ce1a85015b21538f,2020-05-21 10:31:07 -0700
3ca6cc3d57e514cd99dd4bc60b48a92d56e2ab9b,2020-05-21 10:25:39 -0700
64cc4488f3355affbeb1ea06d60600aeaa0ea373,2020-05-19 21:48:14 -0700
d9c3388b0a524bb6672b71add4f1ff2926d0d07e,2020-05-18 13:56:36 -0700
49de95271ff288186ccd46bd94cac65e3dfcfbfd,2020-05-18 13:38:22 -0700
8b597f6450d8420ee124023bbe143b993e421bfa,2020-05-18 11:52:27 -0700
2f9f41d1acc11dfe85e14d695bb2bc2398928fc9,2020-05-15 08:58:07 -0700
55a4e5725387ac618015cfa586e5c4e25ed8ba9a,2020-05-14 11:00:43 -0700
baeb926ead7dfefc8cc37a8b0953e3a2f233afed,2020-05-13 16:50:18 -0700
e9a9032fc686fc9082e5db2dcafde3a72f0abfa9,2020-05-13 10:20:05 -0700
0c881c24225aada26560df8cbe9045c43af05899,2020-05-13 09:19:24 -0700
14433838c83ce14381241e0c8f007821c5a6bcbe,2020-05-12 17:02:18 -0700
3f6cd1cca1f9488739f635bf3f6b7b2e38784143,2020-05-11 18:08:38 -0700
060395bbeb241a6411898fe920fa86ba82f87df5,2020-05-11 15:46:44 -0700
00b3b239ba3a53a7b0011b062ae63a6e9858c9eb,2020-05-08 10:01:51 -0700
1d13a10d4c8a1174083eb81373310b8499f84f44,2020-05-07 13:01:45 -0700
a9b51f054788c23e9b6c13a6b3e257fe18d570b1,2020-05-07 12:18:24 -0700
f1f5982535dba876960fb7c0c0c4397b75ad3e17,2020-05-07 10:38:42 -0700
50cc2e0cdb5278a8fc3343522e0b33eb158285b3,2020-05-07 09:38:15 -0700
b06617ca665a87469f7266970e719eb275163793,2020-05-07 09:37:18 -0700
699e68a919c708ccbb43179928e3e7fb4fec58f6,2020-05-07 08:55:01 -0700
a49fb924cd6ce0da688f873b9107e91f597529d4,2020-05-06 11:40:48 -0700
d519dde3f880d9f7fcf404224ddd75a3b5717d1f,2020-05-06 10:39:28 -0700
ec654f9502556e952a18e9a42ce9d64a50965bfe,2020-05-05 09:36:56 -0700
53d77075254b24b712b201912c01acf7ecf84c21,2020-05-04 12:54:12 -0700
b8037d24256cd7133d535cce0c8399acb138e30c,2020-05-04 09:00:49 -0700
ce15fef176ff8cfc8c5fb77b99f65b57b1f2fe04,2020-05-01 16:25:32 -0700
189ea232bfbe0b4a01dda0419cf24a2ebff5dfe1,2020-04-29 17:51:01 -0700
53c10a2df905be74c2d950989dcfef0147fc2480,2020-04-29 16:34:21 -0700
f02ba32b368975f310438915f89b415ff6ff8cbc,2020-04-28 17:56:28 -0700
dc81e8dc25a7286772606847be1f8b757993fb0e,2020-04-27 18:01:59 -0700
02bc389cab351bf176742a8ad42608b1eb895e9f,2020-04-27 18:01:44 -0700
fcdef3b17e8c79727d270830eb6971135091186a,2020-04-27 17:35:21 -0700
f980550a299151f1a66c7f5717aa1fef843a95fd,2020-04-27 16:27:15 -0700
d14de44865cb9611b354bed48ee55ccd912734bf,2020-04-27 14:19:23 -0700
e0288e47960f929f8de22c6a6102ccc2f4e307b6,2020-04-27 13:35:26 -0700
0f7a0820aaed8df1cd8601f37cb47435d050093e,2020-04-26 15:40:30 -0700
79d4f0579dd988e8dfea9f40e53c69545afa0b58,2020-04-24 10:02:29 -0700
57c56d3375db3572e9c98ca5c76009fb12965a1d,2020-04-23 16:28:48 -0700
0da31dbcb9ebefbdd8cc8124a1f8dd8ac87528a5,2020-04-23 14:03:13 -0700
a2aefcb83289cc54d708682f706f7801b133238c,2020-04-23 14:00:24 -0700
0c8ab3d856998fee0b03f403630ccb58fcbf9fdd,2020-04-23 10:43:05 -0700
e9907968a50b89d67a9aa3291602f193f21a257a,2020-04-23 10:06:16 -0700
b655d40e8e6956640163d30700c8f20e4d571fbf,2020-04-22 10:52:01 -0700
30711e2a744aa4e154c4e4c55a51fca621126363,2020-04-22 09:40:34 -0700
a600a019169eceb3e041ed0002bea85265221609,2020-04-21 14:32:14 -0700
a81d11e78fb447f68b2a3e8f98cf02b0c57c7f58,2020-04-21 12:50:32 -0700
33ead7138d09a35cbdf2599d35a23344429ffd11,2020-04-21 12:13:28 -0700
ffa1882b326c1912ad5f87ae1646365c07b74b28,2020-04-21 09:42:57 -0700
83230c2a0f08ffcbc116f17e6aa5a01be78a6051,2020-04-21 09:42:09 -0700
6840013b4b9ad88ff0aa8d98646c52c17acbc6eb,2020-04-21 09:40:01 -0700
731958186204a1ebebd7c7fd27f375e2dabc1457,2020-04-21 09:31:37 -0700
bd30a35eda05d5b9c30e88730dbfc6530af1fad4,2020-04-21 09:30:38 -0700
3160518b01a84042d27dc958b728f22746d964bf,2020-04-20 17:13:54 -0700
fdca3f82cae9dbbe6e2119e61e30a1c9f3c69053,2020-04-20 12:56:39 -0700
af25cbedac34c09633a66a2c73d68f3f4822d64a,2020-04-20 11:33:04 -0700
34126d20d29fa12848dd28b305a918f8a1219979,2020-04-17 14:35:19 -0700
d1f991f96852e8e2a8eff8269856b79aa9d252ed,2020-04-16 12:28:03 -0700
e30e304bcf78f4451fbb7febe16cb56c68531404,2020-04-16 12:27:05 -0700
e8e83ca26877a0da54da8dc52a3276f532a87fed,2020-04-15 17:27:47 -0700
98fef8b69087a2791429086138f6f5a2c3ff2c2f,2020-04-15 16:53:35 -0700
e0a3304f265c6be4e1d5873f5931a5b54d993534,2020-04-15 16:45:44 -0700
a5e77369c330873a6a292b8952b1ca09b7712bb7,2020-04-15 16:44:35 -0700
8b27fae275baca8b4623dffa142089f6aed50acc,2020-04-15 16:28:17 -0700
409efd0d2304b7dbeacccdd0031a72cae003884f,2020-04-15 16:18:20 -0700
b6cdc694b6b5a1040d6a2ffb4e72446fe52309c4,2020-04-15 13:13:35 -0700
7b99b17d9625020dbe7a992ee9cb06ff1719587b,2020-04-15 11:04:35 -0700
487fc1c71c36fba9d589ebff6fefdee6c19d0f24,2020-04-14 16:40:48 -0700
a4f16197851c758cb559a258d72deb81aa574557,2020-04-11 13:36:58 -0700
3a35c0764a51008fa5c5ecea109c87f92106dbcf,2020-04-11 08:51:33 -0700
bde47f31a724a91492ba635ada6aca976d0b7654,2020-04-11 08:47:59 -0700
3334afc7a375547b35264d3d5f2cb2605630346f,2020-04-11 08:47:22 -0700
720b240a3e6a32b6f01173ebcc448c2c6e32e13a,2020-04-10 16:02:33 -0700
bedc9c77036c882f6850fe3f3e6db93e4bb19efd,2020-04-10 12:02:51 -0700
d8dfb2711b7a320dca66b09e058f1ceac25dd25d,2020-04-10 09:51:17 -0700
45a44f4cf49300db9a89e205d172146591b0bad1,2020-04-09 14:31:37 -0700
c094da57db072187b2d930ae6c5590218012ec3f,2020-04-09 12:14:34 -0700
b47e97781b82109432612a0f36ebb0d0ce270d8b,2020-04-09 09:28:53 -0700
898c122118ba99847216c80ca7e0d12821133a8a,2020-04-09 09:11:46 -0700
0a42490ca3f63e7e13d651bd69338a34c8170382,2020-04-09 08:35:27 -0700
8089a9507af10dd3f96e49a1c89d65ec85718206,2020-04-08 20:28:43 -0700
634e14972f25666b22af9cdab1718eef2831e9e4,2020-04-08 20:20:44 -0700
80e97a5367a7ad2f0fc0ea57fe9828f771427845,2020-04-07 10:36:51 -0700
600c42de478d2f8b74566d683e284482186b67a0,2020-04-06 18:08:59 -0700
71a7ab986a003fab614d076cffb5a4580062806e,2020-04-06 16:02:56 -0700
2dfc4551182f5b210755792b6624a3f5a20263e3,2020-04-03 17:02:59 -0700
4ae5b30269e2638c0268722fe2e59d603517f0eb,2020-04-03 10:24:41 -0700
d106fcfe5d71a724f71a0845cefe0a08fd3bba7f,2020-04-02 16:56:37 -0700
6739efe0fc701ed8b40ef0880c58d4d26fc5a451,2020-03-31 14:54:30 -0700
51eb225822adfac3515d9a5046f34d5ecd8af184,2020-03-31 09:45:13 -0700
2338d458be1952f1613ff4bc2bc535b7dc0d47ce,2020-03-31 07:23:12 -0700
c63a906147eaa0a686bed763816e8230501b5dce,2020-03-30 14:07:37 -0700
b1da9dc32a9d49989787158a8311b461e476b9fc,2020-03-30 09:34:27 -0700
8ade6e38a4baebf305f82961ddbee8fa66f5b31f,2020-03-30 09:29:35 -0700
d0ea946edd71907358de517b5a879fa720693855,2020-03-30 09:28:02 -0700
3c36daa70fbe22ba214a35dbea0b348090116469,2020-03-24 15:15:30 -0700
a908d9c0d55621703797594a4f57cf3e95ea05dc,2020-03-24 13:57:42 -0700
93d51b94d00e028f93334fa511551f35efb5b639,2020-03-22 16:35:58 -0700
1aeb6312a8593f04757bba2f293cafa250d65826,2020-03-22 16:16:04 -0700
1bc64553aa07d9a3bade5928e4fa4f5bc8bb8c4e,2020-03-20 19:11:48 -0700
6cafdab76864685d5489ba03cd041865b5b57f01,2020-03-19 12:50:56 -0700
b288209c239efef34762ffdeb5873877152c1e66,2020-03-17 09:21:56 -0700
c3084d362111e5ab0a07488739fdd53b8e179c4c,2020-03-13 16:00:14 -0700
00904843a8a1c25408c20019ed6e87688b045cf0,2020-03-13 15:57:39 -0700
cb18b0894ae7da305e89f76e2e91267d9e26649f,2020-03-13 09:46:59 -0700
f875fb2aa3300e281568f33c7f3521c17509a87b,2020-03-13 09:11:40 -0700
80cbc60ee55911ee627a7ad3013804394d7b5e9a,2020-03-09 16:13:34 -0700
58a257460e6fe04cb6eadd15153f88997852c86d,2020-03-06 11:50:37 -0800
548112517032897f02f80cc564ecc5b1f82918de,2020-03-06 11:38:06 -0800
b64aeb6c676e088f953c3c7727f23058d399adef,2020-03-04 10:44:17 -0800
2dc7689d0e78b2db37bfb6a33c8bc933f5947cf0,2020-03-03 17:13:48 -0800
76763188c529b6e1e5b08200539b69fd05aee44a,2020-03-02 13:58:01 -0800
eb9c75e41f1c0045595302710f2f6500f038e626,2020-02-20 14:11:54 -0800
b307f40d4e89027c7bec897697afeee8943be014,2020-02-20 14:08:50 -0800
55d27ed16ba826af0419952cc0561a95b88d271d,2020-02-20 09:42:51 -0800
f75fa01f4c95dcdbcbae0f2eed5123e37116de62,2020-02-19 09:28:56 -0800
4d96944679a8ab9aa028299477bbf085621d55b8,2020-02-19 09:17:27 -0800
bd4f236b834d484908b4ea205aa62bb29692a648,2020-02-18 13:02:58 -0800
5c642b5f9481317bd2c256040e1788799d2e8dcb,2020-02-18 09:37:50 -0800
0b491941fdffa2b276dab242f0594463af2b549a,2020-02-18 09:35:26 -0800
7631b1ab1c1a545310c0dad860b53bd33ef588a5,2020-02-17 17:18:08 -0800
65095c149c2489ac3230d0d20328e492919d9d4f,2020-02-17 13:52:41 -0800
e164f63550d69755391f449e5abb94b49267ac1f,2020-02-17 13:16:59 -0800
ad925bdf75b6c180cd367168deab47b4969c8177,2020-02-17 10:11:32 -0800
243d22d8af88f69f35ef3cbdbb3322ecd4a22d3d,2020-02-17 09:38:57 -0800
aeb7f7a8df07d8f488abed72510dc3634c96b17c,2020-02-17 08:42:29 -0800
e279a35e532db514be62f41c6e1609f959e89490,2020-02-16 16:11:47 -0800
87c3cf620203758d572658d269e2bf8ebb3c1e9e,2020-02-16 16:08:17 -0800
485b6b0fceb21c8510cfbe18e572adc1d66793ee,2020-02-14 10:38:21 -0800
07bed4d79d0523716e38a8b87accdf6b16214f16,2020-02-13 13:01:37 -0800
b35899f492a8a20fe7431e0c6a467a45fba3d654,2020-02-13 12:59:49 -0800
2bb32fc070da67fb7b8fda89da4fed6e95514930,2020-02-12 09:26:22 -0800
c663570cf2b98412d6f63d38e447af866f7e0ed2,2020-02-11 11:47:54 -0800
5bb8537223b02276af6eb30b8863b346fa055c37,2020-02-11 11:45:36 -0800
745839eb05e8363e039715e7c5da9b1950413a08,2020-02-10 17:05:04 -0800
3131b2dcc6786023f26a5785160bd1ad546b97a8,2020-02-10 16:51:01 -0800
178cab32b8a226bcd393dfe9934f3fb2608ec188,2020-02-10 16:24:33 -0800
e965d41648df3361cfb323563dec6d21c216fa51,2020-02-05 11:36:04 -0800
e6a529d90abf8c986856009e219664350d5c6c7f,2020-02-05 11:21:29 -0800
a0ff334f2a9b0e1a429ccf69a85a12e8c255ed33,2020-02-04 13:49:56 -0800
722f4c38557bac20cba6b6449eac7b810563571f,2020-02-04 13:15:06 -0800
4b5a789e2b4e27f6b6b508e103d0522ccae8b40a,2020-02-04 11:28:25 -0800
c3dc9824b381e5e479e356be5e0f4fcf61a9fc37,2020-02-03 14:53:50 -0800
905637d9efc4a84b15ed54024f60abb39ad44edd,2020-02-03 09:07:54 -0800
2562649b097a89b2495d3a9118fd3b64ce82367a,2020-02-02 14:00:08 -0800
2ce03e559cbe4db34805a37b9dd460e1a72372f4,2020-01-29 09:08:16 -0800
2d75130482e2632f9d35e7d2522defeede7f0e75,2020-01-28 09:50:46 -0800
c73b6574eda1466c4ad4c6addb3f44b23928c681,2020-01-27 10:32:14 -0800
cc9d9967e01bf18eac207fa9b351218a6e600064,2020-01-27 10:02:03 -0800
d4f98ce3828336daf4f462c11f09faabf3e33076,2020-01-27 09:56:12 -0800
91b0cb3a2dab9a81dee92ee95795fd44e82d4c12,2020-01-27 09:03:37 -0800
15b8ca69b34357cee0935d3e42f4b1c9c2dfe275,2020-01-27 15:02:51 +0200
636458c65aac484db03445cf660fa10b0d3ec203,2020-01-27 14:55:07 +0200
bf7b2fe6a15861bb13f192dea5076cf13b58cc0f,2020-01-23 10:33:37 -0800
e82eab84ae338c76031e566a1ea25d0aa51801ec,2020-01-23 10:32:15 -0800
cca3103a5bc75d804b1227a4a336abc9e0db0461,2020-01-23 10:06:03 -0800
fb1eb3a65e2065ab69e84edd7c82bcfb975acc23,2020-01-23 09:51:03 -0800
542c0b3d49518b5105d4f9a30c65f474ea62fd97,2020-01-16 09:09:26 -0800
d813c00cb53393a56e81112cf87c22979caa53f8,2020-01-16 09:08:04 -0800
949c6a98ac80acec10568070772082c1178eb739,2020-01-15 09:18:29 -0800
8c9e0aa4622f0e2b00d981cd14455d61c7f83b4a,2020-01-14 17:38:51 -0800
e9f50e3aefe59d016924dbfe65fa0fbe5abd36d5,2020-01-14 17:37:25 -0800
20fa2c48d312c56843efaa8cf51d35ca61ecf79a,2020-01-07 11:07:45 -0800
e97ff444714e6c651244cf85307e032c1d6c1f2b,2020-01-07 10:38:39 -0800
0c3dc7096d8ff1c95897229c38d2cdefe25285ec,2020-01-07 10:33:20 -0800
3f6b0d79a5ad80dc588904767b5ee4bc6a1f4685,2020-01-06 16:42:27 -0800
ca54729ab920ae47cf4fea8651d14b028693fea0,2019-12-30 09:53:45 -0800
3c88ef1d89800dde9edb61e59b851e64ffef0f33,2019-12-30 09:50:00 -0800
44a0a830987e4964520123db730aef1a0ac7dc0f,2019-12-27 14:42:33 -0800
79e88c64613219b7ed249d13d11bc1fca8e55178,2019-12-27 13:09:55 -0800
33e675331e221af0b2618815addbdb4fb29c9083,2019-12-27 13:07:53 -0800
a8618d5e6e1d328fa9346b17ab9ca050bbbbfe84,2019-12-27 10:22:29 -0800
dbc753a5497c8f01ca6093a7680b2b03b2bb968e,2019-12-18 11:36:29 -0800
9b00e0b62b3f37a1e11e1ed35a7f4ac8441a5362,2019-12-18 11:29:36 -0800
f1511440b0099e68e89f98ef7d2d849cd9cacb12,2019-12-18 11:25:54 -0800
686fcb752dd5a7204094266cd3c4363431dddb43,2019-12-18 09:58:30 -0800
e45853378e9ca36e6504c529de6f9726a14cb20f,2019-12-12 16:58:08 -0800
6048e5a794242cb83871e3838d0d40aa71e36a91,2019-12-09 10:25:28 -0800
aad9f099f82a34613a40f2ab8d17af0101c53832,2019-12-09 09:41:42 -0800
dcc88666905724d84df95b108d3eb656c9cb5373,2019-12-09 09:40:01 -0800
30fe730a8f72b3cb7e5417212d0f80d5c822721c,2019-12-06 16:03:21 +0200
6233d7ad51a6809f5ffbcf217cfb3d378e316eaf,2019-12-05 17:35:58 +0200
d70a63121635a4b318dcb7c5b598c047a63f1c9a,2019-12-02 10:34:42 -0800
17effe101056ce6b9b154e60b31589cc0d759b72,2019-11-25 12:48:49 -0800
99edad1c19cdd19246e44065a44219cb47914cb3,2019-11-22 10:25:44 -0800
2e4436b0a34deea1d20c2ca7f9b6bfc94d5482f2,2019-11-20 16:00:39 -0800
8b41ee5e34b5d79e7a04b3c810d7073cfed01a3a,2019-11-20 15:59:34 -0800
8bad73953f690443725222af6925db4956447a5f,2019-11-20 19:26:49 +0000
f74854f53facb3f7a298f7d7905ddd15ce27b526,2019-11-20 10:05:29 -0800
94fdc7321407c22b143b9eab83d29179d12d1a6d,2019-11-20 09:58:39 -0800
083edc1f749d9a64cd4042fb360a27a0a3bfe03c,2019-11-20 09:48:39 -0800
61a6fcc7ef083950a6ef40356a784be0279ee831,2019-11-20 09:13:50 -0800
7b8e21fd6469063e9c4d68d945e67f56a572af80,2019-11-20 09:30:17 +0000
c0bf88a393a58d904d3040e43446ef0290a84d40,2019-11-19 09:57:05 -0800
fd3f22d54c6f33d5ba0a60dca7ff556d39f3c509,2019-11-19 14:51:33 +0000
a21d70c83539d121a2d04702dbd61b569a9ae09b,2019-11-19 13:22:30 +0000
83ee9f4f568cc19cf2d5b1f7c0f8133d1a44f5ab,2019-11-16 13:08:03 -0800
c4cc4dcc427ddd62b8ae88b4120d6783d787b09e,2019-11-15 16:51:06 -0800
bc54645f2017ea9ea168cfb4b429bddda775c764,2019-11-15 11:46:36 -0800
090dc83f75deb29beed0c19883c046e1d94bac54,2019-11-13 14:00:11 -0800
6f28abfa62838d531be4faa93273965665af933d,2019-11-13 12:59:37 -0800
96fb5ef6edb4111793e475ea6163a646959c7453,2019-11-13 12:57:37 -0800
6dca1d8e618713b1f7565a396ebd3ddb87cb5106,2019-11-13 19:11:10 +0000
e28b313d0eb6c0dc1931c1beb0917e1e391a6c70,2019-11-13 09:49:18 -0800
ceb866506c1e1234f23e7fbad33c4e8e2dd81d41,2019-11-13 17:22:51 +0000
89cfd5432af703b3a788b05b9843ae3f857fc1b9,2019-11-13 09:03:50 -0800
d9ffdef38c5ae0a8ecef617ed67c217fe2011950,2019-11-12 19:41:12 -0800
cd7cd7b7169c04c15c71f147a37fbe8b23ff95a2,2019-11-12 17:39:48 -0800
646ada7ab114c3704aaa92d588613a8c7e61b3dd,2019-11-12 11:31:21 -0800
70c1940209b9c444363322bf547b65d9320e0cea,2019-11-12 10:01:44 -0800
24496a836b0c67ae93090684ca423688289fb2a9,2019-11-12 09:13:57 -0800
42c1e63333c340210752e879820eedd307f227d4,2019-11-12 08:57:58 -0800
fb4902805bc5e55aa6cd32c26d860b313e1e5d0e,2019-11-11 12:57:24 -0800
ad4cd2561f5571a4297f8a5b38c1c1cfb766d161,2019-11-08 17:25:36 -0800
f1cba908f7e7aae26f901b89879fff0bd4278efa,2019-11-08 17:24:29 -0800
b851550621d43c4ad6d2c013a1a634b6aee18004,2019-11-08 17:21:44 -0800
f0f50b07f31bddc7d4589a5e10528448bd46929d,2019-11-08 16:36:57 -0800
34f366c9b9d3a86ff353fe203c0534499749a084,2019-11-08 15:53:26 -0800
1f100bdddca7e56a250b6ef93292d2433fefd880,2019-11-06 10:39:10 -0800
0590a32924b202da2a59215e7c3fe9247c22b6e9,2019-11-06 10:38:49 -0800
9f799c811fd5a34fc3ce56888d243c6c8c22e498,2019-11-06 10:38:07 -0800
c6633d24fa3822f5b3451ed8d16a3f789991c608,2019-11-06 10:36:55 -0800
77c822de728330e386f8a5a75a1b2143353aa425,2019-11-06 10:36:18 -0800
0e3ec38369287f24855dd151b42feac6ac563a1d,2019-11-06 10:34:20 -0800
59c9fdea7984495114a8e6495a60366886c03cd1,2019-11-06 11:25:33 +0200
0545c51954b05168754e1bcfae93a57e0a9ca206,2019-11-06 11:21:48 +0200
d705aa8ccb3aaca4c4eb0fef74658fed1cac3e83,2019-11-01 13:13:05 +0000
62f11485c203c662d35c403d36143b6474d55ce0,2019-10-31 14:31:02 -0700
aad1fb81f032e2977acc68d9a5e231d93ef03e95,2019-10-31 14:12:50 -0700
860cdcf428b901ea546957187d517089924e0917,2019-10-31 12:58:05 -0700
c3449349cbb60d16a26ee1c10f527ba87f71f3a7,2019-10-30 13:59:45 -0700
008d3c46faf78206fa8222ac267938e510494d79,2019-10-29 21:32:46 +0000
fa64197807d4fda51df5738a2a0da925c12c73c8,2019-10-28 14:44:01 +0100
618ec9182f9a25aa06e4aa5668b5b3c6ba65db1f,2019-10-27 14:34:24 -0700
040b272f360f796196f689c7a3f654413e0c4f66,2019-10-27 14:06:22 -0700
867ec79a5c2f7619cb10546b5cc7f7bbc7d61621,2019-10-27 13:44:00 -0700
5046ea13a97ba68f5a2fc40c7b220e0394be9cc2,2019-10-27 13:43:25 -0700
f130f5b7779e21b0a04ad292a2ef433513abe05e,2019-10-25 12:53:25 -0700
336174b0a4438ed68cdb8e208833e380adaa15fc,2019-10-22 11:17:28 -0700
9f1598e7f9c3409e2ce38365f928ad6d5d58e485,2019-10-22 10:47:52 -0700
706c7772d6f6151a04be883d10d49f3d49adf63d,2019-10-18 17:01:20 -0700
84dd40dc873544c4842bed20bafd921181465f49,2019-10-18 15:06:10 -0700
c26193e2b63aa08127c08ad186dcf7822f022e93,2019-10-18 13:20:07 -0700
ad298bb286a586cd6b48eb0b5c4fdd8405ca71d4,2019-10-18 12:41:36 -0700
a656a7898f1fb7818b10f60db905fef07cbdc077,2019-10-18 11:28:12 -0700
abe41004bb252460e54a9640da5bc34d87a61e79,2019-10-18 09:06:20 -0700
281e0d779126e11cadea51f423abbf303ce42da9,2019-10-18 09:05:38 -0700
4ec95e8f89f7f47ac494668139f922f861d96093,2019-10-17 17:22:46 -0700
5ddbf195cf05dc52ad14f78c27c1b5b73bd4d833,2019-10-17 09:39:48 -0700
5bd52a134d5140d4664fdbab77aa3d4d75913444,2019-10-17 09:22:38 -0700
b07371ae3e6b59fdcbdcada60591bf3d3d7eb7ff,2019-10-15 13:25:17 -0700
1bfab96f6d153fd40e90bed9301775c84ef6b5e9,2019-10-15 09:36:42 -0700
789eba39012b7a18076e09662af7624101b0e060,2019-10-14 17:59:45 -0700
37680f88b71b69413313ecbb17055ade2d8a464d,2019-10-14 22:57:57 +0100
5620f119f43d40cb657ed605ae6c647ee03e8a79,2019-10-11 23:24:29 +0100
cbefc10b5b3fd4f8e4f92251b439eab3b64ea14d,2019-10-10 12:18:20 -0700
a7d03057f35aa484cd40ed855c4bd50c66e22085,2019-10-10 11:21:22 -0700
1cd4c77e0d3bf775fffd52adb35971dbb2ac152f,2019-10-10 10:42:57 -0700
2219c86ec6dc5512b2e581f500125841b1b56226,2019-10-10 10:27:36 -0700
39c2a78107f52dda1b38c6af4d5d61f2a99c0f5a,2019-10-09 13:38:10 -0700
3cdf50e97b64771e5af81fd82427ff7e4b791210,2019-10-09 19:20:34 +0100
502132da3bc628aafd3b6d7fb89f564fd04f2acc,2019-10-09 09:19:50 -0700
79a7b69664cf54b13133513c0ad79bdadcb78adb,2019-10-09 09:01:56 -0700
fbf7bde928a646b3f0d335a3c3d2953275e56aff,2019-10-08 08:35:15 -0700
57b10995aade1362e582cef68b20014023556501,2019-10-03 12:19:22 -0700
c79706052a2ec3f261efc621214792495312154d,2019-10-01 08:48:28 +0100
770f84325f2810bae3b48a6e1983d6a8135cb7bf,2019-09-30 16:03:10 -0700
f4a2f408c90933d27185a48843548e45f0abc2dd,2019-09-30 15:09:41 -0700
a97fbca5f65004fdefc0270b0d79672eda5cba14,2019-09-30 10:53:27 -0700
4bb65c18e9dd89698891be99cd9ac0efab85cf73,2019-09-27 09:53:59 -0700
bd9f8c0b544a82293262e5eb924b9e081b28a1ba,2019-09-24 16:28:00 -0700
c2435d64709b9657768f35ae5048c9ef4a352716,2019-09-24 16:24:16 -0700
f7bc07d58957d088c766cba845a630594c99f0c8,2019-09-23 10:53:38 -0700
8f8605e52c2650c8f33304a043e137e9dadbe016,2019-09-23 10:40:17 -0700
88095af91dd00e28b6e2a8a148b49022b0f3c9e2,2019-09-20 13:09:48 -0700
a509e43cf93d223a3925cbdcc5a0df4ac997b889,2019-09-19 17:28:39 -0700
77799ff4d52e26634c94655dfd6a7ecbb37069af,2019-09-19 16:56:00 -0700
78ea40c1fd6f5772e79800b7056edd72239b6ccc,2019-09-19 16:53:10 -0700
5ec573151d11ba3952f65871b7e116c0e2953408,2019-09-19 16:13:05 -0700
64fff877134842f499c8a4aaa24d5ad24968cb4b,2019-09-19 14:54:20 -0700
55cd551cfe82a3b79e36a7411ed7b783bc28261b,2019-09-19 13:19:24 -0700
433f169e9d0b10688d395abde64c4b6461d35ca9,2019-09-13 17:53:02 -0700
c5542826e3267b156591d65c95df221c56ad2dca,2019-09-13 09:49:23 -0700
7dadd1aef55f8d0fc5ca65bdee36c8a810069e89,2019-09-13 09:09:31 -0700
042c7926e304ffcc4963687dc1d21e7c8c96a0c2,2019-09-12 20:59:39 +0300
adfa2a192c7b6cc2cfcab53bebcacee3357aeb45,2019-09-12 16:55:15 +0300
245d2ea73257f2bf05e1b5f3d0f7630b0b18f137,2019-09-11 17:30:06 -0700
88ec4923e90d56866ce8010e7e86b3062dff05e9,2019-09-11 17:20:36 -0700
776210e3e49591a47c5d3d93ecd6d5c8b22e19b5,2019-09-10 15:57:46 -0700
4d8ae52cd06b288a54f3328dd26d6f1b267d1892,2019-09-09 11:10:16 +0300
3e8a0929e0fdd1b7e801473d43aea0312f3fa6c3,2019-09-06 13:26:19 -0700
fef67332585a1e5e45b053448107b922bca1cd26,2019-09-06 13:25:04 -0700
b4b3972f68862be246fdc84a129123ccd54f0436,2019-09-06 13:24:09 -0700
93b130f4952c3763e2235edbb417134682e870a6,2019-09-06 13:22:52 -0700
1c77e99c00a4d54e993beeef0d1e16316f69c37f,2019-09-06 13:02:29 -0700
fd61674cd8f39d59175dfb678f99fcee8e87a498,2019-09-05 13:57:07 -0700
cd80d1728c8661f7e0d38a952feda543efafc473,2019-09-05 09:19:54 -0700
7cf4d1ddb07fdb3727a76fc985d233ca879f35bc,2019-09-04 16:56:55 -0700
44ebc5bf7f38c0f12c8f0267a42b6a48ce6a9213,2019-09-04 16:15:46 -0700
d158818cb90beed3298be48a0a9de2366ba3cdb5,2019-09-04 10:51:12 -0700
32ac506ef5bebe5e0d6bbe117497eabf05f758cf,2019-09-04 10:00:31 -0700
03399cbe9a2255db317145d8280123ffdb8e227f,2019-09-03 15:11:21 -0700
63000d1cd49f5a2429a628df72dc909c1ecadfb8,2019-09-03 09:23:58 -0700
029313ec60b48b00c28db1820a8a63a6e9b1964d,2019-09-02 14:22:01 -0700
cb173335edf88053a614edecf7cdd4eb5509cc2d,2019-08-30 09:42:31 -0700
7d80446734fb7ce0cae7a6d4ea402839e44fe165,2019-08-30 09:41:45 -0700
87fee83b1ea78a7b0d837e075b3786b3b41cc6e2,2019-08-29 12:05:40 -0700
ae0192a3dbfdbe1375a2fc9779fbe686c49eb163,2019-08-29 09:12:59 -0700
1af30bbe46b0419c85881628117d39b8bec16b12,2019-08-28 14:12:10 -0700
d1f0b540f5f14f002be86133ef9f66445f7e0926,2019-08-28 09:05:24 -0700
811ecf5c482b73738c37e3609bce612e80f044db,2019-08-27 16:13:30 -0700
5219159ba9c66a9b80486fef4d7169bbdaf74219,2019-08-27 15:31:59 -0700
83b1b9e9c96a9f3ede89aa9d8cb367e3f09f347e,2019-08-27 14:54:05 -0700
87584dc9048342e0e0f4eeb8e2be9dd123d518fc,2019-08-27 12:50:00 -0700
8c0f53bbaee86dfc0806c649484dce400f39b2bb,2019-08-27 10:17:02 -0700
3c3460433d2f4f5601dab2aebad870e9b3abdec4,2019-08-27 10:16:08 -0700
d7c7d0fbb28d711a4e4320c596cfdf4ce1caf93d,2019-08-26 15:53:53 -0700
53d09106a3e643056ad67cb7f9193b44ca26b166,2019-08-26 14:24:08 -0700
33e340fd1fc9c2ed06468abcc5dea8426abb54fc,2019-08-26 11:21:12 -0700
e7197a7e9cda676ddce402a258ca6e3ebfb2dcad,2019-08-26 10:23:12 -0700
6cac41b9f82ab131448a5d1bdec8522576e9471e,2019-08-26 10:05:55 -0700
c9a4ae4c524375fed232cf38da810750f496fedb,2019-08-24 13:45:20 -0700
960970213189f4223fcec23385cc1d3fd42c0c81,2019-08-24 13:00:48 -0700
d071be7f974558e06d1b6e0565c65c2f98d47e96,2019-08-23 11:32:21 -0700
ef546effa0834a9279cc9bbf9f86fa0166be71a5,2019-08-23 11:27:55 -0700
92b5b450bbf3c392785b45b97446f88ed2d5b6c5,2019-08-22 12:12:56 -0700
e1562f5e594bf82ce7c9514703a9f65bcef97d3d,2019-08-22 11:40:14 -0700
a49eee6dbcd70124ad85e5aa0e96f892f787aa51,2019-08-22 11:38:30 -0700
ff336037fb4eeb943c2107346802c7deb97dea05,2019-08-20 09:40:43 -0700
6dbcc4a061847c7f734d5843c01c1289f77513d4,2019-08-19 17:34:05 -0700
36d2bf0af586549be4e4d4893685183f05a15edb,2019-08-19 16:52:36 -0700
7acf14193544e2ba529bdd53f5e7bcf3dbe9b559,2019-08-19 16:43:51 -0700
dd4004b0c8e6df7174a1f083ff8240d1b6ad7e3f,2019-08-15 09:43:09 -0700
3889f5b7241cd52cdc73372d8f0ac4bdb04b30de,2019-08-15 09:17:59 -0700
ead1a5c56619e01b671f00c93341fccdd5ff988b,2019-08-15 09:17:35 -0700
c46831c47c6b9a5456d0296b01208432df7287dd,2019-08-15 09:15:55 -0700
90f055419cdf2323fcc82d08c67c0061cebf2691,2019-08-14 16:40:37 -0700
94decf286534f87a018a727ab0d7aee583c721c4,2019-08-14 12:40:26 -0700
40c142b77b01e2dee647ca8a84dd1c4494c24cdb,2019-08-14 11:24:07 -0700
7bdccbb8d847fb49f522a434941e63422c7ccebc,2019-08-14 10:03:15 -0700
1b0b9c27f90d710bbc95b07c41c99b0eaf36f045,2019-08-13 17:18:52 -0700
a7364536c71d9e1f794f47b72eded64b140f4f0d,2019-08-13 10:23:55 -0700
5233fd4a2d6cf3b29d1dcfb6095b2955e38cbec5,2019-08-13 10:14:23 -0700
5cfc119e589a39726d00371ed9d11d3a21b21ee4,2019-08-12 11:59:17 -0700
ba1b97e6c9fb14fab61a26f3262e923348e764bc,2019-08-12 11:11:23 -0700
c81486e8bb196213c7daf0c01f9f8162e1be37d7,2019-08-12 11:10:21 -0700
1667a658434bbb2745053443235e4f980fcbb51f,2019-08-09 12:26:56 -0700
a9149a248335bd0928b2b1a42fe88fd2832ca925,2019-08-09 12:25:25 -0700
b5446e4f1dc8ac598db9d1fcae58d8b7369ee071,2019-08-09 12:18:43 -0700
ce226cf8ba851641f789d36bd2077925e63ef65b,2019-08-08 13:06:20 -0700
80519eef25733d1a32950e7574901d1ed8b30bfd,2019-08-07 10:56:16 -0700
d8ca485d50a64ad6209deae93948c4e75f139e76,2019-08-06 17:54:46 -0700
c0a7ea9839d3c477f61d6e4674da02ea2d80a4a2,2019-08-06 17:33:23 -0700
db74f620a16b1a864fc6a5777607f7cf60a4ba8e,2019-08-06 12:41:53 -0700
5d8c01dab52182f9d0e464d36aa5bb7f2401f213,2019-08-03 15:28:04 -0700
07f9b4b00b72882657b1ca5b564135ebe054512e,2019-08-02 12:14:52 -0700
f71e9de1a9a340725dd0f33d994b41bb8ba9136d,2019-08-02 12:13:08 -0700
1a9bb2c4863ebf363e5aa347543125d3c184a32d,2019-08-02 10:52:27 -0700
30d45f88d1f10afdef0884b89860e6fd1f25365d,2019-08-01 13:50:10 -0700
62d09d7fcd9bc50f2a691fb4ad3dc73bc3491807,2019-08-01 13:48:02 -0700
a7bed2bfde9ca0a179790bddf7e145c9eb6dce71,2019-08-01 13:05:56 -0700
26765c8f0f6986c7aa8b7a2e456cb7e85d2e23f5,2019-07-31 17:20:03 -0700
fde0dcc58e795281632c219415581f854a58be99,2019-07-31 15:36:26 -0700
a7c2d0185ea3aa9593d06c0f15e29c5cff9b4ce2,2019-07-31 15:16:26 -0700
c7bf199c2ee1e5aac174e9eed51ff263bc4683d6,2019-07-31 15:02:24 -0700
b1799908e86e03903379b8505d8a444752a0d64d,2019-07-31 15:02:01 -0700
c56c0b8dea642d1970c014c2e3c91d092f4dccbb,2019-07-31 15:00:11 -0700
1dda1ada9c5b338fd0383b7f528707b8506c49a6,2019-07-31 14:44:05 -0700
08e087335203864b031fa85bd5296a9f5f535b50,2019-07-30 09:35:01 -0700
f4fc8ff7ef3495880ef6b360966f9c67544a4386,2019-07-30 09:31:58 -0700
c36740be1eed8f1773b9f48bcf498f56dc784d84,2019-07-29 12:09:21 -0700
5366efedd7cee903da7db1624901484c3c6c6f9d,2019-07-29 10:01:09 -0700
77a456a50da6c8ba0d77d7dc858b1041625fc158,2019-07-26 14:51:00 -0700
daf062053a87b2333bf2c0d2cd3c3676ab264989,2019-07-26 14:06:30 -0700
1596d61d5aee12cb089affa7b9113ece74025e8d,2019-07-25 14:30:47 -0700
e2bdf33c947a5982a99dad4736105a4298345544,2019-07-25 14:25:52 -0700
66fa0482483e459b214acca055a5164ee44db3ac,2019-07-24 13:04:32 -0600
9ef8695af2a431d8ed87d4d5a9419b05287d67f2,2019-07-24 13:00:13 -0600
2082aad292ce5dbfc2750cef6482ed615c7a3a4d,2019-07-24 12:50:22 -0600
e0f0776130284d4123a5e61cd3c6affec3e18718,2019-07-19 13:12:58 -0700
86c3d030cd45ced15f382f9f37a349fe3f874a41,2019-07-19 13:12:33 -0700
cfd2737d30f31df4d4b664a54efa5b7ee0b93aca,2019-07-18 08:56:56 -0700
40bb3c077a90f0094673e8b59afe59911baa2de3,2019-07-18 08:52:49 -0700
d105abcb910a6de9a33b5ece61ac27f753044505,2019-07-17 16:37:04 -0700
6c19a3eb227e04c7e2bb0f68706fe0581975c465,2019-07-17 16:23:44 -0700
5679b67b0cf641146b2f3da208f088cb883156b6,2019-07-16 09:48:27 -0700
33a38826f6c104e52981df15d49f1ee420e04c49,2019-07-16 09:44:16 -0700
ce2d817f10a7db0c446cee70139562b4e0efc738,2019-07-16 09:15:52 -0700
c2957eb45cc4ee0756d11ff9a9567d3f1cca0ba4,2019-07-15 10:43:20 -0700
089343d52190e90a8c2975747b375d9ede8f9de6,2019-07-14 21:40:06 -0700
b77b253ca8281bb271211525f29088f480426569,2019-07-14 12:09:39 -0700
58c71e899c4c5814794c2fda74872a3fff87261a,2019-07-12 13:35:48 -0700
e4c6fb979003b1629961b0c950ec6acec994de3b,2019-07-12 12:55:36 -0700
3587a3d9048d9017da19e04a3dd449acb4b8ba8e,2019-07-12 11:03:12 -0700
bdd7fa470434d484ba5c8eb27a73055976be2804,2019-07-12 11:02:30 -0700
4307dfd2866cf0ad1630d8539868e1a8727afe5a,2019-07-11 13:00:46 -0700
13002b534555fbf1b43ad824e7757293e8b49cf4,2019-07-09 11:03:21 -0700
37e33ce2b10d76d45c689641c1882bcf6e72829f,2019-07-08 17:36:01 -0700
2a68bc5e087d6d78702101c24b6e95c5c229b388,2019-07-08 12:45:17 -0700
566902b9985bfaffffd1a81f2fe273f7549182af,2019-07-08 11:34:15 -0700
08e3f2d2b0e4960410c4375084288604361cfda5,2019-07-07 11:36:27 -0700
dc160c6964da829f64f0cd8f834b89af31d5cced,2019-07-06 13:07:27 -0700
3287fee28359d303df28fef6fc9ea7b95cfa348f,2019-07-06 12:01:03 -0700
c2ed58cc2c5fdd58a4b71991c0d842e68406268b,2019-07-06 11:40:00 -0700
d8334d3a6e468a34a9bd23d22c9bce56b24e2b37,2019-07-05 16:27:27 -0700
cc66090c5e04377d13928b165f7284b031ee2306,2019-07-05 16:24:02 -0700
b5c23ebe3d2e9c3585b85cdd4c5b5e453a39a3b8,2019-07-05 15:15:55 -0700
91ebdfb5cc82a4ed256d18eee73b1c71350642fb,2019-07-05 14:49:59 -0700
adafbd07d80d2a417d0a12c03b9a566db6003319,2019-07-04 10:21:54 -0700
b898129580d1f97eaabba64a25832cb11c607292,2019-07-02 08:39:00 -0700
e133f537c309270dc251f8095a141fdeee30045c,2019-06-29 08:00:44 -0700
1e887077b0db0e018ed29ac3c7db0fce498cbd1e,2019-06-29 07:15:55 -0700
846d1e4db2e37fa352486e522dfa64f0fa3e04ec,2019-06-28 08:49:06 -0700
d6d9e4d37533bddfa532defd47545f9b2be07486,2019-06-27 21:53:03 -0700
0047bb6d1b9a7ff5160df0365d0e5aff59cc544a,2019-06-27 21:50:43 -0700
5aa9542eb87ba74f955e392e3a81a145e105ed55,2019-06-27 14:10:03 -0700
a0738e5509fc2031a3a4bfb6ca344d08a1122c4e,2019-06-27 11:32:37 -0700
3a1aab05ed004c0e03ab4a1fd22f4bd8937d4bcc,2019-06-27 10:09:46 -0700
b3d3ab9f69b8f32153068c40fe7460059ec519e4,2019-06-26 16:29:16 -0700
37f6a20f324b23c26773b24259ee78d067d41323,2019-06-26 08:30:57 -0700
5f6fc3be3400cfae858a938213ba8516acc983a5,2019-06-24 08:57:49 -0700
2fd3567176317a6ce9d27a6f0dcb265c04f8ee55,2019-06-23 13:27:44 -0700
adb364f561c9e874c74ec6d57820bd188a29064c,2019-06-23 13:17:34 -0700
601de88e656a24e81bc4a4a6a394004e42f1fc2b,2019-06-23 13:11:00 -0700
97485a098eaf2e518366495884105ab9d8c0992c,2019-06-23 09:52:11 -0700
c758165f457d89264344310c532329cc1554be39,2019-06-22 18:40:02 -0700
6075753b34f6e6d6bdb8872359e4444e881ac34c,2019-06-22 16:51:26 -0700
930ebc757b593edb3bb16357ebf3a19f01193e1a,2019-06-22 16:08:15 -0700
2bdc6debeb1cdcbd44f5c1d20cc40a1a61e9cd4d,2019-06-22 16:03:26 -0700
57e9bd09b0d3ff0d67d320f232946d150b877a41,2019-06-22 16:02:44 -0700
4b621b77161524ebe65d3e1b7529810e00a38878,2019-06-21 09:51:22 -0700
33b4db66261d68428a3e7ceb55f0b9b6718e133b,2019-06-18 15:16:27 -0700
68f937c5a3ebf5c0ed89d4a41f87a5bd558e62df,2019-06-18 15:16:06 -0700
d5a7443d30577f84516aaefc0d4f374689287020,2019-06-18 15:15:18 -0700
9881f21a28a3bb189c8df94791389ccbc35390ab,2019-06-18 15:14:37 -0700
4685dc8efc9932fade62321279751427bb5ba717,2019-06-18 15:12:48 -0700
a333ea1a96a8d21fb15b2bd4d55cdcc34f5b6031,2019-06-17 12:04:57 -0700
8bb535ef2f6858e9c157db57ae32892207f77d1d,2019-06-15 10:57:03 -0700
177b63a63face221278c6536835df8685811221a,2019-06-12 15:18:52 -0700
649cbdde83693ebda8e8dc6e75857426d25414ec,2019-06-12 12:59:00 -0700
d6f907fb704f919fc89846fcd7af4b679c2efd6f,2019-06-12 11:39:06 -0700
4691809bdf6e291bc0dae8daf946e7ac73322952,2019-06-11 09:40:54 -0700
6ac23e03735d4514480a9f0155200faf7179f21b,2019-06-10 14:22:35 -0700
864d79041f09d44fa1e50a7aa3237344a2880e5a,2019-06-10 13:48:47 -0700
d687f96beb4e0b523ae86d814a720fdbc0299b4b,2019-06-10 10:36:27 -0700
9245abd248fb4e37b6eca39aca8bfab044d815fa,2019-06-08 14:04:14 -0700
42a1aeb19264aee7cef66293d69c54c3d0f0915c,2019-06-08 13:52:09 -0700
cb600c6f86a3f320648f2dd02e91794eea462a17,2019-06-06 14:57:25 -0700
0daa242746d6d166905362104a44cd426afcda0d,2019-06-06 13:39:05 -0700
4c840ce9c68b7a9a4ddecae5b8208edaa8794fda,2019-06-06 09:31:13 -0700
f2e8b78f6bffbe953f05547fed5ee572a658fb17,2019-06-05 16:30:37 -0700
7cde6091d8970f70fecee29d39797a9d562ff9f4,2019-06-04 11:29:34 -0700
4a75dcef61f8736430d7b83293a1e7c58edc3a89,2019-06-03 16:23:24 -0700
b847800ff7df9737ea99ab3d54c04e4188bd5a0a,2019-05-31 12:27:18 -0700
81f29e2f80cc2e6b3b6f715573893aff696f579a,2019-05-28 12:40:04 -0700
87fcfc1730deaccb7677c50b16a47e9b95e98c50,2019-05-24 15:30:29 -0700
462bd310a274093daba1edef00eefb236c20ae62,2019-05-17 12:19:29 -0700
549da809490976b53a13b14596dd240ed74bce5e,2019-05-16 14:39:07 -0700
6d11edd196c6ba7813af2145035787ac2b41ffda,2019-05-16 13:15:37 -0700
b7b781d6dd8c1f7a2ace15cf190c57d84579316f,2019-05-15 16:21:30 -0700
81ae930c61f708191aa1f30a787e4a3d10def6f8,2019-05-10 15:46:10 -0700
a534853b1d40bebd4227943f1abe5e29264675a2,2019-05-10 15:45:44 -0700
250d01a4ebd3cbdfc192217dc063ec4fe421a685,2019-05-10 09:00:46 -0700
a05e1699f0cfc78bb9c37556b1d797b3436eb51c,2019-05-08 08:54:56 -0700
1e8fcb080a8b3d9b0fb8f608a3209d43b2158855,2019-05-08 08:53:44 -0700
5d781f19ad0bfdba2523c8483d51bf3cf31c7d81,2019-05-07 16:47:30 -0700
1e89a3bb11644241bdc7b75b72570c01e96c40c7,2019-05-02 11:35:46 -0700
36631d14a3290a6a08375420e63e6982a9597567,2019-05-01 08:53:18 -0700
9f699a794d26648c00e2f7808420666159e6286f,2019-04-21 13:28:19 -0700
11db393d4640f03b0db37a53459313e87eb8bbb1,2019-04-17 17:36:28 -0700
2fdc6f72294ab6bd6ff781a0dd1726302bfd91cd,2019-04-11 08:38:34 -0700
2c6d13228810fc20a8792e40c645ea35efda9c5f,2019-04-10 09:10:08 -0700
82365dd5c0d90b868805328a89d820d4c605ba53,2019-04-08 17:17:38 -0700
84675a8ed5d600921adb886d50d42acc6d5252f8,2019-04-08 17:16:28 -0700
664c8e93b3ae2383c970c9968f446dd94e391cce,2019-04-08 09:19:18 -0700
0dbcd5cfb141ce638604645dd5112802eca0567c,2019-04-05 16:10:04 -0700
d477de331753cd529768e2e0e80acb32a63f84b8,2019-04-05 09:15:06 -0700
a2d0b6e686c9bf8b87bf13319ef81a521ad718ee,2019-04-04 15:24:38 -0700
9a419df715bc206c4b3cef4a4df2bc65f2512370,2019-04-04 09:25:24 -0700
ecd35afa436f093656fb66c981a51a56ed687af0,2019-04-04 09:24:01 -0700
b80b6d5b217b3bf50488b02c36026f22473eff64,2019-04-03 10:18:31 -0700
439a20d077f1746564f2e203e5904cd314ea8550,2019-04-03 09:12:28 -0700
c53d4bee440ed8671b68a74f7c71662d14561359,2019-04-02 14:36:09 -0700
a5d2a5507c8626c7e659ee54ab1fdb0152ba705c,2019-03-24 15:55:41 -0700
3b0c2cc83ac2b99c839f7aac0b640ea518969443,2019-03-24 15:46:11 -0700
783fa7af5d68ca6ed32d00b464b9049d9d42c6da,2019-03-24 15:44:37 -0700
c8df297c27e9da954e4ce5bb6ea9d0d86b8bc78b,2019-03-24 15:29:13 -0700
c20927801a369104e5ea510470e1cf7c8e28b808,2019-03-20 16:25:05 -0700
c383dd87a89e35d622e9c458fd711931cbc5e96f,2019-03-20 13:48:35 -0700
5e6bf4adbefe8bffb16675ef68601e4db5b0d942,2019-03-19 15:41:51 -0700
146094ac0b601e90754bd0d992458c14b8da2edd,2019-03-19 14:03:41 -0700
9ad57b768f118d5b8099242c41fd5fafd9d91c55,2019-03-19 10:50:42 -0700
5e37ff424a7be3a5ac107421d41e5df8c0dbe33c,2019-03-18 17:46:39 -0700
7169e21fc4948ee079191a23dc7a4ce271d1224d,2019-03-18 15:26:31 -0700
11b523097f086beadce891d9ce7349432923594a,2019-03-18 15:20:49 -0700
df5c3f5cb0f7786eea52b4e7782b55807611342f,2019-03-15 17:50:36 -0700
0158b6da1dfaef026a997d399c77aac98efb72cc,2019-03-14 17:25:55 -0700
e8c5e1812f44fecfa1f8706f942a240a1b42abe5,2019-03-05 16:43:39 -0800
e4d1dd649cedb18dc95b6eb2d1a529266469c8f6,2019-03-05 16:42:16 -0800
a90c7acca6cc8aec08362b8c193f89b980a8c63d,2019-03-05 16:23:48 -0800
1a78ed5de193f0b7040e9d7da6c0da5ba96a2ac7,2019-03-05 16:21:16 -0800
460d08099fb285e184109b2cfcea9b50c0c5c8ce,2019-03-05 16:13:27 -0800
8d92f92d411a9397874191df2308adccdab71f83,2019-03-05 09:47:13 -0800
4cbc4f04ad144517c6ba26a4f2169c32c144471b,2019-03-01 16:19:50 -0800
3c72c06fa4b48aa827faccbae7e7a7b799059111,2019-02-24 11:03:35 -0800
b25c1a79ca880a652c4d2d3f3e1a2e23447c60f6,2019-02-18 14:16:55 -0800
e66387134462f0af8689163830eba4ae289800db,2019-02-15 13:24:33 -0800
0132d4e4e9b244ebecf17c3d14a6e35d83fe45d2,2019-02-15 13:22:21 -0800
c8e831621272098c63db1f79bbc3596941f24354,2019-02-15 13:22:03 -0800
c0a03c314700e5516418a64e0e7e5a3e659ee7bd,2019-02-15 13:21:25 -0800
38b6d5fa30b9cb6125ed8df38a5ffd6c8961dbb4,2019-02-14 11:29:01 -0800
ce457ce2e0d02973d0386c067e17fe5b886c823b,2019-02-11 10:01:35 -0800
65ffbc40db4322e44beec4cedb291c51d542044a,2019-02-06 16:05:42 -0800
022fe36ba4afa7f22231df7a544eaae915a5153b,2019-01-23 11:19:16 -0800
2621704f8be76d54803d70e32a99c5f0ca0eb5c8,2019-01-21 10:43:46 -0800
3d4e919419b74856e8a5f320d0d63c612d815db3,2019-01-16 09:50:31 -0800
0dc35923a7bdadc4946e7b6fb85dd680844c1362,2019-01-16 08:29:52 -0800
d6929a16256de71c951830ebcb60933adddd5151,2019-01-14 13:45:55 -0800
18c8c1e459cb2d9d61d751630d4aad08020a8a01,2019-01-14 13:45:36 -0800
04f560fde8bb9d2407dba7bdbf5703a50e7581d4,2019-01-14 11:01:24 -0800
de29e3401c1b63e0ccd28cb94d6695b658d0ce24,2019-01-14 10:55:57 -0800
162a363caf6a1b0b9acbd89446aa3ed2d07435d4,2019-01-14 10:54:57 -0800
6a4924dd02f7131eed7782b0e2212f046a50c56d,2019-01-11 12:33:35 -0800
67fbe5da00c1e3da5893c462b4b40e274b4b1fba,2019-01-08 16:55:54 -0800
1ca5599bf841d86717a8cfbad6c7f3e0e8be48f2,2019-01-07 14:04:54 -0800
234f49ffdbae82566ef8971679576d8702571fd6,2018-12-21 13:58:12 -0800
0de4ca4a5a3d8d2fef73fa5957fad1cb072195a6,2018-12-20 12:05:58 -0800
4872924927bfc080968260cb5d158b9cbaa227f4,2018-12-20 12:05:31 -0800
8453b76fb45821f47d7e53e5b6182b54b87b6911,2018-12-20 12:05:12 -0800
ec31b27c5296ad73765939763ca46bb2d43ae140,2018-12-14 10:04:17 -0800
b52c86e2d4e017ff2e83e501fce2377e35ad2118,2018-12-13 13:18:37 -0800
9fc8f0e63353400ef5b4bce3ee4a2446e8ecc6f2,2018-12-13 08:40:17 -0800
26a3e4afc05d09556748342888278439a30b455b,2018-12-12 13:50:01 -0800
0342f23a37d25c4e80c0cc0d82acae2c673e062d,2018-12-11 12:36:59 -0800
7c079cdac0a53421980972d01ce84ba81ba563a8,2018-12-11 09:14:45 -0800
d8e3eb5c453ce891a90d84e7ba87c8551db02b7f,2018-12-10 09:56:58 -0800
dd009546eb291e19320aa3fe7bf49e7813c6a72d,2018-12-10 09:35:15 -0800
9968a409b52074535253f9d9925aa28f0d496cb7,2018-12-10 09:18:50 -0800
06e30dd96eac4f2201065da4a8f84fe922941884,2018-12-10 09:16:05 -0800
93f8f18f23d4f40a4b2c67c18ee482878c534a53,2018-12-06 09:49:59 -0800
8713fb3401cb44e8dee2d244b1eac6b6e9dffaa0,2018-12-06 09:45:39 -0800
54f9a0ffaa0cc69a25818fcdfbc9b8bfc579fe67,2018-12-05 17:20:06 -0800
fd8a162e4d39aaeaca8da61a96ed62d4f391dfb9,2018-12-05 11:53:06 -0800
f9c8cde7f33c36520b6b2c82774a66d284cd6757,2018-12-05 08:43:38 -0800
eaddc61473e97ccd0dc10037597dc5d2f0ae72db,2018-12-04 17:02:33 -0800
545a2bb3aa8c7e4e5aa83bbbc7d00d5df86d6f46,2018-11-28 15:31:26 -0800
880613e0682ad5de6dc3857ab254bb3f7060cc9d,2018-11-28 15:30:53 -0800
1cafa4b58409b0ca3284fd33345e7914388c2c07,2018-11-27 11:22:16 -0800
37cf3622248bd1ca365e0ca40857bd0c138e6f81,2018-11-26 12:14:54 -0800
c47b59e8898b0d615c2dd6fda6b0985861556f95,2018-11-26 09:37:44 -0800
7a84404a6ecb567a02e8840b510f3b78d57e3b5d,2018-11-20 09:16:23 -0800
266b78d4b46ec4bca36360549a5b60f6e4da3be2,2018-11-19 14:02:26 -0800
1bec13a954c29f8cd09719a0362c0b2829635c77,2018-11-19 13:31:41 -0800
973840adddd3e45a762a23a9c66b810f2c9dc225,2018-11-19 13:03:03 -0800
17e966673bd96c0e9fa88e8ce60273b3cd1ae44b,2018-11-13 11:37:58 -0800
e968a25b5f09f97120d19b295d2d8d3be6260aa0,2018-11-13 11:28:01 -0800
535cfd54bd13d1f9b80bff3b365911fdf1b1b180,2018-11-13 09:58:43 -0800
06d16af762b2bf5072a7aea432488e3b0894003d,2018-11-12 13:29:23 -0800
3715951b46a055e64c76e001d749596a8def1dcb,2018-11-12 13:14:24 -0800
4ea5b54d43923e9316573df461ad4f9d1826e154,2018-11-09 17:31:01 -0800
9349a259092a154c7b96c8423df03f6de6805520,2018-11-09 13:02:13 -0800
857ec192d03d3b2662ad6c2955bc39cee05e7d04,2018-11-09 12:49:18 -0800
f8f793dcb81e504a1287cb7b71fa26448c7b46a2,2018-11-08 13:34:03 -0800
802015f37d4cbc6f9e309d5705708b978fdf2983,2018-11-08 13:33:56 -0800
9d9670f6ade44036bf4a3a481df8104eedbfecd9,2018-11-08 13:33:51 -0800
ce7aeae0e19771a722662a634c4cb82c39e86209,2018-11-07 11:25:06 -0800
a0ee2975adcb181dfbff8e8ae1463a340e3bf0ff,2018-11-07 10:08:10 -0800
dad8b1c7a8ec25ba9f08ba7450e1f249c246d5c4,2018-11-07 09:36:42 -0800
f7771baf9036760f5d5efcac84aa02d70f4ab9b7,2018-11-07 09:35:33 -0800
858ed4ea84c88d1a24f8f1c84c6864c81e1b73b1,2018-11-07 09:34:39 -0800
20f51e769edd031b1005f88647d94814a9a61541,2018-11-07 09:32:44 -0800
8a497f607321a0e0e2d486d0879573ace7f81f56,2018-11-05 16:42:32 -0800
e8d4aae47adf72c7753c602fde310c6ed6bd5057,2018-11-05 15:56:17 -0800
195f764b2b37a13d1a88ac4b2a2ec1501cbbe8a1,2018-11-05 14:27:03 -0800
04944e65780d5c8b0982776054fdde82955674a2,2018-11-05 14:26:11 -0800
939ea5c5e56fec3a629e5c43b5088a09e6c9cdc3,2018-11-05 14:25:48 -0800
f89dabbc9fe0ef7b7b330fa26f21398ee39a3390,2018-11-05 14:08:50 -0800
9b3b239783cc00c25e033b4e469dd4f4001f6bae,2018-11-05 14:07:53 -0800
6861a9d7f0966d89143f2dfcbba003f98a908bd6,2018-11-05 10:55:36 -0800
138ca4cd7ee07a596a3fbc46f4f7c84b6d2d82a8,2018-11-02 15:23:59 -0700
796ebf2eabf1d45d21d240092f56b0bb97d2d856,2018-11-02 14:07:50 -0700
85e632b838f569eb5bb13f966ec2c98b74ebf728,2018-11-02 14:07:50 -0700
31b983697ee31d1d651958fa67b9eaf7ead5090e,2018-11-02 14:07:50 -0700
d5f2783002ec10b926e9ef2adc108d734ddc4f96,2018-11-02 14:07:50 -0700
05f5eba9b739f733e0772e1eb593da6e6a09f86b,2018-11-02 14:07:50 -0700
9013094800dc27542cd1778ff163b0318b3eaec6,2018-10-31 11:48:14 -0700
d25bfcb63789d88bf82a588198fd6ac1558cd928,2018-10-31 11:36:37 -0700
d02d59c1b224dafe59cc0634aa79ed876af811a8,2018-10-30 16:46:35 -0700
51b7318aa3ad4159400ac914f08f49f7a7367bd7,2018-10-25 15:05:16 -0700
7d53e0b4a7d17336423858c5239f9ed624d87c6c,2018-10-22 09:30:48 -0700
7d62752a99af513300d3350a7e4601baa16dc881,2018-10-18 14:43:53 -0700
c1f6603a4e3d73270034a9f92e135d482983e219,2018-10-18 13:48:41 -0700
f94d687755de0bdee40eaaee07b101e5d150c669,2018-10-18 09:44:40 -0700
486f5e449e2d5ca2fce534b0d95882e7c31c075f,2018-10-04 14:45:16 -0700
c449019bf3ef7b4461c87d335f8a228c80fc380e,2018-10-03 11:29:30 -0700
cdabb8df00a31726ee824e8841e6803f5905a2a7,2018-10-03 11:28:52 -0700
9966da0299f7068dc0a475b0c4a8ad2694d3452e,2018-10-03 11:23:14 -0700
3f3fe28baadcd2d988ff8aaba0b2cf1b80544e0a,2018-10-03 10:49:43 -0700
2fa672b2d4745fff50f7a9e25a926e6d41cba87f,2018-10-03 10:49:16 -0700
4544ba4b9228d3386f67f1a758cf69a25c83c78c,2018-10-02 10:11:44 -0700
1f9f897328b2d816dc8817b349ff37fb4f3a07cf,2018-09-30 16:40:23 -0700
59ea857d681c04ece65ad021de1e10d4266ff138,2018-09-30 16:40:23 -0700
c0ccd8aa0f9fab9d202df4b7fe403bb2f51afb73,2018-09-30 16:40:23 -0700
718b85d3046561b0d046826f2733021a9511099f,2018-09-30 16:30:07 -0700
affaff73bb581cbf143e86fa10bcd7bb2a686d67,2018-09-28 12:06:34 -0700
df926f2fa6be8a244d61bf61ca609095c6f4c91a,2018-09-28 09:37:51 -0700
7805bb02dff6bcff7906d4fc369dc4a135a425db,2018-09-26 11:56:34 -0700
7316c1b0b83749b720c796753b64bebdbba33216,2018-09-26 11:46:05 -0700
d313b576c0b73a8b5cd78cc497f9bd32d7dad13b,2018-09-26 11:41:42 -0700
94109758f105415fa8daecdbd158da2683e624a0,2018-09-26 11:25:37 -0700
8a27c1b9a2e25361af3158856e937593f0fb9cc1,2018-09-26 11:23:26 -0700
059bb5839d9e0bd896828a97fb06031d4ef14500,2018-09-26 10:49:19 -0700
b520f42806dd3d2e242d2cbb717b8c914db6f6a8,2018-09-26 10:24:02 -0700
ca535b3068af3e4e5610cd418252a742d683b29d,2018-09-26 10:12:02 -0700
87c470fd6e477c2177db297eb878c36dc3e7eb73,2018-09-24 10:23:58 -0700
a80a9431c6830513bbfc01946c5f3058245adff0,2018-09-24 10:23:34 -0700
17c8da9a5052eac046b8ed505178529fc0238ddd,2018-09-24 10:23:30 -0700
84f30def3bde3f51c62ff75e4c48a35ee296863d,2018-09-24 10:23:25 -0700
f258bfa1fa89239f0dae18ed49f911602954de1b,2018-09-24 10:23:21 -0700
c5c51e52eda6cdcd794e7817435687423c23d62a,2018-09-19 16:40:33 -0700
d2bf0029e44e9d988662f3350a5b903c803b0653,2018-09-19 15:29:51 -0700
9aea28aa49aafefce1294224be50cbcd0f65fcf5,2018-09-11 15:04:44 -0700
68b5204368505537087fc289a094cea5215bd058,2018-09-10 16:41:17 -0700
d9d95f6dcfd6a043f7fed33964d4c64995545208,2018-09-10 13:04:29 -0700
cc5a886c01fb033a71df0be813e21ea04340b1a6,2018-09-10 13:04:29 -0700
9355f7f5f8151dcff1116f17b0c6afd565c11e6b,2018-09-10 13:04:29 -0700
433facbad79b0b89e2e69ee6b6422045c183cfab,2018-09-08 21:38:51 -0700
9384bd6f91996986ff680c0bf5de17179ebd0a1f,2018-09-08 20:52:34 -0700
e08caf072c0dfbf45c8c4ddf1a8ec292bfe47163,2018-09-08 17:54:16 -0700
83dcb8b0901682b6aa7815ded44583449f35eb4b,2018-09-08 17:54:16 -0700
797a92c7bfef0710bb315445c409573e30320c9f,2018-09-08 17:54:16 -0700
b0001d63c0c848558c366a50b56d3a7a98c6adcc,2018-09-08 17:54:16 -0700
4999664faf478367f7cd56706ee82999c6c983d1,2018-09-08 17:54:16 -0700
a3b8f20881cd2e0e40fa305e4b7c40936077e54e,2018-09-08 17:54:16 -0700
96e609c80a580b6e4015f8457fb516d6bbbc077e,2018-09-06 10:55:03 -0700
b5af3fc4c1640c6d5fad77f1f115457668b3c614,2018-09-05 23:05:38 -0700
de5407e0c7dab4f34b1f1b9b43c040ace8819987,2018-09-05 21:32:21 -0700
9a5bf3c14356886a13c30b93a6af7db5728fd7a8,2018-09-03 14:56:45 -0700
75690291ad1c26b7500f0ca1f1bf1e87f6f17426,2018-09-03 14:56:45 -0700
41a3a68cdc3b4f33842b2b987c84360d64846cf8,2018-09-03 14:56:45 -0700
6a5bcc470e6dbece077aa30a921603c083064fed,2018-08-28 16:49:33 -0700
1e39b4159a968017142076a38e3d866df1d8c073,2018-08-28 09:02:15 -0700
c8439a0bac74d1837ff62d8a9ac5f27489601ca6,2018-08-27 14:58:11 -0700
035f24638fa952fb107719228b15faf815a34ea8,2018-08-27 14:54:05 -0700
87ce33fa12902f45be50d0360ffca1b89d0abde8,2018-08-24 10:16:29 -0700
8ac95d6b2a1f945457ed3c711608da43b35e973a,2018-08-23 12:09:27 -0700
6a6274a48705a4f233a54a9e0fe46cf23d9f5880,2018-08-23 11:18:28 -0700
972a9d77027e2cf8990e695f5f6f809a1c20b439,2018-08-02 10:51:33 -0700
4742b1d7a4da0ec788661d5387e1fee06a67006e,2018-08-02 10:51:29 -0700
5a0587df5c13dc29bc2cccb520ed825987a97d61,2018-08-02 10:51:22 -0700
613f186ece8886d1c6673cc45511af4766d91c6e,2018-08-02 10:51:16 -0700
e86bea90b9d0bb2c4ae6e06c9b55f9b15568c654,2018-08-02 10:51:11 -0700
542424dca7395b396af71d97405877d27cf47a56,2018-07-25 10:07:00 -0700
5300d27cc6e6f681e2e499ce5ee4269afe22394a,2018-07-24 12:51:25 -0700
d93919d9c04bd1637d40eec1475ce36d41d2ea14,2018-07-23 12:01:35 -0700
d044eb84788ba8c4559b3cb4cacc2cbd824c3de1,2018-07-20 17:47:47 -0700
db9181b1ce8b66f275780e05195d7e0b20350faf,2018-07-18 15:03:08 -0700
77a9ad7a07a6ec8938abdfaeda1b72d232352a9c,2018-07-18 09:51:32 -0700
f6ed7ab0ba5541c3b119985af6cfab222941178c,2018-07-17 17:35:07 -0700
cc54b2f29e9415f7d38b9e42c35c42721e5dc3dd,2018-07-17 17:20:33 -0700
53273231d628b84c916a83ed97c9d82753cfb46a,2018-07-17 17:19:49 -0700
fc4acf02e63e8c3e299ab940bf7fb92a3b4bdb14,2018-07-17 17:01:18 -0700
81c2e2c5b9e3ced1d6ab832cad95dc7c0e73dc29,2018-07-14 13:39:32 -0700
e3d16a74ad3da72f014ba756752e1190942120ed,2018-07-12 09:15:31 -0700
762d1864def8a01c5b5790d20a5f73514f0dae3f,2018-07-11 19:14:20 -0700
35899e73776c5b6df44f49d31cc8ab74da93c2df,2018-07-10 13:33:47 -0700
94f1aded76ab87a2d5c0d95d5ec5383da2ef8ec7,2018-07-10 13:32:30 -0700
024c40732a5e9fd8df26c2d9aa9a024928624f5f,2018-07-10 10:20:27 -0700
c865d46659b81d123a85aeb0efc4bad71f59c9cb,2018-07-10 09:45:06 -0700
b6863593191bfac76249a95d16ff7b910e5266f3,2018-07-10 09:44:49 -0700
dbba6cb87a46e91dc0ee6b06f7ce6edb55d6f508,2018-07-10 09:44:36 -0700
f73b675af2ebccd8cd03bb1b7985fa3018e5c58a,2018-07-10 09:44:27 -0700
78dd3e97689610d7661412d137a8a4f8beb87b45,2018-07-10 09:44:20 -0700
4078d57b13dcfa814af70f436bbff16b5a33051c,2018-07-10 09:31:21 -0700
0a28760ab7fb8f7d954f7bfad9c5f0b49ab765e9,2018-07-10 09:30:49 -0700
b63f3ecbf0c005443f90c35f6ad35ca21b832557,2018-07-10 09:29:20 -0700
db699139fa34ec59f9df389d53075a35c001903c,2018-07-10 09:28:59 -0700
8fbdb18fc41360efaf947c1c6f0ac38d53badb1d,2018-07-03 13:01:41 -0700
002097eaabf4a848afa6b99851b3e2de6ebb4ab4,2018-07-03 10:57:55 -0700
c2e1a29e36593171ed258d736021054493edd211,2018-07-03 10:40:02 -0700
377ac1db16a74694a2fdf1bfa424d98172c2720b,2018-06-30 16:33:45 -0700
2b417ffaabd00172a67436336a944056cf6beaa6,2018-06-30 16:23:27 -0700
ce2058a158ae1834db04f267497bcb828a00ca74,2018-06-30 15:25:29 -0700
7d0ee49bfb887ec30713943c609de747721d290b,2018-06-29 17:17:39 -0700
609e91bcc9f0a30c660439065feaad45bc0a4c96,2018-06-29 16:57:36 -0700
4aa5055f9730130fb5c175f46c7a3f01ea7b177d,2018-06-28 16:09:00 -0700
d972f45d93f12d554e1bf50e7b115b3fc8ec3152,2018-06-28 15:58:16 -0700
329427511c6ac44bfd022cf058f0942ba0be1874,2018-06-26 14:41:32 -0700
50b3ae20308fc686ebaae3267ce8ae507461c4cd,2018-06-26 14:21:59 -0700
5a445b88d9cbeb2b3695cc72d12cfbbfeaa5b4d2,2018-06-25 14:39:52 -0700
c01e57fb374196596f2a2823ca2efc82e9992218,2018-06-06 13:57:38 -0700
dfa449752aae59c81530d506a4151ff4c8c2d6a6,2018-06-06 13:57:18 -0700
35fe2f95be4a7c72f67b6f166e68d573bc346138,2018-05-10 11:38:23 -0700
60645579c4c4e6c8de89758ee22034667c4a8e48,2018-05-02 10:54:44 -0700
cc2da87f33b8c78ed3e4ffc3e7a63471bbc9d472,2018-04-20 13:56:29 -0700
0f9370b5d0346826296e3cbb6ada591760fd4cf5,2018-04-18 10:12:20 -0700
32530306d0bcbc96626f0313b3fb1718e1e8940e,2018-04-18 10:12:20 -0700
e22da9ee274221bf95745de2dd7f9032244b1747,2018-04-18 10:12:20 -0700
4dbcc7e972bac19911944dea1f0744f63e3cfbe0,2018-04-18 10:12:20 -0700
71d0657738fa6bdce4df0ead075afba77d93e619,2018-04-18 10:12:20 -0700
d8cecc411daf16955963766fa6336d4260e7c797,2018-04-18 10:12:20 -0700
a370d3d77cc70f9fddf3984a99da96f540128b9d,2018-04-18 10:12:20 -0700
abc984e5bb50845e875054ee0d34e083a0b5a9ed,2018-04-18 10:12:20 -0700
83feb67b1a334b1c1425630248ee699d111935b7,2018-04-18 10:10:04 -0700
60705aae0161045c72b792247043041ab0e38c81,2018-04-18 10:09:52 -0700
fe3eb3e5eb40b559e842811ac7f4b9f703c6b625,2018-04-17 18:22:16 -0700
abab0bbdf566b2472cf87b864687900913d1a456,2018-04-17 18:22:04 -0700
a073912675954aabe35bd4a06abdbdff9d257d9d,2018-04-17 18:21:58 -0700
8c3603a7f22668c9d0ca6724ef672097346ff258,2018-04-10 17:27:10 -0700
fbb96ddd332292fe0127f48a749bb21ff3f773b7,2018-04-10 17:26:00 -0700
b6fa5494c28f5e99a52af1ce3963352b4dc1aaf5,2018-04-10 09:50:34 -0700
5a8f5eca7df6f48ef4d3d837b3405c9938394b11,2018-04-09 15:41:28 -0700
416b74f0100fa38e877b903077088033ea6e44f1,2018-04-09 15:23:21 -0700
5c3699e377271deda1d7049a50306a62cdfdeb2c,2018-04-09 14:58:31 -0700
8731b90547e21163cf0dc30bb5aa33a931b02b04,2018-04-06 13:59:09 -0700
845f3ba86dcf2d6a19d557d52808f57f79bc3e37,2018-04-06 13:43:41 -0700
6f30556f9b4115e78a709e2b1675147c0fdcba1a,2018-04-06 13:16:56 -0700
62ed5d96bb2d939c2b9ca7bb614771dc551593ed,2018-04-06 13:04:25 -0700
256df979a7cfc758bee4925047875c431379e24d,2018-04-05 17:27:01 -0700
5ae71e1b1f0a8324381e3434d0bdf3667aba4490,2018-04-05 17:26:39 -0700
d83097cf76c799cd18a775bd8d32985b28e68199,2018-04-05 17:26:33 -0700
3fd5c7b4bb927b554395154b3a36435ad0c61ec1,2018-04-05 17:26:24 -0700
6b78b7c4b3747ad6dd43c31f3cd0915d956169d1,2018-04-05 17:26:21 -0700
b5026afbfe6b6518e145bbe915174566ddfc96cd,2018-04-05 17:26:17 -0700
11264a017aa477abf9733115e7aacf36f358eae1,2018-04-05 17:26:13 -0700
57325041ebd2861a36427639c0ce037d429081b4,2018-04-05 17:26:06 -0700
4ecae432edfa2d407ff886467bc4339d9933b626,2018-03-22 09:51:35 -0700
3754580d4bd67106aa2027300d5edb038a786275,2018-03-22 09:51:14 -0700
01b0aec1363ecf8c229a8bfcf272f9b4958af0c1,2018-03-16 10:25:39 -0700
6e0d360c5dfa7b53874015a19c1efff8b6ca6c3a,2018-03-16 10:24:43 -0700
15ed870d2797ff3e83acc38de5ab56e45c65894c,2018-03-16 10:22:16 -0700
f68f13cca16bdddb6aeffd0d03bdc867d9b92337,2018-03-13 17:30:05 -0700
c59138eadcfb4eb2558a15f73c00b54528d02e12,2018-03-13 15:44:55 -0700
63ed6972d109edeb4c3251514949d5e4e476dfd3,2018-03-12 12:13:43 -0700
ab84940b24e58b366f1bd8f3bd4ae57d3fa0bf59,2018-02-20 13:12:03 -0800
a48b1474177a06a477521cbd35638b19351d1dd2,2018-02-20 13:11:59 -0800
e0a5f503f769d6f19dde37e5b468544d4d8142cc,2018-02-20 13:11:54 -0800
f3daca81616d56494b9f2ccd88f114b6f41fa9ef,2018-02-20 13:11:50 -0800
a08a17862853fde79bb54d1a9d9d3801c517e91f,2018-02-20 13:11:45 -0800
b82956ad4f5cd1b3bfc627e4c925a7a55a72c3c2,2018-02-16 15:34:47 -0800
b12891152e7ef0db0b216ed69a1f7c38ae880262,2018-02-16 11:12:26 -0800
a5cb45541a663e85ebc6c102073c33b52465b32d,2018-02-16 10:52:46 -0800
75088f6875fc8d3cc4c3af38899742de1b919abf,2018-02-16 10:47:55 -0800
556e84c6da9b85cd795ad689a6cc5fb32a25dd31,2018-02-16 10:42:02 -0800
51c45131491629b3145490746a4ebe3e861b75e1,2018-02-13 13:08:13 -0800
26323a958f3108bd6cdb486e3f698121ca3c07d7,2018-02-12 13:16:13 -0800
454aba7c4caf7e79892beb3800157799140ad3ea,2018-02-12 13:10:54 -0800
d908d5f3336efc9c1400ba46162d9185c2d639f4,2018-02-12 11:16:20 -0800
add6c7424456592f9188c1abc7f8aeac7fab4396,2018-02-09 15:59:55 -0800
e0ebee5d553f06f32f4e0617f87d6e5cd95c4b25,2018-02-08 13:46:59 -0800
758db66f6bceeb604912cb74bd0f825ff9b97f22,2018-02-08 13:46:59 -0800
bb504449455dd78df61a158b563842f1dbee5753,2018-01-31 15:09:46 -0800
e5238763c2bdf6b0bc32d3c75610da71f868118c,2018-01-29 14:12:12 -0800
3003c1b0b9c8a6078d59ea649ba9d313fd427bef,2018-01-29 14:12:12 -0800
fda16cfac4b4479126cb1c1351b17ca37907b5fc,2018-01-24 17:10:52 -0800
ea67f1427885c5dcf6e8365f3cf462f37ff39344,2018-01-24 17:05:23 -0800
39f922ec4d05a38042c2ec06dc930c2c75198d1b,2018-01-24 17:05:18 -0800
636bb24b7e95302a454e02cad9dea2f76ecd5e83,2018-01-22 13:51:55 -0800
64c11ad5f550c3e3c173a38cf51927cb3afb23ac,2018-01-22 13:51:48 -0800
30c185ef9dd0429adc8aa6f70869c7b7238538d6,2018-01-22 13:51:43 -0800
60e6eb888a2edf3a97de52cdb1a4e1a78e48d55b,2018-01-19 16:37:25 -0700
d4f2904f5284d1eea53c70ce1235c8ebd6d31ef3,2018-01-19 16:37:25 -0700
b88ff12e60dc8048ee21c914a3840d2027cd8b16,2018-01-19 16:37:25 -0700
a574ea6d678d23db727d2eae684d039a2b8027ae,2018-01-19 10:36:11 -0700
17cda41b36ec4845b0f1a3b9476152894f253506,2018-01-18 21:00:03 -0800
7a6a097dcf43c08041572568ebbd47962862d1f6,2018-01-18 13:56:09 -0800
cdc47e96ac4c3cbcb1e31d0d94962b740aa749e6,2018-01-18 13:56:09 -0800
496ad14676ced61d72f0be272b69d28d4ccb25fb,2018-01-15 10:37:53 -0800
a1d05326e3e9fcf721d332225c3142d61b6b8d36,2018-01-12 13:25:58 -0800
243889e7e54830d4b687126ea88a03a5d63d2783,2018-01-12 13:25:54 -0800
ad15b265450f75d027d4dfbdb492cd7cfded1799,2018-01-12 13:25:54 -0800
a73c4df7df3399bc7ca6aa8ea83f0e506fc134e3,2018-01-12 13:25:54 -0800
5015f7e41a228ccfd00613f982ca6729790e23ed,2018-01-10 10:38:40 -0800
455195774c9eef6717ec02cdcb60bdda378a0898,2018-01-10 10:08:12 -0800
731d12d3e70e1e01c640c8c84cbd5fba76c5c0eb,2018-01-09 13:00:24 -0800
d71b419d5f84abb4a93e14b1b8ddb789e629f227,2018-01-08 13:59:06 -0800
cafa2bb9ced3b473d1e77c23ba49f2db0a710095,2018-01-05 15:34:12 -0800
821177acbede83dbbe29a8ae6ddf191296288406,2018-01-04 11:15:05 -0800
6a0f122ab8fd3c014a1ec023dfeb1ef30b6f5d0d,2018-01-04 10:54:38 -0800
beaa5355333fbc7eba41002ee3e01d518ca23ce5,2018-01-04 10:46:12 -0800
3097bd89e93a0761fc8b1432292619a1b58cb48a,2018-01-04 10:40:41 -0800
db8718866746fbf3f306df85d7efd06c4915849f,2018-01-04 10:40:41 -0800
92ec42be00e3c8b8694fd4bf98e59fdc73183cdb,2018-01-04 10:40:41 -0800
a08a95b80adb4042f086c0c261d14580f222e2b8,2018-01-03 14:36:49 -0800
3a02dda8736c1d0c85701608c65c69957e0cc26a,2018-01-03 14:34:22 -0800
e4498994264e59193712c4e75adb604e9f7385c5,2018-01-03 14:00:48 -0800
6fb86fffaf4697faf57934db187f5cdefa46e971,2018-01-02 12:15:58 -0800
4014e9595a27876287a339876f8a38fa8747d7af,2018-01-02 12:15:58 -0800
d6fd74dcc4370cd957245fbf3aa73b34e3630e9d,2018-01-02 12:06:52 -0800
3aac7e83c761991fb02a8fdb8b5a40c6d8470f43,2017-12-22 12:09:58 -0800
68024b198c2c7c18ef5752eb25b717caff49eae9,2017-12-22 12:09:58 -0800
270bb8f353866b9e4b55b1e9c51504442192598d,2017-12-22 12:09:58 -0800
bea078ab98e17ad1ec84fbffe8359bca4342e424,2017-12-22 12:09:58 -0800
06bdd1b08c259873a02fcdb7c4c003bea035334d,2017-12-22 12:09:33 -0800
332960acaad213ac3747709aa7aa5135cf7833b9,2017-12-22 12:09:33 -0800
8ebca0134cd7504af2555593547dfb3ab51210d1,2017-12-22 11:35:16 -0800
1a4650bb44a1077b016dcf358a3edd0a57dadc1a,2017-12-22 11:35:16 -0800
1749c07641774b63ffab839302bd66dc08be401f,2017-12-22 11:35:16 -0800
0599b27fd71c48109d46ba72b184cf9fb8b239d7,2017-12-22 11:35:16 -0800
8cb1c34eeb40c411e2968f305637f695536f6870,2017-12-22 11:35:16 -0800
a8588a3d781f4e7edb1ddb4dd5b3352c98dc811c,2017-12-22 11:35:16 -0800
ed4c938b2072bf5f0db5036696e3d0c086a0ac86,2017-12-22 11:35:16 -0800
fdf5b54268d7e8ca69b43555c7490fdbc6360350,2017-12-20 13:20:47 -0800
6b534317e8f5d214a9d0c838e03c700fce40ba33,2017-12-20 13:20:47 -0800
4000069ce50c525159c362b13355eb9887b30f2a,2017-12-20 13:20:47 -0800
a5eb3f6ba171ecfc517a4f09ae9654e7d8ae0291,2017-12-18 16:25:08 -0800
