commit,date
059279320a71bdc61b3a6c928ccddf8988ba1332,2025-10-15 07:58:06 -0400
6650eb918e370cfb4eba1809939aca91684572cc,2025-10-15 07:54:14 -0400
1a51c31236fb22798b43ee84781a54416864bb47,2025-09-24 13:39:44 -0400
68288b48667bc25052f07444afdf4da89a2f6024,2025-09-24 13:39:32 -0400
d76b28109bd4a5c6c84ddcbe46ba97fdf1fd8e67,2025-09-09 10:52:30 -0400
8041d3b02d6a18d057494a4bf9216dac0e45edbe,2025-09-09 07:50:11 -0400
3f5a69f31b3a296fbaeec5c812be1eb406897076,2025-09-09 07:46:20 -0400
64c7ff3a27c12cb36e5697fb2507ae5628bc6a22,2025-09-08 12:11:04 -0400
0fb957e78a0645c27051e1f567c4380877a64e39,2025-09-08 12:08:12 -0400
73e91f31525331ad868867912646cc5525bf6647,2025-09-08 12:03:54 -0400
6f3af588697b48563592111e0fb7610984d879d0,2025-09-08 11:57:12 -0400
2e2c7db5fa214d76e18263622bbdb071a833a26f,2025-09-08 11:52:30 -0400
a7c521f0f6bee7ba9b76740c56776770bee3e3eb,2025-09-08 11:36:35 -0400
0cf54001066b20224bf7497403dfb230d1358db3,2025-09-08 11:33:45 -0400
4ade1fc43a5014a72b02fa83d017e89989b5e9b8,2025-09-08 11:29:37 -0400
3d1840db1b6a2f2601f410d8335f6406f9e85ff6,2025-09-08 11:04:29 -0400
eb4b5f97a5dffe3bae010ebffb139a32708a2655,2025-09-08 11:00:17 -0400
3cd5c35fb6d4783961769687b1933c1407deed94,2025-09-08 10:59:59 -0400
b9e52483193169573992a7dacf9223f2af37aa4b,2025-09-08 10:59:33 -0400
c7a5dca906cfde631abdf12a8222f73adf3507ad,2025-09-08 10:59:22 -0400
0b8635429d8ad789732f7cf812ed15a2b057f2f9,2025-09-08 10:59:04 -0400
5222709483c43cc44e5ee2a6e49f710aa72c0a26,2025-09-08 10:58:48 -0400
aee5c0c9123a5e937c0bdd15ac0c8614ecba52c5,2025-09-02 07:46:52 -0400
0a47acb82869d17be5abc5d0386aff9c4a45c454,2025-08-29 18:33:19 -0400
9454abf29691d5283c2d84d493fc3d2a7b5c523a,2025-08-29 15:02:22 -0400
5bb18404d1fc9c1dfb2794344063e8b67b79a03e,2025-08-29 13:31:16 -0400
f072b4b18695205181bd0be260063eea0d2da4a4,2025-08-29 13:25:54 -0400
e0205ac081ce34209be90973b14fedcf1928c9a7,2025-08-25 17:45:36 -0400
4ef4a5c987295dc74b1db4ceb66e430643008449,2025-08-25 17:44:26 -0400
1e26e299965e56774a8e1c38ef5cbd5b4675c250,2025-08-22 12:47:10 -0400
2db69ba8042773a0cc7543e2786854352325a5f7,2025-08-21 12:27:29 -0400
4c644bbd1e673eb7b67a43235e1ba7cb58e5d64a,2025-08-21 10:55:25 -0400
619b0b758fa550a2ee765b8346b711e745d4a2ac,2025-08-20 14:18:34 -0400
7ffc1078966ad3c92e4aaa77c1a2eda64c266836,2025-08-20 13:32:45 -0400
ee395ad5edd4b20bfb4f3f4ce4074e72021a4354,2025-08-20 09:11:17 -0400
097ac3c8d71c2126632a8c49af734ebc326b1d64,2025-08-18 11:27:58 -0400
d5d4803eccc15a461b1cbb762acabb5c69c301b7,2025-08-18 11:26:45 -0400
2f5e44777b063d2789399a2f258cf0d35bc18e08,2025-08-18 10:53:21 -0400
220d3ed2800351f1afb5c4be39d204ffba822ca3,2025-08-14 16:47:32 -0400
1c468b3de2d88f90b4d32de87644c6541d822b51,2025-08-14 15:25:22 -0400
ecc1b316ed177dc4ac7715425f42f44ab05c31f3,2025-08-14 11:21:56 -0400
ed70d60a4fe3abb049b387baa21db82ad77893a9,2025-08-12 09:13:03 -0400
c780dba7335fa77d7a53bddc56ec56c0a73b5b18,2025-08-11 14:42:09 -0400
9b7b4526916822f16d9a01166e06e039021ffbe5,2025-08-11 14:40:25 -0400
db1a4910f54e575134a6970ab2bb66d58c9a4b31,2025-08-11 14:11:21 -0400
74e58a46f6fc0974ffecfaf8eb710b08f72dac41,2025-08-11 12:58:36 -0400
56e717373ffba4edeef50517ed4b07445845b59c,2025-08-11 12:01:12 -0400
549ac81deb80c42bd5882dd5b62e997979bbf830,2025-08-11 11:56:44 -0400
b05b82f481641c2e50472e8408ec79ca646bc14f,2025-08-06 07:18:02 -0400
667390d0893352380a3c9f6b8de3e1893595aa96,2025-08-05 16:12:13 -0400
6207979e0b3dbe1a5224a7045e5a6f1ec8d06d52,2025-08-04 16:50:09 -0400
0811512580493aceca4b7b536790d792178f9b90,2025-07-31 15:28:09 -0400
3bee0f7c07f7767121c1667c849e7f46f77f8433,2025-07-31 14:54:06 -0400
83edcb362350668839a3322b1572948129c8a046,2025-07-31 14:36:03 -0400
a79f185dea7342b53b31260c2b13c50458e6dbc2,2025-07-24 10:35:36 -0400
1dd02adec1b21c45a28e4bad86455aa85cb6d9cd,2025-07-18 15:01:46 -0400
c9a35ce2bd530f9739f491848cab6ed864d56b5f,2025-07-17 12:33:41 -0400
f295adaadedb6aa446ffdbb21608862321191936,2025-07-03 08:14:36 -0400
50bd271a31a87bdeeeb565895539ed9640925a7d,2025-05-23 10:34:05 -0400
dd80bc8c942938d8655b4c0604e2724d6be7043d,2025-05-20 17:03:23 -0400
7f83f75d7468e4050bdd58eaa30ff85221db30f9,2025-05-19 14:48:34 -0400
6d60986a53d4734338cdfdaa953711b012e4423c,2025-05-19 09:22:58 -0400
2a478370a14da082e812f121687c9499e8d32c2e,2025-05-19 09:17:10 -0400
8a44b5ad8585320935a33e8d7da176dfab4c8b6b,2025-05-19 09:16:03 -0400
0e14b124b9d7774907d5efb6b247916f87fc2a57,2025-05-19 09:14:22 -0400
fdc1cd851721151b9cce95e2a0cb1211bd1ad334,2025-05-12 11:42:31 -0400
afe8b453011e92f4c4271ae6ee37a4684688f600,2025-05-12 11:31:03 -0400
eff669344c937b5ad4f475051cf70b46bb8574c9,2025-05-09 07:26:42 -0400
acac951088ad3ae9a5ae36ec51ca048db2bea798,2025-05-08 16:32:46 -0400
5975203fe00c340de444d5bbb64d13c01f94243d,2025-05-07 14:48:02 -0400
dcf1e8f1e12c9adc869cca90c695e888545c9e4a,2025-05-07 09:55:01 -0400
40e31de6607e8b40ff86a5fbf0cec2329e13c765,2025-05-07 08:10:03 -0400
3bd7710dbda53b2a487c5022e406f0ef0e24cc38,2025-05-07 08:07:03 -0400
1efa7086ef6b5e22d531e562fc8e8a991d890cbb,2025-05-07 08:05:29 -0400
8c18ef90399b26510e458c257db7a23ed93c1a4f,2025-05-07 08:03:26 -0400
ae8f7db6d5c916d4c4b3de5bf756b3b8a7a46d6a,2025-05-07 08:01:06 -0400
e02852dccd9871bf7dd9c8b0585680ff6b0b1ad8,2025-05-07 07:59:33 -0400
72f41795338dabd13204e961ab604525daba2ed7,2025-05-06 17:50:06 -0400
03fd574c7878632a3e0f87fe2149ded7b432f019,2025-05-06 17:48:27 -0400
3b5ab151924bcf2fb71a0d5b3a84e2dfd17a978c,2025-05-06 17:47:30 -0400
9bd6857b0bf5a4d82977cf4a9de71cf648188e0e,2025-05-06 15:28:23 -0400
ba4eaccb6b16800a90df0304cbd729a0fff0b38c,2025-05-06 15:20:35 -0400
3c4c1924db971baf38689e30b11d019b5dba3448,2025-05-02 14:01:04 -0400
a4f3d7007e440c8932a3331827d557b9fe40065f,2025-04-07 14:44:03 -0400
04c85fd9908d91226bc3c7e89c409afd633a7a89,2025-04-04 16:49:00 -0400
7b4775d05846250bff5378ed675e119d8f41f877,2025-04-04 16:31:28 -0400
e1243023a1306c47c379d21a3cf8bc3c7e2f0db6,2025-04-04 12:32:11 -0400
4d2ae4750f421a65df6c0a720b937d0fb470728b,2025-04-04 10:13:21 -0400
e86e5ef548c1232f1dab82e29fc91c845ce11688,2025-04-04 10:11:58 -0400
53fda7f28e6f7445de7fffb63a30506385032524,2025-04-02 12:41:27 -0400
624f991489f06e29fe455a91e052a939b16c69a3,2025-04-01 13:19:47 -0400
34630b58a10ce640b6ed4d1185acf15a1473585d,2025-03-31 15:24:13 -0400
52f41c646b4d341598c99e79d0df020b82ca4b00,2025-03-31 14:33:17 -0400
a0d8b86d9edf3611583e6d47537285ea553bcb3e,2025-03-31 13:38:13 -0400
4ae3edac0557854baeb1ab7ef08415e7d0985e05,2025-03-27 14:54:10 -0400
8b1a2e0e13bed3532c668cd240e3dbd4cd8dd1df,2025-03-19 14:35:35 -0400
5f38342ecaeac2531703752a508712bedb6afd85,2025-03-17 16:29:04 -0400
e0df9081499f43e7ad5a192fb564afa3d721f681,2025-03-17 16:14:07 -0400
abcfc29984c7a7bd9356ed002ac0919bf0d1e19d,2025-03-17 16:12:41 -0400
37edb363970d28eef7403e357a589012d2c6c616,2025-03-11 14:31:52 -0400
3a8d6bab342091160b0d3ea72b00c63334b02216,2025-02-27 07:47:07 -0500
131bf2cce9d9d909081b85ad2370ab0dfc29429e,2025-02-26 15:19:34 -0500
7028becd45e9a6efb1f51958a28b65acf6bd8101,2025-02-26 13:16:54 -0500
0cfec24c96b42bd295526ec9956e389214d5e92d,2025-02-26 13:09:53 -0500
accd89f6cd18bec1fa0166d4bcf62f92b05b4964,2025-02-25 14:29:08 -0500
2a83ac9d70cdb041cd870ee3b20a505a2fcaf38d,2025-02-21 16:13:09 -0500
515022039e03bd993f383f2083e61a989a1e24c7,2025-02-19 18:02:23 -0500
092ffc4101cdc831941cb41a76a1c538c9f86076,2025-02-19 15:44:53 -0500
42fb76ce36c1bfd97dbad05c90b26db732b81eba,2025-02-19 14:18:51 -0500
a25aa1e73e786a915dcbd5109b016282cdf59cb5,2025-02-18 16:27:40 -0500
89283039a9cb9db83a708796b07561706013592a,2025-02-12 12:47:40 -0500
5aca1527dbf7ca5075b93fb8dda7649b3c2c0fec,2025-02-12 11:31:16 -0500
2eb3fe814f36209fd55eb9e18ab8dc4e08ba9041,2025-02-12 11:17:16 -0500
c9a5f786cee8b084929eba1bd4da092780ebf033,2025-02-10 13:26:06 -0500
08e28a956e7c5e101233f422917345fabf2222e4,2025-02-10 11:54:30 -0500
f4877903bdb0400ad21b4a68d0b6d7e523f76e3d,2025-02-10 11:48:05 -0500
2a56cc4b336be75214a70962327bfcc2ba226413,2025-02-10 11:46:47 -0500
4e705e2ba83bfbd07fa25612bcb6dd865c46cd09,2025-02-07 07:07:54 -0500
f767d83fe8785775561c55872bdd4e0280c643ac,2025-02-06 17:47:16 -0500
7fdeae7d04c7482b27c657ada1d1f6ba14e6e9b0,2025-02-06 11:52:08 -0500
ba465e3aca286a0b0b76efebdbf26c3b0219ee6e,2025-02-04 18:21:08 -0500
8974ee67f2ac527ffee22ef1782a88834e31674e,2025-01-23 14:59:24 -0500
2d7883e8d06ca5524a27eb3fe00bf2bfe4784961,2025-01-13 13:28:48 -0500
029b2f7991da834fb620b2fc14aa069debf07b33,2025-01-13 12:19:01 -0500
3e0e65b07acd76290066d881f3631b9407d8097d,2025-01-13 10:29:11 -0500
435acc008dbdc05620e84d676b1d6f9b2edd0e29,2025-01-13 10:29:11 -0500
e40bc58746596abfea0c516aa82a6452a7f185c1,2025-01-10 15:25:56 -0500
31d550b207ad82b90674431336d18f788f6e27eb,2025-01-10 13:13:26 -0500
eb9f4f57a94bb63bc2b364673eacd4424fe55fc1,2025-01-10 09:55:45 -0500
fd941cb5467f30cea8417bda63574c6bfb90a47c,2025-01-09 14:58:40 -0500
e4cc525f11af07033c2eaf06acc11d86b383233f,2025-01-08 14:38:58 -0500
4fb1c1a5af4ef083800003db9c0310d5232c84fe,2025-01-08 13:28:37 -0500
2479db8e58bd53ea879de0c229301ef4e047efd7,2025-01-08 13:27:47 -0500
f60725d3cfbe56592aee0461829a6235c5cd9387,2025-01-08 13:12:00 -0500
31728349d8e3dc8bf5e9f9240e1591e4142c13c7,2025-01-08 13:03:23 -0500
932d6c60eeb07b9ab564077947c5ad6d27ba10b1,2025-01-08 13:02:40 -0500
58e047802f900f52d9e256977b7dab4957e940eb,2025-01-08 13:01:50 -0500
d080a3930632b39e2efe6035b31c1d1985ac9045,2025-01-08 13:01:22 -0500
c23755ab3c07da00ac858a826eb4cae2abfb6dbc,2025-01-08 13:01:04 -0500
1bcf67ba75119fd84546020db0a4e5fdfa64d802,2025-01-08 13:00:01 -0500
448a29bc31dbfa2990c1a8ecf35685fcbcb1bc12,2025-01-08 12:59:29 -0500
cf739954171db97426d2e1ac7327cc8683293481,2024-12-24 13:57:46 -0500
448ee9ece33a09fb5f8de1f0dfa356dc8609d101,2024-12-20 15:24:30 -0500
d7659ebad35fe54042367f6f6e33215678b53792,2024-12-20 15:22:44 -0500
9293589405e180efe624694ca1dbc2a38401d6d2,2024-12-19 10:58:09 -0500
48131bf1c69ea9beb3c76f032573b9556994a64a,2024-12-13 15:52:59 -0500
f9854f4f6dbb2a3f6b1e14035dfe39bede8480da,2024-12-13 15:47:32 -0500
8ba9506642c9c60d84bbc15958fc366e940889bd,2024-12-13 15:42:41 -0500
959173d3f4af689ad7e97d21490e2a3b637ae5f1,2024-12-13 15:29:30 -0500
0f3793a94a9f3f24257aaeb350a4e7242b581d2d,2024-12-06 16:20:01 -0500
2438a761760ee749c8abb29449edf85d06bd76b9,2024-12-06 16:20:01 -0500
861df2ae60a83fc83a68777aefc4366efc888bbd,2024-11-21 11:04:50 -0500
0ae36950f0a686626e04b436d98868b74c0502c2,2024-11-14 08:25:16 -0500
ef1c7887016b4703375fa20a8b05e418716333f3,2024-11-13 16:06:57 -0500
60f87c621863fdcacdb8e10545bc830b73695b5a,2024-11-12 18:22:56 -0500
c1c8e9890f772e487939a46b18c2b0e931446c43,2024-11-12 16:39:07 -0500
8da6a15bd859bae51fa82bd4ba506c2ec8fed8f9,2024-11-12 15:51:11 -0500
fd4be9255408438dddb197221edb8e948ed14304,2024-11-07 21:44:49 -0500
066a4d803cad0fcf8f54b6c39ef8b68bd758eafd,2024-11-07 21:25:47 -0500
ecf0f7b9af8ebbcb511c51cb1eb5e0f36cc35265,2024-11-06 06:20:18 -0500
146778413c84d1e6749d69d97b9d6596e2bc53c5,2024-11-04 18:29:05 -0500
d79efe1c6f38a80394ec306af1358c8b41c01a2c,2024-11-04 18:03:02 -0500
5a639a299423b0f4b5ddd5988cdcfc8418b49349,2024-11-04 16:59:26 -0500
c7e92da31460448dbda8adbde58d8293cfa1e161,2024-11-04 16:46:18 -0500
eaa5293ba80b89faafd631eeb345ae21d6d5c6d6,2024-11-04 16:45:48 -0500
16ed9cafea233e5fc39a4137b792f2e0b2e63a74,2024-11-04 16:45:30 -0500
eee1f9628f73d6b3552ddc2f6bd1a6064a2112e6,2024-11-04 16:45:14 -0500
fcf25156e5e08c13bc2d2898d4a46d8585e9d494,2024-11-04 16:44:54 -0500
191362b9915e52b7cb74417d086808e7e3e45c56,2024-11-04 16:44:42 -0500
5affe5c6e2cb719c09158031d0d919c154c9af41,2024-11-04 16:40:58 -0500
85529f11bc2e182fc4619361c2ef1cf01ccd97c0,2024-11-04 16:16:39 -0500
7b9f02ffa7acf2c2ac83c02048fb57b7c9071b8e,2024-11-04 15:57:40 -0500
3955ba507d5034d94907fe7f6d549d110ceecec7,2024-11-04 12:28:59 -0500
b01933033b60a0659f0fad652643ff064ede2a43,2024-11-04 09:39:25 -0500
357f22499a8b7be2f282e905803dc3aaee081094,2024-10-29 16:30:07 -0400
e5851a76ccb03e76285d4f25db55125b3b37bf0b,2024-10-29 11:25:47 -0400
36f2d875aae8d16a3ffadae20e5e0a18ba1eb8e6,2024-10-28 16:43:45 -0400
3096dea4f12844d36f7a5bf935d2416929e6b7e1,2024-10-28 15:49:36 -0400
990e98611a0a9fbd7fc94dade17e3143253608ff,2024-10-28 12:15:35 -0400
c802eb88b82ca50e9e413c57a1ff8f7376f63c8a,2024-10-28 11:27:05 -0400
87ecda40f9bedb8641a5c650cc946dd59e03ca03,2024-10-25 19:01:03 -0400
be5394d3f1385ee64fd6ade283a578eab1503a33,2024-10-16 11:31:57 -0400
d61a1e4aa39be45f569b9f4d958f1a77af8c1ccd,2024-10-14 17:42:35 -0400
b5d69141bb3e264a95f95452e36353b0544d1808,2024-10-11 17:10:31 -0400
a48d92f436fec186f8e8f12a784177b126d2a5e9,2024-10-11 17:08:51 -0400
96dbe0bc7542aa9ea50fed61cea7dcd50f3db125,2024-10-11 15:56:48 -0400
f93fb0c6d79907dd155652034b9c96ec0136163c,2024-10-11 09:39:59 -0600
462339689893ae1f67e34e44b1e72b2cee0437f9,2024-10-11 09:38:58 -0600
41115da6f75e9a160e57c51c57f8526822ce16e8,2024-10-11 09:15:31 -0600
856dbbeb0909a908d897d621248e0639dfde735b,2024-10-11 09:14:27 -0600
6bf9b873a390ad3e9b98e61d9b588f281d641cb2,2024-10-11 09:13:51 -0600
c27d0fbbb4c175ed74acaee59981313fc1e4a10e,2024-10-11 09:12:08 -0600
10073eb78d550d72e740a17dea034e933caf3179,2024-10-11 09:07:16 -0600
59b691fe4c5915d64401e4026c05ec4580f22d4d,2024-10-11 09:06:28 -0600
8fb215468c39606585e7785f53477a3cacc4a0ff,2024-10-11 09:05:06 -0600
04bcd04b7e6ea363daf32c8846e18e3420e81c62,2024-10-11 09:03:19 -0600
11fcc71de7427aebabcef01fded6d3e66d9c87ec,2024-10-08 16:40:14 -0400
639f40888c40969b95a7af23e0e2c6797596407f,2024-10-08 16:04:38 -0400
a1f7f96f84c853aeafa468f5d5f405d61ef280b9,2024-10-04 11:37:51 -0400
dad8c6d691e92ea62cd2f8e3ef1e7898b65f8a23,2024-10-04 11:03:39 -0400
aaf9f1c8005c56960fdf8d0fdfb023f637d1287e,2024-09-30 17:04:53 -0400
7736d5fddf784a6ec3b73321262ccdbc971acf9e,2024-09-30 16:40:31 -0400
97463b7820d144b2cccd77e2a0d10bd26b5cb368,2024-09-30 16:17:15 -0400
bfad358a92368ffa42d36c2b82c94bec1e989907,2024-09-30 16:16:30 -0400
cd05acfbb5ee39a84c957da28130e363c1869112,2024-09-30 14:39:14 -0400
e02ae7fff4ad7cccadcef2bfc03c17c941704d56,2024-09-24 14:27:03 -0400
e467498ea9ad4485502428e0f0e1177cb5fe3677,2024-09-24 07:14:12 -0400
855215765f5e07aee80f130096c216fbbe8fff06,2024-09-23 14:10:29 -0400
5b9c377009b0b1cfcef10191124a54820ac48135,2024-09-19 15:48:01 -0400
fc521603c22df1d3b89502cb097dca4807421958,2024-09-19 15:11:50 -0400
6cca2600b9732efb4b38b9b60adb4ef4e2d6bbe1,2024-09-19 14:09:41 -0400
b89652c14270171f04b9b96dea590cd9c8c68e1c,2024-09-19 13:49:28 -0400
2590f54ce93e262d02660bd9d57bc7979a7d06d9,2024-09-19 13:40:40 -0400
97ea8f75de522d9d172f94a83f68fb6a7545b72c,2024-09-19 13:15:40 -0400
7f10fbf8dc67864c76f63df43bba06fff61391ab,2024-09-19 12:41:41 -0400
ff05688585066cbccc19db89aafa737fbb02f8e1,2024-09-19 12:33:43 -0400
c92884c659f5c9fb131c564708c0e4d69ce48aa7,2024-09-19 12:33:22 -0400
779ac4eac8da2d0ac506cbed3b800c81b5cc4a52,2024-09-19 12:32:54 -0400
19755df1008dc97848755b189fd5cd9ea96f0081,2024-09-19 12:32:39 -0400
84db1281b90675749457f95ec0aed0dcade8a1ed,2024-09-19 12:31:01 -0400
6f7b07a7198ad15257c3011f6ff4d9cff4c6395d,2024-09-19 12:27:02 -0400
f289e581cb53d172b919a7ceb197ed15cf325eda,2024-09-19 12:11:41 -0400
d016e9d59f7b95db28995926be5edca74f30010f,2024-09-19 11:55:52 -0400
5a84858670a27464db49019a80dc9bb0384e0538,2024-09-19 11:34:40 -0400
96210e1beb5319ddbca5aa6611e77c8c199353fa,2024-09-19 11:10:36 -0400
1844be5874a2346b278e4d1715ac943f5a02aaec,2024-09-19 10:53:19 -0400
b540a2cf61b04d8eedc85de4d94944b6daa0ef42,2024-09-19 10:34:25 -0400
5de6d9df1c78ac3cb716c52157ed845dcea586d2,2024-09-19 10:16:09 -0400
0eafdf764dee6844f903f3bdb3994a934629717f,2024-09-19 09:20:25 -0400
48372e11756eca6e3ce56aafe5024ba02a7cdb27,2024-09-19 06:58:15 -0400
6b0e56e8c9af894a852779fea2fb4ba486b0963f,2024-09-17 16:11:10 -0400
176ac737f6620f6f078580422851299b6d9ec784,2024-09-16 15:19:16 -0400
9fb8337863f1277b7aa8edc0a8407fe8536ad6f5,2024-09-09 13:25:00 -0400
a3d7e38776778f7325e02b5db1234e6dce5ea5ec,2024-09-09 08:30:13 -0400
5a6d96a5ad7b1abd6969e4c8260ceb5be512a00e,2024-09-09 07:57:45 -0400
dd5d908aa7dbd7fd08a7c89ceb2f42b414bcd7e7,2024-08-28 07:39:12 -0400
be3fee7b241b3f0df577070bc43268cfa9d125ba,2024-08-27 17:32:12 -0400
d26c634d03a3dfda8844c56cacf662cd1317375a,2024-08-23 10:09:22 -0400
67eef7e042e2da50cdd4e663c05eddc34219a580,2024-08-21 12:44:55 -0400
cff263bf49a42549abba2e7e070fffc4ad240d95,2024-08-21 11:01:59 -0400
8735ed1d35eac97f8f054942953fc349fc54bb9e,2024-08-05 08:26:09 -0400
a13501a90d049114be4495ea114b0ec1c0f4f645,2024-06-17 15:08:36 -0400
734b7372c19f67ad1a6b62ccf1468dd3a93e2c84,2024-06-17 08:26:19 -0400
3131f357423659dbbd4244b15b1c331915d24db4,2024-06-11 11:07:14 -0400
fa733e7ad065272a76769c5837ce4b614a84a82a,2024-06-05 14:44:29 -0400
27ec21b1bce901162ac4c0a9d9676cb52da40fd0,2024-06-05 09:38:10 -0400
6eeae43d1f7ae9201815311910e7897c783ef25b,2024-06-04 15:38:43 -0400
0de3aa9bd3fc750354ff0e4b036da3a8bce1fed2,2024-06-04 15:19:57 -0400
551ee37b631cd2b7c97a8dcfa3c7fb41800ae455,2024-06-04 14:45:41 -0400
9cb80c39898f65c1712a03eefd20e0ce57033237,2024-06-04 14:13:29 -0400
d14395ea56aef2cd709eac449d330ce4982e018d,2024-06-04 13:47:56 -0400
425524083fdb7e4cad450e076ff812720fa4ec02,2024-06-04 13:14:43 -0400
0dbd3401fbb4005bb3dd259f9f303b11895f9039,2024-06-04 12:53:48 -0400
8ade2360970938286792ad5f098a0c4e6736e022,2024-06-04 12:35:21 -0400
5888f24b7f1a3aa77838ec2a2c59b16450fa6537,2024-06-04 12:18:04 -0400
313be9dd894dc6948eb117932f3c5af7e4389272,2024-06-04 11:59:17 -0400
8074f5cf051d81959401a6bebfef93f650d8edf9,2024-06-04 11:41:19 -0400
2037fe9a54db0ea17ba4871c99a6e2f0eb4f13a3,2024-06-04 11:16:23 -0400
dcf9079fd9263848a4291c6827f9e19486af5693,2024-06-03 14:36:07 -0400
182f157d64d515af84e94576625bb3510c5126af,2024-05-31 13:35:11 -0400
31b90579b21b05e95c43896798a1801884542aec,2024-05-30 11:07:15 -0400
72cee7cc8c503ed67c17ac9baddb2039c0a52156,2024-05-29 12:22:36 -0400
8433f4d83d33da31371fcdfa016a7c627011aca3,2024-05-29 11:09:54 -0400
dc558743c067270cfe062943ea0cbfa69fea410b,2024-05-17 15:19:41 -0400
d21ddd8e2e104f84c8c33f26113d6f468ed2d6d0,2024-05-16 16:38:42 -0400
01dded5b5a562b4f35f1123eb8f757face424a31,2024-05-10 09:15:31 -0400
cac9ab822003cec9eb88e01113769dfdec2b3f90,2024-05-08 09:39:04 -0400
b2aa98d9648c69c9a4e518b3826ef25f550ec786,2024-05-01 14:25:36 -0400
fab8bf5d20b26a56912ab2a736a2bf5275f5a36a,2024-04-28 19:54:41 -0400
a853a2fc6d06ad393071b3df48bbfc8d9a01ebec,2024-04-23 10:57:12 -0400
d0bb41c2ded3c67a2b77970d8a9232eb688cfd77,2024-04-22 05:50:30 -0700
4c0a4d997abf41caebb0862cdbdc8ed085ba7b8c,2024-04-22 05:49:58 -0700
71a2fa87aaa9f12efef0a2f87743898e0c71e641,2024-04-19 05:26:44 -0700
4bbaa8a6a5167fc575f6fdf35ddfedd13e387089,2024-04-19 05:26:10 -0700
bfd228c90dfee47c74510574c171e545e716f683,2024-04-19 05:25:13 -0700
5ca4319c83da3d5caf5d9e17ce6a05a021e621ab,2024-04-18 09:13:25 -0400
65b68e5dc17a80be7877d8b44e63c9353cb8ab86,2024-04-16 07:25:39 -0400
4fe36eb30a1d57c02edd973e199378051a32d6e7,2024-04-15 20:24:25 -0400
6b5e07c681e62c152a7adcba9df4948225966bf5,2024-04-15 12:55:43 -0700
03d5a52230e6467eb04389a249ecf53c5f660159,2024-04-15 15:19:39 -0400
1040635a02eb894a37d9179f7768933da2763482,2024-04-15 05:36:57 -0700
5776d2dcd83c9357858ada891784fc3c187a746f,2024-04-15 05:35:23 -0700
1c21b2c0e8718685cbf56469432bff45fbcfb7db,2024-04-15 05:27:21 -0700
90360ca1d2704ff908af6e6891dd162846e690cd,2024-04-15 05:20:24 -0700
32e7b54bf5476a312304eda7352ce547294f9954,2024-04-11 09:54:48 -0400
243612f182b18bc1e6565b5452c36c17fb79f34b,2024-04-11 08:36:38 -0400
fbf5343ba888580fffcd17b310244aa8a5d1d1ab,2024-04-03 14:40:02 -0400
78f2e4bda3cdc8f1365da2e8f74df971536846dc,2024-04-02 11:53:01 -0400
fe6646f317ed10d4efce31ae5214c5ccaadacc72,2024-04-02 11:28:18 -0400
1dc62569ba939f5c0671023066f820797de1d777,2024-03-29 11:42:47 -0400
4c61dc53bacc4dc6fb416512d8cef8b8a8a2c9bb,2024-03-29 10:52:02 -0400
0a4d51c03b61aea1981623a64fb76eeacc1255d1,2024-03-29 07:23:34 -0700
f2a9bd652b51d98c34d5055c16dfe79ae22239b7,2024-03-28 14:42:56 -0400
3e936cfec9c1f2897be2b619a4c586a13b4304c5,2024-03-27 13:06:23 -0400
fa3402397e979eef47619d6d9a1f0751f80a2067,2024-03-27 07:15:50 -0700
b58ca82635010f10893e04f5f37b4f795de0cf6b,2024-03-26 10:47:28 -0400
c48c9dc21fb940b6bf5a48f1144652f51d20311f,2024-03-25 15:59:39 -0400
36826799a81861e0577e657cacf0a95e3865be83,2024-03-25 15:57:25 -0400
7db9e4e4cda3b52875ab64c820df8e0855822610,2024-03-20 14:29:37 -0400
9b12912f59140b1e934133e777a616b6f8fff702,2024-03-20 07:36:18 -0400
0e93ce022c0b9f5326089821e619d8bdfc3023b6,2024-03-19 09:10:24 -0700
427c11423280e86739d5b335cc93e411d1217471,2024-03-19 09:07:56 -0700
77d61900715034c9b09c73e93e9bedfc16d81438,2024-03-18 13:29:35 -0400
24eebf8a9ee56f6f6b210a861a881705b98abeec,2024-03-14 08:45:33 -0700
b43de049d50cd2597718c347c11ec5f21bc6f625,2024-03-14 08:44:26 -0700
3f897fe62b7946870290d7414ee27d5b733426b1,2024-03-14 08:20:05 -0400
6edf5304a355991dba169b163f2f191a981a1f01,2024-03-14 07:35:46 -0400
36b98fc2d78b0485af614202b4cd0c51cec9a2e3,2024-03-13 08:45:05 -0400
d5e084c34abbd337d0951a6d33460465e38692e8,2024-02-29 13:24:57 -0500
479d9044d222877fd8b07ff325c9b01994bcf9dc,2024-02-29 08:55:29 -0800
2bcf3ef97688fc02dd0dd764d78448616e6d3ecc,2024-02-29 07:55:24 -0800
87a0a38e6353e4ad23f996d748d55b02c6bfe180,2024-02-29 07:54:45 -0800
67dc8cd1474cd7ab0c78d679dcaba892a5bf3b39,2024-02-29 07:53:53 -0800
161a57c598dba871fba0c565f16b7f9988cbe6cf,2024-02-29 07:52:34 -0800
b00a0063d71e13515a630a224a9c541694bf5fa1,2024-02-29 07:51:41 -0800
89d02df846692cda2cde4467e8bc05b6a14251f2,2024-02-26 09:37:46 -0800
240600e18b358de8ce28bc01177b5858c2cc4535,2024-02-26 08:29:11 -0800
ee59b5d8b5b6abc4ea5488f99edfb8f39a67d793,2024-02-26 08:28:08 -0800
63c4318e9845246cc34a912726d8d0362236f922,2024-02-26 07:37:13 -0500
d3ca3ccb6f0a9103c42db949a266fce54796e54f,2024-02-23 10:47:02 -0800
322c911331042b6e146c76ac2d112aa216ed1a61,2024-02-21 11:45:52 -0800
37fa52e2efed11d4fa272a2f61c47e42302cc6ed,2024-02-19 18:08:18 -0500
d535bcb0e35053ccf4eb53a1550e36e13858b9b7,2024-02-19 14:05:36 -0800
08486cf197e26a1419809fbff4a9a77ee9978264,2024-02-19 13:00:59 -0800
df52e25fcc02f910aa76fdacc79c44c5bb170aa6,2024-02-19 12:59:52 -0800
194f1f2be4e664a857c95e7bbb5d74bb1f9a89b0,2024-02-19 12:59:00 -0800
ff9ba411aefa8635831680f573c8f2670828421d,2024-02-14 14:41:18 -0500
da3cc9f7f1c13efbccacce67fb11ca45d188882f,2024-02-05 23:20:04 -0800
958c319c3dd7781cd58918517880c207da557657,2024-01-24 12:05:27 -0500
16f664698c7bc9e212776a7c5fa7683bed035b09,2024-01-22 09:33:38 -0800
3ce37b4a1dd0405657c1633f4c2888d280c96d95,2024-01-21 12:24:24 -0500
fd7005995850cb72af9a58e4eb1d38b30db183a8,2024-01-17 13:37:04 -0500
cdb41212d755c45f23f981c395dd24ab56303b45,2024-01-16 15:01:51 -0500
e2a1835b7d23057f4916ae50b8d08b605ecf714e,2024-01-16 14:03:35 -0500
cebce31599591d69601efeb5601e9989cd50562a,2024-01-16 08:49:55 -0800
4005bfb25abea004dbe5fce58c7b602dddf10b5a,2024-01-16 08:46:25 -0800
db782183c5a36368cecb27db846197790890dcc2,2024-01-16 08:44:56 -0800
fda3f8f6a216ca81259e888a781be14d6c973aae,2024-01-16 08:41:27 -0800
acbf6fd49e7f68a3c5b79be39cc73eec08d843e8,2024-01-16 08:40:30 -0800
778bd1541b8d49a35317a5154d721214b4aa7e3e,2024-01-16 08:23:57 -0800
9e0bdf67d4b264732e52ce6f21a0ba675fc3bace,2024-01-10 08:23:10 -0500
f4996f0fe86643e9282d37a06263c3cc5a82de81,2024-01-09 09:43:39 -0500
20d6ea3479c85e431faa260424ecb5e2675d7d8c,2024-01-04 09:20:47 -0500
edf3ca57764649e262801a65e4e6bb12a4d863af,2024-01-02 10:08:51 -0500
f41f06ae8b6eec30b3b41fff026f623c7a80cd30,2023-12-14 14:36:57 -0400
37d6746a7d2d52dabd0697dcc178067fad814cea,2023-12-12 09:37:13 -0400
c58434c0b6b7017861ec8f385e8a5f98496423d7,2023-12-11 17:04:05 -0500
e05dfc8dcd8748aad23deb4e3159b6130cd97830,2023-12-11 16:13:05 -0500
b4eaa46c0c6b17b9be7f94772a2e37ae817801f0,2023-12-08 19:46:48 -0500
b8976946ec02c0475ce665b527db3d6c7014dba9,2023-12-07 10:39:55 -0400
d66a8b4fc8d10bbb237ffc38d8110c63dd81315e,2023-12-06 15:36:52 -0500
0f5f5975efea529346795f0dba0741ccf7a5fe80,2023-12-01 12:42:09 -0400
7ac497b142250daa909fbce2f7df95fe6d5dd66c,2023-12-01 12:41:52 -0400
003d02a9aeeebf218b34b7e86578d655b1a8e150,2023-11-30 13:53:26 -0400
3b570607c8a941e5c2d94b8a973914f0b2f3b12e,2023-11-30 08:24:55 -0500
8a3d60731a23800b0e401998136c6cee350ea7d7,2023-11-28 09:44:10 -0500
3501150d2ef95b26ae0ca00c33f33d7e7454dc26,2023-11-21 09:02:42 -0500
b6daed6baef4c52ef6e0136bc6362746e5743c95,2023-11-20 08:55:32 -0500
9dd5b006ef1ddf129f94e019a63db033863fe6e5,2023-11-17 10:52:00 -0500
e7264e2bd12a3feb26a5e6ee28f75131a0caa5a7,2023-11-17 10:05:33 -0500
97b3bac7cc0f98a84dd95e9959aa729cc818f380,2023-11-15 11:51:43 -0400
7e33b3f49ae3f140d54d35c3ff772d84cc560c28,2023-11-14 16:43:16 -0500
467aa871fd75df8f9db7fd678d8a936609bebe5c,2023-11-14 16:42:48 -0500
8ec51b856a36967358fc9a9fea326f84f281722a,2023-11-14 16:42:21 -0500
89a353362096a98113ed08a5d2e84a73c528b8cb,2023-11-14 16:41:52 -0500
424b90e6e562024f38abdb1662b491437e5b7f8f,2023-11-14 16:41:05 -0500
35fc6da861e67de7715437b9ca63a519395dd8da,2023-11-14 16:34:41 -0500
1c5e5fe03e308ab8256c69829161805ef6e71ce1,2023-11-14 16:33:55 -0500
d26a582b62c5e26b4bcac895b9cb8960c3ce8522,2023-11-14 13:23:34 -0500
f1cde32e5b2439e045d6b5047661299c3f01f752,2023-11-14 11:15:48 -0400
b5d0ec7278cfe42dcf706ba4970749b065de6f8d,2023-10-31 10:51:58 -0300
d4fc818c3b27bf26abfd74663377886a8035f83c,2023-10-31 09:59:34 -0300
01accb89304637def50c6ef53bcd1adfb1f8b9e1,2023-10-23 11:17:16 -0300
be3038e129f7d2dd695a0cd48c6eae9756676eae,2023-10-22 14:54:14 -0400
f3fb555c98aa3cfe24270f38b579b03316cc8ad0,2023-10-20 19:29:58 -0300
716e5336621d6ec645eb4a3d3b47b12680a914ff,2023-10-18 09:02:57 -0400
9994ba1ce343d33c393125ee814cf140d905be4d,2023-10-17 09:26:35 -0300
35aaaee213e7197279ea53f12c48b7a45f8898da,2023-10-17 09:25:30 -0300
cbe77c8aa5264d6fc8a682891b51fddce1e3b2fa,2023-10-11 16:07:43 -0400
48b3f70c8d185afde42f37b2deb5e44ad4ee5525,2023-10-04 13:58:40 -0400
57f183a5231120fc38b7059eebee2d3eb750f836,2023-09-25 07:14:23 -0400
7810b547a67901778c3e4f5182dd65a918b9d7ac,2023-09-23 16:31:42 -0400
5d314ab58b03bd9161c858436e4ae0391bcbae21,2023-09-18 14:56:38 -0400
5efe548572e97222ef80ea96de7fa002839f459a,2023-09-18 08:01:46 -0400
95e41aaa7d2f3f7c7e69a7f04ca4b2fc17c8957b,2023-09-15 11:31:49 -0400
27fc0c4a64911f41a46bfee8f96e3546298f5cc4,2023-09-11 15:57:32 -0400
12db7e816b73c0689f755aa62f5e7628fc0e2216,2023-09-08 17:22:56 -0400
4d5f2738399470cd0ec25f3b76fe1b7ccfcb090b,2023-09-07 09:16:15 -0400
69492de6206d367ce1240b98d51ea40d2b848da3,2023-09-06 15:34:07 -0400
c8bd1daf8180c529e5c231157cdba32e21fca4b3,2023-09-06 15:19:52 -0400
a0866f761d3bfa1390f2d250d456bb5e0236593c,2023-09-06 15:18:55 -0400
e81c200ba4e60282280811342e68811082debda8,2023-09-05 14:57:17 -0400
c506b08e30bdb4fa3ef4e72538db1f6c7cd831d3,2023-08-31 10:34:17 -0400
b75fd558079929dcc0db2bba042b91b62a07d005,2023-08-29 13:50:59 -0400
19eb2a371fdeeece8afa2c53d103d474cbbe30da,2023-08-29 13:49:33 -0400
be6058009172af19ddddc52570dc1ceff20043f9,2023-08-29 11:16:55 -0400
a62ea9d4c2bb73f3292f90c65f34e054a86619be,2023-08-25 10:38:05 -0400
19a585edcee1383decf12b44c4322f02f9f3e185,2023-08-25 09:19:46 -0400
17f3fa8a1206f8801ab96a262f2219fb3eb6c72f,2023-08-24 08:50:08 -0400
c1173a2ab19102fcded01a64e448767a0b7ff000,2023-08-17 07:47:24 -0400
531e9a6165247e7a480bcf36f8754ea867471903,2023-08-17 07:45:21 -0400
41cab1aa3397595d3c419d986db18ffa453d868a,2023-08-17 07:45:21 -0400
af1a1963ebf3204e1f40dea87fb7747c6a46d8f3,2023-08-14 13:12:58 -0400
bc755b3505294f13d2b07941ff3392b2bd5d8674,2023-08-10 08:48:55 -0400
702952850b9e5c7459d052b2f41855ea595d0003,2023-08-10 08:30:36 -0400
3ae1ef479f0530322ab20f0111b70c47fa5430c6,2023-08-04 12:10:01 -0400
aee45959c71168fb678b830fb6c286c27488aec4,2023-08-02 17:45:41 -0400
6232fd176b2c31b09a1ae9ea75b2c910babf3590,2023-08-02 08:44:43 -0400
7b7fd7afe6e36bab1c80bd4467d2833796fb9fbb,2023-07-28 13:49:08 -0400
183411e65f0f9ee56b508e0d9cd068d6f8ad576f,2023-07-25 08:32:21 -0400
b2b2122beb2af6ad04bfd687c65a5765bbda6c25,2023-07-24 17:22:58 -0400
92481007d37a0158194e52e06f33a0b84f77d329,2023-07-20 13:33:34 -0400
2bb53d821cc50e4a7a741031dd43018e4d40dbb6,2023-07-20 11:36:53 -0400
eb895add3a3777dca6beba31fa2b871fc170455e,2023-07-20 11:36:12 -0400
76e4393751c58e2cbc49bf38655789262c11f0fb,2023-07-20 11:35:04 -0400
6915023640829cd613ae282760af16113da255ec,2023-07-17 19:08:25 -0400
65bf6db85e2fb243fdbc3beddeb17d1bcd4d30ca,2023-07-14 14:48:19 -0400
a29eaea67f95142314004d21a01dda4da89a206f,2023-07-13 16:11:45 -0400
26f8d9857648100bd47955865d3b08ec2fe193cd,2023-07-13 15:42:54 -0400
a23ffc7997b535be333dd2ac95dc6fa54c972d79,2023-07-13 13:40:35 -0400
a7ca576b0ab299559386270b4a66bc03a38fb252,2023-07-13 13:25:16 -0400
81de17089a175f518b91ac5e6a8c3a8d29b6add7,2023-07-12 18:18:12 -0400
e0eabe4253d3fd4031f168db161ee6e0cf82b5b2,2023-07-12 14:50:47 -0400
357438546149e8c1c6e9a28011f27a09b9767fe1,2023-06-21 07:40:03 -0400
d6709682afc2646dbf26ed32185b17174a600f3a,2023-06-15 07:14:34 -0400
db1225866023f902bb7b26b556c6f4cadf64b34c,2023-06-14 11:00:45 -0400
6c5560758b49ecfd044e2b6320e4d42976f90196,2023-06-13 15:46:54 -0400
0fba93cef7f519c4e7c8eb89d3ab523829ecb8c4,2023-06-13 15:13:30 -0400
305bafce3ab2abbd1a39078f5148562cfe1f3622,2023-06-12 07:37:55 -0400
de158a62d44d00f77054385c95e35beff90a6bfb,2023-06-12 07:37:23 -0400
386128d551d0fb3140537950ada5a161f173bbb4,2023-06-12 07:35:19 -0400
47f385ef4fee938662c54619d08595824de587fb,2023-06-09 11:05:53 -0400
0299a828fc6f52abaf36961b92f0c03cb89bb6b8,2023-06-07 14:21:04 -0400
71cf4277362285fe577b5eea71b35ab05c76a566,2023-06-06 09:19:09 -0400
587bae4474d746395c21be7070aa6e6063e84479,2023-06-05 09:21:51 -0400
6df87d9f5c152e110f9c0857e280aedaa0cf57ca,2023-06-05 08:57:27 -0400
2d59df3454f677a7fa49ab168f337abf72f0fad9,2023-06-02 17:11:05 -0400
48ec6ea7866ab13210796ed0e70cefe633288c7c,2023-06-02 11:28:25 -0400
1c582cfc73a8333788a6501243eff1f944ba757f,2023-06-02 08:45:02 -0400
4c17bfed49942588d0ea10981e3eb131b3cc71e5,2023-06-02 07:52:30 -0400
cad16dbd4b637ac288b6a065d79e9fb198a66c42,2023-05-31 14:16:17 -0400
80ba6548093e5c18389fccca7f1f723fb826cfb8,2023-05-31 14:07:44 -0400
33b9f4734a858a21f444a0ad84c6f3caae231f7e,2023-05-31 14:06:50 -0400
0ce7a41b0ed3d839e52447a10e0f40d3b50bb9ee,2023-05-31 14:05:44 -0400
1d0a1f66bce994f96c2b96bf5511f48fa30d3e9b,2023-05-25 17:10:25 -0400
d524759ea7a7ec8e5eacee1614d3877df3d756ea,2023-05-08 15:15:57 -0400
b8ec3ebd63eb97799847650a89102b080fee14c6,2023-05-04 07:29:05 -0400
0c0398a776614809ea48af83a1a925611bdfb949,2023-04-28 09:42:01 -0400
541a3934d188385dadd2b0630e35d4aa314bd464,2023-04-25 14:32:35 -0400
0eb948ed8fcfdf2599d2138ef720751ce177b496,2023-04-25 14:10:30 -0400
78f7837d9be666bdd8c858d61aa18161c74111af,2023-04-21 08:52:59 -0400
38f387109c1a4c622af2eda3d6aed1b4bf1a2c04,2023-04-19 10:18:58 -0400
45feb223f5f98cf7843cd2b547dfef200663dcb0,2023-04-19 09:49:26 -0400
7ff0396657e12515e8b31c3dbe00d97fb542af88,2023-04-17 11:56:34 -0400
c8e7059ed70ba4e5f97c610b946dc9d33b4a2027,2023-04-17 11:47:32 -0400
38b018e8264d0ca3efe1d4aaed17ab6468638b4d,2023-04-14 08:08:55 -0400
42700f6ed59714d8450cd81c1fc1262b878dff87,2023-04-13 09:59:07 -0400
16ca4a4c5baef4bc3e10b8b1ff670ee350a7eb85,2023-04-12 07:59:38 -0400
7ad76f7766b745b8accb43713176c3e245d564f9,2023-04-10 09:46:29 -0400
7d52935d8983d6038a8f071c44e547cf3e6b85ad,2023-04-07 19:13:59 -0400
9c7afeb5a0e48c9a6a64028394f77d3f00eab461,2023-04-07 12:41:53 -0400
a6c2cb67bf6f992dd22ef9c3814a02ef68128ada,2023-04-07 08:02:31 -0400
91a56873a4de6a3154450e428df6ee1a08c1e77d,2023-04-07 08:00:49 -0400
f8a786734237cfb6469e76dcd3c1a0d015ba114c,2023-03-27 13:38:36 -0400
6590127afe09aaa5a8bcffa4296fa6ec852d0ebe,2023-03-27 12:09:36 -0400
73d7e4513e3f4ec6e8617d5b3efaabd330a7de1f,2023-03-27 08:04:00 -0400
3443af636ba5bd4d069bf08eccdafed1149cd4be,2023-03-27 07:58:41 -0400
c350a03ba3c54658075bb6ff73ce2c639d8c5bfb,2023-03-27 07:58:08 -0400
ebbe5d5b01ed9974035fb7127861d6460a765fa2,2023-03-27 07:57:11 -0400
3e42378d8203aca8f9731edb4971492e62c81c13,2023-03-21 07:16:31 -0700
341479c6aad2c59740c0b3819f21be6c95551b02,2023-03-20 09:09:27 -0400
e14f6d07114249f373c430d2beb26103be7fe9ef,2023-03-16 15:48:24 -0400
fc6782dec75634799b0294c396946a47b18a1da8,2023-03-16 14:15:11 -0400
cc5d546d44777862fdbd3fdcad4a8a3fc624b673,2023-03-14 12:30:41 -0400
1dbea8e930e440ce5c80d7d363811fc4ca63db3d,2023-03-13 14:58:43 -0400
b1a5ab06c3bd194ecd43f37789654c89c83beb49,2023-03-08 11:52:13 -0500
c06d30545130cf8bcbb91ce9f86194ab4fd79041,2023-03-06 09:49:00 -0500
abbdc0f4dfd69da568d47e5117aa1a99e873a445,2023-03-03 10:36:31 -0500
37f7e66e7ab790e0f1370c43ae81e35e6f21786e,2023-03-02 20:40:04 -0500
16c738c38ffb41a27709119cb3ffa84e3dedd74c,2023-03-02 10:42:20 -0500
d5c884869e88a7d45e5ae21fd254d7166111d444,2023-03-02 10:40:40 -0500
0205c16defe15a8a390296aff34ccc8f745f50d8,2023-02-27 11:38:18 -0500
60087d0d31642fd3d94c0411b62816a1eae35c35,2023-02-24 13:47:16 -0500
5d3c884e96749e1c1481cd5c1559fc1fcd9ef760,2023-02-24 08:17:13 -0800
7fd1117e9ab869182110803e8638d1e2b7659af8,2023-02-24 10:24:38 -0500
5cb06a9cea03c201b9f4ce3df16282536ea30453,2023-02-24 08:12:26 -0500
8c3a7b3e98bf7266b6ea71f9cb4b22f9c6397188,2023-02-23 12:27:17 -0800
0987b93ccba910eeb1538f4cd221857f2e3fb7cf,2023-02-23 11:36:06 -0500
5d8e26c56856a86454d07db4981efb3f9294e605,2023-02-23 09:29:09 -0500
afb831e89cdddb07232b001fef70c015eb6e863d,2023-02-21 15:20:05 -0500
8c7ef76808f5fca6bddaefe77d9689b4a0604a30,2023-02-21 11:43:52 -0500
dd60b6067dce917322ae8982bcec3be447dde3bc,2023-02-15 11:35:17 -0800
7344c5d8a861f606a562a745098a4b322900829f,2023-02-15 11:25:50 -0800
a9608421bbc9595a7a8d16e3514b41b14d746e55,2023-02-14 10:12:27 -0800
04944afce95aefaea61cc74c714661f26d82f59d,2023-02-14 08:12:46 -0800
92282dca2cef90a1955560660a75badc60c31997,2023-02-14 07:35:18 -0800
163fa7336148b2e1a6d1f2e44967edaf1fea6616,2023-02-10 10:58:27 -0800
833fae58274b9090b90660d72b2e64fa44633fad,2023-02-10 09:50:59 -0800
ade3a53b4be003f1d07587a1a535c9286ca1e922,2023-02-10 09:32:52 -0800
96c9aa982bf7761e8a4747ba902f52b5ea0ddc42,2023-02-10 09:31:17 -0800
dede0cf7dfaa3a7e67af5dabc7389192eb92c4d5,2023-02-09 09:29:19 -0500
f0cbd9ed193d30d995c33c2d5758936ee6285be2,2023-02-08 13:11:47 -0500
c902ea723d16bc12bd94071fdc77d5f61ded3cbe,2023-02-07 17:24:32 -0500
45a73676a53b88f177f4c1855232e4f8c4e1a97c,2023-02-07 17:22:41 -0500
690ee39739d4945410e4d5656e2c719a580fcc78,2023-02-07 15:55:49 -0500
ae2c33ee9aad8320a35e8ecf4ce5c9c4a38620a9,2023-02-07 14:52:20 -0500
9b8bff7807ba0574aaa2e319df71028808110661,2023-02-07 14:23:10 -0500
02b9caae7a5442fc23e60707a9b2da95fc46b57b,2023-02-07 12:40:03 -0500
15cb34330e5b9e4981d4b1cc1373c2cbca3e8b31,2023-02-06 16:01:31 -0500
068d08f0dfe77fe370c312c32c8755fb350004a5,2023-02-06 16:01:31 -0500
f5d68bb0d305da7f00e5316b0dd031882d8f7f85,2023-02-05 18:23:42 -0800
d62be6482c8594e8940832005401408b64c169dd,2023-02-03 07:18:59 -0500
10c520aefa3e0911586da24447d499a7e5c28f9a,2023-02-01 12:30:48 -0500
d06722c94ddfcd691480002f09c24b1829272157,2023-02-01 11:02:17 -0500
fb63083cf41d184b06d863f7e97c94f53173937b,2023-01-31 14:16:36 -0500
3a1d127e6db833c50b2a654bd47a4299800b2f0b,2023-01-31 12:06:07 -0500
490048f23bd3c1ea2f90a42631a38d01f64cf543,2023-01-31 07:11:53 -0500
2fd1f1947094d8da3db3b34463ad7038a01c857a,2023-01-31 07:11:53 -0500
5635eeb5dd1b8a160aa064a44e408e7eacccecbf,2023-01-30 14:31:51 -0500
d4303d51163e07e6fbfa0ef81ca451c2337cdea0,2023-01-30 14:30:45 -0500
2b8e52b82f856fd91ad7ac3387662e1f64ca9873,2023-01-26 13:05:33 -0800
fc660df1aecfce81f276b79b9c9f9eb9ce893153,2023-01-26 13:55:23 -0500
38b0dbac0d2715057d65b3e993052e37cbb6ed6e,2023-01-25 16:57:28 -0500
f64a65ee24d970a7a5ba72dd2a584e5bfab03998,2023-01-25 14:34:30 -0500
0e07fe7361fca2ef0227c9845ea63a24fe0a030b,2023-01-25 14:12:21 -0500
ff837fa0e3684120a33b280cb20ee087f986acd7,2023-01-25 11:00:27 -0800
50be1cf19bcd7d94ff6ecad48f65f45382435f2b,2023-01-25 13:21:59 -0500
46a454ff3506cc08db57803e0ef8477ea6b48d2b,2023-01-25 13:07:37 -0500
a88e53244bcdf499cae859072c0e923728c8fe02,2023-01-25 08:51:24 -0500
46e13c3d484a46468e6dabd4ae50cdb1edd9e7bd,2023-01-24 20:04:30 -0800
c777dcfea76ae4c52387f50f5b31bfd5ab8239da,2023-01-24 15:30:54 -0500
3ec25f453c63cfc6b9a1c9f1958e2d8b893b6140,2023-01-24 14:30:20 -0500
ddcd0b745ed867d873be4c46953343c1af63d80d,2023-01-23 13:43:48 -0500
54a056e902c26e9f031509885272e382fb1fb1ff,2023-01-23 12:28:01 -0500
9540377c1b57c01b0e1b3dbf6d5534896c5c7567,2023-01-20 19:19:06 -0500
14f9fbedf2846242cd16d4e0eabac32fb4457623,2023-01-20 15:38:33 -0500
50d2aee43d9252d05c8e7361cf57c5f20b99f55b,2023-01-20 14:05:34 -0500
02348d04aacde2f5ed4f5d61541e0c44ad4af182,2023-01-20 14:04:38 -0500
f5ca77ff4f61b6b734b67e6e79e04b2bf5d2c9b5,2023-01-20 13:27:57 -0500
3d47996724d783f2e770797fa30383e62f535352,2023-01-19 17:10:41 -0500
d835ce7a6a02790d428c25288e4843533515e98d,2023-01-17 10:55:50 -0500
c96b0012e397e008bd48e3835eebccff2a33f635,2023-01-17 09:45:45 -0500
9ec3a8352364bfb9d3489695339249aa91f27f82,2023-01-13 12:22:20 -0500
d5919e05398f734a09801bd4207ec16b078181ef,2023-01-13 09:27:20 -0500
a383eb942885ff9038156f4c0f252614d7eca1e3,2023-01-10 08:17:00 -0500
df363367a689e11cb5b8d1277b5d24c912ebe2c8,2023-01-09 15:48:22 -0500
4ce0f0caa3c70d76255863dc472d4dc371dc2353,2023-01-09 15:05:48 -0500
af81c4ccc647fb470104c082fa714c431bd2092d,2023-01-09 15:05:48 -0500
226fe364c5d9053b07334549d20a05b919d63488,2023-01-09 15:05:48 -0500
1df4bcda00d395e0b71b999def359d6f769281c8,2023-01-09 15:05:48 -0500
02a65043a07e0cd25f7d81f5e78dff19b98aeac0,2023-01-06 14:51:45 -0500
f108531db06af5eeeaf3ce5fd9de1ca9a69d4766,2023-01-06 14:11:04 -0500
51ce502fc0e2b7e7c09dc74e4beae0efd373dc69,2023-01-06 14:09:50 -0500
7d3696a5c45f8ce2b94fd8c5f7d8783e5bd26734,2023-01-04 13:18:34 -0500
c5eed61f8557c0e7c6cecb2deea90ad04cd62dcb,2023-01-03 13:00:55 -0500
a2b5f56e2a3e96a02e9f07b7bdee7052030e7040,2023-01-03 10:22:07 -0500
abe36cb220ae389c86b040b8e05cfdf0f04de6aa,2022-12-27 14:39:02 -0500
fef1284922b1e4b4002874001d7d292c3ee0b48b,2022-12-22 10:22:58 -0500
c1a737ebe894911fbc57d29f3eec834093342f81,2022-12-22 08:22:43 -0500
0638f3e390f648525c806cafce465f09f8e7dfb5,2022-12-19 21:33:58 -0500
227ecd679017e5f1243e0865e4dcb7fba61c9e0e,2022-12-15 15:22:18 -0500
c38e4d3522da06ef36ff454ffc170d518e9c7bdd,2022-12-15 12:50:06 -0500
3aee7e9d8c2537d61945d5dd2d709eef2aab4799,2022-12-15 08:55:31 -0500
05801d1e4695ca9a2846b2bfb426e94a79e3f58c,2022-12-15 08:54:46 -0500
54bbe40f503c5e4f3645036a3b66be09121f3785,2022-12-12 10:31:34 -0500
5e6a11302ca27a8e78342c6539d3b6801645039c,2022-12-09 07:43:06 -0500
b141ead232bc9ad53d3033fc31cffca52212c71d,2022-12-08 22:45:24 -0500
debf1d493eb53476d1570b7ed4f25aa06d260d66,2022-12-07 10:07:56 -0500
1a7659a61c2dec19e4b959dc103ba05bc0cdf3a5,2022-12-07 07:23:16 -0500
3e63abc2e735ba06367f6f4106ac5a64ddbf5997,2022-12-05 11:53:38 -0500
29c007907435a29697f8775a532345c0e8db2795,2022-12-02 14:32:55 -0500
bcbf15adfbe95daa9bbcf589d2221a7c13d17ffd,2022-12-01 15:40:22 -0500
06701b1b833cc24159608e5315808dcb89c69771,2022-11-29 14:47:09 -0500
661d307a3c0c9c3db3a653ca640481b6d9895b31,2022-11-28 07:54:16 -0500
3f51f655a9f7bfba359454b03d02f64b032823f7,2022-11-28 07:07:23 -0500
91cf97262d498b4f42a0259fb80f54778c7cf203,2022-11-28 07:01:48 -0500
c1ec8706ee76415b7ae492d0542b775fcc0eab49,2022-11-21 08:16:24 -0500
11a11afc3f99fca8446cc5206f74446d6e825a33,2022-11-17 15:02:08 -0500
c6c7f2081cd7551dd627f0598c6dad56b04e9771,2022-11-15 19:11:49 -0500
6d4b2b675bf0f2fc72e186a3fdb947b1dea9843a,2022-11-14 09:07:03 -0500
e34f32c0b107ea7fedbaad6abd885d085b4f30ea,2022-11-10 10:18:11 -0500
1a0954a7b67bbe6c18b9396a8ac38f952b57355f,2022-11-08 11:54:45 -0500
e4db500642bb7352e594ce51678b03818fbe20f2,2022-11-08 09:34:39 -0500
fe1515b8ea38e6f3b54fdfcf6a7fcd59039f9f11,2022-11-08 09:33:44 -0500
60e5f98abbeaa2fb8c94e5d64927a5c840ce2082,2022-11-02 14:54:08 -0400
1b1e554974f432abd6606e7afcb9c9289bb0e676,2022-11-02 10:06:30 -0400
22f81e88b0b8570a199deaa748e23cf69577ed58,2022-11-02 09:32:44 -0400
2597cc7655736c74e6afb3ccebb97d5a615b0119,2022-10-31 09:00:07 -0400
4f84e0472ca11390af2401a60d0c54ab9603db2f,2022-10-28 15:36:23 -0400
9922c9c2ef504753c4cbca319a4030f53815bb53,2022-10-25 11:52:54 -0400
39cc88cad7e5e14815fe0234de5debd455265f1a,2022-10-24 15:16:55 -0400
20e9d5b5f523cc1342a6f54864a14f5c101b5245,2022-10-21 12:38:54 -0400
c3dc26516e9b034605643016c3e18e73c3d4d473,2022-10-20 11:37:03 -0400
bf4f232eef97515d33ff061f380cc2d216b304b5,2022-10-19 14:53:39 -0400
c931651cafd9a4648b16918db26fbde108b87aba,2022-10-19 08:54:16 -0400
1b923ebf16e90823cf049c9a7056841d96cb02fc,2022-10-18 07:45:35 -0400
3c4743563525e390bab7754cf895db63aab2c9b4,2022-10-18 07:43:13 -0400
271a1f4a94515bf9eaf1ab00c361c75041f3ebb4,2022-10-17 17:04:24 -0400
f7291057807006f9d53ab25f2e08f133c07d8eee,2022-10-17 16:54:05 -0400
8a6898dd3a0cfaa50ae53ffc833d97b48fbb3827,2022-09-29 13:19:29 -0400
697ebb989a7e40073fb00ed1c24ea0f7c6617c8a,2022-09-28 21:55:14 +0100
06b4be6647584fa9be9bf0478d834a06288e07c4,2022-09-28 19:25:38 +0100
6967a67ee7f3c811502ccbaf295441016d01f4e6,2022-09-22 13:00:14 -0400
71e9d142d4224c6d83ac291799f2df2d2dc3a4b5,2022-09-20 10:19:26 -0400
34e56a174c5b12ff47712eabc7fe7f18fd49fdd0,2022-09-19 14:22:31 -0400
3e574296d1b539e42d9bdd666bd3f206a574164b,2022-09-19 14:20:41 -0400
0e7b8e5cb8d3e7aa0d4a746548861e0a117a2af8,2022-09-16 09:01:49 -0400
e6475462b3a9466bf76c81594901789df795a738,2022-09-12 13:37:05 -0400
ca2136de28b2a53042f6681cca11912ed1a43256,2022-09-09 12:06:59 -0500
ca8258b8a69cc6519969853df720f929f108377a,2022-09-09 10:11:19 -0400
6270f42f65c295a85baa733503f82c712062700c,2022-09-07 12:35:49 -0400
b8c20f7f0e7778350164684b2a8b7ceae609805c,2022-09-06 14:54:05 -0400
87ffdf4ab8dd95499f2947fee07517d98224d86b,2022-08-31 12:01:18 -0400
b30066889c84e85e7b3cdc62f5751dfaa2881532,2022-08-30 14:57:16 -0400
9c199033e6ec043a470f814a6b82ba4c62192f46,2022-08-22 09:29:11 -0400
f836f33b9a76ef4c18a25f30b8844ea99b19f11e,2022-08-19 11:56:48 -0400
6817d41e7a022181df0f2665893b0110062df6e4,2022-08-18 13:29:58 -0400
da0a424f9e35164487d3218880a261c9169aa7ba,2022-08-17 08:58:01 -0400
bd46fdb16bfe3ef34bcb320ae03448137937d7c1,2022-08-17 08:26:54 -0400
d898788f4e00b7be2f287083c59b890c5211a25c,2022-08-15 07:21:43 -0400
e95520ce1c718860577dfb5e2fa66d5b86c1a412,2022-08-15 07:21:15 -0400
24318a64ef51179d54c50a0d4c0f1468de3d6972,2022-08-12 14:07:37 -0400
3b213ce30b1974ecd9fc2260e4f081240da89874,2022-08-12 13:37:49 -0400
87a0d8b653ea6b738a033b2f4c8c4e19b8235139,2022-08-09 11:10:02 -0400
660188266aa171ac536d1182486fabf411dc18be,2022-07-27 07:18:55 -0400
c521ae323638a7e7a9099eae2c46f87d77d5d9d7,2022-07-23 10:34:14 -0400
497e310b4588301a7beaff0c298c5598a06d8dfd,2022-07-21 09:55:46 -0700
0f34a22ef38eb00db6af59a20e2ab0592f252918,2022-07-21 10:01:14 -0400
f8898b5b8fddefc48d2672222d5bc6f86d237cec,2022-07-20 13:10:56 -0400
242706787cdfdaba953703e0224d62b956ffed83,2022-07-20 13:10:32 -0400
6b4c823e5bf65567b108a406f7f189c90ea1925e,2022-07-20 13:09:17 -0400
4cac2b00acd71acc0a2a6ee89fbf1beb315eaf32,2022-07-01 11:31:43 -0400
d0d80b8f968e1d8a37fe2c0eb1185e2fc57a2a5e,2022-06-28 08:12:58 -0400
974921ca1c7da3dfddfc08905eb4c6e5d4469634,2022-06-28 07:11:19 -0400
c3da06cb55542fc290d3fc6286590a61785a7b4d,2022-06-27 21:49:26 +0200
899fd431e9b37e0f07fe737937d665dc149003a9,2022-06-16 14:07:57 -0400
0f5ebcab73bc54394e58597b6e44d36ddfbfd8ee,2022-06-16 07:22:26 -0400
6c9cc40e86cfa54eaa49f4b2f724f1a3b12e3434,2022-06-08 16:03:16 -0400
382d870d640995bbb05280f3f5c1c1eb854aff71,2022-06-08 12:23:57 -0400
c81b213b02ac414a39290787cf2eea14d83fdc26,2022-05-23 07:44:42 -0400
e56c5801ebced6ab31ca3bc0f7958bb30a6a8aad,2022-05-20 10:07:22 -0400
f0cf71de892249920a2c52a12258d49800a2349b,2022-05-16 08:25:58 -0400
ac3881093ef5780b4802754d4583cc27d3b4e4a3,2022-05-16 08:24:16 -0400
81a05d7bda8eb07f392cbfa20425a8296b4190d3,2022-05-06 10:08:38 -0400
b2c6971af55b419baa77f3fb95b693ec22a1efb2,2022-04-28 10:00:35 -0400
8c89d62add9e0d101bb630ce4250b75fddb684f4,2022-04-25 08:26:45 -0400
03ad8669c5c976ed3872b8d5a4ca5397c183eced,2022-04-25 08:26:19 -0400
ef077f65ee5249fd34a45dc94cebecafd905e444,2022-04-15 13:12:35 -0400
e13933df0ffa1445f603d97b6cac1aab01d001d1,2022-04-12 09:00:40 -0400
3bbebe8380e5e3a709ef34391b39a89d0f101676,2022-04-08 08:33:52 -0400
74a4b74e8739bec7a991c4672a67dd275caf7980,2022-04-08 07:48:09 -0400
2239cecfca01461bb986cd78cb7af767864919ef,2022-04-08 07:46:35 -0400
caaf3bdf5cc27df537e6476262fbdcc9bcf1a72c,2022-04-05 07:47:34 -0400
36feb3c41ef894a75ae2ebdf44a14782bc654668,2022-04-05 07:46:46 -0400
06cefc0936f959b11f76cffb43796f994ce6cf11,2022-04-04 09:29:46 -0700
eac9b9160895e61a085e3eb67ddf65683d414210,2022-03-28 16:31:15 -0700
ad724e90b45d50f896f03f67f552bc81513640d9,2022-03-25 13:56:50 -0400
2c5310e5408f4aff44130b47d4a4e61d4853033a,2022-03-22 10:53:34 -0700
2db8dc0bbfa501106ec4ddf7c5e63b5ee4c53961,2022-03-17 14:20:51 -0400
613c2b0c077f56dbb425e7ebab1a2d154cbdbd06,2022-03-15 13:56:37 -0400
32b6b9a31e65c6dd0145c7897e266dec0cefb4ee,2022-03-15 13:05:24 -0400
cfcb8b935538ebfdf7d86af5d8837cb9a472a1fd,2022-03-14 14:02:25 -0400
14f6c99ce67f6fc58e77330b8169e66e9719607b,2022-03-14 12:36:16 -0400
13342156e6272e7af54304413df96716abfb2392,2022-03-14 12:25:31 -0400
55f638de74edfa400ce6cba1de19162069c9298a,2022-03-10 09:16:23 -0500
29860a6e71bcf6c0d5def1fb2df2fa28604d3752,2022-03-07 08:49:59 -0500
6468bf6cfbde4b7473ec03cd6e6ef4ae93366a79,2022-03-04 07:24:40 -0500
946ed041361e6bb14f3547512730e9c84b4626e7,2022-03-04 07:21:20 -0500
86b62587c4ea843d5f8264f440ef3c626114610c,2022-03-02 15:37:52 -0500
90782a21879df7994b49cb2120b2bbffacb4ce73,2022-02-25 13:15:34 -0500
7c2b07d76132857e0bf87ff3e2c0199f502fea78,2022-02-25 07:49:05 -0500
835bb3633819e83071dad1c74861f50467c1ba7e,2022-02-22 07:35:17 -0500
ce4a13511218a6e3dfaccdd9de205c3779a7ddeb,2022-02-22 07:34:54 -0500
f3ef3b9f5a5cddaf74c04d8d3026f8b99d72cbff,2022-02-18 15:34:07 -0500
e020b73e373cec2528b3f0b604e836d77ba52e4e,2022-02-18 09:46:07 -0500
62d7bbe69847d85c780f40855c5cfef29a5a7c23,2022-02-17 15:28:00 -0500
4c62cdf901848bbac03dce7316a248bf8b8f0bbb,2022-02-17 11:45:26 -0500
2a0748d3e0a3d65dcd3b0138535a7c7d584747ae,2022-02-16 12:18:26 -0500
9b8065a893fe13e56397f7ddcc58dfe8441e28d9,2022-02-15 15:02:07 -0500
575a4c6ff9fcadb8eff733ba693b831de4156201,2022-02-15 13:49:29 -0500
89672fa05b720c189c7047d35ec31f5c6f8ba2f1,2022-02-15 07:51:12 -0500
9043425760dae277eff36087a2e715c70793db9c,2022-02-14 11:33:02 -0500
72c0273a81f85f34f6a57f37ad08c710a7fa64c6,2022-02-14 11:30:35 -0500
331499562a12a741d761b518e5ae3b0838b47ba8,2022-02-10 12:18:36 -0500
3662090976b297c81937686b0efb6c378ebdc9fa,2022-02-08 08:30:38 -0500
e778c997bdb1f38bc27ae44b3d680804df6ee5ce,2022-02-03 10:59:46 -0500
33229d879007a37724f0409ee30d7307d500777c,2022-02-02 13:15:26 -0500
be372695f2fc1b26b8ba26e22e7f4b421df4b7a6,2022-02-02 10:13:58 -0800
9548825efe67fb6f0ac35d35a3c6ba07dcb23a1e,2022-02-02 08:16:05 -0500
cf1736eaf16a3fd3c975a841a679bacd267ad5c0,2022-02-01 13:15:47 -0500
8a71d8aef71f28fa1eb837f84cc40e153ea75ea4,2022-02-01 09:30:32 -0800
f63826781be4ab80513b3ede71da8ce425da2b21,2022-02-01 09:19:27 -0800
6e02b388dd45b54a10392d32c5d9d90c80319413,2022-02-01 10:20:19 -0500
dd9e836ba88c1598e8562d986ae6d63152693b64,2022-02-01 10:15:13 -0500
0f17d4b967636d5bdaf352f149800972a5686a0a,2022-01-31 09:51:42 -0500
e1c415c57c872e2c4ddb9587dab2b35240056522,2022-01-26 08:35:52 -0500
2e420f43199d878ba4f18a03b374bf37255d472d,2022-01-24 14:15:02 -0500
54ee07216996c80e74749db46200273d48da948b,2022-01-24 13:49:32 -0500
9a18feaa30e512f04f287f6c35f1883195d7d928,2022-01-24 13:19:33 -0500
e97739484c028460934d2ec823f831180e1e5287,2022-01-24 11:18:49 -0500
4cc0863e715b79a2bc0f19bc09c5c251305a9596,2022-01-24 09:00:21 -0500
f2f85e0ad516f4652ed4ed80f6dfc981f3deb684,2022-01-20 10:03:56 -0500
1b4adb662ce8bc052888d112ddfe18592aa70cf4,2022-01-18 12:09:05 -0500
d6e0c39fe036f278f8e7ad53d7a54dab4041fc92,2022-01-14 12:49:24 -0600
6496d2727c79c4238925502915465d6c4b0484bf,2022-01-14 08:20:49 -0500
a1e41d391ce276fa62229b8561774142c8e22408,2022-01-13 17:17:33 -0800
ec7c41fe666ab1238b71c641bf7b4018c8f166d4,2022-01-12 11:25:28 -0600
59c8ef820da439e0cd7f7831652ac509ec8af0ad,2022-01-12 09:26:19 -0500
f57d70b9e5a696ae23c89ce39e4526a46e7d22d2,2022-01-11 14:15:28 -0800
7d8ef49a2313347bed274e77e0c7ec44e3bd68d8,2022-01-07 11:34:02 -0800
10cfdd9e3e67e6a6adb90302c854f25b6c0c6607,2022-01-07 12:43:26 -0500
090cd854de9387afd977c8ee40ca0ec5a420e010,2022-01-04 11:04:51 -0600
557d5e57fd441d846965a952f7821dcb6e10dd1f,2022-01-04 07:30:21 -0500
ea4a9dd70bbb8d8a88ac514ad79da9953b1b09fb,2021-12-29 09:38:13 -0800
72512d9130dd3a12aa864b8cd9fe3ac56f81c32f,2021-12-29 09:35:34 -0800
a674dccebaecc21bfed75375a77b236bd03d4244,2021-12-27 09:59:24 -0800
ff56d7c198e0a7600b6413cd4231872d174c86f1,2021-12-23 09:16:40 -0600
13a3885fb8da28d6c8a4af55b92f92cb7d7c8dae,2021-12-23 09:16:13 -0600
cc5da8c884a9a4c257aa29e4f077996aa2d84826,2021-12-23 09:15:57 -0600
81c03618a7c42a0e87a752f9b108df74c6835be0,2021-12-23 08:50:40 -0600
a17cab5e19159c8aca100913688a28811afee2bf,2021-12-20 11:02:22 -0600
c6d3129cf05086f56675d98f6ab364b7ce18ac4e,2021-12-16 12:20:14 -0600
5303d86fba8e9e1d3daa36fed405e507857fde1f,2021-12-15 13:56:26 -0500
b48db8d7f3ad20e7df7a1452793ac49686f8e119,2021-12-15 11:49:58 -0600
5c7b7cb6b19f8a638885c97ef5b9b006d8d113ff,2021-12-15 09:09:13 -0500
2975bc62a521cb23650273887af531b33a6bc1b8,2021-12-14 07:56:59 -0500
4f56f1a75dc4d27abac9d20da95e5423c3633086,2021-12-14 07:56:22 -0500
32432c8c5c081397f05073f42507286b42997926,2021-12-10 15:52:48 -0500
0b72fda711a97f7c0482bbfc65f7f373f27c1e03,2021-12-10 15:52:05 -0500
08c5a7ba412ace8c1b5847ed6e12abe85af78ae1,2021-12-09 13:34:34 -0500
f7dd90eab3a88af2e8de07107e2d4bd5cb18c67e,2021-12-09 08:50:07 -0600
178867d806d57bace29a3966d9fd6d6fda3fa235,2021-12-07 15:15:05 -0600
b4f9cec512783920a78cdfbfc4610e9e10a11e5f,2021-12-07 09:33:17 -0500
1cf6f32114fa72b9f203935470f5b4e63279e26d,2021-12-06 17:37:51 -0500
e60c49df6b861af75b900813598d0c41803b7c19,2021-12-06 15:49:21 -0600
ca9d31b1b89264836a80ae6cb821cb4ae64224c9,2021-12-06 15:24:19 -0500
bbf47a8a4cb4672291984a33923394083944d351,2021-12-06 14:17:27 -0600
0029591b643c191ea0156dd830e848e7f8a3e728,2021-12-06 15:02:20 -0500
e35bdd98b69ff6869231e276e44a262e5d4daabd,2021-12-06 14:57:03 -0500
4b41444a1423fc04851e779c00943d7db4365f41,2021-12-01 09:36:13 -0500
de741a51edd3b07719ecdba7fc47023be0eb1bc2,2021-11-30 10:59:43 -0500
152a7f9905a1e5a4ea966026bfd599a91bfab939,2021-11-29 17:05:43 -0600
bf576e8be961016df11b2b3caf50e0d8f9616867,2021-11-29 12:42:00 -0500
ebe75238207e6643e47a9d674ac6174ce2ebd869,2021-11-24 17:18:50 -0500
c8d7d1e3082815e33690d8ace2943123fab0f943,2021-11-22 12:55:39 -0500
9ff7d04134d1d564ebf9716134b4de22767de941,2021-11-22 07:05:24 -0500
fcae7b978704cbdf5505d5752754e040ddf5e3e8,2021-11-19 08:36:11 -0500
0e99d503a6e3519db1503f96b238bc2bffbfdfc1,2021-11-18 15:35:57 -0500
4b649da32ed677c43e1825b89ceb3d15d979d90a,2021-11-18 13:51:12 -0500
39c604f4176b20f9ff7a9a683d6eee0f09d659b0,2021-11-11 17:33:49 -0500
61d59b5cbd502eb0412ec5f3e1a4c9116df71879,2021-11-11 09:33:39 -0500
772826c9070dea10ac4340c321f1071bda6fd2d2,2021-11-11 07:19:36 -0500
098bb66fc44da51e7fabbc0eff178e1a7cafc8df,2021-11-10 11:16:52 -0500
00413b7363aa834ce3af24fecd9401ada2fa272f,2021-11-08 07:40:39 -0500
4fd08c65ccbc88334b4be010b4258bec61e1435f,2021-11-04 09:02:51 -0400
5140a26cf1af05dc234aa130cf1e1a0982e4d3ba,2021-11-03 13:16:28 -0400
8d82b27b244c8100fb0bf672b9b2c5b86cdd39af,2021-11-03 13:15:42 -0400
037fb9913f8cb50c60c6e377227bc8bbd325964f,2021-10-29 07:45:16 -0400
6a55c57a8234055debe3efe00189907e48a36c22,2021-10-29 07:40:35 -0400
4ebfc4de52a98edf59bb4821d75a0003ce8092f3,2021-10-26 12:07:14 -0400
1e039d0c0b267d5cef7c93abad2fc6881d297893,2021-10-26 11:44:31 -0400
070a9ae129542ff401c1ffb02ad5b106e6ea3472,2021-10-26 08:19:27 -0400
11095e9060745a34606a81437e46e6c6d32c1190,2021-10-20 12:16:55 -0400
bb4cc1223cac04caa20554bad06f101d8db4ef8a,2021-10-20 12:06:00 -0400
1b9a5120cba156333b4e46bf2549a9fe0ae594d8,2021-10-19 13:25:23 -0400
a1ba9620f2c4072a945ae26bc9e419be197b94c8,2021-10-18 09:51:43 -0400
e325ec26ae5ee55396984552f3cffd2314e2035f,2021-10-18 09:50:14 -0400
5dea1caffebd89b91b538218dc751c7b62c63773,2021-10-18 07:19:11 -0400
60621c4be9bab1143958ffbd8bcacede3db22ec2,2021-10-14 09:39:32 -0400
feb9f40ae36bd3a58105e63bbeed2ef8d4f34e35,2021-10-13 17:27:39 -0400
a7b745314de5348728b1d4a61c8b86251d52e1db,2021-10-13 12:45:09 -0400
520af37167394c996b245fe47cfc0b7872005f45,2021-10-12 09:27:48 -0400
d7acd4bf6d4a8ab959c93733b80a45e7e854d382,2021-10-12 09:27:15 -0400
49860979c83fbca77183c022d3dd679e8540f7df,2021-10-08 16:16:07 -0400
96707f373276856ff14065a202a0f11630120e60,2021-10-08 15:26:08 -0400
b82f6c9f0882bf8a538430e41e7fab10a0835813,2021-10-08 15:18:15 -0400
2d0bcdf164e22780ad1b5f3e3a72cff5b1a9d937,2021-10-01 09:02:36 -0400
30e5f636cb8a6cff7a239e6191d25fcc713d8ebf,2021-09-30 09:04:53 -0400
1582d2438d66cc19e01b5685214c93f5ba5d3e7f,2021-09-30 09:03:44 -0400
ae0f727e392e0b424aa8db0af395deae148044e0,2021-09-29 09:45:58 -0400
ae51bfb375ca3e58a963816044e6b499f5422265,2021-09-28 17:35:17 -0400
af53b1631f7bd12f4fe21e41c61699f233711a31,2021-09-28 16:44:18 -0400
cfe8f8e75090914906e3c55730ee6f4c447e3861,2021-09-27 10:14:58 -0400
2b48c1f3ce1f39b1cce4fbf9caa6ea56316f8126,2021-09-23 14:31:25 -0400
7299e51be515132b9e784b868fa9ed983e915f31,2021-09-23 09:59:08 -0400
ba35b9bcb78ce91f707f3f811debef9d5f2428b0,2021-09-22 10:07:11 -0400
256be9a24802a8972a31c8bc72ed0f48e14ba5a8,2021-09-17 14:20:59 -0400
6d030e3eb48b9831cc5b8b1b4ba147704c98fa8e,2021-09-17 13:55:18 -0400
3e95350c72b8b798aeb608a2842ebff7509e6df2,2021-09-17 07:10:28 -0400
be0c04c291ee11adb0726ec6c32e7ab9c5d1fcbb,2021-09-16 15:15:12 -0400
ec0ed927cd30a9dd64dbba0ce529405fa051cd25,2021-09-15 16:10:18 -0400
c6fe5adae4ecad289103221af7e6f23e1340e765,2021-09-15 13:45:22 -0400
26b38bf8f04f76e99af3174f6b971a65aaadef61,2021-09-14 07:17:28 -0400
02e0623b245171c74677169050590cd8344e66bf,2021-09-09 16:39:24 -0400
2d399e703ed26d90e24d99aaa9cfe8a586e5fe84,2021-09-03 10:19:18 -0400
ba44472a3dfe369fd79442505f163d20d05d5ea5,2021-09-02 14:59:56 -0400
c8f9b2dce4194ebea02a24ea594139a05ef1aa3f,2021-08-30 07:29:37 -0400
49e3f15d2f6ef1efc761cc325ecffa790aa8d4ef,2021-08-25 08:33:29 -0400
e95d6113fe178e13507ecaca05a478b38f6d250a,2021-08-25 08:05:50 -0400
0354e5e3203b24ed4e55f82f27d4f08c8f7ed12b,2021-08-24 08:15:44 -0400
ae9ebd391aacad320917b60a34936a066acd072e,2021-08-23 11:34:50 -0400
9562efa1fbcd74161b28906f1d9799e05883fd2f,2021-08-23 11:25:20 -0400
80d4c58b9bb70ea4896a956c1cb3a83a77d83a76,2021-08-23 11:24:22 -0400
5db795978b585643907e0617942c0dcfd1d69f96,2021-08-23 11:20:19 -0400
184820342e2ed6d5f2f52d0e5cd5b82af88f7eb9,2021-08-20 09:14:30 -0400
51b814e5b82f6d103e9d52ff22a0661e0d7c8884,2021-08-16 07:32:49 -0400
2c71cb2f24184012b48834205136f471e90da6ac,2021-08-13 16:27:36 -0400
392565bb940991ae7c7fa3d3a845cf1b151fc61c,2021-08-10 08:42:34 -0400
fbe3ac1e05bb04b8f3dd00b88cbe2a40593fed67,2021-08-09 13:31:47 -0400
f3f47975bc3d6c7f144e97c8fc176096e3529b7a,2021-07-30 10:56:02 -0400
eb603e7f4a342e1a63d1e07f59c714cf531724bc,2021-07-28 15:16:41 -0400
032347dfcfce47573f81b3eaac3c782d0b3b7d9f,2021-07-27 10:52:35 -0400
85fc372a66f9393002692c2655697e5907dec9c6,2021-07-26 10:39:40 -0400
4f2b91f017e371da86fb82d36d8da3609e63b433,2021-07-26 10:04:53 -0400
5ee2678324d381abb1c0861a1190adcb4e4695fe,2021-07-26 10:03:36 -0400
d896e28ac39f756eace135182bde084c39a11f42,2021-07-21 14:05:23 -0400
9a4a91a97b432ef44e099a23bc6180f241c50107,2021-07-21 14:04:20 -0400
0def910c7e46b2b5ff6727b5c8e9c3df7d4746bb,2021-07-21 14:00:08 -0400
43fd9e5da23d18fc2753e5e03e02a6aae8e8453c,2021-07-21 13:57:59 -0400
309aa836f2737a43331439da99da9a20c5547a23,2021-07-21 12:22:48 -0400
94276d20240cd58462b8fb102b065bab45a5a489,2021-07-21 12:10:26 -0400
4c96de467e8b5c68de9c7ed5fcbb2dad9da1d3c5,2021-07-21 12:06:25 -0400
79771216822451aba5c2931fbbd05755743f1b21,2021-07-21 09:03:48 -0400
bf6f9304b18a3c51b11c43e0e4146fe588eede64,2021-07-01 14:31:48 -0400
0700ee8dc9531497f3e8b0fdf9266f8e3b105c27,2021-06-30 14:24:02 -0400
25685c75ee611c73976f5ffed75686c48e6a98bf,2021-06-29 10:59:08 -0400
8e890d5576c4191ba4816d2031096dd59f529b3f,2021-06-28 15:39:47 -0400
f43832eb54497d41ef9b6037926aa805a7b69a62,2021-06-24 09:22:51 -0400
f6125a48bf66c823899355cd0c0a48bfc8e89e1a,2021-06-24 07:31:44 -0400
f3ba05824fb4f7226ae895dda74b56fccf45815a,2021-06-23 15:03:36 -0400
ddd2e45dff42b862f60ed528fb2053f9dd8b3167,2021-06-23 11:25:21 -0400
a447440942502891d312083de787587286f94cb6,2021-06-17 15:49:07 -0400
1cdcae423648fcb775a3ab6502268666db5539d4,2021-06-17 08:29:08 -0400
8e731e55a4f723d7f3246deea46893fa4a46dffe,2021-06-17 08:28:43 -0400
e08b42fe7c27a6032eb3b1076087869f4dfd28e5,2021-06-14 12:41:11 -0400
d0cb60d38d7dbbd421470800e192ddc1e5aa5456,2021-06-11 11:33:07 -0400
8bcd8ef9440a890156915377bf55bf21047660dd,2021-06-07 14:30:56 -0400
368ce541d886f475f78e87272ae40ba58cd41110,2021-06-07 09:17:51 -0400
71a5fc9879b2720e04e459531c015f67572459f8,2021-06-03 12:05:22 -0400
2b4c228fa6209fc0cfa81c53912a2963c84f11fa,2021-06-03 08:34:07 -0400
b190f5a6ce210536d29298d6f04e952bf473265e,2021-06-02 16:50:45 -0400
0450adab8f091ba5f19c2b4ce4b9cbbd986f032d,2021-06-02 09:14:15 -0400
cf8437e22432bc31d61ebdaafbd39c237d800afa,2021-06-01 14:15:02 -0400
0dcdae9ed2b919071705afde0d54ed81b35c8442,2021-06-01 11:44:01 -0400
9bcfa07c3d52af3fb6942b6ca7963af30262d887,2021-06-01 09:04:24 -0400
c868c5a8ab20e4203469b54294e4ec35195faae9,2021-06-01 07:29:34 -0400
6f0d89f4bea7eacb91d2563ae6554422b9af1ef9,2021-05-28 15:16:35 -0400
3643e01900279cb594adb02853dd3b237e6f00ad,2021-05-28 14:44:05 -0400
62ac1047a18979bea1f5d6c668eefeaaae39d64b,2021-05-26 13:56:27 -0400
41cf56f3fa27b87d90380229483092fd63b1b571,2021-05-24 12:54:53 -0400
4f2a4401a4b96677f011389a8b2111e3ad04840f,2021-05-24 09:29:22 -0400
693244761d2f1476a91311be0e3e963d9b0dc3bd,2021-05-21 10:06:18 -0400
31c6a627e1abf331f3694a175399908d4ed10adb,2021-05-20 18:30:12 -0400
c9d3cfae34826f66552f7abcbd8114f3e153d68e,2021-05-20 14:18:17 -0400
d2c151ff9a888bda16e73ebaca00c2dc94ad5e34,2021-05-19 08:37:26 -0400
45b26a254d627e24bde07ac88a1c75b514de2600,2021-05-18 12:50:20 -0400
09f9dcf83c65970de4dab29b733029ab509599d8,2021-05-18 12:49:03 -0400
9f04bc4bf76ea9ab981a55a9072be4a81384efb6,2021-05-18 12:45:25 -0400
fca25c9cb5d63f72802a1b48e5c6d608ec38dab0,2021-05-18 12:42:51 -0400
4c1d9059d175b76526d3524550ad39c44ce9b7a9,2021-05-14 14:16:07 -0400
331b04f34774693eb5faeaf0cc05a567da3b27e4,2021-05-12 09:41:48 -0400
ad105144ac9d1b0bf356ac69b16e0c727e07a457,2021-05-11 17:15:53 -0400
d5ccc0b8d4538d1f64a24595afe4d58907c218b6,2021-05-11 09:19:47 -0400
de4f1449798913e08b22dd7aba4b9515b765d8d7,2021-05-10 13:04:44 -0400
dfc370868431182b843644defaa264695d8a27e1,2021-05-06 15:42:54 -0400
8c9d41556078b3795c8b5356102eade5dc029958,2021-05-06 11:13:12 -0400
d89813113711d84076643eecd4e8be0109f043da,2021-05-06 10:58:34 -0400
c50ac5afb67446782f6b01181f358ae285b4008b,2021-05-06 10:54:58 -0400
117eecc3d19c87f8873d4c84091bf57113e9e2ad,2021-05-06 10:30:41 -0400
8c95b39f5e365ae15657bcdc4686b44689b1fbb9,2021-05-05 11:31:06 -0400
8771105a355fbe0aa3453c1535ff470fa5a0b591,2021-05-03 10:09:46 -0400
8e89a79bfdab10b7d5dcef9c11493d7327ca9e64,2021-05-03 09:16:19 -0400
a016ae6a1d59580ff050a8f7310a9f57ec874bd4,2021-05-02 14:51:41 -0400
fcb4dc0a0722b1fea7e98c58f88464f45b07abf9,2021-04-30 11:51:30 -0400
2426e7f8527c289937506178a0e65da421d999ea,2021-04-29 11:58:12 -0400
d4aa276a144133021fbdfb6125512713c87e6d04,2021-04-29 11:22:21 -0400
1b99b3034d016017ebd825d7a1ec0603dd5143e5,2021-04-29 11:21:54 -0400
690ea80d702456f450884194fdcaf3714f1ddf91,2021-04-29 10:16:05 -0400
fce93164c2dd453da2d10dc9b3f684d61244c0b6,2021-04-28 13:47:49 -0400
1e5595c7b94d8e34636f834841763ed69b38d04e,2021-04-26 12:28:04 -0400
d301a9822e44dfd90522a5d7041a1262fe344f26,2021-04-22 10:29:23 -0400
c095446be17b604bb5494e08462cc2210f58c8e6,2021-04-21 16:50:13 -0400
3d2a6e59c5e300bee25cb19b9d0cdcfc449982b6,2021-04-21 16:14:43 -0400
a712c68786fb9ba5dbdfa6cca7b30c6bd2fb2bd0,2021-04-20 14:10:10 -0400
3ea5484c1261162c0a9e9ae961c6d6d15ce9c830,2021-04-20 12:39:11 -0400
3848cd57c69c713225e554011bccb0b5d3967b25,2021-04-20 09:12:46 -0400
99c1134575d7306993a379d8a346b106bfd4ddd2,2021-04-20 08:46:22 -0400
9ecf0dde8a74ef0284a362436e0de656afcdeeff,2021-04-19 11:21:33 -0400
d9e2839b7fda1bcdd259d6a0915d1f4abda348d4,2021-04-15 15:33:35 -0400
1fcf9f70317e22df3b837c57453f9b878e587ef0,2021-04-15 15:22:05 -0400
420401bb9fb11e8ac574a6a82fb257dbb924ed61,2021-04-13 09:50:45 -0400
08c49aa91332c33037cf685d268a6df6b0e5e824,2021-04-13 07:58:42 -0400
04beffc77afb93e51098c78eaf33ca0c38956e5b,2021-04-09 16:02:30 -0400
2d701f8d11fe548fbb4ca7421379cb9b4346a1cc,2021-04-08 13:40:48 -0400
8a4059545382bade504ae6db16c64bf5398b47e9,2021-04-08 12:56:10 -0400
4ca4bee010f679b339d13c931bcaaef13e4093ec,2021-04-08 12:18:36 -0400
2e0586b4711a531edc654e57616e440a9235e8a5,2021-04-07 16:41:50 -0400
66dda260ce09c9963cbf1c8146712739f7590afc,2021-04-06 16:08:05 -0400
bbdc372342791b46d1b176fea7d8d3274d5d9e88,2021-04-06 14:53:33 -0400
abf5422a3a5740b1dec15821130349e09ac9e9da,2021-04-06 14:51:18 -0400
7faeb04aa17337487848f5f61141a74d7d82484b,2021-03-31 13:21:09 -0400
50326941f91e3fc65edf4765e6139fb98ddf349c,2021-03-29 11:43:36 -0400
5289f596f327f12477db29f0f3d5ca9db55db39f,2021-03-25 15:46:28 -0400
78bcc3b61ee176bba3bd98878aafba2484035aed,2021-03-22 09:24:52 -0600
6aa41087d85ad66691ab8236f8db15e9ca160630,2021-03-19 08:13:40 -0400
1099c3dc06da03800586c387252115eb3318cd25,2021-03-18 11:09:32 -0400
046fb8a441216cf181c87ae9b54b7f26353b938f,2021-03-18 08:36:00 -0400
420f88222ff3f6fc519e08c0be3f67fb6005635b,2021-03-18 08:23:20 -0400
fb60b69489c93065090fd9f6c3cd51b1fe0c57d3,2021-03-17 10:05:03 -0400
9a40a1f9ea54d1e826b82ccc2bdb2541238a3bf6,2021-03-17 08:53:37 -0400
bda861ab75cab8d50c918429b30d99060bf66640,2021-03-17 08:49:05 -0400
995e7a4fde0e8009bbeeae950c48783b57e98d50,2021-03-17 08:48:02 -0400
a262b58bf403feb86ab402a94379c645095b63e7,2021-03-16 21:37:08 -0400
eeb24c7b648967b2f861ad9781279316103c7e50,2021-03-16 21:36:29 -0400
b3eccbc0c30b6531ea0a506f3cd48cf547f29785,2021-03-16 21:35:44 -0400
7717c20c3f20cb604b8f21ccebb40b811b73b9b6,2021-03-16 21:24:57 -0400
368f4a5acd0cc89ca6be3f29729b48c01be816fa,2021-03-16 14:47:43 -0400
d183cb297798afb7ecb51569c2552ad4b015cc61,2021-03-16 13:57:12 -0400
043acaa24efd47a57886f0b56a443b61b408d149,2021-03-16 11:51:22 -0400
040927b4dcec755a1b2a9c6e021e802b5f89f9c5,2021-03-16 11:51:22 -0400
f1603a0da8c9610f7ade79250315a2b5db333db2,2021-03-15 10:22:23 -0400
6c3a89fc6fd537a1707d59e57f613e9314cfb02e,2021-03-05 09:43:09 -0500
66c272b7c21117f9f4b7ed2b986ce6c1dea72102,2021-02-26 10:07:02 -0500
5177fed1058f9f5d940066520106bfdfdbd2ee1a,2021-02-25 09:12:36 -0500
8d5dbed4044f821bb1f904b3adacafa10228053c,2021-02-19 12:59:40 -0500
0a390f67a28f1f65b84b52583917beda34de1a88,2021-02-09 11:59:32 -0500
4674dee30716f1b8147e11fb47838872461bf143,2021-02-05 10:24:52 -0500
e29292b9e7e4d2e16deaaa342fc5a97176267ea6,2021-02-03 14:07:26 -0500
92a7901c6a760679917b30a309e6d1886c074305,2021-02-03 08:00:57 -0500
94e57c4ba7ab009a7fabf5e4db25389d5e5c8466,2021-02-02 13:31:11 -0500
cda1eabcab848a7e1bd0a1a30e55a1ff4a653c48,2021-02-02 10:14:19 -0500
0c6d14f4e80134460bb3dd42ae204862b9e511a8,2021-02-01 12:19:16 -0500
0be304dc120f5a659bf6118762ea6237b1c24263,2021-01-22 13:56:30 -0500
ed870f2fc1d919fff981f00af1687dec1ca49e1b,2021-01-22 11:17:16 -0500
583a91d427ee6f055e2c1957e493452d837e25c3,2021-01-21 13:12:43 -0500
c2357f55f5bc24ff5ac0a5611ff87c15e0c36939,2021-01-21 13:07:07 -0500
b896c31a55c13178f202f68731c9baa930d0c493,2021-01-21 09:38:51 -0500
1ac990c8a299a8a5ecc0ae3ead5e3e5e0e25b967,2021-01-20 14:36:57 -0500
40c8b799d68c94545f5a2ddc9c8753986cd168e1,2021-01-19 10:10:32 -0500
9da656836727c2e2eb049a5ea4411082d51cce25,2021-01-14 07:40:58 -0500
f5eccdb347568c335cb2c1bbd267ec235fe12893,2021-01-12 07:30:02 -0500
fb736835446f89d81057e50f30d9a8a3087f4538,2020-12-16 08:48:25 -0500
1fd854e5b09805c2489c75b08513e5be4b07b335,2020-12-14 12:15:16 -0500
fbefd3a2a8648e354d5c9bdcb2325bd1f84a8fb4,2020-12-09 15:50:43 -0500
e9d240727791964966c14a38dd7008ee8ed4ddd2,2020-12-09 15:50:43 -0500
09d46dc7ca664097e463842fd97bd83352479a0c,2020-12-04 10:55:06 -0500
7867d8e0cb99ec6b09f0e1ce0791ce850642f7f2,2020-12-02 13:20:08 -0500
d65af5b22a742a09594f277e8154dd4078cf3459,2020-12-02 12:08:46 -0500
7037de42e28cf9cb48d2275f9ce3409a00e57e08,2020-11-20 17:55:31 -0500
ab8654e8efffe87ac7e224edaca4c6954d40b9a8,2020-11-20 14:01:54 -0500
cbb3de60dd1f5fc9b2b18dcbbafb8598715cbfeb,2020-11-20 11:21:57 -0500
064d7b8655137da437a973331b7c99b039711b80,2020-11-20 10:33:32 -0500
853a5f27ab2e4287b63dbad746a0e883ec67a2c7,2020-11-20 10:22:08 -0500
0eba8b874c6b31ecefd3e30880f184500cf69332,2020-11-20 09:58:23 -0500
c38a551f353aed53479c60d38c4929743f82daf7,2020-11-20 09:44:00 -0500
81792fa3a45b1b5f3cd92a4b3a77ee7e569646e1,2020-11-20 09:06:29 -0500
e6d7f313fade0ef357c92e2df8fbe5ca173ed348,2020-11-20 09:02:15 -0500
32daf6dc34c3cd8b3cc69b93defd45bfadc5bfe5,2020-10-30 13:40:05 -0400
be0999901e5510aa4171e387a1ae170af047ce7b,2020-10-28 19:12:37 -0400
ebd1af445b9c9892481d50bdd2f094eec4f503db,2020-10-27 14:59:29 -0400
1b84e9e7d6aff9d1339dd39c86719bb0e5e25c4b,2020-10-27 13:32:59 -0400
ba182dd12e122e4910f845409c8558e3b5765a85,2020-10-27 10:19:28 -0400
55c220683b0fc442586044e3b84f83919f76a19b,2020-10-26 14:22:49 -0400
0391ba1345521ce2119833391428a626728b7df3,2020-10-23 14:52:23 -0400
d0f9a2fae7ccc2e0af169e5f98037038391e2bb5,2020-10-23 12:42:19 -0400
455f45a8e04b0bde54d2a5ebb31afdd00c37f168,2020-10-22 11:39:22 -0400
bc4526448d52359faed40e9b5ee3e8e8924e1797,2020-10-21 14:40:31 -0400
ed9e35c55e0ed75abab36e7d50217b937e6d4c1e,2020-10-19 16:42:34 -0400
45934b73fbbeab65594165406cee85e744a25ca2,2020-10-16 11:44:05 -0400
154e6a1d8d96de8c8ecfb267cc8ccc6e6321cef9,2020-10-15 13:18:29 -0400
8433eb6a12496a74326100b7e658564ab8037bb9,2020-10-15 09:42:09 -0400
9e1b24ab7a04e9cac387d3ca14cf11eb4d8e5689,2020-10-15 09:40:43 -0400
1038ecb1266632855fb1d1b513d4c8f0437ece7d,2020-10-14 15:50:27 -0400
2ef55d50e5582e78e59fb9f0461ac0c90bc54785,2020-10-14 09:14:48 -0400
bfe0a9d03efb41224ed5b4a5324eb31a23fb3709,2020-10-14 09:11:29 -0400
565712f05ff94bc232695b7310389f9de8f03a8e,2020-10-09 08:16:18 -0400
3b2a45730e902550b40c4628309faf9cad3cde24,2020-10-06 14:49:02 -0400
b6321eec287d753fb6ac876f36d071c1199318d5,2020-10-05 16:00:07 -0400
82028c1ae85fd2461e633450cf9b13be4292e066,2020-10-01 16:35:58 -0400
d3b635062a396e91f3373b874808e5fce22a5967,2020-09-30 07:42:21 -0400
7625d4273cdfe05523096780c40be5c4713f2863,2020-09-28 19:38:01 -0400
10f4714c1f67d1e984676034924b4c7ddbef35f8,2020-09-28 11:06:03 -0400
187b3b245efc726c439325686146e0778ab5f9ea,2020-09-25 10:06:15 -0400
86288209122994fa7d1de4a39574e286a3f354d0,2020-09-15 14:06:45 -0400
f5b45a1a7bcea3a22f32401b4db21618edad07c8,2020-09-15 08:35:20 -0400
d3c5850d0394fff75ebf3680a5015cbd207cc331,2020-09-14 08:37:21 -0400
60675a371ec7beb51e0b606e41f12346533952ed,2020-09-14 08:10:33 -0400
10d5e2a16660a0a5a4671513b2dbafe84989658d,2020-09-11 14:16:44 -0400
e55998a4305040157d5417d9117fc60b28947ce7,2020-09-11 12:50:20 -0400
8afd9727f53f99cb1e7f21f08769be8727b73989,2020-09-11 12:48:46 -0400
b0f59ef7c8b3a1088183c40691df7f3fd10ff864,2020-09-04 13:27:35 -0400
5061ed004f9206f2287a3186dfa40684c2d84e5e,2020-09-03 09:19:09 -0400
6471d1e95a9f4a23855b45acbfaf3b510d3b7358,2020-08-27 09:47:51 -0400
0adb436a4c1957d44b96daaba1d2aac9bc53a935,2020-08-27 09:47:51 -0400
1763fb2d13eba1df5dacb44c560bd24010f35881,2020-08-17 11:51:35 -0400
cf57e0d04ed7414081febb0992e6ebdbb6cd708d,2020-08-06 12:18:19 -0400
c79df5405d4ec5cc6bc994d764f8097fb2e2e746,2020-08-03 11:49:20 -0400
779e9803ba7708d700c0205cbd690a179841b084,2020-07-31 10:59:08 -0400
38f6f3d3bf34d7945e44164400d875f6d8c5d7a6,2020-07-27 13:48:11 -0400
16f70fb2027eec5b30af75fd011669dad2a3b808,2020-07-17 08:05:49 -0400
13f7f5757ff4600a2931db435194cc32c280d8d1,2020-07-17 08:04:40 -0400
92d2036e3dfd818edf01843a5e5aa1117181712b,2020-07-17 07:25:03 -0400
c7d08c2de7d72aaef18097a2ad87b6eca1c609c1,2020-07-15 15:39:11 -0400
96582bb9f737248becb763c0613e10d465ba5e15,2020-07-13 11:20:03 -0400
e74162d7dba3c5d49fbe98f65b08854d78fcd170,2020-07-10 19:17:06 -0400
0ddaea2c29bbed35e2a4e62233545bb9357db68d,2020-06-29 09:04:48 -0400
f585bfabccc7699197fc2b44fc9be017c52414be,2020-06-26 12:34:38 -0400
5a8bb80cad07daffbb33100eca23912dc9ff782e,2020-06-23 14:48:32 -0400
0f9a0b6841cb4dfc2fdb429f9cf87cebf872111b,2020-06-23 10:56:17 -0400
67f5fb010432dc27d97a90a1c11382d517470edb,2020-06-23 09:35:22 -0400
492e04808d048766eeff45564e1253c341717b4f,2020-06-23 09:09:49 -0400
2d8eba2cd8dcb39c9d04ba530d92ec4ecb05f23b,2020-06-19 11:23:17 -0400
c9ca5d6665d2d17fe637b13595a8b244584fd977,2020-06-18 12:30:15 -0400
03a2a5b5e16885cd58812f86a5a8e4aa0e2dbe91,2020-06-11 13:53:42 -0400
d297545319b72eef9adcb0fe2585bc0d059ee985,2020-05-20 15:15:22 -0400
92de5ff6c75be0558edc3fe767c8d591688f425c,2020-05-18 11:02:30 -0400
2de4ea13757d50d8dbfeed0666cb62ffd2710b71,2020-05-14 12:06:16 -0400
be3b714fab3e01d270b083e8853f821ea2f45fe0,2020-05-13 18:32:19 -0400
dab55975d6bb0e252b068cb97818253dcffcc141,2020-05-13 14:52:47 -0400
b8c15895e0eb6c7dba7eb7a9f57415313e46fa65,2020-05-13 14:20:42 -0400
f5d8d713f6e1a93b175eb338ae4e3a0c3f6b63c7,2020-05-13 14:05:48 -0400
56fe8fee1af3bb6ba885fcf638e13ceb39fa257b,2020-05-05 10:19:42 -0400
494ee9248568ff9d9ad6be017fa0f941f22afca9,2020-05-05 09:07:04 -0400
839d44ae371071ed3738c5d93b4ac605b6295cd0,2020-05-04 12:19:05 -0400
c91cc4219a66e6be5b814dac8ce5a683a12c3b96,2020-05-04 10:20:34 -0400
dd499070049b91fb8d859ac8d44fd0be088c985c,2020-04-29 14:26:29 -0400
120f2e618f63a2aca3574eb33fa7a2cd4a7c77f6,2020-04-29 11:29:00 -0400
15c813b90b1b86fb111536994901e50a9050eae2,2020-04-27 14:30:41 -0400
5acd1777e88245626cea77ea8ce3e7df80c0fdad,2020-04-27 12:57:30 -0400
17a381f08a0dd77fd423c87a23625870382d9ca3,2020-04-25 17:37:52 -0400
29b2cd5106706f3919d0d61829d42f3b65f8ae61,2020-04-24 16:34:18 -0400
bfc53a4aa7575983b2599b87efd260b5a967c169,2020-04-24 16:31:28 -0400
ca9353ffea9a9edf3bd266ec2d0a966b0849a387,2020-04-24 13:07:36 -0400
7be19a16eaf6a50cb22dd03f75ac16eee208b663,2020-04-24 13:07:15 -0400
5e63af1f5e0cd268b84e9de9735baac19310aeff,2020-04-24 13:06:49 -0400
075ed018d786d332deddc5e20169939f95470fef,2020-04-24 13:06:21 -0400
2f407aed4e9f47863202c3e99ac328c074a1d351,2020-04-24 13:00:49 -0400
c6baec9c59bf220e8c97997b7571c1cab9e089f1,2020-04-09 10:30:44 -0400
df0780eee240a64a2d528e5019167ba9f3db5c0a,2020-04-09 09:55:37 -0400
694a4baa3d4ec0527eca5cc727b92735b2221101,2020-04-08 16:39:06 -0400
1c037798c0a358bd39ef5a3349c4efe2196f6ea8,2020-04-08 12:18:51 -0400
59a1f71d49f3f48bd2b84c91bcc1429d246c4d47,2020-04-08 12:17:23 -0400
5667f29cd9f45e13783a6ccbfdeb07bcf6847869,2020-04-08 11:48:38 -0400
b1220c868450841deb0bfa5fa2274dffba7e42bb,2020-04-08 11:35:00 -0400
e42d45e31a03418ec953dcfc54fb334aa9476de1,2020-04-06 15:39:20 -0400
7c50548f2ee9ea3a22798d64d52b389623ca9afb,2020-04-06 15:00:33 -0400
750d57e347b523a66e56bf3c7617ee022a064945,2020-04-06 14:16:03 -0400
3078bd0c9aa9b2538fb7f6186cb10f9388c605d5,2020-04-06 10:17:50 -0400
6ab6a4da7768d13ebbaddf029f0341bac7ec5337,2020-04-03 12:05:11 -0400
8007671c9b78470cc7365ead09783897f72c172d,2020-04-02 11:25:22 -0400
73a1c5b2d0752c648d8b51ac51a00e44112dab04,2020-04-02 09:51:02 -0400
bf333ad77d96531ccffaa04d6851e1ce1376ecb5,2020-04-01 15:51:16 -0400
cbb92453a2f6693cd4c9aae8884276d466bc25bc,2020-04-01 07:25:40 -0400
ba2e006a9556f4f3cfde8ffe377f476519b4806b,2020-03-30 07:14:49 -0400
d9330b77ec0d2c563321f91ddf861debd004997f,2020-03-27 12:03:26 -0400
c08b802206c0495b7b03b71d428d738286725568,2020-03-26 11:20:22 -0400
cbdf30fbc9c447581218fb0df51cf0912d0dc757,2020-03-26 10:39:07 -0400
0e7191ec0afbf7ea44a7dd6018fe921f574591f6,2020-03-26 09:57:57 -0400
c43887d3976e628e0eb75ba1846dce0676d0ceec,2020-03-25 14:47:14 -0400
f4dbacafd66bc68fb1ec4425ef67a35ac58855b7,2020-03-25 12:34:37 -0400
b1d4c5412db985ecfdbb6fa6c860f8205991b902,2020-03-24 17:46:01 -0400
f2b12718e0329ecd7dc4aac01e888426cc514ea2,2020-03-24 17:44:39 -0400
5b4abd8447a6eef642587b1cae35c6853fc746f5,2020-03-20 14:16:24 -0400
30b4e812c94f66f110c043c747cffe8e6b367c31,2020-03-20 13:35:22 -0400
356291c3f5cbd82832bc68f7f573b292a46feb3d,2020-03-19 14:22:34 -0400
126789891ed5e834037198e5aa59e1f6b34dcb04,2020-03-09 12:47:56 -0400
5516f2542e5d75174b9e2fd417a7a99ebbd0bc3c,2020-03-05 14:20:02 -0500
2b60d54cc751672d234893e32f03a4076b0d9f0a,2020-03-03 11:15:54 -0500
f2e0fd92fb7f8a44fa4c2c27e458a89e10e8d0d1,2020-03-03 10:35:58 -0500
e7ad02c87c428f25720616ff1ba162f1cc3b85ed,2020-03-02 09:38:05 -0500
f53b9a83f0c89807f25f986966dbeb4b0f9567b7,2020-02-28 16:49:22 -0500
669c702e13c2c1d101fb4da665095b15aa0c5bac,2020-02-27 10:05:14 -0500
7e8e1b3ed110efe939908cdf1e12df50d1f86527,2020-02-18 11:32:56 -0700
a6c563bddfc00f9cf65b8bec4799c8c37c2c6818,2020-02-12 13:37:22 -0500
f0242e1b2af50e555e3ffdd34c9dfcead6e16866,2020-02-05 15:03:12 -0500
f3eee732f1f5535d0177877720c4fe9f39bc3327,2020-02-05 14:38:17 -0500
aeafeccb4482a9c39ab7a0026060f8c6b2d7ab92,2020-02-03 13:56:30 -0500
f388c5a0da8ee609cce236bb6e69914168c1f1a2,2020-01-28 15:35:14 -0500
143731d692363e0a315c560abc3d62060ae3bb86,2020-01-28 14:45:51 -0500
02e65048052a40dc5fb6ea729a7361a8e39cc8e6,2020-01-22 11:14:25 -0500
0ba8cfd1efb73be42d3ffb472dd26daf6b526946,2020-01-14 10:08:54 -0500
265fc9d1c3a43f8ee270cbd6c6035dfbcc0071cc,2020-01-13 09:14:00 -0500
d0a25d2fc43d3b2789d6da14419049be2b06aa56,2020-01-03 10:37:29 -0500
de17bbbdf0a2b4b2b881ccd0aa61ae624736f94d,2020-01-03 10:24:49 -0500
46f0cb3cc893fc1961f49a75bd18bb891fc979d4,2020-01-02 12:43:32 -0500
03364e0a0dc49b13d2d21572069aff2537ea8e84,2020-01-02 11:25:42 -0500
26742ccffed2c9c3d83ff792c3978d8a168fc310,2019-12-30 13:00:08 -0500
1bdf1cdf69e1a48e45817be9bf2114592b8e290f,2019-12-26 16:37:07 -0500
5e3bfc9c2089a1c1e7fdf0645e0e44a825db6b72,2019-12-23 09:27:01 -0500
7d96b4cbae3949f266674da0a44e4909f565759f,2019-12-23 09:26:30 -0500
48bb02292b6a8edc36b6e4be09b478d5160e8f4c,2019-12-19 16:53:33 -0500
3808610cd1354f395337b9e37116fb096b579dde,2019-12-19 14:51:43 -0500
eb7e0403baa097328c7f75eabaef292ac0092bcc,2019-12-18 13:26:06 -0500
e9526842a0165a6454df0050fff5ce6c4590fd91,2019-12-16 12:02:17 -0500
ab8fe7802ba62924ba096bf6d2c94951c69e1da4,2019-12-16 11:22:24 -0500
9c262fdce1bdc1cd2a62b0668c9ac763e556494a,2019-12-13 10:40:02 -0500
a31900c8ed0c9e1a4f9fb88967fe892c77fe6393,2019-12-11 08:10:24 -0500
afc903330bc91bd2125ba2b5c7449ec45a2cdb69,2019-12-09 16:54:33 -0500
8f4563bbd710180ababd8466565d16891ecbd63f,2019-12-06 06:36:39 -0500
aed324f8906f5c73937a5ce87b4778fc37ae111c,2019-12-02 11:15:28 -0500
5cd7ea2f0b5a82825887e01f04bff769abfb992a,2019-12-02 10:55:31 -0500
5ec6b1c8732d02224796adcb25be19f4a0225c7f,2019-11-22 14:17:04 -0500
a098134a4c33bd5052f39cd5030d16f2db5dd591,2019-11-22 11:04:37 -0500
5ec9ba9af71c6d89368d132d31ad0958bac0e6b4,2019-11-18 14:08:55 -0500
b776f9617657be0d1ccf9aefc53e21eb12ed14cc,2019-11-11 12:50:09 -0500
a819f28d29c50ae3e342f11daaf45a7311d2297c,2019-11-08 09:29:49 -0500
83e59c1f392d443f20efebf10bd367500e71069a,2019-11-08 09:29:49 -0500
734d08188d4805e9bf497905ba3c65da2fb75c66,2019-11-08 09:29:49 -0500
219953796ac2c74d319cddc6541e8393b7d7c869,2019-11-08 09:29:49 -0500
b088d2edab3e5f12e5ab75efcab38224abddad96,2019-11-08 09:29:49 -0500
fc66e48df9ec056391cb2a5fab6c7df411b7eb2d,2019-11-08 09:29:49 -0500
3ef2420c95e74bec3d8328377957e37d5ed5c3da,2019-11-08 07:10:44 -0500
400aff38529f5daf432e5436dd1a1ea747e6fc54,2019-11-07 15:07:18 -0500
fd6007ab5c2e326daca225136344ee09a37f0516,2019-11-07 09:02:46 -0500
1b1483c26584e9f8eda0be760b8e351171181d88,2019-11-06 19:27:44 -0500
1868257f306572512b6d000150508b60dec3ff0a,2019-11-06 16:32:19 -0500
f7d483c2e467dbc963ba9e1863da29643dfc9c55,2019-11-05 17:10:56 -0500
e64ddbd85d2ee7c4b83ea4d45d403d0ba162639c,2019-11-01 14:52:34 -0400
04fef21c6192ab89288e038ff33455e11968a5b1,2019-10-21 12:46:12 -0400
08cb436e269a93ad04c35ca1a581d669cc8b4945,2019-10-17 10:07:33 -0400
7d6b72ea08beb00fc11c0f29023895c10b3551be,2019-10-15 12:42:34 -0400
756f0670e4435ef7498b060bcc41d44d13a9df7f,2019-10-11 12:38:04 -0400
1a76b5e102554cd7d9c55788d82fcf4789a9f1a7,2019-10-11 12:38:04 -0400
53c68f9eea6495717a8edbbdfffbba55da31ae62,2019-10-03 11:19:53 -0400
1191a78a4901be282e3b7ad385dde486142c713a,2019-10-03 11:17:08 -0400
e23ed924e1aab5a378c6b6686064577befceb82c,2019-10-02 16:14:11 -0400
9c5a6b1d352939aeb6cd0e4ff09b7f2d1f53dea3,2019-09-27 11:10:09 -0400
856938733a27c997c6e9e3e79de85d4c4bc0dc09,2019-09-27 09:23:36 -0400
5f167e3685d35959055e92acdecab9c9959c3e7b,2019-09-23 10:25:24 -0600
5c95833b59e4f6b8ba90de24aa006f7a48506c43,2019-09-09 15:53:35 -0400
9de0d1a3c3d294600d5c769243efe4f67b03bac1,2019-09-05 10:26:30 -0400
ebee69f3362b6d418a501927c5f0faaf794c75ef,2019-08-27 09:33:52 -0400
d3e8f82cebad4a6dea51c75759a5ece0a09fc289,2019-08-09 12:40:10 -0400
7a80dca8a72849bc4e2b417b384c9667cd5f33bf,2019-07-16 12:18:22 -0400
8555e25b14555b0ff4f271ea1170083a8d6c1a13,2019-07-16 12:18:22 -0400
ae3fba0a08cb9a88a3ca82eb4cd2dd803bb38f17,2019-07-16 12:14:04 -0400
351c746268effc19cd07635be007c96ebabe4186,2019-07-15 08:40:12 -0400
29974f9beeda5a4cc742d386569d29b076b0f38a,2019-07-10 12:03:02 -0400
aa844ad14a8c7a238987b7347e510132460af57b,2019-07-03 07:27:06 -0400
100ec3f4177cdf132919532e7107e3503653fe0b,2019-07-02 22:27:45 -0400
a7c890167f7b5d38cfbab33a4c47d902757293ea,2019-07-02 22:18:06 -0400
4b17550d26f73ae3ff168e1297b74f2b6374fb88,2019-07-02 08:36:33 -0400
f4c1a822f26570adf2d6e7412c95e1795aff68cb,2019-07-01 07:30:06 -0400
ef04704c8fe58a543bb71f889ca15ce03d4722f0,2019-06-28 14:51:33 -0400
efa1613a04dd51169d5e7c3d884a640f073f09c0,2019-06-27 09:53:38 -0400
6f6b65c5988562af04a847ad4722aeb00a1cadac,2019-06-27 09:51:30 -0400
5b7230c48ee532df13dae07287c8775e3a861655,2019-06-27 08:21:11 -0400
3a837fd88d134a2fe3026c942e15558cf491b2ff,2019-06-27 08:19:59 -0400
b988b7e0d1840390c36117b64ebd5d3ef653d0bc,2019-06-26 12:59:49 -0400
ad83748e95d17ecb1b8633d2bf3f117cb32dac2d,2019-06-26 12:52:09 -0400
a0a14de0a9a589953236ac8454c62b5708ed465f,2019-06-26 09:56:34 -0400
3e4657059e2c351681a11bc71ac49b9a4684f0ca,2019-06-24 07:23:02 -0400
947c3ec108fd3159c3fbdfdb23440c1cc5c66475,2019-06-21 09:58:52 -0400
55ab6a4de262003abf5f20d1a66776f8b8b7f487,2019-06-21 09:58:31 -0400
247da210d7cf68065e997be02ecab3c6b15501a9,2019-06-21 09:57:53 -0400
7c8d01a1e9dec12c3dbba1a023696c5482bca9c9,2019-06-21 09:33:05 -0400
113015f72bc675d0f9368f46999afdd24625ea46,2019-06-19 16:57:52 -0400
427f4e1a18c3fe0e30b44546f87c1cc5cbbf39d7,2019-06-19 15:44:06 -0400
826844a408f905ec68f28ea26256ca8fe4f11c66,2019-06-19 12:49:04 -0400
707d8b8a6ddac02821d4d94b92e401cae5438780,2019-06-19 12:49:04 -0400
1c7a23ddc1056a8df1e8fd590aba890224a44c27,2019-06-18 15:45:43 -0400
b8338d7c7f56f335a25d945da0824529c126af6c,2019-06-18 14:37:48 -0400
015891ff982144ab07f092a25ab133707a9a31e9,2019-06-18 09:50:50 -0400
d4ec7d9dd99ca163d8403c0b99770006aaba379b,2019-06-17 14:33:11 -0400
6a0cadbb5d7fe784b9c1740f0554be7b3f21f230,2019-06-17 09:52:25 -0400
db7b779ff6ce915a0f7c5f84d399f5b5027b2849,2019-06-17 09:50:32 -0400
f840372b780d59506196fa895a4c5190ac767ec2,2019-06-10 13:52:14 -0400
4413ed755ef6ae80b209e0f7a2aa486d836883a7,2019-06-10 09:45:54 -0400
1ccb8c82bf4c1a6bddc8020a6c0f571efd2c4af3,2019-06-07 16:37:33 -0400
2ec2bee17c7d0d85eaffefc268a974d1844d265b,2019-06-07 13:07:07 -0400
821b62d4180806973edd3fb3dce6bba56e24e000,2019-06-06 14:09:17 -0400
fea8c7c0485d7432a832c4b60479f15bb3f37e26,2019-06-06 09:52:35 -0400
6aacf32fa53cb5618da74bd24f05b1e2bb5238e2,2019-06-04 09:16:22 -0400
db7b1eac516c3de16fe58d87804ec799fac382a5,2019-06-04 07:38:33 -0400
f298aebad96a2e0f2cd4bc331055e77a5bd4701c,2019-05-28 14:22:36 -0400
bb4d96556269d04faf7c5029451f57b0fea8a7cb,2019-05-28 11:56:09 -0400
6ac13f438f5b343f044b5216cfea4cb64e92fa86,2019-05-28 11:42:10 -0400
f770c834bc7f0fdc5724284006b8074df5a6876e,2019-05-28 11:41:44 -0400
53d6b4f342140f9a807ee1ca087dbeaf0367ade7,2019-05-22 12:57:54 -0400
c8b4d91b911e96adccb80bdf716c2d72a0df2f83,2019-05-21 23:34:43 -0400
5e47a9b21b3693f862f71259e0006df77fe46b80,2019-05-21 14:51:24 -0400
8bb1aa2b1c9d2b2e00cf07de6b449805a2fd2d37,2019-05-16 13:31:20 -0400
7e2ce3fb07545ac9bc15bf7580a15c32b1e5166a,2019-05-14 08:35:21 -0400
3e648b3b94a169a84386069cbc696fd856ec6375,2019-05-14 08:09:00 -0400
f6e4ebe5e5257bff1ad7d18f0ea67a976131f785,2019-05-13 08:51:46 -0400
135e74cffaa3b9146b539ef8cdde056cc53ab94f,2019-04-29 15:02:30 -0400
6101cdbbc9876d3b18b84d0a6ddfd528a3ed0386,2019-04-24 10:20:38 -0400
ebd28636d915dba407c268f112fb5058974c0d45,2019-04-24 09:59:48 -0400
aae5c1233dd38d574a347b14750d6d9c31574fa1,2019-04-24 09:40:29 -0400
a6828dc8abe0c385007a9e07dbb7c656ab4962e3,2019-04-16 18:45:30 -0400
df4e69fb929b7e171424553735874c3b85fc1129,2019-04-01 11:36:20 -0400
13cf581bbcafe274287a14783a445ea46d758686,2019-03-21 10:34:50 -0400
9719bb400977e336e0a1a5a115a58a4af198bc6d,2019-03-19 08:23:36 -0400
ce14e6ef5313fec909ebdd14d4a511a20597d350,2019-03-18 10:05:40 -0400
a01cc32375a50761a9688c6243c245df59ba85a0,2019-03-15 15:28:46 -0400
4caaeff7b9df8432d482e7bf664b134921ce2293,2019-03-15 14:43:50 -0400
9db5146504d8195f7503cf4fca066b9a7083d6d1,2019-03-15 12:20:26 -0400
c9302a03964ef36581ca9217ca3bacd87ba8ea3e,2019-03-11 11:07:05 -0400
a6dc540fa13a45e119bbfda77ea4e514ccd1a88f,2019-03-08 08:28:07 -0500
57a68953463f3ebbea779d6664ae56ebdf2912c4,2019-03-05 08:11:56 -0500
0b924b67de67d21226bd7674fba78a410247e3ce,2019-03-05 08:09:46 -0500
0f141863049e6000f4f32eeb98edc413c3f222fa,2019-03-04 14:07:14 -0500
76046cd8898ad2cbcd3aa119ca2d2d3f3874a44b,2019-03-04 14:05:56 -0500
e23e162eef34baf35b8af4e3b2a200d4468626dd,2019-02-27 16:48:23 -0500
b9594c7da79cb6ff9c4311f31cab378deda28fad,2019-02-27 16:43:39 -0500
1a9567cff34804bab6ab0f6e4174eaa101ce4b7c,2019-02-21 09:26:36 -0500
937033bf99646e024def756704f171e1ad12f635,2019-02-19 15:28:34 -0500
de74c03544cf636b06196106a73ddc0a6bb52a92,2019-02-15 13:45:31 -0500
193c84690401debd93c1f48e39e564fec09e9337,2019-02-14 12:03:02 -0500
3e497fa25b458de131e873c713b3fa90209e8a4c,2019-02-14 09:46:14 -0500
34c862b632ccad77a2745c32b7be32d1cf382501,2019-02-14 07:28:52 -0500
187addc6aabba1c74b78daa18f69225b36211ea6,2019-02-13 12:59:28 -0500
728eb437a910c2687c8b73cc69180a73c0ea7dcd,2019-02-13 10:58:40 -0500
4a1fbbb44f73c14886eed6d5694158effeafaf68,2019-02-13 09:50:58 -0500
a20ff4172807f5e0264ce68142f15f9798df1e8b,2019-02-11 13:29:37 -0500
f4232ea629cdb2ff39cd04bef3efd131f923e32c,2019-02-07 11:08:41 -0500
f072199eb4d0cc0254b570d9bd79e11672fdf428,2019-01-29 10:13:19 -0500
629aa2a1dccda54f1d8a2328de3af8da4c618091,2019-01-29 09:27:22 -0500
5c19ac1aff47f3d33c878d81696fe3af726dc1b9,2019-01-29 09:24:13 -0500
cdf956b113e1eea2d7eddac87ffb11e66b872a41,2019-01-28 08:30:49 -0500
11414971032f6eb81808672f486dd1add18c4a3e,2019-01-28 08:00:50 -0500
51af49531fadfba0b91ba1fb36ca57b6979eb6c6,2019-01-23 15:50:44 -0500
6cfcb15464f4eb61ddae1bb9876c47b610cabb89,2019-01-23 07:57:34 -0500
ba2c3b1337aa22d352eae3b32f044ffdf00575db,2019-01-18 12:15:44 -0500
69f399983f45cc6f878a2739698f338f8674992d,2019-01-17 14:33:56 -0500
1fd5a2ed14cacce1e06dcf0e79aa3e31058b4e7f,2019-01-17 14:32:31 -0500
69bb0a185ef320acf31739d8b90e63b9f7c8a8de,2019-01-16 16:43:46 -0500
912f7d2b735789d1e38ae97e5e23a978c1befd90,2019-01-14 14:31:30 -0500
540fb50b6af50d482848f405b949d02c38cc4598,2019-01-11 09:30:23 -0500
a2f56a3f44d307a138fb7a4614f873120e186d63,2019-01-11 09:03:30 -0500
fc0b2ed3809d7d310efe74c8a4a092f896bda76a,2019-01-07 11:06:17 -0500
7a8103bfab5ba0866d6e57a79fe2076075e5de1f,2018-12-21 14:40:22 -0500
a3e15e665f92b0ea64a7651eff080489cff82e22,2018-12-17 12:48:06 -0500
14258de5ff23b4d46bfc1db1c34c278fb6291211,2018-12-14 14:39:07 -0500
b2ec67b9dd06daa9651dbc31d6fbc92687f7a4d0,2018-12-14 10:03:53 -0500
da876398ff180e7c6f00cec8c9f2d3c90780414b,2018-12-13 08:03:17 -0500
3fa32cbd3020f24e565696980384e5c6aa73aa74,2018-12-12 19:14:53 -0500
ab2b409cef18d1bd450c25d4c02b0d999295c0f3,2018-12-12 17:03:44 -0500
9ae1b9eaa5e366bf26ea3830c9ad166f15bb83ca,2018-12-12 12:57:26 -0500
3868989577be2e9b85194cc866de9e29cf4c574e,2018-12-12 10:44:25 -0500
59b805580eb71d1161ebd098121f1ae8352ef1df,2018-12-11 14:25:10 -0500
6924d7d7c102d72b46908a642703f3c4fdef32cf,2018-12-11 11:38:55 -0500
af489bc6ea1701ce92c01ac8a7d649e2f7ad11ca,2018-12-11 10:42:46 -0500
2f2e9b599a01424134c99d0928b81d8eb8eb5d09,2018-12-11 08:31:39 -0500
cb0bb66e82f28c5c64f272d32115fb2779d095b7,2018-12-10 14:28:49 -0500
f046c290c8156bca375389239f606e24287e58ce,2018-12-10 14:20:23 -0500
d986442c184cb181220ea231bc2508b2c043261a,2018-11-30 16:51:40 -0500
50948119b725f2a29fe540f67a80497dd6f122c6,2018-11-30 16:51:40 -0500
6239df20ebfcf9c13505188b299d037c02cc5c26,2018-11-30 16:36:44 -0500
92429a0fc26673d1df362916862729c03a9c9a0a,2018-11-30 16:36:44 -0500
55ddb637732fca7cabc79258c2434d516a87993f,2018-11-30 15:49:22 -0500
d5826ec302820a20a8899d8bc3a889b247f15949,2018-11-26 18:38:27 -0500
dfb1506ce955bd0f5f6196a901baf52ae0768238,2018-11-16 16:32:13 -0500
3cd88062e3f78463b459c1c6458e1bbc9728b13a,2018-11-16 14:13:58 -0500
64e10fe5499c1f022c3172af350327c7c201cb0e,2018-11-14 10:40:50 -0500
8a5a137c0593a78e9d85080231f82a12ae7acac7,2018-11-14 09:13:38 -0500
e49bd80659ebb1693429e3db312ad2d5c24152e3,2018-11-09 07:53:42 -0500
aac772680bdeda0c352c7cdfcdc32e56cb57c684,2018-11-05 12:22:53 -0500
8692fdd230aca8b5c2481fc658c134288c3f0112,2018-11-05 10:59:26 -0500
cf18604bcbbb6dd57f9a1002b25c9968cfc1c4de,2018-11-01 15:10:52 -0400
af22f1f80199c099531adc7d4485a2f8c03e4df1,2018-10-29 10:34:49 -0400
6502b40cd2b4f96c67aaf4b1754a8384194cc41a,2018-10-18 11:15:26 -0400
e32c463856e34a6b24de74163007a9d63e8e10c5,2018-10-16 09:29:55 -0400
3ca30e8ddfbdbbdfed94311c11234d6b56df5681,2018-10-16 09:27:46 -0400
7e9c83519cde3f850d7ff040acc6b91526f272ae,2018-10-15 10:01:45 -0400
36896dfed168771ee7f28ee8d28826e598080b41,2018-10-15 10:00:12 -0400
22ac86b617280cdcaf532536ca66116e44da7912,2018-09-25 13:47:51 -0400
7883f85ebfa32cd1cb910ed34fcaddbe6ea9d217,2018-09-25 13:44:46 -0400
1875ac981a255684a383f3456a17ae930c96e6fa,2018-09-20 14:51:51 -0400
60dc2b5d8d3ebe3469a4dd09f6d2d9118d112bc9,2018-09-20 14:44:54 -0400
0354e5e62536d0c8bafbadbe66cfe87e0edfbb8b,2018-09-20 14:44:00 -0400
1a0e6544ad15ca6ea613759be7e98ce29252c5b9,2018-09-07 10:37:34 -0400
cd439d16294a0fc6a23783c3333dd49544d88c95,2018-09-07 10:33:52 -0400
af28fc42111129c1cc1f9f219aaba046b6ccc360,2018-08-22 15:24:08 -0400
b04e86d9cc3f72dc13b5c051423e3d78a9244edf,2018-08-21 09:27:17 -0400
6b5383020979077ce0c7360fa42654e206a2c3c2,2018-08-21 09:25:32 -0400
25d68ee5de2ec596a1bb4e974a3265f8a03f3887,2018-08-21 09:10:14 -0400
8d85ea3f8a0056a48fdc89badf969280f6be0c95,2018-08-16 14:14:24 -0400
b6c39d9a17b1a892896858be3e81a618cfbfde9a,2018-08-16 13:51:06 -0400
cd0129b284b668e81ae0c9d0785d3c0563110b7d,2018-08-16 13:45:43 -0400
f4c5694a4d80e3b7c3937a647aa1205b863aab4c,2018-08-16 13:34:26 -0400
b1690cb57c9afdeb57847eaea15b2c9855360529,2018-08-16 13:27:35 -0400
ee91f531ebdf7cc680c9da84fc7731e3cd57df09,2018-08-16 13:26:50 -0400
6b5fa10af9538924f3c811c40e94905b309980c1,2018-08-16 12:35:51 -0400
12ad0019bfb2feb7a7c713743f40865bd00795aa,2018-08-16 11:10:31 -0400
4522a82d9739a4e47cc3dd89af76e05f54abcd08,2018-08-16 08:51:58 -0400
62da5b5a44e3f90c42ed446f7e64950ff61b6738,2018-08-15 13:13:45 -0400
818636589a3c563a4ab7b4569f0365730b10643f,2018-08-15 13:09:33 -0400
ed14cb351bbba6c2f98ae18ae957db6cca448a8b,2018-08-15 13:07:04 -0400
73d071750b7b484e010cb357f226b93de2f4439a,2018-08-15 09:31:53 -0400
8709b5996c10bfa3ccb7730f9b90bb2fdc916772,2018-08-15 08:46:12 -0400
8a694b5fd57265a0457ae94c2adc0d21f476a4e6,2018-08-14 17:12:11 -0400
3877a44c790b562b6c0799abae815e35a105ebd0,2018-08-14 17:12:11 -0400
80d40e01f533ffe04fa8fa6e12be7b73d4eff269,2018-08-14 07:06:07 -0400
8dcb4e4cc8f486bb5ef082719be36ef519fd361e,2018-08-13 16:26:20 -0400
bd57f7ddd3c4373c8e540ff3087ae39de78413cb,2018-08-13 16:25:42 -0400
d48c6c1293263b13be50a2f1b4fc082d069dd604,2018-08-13 12:37:07 -0400
2612ad8da23a70ebefd82f351ad83db8d8e89022,2018-08-13 12:29:24 -0400
a19285ef738d1c0bd996083fa077909c0eb6a54f,2018-08-13 12:27:26 -0400
d50e1fa098feec407a8aae07921d1f1e885e4ff5,2018-08-13 12:24:13 -0400
0872aa27743a30279353dc30523e7ee1b568cdfd,2018-08-06 09:43:49 -0400
a83b3772bc5d6eccb127babc7278ef797db29c75,2018-07-30 09:28:22 -0400
339967faf80ca9b13f8a3725032e79b5c988a8fd,2018-07-27 13:59:05 -0400
ff2d3fb4144b99f2ff24e3dbd01608f8b02accef,2018-07-17 16:33:16 -0400
ab1a1a0d8cdc1fe0b0963f35edd256f2b28472b8,2018-07-17 08:44:15 -0400
522a6d88e7b17ce200e4d8198dd7090eb6f10099,2018-07-17 08:09:16 -0400
07ee2434bb207d7137dbe4ea70efb41921562334,2018-07-13 12:48:17 -0400
383148eaeebe57879af2e7589aa1b08e08280ebd,2018-07-13 12:12:25 -0400
f1e47b40779c6f6955d4faf580d6a63d0ae3d0d6,2018-07-10 07:34:43 -0400
1ec6abb3c74279f2eaa0204568458a459cdb4ef6,2018-07-09 13:33:55 -0400
098b3d54e6bc6d60ffbb612e912ee2daec83dcca,2018-07-09 11:50:42 -0400
f5bace6f483297b8723ccd4327fd0caa22772dc3,2018-07-09 10:14:17 -0400
b3c184995d251021edd65d559bd3726d553c1f8f,2018-06-04 15:47:48 -0400
98874596fdf83ad272053c62af83a0a6b71df3e2,2018-05-25 13:12:02 -0400
2c3ff3c39b5a1a285b2312a37b81c8d990ec1a5b,2018-05-25 06:09:51 -0400
dbe98c1065d6874471f271124627fbe3e346976f,2018-05-15 09:20:21 -0400
e79a43c8ce8a19992811605cf1b4f47042e071d5,2018-05-08 08:32:25 -0400
08fd62b23d05ae7c991795b724749e607541db29,2018-05-07 17:04:19 -0400
a705789fd0c37963371e188350e53279eac1e360,2018-05-07 11:31:24 -0400
66b20173a1a92fcfd0688f87b4cb01d2e5adff84,2018-05-04 14:45:31 -0400
438e5fe751fe566fbc57da5542ffbf373febeda1,2018-05-04 09:44:14 -0400
2a4c81ac76ee6abd49ffa8bff40d432e63a1f5b6,2018-05-03 16:02:53 -0400
1ea2290f28e9ede344cb7d8d06f38a7fe818dfc3,2018-05-03 14:17:03 -0400
8a29c60b5c5857f17bc63298345fbde24a6d0a8c,2018-04-05 12:03:59 -0400
3a5183a40a3df65219f68478fc8a662eab9cf3f4,2018-04-05 10:41:39 -0400
a9965181bfd558019b820f425d2d7603736476e6,2018-04-05 10:37:38 -0400
f23602ac894c436cb7a9eebe05b75229d96e911e,2018-04-05 09:17:00 -0400
a54caa74deb895816aa274353d389a241c303917,2018-03-29 12:10:25 -0400
300b444de58a2e5f68e8285c6ad9efef4b54be8e,2018-03-09 14:20:30 -0500
29c629e4b6e7f8192a5256dcba9e2b3607cc4bc0,2018-03-08 17:05:39 -0500
ba5b94a5795e242502740a1f99f8ea5240eb874e,2018-03-06 10:03:16 -0500
4e23af5c2a2033967e2ea3fc662ffd567473a489,2018-03-05 11:18:04 -0500
6f088b6bb25d8b8acf380d25974c72a658a37465,2018-03-01 11:06:01 -0500
6ad629d19b9c53db117155ed4f99ec565a07e274,2018-03-01 09:48:19 -0500
075084f5a825bde3168b8e89a02c7e58404cc325,2018-02-28 14:48:36 -0500
62eea54b75392c3fffcb36060d5bb078dfed3910,2018-02-16 14:03:03 -0500
1328c40f23d23f6e15e300607b27cf22447b0e13,2018-02-16 13:05:03 -0500
00aa364bd7af29fd5ddfd8c8119fc4af9b925171,2018-02-16 10:58:26 -0500
abf9ea5e0fa0cece332877a38918324229f82928,2018-02-16 10:30:40 -0500
836d657ca5bd99577110e8c30007591a26ee4317,2018-02-15 14:36:10 -0500
f33208a3917f3ca35c5f2d9084ef175bc6af133d,2018-02-14 13:29:28 -0500
ac39c932e53cef4ec3361d04b93fd998db0864ef,2018-02-12 13:46:09 -0500
5fd83a46f05c1a90b2939c432aa556a744a63ced,2018-02-12 13:36:26 -0500
a56215bcd697706bae5ab14661d37019f2e67ab8,2018-02-12 13:32:31 -0500
044ce2898b82848f3e33232d6c9eb54ac52fedca,2018-02-12 13:31:10 -0500
7fac84af9e9c27f3a9959bb17f86c9f05f18d728,2018-02-12 08:04:13 -0500
add8c5a6f82f25073475a4d6c7ae94fb5ca6e01a,2018-02-08 08:15:26 -0500
50dc6d32fe33ef876fc509670e1c51523bb4a40f,2018-02-08 07:46:09 -0500
3cf749d5a45254743506fbb941ea3a75cf43ce2d,2018-02-08 07:46:09 -0500
1d0adfda7a2849f7a24f3db29d356256c28b1151,2018-02-08 07:46:09 -0500
bf35b44093a8dc9c1aa7582e78b4c29ecd81abbb,2018-02-08 07:46:09 -0500
ebb198708e26c8b35cef3afebe8b6d71000605fa,2018-02-08 07:46:09 -0500
945a1c1ab363485003ebf14fef3463055d4fab37,2018-02-07 19:15:49 -0500
cdb5ba23d26a4455f1f05e50260ac36c294666ab,2018-02-07 15:51:22 -0500
11d36b21e1abb7fc6fd26f7aa10cab3827f53546,2018-01-31 07:45:18 -0500
8d9aadab07a2f422dfae527b3a4d1cb4047a6efa,2018-01-30 04:05:21 -0500
23fbbfa1a10e707411d0d12bc01d8532fda71b33,2018-01-26 11:24:30 -0500
ee4177b4c9bf84af2af19d8c9f67f283e233105e,2018-01-26 11:01:08 -0500
15ebb3770a13b730d81b14ffc94a06fa4d1205ad,2018-01-24 12:39:20 -0500
e7492d0211c80690c397a54219cbb34d0b48acd3,2018-01-23 12:41:40 -0500
c1b2b5622ff98b5c403eca8dc5c2bbf65482e11a,2018-01-23 10:43:39 -0500
5c3b495b9841dd975296323413fb4773380cbb2e,2018-01-19 11:27:02 -0800
02c8324294ed4395c1231c6ea3ec6ae77139ba46,2018-01-16 15:30:57 -0500
eec6c76a36edeecebf87ab5a3d80f9040442f120,2018-01-06 11:25:31 -0500
a1d881b13d26e47040c0302b2874cc78f0de27bf,2018-01-05 09:43:21 -0500
e7008b4b63839fee19c9c472e264236d55674276,2018-01-05 09:43:21 -0500
40176161e67484f3bebd73ffd2639f1645feffd3,2018-01-03 13:10:11 -0500
44372a15de37c3c454e49eaa85f6ebff7bd0f04b,2017-12-18 15:12:18 -0500
7ac79fbd4f89dcb538ab9380a25be1ca6d78ba9a,2017-12-12 07:08:51 -0500
6608b1f6dd071e28d08152b2c0d31c2da5883b1d,2017-12-07 14:16:31 -0500
cf322c0e5cfe6b3f9fa9f274162577353c1f5814,2017-12-07 13:55:41 -0500
3b5853a084967def26c307cab47511c3e904330e,2017-11-30 11:56:44 -0500
541bb07801d44e976d2feb256cc04735268445b0,2017-11-30 07:47:07 -0500
64da806eec363707db051b69263bf3308523f25f,2017-11-30 07:32:47 -0500
6d15ef0fa78ecfb7fdefb32e1ecf57f1e9118a89,2017-11-30 07:25:37 -0500
4404af30e724c19be1eb1bf01bec8fd5a04600ea,2017-11-29 17:51:14 -0500
ea41975b92f41383160b162f4a3f718bb7c9f5ee,2017-11-29 17:38:45 -0500
41a0dc7298edc91ed10cf984c5af1df122150c08,2017-11-27 09:18:24 -0500
895177173781c57fc17ef2c9e957302a82bbf164,2017-11-16 17:21:06 -0500
f761e4d134d4f3cd09ac694eb1d2ea8dab5221f5,2017-10-23 13:43:04 -0400
b790e683a5d73a82a177c6c9b33c71d15b8a2458,2017-09-14 17:13:57 -0400
eabc3694839e817a6bf33452b1b3c2e1d27d13bb,2017-08-31 18:40:30 -0400
767cb7a6111ae20ffbc8ed2c078742158e8d1046,2017-08-30 15:12:34 -0400
6430d57d356d26a526b7f5fc972055b8041dd6ac,2017-08-29 15:50:34 -0400
1c35b8fff09df2be9e67508216dc778ee7db2ec4,2017-08-29 13:58:50 -0400
9311c70d22e499b701a9900132d9a1e50d91283e,2017-08-28 09:38:36 -0400
5a335fbe656a5b4995b97054c1b28cf0b68f071c,2017-08-28 09:38:12 -0400
873fae40a599be05055d482aad4d25eafd8f586e,2017-08-23 10:58:04 -0400
c9e9441cddd49a133fd466e87949f4c51dca0d09,2017-08-23 10:57:31 -0400
eb66970088108c19a5d1076af22f7f0b160395f9,2017-08-23 10:57:31 -0400
440e9d40d47d918f65117322369e077cfe3cd194,2017-08-22 15:04:01 -0400
2637a7337b456f666cec5fe5ffb9eada2a979426,2017-08-18 10:06:08 -0400
f9f92a8e2b26755f109feb9b95461f5fea806df0,2017-08-17 11:48:29 -0400
8c13432ceac17a4627bd17e64e36d69d3cc351f6,2017-08-17 11:07:49 -0400
6e08a054edb1dd4da35a8885acd9d38d465e9275,2017-08-17 09:45:19 -0400
bfdd78bb18abaee3a9ed9b4c4416b1c99a678e65,2017-08-17 09:31:31 -0400
4dd53aea6401613aad84d571ca2daaa7b676ecdc,2017-08-16 12:28:20 -0400
e5b0c3203ced82bbf2afe1fa4acb34cb39a1183f,2017-08-16 07:49:15 -0400
c9025f65eb83c9cb86549e55dcedb0f85030450e,2017-08-15 15:40:55 -0400
c3ec258c989e3af1d8717d1ce80cfe378d02b4bd,2017-08-11 11:28:37 -0400
6204d2a140cbf63c0b8d32e45110b264aa221f88,2017-08-07 17:41:07 -0400
51236ac8f3a91440f22d5fe6c8d14ca8d88b8545,2017-08-07 12:18:03 -0400
8e40307f5f42a40368a1364617e733637748987e,2017-08-03 15:13:16 -0400
0d7a22ea74f50b7d3f7605bbd00fad9d808306f6,2017-08-02 20:22:11 -0400
b6da46dac99d6f601f0538f752f4aa36cea5ffae,2017-08-02 09:37:50 -0400
1d3be7c6cc78b8194fa2596344b0e261d937b2b3,2017-08-02 08:56:03 -0400
5517f68c55a8c3162bc62c85f67e577c74150c48,2017-08-02 07:30:11 -0400
5540d9fdb3160763538a4832bce403431c56380a,2017-08-01 16:46:50 -0400
3811458641ea5837afe34d8b574fd433814be250,2017-08-01 14:56:33 -0400
809e9a90cedfaf3bd4270f11d94335da879d4819,2017-08-01 14:38:21 -0400
f3690c6369d733c809af26358fdad496089d40e9,2017-08-01 10:15:30 -0400
1d3c835689a8a3a2201750821b0ce04c24b41015,2017-08-01 08:14:50 -0400
fed9f77c5c058416bfe01ee885ee885d9e5f502c,2017-07-31 17:45:54 -0400
d26790cc7e55c1fcf0e06bd1e19572ecf66e8344,2017-07-31 16:38:31 -0400
7cf3c4d0434748ae69bceeb70062ab2c21f3b23b,2017-07-31 16:32:51 -0400
1ed068abda5b806918cb14204a05d9c45634b7e1,2017-07-31 16:28:34 -0400
287692eea648f091c769388f17c3ebe3a526d1eb,2017-07-31 16:19:31 -0400
00d8500216e5da4d1656f83acca491d80af93ca9,2017-07-31 15:58:02 -0400
c0a0854c168a895c69026c26082f9382fe20424d,2017-07-31 14:24:25 -0400
c986bf77caeb15fc89e47e08cee42b0c685c3fe6,2017-07-31 12:46:01 -0400
2db1f3f34b2518429d8d23cbdd821e3ccb33cce5,2017-07-26 16:46:42 -0400
cda2728cd0c25fe662bd702fa37747d8c2b5d6f8,2017-07-26 16:42:18 -0400
0a156d9210fe07172fbb7e8ff013ca683007aee6,2017-07-26 14:36:13 -0400
249ee22f45f66e611b4ff2fe9314fe342a7ab29d,2017-07-26 08:08:05 -0400
7cffb2e46c2be719ad868c911985a23dcfdfc5a1,2017-07-26 07:52:00 -0400
732dd7e2c111cf5eaa4ad3e608b41a30e9ed0edd,2017-07-26 07:46:01 -0400
d309eae5f506cf681f644b43ec3b7aa46ca5dd97,2017-07-21 15:16:12 -0400
115728dc3c051ec062c80d390beaaa91ac6cfc35,2017-07-21 13:09:11 -0400
561fa12a94c93d692ea8b8efc0fa13de60abbe26,2017-07-20 08:14:41 -0400
151e9db29f989b44d28b026f2858645533a9e709,2017-07-19 11:11:41 -0400
87517851045db6b6ec3b11d1b255ede13d9ad821,2017-07-19 09:28:37 -0400
17839aabbb436dd523533650ec9d88e8899a3ba9,2017-07-17 09:47:00 -0400
27d0bf4801130eefdeab13230e61732b22e29eaf,2017-07-11 12:13:37 -0400
8b6738b6f008dafb8b8ebc91e98fdbf990c8c538,2017-07-11 09:36:09 -0400
7e225965500800626fe6b1e2451c7494405a1105,2017-07-10 13:48:32 -0400
84c19cbbbe99cf93e7f82ad2e56c40c4f06e68f2,2017-07-07 15:19:02 -0400
fc010e32daf47095a54e3e2ade88c787e1f077b8,2017-07-06 18:44:51 -0400
de6a3b24764a8e8fafbbe65695803a33c9900cc0,2017-07-06 15:56:39 -0400
3be42ce3107abb4bb48a37d5e78e55ddee0adb55,2017-07-05 13:40:41 -0400
b58ebaa081b14012bf0b74417b370409143eca25,2017-07-05 09:28:17 -0400
0041deba4168f43bcbdfad2aee0ee925c9ef86bb,2017-06-30 12:47:07 -0400
1d4271d79cf52d684d4511753198954dd57ef504,2017-06-30 10:53:52 -0400
57ea80345d0b04f8c61a973a715659e232eea4bf,2017-06-30 07:30:13 -0400
7446ba775e121810553c83cbba09ef78743b135f,2017-06-29 18:46:04 -0400
b4b588ae9f2a97dadef698411e89356d2b9e7daf,2017-06-29 18:40:41 -0400
f04024a8d303bf43d7d4710f3b7d9f15271341ba,2017-06-29 09:37:36 -0400
41b6a826aa6e629aada893f7203de141924ff23d,2017-06-29 08:34:38 -0400
9561651c0f335487e7873c4521ab117039886a31,2017-06-27 15:46:16 -0400
fb6841aba030026269afd11d236b7d4e9c884501,2017-06-26 12:00:58 -0400
a8d50a5196575a89589599fabde5f56057966596,2017-06-23 14:30:06 -0400
6ea51e95ce1000c901570c5d9833be1c3910f1b2,2017-06-14 08:03:00 -0400
c022f10f7373b0b619a8b8dae15bc257da671110,2017-06-13 15:27:13 -0400
3d8a45561520ba6804581005a7097baa49067e87,2017-06-13 10:45:31 -0400
6bdf9cc735652edcffaafa1e8508be7926f2dbe5,2017-06-13 07:18:57 -0400
3e754f259cbe9c36d96379921bc060acc4f8ab24,2017-06-12 15:19:50 -0400
dd05de3e658f93b312ee3cf481dcf90fb2314fc8,2017-06-06 11:10:24 -0400
2f62fde97b2b0576aa538222114e3d27c07314a7,2017-06-06 09:59:39 -0400
8ca34e49f9ce01bbc71ed99f97c6adbb438c8040,2017-06-01 11:14:17 -0400
e8941e41b198241c1bf746645b3820d600896a59,2017-05-25 08:20:15 -0400
fa7ddb82b91957aa3e01608a447f2b48852c5229,2017-05-25 07:00:28 -0400
fd9431912ef5d65a03ef2b48b740f7391fd82358,2017-05-23 15:50:23 -0400
bfbb322398fce0517698cf0907f2a03da329d1c3,2017-05-19 17:55:11 -0400
a45557f69a54138f9ea17e3baf680ddf93b7f948,2017-05-18 14:55:57 -0400
429f502a5475ac1c6654f0d405a2e30de14e3340,2017-05-10 07:06:39 -0400
9b97b0e3f6e968b9d58183936a23c88b1606cf83,2017-05-09 12:51:26 -0400
04de25daeb506e131393214e35e41915a13d06ca,2017-05-09 12:39:12 -0400
1a94eb188e8478c30b9b07bb0df7a25e474e68ac,2017-05-09 12:28:31 -0400
d79a8afec4cc10d35adb44bd0fcedddc9f0c0676,2017-05-08 10:51:52 -0400
6eaebac6b2a2c86cc710bfb60babd3ac351e59da,2017-05-08 09:16:44 -0400
78423d081fb005fd4033b9059097af3d65bb0a3a,2017-05-05 12:20:43 -0400
2fa660b3dc23b27f243361a53eea554945f1badc,2017-05-05 12:14:48 -0400
3a469bd2842a32a05211045f55a87b828e7ce57b,2017-05-04 14:58:47 -0400
fbfe22ecef14ee552018b704dea71eee592f5b8b,2017-05-04 14:58:47 -0400
fea9416359285bcc3b7e71d16a5ce5518b7b6a91,2017-05-04 12:12:25 -0400
c3ca1df0e7e3ab76e529defa79a4ee4e17422073,2017-05-03 18:52:04 -0400
141fc723695b82379e74b214ad930048195ef57c,2017-05-01 14:09:33 -0400
a06a64411bc2ec74c76f66295d437f1de70bb874,2017-05-01 07:15:31 -0400
bc9c98f98b18d6b1cabc9e993b1ea7c456171768,2017-04-28 17:09:11 -0400
443ae4ff7b0c5f6f8ab4c00810f30091d3743052,2017-04-27 17:56:42 -0400
e73dd613a10f13a8285df6a2570d0f633eb25f65,2017-04-27 15:50:48 -0400
e752fd908532a6a647f93402172495967afab1a2,2017-04-27 15:22:34 -0400
660f5c8a4d6cc278dc560f315d17a91a5a14973a,2017-04-27 14:46:11 -0400
26ca5076a802b9c953ed89f9715c8f042a0ec290,2017-04-27 14:36:14 -0400
ab86ec0188dd3074685d9e371ef14fcb87757c97,2017-04-27 14:35:49 -0400
8bb229a1742b8cc1bcf47d0c56a053d9faa2c981,2017-04-20 14:04:30 -0400
5375578496d5a1c874f15d99347be1e5f81b5049,2017-04-19 16:49:59 -0400
82c692259999a640679a64c41df1965ccbe59994,2017-04-18 16:48:37 -0400
00903d4ccf15e4a9d04183cab42946340cd38b08,2017-04-05 07:15:11 -0400
80588b063d17dca49a0e183de28d290d2b4e4556,2017-04-03 12:50:05 -0400
5c4169971f8bcafde9322d11243fafed004e5ef3,2017-03-29 10:11:21 -0400
0f2d5f423f99fe60e618fdb9231ba981816084e8,2017-03-28 12:11:15 -0400
be95926ce9d4433f07384e4871680aaaa4aecf41,2017-03-27 15:27:14 -0400
c2cf96053c6fe803e37ae09780055e4ec6b65262,2017-03-13 14:17:16 -0400
b4a2fbd674115f6a3ee39fa98c388ee38e1fe757,2017-03-03 09:50:36 -0500
7eb6fc8b679eb83b4c495aeef10de3030e42064f,2017-03-01 16:08:34 -0500
b1e87559831d265d557b78a43042e569633b54e6,2017-02-23 21:44:19 -0500
617f5646bf7afcd1996fe658d55da9fd7f492960,2017-02-23 14:09:36 -0500
239a261e36721084f38f05d33916d70552b5c6dd,2017-02-15 13:47:35 -0500
1a01b4d5193076a8c3acb1d4569e477512a001fb,2017-02-15 13:03:08 -0500
a7fe57568702976c78e238c6acafb12f0dc54aa8,2017-02-15 12:50:37 -0500
efbe8b9758c29972979842d695db79bbbe91b185,2017-02-15 10:16:53 -0500
7294a671b798459e9b5a58b8b69b1a0d54c6745b,2017-02-08 15:12:35 -0500
4f43dce84350c9e0dc8cd50e8cd6501e3d62a142,2017-02-08 14:02:45 -0500
c4c86fc2e67451f017ee52462e6f6f17eeadfa52,2017-02-08 13:25:12 -0500
1bcd4b6f65cb1202b5873158903abe4b611f9d2b,2017-02-08 09:42:06 -0500
88d51bbf7ffd1ed49e5d9d9d3883fa6a6ce18819,2017-02-08 09:42:06 -0500
e15788ae3c35064a7a2f42ee0c184586724b3b17,2017-02-07 16:20:15 -0500
21e7b04185fe3ba376be2aa06529636dde34502b,2017-01-27 08:01:34 -0500
8219be8b72d79856e68148e4984d05ceaa57750b,2017-01-23 11:58:35 -0500
341886939d4273d30a2179c7b3985dc844bafd1d,2017-01-23 07:28:16 -0500
e7b49ed03808f198ffe58d4c24bc5597ec6b58d3,2017-01-20 14:27:37 -0500
4f41261636d569806aef8c67d50b429297eb0dd1,2017-01-19 14:45:26 -0500
cc3b664c3d97daa9f2e8eff5bacccb0373654882,2017-01-16 13:24:05 -0500
a40d769b36a44fb47f3843dc527571939e6c391a,2017-01-13 16:53:18 -0500
4d8c7f04e8842437c480bff51051b64d16c5372b,2017-01-13 15:00:28 -0500
fad787cf03c8cd2ea9c98614151445c0d07f6bc0,2017-01-13 13:16:48 -0500
ee1d84b6d81825b974bc0a4ac0d59b1354d4645b,2017-01-12 10:02:50 -0500
eb55da37d4516ef9042745b0f2f03491ccab4b93,2017-01-12 09:50:54 -0500
e10e68ff1709d35b725dbff8f253b25cfecd6dc9,2017-01-11 14:41:17 -0500
1de4d96b8cdcf168934222328183d3035d44a77b,2017-01-11 14:41:17 -0500
d2b5135de5eaec8cbad37a00daabb7e25dcd2c8b,2017-01-11 14:41:17 -0500
389350411ba5931ea79360f95a7aef63dbe544fb,2017-01-11 14:41:17 -0500
8ce6fc3b22f72bc9e6f1ec58404476589db0df1f,2017-01-10 16:12:36 -0500
28fcf6fa2f42ee7cfceeb54f36ff89fc7ee41cb1,2017-01-10 11:20:08 -0500
c98917659a002554a307c77ee0f80682be52fe4b,2017-01-06 11:08:12 -0500
20bb9a663c30925462b46bf5f7e44123eb2eaab7,2017-01-04 10:47:16 -0500
2254e24c0b6479a9dcbda40f6b8d551390a1446d,2017-01-04 10:26:02 -0500
3153e271dab64b029bbdde627bba14c42f370357,2017-01-03 09:06:21 -0500
1bb53269f64c09ea20e00fc9c8d9eb8fc5ad6b7b,2016-12-29 11:58:46 -0500
63ade88fbffac5f502da1bbd5787dbb586f7696f,2016-12-23 11:00:12 -0500
43f87c811d90b43d3df47d9e8954f09d04f49e18,2016-12-23 10:49:06 -0500
a5a7b2026ade0f7450f171120c2044b91f38fcdc,2016-12-22 16:48:00 -0500
80cf22c89e5b87e4f5b029c7f4d05cdd97d1b150,2016-12-22 16:03:27 -0500
c61b42b18e37f0e1e2708a8fdd44ea07a10814cc,2016-12-22 09:05:58 -0500
11523cc60294b70e8d403fb7ee76ae37881b20e9,2016-12-21 13:12:42 -0500
3a016d1d39ccc47b1b5d717921ffbddf464afae4,2016-12-19 18:01:17 -0500
fdd9610ac000c071e03ec9c2fb0083a810b52152,2016-12-17 13:15:43 -0500
f563f9e535f7fdde22feb852e91ebfdcc9402a2a,2016-12-09 14:20:26 -0500
29effe6e5614efcf6663b4f19cb09d03e14b27ef,2016-12-09 11:42:45 -0500
bdc4c094bc545207b1c64121e120f7b1d30c05bb,2016-12-08 19:52:54 -0500
32b31ebdf7ce0410cbda47089cf71ed83cd7f64e,2016-12-08 15:21:41 -0500
b7387188a6ef1a3716e1df676652ab7db42b140a,2016-12-07 11:09:37 -0500
9c0514d3f41b6d61b30000a13810551087b53f82,2016-12-06 11:31:39 -0500
2b38a44fcdb3400e1b32013fb4e7195e0c9ee829,2016-12-05 14:54:20 -0500
35a7e489eb9025a6817f5a16cee2651f118c2677,2016-12-02 17:27:08 -0500
0d444d1d106fcc140f096cd36f03b47b9f94d35c,2016-12-02 13:23:07 -0500
066ef04f8a2e73286e1de0bb02cf633045c84a9d,2016-11-29 13:40:19 -0500
a1934a99efdfa4d04b7bdcc03271a25018a77051,2016-11-28 13:59:43 -0500
9e71d86c1dd07978794cfa4881fdab6d45e745ed,2016-11-23 15:02:11 -0500
804ba7b0774d314f3568f7754691d4a87d1b5bea,2016-11-23 06:57:51 -0500
330a702f9b97a9eb3d2f13bc693ad3078af39d07,2016-11-21 13:14:33 -0500
8fd17f46bf599c1f44995eaa519a88d14d24030c,2016-11-17 12:25:07 -0500
242049b17dea3f212a7476655c1b0e08237be867,2016-11-17 11:37:18 -0500
6ea400af6301dfc376584ded79d67632c8cbb0df,2016-11-17 08:47:09 -0500
c3cb48f4d2cb38fd5e91d047430a775bef12c05d,2016-11-15 13:11:39 -0500
d7d933fe5e9d9bd9eabc139d8721daf3d320717a,2016-11-15 11:50:19 -0500
6ceec3897baae944025853fe8f7a309e994291bc,2016-11-14 10:34:45 -0500
ea72174f1ea54269aff6e53077a16d9328cc1afc,2016-11-14 10:34:45 -0500
3bdb8d715aaaccf4e14bb01fbaec05b7ff4dd399,2016-11-14 09:35:38 -0500
6956bf474d77fe8fe7ffdbdb3d7a482c0eb43225,2016-11-14 08:14:53 -0500
d463e4c3fed30723958e9d6652ea86a4766a8bde,2016-11-14 08:12:12 -0500
78763c68c10359840f1c6f392f19bfd1e1ff480d,2016-10-21 17:44:55 -0400
381e5c6dd2ce060e6702c2db9afb83c8d7fd708f,2016-10-06 07:48:35 -0400
fa89cfb9833cb2c2720f8aa64ce051726df5db52,2016-10-05 11:24:41 -0400
20d6cd2afdbba8980604d0fb155e139372429213,2016-10-05 08:57:53 -0400
218244f1958beed8ceb2d95212bc287a44265fe8,2016-10-04 17:48:40 -0400
69a8fd89254719b29fe18d61f00ff5cc3eac56be,2016-10-03 22:16:42 -0400
7cbf9927eb18209685a14f10123f702a90b4c671,2016-09-29 16:47:29 -0400
667cdab0e9122b59dd57c2890848e3ac792f81e7,2016-09-29 15:26:29 -0400
aa3a7d93c51bbcde474140a299c844f11cbf01a5,2016-09-29 13:53:23 -0400
38adf1a28a957ba0f807d3aab0687190540a66bf,2016-09-29 08:41:43 -0400
94d449f512e85f22ee2dc04b939138ad4f007f68,2016-09-28 17:37:52 -0400
af68b120cd516e8d8b55e8ec8d9fda622a86b90b,2016-09-28 16:58:03 -0400
efd1fa3bba27eab63f645cc95672c30e74d8e95a,2016-09-28 10:16:23 -0400
a04b8960df073d13ac300461173e28710b65703a,2016-09-28 09:35:27 -0400
0e5862126f585cde28e92b5c08e6dfffde9e72ae,2016-09-27 14:28:57 -0400
88d82ac0913dd7a5e9ebea32535afadbbb717c22,2016-09-26 11:42:15 -0400
c7ce6c8ddfd13445150e56a7ac52bde1a2abfa51,2016-09-23 17:57:58 -0400
0711e4eeeae2e207ccf85ea6ce6e4cea1546d90a,2016-09-23 17:42:09 -0400
50e324ac6e0290c7d4b2a1c03eb381ee4108471a,2016-09-19 21:15:23 -0400
894a856444c5aca76862243c3619273b30217b66,2016-09-16 13:26:53 -0400
7c99222fc1cf47dc7d46e36861aa86e0b4a5dd09,2016-09-16 12:06:06 -0400
698fbe68e6c0240550b0b1d3b1ed1f9e38d3659e,2016-09-15 18:27:39 -0400
b4c9ec4bc9347dc22112a49c2df0440c42d15339,2016-09-15 13:38:26 -0400
d2ef7c20e1fc9ff49c43f5badbc52cf778b50c23,2016-09-15 07:26:58 -0400
af58a884453da168be1de380210a1139d2be1898,2016-09-14 17:48:07 -0400
49356e6fc4924e209cdd618e059e910efa698bbc,2016-09-14 14:45:49 -0400
cea3c728d8918c0ef6c6f77820019307ccc1c418,2016-09-13 13:03:34 -0400
c21e5009c437162d7c5f642ae82d92657c202e08,2016-09-12 15:51:16 -0400
7a4f7991f84ee6ff63cf11efa40897f486f57911,2016-09-12 14:40:31 -0400
bfe546976f5f6729e64caba688c6682bd1a81858,2016-09-11 12:24:06 -0400
79f9f6ab8a05570e0165f5e9a610932e33d008f2,2016-09-09 10:34:22 -0400
9de4e21e24f4b1bf2c65bc5192f8c22e12ad6e16,2016-09-07 18:07:38 -0400
6eec9859fd0e3e4841805a106d9ca97477ed1b23,2016-09-07 13:42:40 -0400
fdd3d722f9d70ef4962904e2916e96a7eb597839,2016-09-02 15:33:21 -0400
a1555c137883219e7646ed5f69cd5fdd7f84ec63,2016-09-02 15:27:57 -0400
8ed09fbedff1150d6a3949060d87fd0acdf814f0,2016-09-02 13:44:04 -0400
e4041356692a0ae53fa7e48381e488477ccc174d,2016-09-02 13:44:04 -0400
b4ca2196a11856515972a2a46bd74c03dd9bbcc0,2016-09-02 13:44:04 -0400
01061bd1ce4cb37e37f7fb8f719f80f15fb24736,2016-09-02 13:44:04 -0400
32811f38c3f5b426f30c350e5002b28c21be71bb,2016-09-02 13:44:04 -0400
d7c7e733b3749a4cff2aa0a5ba3734ed67054453,2016-09-02 13:44:04 -0400
1c2e3d146855684935c35a4fd0947188740f736d,2016-09-02 13:44:04 -0400
1aeda06da8d4c139c80af85e3428ad3f85c893d6,2016-09-02 13:44:04 -0400
1d51c346ca5ca157e5a16c81a168abf13d2c00d8,2016-09-02 13:44:04 -0400
63375e27b7b1bbe2a914b140e7826607d4137801,2016-09-02 13:44:04 -0400
d60da53d37663626f5c986547bdc45797bf439a4,2016-09-02 13:44:04 -0400
f928bbd23e784627018374b321db860b743c7aae,2016-09-02 13:44:04 -0400
3ab12c2eed00f83dad64652704ad44185de3aaad,2016-09-02 13:44:04 -0400
ac05a1c287a4832bf569efe5d920589a90f712a9,2016-09-02 13:44:04 -0400
f7c09ea49b2608fe464d1e4269560591e7e2e453,2016-09-02 13:44:04 -0400
0b2dfc0e5f8c8cd9cba0657978a480342a49c056,2016-09-02 13:44:04 -0400
e479e928e84cc189674a491252324a14cf0b559c,2016-09-02 13:44:04 -0400
6c52f7574c1878732e63ad94f9060a86be74682f,2016-09-01 18:23:30 -0400
582eed5b3b1d0accb0fe81ed4680576ee8281ae1,2016-08-26 15:10:25 -0400
b625d88657a40068ca9866fb4f94945b6da9191a,2016-08-24 10:36:06 -0400
475c20d4391a770f26b8a1113c04c4b5cc146f30,2016-08-17 16:22:29 -0400
1bfefba9c17fd564235227db380575dc36fbdf1e,2016-08-16 13:02:53 -0400
3453093ed078dd0ca8f600fd45669399e48f9c39,2016-08-16 10:00:53 -0400
b6dab4dfd747ac24f85aee0849457baf6888185e,2016-08-15 11:58:04 -0400
884a6298596c584595885e694d4ffc664f10f637,2016-08-01 12:35:55 -0400
83e623a91cdb6a25b3224a318e2a4373875cf703,2016-07-28 11:40:13 -0400
5e1734cedacabf2ac68d7c1b1cf99551775dba42,2016-07-26 13:28:23 -0400
85e784208201794822146affa63704ce97003e35,2016-07-26 12:06:37 -0400
679a9bf5097673753523a57266dbe30bac2065c7,2016-07-25 18:21:21 -0400
42eb40915a42f48f9f64b51215c03a952aa7b676,2016-07-22 10:44:03 -0400
dfc2a12a2f4aa49dde7977dc911ad4e976543357,2016-07-21 08:05:18 -0400
e269e545b8ce6b28413cf26e2c9dc093693b5d6a,2016-07-20 16:04:01 -0400
304d5f6ccf0c67d31c81440dcb43d8c669ef6da6,2016-07-20 14:20:30 -0400
5064b4c6bd7e83699fb6640b14900c6e9fe38962,2016-07-20 13:23:28 -0400
95b7224f561ef842d7d8adb5af56d742307f8e09,2016-07-19 15:31:55 -0400
45500b434ed6238b6c744b49739c94fa9da928b9,2016-07-19 15:30:07 -0400
0326927ba7cfb1d4370635a04077598766150023,2016-07-18 12:28:32 -0400
556e125ee61bf57fa4ce727bfc20f4dc6ac541d7,2016-07-18 12:22:54 -0400
ae4582b7d08937e465866636d3ed687fe2f7cf33,2016-07-18 12:13:37 -0400
1566d58247c316428d2c966362c844388ffb2392,2016-07-08 15:57:50 -0400
daaf53495ee71ead2d3791dcf1a7622fc7b413e3,2016-07-08 11:43:34 -0400
658a163ea09d26f71cad1f2916c2ecffb2789827,2016-07-05 12:24:14 -0400
288e7795aad4a18f51f21a032a9179ac73f458cf,2016-07-01 13:31:58 -0400
c845e4cf62a5161fbae7a2d7ec34bd36b506537f,2016-07-01 08:45:05 -0400
be8d6c688073e9222bf9dc9808ecb02d3076e55f,2016-06-30 14:47:21 -0400
71a2c3d8d6c5182483db358fe8ec08217ba1d6f9,2016-06-30 14:44:01 -0400
4a238571c5e62069ef07ae3d82ba5b5475dfa5f4,2016-06-29 14:27:44 -0400
f2309aecb8d6ee8e9f46bb8fde71b7591025150f,2016-06-28 16:30:27 -0400
c0090db180592ac62d44ad9e61495a53924de4fd,2016-06-28 15:59:09 -0400
d3b0c453e220dec77d229b79d052f7ecf487fe99,2016-06-28 12:28:22 -0400
a2a7778cdda912c4ec12d025c4bdb1368d5c5fb5,2016-06-28 10:08:51 -0400
f3bf26a239471ee2ca5194b4eb7f6a517dd4a216,2016-06-27 14:00:30 -0400
b2b987a1dd0ae517a4e0a627fc3252b9fb2fb57f,2016-06-27 10:01:31 -0400
81e1890d4d3c60a161a2dd1b03e6b9603527b67f,2016-06-27 09:51:07 -0400
94886808848362a167cf51debfdd66fa89e07d63,2016-06-16 09:39:25 -0400
049737a5484ebacfd6107d5aaccd4c3c3b4db7ed,2016-06-15 14:39:48 -0400
507f129c8f32c8b405eb821d86b54d5c4e3ccf9d,2016-06-14 17:17:35 -0400
c6b94254b23b433f5b56563a9bcaab082ebc90c9,2016-06-14 16:26:38 -0400
6b5b9578eb373d4197d6b247cdc5c70bb6bb5817,2016-06-02 15:35:59 -0400
86a4c207fb4ec8c7bba74288b66aafa8f55f1428,2016-06-02 15:21:04 -0400
785dbee92310c234b894100fbf477564a8a768f8,2016-05-30 15:59:57 -0400
834b6e9f325b1206391745a8a784e45e301a660b,2016-05-17 13:44:11 -0400
b1bedc314f752de22c290cfb3f7e7951b61c77e9,2016-05-16 16:18:49 -0400
c63a3476c104a18198373bf516e4491b9ab1e67e,2016-05-16 14:58:19 -0400
e122637bbe3425ec1dd86ad8a8b3ebc854f231a3,2016-05-16 14:35:13 -0400
eee59e9d65f4ddc935c9e2e9db7a9078e9c30949,2016-05-11 08:33:08 -0400
40bd41b212485b813d8d7a3ef32a10b7ac65e87e,2016-05-09 10:48:42 -0400
d9a461292a2ad828c4a07fa31f179187ca81bbd4,2016-05-04 11:15:49 -0400
629a2715809bdab1e839d28b63228f4aa22112bf,2016-05-04 10:54:38 -0400
7577561c48b69b4b646167870bd341b1d8754c47,2016-05-03 15:41:02 -0400
940b5f494e366a0f5b009852ca6904e2c33049ee,2016-05-03 12:11:21 -0400
8d6231aaaa70b3ddad6938a42f4bc22fc72fcfaa,2016-05-03 11:42:58 -0400
608f46b65a03a6a9f9d1a58b7aa736ba1219ae4e,2016-05-03 11:31:43 -0400
312d160f946284cb689917c3a06037800aa0cb2f,2016-05-03 11:31:43 -0400
c3f4fb05fab6bcfbb99ff89ad42b3e1570061dda,2016-05-03 11:12:56 -0400
ceb3deea6a3bb764f85e63ee5845fce1a35549d9,2016-04-28 17:52:33 -0400
2415d582042f533b2b2b5f3545afd75cda7d008a,2016-04-15 13:42:41 -0400
47830b19b782c7a7f1b7abc03cc7e8e9ce183f27,2016-04-15 13:42:41 -0400
74663a9495f2c79724bb0e9b59d91d4de2d72cf5,2016-04-12 14:54:33 -0400
969b8e027f8afe01da111fc4d81b87946c0da0ad,2016-04-11 14:26:01 -0400
7d89cf60ff314bfc9aac7eca7ebb0730eda8fdba,2016-04-08 15:00:06 -0400
73262defaf37abb1c3c3a9c510bf549714088bf3,2016-04-06 17:18:49 -0400
d153095dab9355bc8bea7d23f563902b6febe33b,2016-03-18 10:53:49 -0400
691f0b5ab6095dc6969f6d4db3b121b1d6cfea04,2016-03-17 14:26:51 -0400
9fb67399ab99183bb7c45e57b35d4bd8dfaa83ca,2016-03-17 14:22:16 -0400
7f3251d92774920cb9bd7a774529fd7798e9aaae,2016-02-16 16:47:57 -0500
1b7ffe628e62a060d50217e7f041fe0ad7c1133d,2016-02-09 15:22:16 -0500
12872317ee6b30e6a0988af25b4f3b996a5bcebd,2016-02-05 12:29:33 -0500
c7079569b422a4b7941594cb8e5cf38794952a43,2016-02-05 10:10:46 -0500
61e8efba15f56fa6968c50928f15e19f1951eee9,2016-01-26 10:30:05 -0500
8e6f00b04c610d2d8276c2d7a1d333334c6ccfa6,2016-01-25 15:16:44 -0500
cbae5d54da08154f898e6610b062ee04637de476,2016-01-20 16:51:46 -0500
5d6e1756e5663a4831d8460eb411eedcf04017e3,2016-01-14 17:24:24 -0500
8fc860d1d7531195589b25ae337f3b4578ab223a,2016-01-14 09:46:24 -0500
9364998aad5bbd9aa6172f405954f0da02d8ceb5,2016-01-14 09:39:46 -0500
1b1b5ec5b135e6a529db0c6124a536424250008a,2016-01-14 08:30:50 -0500
419197db98a44afc97841b1aa2dfc1d9c0d9f158,2016-01-14 08:30:50 -0500
8ebb0c844bcc1845f319a9a386c664cbd78db10d,2016-01-14 08:30:50 -0500
ed39f7ff133f2217a0077bd2e5f9b8d508ce7970,2016-01-05 09:35:19 -0500
9dbb288abdc1bc5ccba2881bf2a71455dd1f385b,2016-01-04 14:26:32 -0500
798b006bbe054f95b3443fda2846b57fbcea3e9c,2016-01-04 09:10:20 -0500
4cabd0f1c4ffe17436554808dd5fd35537e9a3de,2016-01-04 09:02:01 -0500
dcf0c071678a1077f2f184d44cf82ac6c60d8ad1,2015-12-22 15:41:02 -0500
2e1ce1098618eecd17129996732d3ffe68715fa8,2015-12-22 15:06:23 -0500
4f69b71c0e0b706f8efe3673c93cb7df59d0e7d3,2015-12-21 13:07:30 -0500
75f4bfc42fef80542fd527951c186f8e869ea5f9,2015-12-18 16:42:14 -0500
ca709d57b28eca5aa1cc0067c599a2af27b98341,2015-12-18 12:31:26 -0500
62002ccec5266c6c08a1f39c60f0b21293b84949,2015-12-18 12:31:26 -0500
eb8a7fef9fc8bdda13ad40d1f0644f10124a68e5,2015-12-16 14:20:31 -0800
d1d7bd4e8598d1bab18edea46cfb0d4bafdc6671,2015-12-03 17:11:56 -0500
20e11be428792074cfdfa85e6b151877dbb56d3b,2015-11-23 13:02:21 -0500
7bc85955fc3615760f98a5e0ac245f91fe25d070,2015-10-30 13:45:19 -0400
72e977de502d37a8fd1ade29ad741e35af8c31c1,2015-10-29 13:29:51 -0400
57b2fce13a97ec7c9ce1485a52998b6aefd4a0c4,2015-10-29 10:32:47 -0400
89a1601100dd02dd80e7cddee0f8397048f67dfc,2015-10-20 23:31:01 -0400
b5f96b9a9cb6768a284f784244e78ce96a32b585,2015-10-20 18:41:46 -0400
6b02c26c6fe4e4a6c4ad83b58753be9e3b8a431a,2015-10-19 13:56:21 -0400
756381ec5a243afb39ef67e2e2b8ccd59666b4c0,2015-10-08 10:48:25 -0400
222b35afc4bc018223bce716e329002ddca0e426,2015-10-07 17:12:46 -0400
2aa21f0b11ffcd45d7772879a78794c185b73a7a,2015-10-06 18:23:17 -0400
ceef8efdd9e998a4cf200fda6261c2cfb2dc4e11,2015-10-06 18:19:16 -0400
58c0b7623b7beb3c1c5ba1b922b035799581c903,2015-10-06 18:14:08 -0400
db0d3ced8488661e240b6fda317e3a4fed638a79,2015-10-02 12:45:57 -0400
6746b3d3ba3b53cd4a4b79dd1716d0eb7c3c5c7e,2015-10-02 11:01:27 -0400
bbc966b98a45e00222d99951eac43b98bc7eacbe,2015-09-25 12:04:47 -0700
7df3b8e1244b0ba1bbc65b8adbc9b9c0c9e55894,2015-09-22 11:42:18 -0400
d6675348f4b21e12fe29d846fde68073ca075885,2015-09-09 15:58:32 -0400
f39de5a11048d6c249463f841d23faea004a46f1,2015-09-03 04:22:40 -0700
eefaaef5e931a2d860d196975db60edb21f83752,2015-09-02 13:13:59 -0700
89f632ba0abe2ee20b10d8cf56851849c78580d2,2015-09-02 15:31:39 -0400
f7474b5fb3b0620d19acab0e6adc86ab5f793c40,2015-09-02 06:14:43 -0700
90f902aa781e33a6129e5598efe4dca719aaccb0,2015-09-01 17:08:40 -0400
d242a5818155fa2e4f3b7546df6c1b7a4493efb7,2015-09-01 16:54:36 -0400
3653df7f39398d0752a52ffe49bd7456a8d62204,2015-09-01 16:02:02 -0400
a681fc528e9ed8f725952433f4961047e17dba53,2015-08-26 08:25:37 -0400
9d7712869a0adac6f3595675c80c7f69557d35ac,2015-08-24 10:05:41 -0400
7572b4bea282d998b37f38e394e32f224ba2d0e5,2015-08-14 07:42:58 -0400
5f0a155837b0b005afbf31480ede0f0901b7a429,2015-08-12 14:08:33 -0400
b2e6d1f05ffc3cfcf3373c84138901715ef76582,2015-08-12 11:08:03 -0400
00453792664183560cd9de065beeb6497f7c4318,2015-08-11 13:22:18 -0400
de0f1c92e9c71bacae7f190538e56cafedb3fbde,2015-08-07 17:09:24 -0400
22303edeabb912d4927a7d62861928ad092fba4f,2015-08-03 15:27:29 -0400
23c5d32d6e414b8bad51e04df5d9f824fcd71bf1,2015-07-28 20:25:31 -0700
67763de23b7e0a8956897aa00288e03ac14a80f0,2015-07-28 15:57:51 -0400
e10239e0c9c8ba4bedc4cd4984b4e0b9d5327757,2015-07-28 09:15:48 -0700
813adfef0b8d679d435c32a9536fd38c20c90cda,2015-07-28 09:37:52 -0400
f840ad86af0737722815997168c37912d2f1f1ff,2015-07-27 14:34:29 -0400
7b98c0ea830ded5c3df26654586090115a2d9531,2015-07-27 09:25:05 -0700
820ca64472af03255074f12fdaf67c96f9c5bc89,2015-07-24 16:52:43 -0400
259f4ae319af44e27f2e829b58b71395cfa540f2,2015-07-24 10:17:27 -0400
5ced4fa9eb8b0d21c10b983427a3ad7190300366,2015-07-24 09:22:29 -0400
d84219592c4fde39382e9bb48af7a4846f8db6bb,2015-07-23 15:17:38 -0400
052391425c2a5a44f70253c07a3810102c533ab0,2015-07-23 15:17:38 -0400
3826cd49e37cc5ee49e1051af1f90ad61596314c,2015-07-21 13:15:02 -0400
83069237d7bef99f4bef9a396bdc285bf18111ce,2015-07-21 06:09:25 -0700
f14ae73e066fe27e75544d0698b7c6f262b08412,2015-07-16 10:11:18 -0700
72ffe3bfb9ea00a0204b33dfab9487f279b14d79,2015-07-06 06:27:57 -0700
bb78c57f48197223e9612d82fe221e02ac6ff6a5,2015-07-03 08:17:30 -0400
89a2ce941776352a76aeb3657b4f568cec86d707,2015-07-02 10:43:22 -0400
3c44bb44f2cff82eee430da3df060c2f5271b239,2015-07-01 22:07:07 -0400
8f09ab36fbe5fb76d219d160e202b93bb2f3eee2,2015-07-01 10:11:46 -0700
90897ba0a6e255e24c6b8ca04f6a792c38e86856,2015-06-30 17:54:56 -0400
18a4653ee9b2665a9fd9df895942fe762a6af1f0,2015-06-30 15:22:29 -0400
ec0193587444e446aa34e47876dbd4c10cfe5912,2015-06-30 12:51:52 -0400
eac30a40b8355b9029b7e80994da8ee9eda1ee05,2015-06-30 11:50:43 -0400
b3a1b6b3e36b3b49aefa15626fbbb9938a356b56,2015-06-25 09:11:10 -0400
8e57e06e09bd4ab036ed2416ce0fa2b981a981b6,2015-06-25 07:28:39 -0700
14f89f9bf167aad71aab0e802ac3ee498a76a684,2015-06-24 17:10:14 -0400
e4b9ed061acd91f1d3f71c739fbd4488a8246fa5,2015-06-24 12:30:20 -0700
a11bc34d7879855c24293dc7d8541011b9c11e2e,2015-06-24 14:52:37 -0400
a1f243394e4023ca914fdd39b2eac38b7811a731,2015-06-24 07:38:42 -0700
62b9d4df12a05cc95345e1fe927d8a36c783c5a0,2015-06-24 08:24:27 -0400
ac018476ee9e3372b08e25fce9ec4d3e6f713065,2015-06-23 17:22:43 -0400
f93624e65c6f087d3cd514642d6c2264e5aa4649,2015-06-22 09:28:12 -0400
124151db82add3f2494f32818c29755d64b98f3c,2015-06-22 08:45:41 -0400
e1f20b19840d55175c6da712ddf0325ca94da977,2015-06-19 05:19:57 -0400
183da8c1dd8dae6950a21b1e7b47ca906c239c1d,2015-06-19 04:49:24 -0400
b79a07ca7e418ceb350c88c9298e75e874d4cab2,2015-06-17 18:25:05 -0400
8ef23621112b5e7bcda09e65cc901212a1b3cc6d,2015-06-16 11:54:01 -0400
6e30f78485e2804e50fdb154cef741bf905a401b,2015-06-16 11:26:40 -0400
346fc75856f6fb7fb5a2e263840f32065c9f3fc4,2015-06-16 10:58:38 -0400
ef1043f194095bf8a78402dadfe8cf2991df2098,2015-06-12 15:15:31 -0400
09d462b9f6c14c547fdd75556569717f883f3b5a,2015-06-11 15:21:27 -0400
7d781ded12a31a61a491249a9103b156efdc1855,2015-06-11 11:49:03 -0400
389faa2097363e458a4619f3d7c77c5cc2b3a4d4,2015-06-11 08:02:03 -0400
a5d4d1a7847fd87647306b9059fb9015dc722146,2015-06-10 17:00:32 -0400
c4e31e92bed9a7ce7b082034ea5bc94916f19040,2015-06-10 13:36:16 -0400
7bf1c52eadffbf6bbb6b4cfc003ce1aa3340bec5,2015-06-10 12:41:12 -0400
1e59c05f42b0647d35a1ccd7ab97c466c081e29f,2015-06-05 15:29:56 -0400
ae25e9a4cbe11bd2f2ea89a196c36ba00bc95948,2015-06-02 17:54:12 -0400
f404f64ea00573b5331e9a5ddc378fe46e16bbd0,2015-06-02 13:14:38 -0400
0aa4d3eeeec3638eb6bc04b61a9b4fbb42e26bdc,2015-06-02 13:11:25 -0400
f48634f798294e029bc321da59656a9e40f42961,2015-06-02 13:11:25 -0400
b4bf09344078ddad1d7f14c9a538dbbd01b2adaf,2015-06-01 15:03:41 -0400
ba89967711dd6aaa2b69d9f84ad39f21ac37b7e2,2015-05-30 06:02:22 -0700
dbbccf37b8a62720e9cc5fdb95a6f3b301ba3a87,2015-05-30 05:56:10 -0700
58cd01e53ffc74d940e893c484985197c6d964c4,2015-05-29 16:02:03 -0400
9dd9630d69de1406015d19c7f398c68b2b234f2b,2015-05-29 15:57:00 -0400
765b04a22e24368b46426a051f9f31b344c51521,2015-05-29 11:47:49 -0400
d39f13054aa08e32fd8ae888db64c0d7a5c674e5,2015-05-28 18:14:06 -0400
1056c5b5d5964e5e51c7434b04fd42b5b9ef099b,2015-05-28 18:12:58 -0400
2213baee5dfda4162de0be7e415ac7c71ad840d5,2015-05-28 07:58:48 -0700
7bdd75c80437a590e8061516138bfaa0a36fe5df,2015-05-28 07:55:22 -0700
60b4a5bef1057a1cf0b97a906ce27574b03f6bac,2015-05-28 06:36:04 -0700
3fca550f6aed5d8e028882875c1136c72c0b6fa8,2015-05-27 15:11:58 -0400
a1bb3f9c2131ff1658024ecd64118389c757d496,2015-05-27 15:05:41 -0400
1add5aa7bf71f1371ffade9aaf8133c6715a8390,2015-05-25 07:09:15 -0700
d5c0d330fdb56f50c310782525163d16b1948dc1,2015-05-25 07:02:55 -0700
68d9b8609fd4153af33fa7bfbc6190876630f621,2015-05-25 04:27:33 -0700
683622562671492e5fa92d649f5389ead04c4a34,2015-05-25 04:23:03 -0700
c3b19644a35b471602ea6e18fd054b9fbbaac18a,2015-05-25 04:23:03 -0700
b072aec499776ebd627916557be7d4f44f2c34a6,2015-05-22 14:21:12 -0400
42c27d55cbb98d5f7db82f26aff8db03d0072047,2015-05-22 14:14:44 -0400
5a5f1ec08b2defab3650cd31466b5984df042e1f,2015-05-22 06:51:36 -0700
a637b78184512839e865ca6b148cb6a675dff1fa,2015-05-22 06:31:35 -0700
a158b42ab2862c9ad2d2ff1b05bc3550061faa12,2015-05-22 04:53:29 -0700
403a9614b99720d4cf56f6d8821f1a2a23c3bb54,2015-05-22 04:49:00 -0700
9640c59b632916c6e9dbd393dc620387a12addd7,2015-05-21 18:13:19 -0400
66ba319bd5c5e438d04ed800b1f40d527bd392c5,2015-05-21 18:11:10 -0400
e41b66e3a1edc6b0f338380c6f7ac69c45ee23c9,2015-05-21 12:33:35 -0700
b4724bb30375da1f1309aa9d9c74026ccb79d469,2015-05-21 12:32:33 -0700
de4a394c6c910ee574f1cd5f393662748630c413,2015-05-20 17:32:54 -0400
e5f072644ac23c5b91860102ce99247e61d39893,2015-05-20 17:30:50 -0400
6b5e0e140efbb3a58cdf6ce1f63604cf693b2505,2015-05-20 11:03:00 -0400
62ce7ff14943eb7147a5e80f9162e7816f040bf3,2015-05-20 10:49:40 -0400
ac9c3a304d17ed527d639d81e800ec4aa675a133,2015-05-20 07:33:18 -0700
e260852eca972b19fda5fce6fe303acb2eff8d97,2015-05-20 07:03:12 -0700
41326b2835003105b573764413506ebc826c9843,2015-05-15 11:59:19 -0400
2cd70bb6ba369d2e7853f3d7e4ef49cbb5873719,2015-05-15 11:53:34 -0400
961d988754074e8adc232c28b5e9ae8c90450693,2015-05-15 09:34:48 -0400
84cda0d800a8c2c44eb7a462806c53fc203ae848,2015-05-14 11:57:37 -0400
29365cd93c7c74974b64c932ec31955e23616698,2015-05-14 08:23:32 -0700
b9bc3302b52e44711d0d3537e99228c87fa3b2c5,2015-05-14 08:14:55 -0700
bbd6e22d6d152d2a46d4c376191b95012e43b07f,2015-05-14 11:02:25 -0400
c909f7f748890c0fd0618062d4455e16cd8e31e8,2015-05-14 09:16:52 -0400
97cfbfc69c2e15030635b9560d45703874386e99,2015-05-14 09:16:52 -0400
8ac471c87d773c3548c02a8d5d856e5d84459bc7,2015-05-14 09:16:52 -0400
faef63d2610e98c4c0b68f0a09bdb2181734a85e,2015-05-14 09:16:52 -0400
e2ab9b2519c4a27c1d6c3877954d689509e783b3,2015-05-14 09:16:52 -0400
1d1c5adfc1b3c70a550e6fd2ebbe7775c560caf7,2015-05-14 06:00:21 -0700
959a4d003b4160a782a3b863d7ed8bc2a74552fd,2015-05-14 05:59:08 -0700
69b1fa8b82e06130d632fd37d55e0306182f9b72,2015-05-13 15:09:07 -0400
a7a7aef0bca10ad442a3ccc3aa4afa22596d3e40,2015-05-12 12:22:50 -0400
3ebbdd896f0dc3b48f881ef05b2dff2e7948d34d,2015-05-12 12:22:50 -0400
1cfcce21f2d21c19195d8d52299d13f6a7a1d847,2015-05-11 15:55:35 -0700
4e49bd3e751075005e13565ef8bd19f23c5e9842,2015-05-11 15:39:38 -0700
4f13124b7bb64c5a6b80878f3d4cb7038645232a,2015-05-11 13:22:42 -0400
ec734647c48b4c33bf53b9e6a6493441a617e60b,2015-05-11 10:05:32 -0700
3175dee35f0dee69d3e55f0568c932ac017aa53c,2015-05-11 08:24:23 -0700
8ae573dd6730683623c7e22aaad1c1c5e1fe0950,2015-05-08 09:05:14 -0700
93f4f3798839c22604d3b28a819650352c069da7,2015-05-08 11:56:09 -0400
a9b01250473e2ce1b1da06a3334b48ab670d86b5,2015-05-07 08:27:34 -0700
9ceed2d512532bb448693da24639e5c1e04641a8,2015-05-07 07:40:35 -0700
f39809022c31b6ca425317dfcebba1fb9f9a5ec9,2015-05-07 07:09:30 -0700
b4e1fb0ea5ae64a222fedb1fe012fbdd60eefab6,2015-05-07 08:21:44 -0400
3dbd277d2e142035955761ed34aa1725c53d3d40,2015-05-06 21:52:49 -0400
73f6c1c89ddb494085f835f2009931ff80979bb7,2015-05-06 18:15:35 -0400
58886b74bb98b64503c08774b0311b7d389b626f,2015-05-06 16:32:02 -0400
ff4765327a731886e0b37f70e9255efa2679b6fc,2015-05-06 09:55:35 -0400
05d6e60694c7550a75ad5ebd01eaa36805128493,2015-05-06 09:11:02 -0400
2552ddaafc3b4320ad471d21cb01af225b07eb8d,2015-05-05 08:09:52 -0700
6eb970a2198d951e8cc8fb6805d11db228a74f2d,2015-05-05 10:52:15 -0400
5dd7d0d0e492b74821300719457fb3f773706fc4,2015-05-05 06:05:44 -0700
bb115db801d3b86754cd6a5d6eb1cad939d6ece5,2015-05-05 08:17:45 -0400
ee305f0b4c4c3923312c7cb7380ce3e9f5ddf666,2015-05-04 16:57:32 -0400
03a002d816cdc1fb31aa612c7ba20681a55a50d4,2015-05-04 09:14:00 -0700
a4a940aec9e9958aa94bf983b4e6778e4cc82963,2015-05-04 06:52:33 -0700
606eea61256e4ef2b648a7873e55fd3ebde03839,2015-05-01 16:10:55 -0400
7612a4eeb930d86cebe03760a56560325b745527,2015-05-01 15:29:47 -0400
296051ede7e5788ca54ed9a63538f0c69ea0e334,2015-05-01 14:54:48 -0400
7eac4ff6f5ae3620bbe3e3815c2effcce1a97170,2015-05-01 14:54:48 -0400
f8ce7ead338be01dd2bfe81b2d48b124ba178524,2015-04-30 10:26:24 -0700
81aa3ba403eff4e48a6206489d9feb413f807f4f,2015-04-29 09:52:51 -0700
3189969bb7e69c3adf3812e71ea1b3d9e07d9d59,2015-04-29 07:54:40 -0700
51ec1b7ac29d798607d93a11cec31d0f764b3362,2015-04-29 07:01:20 -0700
3168a9742eda46108ba2834c9851d6552819abfc,2015-04-28 13:08:36 -0400
ae34d4b6ff9057c9459a014c1a1c34b2fc791578,2015-04-28 12:21:28 -0400
2a9fb0e1cbd0c56ec90638dd65ab6b8e6776d645,2015-04-28 12:21:28 -0400
81cdb21c7cb0f6cff08e486e3958c951b26ad83d,2015-04-28 11:23:18 -0400
b222db43b5d61166a48b76161ba08e006e7b6186,2015-04-28 11:22:43 -0400
afcc4b8a6c6f769895b0a3f54daf2c0b6cd6fcdf,2015-04-28 11:04:44 -0400
eaef43526dc4e05e3db2f73bd4ea9f971311450c,2015-04-28 10:26:10 -0400
cc3da5c4bc529395d93ca2a216fff00a6944b145,2015-04-28 05:52:45 -0700
2a7a5b2e8288128baaa918c24dfffd33f8dd4d09,2015-04-27 17:55:23 -0400
a5ffbc146da72846a87d49807d015999b04fc390,2015-04-27 15:59:18 -0400
e55ff1c2a4e55b83ecf58b0b40fa396c4b776d24,2015-04-27 07:30:15 -0700
0ab2ff5aaf361dcf4cd996c66cd8af3bc971637c,2015-04-27 08:33:47 -0400
0cdbfd78ddada38ce21e01005d13cf2faa5f4dd9,2015-04-27 08:33:47 -0400
fd32596d7fdda5c3bb50302698ae2ab015ba7cec,2015-04-24 16:12:40 -0400
265ce76d20af33a992ca231d364edac5e6727b9b,2015-04-24 10:28:09 -0700
e5e68187dc0e818f4265e21d0d555b50a5390b81,2015-04-24 10:17:31 -0700
2d47fd94d5a2074d6ea2c37258faa0757f68ae36,2015-04-24 10:51:38 -0400
bfa1aca760c8da0d365a3361893ec66541436d1e,2015-04-20 12:55:32 -0700
c6e7f4ede271cacbe34936fdf71996e30860df7e,2015-04-20 11:24:52 -0700
2d1c2f0b6886012f52f252875b27aedc2fb2a121,2015-04-17 16:58:01 -0400
7cd4c2190d807a3e87e9be62fd479f68867481cf,2015-04-17 11:22:32 -0400
9c7a58322f05e567064029255b16dc44c638351d,2015-04-17 10:17:55 -0400
68050d62f451358e4e033634ff1d35f4898e2f93,2015-04-15 12:32:17 -0400
fef6345c7cc535f2e0cf7581364f05959c0befb6,2015-04-15 12:17:44 -0400
ebcbf449f66d604e562619b2544e144ee3af8685,2015-04-15 08:03:01 -0700
20488c6cd43c31f186fbf581d73212cd3ae2f90a,2015-04-14 08:40:22 -0700
2483815a64b8026c8f0650e848aa95cb5c4934e1,2015-04-10 18:47:08 -0400
43c55b27eb31a9361475936b1984a0510837fa74,2015-04-10 14:53:19 -0400
123d5bc122acc1c0d94627572d643cbe9ec94a8b,2015-04-10 10:56:47 -0400
764d1c6648fb306c59da0e1179de7155fc4af93c,2015-04-09 10:17:02 -0700
0a426f601e8ad440bc8a6b56e785c8e085b971e7,2015-04-08 10:14:39 -0700
89d721fc8123cd3688fe5486e74d835b4b7016ab,2015-04-07 17:02:53 -0400
958751011dc35b149be03ac23477a6ee2a069fa7,2015-04-07 16:44:19 -0400
03cb4cfb2f2184143eeff913880cda94b6ecf708,2015-04-07 16:15:34 -0400
08a9c32e929aeb5038ffed88afbc889858eceb30,2015-04-07 14:05:40 -0400
299265240c2e374964fe76d6d2b8d9f2ca50463f,2015-04-07 10:50:19 -0400
ab3af6500856653b1fedcf1d4667d7b7bbcc84f0,2015-04-06 12:22:33 -0400
08e6ac8b7b4f66d22b5912f718aecf48710c9512,2015-04-06 12:14:51 -0400
dd1c9c46fc7679bdbdfa93dcc50ccf8975bb6515,2015-04-06 11:53:58 -0400
802eeb61345d9232b4b96ae19802da6425f08629,2015-04-03 18:28:41 -0400
7dc4965d6f20c833de92ae4a66148db6b1eb7f63,2015-04-03 06:11:47 -0700
d85de8f8726bb346b4ee6dff474d60dad4cf0b4a,2015-03-31 06:17:49 -0700
1751047e7e0809bfc0ef4e096ff8a096262f6bd3,2015-03-30 12:30:28 -0700
3ef2041433c77d7a9ce5ea21cbf10c99f9fc94d4,2015-03-26 11:57:29 -0400
47d136afa7b0e973056a7916d9102085f1d69f8b,2015-03-25 18:17:57 -0400
f441b86ef77338f468031d13bfabe0a6c20d0754,2015-03-25 16:40:40 -0400
39d7c51903007e711dd7b3c79f1f438f3858f3ec,2015-03-25 07:57:38 -0400
03314423a357143342c62f81e2959d1210fd7b01,2015-03-24 11:49:42 -0400
c8ff15c33818f830ae6f14e7e0d33886604d4ea4,2015-03-24 11:23:11 -0400
fb4e88182b56d194c4066247526ee3dfa5e00aa5,2015-03-20 12:25:46 -0400
c0f109db3c4da280ac78505becf84cd7dc047c13,2015-03-20 12:00:12 -0400
e28b05ccfe84298ccec282f7f31c1038434dc875,2015-03-20 10:32:33 -0400
11f2d8a109eeb30a7385a6d4dd94e404b5c0e164,2015-03-19 11:44:33 -0400
d7c7eea77d882503f2578d89e7a56aff33898f21,2015-03-18 10:09:41 -0400
27ae760ea510b8e670b369db3c0d6ec122b60b19,2015-03-18 09:20:04 -0400
0ff97cffe274ec38d27de63dd701bb0482993bd5,2015-03-16 08:40:04 -0400
978727e864922f109779cf862249eb3f0e557f7c,2015-03-13 13:53:59 -0700
640ecba4abbf3a091a70dd83673697e868301ae7,2015-03-10 17:33:27 -0400
ee95a1398de607d257e2e11d47b51fdb55669728,2015-03-06 10:42:37 -0500
53b88fe7a1b678786f391c8adbd056c4f7a948cd,2015-03-06 09:56:55 -0500
a78c5de747d4d10a0f3fec1acc2b3b6c71cbaeaf,2015-03-05 14:15:41 -0500
6254397d311253512cdad18154cf8910870c0ec0,2015-03-05 14:13:39 -0500
17d61b95ba14dd3c39c8e90e0d8af492446ead3f,2015-03-05 14:13:38 -0500
80598a67e1e47f33b5d5bd8c18d9e6148da59236,2015-03-05 14:12:48 -0500
6f0ed332d1b30beed6f7af6012034c014081c45d,2015-03-05 13:01:50 -0500
571ef001c2a81c8db8f4019468c3088bd45f3018,2015-03-05 13:01:49 -0500
9c9b1a5dbd00ae488439a167b3c19c9acb1269ce,2015-03-05 12:59:00 -0500
22e904eb3fa54fdf2fc7d1e06c4267c83bb28db6,2015-03-05 11:19:42 -0500
ce8d37eed1c0ee840f3eeef699b573b54b199620,2015-03-05 09:01:37 -0500
8dc15a394d5e3ec5be5c8934f0495a9c66a74026,2015-03-04 18:46:25 -0500
fe5ae9cb28ffb57936b447a124f732865e8ac43a,2015-03-04 17:40:47 -0500
6395835d627548c9313c86d9ca66653506faa4b8,2015-03-04 14:02:11 -0500
3139a3a801af6daf50cd5c78a9e4beca66bc40b4,2015-02-27 15:41:07 -0500
320c3151a8a3a988b71edfa930a6a6836c45f336,2015-02-27 15:30:26 -0500
b98fb092132e5d3b78c14c5b3f89179cc15df662,2015-02-25 15:33:47 -0500
8b78253d804790132ce787fd2900f4285044250d,2015-02-25 15:30:39 -0500
f1f348f676c13877abc56cbb86fcbc075f4bda87,2015-02-20 15:20:43 -0500
6ee6b4f2823dc84147464430cbe339bd32a53816,2015-02-20 15:17:28 -0500
c71d976c408a51a1e9afd5129234c044242fa75a,2015-02-20 11:22:37 -0500
a4eb1e1164e1cddf7a2c66fbb68fd2862fa41b02,2015-02-20 11:21:26 -0500
723745c3b8e224c520544ada96d9817486301303,2015-02-19 17:42:11 -0500
188ae91ac6a89a12334f95cbdd67bc62b6f4e209,2015-02-19 17:38:32 -0500
34ef9376cd721278a223cb4abe0963044293f6e6,2015-02-19 09:59:37 -0800
e4a5aac2a33315e8ac608e40cea9ed89f74bfbc3,2015-02-19 09:51:13 -0800
13892fcb7f783764f41e20a1b8d31d32ff44c573,2015-02-19 09:41:35 -0800
1f60eaf5af08db9c3addee0eb185ee6c3a92cacc,2015-02-19 08:24:03 -0800
c2e4e5fb34a3547cb77434f6fb8281959246a09e,2015-02-19 11:15:00 -0500
f8f3d6fb8b825ded73b2b315aa792b8e50786a64,2015-02-19 11:04:04 -0500
86695bbc412cac64b10d0dd1e459ef439f4bf314,2015-02-18 16:21:21 -0500
9c24631fc434129eb9a3cf490f1e2cd8960ff4f6,2015-02-18 16:16:27 -0500
9866243d41a4c9156bffa744d9ae127811d67ff0,2015-02-18 12:02:56 -0800
f84e063d79a66ae5b4f32394fa88f9c0f689a321,2015-02-18 11:55:03 -0800
b370bc2ff0b848df1b2a2f9a55ba0654ff482a96,2015-02-18 11:51:38 -0800
584d5edb8cc0a9888027f2d80b227064e2b37a09,2015-02-18 11:49:33 -0800
cc429a4cbbbca23e47ee2d464074cd93a03df31f,2015-02-18 11:15:32 -0500
9726b9756ac86659a34f48c909cd17fd79ebdc90,2015-02-18 10:55:24 -0500
bb59f4e9714568a97b46adc1a24f23463f4bcec9,2015-02-17 18:44:19 -0500
4243536d742bbebcc06587c874551f2c3d4a5705,2015-02-17 18:41:23 -0500
789f6eff14ef4286b046cb36df3e7b61abc71528,2015-02-17 09:54:41 -0800
75c64a900058cbe6e0060d7185f57bde00fd5076,2015-02-17 09:44:00 -0800
c9aa895009599200a9e3d11718674e340d48ddf6,2015-02-12 15:53:22 -0500
ffc96b46e4e60ea56a062a559f16bb1668b36d90,2015-02-12 15:41:47 -0500
64887891bc0970c4bc945e4cccaffa9299bb88b3,2015-02-12 14:58:37 -0500
b69705c08ca9767e23c9e38e27352b5f75c98265,2015-02-12 14:58:24 -0500
11aece2cde32dba141e1452bf391b86e7d2ba341,2015-02-12 14:58:19 -0500
8f959ee8caccfb79fd45e0d059b6dfd9c12834d1,2015-02-11 08:13:49 -0500
5b3be65362a42ebe3c1b6901398fedd5073979b9,2015-02-10 12:34:11 -0500
d2f048d103fd3dc2b47c4e67fe7e1a71058a66b6,2015-02-10 11:46:49 -0500
79accda3a51b55c2de5b0a976389fb8f7fd0ff0f,2015-02-10 11:43:40 -0500
11f71d52f3bc2aae39a48ad0f1edbe798ff3b411,2015-02-09 15:41:40 -0500
ce9ab3ebf36bf76df6ef388904405c40661ae98b,2015-02-05 16:07:07 -0500
645a216f76ef16088811edf0a3d4312cdf6dabd1,2015-02-05 16:05:44 -0500
d2e540396b8c4a60e3f666494be72a142fc3f209,2015-02-05 16:05:44 -0500
e41b11f646c576cfd8eeaca3f82581162ebce6a2,2015-02-04 13:49:20 -0800
d97ee23a17e68a325dcee9f94e6f4da3c0c8db78,2015-02-04 13:43:04 -0800
acb646a8ba0fbb1352eb2513c812ef64f1b5b6b6,2015-02-04 08:29:58 -0800
c913af8e7f971a17802e19dabbf957bce1bec8e5,2015-02-04 07:59:54 -0800
1aae7cf068e25b69b75fab955a139ce3fad15738,2015-02-04 07:58:21 -0800
46e64b7b76eddde7497ca4ce9f4ab69b3bd3cae7,2015-02-04 07:49:39 -0800
c7d77ae0304baf8561563fb3d0ea528eaad8dae7,2015-02-04 07:13:47 -0800
252252d1279a1b180bbf1a016e3e9c743769f3dc,2015-02-04 07:07:54 -0800
1fcd324bc3db390edc95a53e8b79a40071630d5d,2015-02-04 09:22:16 -0500
9b6d9fa236d491854d6a0e2faee51434d69ced48,2015-02-04 09:21:34 -0500
693b2fe964258843b84e1aa49f942a841a1c1ea8,2015-02-04 09:21:33 -0500
4ed64546a8121610818df13ffb20837884eafad8,2015-02-03 19:00:41 -0500
6d69b0a33c489471515fbaed911dbc9681e39402,2015-02-03 18:55:20 -0500
743e93dde5999225a0d3e86d91909d07fa46a008,2015-02-02 15:02:24 -0500
301f54193b84f88a71984266ddd785cebaf13326,2015-02-02 14:46:11 -0500
ec86c7347149290c43da5f783e7c92af2c08d973,2015-01-30 15:16:16 -0500
26f7d42b22b08ed638e85678c075ddcceb094800,2015-01-30 08:21:21 -0500
8ee5210a48fb4003a6e6ed984ebfc536f1eb7274,2015-01-28 04:14:11 -0800
5c6ee791ee83e2227ae0a302f77a019e51add619,2015-01-28 03:52:50 -0800
b3caf1dba07d34ee0686161b1e168f2ced286671,2015-01-28 02:37:39 -0800
c0a34b86851bb5f391a3984214b426d1e2a9fefa,2015-01-28 02:20:46 -0800
516af94833b4532028ce31d82c413448a9a334e7,2015-01-29 14:22:46 -0500
90a552dc1bdf253ee3cb78d992b3265765603852,2015-01-29 12:22:41 -0500
2d007b662515d080d9d59cee6803a8b3e9d0d171,2015-01-28 11:33:51 -0500
cd4d75a8911598cb5771da30a50ed42e77151988,2015-01-28 11:04:48 -0500
73c74b269f5fa82b6ce01a9a159a92e3b6f5fea7,2015-01-28 09:00:43 -0500
7f437fc80c56d8632bfc3a0e91f18a2b13a226a2,2015-01-27 17:35:34 -0500
14187497143567819b6742e1aa4b5c8c18ad9a9b,2015-01-27 15:51:38 -0500
15e22ccd009c7798a8693fa2a35dcd8d85a641d9,2015-01-27 15:38:19 -0500
97a5199870b4bf1e209164f6a02b28929ec2b51c,2015-01-27 11:55:43 -0800
ddcf95e4221beb43ebd4d93551c183dddd6dc736,2015-01-27 13:14:12 -0500
eeadcfc4fbc4f7300289134571c33d5bdfb1c19b,2015-01-23 17:28:42 -0500
42ccc729364252b351ba42990aeccde1b6db6622,2015-01-23 16:06:45 -0500
8f40d170125c5eeaed7a876d6739e5352ae1f77f,2015-01-23 11:50:00 -0500
f7ec6dffafdebfed045d726babbd87c9bc4990d0,2015-01-23 09:41:09 -0500
953d80150795fdabf73e987457b9d21cab2a52e4,2015-01-23 09:28:57 -0500
064cacdc325e6b6d733d3718b581e5415a0a9350,2015-01-23 09:23:45 -0500
6d1efb40bda4b2fe789f83789b0d1138e7cb8fe6,2015-01-22 17:02:13 -0500
2e8e268512067d6a1e7773db98d66881f4967849,2015-01-21 15:30:42 -0500
775b644c935dd2e4b79f02b8723d14eccbfd4811,2015-01-21 08:21:33 -0500
97d1340bb5c016ebd4041ae57ffabbd72d63be02,2015-01-21 08:21:33 -0500
8abf9eb2ea9b86bb91c8d33ce9ffe3414126c8cc,2015-01-21 08:21:33 -0500
2123e466c07c954d74b01bffbb27a0498ecf0510,2015-01-21 08:21:33 -0500
c90eb097f9b5c1b38feaa202163a1870218ae3b1,2015-01-19 16:33:28 -0800
aa73646911a604000457ffe1588892a29bc7259c,2015-01-19 13:37:24 -0800
350c1f376ed4a75e1fdf8cfc400b5caa10045130,2015-01-20 10:55:35 -0500
a984ddd54d2c145104d95f5d62caa3565c913d5b,2015-01-20 10:54:38 -0500
2d0c9eaf21aab77595934afd9a1b2bdcdb23715a,2015-01-16 15:00:18 -0500
80a76323aa26a85df077d0350168ed01da2b1cd1,2015-01-16 14:36:39 -0500
ea6342901c6a0e4e6756e8d5ed6bc4f8ca3ffa7c,2015-01-16 13:17:49 -0500
bf537cf5749c8804e27eba78a4387832853416a2,2015-01-16 09:14:38 -0500
6181848ae591555a177b5edcdabc7b10e6724f87,2015-01-16 09:14:21 -0500
eb8457cd277b35ab6c57d0a7419ad15c7aa88d11,2015-01-16 08:44:38 -0500
1826c0a43be9d7b7ae9f15bb2ba078693f1782dd,2015-01-16 08:26:34 -0500
0c5d2016b1497859dd3d4d76f769d02957cc22bd,2015-01-15 18:49:44 -0500
0b3c9fa01a52479c7a0edfa390cbb8fcf66a51fe,2015-01-15 12:36:48 -0800
5c1bf3c040100efe44077a710fef447a85c06f2c,2015-01-15 15:15:47 -0500
f18241d41336ec45125d6ee16ab449856e4e41e5,2015-01-15 13:38:15 -0500
9347c2fbc3e01ded6e8522863e0dbd6897709a22,2015-01-15 13:38:14 -0500
383a04595bf87d90288c8ef3f7454db7ca009e3a,2015-01-15 13:38:13 -0500
a4f06b9a2a838ff4cdfd654de538532d5a3fa6dd,2015-01-15 10:40:55 -0500
f1fdcdeb28d7936a7618dcc020db989926e37e6b,2015-01-14 14:41:41 -0500
c141512fc8aaf3327a8d89b40dd6cad0be407d52,2015-01-13 13:27:17 -0500
11b0667216948dc41a3582836540609597a463e6,2015-01-13 12:46:14 -0500
592850175ae0d324a0f3acaa14ab5272738227dd,2015-01-12 18:37:14 -0500
753d6806b833ba6010d4160fe9588e9467a067bc,2015-01-12 18:10:49 -0500
6187fa7f8b255701252120d5224642274b428284,2015-01-12 17:50:27 -0500
bfce88e315b4893a9413d6e49eb0ee75b051afc3,2015-01-12 16:51:24 -0500
62cb0b8c9bc6b51d8da801da140552ce5f2bdb74,2015-01-12 15:28:04 -0500
1b7490f038b174b83ce3751c9833fced1c624d78,2015-01-12 08:31:51 -0500
074a944d275a9e76c9393884a6c4c8480c3e169d,2015-01-09 17:57:15 -0500
fb28be973b991b4cd0ada4c8b921ec4f25a73082,2015-01-09 10:31:08 -0500
cec8ee6dffa5f2722585c7c955601cfc233b3aff,2015-01-09 10:19:48 -0500
a17fb841eafc442cd5b09c8f1db9aba41889037c,2015-01-08 11:32:30 -0500
064e2059da6a6f2b68de40518f91b2cccf817291,2015-01-08 10:42:19 -0500
f5d5c9bfd0526f28396154c469349176868733c2,2015-01-07 15:22:55 -0500
03a17088b299830a1ccf4bf7ad277a65a8e097ba,2015-01-07 11:53:40 -0500
745caf86f2242dbf4387b795f2de976a1bc11f36,2015-01-07 11:04:08 -0500
f176a81f47b94f5098bf68cafec9b5a6d21922d1,2015-01-07 10:21:44 -0500
68bee8a88510423b4ff25e01d162d69c36341691,2015-01-07 10:21:44 -0500
9a9853183971fbb560d17beea3f3d99de8b3cdc8,2015-01-07 10:21:43 -0500
5891324b4df6adcbe411e369f52b1409bfb129ca,2015-01-07 10:21:43 -0500
e08caba77a8a3f13abb5878aad2da4af887e3a33,2015-01-06 17:39:47 -0500
e49a7b4c4f1a4a270e193f19c9f349709d5765d3,2015-01-05 20:47:57 -0800
0e6d7696e03983fdca2528f3eec48ef54cb96406,2015-01-05 20:35:36 -0800
f195878e7f711fb284ae2160e2399a318e64ca5b,2015-01-05 20:26:43 -0800
9e73e78a5eea6fabb97b4074dfe1591052cbb906,2015-01-05 17:53:42 -0500
f3b80759aa5f6892fdf885da02219b42bf0a7100,2015-01-05 11:47:17 -0800
1f370e1b64f609315f51d2d5f3d11666f0698071,2015-01-05 11:21:00 -0500
78f67de38f08b8cb75626bda412e99891e6aface,2015-01-05 10:01:55 -0500
57c8d78678897abb73d7180af2ffb77a3b5f17e9,2014-12-18 15:51:38 -0500
9b5ead7d3981879ad981b43848f6c30e3bcc1374,2014-12-18 10:03:17 -0500
2389f764520fb2907c17f79c1059751a6b6d06ab,2014-12-18 09:22:36 -0500
37d2f43af26bbb2791ce42cf01759618d6f3a259,2014-12-18 09:08:24 -0500
0b7df2c4ef7ff2b37b060f5616b707043cf10d2e,2014-12-18 00:14:33 -0500
d35130ff95baf9ec68ff3afd63ed8b397d467960,2014-12-17 18:38:10 -0500
3b3a8f0e1addf8fa1dbe95821e1492683932b30f,2014-12-17 18:37:01 -0500
8da742fd1787f526922e5aae2fe9937606a706f0,2014-12-17 17:33:29 -0500
308a78bacd56669b2c2860aa70a7a6d96481207c,2014-12-17 08:25:11 -0500
83e2a836bdd95325ddd475a57abb395bae115b00,2014-12-17 08:21:31 -0500
2e8f12c664fd14ddbe3e6cb3eb866bd039edfd8d,2014-12-16 21:40:06 -0500
3549d284663dbfbaa733767759d95af014c72615,2014-12-15 20:32:00 -0800
598c90b788cee821a18ae2073d1e84feef413434,2014-12-15 20:32:00 -0800
7ca18942417ff24bbe4743aae1c7558b4f1237d2,2014-12-15 22:28:47 -0500
28499dff4bdfb5066305b7f24ac97200c3a83a61,2014-12-15 16:07:52 -0500
12a91ac59ddcaf4b064d5d1606ef4370ac667fe0,2014-12-15 14:20:00 -0500
b342e51ea648d59a23743a5966020e4b82e79c0d,2014-12-15 09:33:30 -0800
0b895a46f96c4eed20bac9469368f222acf5546d,2014-12-15 09:21:12 -0800
89fb60c19bf02bb9cce4454962759bb8bbf199d6,2014-12-15 09:09:35 -0800
20e5edbc88dc2ba58bd84bccb2b506a651c08bc8,2014-12-15 07:36:42 -0800
a0c8cad0f470b94746bc44072646595556b3b082,2014-12-15 07:21:34 -0800
776a9e88a7fd73565c7e33c9afcaa67bc3e12ace,2014-12-15 07:11:22 -0800
4ddf2310dc94852ed68b89843e9f9f61d01ea896,2014-12-12 12:51:30 -0500
ce1ab9d8121b3cf587dabbac6037fe62033f0fe2,2014-12-12 12:02:06 -0500
8b993972438c61c385fb2de66115c4918494243d,2014-12-10 11:19:38 -0500
824099b0d153c8add9fac0ecadd58d57546e3dea,2014-12-09 13:26:15 -0500
ee3fbb3068f652bd0d7dd52ef7af27e4b44ee360,2014-12-09 13:07:00 -0500
878422c3900ccc40062b2e8642559acb17812dbc,2014-12-09 08:41:22 -0500
a4ae3aaf2b828cd05c48fce30a6b2a1993cd7ac4,2014-12-09 08:40:57 -0500
ffaaeac64e5db53145ea2fdc68bcd0546607404d,2014-12-08 22:04:41 -0500
5085dfc2f360104990efb713f07a89a7055e6536,2014-12-08 21:45:49 -0500
4f69f2b1df024871f6caa02150c1766a6d602713,2014-12-08 20:30:39 -0500
8651eb7d6da902677a1fe4d550aa18de13af0c8b,2014-12-08 15:06:54 -0500
c843d91fe8dd6ef01bd35e570853291b87f6fb63,2014-12-08 11:37:01 -0500
ce82dfcace4fd92b821834b41fb1bce7cbd77c86,2014-12-08 10:58:47 -0500
c1f21e1c217bd4aa21703133a3b97369a15ebf11,2014-12-08 10:58:47 -0500
d24fa5e42becde89773f819c274bafb014eec055,2014-12-05 16:16:37 -0500
5f372b58f84acef624e02c5bb61e51a9c6f99653,2014-12-05 15:54:48 -0500
5817c42b417999ad04c662ffc32bdecd2d0b79df,2014-12-05 15:31:22 -0500
c246e2ecfca14b5ba10d5711fa8a7bec14a55b46,2014-12-05 13:06:16 -0500
aa0eda5d3a25a72eb459848ee192008909f4b059,2014-11-27 23:30:33 -0800
e21e5985b46fb5dcc139f43c3a4c57472385cb48,2014-11-27 23:19:16 -0800
94ab5d14ef77debee975cd9efb8d623655853b72,2014-11-27 22:07:17 -0800
ba720bfaf33c665ccd48032df8045064c0feefde,2014-12-04 12:42:04 -0500
3950482dc57374bbca1471a4ed2c407f84c44d00,2014-12-03 15:53:03 -0500
c00849ba1196963160a325c247072461468c09a9,2014-12-03 15:37:29 -0500
6100b4886bd2d165ba979cb65ab7cecfc1b0ee51,2014-12-03 15:29:31 -0500
87060daf72f09c8aec76c2f0708274403292414e,2014-12-03 11:41:02 -0500
6c9612e9f711beb1d8e4239ef9a473eb9c64a32f,2014-12-03 09:44:52 -0500
61485ab880f4d942385146b610ce9479b49de2d2,2014-12-02 13:36:39 -0500
2d43d9be1dcd373c45c1cf28ba86c598dad50549,2014-12-02 13:13:09 -0500
6ab86bdd28ee99790bf58f3c4b5f8007485ee072,2014-11-27 22:03:11 -0800
5a3aef310f2f3f269bc70e5abaab1000fc9ed4ed,2014-11-27 04:57:20 -0800
895fb8b13f641920ff62244122d84e779de20d12,2014-11-27 04:55:21 -0800
e1cd0de54d1315a3838c7ada2e0779fa08b28b3f,2014-11-27 04:23:21 -0800
d7117ddf8ebdeff0873a609402be692dc31b5bba,2014-12-02 09:07:15 -0500
273a2f060fde105cc2be6597b15fb6237430659d,2014-12-02 08:35:56 -0500
ac95bfb47595b4319a10032306c2b1278c7ba34a,2014-12-02 08:22:20 -0500
1ec800b4671036c833af1a633fe3e8a1a9cf8ea4,2014-11-27 04:21:48 -0800
3cddfb53730d5adc6c1790b484bae97524e09297,2014-11-27 01:06:46 -0800
eaf819ae9f4dc400f361a098eb52e157862a89e0,2014-11-27 01:05:34 -0800
5db7d5216765380c1eb8f492c5813813427f7bd9,2014-11-27 00:46:36 -0800
e1f0927bb6406f9fb5683c8e8b7fd1b2789932eb,2014-11-27 00:43:15 -0800
f5531bd3edfde3acec66059777e0ecdede715be5,2014-11-26 23:55:43 -0800
bd6a61aa6201279cc4ddf264faae2e799a342df9,2014-11-26 23:55:06 -0800
b4c45afb6e02eeb2b8967aab44f38c9670965dfc,2014-11-26 17:03:50 -0500
aaa9583a8354084dd232a160e76746d3602dbddd,2014-11-26 16:52:41 -0500
db810d80cc54fda88e3a8e89d59bf7c9290a346d,2014-11-25 17:22:42 -0500
da2535f141d19c303cc0f7d725c5cd8116549537,2014-11-25 12:41:22 -0500
da3c5647538ddcf9cb6d21c4d10331114438b036,2014-11-25 11:26:24 -0500
1a0871aeb74b301caa4021a80c6e94e07e197652,2014-11-25 10:51:45 -0500
0ac39c446fedb0341d7b9694271cb43c71c18941,2014-11-24 13:51:33 -0500
e7451284021cabcb9804032e906758fb57c6ec70,2014-11-24 13:35:08 -0500
da9330e0a6010d5759e79ddcd3fab306f4dc5e5d,2014-11-24 08:57:36 -0500
f7333c2e78501fe0ff398154b6eb3c9b43c8a023,2014-11-21 21:45:48 -0500
c1d2c753b7f99d2d8d0d8bbbd99c14349944d064,2014-11-21 15:43:39 -0500
b54a693612aa424080b3fd0784399fb5f4c6f9c3,2014-11-21 15:30:09 -0500
01b1bc9caebfa8ba16c1ee20a87c512cc3e16c41,2014-11-21 15:24:56 -0500
1a341d9bd3380e6c6789de6788299699de5184ad,2014-11-21 11:38:23 -0800
f6539dc9d23403cdcbb49d7b1daa92526cdbbca4,2014-11-21 11:37:36 -0800
2e2bcad7a03f6282b6bf9379ea4887b7de5f165e,2014-11-21 11:32:41 -0800
1119ee38eac692b2618ce306be14798ef9c82ecb,2014-11-21 11:11:35 -0800
e0d18c8bae846a71ad387f82e993ebba0526d551,2014-11-21 10:59:43 -0800
63b664ac1d83837c3fb661013d4b50f099428bf9,2014-11-21 10:58:30 -0800
a6bc489c40d857808567a20429f3780314741bbf,2014-11-21 10:53:07 -0800
57d75969460ef3d0a46a19ac8c405a6da24d234c,2014-11-21 10:52:05 -0800
f17d453e0661985decf65414ca5079ab5ca37078,2014-11-21 12:57:07 -0500
5b63ff217f6c5690bb3b75d27795c6b79b6cbf78,2014-11-21 10:09:08 -0500
ae0434e779f14b18178827c7f71898b68c6f7832,2014-11-20 16:41:05 -0500
a3c542ecf0eb9b4dfa04277bf8f2453ab3fb3210,2014-11-20 16:39:04 -0500
c02f38f92ab52918db1ef57d11f5d7000acc9b17,2014-11-20 12:41:56 -0500
00dbe229884dce8cb8a2d21c12322c9b1eaab2d4,2014-11-20 12:25:40 -0500
c545d575b1379055ae6c134beb0431a933a1b3c1,2014-11-20 10:30:18 -0500
a252f3849d0896f82c094a95ddc62c9517822ada,2014-11-20 10:30:18 -0500
f1b92b714361678fb77925acf747c157216be280,2014-11-20 10:30:18 -0500
d13b57dde20cee52a6a7ae999c4384d3fee4e6d3,2014-11-20 10:30:17 -0500
8c50603df53ba02ca9953d2d04aba77c36a2bf00,2014-11-20 10:08:08 -0500
d51366d28c1a56e8fc9698dcf88935ec1beeaf28,2014-11-20 09:10:47 -0500
3c1b20307b8d2b7b0f040dfea64376ad10e0b4e3,2014-11-20 08:59:40 -0500
da30d57aae0f65f928dd86c9a1a6bd5a215de559,2014-11-20 00:09:13 -0500
ab70510ad4db7e6b9221a09ac45154e60bc5e81c,2014-11-19 07:50:56 -0500
3a067dc5b46fc38798c46713901b11f5d59b5dc9,2014-11-19 07:50:56 -0500
6cc8c2027a724be44fc3d2e0948d62cddd69eeb9,2014-11-18 17:08:47 -0500
73bcf7dc7237a23cc1f27a1f039ce9e00a418ea2,2014-11-18 10:09:35 -0500
1e1fb6a7bbb0e45c4c2270ca7aadc83045a8d5d5,2014-11-18 09:40:39 -0500
04ca52a8b6376d2cf8df92d3952e900fdf46b3ad,2014-11-17 15:51:25 -0500
18104805a669ece8765a581d17f00476e75a565a,2014-11-17 14:50:14 -0500
6a06a3eb62597d90d5e0cfd76a87aeecf32c1235,2014-11-17 14:26:39 -0500
3896e8638268192bd3b13c26fcd5b4bc843743da,2014-11-14 15:02:08 -0800
77cd55fe50a68a07778ac628f7857ba0cecbc3a3,2014-11-14 14:57:56 -0800
2108525d08b3a0ebb2294298db7bae790bf1d333,2014-11-14 14:36:34 -0800
2e980eb746415994f368e9c131b9bc144f0982b1,2014-11-14 14:35:58 -0800
6f86db7446cecc86eed97b5b8cac15e94504b2aa,2014-11-13 15:16:44 -0500
55eccf4de26dd7b91c141a723d4c7b2e6849aae6,2014-11-13 14:19:00 -0500
1a7befc6b19d62caf82252498d053e86dc1beb29,2014-11-13 11:14:35 -0800
d0f228ba3968af14d40d8dfde3ab451f647443f8,2014-11-13 11:11:07 -0800
d17d6f85246908b5c3b06d25848895619d16d8ee,2014-11-13 13:32:56 -0500
45c00ba0605e9352efe81c9c36e8dfefeee87ebe,2014-11-13 13:32:56 -0500
0c26962a0242913dbab7cd1f79b552eff859a69c,2014-11-13 13:32:56 -0500
cdbe8a46d4e9dc26acefeb343205f24ed3c07780,2014-11-13 10:00:56 -0800
95f8a27a91b140c9b332cd448c0ec1dd72d4996e,2014-11-13 09:57:11 -0800
d17193f6d58b8073b1753d8921f045b532026732,2014-11-13 10:26:06 -0500
f1438f13e30e05aac405d8c7112c4a3c5cf4f2e1,2014-11-12 13:32:42 -0800
ad133a4dee97d9737632eb29428a22a629110c35,2014-11-12 13:16:16 -0800
a3839fad732359a8c54b89d13befc7185b72fb84,2014-11-12 14:38:44 -0500
63a3d2842ffce1c146a514175f3dd024acae50a7,2014-11-12 09:09:56 -0500
7aa8d8c0a34627de4f444e7ac1280f772432d592,2014-11-11 21:15:30 -0500
23007fd17c539f83f8079fcedad30149aa1a5137,2014-11-11 21:08:25 -0500
cf37efc2800abbcbb752cc6839a58a5c2456df34,2014-11-11 14:33:28 -0500
f1469ee08e937171801be7306a8d85613268641e,2014-11-11 14:15:44 -0500
977e86d299b6221bcb6fe8c09b283f64ed992651,2014-11-10 16:09:06 -0800
9537f756edcc703e44183123697936933feaf9c0,2014-11-11 10:38:36 -0500
edc6221b14ddb3260449dddfdf309ed9e49e93ea,2014-11-11 10:27:39 -0500
b38f9b61cb1dc7f77569431c14878ae04cbeceab,2014-11-11 08:26:24 -0500
e0a66012765c38a52c8c02ff692b9784098d7832,2014-11-11 08:22:42 -0500
887d030d7dd927f34a4b826c55b16a9aee63c0ed,2014-11-11 08:14:18 -0500
a782692798b25eac84d0498deaae260ec73ed5e9,2014-11-11 07:33:43 -0500
9250cc64bbc815e6bc993518a9c046f230609585,2014-11-10 16:00:04 -0800
61f686492318ef801f13af8be7e12c1677fd146b,2014-11-10 16:44:16 -0500
e0d2bc01547377a7a17fd1ef8bde469611ddab4b,2014-11-10 12:15:42 -0800
81e9654c7deaf6ad79779f9a03aa0a5e50409750,2014-11-10 11:40:01 -0800
e3fd01e20eafbb8ed1edf71317fa050f045081d6,2014-11-10 10:50:17 -0800
759fedb37cc09485647b772f10b03fbeecaf27cf,2014-11-10 10:50:17 -0800
cce062e1023b375626eb5c9b6ea0059d4ecd666c,2014-11-10 11:49:21 -0500
c691385a05117f3b79d4fa4ba3601215b7b0e83b,2014-11-07 16:26:45 -0800
877c8f420151bf1ec6a2e0a293b3cedeb8bce70f,2014-11-07 15:56:25 -0800
204595e0831d9ae83afc09dbb192e5b12ddf1841,2014-11-07 15:44:37 -0800
c41bdd6d8a215c0e2874f8983b1b7a813a86c575,2014-11-07 15:24:45 -0800
b8fb55c686cd374c38c9d1a554ab6c025fe0ba02,2014-11-07 13:35:17 -0800
f1d95488a27fdd61150fce2382111380b48f7b0b,2014-11-07 12:50:19 -0800
3e7571fadbe94cd4da36e72f9d18df216b1a5ea6,2014-11-07 12:40:50 -0800
0c5bc842c600994163fa20e28d164a293a602439,2014-11-07 11:53:10 -0800
e4c01e03a604741789df5b8561d58aaa1b8f0ace,2014-11-06 15:40:49 -0800
ce423116e4bc67341121960873807a1036d8b668,2014-11-06 13:10:22 -0800
a7db82ce87c8c6915f808274e67d7fbae362c8d8,2014-11-06 12:13:40 -0500
b6d5a5c5cac7bca2ae5df1c7df3038c85ebccdea,2014-11-05 16:36:18 -0500
05941a2d663230641fbf666e0b243be2f2a45950,2014-11-05 16:09:53 -0500
0472f2efb7668cff9624bcda2821b46e62e60302,2014-11-05 15:22:38 -0500
da6c298f29fe5afa9750f38530b9acfdef0d6d45,2014-11-05 14:57:05 -0500
9d374e4ea7b9a4b57e21f82a1e38ab90b4e0aaaf,2014-11-05 14:44:09 -0500
1f14aeaabc62c33be607cd9bf039cab429ac47e8,2014-11-05 12:56:28 -0500
29acf6d245371345a983a565a8b9a5657e02dde6,2014-11-05 11:28:20 -0500
913a23c73499a79dd99d3a044bcf74cfee2a0084,2014-11-04 22:42:39 -0500
c73764a327f50723b1746f073b9e94dc723ebc14,2014-11-04 14:13:22 -0500
f4d22be4b070e7f48b39e5c345dbd564129f1600,2014-11-03 20:12:40 -0500
a001096c50ab3978425314e17fd5d6a3b91daa86,2014-10-29 03:20:44 -0700
d7777e903888ae80149dad6ce64eb870d5b5fa95,2014-10-29 02:42:09 -0700
062c39e30d0018e652b1cca41e2e32fa9e3444d4,2014-10-29 02:28:07 -0700
0b1c54c2a4a3f217c9a1214c72ac8cd397a407cd,2014-10-29 01:09:20 -0700
81369780c25623dc64297a9389465418231d713f,2014-10-28 20:55:16 -0700
46f0abab503f617e21afaf5b8910d3491c148b8f,2014-10-28 20:50:15 -0700
3f4ff3983bb2bd86f5b6cbcf85bbf2cca7960de4,2014-10-28 20:42:49 -0700
dccc390b757ea007a07aa7bd45cbb25b28c1cf86,2014-10-28 20:40:02 -0700
b79d6364ca942b5a3d36568d85f025ef32089dcc,2014-10-28 20:05:51 -0700
9a06482ded2cbc817b675d4aee5167fddf6e6ee0,2014-10-28 19:54:23 -0700
bf51e3b47bd67942c51b4f2e44434e12fc4567eb,2014-10-28 19:49:52 -0700
bb66a5a1caff5b0ddfb3c1bfbf3cc1913ef9e121,2014-10-28 19:39:30 -0700
ff1635bf94c7c71580084e8dc756505542fe2277,2014-10-28 19:29:51 -0700
0db0ff0b93651dae61b16cf83d8630336b2d5c64,2014-10-28 19:14:04 -0700
bbee168bd1e8b8c5e5417223895210e51f3a7c83,2014-10-28 19:00:44 -0700
2c7bcefa11a00f4b77f97f9203c9c050c9904576,2014-10-28 18:08:56 -0700
d4b39d63ff87d5a688f8de26765cb73e69099f2a,2014-10-28 18:08:56 -0700
b94dfaaeb1900395b9ba10bd699125ebd2e345d1,2014-10-28 18:08:56 -0700
bb377d1885496e07d69d5f533e220d4ba4348110,2014-10-28 18:08:56 -0700
b73bae50c94d3cc39bd6355d8c74683d0f94de9d,2014-10-28 15:52:46 -0700
2e971017e44b371ad0e19e5df9d58a2d376294d4,2014-10-28 15:52:46 -0700
e31d6cab2c7744d477d4de75f02f1d5754c2ad2c,2014-10-28 15:52:46 -0700
5eab95ed4bd318494c0e76e3a1712f91a6797409,2014-10-28 15:52:46 -0700
c6c59e64fa6bc123d718c05ddda3b0c671b2e9b6,2014-10-28 15:52:46 -0700
4f89a4e75c0706edaa71e976537ce2a3fc815010,2014-10-28 15:52:46 -0700
666240141041b99583af4abe30e38074278c85ea,2014-10-28 15:52:45 -0700
337dbd1bf766a19dd473b0715fe625b24de29131,2014-10-28 15:52:45 -0700
004e031b6381f4589217799b8ef8ba7196c2719f,2014-10-28 15:52:45 -0700
2cb39334f264b4d3028de143bd01d21730b1c63a,2014-10-28 15:52:45 -0700
eb7d892f69d19edf24d6bb3a6d72933dc463ec47,2014-10-28 15:52:45 -0700
6b9d4710b2bd1269dc8784175641dfcd5e817485,2014-10-28 15:52:45 -0700
ec154557197cd191b56ce968f91e33cd0cd73b8e,2014-10-28 15:52:45 -0700
2a6a29aa150732a7a560947f5739f7c784b9c98e,2014-10-28 15:52:45 -0700
3abe25da40f36908862c23cd0086f91768b7e97f,2014-10-28 15:52:45 -0700
7e0382b27bb033a7d28d63f8c918b0775e0dc55d,2014-10-28 15:52:45 -0700
5100c43cc9ff97454e5eff4a56476f0392a75e49,2014-10-28 15:52:45 -0700
1fe9b203293a6b1c083c99e68240f3895ce81ba9,2014-10-28 15:52:45 -0700
c9b0e5186b69cdc449758e575c2d84cf505827d1,2014-10-28 15:52:44 -0700
9d0c4a27d0f18154f14148ea4bf53d9220a66bc5,2014-10-28 15:52:44 -0700
3c81cea886f1b6d4e55f760b2fe32bdace0fb7e6,2014-10-28 12:48:53 -0700
ecaae65f64d50cc7e9e19388f1a73a2c31b12683,2014-10-31 16:00:09 -0400
1b4ef3b4cc19d1a358dea6427a28944432b6123d,2014-10-31 15:23:03 -0400
99e108375bfccbf528a0ea8fa46bc4b783ff2306,2014-10-28 07:59:43 -0700
1584ee0d647b5f2900f2732765df1c4a5a95701c,2014-10-30 21:09:19 -0400
e4eb2a658ba07cc62b08f42652ff22463d8b7a19,2014-10-28 05:52:45 -0700
a3d36ee9f609f06768ef71c8c1fe87618efa29c2,2014-10-27 22:22:31 -0700
d62a455f028d8cf78cf89911693cba3eda35356f,2014-10-29 12:44:35 -0400
2b72d185cc81fc50e4b46fe53f7b617eb255424e,2014-10-28 17:49:31 -0400
3a92d8ce27c371bcf4e0a6690c1db5fe5756e27a,2014-10-27 20:22:55 -0700
78ca5a7fad091e90da24cadc85bc6a2e1fc25a8b,2014-10-27 19:40:05 -0700
6f2b008564d51c3511d1ceda4b834c5d0baad249,2014-10-27 19:35:04 -0700
521d4097ec393b14e2aefcf10bd036451881f48f,2014-10-27 18:12:17 -0700
47c1fc0eade218f74274e9fd3a73e207e2628e6b,2014-10-25 06:23:25 -0700
4c36eed04db535fe7b455ce0181fd4bc10384caf,2014-10-25 02:15:07 -0700
25b3838d60b693ab3ae2a4daf0789abfe9326252,2014-10-24 22:49:54 -0700
95f2c2e529b4ea2f8ad5f1ffb5650c97bf695de1,2014-10-24 22:38:07 -0700
59f358162b8e4b00f8aaa81bc71a8943b9d3201b,2014-10-24 21:39:49 -0700
4624ad8233976617571994338860b248f0486bdc,2014-10-24 20:38:34 -0700
370fba3732042ee98bdf30378f34d0b89a2a74fb,2014-10-24 23:49:55 -0400
f6e3cd5fbae795a7acfde5d9b1acc5bc5d6b6d34,2014-10-22 23:46:12 -0700
33f492cf5e2fb698ee3776b756bee2b766cb61ec,2014-10-22 23:31:55 -0700
73d5b415258fc063c07676c4b07896a80f2d04b3,2014-10-22 23:09:19 -0700
a212460fc76d2ec64827df22ea550c73e7918c50,2014-10-08 21:17:54 -0400
8e597c205f080b25e5f5eb3e5f2d10c53b437698,2014-10-08 11:03:33 -0400
b7171e933abb28ab18885705e7cb7bc0630c9734,2014-10-07 16:01:38 -0400
ab54ba5b7640066c1794fb24795a8d16fbe9f884,2014-10-07 15:07:44 -0400
1f6aa7e9192b57d66959ec64b5c683a2579f6100,2014-10-01 15:11:25 -0400
24b7e66e3f3946d8793c7d1b92ae32d45452b348,2014-09-21 18:52:13 -0400
6a71b9df9c4564de9da5cf76e80bb567d659b2ff,2014-09-18 17:09:25 -0700
3812a4e4f5dd8f5faf35ba07da8a6b992a31df9d,2014-09-18 16:35:46 -0700
017895c092a3385103b4e3c754f021821cadd23a,2014-09-18 12:51:24 -0700
2ae6ecb5a85b99f49efe2b20ace128ed57c15a43,2014-09-18 10:58:52 -0700
68ff974dfdfea372ddde885ffb5fda9e0dd38a70,2014-09-18 06:32:37 -0700
5826fa7c196d68e003f7d8281b5cd164759f1693,2014-09-18 05:59:55 -0700
793bbb2a3fe0ee4826b022ba0f8bfcbc8dc31d2f,2014-09-15 16:50:33 -0700
d669a1a7ebbc5c2384058db6979a1a1753de8cf4,2014-09-10 10:24:41 -0400
34fc471aa7e8b5ec4c2640f8936b5017465f31ad,2014-09-09 14:00:45 -0400
d52af0e265d76b7f49e8667c9e10206e5f1d3383,2014-09-09 13:54:47 -0400
947df2529f74513224e6f486046c05b3d703d7fb,2014-09-05 15:08:03 -0400
0455af78320a13d8ea1847273f60f24140ed7ca8,2014-09-04 13:28:03 -0400
c32fce1b76461df071b904b7a222667ef2dcd6fe,2014-09-04 13:28:03 -0400
1a27a5272890c644fa0ccadfe7e572ddccfc770c,2014-09-03 17:17:40 -0400
9692bd0f1181f2453311f1287b2de6f167d91eb3,2014-08-27 08:46:03 -0400
04e50f9aad93eae15a02d7eff4b9440e84bc9e2d,2014-08-21 15:28:57 -0400
80f8f8ad2d09617db863f3b762772ad1f24d3440,2014-08-14 17:05:36 -0400
7f9591a33b6e3347d2f80e4870a3269cfc18b960,2014-08-14 16:58:40 -0400
595288f563d6731f9dbe83fa408e0badf6c0764c,2014-08-14 13:16:04 -0700
c706bab8cc20bd155b80daf7a7b9aef6fd85ff11,2014-08-14 13:14:44 -0700
0300ecb8d540d74e9d4d8ee1bdd035344c6c721c,2014-08-14 15:53:43 -0400
0e72f3caeb6750ec64819dc8a1dfdfe6f296db73,2014-08-14 12:46:17 -0700
e31d61a2df0eecc5023b042144c33ebb79c0b436,2014-08-14 12:40:59 -0700
35558fa72f2e2c36a9b181623bdd52e9ca7a1e06,2014-08-14 12:40:59 -0700
37dfbf62b295abef5bf17406dad0d599470513fe,2014-08-14 15:33:06 -0400
fa095163bf6844249b47c52216eee21023f8899f,2014-08-14 15:29:02 -0400
0730ba0a8fc4f5c7e646407f621e6bda7ed64cff,2014-08-14 15:22:13 -0400
4e41c3e02708b1297e57a6fd3344f1394e7e5165,2014-08-14 11:42:45 -0700
e5f07e982d0ff3b62e3e666928e4c3c0a03e561d,2014-08-14 10:47:09 -0700
aa447cea4a2d0ff067a5fbfce164b61fb4e3f75a,2014-08-14 07:58:24 -0700
2b31354e04e9a7cf74e8525a96ad3dfe1016e375,2014-08-14 07:57:11 -0700
6fa5a71fe840e2e452fdae2a1bfdb0b5e28e77e9,2014-08-13 14:16:51 -0700
d8fbb7c16150ec9ae5e652c9776db1e8e500338c,2014-08-13 14:11:57 -0700
41c04ca786238914eabe883aa83a43ddce4591ee,2014-08-13 13:35:25 -0400
85751c3214c5489bdb5404b78923e9ce0f6abf18,2014-08-13 09:48:50 -0700
a4e7de4e003e0d8bf576b2e9c6052912cedc4db1,2014-08-13 09:38:35 -0700
60760338d70c260bc344c59b7650fc530c84d3ba,2014-08-13 10:17:15 -0400
727b85264d7ab6e6e5331437b19ceb7851f20be3,2014-08-12 13:03:01 -0400
535bae364193c2ac46813a0165780debfd3fc75c,2014-08-11 10:22:14 -0700
d040ff8b4aea8ebe1129428222302bce3bb21fd3,2014-08-11 08:00:33 -0700
f3af995a95e3c5922800293d4de782d31c47d3ee,2014-08-07 16:04:01 -0400
ac4f835fea33392b8619ff832f33e332f345211d,2014-08-07 13:23:05 -0400
39dbf1390567de07e4c7a3462c7f59efa9635445,2014-08-06 16:11:29 -0700
54a0b04c64aee54d6d0d953a5c2a50851aa716c1,2014-08-06 16:56:20 -0400
71f9ed4f28c727ba930a32841ad9a4193ac3748c,2014-08-06 10:41:29 -0700
17cf91b0811fe7493fca6c7748ab6090a0605bf0,2014-08-06 13:34:57 -0400
8c16d931963a42894fa36aa6b8123a259274a775,2014-08-06 08:49:58 -0700
61f3c666c440f453a9a46d173ab39e5c193e3203,2014-08-06 08:34:08 -0700
cae3db020673d073c4ebd0774084d2516ee047ad,2014-08-06 08:21:59 -0700
fcfe6b3f3cea21e436eae5704dfc32d442df481b,2014-08-06 08:02:54 -0700
8bf1e9a4d6d7992ab4aaad8cbb40f52429efda2d,2014-08-05 12:08:52 -0700
289f80cfecbb56d56b8601dcf2b2ce7360490150,2014-08-05 12:02:21 -0700
6d239e922b082ad1479d020bb047a5b835fafe43,2014-08-01 16:39:56 -0400
4c785c6d275a9e1f931499290d47e287a331cddf,2014-08-01 08:52:52 -0400
e61bad5e7d11d55b8686900a23f0877f0913969c,2014-08-01 08:50:54 -0400
0395a698cb3d0cb7acf3e4b652e085696f546fa1,2014-07-31 12:51:43 -0400
9df348eec06cb72a676d46b7e844079a9cd0402a,2014-07-31 12:32:38 -0400
3542184527e071e760129e6a5d7c8f8a9a9de6c4,2014-07-31 10:01:05 -0400
ee0901adc58aa5986ec6a75b876fb80ea72b48ec,2014-07-30 10:46:15 -0400
4f1cb3b9f7af9e725ccf80a47315a9af7525ecf5,2014-07-23 14:32:09 -0400
f13efec20911baa22dfc9cec6666725b638c3f78,2014-07-23 11:34:24 -0400
6967a0cfaecbd9107790ed58ddd47335fb2706ef,2014-07-23 09:08:52 -0400
3631cb41a52bb47170c8b265099cf46df6a78d42,2014-07-23 09:00:06 -0400
610575283ba8a70977fcc97eec7786d195a3df70,2014-07-23 09:00:06 -0400
65e72038879d73ff82127e2364b352b2889d8195,2014-07-23 09:00:06 -0400
891c99dc7b50a475396619b5d04fd1d034ea261f,2014-07-23 08:42:04 -0400
c903b476ff085cd6f6643ef4726d59caa8b34767,2014-07-23 08:30:28 -0400
41c9a43ebaa4a41c75a5049df13cc50459ce21af,2014-07-21 08:15:28 -0400
fc577eccf0f57b1997e65a5a5823f44541275181,2014-07-18 08:03:26 -0700
a4b930701f62975c42651b8cf5fca408689e120c,2014-07-18 08:29:52 -0400
73d660c9326f9797742d7c77c8e4e75346bd1530,2014-07-14 16:25:34 -0400
bd52e87394149aff1a1cca4933754fb933ddd24c,2014-07-11 13:24:07 -0400
408abbca5cbc50bc89dbfeeb431e9cee09f065aa,2014-07-01 09:18:43 -0700
59ce6ddf5a06e8aef284cda95a7276b94311575f,2014-07-01 11:00:15 -0400
f67f0168c4327946d199a0e01600361e1379154e,2014-07-01 10:27:23 -0400
ea92fdebf0a1b53d8b10a07932c4fc3de221c448,2014-06-30 17:54:45 -0400
457e68816effaf87f8e1c661d51f524eaf8fb0fe,2014-06-29 00:38:00 -0700
af3290d8b2dfb2d93233e0d3e7dc93966953844c,2014-06-29 00:28:25 -0700
902d9d44cabf54db5ba76fed192eaa9050a9a003,2014-06-27 14:20:13 -0700
ef556d112ca35b19350b1a0a1e8b662bf3242d8f,2014-06-27 19:52:02 -0400
b91d3260789328c77eab41877aa42eb92c0858b1,2014-06-27 16:25:03 -0400
5500a9b651af525bfad3d7eef138d1a79880fc06,2014-06-27 15:36:46 -0400
ee2d017c7f403475151807f8892ac16772cf0575,2014-06-27 10:24:26 -0400
2672c0a2cc290fbaf6eeccc81cb5f4fe0aa1686d,2014-06-27 09:41:25 -0400
7e5eeb9bb4c5f4d48b3113bc225a4ca1b3092eea,2014-06-25 16:10:59 -0400
5bdf81d135e269a312911cd71caa55f4ef515bdd,2014-06-25 16:10:59 -0400
15fa72b5d0109c24c2103bff7508fab30778798b,2014-06-25 15:57:25 -0400
e34e7ad4f60297e5af2d1ebda081fcbb04bde486,2014-06-25 14:59:53 -0400
651916bd3e67ca6f8ae3b785dfdd3b5d3c01671b,2014-06-17 08:18:41 -0400
3d88e2e596cec237b1d0cff4685221011b66030f,2014-06-16 09:46:49 -0400
979300bbf999e8346f1f1f918b05f0332d5f3f30,2014-06-11 12:21:59 -0400
8bb2232c237276d8e7fec50ba2f33d1e7d59914b,2014-06-11 10:54:37 -0400
dcaaa5bcbb0d68aa0094953bb50d50d377b018d8,2014-06-10 13:29:12 -0400
3bfca832319bf5a6f2adebdb49f8e3642789db69,2014-06-10 09:24:35 -0400
704fded8d19c8ebce9115e3b4513a89ba633e306,2014-06-09 13:53:50 -0400
0e5fdb3207a4cee4b88435cefc9c1b0f9f432c01,2014-06-05 12:23:41 -0400
84f17959c83c65cd79caec2bd2d058e0f7fce984,2014-06-05 07:49:04 -0400
efbe466c9222a1ff4bb820d94afa36b1e54c2446,2014-06-04 16:14:24 -0400
2ce3f3faac3ef9b25b547ddba42dfd8473c2ac90,2014-06-04 16:00:34 -0400
ed842e73625456ba00820fd335f8001162796495,2014-06-04 14:51:56 -0400
982fd7bc740877d45b3006713c5e7531f232687b,2014-06-04 10:36:24 -0400
98970b05c2542be464c9c53dedb9d81812c7d584,2014-06-04 10:36:24 -0400
74f2269cf2e625caeefabfe3ae618136ca71ce04,2014-06-04 10:02:50 -0400
1ae940a4a4dcca43b23d9f5c2e490ae288dfc6d7,2014-06-04 09:56:27 -0400
3fc69f2061e67a4e2b68f4b46706efb9ff2e6fc5,2014-06-03 19:13:25 -0400
a63590667e6cae250cdfdea4bdfeaf1d8aebeb0c,2014-06-03 13:45:55 -0400
c2e31c62522c37e1aa1d90100922f5c8baad9a8a,2014-06-03 13:09:29 -0400
e8a9ab4d96d1b0a1972977f83d38ae98f6d81e3c,2014-06-03 12:48:19 -0400
64392c7fec04df0416961ba49331771eef2e126d,2014-06-03 12:42:23 -0400
413b12c8d63b5183b392bba02a66609a43b7a493,2014-06-03 12:34:24 -0400
8b5aacb6882255e5184083eed0c0ffc971026726,2014-06-03 12:22:55 -0400
92d44e7228a255ac4c198d8e31d8fa79e1fd940a,2014-06-03 10:43:52 -0400
f8b4a5526db5cc5e5de7ba41c1367b5da991af9d,2014-06-03 09:59:50 -0400
94b2cc54412c2ebbfbaf3d4916f5591ce2f4b17c,2014-06-03 09:52:31 -0400
eac7fab746b6b2d4952003e312247f7cc924d2bd,2014-06-02 19:15:49 -0400
f2ef366ac581148a3ca30f7ef2ef273ae2bb9a4a,2014-06-02 17:11:38 -0400
8bcd447c50200f087ba4e44c58062320757916a9,2014-06-02 17:11:38 -0400
782660af4d5daec8438efc58b6e38f9f425d809e,2014-06-02 16:59:20 -0400
cd2e8288c5ab509248ba3c04c7f6f2d25b9c858d,2014-06-02 10:53:42 -0400
1711a80dc61555f206b89ab66d5d0cae2054b196,2014-05-30 13:30:02 -0400
f035cbd992b95cfac261acecd698133222da02a3,2014-05-29 17:43:22 -0400
d81aea1be929271aa1e676fdacac9e4a98fcb27c,2014-05-29 17:42:17 -0400
22091b23f580297c6ded1dbec6a878d1f90007ef,2014-05-28 08:36:37 -0700
9320eee85bf936cc928111db7af8624a2f766535,2014-05-27 13:43:54 -0700
c3ef9d77bbec7cad8131fc6c14260f014e919481,2014-05-23 15:00:00 -0400
88f3d96f8ee120259b82e2ac8d9ff8bbcf4c3c68,2014-05-23 15:00:00 -0400
9ee6640ab0234c04a7f96d96a2614f8f347a143f,2014-05-23 12:54:16 -0400
37ca2aef39f5ba8779908797d8807b6ef8dcabcf,2014-05-22 11:47:10 -0400
ba68836fd9bb51d53c4e465673e22cdf0ca8219a,2014-05-20 10:21:39 -0400
e9a6b7408461cfee641aa9522034bfd7a76b77bb,2014-05-20 06:18:03 -0400
b2870891cc3448e78f720a7ab13584be5b32ee45,2014-05-19 15:58:12 -0500
df76f2afa7904ef76518f629dd09c4aa68c2e588,2014-05-19 13:45:41 -0400
c419c9ca3f64c6a21e0168e227260dcf3370051e,2014-05-19 11:51:27 -0400
efb8e8af4566500dbeb36e9b9eb1c374022d2456,2014-05-16 15:29:21 -0400
26c8e4e6a08eecd726a3cb024cf625804a3cecfe,2014-05-16 14:57:20 -0400
325d080f85fca9ade63df000f4142861b77a82c1,2014-05-16 14:55:34 -0400
8392ed254991c56ae5a19b6d6140af875fe4e200,2014-05-16 12:13:04 -0400
40a5417e769910bbbd1d03d525e67cbb6624ff62,2014-05-16 10:54:34 -0500
a28a86c0f448d81bfea88e61bbdf0b46cf646fdc,2014-05-16 09:33:07 -0500
75b3f137ad6f6fc28f7ca45e70447d4aee035148,2014-05-16 09:32:32 -0500
a54e50fdfd5609c863414e440b93d97495975bf5,2014-05-16 09:30:12 -0500
505c0c1be1b1d224fc4aafd061c2202702dddef8,2014-05-16 09:03:43 -0500
16e3291ec21ba28120d42514175bcad6c51dabf0,2014-05-15 15:25:48 -0400
3570eff217c5709c74f83e4ff8ee716e11589b9b,2014-05-15 11:30:42 -0500
22d14cba822ef5f9254eea052f8f41b7953bbf44,2014-05-15 11:51:07 -0400
4956144167d14dbee9a5f898ac417bb066cd25ee,2014-05-14 09:40:07 -0400
06b1aaa60580a5e4f3cb4e841b3a77ed3af91af8,2014-05-13 12:42:38 -0500
ec0c3fa4e13057b3cc5e2cbd15fff70e7103f09c,2014-05-13 13:19:04 -0400
c7bc86e9adeb9b00cd20c3c6ec625b00d876b3d8,2014-05-13 11:16:05 -0400
c8a8b15ae999cf2cdabfb3232a0ec145d8e6a2fa,2014-05-12 08:31:18 -0400
df5ef2018f821233f50887eafefbafca955ef39e,2014-05-06 17:00:40 -0700
3caae5b2c775a54f7acf8182197e5ef1064727ca,2014-05-05 16:00:24 -0400
d2b9774566e5051d52aa97088fc56404c0c63a7b,2014-05-05 15:27:29 -0400
45d6be8466924d6e97ef6fb47f584681e9d57b7d,2014-05-02 10:29:41 -0400
99b879009caa4a2ada1d3b30eb471805f03908e6,2014-04-30 17:11:22 -0400
5488ec1143eb06f14a41e0fd9fffe492f46ccdce,2014-04-30 14:48:08 -0400
481e34fca2ea1b33ef7d8f4c81af34631c0e5b85,2014-04-29 15:28:56 -0400
5133cb647352b8d4d6ed7f9b183ef60ccf789f42,2014-04-28 12:14:22 -0400
5cd20f781732ef9ebe1a796f5788701e0fe7bd96,2014-04-28 11:47:29 -0400
4430749d936cbd74093d138a65b6b557ee877822,2014-04-15 12:37:17 -0400
bb981f5c8525342e84ee74d148fcde5ac48ae966,2014-04-15 12:21:55 -0400
ef20ddd04525176af9b07ce35a550aa2cbbec90f,2014-04-10 19:23:14 -0400
e91251dc852b02717ec97ec71b4559f7ae5356e0,2014-04-10 17:46:19 -0400
7bbda60c037572fcee968f44fc7f86459b98f1b2,2014-04-10 17:14:50 -0400
4ff09efc2b8dc158751dd877063c835558ff1215,2014-04-10 17:14:50 -0400
b57183127a11148ace4c161c974a633c455446da,2014-04-10 16:51:05 -0400
dad088afc6351d0566c01a99f588f3a336efe81f,2014-04-10 14:11:55 -0400
1e5e57a8dbfda8c09f0802569ce485a0a5974b24,2014-04-08 17:32:26 -0400
bc2d71503e874768c42d2fc432bbf99513ddd993,2014-04-01 08:34:08 -0400
f4f36d9efa02d098180a1a6ad504c271cf9c81e9,2014-03-30 14:06:19 -0400
fd97c25ff35516c029ddca0393724ecdcf0f8b28,2014-03-28 11:15:22 -0400
95c63e6e61bf6be77a6d0a0b5a92f0aef42244d0,2014-03-28 10:24:27 -0400
620c416c48a3d46f8f0ff37166e315fcecf37bce,2014-03-26 10:31:37 -0400
1a7cc7a8fe1ecb582dad4f7490426d485689c714,2014-03-17 14:13:32 -0400
35b1f4671c14ec5c09e1b4a876edc7dcac1cd0bc,2014-03-14 14:43:23 -0400
06d85ea04e3ff6303b42c8d45f92d5329aff226d,2014-03-05 14:32:47 -0500
22975e0e81eada9bca8d92ea9ed922597dfce9e0,2014-03-03 15:18:35 -0500
3ae174051cbf3bcd5b2a2dfe9413dab10e9b71e7,2014-01-22 10:14:58 -0500
125a3b610f4b511c124d4106a46250994a70ac97,2014-01-06 17:14:00 -0500
17134179d8dc332eabff5fe192c2e1093f6711c5,2013-12-31 10:28:24 -0500
7fccae8f1baa74a101547dcd063b3c1d048d9046,2013-10-15 14:39:40 -0400
f104dd51a30d7256aac04da40f49b945eafaea65,2013-10-15 10:40:25 -0700
ac5ab755f868dba2fc6cced9519e9cf7344096a5,2013-10-15 09:44:55 -0700
7547ab068f8a7dddf66f91b1d2bdfafa663c0417,2013-10-14 13:30:08 -0700
c3ac06b6f74436b55d6ddda848bc7e63dbf9e483,2013-10-14 15:10:19 -0400
6adf0d690bca39bdd31e7da63bc020a74b96ab67,2013-10-14 09:51:56 -0700
47fbd4c9f8b08265fe5dddf88cebe27d118f0c3c,2013-10-14 08:39:54 -0700
c5e6a19005ea8ee0a79112d07b442d6c28348f60,2013-10-14 10:27:22 -0400
b96a59b23b7db48604793a7222dde26af97d975d,2013-10-14 06:02:32 -0700
8d0be0a2711cc15706b76d0bad2e5ed5753b2d8a,2013-10-10 09:23:46 -0700
dd50d03a9ce6185912bbe701eb829c0e6f388ebd,2013-10-08 11:04:40 -0700
6391568f26afe093a68f3e9707ad48af53e49cb2,2013-10-08 09:52:14 -0400
fc9301bb8a05fcff7a5bcad6af53cc49f4cd4363,2013-10-08 09:49:38 -0400
f7efd218f9299574a9e983c7bfa6ca8931b6626b,2013-10-08 09:36:26 -0400
99c92efd16596c56eafc351bd5af5cd7c06b52bf,2013-10-08 08:42:57 -0400
0c87375ccf933e815186183e8a533f21435eb06a,2013-10-06 06:46:50 -0700
93e6a960aaa9618639ea479d24b897f5a6ab7bc0,2013-10-04 10:37:17 -0700
ba0dabc4ed0e286af800ed529c2e089b64c52135,2013-10-04 12:58:55 -0400
eaf431562d3efbe0c30701fa5872777cf9a0c99d,2013-10-04 12:50:42 -0400
b634f0e9e3221293fb0cf0415b30eac585565ebe,2013-10-04 09:37:42 -0700
e1161235c6072b97bcf70fa83bae418ce24fe433,2013-10-04 09:30:28 -0400
340d908e8fff8415bb4bfa9464ddeb05e8cf2c4b,2013-10-03 12:21:34 -0700
34ccd33c43df3e3c83e13b1ceed9eaf66a6fd430,2013-10-03 14:05:48 -0400
ff9b8534c72c15a072d80ef0f3593e22372cb1bd,2013-10-03 13:28:36 -0400
a2bc9aead7ef290aff09a221f414f3435bda5ab7,2013-10-02 15:13:44 -0400
89f05537d26c2d9ebc68fa8f30f9df1d66850671,2013-10-02 15:11:31 -0400
d88772c8c0d3ded0bd3dce03723d6ed6960a2e67,2013-10-01 11:04:55 -0700
91ec64ca8169c28aa7c0cfee79590cff4a635caf,2013-09-30 10:10:37 -0400
01fa00f9bf2feeffcc4f2b067de6231794cefc30,2013-09-27 08:40:09 -0400
534d163a9ce6a82fdf1dba27ab9cb41484bd996a,2013-09-25 12:23:20 -0400
37295a36f4a262d86f577f18b9da34400747e4b5,2013-09-23 21:19:18 -0400
d2571213dcfba34cabee0896239e794366993633,2013-09-22 14:31:01 -0400
d75b32eb1610b561bc2c47738317de76d0c0f5a8,2013-09-20 14:27:06 -0400
bdb6775a063c7c01f2f3db6f34319e2288402eb4,2013-09-20 09:04:54 -0400
a54e4f238ef390859d722faaa74284d59274671c,2013-09-18 17:14:46 -0400
6530a3aceb78251fa0547b29c628da42bcc2ca6f,2013-09-18 14:50:38 -0400
1394e931f6645a92113083ce7a097d33f628f1c0,2013-09-18 11:29:24 -0700
9065070857e5f19c933768402f314a4461585784,2013-09-18 10:53:20 -0700
fbfbcda6570e7a41fa6e54cce596891b50ffcf34,2013-09-18 10:10:46 -0700
e6c3bb4eb51620f8ce306e7e67fb7cf5b6b82ab7,2013-09-18 12:52:29 -0400
8dea87418601ef46e742a413a4783e368d56132b,2013-09-18 12:21:33 -0400
b5a29033732ea38929b56fac91979dc935e5fdbc,2013-09-18 05:28:19 -0700
4d718660bfe3a89cca17a448e6cfe01dfba373dd,2013-09-17 16:46:38 -0400
2241fff335e69131cf553bec7be2574a7771ed3d,2013-09-17 11:31:31 -0700
64e0361b6deaac41bc1fda5dee827c94dfb25ee1,2013-09-17 11:11:37 -0700
c3c61ad25e7d856a9461352d475f80b4ff2ba2fa,2013-09-16 07:21:17 -0400
d7e2d74e2dcc8231420edef66c8bcc82edfcb0a2,2013-09-13 17:40:45 -0400
bdf05fac266f8f3113de47a3e62329e2bc4c4eec,2013-09-13 17:28:36 -0400
f6887896b596193d6472871e695869b2c178e886,2013-09-12 12:59:40 -0400
cfcabdbafc43ee1b5c768008243f4adfe3913f22,2013-09-12 09:58:11 -0400
2265862404c31ee8549f918ff1afa62418485d1a,2013-09-11 13:12:41 -0700
d454a839a0f9d25c361e6d63bbe6f88596f8905d,2013-09-11 08:21:15 -0400
ea8b1d8e00eb0bb9ea342542ee904cad26a9ee6f,2013-09-10 09:16:43 -0400
e65c4ebd721e1733e1c6d3e9af8bf38561326c8b,2013-09-10 08:12:02 -0400
8034f117e60a1a34a39651d524e7dbc690e57ba7,2013-09-09 15:08:13 -0400
055ec443fed18bcd054afcf838668a2b7d450e3d,2013-09-09 11:14:29 -0700
5b2cc2c054db9feb670de4bb56e8c82d4bc30d42,2013-09-09 10:41:41 -0700
58ea3dd05087e1d5ececba9dbd6ab7523933077e,2013-09-09 10:14:36 -0700
b9b3847ce657653874bf6f6f01c5d5bab0379aa4,2013-09-09 10:00:19 -0700
3e224a68b74d97d4c9820e2e780e9ae4408551a6,2013-09-09 10:54:25 -0400
29c8527c5be9d3e60fdb73a133248fb69d78b680,2013-09-09 10:18:09 -0400
ee6b85e3a6317b50499cf96e7cd8100042e14b47,2013-09-06 13:42:06 -0400
2a12c3723f6cc787b68092592dea54867ddce82e,2013-09-06 13:36:36 -0400
3f33d3ee1faba6062f898d58233322280748cf8d,2013-09-06 11:34:00 -0400
71f02c061609982005e3edf3ba5b34911d35ea14,2013-09-06 11:25:15 -0400
6c9fb6cad217042e8054c8875747d972cbb255ba,2013-09-06 10:40:29 -0400
7578a620bf0c2e3bf8aefb4963f3071542a12de5,2013-09-05 15:15:39 -0400
00cc6304159df0958c92969b82f32d6420e305ad,2013-09-05 12:11:37 -0700
762d8452ceb543e1e83368d1efd672f24a71bb1f,2013-09-05 12:09:42 -0700
16bddb769efff88384f94681d3a18610acf746a5,2013-09-05 05:35:15 -0700
35d2f2406fc88de9a2f4ccd176fa3dbbb3e75159,2013-09-05 05:34:38 -0700
7ea00de0526900a0c6f706f3bfe01d2a3eee942f,2013-09-04 16:05:25 -0400
b87012bf49452997f78b4edf8e2125632842e4e9,2013-09-04 15:56:54 -0400
af251343ea7bb9b3532a7d732bf837bcd7856456,2013-09-04 14:35:21 -0400
101c84b1e9ebe1bc9b1a0405e11590820059905e,2013-09-04 09:50:12 -0400
5e3ff2955682c240299d52510cddf6d2a04bac1f,2013-09-04 09:35:24 -0400
7dc680d548f1381f699bdbb33341c6ee89e37163,2013-09-04 09:26:39 -0400
207678190257321439f0f60a860dc7232930c940,2013-09-04 08:24:32 -0400
f4aee801fb69b01ce6911874a87754b0cdfa3e1f,2013-09-04 05:23:29 -0700
aaa093290df0448e9b978cfde8f413273d659fa0,2013-09-04 05:22:06 -0700
51b1ba5a659a1677980abffc5fe31c0fb940ec38,2013-09-04 05:12:51 -0700
928c130dd5a3ffc8e926f76883f0df7eb3856118,2013-09-04 04:44:30 -0700
d926968a9d901b3083574c8c21eeefe6ef52034d,2013-09-04 07:37:58 -0400
0e1737060b4ea70c18169ef494db7430537a6a42,2013-09-03 15:56:27 -0400
f3a2a85a4117dbbcfd11534b91723da4e99eef11,2013-09-03 15:43:18 -0400
736196d051082c7bd02b4d7945563dd253666131,2013-09-02 13:48:38 -0400
f0f2a196d2d103d0cd99fab0457bab97c81ab635,2013-09-02 13:45:26 -0400
8e350fcfa85e71834e157b2b6914e7f5125cbec9,2013-09-02 12:10:07 -0400
20ecc99ebdac3fe44fe2723a15e4919d376bdf7d,2013-09-02 12:00:43 -0400
4ebf41c5830f6d1e472eb743de2d76ef03eb2135,2013-08-30 15:57:03 -0400
833951dc596bef92d07360e25e4501f1bd613dba,2013-08-30 15:43:09 -0400
c09e7d1aee0a6efebb4bcfc8cb4433581b5c36f0,2013-08-30 15:02:25 -0400
d8d8b6162b1d6ea033eae8fd1d09b3e3421ca721,2013-08-30 13:48:10 -0400
5f12556f07cd6d9484837bd2257b91c3462b723d,2013-08-30 13:39:23 -0400
cf94963841ee1a9fd5848ce7710611f647d538c8,2013-08-30 10:06:55 -0400
dfdd89236002e9a42112b4dfdaf09af5551c8500,2013-08-30 10:05:38 -0400
f57aaf2ebdc43ce67e9f5fde6347c51aeeda1f22,2013-08-30 10:05:14 -0400
e10984c5f5bec3cc32913bb905a6d05fb1c58f6a,2013-08-30 10:04:38 -0400
8b171f5518be06aeb5704bf28d66eb8dc7eb2472,2013-08-29 21:11:48 -0400
63ec4fcc93bbf61cf8b5e6be3cf3d978d3f1f616,2013-08-29 15:28:15 -0400
41e685a02c27e0367a255d037091ee6d28c0f7db,2013-08-29 14:03:56 -0400
eb4289a489d130016439709a551f842bd0cd2033,2013-08-27 16:23:18 -0400
595dc7fae6afc6093ca2aa272e6a794af7faf272,2013-08-26 14:54:05 -0400
206839b6ffb1273f4491a7641a6e45ddb4c91085,2013-08-26 14:37:17 -0400
dfbd70f2be23d8d64a281dae3af0e28201a03bd1,2013-08-26 14:25:21 -0400
e80e7ba9d489c94f092a246f84a0c9eba834a480,2013-08-23 13:49:18 -0700
fbcbd001170d1b750b99d9e720289d0c5410d469,2013-08-23 16:22:41 -0400
3c151ee07c54fbcf06ede96a3914279746ff56cb,2013-08-23 13:19:23 -0700
05491baf9a8d772a4339d12322b4611b7adff569,2013-08-23 13:04:36 -0700
55d025ce9359f6a0b684e2d34540eaea3d57a437,2013-08-23 15:56:28 -0400
c516774c5e5029db86988fd41cdcae2b2ab63df0,2013-08-23 12:17:18 -0700
a71d47d2b9ea938d7baac0a100e2e95979e389c4,2013-08-23 14:26:55 -0400
3bd58395c86496d09423d29838fe8d384f9e9d01,2013-08-23 08:34:12 -0700
fdec9f8c85151c78a0208355b740db726615723c,2013-08-23 07:53:27 -0700
6faac3cae2fc5d1fa541e2e479379fd5e17937ec,2013-08-22 09:18:21 -0700
07014307b8826c4030d424482b7ebeac46ad9cd2,2013-08-22 05:15:40 -0700
522143eb1c68e89017697d427675b8d3c1923ce1,2013-08-22 04:15:57 -0700
1329bd87ee9ec88ee8c0eeb3862b12e5e4ff46ac,2013-08-21 10:03:37 -0700
588644b2c30545f46d6c6a7a8dd034987c502cf5,2013-08-21 11:11:25 -0400
4e6b6be11510002a38571088de746b54bf4f778f,2013-08-20 15:22:28 -0400
d2e6b7c2e566739cc0ed3a5de18ad7643daa346d,2013-08-20 12:19:39 -0700
5a54d976ab2cdb67fdc90a6f5b2847e301e1aa82,2013-08-20 11:31:08 -0700
f506901b9dc600dd9bf4c393fe5d732ca5d9dd20,2013-08-20 10:52:46 -0700
e206760a8df42aedf31da2664c1a366467b94f02,2013-08-20 09:29:45 -0400
a78707b6c1d7f15713e2eb8ad99a41b8f58a7618,2013-08-19 14:07:50 -0700
167d291b2ce00b948375330e077eccc2216d7eba,2013-08-19 13:01:28 -0700
18a05993d19d17114e36e13516dba20c31d613da,2013-08-19 13:01:26 -0700
cca91c1e97b0979289d831e2c3aa73367c8c2f66,2013-08-19 13:39:59 -0400
3a955a083cf45ebe5bce599f31b238dae3a3e761,2013-08-19 10:32:13 -0400
8aeb9a77110374380c5644a1d928eae701725512,2013-08-19 07:19:22 -0700
7c24de7c96a29e239fda1b42c7850e8872ea877c,2013-08-19 08:30:58 -0400
07e0fb07f290d94663893acd62df4743cabc2b41,2013-08-16 14:32:50 -0700
0c09eb5efb19c8e0439513a331d378a8e56c8206,2013-08-16 11:25:22 -0700
850a5d0fb5ec77a273af737362074c64c9b63f9a,2013-08-16 14:13:43 -0400
fc32e3f70b5db2471b80db758ebbb33d830c0f16,2013-08-16 08:19:47 -0700
e0eef5864b8c3941437dfa1eed541ba9f8d852bb,2013-08-16 07:18:54 -0700
0d25118ab98d0a1bb3fad49d92565d3fd7bea469,2013-08-16 07:04:36 -0700
fa09ef7503df6bd5332b688663e016716fcc9afa,2013-08-16 07:37:59 -0400
885a68eae8052246007d958069c9624c4cc1cc57,2013-08-15 13:10:59 -0700
b91a8250f093f7f89decf6d183feeabce97f5c6d,2013-08-15 15:52:43 -0400
f150f8685910b04e5542b621b40a6eb6caa159c3,2013-08-15 15:52:43 -0400
f0e21df75e9adc62c8da98f23efcd28dd5b237da,2013-08-15 10:31:52 -0700
f86ba51d9dcf0cc3df313dc60ea6f19392519b0c,2013-08-15 08:46:47 -0700
f0a5f73fbc63f5ff1ae3cc2b14bd740c6b555ca4,2013-08-15 07:33:28 -0700
6d327ac3c9d2af40fd783096aba276e2a0141ae6,2013-08-14 14:02:20 -0700
2f7adf26d2f0baa62352dfb6625e579f6a957622,2013-08-14 16:54:26 -0400
7593429a8fd7ce028efbf6e191f401a186a89414,2013-08-14 15:11:55 -0400
2c71a939507189c47e6efeb1d3111ebfc25a8bba,2013-08-14 14:58:46 -0400
009c0f299bc85bb3b09ace69b13369df010f27cc,2013-08-14 11:47:33 -0700
db9224be7cc4af1a5257a3234a9846b430a9a8ae,2013-08-14 13:23:50 -0400
e27fb80fb0c05b2e5bf1837e5202e4b73036a827,2013-08-14 12:19:45 -0400
74c1192947dbaa6473a47677429640ee8ca89de7,2013-08-14 09:23:57 -0400
565a82d2ce229c3c15a1a78e26ad9c93c5ef791a,2013-08-14 09:18:01 -0400
20ff589084ae6cb5cec2553112ffde2aeedc77c4,2013-08-13 08:05:56 -0700
0918ced5d1eb5c3dc8b656944ae33b9631134690,2013-08-13 10:44:09 -0400
d59cf555817ee96486b4ccc67a614dadb3319f86,2013-08-11 20:43:47 -0400
d87e7f6eadfe40b3827f51fe2814610ff6577507,2013-08-11 15:52:47 -0400
fc6b398515eb0243ee599d9a46b632f63e4aca4f,2013-08-09 12:25:09 -0700
42610093c617e1240cd4e3bd09ae4af4389cc29c,2013-08-09 10:06:57 -0700
1924a60ead471c1492e5809268b9553e0e475937,2013-08-08 13:33:09 -0700
cda7e4e7cbfbef896f8e5ddcaf05f0b11bf6c387,2013-08-08 15:12:30 -0400
2251ec4a80b932b2abbd405d878f430bdaa33294,2013-08-08 07:34:29 -0700
b99903378deeb38563f4c04041f848c0df1b528d,2013-08-07 17:50:07 -0400
0fcb16caee0d6898b0267952abde39ae1369b7e3,2013-08-05 10:04:58 -0700
9feb2e97d05acf2c28b0a3ecdf7ed2f59713f3f0,2013-08-02 11:36:15 -0400
c68759bf6d02a64865a24bfcd152f5dbdd389915,2013-08-02 06:01:38 -0700
91f68d2afc41c365b63be6dbd48e54fd0146000d,2013-08-01 15:32:17 -0400
fa987da95605f9a10fbf2493c7d9ca072e2d4252,2013-08-01 14:22:10 -0400
c47f06cc79838db8fbfbe8ad579019e6f6ae3bf8,2013-08-01 11:10:45 -0700
5d1ad9195728461246034763a339076844ad2a74,2013-08-01 10:18:35 -0700
f39f484dad972bba884a20ed35ad294671324e5e,2013-08-01 11:41:53 -0400
1cc509134fbdd07ac0abc0e54c3fdbc3eea60edb,2013-08-01 08:53:45 -0400
8f59b0a782363fa80c03a508c562a0ec3b2c63c5,2013-08-01 08:30:10 -0400
c6ee75794c9a0790bec398ac91e1ec7726ce04b9,2013-07-31 10:29:00 -0400
54b80b4e66798a99dafacc17c00a638e59338dd2,2013-07-30 13:51:48 -0400
23a601ca59497040dbbb3fd609e4ed74be8546ca,2013-07-30 13:44:53 -0400
b99be25dde12e96fb9b2affe40c8db25b0fa36aa,2013-07-30 13:26:49 -0400
d280cf270936307e0e8b517a84512e8d2c682c77,2013-07-30 13:23:21 -0400
6d994cdc8e61698cfc87e91c3cd9c8b7f31995dc,2013-07-30 09:46:20 -0700
a0073af0334d100c466e46adc0eed3de790365ca,2013-07-29 11:30:11 -0700
aa036336e1496404b151c200a8c6eda155b206ab,2013-07-28 06:26:25 -0700
c59330c8ae8be89d72fda61a8004c10f1df1bcb5,2013-07-26 14:30:51 -0400
6e83d3ddae3ec8d7642e8aaa8a2c7f919ede5c64,2013-07-26 09:59:03 -0400
1d3b19484099999e11613e32e9a180961234c8f1,2013-07-26 09:50:41 -0400
441228b76e3c1e0d2c0dd0dc00a13218b8cdcb66,2013-07-25 14:26:38 -0400
0e3d57f25fc98d174aa02675b2dba706dec16a63,2013-07-25 08:28:34 -0700
ec207bc86dae955e31852559dc72b51395061692,2013-07-25 10:18:33 -0400
bccaec0d60bec72c92d21a1322ffab9273f5ae14,2013-07-25 07:04:36 -0700
a3a0bf8b9436bd07e4d218f33a31776b1c64bed7,2013-07-25 04:39:37 -0700
f2d6ccc035686585a697a278734663fa21476bcd,2013-07-23 14:22:39 -0400
c14b9ffab6e5f0ab562eb824b41f2509627f6b37,2013-07-23 10:43:12 -0700
be00ff17e6d031e94c1f84d052efb754c4329f28,2013-07-22 11:47:25 -0700
53a88521a3a6868bddec312443365469f4b106a6,2013-07-19 17:23:18 -0400
cf8ec2f00c2a1cbed7a30c88a26a1f652ed4fb16,2013-07-19 07:17:50 -0700
7d69f593049a17e9d8b170a8c11b81660e21a9ad,2013-07-18 17:33:42 -0400
b03586310c8e3708a9f4b27f8739a013a0b4a0f9,2013-07-18 12:34:43 -0700
fe801abcc814c4413696b23e3d85721157088a1d,2013-07-18 09:23:41 -0700
7daed396d2162c67cf78ebb88c88b257ce929497,2013-07-18 10:13:12 -0400
b9f710d4d2b18b4591486013e3b6eea7d9378482,2013-07-17 10:54:48 -0400
ad7061f9a711423006928a2903815b8b8882eb55,2013-07-16 16:42:42 -0400
a776f3ae133943db3beef2d807fad4cd76d684bd,2013-07-15 12:50:41 -0700
18ab1b6e277486c78a7ce9f53ebaa2a6a279ed9b,2013-07-15 13:00:42 -0400
942f17137bb54b588ae165bff01c26ae3a82bbbd,2013-07-12 15:00:08 -0400
c2ce6bbdb80ec07523ece6f66eda577fee36315e,2013-07-12 10:38:10 -0700
430f2e8c41a78f5f022ccae11b66544859ecad95,2013-07-12 08:23:28 -0700
f4e4d54b80707d4832f79c52daad5f7ca7e76d83,2013-07-11 20:23:33 -0400
b61bfe2b00f740a50e7fb1722b30b3e5c78bc117,2013-07-11 19:36:51 -0400
8bf41fee4576f5c0ee817c0c168cb129e3dbeb7b,2013-07-11 12:58:59 -0700
24420be00ccc036532fadce71bb98088505cbb3c,2013-07-11 12:58:41 -0700
ee2f2b91ad6faa9b8baacc5e6d6c4af456627d1c,2013-07-11 12:27:11 -0400
5732feab054f57122eb65c9bc35c867cd186bd92,2013-07-11 08:34:01 -0700
eae38d7d157161c2a568c3d037e050ba977ad209,2013-07-11 08:32:43 -0700
312e34b758072f39013d748bb9258b9f5edf4f82,2013-07-10 15:06:29 -0400
e79474fcb6a5f110573fa4cf7f42adae69a79ff6,2013-07-09 14:21:40 -0400
c90475e8950c0d36a0e5b4ad94c4bfda9bf86010,2013-07-09 12:11:36 -0400
13567b784d210f35a5beb1232b844a5353119e92,2013-07-09 11:45:05 -0400
ac2d07013e0030d435c0c75d9cec7dbed3e1eddb,2013-07-09 08:02:58 -0700
766f88fbe523848803d4ce3f57cf360bdd69f1cb,2013-07-08 16:39:33 -0400
6b1cf2efe913e285b0eb1c2f06573ef81216ca27,2013-07-08 13:28:54 -0700
304fb4a4f403836f5d045582444ced5d632afccb,2013-07-08 16:11:24 -0400
eac79118225b465bee4168c1c8404a1e4dad767e,2013-07-05 12:27:56 -0700
eada3b4730ea17af44b2abe66998c6ed9722a272,2013-07-05 09:36:56 -0700
72c282b8b8f6c82aee07697b8b5bcf0984a612af,2013-07-05 09:36:51 -0700
db907a949352e8aaa521bd03ca8a34e6c9f78699,2013-07-03 07:57:57 -0700
269c3ccff815029d2de921b1d391fc673acf3805,2013-07-03 07:26:28 -0700
9de8bff3b8c23eb2062c42b011b76a0be6f398a4,2013-07-02 19:00:22 -0400
f2fe76be9e11dd7b2dfda866c02a27e3b36856f0,2013-07-02 10:56:26 -0700
11ab0b95ac752dca6f238822901a7bee36f5313e,2013-07-02 08:55:44 -0700
e25e68565dd8a568e9fc3d15f3f640a9c608f692,2013-07-02 07:08:30 -0700
81c7e04f5242190b73abf8a9dad442339fd15ad7,2013-07-02 05:52:36 -0700
0a78b7860eea05107674d08dd8fff745e202619f,2013-06-28 20:13:05 -0400
8cf6201b4c9409cd0bd6ad0f2f14074fbc3bc348,2013-06-28 11:55:51 -0700
ded8daa23cc3a4831c9cc5b01b3c85b0bc21298c,2013-06-27 16:11:35 -0400
df45e8140f5c284ef9d01c7a947548b6d702b9a9,2013-06-27 16:09:54 -0400
0c2a1eb6868900f0e23ff5d6f1f3fd1957c4bba6,2013-06-26 09:57:44 -0700
3f6ac935f91590c877ca503f826cb9d52b8ea955,2013-06-25 13:53:40 -0400
444c7257f35446dc699fb3b3e946583aaf5c2bd9,2013-06-25 13:53:40 -0400
9b114176c8304e521088ee1436fecb6b6181a7b7,2013-06-25 10:03:27 -0700
b88f8efe45b6e5080574109e5de63b6b271bbba0,2013-06-25 07:59:43 -0700
e18a1719c44913a93e18ec64943c1d73ba266b47,2013-06-25 07:10:28 -0700
64e3cce20ccf7e29c5107aad6170fc40c67452e9,2013-06-25 06:44:20 -0700
a1f7153a131c8d79861683c44cc250423f082f8f,2013-06-25 04:52:44 -0700
eab09cbd637794de2f736c2ae8ea7e83fcd062a7,2013-06-24 07:56:24 -0700
54b98654efe1c4fb6e367ddee0e416a45ac010e8,2013-06-24 07:11:35 -0700
87216f4492b2f85d6650bd69e2baea16df793335,2013-06-24 09:46:38 -0400
ceebf59fefe229798ff34a437f7de18e5f1226a0,2013-06-21 18:45:56 -0400
e67ef464720ecc532c72707626c395ca7cbddbfd,2013-06-21 18:28:13 -0400
b3a76e094817302d79c3cbe591a3810a63b91c5c,2013-06-21 17:34:13 -0400
a2589d25897797ca9595d02f490a0a3961a892c6,2013-06-21 17:21:04 -0400
52c0d3846f0034ea95d9b6513826f4128652c72e,2013-06-21 17:16:21 -0400
8e2342fda6c8566896f308ba65b1689991f6e2b7,2013-06-21 17:16:19 -0400
bffae22c2efe8aae3e00afdbacff8364b1bf0bf5,2013-06-21 15:55:52 -0400
ce95d16f7e0054dfc1bb356c47bc1e70a81b3ee4,2013-06-21 07:13:29 -0700
0ad65b371ff5b0de05c93cf84326c0d5c1f8cdc9,2013-06-21 04:58:11 -0700
18fc04b086a812cf82f757e77d9e96d6b7f86576,2013-06-20 12:44:46 -0400
cc0dbfeb8d4d77ac284669778ffc2ddb0809706c,2013-06-19 13:55:05 -0700
11d716b3a8c829cc0b21e5eabd3bcda8482ebfbb,2013-06-19 15:57:36 -0400
24dd408a5d7a5b9147e65e0c74f93b642fbfa564,2013-06-19 09:23:30 -0700
bc2bf17e567431f9bc69bc3de654610af36ffef8,2013-06-19 10:40:53 -0400
6b8f0d5fcffb97a2404c38ebb83bce83c14c94fb,2013-06-19 10:05:16 -0400
9457e4f63a2256fe4cc492cb1dae9dde18fbd446,2013-06-19 06:17:07 -0700
5fcf48c27bbc663b9127b0d74b7592b5aa39b596,2013-06-18 09:41:57 -0400
20996795b0d7305c8207443ce33f754ac0ba7f09,2013-06-17 15:20:43 -0400
b9814ff80e066514bcc1e4c8e0d451d54b5ea7e4,2013-06-17 15:19:28 -0400
f062a6d5a87c1b3fe62e704e79b8a64a86bce336,2013-06-17 11:22:58 -0700
e762f7f85fee54b1fb2ef3bed04b6fd2be8a6af9,2013-06-17 11:20:43 -0700
3553890577343a1d6e582701055a88a58906e8a1,2013-06-14 13:58:14 -0400
7af3204aa47589bbed27a893f590de314c2d41bb,2013-06-14 08:59:15 -0700
83b148e33f15b2d19efc943116bbf021a709895e,2013-06-14 08:57:13 -0700
be43f19fdcca696bc96a4e4210398a7c14e8bb33,2013-06-14 09:54:01 -0400
ef747ea548bf126d24a8267d184d67ab5845771f,2013-06-14 09:54:00 -0400
24efd4b1cdaa76f1c3e190c21519284a32daf641,2013-06-14 09:53:59 -0400
589dcb759be68423f77415ed7ae5fb2f45ba001c,2013-06-13 05:02:25 -0400
3fb0b7b75ad0c47765945dd6cf8e1d89e22eaa0e,2013-06-13 14:39:45 -0400
7fc4fd19080d0dbfd61abc4112c41273a3d40495,2013-06-13 14:31:38 -0400
b27a709cb52b8818c8ae45922fb4870f0f905665,2013-06-13 10:37:13 -0700
8f8a5219dc8a48a31b5b3d6bc738249c4dfe50f4,2013-06-13 10:08:14 -0700
e461ba87dcc6e99e299c84fcb3154d3d567dd302,2013-06-13 06:49:20 -0700
625b1fcced2dac1f34187cf47dec04ebbf9f792b,2013-06-13 06:48:32 -0700
460c1005bb64498ec2aa96286b1a8eb3c4bcf084,2013-06-13 06:36:04 -0700
c5d483ea0f1bf00f65688c68da56d9b70ab1a1a9,2013-06-13 04:53:58 -0700
07fc924c50868e4534af39a63f108d1362ca2d23,2013-06-13 04:53:05 -0700
ba2d4c74d85a8714ffdf659d166f2fd58cd11ad0,2013-06-13 04:51:26 -0400
02ea40d1347d3b54d0f1b366b8b713a886758e71,2013-06-12 15:27:21 -0400
e8e2b6b48ac9e88e122a6df767198ec1a4b89870,2013-06-12 15:27:21 -0400
c3d7cb60b0fb2650b5226ea9caa88b4d89b59a49,2013-06-12 12:19:59 -0700
9bacc466d87257cdb505c7ef543a7ce2c4a17e11,2013-06-12 12:01:41 -0700
9bd10cc395b0d166738202877e71b06e90be5677,2013-06-12 12:01:41 -0700
a6218df737ca118e77fbcc2d01ab74ceae34f455,2013-06-12 11:48:19 -0700
ae13126f46cf6bec5b216cc117e5a1ef686ee3e6,2013-06-12 11:45:54 -0700
b57f5b1e1d40e2a076b4abf745b8d3fbeee047df,2013-06-12 10:23:38 -0700
4f3826c269e554f04c97e75d574e2fb5d19b5307,2013-06-12 10:21:35 -0700
9d56dbcbf39380a65b934af87988e9d503bb0dd6,2013-06-12 12:12:08 -0400
970fce473bff5be4515f6ea5ba1fa339aa7df2c2,2013-06-12 12:11:23 -0400
d8b76591af6c063da60b1b7d09f396dd931a6679,2013-06-12 07:56:48 -0700
17d7a98e6e906e1bbe0cca2bb74b424e1ada85d8,2013-06-12 07:54:39 -0700
2820222c8cf17094e37d95bf7ada7484eef5f771,2013-06-12 10:48:25 -0400
edbb8fb24dd35b611bb3efc3a9fc14d4bbec76cd,2013-06-12 10:26:20 -0400
5bea3b5bcf28a88799541fcaa1068bf797f2a99d,2013-06-12 07:24:27 -0700
d4a1d8239ffdc483d831430e3e6b0d7f42a1b710,2013-06-12 07:23:06 -0700
7e2a17220e86bc8fd9559ba393f6a707445e2571,2013-06-11 17:32:17 -0400
d124bd888fd20d5b9c75416fd02e8b68a9eae066,2013-06-11 17:29:26 -0400
3ca5601a11a4a68665c9f1ed5c5c44606735d8e0,2013-06-11 17:11:44 -0400
8fc02daf0c4ad8401d06dcd110189672bd5afc40,2013-06-11 16:52:38 -0400
915254bcc11620b81b1fe0e618f22f4a62eebc8a,2013-06-11 16:50:37 -0400
58ff8ba1afd4d4c4883a1d54938ade0368ebf502,2013-06-11 16:49:56 -0400
c4cb31a1f10d6ce08e024c180a94822c620b4029,2013-06-11 16:48:03 -0400
ff7dd4d3e8eb2054034754c3536ab5cbdf09bcb8,2013-06-11 12:47:23 -0700
6fb564600c838577f5c955276a1db6e3c69a2396,2013-06-11 12:34:16 -0700
71b8501adeaaac9896bcf7efc6c13c9cfe95e8fc,2013-06-11 14:48:55 -0400
4fa72c9073ebdfcceaff85482052f8eddde55271,2013-06-11 14:35:20 -0400
668a295be17df681ccc10d32ea3e7ca4bcd589ae,2013-06-11 07:55:53 -0700
be38232299acb5566e258bdd5d4714646bee0031,2013-06-11 07:53:09 -0700
57ce87df08b314880ed997560e0dee2f515e65e5,2013-06-11 05:26:15 -0700
927bfb1d1f53784f01f995aa1c3b942516f10c4d,2013-06-10 12:33:09 -0700
67745d549a7728ca18ec0623cb2fb5695916e308,2013-06-10 13:14:58 -0400
3b40a2472d59c845b63ed00a19f9223ca19d1b25,2013-06-10 08:09:43 -0400
9b3e16edd8f92a2b576e7e97117db5d4d49ca81d,2013-06-07 17:04:46 -0400
66e13938cec772a23e9a1c2acb463d9bffe8cc41,2013-06-07 16:00:07 -0400
402a6d38f757ab0c5bb21f55ff77766ea8d5e60d,2013-06-07 12:59:26 -0400
cfdfba0a761eb354b4fa8b796a323b3327cda6a4,2013-06-07 11:17:23 -0400
75115d73535a2fc189bfd96e00b2497a1c54ed63,2013-06-07 11:16:09 -0400
72f58fa595e35ed9b89ecb3fb933c79805ad7d71,2013-06-07 11:16:09 -0400
fa06c456e88b5dcece15e7274b615cb513ae0e42,2013-06-07 09:52:07 -0400
13372d078d342faf6bdd277c48f0b608f131be82,2013-06-07 04:56:06 -0700
4fd5265f94f4507c223e57954013c871c1cac60c,2013-06-06 12:23:28 -0700
fda8bb2aa5bf33ee6baf5375a712d6356a3edc45,2013-06-06 08:34:57 -0700
f145e647b695d917a66a0dbda2e2279791a2b9b0,2013-06-05 11:32:22 -0700
1933c0ab1ef7c66d221a6c96b6b678bb61a44472,2013-06-05 14:23:53 -0400
4f518c9d4d16d9dd4d92646f4594f5f08d6f374e,2013-06-05 09:10:50 -0700
6a4ed53c342e20d1912bb55d5441ae474cad4da4,2013-06-05 08:32:22 -0700
581c6c8f08102582821b6ce133487ba4e7c55930,2013-06-05 05:11:55 -0700
b6b355ddc1917213807e1d808f7f8ac9c2a6e3d8,2013-06-04 12:59:27 -0400
c6e103a79fbf3238c93676f70ded273e959c036c,2013-06-04 12:41:09 -0400
9f9e9455183248b6a5cdb29e61e04f1e484b1ed4,2013-06-04 09:12:57 -0700
4d8f46d14cbbad6a708b303b09dc3c6415da696a,2013-06-04 08:21:29 -0400
f3f13f0a230efab9fab6a85d0c1ab279c6e4c02a,2013-06-04 08:20:29 -0400
35b3cd72149e8e7ae2b9c98cb19b6a11f333565c,2013-06-04 08:02:24 -0400
dbac0bbea4e1465dbef5dbb619406a750f7d12ff,2013-06-03 15:35:06 -0400
c35ace4516b206daa7782b402a66984178b9b827,2013-06-03 12:33:21 -0700
8e45ed89c3c007dfc7c3ada6e4893c7d69b7fafa,2013-06-03 14:38:23 -0400
d89d45f0b31ea9f0b23fb9d03e88ce4dd157ce5e,2013-06-03 11:21:13 -0700
31e7e36b73cdf4d90bb30f6de4f60ea00fa246e5,2013-06-03 09:39:58 -0700
0797ad5c709ce94cf00ff3bd5972217cdbb82d90,2013-06-03 09:26:44 -0700
3ac1e4d42a60736d788a31033db90a4d3a0fceb5,2013-06-03 08:19:44 -0700
2e1943d61e09f46dcc0db9edde9f6d2c2a60cd78,2013-06-03 08:19:39 -0700
233ce376fcb981c45f4aa5bc12bdbcef42613524,2013-06-03 08:00:45 -0700
9bc3d3d2c5064e87342b30ecc5cc46e4c337f931,2013-05-31 17:48:17 -0400
1a21dbfecf33c14f35c94d24d887fc263690777b,2013-05-31 16:06:43 -0400
4a73f67ab95f79d6cc47e00967d2ab90248d0748,2013-05-31 10:51:03 -0700
0185ab5079997d7aa448d8175333222745bca3e3,2013-05-31 08:24:39 -0700
ce8d618dda368acb2571b353c3cd5808d71650bc,2013-05-31 07:51:34 -0400
a58fcded8887923660cb987b0bfea788cf392ff0,2013-05-30 12:29:59 -0400
06f06a2035a55ee095c8bff394a8ec986d724619,2013-05-30 10:46:47 -0400
70703001e283f53f4c51e582b5f81ea69853d446,2013-05-29 17:03:00 -0400
406c470a5b5d0d534fe43f46ac754bf06837d2f3,2013-05-29 16:28:35 -0400
c0e655ba6014110acbfd8b265157c682a3283fa9,2013-05-29 16:28:25 -0400
cf9dacf29fbce86a76f5b454093acc5138613969,2013-05-29 11:21:12 -0700
d492230b6bcdba1d7839cb33975419b0679692f1,2013-05-29 11:03:06 -0400
c7472d4d3a25d997c5c1f196b76c31b87ced51b1,2013-05-29 05:25:28 -0700
3b81de1c2703284c7ce0212791754b2236844837,2013-05-28 10:29:04 -0700
59ba7241dbe2859332c4c0cedf49d580c4869591,2013-05-28 09:37:59 -0700
cf6914f01e30453a30fcb96792e653a9e82c80a2,2013-05-28 07:40:44 -0700
94db5ce86be2981d744ebbcf82882e266cdd29ed,2013-05-28 07:07:48 -0700
cb54123a4f3d839d0793fb4781b0e08165715a51,2013-05-27 08:46:54 -0700
266f258a1bafc2c7437ee569abf53e4d33e39a3b,2013-05-27 07:24:43 -0700
94d6b85d0e9a30d8637efbe5b3985843f3973351,2013-05-26 06:01:49 -0700
e9269031c8a2489c15863fc9dd6b01b9e183599a,2013-05-24 17:57:53 -0400
54fca4ff61e0f5a6f903cd77bc366ea5299e2d34,2013-05-24 17:07:29 -0400
d22b1f812a4359985946ae60c2f7ef8694655624,2013-05-24 14:41:05 -0400
0d2874fa8c2a1d26552fc993e9b299c1a5359f53,2013-05-24 13:30:53 -0400
1a58130f6d775db5fe11abd317852b526931a739,2013-05-24 10:49:09 -0400
99a49af988ef485e97dbf216bec7acf3c67e0577,2013-05-24 06:55:19 -0700
1736217bcbb6ec580810c84293c896cff2211575,2013-05-24 09:19:34 -0400
692bb6c0c2e5f33690ca9155caf05f102434437d,2013-05-24 08:53:41 -0400
11da396487ff49013e7be6db7905587fd60bb6c4,2013-05-24 08:53:11 -0400
3586b0799a07992719e75fcb8e7de3d7b23078cc,2013-05-24 08:53:11 -0400
5ebb9ba0c5211d3dbf4f0a729c44d3b554aab144,2013-05-24 08:53:11 -0400
748f2e3a94a94bb73a01528af1acce2ea8206ff4,2013-05-24 08:23:13 -0400
5fa4bce70040f229702d53fcdfa5427acb3f13ff,2013-05-24 04:12:51 -0700
ffcf886c098cbd52154fe58da1e03c34d5041c3a,2013-05-23 15:59:22 -0400
723bb8d3bd383fdf546a098a53aca6e80a81f833,2013-05-23 11:46:58 -0700
91a6cde587bf4994fe76232e34768389ad03e60c,2013-05-23 11:46:58 -0700
8cda85a314e42e12b73c961b03ebd5a434fbbc07,2013-05-23 11:46:58 -0700
438e9ec69959d67fa2b359621c2412730d5cc920,2013-05-23 08:51:37 -0700
11a2bab3e4f36ba0928b1bfba6ce0c02fdbf8706,2013-05-23 07:57:52 -0700
109a77fad2c1e51de096273701f2de6bbb77e763,2013-05-23 05:26:40 -0700
9718e847a3f77e9df85efba789cd15bb48feb847,2013-05-23 08:10:23 -0400
009b1fb9dcb664c11c980ff41a78ef2e46e3e91a,2013-05-23 07:35:30 -0400
57462065989f2be36c045d20e86b87f66e6f7dc8,2013-05-23 06:14:32 -0400
6adb16076c0efff21e2315106060c31e226ac2c4,2013-05-22 10:21:13 -0700
5cca7e6fde18b6b022c390ec7aef1cf67fa12fad,2013-05-22 09:59:34 -0700
07b8ada206387e1fa2bd5353ff3408cb03c54644,2013-05-21 13:32:50 -0400
cba218599bc5bb389146b5056a12bf735e904cd0,2013-05-21 12:02:06 -0400
821f91e053db7c22a6c224cc7abe6c332a9266fe,2013-05-21 08:22:55 -0400
50baaf10a931055745a4eb50398f7d16996fb1a4,2013-05-20 16:56:50 -0400
395ae403c43de04f2f55c82cfc2ae9c19f5de2f5,2013-05-20 09:19:12 -0700
971ba276e537034aaefdf667d46b360d93635441,2013-05-20 07:27:32 -0700
c7d20631e6840de878af5652a1875e18d0d02e50,2013-05-20 07:24:12 -0700
dfbd59f8061ec46da75aab88b944a3db3ba5d452,2013-05-20 06:45:32 -0700
6f0468a86fc29074b0eff52953fba07c4726d104,2013-05-20 06:25:55 -0700
ad7b53630739d1a27191cfd96ef17cc7d3c6ef47,2013-05-18 07:10:38 -0700
72b2b31a1e7044acbc975aa9a944fe8ee894c98e,2013-05-17 10:32:23 -0700
a615b3c827a057a44388590fd431c66bdaaf16bc,2013-05-17 07:47:31 -0700
3be1b2a54233a6c577e59aaeecb5445abe600acd,2013-05-17 10:40:05 -0400
28531148bbb0d323305cc3295bf8d671d8beacad,2013-05-17 09:28:44 -0400
07fa01f06d3f7cf9cce337228f3b34396f2b16f7,2013-05-17 07:43:39 -0400
1192f4791550b1896814bb3bedd0d4f30e2a6606,2013-05-16 10:34:24 -0700
3bebcdf746d6c59236d40d44987f51c8c532aaab,2013-05-16 11:18:10 -0400
51cd817c5dd952cda1212ce3800fee3ec07b05fd,2013-05-16 11:18:10 -0400
d7c41410e79793b0cd91a15958a34fb099215cd7,2013-05-16 11:18:09 -0400
5bb89a7069773ebe50d140f1f1f1687706b3118c,2013-05-16 11:07:10 -0400
943480f577a3d142deee363774a2217e6646a96e,2013-05-15 16:58:54 -0400
d7b7e3e142a7fc7103a64daf754b1e27c29d59aa,2013-05-15 15:33:41 -0400
ce486ac2cef6aba7e60bf86cac9299349c9e782d,2013-05-15 14:00:03 -0400
f3addf01d22197657ef24746a7b1b7763d3514bd,2013-05-14 18:17:03 -0400
991243a1257e1662029e87c250df33d66ea2840b,2013-05-14 18:15:19 -0400
fc268f614f3cdf90d72d6c1895288523a5e36dfa,2013-05-14 11:59:15 -0700
17ad8b51530bff47c8a27f92b2c709f7443b8016,2013-05-14 11:27:22 -0700
f335aa31ef63c400b515558dda19d5788873ba35,2013-05-14 14:17:46 -0400
4526565a6cc350cad1453cab34b6d6f520fadd4e,2013-05-14 09:12:47 -0700
845183cfa2fcb095b69793300674b8e0a29d5def,2013-05-10 15:17:06 -0400
ff9873ce3faaade9d806ef3b504df1c5a637f3e9,2013-05-10 13:31:35 -0400
cb33c8b684b1d930f47573254737939149d7c312,2013-05-10 13:31:35 -0400
4f2e8399ad31629453f17dbf8f9e0a70d158dc72,2013-05-10 12:23:39 -0400
77b0f2921225dd642c07a0b3c86aabc0ac36fb54,2013-05-10 11:39:49 -0400
144f5b0c7b431dbbcfe66313a36966580ed47cca,2013-05-10 06:16:07 -0700
58dfdc9bba947f8ff93758823c590fd47478aa77,2013-05-10 05:55:03 -0700
6618471df73d341dd1aa088826ba9b11040d1914,2013-05-09 13:23:35 -0400
0146baee9aed35513f47b36cc772471e9203dfd0,2013-05-08 09:55:22 -0400
c93a4be0645f5e7dcd54063dd4358338d69f9c78,2013-05-07 13:10:12 -0700
740961e4d80ec1746046889dfe2475b336746e0e,2013-05-07 11:40:10 -0700
1735c972f2eeb8e72427ceebb84cb0f7b453e726,2013-05-07 11:36:30 -0400
076fe3f8aad3b4da51b3a68bf7b40b48eefd6104,2013-05-07 08:16:16 -0700
d0e84895ebd24be73b16f2306adb873dc637aaab,2013-05-07 06:41:02 -0700
9038efb6e804fea9963f2da6194a4729dc919cce,2013-05-06 11:41:05 -0700
edd8bf272c9aaca58c04da38c74e3c05e0453265,2013-05-06 13:46:25 -0400
0a4003f4534b72bcd2649bcef3a253486a928ab1,2013-05-06 13:42:44 -0400
ad32559d91954c5511fb0c949644bec9bf6458e1,2013-05-06 13:24:30 -0400
8bcda6525c2d632f58f60d776bc583e778e10e5c,2013-05-06 13:18:02 -0400
0bcc3cbe6929d16c7bcae56e25c13cd287cf6d30,2013-05-06 09:34:58 -0700
a7d062843dd91b708108fe5b5b2e1a0305e87c78,2013-05-06 10:10:02 -0400
948cb7b2d81fe8276bbffca1b88ba6da4cb16987,2013-05-06 09:33:23 -0400
d5c0ec3a756909ec23b5dda07bd7ea474969ad49,2013-05-03 14:03:05 -0400
be22623af538d31218bf94d35628d7334d50628c,2013-05-03 14:02:51 -0400
1c3fec0bb14f016de7e833e529b65631f608b6e2,2013-05-03 14:02:47 -0400
adda683d7b142fd624f0ea48936111ba0e9ab40c,2013-05-03 14:02:35 -0400
6b8726dd4a2972a77a9f7ec3e1dbc25286c1457d,2013-05-03 14:02:21 -0400
ee4c1d257c7473ce77f4693d45649d61123c09f5,2013-05-03 10:47:42 -0700
bcd5acc9a6097c1fae6f991240be2d03029f6597,2013-05-03 10:08:34 -0700
fb75014579703c6325a4700ef05a1ef9d5e83852,2013-05-03 06:54:12 -0700
20d90d3376da86849a9e7c4d128f5cdf05cda832,2013-05-02 13:23:44 -0700
cfb1ecf0f6b88d68c33a96802581efc6cc4ed693,2013-05-02 11:14:59 -0700
69f02f739ad501861d21a3c99668b22759d5bbd0,2013-05-02 08:52:16 -0700
b24492d626f8a002340411ffe0b63d9e9fd794e3,2013-05-02 11:20:40 -0400
9139cbef9a38f1904d4588cebf2e513c41dd574c,2013-05-02 08:52:46 -0400
6b722be9467cdfc3a96d6d07c5ed20efb6ff1f42,2013-05-02 08:52:46 -0400
3d41dd53d6a44ae4c31320c7a45e41d37bf577aa,2013-05-01 11:35:28 -0700
8dceadc26630b5d6433c2b9457622d40d2de8458,2013-05-01 13:33:03 -0400
6e426e727e6e69ec54defa737b53566d9ac3d18d,2013-05-01 10:24:02 -0700
2a0859459ff477bacd204ace981dac38cf527f9a,2013-05-01 09:49:36 -0400
aba5775a0b340db3c63730ef0b98954942192689,2013-05-01 09:37:51 -0400
60953196f5d988d68bdb1df16ca56a642e7c230a,2013-05-01 08:31:02 -0400
e86bd02478d37c21baa1f93610c73a5fbd5eb19b,2013-05-01 07:57:23 -0400
b4427b825b9f6337aa332222ac5dd8f3d7bf265b,2013-04-30 17:18:34 -0400
1d8d5b2f9163608297b47f639d4e1e54e37c1130,2013-04-30 13:49:43 -0700
eb2b82da557699406d3aff24c3ad2ddeffd8ed8b,2013-04-30 13:17:17 -0700
a3182ba9e1fb0ff9062b57017e52509d82b38c76,2013-04-30 15:23:43 -0400
2e23ec44d7a0165b4ce59d2f753a2a2c68a1ed35,2013-04-30 15:08:51 -0400
6c212b9c943dc0c5c1e7e208dc1d84b9edc38087,2013-04-30 09:06:09 -0700
bb70d6cfbd84fa6fafa489b1f791fecd231909a9,2013-04-30 08:41:57 -0700
45698e6f86b27af18008b898af974d7b8dd4a9dc,2013-04-30 08:36:51 -0700
85cf0e75d627777b8d948c3beb35eb2421ab0919,2013-04-30 08:16:52 -0700
7e5595086ba9988022a3f9f5ea396fca4d22e20f,2013-04-30 11:02:46 -0400
89e3768b9b9694b0597ca891778ddd9ca48183f9,2013-04-30 07:47:54 -0700
775e9f1576f081d51e0b38137bfb7a0b3d5aac61,2013-04-30 06:51:56 -0700
d89864650489965b0fb7ecedf2a4bcedd782dccf,2013-04-29 14:53:33 -0400
c190ca6ca90297ef2dc60836e700013c5451681b,2013-04-29 14:29:28 -0400
51b6bf4ca3ac38df55461a40c289635295ecb34c,2013-04-29 11:00:28 -0700
eea6605071d9005051667724abc8b9a54caca157,2013-04-29 10:24:41 -0700
8576ebea3de6ca5be25d00d78cba3e0be147d4c7,2013-04-29 09:14:13 -0700
b75a81942b346d6c3d6d9f992fb62a5c39b5c1ac,2013-04-29 08:22:07 -0700
bc42fe830900861100ae9dfd43f60b5c1e0c542b,2013-04-29 10:02:12 -0400
25f36489ae8633f8cd7b1a227e97d6084ac702e7,2013-04-26 15:03:49 -0400
14d1a7ef7550a49bf1d55791d01ccc2e4c7279a2,2013-04-26 11:45:07 -0700
a27e9ca83b4d1a1635704d532e1f9b4168f7b33d,2013-04-26 14:21:33 -0400
3c738aba3ab7e763df70fa2b6c2c2291706843ca,2013-04-26 10:52:42 -0700
83e0b9691986de0981150b51850df67b7e13a789,2013-04-26 13:46:15 -0400
82bca4555633f63e741872297f42ec83bfa0d703,2013-04-26 13:42:17 -0400
a95bbafcea8c016becfe84ee93878360d7819b8b,2013-04-26 13:39:50 -0400
4d3d545b8237a7c882f4a000e2a417c9b5a60ebd,2013-04-26 11:48:19 -0400
cd641ef55f68d41cc97296f6b1e39729f5d17575,2013-04-26 11:42:02 -0400
0d419b5b25d2137596d8fcbfbcfd5e891159a291,2013-04-26 08:02:46 -0700
d547b3ad3cb3e44cb5a98af7188d4df81729f000,2013-04-26 05:42:52 -0700
c058b46fc5eb324fe3c9397c1244e478e51f3740,2013-04-25 13:30:26 -0700
abd7a46093877326ce39720ee38468498ff85d54,2013-04-25 12:09:58 -0400
2b0e6eae72b76b4f0ffb8846f39d98171f27d2fd,2013-04-25 11:51:28 -0400
e7ca1a6063066cb39adb7bb2b358fd217183caf2,2013-04-25 11:46:16 -0400
94148d80cea8c87b9f900418fa24f9328f917782,2013-04-25 11:37:43 -0400
797b7dfa4c037a761f70e80ec14d0f2909908fc9,2013-04-25 07:29:12 -0700
e015a1ba400955a35e43ce4244d57d5623cd05ef,2013-04-25 06:06:43 -0700
ddc49786b9ef4f33821df8059f19d772b32849a3,2013-04-24 11:44:21 -0700
c049fac46e782ea8f39073f961ebb117898e4231,2013-04-24 14:39:28 -0400
f2757a93e85086de6cacf64e6fd83190029cbdc9,2013-04-24 08:17:12 -0700
08392c7ea61d623eccd9a97277e2db702c3c563b,2013-04-24 06:01:12 -0700
3d243a1183f456dcb671ae45d25f9a356750071d,2013-04-22 06:13:04 -0700
5e3d70df60f9e430e3cbe8108b188dd16734c232,2013-04-19 14:08:50 -0400
19d1bedd6cd62059c76ba0982f7fe6e81bb6732c,2013-04-18 16:30:16 -0400
37f5851ebfbbbb577c32052e0aead0202869716e,2013-04-17 11:52:28 -0700
21da18d075ee78e5cef58c1af5866492f40663df,2013-04-17 14:45:21 -0400
28c555f156a23f72bb2301b2b78175ce438310b7,2013-04-17 11:02:57 -0700
1d99c147003233c7fd6b9fa9aacd1a64e22d2203,2013-04-17 08:54:04 -0400
2c52e977fe155c1ed9f036409d0ef4244c003ca7,2013-04-17 08:53:28 -0400
38383770f2236305a0b1b6fdd4593905f0dcd9f1,2013-04-17 08:53:14 -0400
14467cc62812182b5d11e278ba77100a3d72df98,2013-04-16 09:56:00 -0700
1d625c2bd265402a9b6c3eafb960e40359de551e,2013-04-16 08:59:25 -0700
e2dadb293cfafd4473e47905a3f1cefb3cf098c2,2013-04-12 09:26:51 -0700
328b80d54c2be9c63b775302d9caf7ae32db4571,2013-04-12 09:22:55 -0400
39e368d4f84c7cab7105cfe92e13369b0213be09,2013-04-12 08:54:33 -0400
4bfc38e07a235d7e5ddbfca5713c0e12796f48c7,2013-04-11 06:25:37 -0700
f72c92b9df33835bff5271ceaad5bb4ea7a85ac9,2013-04-10 10:30:18 -0700
2b93135330f8c175a12370bc684b1b60f36008f2,2013-04-10 10:13:36 -0400
f345d59be5aa3ac95ba19158cec97a935118d430,2013-04-09 14:58:21 -0400
0e9798a9be48061d12ee0c431c04a31c800e7de0,2013-04-09 12:34:48 -0400
eaaca2e226cd3e653876041e84f21b1658195cce,2013-04-09 11:03:53 -0400
d1b74b5345c6649a7e517f6b4e6bfef5948bb146,2013-04-08 13:38:38 -0400
8733ea60fcda2968e87cfcab1d8e65d7ae7760a6,2013-04-08 10:39:46 -0400
4f497c52189ebc20eb71507774b6ca1e2b9b6793,2013-04-04 10:07:57 -0400
c30646c763f2dbbb810ad694e7088a32790c2b51,2013-04-03 16:54:28 -0400
7ca23dc5e0de5be249286fd2b3722dad739b99bf,2013-04-03 15:33:53 -0400
1cd912540800048718f67e2947ac1894e51c0713,2013-04-03 15:30:18 -0400
873f4617ce6efc9b07b9c54ffd2e018af766b0f3,2013-04-03 08:18:53 -0700
8238c39c44d3fe829559650612e9bbefe776eabc,2013-04-02 11:38:52 -0700
1ce5295be3d4a8363c2e9a26281ba470bc36d956,2013-04-02 11:33:34 -0700
f8ec7afd5d1262e9c59d3ff1a80ec6863f37d963,2013-04-02 11:10:40 -0700
9124aaa73fdedfe75625eea4a78bef14b01a7cfe,2013-04-02 09:18:55 -0700
e4594bddae8325afa5cff0bd9b02aaa70b787c18,2013-04-02 08:54:02 -0700
b3ecfb2f5303bb2b3c5c7f41e829ec31da2cb1a5,2013-04-02 08:37:54 -0700
a6c354e7cbcdd0af52b68bf7db399f1c105006bb,2013-04-02 08:21:03 -0700
628487fc0000d68f0185731ea53c1a7ed058c141,2013-04-02 06:16:09 -0700
3e84b0306680ee03bfb3f208fa6465dbc9038ab5,2013-04-01 16:31:20 -0400
5b12303c1bf2b522ca5397f9c467a07f6c26b44e,2013-04-01 11:24:33 -0700
34d4ebab773fc524d0e65485223ff5fb3cce683d,2013-04-01 14:19:37 -0400
542893ec765a55c835780f5d4be5d3b8982b7077,2013-04-01 09:31:54 -0700
15aff94eead794bfa02ef8fd35f42df154c38fcb,2013-04-01 09:08:18 -0700
215cb05b37c1573fe5203d24f40340d7a17829f8,2013-04-01 12:07:17 -0400
64bdd257867305d9bd9b3085eec7f10b4eb588a4,2013-04-01 07:35:08 -0700
69f72dc9177a4b1408710535212fb7adaf63a87a,2013-04-01 08:43:31 -0400
f9efdb2188e996101cd9acde14242c860d91042c,2013-04-01 08:39:02 -0400
4e4d28bd17a66faadafd2f47f3ce4ba2a9f2b090,2013-04-01 08:35:41 -0400
2b8846170f05c029502309361f84307599b5c7b2,2013-04-01 08:20:47 -0400
462131e565829279cfd35f43fbd6fc3230b27b39,2013-03-29 19:44:39 -0400
826bfdc106cbd092dfe06df22d881d6c690eb583,2013-03-29 15:28:36 -0400
9387f3a3aaeaaa29f6b735a219207d4bc7876baf,2013-03-29 12:17:32 -0400
6026e22cb80ec6304261b35b9a72045fe78e1208,2013-03-25 15:05:50 -0400
aebc38799b280854bf6f0cd73d0be362ac199c7b,2013-03-25 14:16:32 -0400
d7ca6996bd528ecf44caa2e7acb2c0e1a28106eb,2013-03-21 14:27:37 -0700
81ec9d68e7b2b0c3a24bb0285991e068c490ac52,2013-03-21 13:44:46 -0700
60a8c399e20c6bb090e2147ad8c0ee1c24ebd736,2013-03-20 15:13:01 -0400
97927fca89e9be78f65486a12bde09a922d57bcf,2013-03-20 13:25:14 -0400
ed11f810db73491e34b3ae50706a2ab72fb741c8,2013-03-20 09:15:14 -0700
45609b6cd1f45af6998b04011d062385ebdc9b10,2013-03-20 11:55:35 -0400
40943edd37d5a5b84919e898c9a32bd9a1a3e4d2,2013-03-20 08:43:27 -0700
71cadad9603785014ececcf69fc7b8c9393b43b6,2013-03-20 10:44:52 -0400
ae9369f8a7b92b4d168906afd92442c9003f9a76,2013-03-20 05:06:17 -0700
3ed978e45337eb8aab584e6869d7331613962769,2013-03-19 10:30:15 -0700
8b912067b3c748116a2f896da454fa7bb1ac02f9,2013-03-19 09:49:28 -0700
77b2a0a090093fd26217b371e5a786171d38cd5b,2013-03-19 08:21:23 -0700
c2077f7c6e4d7d1f973e39266f367475f2fb81a6,2013-03-19 07:43:57 -0700
cd62c3afd4edb66672bf0caeca54dec8f1ae4303,2013-03-19 09:12:33 -0400
23450c3766cc4bd7bb1c44b9d59c30fc06dd20b7,2013-03-18 09:03:18 -0700
4eee54f455d403356c8872a572c56f170a0e8357,2013-03-18 07:55:45 -0700
17b7cc81b59d489777e1b1f4a0f3ab63226cb36a,2013-03-16 19:15:24 -0400
16666b5cffbddec7a067fffc4dd8c543f818afe2,2013-03-15 16:41:35 -0400
8bc59e593b3a31e259bf5c5128828edb504a3ae6,2013-03-15 16:20:01 -0400
776366a01ffe4629322bf72e06a99fb19b2db3b9,2013-03-15 14:06:40 -0400
94b26ce34b28e7d3a4adf816711979e8246d46a4,2013-03-15 12:45:04 -0400
436a4289689923eb2742edf1ba262f733ec9f5bd,2013-03-15 11:18:36 -0400
22bb831f71a67fedfaeb1cde97a11f16b1fe09af,2013-03-15 06:40:24 -0700
401eea9f85d2dbabc651e6f43fc773d9dae8bd37,2013-03-15 06:40:24 -0700
3dde4af66abb39ddd934454bbedc9b44c1362b81,2013-03-15 09:23:40 -0400
e5aecfbcada8b3a9d212fe57cfb1d611a5734eef,2013-03-15 07:38:59 -0400
486c649917e94fc7d697647be39a490067a4cf7f,2013-03-14 17:43:58 -0400
8546dad111bdca54ca76bc57b5bce7f06970b668,2013-03-14 11:29:14 -0400
fc5225f90b4ea17cf3889eec5da2551992cf4b14,2013-03-14 11:04:21 -0400
f131f781ea9de13a907d658c4463596d958f687c,2013-03-13 19:34:31 -0400
2c98db75b1593cbe679939fbc50713286e9e89ff,2013-03-13 17:14:27 -0400
961e941e6fe8dae7e1de12a7e1a79a719f84f8b1,2013-03-13 17:10:04 -0400
f658ca8766fa04a0b3ede79cefdcc39e0d73551e,2013-03-13 17:03:01 -0400
fbd3a42c4ed6a40f0b7a939f21264d482c894aaa,2013-03-13 12:00:22 -0700
a7791fa94f99ebe581aae3026a917cdd4f1afd8b,2013-03-13 10:59:05 -0700
ee62a87fbfea6432e1d13e9559d7ca1bbe02be22,2013-03-13 09:48:47 -0400
03746db9d824f5f5183b7c048bc436c177140a04,2013-03-12 19:06:57 -0400
f21d0924bb5cab7715ea933108316ba6ceb27b99,2013-03-12 15:44:23 -0400
1597536e62444478459ff9a521578c309cc1f7e9,2013-03-12 12:37:49 -0700
dfca7b974ed89131cd286823e20618e60be1ca77,2013-03-12 15:16:03 -0400
39483a1f07b11c09e394a2e11ddae2de86a50294,2013-03-12 13:36:03 -0400
9181326c3d85114868929cb45f5749540bca9875,2013-03-12 10:32:41 -0700
c6d1c5b14061be9421ae26c04e3e883c462799a7,2013-03-12 08:20:48 -0700
2d69c9486b5479b79eb36d262c82b66b62d35b67,2013-03-12 11:03:07 -0400
5f6d83c300a5b545c7de75274e14b2f656d612d0,2013-03-12 06:24:16 -0700
dc8e5b54a3405761149dbb0045fc2b4da799ba71,2013-03-12 08:11:36 -0400
46959933b06ec548ba0b7a69179d7a04dcbd5248,2013-03-11 19:53:53 -0400
7799b9b1f2655b49e665b1a5bff8dc52fb0327c3,2013-03-11 19:48:01 -0400
58523d2772aa24fbb29be4a2259471c31554c277,2013-03-11 16:36:54 -0400
072b0b828a6b472984c2f5a540395a6cb580ec3f,2013-03-11 06:24:15 -0700
003ac9dc55217a56328aae5da6c01a11f1f8e3cd,2013-03-11 08:31:31 -0400
5e1f43e7f106b44554ba13cf0192e170e18b18d9,2013-03-08 13:29:22 -0500
50c2c421bd4f88eb28935b67b856540296133aec,2013-03-08 08:40:44 -0800
7368cc044566759c654eb15649c196ca6ec75c41,2013-03-07 15:28:16 -0500
ddaeeaf158a0d203aa7e4d08bdf5bb88ff4af50d,2013-03-05 10:05:58 -0800
3457d164c82da3233e9126befa88616457c06287,2013-03-05 11:46:25 -0500
13a9c3292ce34bfb4c8cb7c169e497d658d64bcf,2013-03-05 08:46:31 -0500
9ab98b3073f107b17c3b5089f783258061d2c923,2013-03-04 13:27:38 -0500
e0b20ea583bf2b6fc3c03b00c568e86c8225dc98,2013-03-04 09:35:20 -0800
d5ea85156ffd023073de09278460660900dee9ab,2013-03-04 07:38:52 -0800
973a9548d92a839daa4733a6c1bd454c001b769a,2013-03-04 09:42:12 -0500
c65bdac4db714de8efe96ee0b760da46e54066ce,2013-03-01 11:33:29 -0800
f133d1401047130ead6007f7dc217e5214a07e9b,2013-03-01 07:38:20 -0800
fe2076518169c3352f8d820c0fc47af24e08e156,2013-02-28 13:55:31 -0800
242e43a1f2aa92133b1adb98cb70b96265111529,2013-02-28 10:58:14 -0500
209481effc464cb19f326bda517bf25bbfb3cf73,2013-02-28 07:27:15 -0500
2924bd0f7adb4f580d3895f51b5c872a17ad9729,2013-02-27 16:42:02 -0500
02de1eee6dad5eb5d7ed061eee176f098d5f2c27,2013-02-27 13:02:08 -0800
a639d12931962cc43faa5dc7b1a4ea6a62d5f5a4,2013-02-27 14:50:59 -0500
58267e62b670c537f9cf9f6fb6e845c36ce2ea4a,2013-02-27 14:50:59 -0500
fa2eecd9d5220bd8cbb53b42c517a6f829d0f9d5,2013-02-27 11:06:22 -0800
4aa3ad89f18baf58f6e46148e2711f0188713678,2013-02-27 06:53:58 -0800
f4a0cd5d7d72384d370858e7af66ea0191dd9b1c,2013-02-26 13:16:39 -0800
4ef75e6fe18b48da981ad5e09956cb44d65724fb,2013-02-26 11:01:12 -0800
41f519177432a6322fd96957086cd33014907e95,2013-02-26 08:57:33 -0500
56455a3da83ea2085ff8ed94d0199cdf95209946,2013-02-26 08:57:33 -0500
4a9445263285243df0d53ee3df98a9947a9ab0f9,2013-02-25 13:58:42 -0800
b315a67fb374d30e1804ba6f77f605f5b2c7308c,2013-02-25 10:04:00 -0800
01cb7a5601a7699a5843f388cbbecfc33f383d24,2013-02-25 09:55:14 -0800
a5553a8daaa36d01d2508b9f81d9945be12a8b19,2013-02-25 08:15:36 -0800
d7510c467c7d725bb3f18f4d798c6d32c68c9409,2013-02-22 15:44:34 -0500
367fed3e5b4a41c87f204ee00ebdc44a69252e5a,2013-02-22 15:34:16 -0500
4ca81f4efb14193f29b75d438df9513cb63c195d,2013-02-22 11:31:35 -0800
85ffb6e7ecb9f4b856a43b7329f6ff00f4e8e8fd,2013-02-22 14:21:30 -0500
166f1a8ea0903efb79673e8273f48023e18f278a,2013-02-22 10:01:46 -0800
c6202f6b7488594d3b75b9c3569bd99ba9600e4a,2013-02-21 12:17:46 -0800
e3a895146b8d4b331c77f354094129e73130af40,2013-02-21 10:51:42 -0500
4260710542b3031d2679ba919d0907e5b4e40c00,2013-02-21 07:30:34 -0800
fff904302a706d7baa2c9120a12fea400835a1c3,2013-02-20 13:13:59 -0800
55049f45faffc6df7280aac168597cc6556cd765,2013-02-20 12:29:10 -0800
08a3b2f69975bcbb7a8cdd01bf5d31c6b77bd4e5,2013-02-20 10:46:24 -0800
0b840a911db3254e3b7d12e9bf04c510ee5d7e73,2013-02-20 07:04:23 -0800
c9284e87c18ac253453c9ead43df2c499c674b23,2013-02-20 05:24:48 -0800
ce4a44daecb33ae93a7748a176ed37d5fd6ef3c8,2013-02-20 05:12:30 -0800
95cd79f835eb15cdbf92fc9f01a1d3310e0e6a92,2013-02-19 17:43:52 -0500
5c9b3556b830f20cca91c734218413ace7275a2b,2013-02-19 17:34:43 -0500
d219ab85fff181a4870d35d8b948f0c6f76362ca,2013-02-19 17:27:25 -0500
0b3876bf219ddc23c39fc40926e5ecebacca6361,2013-02-19 17:15:22 -0500
525bb824356aa9534fbaeb19e4938d760e172295,2013-02-19 17:04:58 -0500
7baddf11345ebb15dccba757eb1003130a1276e5,2013-02-19 16:10:50 -0500
9f803c478b8b6b1fcc422e1ca57cc5400bccb25b,2013-02-19 14:55:29 -0500
ac1aa7e37e61ddcc44f15bd8afee1cff76b87a90,2013-02-19 13:04:35 -0500
cf7c2228c6788fcd8b43dd6259fd8e3abb5ef12f,2013-02-18 04:56:02 -0800
71c98cc0e0b35a2e5017ac3a48aad14ed0541272,2013-02-18 04:47:18 -0800
783dcdd79b4731698af110a23742a9e2230995e8,2013-02-17 05:10:31 -0800
4c2bc5741f081aa654b6bab1293e3b2b31721f09,2013-02-15 11:16:31 -0800
51e1dbbb12bdacaa3d9e5a98d4920b7059022041,2013-02-15 10:21:16 -0800
da5b46007d1c281e5db954983f39b2ac2ff52a28,2013-02-15 10:02:36 -0800
f7822590d22a6c5bbaa222d5b2adfd5bbb49406d,2013-02-15 09:11:58 -0800
2db504a04c5b6e3900fba3fdf670c7747eab141f,2013-02-15 07:54:46 -0800
8464c03df0f593c06db20a6ca607522429daa56f,2013-02-15 10:50:40 -0500
ae54351209fa98ae9da6d86def1b6acc821b2004,2013-02-15 09:25:18 -0500
79e8e5d4d65adb6672855722529a9d0df7ec0ead,2013-02-14 22:21:01 -0500
39d63f60c52e8803508dc41e09a7a4608824887b,2013-02-14 22:21:01 -0500
a0706ad21be971bad6a3e52d9ef70e174c6f2ca2,2013-02-14 21:49:31 -0500
081832c67c2b30885fd591c5cc98b34531c912db,2013-02-14 16:27:43 -0500
eefd95e2811cabfcc29a95cef9490e5555429cb0,2013-02-14 16:17:17 -0500
c802611e22c9bed21fb4153c932f5bf1f93383c3,2013-02-14 15:27:03 -0500
6ac5e718d3a7269952e547081368fe645df617f2,2013-02-14 12:23:32 -0800
0e3bb9d13775e8a16fc015506d8f9974bd2fdfc5,2013-02-14 15:03:11 -0500
e2790a4032cab3486392b698eca5b7f14e2b1353,2013-02-14 09:55:22 -0800
fc9d0761520c63234c324e0a42042f0f84203830,2013-02-14 07:39:25 -0800
13e15caba8d228928b64c981b327029bfa80cf72,2013-02-13 12:50:54 -0800
68fe4957427da4d6a996e58ca9a0abf86c35bd04,2013-02-13 12:17:10 -0800
9646e0c6ee37ee5193cb35c63c89384f146fc969,2013-02-13 11:29:30 -0800
fccc6049abf895245494f67172a52bf960d7aa39,2013-02-13 10:12:49 -0800
9be8a50c4f0ab06d5d4f249c689a969a11f2bed8,2013-02-13 09:11:38 -0800
b3f95a68e4c0d6dd92129a32dcb9ba0af635d201,2013-02-13 11:37:41 -0500
56f1ab5a4129251416573fa845720ee9ab9ec2a7,2013-02-13 11:14:47 -0500
d3475fd13f5f94376fae04fbf20e9cf93d3fe2b5,2013-02-13 10:07:40 -0500
51bfeb1ef417e7ec29aeafd5c38c420b8c7e31b4,2013-02-13 06:20:23 -0800
b5b2aaea1cb3470ac26f7e7139115dd0b2638c39,2013-02-12 13:20:55 -0800
5a616998cd201c6767cb276efd63806a6adac6da,2013-02-12 15:00:59 -0500
08576bfeada11c5a3e640add40b217ee1c6edd6a,2013-02-12 15:00:55 -0500
8ffdfd8416de0996643613ceab41f96539f24da4,2013-02-12 11:31:39 -0800
0aad2a653cedbd06f57323fa2592dd208fcedfba,2013-02-12 13:33:14 -0500
70a7cc4d1f9895dee6c7448e0944b45446b13620,2013-02-12 09:50:52 -0800
4c1cc061dfc4c02b56101d7698aac68031ea683d,2013-02-12 09:30:35 -0800
a5a787f97bf18aa188998f6d8213e0a83d853676,2013-02-12 09:08:22 -0800
018b997b201d02dacd6b3c657e5c0b01ea6d8ceb,2013-02-12 11:47:57 -0500
eebb3d6b9b20b7b2a51c750c418b6603095b4aef,2013-02-12 08:41:15 -0800
38a979a8eee0e07e3e4a839daf18991901848544,2013-02-12 07:43:01 -0800
01984e12fcc63d5b0285a9030b77030825c9e05f,2013-02-12 07:08:43 -0800
ba6c182627a6631a048a7862bbbbcf4a7e2dae84,2013-02-12 06:20:25 -0800
af8d3a0e3bc2aa85765899a84e0ac9fc4e6b27eb,2013-02-12 08:59:15 -0500
df622c2503b70d5282b6ebb76b217d36eff1c3ea,2013-02-12 08:58:41 -0500
0b72ff38d3af437a35435d6ccba210959b3fea91,2013-02-12 08:31:15 -0500
47e5ffc2fec52ee8ff1a7d6fe375895155c8f1ac,2013-02-12 08:31:11 -0500
20ce72aa7a89cc0c5a09b29533cae1c9d6170766,2013-02-11 13:31:52 -0500
2b56ee3c1e10776f5e94c29d0376d61988d24511,2013-02-08 17:44:47 -0500
578de871b411f4ffe518c228cc5f06fe23e9d1ae,2013-02-08 17:26:07 -0500
3e23dc46858a526b7639c51359775279d64ff4ab,2013-02-08 14:20:34 -0500
63ec5eec94a077b32f5d477554f5dcf65d1706c4,2013-02-08 13:50:25 -0500
58032aed11f76c610fb9ca64a40efecd507d1207,2013-02-08 09:48:07 -0800
acaf03625b7e995f1a7fb52571955d1709ca28fa,2013-02-08 11:52:40 -0500
6cd5193201e9b8fa230045335e43cc40ef830406,2013-02-08 11:20:34 -0500
a478aca032c82ffb59a4c607f280a687cf71b247,2013-02-08 09:23:21 -0500
0822730a07b7962786dbee172f67de4da54c2221,2013-02-08 06:02:26 -0800
753e762b3bb3f9f93e284729e10a3a7fdb07d105,2013-02-08 08:00:36 -0500
a07249a1558b9972b1f34df467c1b1fb6b59f280,2013-02-08 07:44:31 -0500
897426129dbe406bd0ca27a22a483853af048f4b,2013-02-07 21:34:27 -0500
1396d72a6fa803bb69dd9a54fac63e85a15645d6,2013-02-07 13:11:49 -0800
76bf62603e5b9981f59d248e40dafb124128d371,2013-02-07 12:15:02 -0500
dd0b807a3f209a327023f23fab70d13cdbe21132,2013-02-07 08:18:25 -0500
855cff3e2e1196265c4a115ae5a47d6ffaf94ae2,2013-02-06 15:11:10 -0500
09bcdb00a28bd408d22bf1119aca28463c96ae4e,2013-02-05 13:52:55 -0500
1b06cbc07b98f300910da766e37e5bc1b22e9d1f,2013-02-05 13:45:31 -0500
3c9a670a4f8d94b61563b398787670abf6ab3a0e,2013-02-04 11:30:55 -0800
80e372ef9d21b30a0a5b82b37df541227cb4c785,2013-02-04 06:13:10 -0800
ececb0c5acedd0f1e88ab2955188f748172cf792,2013-01-30 14:31:27 -0500
8f9c211d07583948e1d911e69e9df2a5c825e658,2013-01-30 09:13:10 -0800
f4321e0e013f3a516d9cf1a4060b70b30ef3935c,2013-01-30 10:52:43 -0500
1e4bb532346981723717363c13f9f44145681081,2013-01-29 13:51:17 -0500
7141bb7576c35d2368e6f09510b9ed97309429b9,2013-01-29 07:23:13 -0800
0c77ee021ffbe4e0316c17755fa646bed72db01e,2013-01-28 09:22:05 -0800
c2546b79abd331ec7f3d47c83da6b60ff1b10050,2013-01-28 06:53:48 -0800
3795f3eeea59dfb2dfdbc6d38397b96607840406,2013-01-25 13:34:49 -0800
33ad775d2e79684e06ab8acb32677c92ee9c4bd4,2013-01-25 14:36:05 -0500
c75e5477afd9409cbd68f5ea4b869fde58c188be,2013-01-25 14:20:13 -0500
dd4a81c3b0d26b375ec8b3091458981ce997b88f,2013-01-25 09:55:08 -0500
a8c6ad9dc82777e73f81e7ce0f530a9d62739771,2013-01-24 09:25:48 -0800
161207eccf0a6d4d205481cf6013d98aa9efd3dd,2013-01-24 12:04:13 -0500
e26ab95780ef007e19eee26ea07c3dd07b937ae7,2013-01-23 12:43:15 -0500
2c7429eba85896d7a4c0fb62f6f7a6f7bf067231,2013-01-23 10:15:58 -0500
5985ac272bf5da92a001b0980301cae35ce8b5ba,2013-01-22 10:07:57 -0800
097cba934d6a007c6fe99d697c86881af60e5682,2013-01-22 09:48:32 -0800
3cd31b2577cce053979af724472b8589ec3e748d,2013-01-22 09:30:46 -0800
e774e034c63bf33a5e29c877bad9e4cce8dc9a07,2013-01-22 12:18:55 -0500
57b3b32f4092ca847b8e8322f0394b5a2186af46,2013-01-22 12:18:55 -0500
3310b0840564468f985d2eddbbc2c11b063f1bf2,2013-01-22 12:18:55 -0500
5171b1fefb9815dc1771303991dbc7d1d39cca16,2013-01-22 07:21:41 -0800
98dc9a27ee7521efd267d742377dd50b68bc119b,2013-01-22 06:31:32 -0800
439f77b03519f6d3174df0b077b5b6f95f0ad5f8,2013-01-18 16:21:41 -0500
1470416a3f9ca259b64faba081cbc612d62b1156,2013-01-17 11:14:48 -0500
471b7d38e5f69506ee6f9270912f2626c42708f7,2013-01-17 07:01:54 -0800
44fd048e811aa55f22c72eb97d93817203f06dd2,2013-01-17 05:26:02 -0800
8240f5ae4f1f3c1165f16963f4d205fa8b349e7f,2013-01-16 12:09:54 -0800
541ae16e1974dc6a1ce3ec5a9887b51deab3704e,2013-01-16 11:41:23 -0800
52f53406585384f3de790ed2960e42bcffc69711,2013-01-16 11:12:53 -0800
f1779b59f49ff622fb90f5a948d7e295a2d837b9,2013-01-16 13:56:09 -0500
04f881caaa761e6eb11f01badb06d1a838f01dc2,2013-01-15 15:02:43 -0500
40fa27ad9d54cf6bde42263094528e6fb5cf8b73,2013-01-14 12:46:37 -0800
b02ce062cc563d01078644b6d88adc8618da32b4,2013-01-14 12:22:38 -0800
bcac1d6ed926118cbc0382cc37370bbc75bb4c82,2013-01-14 11:24:06 -0800
66a86a8bcf63c1c9ac513142c575fc492597e07a,2013-01-14 14:13:06 -0500
0a4b6406ad38e0772b4c0a4acbe48c26252c0eda,2013-01-14 10:10:14 -0800
6010eb34b5e42f3b212f6e644117a1e82f60b90a,2013-01-14 12:04:57 -0500
1d6e84c6f5f85f81623f7b2f12aa741b167f22dd,2013-01-14 07:37:03 -0800
1ec382bee29c2d86d8eff53a60991d1f0855b181,2013-01-13 13:30:42 -0500
4a7fed9cf72501c0661d17880e45302861e27a0f,2013-01-11 08:27:01 -0800
a0329bf27ddc4dff4cd35e9e2b9580c26c24058f,2013-01-11 06:15:48 -0800
e67e1a1f892f7b84cea1a2c7cc2a1c162ad3ec06,2013-01-11 05:25:55 -0800
61687fead254d42dbb280bca6cd400a12fa54d08,2013-01-11 04:51:21 -0800
2cb185d6fc7701a3db8dcb740d248a60449e238f,2013-01-10 16:23:33 -0500
e3dd6f962972fb5542419c3fbc0644b8e04720c8,2013-01-10 13:09:01 -0800
7b3a480bf604469fc8ceeac4c1f3895954d4f456,2013-01-10 15:24:03 -0500
e44e8a29c1698237ef817d465bef1d28348b9a79,2013-01-10 10:22:02 -0800
1bef37f4e5cf7487af77becd5bc827bc380e1723,2013-01-10 08:16:49 -0800
4bb4d796ddca41c1b1e6d0035f91bd9c0305355c,2013-01-10 06:57:34 -0800
1091d3a8c69ec0012094181b6a2f61de2afea076,2013-01-09 08:39:58 -0800
bdde771eb8405bd3909df396b1056dd9a353f894,2013-01-09 06:01:40 -0800
fde33757fd3fac30e7f645f6ad5e057b1a2afa70,2013-01-08 12:48:31 -0800
a1c5e1bf9277a47a16af7f50732613691a6042bf,2013-01-08 10:00:10 -0800
6e2430b1031665076ecdf9f94e88f57ad72dfdbd,2013-01-08 08:05:27 -0800
cbcf8996fbd3d5d7be19792ff5f8d2d7d66355de,2013-01-08 06:29:27 -0800
ab64da72d1241e81cc45970de0b362a61a101ab7,2013-01-07 13:02:32 -0800
008f006ae2b80a00e8ed2cea79e603d400afd57c,2013-01-04 13:33:41 -0500
5b0051540e0fa0058ebe783020bad43b46ecd490,2013-01-04 09:46:56 -0800
ca46b45b44a9f282c5e2f180bcc8ecc09ac0aaaa,2012-10-25 17:51:09 -0400
8cc29d89d0bab484643007439aa7789686c1543b,2013-01-04 08:56:13 -0500
8d0b85523d6dcbc76e774022735116c49d126322,2013-01-04 08:51:27 -0500
1c8f7c5e795d0fc961dceba53e315b9d7aabffb4,2013-01-04 08:10:02 -0500
d9001338057961bf8e5b23485ee0ed5e462c3134,2013-01-03 12:31:57 -0800
05e7e71b509516bc784ca3d33f4431649fd48491,2013-01-03 09:20:01 -0800
9a62eb804bc3c9d9d380c9ac6d78122ca43bcda4,2013-01-02 13:11:05 -0800
0814ca6de4326c9e436dfa198f8161a047e69b61,2013-01-02 15:57:51 -0500
8c2eedd2b5f338f4020faf0c66087db0687c6ef8,2013-01-02 15:57:50 -0500
35aa4273b6cbba3372ae28516ee858c4105926e6,2013-01-02 15:57:50 -0500
e9836e539ac8b84765bc15c7a5baef054a72a5ca,2013-01-02 12:21:56 -0800
cb71a03bc619ac4fcd24a58a07a00efa757f07ce,2013-01-02 11:59:44 -0800
72eec28f0ec9048efd61906b9364307d7b277742,2013-01-02 11:18:39 -0800
c63e73dca2036506045c8074342044ed7297c43d,2013-01-02 10:26:20 -0800
818257be6b5bc3dc0953f5437433598addf5564b,2013-01-02 09:53:52 -0800
15b885f4514edca1cac8a88f36645641915defee,2013-01-02 09:29:08 -0800
6eafdba0b90cb796008124cd135b0a18b61a19ab,2013-01-02 08:57:35 -0800
37c6df0cd656d7611a5cefd534aca757dd8bed66,2013-01-02 11:39:53 -0500
f1a746375b4d5e651a1f0317d081d52820841e15,2012-12-31 11:01:31 -0500
b9e44b214b49610d310f89ccb9c5b4d37181d2ae,2012-12-28 15:35:30 -0500
d42d6413077d42c1762470efaff94336cb97436c,2012-12-28 12:46:57 -0500
99582e5b14ad2b4e6fc91224d152100e836dd943,2012-12-28 11:24:53 -0500
7d79e3a7380fac9104fa5fa0f15065dda0508b11,2012-12-28 11:16:30 -0500
6d7ef886097c5c4d121f8d649e4572c1eecbb8a0,2012-12-26 17:30:58 -0500
e37d3fe35695eb00fb2abcfa92b7d7e431f2d286,2012-12-26 16:38:12 -0500
edf4f9e8f76308afc1175df985c1d7420abf2f59,2012-12-26 13:32:38 -0500
e1dfab742bd600840f540700c230b6c32369b139,2012-12-26 11:36:32 -0500
c56b004ac1daf05dfa8a11df5580e77044a93ead,2012-12-26 11:17:59 -0500
f4a63adf122ca8e69a4aa79dd23049da4f4deb7f,2012-12-21 13:39:42 -0800
c458eee1aaf4cfcd0a084c0a1c4613a4fc1e6b83,2012-12-21 16:05:58 -0500
7b2eaab14dd4535b032feac52b24a73349b6e51e,2012-12-21 15:07:44 -0500
8ac14fb06a3c35aa891d7ef70220ac848f87573b,2012-12-21 11:45:19 -0800
cd521c0c9c83fdffa7071df7d6a15c3d76669ce4,2012-12-21 10:51:26 -0500
e30ebd6dc8028270a1e000148ab8aeadf84df3cc,2012-12-21 07:26:27 -0800
f59942faaa2991b2c4dad3344297cbe8706f3802,2012-12-21 10:09:32 -0500
9b229403d4c0a63e1a3fed2594caba74fe039d15,2012-12-21 08:40:51 -0500
f890f2b420be63230f142869d0d739a24995f247,2012-12-21 05:19:28 -0800
9bcd835b69b7039ea9a7526a471b6a83a57f2a84,2012-12-20 21:04:22 -0500
2d5d88fbff6c926797713c196168f26de20f0a81,2012-12-20 21:04:22 -0500
6a4e61baccae9e0846ad6cf239b68d3b9bf0286e,2012-12-20 21:04:22 -0500
f42938875575723a469db20c3df1322ff7e30e8f,2012-12-20 21:04:22 -0500
4375f7c07f712a863ea3bc4d8cfec4ebd5c9e207,2012-12-20 15:26:56 -0500
12fd177f70e0ae3a9eb7015a761b39c9e41e1e65,2012-12-20 10:22:59 -0500
607ef1b7182c06b41f9d92d1e99882821afa9715,2012-12-20 09:04:30 -0500
38a8f36b56c3224599d0db281ca36d5d621c7e6f,2012-12-20 09:04:30 -0500
e6ab4daf3e2b3d2e80664482e15683fba9ad1b9f,2012-12-20 09:04:29 -0500
7d510a709fbe1882ce4d1476afc8bc7dd5eac12a,2012-12-20 09:04:29 -0500
dc3e4ded2b756dcccdf481bb5bd57d1c364c5ca7,2012-12-20 08:51:44 -0500
df66b1e8cc9fd9698d68e028084b697753482d19,2012-12-18 14:01:33 -0800
f63f69a225c4e096ab2c259e474990a019d568b0,2012-12-18 12:01:00 -0800
6da3466dc8ae6636aea735c3842a46c30f94b6fd,2012-12-18 10:52:23 -0800
fb7d36cc75a90f2f77135bbd9a58655851ae2b8d,2012-12-18 08:50:14 -0800
fefecc08407ae9f02c2c5185250a3270ad4fec72,2012-12-18 06:47:10 -0800
09c488c286d2562845e99446f78e80ac986e5d05,2012-12-17 17:53:03 -0500
5d33b03595bb66a1135719d10734810f99d34375,2012-12-17 17:06:04 -0500
6fc1fed4d9be8e276dca065f485e079ad073a45d,2012-12-17 13:50:29 -0500
82fe582cb2dd482d31b4168f0e5b20bd5fca031c,2012-12-17 13:49:47 -0500
4414675f61c0719a771bac765e8ec1bceabd466e,2012-12-17 08:30:25 -0800
196155cddcd4b0466fcd349dfedfd6c220dcdef8,2012-12-15 11:53:36 -0800
03b05c39ab25a45323c6b33235b2c8e396bd77f4,2012-12-15 09:47:54 -0800
2228118d985aa8a6dc2d071f450d4eee67fe1270,2012-12-14 13:30:50 -0800
ee11bf1a68b556143f8e2148bc010ce2c3eaa7ca,2012-12-14 12:29:56 -0800
eece5e5535de26ae16be60554a6d227f16d71e04,2012-12-14 12:19:13 -0800
745d0dfd86ede3151499fb05fcbe4269cdfb8cc1,2012-12-14 07:34:35 -0800
6dcb63e15a464c4c70f7b5d6c858e1908e1c0f86,2012-12-14 10:03:19 -0500
2b0a43f9fab129d255adc5ebd4e0a357dc8f3aa8,2012-12-13 14:30:40 -0800
7bcfa4c1a17338d25b5c835c50dc1547571b85ef,2012-12-13 11:15:51 -0500
0e6e2d762ff66226a085c9e46f090acd99f6268f,2012-12-13 10:30:05 -0500
0066e03118fb1dad0a9860748d5360762b47d0e3,2012-12-13 00:40:15 -0500
1611419393921c299653a1504cf7dcf2ce70f135,2012-12-11 15:29:44 -0500
ab3a6e9ec5be7625cfabd2c9f75ea0d99df7f420,2012-12-11 12:17:48 -0800
c4b842d5b093b98ccf1798a021d218ffc639be17,2012-12-11 07:54:44 -0800
ce1cb9f9a6deb56788d1cccf02107d30207c6d0e,2012-12-10 14:24:54 -0800
30db45127d90ff4b1eed619086f34f7ec924706e,2012-12-10 16:14:34 -0500
2cf6c46bbf32b138baefb3dbcc5e7e3503a38f33,2012-12-10 12:08:46 -0800
e85af6d3f746524b3b91dcf38c5278a4a3edb1b8,2012-12-10 10:44:37 -0800
f2c32e52a303bc5345d21966551b723d18f1e28a,2012-12-10 13:35:31 -0500
005a85a49f8923421823df25f07aa1e2f9d1b179,2012-12-10 09:54:34 -0500
30fadf92d32466d1f62d008e078604439c631406,2012-12-07 07:41:55 -0800
f7d693b2a8ee513f43fa69539d1b48f68bcceca0,2012-12-07 05:39:45 -0800
0fe5493649e4ddeb45ac726bb24de0eee7ce2021,2012-12-06 17:10:54 -0500
45ad1e7b3debb0439ef0947f8a7edc016a31eced,2012-12-06 11:23:51 -0500
59814e2b7c426dcc26879ff8a4165ca6423cf037,2012-12-04 19:27:07 -0500
78ef7a92234ac55ab50847975cf6080f8582e940,2012-12-04 15:33:19 -0500
21f8d6661380d7049f2e50ebb130f4a81467e780,2012-12-04 15:32:51 -0500
0699ec6d2ec83a098d5a7d71d24bfd49a4bf1bbc,2012-12-04 11:48:27 -0800
304291c41f4d257a5978bd173c80dc169e37a5e5,2012-12-04 13:15:20 -0500
6feb82c0ffc21bd97481625e9cfdfa010c5914cd,2012-12-04 07:39:53 -0800
c8282b670c4172304935ed9421083d9e33c49807,2012-12-03 16:08:26 -0500
7a34c0df356adc25e97333dfb059f4a316bb3d94,2012-12-03 14:14:10 -0500
293ecaf4fa4a9f7e6dde6d0bac9c82ca0bb90866,2012-12-03 13:19:39 -0500
ec3bf6320df36b2fdeadeb168ccd1a80875e020f,2012-12-03 06:34:40 -0800
c9e08dbaf3216a2809162983e75483f2e6ed8dff,2012-12-03 06:13:16 -0800
caae18719957c9ddb73e38eccce734e508cf01e3,2012-11-30 13:08:44 -0800
395bbb978a3bb53740307749d398303ab00d1de8,2012-11-30 07:57:37 -0800
fe9c692892f38673363125ab173a64694b4ad05b,2012-11-30 08:49:50 -0500
45fde2d9ad2c11a6ab0c6e8c376fdf692a314bbe,2012-11-29 09:53:19 -0800
5f35d882e2e189e267d0abd04dd0c13a0d7d7931,2012-11-29 06:55:23 -0800
28e0d111efa1134076696da1084d0d0502ef5fb0,2012-11-28 19:25:09 -0500
0ebc688f1a7b26472af30f30896c1599f9668e10,2012-11-28 17:01:18 -0500
3db77c919d8951cf0bfdc1a6f4b3f1eb36eea30b,2012-11-28 15:50:51 -0500
147e3eeb8d230763f33315100c86c2955a20823f,2012-11-28 15:42:25 -0500
3a819fb97144b9fd51b6006ef9850a4df3e4e4eb,2012-11-28 14:06:04 -0500
8b7119af59b94fc32ce41a4f655be1e7fedb6aca,2012-11-28 10:24:11 -0800
5c3e0d5b8d4c49cf7c86d6d77ac9c7a83ba7d45e,2012-11-28 05:24:20 -0800
0fd27665ae30e6e85e029b872278e133e4a959b6,2012-11-28 01:54:19 -0500
4e2082bc528689447d45ced7c273f44d25c4294e,2012-11-27 13:01:17 -0500
c59748ca6e7e46cecddc79beec3df500c53b3b02,2012-11-27 08:09:47 -0800
3778dfb9f2bb1782f996c2e9cb17e389572351b3,2012-11-27 09:23:47 -0500
5cada02a1d8580bff5e60c5de3786094dd0a5124,2012-11-26 22:53:46 -0500
c443a42116473244f0ffb74ceb6af3b20056be7c,2012-11-26 21:13:44 -0500
abd3e1bc5b827f48676383b6e335a80b3f76c75e,2012-11-26 20:59:52 -0500
9c67b21d0b2efc9675bf831d49e2662fa07d5700,2012-11-26 20:42:07 -0500
05e39d2484cf49a498d5132ffe7edeeb49c26287,2012-11-26 17:36:17 -0500
d923dbb67358359f68cc28b883fd1504a29edc1e,2012-11-26 15:30:07 -0500
9c09f2d2d959f2d767bc5497d957991c9fe69278,2012-11-26 11:39:14 -0800
4ed4e830603afda5b7f0de80844a0c59e7c90a13,2012-11-26 13:05:04 -0500
647bd2313a310c3949a408581f8537fb04af88dc,2012-11-26 12:03:54 -0500
2e76eb30b6d79a9895af458a115a58e25e67c9c9,2012-11-23 14:21:47 -0500
957f664eb42e3f0dd0bbb2b1852e86b8adcd5a58,2012-11-23 14:15:03 -0500
d91851b737931193a517b2468a298e34b5bce037,2012-11-23 14:15:03 -0500
1cd4b3a55f457802bf57b88280f97335b999cc52,2012-11-23 10:34:40 -0800
3a924b2e7b8c3765c95f9e68750a49c51c7935df,2012-11-23 12:15:28 -0500
1898d518a1ab61d769e38afcf16e48527a72a1ca,2012-11-21 17:07:33 -0500
f992a79b7eeff303763b8bbfded63d7ad34e1cda,2012-11-21 16:10:06 -0500
ae1366db6e2075be2088dc40db737dff40b4a135,2012-11-21 16:06:14 -0500
59a69d1bcae7ecf1a29f504eac9750cf0e8031cb,2012-11-21 16:06:14 -0500
17fa2dbcf791851599b24cf1e3305f8f0c95fa8e,2012-11-21 16:06:13 -0500
7e5380c08277c09320c2dd04d7e2a5de132c364c,2012-11-21 16:06:13 -0500
ab7aebc7ce3ef07401f283b0ad721f9727491100,2012-11-21 16:06:13 -0500
29ed27c7b8595502d0ea0c64581b4d8a4e9c092a,2012-11-21 16:06:12 -0500
7058ca49c79e520ba4b1e9c722f9210f5cd4eae6,2012-11-21 16:06:12 -0500
c07554633817aab8d8fc2184ecf626764a912941,2012-11-21 16:06:12 -0500
229c6640e9518ca96a0c13a9e68f588bf653063d,2012-11-21 16:06:11 -0500
800f629c80bda175c8ae35a88414bba750e0f741,2012-11-21 15:56:10 -0500
5aeeaf3ebe75ce43be54300f5ea9363d83e4c222,2012-11-21 13:50:37 -0500
a06b359196c89fbc0e19cd3eb63dce7f799ba14f,2012-11-21 13:47:33 -0500
27b48c972e69760df7bc6727b2e262038ede70ce,2012-11-21 13:46:19 -0500
3121f74835ab178066dc32b7f8edfa0fe8f9b1e6,2012-11-21 13:38:19 -0500
31be78fa1680d1e2a5d4e07be0417dee051a9ff5,2012-11-21 13:17:17 -0500
13859fd7b697a72ee39e976b28c93e6ac7b310a9,2012-11-21 13:10:10 -0500
0093f528a20542da21f09ac6c66233643a17db3f,2012-11-21 13:01:56 -0500
2a4a96242583afdb212e6f159a4f0eadd7265901,2012-11-21 09:49:52 -0500
bcbf491e71bb562a631452af535774cc2eef7c38,2012-11-21 09:49:52 -0500
9305f0de9d35828a35ddfec0957dae313592e84a,2012-11-21 08:47:34 -0500
709206817b34e5f9f6b4a0c82fdcef2050d27ace,2012-11-20 13:45:52 -0500
9a66385b0e0bb72be7cd573ac6bcdb78371aea3d,2012-11-20 10:33:31 -0800
a5f7d8d4a358fd754087490e1a069f4f48d5123b,2012-11-20 12:13:15 -0500
1a6af72c5954f252db574642aa7a18e456d3ad64,2012-11-20 11:49:46 -0500
8c74943b45b5df67a59870bf04d476b8277e99bd,2012-11-20 09:36:31 -0500
4b64731e8ec5132ac57494fd07c86c160ebf4d41,2012-11-19 16:27:15 -0500
d735ae0d918142dda29a6232f29dea2df8cbf1b6,2012-11-16 18:54:57 -0500
6e23415a65c9a3ff113b003cf70ed05bb080bc46,2012-11-16 18:01:20 -0500
2030281ed2318384667954a930188995cf591f46,2012-11-16 17:12:39 -0500
360bd5b51187ef90a62b71fe418a0548cd2a1347,2012-11-16 14:13:57 -0500
4ab4251f11091db646c0dda87d804947b0f07e26,2012-11-16 09:20:39 -0500
924a85336776b2a8dbfc730bff59675db27c0236,2012-11-15 17:18:19 -0500
91f91e21de0180c2407dcebd1c376707102a0e79,2012-11-15 16:26:33 -0500
22406d9e2fb5e441690a51e1f6e3e76a3f27811a,2012-11-15 15:12:42 -0500
052e101e585a892a194e8fd2eb71e2001c130b6f,2012-11-15 14:46:28 -0500
ee6cf523c8304b9d23af9699c94c8313a463f5ca,2012-11-15 14:35:45 -0500
3557bfd68004d19b9780c1a7ad36e3df9d1f5282,2012-11-15 11:29:29 -0800
1238ed38ce289c8edfef819b312a405ef9eea27a,2012-11-15 13:57:47 -0500
79b04e3e0492cf6e82423cf14c99b9cfaa1896f5,2012-11-15 13:38:24 -0500
3670c80ed51c60738d8c7a9f66c1bcc0dc72f854,2012-11-15 13:20:14 -0500
637ca687b21583ea9ee4a797ebee95d606efefd8,2012-11-15 13:03:41 -0500
74c56e04af009d40a3e45d35cd020c208987c559,2012-11-14 17:26:37 -0500
ee51032fb82311f21bfb8f32caa534bcfd2a1c14,2012-11-14 14:53:51 -0500
1360283c4f6393ef52479a1b2a355be740c64838,2012-11-14 13:05:14 -0500
5bd1eb4bf06edd9ad8eccbe45516279b5f6d0aa4,2012-11-14 08:59:59 -0800
2d6ab1e92f9466bc49f659ee0dca37b8d9c49ea6,2012-11-14 11:34:35 -0500
9227db49f13e191ad9eaf6f5ffd2ea6834ce7ea0,2012-11-14 10:54:21 -0500
1dcc035f415bfdff7624e54efe7d4f91617e227b,2012-11-14 10:23:13 -0500
31c70559077f4c04c3ee2ba2551f5053c0da7a7c,2012-11-14 10:23:12 -0500
6a1208f2ded978448261ef7cf99bb400c7860a4c,2012-11-14 10:23:12 -0500
d449d512aaddabdbc92228c7f3dd397b91ba2e3e,2012-11-13 16:10:45 -0500
3b15c95216b7c53e3badc33db03f4a0152b94983,2012-11-13 13:34:34 -0500
85c2dfa33c8859ac42bba9fe0713ae705c63b248,2012-11-13 08:29:48 -0800
5a649802af2c9643ff54172105a4890d62b91e8d,2012-11-12 18:08:15 -0500
071a84b1403ae62fdc0203e7f8346cb5d5b7a623,2012-11-12 07:28:43 -0800
1cfd54a9dc585150ff4628bbe89440be0c820af7,2012-11-12 09:01:45 -0500
d3b7de1a5cdda234ef6c6dc8a671ceb4d27fa3cb,2012-11-09 14:19:11 -0800
dcafc1d5fc74eb0c3edc5c1729c3889b50762ef6,2012-11-09 15:57:46 -0500
18c41cb9dab72fe286829955a54471d09e79d1f9,2012-11-09 15:18:37 -0500
c0e37e0b9cebb2821a7a4699e9e95d97997df9e8,2012-11-09 11:55:21 -0800
f01d04206a8d1726062b694918ad1e107b8b5138,2012-11-09 14:47:18 -0500
1b0313ec48b49852b530cfc4759b19b5b511f643,2012-11-09 14:47:18 -0500
963860c7839f4b2713fd9a2628e4a73fac3835f2,2012-11-09 12:29:23 -0500
8ccdf458695e5ea86d46984f910fadcd75d75b54,2012-11-09 12:20:46 -0500
9ccbd4d249e4a457d1658e17e5f22936601c6754,2012-11-09 11:55:18 -0500
90c2753c590ebfa62307adcd356bed2e3872db66,2012-11-09 08:26:44 -0800
e3687f8eb1aae054f1972123a9306b446152332b,2012-11-09 06:47:27 -0800
546027bd16f1509280424f08f03936e1c38fec35,2012-11-09 05:35:18 -0800
a3a48f756c7364ea3bd8aea4e83bc80874b556e8,2012-11-08 13:23:18 -0500
5208de09d470af84a5eba64594fa0e8d5c511358,2012-11-08 07:53:04 -0800
dff6602ef4ac2525d6aa529b27ac7573469d6db6,2012-11-08 10:48:15 -0500
f17fbd00d53c701deea9570c664419596b5c7f35,2012-11-07 10:20:51 -0800
260df46cc5d994d4c9149b873176e486868e0847,2012-11-07 08:45:25 -0500
98f36ddda24a155cbb3981b7c0ca81f9427ec27e,2012-11-06 17:19:27 -0500
bccb975bd66d9232c5b32b35d1bde80c33be3fbe,2012-11-06 15:21:54 -0500
78476877eebeeeacc528d657e487cd63589fcf0c,2012-11-06 14:18:27 -0500
ac910021ac4e69dadd945541819f1afa1fa88030,2012-11-06 13:13:32 -0500
4ac15b916ecd5d06fe404e5fa21c2bd0bdddce8f,2012-11-06 12:44:51 -0500
124e2cecd933f852d022b9745e14aa3f8b19ef21,2012-11-05 16:32:38 -0500
74f8218ca5c62079233276dba665b43b374c28e6,2012-11-05 14:46:17 -0500
1669de881add5194bc7f5220bd094bfd00785e12,2012-11-02 11:37:20 -0400
3f3ade9e27ea9a84354668f5790947ee401d1020,2012-11-01 12:23:23 -0400
dfb3be78f08c073f6c2bd3e7aedbbe2746b5d73b,2012-10-31 09:42:43 -0700
fdb3442008a9131240243bc6411076533c78570a,2012-10-31 09:46:48 -0400
1b4df42ef9cb0f17ee086050141048c7bd25f022,2012-10-30 18:06:40 -0400
cc49b511c16fee67570431be0e107f2a187eca19,2012-10-30 10:56:19 -0700
c6b539753ba3cca796ef4bcc00da34cc0aa14139,2012-10-29 12:24:47 -0700
a9fbd367082f06669ae08c57f584f9f3186d8539,2012-10-29 15:23:42 -0400
3a8bc9e3300c92454c230a578cf00deb856833a3,2012-10-29 10:49:23 -0700
f555ac31c0720e041cb6100cc4eb0890ce5d376f,2012-10-29 11:08:58 -0400
125b4d22f43ba088dafe82109b0592298eb82a53,2012-10-29 07:24:44 -0700
6ca0989a1e46faa050f3ca89155f6da495408461,2012-10-29 09:45:55 -0400
f02ff9ef6797b3ed3a4e163f9df3153885f99933,2012-10-29 09:02:41 -0400
f94442c0c5155634dea6418511bc024c1ed6c8ac,2012-10-25 21:39:25 -0400
b7ffec7abf7c15a5d3b9627fae0da182783cd4e8,2012-10-25 20:24:49 -0400
53ce09b5a240ecf86a23460e43c14c72ee50a620,2012-10-25 17:42:41 -0400
0771ba4692d14742f6d9d29820a878a6802fa986,2012-10-25 12:48:26 -0700
9c2936b7bb05fd9c1237fdf8bc50c6bc10a8aa95,2012-10-25 11:18:38 -0700
b0ff71094ba16b8fd8c13eee4f90227c56844b93,2012-10-25 10:18:14 -0400
749e818e0b3a84a0bb5d7c1741127fc5636e4686,2012-10-24 16:41:25 -0400
1519d30db15a5104b0f5cea602248f6107a96f3d,2012-10-24 16:27:25 -0400
a934f3800a7e4f495800ced9cd0a21fdd0ff534d,2012-10-24 16:15:20 -0400
602a78e1d4459068a75edfdd99d7e661d865be1e,2012-10-24 16:14:52 -0400
ab4eed028f46ccf388eede217440ce960bef3df5,2012-10-24 15:57:44 -0400
9c5dd341e80ffdb8acc6a1ef1bc5867276b2d717,2012-10-24 14:53:54 -0400
c51ac43c4c9ed099bac5cf772c738ff5e118d8e5,2012-10-24 14:30:16 -0400
bedf62e9b3981eaa1701b1c68b1f35bdf80c8c4a,2012-10-24 14:01:54 -0400
3fda33824ebfc6864b575fd74aa7f417d06e8b56,2012-10-24 12:42:59 -0400
64a281ca91da6ba6200996983ff1d0162aca7287,2012-10-23 17:16:35 -0400
d26d4b8e869755b3c01a24e96d1e465c53e99292,2012-10-23 17:16:35 -0400
ea32e23792060c3d29b864dbd7ed3c9f99cdd1de,2012-10-23 16:38:49 -0400
e40c17f718fc31e4314db98cffefe339f71f6976,2012-10-23 16:03:49 -0400
44c656584db7e427a495bfb7796708d2e729db42,2012-10-23 14:49:27 -0400
0ad4b1ddfe1c18a6877d1a36011a25e1b1edc532,2012-10-23 12:52:56 -0400
136eaa66e512d55bb4ec00ddf977036c3ae32d8d,2012-10-23 11:56:35 -0400
34965b8719e1cd6263d96de3514044faaa8e9388,2012-10-22 17:45:27 -0400
0e2a2af7df138ec56953d388838e045b51d2bb04,2012-10-22 15:04:28 -0400
bbd3a30dc27902e011a285f07714b32d5927bfba,2012-10-22 10:30:16 -0400
5b8b9023ada6a9b6c48f5d529458b4500dfb8c68,2012-10-20 19:40:44 -0400
62afdec926dddecca085bbcf26aa3047dfbce879,2012-10-20 17:33:54 -0400
43116153597adf640467837619b794e16144582c,2012-10-19 21:24:25 -0400
e93ed8a893e02ce9d06c5b8b585e0188daae40a1,2012-10-19 16:21:06 -0400
725db996871e91123450c14a4e883a95459a5aa8,2012-10-19 15:08:39 -0400
33c9533c5740ec32cf0dddbe17c29b2b9b98680e,2012-10-19 15:07:43 -0400
de82241aa0a5f0ed9d979aaf9f344bb2e60bfb2b,2012-10-19 14:38:07 -0400
fa7d4590580a5a6c95c492e59307cb4dd1e46a03,2012-10-19 14:19:07 -0400
2164f8c65859b43e0bd843c69d55f6a128420b17,2012-10-19 13:54:34 -0400
c65004d3cc5a4d24c1caae54f66fa5df2e45f373,2012-10-19 12:31:44 -0400
1ec1a555ffa35a73639cbb610947b121a718be3f,2012-10-19 12:20:17 -0400
2a8e3f5d7df6e6a7ddfbd3b155cb1993a148f845,2012-10-18 18:38:29 -0400
087c5375c9c0468a89af756887372a6d9f4ef9ed,2012-10-18 16:48:08 -0400
94297b8331788a69544a24dc915ceb74ebb3ae99,2012-10-18 16:48:08 -0400
17c53da9020e88fe28a08561554b182744aa9ae4,2012-10-18 16:48:08 -0400
056eea98489e041cc12351f7fb5be8bf0dace1ea,2012-10-18 16:48:07 -0400
0263bdce15b36248ec1927d632e42a76dd82e53d,2012-10-18 16:47:23 -0400
dc666f26e08c8562e928df65ac187b44360228a5,2012-10-18 16:47:23 -0400
b81e867beea1e57d93a7b74f23094fbd13fad6ea,2012-10-18 16:47:23 -0400
2ff3400a137ee3c3419bab3396e56b5d2f4e764d,2012-10-18 14:39:21 -0400
4d985ef44dcf45607f383be2e848fcc2832a002f,2012-10-17 16:01:04 -0400
c2193b809c7ccff5fba135e062d2103cb9877020,2012-10-17 12:20:19 -0400
10be882e6a8c27858f145859019517389cdc1e0c,2012-10-17 09:43:58 -0400
0fb937c77ece4d124ce055ae79cec23c563e543d,2012-10-17 08:27:52 -0400
951b60f9c4f3b0a04cbdb8a1c70ac8aaff72cda0,2012-10-16 17:45:09 -0400
9991ceddd7ef9704f36e2663f1e3ba8ac4890249,2012-10-16 17:00:10 -0400
2da683b18d2dcea3c50a5d9dde4dcad1333a1aff,2012-10-16 16:39:56 -0400
a00c1d5dba5c7cb7f7ce14fa787a42243923ec29,2012-10-16 16:39:56 -0400
f7aff81111de0905f19836287b74ef5ae84a0bb7,2012-10-15 17:05:46 -0400
68302570bc2dc61c3e0289a0ebb0381c36a5db97,2012-10-15 15:17:54 -0400
ec888f0828d8c8328a0b53eb945d40608edc53a3,2012-10-12 15:01:51 -0400
1b293e283ea23d1a091ea3b4785e8d12e5c78b19,2012-10-12 14:42:21 -0400
fb38cf2e74344f35e3f8678ae00779dffeddbfbf,2012-10-12 11:41:36 -0400
f91665c1afbe9036959d1d200913af2e90497298,2012-10-12 10:07:28 -0400
c31d063d84b2cd98a0f9c746bec44bbef5f36e1c,2012-10-11 14:12:59 -0700
e7ff9640c0cb3bb13cbd15cff85e622061ebb4d6,2012-10-11 14:49:32 -0400
e6ffdc14be1be6af018be34f8332cf1e1fd322e0,2012-10-11 13:38:16 -0400
2814194a4e1a28ee5431854a7fac31f3fcec4c15,2012-10-11 13:38:16 -0400
a70e9e97d772a6913c81e9faf4d76e3565a5ac11,2012-10-11 13:38:15 -0400
e7cc08fda0c41e84f85b17bc4354aa1bf9ed3ced,2012-10-11 13:38:15 -0400
525c59a4b4fdcdeba7d098992269845b2838ba53,2012-10-11 13:38:15 -0400
21f9bae79f3fc2bf7b0eb2adae2bc8a28c5e2ac6,2012-10-11 13:38:14 -0400
3c48eebc25a175957365ec90ef145f38987cfbc6,2012-10-11 12:11:01 -0400
008035317df4f5204ac1a684770f0007c6e00c7f,2012-10-11 10:55:43 -0400
4bd2faf6fe46b642c03fb81ffbfb6eace965f822,2012-10-10 17:31:54 -0400
f69b197e5042654f435a4ad1ff9fcdc30ec6f313,2012-10-10 14:49:29 -0400
28b37f704ea5b77cb6724d5397825235f80d7fb7,2012-10-10 13:31:11 -0400
7e0fb56eee5b70637683e90267ede6cb38f3205c,2012-10-10 13:30:37 -0400
4adf766921a6038ecdf500b0f08bfe8b89f9a0fb,2012-10-04 13:07:24 -0400
1690b65f038f31b5c421d87605a32330b38b8d70,2012-10-04 13:06:21 -0400
7b721c7e602996844827431473ef821c3b2d45e5,2012-10-04 12:00:48 -0400
8054f6fb99f6d4545bac04b4540e4a80a60c5868,2012-10-04 12:00:15 -0400
63c92800e94bf6f432e823f03e7799b409db74ea,2012-10-04 11:28:16 -0400
5ae26e4108469622219349a047e2a2ce7aaaac7f,2012-10-04 10:12:33 -0400
17bbff7f94467dd0d401cb65452d767fa203c3bd,2012-10-04 08:50:09 -0400
910d689f17c33b83472a9a813ed664449d5b1592,2012-10-03 23:57:25 -0400
ed13c3656f140110ef4c0ae24b45d21b67bf600b,2012-10-03 19:40:28 -0400
a54c54a903f2fb1aa3b5ce0b75517d469246924d,2012-10-03 17:59:30 -0400
020fe4f2d880745c6491c03154fb9e01b9b519a4,2012-10-03 17:23:35 -0400
893a6650017ef45ca69b04a19ea8bbfe8cf1be39,2012-10-03 17:17:38 -0400
73d55d922605fbfee15f7bba7e77a0544ca03dac,2012-10-03 17:07:43 -0400
25806bab7217c65a1042c2b8af123de075129309,2012-10-03 16:43:59 -0400
de9abaf07356831b6b256dfb9b28eeae2aab0e78,2012-10-03 16:36:11 -0400
9d7657d626936a6ea7e667795dd72ef3f7fbfdd9,2012-10-03 16:36:02 -0400
a77f58c6214e2b7627aee7a0e307a683c69d47d8,2012-10-03 09:30:53 -0400
c4c5e63ab3c98245c2a6656891d5c7b28cf26397,2012-10-02 17:30:53 -0400
1470e4cf64d5ecf42098f52bd32647c913f196f0,2012-10-02 17:30:15 -0400
f73b8cb83fe0a1f0f01202104b00bedfdd23ac11,2012-10-01 17:46:42 -0400
4d1b338feda47ccb38e298747fb9a9b51a4c28d8,2012-10-01 17:00:28 -0400
1afe3f4758e985eff197bcb2fe8ac68d062633b5,2012-10-01 14:47:29 -0400
3a002988f14c01159d77549cd47fcc4fb714b487,2012-10-01 14:46:28 -0400
d9b070260815f12e85ce3a74c9f51b4bec6c73aa,2012-10-01 14:46:28 -0400
c8fdf5a1f5861d2577b9b08fcc7499554855071e,2012-10-01 11:28:27 -0400
b2bb54aab4b04ed6e56c2aa20a87b54ae053ed58,2012-09-30 16:01:50 -0400
d4613114aacfce385800de2364a0cf5c0b414f48,2012-09-28 15:08:54 -0400
13cbcdc45a810a915e75e0d597e57eb941776760,2012-09-28 14:16:25 -0400
537ab6bf5f962ea88539322d6e3c78280899418b,2012-09-27 21:07:29 -0400
6142a7a6d3afb3117e8cee0537bdae3ddb58cdd2,2012-09-27 20:34:20 -0400
c598c376d49f936e9d4b285547a1ecf7ccb5f198,2012-09-27 20:32:16 -0400
10d323fda701772c3d716ac7837df865741833af,2012-09-27 17:32:41 -0400
679d99f9ea2aee4aed607af28893ea63584e2a96,2012-09-27 17:16:45 -0400
65bbaa3ecd4007c2d74f2350d2a82a2c415b5ea9,2012-09-27 17:16:31 -0400
0e4d87d9c8563673dfa5f1d6255559d8c4101419,2012-09-27 15:46:50 -0400
ee4741f9512c67a52a5e0c8d45b9d3aaa38ce247,2012-09-27 15:39:55 -0400
72a89555c341951495fdf463138d706036901019,2012-09-27 13:24:26 -0400
08679512467520a087c07e078e1768073989cb61,2012-09-27 12:53:22 -0400
e4ecf8de58ce852561b7549dc12041c1b212f601,2012-09-27 12:04:16 -0400
51a935dd8f08f90c8695956a5aa1b14d12511fde,2012-09-27 12:03:12 -0400
4e1d189917fd9c279f8465148712158d4caa283d,2012-09-27 11:05:57 -0400
847c1a7368af9c196a6adc1937ffbbf3ed5a06be,2012-09-27 10:29:44 -0400
70935bcc25825069812b3c925f82d01a993c7946,2012-09-27 10:28:20 -0400
95224148f192d1c6b65b777f321f3c5be6ca0ade,2012-09-26 15:13:15 -0400
5eb7ef0d50b0dfc4cba10cd587d4d4252f8c0822,2012-09-26 15:08:51 -0400
af849ea130d59bbf41a8e58a54c6f8ea6207806d,2012-09-26 14:54:57 -0400
90375e0c15b9893c9ee31987f7600b7781af0596,2012-09-26 14:53:45 -0400
541cbb9f8dbe837c8370f429d46554c53cd77a70,2012-09-26 14:36:55 -0400
2f9f1bdad1b7b2ee2779d36cb05198219f0b3b95,2012-09-26 08:02:20 -0700
901145795477ad322be5504ca8b75c0546434f2f,2012-09-25 13:40:42 -0700
47b1db20775fa0a9e37ca2fc6394fa3405d540af,2012-09-25 13:44:27 -0400
4ec74005f15b5e03956aa187a3cb4eadaa0abd06,2012-09-21 12:02:48 -0400
f888552fb14fd49e4966966d4568cb9b5948649d,2012-09-21 11:38:38 -0400
7e1264b6e5963c95a6916b08896d2851c86ba91c,2012-09-21 10:51:05 -0400
b6ad0ce098204efaefa86d766903125b5227353e,2012-09-21 09:51:15 -0400
567075e7150058138d19ed634f156dfaaa9a2d0a,2012-09-20 20:20:24 -0400
32c275a46ad402a0dff4f47ce264055854d963df,2012-09-20 19:01:49 -0400
b7408d588bc25af1e95acdd057655d9b1dada7da,2012-09-20 17:52:15 -0400
73677a9c0898fe0a7e77b5629887d3442ee1c986,2012-09-20 17:52:15 -0400
ad8202d52a1c747c9298b3d7e022f10ee7a92fd6,2012-09-20 17:52:15 -0400
3abc9495c440df115114e9153b19907ff153d1cf,2012-09-20 17:52:15 -0400
34cdfab95c88bc6b1b346b337c787b331a6e32e6,2012-09-20 17:52:15 -0400
df3fda4f20c7a4f1bcf00169e2f202f6a08a251e,2012-09-20 17:52:11 -0400
fc73105c36fc39fcd8800715b2c038db0cb078f3,2012-09-20 17:47:52 -0400
ae5b57e904e79ae1e35c268c649b89c76c59ee1b,2012-09-20 17:47:52 -0400
362e9741ab1dd6f11bccf53d661782a03a4b676b,2012-09-20 17:47:52 -0400
6423bf3054a7d085062dd192df200bb61e707609,2012-09-20 17:47:52 -0400
25c67d11377c2074fe4b3e5317313cbee921bccf,2012-09-20 17:47:52 -0400
3ab7c5b179e6d394acf8055a213e91520b625f91,2012-09-20 17:47:52 -0400
d1effbe384fad0d0e5e31102ca07547d3482f59f,2012-09-20 17:45:40 -0400
d08c517c133a2558ed747ddec0ef76b15ec89dbd,2012-09-20 17:44:59 -0400
932a90f9bb3034f40a10c9de64f7f8fc5b8ea83b,2012-09-20 17:40:23 -0400
6842732fe8e9c09c67d8be00dbcb69f8d16c632f,2012-09-20 17:40:23 -0400
141fea3c7a2467fe4f756149f29367a5b09b3d76,2012-09-20 17:37:41 -0400
36dd392ad675d92ebbf56b602b443744d46cc7ab,2012-09-20 17:37:41 -0400
8d8d11c02768ecf6bf0e6df0ae37e421610a0235,2012-09-20 17:37:41 -0400
82483c547f16d58e5becffb533884cb9bc0b91cc,2012-09-20 17:37:41 -0400
094ce6a119a8b36e072773a76abe0f2a8706171f,2012-09-20 17:37:41 -0400
6ce7f270c94173f946a2adf48c6a217fcf70e26a,2012-09-20 17:37:41 -0400
6d03cbbbd04c089ade98a14bae413676c97d0a9f,2012-09-20 17:37:40 -0400
cedcc4fa4da9a2ad364cbe8342e89d4709b490bc,2012-09-20 17:37:40 -0400
94b393fdf11442a15c2ced879f8a4d7ea5f8851d,2012-09-20 17:37:40 -0400
9e6fdf7268ec45e954839e885aa0329d0e326da6,2012-09-20 17:25:43 -0400
5573b839430f99e79a535ac39de1b362e7d385a3,2012-09-20 16:49:59 -0400
fd2b75be19feabda8805e93c73b32db34c6bb927,2012-09-20 15:52:44 -0400
523ca11a7847aec969a5e5c103abe70d2ce3e4eb,2012-09-20 15:28:40 -0400
7d1ed5f36210f0a078fdc10d28bab749da4e4e11,2012-09-20 14:12:44 -0400
e09a7ae08b52b0ef4148e3135eeb2544b2e70553,2012-09-20 13:13:05 -0400
5e47176fa5bf856451c8b613b59cffe7544f5439,2012-09-20 12:02:43 -0400
dd1af24afc3828f86bc1b6ee066cd861b9ff6f41,2012-09-19 17:50:40 -0400
567cac5087b0404bad641c2259b4d65ae7e275d2,2012-09-19 16:12:39 -0400
42ec018d348765b8b6f0b47ac98ccaecf4ff3cb7,2012-09-19 16:12:09 -0400
3abc2e8676a0294bbc03230f76be3671262c4ba9,2012-09-19 15:10:04 -0400
398795828168a718f5ff7d014e8a405c105d4fb2,2012-09-19 14:19:50 -0400
a2af50e06c03b13df5b517522c909e97cf6f93f4,2012-09-19 14:19:17 -0400
3ddebca28e5c3a5bd78bdf208c1047134ac015b5,2012-09-19 13:58:56 -0400
a837e0106cda22cf7a3d6feffa4e8310cee22c79,2012-09-19 13:18:32 -0400
02c253d5518efbd664fc58fa4122e6013097a3ad,2012-09-19 12:22:01 -0400
0fe27d2e69cd884bdbdc3973512c805aa3b25fe0,2012-09-19 11:30:11 -0400
d18e1200126cdbea98c70e1c793613f464384c61,2012-09-19 09:44:57 -0400
e34d6850e37fe93d390e857692c5768239feb67f,2012-09-17 09:54:16 -0400
8804640319a11e862dcb94c3d3af53950bd06bce,2012-09-17 05:11:53 -0400
6cf8dfd7154e54105fedf252de2192621ec84b06,2012-10-10 11:07:00 -0400
2fdb6a05065e21af665e29c2b07d45131766043c,2012-10-10 10:51:28 -0400
5ee5703e74b37547a164b309ef857a345861be02,2012-10-09 11:47:51 -0700
9a78a81326c1682ad025c18e8ee11d265d889943,2012-10-09 10:51:22 -0700
e014774d891b79f7b150c4dbb773ac1c607c4c80,2012-10-09 12:04:00 -0400
3bdbb8eec5061b346f902c8fcd0af5ff3b35b872,2012-10-09 12:03:38 -0400
471e88573648b7d29d273c8007622459dbd6e9d9,2012-10-08 13:01:36 -0400
a9e46201f3f3f4a1144c4a2fbc77c8376fa2d1bb,2012-10-06 15:48:41 -0400
483d1a9557b79edfba4f50970f941aa4c3af8df5,2012-10-05 00:10:09 -0400
38f4451ed3053f66258a187d1b05081d7d175df1,2012-10-04 16:15:49 -0400
cafff76a593230cd98709004868d697b729d3ef8,2012-10-04 10:17:43 -0700
acfdeb55845abdea9bfee2f30fbf02dcb46b9d4c,2012-09-17 05:10:51 -0400
3bc239536c0b0d4ef31c946dd0e2d3ee16dff0df,2012-09-16 21:26:37 -0400
822ee36c8d74c136aa83db9e1c73c9a6efc7be9d,2012-10-03 17:35:14 -0400
eea5629e3e2905297aecfdb4950fad4b6d98f040,2012-10-03 17:31:14 -0400
368cd53425b68c3c0e8f87fa47bab536b7cf78aa,2012-09-16 21:25:19 -0400
8c76036b6ceaa5ec73f65b87327236a984eef9ab,2012-09-16 11:21:01 -0400
10defcd62912160ab6590813c975868162a0b028,2012-09-16 11:20:49 -0400
8e9b1062e101a54b8f36f615e6650d45b7daa1b5,2012-09-14 12:52:40 -0400
0eb9949e4706c098358b19a70f919bd5fa2de9df,2012-09-14 12:20:37 -0400
fb8972ee4b8a09b2ba8165e4c461f3a4b8bfd936,2012-09-14 12:16:02 -0400
ffbe8927aaef649a37e40dacee9ade6b711b6bc4,2012-09-14 12:00:48 -0400
fca3064ec3751148623eec478972525d857bc1e6,2012-09-14 10:37:56 -0400
7d3d1f70efc5bf8b19a2c8f10ddac21604e87ef9,2012-09-14 10:30:33 -0400
ff637d6403f7590512c90d2dd77be726a0547f7b,2012-09-14 10:05:24 -0400
51108e61fde368a8eaf3eb849204a0c9bb887841,2012-09-14 08:35:53 -0400
3e911a4dd8a787f6f29f6c495d7bc2e032661a05,2012-09-14 04:40:51 -0400
f122da7e70f1905acb44b5bcd3b3477836516460,2012-09-26 10:13:31 -0700
687708123dec63786626948ebc8778140a125067,2012-09-14 04:39:43 -0400
84a6cb0058816aeab8f068ab0f7a60b511b8a602,2012-09-14 00:14:17 -0400
a5cedddf3314589709d4588b9d15a9f9fdd4945a,2012-09-25 12:39:46 -0400
6cc849d4ee34e888a86aabf0252c8b2a1b8cd106,2012-09-25 11:41:09 -0400
eea1f6e5118888a82730d1904834b9043d0002ae,2012-09-25 11:03:12 -0400
4d4062d60ff619cbe5fd6eff8c46094ba253e702,2012-09-25 10:56:26 -0400
f8e86e59ffe8af80d20b6d73525f6dc36c034b1f,2012-09-24 14:52:32 -0400
7485bb6d941d24d2db75ae66fa763ebfb84e238c,2012-09-23 18:57:30 -0400
1a7545b699164293a2b6c9eb80f78c7c797ad165,2012-09-23 16:50:45 -0400
c891ba14c7015dce4b2c966acc10b481038deaab,2012-09-23 15:08:27 -0400
b0fe25e3d040fc26948a7321621248f479a5db6c,2012-09-22 17:35:54 -0400
33196ed35ea7488b6191bda2dfad09d8b2804cab,2012-09-22 16:35:19 -0400
cab3a5da8f3c379408ef25d3bd62fe7ea18242ce,2012-09-22 13:57:19 -0400
fa4e71950959e800b071f489b5e80d9fb620e8ca,2012-09-14 00:10:55 -0400
d94d72757e8aee78e8f645d23edfd771fcff117f,2012-09-13 13:27:08 -0400
f6f8008fd0347148ed86bf6d8c8bb50fcc05e1e1,2012-09-13 13:21:33 -0400
cf1b08500500cd24925868b0500e8ded2cf6f14e,2012-09-13 09:59:07 -0400
412927bc6f8eb1a9f5d3d15648f0d9c06c1d0f2f,2012-09-13 09:55:42 -0400
0a5d38e73f0414be9db67f055659e39e446b38a2,2012-09-13 09:29:28 -0400
eb034338f21ecd707ce90463ea7974d71bb554e2,2012-09-12 19:08:15 -0400
1140ef1574c335112c726e9ed44471339cb7a9fa,2012-09-12 18:52:59 -0400
122fe77705162fdd458a7127240e6534839213e6,2012-09-12 18:10:38 -0400
4a7ac9710821a49f7822d47fa1d46f579ae4ed96,2012-09-12 18:10:38 -0400
e7d9996eb524d1b965a584b5d9bf64ef1b86fc6e,2012-09-12 18:10:37 -0400
13daa3c78bab31b9970050f7ccde5a5005af0d55,2012-09-12 15:37:32 -0400
aabd468c30a59185da2a1c10bc78939d2f461a55,2012-09-12 13:14:22 -0400
fbe7a06a9ee1956dfb29c31990a205c5deedbb00,2012-09-10 14:54:41 -0400
63397bfd240faa036a95a1697974148f042f8844,2012-09-08 15:01:52 -0400
66e29b186293cf38f50d16ce140b6febab8cfd5f,2012-09-07 17:27:48 -0400
f55b1327ff0c3fc55318e284ae8c54fec745a57a,2012-09-06 15:04:30 -0400
1944e974a6f72510b63ffb0f008d686ba963eb6f,2012-09-05 18:27:22 -0400
a9018d9577361f53b04f67df207ba193b0c80151,2012-09-05 15:19:22 -0400
c525cc210677f2ed1ffeda59fd62571c7df51aa0,2012-09-05 13:08:48 -0400
1bc3fbe385efea2b04f3b67e1b25660974168300,2012-09-05 13:08:20 -0400
2144e1cec651d4df0f32b8d2ea5f301a0df61d86,2012-09-05 13:04:11 -0400
805d4c24a20e6efa0f2b3b68cdfb4f90300cb70b,2012-09-05 12:03:13 -0400
6250db0c5df5b8fa074f8b14713b5e4b564a413d,2012-09-05 11:29:56 -0400
c0f3e2fe56c66548578954e3070801e9f8eb124c,2012-09-05 11:04:45 -0400
3dea1bf9f452b026a482165d8b678a5a190327fe,2012-09-04 12:12:45 -0400
41c3aebfbdbc3a353a96962ec2ba5867ebf5da27,2012-09-04 11:59:12 -0400
0963fb03762bd4833fe7111e3babaa9b2fb956f6,2012-09-04 08:43:00 -0400
e5a6aa1bf523a4d343a135f1d96d9ed180c2e994,2012-08-31 15:43:17 -0400
6eb3fb6edc2ef5ad1de79202e6f92335b91ef75b,2012-08-31 11:20:53 -0400
3d5a32f65bb7d73bc792157a9b72bf34356cd319,2012-08-30 17:09:07 -0400
28fc6f3c072402954d2a030985474a0fe32c5562,2012-08-30 17:04:02 -0400
7935a00696ec03eacac61841fdc28047f56c2909,2012-08-30 15:50:02 -0400
b7ca3b28a37da498f8ba61a8dcd8a691dcb3c077,2012-08-30 15:30:43 -0400
9d85d70640f3a574d22daaf3a5a73cb0e494bb8f,2012-08-30 11:38:14 -0400
de019cd73cf76848e9a7b2f5fd52e76095967d29,2012-08-30 09:14:16 -0400
99d3eba7d6265f9ec9de09ed2e1fa5cac92f1767,2012-08-30 01:41:41 -0400
6658fc055ca18f0b99ccae7d5f6965004ab6ce09,2012-08-29 19:49:34 -0400
523bdbfeb08c6b57ec1634158e6077e193834db1,2012-08-29 19:49:20 -0400
17dde4b059ebf8b1a3076a46a56942548003ffba,2012-08-29 15:44:38 -0400
09e6ccaa1675e2c2e9d1a9884134958cdc4085f9,2012-08-29 13:36:16 -0400
d7bccad8b42f597efa462542d9f42b7175a244cb,2012-08-29 13:35:45 -0400
e65323fc5001f7c18774f851d194a61ee613b152,2012-08-29 12:22:35 -0400
d754513344f6eab3a6c2b8311cdebd146ccd8344,2012-08-29 12:18:29 -0400
36eb80a332b975bba664b64bb23404d89ce26c3e,2012-08-29 11:52:02 -0400
76338acd5712dd6d7b09972f3d4cfee1fafbde40,2012-08-29 11:39:45 -0400
035e6243d8107f473c0610fd2626e23a93ef99d3,2012-08-29 09:51:01 -0400
134089c0800c3ad7cf52b74dd4bc46c70cc54c77,2012-08-29 09:13:08 -0400
7baaf76b9c3d0f67b488ff11802f277b84e7bf74,2012-08-28 14:45:53 -0400
c548b043d5db84cd71a14294b7aef5570edfd376,2012-08-28 14:39:08 -0400
d3afc2b05b9ea3e9d5d04f9cb9e869f7b8b7b974,2012-08-28 12:19:22 -0400
48301b4bf83f683ef2780894273821b2cacb6e51,2012-08-28 12:02:05 -0400
fe40cbc4d207477050f8f6441b5d800e202c93ab,2012-08-27 15:16:45 -0400
60b9cd2d221c9093a30ea90c104c919614dfc0a4,2012-08-27 15:16:38 -0400
eee633021ada29f1ce02c1a50fc0e91310636fb3,2012-08-24 16:52:54 -0400
4ee9d83c9c3f660593bb80674fe17af74e007059,2012-08-24 15:50:49 -0400
a70ce9e73e7de2421c80141cbc35fea4ad2d0969,2012-08-24 15:30:11 -0400
9e6270f68488ed7d6e0ccffbf8cb98704a74f707,2012-08-24 15:30:00 -0400
6ffe3e85bc9185349f7e1034b0b099b09776b5a8,2012-08-24 15:24:55 -0400
3807eadc1becab7f0200e240cabbc94e21f231f1,2012-08-24 14:16:30 -0400
7184bb2a540f832ef78200e83ab7209342bab764,2012-08-24 14:15:48 -0400
463045c8bde373a2643e2841d36d0fed4537ab3b,2012-08-24 14:05:05 -0400
c8ec3e4719176aa562efa2afee4f78a49204084f,2012-08-24 13:49:12 -0400
c05c3369d411459f8ac4b80ec968354fcfd135c6,2012-08-24 09:34:12 -0400
b2e3113c04c7d0fcdcf385c96f0b0748ce3df4a8,2012-08-24 09:34:12 -0400
d151ca4b19a6ba794f87e9768ad3a9a9581dbb58,2012-08-23 14:28:28 -0400
11ffbe56ec84826b524cf04d5b6128cc2ca74ddd,2012-08-22 17:01:21 -0400
6578c44aa3bcd76de4f2fa589df4110a11bc816f,2012-08-22 14:01:10 -0400
f8209eb2b0f511f83583d6475bc7873a7f64b936,2012-08-22 11:54:25 -0400
fe621b76b30caf3667e24ca653e7e610227ace44,2012-08-22 09:50:34 -0400
272b65b95af13644c5dc79bce1daad37c2c9d7e7,2012-08-21 17:37:36 -0400
bf6661e4271bf3b3cfe5945f95218fd51cc1eb1c,2012-08-21 16:43:07 -0400
53fdfed528c9b52f14f3cda1c3f7ebec3b59cd62,2012-08-21 14:46:55 -0400
28143b5cb9dc1fbe95319e92d5b37e8fbfc0d9b5,2012-08-21 14:10:02 -0400
6c8d55dea985d7e368b7fdb00676c7c86a15fb9b,2012-08-21 14:09:39 -0400
7fc308a9749a84a5233da5a08023d01e8ef25421,2012-08-21 12:44:14 -0400
52479221beaf278a2fd626ab80400663efb78714,2012-08-21 11:03:37 -0400
b9442d5835f3790f2adcc4b0a4cb92a48f546555,2012-08-21 09:08:14 -0400
c4b8ec73559fdeb2fe2addd58c807617839bdcf5,2012-08-21 09:06:48 -0400
81a48064e99010193c1ca94e10a725ac502386ca,2012-08-20 18:04:12 -0400
5c2be244f48b8dff01779e9507c8c42923c0318a,2012-08-20 18:03:56 -0400
494fe179e8a735ce4c449ef5ab8dfe850437feea,2012-08-20 17:13:38 -0400
c8fd8101a0baf941c39892129613c1d7f5efc599,2012-08-20 09:52:18 -0400
e60e1858dae35b21bcc2306886a5ceacf60a4a87,2012-08-17 19:40:22 -0400
beab57de2687921b8e2aedfebe0ac82e1b33e82a,2012-08-17 19:40:01 -0400
4ac70ad0ffc733b4a4ebebaf81dc58db17d94ce2,2012-08-17 19:26:21 -0400
b1c90e069b4c6bf951856da93636acc213696e16,2012-08-17 19:18:21 -0400
1304ada351911f2c3087ef3f4b82985d91b65bff,2012-08-17 19:15:40 -0400
b2419a2ff7e4a50069bd42321d152e24a3c2e265,2012-08-17 18:18:10 -0400
b535f214f9565b810fbf0a429f2b71af7bf86a98,2012-08-17 17:31:45 -0400
433b2a97dc8ad799b53c785421721e37f0c3005e,2012-08-17 16:51:46 -0400
61abc4ad7ac78c86b8d9daaff1c2e305c9cc1acf,2012-08-17 11:55:10 -0400
b9f416ff4f9c4f25410c37d6a47b356a4fd72f1c,2012-08-17 11:55:10 -0400
bac58e5101148cb649d553a0864d73be360b5934,2012-08-17 11:45:00 -0400
b2a6027be11e346b289e6f09a68c460e240f2038,2012-08-17 10:30:47 -0400
db86d6c935b57878ea4363a67a1609eeb8d5d232,2012-08-17 04:53:09 -0400
e6db274837bd8a0c78f6beba8a1e30de84c5bc35,2012-08-17 04:23:25 -0400
df653bff42d3bf3dca9b20362809d0fbab1e1d17,2012-08-17 04:20:47 -0400
87e6726328bc008b4762ea636ae204787d4141c3,2012-08-17 04:19:00 -0400
18b955d1ba627eaeb648e9cc6e7c7f956a946e46,2012-08-17 02:40:47 -0400
dfc49f7889c6aee357e57c8f7f6e70660ac338a7,2012-08-17 01:55:30 -0400
a82824b2a0bceeee376dff87f9f93ad2418aa68f,2012-08-15 13:56:06 -0400
3c405ff2b990b930684cd7e66e0dfb844efa9759,2012-08-15 11:00:23 -0400
878b0d1051d237f05a9914e4f365cc686e845986,2012-08-15 10:59:54 -0400
713faf1b6c56b36a87d439b27cf10182bfe0eec7,2012-08-15 09:28:20 -0400
1be858832b9144fea962936fb8e7e60c903cb8f4,2012-08-15 09:19:42 -0400
93b781af5713ae5721d6a302f5aee0a268ffe99b,2012-08-14 16:19:54 -0400
d7a02712de75ded8164b9be1f6d820bd4b07d099,2012-08-14 13:49:25 -0400
89d6b61978f1355609c0961d6e504dd250df8a25,2012-08-14 11:45:29 -0400
3be733e4ee3fff6b5070f87514da16a6208312e6,2012-08-13 09:31:58 -0400
98a9537d5cb056918a23559528b96951ea41414e,2012-08-10 16:48:45 -0400
45644822e5354fc08d5a79a4578d2e8bc32d4708,2012-08-10 15:42:37 -0400
f9fb5bb21364c576c2efd9fe193d97b16e089d15,2012-08-10 14:50:42 -0400
4393f34e3665ca314c24e910c7b9f17f652a2b5e,2012-08-09 16:53:33 -0400
dd8068ea3372a586660207b2e49f07c11fcc7a1b,2012-08-09 15:17:10 -0400
694fd0d0173c9006257237d6c924f2271eaa7201,2012-08-09 15:09:28 -0400
a8cef1974be451f5c63b7e1c6d30d8d3538cf21e,2012-08-09 14:26:47 -0400
290acce03cf86152e7da9ca2be2f9e223127cff1,2012-08-09 12:09:47 -0400
be7120b205e28ca10f5ada5d4a2d22ecd81bb348,2012-08-08 17:05:41 -0400
b2749145498808e2b341ae1baba1d20b1fcf3141,2012-08-08 16:39:40 -0400
00ab09ed8be69d3400df5b240e70c0962757c429,2012-08-08 16:37:39 -0400
bb64f92c49836c96452b9484c4ecbc92eac9d968,2012-08-08 16:37:39 -0400
6f8c394772ccbe4a4918db8e148fa807785a8f3a,2012-08-08 16:37:34 -0400
e89c17cd4deb7587af7b0af1227aa4343f17a432,2012-08-08 15:53:43 -0400
728914a2b812f41ab1adffc7343371dd573deeb0,2012-08-06 18:37:19 -0400
bffdbfb47b7d4c7120253a68a2c76e207aa84fe6,2012-08-06 17:42:21 -0400
003c22e7fdbe0115f7ea80118a39af6e6969775d,2012-08-06 17:35:07 -0400
4540beea07651b26b26876de49a2e0a010ddaf2d,2012-08-03 15:40:15 -0400
00ffee3b8485d6f996436138fe8ae54a308a0059,2012-08-03 15:03:29 -0400
c08f41dddfc4a3ccc96e7962a2620e909b647969,2012-08-03 14:47:29 -0400
ed8e995e3f55e08d6c69fa1e0e11b15991ae0b7c,2012-08-03 14:47:19 -0400
9dc7b9bc1772f4dfa9ea5d9c6e0ca60733a33876,2012-08-03 14:20:10 -0400
a4e051d995c92eb9ac05c62c00444c3d8d3f12bb,2012-08-03 11:27:32 -0400
6c3576937606d40209fc056d0bf01d18b720e75c,2012-08-03 10:54:55 -0400
5d4a52f8faba088ff2ba23efeec52f6e1577126d,2012-08-03 10:53:19 -0400
888234792055c215f8a96da303ce31975cdce3e4,2012-08-02 17:29:06 -0400
878a9eef7d0d90037b386c126ac5b0de0422f93f,2012-08-02 15:24:40 -0400
6f92aada9bf922ac7afa2bccb18205e506b0b625,2012-08-02 15:16:20 -0400
0c30a01cb0196d478bd974eded5a601c62fdcde4,2012-08-02 15:01:17 -0400
8eb24f290c8e7f647c68ae6dfbe0df9bc17b1866,2012-08-02 14:29:34 -0400
bfee562af3e20ee182d579f59b91fc8aa4decada,2012-08-02 14:28:29 -0400
81c970d6385f17c8a5042eea60b77729e222a062,2012-08-02 13:58:19 -0400
2519d11b2f55bd52997b959944d1f7fd3862f837,2012-08-02 11:23:22 -0400
1d64714e8fca02c8242fe459729db85a7226acb6,2012-08-01 20:18:54 -0400
d7e6e569a0dfa66c9fce4e1161bf00072d60df38,2012-08-01 19:35:15 -0400
f58f60c1df02e91dab632d9c9a333ad0e8985f81,2012-08-01 19:09:04 -0400
0c6898b052282f073b50cd85e0823a948e8d4670,2012-08-01 17:23:44 -0400
1ec1823e206aebf128d4a370a9c7d4dffaf5677f,2012-08-01 16:46:29 -0400
42f67ca3893f739f44ec467bf60d71676dc4352b,2012-08-01 16:02:44 -0400
2798999bae91f0c37bbb7a1c805509e98b6b02f2,2012-08-01 15:51:13 -0400
e881f6c2231d1c9f84d22c020cb671ff9f196220,2012-08-01 13:43:43 -0400
bcd9ad4201e4b8bc6aadfd5319af473824670386,2012-08-01 10:27:42 -0400
535edfc94c03051967362ef08fbcb2e69a518ac5,2012-08-01 10:27:19 -0400
ceb507121cdc9913ae69da9ea896ead102b0d168,2012-07-31 17:02:49 -0400
a61bd3260bb368e33f92b601980a47d8700eb033,2012-07-31 16:40:42 -0400
06700e29fca8b0f6fafada270fda31d52105028a,2012-07-31 16:14:39 -0400
eacae0e718e27c8701614dd65d7b4a22f9db98c6,2012-07-31 16:12:27 -0400
59eed14a4ee5e5e918a1b5b81728778ee5e0ef77,2012-07-31 16:07:51 -0400
fdb95ed5fb51a0b07651463ec34e52a9333f77a4,2012-07-31 14:45:13 -0400
cbd65da333374f693b086a6c5efd8fd78e8b7e4f,2012-07-31 13:26:25 -0400
ce2cc44a31da5ff6f2fd02f9fb19cc3ff68eda5a,2012-07-31 10:18:22 -0400
5232de8acd000ce6857b92db4cb7757ff9f0e0b6,2012-07-30 17:07:42 -0400
aea0dc83569fb1838d4d7abce2660ed8d906584b,2012-07-30 15:47:00 -0400
43411ac4c2186ada165eddf72bef3545a5ceb43f,2012-07-30 14:50:40 -0400
fbbd084dd553e0cc10f749e5a43683b9eb970069,2012-07-30 14:29:58 -0400
02660504c86c6d83dab110b2d592342564efccea,2012-07-27 19:49:43 -0400
0d8bd735217869c12f0c7c93644a4bd63b6f8560,2012-07-27 19:20:44 -0400
f6e49446fd795406358a3ebe4b04e637cde68698,2012-07-27 17:11:48 -0600
726248673665bfe2f7fb091671dc588c59e750d0,2012-07-27 17:00:11 -0600
f6d90964146a9c28643c245fe2f24e16cf59edcc,2012-07-27 16:59:30 -0600
a55411c130c886af5f30f8a7830702e73a65ff99,2012-07-27 17:32:57 -0400
3487de9e0d6bd4e8c5302ac3e52a060b41c1b5ff,2012-07-27 17:31:50 -0400
cee4d0d020d2738a07b0de9b441acd4a20127c96,2012-07-27 17:24:39 -0400
d97fe956715c8131a0faea0704cf6621d08bce65,2012-07-27 16:33:56 -0400
9a428f49746967be6f900f2774804a21345ab383,2012-07-27 16:03:46 -0400
0be4d13a84f0ee0a7c3a8892c2bdf7c95a1dd03b,2012-07-27 15:30:54 -0400
0de632cd7cc929eeb528dd1ea0ae7ee000ea507b,2012-07-27 15:20:07 -0400
8ac9cf85da5926ceddddfa2de341759e940bf3d2,2012-07-27 14:41:44 -0400
17ef44db709bfd79851d1a5d16e103044d2a353c,2012-07-27 14:11:46 -0400
c321089b8f515ffd0ec793624e2506abe946dc33,2012-07-27 14:11:37 -0400
5f0b3284d5be09bcbe3cfa56f3832f61155b027a,2012-07-27 12:36:22 -0400
2e6dd201fcd5569ada4e9dd27d2cdece618c34f4,2012-07-27 12:23:31 -0400
4d5179e1c65bb45f716d72abe35b37e82dafafd4,2012-07-27 12:20:41 -0400
973860751e16ee4eda1176fdc7fa2c8bd6619d9f,2012-07-27 12:19:58 -0400
7158e77d9995b5dddf4c1b655b9c51f1db68bd57,2012-07-27 10:38:12 -0400
dc4c554536156014349d48e6aabbc1a92b72bece,2012-07-27 10:35:11 -0400
a7bb741194c9bd84b474f8b57d162059bfb3826c,2012-07-27 00:25:13 -0400
c8d3577f0731be390bcd9f8a8b0383232544fd5c,2012-07-27 00:21:33 -0400
e23dbdc90108bb3012a1163d5a3426036a7e1c5c,2012-07-26 23:16:00 -0400
31659b1f737ec2cad6069569a67556aef8990fa7,2012-07-26 23:07:23 -0400
89412cf182754ef6798576bd2c37884d4b626bec,2012-07-26 14:21:40 -0400
fa7f0a79b998f4033f673b84c330f05260e5430b,2012-07-26 14:18:13 -0400
bcfb14dad65d3abd97514a6dedb974f1cc3e8a60,2012-07-26 14:14:12 -0400
9788334bfdb437e9f25f3557cfcc6d7f730eff36,2012-07-26 13:54:22 -0400
4c6a8ab1aece2b1a23ec229ee5452091d7fb8901,2012-07-26 13:13:44 -0400
13236a036ee1ea3c28808356c4c93cd3c175fb68,2012-07-25 23:20:10 -0400
8b6aba192acbcb17f9e629e05d24e939a8caaf5a,2012-07-25 23:05:55 -0400
7a1b514b2a3e0c4c74c5cdfaaeb78d3c84130979,2012-07-25 23:05:43 -0400
a70b5c373494efb0157e4bd253dd0dd3dc9a4774,2012-07-25 22:51:40 -0400
0e93424c2920b97f7828c13f7419e024e67e0a89,2012-07-25 19:22:54 -0400
1f58811d7939eee51a0f62ea2350b9b3c5b2dd9d,2012-07-25 19:19:32 -0400
53b00c5c24f7129a4408bb2e8cbebd5c28c6ee03,2012-07-25 18:15:36 -0400
e0cdb4a4e91ef4c2aa852724d5e1402528aa3cf2,2012-07-25 17:07:54 -0400
d83e60194680989189e4c07e3e7bda94fbe5e9aa,2012-07-25 16:57:03 -0400
11e35d75783ad076d0b9fb5a18fcafc74c5a3619,2012-07-25 16:53:09 -0400
49783f7fbf010fe1f82de9a0e2b515f26c740a5c,2012-07-25 16:36:37 -0400
bfd914c416c948070d8ea6742e4334c042c6ca6a,2012-07-25 15:24:26 -0400
a2a59b9f758d39f7e85afeb801f6e3708987f223,2012-07-25 15:24:18 -0400
98d388fb83e3022ca91097527ad44e10ad0368de,2012-07-25 13:35:07 -0400
5c7e2059fb1d3bc48a24f9547036ecb57b4790e5,2012-07-25 13:34:22 -0400
555405dd22153b7440972cc12e484d6d45410f76,2012-07-25 11:42:26 -0400
f71a7557b5f2cb4981d9746e5dbb0976ace1dd1d,2012-07-25 08:44:25 -0400
5583996484bee79aae28146124c4998d03f3d752,2012-07-25 08:39:31 -0400
a70324e9bdf86da692bac82acd32efcdf147502b,2012-07-24 19:09:21 -0400
9a3e4390cad15342ba4230ceee4e5664dc71c84c,2012-07-24 18:51:38 -0400
1a85a0efd655220569ceca8fc8b8b32b4f2325f0,2012-07-24 18:33:30 -0400
d965153fd46d4047df6d69ec90b1b0c5258cf170,2012-07-24 18:15:42 -0400
c27330dfb481b814820351d578629551f919d086,2012-07-24 18:07:50 -0400
4eb3842e93621d8c1c80ca53fbf6712cd476cd81,2012-07-24 17:58:14 -0400
856977daaf6c80d21bedc093e4c7f070f5aeaf62,2012-07-24 16:32:01 -0400
937fd4e5d42fc8264c40347fdc2bd85c58e99cf0,2012-07-24 16:16:04 -0400
d67f5dc17a6dbc451f16d525f55592a15b21eaaf,2012-07-24 11:15:05 -0400
af2959b91f550c776771f4a70ef9df4050a0bc36,2012-07-24 11:14:45 -0400
7ea17952a80168c5cec4be06bd175457503f42c1,2012-07-24 11:13:51 -0400
d5ca2c2547131d39778a5d1f5398ef8e1aa15eaa,2012-07-24 10:31:31 -0400
ec82eaae16bf0578ccd64abdcb8042fbbda2d868,2012-07-24 10:22:02 -0400
769952606b3f68711809af5d8bb14ef7e04584f5,2012-07-23 14:16:39 -0400
eeed7476d6387b6c6c3dded1464d6df5bba5bced,2012-07-23 14:16:38 -0400
f2766eb3d4c42e881488777635e1de60e9321e6c,2012-07-23 14:16:38 -0400
37340804c8c6ce8ae1cc084abf1839da464d5bc8,2012-07-23 14:16:37 -0400
bcaa8c48480612b0f3ddb21d5bdd58f081519279,2012-07-23 14:16:37 -0400
3180be6dc2d9d67ef7ba450ca1dd26d0ab535679,2012-07-23 10:43:45 -0400
f9ef1f256ae59014b6020ed24787438f988f6af7,2012-07-20 13:04:35 -0400
6c5acb1d0686495e216ad58125aba73a6912a098,2012-07-19 15:30:02 -0400
697d0eada673ef3df6c984d709eacbbb1d66b0e2,2012-07-19 12:45:20 -0400
eea6444148763d466497261d52068bd22cb1afbe,2012-07-19 08:25:37 -0400
192063ef374ae1504007501ce14c6cc3d6dd85d0,2012-07-19 01:09:57 -0400
933c692388c6e89467a525a1abb22df345b28626,2012-07-19 01:09:43 -0400
b93beec6398a9b7d2d63a13b362ed95e3cfa05f9,2012-07-18 17:02:30 -0400
f7a3bf55cd476a58fe18d3fe65e438e2c18b5396,2012-07-18 17:01:57 -0400
34fd91449576f47a3897b6855d9ad542a9fb87f2,2012-07-18 11:53:01 -0400
a83059143148094a98616526975d2b8457c42dfb,2012-07-18 11:31:58 -0400
8c7a14689d1fc83a020b7a51584eaa327efe9352,2012-07-18 11:09:36 -0400
9939ab57ec43d9591021f3616e2ee0538d50cfaf,2012-07-18 11:06:14 -0400
ef2d90ea7a8467df0b544ab33961376aa85bf14e,2012-07-18 09:57:08 -0400
ef5875da5505dfb0ec5f542d657e92149fe15384,2012-07-18 09:34:03 -0400
05b09d17065151698db4f223f2950ff8a0fc323d,2012-07-18 09:25:46 -0400
8b803241822170a243d919716571b597a8d2bd7d,2012-07-17 16:50:16 -0400
34b28d6c149bf347f417dab53b6a20905f857c52,2012-07-17 15:07:29 -0400
215dba74d1ceca02673d2872591f082cddefd4f7,2012-07-17 11:59:06 -0400
446a46ba3c641213c687c29f60ee69815b7e61cb,2012-07-17 10:41:25 -0400
e1d8412fbe9c46fbc5f38387c2fb1bcfdad60f0b,2012-07-16 17:29:18 -0400
83e88c6ebb451d765cd3b0b8ad0688f286188057,2012-07-16 15:35:16 -0400
c143248372e92687c64c02f2c9d19c26f2ae910e,2012-07-16 14:24:16 -0400
759a1074871ae5bf4cf32956711864e3cf4269b9,2012-07-16 13:54:00 -0400
0c72a42dec2fe8c8259e7c2dc67ab234c86f12cd,2012-07-13 18:36:06 -0400
5686720cd1e031884c98b135caac6bd8356eebfe,2012-07-13 18:19:52 -0400
19dc722bf7e375e5219c3f148facfc270e7870fe,2012-07-13 18:19:35 -0400
8b1d4f197fcedeffa4fce5758a2a3b1deb7a8488,2012-07-13 16:36:19 -0400
5cfde488bc384d58488315bf0e1e36d010d92367,2012-07-13 12:47:43 -0400
68e2670b604929a329bed53520b21e0335a534b7,2012-07-13 12:34:30 -0400
59b29d42e8d156ace661e4931c96a263b9312773,2012-07-13 12:17:33 -0400
e8d2cd007937985497d5e0af26e809722cb85307,2012-07-13 10:52:32 -0400
44d1e4b0cca867ece8a23e08f17adc8d6ab12090,2012-07-13 10:50:29 -0400
90b3b96fb1a9788a885982a2afc90c792b5b3487,2012-07-13 09:55:13 -0400
6ba0576cfacf793fda2a818e2806abe977fbb4e4,2012-07-13 09:49:26 -0400
a10daa6e5ce32d459827ba9e5277a3a47d6c93c0,2012-07-13 09:45:06 -0400
640d28064157502366b19498b187a7dbc97fc4ca,2012-07-13 09:44:18 -0400
fdf7745eb4d37543923a81cfe54ab341f881325f,2012-07-12 16:08:37 -0400
3c5882b4e7f1b2e93c0d1218af9ab2e0b7e53776,2012-07-12 14:17:37 -0400
0e12ad76032c2d8a0466d2b9a6779890ecee7f0a,2012-07-12 14:16:37 -0400
484eb4384aef073481991b38b35347e4dd64e446,2012-07-12 13:44:46 -0400
1ced6d3955614cb4bd896656baf0d6d64a542dad,2012-07-11 19:33:04 -0400
9df0b8ee1b212a702e2f40fd81222a853bf10518,2012-07-11 19:21:24 -0400
0b39ae277791ee385b0e11dcc42e449399343045,2012-07-11 19:18:25 -0400
c0385c75215a448141c2946ae2b51fa6c40f2c64,2012-07-11 18:28:04 -0400
279e6fbb7edd56dd50a0bcd034818aa08ee7704a,2012-07-11 18:27:40 -0400
74afd0380f85ce1e4fb2c06ec80dd6d9278e2582,2012-07-11 17:55:42 -0400
29d1b53bc756f9f53373debbf80899b2408cf44f,2012-07-11 17:10:16 -0400
3123f50a388d997c87b6715509ac2b0b2aaccad4,2012-07-11 16:11:48 -0400
046627364fde746150a90e607931e0bbaac117ba,2012-07-11 16:11:21 -0400
08cec061303ad824ad5719653028d834d2cc0aa3,2012-07-11 16:03:15 -0400
7884e50c9b219147b4614200427f6d6af08cd173,2012-07-11 15:59:15 -0400
873ded36f1cd8da5dd92d89b0eb2dbff0f6090d4,2012-07-11 15:33:16 -0400
1a73a0881eab3a473308d6260cf4f9bb8acf8c7f,2012-07-11 12:32:32 -0400
86fb50c55b8a9f4bd15b896b50ffbc0544cf8560,2012-07-10 19:33:28 -0400
53742a9e3293f1e9d2e85ce0f5f5d29ef44f722e,2012-07-10 19:14:44 -0400
1ee26f4314000b4617b9c53a93ff010224806ac6,2012-07-10 17:31:16 -0400
4f98aa7cc8c201a34ae4901b09e2767214020bde,2012-07-10 17:31:05 -0400
673d98fa166b8d65c5f70b1f13183ba0b8a2ba57,2012-07-10 12:53:59 -0400
de45e365813cabfe3a4d94cd45a1809b071015da,2012-07-10 10:50:33 -0400
0caef47419bffe7efb1a185e77dcdfa0c1719907,2012-07-09 17:14:53 -0400
1bfd6287b75a74e309b7095f6214691ef24fe09b,2012-07-09 15:44:27 -0400
3df9b2c48d68d107e55a624d36312424594079f5,2012-07-09 15:30:52 -0400
d27205c58c9bd22e27201c929c8fc494686d3838,2012-07-06 20:12:19 -0400
1d965af5033539021cbf3a9f545649b829e32660,2012-07-06 18:43:04 -0400
0507c5763cbc8b77181779e30cf32b056606e713,2012-07-06 18:30:54 -0400
f4a6e3c5c43f59947e2ca86cb605583a0a757185,2012-07-06 18:25:11 -0400
e27793d37234f95a044978f4ece164f9f8a412d4,2012-07-06 14:17:05 -0400
8308cc813d96205e0a6796b8456078624cc33eb1,2012-07-06 09:50:34 -0400
af7b5b24e002fe6c5ecc0a6f8fcc2b0e79273cb9,2012-07-06 08:48:04 -0400
f96e3a07910979c3523c4983bd40ff71145980da,2012-06-29 19:42:08 -0400
e2d9c7bc73f2cde5add4ec8fe540d4b31fe179d6,2012-06-29 19:38:15 -0400
4ff8918b5e8c04be8690bebd60d75d60a35b4c16,2012-06-29 19:33:25 -0400
6b5dbd05af5ba0e3607f73507b82c2c252a86c59,2012-06-29 16:57:25 -0400
a637d960abf8bbdbe00294c41c57d30f8e965079,2012-06-29 16:16:39 -0400
883a5710b943858f6fa1c855010cc43de695e7d2,2012-06-29 15:31:44 -0400
a94cd120c1780a1784d512aa6029466054bbe868,2012-06-29 15:30:41 -0400
0f4e5f52df70d1819814242180be51a00a9b18f8,2012-06-29 14:17:20 -0400
9407ee47693dd99d06ce6f39cf438323911127be,2012-06-29 14:00:26 -0400
67aa284355c3202b4dd2fe7a6f50079c6897cdc5,2012-06-29 13:46:58 -0400
523f3218e6cdf00db4976583f593ce4738476d12,2012-06-29 13:38:58 -0400
84cc4f98c86df83f16c8d9e6010164c218c45ce4,2012-06-29 12:47:32 -0400
3fb679929d7cd48e338b5b6c23b2f88404340443,2012-06-29 12:39:07 -0400
75ffed333ca9fcedc677df5138d590e5c9222a4e,2012-06-29 10:52:02 -0400
269c2e660c52492c121357c4996c939356b07250,2012-06-28 17:23:45 -0400
643ad46c058a7376b58e025edffe685dedfe860b,2012-06-28 17:23:10 -0400
c84e662bac8b4e1c10223226d11bdb4d50e35dc4,2012-06-28 16:48:48 -0400
81bc1cb836310e2ae274d636d5ad1a241aa8b8ce,2012-06-28 15:55:14 -0400
bbaf223b51ac40a4b77caa375f7380618edcc86e,2012-06-28 15:45:12 -0400
23557464b408afc592bd78da052772c802e7d8f4,2012-06-27 17:44:33 -0400
1051b964cc24b20987f86abe6295c3d9497243c6,2012-06-27 15:12:51 -0400
93b1727d3cfe32512a4874f1e21eb0c6b20ab6a2,2012-06-27 13:13:23 -0400
379b474e5846cdfddde4e05e036c55c1e3130fac,2012-06-27 13:03:37 -0400
b91d89929b3b258cdd207c3beeae1501b0eb1f58,2012-06-27 13:03:35 -0400
14d383911c40bc91f0aa1a1b1046f2ba624a89e6,2012-06-27 13:03:34 -0400
f714ce74ca54f5193c68458a79bbf21745001ea5,2012-06-27 10:28:18 -0400
9ade19596a7be0fad23aff450ceb34cbd60ec3f7,2012-06-27 10:28:02 -0400
e5ed19951e235173532bbe350c749091f56f9d40,2012-06-27 10:23:29 -0400
67a2b684ee6d1e1561d2b441a00a40e2398b578a,2012-06-27 10:16:59 -0400
c64888ff279bae3b6e4788f537beb7345268b69a,2012-06-25 13:36:30 -0400
b435483cb6b09533a722a931d8e8159db474a443,2012-06-23 10:51:25 -0400
d5d13d55110a8208432395d8c0706733cb8d5cde,2012-06-22 18:33:29 -0400
6590d460a145a2c69503abebcabe1ed848a5a01c,2012-06-22 18:25:13 -0400
667521f60c7ee8254f4ec2f8f3df658bc20c7ca7,2012-06-22 17:07:49 -0400
58427fe3be00f6a37b4e283ebb347c329d9769db,2012-06-22 17:07:23 -0400
7545bd41d0ea45539a2f6ec0f6d293289a4f9b70,2012-06-22 16:54:24 -0400
2a9ecd4ca3c6e20033a3ae52c2b64e90840bf574,2012-06-22 16:53:43 -0400
cf6cff7b077c32b62f80ca8fed5de16a0fae7942,2012-06-22 16:30:11 -0400
f3e78b4317db75363890d0c0ec1bbb53e7541272,2012-06-22 13:12:31 -0400
d3cf56920344b881754c4357844d1d5c5100fdba,2012-06-22 13:12:19 -0400
d5bba958d334eae5ca0cd0a582804894de9b8e2e,2012-06-21 19:13:46 -0400
bffbf541d1da610dcd3815245a764013ace9458b,2012-06-21 18:50:25 -0400
0399b2883ffe676990409308f98cb8283d3db9a1,2012-06-21 18:50:04 -0400
710d25d803fce35105caf9352432ff211f3443bf,2012-06-21 17:18:21 -0400
3e056748efde83fecf7a5cea3f6dc9b865ac9696,2012-06-21 17:17:28 -0400
979f3c24721e4b5ab941c1216deab3f82cc5a789,2012-06-21 15:58:14 -0400
5e949c3783a54b9d5a33fa9cd01b25bce29de8fb,2012-06-21 14:57:17 -0400
bba7d0ef5f4c67e9af26bd3643a06bade3106fae,2012-06-21 14:57:16 -0400
d47e8a2956f2a9a3567461b39c0a4279ec05b448,2012-06-21 14:47:31 -0400
efce360bbf0924fe97263320caa8ac088435fa43,2012-06-21 14:42:06 -0400
0417306c124d468a2605e329fbfa35f7fa0d1b8a,2012-06-21 13:17:24 -0400
5a0da1bf806d4bc30ec4590604d1d7b3b7bd1389,2012-06-21 13:16:26 -0400
1c05b04e409d01c5aec97d985229d0749b1241b4,2012-06-20 15:38:46 -0400
69c3a8cd92b183b316938f58f6718a075890fbba,2012-06-20 14:08:39 -0400
79822a035e2931537a27d0330f4532c24843a042,2012-06-20 12:58:26 -0400
8d13a052d1c13e06b8146edd5e70ef3af092687d,2012-06-20 08:19:16 -0400
b710ee2fe3848a7d9a7a14a328948960e99631f8,2012-06-20 07:32:27 -0400
51d335e5ae3266cb88b23b4fe3e327cb86b51689,2012-06-19 18:27:19 -0400
9a2891d884362ab04a255aedc68ed2e75eb2b81c,2012-06-15 21:01:11 -0400
a935952adc34ea6c9cec363c554b2981151da624,2012-06-15 17:02:38 -0400
7f100a6a1aba61786ed06a76e3919b11f93f5a02,2012-06-15 17:01:32 -0400
0bd0433a2b8632ff8b19af8ea75d85f731e6e10b,2012-06-15 13:50:08 -0400
3b80f28e1b73bfa7b3a7ff58fd4dd4167e8a52ae,2012-06-15 13:28:59 -0400
b6daa45ba1ae6e1ab18dc0c5b97d2c34a075a488,2012-06-15 13:02:25 -0400
9748e69b3a336399156cace37e17816faa7bdaf5,2012-06-15 13:02:08 -0400
7ea5b809b2060dcd397b0c8ffe72d0e74d4d2b4c,2012-06-14 20:16:58 -0400
51f00c82c68eae25dacb927e1e906bdb8d253288,2012-06-14 20:05:37 -0400
8506bb71f2d49b3cdde3555a5eed78d03be2887f,2012-06-14 18:51:59 -0400
2b447f154521f4c26ec97a66fcc1da5c8a0fec36,2012-06-14 18:42:27 -0400
9fb9d8c405dace4172f4655e0df2c55fe5d45d73,2012-06-14 18:40:28 -0400
77ca4b278764b0adfc25b090b2a9cbbeafc5bf6f,2012-06-14 17:27:46 -0400
3ddd3096154e0a19e9b1364843bb8e15bb4fbf67,2012-06-14 09:51:09 -0400
010b4ae63de4b12367e28c923b641773809912e2,2012-06-13 21:53:07 -0400
651ad2d515aa3402d310691298be4b368cd3ab30,2012-06-13 21:40:00 -0400
8835f124c3f760731ccc8ee52db26baad08c5a9f,2012-06-13 21:24:37 -0400
6f69cbe8d9ae3d02a180304e4a6abc1ef44beabe,2012-06-13 20:40:06 -0400
84bae2444d8ce3ef6e93a63961c855ca2ea55783,2012-06-13 18:02:48 -0400
eb8c339731cfe934cd06430ac42d8e333952591c,2012-06-13 17:57:25 -0400
302c30d4760aad44af4d3f9d9eba1588d2cde493,2012-06-13 17:40:47 -0400
e7aff2cf5727c3dcfc604c4d79e165106afb9a97,2012-06-13 17:40:29 -0400
f96c8dde0033b1b37264d3a9eaf2e6ec84bc9a7b,2012-06-13 17:38:53 -0400
4d4ecedc341ef049719617fd4c146ed70c0748dd,2012-06-13 17:37:13 -0400
1e9ff79db091fe726491425149422fc34b2815e3,2012-06-13 15:55:13 -0400
86accbb8fdaeb063813876d65a29260e1afb941b,2012-06-13 15:45:47 -0400
a36781434545e67bd3dd7711bcee5dcd99502598,2012-06-13 15:45:37 -0400
8f9f0fc8ab189672de2c872831171fbe97413bcb,2012-06-13 14:19:25 -0400
f35afc1fcc25b5b094f71a9433da315a0bd892ae,2012-06-13 11:09:43 -0400
2f3aba6f4e0d0d6e3a88762e1226042425e0969b,2012-06-09 20:38:13 -0400
b3af711e8a6f3a7fe2adadd95093280d8bcf3762,2012-06-09 19:30:44 -0400
6f086a650cf4b968b462586bb6ef1863eca8ae73,2012-06-09 19:20:12 -0400
45b374222ce65e9d1d9085e6d02d692caaea0500,2012-06-09 18:19:28 -0400
2b225ebdfb134d8bdf20592a6e473bbb5b1bc4e2,2012-06-09 17:41:48 -0400
272d515b7e061a8f1ef1f729708b6edc486e2ec1,2012-06-09 17:26:28 -0400
0459a69d913aa01a624039caaabe15e71279cea7,2012-06-09 17:25:44 -0400
2ab94b859fd557f3f03b8cdcea917481920b12fb,2012-06-09 15:02:09 -0400
c113a67eae1d8529f900a9a267cb516e86a694ba,2012-06-09 08:21:56 -0400
c2cd0814baad22385449be5e04e483abfc526707,2012-06-08 18:01:17 -0400
f948bc3c8f8b67fd58580853d7cb178920c0e3db,2012-06-08 15:25:59 -0400
403132d1ff933a7f7ae85174acbb36e2cf289ad7,2012-06-08 12:26:41 -0400
7d0277470e42f64fd794dab51f0dc2ee06636fa9,2012-06-08 12:10:40 -0400
46a98fdf5865e9693c7331120bed5e8ca230f317,2012-06-08 11:23:33 -0400
fe4a89964f9036366cdb862e9994be88f9173408,2012-06-08 11:13:03 -0400
af7e9a33490d483cd0eb715d2f8747ff013790bd,2012-06-08 09:10:05 -0400
6fb04c8fccec369d79333448b6b60850cdc70e72,2012-06-08 08:51:14 -0400
3ffce690cbf7a65cd20403c7b5eeb24965676945,2012-06-08 08:50:47 -0400
f86607fc379f2d6ef1b26430453c9b73bc807b68,2012-06-08 08:39:44 -0400
35dfdcf2f133fbd9f49150d4d586b5b736754688,2012-06-07 18:02:49 -0400
221c83b61853f0b68952b23f7f81aad58e995d4f,2012-06-07 18:02:10 -0400
e913fb4652d03a0c69acbcf3ee94b03be3a82e91,2012-06-07 17:57:32 -0400
b442401cf033f0b262fa1ed6d7705a2568fd9e26,2012-06-07 17:57:17 -0400
fae005eda9e4f51474fd9217dd18bb2bf2118abe,2012-06-07 14:09:40 -0400
72bbdcc572a8e5be6af67d575153da0975538ec3,2012-06-07 14:07:29 -0400
b84d29eb9b4d73d4b1373fc8df9c7676a28f6311,2012-06-07 14:02:53 -0400
f66f4c7d1b15a36fcb281b5b55298b1d753ce493,2012-06-07 13:34:05 -0400
b710e9a23df2a4ffeed77f0cd8bb042cb11339b0,2012-06-07 11:11:48 -0400
0f5dc94e1cc734bb4be227a937e985fb50926cfe,2012-06-06 19:19:46 -0400
7e98640e6974395be7f467dd216c7ea3caa08311,2012-06-06 19:10:51 -0400
af1c4ed81bb8acf8bd5e452937a4d8307a470145,2012-06-06 16:41:43 -0400
8a27c949541e96afbf2f5e4acd0e06f2b7e0dff2,2012-06-06 16:35:51 -0400
5bd68245bec6f147199d0274bf57020909452a74,2012-06-05 16:33:51 -0400
da96df334520b5f407dc09fccdd653d1f8a19ddb,2012-06-05 16:33:51 -0400
826b6795dd58e883ec45431c3c4886a4b4aa262c,2012-06-05 16:32:36 -0400
17f425f2fd661af25c18b4119e6a66c5c7d6a216,2012-06-05 16:32:14 -0400
6f5a840d757feb153bc7b06c7938cd2aad3b3c39,2012-06-04 10:08:27 -0400
4b6b0a34dd8ff941b806f6686cf320301e98c6ac,2012-06-01 16:02:52 -0400
198428a497d3caeecc93d6aca8bad0bce4388b7c,2012-05-31 11:27:36 -0400
2c1390107477faa30f7d469096344721abcd1412,2012-05-30 17:14:44 -0400
2f1d4d9e1f08f8dfc40aa5e5ce743ede3d9bbd69,2012-05-30 17:02:53 -0400
39ad15e41e31ff380441628cc4f172b9f8cbaf31,2012-05-30 17:00:20 -0400
43f970b347a929d4ca3a43ef58fadd7abbfd3b35,2012-05-30 16:57:41 -0400
b97fc4aa7657a4b0426d948fceef50b7388ea60d,2012-05-30 16:44:06 -0400
c5173dacfd17a370b29555e259f36575775a5df6,2012-05-30 16:42:59 -0400
db0c9ebd1ce64c1e1e3f71478ea8e25bcdca495f,2012-05-30 16:41:57 -0400
c16945ab032fe8a0b5b67222cd8420d40213f924,2012-05-30 16:32:09 -0400
636ba9b5875a3c02598d5ed3401856c126eec0ed,2012-05-30 10:09:04 -0400
c4e81df0e4cf587cd33dae797a7e7600e604f277,2012-05-30 10:08:03 -0400
8f82a7897b84f529e75d9cf96ccc69ff0e8b95aa,2012-05-25 13:12:16 -0400
b41ef5596027d44578c0859afecc8a741ed9aa70,2012-05-25 13:01:13 -0400
5711a4f7c940b7ac1514f178c5a01b926a514f15,2012-05-25 12:47:01 -0400
5e374aa613f5aab1e3e8402cbffda7d366b0c157,2012-05-25 11:34:53 -0400
91461e584e588b0ce879a235bfd4abacad51b683,2012-05-25 08:06:29 -0400
4d2675d6d59e0fd5097e4814d3acbb79e8fbdf84,2012-05-24 16:58:58 -0400
b7fa1d2d3a7f9e34cd7860f40d9f0fa9f18b86d3,2012-05-24 16:33:49 -0400
5e42c7fda5d5ffea8fd3c9c219fde53dc872382e,2012-05-24 13:32:47 -0400
7aa763eba83c3ee8af921089c6cbd57d59d5c644,2012-05-24 12:58:50 -0400
6d2440dd7dab987861661a884b7d5cb316f1bae3,2012-05-24 11:16:40 -0400
2ceb8fe8abfaeaa529af9a239a3834fdd94d2642,2012-05-23 17:40:40 -0400
0984aca79c454944e2ec518d6237f1d5bba483fd,2012-05-23 15:09:52 -0400
888119b7054ed7966003f62be4d76ebfab337da0,2012-05-23 12:51:02 -0400
182e48f75b995e10cc7f1155d4c28d66f88ba1a2,2012-05-23 12:49:39 -0400
7f9fb96d42bec670c2a312f896dedb0d60eba10c,2012-05-23 12:43:03 -0400
09c57a6d5f198d1c1adfb72ca7862eff41aa7350,2012-05-23 11:30:43 -0400
95cf4af5c228056bda9fed20ce8bbe9aa57a1761,2012-05-22 15:52:32 -0400
2570f8fe12203534b789d563686f67efc1fe6b68,2012-05-22 08:59:18 -0400
6bb22a8ac825be47868b171204074297b316a80e,2012-05-18 16:17:12 -0400
b1995ac6b3ba9e2893abdd4d9999372025c9da8a,2012-05-18 14:34:34 -0400
08db7c906400d92e37bf38ad3aef641f98b3ee5e,2012-05-18 14:31:46 -0400
6fdb6cf69d6c85b85d3a6b81558ed3a7a8823c12,2012-05-18 11:24:26 -0400
1926de56f150c598877d025d824ff153bb3905b7,2012-05-17 15:45:46 -0400
180122b2150a10ec2424a1936695da629116d862,2012-05-16 13:18:07 -0400
ca16b210d8e85ab04f4e4ecaa45926dfc26f19b7,2012-05-16 13:13:46 -0400
8567e6c24f4963fb1da0e674ab3495a0e4c41cfe,2012-05-16 12:14:33 -0400
ad87f2362b5be2293390d9eb340a4ec361cfcf8f,2012-05-16 12:05:49 -0400
036b93f0f6983e1d6de873b43b0dfbddc22f8871,2012-05-16 11:41:45 -0400
eb8f7cc21444f28d17e563992bb98eea0786fed3,2012-05-16 11:16:11 -0400
30589b445c2ab204175f34b0a22929bfd806341c,2012-05-16 11:14:10 -0400
c5f4e3a8c632172d9af1a7554e4772e6b4605f18,2012-05-16 11:12:38 -0400
2c614fd1d481fa80b76b32e094f52772d085fb06,2012-05-15 15:15:02 -0400
90b012c3e6d15062946430ae3eef4db74b192aeb,2012-05-11 14:12:41 -0400
b211507aa6ad041c50f274d3902d06f707de311f,2012-05-11 13:54:24 -0400
8b5088b68009f6db3f1412c807312a16ea964502,2012-05-10 08:14:37 -0400
6e30cc00b9e1caeab96b48d1040c59f0b5510983,2012-05-10 07:55:49 -0400
96eefc0475fe0888f577813eec24f625f50f8000,2012-05-09 09:37:44 -0400
6fb91d7aa847e022d8484ee950203524a213dc9b,2012-05-09 09:37:26 -0400
90477f859e0320163afa4bfd9afe1248062bd418,2012-05-08 14:27:26 -0400
7e5c4957e24e3d661f0edfc83c786397ce90f6b4,2012-05-03 15:45:08 -0400
be35595994411e0ade8d4327059cd6be4674e5f9,2012-05-02 15:44:55 -0400
aa685a44e9c723b80aac365d2fd27e43b5b0dcf2,2012-05-02 14:58:35 -0400
c6bda6333d0dcb8bff78a0446e44aff2abba0575,2012-04-27 17:43:12 -0400
f4d34ec8a75b8a19929c6436ff36a4538cdd7d3e,2012-04-26 11:27:12 -0400
661151806c0c445f5fe3d3381e5020e1430843bc,2012-04-23 14:47:26 -0400
cf7c4c43852f944bb58ea71642589a67003b17af,2012-04-23 14:28:10 -0400
034862a63c2794e98b6e3faed945210572e30596,2012-04-20 13:45:27 -0400
3b61ee3e8d1bd07342ea488db6a9c07494bda46a,2012-04-20 11:56:21 -0400
3671d65c8cb9819f0f64176cf933e017e9e80daf,2012-04-19 14:50:25 -0400
20b913dc25f298847c19d2f34d123c45bd69f64a,2012-04-19 13:36:00 -0400
18b6ef33aa0adaa397db658276a5ed01babce8f9,2012-04-19 13:35:54 -0400
39cac26c4e89e58c04cccd9224ebcf69e5b80c2c,2012-04-19 12:41:11 -0400
e2a5b3012d5d5564e94385a607209f22c14d3fa0,2012-04-17 16:05:55 -0400
26bfa9850c93a106f8f0bb061a8abd7d5e385b49,2012-04-17 16:05:19 -0400
c54c42a813e9305acc4c0f909950c9bad08d180d,2012-04-17 13:58:21 -0400
ca5129be5c5e5ebf0051072b234ba8a6a585520c,2012-04-17 13:39:19 -0400
d18ba4547daca3d01c33712391da8529ac0c8e96,2012-04-14 17:46:50 -0400
d5aac51f2e809eb6ac368209e607a38f07982060,2012-04-14 17:44:12 -0400
9bb7b1a8f78ef76b2244f25e2f3de0e128d08753,2012-04-14 16:10:52 -0400
c71ec9ac2352607cb9447b581350fdde59c1870e,2012-04-14 15:26:14 -0400
eff343766cce6848a04a47128c0ea5154703edc9,2012-04-14 10:46:15 -0400
7abf1699ef657bd8160f53ab1da901c26c13944b,2012-04-13 14:49:27 -0400
f7b6d91a2277e42ec75f93d4ca79795415a567f3,2012-04-12 12:27:32 -0400
d33561be8117991cfce0266bf00d4a34edc29ef7,2012-04-11 16:41:32 -0400
3b425f184301eb3de382c274e7ce0b93e5276211,2012-04-11 14:44:16 -0400
27a82fb364c0745569afb6cb68b10239173a88a8,2012-04-11 13:19:24 -0400
190f9a906d9649575d8eb8600fe8e7a422529765,2012-04-11 13:18:56 -0400
00767d9a3fd0c210c94132b58f85cf096b1cfcc3,2012-04-11 11:54:29 -0400
2ce7cd0fbc3d862c254ff537d8d590aacbc569ab,2012-04-11 10:26:06 -0400
0728b8b1cc0fd3db1045ca5cd3fc292e4a57fabd,2012-04-09 18:26:06 -0400
535da4196c34a684944493c5691d7c988e68cb63,2012-04-03 14:48:58 -0400
ba7dffa9af3a7302bcdec13afe1e854f4938ddeb,2012-04-03 10:38:08 -0400
c5215d37adea7133151dfe6ac370ca5d1d546b31,2012-03-28 14:23:42 -0400
1b97bcccbdd7576207c97813f4a3af4267abcdb9,2012-03-27 16:17:06 -0400
2b46ad7539973cbdd75fc13f768be1a49202df51,2012-03-26 16:02:47 -0400
e37e8b68babe233d42ce1495fe1cc19ff411c395,2012-03-26 14:47:05 -0400
f9d91cdee7f69e2e00a573accb859617ae149973,2012-03-26 13:06:39 -0400
b2bd31b77a2d0d5ecd5aa695240ccd9cb242bd7a,2012-03-23 16:21:30 -0400
6212a3115ebdfa6f9d7e29afd5a60062d29b06ef,2012-03-23 12:21:42 -0400
e12778574f79e27fb094db0d17048956ccbc240d,2012-03-23 12:20:48 -0400
808af59132f0b71a4cca55cb0905d3c0690fcd93,2012-03-23 01:43:54 -0400
99a5fd18f2f4e00e0bce8bbd697f904664b30178,2012-03-22 15:46:24 -0400
678bea152059493a2245f2a76bb4ed709f3afa4a,2012-03-22 15:32:38 -0400
c4ee0c2819279b27f03452372a157c21ba6dff4e,2012-03-22 14:11:15 -0400
90790deb1b7afdf50ca38711cbc08ee456509cab,2012-03-22 09:40:55 -0400
b324fe147c7eceef05529f9445ad53a808a27d15,2012-03-22 09:24:42 -0400
745b1efd34d3d150c92920d779a3d131cb9626b0,2012-03-22 09:11:20 -0400
a276abd0b34066767cf33e01f64a71d0373e25b5,2012-03-22 09:11:20 -0400
955f4951b88170f4d1e0afa416a9eafaaa22152c,2012-03-22 09:11:20 -0400
c0dd2d363ee201d96017b6d810d5bb8ad958d15c,2012-03-21 13:42:57 -0400
5c047f3e9103ee806bbb0d6764b741d6053b3dd6,2012-03-21 13:26:58 -0400
224acecb0c20f0fe25565ea43cb24c3dc1b00baa,2012-03-21 13:22:17 -0400
60aaa23847bfaa60800467df8df1b8bf1fc65548,2012-03-20 09:07:27 -0400
c4a3599aee38114d974a79e032a5a513f88f4d0b,2012-03-19 09:41:00 -0400
2b84f656c81f985b22146d55a08955e98c5ad960,2012-03-13 15:18:56 -0400
720b92755053d9ff7c424d39751f86900f1dcd2c,2012-03-13 14:56:23 -0400
8ff8d3f8e4bc4be3151af0a53c9d8cb9875ff522,2012-03-13 14:20:29 -0400
e37f23f3974364907b3d1952a7dabbbee02b3723,2012-03-10 12:12:37 -0500
c82748d51468590d3e722164b18f8edc69dc8b77,2012-03-06 16:33:26 -0500
ade42d59e59628fdd2ef92e8ef566fcab9639971,2012-03-05 21:50:31 -0500
216a586be2d6b62d7d2a8d71237cda42c1c7ed3a,2012-03-05 14:37:09 -0500
30cf76abb23a52a45049e3c78ffacd1f35342f93,2012-03-02 13:06:44 -0500
43f1d2f04686058734643cc8889417b2afea3b13,2012-03-02 12:15:35 -0500
1b06dd93ee8cbfdf34c851ea0fe6ad06fa671413,2012-03-02 12:14:04 -0500
c7c664a11ac1a926bc1b140c65bd3d6420362da4,2012-03-01 14:08:48 -0500
4b24f57a588bde4281e8ee814adb2f6d0ee8a342,2012-03-01 13:35:29 -0500
2794308509fccd72a2554011dc2dc4e3d2561981,2012-03-01 13:04:58 -0500
1a02cb7170a193e62464cb12d2873eeaf6fdc654,2012-03-01 10:46:09 -0500
78c1a9d9bfc8fc6e23b2c4dfe3ef9d1a75b7d855,2012-03-01 10:42:50 -0500
c459ddd02343d3837fef5439e224c1993aab257e,2012-03-01 09:55:22 -0500
ad34d369953cae1cf64fa6de83a9ffc001e870f1,2012-03-01 09:16:40 -0500
ce234b79092bffd6de6cf42a2c4c63fe9e3d0379,2012-02-29 22:53:12 -0500
f7dee063e094318b0de92672714958f00f4977c0,2012-02-29 17:49:53 -0500
13c50e0f45a3f59425d21b534693cc7ce3a0fb15,2012-02-29 15:01:20 -0500
4122279b96827c5625e4004a13fb29a9bbbd961f,2012-02-29 10:36:11 -0500
624ddd75be83fa36a4bd0501e258fb7c98e08127,2012-02-29 10:33:59 -0500
a07604425748995f3b0009bd12d0dbd54f367511,2012-02-29 10:24:37 -0500
4b0a11680b812e3469616be1bc55d1c1de11befd,2012-02-29 09:42:02 -0500
c1fc23467014f173293cca3d4fc65230d976d065,2012-02-28 19:02:46 -0500
d331578714ad8ef2f8147a3ce1c3cbac1980effb,2012-02-25 11:08:19 -0500
d048959a13bd5b3a8a99e30cc39b68ebb83a12df,2012-02-23 19:44:28 -0500
65a289239ce45b156fe3e45804e7c90217fcd014,2012-02-22 16:47:49 -0500
7fa0123f422756746ade0a59e782516b0576296d,2012-02-22 16:45:22 -0500
4c9cab9bac77a7f9433c27b89cdb75c24f3cfe8b,2012-02-22 15:11:15 -0500
3e7fdb81675e9aa9599f5ff5d14434a68df984df,2012-02-22 12:01:14 -0500
8f994203b3e60396162a609bae309ab0c56e3aab,2012-02-17 16:38:32 -0500
9bcd49befa97a15e3d403895a6e000206d98ccac,2012-02-17 14:58:38 -0500
544ed8a8dd5ddfce2c6eb366d4aabf338ad3a090,2012-02-17 10:05:50 -0500
27f3059a386d59c8633e57e9ecd983afae454c44,2012-02-17 09:44:20 -0500
aba065774ace079984e4966b0ba6ae57a31c07d5,2012-02-17 02:12:20 -0500
b55cd8ac61f007584df2b1d189eca6a4ae2fa927,2012-02-16 14:11:56 -0500
0f406ed0d3fe2bce37514e98ceb9606c08dfb746,2012-02-16 14:09:57 -0500
be6c589b1b410863a4355f719fe017f4d0dffe30,2012-02-15 21:51:10 -0500
801b8f337de685608013af9b9a3c334c67eb31b6,2012-02-10 11:49:47 -0500
2e062df80c6c527c10b11d7b4fdd0b808a91e266,2012-02-09 13:16:29 -0500
bfefb4a056647171d316c6f3307cf50900cf221d,2012-02-09 13:08:03 -0500
8c66c577b51f496975aba26230844ffad80fc76a,2012-02-08 18:16:41 -0500
aa2f8868da2869ee17a51365719b00b079841594,2012-02-05 13:27:53 -0500
6356af8a6b75aa2bdf3bbca80a78e2233c6911c5,2012-02-04 10:42:23 -0600
08e7642812579e8d23b852202d07f36d1c0953ff,2012-02-03 21:36:22 +0000
60a52a9654e98c42c7d590a54cb8cca50161371d,2012-02-03 21:35:33 +0000
42c0b98583bae6f25ed1990b85a16238f2321b2c,2012-02-02 22:50:10 +0000
2720a6f1e46f2fd7d1458826a97c6a0dba2528e1,2012-02-02 22:08:01 +0000
63d590574b70295f3801bba435ac3ca0eafe8369,2012-02-02 15:10:53 +0000
fd9ceeed1fe568c8fa481ed742ac8ef23d793f90,2012-02-02 15:10:04 +0000
d3506af76d91f0e055434725e780f37259eaf86d,2012-02-02 14:17:10 +0000
e2ef6790f7fe08997b021b80946175484bf7d3ba,2012-01-31 15:41:46 +0000
73139a7f346326b4f67d00374d74e1b4c0327f30,2012-01-30 22:50:46 +0000
8ccef9f978a625342bff1c9fab850afee6419031,2012-01-30 22:05:01 +0000
5291674ed260e01e4d7942ceac055ed9a2eb1508,2012-01-24 16:55:24 +0000
24ec7b0024eb271a8d44df6c4aa6baa9985521ec,2012-01-23 21:07:48 +0000
d7a9384536b193a25d9ed596c9360d1b2c6f79c5,2012-01-23 21:06:46 +0000
80dc64b2af835bdc6f337b6474760815b936a66d,2012-01-23 21:00:03 +0000
166c8c9f63b8ec02718b8e3c25b1c9d61b8fda18,2012-01-23 20:59:41 +0000
5ce193bc80360c7d0fe7968c7bc92e128d36bf9d,2012-01-23 20:57:15 +0000
622697816c940dc264a6ab888cd31679b85822e6,2012-01-21 17:19:43 +0000
8b755f6eb1bf52a09c59249c56c1c13666a250a3,2012-01-21 17:17:42 +0000
78c4644421506a80d5b8828bc0d28f4cdfe5f3dc,2012-01-21 17:09:04 +0000
eb319bfe40ddef66e4ac6023e6355a123ae56920,2012-01-21 17:07:11 +0000
5e422fb0e45d348449724fed18c05fff50e261ab,2012-01-19 20:44:00 +0000
7fb126e6d8cfc2b473077cfcdceb9dd3feaf6623,2012-01-19 20:40:47 +0000
30689d7d9a8f0abc1ffb4eabc49e9a685b25dd00,2012-01-19 20:38:34 +0000
d7a3f993788585dcd75c457a1252f2711f268da8,2012-01-19 12:43:31 +0000
b11fb9b67bdfa383627ef17aac279c4a36898d9d,2012-01-17 18:31:50 +0000
b6b089408ea034107d995051bef8ee31c673c34b,2012-01-14 15:03:52 +0000
11f9a3a51fc6c246f139831e47c248c30f07718c,2012-01-05 19:52:22 +0000
a168e9f20e4ac8e72776f99c4b5b33dc9780e05e,2012-01-05 19:44:02 +0000
c3c3103b4922d115ea0254438a1a00f404a574bc,2012-01-05 19:30:55 +0000
afd13b0322d1f53327468fd5a100ba1cde83d0fa,2012-01-05 04:41:03 +0000
45109792f55431df4d513a0d29b7924f1d148bf1,2012-01-05 04:32:25 +0000
05303f9e66ede897533ad420515a19b431d33312,2011-12-22 19:22:23 +0000
5c78429d2973620badacebf0e6b6fd111e838950,2011-12-22 19:20:26 +0000
56f0739db2c4526f4211dfbac01f27ae07185389,2011-11-28 20:32:33 +0000
b3c61f66131ed7cf023acaf402836d87bb49acf9,2011-11-28 15:48:19 +0000
256cbb8cccd6ffec6fd97615a71ecf605cfbd2ab,2011-11-28 15:32:57 +0000
58653e25bfca257e3c929f9db7f173087c8f1fbf,2011-11-28 15:25:46 +0000
b61b877d370a437a90c4ce3e7b322a2a391d3ee8,2011-11-28 15:14:07 +0000
4fb418a28c84c93522520d5afd355a14a79433c9,2011-09-20 16:57:00 +0000
e64f86a5b0251674cfe04f8424ae6f749bca3f61,2011-08-15 15:26:07 +0000
b3b7e55d72b4a414e2e5b4ed777406492c44a534,2011-08-08 16:29:39 +0000
3fbd2c685aaa9346670122bea5143e1c5df100f2,2011-08-08 16:07:59 +0000
3468041a950f85a99c265bc833cf2096d87d6bb8,2011-07-29 03:58:37 +0000
ed4f26656e4a29b4a7a696ea9eecc6143c8d562f,2011-07-29 03:55:33 +0000
fece4c67f8d052d1c7c4256d6af22099376c18d3,2011-07-29 03:54:39 +0000
