commit,date
0336e2c7e1be7d5510bdad9505dc093e76a54444,2025-09-22 14:43:37 -0400
6221929989168083784b52368d2d5b3ba2fd710d,2025-09-22 13:41:57 -0500
db37ac3c88f5d4821214a037055c7bd71019b7ba,2025-09-13 09:31:38 -0700
3b7473d1140c155684110606b684ec72ea0876d7,2025-09-13 09:31:17 -0700
4a7ee78b12866119019373895ebdd0e9dd37bc43,2025-09-04 10:33:23 -0700
6a6b9742b8b70495acf2ced8982c1197e89054e6,2025-09-04 10:32:40 -0700
ed54b5b12adf6d120109e9c134f527ef4a0b4e74,2025-09-03 19:46:31 -0400
47cab596617030807e3155f3631d80628e8cb29d,2025-09-03 18:45:10 -0500
828726025f34304614feb3aaf18e6ae87b22e792,2025-09-03 16:33:43 -0700
99dbe07e901c5f2039a9d08712832608e6cd0fea,2025-09-03 16:23:35 -0400
cd8ca8bd3c5b94f2ba264aec4d2b05b6463faa69,2025-09-03 15:22:46 -0500
920c1cc0a3b8b46d1af5c4acebb3528c0acf76da,2025-09-03 15:22:02 -0500
ee57d653994b9dc460e350057c9effb689f93526,2025-09-03 12:27:45 -0700
f25bd09d7148d5fe4adba335e4207d42badd2134,2025-09-03 12:24:20 -0700
06e34878a8d95679b96524276e165b34f005ab5b,2025-09-03 11:42:46 -0700
812641a8a414fd71ea0753a839370bed84d38fdd,2025-09-01 09:45:03 -0400
3426a706da9ceea7ee68b011ec116df3bbe57126,2025-09-01 08:43:40 -0500
518285682b82cf5c9aa238fc4858c91866513732,2025-09-01 10:56:44 +0200
2090e99a0fdbfc56ff54e8bc1f751944dfe5df66,2025-08-31 02:23:26 -0700
68ebccb7bfae2c11dbfa8c0fff4c9c4b06a9e4be,2025-08-31 02:22:40 -0700
2753ee21ab8bd2049e4cabac0738acb7342286fd,2025-08-25 12:29:24 -0400
457e3a583e0095c063833fad1e35c374ea9c5f67,2025-08-04 11:13:14 -0700
5f5a0562b32f2482fe56a28bf7abd2a975cf450a,2025-08-04 11:12:38 -0700
ffa8b2c33661bb97e99efc4e1fa4bacecaa22525,2025-07-22 13:23:25 +0000
63c9aef81829491c2a14a747180a0bb12c41aaf7,2025-07-21 10:24:45 -0700
1b73d49c7dfbe75758fda3082eb2a4a3c40c2766,2025-07-21 10:21:43 -0700
c03dce6a9ae09e2df84bce452faca1b96e8f80a8,2025-07-21 12:58:05 -0400
726ef3a699eb1f1bacbcbf7cf4315c3cb2acc5b3,2025-07-21 12:57:56 -0400
98ed7395ffd00db8762f042a54f637e1ea518402,2025-07-18 06:14:33 -0400
c9e98d8eabfb31198069eb3d31b6537428978e6c,2025-07-18 05:13:52 -0500
a24cf30f56647b865eefdbd6a7fdf54dc82847c7,2025-07-17 22:37:58 -0700
4231dda4d7357ead93b3413819842f9a4339ae91,2025-06-06 13:44:29 +0200
82762fade3a17f4d90d780f2a7a1e4c41da6d095,2025-06-03 16:05:28 -0400
2aa6afd2046914e57ca71530ce426d182b17f920,2025-06-03 15:04:45 -0500
1c4618aa7f0be27c6635553a3517f7aa3f6b21f8,2025-06-03 12:21:42 -0700
4dd4209c2a54f85321dd62bbc107626ffdfe4970,2025-06-02 13:57:44 -0400
71f39be0d1ad0283256c45f63912d8140f938e03,2025-06-02 13:57:04 -0400
0537c89cd783681b986ff8f8c4e0b97ec6873371,2025-06-02 12:56:21 -0500
8c6e1a1df588c4edffc4cf346746c1f940566637,2025-06-02 18:15:06 +0200
511ef7c6b52afbf54e1ce1721ea2aa302f06918c,2025-05-29 16:34:26 -0700
14ed88acc4a5f6db72917b4d6aebadb6c48614eb,2025-05-29 16:34:18 -0700
42473ad2c3c45fe63fa56cdd7db01cff241741ae,2025-05-29 16:33:47 -0700
63987d84fd6d727031c391c719b399081454f2e0,2025-05-29 19:03:37 -0400
b72e2390cd2aa90706d4b8e122a0bfcd711bece3,2025-05-27 20:12:14 -0400
455d7a0cba1eafabc6d31fd7880baac9d465807b,2025-05-27 20:11:33 -0400
0db9294153def97023ae605b083bff6eb755f82e,2025-05-27 19:02:00 -0500
e87534472bb767ae372d1c44a86e6205674d615c,2025-05-27 16:14:48 -0700
145dcfb799fef757e41af91cb71232465fa70dc7,2025-05-22 12:46:47 -0700
7ac069de276142fd824070d031e8e1314a9a1e1f,2025-05-14 15:40:04 -0400
60bca8f5ce01f69921b01b4c3364ba5790aeaa8c,2025-05-14 14:17:20 -0500
9aadb0cf8d0091caf76d5ac0f73c12e7eaaafff2,2025-05-14 16:19:02 +0000
02058e7fc73b52a8dc0ef1176db81ff80dff9e15,2025-05-08 14:23:45 -0400
07816bfb69911224a803629883ca3922712686b7,2025-05-08 14:23:13 -0400
ffbee1a4606b76309d3a2ce123209e2ae9029c53,2025-05-08 13:21:52 -0500
6840f7cec4fd1c36fb01882c7a9b9baa55e2b340,2025-05-07 20:50:10 -0700
60ddc612e165f0f771a2074cf1d256ea0eb0a5b5,2025-05-02 12:52:53 -0400
93fd2427c403d19b51fea403aeba080dcbaacfbc,2025-05-02 12:51:44 -0400
1ac97e37d3af5841c69404063a6aec6f43294ce3,2025-05-02 11:50:16 -0500
9534601d3bf65d075a493bf2c49838237c37d994,2025-05-02 09:24:11 -0700
604234891ffb488df5b3174e16d2ce36651d4d30,2025-05-02 09:24:11 -0700
27785d6bbd55ff8e8447388f1f636bb631bfe0af,2025-05-02 09:24:11 -0700
49effea0238257e8f1e03d54791ab32dd7d2c1d3,2025-04-23 15:24:05 -0400
aeed51190e8e184e3f18d5661a80a80989b742a3,2025-04-23 15:21:29 -0400
a4dafe961c37e6d87cfa43c64f608327529a2596,2025-04-23 14:20:24 -0500
29b56ff3cf98f5d027189896a3638fb0009b1846,2025-04-23 11:31:10 -0700
bd0a342931c3d96af8d745034d1a317f87f2f728,2025-04-22 15:49:00 +0300
f9e2653398e07d6603ed63cbebc92290b168751a,2025-04-22 15:06:22 +0300
892dc9840cbfa33355342fb8a11c12501ff2f86a,2025-04-15 10:58:22 -0400
cce4fc6500f368b9251a9f590dd5c1be654c1f86,2025-04-15 10:57:44 -0400
e09efe3e6e652a5e477a1c1efd224dd544f61381,2025-04-15 10:53:25 -0400
0103b27547f1fd5d5ff5bd08df92449a36f94b15,2025-04-14 23:35:34 -0700
73c149774461e20fe3f3259f87febbc2fdaa3640,2025-04-14 22:21:07 -0400
74e597397a182c9c55c5e0b682e54bf5a6833c8d,2025-04-14 22:19:55 -0400
b9f43cd8f0553721ad8700cda924c9b8e90f61e9,2025-04-14 22:19:05 -0400
4670ad0b90e30cb1ac6fb33c3df9bd78e747432f,2025-04-14 18:45:04 -0700
f6d4ed801c0f16a26b1dbaf7870b99c25e3a8f3e,2025-04-10 06:29:21 -0400
94e9a9b3e4be257ca3942b24d57e6622d2a2b32a,2025-04-10 06:28:41 -0400
5c3ddb4f008b2805136be14831bb2173a73e63f8,2025-04-10 06:27:46 -0400
f4209bec74a908031e10acad1efe90e1d80f13c1,2025-04-10 06:25:05 -0400
91d47fea585faa24ad1f8e8fa40d5ea8fec0f98c,2025-04-10 01:25:57 -0700
0f80d0ddf25977208b9be72d8319e3ece15a28bc,2025-04-10 01:24:01 -0700
3124b4493b742debba7d03e8b91a94fb1d215fc8,2025-04-08 16:37:08 -0400
efc688c1c8108c8b4884fc84efd3760f4764d1c1,2025-04-08 16:36:36 -0400
7d4009f91bf8e26d22a98a6acb401cf7434625f2,2025-04-08 16:33:40 -0400
95dc96cf33232be8f5485da846c00a56ab204446,2025-04-08 11:25:29 -0700
7d728aa23fc046a85dc8929d5c571e8b75825ec0,2025-04-07 13:06:54 -0400
5856c3bc69aefd78dec0f10d2e4516901ce64b78,2025-04-07 13:06:11 -0400
8ffa8970889b574d16dc17e2b6bf0aea5f17ee52,2025-04-07 13:05:26 -0400
bfae010ad9d909370b55aecc352bb87371c5a063,2025-04-06 17:57:53 -0700
78e0436dc202673686dc8a7741eca6cb21513d77,2025-03-07 15:15:19 -0800
4dfeab73b3e637180d88e4b515ce3ff4a15d140c,2025-03-07 15:14:26 -0800
936645bad9dc06a972ab9ebbfa2cf9e4b0c0a99b,2025-03-07 15:06:43 -0800
ddcc335166b4f966841cc14a8957cefcf3d84566,2025-03-07 18:42:07 +0000
caa6d3b523fd291eb8ee24a43345a5c49c64fe0d,2025-03-05 17:09:34 -0800
474841cd4c3e0f6daf7dcf20e1a194afe0167ad6,2025-03-05 17:08:35 -0800
3f15ea5ae4fe12f85df932a9220483e7088f7fc6,2025-03-05 18:27:04 -0500
61d0cf00b3b3f751a0c51548afaf4cdaaac0328c,2025-03-04 14:55:00 -0500
fdf555f143d8b441b8f05c294c00cfdd29921d77,2025-03-04 14:54:15 -0500
da80543ddf1691e086d05919da3a5788d31d131e,2025-03-04 14:53:28 -0500
fd138fba164721ed78da75bf332be12a01ce6ea7,2025-03-04 02:55:31 -0800
dc74bdd3d64afc68c16ebe5d8762a94f3e046a96,2025-03-04 02:54:05 -0800
e70e362b6b654a7c7e3d2cfcc249ae3f4ac915ff,2025-03-04 02:41:37 -0800
14aadfbc7ad9ac23c8bf5d60d407ea556f2b9400,2025-03-04 02:41:37 -0800
405cf34d63327b4c691015cf08cddc92ab19cbc5,2025-03-04 02:41:37 -0800
bcdb62fbe7fc9f3a73c08073b5dba614e0a75b4b,2025-03-04 02:41:37 -0800
51afe5ade8c7ff90b9cf420a5f8043db4eea5589,2025-03-04 02:31:02 -0800
78990d97dda5fda4cfe64941af72c0d52761b27d,2025-03-04 02:31:02 -0800
9d08bcf4a97b6cba8a2ad1091c81c8a4c579b90c,2025-03-04 02:31:02 -0800
3d0b0543d6a077ccbb7966094ac940b180328dca,2025-03-04 02:31:02 -0800
7e3535e7ba0a7fcd0af4cd675dcb63740675c99d,2025-03-03 00:14:00 -0800
eb608366b768e17390e45cfff8c3396a0977e1b2,2025-03-03 00:13:56 -0800
4e5b78cbf73b75065c2d7aaf58a99bcba7d9912e,2025-02-26 19:20:37 -0500
4372eae83f151f6c2cc5c86c7bbcf5ac13ebc5d5,2025-02-26 19:19:12 -0500
cd6944c78df6fd60a7bbb0710a2d04d5fe6a0090,2025-02-26 17:21:48 -0500
21cc3a64c5c6662db22c9b77c904fdd1801310ce,2025-02-26 00:02:49 -0800
4c0a8341bf140fda95c1d15fd976eed7d42b98c9,2025-02-26 10:24:37 +0900
77ad786bf30b7e6477849a7b7d116c82cbebc95b,2025-02-25 15:15:09 -0800
55d25f9f969a64511773e7d893fab420b44cf502,2025-02-25 14:36:12 -0800
8aec82fd855e0769b8db98d17156fe1eb3cd4fd5,2025-02-26 07:12:40 +0900
cea71eb725c586a51c3c940513fc785b3b4ed07e,2025-02-25 12:41:04 -0800
b08e0beb4bdb8888122d4dbbd11fa09f642cbcdb,2025-02-25 12:16:18 -0800
a672229dada96f8036aa6f2443f53b718528cc72,2025-02-25 12:06:25 -0800
c9f2e451cb31536548449b27453bd245d1a60f72,2025-02-24 20:45:43 -0500
36dedc935f923fab1223e5514831605890644325,2025-02-17 13:20:05 -0800
355c6d4efff096d2d7d0e31fbe959497a3bca6fa,2025-02-17 13:18:38 -0800
e0f1b039744a47192c44a8ce98215f2922168a3e,2025-02-17 19:23:26 +0000
f3d92c437248802af247ddbe5fa868ec8a083334,2025-02-17 10:41:06 -0800
e12eb892ffb89940049689ebcd842b8dfc7eb465,2025-02-17 10:21:19 -0800
846f81168b6fa22515136330f6795b4ff5b32698,2025-02-17 07:09:04 +0100
c276c49fb6b05a9b6056263fe8a78f5f56d41428,2025-02-07 11:08:31 -0500
4b95f5533c3b072a7c33cf1f17bb6ecb828b61ae,2025-02-07 10:29:41 -0500
38541c63aa964f769f1b6ca8e12cc21b83b761c5,2025-02-07 09:28:05 -0500
f2958ffb552dbfdf7064169e459429ff7a0773e6,2025-02-06 17:00:39 -0800
1a57d41a1b5dd411efa592fa647b3bc58e499cf1,2025-02-06 17:00:39 -0800
89a027b9d1db6215e890f824c4ff5ec030ea918c,2025-01-30 14:09:20 +0100
0bf63903ff26b6e1de16c90b1f8025470e0114f7,2025-01-30 13:50:58 +0100
542e09f503af81e4af5b5a9b8338ca6ee2425e26,2025-01-28 01:47:52 +0000
56440deab776c5e5cf9e818286781079626196bb,2025-01-26 14:11:17 -0500
955e125408cb9d08937544787d620b51b5756f0b,2025-01-26 14:10:18 -0500
e181b8eedefac7b389200fe1ae1df81738131d02,2025-01-26 14:08:54 -0500
77a5723dd953b8ea6b4887d70a1e345977c1a051,2025-01-23 19:50:30 +0100
8b184ea181874628b6c2ae442c2bad7fca41fb1f,2025-01-21 10:11:32 +0100
fff0015f9743fa72712089b2c85a46e9b67fa5d3,2025-01-20 10:27:45 -0800
eacf7c743f2fbee266f614f77b0014acfe763e49,2025-01-20 09:32:29 -0800
65954c21078e3caefc1d82b0450d0f292bfa9893,2025-01-15 15:34:54 -0500
a3b8146ad31a6d4f53343844f14182b19760fffc,2025-01-15 15:16:06 -0500
05c36c4c2645f5314289c46e3321435b6a261363,2025-01-15 12:03:54 -0800
4c40256909fc1f2b28eb15b5fe746a00b3727a5c,2025-01-15 09:40:19 -0800
c0f7852a12cb76ea97e2024e43efe5f87ed9e011,2025-01-15 09:36:51 -0800
7de08098a3fe257caadfc5198eeffc9c4409bf8c,2025-01-15 14:45:57 +0000
7a716b765cdbadcb1418fa94952349f8b59ce258,2025-01-15 14:23:00 +0000
1454a5deae0cbdc4825a2c0ab3387fa42b4bff24,2025-01-13 14:52:43 -0800
54fdd3bf564de2ef0e76c8c7dbeab55a91712d26,2025-01-13 19:36:22 +0000
0995eb8eb83e0838c3faedddc358f468fbbb03b2,2025-01-02 22:11:27 -0500
b3e21b7c70a42c5d147eaa7ab08d4817bb9a1b46,2025-01-02 22:10:38 -0500
0460352401852217feb6ecadb38ff6ae1c9ef70d,2025-01-02 22:03:06 -0500
38d1bc0ef2ad5b8827337c14662ef87f0be531fa,2025-01-02 15:55:36 -0800
2df43bce9c00ce302e307305e36f291194fe324e,2025-01-02 15:55:36 -0800
64bfd452eaa1ba0b49b910140e7d80282d15d48a,2025-01-02 09:57:23 -0500
88487bc536e0c90d42de52af05bab57ca89e31e0,2025-01-01 21:13:24 -0800
ce98043c161f4f4af60a2dbe78c06462c3366cea,2025-01-01 21:03:04 -0800
607e6118ff06f81b591b1c6ec58bc433fec0e667,2024-12-02 18:54:33 -0500
63f95f3ea0b14a55893c79c3b0b0c5eb47e27b7e,2024-12-02 18:53:55 -0500
333b73c3ddbb5756803a385b599988606ed06aca,2024-12-02 18:53:06 -0500
16ab5206648ffc1d5adc426ce184ee8954a515db,2024-11-27 11:35:12 -0800
494c4ce05ad187b4640461e16d52acb147cfb819,2024-11-10 10:47:51 -0800
1ae04849f90bb7214b153e21337e573318c47dba,2024-11-10 10:47:00 -0800
2e8d2f3191182616fbb0f3cae6018683030bf3be,2024-11-10 10:40:34 -0800
f314e78c7cf7a41f1d709f18e0bfc3d58b440b92,2024-11-09 09:24:14 -0500
cdc452475144a7c22d4017a8d77f6837aeb20be2,2024-11-03 07:40:07 -0500
ddd09969d8dc55af4cf9f6127adf81717e36961d,2024-10-31 13:30:46 -0400
b5c9a08e598f66d4196c8a941a0d0dc026aca6fe,2024-10-31 12:06:19 -0400
2770ef3a37961ff00b355826829c031b55a79493,2024-10-30 21:03:21 +0000
240dcd9a523a0438f57894a05c24f0c3070e5cee,2024-10-27 22:29:12 -0400
d3da20ff54c90fa455fb6c86502adcaa7c571b85,2024-10-27 22:28:40 -0400
397467a346b16603a4ae0a58a5009b3ba13838ad,2024-10-18 11:33:12 -0700
55d1b0d7c1c07d2551190f0be618a3e7c355e8f0,2024-10-18 10:46:57 -0700
b26c37eba6459e74174bb4571513f437142359e9,2024-10-18 07:29:10 -0400
2c5414aee24383774f76cbb783e1ff9b9882d04c,2024-10-18 07:25:33 -0400
8d1bf0393f7caa1363596ea694e60cae1ea384f1,2024-10-17 21:12:36 -0400
32eaffce621c828dfca751575cac506d02b3df19,2024-10-15 20:12:09 -0400
bbede31adc70b6be89554e4e4c47a930cdf8e08c,2024-10-14 12:11:45 -0400
56fb1dd59864ccce4dd5690eda121e4b4f691be4,2024-10-14 17:54:57 +0200
61f6c8ceb13671316c9e5f13d7a67273793be6c9,2024-10-12 16:19:56 -0400
d558a44c809e6042ad6b834cc9e222926cc1dda5,2024-10-11 12:53:53 -0700
9f0df6899286b72cb278b130d0e7bbe7496a51a1,2024-10-11 12:53:48 -0700
3fcc59a8a5209b43883ca3298cf68d62799518ab,2024-10-11 12:53:18 -0700
76d37b40719c01d76114e95d6417493449b879cc,2024-10-11 14:10:31 -0400
3d86026cb1760a0ef7a64e63d69407109e1bb962,2024-10-11 12:38:26 -0400
b2f74a68298049ec3d2f1500a23680375100de0e,2024-10-10 07:46:45 -0400
3839f9c2ca8573e7b56de68ce5a8d0ec9049ba30,2024-10-04 14:30:52 -0700
18ea137dce78b9bd0e18ba3e45b4516f5584c026,2024-10-04 14:30:50 -0700
d433a2751cfdfacf8cd8897e3bfe419f85a69e70,2024-10-04 17:26:56 -0400
71f26e966f7f6b42d87b1a1fa54bd0742a304710,2024-10-04 11:03:40 -0700
776be04f20091cff7366a8234080d3208b87113d,2024-10-04 10:36:19 -0700
06786ff565847444bdda77b7d4b0faaeb523920d,2024-10-04 06:52:59 -0400
adfa371a06b873badb22f32dac2226fefb122170,2024-10-04 06:39:57 -0400
b96b4946f241f310dcea78c45ed3e2abcb775e9d,2024-10-03 12:11:01 -0700
2bf93c1305caaeba1f15a076f84360e6c273e13b,2024-10-02 09:27:17 -0700
076f73a3dbc8a877c35e67fe45e6a0ad481566fb,2024-10-02 09:25:03 -0700
02138fb2088a27f39385679c7129147e76758b7f,2024-10-02 09:24:37 -0700
116f709454000a15651c77a39b79f173c9f1b24e,2024-10-02 09:23:27 -0400
4d5101574aa380f58098eed1df3ca5efd2daf413,2024-10-02 09:23:27 -0400
9320cdb4818344044c32a81070cdc883fd68ee6b,2024-10-02 00:02:13 -0700
9557cc9120d349501ed8f9a13d5434d081c35560,2024-10-02 00:02:09 -0700
5d44ae4f379b4fda4077e6249b9c0cf462bd4f98,2024-10-01 23:59:29 -0700
95cd3867912396f1867175fae8a9531b948f7b20,2024-10-01 21:16:05 -0400
40620e445cca88c0687e14769b2d7375b3eac703,2024-10-01 09:43:10 -0400
fd9b5b518c3f9ed7711746ce343ba0ba7857a940,2024-10-01 09:42:27 -0400
ca343c7304fb83b88cee02fa21115403ae8bbde3,2024-10-01 06:39:47 -0400
2b3792251686dd1f5f5a4529ed7a71c5ec8596a9,2024-10-01 11:24:30 +0200
1e04d6d3664cb336391369dcbcc018921d26ca9e,2024-09-28 07:57:24 -0400
cc14281f01793e4d317eb5c26a288d4c4213c0c0,2024-09-28 07:57:24 -0400
d97cde0e6fa140c2e2f421d69950ab0a9aae3595,2024-09-28 07:57:24 -0400
7cfe979ed1c396315a3aac534ec3c184bb2317f5,2024-09-28 07:57:24 -0400
042b99bede68beb0941925dc511d4bbc23c1a6b1,2024-09-28 07:57:24 -0400
8ad254e89ff6ff9ae0f4a995e091f7f970d384b5,2024-09-28 07:57:24 -0400
422db894f3fbbf15b4f79e089a4d2f2b23812288,2024-09-28 07:57:24 -0400
1b7c35e189318cb984ccf6f2c499544ab6ebf6ca,2024-09-28 07:57:24 -0400
e7279f0a8dd3453310f344c979612bed6f72af4c,2024-09-28 07:57:24 -0400
1088f60a4922f1a674f27a678c2a94e133c1652d,2024-09-28 07:57:23 -0400
38dd5a41d9844504673ad6308bf1bdbab940ccbf,2024-09-25 13:34:47 -0400
7a158c0285f70e6396d7e3ef615722e1508c5e3a,2024-09-25 13:34:12 -0400
2168b44be0b285a27c7c543c107de49876ebe781,2024-09-25 13:32:57 -0400
3d0f43b558211264d19bb1c661bf2ae8a1c20dea,2024-09-25 19:23:16 +0200
ea43caa7db6802a1f44c230be9dd1fd5aa7d7ccb,2024-09-25 12:48:14 -0400
d9f61cef752801cae998e0a28e05c1d478bdb686,2024-09-25 12:47:30 -0400
19cac3e0abd744ba263aa9cb9f09d13c61b3cdb3,2024-09-25 12:46:30 -0400
595f3547f997b23d2a35ee732dccdf61d795098a,2024-09-24 21:20:05 +0000
f95a218cc82eca8eee948b8e903cfef2b0da872a,2024-09-01 18:48:50 -0700
3de0a1e9df5e801c8068f48a290feeef1d37523a,2024-09-01 18:48:43 -0700
073d1d476eb76854345cfcc8dd69a968a6a31c8f,2024-08-30 15:23:15 -0700
48501cd316aad1c6ba5d7ad918c920b447b3a56c,2024-08-30 15:21:22 -0700
3840b09dfb0b52466ca3bed275f5f3607c77c32e,2024-08-30 16:57:43 -0400
1cc677a0e9deb05bcd3f46c1b4b77b84339f5c7c,2024-08-30 16:43:11 -0400
387f65590c8d9bb4408bf2ee62e98cd81831dbc1,2024-08-30 16:35:44 -0400
bef7e30ba2844a8fd9d7fb659f12dc266e80ab6b,2024-08-30 10:52:54 -0700
df1745faa7637da5141a64ea10437dd508abca1f,2024-08-30 10:52:51 -0700
0301a1148ae733f585802832c1737c0f19da254a,2024-08-30 10:44:51 -0700
9bc6150369f27c6c6806f9491e1fa7e032820908,2024-08-30 10:58:31 -0400
9da12896773155ff5a0e1ed9f10eef7144b0ac61,2024-08-30 10:58:31 -0400
29e4a00c65481a7f8cd71d990a0824ea2c44b09f,2024-08-29 19:49:57 -0700
5f8afbddc4e4ab46802ed7422da9c4379bf17888,2024-08-29 19:48:12 -0700
7d8a6686c17ee486dbf6b5ec2e7de0b8c8dcee39,2024-08-29 22:14:52 -0400
6fab0f5036f7d489790962b6a8a3e9c709f4b64b,2024-08-29 21:37:46 -0400
2799df6797c5f9a62ec5f8cad2f5209190270c65,2024-08-29 16:47:28 -0700
289cee82db09ecbddbdeb126424a337098250649,2024-08-29 16:42:48 -0700
afe1e86d903bf21bafde0b27ff3116dea71b4001,2024-08-29 17:07:17 -0400
8f6d0c37cccb1af7c74aa2c468af739ba0fccdc0,2024-08-29 17:03:48 -0400
f6c2787dc113a6f38d4b2421a636fd80e47d82ba,2024-08-29 00:16:29 -0700
086802ad2fd49324e144c9623f3a3e5a63533d69,2024-08-28 23:02:39 -0700
929f6c7f6d4c229d8e77b7f8bbb636d60509fc51,2024-08-29 00:16:00 +0000
468c05070f7c4e64dc7d067cb8431c0bbd728948,2024-08-28 14:38:26 -0700
2a0e06fa05a67be5d7f2519ef9ba2eeee815bd00,2024-08-28 14:38:21 -0700
addac2a263190d028501d191fb455d60d71c6a14,2024-08-28 11:26:11 -0700
d3b784dfa075a7245def74653bec09a4a3a4429f,2024-08-27 23:47:37 -0700
0bfc20e51199d76d70a9c851246fcb6c6a3a8fed,2024-08-27 23:47:25 -0700
9884bb2c0d9fe3205ab39103937a3601d97f4a8f,2024-08-27 15:43:37 -0700
53afb13a83b5fa9761d59f159d9ce2e835e4a6d4,2024-08-27 15:29:26 -0400
8ecc64b30ea0dea457647662ba58dd6ac64b20c8,2024-08-27 11:58:31 -0700
24443d6955169375a638f831c10d756cab187d5d,2024-08-27 05:55:05 -0400
c243af2ad1d36339d45f650b66a4524de8b2beb0,2024-08-26 23:52:32 -0700
2a97e327fbc825323b78d726a38db524dedd6029,2024-08-26 15:49:04 -0400
821af60a88ccebccefbcbdab8e013fe27f07b287,2024-08-26 15:49:04 -0400
b92222c3a09eefa9d5089c0d7e816ecba8039652,2024-08-26 15:49:04 -0400
d5a27f093818e3f5c74d13850e2350b904c039b3,2024-08-26 00:26:23 -0700
ad3a007e99d9c8af6e154f1718911110bd4cfa49,2024-08-25 08:36:43 -0400
e11c761c9fa0905541c214c6bb086845716b66fa,2024-08-25 08:35:52 -0400
8525aa15d74133732136eb75929c390382da4331,2024-08-25 08:27:16 -0400
24883a2c9f3652823af24eb3f1962f931f75c064,2024-08-25 08:21:43 -0400
ab020234c207b11e0048ed1ee098acad22c4b100,2024-08-25 01:06:39 -0700
b2f6e24bcbd6cb30a8dd638acfb52721248ec9b0,2024-08-24 23:35:11 -0700
f53e23ca757845f5fd48a9cda853b21286b12e46,2024-08-24 23:21:57 -0700
662216651019160429721a5c8db647bb13c82a1b,2024-08-24 22:29:54 -0700
e76ba5644f799159d8efe0f8f54f71cab256dcd0,2024-08-24 22:29:23 -0700
30716c6963e2632cae4744a3936568733ad81571,2024-08-23 14:15:25 -0400
7a66ec9a7fc802835c1b9b2efea322ccd8c62360,2024-08-22 23:31:44 +0000
68a0d22d2ac284ac1bab442b6a2b38e34107cea3,2024-08-21 14:39:54 -0400
3310272b7e5a706862dad0572e115abfa32aa764,2024-08-18 18:11:01 -0400
124bb2fe8dd4133887b0a5531f081071dc1fd692,2024-08-18 18:08:45 -0400
fedda30495672c191fa6ec2b24c8af5e73585a3e,2024-08-18 18:03:32 -0400
af6e884b80c4e29ddb0a953d0a060de0e8de291f,2024-08-16 15:27:46 -0700
f10fece04213a3a5731a62e3e13c34b097e36ba9,2024-08-15 15:20:32 -0400
fff7ba41225586501869194b46db8a36ea910cb1,2024-08-06 16:38:12 -0700
77d4de10d2a94a54339db0951f3bbaf210c6bc64,2024-08-06 16:37:49 -0700
f87fc3f99c75968c21e3ce76d7c322503561855d,2024-08-06 00:13:03 -0700
61b43f420f61b206947178e36755bf1aff807f17,2024-08-02 17:03:57 -0700
37d8e5ada9ce50adefb2f65ed20082e0b86a0656,2024-08-02 00:32:42 -0700
b2b1452e119f71b0afe141064dcea4036db727cd,2024-08-02 00:32:42 -0700
ce06f1c559999ce1564a1e25d2cd868a191133ea,2024-08-01 15:29:18 -0400
deb858a6d1e645a4170f522cf068b95baa02bcb0,2024-07-30 14:14:03 -0400
7073a9caf77565d58d0bf8cdaa9a818caca44f4b,2024-07-30 11:36:31 +0800
2ecad02fe1a90575892f59550c4233a6318db5f9,2024-07-29 09:25:00 -0400
614cd550bd1c1d11fef48604d5e3d87ced07009d,2024-07-29 09:25:00 -0400
9139bdef02b2c7334f9853db3240fdede1c61831,2024-07-29 09:25:00 -0400
8d1a9fdf428a2971a57924cdf589fbca6af87efe,2024-07-29 09:25:00 -0400
6493a2313bd976440fea9479742715040662ed74,2024-07-12 07:17:50 -0400
2db835196e4c4a1eb37d057bdf3cb78d7bbfc527,2024-07-12 07:15:23 -0400
e5817c70045753e41f162130afe4c7064f68330c,2024-07-11 16:10:27 -0400
04806f8d0a20d9b8c812f655585829ec403a580d,2024-07-09 10:35:59 -0400
24e7e05ad98f5a0203ec58434e3940bd66d51e0d,2024-07-09 10:35:59 -0400
7b7f76f80cbd0f264251b03e49825782695bad4d,2024-07-09 10:29:26 -0400
4dd7a84dfbee049db8646489e75a1b6fedd37d96,2024-07-04 12:23:48 -0400
9a8a5f33189758b692de331064b4c2e64d5959cc,2024-06-21 15:29:36 -0700
31d14a2b06a508a3f57224b19eb66f68c9bafc34,2024-06-18 11:21:33 -0400
b91d96b0900ffc2d53c5ed18f07f957e14a71978,2024-06-18 09:10:32 +0200
9a771918666029de5b88b52ea113714d40fc54a7,2024-06-12 09:34:13 -0700
279dc3866e6d3aa8f020d71b1ba0598340de45ff,2024-06-11 21:40:28 +0000
ea7c5ef18ea977bc1691f119ac2e2a29f7a55b19,2024-06-11 18:43:38 +0000
284353da48112bf8e226cf6be97a882b79cd07a3,2024-06-11 11:19:52 -0700
62820f12a317e9e537a8c59fc8790a43a8951f29,2024-06-11 11:16:10 -0700
429d96888e10ba5ab19bdca6d513c28b11a8e1d9,2024-06-11 17:27:37 +0000
94988d944f3171ceabb509f7eba598b7fb59bd01,2024-06-03 22:42:09 +0000
60f53e9f86a7f173f83e811a0949fdc05e493a1c,2024-05-24 14:56:37 -0700
d07957f79c05d091f9b5058f56f32a288e76bc75,2024-05-22 20:32:05 +0900
50fdb34540b0dd2fee10ff96210af5b5d7aee49d,2024-05-15 10:37:06 -0700
27bbd35a3d8d7bfb41ac50dfc145e1314121d289,2024-05-15 10:09:20 -0700
d0a0c1af2550f40eb09c056447ab12a2fe975e3c,2024-05-15 00:48:59 -0700
3b8be53d25c1eb123a83ae56a487cd1d0c604641,2024-05-09 17:13:48 -0400
1b2da5fbda84ad6239420625f799f097453dc71d,2024-05-09 17:12:52 -0400
7317edd17df5668feccb1786ec562f3309aaf968,2024-05-07 08:23:50 +0900
b92871f11e5ffcb4a611b46aad7c60c025cb0ce4,2024-05-02 08:05:17 -0400
c721ee21a2740b771ffbe1d7f09ea8ebbacfd962,2024-05-01 17:32:45 -0400
58d6828e17b92c9c7c0a85a0eb642ac98fc411e3,2024-05-01 10:24:13 -0700
73f05ec87d5e8bf3624c79455cc7b7f54e143ac0,2024-04-29 08:43:22 -0400
ee75b01c50c463395807dde9f4b3a32f01025733,2024-04-26 00:43:51 -0700
ed4c0ab7792606f4c0e573cdb5ce4fc44ad31ea6,2024-04-25 18:43:15 -0700
4a0e9f310f8af0abdd7b377e9cf2324590b12de1,2024-04-25 18:10:48 -0700
13bb5f0e30d396f9e0aa70f367fe8cbc3c4a5fc1,2024-04-25 18:10:48 -0700
9cca3dc6574e8446fdb55ae4f555930216a664b6,2024-04-25 18:10:48 -0700
73eb4536a9bfaab3ec87a952d3438025c4e381ee,2024-04-25 18:10:48 -0700
3859fd2f1c57da9bc28462a8bc5eb4f04a75a827,2024-04-25 18:10:48 -0700
23ed76d4600839fe6f42e63385c05ff0bece67d1,2024-04-25 18:10:48 -0700
6dd4766da4b3ec612e70c20189b6b856b174dd20,2024-04-25 18:10:48 -0700
d6ff746808e07d487761f6b929b2655e05c5224f,2024-04-25 20:44:03 -0400
1b271a2407279c56aa864c9de5b1c6490e032a36,2024-04-25 14:23:02 -0700
649492b412823744be0263b26c2adf6e6e4dfcdb,2024-04-25 14:23:02 -0700
acaee44a5353c5cab9f4ab738520f41ab89f2c1b,2024-04-25 14:23:02 -0700
c818650ae0f59200fc3231333e7bb7857d310711,2024-04-25 14:23:02 -0700
d6a491f933d6aeb8ab4b055fa1a45708305f4373,2024-04-25 14:23:02 -0700
9580dd4f82daf10adcdc89fd25155c78c90a68bd,2024-04-25 14:23:02 -0700
83111616e531810262efdced5d26ed52ec630658,2024-04-19 17:51:02 -0400
45c5afbf1e388509412c1df5108c6f178f5bbf15,2024-04-19 21:32:59 +0000
e9bac2aef0b96dcf206c1702e3f58d6c977e912e,2024-04-18 12:28:28 -0500
13f827adf7a37df50646436756fdec2c21fe1aed,2024-04-17 16:18:57 -0500
8c2859ba5f0643a8e98a028e3c538965ad5af106,2024-04-17 16:16:18 -0500
4d7a54b463334d0b4507203064a9251f5c3ed713,2024-04-17 14:44:20 -0400
a909f23d4ce03a5816185e3d5d917f893a20764a,2024-04-17 14:38:04 -0400
462022e3f1b646666e8de1d821f2368ff95b5e20,2024-04-12 23:11:10 -0400
0e12f48c29bb872b2b73873427430286aa27202d,2024-04-05 13:55:47 -0700
3b76865eecd949c20ddafb47d172c3e36cb7ee84,2024-04-05 15:11:56 -0400
e182073c330f1fe1ff5986f9001810a026e38665,2024-04-05 10:14:43 -0700
9f1a8e66862e319256917c347b249a11ff19cc97,2024-04-05 01:28:28 +0000
83f0f193bd08f328fe43147bbe6787d721628509,2024-04-04 14:43:39 -0700
732a4c5762557b8ce12c47b0939401f98e352d24,2024-04-03 19:33:07 -0400
7c49466c79a5e80d793aca970cf80036cd2946a2,2024-04-03 05:47:48 +0000
61457686e32cd09376d0de694cbfacbce564a800,2024-04-01 11:24:23 -0400
015117f079e0c27306db47e3b6eda808e0393188,2024-04-01 11:24:23 -0400
75250148b0170f71bcd4090a3dd388d13d1845db,2024-04-01 11:24:23 -0400
beacffbfc78b0940ce8ac4b98ad97ba0e54ae510,2024-04-01 11:24:23 -0400
17f16428f899b718184cd3759c23f1ecdca496e8,2024-04-01 11:24:23 -0400
06374de1a5df4823de8ddfb569facd0002265efb,2024-03-29 12:29:40 -0400
f5fa04d331fac3560bb31b7b4d5bd30088f7693d,2024-03-29 16:25:04 +0000
b0e5ecd33e9391782b984f889336630480afee5d,2024-03-29 01:03:48 +0000
7807bb9c112b4c7969eceffc79ce842c5f35be1d,2024-03-29 00:57:41 +0000
cbd7f60f5d2bdd7d1c10292fa620e39151042fde,2024-03-29 00:57:40 +0000
e8860e4dd8f8d769b9877c3570a0407633f9bf74,2024-03-29 00:57:40 +0000
13494baa4a298ef287d533ffdac24ecce9b86bb3,2024-03-29 00:57:40 +0000
5a135f3361117b5f58eb6c648bf3df1cfe3533fa,2024-03-26 00:41:38 +0000
eb31d5e82df2c299afa15215741f718153967698,2024-03-25 08:42:46 -0400
8b96e9cd293121086027675b6bf411a7111f08e7,2024-03-25 08:41:54 -0400
df6f9f335842db3c8156146196fafc4f2a14e410,2024-03-25 08:16:28 -0400
3130728ecf5f9b3d26be3497dbef6add57be2f98,2024-03-24 20:59:04 -0700
30bf87368dd94ee5c634552e67a81278771f1adf,2024-03-24 18:47:58 -0700
5ff5b278172619c52791bf3dbe55cabca76560d3,2024-03-24 15:03:39 -0700
923fe14d6c4e44377acaa63d82bb077dad888f75,2024-03-24 15:02:43 -0700
26e0a9720101fce1d20373a83a86b4181cac3592,2024-03-24 14:30:47 -0700
0ee8fb52d1b6f92930bc30b84735c7b57f909327,2024-03-23 22:45:21 -0400
455c05aa37b106e0b82f8d2359d8487276822d3e,2024-03-18 17:01:51 +0000
3611be5c41b5c08d2dc224ff197274112eea0302,2024-03-14 00:28:19 -0700
1a51fc44b4f543af8aff6c4c2ff9a7633ee3f2fa,2024-03-14 00:27:48 -0700
6119c85d0039a3c9022eb34245f23e22d03932f1,2024-03-13 17:28:56 -0700
05634250361ef5791a78f02876785fe4ace95d16,2024-03-13 23:37:10 +0000
5a43d494f263f045c9388bc68cdc50c57140c174,2024-03-13 15:27:32 -0700
4f8848d846c53e5d00c817059e702d48b12e4987,2024-03-13 15:27:03 -0700
fe3f1d0eb4656d329d2aa07cd2417321f7d14618,2024-03-13 15:24:36 -0700
8e5cf7ab1b9173a074b5aeefa7f171427a9ea17c,2024-03-13 21:53:04 +0000
ecec7bc30539b33ba6ef32b3cc95be99f92deb25,2024-03-12 17:48:21 -0400
325c97aed8c5e975425aa90d53301b1d2d012398,2024-03-12 17:45:46 -0400
7cf4063de455d0a9a3828bde2b4856ae474b08fb,2024-03-12 17:44:34 -0400
dc016e4b9ff36637704a72ab5b5b79acc5a49dc1,2024-03-12 21:20:49 +0000
35195069e6ec66f0d09c6e53d63d6031b902be2b,2024-03-12 21:14:52 +0000
5843c677044cdf1d147b4a20f569add09d88f7a0,2024-03-09 15:05:19 -0500
bdfe030f61d9e9e8d4dbf812e8db6af2d975a9b8,2024-03-09 15:01:37 -0500
6bed9cef1e0fc26308de9f9831b4bd28325c9a25,2024-03-09 00:36:23 +0000
ecb5522fef84d1e518837eb55f93efa1bef7bd9c,2024-03-08 11:12:51 -0800
c257a57e4c160897ec5251e6fbfecbc7062eb25a,2024-03-05 07:56:39 -0500
e54069b5dab89e223bd6d459775f0eb2a382df1e,2024-03-05 07:49:03 -0500
3d7d37c938d7a97f30a5899c9d988661196dfab4,2024-03-04 17:17:54 +0100
50bb392f62c134fc1950c0e7ab94e7f7b95443ab,2024-03-03 16:16:46 -0500
e149492188c54e06d2978006bb6d0edb7e83b4a8,2024-03-03 16:16:46 -0500
fddcdd39f95eb102849b72256aba21a2c51b774b,2024-03-03 16:16:46 -0500
8c425535643a0dae5741018a9968b2bceddfcb4a,2024-02-13 21:38:48 +0100
22fe53fde50fd139cb86091912e1ae50d348add8,2024-01-31 14:14:44 -0800
56ca4e9aa53ca43d9a130274e998025447f6088c,2024-01-31 19:12:45 +0000
0c9e124b8663913ec6ce5c1d48305f1fbf716ba9,2024-01-30 12:32:48 -0800
46db5f249dc43e4ddcafd5e0cb9cfe2f194eb98d,2024-01-30 12:37:45 -0500
c2697fa4ab27f4709b0c29c20d0d3b3afa4c9a7f,2024-01-30 17:16:16 +0000
4c24bfd18d7e5c5717c6c1fbf7b851083b2b17c8,2024-01-30 09:15:51 -0800
41193049137e40eff148a3fd1592283c0b3826bc,2024-01-29 21:53:33 -0500
a0b2d1f1b10d6e338c861f83a81ffd4ccbd3c6d6,2024-01-29 22:14:15 +0000
8ee3df0bdb351ad2ad7981ba7dad9c7eae21bfbd,2024-01-29 14:11:59 -0800
ff20c8db0894297d21f9c1f31fdc2b8f186a1615,2024-01-26 20:32:29 -0500
fadbefec8555f94ec9053bb96b7e41f8622603d1,2024-01-18 12:26:54 -0800
70a7696f7451483fc54cd4b73591df95a7bc634c,2024-01-18 19:37:38 +0000
99e02b4166c8798d08eda1927c20ad5bfd5e4f5a,2024-01-17 00:07:00 +0000
22e1d47de7e6685b2282e9e59b5b942a2f86ed6a,2024-01-16 15:51:29 -0500
d970442872076a16eeb463e5673e3925cb83afe5,2024-01-16 15:45:47 -0500
cd659780d80facb39da37c49d20d53ed5cd1dcf0,2024-01-16 20:36:38 +0000
2a18c330fcdfbec8eb9e9de934ec40c27e04d755,2024-01-12 23:34:48 +0000
4d85c81200fb6bb114f31731e7dcbad75a221152,2024-01-12 23:15:09 +0000
15b88dd4f4edb0b53eb240a4c6b6f14a9049df48,2024-01-12 23:15:05 +0000
012663ed9aa7235749400649e156aee27e0136a9,2024-01-12 17:21:19 +0000
ddf9e723e324583b82c1617555052792341c0206,2024-01-03 17:10:14 -0500
d5ea8ac29f0789d885250b25962464d56f06dd82,2024-01-03 17:08:50 -0500
1156875fefd48c91d053763f899d618ea7e41cf2,2024-01-03 22:03:43 +0000
beb09e6b201a3cf67a939d82c30790b639e0e58a,2024-01-03 09:44:34 -0800
f23b6671e918944fd64b3e8ec00c59027f404ddd,2024-01-03 09:43:55 -0800
83d411572785ae2de712bf5a230f4a8c7f3938d2,2024-01-02 23:27:04 +0000
176eec6fd826fc3af6c22efb122b48af8b968201,2023-12-28 20:51:32 +0000
212955c16c393c08f434f1def0ac12be36b09b2e,2023-12-04 17:23:53 +0000
2a7605055af3ec888784acf0c708c29dcf6c5d00,2023-12-04 17:22:37 +0000
0c6b9903ae4769166fbcf961fdcb2cfa7a705915,2023-12-03 15:35:24 -0800
6e43c7f872255867e46941a005a46dc84ffe2399,2023-12-03 15:35:24 -0800
4a3ecdcb51b2262cd39e686bd7519406cab83d89,2023-12-03 15:35:24 -0800
dbbe238cb4bc128f670da803ebe18a04daa43db8,2023-12-03 15:35:24 -0800
d154b406b12c06ae03da5ecf929f20c40755673c,2023-12-02 22:43:48 -0800
6eb687b873e836e35673896c24db788a5c80dc3c,2023-12-02 22:43:48 -0800
c4d49f18080bd93f12e768d12850dc508faecba6,2023-12-02 22:43:48 -0800
1b11b31045acacf34588ead738d56bacd5a41b4d,2023-12-01 11:05:56 -0800
df7309c1f3440f016bed357fb45e8b4a2b10bd91,2023-12-01 11:05:29 -0800
b02f30935a91cbbd5cec89a56ac4f25fb554d796,2023-12-01 06:40:54 -0500
4ab265af735d91fa4e9716a30e768b203dd45717,2023-11-25 19:58:52 -0500
687ae4976e84cb79a7de20ec35d3fe97dd30d5e2,2023-11-23 12:35:35 -0500
4d162810f74c27f01216621c5469567798109a14,2023-11-23 08:18:35 -0800
9d2649c0faae1fd978b3a1c317eee778d8ae3350,2023-11-22 17:34:44 -0500
6d2d848aab4e78285fd07d8abb031ad5c20e8308,2023-11-22 17:33:44 -0500
90ea15662531ee63a191c46e2879d2d764739988,2023-11-22 12:55:32 -0800
a7a31972f4baa2771835d2e090571743c5e2d490,2023-11-22 15:27:19 -0500
88049fe8fe9facb30302dc5bc37a33802db852cb,2023-11-22 15:24:24 -0500
0bee5f8322995512c8394be270e4486500fb0b7b,2023-11-22 12:01:07 -0800
c5cf085e2fed9fbf115a73e578890f581a355658,2023-11-17 10:49:22 -0500
d978d7f0aafde70e170640a6b1fb77a8402475c4,2023-11-17 10:48:21 -0500
44fda1b97ce07c5a3e70afb44077bf767829b57b,2023-11-17 14:37:45 +0100
284d1b24f37f06d380312e149d24d96497dd9af4,2023-11-13 10:45:03 -0800
c90ae7dd365e3ad8fa339905e6a85476df1b64c1,2023-11-13 10:44:15 -0800
25a3b9d8eec07df9d6693031bc77bcc12e2e7461,2023-11-13 17:41:41 +0000
8cf8fb587a439c4a6fef38d29d71f095bf8d6377,2023-11-08 16:42:40 -0500
57e9fd1569b48aa032a464d5d5c610fdc9b038d5,2023-11-08 15:53:47 +0100
eb2a068f4dbc24602c906b14782bbc1c8dc52aec,2023-11-07 09:17:46 -0800
075ca92189a6cf780f251d17f941640b5eb388d8,2023-11-07 00:46:56 +0000
d03da4a3859fc8c75dca4753d08918d91347d4fd,2023-11-02 16:05:07 -0700
6bd19b47146bbcf69d18b346bab68287415399b3,2023-11-02 22:01:47 +0000
ac6e501eff8b11f0c4b9a5bad653e237b979b14d,2023-10-24 16:58:41 -0700
57d3b1ec45e06b7a5437d8a195cf2e0cd896a3b2,2023-10-24 16:56:00 -0700
04c620f30add5918085bdc5b58d8bda8486a8261,2023-10-24 23:53:51 +0000
eb76322c27d1008d539c6f247ad2e2311a4bee43,2023-10-24 16:52:07 -0700
db950a177997dd4e190751dcd36c534a154b9f75,2023-10-24 16:51:09 -0700
2312eefe28208242026ab0447dd236efc05f82e7,2023-10-24 23:16:49 +0000
52440d0c79aa1ae951e040333d0ab492512f3993,2023-10-19 21:26:29 -0400
ea4d6edd1ca12128153ef28e6f1fa0b778d8dec6,2023-10-20 00:14:29 +0000
2121443ccf57f6e713e84be7403bdc58030d5fdd,2023-10-16 14:10:20 -0400
8d14bd88781a25281ff289772ebd74210d7a2578,2023-10-16 19:55:32 +0200
b8cc74c90e330bb97d910ece74b884fa3443e50c,2023-10-15 21:16:44 -0400
ab59339173d1bac8e9790b00645997d640bc09b4,2023-10-15 14:01:00 +0200
b4fef17f3584488106a31c507bf9a9609fefccd4,2023-10-15 12:34:13 +0200
d1faaa9605c5eef668da8bf84279d7a88cad5af7,2023-10-06 13:56:59 -0700
ed31d6f2e0e8ea079d6e8c59ca0d5a2930bb38ac,2023-10-06 12:17:15 -0700
3514a21b0858970b6a4446b22896e37f49d3e40c,2023-10-06 18:47:27 +0000
557a62a16b48ff84e0cc0ebbbe2ba5403e855566,2023-10-06 11:41:45 -0700
5fe4a4d23a830d261642bf9551fe04f3579410f9,2023-10-06 11:38:38 -0700
f82cc93414ce3040784017f09923ec3efe5ca917,2023-10-06 11:38:38 -0700
99344359f09aaec400eececa8e2101640f9bc812,2023-10-06 11:38:38 -0700
540b601bb604a92761e7afbde890a775eeb31dbe,2023-10-06 11:38:38 -0700
5f50f036d73a8f2e989e217e39e39a65cb83c7f5,2023-10-06 11:38:38 -0700
81de59e918bbb72813e203b44bab9e9df8a5e80e,2023-10-06 11:20:10 -0700
e75c79f57c642c36c2cff06bacd42aaee7af01f0,2023-09-27 11:28:30 -0700
e3a249d39a3f9455a377d1edf168c48f6371317c,2023-09-27 18:04:52 +0000
9a2fcf70284d769303c01f4f292de0c0621758c0,2023-09-27 00:00:34 -0400
ea9e69e2f6f06d07aa401aec007d0a29bd1d7bb2,2023-09-26 23:49:24 -0400
36b41e73097691a469a09bce535b33c3b04113b5,2023-09-26 17:23:58 -0700
dd2d5660c4560adc97b5d5d90a9f5277ba2978c6,2023-09-26 16:27:29 -0700
ef8da32159996275b47f47beb9b5f6a171cb3f7f,2023-08-31 22:55:41 +0000
6710b317379d2068603d9bc31ee29ebd5e366c45,2023-08-30 11:27:49 -0700
4defba9728a26375615dc9265cb5be7e779bd428,2023-08-30 11:25:32 -0700
0a031c80a19449aa0ef61bb1adc2d102dbce790e,2023-08-29 19:38:29 -0400
d7d3d527115605279d125574dcda4f70ea19181f,2023-08-29 10:52:46 -0700
9f3b50d15e214a1a2d991576b5b8aa141c0320c8,2023-08-29 10:48:28 -0700
f9c9481a879263350ffb53533d1a3ebeadb2643b,2023-08-23 17:06:28 -0600
bffc5fbdd5e2bb7a777f55c819a1d4d858829cb7,2023-07-21 16:46:38 -0700
162ae47a2a398b05edcb6ed3bd15a8688a4ca724,2023-07-21 18:56:02 -0400
cc9f218a3ce4b1a0d9507e7a45b1abffac3bd4f6,2023-07-21 15:32:47 -0700
d7e91a8ebe294712c031699a9fe4b0ba233c9d1e,2023-07-20 17:45:43 -0400
04008fafc5a711d3f0b944aeaff83c1da548fc91,2023-07-13 12:12:07 -0700
1b2c52d4962e4889f81cd7c3657d44fc1a167e3a,2023-07-13 18:12:27 +0000
545bc275de3679c5e159824518943a82ba37404b,2023-07-12 22:45:56 +0200
d42bdd33bef4af73e06ecf2e729340fc76f13820,2023-07-12 22:41:36 +0200
983393bdb7cc59709f338805ec5592431dffa1e2,2023-07-11 18:31:38 +0000
55f1fc2aaa31a5e17abe60e883f19e7abcd770af,2023-07-11 18:31:38 +0000
2a2cef918945408da39372d8e3f2499e51528017,2023-07-11 18:31:38 +0000
dbbc7553f76b9787b22c09e2d8efd9d3d6a39ab1,2023-07-11 18:29:50 +0000
e7e78f05bbaa37d327fdc292f5cf970e305ad0e5,2023-07-11 11:28:08 -0700
bbf67521f3177962d4aff62589d3fd08346457d9,2023-07-11 11:16:32 -0700
6884e780da11391b5a0d29cea0db97ca5e8e4931,2023-07-11 11:16:32 -0700
2149887d0cd60b26855a5fbc444266a3d2cc1061,2023-07-11 11:16:32 -0700
5a2239664c0843af9328504723a9f49248c305be,2023-07-10 16:17:15 -0700
e46d06e6b832c02a666e0f99f4d2a3495b030a23,2023-07-06 08:27:31 -0700
28ce49f8ec87b8d4b4c63c56031cd718371351b0,2023-07-06 08:34:11 -0400
e804e8f95dccaa6f66aeccf8e0d2760138dc3a06,2023-07-05 23:28:34 +0000
993cde254564def8a50e62a957a39c0771de9e38,2023-07-04 09:11:34 -0700
7e236daf2fa548d5e2c9a68c476bc83aa45e729f,2023-07-04 09:05:22 -0700
49300d17b44f5a8f2c8a9de2a11a97740d4c0f78,2023-07-03 13:51:40 -0400
97f93fa5c5909b9aab83a6402aca73189bdc896f,2023-06-30 15:35:31 +0000
0de694c9123c7552f17c04572998fede0a5e55fc,2023-06-27 23:28:09 +0000
940c7ad37aefc06cb42c764a1deb6abab86f8290,2023-06-22 08:37:23 -0700
d84122417bed431cebf1143a9d022d37d954e1e8,2023-06-22 08:35:58 -0700
cfd4a32f93f60f4e4d5fe32c59b61546bc7d744f,2023-06-21 22:18:19 +0000
7bad200eac1f349719e2458cd819912055df4df3,2023-06-21 09:42:01 -0700
5bea1b16a1131e731e5fe3f8659a9a5ffe3dc3dc,2023-06-21 09:40:26 -0700
8497878cb2458069f65b3f1fcabe2b193c58f8e0,2023-06-20 19:44:37 +0000
9471bdfe5eacaf05b461b813370fe5b3226b33c0,2023-06-19 08:48:48 -0700
ee1765f86c1aec489f646bc0947ab2fc7833fd12,2023-06-19 08:47:00 -0700
ec5f6dab550b7ebf6a3f6ddf612de8ec8d935117,2023-06-18 19:39:10 -0400
f3b5ea22c154f07057fe7f6a424c171ad6b14237,2023-06-18 19:34:10 -0400
ad9f90718c6da4c7370fb558e6f5a0d79ba00516,2023-06-15 21:52:23 -0400
501b401a21dd07054b77249c37f76f556faef9e3,2023-06-15 21:46:58 -0400
c433c6ccdab226fd9cec233abab582c4b9a47cc8,2023-06-16 01:24:13 +0000
6b1aada1e48e82c4d4e6a1cf5018bdfa127eb0b9,2023-06-15 11:48:18 -0700
7176ccce682202fcc0f804d52e9fba5efeee5a83,2023-06-15 17:51:54 +0000
e4d6fe10124ca6e4a9cebb86992b78bcbccdbf31,2023-06-15 16:32:52 +0000
55eabaee558fde0e5acd739f3faeb67fd0df717c,2023-06-15 16:32:52 +0000
b8de8ebb902d7601f0a991414d884ee0025e090f,2023-06-15 16:32:46 +0000
1f8183357cb1e628a368184c910ba4116275d6bb,2023-06-15 16:18:36 +0000
9e938be878bd9145f452d865798c1b99ed77f36f,2023-06-15 16:18:30 +0000
2170e9da1f462ccb1b52f34f8d2a5b2f08a96c80,2023-06-12 16:12:55 -0400
fac646b8e08fd3158e5c7181c474c5e0ab86b5ca,2023-06-12 19:40:16 +0000
88967bd611e9bbd7632f423a18d33281bb983554,2023-06-11 23:41:03 -0700
103398c6fd75387fda6ad01aa64be4cea0c0ae91,2023-06-11 23:40:13 -0700
3e11ee8d8cda9b192eddaa5624d996fb893fd453,2023-06-11 20:28:17 +0200
0530450748824b38e7cc27514fa1fdf042517aa5,2023-06-11 20:15:51 +0200
d2d9631571794d22e777e133d4b1ca74216569a5,2023-06-10 21:22:11 -0700
3c8ecddc7e90dead65d3e59b6ec9a8800b402a88,2023-06-10 21:20:40 -0700
846c507ba7a80f1be15e310b3f06a91720dd2a3c,2023-06-10 09:58:49 +0200
4290c378c87eec9eaeb50bb748dfc51b2459e10a,2023-06-10 09:58:16 +0200
466476412a8a93440bea1121f374e17021380f25,2023-06-02 12:15:43 -0400
14c83fb102daa63bcb309f1f9093c8c9a0d3c453,2023-06-02 12:13:34 -0400
d2a8ea8cf4980acd2f9b474230bf9b6ded9f3480,2023-06-01 23:35:15 +0000
a391dc886e10f44d2f7b54916de0db0d631ee689,2023-05-30 16:03:56 -0400
a1c6ca745a1d2b4d25b3da8a68668f5f382c71f5,2023-05-24 23:02:29 +0000
cc88fc66233fbd16b14e9c23a224be91d680a87f,2023-05-24 11:23:15 -0700
1a088d609f89f93a585160d20e744c57b9672748,2023-05-24 11:22:39 -0700
1ddcbe029347973a15d3c9b748079f1c3df0e1ba,2023-05-24 16:41:58 +0200
9868a056bd1dcf4c7d37eb233c140b13b20acdfb,2023-05-24 16:41:52 +0200
e0bff436b8e13a589ff1de6ee592086e31e0cf51,2023-05-23 16:57:15 -0700
ad3e7935ba2b0309ffbf77e300a00f3bfaf94ef9,2023-05-23 16:56:25 -0700
4852d63373de9121c27df3b6aedcfb111e3bc733,2023-05-23 23:40:44 +0000
d97ad511de3c32b2e3dfa8465626300d35ede29c,2023-05-22 15:02:49 -0700
49b7218097b120a5ea762db8d534a3c27c9e7ca6,2023-05-22 20:08:42 +0200
325b82b4140cfce1f74fd23688fff0f029b7e813,2023-05-21 14:20:57 -0700
70592ef7c3a346e3deb4d3581add1c1fccb8647d,2023-05-21 14:07:32 -0700
11e6c5ac262cf4fc0897dddd8132354a8caeaaa2,2023-05-21 14:07:24 -0700
45549dd1da07ea90735d83f867cdf81ae8b50ba3,2023-05-19 16:14:12 -0700
0c033feea72c671edf88acc1e7924878cb2920de,2023-05-19 22:09:03 +0000
e1dfd1e99c95f971b7ad917230dfe098475f62b7,2023-05-19 02:31:52 +0000
32f7c8bc1f4daef3ef7ef1f8b42a26e613c42423,2023-05-18 19:30:57 -0700
10e87150403581dd6aac38d470edd2bffde43f26,2023-05-18 19:25:34 -0700
427b266606790ff7bae18b44913a3510c254f07e,2023-05-17 17:46:06 -0700
54cea4e80b469e0b69bd400182aa0d93f0df394f,2023-05-17 17:00:46 -0700
f355c5cfeeda75fc986fa78e734b22eff97adfcf,2023-05-17 23:57:32 +0000
15d41cd8e2e7497d87b436efac34f36857f0168e,2023-05-17 16:56:20 -0700
0631ff9689ce55c25563630270c3b99172126cd1,2023-05-17 16:43:01 -0700
ff033426a09a7f247ad22fae158c735d652cd6f4,2023-05-15 19:00:49 -0400
43df5897c62ac00a49801ce82b38b84187ec81f3,2023-05-15 15:17:19 -0700
ef66411593ba6c142e7f5f5b70670b84f1c71b3b,2023-05-15 16:54:16 -0400
ab6d296e137cd32a776f2be3f16d0fac9b740f86,2023-05-15 16:49:53 -0400
52e7f1110f0b42c3c15ac6820952318d5a5b9823,2023-05-15 16:46:17 -0400
04128abd799bc0a5bb537bf76e11a813a0a39e81,2023-05-15 15:04:38 -0400
1f8947164a4ed28784f1be470a68afdba1427f82,2023-05-15 12:59:10 -0400
4fde5adccbdcb476d4124d36a43179fa48591b1d,2023-05-15 12:41:12 -0400
2708a205d3b7cf948e14e1eb4822d3c4cd4eaf41,2023-05-13 13:57:26 -0700
dacc08a8411b61e1425d287eb053bd35988e4c3a,2023-05-13 10:35:54 -0700
61356c9dc2f1b86831086d10615f00e1ed732fc4,2023-05-13 10:35:54 -0700
d7ae75855c3ef4ace3a368b66307e11f470c7889,2023-05-12 11:58:23 -0400
7e38a089cf31e86d0b413e835cf981604394bdce,2023-05-12 07:19:17 -0400
c66dbf1b066e391dc2d6a87d935452965f32437d,2023-05-12 07:16:47 -0400
84c9d7079fb421924a6c949832fd71bfc458c8da,2023-05-12 07:16:05 -0400
bfbb9ae760e5b8618467e3f89b48b813da31e0eb,2023-05-11 23:39:16 -0700
3ed5b625895401a687186bce4a60e56066ae18ec,2023-05-11 23:39:16 -0700
77bd5e116a855d4170bb9441ef1fb068f9c7b6a9,2023-05-11 23:39:16 -0700
720696076fd7176ed9c43d3a8ee180a502c6f680,2023-05-11 23:37:00 -0700
2f9ff87404e83b9ba8cbacb76d8b3803d1b6090f,2023-05-11 23:34:16 -0700
8ada1a91c24bf0af530c2728508a4bd209aa31a4,2023-05-11 21:03:48 -0700
306f7a0297e128b4a6c6db2f22a9bca0f300d5e8,2023-05-11 08:36:43 -0700
52b95f13c134a2b545a2acfc6e172e2952cdc48c,2023-05-11 08:33:42 -0700
c4e6b046aeff38cec847a480bef2a47c61ee1b8b,2023-05-11 00:12:43 +0000
e91d5a99ee8d460152bfdae4607ec62f8bc80370,2023-05-10 23:27:29 +0000
6c1ac0b008e9b0b530c9bf6ece7c2cd2993f9912,2023-05-10 22:06:27 +0000
353bccb4bc02b5535fbc9434b415dbcc08e4696b,2023-05-09 22:56:53 +0000
ff4854d8f74351ca8ab0e97de3fdbac37d100e19,2023-05-09 15:56:25 -0700
6d0d3badabb90afdbda31ff83797222d7d33a031,2023-05-09 15:24:56 -0700
c081fd3ff2bb5f52350c73eb213b3bc615457c76,2023-05-09 15:24:56 -0700
d5fb0822d5864d5183db0bd51a7e91e693910174,2023-05-09 15:24:56 -0700
24f5a6edf6086ba9de62a7c4e560e03b394cc185,2023-05-09 15:24:56 -0700
5f75ebdb5a7cc1c682f6c9a05b7bd6e770a386ab,2023-05-09 15:24:56 -0700
366b75fc231d4ca7ac4eeb7dcd82c8ab4b6831e2,2023-05-09 15:24:55 -0700
ce6e1c3121b3c6320338e170ff40cb05aa72ba27,2023-05-09 21:38:10 +0000
15788eab2c7bfbb5162723f1efb2ce62319bc9eb,2023-05-09 14:36:30 -0700
c6770bbda7e8f1742426fd773e4ee98f3a756995,2023-05-09 12:55:43 -0700
5374163c9598b4dd1258f8102c7ab14224657be2,2023-05-09 12:55:43 -0700
38f7b09efb7003814a25cc6a4b4650deff82e556,2023-05-09 12:55:43 -0700
3acd7ce269a5e8b8e3a945a86541e453744d6783,2023-05-09 12:55:43 -0700
62f31b429e37b4aa046b977caf12ea3e2bf3cbc4,2023-05-09 12:55:43 -0700
525c4768542f03c7fa6698ae7386d9fa523cfd06,2023-05-09 12:55:43 -0700
d6a01c28e56edb0b0d3bab4459b1f1a75414e999,2023-05-09 12:55:43 -0700
16f007f83d4f4ebe86238c7f27b7adfa0ab3c5ce,2023-05-09 08:50:26 -0700
8efb93c3b7c4cceb27d40135c9ebcc10e514b526,2023-05-09 00:52:28 +0000
55d874bcaa897bbec06e6caec0fca1180d9a6b0c,2023-05-08 22:48:14 +0000
ea6aa49a13a92bda3e42f2aad1b9e4751a627a90,2023-05-08 22:16:09 +0000
1418a1abb4866e377f70cf7699b9dabf1b3d0ad9,2023-05-05 14:34:18 -0700
81f0e8c28087a4757c2612019a5380bdf7527393,2023-05-05 11:20:34 -0700
82033adad02c07cdde723b0eded94bbbe5d781f5,2023-05-05 11:20:34 -0700
fe6677bf4ebaa8662418013ab1af8c7060224ef5,2023-05-05 02:05:10 +0000
57ce7d6ff9eeef7faf8a49e51d3619c24adfc8d4,2023-05-04 19:03:35 -0700
44fc54682ef4c0971d8e83d47b1521a4bb3f0c9e,2023-05-05 01:27:03 +0000
f113411e2c4757c789a4839f5f08e460a7166af7,2023-05-04 18:26:03 -0700
89c3433f516795aee798b0f56f1eff74576e45f3,2023-05-04 18:22:59 -0700
a1fbe5f0a4545a77d8c972e2a22b613c0c245aa4,2023-05-04 18:22:59 -0700
1ed6187082b87d0b413c9bf102ce0ea24f573a57,2023-05-04 18:15:10 -0700
86bde6f344e899445cfd0970538134e7c91abb36,2023-05-05 00:59:37 +0000
eb3c8d488817714ef5c98ef50808bef36f530aae,2023-05-04 17:59:09 -0700
de5a1466071a96bc93a26dd566f675a55e885cc2,2023-05-04 17:58:05 -0700
bc251f5a29283c22d40bbaed5327bc8c1c9f1266,2023-05-04 17:40:39 -0700
b58d236fd2813b4db0b85a5e5a68ecf9e54b442b,2023-05-04 17:25:40 -0700
f3c25f6e62f971f28a7e8d6c4e906569c22cdf95,2023-05-04 17:22:29 -0700
7f1e24ec143087db03576553ad9dc99bd6b08926,2023-05-05 00:10:26 +0000
116edebf36afaa77dcbe7497838e8ffab5d189f7,2023-05-04 16:53:30 -0700
4d3ba8de56a625416232d74cb2267b0630893c58,2023-05-04 16:52:37 -0700
ed19b704cc36ceebc433aa3aa54b23517cacb50b,2023-05-04 16:26:07 -0700
e99e104fb1a07748dd7d1a33d81bacb60f66dc56,2023-05-04 16:26:07 -0700
70d2cd97d6dd06e7a12eef51886d3479b24c9db7,2023-05-04 16:21:15 -0700
063557f0845746f9b8f647e6aba790eb709db596,2023-05-04 16:21:15 -0700
a12ba423b6906a26b29f88337f27978473315223,2023-05-04 10:39:08 -0700
d82508ffe77334b117fbb4ab627108f2e4fcb1f8,2023-05-04 17:28:25 +0000
00fc4b4270ff8872b07524c4d588a83b52d219de,2023-05-02 19:54:53 +0000
f198cb356feb11d70dfe0cbda3d6220243cf50f1,2023-05-01 08:06:03 -0400
c8a33be6a43eb648898c14ae537d5891adc5c5f5,2023-05-01 07:49:40 -0400
70b7b7bd42fb15c10262ddf27e3933bc9e98fce1,2023-04-28 22:55:02 +0000
4b570e9e63ba2dcdda636329269c306a8df25e87,2023-04-28 22:54:57 +0000
540bbf7ac1b534156b9a6d6cc49ed245da86b8da,2023-04-27 10:58:37 +0800
823df2d10b4c1d5c24263ea787ad6b5a3a6c40e5,2023-04-26 09:03:40 -0700
b9bf8c60d0da2d2a299cc0e9b10f2c2037a72faf,2023-04-26 08:57:00 -0700
c479c91fbd9e1c24b24a848df5e9e61deeadae26,2023-04-26 08:54:14 -0700
9f2baeb1b874b2b2ff9038b54d8478c04025d366,2023-04-26 00:07:39 +0000
bb92b2fa74205d6b04856fe60ec3a7ac22be8972,2023-04-25 16:18:02 +0800
c8fd6edcf51ff5729d242a49f6a5b45f2d1b1a71,2023-04-25 16:07:53 +0800
53ed39bd952ca2d1c428496481db85169612710e,2023-04-25 12:23:42 +0800
0cef6ef96c9773853121fb87628247f7daaa9486,2023-04-22 08:31:25 -0400
8c19e6ca81e108875a899bced37be0e4c06e9e00,2023-04-22 00:32:19 +0000
9e54b58af380499c3ec18a90473a9e281ea96a38,2023-04-21 23:56:01 +0000
a549e8248d7822b13fb0114d173cdfcad708bd19,2023-04-21 13:51:00 -0700
6dab100b429a1d76fe7e64756e07073e64ebd50d,2023-04-21 20:45:08 +0000
bb01ac2623945d3cdac10f2ca9c2dc6da8c4b6b5,2023-04-21 09:12:34 -0700
a2b3bb6461872e7aa2786c2581448f7bba15a5f4,2023-04-19 15:43:18 -0700
896cd48eca786f9016fd2e296bbed1a87eb9b1e6,2023-04-19 21:46:55 +0000
d0876cdc712a26eb233601f9fc527b0a116f38e8,2023-04-19 21:46:55 +0000
05c675bb215111643fc1213f661b07867a98aeb0,2023-04-17 21:15:54 -0400
d9bb38eb65dd7e2f5fd1b13fa108d9d19c7cab4a,2023-04-17 11:46:27 -0400
a736e062c7fbf13b705205e97a052ae6a952579f,2023-04-17 15:42:15 +0000
bb93e4cefa2371b3f651ae8feb2a1c2f0c6183b9,2023-04-15 20:08:41 -0400
b1225894f6e725531d2006f4d3d1160dcdd6f0c8,2023-04-15 07:34:31 +0300
3417b612c408cbf2d63d1b360f67ccf4620f5372,2023-04-15 04:15:24 +0000
d3f4bf06cc608aa401cd5a709aff76159334c95f,2023-04-14 22:43:21 +0000
a7f1a72a8fd34898e53d49cbdd069354f3df2091,2023-04-14 17:28:23 -0400
6ff2ec0e72bcff07c85dffcdeccbec902cc77a6c,2023-04-14 18:42:29 +0000
769ae25899081f5156f383bf693e884b19f4f423,2023-04-14 20:39:23 +0300
e005673dab5e8f66b6e9a02f1112109e6be9511d,2023-04-14 10:28:51 -0700
6f6f8d44b8fd6adab8814e8ff48d70256d877eb6,2023-04-13 23:17:21 +0000
9548e1565170ed8e3ae6470102420729091cbbeb,2023-04-13 14:22:18 -0700
4534f945f215bbb6a0b123fa65869d3508f7ec9b,2023-04-13 13:47:20 -0700
486fe6f42a171a92f548b7429da5cbf33f2d4a0b,2023-04-13 13:38:53 -0700
9ab54e623bc2c45483620cd7983e673afc93d71a,2023-04-13 15:32:51 -0400
341f359c6f39e8608d09199e5956be2abe03a3c8,2023-04-13 19:26:03 +0000
d58149ed05ba14b00f89b5963a6d21e078e35822,2023-04-13 18:34:58 +0000
76ff86ec6b927acad7493cf2d684d47a369f2fb4,2023-04-13 09:49:36 -0700
449675c79a8fa64be69c55822fa2bc6163572244,2023-04-11 23:13:00 +0000
b831d0a82bc4f105f2047fada0c8a001aa6282bd,2023-04-11 23:13:00 +0000
45dc611ab18f7e2f38f7d67b4a46ec3e3fd8f880,2023-04-11 23:13:00 +0000
8aaa63670537ca390155670b7b58760e78e55b9a,2023-04-11 23:13:00 +0000
d657d2b90a20529ee02e34facf78c1c6a22cdf2a,2023-04-11 23:12:54 +0000
a987612757371fc6b9022bf82a1e2a947d34897e,2023-04-10 09:19:14 -0700
520edb32eef0acaa0ecf00b83738ba63aafd3319,2023-04-10 09:12:56 -0700
56c6e5022d3d0b6310bcc0f8d59d1a47d1f9ad57,2023-04-10 10:22:47 -0400
9ae0c98857c5d6eb81f9162091ff63325016a82e,2023-04-10 10:20:31 -0400
0b4468ba24f6eeb39b02ccd14c94c988205d1980,2023-04-09 19:54:19 -0700
8e9731741b35fe6a730738eec712886ca5e47b6a,2023-04-07 16:49:59 -0700
7f37d0b0d2592c7940b5100906ffe02209bb53dc,2023-04-07 21:50:36 +0000
f8fb95fbc8a25326450a6e695007d8dc34d73fb2,2023-04-07 20:43:30 +0000
9c31dba3cdc0f3b85014087c6dc14a9143e944e0,2023-04-07 20:43:30 +0000
7bf192fd73018bb8b61a9626d34d786b648255f0,2023-04-07 20:43:30 +0000
eadc1779a0d2b008afd70fa7d9855fec39efe722,2023-04-07 20:43:30 +0000
2ce7876f26845502a2d5b73f616ab7b8b546f867,2023-04-07 20:43:30 +0000
322adbc294c2189019e84a278017fdf85d309658,2023-04-07 20:43:30 +0000
5a2a4a79a7d45a4cc10c96e09bdd419d3938efa4,2023-04-07 20:43:30 +0000
690a8a34cabfb899d35e52201d6573657ab832c7,2023-04-07 20:43:30 +0000
a1c1a5888612a0b05b7741dc27c7ec8d8b30dd2d,2023-04-07 20:43:30 +0000
51e0fb8c661373afadb7e09e8965076db8057bf8,2023-04-07 20:43:30 +0000
bfb7f3b78a7699183d8255b6bf3415d9fc32c2b1,2023-04-07 20:43:30 +0000
761438e02d4a86a4b12269f2494a431860cfa794,2023-04-07 20:43:30 +0000
314adf6c235f59feaa117132424118fabe82e0f1,2023-04-07 20:43:30 +0000
cbb44efb2bb8f7634feefa52e6f7e2b35819ef42,2023-04-07 20:43:30 +0000
a6af634d868b11bff7da7c82dccf4ff5cece35ef,2023-04-07 20:43:29 +0000
fac76ef0cb1a3ff52bd5c03ba4aa632630175c02,2023-04-07 20:43:29 +0000
ec33c81f1aed65b38ec251657739c7ee54a09c82,2023-04-07 20:43:29 +0000
e6bd12ee4c80b895ec00af81738f005ed254b3f5,2023-04-07 20:43:29 +0000
9cdbe0fb36aeb97e951c57c72c81004ca9ccc2d4,2023-04-07 20:43:29 +0000
7d1d5cdf1338f86043b54dd1e00012495923a238,2023-04-07 20:43:29 +0000
65074385e1e3d0df715ad95475a364b623eeeb52,2023-04-07 20:43:29 +0000
97e99d6fe37a3dcaa4725c7dcf25a3d72768a107,2023-04-07 20:43:29 +0000
b8770589f3e0ac14c620fc7a287c33ee16e4658b,2023-04-07 12:06:02 -0700
860cb1930bd28dea61271e79f13bfb3a4bedef78,2023-04-07 12:01:04 -0700
bd12ac9bc605a34d47b43d3504d887794c1f82f7,2023-04-07 18:34:50 +0000
bf639643379de9237671e33c7bb722a4d9312b88,2023-04-07 17:22:45 +0000
a765e34488cc806071f6ae57a776429b21943cf2,2023-04-07 17:22:45 +0000
6ba8971fa610ba73f42ed78dfaa8b0df2a1926f7,2023-04-04 09:44:47 -0700
b52646076c2acd75da8cca4223bb5b0741306097,2023-04-04 09:16:55 -0700
de3a1f5ec6c7809f83b424d3f78c7420d608cb34,2023-04-04 09:10:13 -0700
f079e87f27c4ea6c9c2f8cf52ba36541f5fbfff6,2023-04-03 19:46:48 -0400
45955b67e078e645645b02ca8c451b77881ff59c,2023-04-03 22:00:20 +0000
b9806488087f2afe1789d6a2640123b9c893eb1b,2023-04-03 21:40:44 +0000
8a319eb908d3cebca5254905961c96011b2d9ff9,2023-04-03 14:40:09 -0700
1d0714f185e7619a59aa4eac88612026c562704c,2023-04-03 14:31:07 -0700
8ee9ee40dc9d127bee7a473775c8721a57aa5474,2023-04-03 14:24:58 -0700
7e898958180508bd8cc6e02a5c59781d3675ef37,2023-03-28 14:20:48 -0700
f864a9de688d4a90c3b78a00f2aab090f269ddff,2023-03-28 16:56:41 -0400
08e5938493e50abdfa54bbbe1c6a944d96db6cf8,2023-03-28 13:36:15 -0700
41f65b02f7f106529c1c0621565abebf09db983a,2023-03-28 09:29:07 -0700
0db69594cd5c4d3a3a2ffc637075676b916ad702,2023-03-24 18:52:51 +0100
b3b75eeb0bd69430460259c367eff7437c3db24e,2023-03-23 12:56:23 -0700
e6449d2c5756343ef8146e67ccfeef43ad9d268b,2023-03-23 12:30:58 -0700
baf3e84c6afc575afe17559af354427446979889,2023-03-23 09:57:03 -0700
7d5ec77adf7b5a86d85dccabc381783d53ca2393,2023-03-23 00:16:32 -0700
c21ee0f8301c8b3ec134be2bf9f9243b59e7c3c1,2023-03-22 14:08:52 -0700
4dbf35766ff47f266692969a4fae9b47c79221cc,2023-03-17 13:48:33 -0400
d5e19d5e76bd574d81dc8e126a08d3014663c9ec,2023-03-17 10:41:26 +0100
8dc5bebd2944b761def7f0c5cfa007d9fedf9036,2023-03-15 15:01:18 -0400
2f4c9d175aea210012f70853c4459de3f0a336b4,2023-03-15 14:52:48 -0400
d1cfdd8c9bd2821044ab8a2d10da18217fb66f33,2023-03-15 11:05:00 -0700
35cee2f2792a3fcfd3e4fa12c00167826d18d16c,2023-03-08 10:48:02 -0800
f98901f933a6601dc9865d61e8423cd0cebaed02,2023-03-08 09:34:52 -0800
6424b063f28c7de7526b792b3ea1a0ae946ef9b2,2023-03-08 09:34:26 -0800
23a5c9476f22f7f2ef4f30323e522b77d7149e11,2023-03-07 20:59:57 -0500
82073a5976715933a5d1085b8a6a9b057936efd9,2023-03-07 16:38:51 -0800
9f8bb71b0ef7cb41b7042456f2571c7882bbb03e,2023-03-07 16:37:00 -0800
d0574f8d82c47edc2cfe21225839deeceb52b8a3,2023-03-07 16:36:37 -0800
b2833418466d3ddf3259229b0411c8fd202f47e7,2023-03-07 12:09:25 -0800
f31356c2f54740762f1b141af9013c9495c353b4,2023-03-07 19:22:03 +0000
b9958fa3318423f4b98cec66f734bd10f31ac2c3,2023-03-05 21:38:30 -0800
a25fa1c98235c96c1b0d84904434d2d3ba00e7e5,2023-03-05 19:17:20 -0800
d80d684cd25e21cd33121bd6916c238e130237f1,2023-03-03 09:07:24 -0500
e0b59bfcd0997db3b5753ae5a5131916d562613b,2023-03-02 19:48:41 -0500
632df70162fef96ad35879a664707cc369c81be9,2023-03-01 21:01:30 -0500
0b5b82cc486029e3759a33e9224e5ccc3923a039,2023-03-01 09:10:53 -0800
82553265121ff4df4f52b1eb71f850893b7a22b2,2023-03-01 09:10:53 -0800
38f1360dec7e00ba4fededfa40001d0a4b02e86a,2023-03-01 09:10:53 -0800
b6ce4776258ba5366a852b6dc950fb55306c28b1,2023-03-01 09:10:52 -0800
9177cac3cc641d561f4c817b721348355943e812,2023-03-01 09:10:52 -0800
e2a6947ff6413fd0e165000687ca6802e31372a0,2023-03-01 09:10:52 -0800
6bf0b8cf631bded9def46084b9113a4f5e2d232c,2023-03-01 09:10:52 -0800
2e8cf82234e7cd4741229387ecdc36dc79e58e38,2023-03-01 09:10:52 -0800
e51d548995ba0ecee9cff4e4fe2ce1368d1fd5b5,2023-03-01 09:10:52 -0800
841190df5aa1b081abc30670c2b66c5f0c58972c,2023-03-01 09:10:52 -0800
f2c7d746ea75a6cf4985090bbb324fa40d055873,2023-03-01 09:10:52 -0800
1015df6b47279f34c0dc53de8a6e73288cd19997,2023-03-01 09:10:52 -0800
e9d8618cc8cc28ad9d7e228670ec1e589929cd7f,2023-02-28 11:46:10 -0800
5b8170eee447dc8a81814a1a02ba9962e59842ab,2023-02-28 11:01:42 -0800
4308bc138996b3e535e387b8b904f758a9659426,2023-02-27 15:33:21 -0800
2c15f3d21ffb2bbb2c304daf892efb34be1f32a7,2023-02-27 23:25:27 +0000
9caf5c530f0dd315dbd707f538f26f8302056226,2023-02-27 17:56:18 -0500
d10c35396e97f5603aafacc7eb9f738ba0eb951b,2023-02-27 14:53:09 -0800
f61f016fdf2207a3be9ccda405dc1cba664099a7,2023-02-27 14:53:09 -0800
21cee643c7302e6548a1e03b4868d7d6952650d9,2023-02-27 17:51:54 -0500
cfffcdf0b74a445b3b9e8aa7be2f99a0c875015f,2023-02-27 14:44:46 -0800
78c084be6568ae2ae8097daddb1cbf94903df060,2023-02-17 14:02:35 -0500
c9a7c7bae4a8e517b62c783dfccba11f8ca7c43e,2023-02-17 15:06:48 +0100
72b0634a5f0270c693ca9a944b54ca15ec1de170,2023-02-04 13:08:30 -0800
180c045ad910b6932f02d505630c5fbf1ac67d86,2023-02-04 00:55:20 +0000
3ad32215a9b49373cfe5545e37cc70774b9a1491,2023-02-03 16:54:30 -0800
309350a9092168835cc14796d2370aa4b651ff32,2023-02-03 16:37:19 -0800
2f30b6aad6909048746ff7e3a18e90252d1fffe3,2023-02-03 14:31:12 -0500
9193b37ed979344410f275b78b28478f34abf623,2023-02-03 14:29:50 -0500
bd913274152fcc12a12e26955bb3acdaa71e52e8,2023-01-31 15:27:00 -0800
b7e3f73ffa1eefc81eaf1eb1030e58cd3d117aa0,2023-01-30 12:07:50 -0800
c45c529522adffc315556fb430ccbe52c4af0c81,2023-01-30 10:16:22 -0800
a0d5824e8354470f911db521a8ec8802543ab667,2023-01-30 10:16:22 -0800
250039aaf965e46337a45d0965df644284afd414,2023-01-30 10:16:22 -0800
f194ca6367ad4ae6c800308bada79bf64d6ae2cd,2023-01-22 09:33:31 -0800
9a587a16eb7e93a784c88fcb40712b1901bb87f9,2023-01-22 09:32:17 -0800
8acde27aec2df6ce5d58e958b5c12b51ec825a17,2023-01-14 21:48:38 -0500
44d53a21b0861a1657f20068b423779a3f09811d,2023-01-11 09:10:15 -0800
56b4cc436d4dbc7cb426e07bd4ff03d8136d3908,2023-01-10 23:30:47 -0800
0614861578cc21f999fd5580b91c18b2841af1c0,2023-01-10 21:59:48 -0800
28ae0a93315b919a3abf916cafeaf76cae27fa78,2023-01-10 21:59:14 -0800
9f176ed489898e0a8ece10ac1d4e1702679bbc7b,2023-01-10 21:52:26 -0800
934e4379003ec9a78f450a3c30e1b4102ab14c80,2023-01-10 21:10:43 -0500
b666aebce81491853bfeb1c8c4a6acbc4e23e2e0,2023-01-10 21:10:43 -0500
9e5f101371466830f5b3b07b6e6c593f6c2a06c8,2023-01-10 21:10:43 -0500
22e8ba66ea2e3622af5d1ff44b52504f6654d6a6,2023-01-10 21:10:43 -0500
773a03a7d90f9bc8603aa32c6f7398cd62cd80dc,2023-01-10 21:10:43 -0500
871ffe72888fadb029a626c7b25b62c57b74955d,2023-01-10 21:10:43 -0500
d0b5ffe9676d4f4ad5583fd6fb6c44b81888e337,2023-01-10 21:10:43 -0500
236164c6ec4cfeebb636ffbc65cf1b55db6bdc42,2023-01-10 21:10:43 -0500
3abecff0d11e4489cd703cf93a3118dea3a77611,2023-01-10 21:10:43 -0500
33432c228c3f6ad6dca6c57145fc4a9f6f668a0f,2023-01-10 21:10:43 -0500
ca2b89077cddb34d9b02a532d64a40f404aa1164,2023-01-10 21:10:43 -0500
5966dcae63d1fbc211e0ce9fd2fd02c172d3b39c,2023-01-10 17:14:29 -0800
2208ce9140011b4c3764258aae27efe65ead85e6,2023-01-10 17:00:19 -0800
b35873f79e54e8b14024e9547ac8d4b1d835fa1b,2023-01-10 16:41:23 -0800
0eed915d2884aceb3035886b296120236c4b8ef2,2023-01-10 16:40:52 -0800
5ecee2efaa5f33814ab9eaec50c116ef4e87e9f4,2023-01-10 16:40:19 -0800
0f3cb8d0565df17a2d96aa3d1e63d57e182b841f,2023-01-10 16:28:08 -0800
9262a2b33b3c21f1bbf250559c7b376abac56a8b,2023-01-10 16:28:08 -0800
c375e6fcee2882001e79e6c457702f7cfef25a36,2023-01-04 15:32:34 +0100
6721f20b93bd8cd55bf31a8cb445b7d004a92534,2022-12-29 13:58:46 -0800
bb5aea96f133c6dbe8589b92c1d383b9bef676fa,2022-12-29 21:24:52 +0000
c2f2defcba73ad7ad1e5c6608a3d7b91a11313c9,2022-12-11 13:23:06 -0800
1ea69688828b40e85353f4d2b1eccbba6946ece9,2022-12-11 13:11:49 -0800
ff44f03c1c596a4480185aa92e76674f7187bd36,2022-12-09 15:57:29 -0800
89945caa5f70b4a3c925fd6066c7fcbb0135fd80,2022-12-09 23:46:59 +0000
18d971a8378c1c4fbdae4b0a9f7e2bec3fa14750,2022-12-02 03:47:18 +0000
7c502fdd0e28cd7c9d16bfab5c0edf01c8e47122,2022-11-30 09:31:52 -0800
b9044caf65f8d56a77dd994823a50eb7dfb48cef,2022-11-30 16:37:44 +0000
af204001fd64dfa886792abb19ff9da66b461069,2022-11-29 15:53:32 -0800
69334b05e21813b57acadd9aec2478574366b440,2022-11-29 23:10:21 +0000
c1b6ce4d8da909fc0f25c0c150811d2c41d9a148,2022-11-22 12:44:33 -0800
c82ca370e209ba836ff77df237310e7ea79d9c49,2022-11-22 20:32:18 +0000
b315e6aac84550948763a2bc99f12ceb2a28dca1,2022-11-14 14:31:01 -0500
3cbd1d99626d68936dc250b60beac9a18637fb73,2022-11-13 12:23:43 -0800
79f72aad4fc0feece22c6ff0397430607da1ed5c,2022-11-13 12:12:59 -0800
aed58893f3184af8f0dc2cb66c69b16342bcbf2a,2022-11-12 00:11:13 +0000
2187a3274c2f6778ff5fb8a6e62235c9ddffae7d,2022-11-11 16:10:58 -0800
9ca7d00dab481eb5f4fa81d03bb81dbe93c84e64,2022-11-11 16:04:16 -0800
20344353ac52a62152d86dc9c907b05a49cf1c3c,2022-11-11 23:39:29 +0000
ed0930212cbb4c97f03e0f89f2294c17e84a2438,2022-11-11 15:32:52 -0800
22f2f89009c6b37bf5e2cc514c67976ce75f25fe,2022-11-11 15:27:28 -0800
2f6687cd780bc22212e5256a1d28046b757b6ad1,2022-11-09 23:55:35 +0000
1fc475ad33e4916dca852050ce76779197f37b5a,2022-11-09 14:58:44 -0800
4c8ba81c10752245cea38bfaa27829b80d8ddfb9,2022-11-06 22:06:22 -0800
6637f4911d060041c7cfa5357dfacf3c79740643,2022-11-06 22:06:17 -0800
753cfc3e5c319c63c48ec07eb33f83644e936959,2022-11-06 22:06:06 -0800
88d9f40a3d2e31a1d33705599864d174be12d1d0,2022-10-28 21:30:19 +0000
c8cb124f8adae684746baf14fd87cf82d712b611,2022-10-27 14:05:04 -0700
ce9922e08c191efddb9541ef984e9df7aa0ac5c5,2022-10-27 12:54:58 -0700
882cb5ea45912710eb6f74d9b705b131d7b5d09e,2022-10-14 16:27:41 -0700
89433ee3c7c3fe12b85ac5de9f2e8669218a2e8f,2022-10-14 16:08:46 -0700
f43b1198183b35782471a95c8cf3b3ef6565180c,2022-10-14 16:08:46 -0700
36b5842d426d907482c7db27c3bbb91a5daa9de5,2022-10-14 16:08:46 -0700
606c7bd55ceb62bd404e949ef5c8042ff65f0936,2022-10-14 16:08:46 -0700
a0a5335c4d887c7e9586baf51d353809616db946,2022-10-14 16:08:46 -0700
9b7982a7f2b4c93aab3874386eaa84ae5362def0,2022-10-14 16:08:46 -0700
93e74224667c0cef73d176f464ea1490a3c30889,2022-10-14 16:08:46 -0700
e5761551e4c9a4d2d997cbe8fcebc740f363765c,2022-10-14 16:08:46 -0700
818471ac8489f9b75452c99e1a356412dad2425b,2022-10-14 16:08:46 -0700
b3319b817d57dfb46f87d879130c85bfc2921afe,2022-10-14 16:08:46 -0700
63de886e5d81e802ce317b4f26d8f01cea297059,2022-10-14 16:08:46 -0700
8c36eaf55da22ac07dac9cda0c608bb5c94f4cb2,2022-10-14 16:07:09 -0700
9bda1b2c1951e471d97f25658927f452f5e33489,2022-10-14 16:07:09 -0700
79a1bcb2a3f66edaa3ce800eaa38c4280b0fc63d,2022-10-14 15:55:17 -0700
417587259f427db04624b731d7536ee048b3856a,2022-10-14 15:55:17 -0700
0af17df712d1f2128b8fbc4df543e423939ef905,2022-10-03 13:50:30 -0700
e1794550ef317fc4cd6eb88050f9dfb6117f9aec,2022-10-03 11:09:42 -0700
89c981127a35a6f9abb96b8fff1c7e6e1dcabe72,2022-09-28 21:17:59 -0700
b8d2a9edc19ca495576b44802eb61e617824df32,2022-09-29 03:12:20 +0000
6c43611f5198a18cfaf582fcbc1fbcfb1efbda1f,2022-09-28 15:06:40 -0700
06d321fe5dde0cfebee17ef6d21f8267a078ddff,2022-09-28 21:55:32 +0000
b2d7b83d985480dd62cbf6aa729d212c4fa34baa,2022-09-28 12:28:31 -0700
4415efa72611d0e44ad54c5e94a4aa9f49e4c370,2022-09-28 11:04:41 -0700
7f2ea222bba635b8ccb24316a8675b11343df386,2022-09-28 10:50:25 -0700
3036c96a1f4bd2995d1b53f641cf32883e6796cd,2022-09-27 16:46:25 -0700
b7deee427d60182bb77c930d488f8a63c72b26f4,2022-09-26 11:42:23 -0700
8a7bde8e9ce4630640ae73cfedb4b9ae61f709e2,2022-09-23 23:19:41 +0000
165bd413c0ab9c55b0c0e3614fcb829ef5f8ca95,2022-09-12 14:58:46 -0700
719e957be18ce67c1b6bcdf1c8115d318968313f,2022-09-12 09:17:32 -0700
dfc7e6dd90bffacc6f0e52ed818da33bed63dcf2,2022-08-26 18:12:23 +0000
3790d76fc9485f5229632d4583976a593679abd3,2022-08-26 18:12:21 +0000
e882a08486badd527a615ff38fce8bc3520b12de,2022-08-26 18:11:42 +0000
33f2b499efeefa09b912393b09364bc010f1b87d,2022-08-26 18:11:40 +0000
87cd7fbe2281beff0f86e7f210a7b059ebf7d798,2022-08-26 18:07:46 +0000
e4c65cba19fadc87ff61500d2065766472398ad2,2022-08-26 18:07:43 +0000
6b03b113a9ac37908f880e6058107c3be7b207fa,2022-08-25 09:07:45 -0700
c7bb1cb50c6dae7efd8f85f39ef5320d787a6696,2022-08-25 00:03:18 +0000
2b997a9992cb246ae9e6aecbb52e9daed2680d91,2022-08-24 19:03:16 +0000
e0a9364dde890bff48481ad9e95affa38a77abb4,2022-08-24 18:53:21 +0000
a99a76568b9c83066da6aa9663480d9f1e5a5766,2022-08-22 15:57:33 -0700
2e5d3f4fafcfe475cd8c7bccaba4d5eae94ca560,2022-08-22 15:16:46 -0700
584db45a4fdbb950ec4e793e5ee958f9d3fcff36,2022-08-22 15:16:46 -0700
a9ed4c298206fb14503811151fab0d03ad1d570e,2022-08-22 15:16:46 -0700
8b981d92135253626239dd957192747eb6532c0f,2022-08-22 15:16:45 -0700
43f65357c8b0de44db925c66716ff0ad668c3af8,2022-08-22 15:16:45 -0700
2b19bc95daeead7127ddcc9b65260c2794d18fc6,2022-08-22 15:16:45 -0700
f9d8abcfdeb50c8e8630aafb3fc19ff95be42670,2022-08-22 15:16:45 -0700
843add93a5f2dc24e16b9370f8b95ad55eafe5bf,2022-08-22 14:26:56 -0700
ffb023c6c3c387b8dd1489bf72917b63fc64d3b1,2022-08-22 11:41:10 -0700
275b5bee134f8035acf0e00b2579d05c7405eb66,2022-08-22 09:59:06 -0700
e6a61b72237f38cb52f2def3e0911b0d9c3027f2,2022-08-22 09:59:06 -0700
0e5a3cb74f275ba1477bd13f6b1af27d30426aa0,2022-08-18 12:26:55 -0700
d72acf6f29bc09238101a5546499d030aa1d12b5,2022-08-12 13:06:11 +0200
593cfaaffede48f09f72f5b72f9455ef3e56d477,2022-08-10 23:49:59 +0000
aa06c81f2985a387c80ffda19991cf6fb8ea27ac,2022-08-10 17:36:44 +0000
f3d43c1f050d697cebec90ea4da9f8638b930d82,2022-08-09 19:03:41 +0200
89b3b138b6d728ee904eaeaf5c0cd1e317c34c69,2022-08-09 15:27:10 +0200
7ce2938b14e8d92ff53227dbe25ace6f3d70b0c2,2022-08-09 15:03:12 +0200
1948878ca9f24e23db950750ca8ab2e286aa4c4b,2022-08-09 15:03:12 +0200
619f09196de3c80d7f30553ac0d69269b9d856ca,2022-08-09 15:03:12 +0200
4fca3127fbd3c75377aed908f0c9c34a56d63a2d,2022-08-09 15:03:12 +0200
a4713ca53b8554d320fbfe170ddfb487fd7b20f8,2022-08-08 14:17:45 +0200
6138a51e9d828c6e4be415bcd3448622b42f02df,2022-07-29 22:12:29 -0700
a116208a6da0a3d3a6aa92352f5c33f3ac336e73,2022-07-28 19:22:31 -0400
1b6b54502e7453ec093054124eccb5ce84390421,2022-07-28 12:46:31 -0700
b35b4d509f4f2087cef55b9ddce930df0f87c2f0,2022-07-28 18:28:58 +0000
8cc7e47de21e5aa0fd7af0dd9244c253c8765704,2022-07-27 23:51:48 -0700
fed176def6ee5df9309a01f1d1fd660f071cf9fe,2022-07-27 23:42:11 -0700
003f7e945a8f14982e088aeb3c2b4df506ebd1a8,2022-07-27 20:26:17 -0400
c9a2fc249e7ef4993d2cab3831fe07a9dc6a3c19,2022-07-27 14:07:48 -0400
4b4490b45ae452544f4805ff4f66292daf4841ec,2022-07-26 14:52:10 -0700
67b5db77e1684c0a70ceed795cc5f3d79eaa94c8,2022-07-26 21:39:07 +0000
5b1d39634ea8940985319b7883d960d52aec71bc,2022-07-22 08:49:24 -0700
d599ad317ce1d55db1a0a7ca78594a04ea3281c1,2022-07-21 23:26:25 +0000
492dbf48d609a7ff270d33a196a07fa2e3af0406,2022-07-21 23:25:25 +0000
a11b9a9ae4c08b60706b926d6a999d3cc32e57ea,2022-07-21 12:57:49 -0700
b8058e7561d16f061ab025fbb973e7ad560b058d,2022-07-21 17:38:31 +0000
8772207a7583e0152581a6edd866e1b4d1783b1e,2022-07-07 10:33:42 -0700
12832bed88caff888e1193d109d58ca1d7e9905e,2022-07-06 19:06:42 +0000
0585ab5e5bc505d1338a419a19ea1b5484792738,2022-07-06 19:01:33 +0000
374f1b5e494c968166fe3eb9a66b6f7769981400,2022-07-06 17:55:36 +0000
5b69bf405d034258e1dd8ce34819add0dc2992ae,2022-07-06 17:31:22 +0000
e348d3f89ab6488ab874aace78a5006279e2907e,2022-07-05 14:32:31 -0700
616cb3968270be4fc6cc96c72ed967e27872fcfb,2022-07-05 20:38:11 +0000
025e831b3db8281241dbca407bacd8bfc0bea2e2,2022-07-05 19:49:54 +0000
fee2f8b416afdaf8d574d8b9a3bb2f98addaa133,2022-07-01 20:14:34 +0000
16efc0cdc1836617933c701505ed53b877f1a121,2022-06-29 21:36:53 +0000
f7d90a641ee4d0d715c4b0f53f7ed1368cb850cc,2022-06-29 21:36:22 +0000
46661eed74c0c5954824f0abad13e0c39ee9320a,2022-06-22 20:51:59 -0700
f64bd30e9de561e01fcb23ba11e9444c0076f46f,2022-06-23 02:41:42 +0000
7d71391bb33ab90b14ee7084142eae53ed1abcf2,2022-06-22 16:11:58 -0700
647cfa6a0c039fb00d12b3843390bb07593bb3f2,2022-06-22 22:42:30 +0000
4b161a5a6e4b7ea41087fc3a293cb2011dcafe37,2022-06-13 12:58:50 -0700
8822db781efe74c91231dd4475260b7e319c6958,2022-06-06 09:04:48 -0700
eaab38c200cfc77ff7a9ce27046e6eaaa7a99021,2022-06-06 11:20:35 -0400
20fd0237518403b2559cc31c885b2106e79eac93,2022-06-03 13:53:59 -0700
31f9107ca23618746edf2de4b13b03e33a3e3fec,2022-06-03 20:51:59 +0000
612491e6635017cc288625fcf8acd4495de22e0e,2022-05-31 20:54:31 -0700
7e4627c9434e88e0ccf15f7b39ebfcfb1d6308cb,2022-05-31 21:36:08 +0000
cd3c1fbf3532e5b5d942d1b418aa1bb193fed1f7,2022-05-31 17:33:04 +0000
0a7ecff3cb8ccda95e34823901a0710da252de31,2022-05-24 14:12:52 -0700
0404bff11bd1cfc74386218dadcf9d38d4d82d88,2022-05-24 20:18:20 +0000
be90de9a9dd56d4d79808fee6f5b60b525e770a3,2022-05-18 15:56:39 -0700
59ace6c49399c865ff2ca36f61ee937cd7099fc2,2022-05-18 15:56:39 -0700
e5dccc865724efd45d871cc1bc9488cc0c9791c2,2022-05-18 15:56:39 -0700
93d97e8c9713bcb4f771082c2afaa50037c78ac2,2022-05-17 21:09:18 +0000
d6db8fac7ea01d8a6a4a8c2b8bc84b66be4fb471,2022-05-17 21:09:17 +0000
7f707cdb04eb079b398c1391c8d5b17c9c9bb231,2022-05-02 22:21:42 +0000
ef9afb0c7d5b00c8c63e2d4a911eeb10413b25fe,2022-05-02 15:18:30 -0700
74a34337f36f4b9dda94504a5b9b9dbc66369a14,2022-05-02 21:01:26 +0000
cc6a0b30743324c089c074371e3ab006f717c893,2022-05-02 20:43:52 +0000
b06b7e4faedf5bc95ec9c2c487e3aa347c5dff53,2022-05-02 20:02:04 +0000
17bf173c8e92cf102f5ee563a87ce00f7e046e05,2022-05-02 15:11:09 -0400
4b6629fa3fcfc9f66b0cdbb311377ea8c926b910,2022-05-02 19:01:27 +0000
6425b69bd8cbd4c815f03418c7ccd61c28740516,2022-04-28 17:04:37 +0000
2f6a4fc04a570542adc25d34b976fdd43adf6960,2022-04-27 15:34:51 -0700
837a0360bebb95dce8b27c147f3e39a5fb9a3db2,2022-04-27 22:01:01 +0000
741cf481d648ed1a1e3cd8c4815ac775b6cd6040,2022-04-27 19:22:04 +0000
ae1d5d38abcffd71826ee2a1c010093900e9f750,2022-04-21 16:32:05 -0700
ed390839d76bd8a57e18bec01d3f2a3ea60ada53,2022-04-18 14:44:27 -0400
376c71fe589e9b261f59eb8907ed17257c3b64e6,2022-04-09 13:56:14 -0400
72d989115ad68fc43345d2d8b73020c294d49de5,2022-04-09 13:55:20 -0400
89ebb3063cdf75e9334431878dbba2718a638af1,2022-04-09 13:54:37 -0400
3071bb157733a3d4c3c111967c1061a9ae1df7a9,2022-04-08 21:48:33 +0000
c8835338b04182155741bff748be5a508a95bf54,2022-04-08 10:31:55 +0200
5a95861f02e8e8d6db8126df1bdc888509a3ac6e,2022-03-31 21:39:02 +0000
27494d765e6780b70fb71c91f4feeaf50b4befac,2022-03-31 14:25:29 -0700
5f49d89166a3801eda75dea5c99a2b210c8e1cf5,2022-03-31 13:14:01 -0700
98abadaef5f9694707037ce308972c900fd3d467,2022-03-31 19:56:50 +0000
36e15e19afcb3c243f3559f62d360f891c6a187c,2022-03-31 14:46:51 -0400
54dc3d2b46fffc9a0502e56536289556d4e27fad,2022-03-31 14:43:50 -0400
c45bd9f7d3b5b72db5f4c7aefd5e9c66f98f98d5,2022-03-31 18:07:29 +0000
ba54a3aa18859272b02507f29d92a69512b1c12a,2022-03-31 18:06:11 +0000
0f13535d058a65a0c1432d5d97e59b227fe06be9,2022-03-30 20:14:34 -0400
f93015f295e667b6fe8ff7a9eb1910a9e1ade517,2022-03-31 00:10:13 +0000
915596e0d7b2e53baa8f6f888c484271f1d6e3b3,2022-03-30 23:56:42 +0000
daadb9d7571d5ec0495fb07af98c6b51aa716e73,2022-03-30 23:55:17 +0000
a3e202e6bfb3053d949e0d73ca9364393ef610df,2022-03-26 17:13:27 -0400
b9e79d99c5121cc8b358c71faf810492874ad2d8,2022-03-25 21:37:53 +0000
c555fe64112ff6b4212eed7582e367cb204803b4,2022-03-25 21:37:17 +0000
c63c02d645abf763db00de9174b4537739f52319,2022-03-23 09:59:48 -0400
d5444a2d1aaf51e9ebdeda45e241b4f94c60efea,2022-03-16 14:53:46 -0400
2bb561f9fee10d70eb1ca427525f3859ba364dff,2022-03-11 15:56:48 -0500
a608fa274dc09c805310b230d92290b950a3421e,2022-03-11 19:05:04 +0000
ed7746e0612d569644277a2aa654c5eda4447c8e,2022-03-08 19:06:27 -0500
357e585edd80e55dd73ee897de4e931d523b933c,2022-03-03 22:25:02 +0000
531711493ebeff7d27473cb6cf8997c01740eb75,2022-03-03 22:25:02 +0000
2428c7eb148649e031258e7201491bbd1a66514b,2022-03-02 23:05:02 +0000
389bbece051c739718905e2f0224b4383cb4f08a,2022-03-02 23:05:02 +0000
000357fbc927ee418c7b252a84a440cceb295cd3,2022-03-02 16:27:50 -0500
b256250720386198273122af551d4d17ce850276,2022-03-02 16:27:00 -0500
1ca9179f15c4c2bfda49b72fbf9c83267cb62dd4,2022-03-02 16:25:33 -0500
c3aad01be8da2d5edebd1c60c845f889c2b8afd9,2022-03-02 20:37:41 +0000
c4b8a13968f0464e0a6506ede4e93600003c985a,2022-03-02 20:37:37 +0000
27c7ab782ffe95dd7d7d23d0705d22ea90969b2a,2022-03-02 20:37:30 +0000
d4899f102fc4a5bd60e98de090d2bb61b3aac337,2022-03-02 20:37:25 +0000
a27bd2694abc52a97c8b45fd30ea2fce3de2693f,2022-03-02 20:37:18 +0000
8ebe13d085aaad80d67ca0826c5c7564a6c10554,2022-03-02 20:35:52 +0000
26a9246e3291f3c98b41d5551396639f023367a0,2022-02-28 00:30:30 +0000
f83ee0c60b953c05ee48950d25a05ff3127b985a,2022-02-28 00:30:30 +0000
a123eacab5060d0e965bedf86482169b4b235d35,2022-02-28 00:30:30 +0000
c386845f24164619da69d7ced446363a6c95603c,2022-02-28 00:30:30 +0000
449fcb828e7b333bc7968f7e33ca6cfee17fc9d0,2022-02-28 00:30:30 +0000
6874f9c6bdb4e0cb97634cf027b852f680265591,2022-02-28 00:30:30 +0000
b80d8da1bb5fa91c8c7eae36dcbfb10b63ed727a,2022-02-28 00:30:30 +0000
45ac06e0d038699f77208daecced62a62aed0ac7,2022-02-28 00:30:30 +0000
fb3aeb76287b8574b1e11a1102ced9427d53df4f,2022-02-28 00:30:30 +0000
d367add7856e0e384f2e16dd460144059cf347c2,2022-02-28 00:30:30 +0000
0cca98d0b270d4daa7c9b6d5ccd34d57e693cbcd,2022-02-28 00:30:30 +0000
538ac5d934d20ed3039e5b62546e0c1a06e7b9e7,2022-02-28 00:30:30 +0000
32c7ab03ad6ae33e25d90759a4d5fc3939f25423,2022-02-28 00:30:30 +0000
a5c58e221b414b3438f9d25a241dab5ff3cf394f,2022-02-28 00:30:30 +0000
9cbf4f045ff445871e05be1d471f2516e8d95f75,2022-02-28 00:30:30 +0000
dc986338972a73b2b5ab82ca338fff27975f9b10,2022-02-28 00:30:30 +0000
402197863f7052490ad027548089c5d2a7bd2270,2022-02-27 14:55:03 -0800
4f86ebbb321c9c31764e0591881088899dd9b948,2022-02-23 14:03:46 -0500
a096abd735fc34c390e01e927f5b4d5009c7c94f,2022-02-23 09:28:48 -0800
57db729afb9e95e9876c8e843afaf818a6ee30ed,2022-02-17 22:22:23 +0100
50693de217b1032e92972d0337e7124617de9741,2022-02-17 14:22:19 -0500
3e68e5885e28b06b755b88e0bf8423d1cda9c704,2022-02-17 19:45:51 +0100
97c37d6681154f0171d4faa4bf4e89a93b3a33c9,2022-02-14 13:12:25 -0500
d0257122bbd77928886c28b47137a4cd6a76bde8,2022-02-14 09:21:22 -0800
e2af997967c5eb2432e8b6d118c7c9c2d94f1804,2022-02-12 20:54:31 -0500
f82b7e884ccba60c63aaac9edd7167816e3ab584,2022-02-11 17:23:43 -0800
b8da13243dfe434ad145ec3e892880d1ceed6008,2022-02-11 17:17:44 -0800
2c8bc5840241ccc263e07f52683ed83aa49cc4f1,2022-02-11 17:17:44 -0800
f559f5ca70de1658bbf69fb78c31cace215e532c,2022-02-11 17:17:44 -0800
a97404b6adb71439c23f52fc1880d89f15ae00b7,2022-02-11 17:09:57 -0800
3e1c92a5325283b1f8b06f6b47c6e139398a273b,2022-02-10 12:37:31 +0100
eb58d37d00b41f309d18bb53a10131fabaf3f9d4,2022-02-10 12:37:30 +0100
51eaddeba83c78e1df0607eecdcf4512c1907b81,2022-02-10 12:37:30 +0100
2fbd228c337d0970fe5a884f536a6dc0989b50fb,2022-02-10 12:37:30 +0100
d8765a8f3c8bc2ab7971b2886ea799ccef2850ed,2022-02-10 12:37:30 +0100
01503bc76e914f89a4e84a9f05f1c1e464f11548,2022-01-30 14:45:58 -0500
ed14fa3ecf8df1570a5c247860b9e6c2570731c7,2022-01-30 11:33:14 -0800
a0d8a7a4ef0409aaf8113bf19a2b141158a4d7bb,2022-01-25 20:47:14 -0800
96c8c7de615b01fb4d91239e68273dbbce05c255,2022-01-25 19:50:17 -0800
27ae3c781407de325afa538724a764a44c74f9d1,2022-01-25 20:42:00 -0500
cc8b3f734c06e601e0e004c8b565ecbcf63736bc,2022-01-25 16:41:16 -0800
6b24394c9bab758362bbe3e5d4bb0715052944df,2022-01-23 18:42:45 -0800
0f83d2ea484c98409c4d55b778f3f9ae4e3b90e3,2022-01-23 19:14:13 -0500
df386bfd100f8605adf0e1559ea5dd2aea6e75e0,2022-01-23 15:07:40 -0800
7e30b8682a28c50935874e6779281da4c548715e,2022-01-23 15:30:37 -0500
d1bbfd18abf58bdff2d31372b23c658635248e60,2022-01-23 12:20:46 -0800
a7cf01064a9998144cb3d31e4c16b7b1fa549b15,2022-01-23 12:20:46 -0800
a688bc507c79967c676d75fd77a59fb2dda4ee7e,2022-01-23 12:20:46 -0800
c93b05ca23862847f1897dad1e21dcb74516ff76,2022-01-23 12:20:46 -0800
b34696e48b448532bad47c7f36bf3383633cba78,2022-01-23 15:06:51 -0500
ac7ceb5862eda3e9af465017d25598ab433891fc,2022-01-23 15:06:00 -0500
bba94c0f94913f667f74e04df45527a0d55aa3d0,2022-01-23 11:57:18 -0800
c079b31dd5c699431b7fb13287dcaad92a29e7fd,2022-01-23 14:28:18 -0500
979505bb58f789bb63b4211ff3fcdef5b17f8f74,2022-01-22 22:25:05 -0800
e89a65586c653afbebc31b6a89237a46ea93f352,2022-01-22 22:25:05 -0800
86d1de5f2caadd28430f60a239e9299b8afd2053,2022-01-22 22:25:05 -0800
46501f4b63f90c9b7b81e9473599e6c396e7382d,2022-01-22 22:25:05 -0800
1cfd2ee8356a55dae903d313bab81f6683701485,2022-01-22 22:25:05 -0800
87b26fe2c832c2d6105c7387f56587e044859647,2022-01-22 22:25:04 -0800
55b7e6f86789ff26de0fe439e6d82f8ccb6bb4e4,2022-01-22 22:25:04 -0800
f8f0779d7a2f930a798336883d51326d548842dd,2022-01-22 22:25:04 -0800
b6e6800c0d31d49e100533e14f6012b6161f1d8d,2022-01-22 22:25:04 -0800
aee1b13b2b9cc4d627b168daa3cdd792ec311b2e,2022-01-22 22:25:04 -0800
62863f8a0b246191adda19ea2fa3ad2cae188390,2022-01-22 22:25:04 -0800
c5ae02722522de415fbcd41e8f133bb7c57d047e,2022-01-22 22:25:04 -0800
b65586605760bc77429502ff4946949376d5b990,2022-01-22 22:25:04 -0800
7641fa922204d841999517d7cf1191a4f6398fca,2022-01-22 22:25:04 -0800
d2f55960152396c34d9122e5bcdb691b5ad4a82c,2022-01-22 22:25:04 -0800
30f24de808d59d1f6205a7a6beb0e06b78705bd9,2022-01-22 22:25:04 -0800
d0bd4b52d6b4e0b61fec20fce41c13740659e0b5,2022-01-22 22:25:04 -0800
d0043e34ddaf7510d88267fb4190a0672b104e3a,2022-01-22 22:25:04 -0800
8bedbe746c180ab3f16fdc2ba9c76e5c1ab394c7,2022-01-22 22:25:04 -0800
786430612eb45b8812ae5727fdc7a07889feae92,2022-01-22 22:25:04 -0800
16cb9ed69b5917a9eeb37b727db287240bcea2af,2022-01-22 22:25:04 -0800
4d3b2a943550d6882a23c461ad2f6fb2e0a446f2,2022-01-22 22:25:04 -0800
5aba0cd09da229634f4cf91da78fe4f00288fd91,2022-01-22 22:25:04 -0800
b57578ad8eddc438fd1edb051dde5ec7800299dc,2022-01-22 22:25:04 -0800
f99b3a32138f61cb3bffcd88dd2f7b0aea46b364,2022-01-22 22:25:04 -0800
2df24bf91124f476fdd66f5693a9502032a50ac3,2022-01-22 22:25:04 -0800
0359aa6225f929d365a8e649a438d88582512b42,2022-01-22 22:25:04 -0800
e0fce54056487fcb4f3c83426ff9cc478801afc1,2022-01-22 22:25:04 -0800
3dbb821baf9c29078ccf49290c4d15e2262da6fa,2022-01-22 22:25:04 -0800
2f946d962be9aa6d72df2b24cdb5327833b7b187,2022-01-22 22:25:04 -0800
e56becc258a87337841b2c47846a95c57d470f2b,2022-01-22 22:25:04 -0800
cab29bacf73644449ad93fce88033c22c7b8b8d8,2022-01-22 22:25:04 -0800
6145a79f5d68158233551dc4ca10a1be29c0ff21,2022-01-22 22:25:04 -0800
0ac67b8cf81bfa654456d27f3c50ff89026d104a,2022-01-22 22:25:04 -0800
19920eeed1a211cbbcab08063493a7f120fb7e2a,2022-01-22 22:25:04 -0800
60008bb4f0086f5048cc8969baf1613cecbbcdd6,2022-01-21 08:10:56 -0800
27c4935e360a642c5179bcf0b5a92d655f04dd7c,2022-01-20 16:03:17 -0800
3fb309bbcfc78951d034fa7cf9081b458339dcb1,2022-01-20 16:03:17 -0800
6548d00da50179a9e2ac4e308ab5e38fb2b6f338,2022-01-20 16:03:17 -0800
e05f7c9fbd63cc0ba7436f8398102bc38dce3c96,2022-01-20 02:07:34 -0500
c719fae1967a5b769c9b59df68d098836a32b1b9,2022-01-10 20:38:18 +0100
1b3361e006fad3d9ea72ffbac75828f13fdab4e4,2022-01-03 22:01:14 -0800
6a9cd798bf4a69bed5c6efa87c9ae6b62e622da1,2022-01-03 21:09:29 -0800
c2c3428cf0be150650f6a4c9706222c508b9e788,2022-01-03 15:56:20 -0500
70f73cd47dcf8b7abfa1341f2ccd72fd74397091,2022-01-03 12:43:17 -0500
5a7909a1fc3d3d1dfd68d8a9fb6cb3b0e8b69d40,2022-01-03 11:56:08 -0500
aa99b4bc8a511a0f96466d16de2c88af9befea83,2021-12-27 13:03:50 -0700
c8ffbbdbab15a2abd1abb652dc3238cda683532d,2021-12-27 10:56:27 -0800
20eec4bbb0df884cc89b06e12093a0eae5c441ed,2021-12-27 09:32:39 -0500
9fe64a77b8794e976eec5b3019ae1c3a9f1b75ef,2021-12-27 09:27:07 -0500
52d10b2ba0f1af85e1484615eb87c5c293d628f8,2021-12-27 07:18:17 -0700
d8ce01318e8d00b1aad3d51236d3cfc089745917,2021-12-26 17:50:43 -0800
b8d23962d605a582fce2207f5370224f9e873b3b,2021-12-26 17:50:43 -0800
881d203080009c3a8827c602c1f6d314f30a67b7,2021-12-26 08:37:32 -0700
2d269a129dde1c6335ef16b0d9e50065e2b963a3,2021-12-26 10:32:55 -0500
0a0cecd24c7b145beaa57d8f566e767daa2e2bd2,2021-12-26 08:31:28 -0700
e35f3bbd6341ec14396100b0bb0651ff7aa9334e,2021-12-26 10:18:37 -0500
f1e9ee68760002c41c0c9b42da5abdf1486fe1e5,2021-12-26 00:00:38 -0800
42f753bda8ddbbdfc1fbbe7ecf527cbb804dae01,2021-12-25 22:40:26 +0100
c6eeeab56077f61f21112460da760d3da7b0996d,2021-12-25 22:36:17 +0100
e64013059dcb68f23bea43fc2a47e01940097b56,2021-12-25 10:20:06 -0500
014d6925671ca0259ed74f2308cd14467bb1d6a6,2021-12-25 09:51:47 -0500
b66c9648489756ced3b80a67e32e76c911fe26ff,2021-12-25 00:48:25 -0800
841b659a20e0b72f3b548ece5bde5556b1dc4ce1,2021-12-24 14:52:16 -0800
5de10633023a504c422cb038c7e8945978799229,2021-12-24 14:51:49 -0800
c04af737b46f1ad0e48edc839e492182564d69a2,2021-12-24 17:13:23 +0100
f34477f90e45b1cff7835cc2ce51ee5569eccc06,2021-12-23 16:38:44 -0500
a543db56e25e8e8938cfab997310892b3dcb46c2,2021-12-19 18:35:32 -0500
f6c1251acc25c148d13c941b0a62732dc4d3541a,2021-12-19 18:32:33 -0500
1ca1161a68030565a37319ec6275556dfcd1a1af,2021-12-18 23:03:57 -0800
da495eb7c3a0d0a9bba201089d1df79869d3eedc,2021-12-14 14:24:53 -0500
6857c1d220e6f1cb1241ee59cae3b8dc541e600a,2021-12-13 12:41:12 +0100
137beacaf72173976dda61cba2ce060a78a44c81,2021-12-12 07:30:43 -0500
7d92822441ac4719490f14680c465945743f2172,2021-12-12 07:28:13 -0500
588915d232500ce17870e8977bdcfd312d58130f,2021-12-12 07:25:13 -0500
a9e15a9988588176002f3daa0d3ebfcc1aa5d6c4,2021-12-12 07:23:04 -0500
5e9e21535690af66c65cc8b2b8083ad0e04e7f16,2021-12-11 16:27:00 -0800
dd563796e7ace1d35c8e95da41f93a785b5be657,2021-12-11 07:48:24 -0500
68dd871e246aa44db24140ce97a19393b104a504,2021-12-10 23:43:36 -0800
c232c17b710334ba3a50c92a7f4004d5aad9cddd,2021-12-10 23:34:06 -0800
666ae93a9d7bfa2d76eb78ce4653aa55453f5b87,2021-12-04 08:11:22 -0500
48a38e7b975b620307aad9d85499dc648acd43c3,2021-12-03 21:23:39 -0800
66e1f1f136e45dff9cb8186ece5953a0a8c3b8e0,2021-12-03 21:19:58 -0800
b6696b9dba39423a54e77287df275ebe8c4add0d,2021-12-03 21:18:04 -0800
0e9860ecf75691db9bd45cf52e04d96e45310892,2021-12-03 20:36:34 -0800
82e48c30bf031d2a45297b65fa6abd7261ff6897,2021-12-03 20:35:17 -0800
7dc0b3b509b2d455a50b6abe8699621e01f2c3b9,2021-12-03 20:33:32 -0800
a6b38bec62efde4198ed97e107adcf2d17296452,2021-11-25 19:01:57 -0800
ba93d172655d6853688da59a633a1e0eee5f0088,2021-11-25 18:44:46 -0800
817f19290df87fdf818b2b5804f350959fa6b12c,2021-11-25 18:44:46 -0800
36a02c1f90824447d4dd1c3277b8c11266cab93d,2021-11-25 18:44:46 -0800
cce2043fae9690829b584d5917d25822a2c1a52f,2021-11-23 18:45:26 -0600
c143c7cb5c73bcae51a4576c3bbe7d1d76ef7620,2021-11-22 20:22:39 -0500
ea657099f5eb13020c5ef0193b86dfa74695a744,2021-11-22 20:20:53 -0500
cce63e74c4926e07bc8e3f0886e531531a045f48,2021-11-22 15:11:40 -0800
09b1508ec791d2fa56032e41cc040d7accb368ca,2021-11-22 15:47:15 -0500
3162a3b4f7a608e02684e92ec8b3b86614eed50a,2021-11-22 15:43:58 -0500
76caea0fa87c3acd41d7d4b6c1f31aaf13e07454,2021-11-22 12:30:16 -0800
d360d2a9ef645303276753bcdb6c62a93843f368,2021-11-22 12:30:16 -0800
1c12f9f21281611539ac974e88a036db9166ac49,2021-11-15 19:38:45 -0800
0376c0ff4cf46c04e5539616b263040b2788f1c0,2021-11-15 19:37:36 -0800
bc0b14a7c5714a4bd5130667b562d010fc6f86e0,2021-11-13 17:21:48 -0800
1bec3e76c57bf4748a4eaf53aee560331d416b79,2021-11-13 17:05:11 -0800
a0562189509f4d4b67083bd0cda88eaaf65dd134,2021-11-13 16:49:00 -0800
62b26fb594aa160478ce44c6d2bb8e6a1cef4174,2021-10-28 13:09:44 -0400
23b9d91d6f73e0dde59f7bd69026867509f7623b,2021-10-29 00:39:17 +0900
d722c3a759a0e12a2e30076548b5c003e4952c34,2021-10-28 23:53:13 +0900
3b34d2cd73479d4d37173ab888fc5f39a82a863a,2021-10-28 11:59:11 +0900
fc3748fd87439fa4a1105f09282461125d0b5308,2021-10-26 18:43:04 -0700
24ae073aa8f61b72f55ca1b485917afd474488b5,2021-10-26 08:09:12 +0300
67a8fae8b0149729745566b3eae27a77e3239ffe,2021-10-26 08:09:12 +0300
40d85352815db0a4b2bf58d635b0b7571001b245,2021-10-26 08:09:12 +0300
4e19e37bfba1ad7353088ad8188f47750e0cb43c,2021-10-26 08:09:12 +0300
cc3f3813b864190aad9d2d427dff4283e8e659f2,2021-10-26 08:09:12 +0300
8b365c6da67d90d6ffffacbcc1b169f730ad35f3,2021-10-26 08:09:12 +0300
a818aff733e1dc6dbcf8d50032d7844dd49d31c4,2021-10-26 08:09:12 +0300
fb8ce0951ce047b1278700fd776f096b1798f18f,2021-10-25 07:35:52 -0400
d05e37923ca23b1be9b6a0d3ef79a4abcc5dc86a,2021-10-25 07:29:50 -0400
38b3a19ace247177bfb8971f8a65f668415de7aa,2021-10-25 03:05:17 -0700
262643b2930aad5b6dc31df75cb928577b6a99a8,2021-10-24 21:09:07 -0400
0597358dde292d739809cd7426e0b55921372ccf,2021-10-23 22:29:39 -0700
1a0802f4a3d9d10451cb3c7dd1444d82a3da7cb5,2021-10-23 22:13:53 -0700
aacf63857cab7cebcdd33dc6b86ebf2d855cc0c2,2021-10-23 22:13:53 -0700
5fdfb56c8b5a2ae96287189c3eb72db355d6ac10,2021-10-23 22:13:53 -0700
00f83145a36f7ae0d446f4c8824463d6dd557f3d,2021-10-23 20:19:51 -0700
b45fc9b6e5cc690882ede57b5ad89500bfcc1c04,2021-10-23 20:19:51 -0700
0f96d5e122b2055fbd38ab3557db3da067aa6049,2021-10-23 20:19:51 -0700
d80ab47c973433a2e89af22408da748e1ac53d90,2021-10-23 20:19:51 -0700
a216ec902a311aa5b9853129efad2e90034823a1,2021-10-23 20:19:51 -0700
5a757d0418d671dce65c7ae911f1249bb9fdd7f1,2021-10-23 20:19:51 -0700
55437faad06f46280bec49cdfd671abcd9d202c4,2021-10-23 20:19:51 -0700
160d29df95768583c491b3e378658de6bd9f66d7,2021-10-23 20:19:51 -0700
f322dc3f3e4851546f38b83a275a0a5b8d4aa7de,2021-10-23 20:19:51 -0700
0fc7c03d7033fd99b799c82288801a77acc43263,2021-10-23 20:19:51 -0700
91a057cad96eda25518ac60a363c7614a58f0f63,2021-10-23 20:19:51 -0700
49a4a6c7a0c505e82f947b29e2f28a9556b99a68,2021-10-23 20:19:51 -0700
278bfa17ae03650d2842d3d5ffde66675d22fcf9,2021-10-23 20:19:51 -0700
07b443257f901fcee1068d4be48f001ec402e990,2021-10-23 20:19:51 -0700
a06802c320c781abff797e37fdfc78f8f24a624e,2021-10-22 22:31:00 -0700
85cef39954026d75deac29d1de3698e1972fba16,2021-10-22 22:29:53 -0700
d82f0eacf37ef76d729e8baaeb6e44d7a1f9bc5c,2021-10-08 18:06:28 -0400
59c7d5de34fc0edd64286174cd19be9a163d0982,2021-10-08 17:42:32 -0400
420ffa175d5f3b35c86e9931bc29fe23fc59ce48,2021-10-08 17:42:32 -0400
909a30ef5b347c09de7fe1263f7e422736937459,2021-09-16 20:08:45 -0700
3a083a1b40a3dc35c86ccac0cf70768da8b0fdb7,2021-09-16 20:07:54 -0700
88ab68cf6b7762ece5b52e340de5f72c8ef9dc04,2021-09-16 19:51:27 -0700
4e3fbd9fe537e339cdba2d2062661b5d93da18a3,2021-09-16 19:37:54 -0700
3199fdd309de9f5044184d782edd3dadd5f881d4,2021-09-16 19:34:33 -0700
ea70b54dbe3d261efde6377c8925deda57e28f11,2021-09-16 19:32:09 -0700
0fe3c441d39e4670112719552e9d0d5033acdd19,2021-09-16 19:29:14 -0700
8f3172e4f6590a4df07185b1bf7cbb5d362aeb73,2021-09-16 19:21:32 -0700
f66c81f351e4cebec8599669363c855a4a1c80ee,2021-09-16 10:38:47 +0200
002cfded803f2a5a335e379ad53bc1d9d4875a79,2021-08-27 09:11:13 -0400
fc9739a4d6a7bab3742638c9f56696886de6c452,2021-08-26 18:37:39 -0700
be1ad5dff30bb42a8266d40bd9b6ddb760f1897b,2021-08-26 18:37:39 -0700
5cf030a9e3737dde5b0071dc216b54ba7a5816a9,2021-08-23 17:32:48 -0700
43546c830c98068ba4dbbc291236c160f01dab99,2021-08-22 18:18:25 -0700
38b0474e35d4dfd85e25943d4edd08f1f39b3ff1,2021-08-22 14:26:21 -0400
0cc9f46882f7dc2b0ba1119ed4638beb6129abd4,2021-08-21 18:01:25 -0700
04c908d5f766221eac21d541ef874584644260e1,2021-08-21 20:52:57 -0400
8afac61dd61ccb5278ba99f641234a62f644f676,2021-08-20 19:36:55 -0700
5c76dcc1732071e1f3623ab0c9365ac0e48bc926,2021-08-19 17:08:34 +0200
a54c78554f855bb5a0f49011a8f6e576a6bde164,2021-08-17 08:14:32 -0400
1d83307b8cda27b0a0e450e9de0e177a51c410b5,2021-08-17 02:15:37 -0700
8d15ada126313356dfdf88a01bf8f6aa232c6618,2021-08-13 10:33:13 -0400
6787d3fa9f7ad36201f2d19723c609db3d8f346a,2021-08-12 23:11:21 -0700
6608ba3e2dd4f9082958336460bf442ff3e8b159,2021-08-12 22:43:16 -0700
b629b2137e1af2728e98fa064588dd270d158e43,2021-08-12 22:43:16 -0700
b347a118fa0aa0d0d993f91a58436a09640a91b9,2021-08-12 16:33:19 -0700
d771dae61faed040b65e1cc6e96887694dc18c2b,2021-08-06 11:41:00 -0400
ff5eeff28371726883b1fa2708f9dcf2952d905e,2021-08-06 11:15:35 -0400
1b8bc9754df9e35bd1174df4dad24888d7f7c8bf,2021-07-30 08:16:10 -0400
acc8f816cefc168cc741a8ae6845c228a820f147,2021-07-29 20:56:06 -0500
04eb696e079f99546c89a7228b792ef267a4d568,2021-07-29 20:17:02 -0400
234f2cc26f2148812d8c88d50e79c50105457d6a,2021-07-29 19:12:26 -0500
b4f75abdb7d20e8abae0d0118255a39abcd6e00b,2021-07-29 17:14:31 -0500
806b50e3cd9d720b4d274629a14453d1fa4b9cee,2021-07-29 11:34:36 -0400
c63eb4477cde3a2d4a5eee3d39d4c76223bb412a,2021-07-28 22:14:08 -0700
055471f80fd1abb3a17f883bef6ae1712c351d24,2021-07-27 16:13:16 -0400
5c9483a810813c3d8b8002bfb06f173044f0e074,2021-07-26 20:26:39 -0700
01a5f6cdb9789d18f461979b1872d588265b0d44,2021-07-26 20:26:04 -0700
8b5cdbb3b513225cdb6900332ac34250094cce79,2021-07-26 20:11:02 -0700
925621a7079151ee380fb9d202f7ad2601ed45ac,2021-07-26 09:55:48 -0400
5e61ec7e84f8ab12777315e27d7ffb99fffa0c06,2021-07-26 02:22:35 -0700
962696199a1ed5866c5efc9f5b2d6415ef5196b2,2021-07-26 02:19:56 -0700
38c03ddfd7aa404f2970ef0c9b69d3ec16365a76,2021-07-26 01:55:46 -0700
cb61fc8312c7393faba1b2af951241960c10b3ee,2021-07-26 01:55:46 -0700
5d054420571352f0795f0e75aa638736c4f5efb2,2021-07-21 12:27:44 -0400
d46078109cba0157c6551cfb8d54db11f708a355,2021-07-21 10:01:34 -0400
9cb42ade67a4a78d98f37f6af5a96a6737c79f87,2021-07-20 22:31:12 -0700
e79b7b6e4e342170cb4e26c117a3b82a3e629f9e,2021-07-20 21:25:09 -0700
8a57b2037ec2006f6d5c43690729d33bd6f47a7c,2021-07-20 20:28:29 -0700
0066ce583b7c9abfd35c8a2b8707e55bb4469b8e,2021-07-20 19:51:07 -0700
de3daf3dc839ee9ed89259bf76bb4724e0fb974c,2021-07-20 19:46:00 -0700
f94b6c68aa26f55d3a90b1a99536f378fe466d53,2021-07-20 18:53:02 -0700
e9e1703184abfafcd6f1e784b46461d10cb31480,2021-07-20 18:53:02 -0700
a1b4e76ab87906a0f92eefeec76c6a0a5d3b6144,2021-07-18 15:10:07 -0400
0364d45d9dde4b2c65f03b22a30f4935bd9f2bc8,2021-07-17 17:07:53 -0700
c239b6e3cb745a3fd2dd6ef8f173ebf184a18140,2021-07-15 07:20:33 -0400
b9a15285eadc6d57341a9120cb3d855a385ea9b6,2021-07-14 22:24:09 -0700
69e1f5f51fda02fe1a491884f968a154f8368784,2021-07-14 13:41:03 -0700
dd8613060013040d7e5479de83bb36392dcc7556,2021-07-08 03:31:49 -0700
d6c5165f90b6ac105ce930d43a76fe619c07dca6,2021-07-08 03:31:49 -0700
95e77c698557591ce4f9b0784cdbf2caec10b4c3,2021-07-08 03:31:49 -0700
69ea8488f37ef3c67de2ce76eacbe6a4a0dff52e,2021-07-08 03:31:49 -0700
902a111a57ee374a92cee462cc7f9d93f3a57a8b,2021-07-08 03:31:49 -0700
6b8b57ef5a7ddbc3c6e63c94a294214c04b8386d,2021-07-08 03:31:49 -0700
e5a127647be51de45dc86db18c06e7a0ffd390a0,2021-07-08 03:31:48 -0700
f6909a06e76c4f12869d80768d0890dce365d3eb,2021-07-08 03:31:48 -0700
74f0e0aec3add80bf56f88f504b012b13227bd11,2021-07-08 03:31:48 -0700
5968193dfb894039fdb879467d1e8209577899e1,2021-07-08 03:31:48 -0700
7916afd2d3b5558320df83787dd875f17068cb3a,2021-07-08 03:31:48 -0700
2b8eb443d482d904c8505694636a98f1be930ff6,2021-07-08 03:31:48 -0700
da62cb1afd3ecb3d306ee5478a76a622b2736140,2021-07-08 03:31:48 -0700
025775a040bb8f2584a7cd0811e9f54cbe35685c,2021-07-08 03:31:48 -0700
1e69514507da11aa7948866db350bc21aa675bc6,2021-07-08 03:31:48 -0700
0e0445f95c3f8deaf05ef69b9a00fa4c00eacf3e,2021-07-08 03:31:48 -0700
b294a2fa1e09c6a95c56e828adc4a397096209e6,2021-07-08 03:31:48 -0700
5a40429359636027ce97fad0021c61827d8718a3,2021-07-08 03:31:48 -0700
9f477fd5fe576de4e49e3f7b5d396dfaa43735d1,2021-07-08 03:31:48 -0700
e58005ae237284da07fbb716a9b79bcdb1b6098e,2021-07-08 03:31:48 -0700
8c0af308daf233997f58dd41668032aca8bf108e,2021-07-08 03:31:48 -0700
c9900434c443f46429970d1e73c238c3a5382ece,2021-07-08 03:31:48 -0700
1f2007eb28ac76e57184c8ce9d450ad92512dcb4,2021-07-08 03:31:48 -0700
760a96a47dc0e6987ca15d0a1adac46480a6dbcf,2021-07-08 03:31:48 -0700
4a20411eae7779e2cf43f3a193aef5e0a6a2c88c,2021-07-08 03:31:48 -0700
fe44b55f10fb7f43a0994adbec29f4bb67c8405d,2021-07-08 03:31:48 -0700
c87bd6bb3e988f066b73b69e713e7cb694d89782,2021-07-08 03:31:48 -0700
c2b252242b34eafca8faba7e60170b77c1fe8758,2021-07-08 03:31:48 -0700
09288b79b273ac9f3502ba23980f9d30f433daef,2021-07-08 03:31:48 -0700
8ed27a8b36dd250fe62a0f65ae3f28d2982022b2,2021-07-08 03:31:48 -0700
b2b131ef343dbb971320b5cb479c395de074fed7,2021-07-08 03:31:48 -0700
5903cf902c2d338bb1502e49f2d6c4b2c4dc5b20,2021-07-08 03:31:48 -0700
5e9fe0ea6e9ceed55f2770bb5b1be901fd209e52,2021-07-08 03:31:48 -0700
01184890013b87f9be389055305fc8690b4e31b4,2021-07-08 03:31:48 -0700
b3c410a37102ebf2bccdc92698ecc6e6f151d2f0,2021-07-08 03:31:48 -0700
19aa600b808100fa75b04251a92b9eb353bcdc6c,2021-07-08 03:31:48 -0700
6b296374d5962ed8e1315b2a75046aef2ad307b0,2021-07-08 03:31:48 -0700
68e856987ece7d3d06c542698a454127a3e98513,2021-07-08 03:31:48 -0700
5e2e28365cb827c4b9631b4ac153f374d164479a,2021-07-08 03:31:48 -0700
7d5b6c689841e392386c5bfe865025c553aab8df,2021-07-08 03:31:48 -0700
0ea12ca5aaea0842a624211ff30b77b60c6ef96e,2021-07-08 03:31:48 -0700
4c1876341d78ebe33bb309afe0d9b4358cff6ef0,2021-07-08 03:31:48 -0700
6f9e2a8b78f783eb3b1ebac35a646906dff9611d,2021-07-08 03:31:48 -0700
90f2270dab2f806c39a4a3158f0353156870f714,2021-07-08 03:31:48 -0700
b0febd340226c8d21de7ba4df2807149c8489c10,2021-07-08 03:31:48 -0700
448ebb501922335564a99e44dba128bd9da204dd,2021-07-08 03:31:48 -0700
19a32d3e10e284b75c478f83dd70b1173fb43cac,2021-07-08 03:31:48 -0700
a249876bff5a70fc1e629ce72a74b0f160ffaf47,2021-07-08 03:31:48 -0700
63452b7bc831dede3173e45172377e0ca434bbe0,2021-07-08 03:31:48 -0700
d0b1fb7d7fa3e9490a15d6b91f946654c19b72f2,2021-07-08 03:31:48 -0700
3f4c6a4cd189178f83284c31da6c29f03d18cd2b,2021-07-08 03:31:48 -0700
4b227fe8c6edb0144e63297b9fc7dce9d59b339d,2021-07-08 03:31:48 -0700
1f2cd94a653db3dba39c130541191ff08fa4c7fb,2021-07-08 03:31:48 -0700
aae80292cb77ed298306c4fcdd646ff22b3ba603,2021-07-08 03:31:48 -0700
037ed212f6b748eab79043078fd61f019b851911,2021-06-23 17:31:30 -0400
eab80688cce76f66583e870abb1b8f6131c78720,2021-06-21 14:44:09 -0700
6ef951cd611e4df42cfcfcd519ce2829c390f533,2021-06-21 14:43:19 -0700
ca443c8a346f34fa2ae2c7afee61f31a4cb0652a,2021-06-21 14:41:09 -0700
bfd3cbc2049db07647582e36835488f3e60111dc,2021-06-17 20:32:53 -0700
2f1d46aa8671da1fbe743c42da86f6ad7bb5cf88,2021-06-17 20:32:53 -0700
fbdb692444e66533c9893e63d650c22f4a2818d2,2021-06-16 11:28:35 -0700
85d01ba730ef59d6bb09d2cf7b9f2ce07f12ef7f,2021-06-16 11:28:35 -0700
e550b244f8bfefdbf26aeed6b5bba7c78e43e6d9,2021-06-15 17:22:29 -0400
960db9ab5ec6d82740b8b7f83e0bdbb4767aaa67,2021-06-15 17:16:11 -0400
2aa6a5b6286db8a86469b2c197a61b0b536a5309,2021-06-15 00:21:56 -0700
45c2cbf6b8f8f9d1d20e7a095787798e80c09905,2021-06-15 00:21:56 -0700
6a6cae0e3085725830662153577d39671f3a35ce,2021-06-15 00:21:56 -0700
85bc4ac52b8dcfd8e588c4d4c59137a3bc57ad8c,2021-06-14 15:48:52 -0700
ef590d2b3b5a6f3721e8a5f883ea14d018f8f210,2021-06-13 22:26:42 -0700
b29c0a03ea8296967747f5fa68593a0be64a080d,2021-06-13 22:26:42 -0700
529e19729bc03f0973d876f85d20f5c54c4815a3,2021-06-13 22:26:42 -0700
823970eb7f62d20eb29248eb41ee1b6831c2b7a9,2021-06-13 22:24:14 -0700
581a7cb47a6289b19484292a855420f82c2a2679,2021-06-13 22:24:14 -0700
65074cb1e46e905373a449df71caa1ca6657ee39,2021-06-12 12:11:29 +0200
4ebfe541a00cb4af44fe6859a1efb73fef31b860,2021-06-12 12:10:04 +0200
88c47dee267c29a8f97a0045ca22946e1bac5940,2021-06-12 12:09:33 +0200
111647b756f6fe33678587fa933ff0964c4c841b,2021-06-04 13:47:57 -0400
a8aa3bef5225e360803de9183f6cf1c0112b43f9,2021-06-04 02:08:54 -0700
305eda00705aa7f3de2aef188b3b9168118d952c,2021-06-03 07:04:04 -0400
6bcef68c9fb2fcb3f721b156d197eeb0009bd407,2021-06-03 03:45:01 -0700
11c1575daf58111049f4c5cc1cd6ea1b01d5ee9c,2021-06-02 20:46:18 -0700
b90a083fe14bc6b0afda9fd8c063cc2621917171,2021-06-02 20:37:52 -0700
3ec578edce9fb697ba06014e257a233e6b612c67,2021-06-02 20:37:52 -0700
82161ae7120d0c74117c9a4ad8d21fd2bfc541da,2021-06-02 20:37:52 -0700
700e2023af582adb8dfe7e841439f9fb390ed897,2021-06-02 20:37:52 -0700
e93d0faa22bb89449b9d9c291827bd4fa7a0af34,2021-06-02 20:37:52 -0700
8ed9ac524c510663e2bd0d0cba3aade89c0fd0ca,2021-06-02 20:37:52 -0700
4c32e5951be9e7079a88de9e2d11e0b3c1d77d19,2021-06-02 20:37:52 -0700
fd6c5c3e919c8108f63477f273121a648c1e1109,2021-06-02 20:37:52 -0700
55872131834aa0141a78e5822c4c43f16791be6a,2021-06-02 20:37:52 -0700
c546545c5e5362a146e5fbbb04cd847664653e5e,2021-06-02 20:37:52 -0700
5340e392c638b9376936d18eb4fe8c77cceec09d,2021-06-02 20:37:52 -0700
503332270c48d8be72f2055861b9b8eb2d8487cd,2021-06-02 20:37:52 -0700
e99e304eede642a7c381f3da24c0b9b3e521e323,2021-06-02 20:37:52 -0700
e119ba459b36be475a7f064a066777842996ed1a,2021-06-02 20:37:52 -0700
9131fdbbfbb9138387f9be7c8058ae680df34350,2021-06-02 20:37:52 -0700
28cfa2b8b06bf236c180ad27d635fcef669283a8,2021-06-02 12:48:57 -0700
53d3e517cc7cae207bd849dbd98a45464ef13dfc,2021-06-02 12:48:57 -0700
5f0ab7b3f34d916e1c26054350459516e9f9f892,2021-06-02 12:48:57 -0700
1ef61687d8cddbfeaebe6ca3cc4375d54aa13def,2021-06-02 12:48:57 -0700
71948a54ca62f39635cf3be1ddf92c614685f000,2021-05-31 13:42:09 -0700
063c551dcf327bdd82be5411b5a45a63f21760a9,2021-05-30 22:18:31 -0400
f1c81460f527c38ce77a90a087eca8d20c59feea,2021-05-30 21:43:17 -0400
a9f0e55958afab7382c212ef0338987fcd6ccac5,2021-05-30 21:28:08 -0400
1d435d9c12abb1d4c8b275dc6017a032336ba145,2021-05-30 17:37:17 -0700
04464338608ce4f814d830b2bcd86c4d96274cb6,2021-05-30 17:37:17 -0700
8d63277ba7d10e3ca01bcdff62f12331892e2da8,2021-05-30 17:37:17 -0700
78904863c4027377e99952f0417d4be3b5cfee3e,2021-05-30 17:11:56 -0700
4ac1d1bb64833f2a97a186714e6eab29c9ee0093,2021-05-30 17:11:24 -0400
3ec0bdbc576352483e4d82d3e03a722224dc7f8b,2021-05-28 00:59:10 -0700
c32947c029c5cd5c1b7489cb16723a9fa7a54365,2021-05-27 14:43:22 -0700
739fbbbf2ed3bb461988f83885b331d8e7b65684,2021-05-27 14:43:22 -0700
568355140ddddad2d63996528c886234b7e32f70,2021-05-27 14:43:22 -0700
c431e9e22d63c24b87d3274db2bd411c8b864a78,2021-05-25 14:51:59 -0400
307ec9627a2e555094fa5863f2a83e042c7bca22,2021-05-25 11:39:04 -0700
0889e4f2d20bbdd134e77de56ab08bd862cd047f,2021-05-25 11:39:04 -0700
49d1ad5e34c15edb344004624bd1071035acd5f8,2021-05-26 01:02:59 +0900
e2f2b715a4114b8e5d4c5a3833cadb9592f6a822,2021-05-24 02:14:37 -0700
fdff3e187bc4d3b4f541e75309ca59576d5e2047,2021-05-24 02:14:37 -0700
4dd2a80c84af08b10535743e7e0d19c4994deb5e,2021-05-20 16:54:45 -0700
c54f126824b5f6feb8a128405aa8165f32f23a5f,2021-05-20 16:54:45 -0700
4d651056950e39f63f49a4a6cdc27135c47093e3,2021-05-20 16:54:45 -0700
3a24b2f556d87edcf431f1d3023cd5c4a8c1424c,2021-05-20 16:47:04 -0700
fc7c7b7966194db99e49c8fe603c8659660dd70c,2021-05-20 16:47:02 -0700
30ddd7a092d55ce4dc1640e54f5f9fb3bc4777a1,2021-05-20 16:45:40 -0700
61a3ec1331ba815365991a1cdfdedff572c96601,2021-05-20 16:45:38 -0700
9d7b9791954f91354078b6809923a3a8c9b34688,2021-05-20 16:42:39 -0700
6644955fff07db7844f0b495b4abfabf2b700e21,2021-05-19 16:04:42 -0700
c1f19b9517455d93c87112fe2aa80d033ea75ed2,2021-05-19 15:56:07 -0700
58d51e9de4a23bad6a6f81692360c864f0d818da,2021-05-19 07:46:08 -0400
e1e60ae4c046da6a45780297ecfc1eec35a342bb,2021-05-19 12:05:39 +0200
c3812b52ee2e4fe10abf12280463e3ee3a060505,2021-05-13 16:55:30 -0400
899fff76daf93fe17292126871da3ea6e2b61bec,2021-05-13 14:47:38 -0400
0181ed1037f692902505921a5ad1e86013cbe6d0,2021-05-14 03:24:40 +0900
cde84724e8f2beb237e1d694da21f3f573698f58,2021-05-09 15:27:55 -0700
0b4c4f46a2aaacb0b09fcc49ee05009c25007027,2021-05-09 19:38:31 +0200
7eed39a88e26d2e2ef63cda1474db806af0e3d5e,2021-05-07 11:02:58 -0400
cb4144609773e31284d4d1de8bb106df2c0f08d0,2021-04-30 08:55:49 -0400
beebf265adcd6fe34f0d70c35ebbdf563422262d,2021-04-30 21:24:08 +0900
125137b76cec121eb83b088238fd9d12d0a6553a,2021-04-27 15:24:01 -0700
af0b2ec5c20b4ea1b181bf10591f6c944f2b6760,2021-04-27 15:24:01 -0700
f5b76806a41bd4b6dedcef6885d14df39759b9c1,2021-04-27 15:24:01 -0700
4246acf24e0737c4892d31c6f83d0cf1f0bff38b,2021-04-26 12:53:23 -0700
8e064c480af24832a4971abbdbc3610028d028e5,2021-04-26 07:55:50 -0400
f0698e5d6d83d9aaab29411b3698c3dd9a49dce5,2021-04-26 07:34:26 -0400
9b90376ef3614fe6ee0e8d93959dc1a67132674c,2021-04-03 19:26:46 -0700
a5ae5811c112b10a4b43881ee55a32820291b4a2,2021-04-03 19:22:43 -0700
d155975d932b1f4699631b1f530496c2a25faa5e,2021-04-03 17:21:34 -0700
481a2ca60b85c692558a2042609858741b40973f,2021-04-03 12:10:10 -0700
aaa07115ba06a1e5995f40d1632ee827fad61829,2021-04-03 12:10:10 -0700
17f76e670818fb2bc36ad38f7a1c8889bc017309,2021-04-03 11:54:43 -0700
47215cfdf94b7cbe950f16fce33d4dd1d46d46f2,2021-04-02 15:43:29 -0700
bc76efc250bba0155612898233ebfc786e429708,2021-04-02 15:52:05 -0400
daea496631c1f8353b32a8c2e82f0eb818d8997f,2021-04-02 15:50:52 -0400
fae16c7ff3f0ce9c15327884e5f69d1222342cd3,2021-04-02 11:29:46 -0700
bdb2ad35ef0d5520ab2eac101d84da2bd6f3a03c,2021-04-02 11:29:08 -0700
7ce3882319861f9aca242a4ca89dcd46d53ceee6,2021-04-02 11:03:41 -0700
24681059c34c9544f7cd2b658c4a1ca479f74fc1,2021-04-01 16:00:37 -0400
7ae3cc1084d7ddc6baeedf230ecbc5ff4ab25d03,2021-03-31 18:37:18 -0700
73e582b4781ee3079f96189b4f0ec6fac9d63bdc,2021-03-31 17:23:37 -0700
5ca4d1dd7d23e465b660f4f021f78a29321cdc06,2021-03-31 16:51:29 -0700
1fceb6b53590b2756a7cdc5bf72e11499bc150e2,2021-03-31 16:43:00 -0700
127a3949c2bcda8047ae38bde796906967abf6e6,2021-03-31 16:22:55 -0700
3823a91ea766fe3c91f40c71d795c6ea8617321b,2021-03-31 16:22:30 -0700
31a0100c02c3860b8231fc974f8cd9350d0c6333,2021-03-31 12:36:10 -0700
1a331e3d67688c2ee418890980278f9e235c56f9,2021-03-31 12:16:59 -0700
258e5ae5ac0e636aedccc57ea096d746d141c8fb,2021-03-31 11:42:38 -0700
c32b985658c9c3b743c527be058fcbe9d1501f82,2021-03-31 11:42:38 -0700
6c8a699faa21686e8e7612b07f9ced272460425d,2021-03-31 11:42:38 -0700
b2845ebc4b0aa7ba8f7c66632b36bdb5724f2007,2021-03-31 11:24:24 -0700
53fe6e34f82281f1eb30d05bba9ec7d1eb684ad4,2021-03-31 11:24:24 -0700
d4e3d8c98f5c65378acc80f268c13fed5d3afba4,2021-03-30 17:34:59 -0700
f04517ca5e80f1cd493635d542a0525c055cb555,2021-03-28 21:51:50 -0400
e25be1960da4b88b75f9c0037050d54aa35104d2,2021-03-06 23:15:43 +0100
d91bfc9c9c231b80e87e5e5da94012d4ed4947db,2021-03-06 22:08:49 +0100
205cf1797d3532a6aa882f4b437837c57c037362,2021-03-06 20:56:46 +0100
b7b167e37817e0c89efe3ce1fc4ec7cc959dff96,2021-03-06 20:56:42 +0100
754e9649f1fa0ba225ee42b56ded64bc283d17df,2021-03-03 19:29:11 -0800
96faa48beabc9c7887e8b75f64556ac21e4b3dea,2021-03-01 17:40:30 -0800
80ae7530b1f64b1c27c67c00afaea1db7a604713,2021-02-26 19:11:49 -0500
d131468cf31d6ca4bcb368048575810a521948f4,2021-02-26 13:21:27 -0800
32b10ec4bd4696f25e43145771601ef620eb338b,2021-02-25 20:19:00 -0500
a67211d27062deb009ed7057429eee1dc9c4d261,2021-02-25 14:38:50 -0800
f21a7c63ebc105eb26eb5adf91c8e65e1f99e014,2021-02-25 14:38:50 -0800
30069886578273c4d118f696214fa7f673e89b6e,2021-02-25 10:35:30 -0500
b1dcec7ca999579bbe241aad7c16bc400dc06da7,2021-02-24 16:28:50 -0800
172705fb2d4f6e20056ca42c0e005caae67021d1,2021-02-24 12:00:12 -0800
fbd0d3cbce42e1066b3d64c229c1e59599cd9628,2021-02-24 11:59:36 -0800
5da596137c9464902e4cc05f06d91d08cbc8834c,2021-02-21 20:33:57 -0500
ed849860b889c4e52ecb7596d34a6ca63236571e,2021-02-21 16:03:54 -0800
49b398f36db53f2f21230bd56026af2e0b7ffcfc,2021-02-21 15:33:44 -0800
ed020d73969d099dd6e94e21505e87ea29ff56ff,2021-02-21 14:01:26 -0800
6bb9436fff5feae9c019f9dbd50f23a7f7863d75,2021-02-21 14:19:56 -0500
de6da8555b6f5dbee2febeff9b18ec674b6975c4,2021-02-21 10:48:24 -0800
c25df905554ef2c268ff75267e0b8b362084d7c3,2021-02-21 09:27:29 +0100
5319f9011a0cca5b024709adb9a512c2d1070e90,2021-02-20 21:51:15 -0800
c1e7d221b129129af13fe23a5f2b52d8b1e2545b,2021-02-20 21:35:54 -0800
65895aecdefecba94272065d5820db95e8322d1e,2021-02-13 19:49:21 -0500
e759bb683ff97d198e4f60cb2d1b861e2baca2a8,2021-02-12 19:27:11 -0800
a33681afeed9945bd2ad7df1dde93ba5fe72235b,2021-02-11 20:54:37 -0800
0385f61201e488d3122ffc3fcadadac00506e5b0,2021-02-11 20:32:28 -0800
09ec1dea0692e2c9298d9343a8e976e9d4e12b08,2021-02-11 20:32:28 -0800
5d6c176a946dcd86d1feed9d5914de4acad742db,2021-02-11 20:32:28 -0800
483aa14cac6374a14f9d3b17121e3d5c9e4272e8,2021-02-11 20:32:28 -0800
eaa7b49dd476466347fb6e75277bde8910b2fc5f,2021-02-11 20:32:28 -0800
23e909d2fc7904eefeafb533b2eb63f0eaf06ce5,2021-02-11 20:32:28 -0800
df6b71541e2f41ea1df9451dc8450765c15e0193,2021-02-11 20:32:28 -0800
1ce4e975ebcbed22a6abe930ee442148aef54810,2021-02-11 20:32:28 -0800
7d53fe4f0960ba084afa0233841311a6b80f7450,2021-02-11 20:32:28 -0800
742c5669ca87f03d97bd4557ef7b5d826cc18647,2021-02-09 09:43:39 -0800
eb2c2c9e3828e893f6ec8e93bda2690ae308775a,2021-02-09 06:50:30 +0000
d1626788fa06e1fbd524585717abbeecf3dffddc,2021-02-05 21:22:15 -0800
8e6324181f5d08b4e8e9a882cf2b1dd9ab2c33ed,2021-01-20 20:55:29 -0500
180f576ca4375c86a0822ee7f487c75e83c7384d,2021-01-21 08:19:04 +0900
68b660e4bcd14528b013f9de05a0f86ec4ca53c5,2021-01-07 12:25:59 -0500
156a19967ae64bc0a74480db94624b01cefc17c6,2020-12-29 12:03:14 -0800
42bdd51a339b34c5cfc5e37fb17468ce645067bb,2020-12-29 00:27:35 -0500
e5deb9b6a44ca809ae23921a09fb2f79a2af10f0,2020-12-21 08:13:05 -0500
367f60f5d93f3d70fef11e3fffa86165ad57381f,2020-12-20 19:28:25 -0800
ed099c7a057135e07155f30c801aed63b074b757,2020-12-18 15:22:02 -0500
720f88445757359a885a16157743ff87f061582d,2020-12-18 13:13:32 -0700
29fb36c5c0559664a4c94a63efea68317123e12b,2020-12-18 14:38:29 -0500
0fb4877d84948c5a5d6b087c868d1e2984a591e6,2020-12-18 11:42:50 -0700
a486408ec15ef7be574188927b4640c2c395f559,2020-12-18 11:42:46 -0700
6fc7537c089371ddf5235c2071c3e66811dc3e3c,2020-12-16 14:20:19 -0500
3624ffe2fdde687578fb9e4cd19ad4aee1012256,2020-12-16 07:08:33 -0500
f1783f5dc1734b114a3698d3a3bac713eb9c2b9c,2020-12-16 07:02:45 -0500
f7b53d34ef881f1d52498747be3e7a20426894f3,2020-12-16 18:54:00 +0800
d76272057117be2fbe4b47858f08296bf8ccbafb,2020-12-14 07:11:09 -0500
ae9c55c81c223a44fbed269866fd139467a75fca,2020-12-14 07:09:40 -0500
a5acb5acd684d256b9d2c1274f8cd1d57be9f263,2020-12-12 13:56:01 -0800
1da9b7dc13046b571f897e47afd9301acda4a6db,2020-12-12 13:46:00 -0800
1303dabbb1353bd2049b5e8d36c54ed76ca8b33b,2020-12-12 02:27:20 -0800
749e53b9c3f26fc38b79f67d6b912e7806342c08,2020-12-12 02:02:06 -0800
7b8dc36644be90f5ddb90e4d7835e062475421ea,2020-12-05 22:09:45 -0800
27d791de3b44fa766b23b7a85cb50990b48c978d,2020-11-29 16:16:44 -0800
95c4bb427f0a863ac19f93762266325b98024cd3,2020-11-29 16:15:06 -0800
66d28b84240a0a2f5024b51130a67e46d2a88341,2020-11-29 16:09:20 -0800
a6619b54b0976b6117712af2b38383eb5b149bc5,2020-11-29 09:02:53 -0500
93400ef521b2f21144538fe43c067923b8613f8b,2020-11-29 11:18:44 +0100
70315d6dcbe02c60bd31e79dae2e4f1d2bb04a71,2020-11-25 18:55:26 -0500
ecd385b0f82fd4d8e2a871195e73df21067bc8fd,2020-11-25 18:54:18 -0500
d1de61da6c5af36a8bd532b05b9e6b82078856c1,2020-11-25 15:26:50 -0800
483c01a6ac0124be1ce74e11eeec26ef08689b6a,2020-11-25 15:26:50 -0800
7e1be61bed755506f9160d669fb296a119d39bf6,2020-11-25 15:24:31 -0800
1b18c51c7486652b5612f8c1ba12d61a5868821a,2020-11-25 15:24:31 -0800
5ad3389a2340c1a08316b15de98ac1cde51f0a99,2020-11-25 15:24:31 -0800
7fc94e236ba4364350999599a19e3394b654a867,2020-11-25 15:24:31 -0800
a71de2f1550a154d7a0fd431f06ec753fdc9c4da,2020-11-24 00:30:49 -0800
e9608279c2f78f4ff9884f9c020ad120324d0895,2020-11-22 13:23:39 -0800
920d83f786d2bb63ffc380dcaf882a37d62ae97e,2020-11-22 13:22:52 -0800
0279a31d1227e35a26d2e7b95905509c18ec23bc,2020-11-21 11:12:26 +0100
6b054f25ca95cb661e541714e63ca8773847d95b,2020-11-20 16:08:54 -0800
e45c5ac99b1db23ad9d4dbc177ddbf5d9ea23fcb,2020-11-20 16:08:54 -0800
382e347a3c9728a9fb467e1edc31a1e5e4d1d5a9,2020-11-20 16:08:54 -0800
f2ce41205132ac861d0767b2d54e8e5aae25d89d,2020-11-20 16:08:54 -0800
2fefc991df713cbbc813eddd9b6cee4e8544a43f,2020-11-20 16:08:54 -0800
2a0f063a3b1a79d0c2f875f61c3db9096e2a664e,2020-11-20 16:08:54 -0800
b4fd3561806f9c91a0d8f14513cf702a1d70716f,2020-11-20 16:08:54 -0800
90f1ce9bc1a892e82f96837ae00c50f0efb974dc,2020-11-20 13:56:38 -0800
cec53a24e6adeb366416c153784f07ac29c3ee1c,2020-11-20 13:56:38 -0800
cbcac3a5d5aea8932301aaea0f0777668b9c8231,2020-11-16 12:47:58 -0500
d882b34ec12c5c3ea535ec314feab011f9851c5a,2020-11-16 14:43:31 -0300
43f8cc0400266288a70448ad7ddc12b10734c83f,2020-11-03 22:18:29 -0800
c4b9b0173c1bc7343a74560e748904b151041b15,2020-11-03 22:17:21 -0800
5da40bd6334a1f39a986b43200d6cd5c3fdf7b84,2020-11-03 18:06:47 -0500
b44db617773b0221833fd1bdbbce439a9fc58e67,2020-11-03 13:59:00 -0500
c68a817b46489ec97598f7ee640d84ef8be0d228,2020-11-03 13:48:06 -0500
5972b006ffe113e85a2467b786c0f68401a5ee3f,2020-11-03 18:59:10 +0100
9ab3e854ab4bb92913576f58cdb2657dc7c25df0,2020-11-02 09:47:26 -0500
df3600addcbecae6c429330e796c6bf01dccc13f,2020-11-02 09:45:47 -0500
f3101688e253c7eac136821900c706e40bec1bab,2020-11-01 21:03:25 -0800
718145ce242476b08db61de1d59727931755439f,2020-11-01 20:46:41 -0800
688ff5310cf59e6b5c85ee692dcdb4a36fe04311,2020-11-01 20:46:41 -0800
7bcdc945d612478a682cde88157047d56f62f566,2020-10-31 20:46:27 -0400
ada45ce8a5122004f0aa5a6fd33d81b95a6a69e6,2020-10-31 20:44:49 -0400
624d49847c83faac302a7fbc9dd35f59e25d795e,2020-10-31 15:36:11 -0700
349fc361090e6e3fd2e80d5ac477a3c0e3039dd1,2020-10-31 15:36:11 -0700
a37e0accb65f21d8c077a7740ad48e1b222e55f9,2020-10-31 15:36:11 -0700
2ea29c50c25286f0525cf2c6619865815d6a827c,2020-10-30 18:15:37 -0700
61dce8bdb10122c51551990212f74d76453c43dd,2020-10-30 18:14:01 -0700
1488bb6968a930c6ad105cd29bdcc0e9e8809a81,2020-10-30 20:02:20 -0400
c6a6d381f470aeb97616c8d57656c02a3a1eb56c,2020-10-30 16:20:15 -0700
df0a3fb6b60f3bf71d548d49d32181accb334057,2020-10-30 14:07:57 -0700
9ad5d4801c2ce9510afdbd347067edcab86cafbc,2020-10-30 11:30:11 -0700
1f8c240f8e5c9ff62f4b5a7b8ffec020dee009a9,2020-10-30 11:27:04 -0700
ba060f5534ec1a690ebfcb4bfc747125048f21f5,2020-10-30 12:26:29 -0400
0430d5510a8877790272cce0f1927aa691b1838a,2020-10-30 12:26:29 -0400
3d761ea7946423feb0a11980e8b613f41f0163a2,2020-10-30 12:26:29 -0400
71625340f55e3dc2e2f94ae80fa51ed6dfa621cc,2020-10-30 12:26:29 -0400
54b80f94bf10102092823e08218efaab65952b23,2020-10-30 11:51:16 -0400
51f93ece8d3ef7d16960709091162d39ecb43c0f,2020-10-30 09:16:29 -0400
3854da30781ee11ffa5cff79d65790012d69f3a5,2020-10-28 16:07:44 -0400
acf40b06b8024083ca43d4e67af76c1c6114a9e3,2020-10-28 16:05:58 -0400
f0c96c1e1eca6c04257bcc45f208df808a53cc6b,2020-10-28 12:27:09 -0700
4374362163e8b5abeba377e30a31a370f8546da9,2020-10-26 12:59:01 -0700
23eaaa9132b693f3b25c3c11e873b75df2797d57,2020-10-26 12:54:23 -0700
6d7456ec3130ecfa4d563a09c3353aab025523d8,2020-10-26 11:09:49 -0400
3630e7800c57c08c5d7e6445ce2777468d7b66ac,2020-10-25 22:32:28 -0400
0ec9bec4c898e51ba3f170e311f37775a608d5c5,2020-10-15 14:37:03 -0400
0091bb1aea14c567c8166f0ed8eadf7c31b6bd6e,2020-08-21 07:22:26 -0400
1af7b158257c3290dfc3258de05eff92f54beddb,2020-08-21 07:14:00 -0400
b07356164c925e1702d562985c928367e328f8d6,2020-08-20 22:38:48 -0700
cb50cea104ae8edb0ca28341cf9bc994a5f2f8b5,2020-08-20 22:37:27 -0700
0bddff8bad958aac116eb82e460362bfa117ac9e,2020-08-20 19:17:45 -0700
f00f6d6935a62797751cc77c95bf5dd624f8932b,2020-08-20 12:19:25 -0400
2ffe8d9705f72386997402b30e9f70f626a84665,2020-08-19 14:32:45 -0700
10e47a19fff26ba5eef53db5bc6bd54bd2213ca0,2020-08-17 16:48:52 -0700
d4fb1b0549be8d2a40238ae2be18dcbf1d4dd4a9,2020-08-05 16:17:27 -0400
d32ebd656a9682f7c2a498221ddcc5772c4e5a8e,2020-08-05 08:52:54 +0000
21eb3b4e23ddc25e4e8d0d0f1a3be818fe6dda64,2020-08-04 11:18:08 -0400
d4fdafef2398e496bce5fd389647055366dd9b4b,2020-08-04 11:12:50 -0400
5d64a842d056b72031017a0bc06a3273eb189748,2020-08-04 09:59:13 -0400
4ba33dcbc0c05a067cdbe3eca22667b52babc591,2020-08-03 20:32:52 +0200
2f42b90f865a2f0eda1eef3df3bd63ee90314d58,2020-07-29 15:42:27 +0200
9863aec9f67f0376c2ace3b4795690d2c39405f7,2020-07-29 08:17:02 -0400
8d864bea64454c2a4cb074c1027b1fad12a4879f,2020-07-29 08:10:48 -0400
a1922b6fdb07278604c42867de079f4893bb9954,2020-07-27 13:36:56 +1000
20b1dbf00f806146789ce2f04d17e44e79c1f25d,2020-07-27 13:36:52 +1000
6cf9787f7be9408909c18630175ab4e2ff370ebf,2020-07-27 13:36:48 +1000
0528ca0564d0010000ffd0d068bed0f19d1ca408,2020-07-27 13:36:40 +1000
306e1ad3abd73a5c1e6def72bda83f4513917bee,2020-07-27 13:36:36 +1000
34130f54c9c3f3b6b269d775475fbfe9901b98bf,2020-07-27 13:36:26 +1000
c247a1cfcdb7060f2b7b22c662b7928d2ce919c8,2020-07-25 20:21:45 -0400
70f331c76d2d27c5fbf6b38ef98188aad07ee363,2020-07-21 13:49:12 +0200
8e77864e63867ca8a121278da9d49c3dbd037029,2020-07-20 06:26:02 -0400
9385c123aa552e83ddca79497e1e40b0534754a6,2020-07-19 21:27:36 -0500
fea3fd3b772db9138369208098ce7440f6d0d105,2020-07-14 18:20:26 +0000
3c4c81f0b6b9700abccaefcc695058e515b8b20b,2020-07-08 00:33:17 -0700
699e2625018fd0d78839fbd11120ca2a74670e5c,2020-07-07 12:25:11 -0400
8be628a549b72ba88374adf23870bb09509bb9b7,2020-07-07 12:05:54 -0400
ba089c0135abd205c23d9fe2961ab77c923381d6,2020-07-07 11:16:21 -0400
0d32579557051e5fee9c2efaae6e9ef87ca3a419,2020-07-07 00:10:54 -0400
426d8678655c6044620810fc86158f162822bba0,2020-07-06 18:13:36 -0700
5fe031c93107ef10fe09a03bcf82d0ded29d6f0a,2020-07-06 11:58:01 -0400
253b987cbb72b4dee89fcfa6f0c72052625acdc8,2020-07-06 12:44:28 -0300
a0345f44db3799d50407b0cb47d223807aef1e82,2020-07-02 09:36:39 -0400
475d9419cc727b59a0be50903c2c3510565e3488,2020-06-25 19:25:53 -0700
21ec5640a560f95725c081391d9943d5d0beb88d,2020-06-25 19:25:22 -0700
82168e1d770696127eb539da250bde572a7f5b0c,2020-06-25 22:21:04 -0400
038e87a1c67382c035e36e66433ef9af08c49bc1,2020-06-25 19:04:43 -0700
e3e62f5860d27f341538209841b2fa5b93979a1a,2020-06-25 19:03:53 -0700
d5d4f167827beac25f7f2fa0b8ee78acaab9f07b,2020-06-25 22:01:02 -0400
f94e7046ff6b4b8803ed5a15d731e7f23a5e604e,2020-06-25 17:55:48 -0700
c71107e395e3a5e7b7d6deef08e90b2ab1db4491,2020-06-25 17:54:36 -0700
6fc09f4ee8f3319073938edb311a79f89f574d0f,2020-06-25 20:22:20 -0400
f37e5e8214a81bf048fbd7085fb8fe860f30be06,2020-06-25 15:54:42 -0700
079b00932576592c5868d41caa12647328338f50,2020-06-25 15:52:57 -0700
788395ad9ddcf64e7b2ba0f01ff7b5f36831188a,2020-06-25 18:48:07 -0400
5aebe980b8a2122dbca9d876293ce547d3abd866,2020-06-25 16:23:16 -0400
2522b3799764c32ff8244fece49480ad244a44da,2020-06-25 16:22:30 -0400
b5eca6831d10608ec049f40dba21cabf3e40fceb,2020-06-25 13:17:46 -0700
2d233e090ff8293b3cf7d0c75dc650b3238760e0,2020-06-25 06:52:23 -0400
57378fd38f0deb304560548493cfcfdf6d5725c6,2020-06-25 06:51:39 -0400
9d415469f894a73c877fd245f34139e7e2c8b5e2,2020-06-24 20:34:52 -0700
471f4c9aec0f18f8e6c3bc2cc19dbdd0c3f54029,2020-06-24 18:03:16 -0700
a2c8f461bee884a6c81a6e6ea1a017bf5a894e74,2020-06-24 18:01:41 -0700
ed7e7bbb84af06433c54f4a58208251ff2772485,2020-06-24 17:46:54 -0700
745a1a4de3934dd69b71ae7bf3bbe9daa0f61334,2020-06-24 17:46:02 -0700
349fac9d1a31e63b253b515e07823781fb483940,2020-06-24 20:38:48 -0400
54cd54097318fb72a5fc43ee38606043d6ea1ad6,2020-06-24 20:04:25 -0400
c061d78d5472634a33d56941c22a48bcc21ac672,2020-06-24 19:42:04 -0400
eb56eb652f2acbfd1059de84d59df0faf5b1f6fe,2020-06-24 19:40:44 -0400
feba7c6da06f2da32c71e5ea6d812c55ea74cf0e,2020-06-24 16:00:07 -0700
d1090b00b0c6626e6ee4577a270edf9efa59ecc8,2020-06-24 15:41:24 -0700
e652d29978aa3d91372d1fd03e0e73baea21a6a3,2020-06-24 14:10:24 -0700
181350160b1d3c0f55597c7b5e6d9d62e9c74e53,2020-06-24 14:09:53 -0700
8acb3cbb24845360d8b2106bbe4cc573b454860d,2020-06-24 16:24:32 -0400
1f0174afeacf2ee6f6c126d792675d6abb8aa0a3,2020-06-24 15:19:10 -0400
27603dc2ac696626a77a7fc57683ff78abe1a593,2020-06-24 13:36:24 -0400
806ec964ff9570f3f9071d436fd88d44c722e27e,2020-06-23 23:48:08 -0400
3912439472ba5d617fa30f42daedaa32ad5fa790,2020-06-23 11:47:02 -0700
5adba87fbb6fa248cd438d80df12239253cbd77b,2020-06-23 11:46:21 -0700
52318a99a87f2b95bbcc652c867ff1836ddd016a,2020-06-23 12:43:14 -0400
09429492e0dfdc6018c606a89d3943bde76f5dbb,2020-06-23 12:43:14 -0400
1c9efb2a4486050ce2f416c1b3cc53e66dfdb916,2020-06-23 12:43:14 -0400
2d1f49aae5304293939040c79aaf534945c5627b,2020-06-23 12:43:14 -0400
129cd6ace57699c19343bd878d41dd33f7148f37,2020-06-23 12:43:14 -0400
ddac552a721b1dfc6ca3017db8f4288c7f980df2,2020-06-23 12:43:14 -0400
2a2172914d9fd8fab3393d455503e9faebcc6fa1,2020-06-23 12:43:03 -0400
7a44cf6014f2fd334f11f5cb32d9dd7775cfca63,2020-06-23 12:41:19 -0400
9df8cfd38df7dfb543c336d7eda1155067b9f2eb,2020-06-23 10:24:50 -0400
5175dd3d2964bea3df0bfc6360737d5e4e6077d7,2020-06-22 14:36:42 -0700
9dcd0743402eff0493692245f100c6639ce29f83,2020-06-22 14:36:06 -0700
a0ee0475ed8c4123e767697285f496cac41bf3fa,2020-06-22 14:24:02 -0400
5762cdda476a6cde1624145b13929e78de1928f9,2020-06-22 14:24:02 -0400
bfde9562fcbd6f7763a3a8c1589105d4af584af1,2020-06-21 19:29:55 -0700
82962d078444de67a6d5b90cc8aeb850eee3fe34,2020-06-21 19:28:52 -0700
32d85d835ea0492bd85a5408b367bf9c7e9527b3,2020-06-21 07:06:08 -0400
577eca819f67d17fab71745519421dca1eb57b01,2020-06-20 19:59:39 -0700
6c3095135dedcc0c5fb5c765b0462a2e727014c1,2020-06-20 19:58:46 -0700
2bf29a0d970c9f01acdbf9f1a27fb48482e6cca6,2020-06-20 21:15:47 -0400
486ab9aefa15786e7f1baeba444e84833b3ab58d,2020-06-20 16:41:09 -0400
55fccff7a725735262fc5ff846349bb99df322ff,2020-06-20 16:24:35 -0400
76f7379f4659804c98c1281b5a421742db994a7d,2020-06-20 09:43:18 -0400
2888d6a3401d0d415079f3e6385c420ff998d0ac,2020-06-20 09:43:18 -0400
e0aedefd6f05152a5a5751cb9b5c855b369137e2,2020-06-19 21:25:19 -0400
e1f95b87636705931fff50fd37598bb63a26ae48,2020-06-19 11:40:44 -0700
3139c41781642b2856c4d206249cc382749c7474,2020-06-19 11:39:06 -0700
0ad00dda3ec16e42036ffba7743f104d237cc436,2020-06-19 12:22:26 -0400
cc466f793541488fe11da7c1e28075b85e26cd8a,2020-06-19 08:31:05 -0400
2ae00dd2396ad4e535175b40584dcbaf0f9dd693,2020-06-19 07:24:05 -0400
6d89c1a3085a52c51b285e20b750ad9ab69f2c5a,2020-06-19 07:23:00 -0400
85a7a58bd320d2e1e129d10c17952da8e826db84,2020-06-18 14:06:19 -0700
cd9708f7cad157f46456aab8ac104de0914a4955,2020-06-18 16:19:23 -0400
95f00f8779a95e8c2e2637c65d7ec96620951d76,2020-06-18 16:18:14 -0400
33fa0033d20d2d735f858ef0d822a7a219080c5f,2020-06-18 11:38:34 -0400
e266102dab3a5f2c63f3f3dbbc2dee7819b1c9e7,2020-06-18 11:36:26 -0400
7db03ba9cb9f4efb6ade04bbaaf913769c4fe219,2020-06-18 01:35:19 -0700
917da570b0483815e3b455756a3f45947ec66fc6,2020-06-18 01:35:19 -0700
c7ba1e65d3aac20bb31ddb42f9f8f195a2811f12,2020-06-17 21:44:02 -0700
0b2269f1eab6a3ab3e2a3d6a6c32bf5dc934a65c,2020-06-17 21:44:02 -0700
6f37e5d07db637b420e664b41d8ef122a24214d2,2020-06-16 20:44:12 -0700
4e8c9e1cb7fb6f86d1753a32936091ad09cf39ac,2020-06-16 20:44:12 -0700
47f7eb34b62aa92eab795164a384dd9ed1de35c8,2020-06-16 20:44:12 -0700
86ae501a8ae50da896c7abc3e48740e9477b2141,2020-06-16 16:12:16 -0700
cbe2c5dbf2dd08ae4aea021371410a8cf2808773,2020-06-16 16:11:07 -0700
d33864bdc1e7828b3b017aeebdcb95154d618858,2020-06-16 12:59:57 -0700
b295e2082e9b31752c4baac50114c4cd4b85987f,2020-06-16 12:58:48 -0700
f06056b4e48b3794e6a7d5a54d0cf88ba6537d70,2020-06-16 14:50:44 -0400
b02727e441eff10bad812c370000f8dab3d62fd5,2020-06-16 11:43:02 -0700
325cfeb5567341a8e7d82c1db3ac6d010e8ddcd3,2020-06-16 11:42:06 -0700
986d5a12256f747e884d9317544c45b16f457340,2020-06-16 11:44:07 -0400
05f49b17cb3142b2739eaaee993aa0e77a75f562,2020-06-16 09:57:49 -0400
8b9538937ee493c98e5ea680ac97e00c9e6e13ca,2020-06-16 01:31:53 -0700
6134dd3c883f20173aa872e3fb5ba44f75b2381a,2020-06-16 01:14:09 -0700
31288fc4d0205960305eb455b335012184a91edf,2020-06-13 22:34:01 -0400
8c2df77f2db42c197286677c8864a7464e0a3787,2020-06-13 21:57:53 -0400
d5a3f8116ec3582e7af976558f23ebc4fdd7963e,2020-06-13 21:57:33 -0400
721010cc14bd565a31faff14d9a020973128565c,2020-06-13 21:57:27 -0400
2bbd039d5c8315f66d6b9208c02264a5ff905985,2020-06-13 21:49:06 -0400
678c772809abf018e2dc5b679a6bf50f3fd59e66,2020-06-13 21:48:13 -0400
2dd05d939c4e6dd92c7fcf46df9211e15a18fc58,2020-06-13 16:52:16 -0700
7c44ee2a6772c13418fd5393ffba12f7dd75b678,2020-06-10 21:41:31 -0700
7d6e383e4a436ac2b3283fbefb74f1de5172efea,2020-06-10 21:41:27 -0700
4fec4638fc8652b684eea069e9ee9fe423615bfa,2020-05-25 18:15:32 -0700
e216f83c49bd6eeaa8f453d88b894d048a636063,2020-05-25 20:43:00 -0400
e4aa6bd451ae8237d08a2d2a580fe1250b145f85,2020-05-24 13:13:34 -0400
4e4b6f24f2d34a91f5381da955680f85c2ce56c3,2020-05-24 13:11:55 -0400
982e77530d48b69a65e667d116f9d1a57767af77,2020-05-23 21:12:32 -0400
9e8f3ebb78eb961bfe5cd88faeea8119f4381ec4,2020-05-10 18:33:54 -0700
fcda5e7de84d90155a3253098a5f65b489636380,2020-05-08 11:16:30 -0400
5833b57e436f1b8b8a13b6b798d5372fa1854969,2020-05-08 10:55:21 -0400
385419f7163d6b4663f332ca28c0a2376ffd8ba4,2020-05-06 13:03:32 +0300
79d989448bdae46d4228f9fe4560de4bc9d378a5,2020-05-06 13:03:32 +0300
49c3f59ddbdb9f0dba9344e35a85b59e62ca942c,2020-05-06 13:03:32 +0300
c7cc62803b710ac1a3cbb24905b32c7def145521,2020-05-06 13:03:31 +0300
30d30053af28bcb625f14d2072bf82f74c0757a5,2020-05-03 15:39:09 -0400
a7cdc211812849357e6509873da1cb4753723fe3,2020-04-29 08:34:09 -0400
3399a33941e1dc6de1e32fb542da085cfb6b9cc8,2020-04-29 03:17:04 -0700
22e2e4f7a2358f0f0830a644c42fcef6ba70e400,2020-04-29 03:25:22 +0300
4a6327e1180ca0d77a97bd129ca17e6d9a7d9a2b,2020-04-28 14:32:22 +0300
f2405d936379b62553c25cf13270587e0c9feff1,2020-04-14 19:23:27 -0400
b151b98ccff9923dd8204dc2020628d429fae62e,2020-04-14 19:22:40 -0400
0d1f42f6f4b464a47e07bdfb3da9f3bb11eb9d63,2020-04-13 00:46:28 -0700
907dfcd15173a78bbc1dd62e139b3b24ccb43f97,2020-04-13 00:46:28 -0700
b31467f3dbcd53d628ae7a1bb195156f81e42013,2020-04-11 09:26:15 -0400
f064fa907bb89c8f586f3c3b6ee70a77a737517b,2020-04-11 15:01:53 +0200
c7cb40d8f136a3f169b53bbed9656a317e8c36ce,2020-04-03 23:17:43 -0400
4f4a060d4af0115b73cadf3a912110755a618097,2020-04-03 17:00:11 -0400
43e5024676346a75600250e5d879e3eb38073166,2020-04-03 14:55:17 -0400
fae22a3f807ece98e9087848756d7a7784462e5c,2020-04-03 14:55:17 -0400
dc09d0ef2ae0b6a6424ee1561aa1edf63f33899b,2020-04-03 09:37:31 -0400
1859d9e1506a531f6dec7d5f2386d74f0441c5a7,2020-03-31 22:32:06 -0400
e30f4c7507914b2967fc654e30a235d0310e5076,2020-03-24 09:44:33 -0400
e0a325f6146e035932f4e4b62e4b347c082641d7,2020-03-24 14:36:53 +0100
1ede1263d158997b562ae35a88046b8e0a6db933,2020-03-22 20:34:21 -0400
db206a2bb5e526aba9a0da9e933aebea9e4b7858,2020-03-22 20:32:52 -0400
aa4d5aa62784f826607f555b5a4a260995f1aaf3,2020-03-22 16:28:51 -0700
975a0c109fcb9414a33cb89180e6bfd8a9d1f711,2020-03-18 17:01:41 -0700
202e68ab401756835d59dbcc1b45966b2ad2e493,2020-03-18 17:00:39 -0700
03033dd71090872b003e20ce605e899052b6304e,2020-03-18 11:12:24 +0100
824c810089207ed57a83223f14532585a755343f,2020-03-17 20:51:30 +0100
f7220728078bbbe367f0af0d213a26044f7674b6,2020-03-11 13:27:56 +0100
3b97349f055b064c8994c7a2ac3f0cfd6ed39e27,2020-03-09 05:44:59 -0400
5e6d929f6c57b7f8e48d73d1722836cc950fd815,2020-03-09 05:43:55 -0400
b826980d9c118f751802a14841091908841f7ea4,2020-03-08 19:55:20 -0700
d3043fd657457b20cd6d0edd775a9dd28c0f1453,2020-03-08 21:47:18 -0400
02aaf1d6f8572f7463de7801c637ce748b63a2c0,2020-03-08 21:43:11 -0400
08acb8dd106e9377241d3f9678ec75a9891ff6a3,2020-03-08 16:52:06 -0700
521990d5c9cb41dc7f10c0e7afc785fb20f50a71,2020-02-27 11:13:27 -0800
1cf6ff00d8eef0cf5abc2afbf6ef58fd420ca8ad,2020-02-27 11:12:20 -0800
211f8e2b25b5904ade5b8409cdbd3c820951c428,2020-02-27 14:02:45 -0500
15182b859682798595532d3b501649d3aa07bb80,2020-02-27 06:19:03 -0500
ab6f0454ae601d3b7c579970cf6ed6e2eb83fdb7,2020-02-27 06:14:43 -0500
844a2d97e3093d4925bd0e7f63daeb04aa428126,2020-02-26 18:29:36 -0800
716b686f72d322568de6426c62e46171b3e25d43,2020-02-26 17:34:35 -0800
bc83918fb3df60a35279741a3dbe90a6092990da,2020-02-11 09:17:51 -0500
ea8e181e2c8e82496142bfc16409e4f40de0ad1a,2020-02-10 22:03:35 -0800
b51d2a88b8415738f6fff19cc99bc2b3e4690da2,2020-01-26 11:52:17 -0500
ae4361ab70dae4829b08f34a80b08fac885703ba,2020-01-26 11:50:11 -0500
a8b01895d803f7448cfc742775cb4b9cf8cd8960,2020-01-26 07:50:55 -0800
fe7492292d412ef84d734e5323070542e8f40a6d,2020-01-26 07:46:41 -0800
ff6dc5f330e899115123924161771d5cb0fc3f96,2020-01-25 22:34:05 -0800
9fdcccf79d602f86fba46d5445c0f95d56efb8b4,2020-01-25 22:06:13 -0800
cb53b17afb30d5cbd1c4f744344dd2f32c6fe1b4,2020-01-25 14:36:30 -0800
15b631514da9eb6515f2f9ec09cbe7e810a3a3c0,2020-01-24 22:52:17 -0800
a9495628af75e073a91b6b3f244a51d516a3daa2,2020-01-24 04:51:57 -0500
9c72a87c6a856eb400e21034ca9b44f223656216,2020-01-24 04:51:35 -0500
5c2f44ae3a026d59079af609ebbd9fff52a54bde,2020-01-24 01:12:00 -0800
9dddfdb50c6eaa17bd6283b61272bca48b724fb1,2020-01-24 02:35:29 -0500
67bd94b1f8c7edbd8b252c34c741ff83aa276ec7,2020-01-24 02:31:26 -0500
2cb0efeda6ec05a65c649f3550ba4c52dbe95f39,2020-01-23 23:24:47 -0800
180253dad327c462113516ca72c550074744e3cf,2020-01-24 02:20:26 -0500
3805a7527d0e9c5050bc32043c2ccee16ec53a8e,2020-01-24 02:18:12 -0500
00327706b0c00019ecc7b221c68cb6fdc14a9c27,2020-01-22 22:07:11 -0800
59c430870da0b833e94454eb098884600279e63f,2020-01-20 03:48:44 -0500
09b2400d89ea4a68a1931e8eb63aff2ba1f8ceed,2020-01-20 03:47:53 -0500
f8456b7282ec85f5e59fbde77cdb83f6c3c5c61a,2020-01-20 03:36:12 -0500
e2e5853991bee59cd09840a5745fcd62a3281c37,2020-01-20 03:33:56 -0500
b8008baf6c32db68d4060c9fa75b774b075c1251,2020-01-19 19:41:55 -0800
76c1b0f9bbe9e8299ce98ab2ae83d7e7b633bdbc,2020-01-19 13:39:54 -0800
e450e201eca1ace51ec6f8729d832e827b067505,2020-01-12 20:22:10 -0500
e27fe504a9990abc9e459482b1287c7bbb4b9cd5,2020-01-12 17:19:18 -0800
720c0bd43dc7d4b95e3d8c1142ffc7bdd42005ac,2020-01-11 04:43:58 -0500
ac0b8a98654dd804f35cb9b2386922a92f8816bf,2020-01-08 11:50:40 +0000
b4fa40ad345e8743f3a20f9552264752ee43ef53,2019-12-26 22:11:33 -0500
eb2b447e25207ff97bf12a1ff02dfc23ad13fffb,2019-12-26 15:45:03 -0500
69b727e8af5f414931319bd158a6dbaa341fb128,2019-12-25 17:57:40 -0500
a0bac666dbd1e979e67133c5bf6f1bfcd96c59d3,2019-12-24 01:26:27 -0500
e93d3e00f2dce48e5bafcd660387614551b04e51,2019-12-23 20:40:34 -0800
25ac5f06c14c742027aaae0567fb47be02f04ece,2019-12-04 07:22:55 +0100
41fec2793dc44931a80a06c66c2a945a0416a042,2019-10-23 12:34:23 +0100
450af91be9c98a0dec0e7853891e8e132eaaec01,2019-10-23 11:10:20 +0100
062edda07b7759d3a86a9a8b476d03eb8a4aeda1,2019-10-22 10:34:20 -0400
1358eb002ef04638fed372d82ae985fb257e3a0b,2019-10-21 21:11:01 -0700
ff8fb55880827912893d733e57fc7ae0a789931f,2019-10-11 10:43:55 -0700
51de21b745ae747ecc000122d54f537d76a09507,2019-10-11 10:42:54 -0700
a037146a8775cbba9f2dd4440d5427ce1d3bd17c,2019-10-10 20:53:07 -0400
32b106b982dc74e71e1cbb3d2c5e0c5b9b9a8bab,2019-10-09 15:52:09 -0400
10b3adcd83c247dd1b2f6023f88fb62d00a55f85,2019-10-09 14:53:34 -0400
344e6c1b46914c59fa7fcdd622f10be0aa057e98,2019-10-04 13:33:57 -0400
e1f4f8ab97b4bce6c38d22dc8fe66785cb8d7dc5,2019-10-04 19:10:25 +0200
1e9ddc2183fe5aece390312387592a7c5c9cb8ef,2019-09-29 22:17:45 -0700
6649c5d3340224bc4245673903b9f5cb341dc065,2019-09-29 22:13:19 -0700
4e130d2afdda8ddeb49452ec603498adb688470f,2019-09-29 21:57:05 -0700
bad20e1a6cd56453f2ee1c27255bb3485925b437,2019-09-29 20:32:50 -0400
a4a89e983a8b7293d89b964aa4f3efea54069280,2019-09-29 12:32:29 -0700
5ff81f7735798c3804097d97f7422f03ba769379,2019-09-09 18:57:01 -0700
981adc94e6eeac6bc86934800ea0f1d597f4a899,2019-09-09 18:52:53 -0700
7a68a78a894f5ba8c3ff1611541a12065124904b,2019-09-07 13:42:41 -0700
e5b93feb1e8e2bcecadb7c96e379252ec155c523,2019-09-05 14:44:46 -0400
a00baf6d893224b23b70cf475a368469814d5b83,2019-09-01 15:07:38 -0700
276f8d4f0fa281eb7919ff6d8e565e477ca851a6,2019-09-01 15:07:03 -0700
a9e9f506c78328a34e61f6808c5f8ad6b58b7a22,2019-08-27 11:52:18 -0700
610ed6934ec4e8fe8a4be99366db38fe7e87581f,2019-08-26 11:19:35 -0400
9715ab12eb9ad5550be2bfaa040573d8652a8c06,2019-08-23 21:05:48 -0400
e58101997ff6af6e2b58347e92464038c607090d,2019-08-19 08:17:29 -0400
7fd9bf49a504d6a398d9b9a8ab09ab78834276c8,2019-08-19 08:16:22 -0400
339c920a89ba6d2363bd442d77490b00237ce650,2019-08-19 00:11:19 -0700
93ba19ac26a3509878023886eee0140bcf3face9,2019-08-18 22:00:16 -0700
83f18492152ab7f3a342821f62e9fa674ce49188,2019-08-18 21:32:58 -0700
5ac68c3f721d6897dda45ec27c5bc1056bd4419e,2019-08-15 18:09:30 +0200
df8b8ab0e60d3ae446a902af9762aaad89678db7,2019-08-13 12:15:30 -0700
e86e41549335878035a0fde9969b5d7ebc0066e1,2019-08-13 14:57:41 -0400
c370d34524c3a70ce7c03dcfc5dcc9653e4ae1fd,2019-08-13 11:57:21 -0700
95ec3c73ce7d016fe76c90fcb4bf5ca97a5a8372,2019-08-13 14:11:38 -0400
f7d836da9ec6cd001c78b304bb5812703f4c086a,2019-08-13 13:45:36 -0400
1b6f0bdcc139726448a4edd60ed4040eb5fdfbdf,2019-08-13 06:31:59 -0400
7f581a1536844429ca10d2dd18cfcaf9e2017bdb,2019-08-12 18:08:36 -0700
e5fab49d75c19df2a4a991f21d7d0cc65ac701cd,2019-08-12 20:13:37 -0400
222ac78576d489b4148cd80c9dc23bebf58d9546,2019-08-12 21:02:36 +0200
25c87922d587f00243e7fb0b712663f336a2b8e2,2019-08-12 10:15:49 -0700
c643fe96102dc418a1c0481646f9461ee23f981d,2019-08-12 10:15:13 -0700
749da7d29cf8db1db5b0bf40f8f813e210167f05,2019-08-12 13:03:31 -0400
a4495cf6ec518f9a2004b6ba225be053031bdc4f,2019-08-11 19:05:11 -0400
1d205fd4510445dfb54db030b93cd3bf5d44618b,2019-08-11 19:03:05 -0400
97d550de8e66b0aee10215db9151176dd635739b,2019-08-11 15:58:05 -0700
6e439bf827ef4ec60a5095d32b20fb90e47d262d,2019-08-11 15:54:36 -0700
2d86bbf5e6a8ae00d6e0757d1a92290e655f5879,2019-08-11 15:53:58 -0700
59c46da5b569d175ae8d88270d1bb990238175ab,2019-08-11 18:49:45 -0400
516963a16210503023bf100c94ad645b02ec983a,2019-08-11 18:49:45 -0400
11f7a7f3c7483fc3b187fb6878455b180fcf90ff,2019-08-11 18:37:43 -0400
4768f66a8bb27f25e79d32abbad08359642eb673,2019-08-11 14:30:31 -0700
04182391e9bc6ffff90bec9bfd3fc097eb9d2837,2019-08-11 14:30:31 -0700
16455161568d658145d1bf0286c18287234806b4,2019-08-11 14:30:31 -0700
1c7242b80064b2255eb91f52c46b21845a60f2b0,2019-08-11 14:30:31 -0700
403431bf928850fc4cda88595f9bbd34e05a3e27,2019-08-11 14:30:31 -0700
7dceecd7f3f1b2b3648c5e7f18122b96c3dbb4ad,2019-08-11 14:33:17 -0400
30591dcc2e197fb6acc74636aac747ad478473b1,2019-08-11 14:25:15 -0400
8b172a98fc77241664be16e7f40ab4add510c73a,2019-08-10 22:14:56 -0400
a59e20eb8d13cd3741fbcec2f42302d6d69ad13a,2019-08-10 17:19:29 -0700
8c1a3f34351d84065b588e5f4027747ff29aa612,2019-08-10 13:57:51 -0400
5ea518a390c0db3c6f95801ed6ce0ea8d8ab444a,2019-08-10 13:57:51 -0400
ed568b1f55be667fe5fedef5eaa0698656daa4e8,2019-08-10 13:57:51 -0400
742b0c4e6586ca738ae0ec304d45ca3c809799e5,2019-08-10 13:57:51 -0400
791cfeabbb15001926a28b6801802bf9256663dc,2019-08-10 13:57:51 -0400
fc5c4c538e97d028bdd1c79dc0e553f99e46f21a,2019-08-10 13:57:51 -0400
d7d622051fd662563f700ccb35429a2b4285cc38,2019-08-10 13:57:51 -0400
72dad76d42873a52c4815f56141766b9cfce3f6b,2019-08-10 13:57:51 -0400
7825f57b994b20765975c8deb35f108d65b663ae,2019-08-10 13:57:51 -0400
7a17b7f935941154ebf18b3f42ceb04cdea1cd22,2019-08-10 13:57:51 -0400
d0b1d7639e889a664d34f50dabec5b9c82a22b7c,2019-08-10 13:57:09 -0400
4aa4489b785c1f9b6223d5c40cb2231c647032a8,2019-08-10 13:56:12 -0400
288fcb5e13d51c1156ae886847cf986f5f9656a5,2019-08-10 13:56:11 -0400
41e3b8ca566b9bb649f072ff3c00641e64a89aaa,2019-08-10 13:56:11 -0400
5777d93fdc73971ebe939b5058b1683e8b51b84b,2019-08-10 13:56:11 -0400
2f1fac51afafe0f7df7faee9f2f653c13ff65ed4,2019-08-10 13:56:11 -0400
85a7fa3b4668394be2990aa8078100524b38adc3,2019-08-10 13:45:14 -0400
51b1c08cf408191b4a19f6d6a336496e2f4e84b2,2019-08-08 22:13:05 -0700
91bf8438db1a37ce9248942a6c73619b13b77348,2019-08-08 21:47:10 -0700
518e320ef9609c6c0f32fe900f37f97b19acefcd,2019-08-08 21:30:44 -0700
7c26dfadfa16d341a3f864e0918ef9be1c8fce49,2019-08-08 21:30:44 -0700
32fd94d8d6a0b83aff2dd0be97feb5cf9f052d48,2019-08-08 21:30:44 -0700
86d18b061bbc946752eee9da07702c167a096bd5,2019-08-08 21:30:44 -0700
a4a0318f95b21aa4cbbf0d413b11f790dbccfb15,2019-08-08 21:30:44 -0700
ad92e86b0c00810ce5f8ba46bfc67a6c0875e9cc,2019-08-08 21:30:44 -0700
62108bf37c60ac2be93fd7a93fda87f6c3ce7f8e,2019-08-08 21:30:44 -0700
9191a9f9eade26efbab7828005daab0e0a30f5b3,2019-08-08 21:30:44 -0700
54ce038e3d6bbd7f6d17dd178a7d1b1990c9d2c4,2019-08-08 21:30:44 -0700
3ce2adbae605c029163da5b260225ffc67b5b29e,2019-08-08 21:30:44 -0700
588cdcd97a471a21f05016a06747459358a8630b,2019-08-08 21:30:44 -0700
038f5ba0c526688f953c3afebcbf9ccef8f0d0ac,2019-08-08 21:30:44 -0700
a1a8be6fe5273879be9c586f8ba5d2dcf7660c1b,2019-08-08 21:30:44 -0700
f9bfac9de222cff95bde5f23f51a83f5eaf74c71,2019-08-08 21:30:44 -0700
02d3732c9c07bdc1c9c3efc7641184e6db3f9f98,2019-08-08 21:30:44 -0700
6936aef5406f32a7f53b61a6957da06bedd7490d,2019-08-08 21:00:06 -0700
cbc25aac6f7d58734bba025cf7a3493660644866,2019-08-08 21:00:06 -0700
6a8ffa0acf3c6ef35787feb365f13653e14d85f5,2019-08-08 20:54:09 -0700
8b04414f120897e77f5b29cb8952a6f66b0e04e7,2019-08-08 20:33:29 -0700
c41b6774fd76bea2f2f376a3967356fdc338e745,2019-08-08 20:31:16 -0700
3a8745dd52035db8c18bf1d3e641d141b716ec06,2019-08-08 16:23:27 -0400
d618bdcabfd4bc34987c5a22c04c7254b7226b7f,2019-08-07 19:58:54 -0700
02ef3ae2d89cdeb429c8b39bdbb584f724a59fb1,2019-08-03 17:06:42 -0400
02dadfac97a4e6cab3c871285f6d474f1a660155,2019-08-03 17:05:19 -0400
6ebb53477c32278364f5e4292adb546d8253a628,2019-08-03 13:58:50 -0700
f017e805ee43a35c8a3b839977a43d68c68e4db0,2019-08-02 23:32:39 -0400
ed374fc377257dd0e0dfe44c98005f0f2c1af4ed,2019-07-30 17:33:17 -0400
6b949f63cc687570d67c0b0e989103ec63c95be4,2019-07-30 17:29:50 -0400
2085ee7424648cde0bfcdbcda7b507cd1ce9c0dc,2019-07-30 13:02:01 -0700
20ad54c840ce7599bd1ef511c318e45849310eb0,2019-07-20 15:33:03 -0400
3f7d1346b3b3cf05788813668b5491e8b284b5c6,2019-07-20 12:22:20 -0700
0dee33bfe495b84095dc08cec711d2670a193a7b,2019-07-19 23:40:10 -0700
6af87828625b057c84110559a777e10730b846a6,2019-07-16 15:43:44 -0700
ba12003fd2910f073e8e80e9e3443c8dfc4c8961,2019-07-16 18:39:03 -0400
66d2fe3f1096511ac9d8cf6d71c14aba5bdad662,2019-07-16 18:38:11 -0400
e17453ef97b38967e01d9a8ea659ca0dd437f0f9,2019-07-16 18:02:30 -0400
c0d1ace6291ef9e437069d71183962d3c3a0fd4e,2019-07-16 12:11:21 -0700
63fa8504b89b8458174d089157c37efa69b97eaa,2019-07-11 21:21:53 -0700
1cf08cff8fd49ad14ce4a4e733a47b4aa95d94d2,2019-07-11 11:28:26 +0900
991d0ea72549f25418a973908a4fd4cdabb9ee89,2019-07-10 01:07:22 +0200
6a7b604264243c406836e23067be650f48f4ace7,2019-07-10 01:05:58 +0200
0cad9eef694bdf40ca5693adb4ca1b9cb7caacba,2019-07-08 13:28:03 +0900
02dccf148a7c82e0c578e79941ddde5192c88275,2019-06-25 20:18:03 -0700
da3da1fe10fad153d830ba11bbbca5f566eaa490,2019-06-25 20:00:29 -0700
acaa4229929aa0ed611c2aef73dd565e42b2735e,2019-06-25 14:15:18 -0700
e9ed4150b92e0c92afb10dac77c6aef8dc061b2b,2019-06-25 13:04:42 -0700
68e577959213fa8fb4dc1b1c2cfad77b1a1d3be2,2019-06-25 12:00:59 -0700
1818b6a7eec6c1cf0f2ed2e04a9d7ba70d920fa5,2019-06-24 14:54:38 -0700
cfefd11e90ff8cba45c21eaef2e1dd61d9c46752,2019-06-24 14:48:44 -0700
eb50c5c0e8719d3d2d5ceaa4f02928f330a6074b,2019-06-24 14:48:44 -0700
19f0de4ebcf07deff3048eb44207fe4ca7efa284,2019-06-24 14:48:44 -0700
52d2fe166152e426e17a1aeca5f17c74a4cf4123,2019-06-24 14:48:44 -0700
ba604497869949bae817ec556cdd9456e2c14ce7,2019-06-24 00:21:06 -0700
00f59420e50c8d2682e052cc51df75b77ffa9b62,2019-06-23 19:37:32 -0700
30f6ac434b8b4dfbd12da838e99e79a9cb40f1b1,2019-06-23 22:32:08 -0400
f5aa986e63d371befee8111a5d9eff1ff98af95a,2019-06-23 19:20:14 -0700
3d71f84f0aea2f4c3b3b3d21b949df3417667d26,2019-06-23 12:48:36 -0700
40ee0d377522fdf6b81d5c59125f9ed181fa2a74,2019-06-23 12:39:44 -0700
b1d3070748cbbc58bdb863e5e54cea1aa62b08df,2019-06-23 08:19:39 -0400
b0460912b8177cf7f41ff98bf39ec8a21cc5f124,2019-06-23 08:18:20 -0400
47ed39fb3356ab627bd58d6ccfd94b63d179fd52,2019-06-22 18:54:17 -0700
93dbf85a14f10c700e2c152590e508966457e75b,2019-06-22 18:41:29 -0700
0e33525d7b07f1e269edc447876e54b0cb044b39,2019-06-22 17:47:57 -0700
9c26a7613cf8de6713abb56236cf6ba5d5fb70ff,2019-06-22 20:02:46 -0400
7f26ba7a52f1d5e60e465116d7bcecac989fcf55,2019-06-22 19:27:52 -0400
a2b3e235e04dc3efc48e62c2993b717527d069b9,2019-06-22 19:27:33 -0400
8ec139098a26b52f5646e5fd24e6be01bb1a8ebe,2019-06-22 17:39:05 -0400
a6601a2bfde529fa58575721da0b2ad491c1e8a1,2019-06-21 12:54:42 -0400
d8db630dbd56193642c84b8a19842ba476f7ad85,2019-06-20 20:41:41 -0400
8ab9e510096c38a19719c226639ee5823b06ed8c,2019-06-20 19:52:06 -0400
55c4144fbfe7820861b7ea3e1cc0d3b7849fc58f,2019-06-20 19:52:06 -0400
5f1c70e737ca0b0e7726d5df62ef1631eac078d0,2019-06-17 18:38:29 -0700
82ea1d6ff5a491b54c462bd1963e9d0473715e9f,2019-06-17 18:34:02 -0700
e412742b5997b4945f06fa0da75884b3724e2881,2019-06-15 18:49:32 -0700
e351b355a50eae39e799c7d4ceca52eb8c901889,2019-06-15 18:35:14 -0700
a084ad41de44af07c6f5c1442ab6cc09ed3633b9,2019-06-15 18:11:23 -0700
18e1ec22408d96547281d75cae7fb22da8dc30f2,2019-06-15 18:08:40 -0700
4f41890e2b8cdacd324de0a06c5ab92057189e2c,2019-06-15 18:05:03 -0700
1b48f21573e1c07bcc39da9863e7f82036aaf7fc,2019-06-15 17:16:40 -0400
ce106d6426da626b23e457f69f825480e04f0bbf,2019-06-15 17:15:13 -0400
15bb363de37f9f54020f03635cbe1c9e6cf28928,2019-06-15 17:11:13 -0400
8b239aec7672084fe84f73573fffd921220d3fb1,2019-06-15 17:09:53 -0400
48ce083ad7bba0678b88756b40a38d1bc0079f9f,2019-06-15 14:00:32 -0700
78977ae4fc709b5423fcba0f2bd43bca8e9445a5,2019-06-15 13:43:28 -0700
ec963dd03632e8e597080f194a2f15ba88043859,2019-06-15 13:40:16 -0700
6dad3b249c0821f07d9e3b52ae5cd6119a9f8630,2019-06-08 17:45:42 -0400
28833f3792ccd4f37b346c013d0aad69e0f426b1,2019-06-08 17:44:42 -0400
ee6a79933e495b094a76d14595f1e895659076fe,2019-06-08 17:34:11 -0400
203c4d9b580578fca98da447a56717696ff3ed51,2019-06-08 17:32:41 -0400
092657aa794a58f97ec99a12157c840ef7d07e91,2019-06-08 13:44:45 -0700
1e676559a51faf12fe4b36ca6a77cbc30ed75830,2019-06-08 13:37:28 -0700
84bbbc4fa02aa8bbed759df7559ffa205475c09e,2019-06-08 13:23:47 -0700
df9a0b1662f08fe0b3ec3e4bb4b57e0ec6294c51,2019-06-08 12:55:17 -0700
dc66f84d71dbbe3723037f13dce1e6c7d8eb40b0,2019-06-08 12:51:08 -0700
8aff7b6f5badae4e5951aac1d092b6ab7c744e66,2019-06-08 12:48:01 -0700
9d1b264417294573c80ed4dd9bdf717a1eee9f74,2019-06-08 12:44:00 -0700
a247ec1edcc1ef0fb990c4b44d392086578f5c86,2019-06-08 12:34:34 -0700
001918e2d7e92693d32174b00f818861980dbbd1,2019-06-08 12:34:03 -0700
4df22ce67bdafc028ed0042cd277b3de6264f7aa,2019-06-07 09:01:40 -0700
f2ae848b1bea0163749c017d3ce6b3fe59cd6eef,2019-06-07 08:53:49 -0700
a78186ee2e2079f4787039bb0e243ed4c4c878c5,2019-06-07 11:49:13 -0400
4f340d9c6e2d2819b94a12b4ef65d83622269d00,2019-06-07 11:46:09 -0400
1c1fac700c935feba4b51639d83af8cf6718862b,2019-06-07 08:39:30 -0700
0344ef30e45954d1252d44b9826c7eedad8b02f3,2019-06-02 20:18:53 -0400
1e13bdd319bdfd18bb6cb86147a1987400bceea3,2019-06-02 20:03:40 -0400
fe7ef198512f625a653665007c345ecec2c5517b,2019-06-02 17:01:49 -0700
21f1ee6ac3d1994301ca3b30331f4dcf436648cc,2019-06-02 16:10:22 -0700
2362cfcabef3ea4f879e0538883cc95a031a790c,2019-05-17 06:46:19 -0400
1a57088bfb1ea4525490f181eb47dd9704bf3539,2019-05-16 14:21:47 -0700
3b60f135b93fe376a95c1f2265189036119d34bd,2019-05-13 21:37:17 -0400
65a7802a5f78b9230eea18c1e15fb1070b4e2c6c,2019-05-13 21:34:43 -0400
fb3451283309e73c10f0c128c42cb58930649129,2019-05-13 18:26:01 -0700
5be810ec6b3de63e180fa4c03f341139acf94fad,2019-05-13 18:24:37 -0700
803ff274688cd83e339e5ce0515411d08db71199,2019-05-13 18:21:38 -0700
3c1f64ec612f93361773bb2b5f10028a0da6f1a1,2019-05-10 12:41:43 -0400
b0698585f08b5d652883257c6e95fc3392e9b55c,2019-05-10 12:37:56 -0400
dd9062a841bbb03ec93165386fe423f2ecb9999a,2019-05-10 12:33:59 -0400
06315a88b3e8cdd10dea32b163e007f83b81fcc1,2019-05-10 12:09:06 -0400
786041668e7b36f01fbd998d13d68164ea7b5642,2019-05-10 12:08:19 -0400
e02dcf8c84f0f7f2f9c866b0258bde0551c847b9,2019-05-10 11:04:19 -0400
863147eb50e79ffeb76111c06b2d6a8eb51656c9,2019-05-10 10:59:48 -0400
d61203c5ed7bb722076175bbbe77ef3c83617ac4,2019-05-10 10:09:23 -0400
4f550018a55b5922b99d2f9db653acdcb1a2f0bf,2019-05-10 10:07:45 -0400
212a39b0250ca18632c0c3ccc21229daed3981e8,2019-05-09 18:39:18 -0700
b5c5fa39ca7ec665f8579fb4d29e67c5f48502a2,2019-05-09 18:25:23 -0700
12ea1cb5ddbdf56169e3aeed0c91cdc467c31284,2019-05-06 16:29:03 -0400
f4b41e8b19c69589eaf919f39c070ecdfcfb9926,2019-05-06 16:25:08 -0400
74c07c893adc4d6e26314a8a297dde194f2c189f,2019-05-06 12:18:52 -0400
ed7a99a11b61462b4e071c38b2f398a4bd357610,2019-05-06 11:58:59 -0400
d534a7085d17f19aac963c62e843a3b17e650a57,2019-05-06 11:29:09 -0400
381bca07fdeceb8907eae93f9c8153ce60b17473,2019-05-06 11:27:04 -0400
1623f55191d0486b59fffd216fc2ae0d2cc57021,2019-05-05 19:39:21 -0700
4d1e0f18ddb407c3bba85a55dd9ff6f49ba67bdd,2019-05-05 19:36:37 -0700
9158ca68e3fb90c2a2e4545b7b08cf3e6de886c5,2019-05-05 21:16:44 -0400
95f10f5e1526b2ec91a41ce88a91dd990b6cfe44,2019-04-27 21:59:56 -0400
c95c2187869c5a735584c6ce190ebcaaf492b372,2019-04-27 21:53:08 -0400
91f6bf23c504f19bd748b1baab7d70c7b9064cef,2019-04-27 17:43:07 -0700
6a9981c1602191b66c6a5ffc64c383508a99b5fd,2019-04-27 17:41:42 -0700
81872f571824a7420b2278982f3eff600ad6a730,2019-04-27 17:39:41 -0700
65995e3f5afa97aeae9caec4c23c328b2e3a6ee3,2019-04-27 17:02:18 -0700
583c82a45c7c970336578ea5fd792843b3737b90,2019-04-27 16:56:11 -0700
59fdc80e9f45ac2fc2fcb884ff4900faeb5fabb8,2019-04-27 16:52:37 -0700
fbcb04e6709f72c2355d971ac7c6c58cbed8d162,2019-04-25 16:42:57 -0400
2140bedee0566c8c5f2f550d1a0e58d87e9064d1,2019-04-25 16:40:21 -0400
3c9f880cb080dc57003a2869996d3f00536f6374,2019-04-25 15:39:18 -0400
8faacfae8869f9fef223cfa0589391e6ece47e72,2019-04-25 11:07:27 +0200
377e93c518fbee77fbfe04970d30d9b721bcaedf,2019-04-24 22:31:55 -0400
c7b21b8812a4ed6b404c9d7917cef1d27b91231b,2019-04-24 21:30:23 -0400
0c5d9aeb2829dd57f40256c029b2f4ffa09bc904,2019-04-24 23:35:49 +0200
0f4ff0fe468e064a672296af47c0744cf919ee4e,2019-04-22 11:53:09 -0400
644e69de0ad753e11632703d34c53cba0028b8fb,2019-04-22 11:53:09 -0400
c5a7ab757f753742a5b20bf96481bd7befab9246,2019-04-22 11:53:09 -0400
d3e00abab771ca113beaa1514aeed734d461195d,2019-04-22 11:53:09 -0400
d194e0754f9fa82825dc498f40ab1d0f8f9ea6d7,2019-04-22 11:53:09 -0400
5ac98e441cc5884eacac12a0f5714709bffc446d,2019-04-22 11:53:09 -0400
0968145160899ba39fcccc5106acad0cc0ca3b9a,2019-04-22 11:53:09 -0400
f1bce5173f0218e25cf8eb1f9e3fbf57d2e942d9,2019-04-22 11:53:09 -0400
047ed7ac9c19ae97cb89fe6436f4235d40f5ff6f,2019-04-22 11:53:09 -0400
8ad65d6e6c9d43a8d532196044a3f134b14b763d,2019-04-22 11:53:09 -0400
50c2161ec8c822662eaa3f90b212ba402c33834d,2019-04-22 11:53:09 -0400
ea913c98fe4dcab7591df30f8b18466075b0c64a,2019-04-22 11:53:09 -0400
8b443dc9d54ee3df5c8b4966b3be503b354f995a,2019-04-22 11:53:09 -0400
61b6664eac514eb30925c1ab3d8e82a873478710,2019-04-21 12:02:25 -0700
3ac3c1dc4f4a134c4c4afbaf7ecc2a1c35391c22,2019-04-20 10:50:53 -0700
3c9302f040d135c78f7aad002bb02465576205eb,2019-04-20 10:50:03 -0700
0bf1a7dc7f0be6dac971ee20e4ebf77657484cb2,2019-04-20 10:48:34 -0700
380b88c0956f6f8963f103cbc63d9c68205b759a,2019-04-19 15:01:52 -0400
26cc9bc65bc3ea390ba7e81969ee89d1ddac7bcf,2019-04-18 09:00:22 -0400
e09d8e0e8767a5a601dfe876f0931c1ac38c9102,2019-04-17 18:40:31 -0400
931bb6f1f9c69578e54084ecc8805e3bb117484c,2019-04-17 17:51:33 -0400
a97e1113c3521672efd54a9c373fec1a768bb0bc,2019-04-17 16:48:51 -0400
10e29288b03212fb45cfe5a88e29280bacc4b4ba,2019-04-17 16:36:06 -0400
73388e4fd2298ba12445fd7136fdd3665d722d3c,2019-04-09 15:42:00 -0400
891efa446d2913e4b6044bb4a6c2b0caaefe86a4,2019-04-09 15:36:33 -0400
93f17f159261fba47604bd4fb9f88a9c8f9e8793,2019-04-09 15:33:31 -0400
ea1b10e9d1e3f1fa640dff2ca64d61b44bf1ace9,2019-04-09 11:11:50 -0700
60ff499de2334f335c160290dfd9bf447f19e60c,2019-04-09 11:10:48 -0700
52d6a6aff8be4b55698145246280cc5ba5abc875,2019-04-09 13:05:33 -0400
7be25a326bb9c2fc7279519d3e34e99351d73e1e,2019-04-09 10:59:03 -0400
f170b7e83fc066d5e541d28c7fdbb47d3d51b480,2019-04-06 14:09:49 -0400
319c40c9064a95b0ae1da3ccbb5dda7d50d9b1b7,2019-04-03 11:20:45 -0700
b5bfc680e7b850515202b3c59134f64af2d5cd3c,2019-04-02 17:56:48 -0700
cbd357c6838b4f6a38bad12ee7a801ec9518f5c2,2019-04-02 17:37:57 -0700
d7dfd08add13888b93ab37172cc3cd3d44f59e69,2019-04-02 11:14:23 -0700
378cae57a7142db06582f8d13888215f5cfecb42,2019-04-02 09:20:45 -0700
19da6e32a2b7cc87750a07d16e881999f76ba9dd,2019-04-02 08:44:45 -0700
7fddb26202ab298f53a21e9c757bace9bddd1232,2019-04-02 07:48:57 -0700
bd474e9761d67e89314c640412872f5c501caa09,2019-04-02 07:47:40 -0700
dc012e4226a5a561473499d5a28575313d709053,2019-03-25 17:02:36 -0700
07a967bb6b8b735c666b5c760c487f3abc4880f2,2019-03-25 17:02:32 -0700
53bb1981c1d53d4bc1eee6db8e0584cc3586a1bb,2019-03-25 17:02:27 -0700
e0dcd67a9ba8ee2e43bba348b2456745c54b2ebf,2019-03-25 17:02:22 -0700
aa633c2a638b17051e7a987547045e5cbc36dbe8,2019-03-25 17:02:16 -0700
e7eb46b2a1b65de435e26d2042f8832cb40808e0,2019-03-25 17:02:11 -0700
57cdd2b483c0a52970934ee913193f1b41afaa2f,2019-03-25 17:02:06 -0700
f92bf9c35ffe28cccdc3cc80cdc70336975f4b80,2019-03-25 17:01:58 -0700
2d0bc70214cd3de7b06bcf188cd21f8f6abe708a,2019-03-25 17:01:25 -0700
50b4becab3304cbe2905c23d6e4d64ca4c32d986,2019-03-24 21:53:42 -0700
b6e7fc9cfc6c53b83b882a699c375e5d0084b584,2019-03-24 15:58:59 -0400
704c7b6d81a94b7f9ecd1cdfc3890b3a2d2940c6,2019-03-24 15:53:53 -0400
d761f55cf180cd7f7ac7e104d638aded38181cfe,2019-03-24 15:49:19 -0400
44df0e36e0ca6386cd566b359dd007e8596a8445,2019-03-07 05:35:10 -0500
beb1b66c758987f68d65fde86053e3acd3cffe07,2019-03-06 23:40:10 -0800
c890919d5bbb9ccc8243f04caae07c78a032ef07,2019-03-05 17:34:36 -0800
8f2d3ef1531c19834922b0cdfd71b9ed82937fd6,2019-03-05 11:35:24 -0800
83547ede24e4ac10d9431758933233ea5655d004,2019-03-04 06:41:29 -0500
15e5e70e9082752d3f5b2b89d94ab1137ce2f060,2019-03-03 20:58:22 -0800
ca9b535a223dd07f26c4261122e1d811aa701667,2019-03-01 22:07:13 +0100
03499c113f181f26dfa9d9e83e210a5b707796d9,2019-03-01 21:55:00 +0100
1b83c0fb7744ad4dd14ce6e76add706c03079f47,2019-03-01 07:25:47 -0500
c4d70f4e8971d2fb08140e48632109d585f57b16,2019-02-27 19:38:27 -0800
b99aa12f4766c8feda8ef00b73ee99fc7124e2a9,2019-02-27 21:19:56 -0500
1b9cec7c2b9d84a9d8dc32e935160340ae3449a8,2019-02-26 10:08:51 -0800
631794da8eaa6a9827d2a6e12603aab98d9b7877,2019-02-25 07:17:47 -0500
d48d55f0e5ca7e3125a04df89317b0daa50281b1,2019-02-24 22:42:37 -0500
e1fea889ca33b4f78e475cc952c8bd4562dc02fe,2019-02-21 20:37:36 -0500
19fe85b92b6df6dfcb1834574fa94084ee2d0973,2019-02-21 17:56:18 -0500
bc3b7e24e4bbdba79fcec3c0157b0a37351f465f,2019-02-21 17:53:47 -0500
60dab1fdbd20fa846a70bc2dc1256cc22634cdff,2019-02-21 17:17:29 -0500
37f1da9f1f9e58f2a9abaf18f7b65bfb2d37aaf7,2019-02-21 17:09:44 -0500
e99b207a5844556f63d0dad011b939201eae1a81,2019-02-20 21:30:00 -0800
87aa2e6c34d11bb30626c6c27a42796506493ffd,2019-02-19 19:22:47 -0800
788036f66cd6b8159de509f7c2180a9d80380d81,2019-02-19 21:47:47 -0500
bafea364845384e4946ea396c60e9f94960ec03d,2019-02-19 18:32:49 -0800
39be1b598100c6689d413286433bcd3b4ee32115,2019-02-19 21:15:03 -0500
055dfc93ef014de60865d7b6f99d39605f6eef31,2019-02-19 10:39:40 -0500
8fa71d2fd252d471006513b8cd34a874233571f8,2019-02-18 08:58:19 -0500
404e1d2ec48adb0363e595bcb5728db740ac577b,2019-02-18 08:43:18 -0500
d907767d52a3610ebd929c03bad1bb97b9dc4553,2019-02-17 18:28:37 -0500
5b56e987030d337d8205d183f8fa6796adaddeba,2019-02-17 12:27:30 -0800
068a458822cadb8416c05ea8d94b11eb7a8ea478,2019-02-15 09:16:59 -0500
8f27896dca01e11453e02787277d0754bfd65c7b,2019-02-09 14:24:49 -0500
215b643600bb5299dcd29eb058fb79933a77d3bb,2019-02-09 14:23:31 -0500
c675d83ff9140181b3906d0e5ee48d2def12fb68,2019-02-09 11:09:05 -0800
c3fbf44f703ad5b16cf0a22e24eca508a7d45503,2019-02-09 11:08:28 -0800
1bbf9f0b72a8609f5645fa1abecb8e303267b4b6,2019-02-06 09:02:14 -0500
d8aec2141834beeeaa90f10d1c105a1583e0ad0a,2019-02-06 11:53:54 +0100
4efae76284090ef4d370909ff24e18ea75cc72ae,2019-02-06 11:53:00 +0100
f88c3ab56f6df078838e9563619120bec151ede1,2019-02-02 14:45:49 -0500
8c5002cd7b9d3e9533c6cbb9a4d19565d543e7a0,2019-02-02 14:38:25 -0500
48f5f57ce73c782a5c198f0c58783a111e9f8add,2019-02-01 20:43:21 -0500
a2766884c4d5c67f50105dafe8189a0817cf17f3,2019-01-27 16:53:18 -0500
93d80418ba0d0e6b1ddee2c406554a559c593ac7,2019-01-25 20:36:43 -0500
957d45d9ea623837b26147f1abdf35dcb7382196,2019-01-25 09:44:15 -0500
df7404f4cb9fdc7f3772bf9669438fa28e70ecdd,2019-01-24 16:43:48 -0800
dda403e1c2b7902bcb44bf693a84eef788e3c08d,2019-01-24 16:42:42 -0800
26d3d51db3b88b4541a4eb5ebfcf65479532642f,2019-01-24 16:27:31 -0500
ba198398e083770fa491e9b4c821363e1e760d47,2019-01-24 07:53:22 -0500
af2ef32fc349a9e1b1a1b98eaa9b7ab5fdb3b8f9,2019-01-23 17:12:45 -0500
989d7c9602bf3c75618e5c151da7c76aac495e3a,2019-01-23 11:27:12 -0500
a1870bcb8166e5729ff338a1504f9e79409e6ab2,2019-01-23 08:56:18 -0500
7e7b6fde4cd63ac8ec21e2ee900ae865d15a4c36,2019-01-22 22:20:24 -0500
1e1d521de6b2dec73e5a0b680d42f3eedb7235b5,2019-01-22 20:49:13 -0500
1df127be108f3e8a230bbdd8820a1bbb2b82d3a1,2019-01-22 19:16:57 -0500
bcbac1fb57b4ed9fe8750cdc44895f1ac9d7e8ad,2019-01-22 15:49:16 -0800
feecb6301f6ec4c1c560b54a752b5090b1393d1c,2019-01-22 15:46:43 -0800
a28b3c393a7ee701c52680ff47a5f823cbbd05f7,2019-01-22 14:25:27 -0800
2580068aa4306306d161d3e69964f591889d323e,2019-01-22 16:57:09 -0500
05553ec918d4477299504188d1ffb43e306fa4b4,2019-01-22 12:29:03 -0800
17ece7d6d8d8485b8dd6f0980f5207c0ac4ea2e3,2019-01-22 16:54:41 +0100
8c14a53185c272c903ffd50d9d6226e477e63a8c,2019-01-22 16:45:33 +0100
9d74d9911e06ebd5f92fba16936cf3a0ac57a190,2019-01-22 00:28:44 -0800
49cd4e5531d7d45b106cf5fc3d89e4bbfb953e75,2019-01-21 22:04:44 -0800
6be722ed9de6fc79620a432e43326262721cad53,2019-01-21 19:55:33 -0800
7e67dde75155ab88af4570bcfeb3a94175093fc9,2019-01-21 17:52:54 -0800
b6383879201f49f570db8b4fc603e6f70ca45cfb,2019-01-21 17:38:24 -0800
4a1527b1d4311bbf9d76468141dc68d02a90efa4,2019-01-20 13:30:55 -0800
f12dd1e2bb6a259f4692c24c6da3a71932b62559,2019-01-19 00:12:54 -0600
f1b949196926e98186a31e52c47afdd28468a4ad,2019-01-19 00:09:43 -0600
3bb3fc0f704ea55c739deb3ba236561dd730e472,2019-01-18 23:50:19 -0600
307eb943db14e2439264b445aef6c14779086397,2019-01-18 23:50:07 -0600
8788a51199ea36666d36402aa3b2891929f9d3d6,2019-01-18 23:49:55 -0600
a7ed572e3b974569f8d25f4e4f86adbfe9e8c828,2019-01-18 23:49:42 -0600
32c2618ca92038989220e433d78c242421a31c95,2019-01-18 23:49:09 -0600
14ed63cf57cdee04661590ba5a30c5d9840fa1fd,2019-01-17 07:11:58 -0500
8f63e9adfb52b78c5ef7ef5cbcc805871aa3850d,2019-01-17 13:04:37 +0100
435df3c028337010a59f3d1e95f128a9dd8f83b9,2019-01-15 16:14:04 -0800
2f3cbf7fa1968ead2cda0c41e702d0a7a5813df2,2019-01-15 17:06:42 -0500
b9a99f0bc16181f2edcea86a90fb5738a760e90d,2019-01-15 09:12:42 -0500
9dcee8bdac2d40ae98ebabb53bdba2e9237ca93c,2019-01-14 11:40:47 -0500
59b1ccc732bef3980021f0dab6267f9d9aca32f1,2019-01-13 16:20:09 -0500
fe6203a054264487e45de82e2b8cc5f2aabba82c,2019-01-13 02:14:55 -0800
fe36014e97af25526c0fdb407b071d4c901f5c7e,2019-01-12 16:36:58 -0800
b971c6119371caad7dac47cd4a896ac6fe3f5251,2019-01-12 20:26:05 +0100
344b868f658718d28a305da2dd46ea051a0c6c05,2019-01-10 16:31:07 +0100
57dfd58bcf8765d6152ba95d5446fceb5db3ab4b,2019-01-09 16:33:05 +0100
a710558854092a162161d8e66d1634b5831e1824,2018-12-31 12:37:03 -0500
78f1ae1b4eac25501d532ddee94fd1d8588e56dc,2018-12-24 09:06:41 -0800
5fb537b707a3797113ed8233155e12bde4dbd64c,2018-12-23 22:09:55 +0100
516dbfd5c7f8eca91c93f63b81bb5773d4a21d08,2018-12-22 09:58:27 +0100
2e98f6f8a0153d8a3c9f24c8dbb0658acd085b6d,2018-12-21 15:04:28 +0100
95611f2d936e2434829209ad6caa5f9b4a586efa,2018-12-21 14:50:46 +0100
0f31028565a539c25a9a67d72b4901db024506e1,2018-12-21 11:15:25 +0100
fd2198d62bd5181c6a193dbcedc401823e0fbabe,2018-12-07 04:49:54 -0500
0f59f6efc8d781be7ec3b268d42fba99ca2e6c97,2018-12-07 10:08:51 +0100
a1e6db170f286882670957e1e127cae061096bb3,2018-12-06 07:01:31 -0500
caf07a92a90bf38140f842438903c317a683c99a,2018-12-05 14:40:34 -0800
801a5df9f1d7095c52e594dda1a5276fe8cf6524,2018-12-05 14:32:37 -0800
29982e3a855fcec2fae4c0d37e2e0ad71b1ca726,2018-12-04 19:28:18 -0500
df8c07c18755d0742df20d2e66c5e6d5881129d8,2018-12-04 19:28:14 -0500
ef0cb1ee7a6e9295193193242f959e5b4ebe7b4d,2018-12-04 13:22:16 -0800
fc457c080d813044e30e1f4e8fe855d6a5900259,2018-12-03 07:32:21 -0800
a967ffa41c5ffc8c6d5142c51a1419d197bac7a3,2018-12-03 07:30:23 -0800
95dfb5e7657a5685500f18497230ffcb8916b538,2018-12-03 07:35:22 -0500
73744d22f955b7b1522a2152ccb2cd01cb86837e,2018-12-02 15:43:12 -0500
823bbeace11063b249e3f05c2a1e5c5027107b96,2018-11-09 20:26:05 -0500
001ece14e2cef413355e3b78161d80af8b7274d2,2018-11-09 20:24:24 -0500
d4f58f2c0d812b05c392e06438e659902e8121f8,2018-11-08 22:18:28 -0800
4d858451c9e8029d58e29adcb4f87b6749f35ed9,2018-11-08 22:16:58 -0800
95b5fdccdcb30a6950dd040202d730b6a2085c6b,2018-11-08 22:09:35 -0800
756ec2fcc480871e0535d8c9fc4ca1af6c9bd519,2018-11-08 21:26:43 -0800
c0008aed62e2c422e7f6ac7f47653a7754573506,2018-11-08 20:42:51 -0800
b355106c77387973842cd4122d62201eaa22a7dd,2018-11-08 20:11:17 -0800
a4d6f62df0f4be0ca7f97571e7c3e83c4be5a69a,2018-11-08 19:55:49 -0800
83033cad6501008e64dca6457397f603b38797db,2018-11-08 19:45:25 -0800
3c5594db2e37a6f007c458243b6bf1735cacebea,2018-11-03 17:24:06 -0700
2d6ba84a3de4bdd126a033aa357a6ea3593cb85f,2018-11-03 14:52:24 -0700
90a6d8e371181e8e4e626a2cee5aed9fd0b0b678,2018-11-03 14:14:04 -0700
d533de118f26000cba4eefd6571964ba6614810b,2018-11-03 14:08:46 -0700
d10256e15112bb476f22f28f878e3972bc83e34c,2018-11-03 13:58:50 -0700
aa0c65423146929a46ceeb1beb7573815c0e4513,2018-11-03 12:41:54 -0700
bdc792603db1706e8126ba027d8d86f203ab3171,2018-11-03 12:41:54 -0700
7c57b448bbd6a76018a3fd531950b952ac94dca0,2018-11-03 12:41:54 -0700
929c7de2c9a50d8b7727f5fc107bdc2b355c3f8f,2018-11-03 12:41:54 -0700
5362bc6708d10c56a66071c5adcfdb7e2ae816ad,2018-11-03 12:41:54 -0700
ecca7bc509ebc4c2ff9ee6db3ee2caf73e60a8fb,2018-10-17 13:20:44 -0400
143c10b6efb42a6bccd95714795d0c6ab0a06be1,2018-10-16 14:53:10 -0700
333a8c411f90f847f50111939089f3d10610ed89,2018-10-16 14:53:10 -0700
f3cbdf5a3b9ba4e852bceca16b26ed7cbd5cad47,2018-10-11 06:40:52 -0400
fd1928e0bb962e7969c64b3bfa3da2b490c2fd43,2018-10-11 06:39:00 -0400
d79988d59e1c6fec528fdf7758e6030f3fcb53fb,2018-10-11 01:35:51 -0700
dfd43327618bd625bac7ce4fd35f9ccfe729ec6e,2018-10-06 08:09:29 -0400
13e2b066663c0e5a6c6a52474d90a51c6ea48ef8,2018-10-05 12:54:00 -0700
cb30b148b9fe8a2561dc1db9e134ee16c7845310,2018-10-05 12:47:26 -0700
98bd3ead2179febdafcae7935811da88a05beda1,2018-10-05 12:47:26 -0700
0d7cff5f2d394fa7a7d8a5878895f3b5b9ffea4d,2018-10-05 12:47:26 -0700
7a3f51be71596dba55ec8963a1675920cf3d5e90,2018-10-05 12:47:26 -0700
1210d5624c4eb173417cab8358eca4cc3b6c0ebe,2018-10-05 12:47:26 -0700
3089e71e60541731a49c8d8a5d69a7425780ce6f,2018-10-05 15:31:01 -0400
1f55349d27ceff08062bc0dfb58f9f04784a4d47,2018-10-05 15:29:38 -0400
01709fb26bce02d49a9034257b68c9c70441c7dc,2018-10-05 15:13:36 -0400
adb9aaa5e2b89ee8fa81dba3b76224baaab5e76a,2018-10-05 11:56:42 -0700
25071673dbd499999f6722f9c31778a5c4e86ab7,2018-10-05 14:40:22 -0400
11c1d8c97e4d0134da1953e57efcf55138157ba9,2018-10-05 10:36:47 -0700
9d485ffcf755e88cccf9a7aadc72911633277117,2018-10-04 04:05:34 -0400
7fcb5067111b8fda55b694c879638d2d63999b1d,2018-10-04 04:03:48 -0400
e3c1b6ac98db62fa5c05c6c752d7d0843fb4894a,2018-10-03 21:30:26 -0700
e32f3abd76be613c50007c99f915bafaa8a98a1c,2018-10-03 14:53:46 -0400
f46f52dbacae45e8ceee6d6e2b6b20ec112653dd,2018-10-03 14:52:27 -0400
9d8027c5cdb3eaa726dd48afe91f3bb7650cca2c,2018-10-03 11:47:07 -0700
31c8dfe28b1165cb0b8382e47b8b7297665369b3,2018-10-03 14:26:40 -0400
c04a71edad17ba836f5994d12502405513c5f237,2018-10-03 14:24:18 -0400
eead01944e8b6c52197d183df3bd3431783c1b02,2018-10-03 10:29:39 -0700
2ec7e48ca9a31900237363cc71ee99416774bb37,2018-10-03 10:29:39 -0700
863670a58086527f16bd3e380f5436dfe60f416e,2018-10-03 09:44:52 -0400
6f0787f0c13d187498ae0055c1963fe922832d19,2018-10-02 22:19:40 -0700
8c096778bc0235b2059495715fee91c31b719c67,2018-10-02 22:19:15 -0700
035813ff0b8938b5fa999b017781a0548e7b710d,2018-10-02 22:18:17 -0700
aae17f3a9f0245f08b5bc1f7ac13d4ad2aa49728,2018-10-02 20:32:24 -0700
220d9b299461ea409bc4b21a9b1ba6bbeeb95b9b,2018-10-01 21:15:51 -0400
ea142d15ce83d18c04d931046204d265278e6bf5,2018-10-01 11:46:34 -0700
ad937defa6f185444e7bf4cc2564a588d0a5fe6a,2018-10-01 11:35:32 -0700
658ce7884695cbe0c04b29f0b6fa365312dbe2fd,2018-10-01 13:51:56 -0400
828313541b1903cc148f8d04b8bdcd4d5006dcd4,2018-10-01 13:38:55 -0400
4d5196207bc4bd2381c540a368c8b381e7d8dbce,2018-09-30 23:12:49 -0700
f4ccf8ef626e236f39ed24b1ab28f2cc9699dee7,2018-09-30 23:11:20 -0700
3ff58129cb3e134826fe1ec961e2a01c0739ea25,2018-09-30 08:41:28 -0400
aa7cd9d261fa1e99f1858863b5e6d9f6cdec36cd,2018-09-30 08:40:24 -0400
dee4e89ede356bfa28453cf0cb7a54f52ab55782,2018-09-29 15:04:28 -0700
d1a6c297b8859440144756ba6d5457ee52beb41c,2018-09-29 16:50:32 -0400
e861027f53a58abc6c2abb9809dc4628756d03b7,2018-09-29 16:48:17 -0400
182f204c958ab0c188197e403f75e8550bcb8279,2018-09-29 13:19:21 -0700
1fef6a05e1e9c6a066c88e2e4c8487b08740a75d,2018-09-29 12:56:17 -0700
bb6e8bc1c74e5aab7978fe8c2ca70c84a929f924,2018-09-27 20:15:23 -0700
7521cdc0aea8f307e1097a82295fd3e9a2538660,2018-09-27 20:10:32 -0700
5fdd0bb14820954c2b39f991d4445b9e783149e2,2018-09-27 20:07:24 -0700
a552d88c5481accaf135c5315a994cad0944fbf7,2018-09-27 20:06:18 -0700
fedccebb93df1c2c9eecaa1338e9975def1b9048,2018-09-27 20:03:35 -0700
4a5f271702c0777849b615848b168ea8d0a36168,2018-09-27 19:45:30 -0700
ef568fb9f1cdac1fd5ebe452ecf5009ac7d39356,2018-09-26 08:40:48 -0400
75805e4cab5a56f61a9df588f1ab4f892285fe1e,2018-09-25 13:01:15 -0700
8a5645e90b05ae7ff032204901fd1ce7dbce375f,2018-09-21 20:56:15 -0400
af8f5b3a802488f16ec4866dcba071c0c50d11ca,2018-09-21 17:33:44 -0700
355f76b15e8dacf386d19e29b656f38d0a4e311a,2018-09-21 20:29:03 -0400
d4a9208c2bf7b757e070e80410fcbc1617219709,2018-09-21 14:14:57 -0700
660fe82fff8fff3ab3a7a5948a3b260315d8f67e,2018-09-21 14:14:39 -0700
8399b252cd335d4d0e4b977cd8613e0fe2ed4a4a,2018-09-19 23:56:53 -0700
ee356201948c7d566b37733dcbe1fb0098d95a6d,2018-09-19 23:56:53 -0700
dec7b3c340dfe1ccd76292fc8e99ae4ec42dcc03,2018-09-19 23:56:53 -0700
204b6a4b2478eccec7e502fef517c80f87d146c9,2018-09-19 23:56:52 -0700
1d0fcc1732fded614707b0e425af89eca0526e6a,2018-09-19 23:56:52 -0700
78d5e3b9d746f9f5994d59c46d3d7f953c61a5be,2018-09-19 23:56:52 -0700
48948fc24565f28ba4c98974332364022576f538,2018-09-19 23:56:52 -0700
2999c560980d48bcf58befebbc6d9dde98db3a36,2018-09-19 23:56:52 -0700
856ab44373df4e6b458c3c9c63536afb17af265e,2018-09-19 23:56:52 -0700
63be247db6ca3292afec9ecc532c3bd88d3a7ed0,2018-09-19 23:56:52 -0700
ccd7920b2238de6d634336c3c6e2a8b13fa7d2f8,2018-09-19 23:56:52 -0700
8f06b7a3f9293254a546914dd403e322546fe03b,2018-09-19 23:56:52 -0700
a39d86379730f5a163e8a2c96ac5f9ecaeefa4ec,2018-09-19 23:56:52 -0700
c5c2984151cc63ab278eb0884a225fd785c9d03f,2018-09-19 23:56:52 -0700
69f58c8ca314c44822e0eaab354b5f722a01ac89,2018-09-19 23:56:51 -0700
14d10fb42abb59515bd58ce04245bd655be3b056,2018-09-19 23:56:51 -0700
6e71f330b8f8108751fa2fee2b5adea1ae6aecae,2018-09-19 23:56:51 -0700
a1553979478bfcbd53ff28558c8e7bf2947afa46,2018-09-19 23:56:51 -0700
199f518cdb7e888de1f574d871e5f3847041a327,2018-09-19 23:56:51 -0700
0a69630cbb0f80cd819136dce4127dfa6366e1a2,2018-09-19 23:56:51 -0700
72bac09f433de23654b66dbee0f2d5fd6a55e48c,2018-09-19 23:56:51 -0700
b499092d06b7cd578fb349f41d228d472de39278,2018-09-19 23:56:51 -0700
d95e05961275a773aa689adac6dae7d204426201,2018-09-19 23:56:51 -0700
e72f88febff5766345fa4a8f9086639ea997a2e9,2018-09-19 23:56:51 -0700
0f93e7ff452c36c5160b82fb685e5f3920dbd96a,2018-09-14 04:55:49 -0400
e77ca735a07e851641067cbacf0ba61798511238,2018-09-11 14:49:46 -0700
d37100dc1fdf15e1d017a999684f9415254aefe5,2018-09-08 18:45:21 -0400
d23f88f23652b49f1b28784080b26831e0f9ab97,2018-09-08 18:44:00 -0400
d3206062959cff83223957c1bf98154535baf6a5,2018-09-08 18:42:08 -0400
248e64531da5232aeb7ea47f0933d51967cc467d,2018-09-08 18:40:10 -0400
2161260e34505d7f30ba22cdfde5f19c71de4626,2018-09-08 13:09:59 -0700
3492b556c39ecf5fc3301d35fbb2cc282bb796cb,2018-09-08 13:09:24 -0700
af0f8ea27ff8c33c7f25ffc1f56b9af09f6be56f,2018-09-07 19:09:38 -0400
0484a4e485904625d924b796145ff341523677cd,2018-09-07 19:06:20 -0400
7640065345cca573300a6e133c9374b6840267e2,2018-09-07 19:03:49 -0400
81010a8b6e3f269946d025922d01ccae612ce7ef,2018-09-07 19:00:19 -0400
0cc5c3667b747d58850c0edf09f1ed9fdf76e692,2018-09-07 13:37:06 -0700
d28c4a7cce76315f7738d8f8229cbc42f2944497,2018-09-07 12:36:11 -0700
34bab9524eb6d1b5e3fa96be7ed2602d71f25dd9,2018-09-07 12:20:28 -0700
819d3178343a84af6926d862dc9cf584f9aa80f1,2018-09-07 12:20:28 -0700
ea0b33bee19123489684549f31c36356fe39c728,2018-09-07 12:20:28 -0700
5825835237fbd3307f7da09b3958d4f458fe8598,2018-09-07 12:20:28 -0700
fe07cf9b703e2aa9a83ed5ce57e51fe6cb33105d,2018-09-07 12:20:28 -0700
9d4aae187b71b9072764f322d25c48e11a4e1bdb,2018-08-25 13:54:06 -0700
cc742f214339fbece37f0797a8c338212dcb0b63,2018-08-25 13:45:41 -0700
8fae19dee9ba052cbbb5acbca7250ff605a4dd9f,2018-08-25 13:20:38 -0700
57831441ed4f8b285c19075d7ab7d84d6fd22812,2018-08-25 13:19:17 -0700
7d822df5a3b040bf61d1055fe7bffaf1996c0983,2018-08-14 19:38:16 -0400
402ddb577f9c7ab204d04640e12d983ecd3f311d,2018-08-14 19:33:02 -0400
7917f46b36fb04565c0e1d4119c0136c8f987fcd,2018-08-09 10:46:06 -0700
6aaef7685f8b455bc4b7854d8aef8617a3d7b4f1,2018-08-09 10:46:06 -0700
8ad3f2537119d61becad38558dc1365742ba7444,2018-08-09 10:46:06 -0700
de8095740435de7fcfddf263304aa8be2eb553dd,2018-08-08 21:50:26 -0700
ca1db7831bfc7b365f4bb84e2d0f9b082354162f,2018-08-08 21:50:26 -0700
0059121716c869e34a8089ada3069ad67ffb6ee7,2018-08-08 09:00:06 -0700
229b0dee4882352e7583c4f5872bee92158da712,2018-08-08 09:00:06 -0700
1cf16d1dc6f02e608eb860d627c423dc6be958da,2018-08-08 09:00:06 -0700
615f5c6bab28f78884cf42fb29c76ad44822a33d,2018-08-08 09:00:06 -0700
55bcf25a1c53f85ba2383fc83b46e2bc2ccd05af,2018-08-08 09:00:06 -0700
9f01fcb1558b11b52c78bcddee2ea601ab4b102c,2018-08-08 09:00:06 -0700
a34bbcf6377d2f26ec4308ce841e19094788e88d,2018-07-31 09:24:47 -0700
735b22bcf08b8d775fc815aba0cd80f3183a3a33,2018-07-31 07:57:54 -0400
343b21aba523915ebc172793a46827c0f8daeb93,2018-07-30 16:45:51 -0400
5ce0c0f0358096d87e19c7decdb4d6dfd21aeff5,2018-07-27 21:54:19 -0400
5866c7e251f05c9345f77215713d4549575db2df,2018-07-27 14:50:17 -0700
c897c7eb261a70f1c5d7bb8d839d7080b4cd0e24,2018-07-27 14:49:08 -0700
4bc7700d575bcf7001997aa019b0c91768092673,2018-07-27 14:48:56 -0700
587c0c207327c24c94d253defafe864beec71598,2018-07-26 06:15:30 -0400
c36d333216d539958d7b600456076151fa8f3995,2018-07-26 06:13:07 -0400
055219bc6ce776c0affc45e10b13f6e53abc4434,2018-07-21 14:24:28 -0700
e03251f78c607c73a572e2f917171dd86b7e40e9,2018-07-21 14:23:50 -0700
62e58eaf9f700f56ee348da518cb78580b876ed6,2018-07-21 14:23:48 -0700
deb5b51ddc43742c48d8e1c46f4e9aba22632e8c,2018-07-21 14:22:51 -0700
861bddea6db932dec5386988d9657a613fd782c0,2018-07-21 14:22:51 -0700
edcb2af21f4982f8054f0292fb4265854baaf77b,2018-07-21 14:22:50 -0700
dd65bf6e268616f1df41a6243ea121983ddf1c45,2018-07-21 14:22:50 -0700
661ed46098f2155d6b3aa10ea8d394b0a05a6ee9,2018-07-05 23:56:56 -0700
d6ecfaa369850413f0ccb351a8f63bdbc6e6f690,2018-07-05 23:55:49 -0700
0ca8ce770085a0a3616bf710bdcc8d287ebeb207,2018-07-05 23:55:23 -0700
c4b5fb7146e231a56af3b04c7ef2a13da87310d7,2018-07-03 22:31:24 -0400
b4b7366b84ee823e08f3773deef18de562d2daba,2018-07-02 20:40:39 -0400
d53b43ce2971eb769075481cf7416110bc6433d5,2018-07-01 23:18:04 -0700
34faa5d928eab6b39ad7b7af76ac8aec7970695a,2018-07-01 23:09:08 -0700
7481c181edfa3dfa80127289c7b0dd59a58ed8bc,2018-07-01 00:19:27 -0700
86856fa895cf3f226ee95707eb958c7bff8b9d48,2018-06-30 16:57:51 -0400
2ff416bb1c2998459fcd4d8e2b8074242bcdaf96,2018-06-30 14:31:24 -0400
3d593a4ca15818ef7b9489e5627db166f3009448,2018-06-30 14:28:53 -0400
d1e928bea79ca81c827e9b6adedabc98eefdf701,2018-06-27 21:04:33 -0700
b0da0d16bff24e8307f8e5a4796ca9e50b3f6991,2018-06-27 21:03:15 -0700
0b4245cc650b643897db0037e822a9f60fbf35f8,2018-06-26 15:43:25 -0400
39f5cb4a2c724e2539c4c2f50ca80ad787801d39,2018-06-26 15:41:45 -0400
db8bb9f85a5ed993ba20367e161d102712dd2703,2018-06-26 15:39:25 -0400
d67efbaf0451bfb9c49ef3dab65efdfee578da63,2018-06-25 10:32:15 -0700
50e3e4ab94d18548a99a16b3860daae10564a4e3,2018-06-25 08:42:33 -0400
2da04057981b2f00bd7b85bb7f74066a1f9b4ec6,2018-06-22 20:21:43 -0400
50baf1c9474f60e7099821e0e395a14458bbb700,2018-06-22 06:43:56 -0400
a9637494ac35136fb8ce3d02c0d14eadb643fb52,2018-06-21 11:14:06 -0400
927c04b9d47aaa0089133ce7b4ae9e32d92b70b9,2018-06-21 11:02:18 -0400
33679a08d4b90169f8c5ff64c9762d20e47c288b,2018-06-20 11:01:16 -0700
9aa369d040b41124652ade98c71c0108008f550e,2018-06-19 20:07:16 -0400
17ada68fae1f6789f8ff625a12e3c96572b49352,2018-06-19 14:56:54 -0400
c9975f26939726b6908461effaa7cb9805ccd5c4,2018-06-19 06:11:09 -0400
ef7e28d168d6e1dc68d71d50421e20c558cd4daa,2018-06-18 21:12:20 -0400
6a1b55a32708505c146b14a07010d897504ff1ca,2018-06-18 19:15:20 -0400
d2b40e49046fda7fc729e963f13ef060ecd837eb,2018-06-16 20:22:30 -0400
0b777823919ef07c270eb676e4edcefe3e4d2995,2018-06-16 08:07:33 -0400
fb1efec056df5ceac704d1d175a80e6a2554828c,2018-06-16 08:06:13 -0400
a0d0e076587ec57a02dbdd90989539e659e8e749,2018-06-16 08:06:07 -0400
52a3f454e6afacf3e527b09c7543f960f7e6247d,2018-06-16 08:06:07 -0400
c725da00a095216cd2a80cbecb4dd3a5c5e2406a,2018-06-16 07:13:17 -0400
cbd77b52ae5c68f0f61cfdb56e361cc3aa8e45bd,2018-06-16 07:13:17 -0400
77da5f5ac5d5d743ccbb902c5c1de905e2ea08b8,2018-06-15 21:06:07 -0400
cb4f284760c6782ebd50d381db96b263dc5a24fd,2018-06-15 12:20:02 -0400
f24a6a8b9dbe76543e1af9c1c70616049d05312e,2018-06-15 10:53:48 -0400
0964c46f4fa30f2a5cfa8b750055b2027f6476d9,2018-06-15 10:53:18 -0400
653b4e0134cbef23bcb0f228caf80ad84a0e67cb,2018-06-14 11:15:57 -0400
49c3f11854fadd87e3e4cff38d75a11a4d98bc74,2018-06-14 11:08:50 -0400
3d4f465c1076a851db8b40535370b6f9e23c533d,2018-06-13 14:12:50 -0400
590f7311dba07bcb574b0fa53de6e9cdb199754e,2018-06-13 11:31:03 -0400
58c8f3e111325575fce70788278c6fe73375025e,2018-06-13 10:34:41 -0400
bd2d051a19d4cded79f33e1168e97b22ba90fcec,2018-06-13 06:17:52 -0400
5e165185691fbbdede494abc55f9713cd96a0d31,2018-06-13 06:17:52 -0400
85c7b511e15fe68401166054c6cbd1bc1fb63563,2018-06-13 06:17:52 -0400
3eda313519d73aa1c4235acc78f48bfca3e703a1,2018-06-13 06:17:52 -0400
984ab48ce8dbbb5b9949ce1f5e5f774168b4830b,2018-06-13 06:15:10 -0400
bc1dc41a7cbb53a53e717ebe8994428e91551705,2018-06-13 06:13:28 -0400
e5a8442a2ac14590d342d528079d7e159c9d19ee,2018-06-12 16:30:11 -0700
74230f005f2193e9e2fc2c93a52faa5c0e2ae870,2018-06-12 14:07:51 -0700
73c3107e915fdeff5c406200639bb9ebb1378ff0,2018-06-12 14:07:51 -0700
2bc71866a8e56e2a4926ce433efb54abe7283be3,2018-06-12 14:07:51 -0700
3ae152fa35b07800ca5edbe42d14e869298fc252,2018-06-12 14:07:47 -0700
426a7919b3a3b4db94354da455354f48ce69f4e8,2018-06-12 13:58:04 -0700
a8bb6fe96640ee7c06d02112cd48aea9e5b7c5e2,2018-06-12 13:58:04 -0700
4791adaa46c8d9e3a0fc9cfcea38e10abf408913,2018-06-12 16:21:52 -0400
36bbdce7b1be9f90195ad7d673537aa785217b97,2018-06-12 11:46:21 -0400
cde13be0cf3755f3a41dff588e36e9c31f5cce5c,2018-06-12 11:45:06 -0400
fa33c98ddc641c8598ee0025afc98c1d75298f4c,2018-06-12 11:44:10 -0400
00b33daea7f678d2af56d43427d8dd8edd12531a,2018-06-12 11:42:30 -0400
d27f8f9b3ec375b1d7204345e971427fef499fee,2018-06-12 11:40:50 -0400
3548f8c6550e645b7a27683f7b3c4ab67d936f7d,2018-06-12 11:37:31 -0400
862ab91432ed8638ecea0fd187d95eafa49c58fe,2018-06-12 11:33:14 -0400
bf3d27611db6df6549c337ddc6063ad6a195d9ad,2018-06-11 14:19:45 -0700
3abc996658df828885b452c42e59ab847ce33680,2018-06-11 15:15:31 -0400
f5f9f627868e4cfd2028cd081b912c2b40fcf406,2018-06-11 15:14:18 -0400
64e29b952bba5231d43c73b51dc5bef0377188e9,2018-06-11 15:05:20 -0400
165d3d0d0de0d6cfd2f089138974fd152feb8ca6,2018-06-11 14:59:12 -0400
65b03df3bd7088fb7ef115a0d4c2a73c5e4d2293,2018-06-11 13:07:43 -0400
4c1281d8c24fce8a597e1465624010a2c438851b,2018-06-11 11:17:06 -0400
164e6086a8951b5d9e3f558c009db9e0caeea93f,2018-06-10 20:41:04 -0400
8f038edd451f10a9fc529c8f5a9981a33613d150,2018-06-10 11:06:31 +0800
ad6be801311b3be14dde68be02f2b72dcdc1d8f9,2018-06-08 15:06:00 -0400
5ca32a221afb9ff478e8b460e45fc14e790bcc5d,2018-06-08 15:05:59 -0400
38eb97b42245699988cfa1fefe7bf80eeea3c56c,2018-06-08 15:04:11 -0400
7e6df7c1393be2df7c72f77d530a545edb473623,2018-06-08 00:03:57 -0700
3a0b9e15508710f2cfe351a9401ceea159080727,2018-06-07 16:58:45 -0400
b0dffbc05e4363c5dc42c83778b67533a3b36c37,2018-06-07 16:40:46 -0400
0163cfc30c42facd86f44f5828c7bfaf921e8dc4,2018-06-07 16:39:29 -0400
0e856d7a212135d71ecfeef19270e4ff534dbc04,2018-06-07 04:29:44 -0400
6545c5500860000053a4991585366c00f7bcbf52,2018-06-07 04:27:27 -0400
19971107aac159d96f66b726ef24349f97531ff7,2018-06-06 10:17:46 -0400
c63e3ffa51310b262af8a24cdbd8b93c97f6a207,2018-06-06 10:15:19 -0400
edecaa46b252d052b2689dc25809df57cbded785,2018-06-06 10:00:04 -0400
45513592a73b953a1020fb7bf309a980327c488a,2018-06-05 21:34:26 -0700
06f98afcf5446c7d83cef0aaca109b57c523f960,2018-06-05 22:42:16 -0400
fa6a256f0067c8b106bc1f93a34d256470097427,2018-06-06 10:01:12 +0800
9cd97eaf66a42e98940f1403cfbf0637201c621e,2018-06-06 10:00:46 +0800
2daf38b32cee90257ce957f0f366c527d8bda409,2018-06-03 12:05:55 -0700
72bc8c01a385fa04059b43e166d4a72ac4b6d8bb,2018-06-03 12:04:00 -0700
1438a5117b40b359e629f22aa04338560c3e4da7,2018-06-01 13:40:53 -0400
97d2d3a2c95403784bc3b0324194ef8be4333e13,2018-06-01 13:40:53 -0400
6d0b6d649462c59de67257091cadb1485c8aeb92,2018-06-01 13:40:53 -0400
b283adc73a8296ce53296ea1992c5e88af4ceb46,2018-06-01 13:40:53 -0400
730201358edb26ee27ab90f808fa72f146e0454b,2018-06-01 13:40:53 -0400
8c130215f49c862819b3dfca219403db296a3a18,2018-06-01 13:40:53 -0400
84e71a029c9a664d4dafa9638511ff468525d115,2018-06-01 13:40:53 -0400
aaada49dfefdb7aab794ebc6054976686fc57970,2018-06-01 13:40:53 -0400
27f4ad01f5525b695ed9fbc651f04e8205b8d8b6,2018-06-01 13:40:53 -0400
aafc4359c812c1cf90b4c5d373c56cd4ceb2e5f6,2018-06-01 13:40:52 -0400
6dad254c14dcd8ee1e4781c09089668f9ddba0a3,2018-06-01 13:40:52 -0400
f563925aa7a6d7716f783497d845028227b94afa,2018-06-01 13:40:52 -0400
56cc11e1b991a9885454d8954c61eb254e99496a,2018-06-01 13:40:52 -0400
2a9c7fe0b7dee1a409a96f32b6e155c63c62e917,2018-06-01 13:40:52 -0400
7df88cdfbd22bd0964a634736c348b7475c5cd1b,2018-06-01 13:40:52 -0400
555b26ae1fd1584485ab6b85c0a55a350e035350,2018-06-01 13:40:52 -0400
201fbcd5a5aeb0d6a98ddbc726f4aee775ae53f0,2018-06-01 13:40:52 -0400
6629451892f7ae160a0cfdea15b309b80da744fe,2018-06-01 13:40:52 -0400
cfd16737916b18ac7e7b8f7cbc154e3a93cd2dad,2018-06-01 13:40:52 -0400
aabc871d7d05c4db1f4e3906e6a8c93b0fc9a30b,2018-06-01 13:40:52 -0400
10118450321fde8931f755362589ae532fc5cbed,2018-06-01 13:40:52 -0400
d9751f20d0427379e247af803311081f0dcc27cd,2018-06-01 13:40:52 -0400
963593ea27831ae772f39d8f64b3d2d2a3ac5b8f,2018-06-01 13:40:52 -0400
d4b7e2b8b608eaa8ad8e5a21eed8cd3bd92964e7,2018-06-01 13:40:52 -0400
cf241f041e34e64515fe185314af5ade5b716309,2018-06-01 13:40:51 -0400
0cbf90a55df8c14eb80391bb97c831f5bb910e71,2018-06-01 13:40:51 -0400
c994c5a9b429d6acec40d7f894b0a6a5749c50bd,2018-06-01 13:40:51 -0400
b31b09a2f5b0562cf6ed971660c319a833b735c7,2018-06-01 13:40:51 -0400
6a922a781139e157cfa7cf5889e6e2f1e688693a,2018-06-01 13:40:51 -0400
12d92d210fb857696e890b8036baebd07ce85090,2018-06-01 13:40:51 -0400
bb127c55d2226651622c9bb2b6e1b6fb623bec46,2018-06-01 13:40:51 -0400
d608643bb6c890d91edfac5fb70838c264180dde,2018-06-01 13:40:51 -0400
3feb2c2de1d1d1af96e422b2050e85cb499c39ef,2018-06-01 13:40:51 -0400
43919e56239bfad26908d4eb257b459fe5818121,2018-06-01 13:40:51 -0400
16130b32fef8a26a54af2d02015bf843a1b6266e,2018-06-01 13:40:51 -0400
9ab50a239c818a21f3a39ddeb84576939d721fb3,2018-06-01 13:40:51 -0400
c50d372517167d2ed9e9386fba0807c99622b777,2018-06-01 13:40:51 -0400
da363f845e9d20be2d99c9b8355462570f0df7f9,2018-06-01 13:40:51 -0400
8ed356a7f2d96675a8751cc87c0e5ec06f3c8653,2018-06-01 13:40:51 -0400
add78b9cdb29ecf6469dce303a7d9974a3a7e677,2018-06-01 13:40:51 -0400
fb5d2723bcc7cad1585736e644e367d802082d29,2018-06-01 13:40:50 -0400
5c96cd63267abf184d9a689f694f0a1e4da453d5,2018-06-01 13:40:50 -0400
6c71f4ddb3b7863864f1081b178acccbb7e9fe0d,2018-06-01 13:40:50 -0400
8fa0cea7936a5740cebf464902f8445dc30120c4,2018-06-01 13:40:50 -0400
a3d851228eb523782ce20965be4391645d86f014,2018-06-01 13:40:50 -0400
2113d1aa96cc5595108adbd30f94b59c9c023825,2018-06-01 13:40:50 -0400
6c235565b0d1c4c39576fad37de345669f118af8,2018-06-01 13:40:50 -0400
039c5120dfcba506141b6be0a34c154e8537ce2a,2018-06-01 13:40:50 -0400
fc63007e59120712ed7c3a96d17ad73b2ce8c3c0,2018-06-01 13:40:50 -0400
74ab18beb122fccd3573c86ab30cc983386973e3,2018-06-01 13:40:50 -0400
289239efc56d2a9b3c49b3d855b84aaaddda3972,2018-06-01 13:40:50 -0400
b49047cf789a39efd4a0adb97edf0bada45615c0,2018-06-01 13:40:50 -0400
9946dca022017bf72dbea74b31a10ca0a35b6e5c,2018-06-01 13:40:50 -0400
c0a6bacad5e43833d4b78d60215bbd72210ac0a4,2018-06-01 13:40:50 -0400
498400ef0d587e47a00c9ddbaa6891d996db7eae,2018-06-01 13:40:50 -0400
531725671b3e22498fc58b5bd92a1d4e4f4f29b6,2018-06-01 13:40:50 -0400
ee539597cd6b0efccd8fcd9416b00340773939e5,2018-06-01 13:40:49 -0400
2115fa90729b83ff5d1f5926ab0ef9c42b8bcc96,2018-06-01 13:40:49 -0400
7aaca96f10b1033d07e8a9cb076195b8cb0c54a7,2018-06-01 13:40:49 -0400
ed8ca17a955230fd2d9794591c6ed15e5917ebe2,2018-06-01 13:40:49 -0400
facea42463c9535e320a92032f3d1b2f55d61980,2018-06-01 13:40:49 -0400
2fb377ac81712bfe4b6a1a0382911818bc7843cb,2018-06-01 10:31:26 -0700
7abf9f2f5d86b3c6d9296eaeca6e695e1b500851,2018-05-31 16:58:12 -0400
6cb50bd4f8ea47ec1f2fb6ff79c6aceeb83c84e0,2018-05-30 06:27:21 -0400
383a71723af1870fc0ae2a0f0f4f9002c8e63b69,2018-05-29 22:14:55 -0400
a3faf6a2eeb0955fede6db74156d51df22da4a39,2018-05-29 22:13:04 -0400
75c8fc856b1f6c1d9b3fb7b69b9128add4f1cda3,2018-05-29 18:01:54 -0400
399f7e15adbf9e187b499068118a072f2a97a300,2018-05-29 18:00:44 -0400
eb91f4d87a408ff82a308fe9f45069771d5ba1aa,2018-05-29 17:59:53 -0400
a60377486552176a745e5000c70658a4c96f678b,2018-05-29 15:19:41 -0400
c988975ec0a9c642b1989e78c2325de2625b0910,2018-05-27 23:07:12 -0400
6ea24261aef0da111151faf4b9cff70bd607a6de,2018-05-27 17:09:24 -0700
1ed22401bbc2b1b076f49190530dbcf61bd4809f,2018-05-27 17:09:24 -0700
e6f36659954653271495ee2c12cd80469a2ee63a,2018-05-27 15:43:41 -0700
f5266fdde1d1ee120372314dcf504705807d1bde,2018-05-27 17:16:08 -0400
ca98d07b4abe8f37a0d8eb51bd4a4043cbc2c3d1,2018-05-27 12:29:10 -0700
a1e59b9d3aa9b7fda49b9eb5e081700f46580b97,2018-05-27 12:28:28 -0700
ff9f3ae7e7d048d5042459c4136f03651df8fb53,2018-05-27 15:16:12 -0400
ad7d3dde34cc1da720db08e5568ead9175ed4168,2018-05-26 23:52:24 -0400
1710c31fc2c0c8f56326e4175d13b21640d477ba,2018-05-17 12:49:01 -0700
4e610f2d1bda0ef073b8b9190fa2135d427f30cb,2018-05-16 11:52:08 -0400
a0200824afb66154d2635e82d6e05b3715064f4b,2018-05-16 10:43:07 -0400
b34d97f82dc5a9b28a89e2072b3ec477fda17464,2018-05-12 08:13:15 -0400
b4c8bc8058b9b367c3769a34ccfffdd5aa5458ea,2018-05-11 06:29:05 -0400
fed51332952a23c5e9a5ddab38ded23f092299b8,2018-05-04 21:22:38 -0400
242448060fe1eb96f442b1691600b1aa1d9f83d6,2018-05-04 20:58:25 -0400
c26cf60e6bfeb5d6b2644f37964c9764df344a10,2018-05-04 16:06:41 -0700
400b8f310e9e5d246620b25ce95334f6057e1fdc,2018-05-04 15:59:40 -0700
10b0afe0cb4a7a3e47b270cf7dd7f7236a5364ac,2018-05-04 18:05:10 -0400
64589f27f468447fb26c7d748b57cbf6657e081f,2018-05-04 17:44:15 -0400
242e0b7cf0e1e762cfed3c9b117c3528a27436c0,2018-05-04 17:44:15 -0400
9b99b18041fe0a7517dc6a82da1bfd401adea525,2018-05-04 04:25:59 -0400
b50e70998195b796194b7da72f60baf491b5e713,2018-05-03 23:38:01 -0700
ae0512c2667b261405016a7d164239de8e96610c,2018-05-03 23:37:19 -0700
2c41e38e557e4f56183ebafca8ec7d5c8632f329,2018-05-03 23:34:34 -0700
e8f0c967585d9d576e1c07dbd6528ce6a8ce4beb,2018-05-03 23:33:41 -0700
7ba9c32a0767893860645b9ee22cfe3c1885c355,2018-05-03 23:32:07 -0700
f5f516d82a2ebcee654185acb38f798f71a28c81,2018-05-03 23:16:14 -0700
91f19b2e03cce32c964f1f06e810d84aa8b924d5,2018-05-03 04:45:41 -0400
619963277dd325745575a9f4332ab355618e2827,2018-05-02 22:54:11 -0700
5028d85bb1d5de40d3da70e3a263e8a2d9f35a62,2018-05-01 21:09:51 -0700
244dd19aa0b5b17f28443465d927b6f0d34b21db,2018-05-01 20:58:28 -0700
6ca076f7fcc59e4d499fa6b15277907f9a88bf8a,2018-05-01 20:58:28 -0700
1989c11dd98ac76258d44c001bdf6e362be4f871,2018-05-01 20:58:28 -0700
708c255b8373167806a439332d029ae0f07ef4e5,2018-05-01 20:58:28 -0700
82803c914831bd860f1c9c045e0c5177042c6e24,2018-05-01 20:58:28 -0700
c1f5ad407504c42f42158ea38e9da04e3842f3c1,2018-05-01 20:58:28 -0700
7e1dbf7d11f51f7acd8b3ad39e30695bbda15abd,2018-05-01 20:58:28 -0700
00fee4ac3af746faea9596b7e69af20d8b02d662,2018-05-01 20:58:27 -0700
0414cdd3edc4f5ba11900750ed26782e335de7b2,2018-05-01 17:20:32 -0700
e045da132c729d0567f256708d204d607c053f9f,2018-05-01 17:20:32 -0700
4f43ddc4203a59c7aea6834cfd8b5961c74ba57e,2018-05-01 00:12:58 -0700
507202d1f3c6b5e96e9f2a6d6f341331af9d34c0,2018-04-30 23:24:15 -0700
94ad1f9f349826ede932ea843ed87f58cc76d598,2018-04-30 14:43:54 -0700
8181a96060a8da4d6acc079ab37f8e3ccb415bdb,2018-04-30 17:40:15 -0400
ae6994a9124a57aebc16cfc8b4018048c8a64bcd,2018-04-30 13:45:36 -0700
f7ca11df50c217d0c845897bccdbbc24563b9b51,2018-04-30 13:45:36 -0700
d22f065fea7acaa086ce9eb593c69d009aee3108,2018-04-30 07:59:37 -0400
089113c35264172531c2a9d05542a58c4c2542c4,2018-04-29 22:01:32 -0700
9d09f0bb0a6bed3b355572644faf374d5ca14f8b,2018-04-29 16:57:59 -0400
0d63d6cef442b35e3892305500bffb88b81c16da,2018-04-27 00:12:36 -0700
2ff980dedebd51e0a8f966f25012cf03563ec8b4,2018-04-27 00:05:09 -0700
f8bd8d8ec97d2f9d112bafe25b4f5340d5d5cc8c,2018-04-27 00:02:22 -0700
ae6b5fc8bbc67822308c5aaf038bb2456c6d21f4,2018-04-26 22:28:18 -0700
266b445c217984fdb59048c09b736098776f6a1f,2018-04-26 22:15:17 -0700
f6d5e5662b643e0521a3069c14639ca03a9a0714,2018-04-26 21:20:31 -0700
1e5e9b607b56e8cf0fd15b9b58337baa6c0652aa,2018-04-26 21:20:05 -0700
cc6ade49171627cd89075ab91cde9317196989c2,2018-04-26 21:19:22 -0700
c30b7b0d8030e6b91f102f12df160c63a72b76c5,2018-04-26 21:11:51 -0700
8c9735d1e7da1a33928b70b4be6659dbf4bc711a,2018-04-26 20:57:18 -0700
2d03387b6bb4a44bbf95a903cf98693f7edcb71c,2018-04-26 19:20:43 -0700
f6f66eec0a9b503b2cb594d6d226cc1ade9dc15c,2018-04-26 19:03:53 -0700
73eb25f3118d36d4b80f5ac58a01b15b77980e00,2018-04-26 18:51:46 -0700
bba01bdbc45c74d4b8aafc59223bd16cf2bf5392,2018-04-26 18:51:46 -0700
6cd07052d8adcca16dc7762aaf54a8a9040016f7,2018-04-26 18:51:46 -0700
5be303666a226a53e956f8984054993c9b7a2dd4,2018-04-26 18:51:45 -0700
01e19c19dcd9882128f14b2c6286dea3a62878c3,2018-04-26 18:42:52 -0700
670ec390b5f33644d854d8bb98e9cff00db381db,2018-04-26 18:42:52 -0700
9a2e0c60879ce0b7dc14870cdb5fe686e2c22eef,2018-04-26 09:55:31 -0700
74124ca52df182dd305c42581cf3d57a1c76076f,2018-04-26 04:09:52 -0400
197ffc76d069645f64f5be17b970d29da51c91fa,2018-04-25 23:37:46 -0700
b3eeb36b8726211597bdc921a632dbbc5c87ee16,2018-04-25 22:25:02 -0700
18b0d99ae0ca1eb06f38806d1d2fe056e3c67192,2018-04-25 22:23:44 -0700
03281667b4c997f7b75c18809dfdd8f0c8163a4c,2018-04-25 08:45:55 -0400
320d3428999927439dfb0a455fb59aba0c41aa91,2018-04-25 00:45:50 -0700
c81cb78684e71abf528e40ebe29d5887c21fd5bd,2018-04-23 11:14:07 -0400
95d1f72b4d95c9f94e3cff755edc3f05d1b4f732,2018-04-23 08:36:33 -0400
5410c6bc0ef06e140cb5f2024c95607dc60ba3fc,2018-04-23 13:40:29 +0200
1ac08257bcc63f1130c8f295a8dbaba7b19cfe33,2018-04-22 15:45:46 -0400
e75e9715f79fc8e054f7c3393f331e6287ccc716,2018-04-21 14:25:39 -0700
c8564f5d80546eb5e21dc054eb63b4f7fed327fc,2018-04-21 14:24:11 -0700
b35e494fdf7c102bd40e5963c488ada4c97302a1,2018-04-21 14:23:07 -0700
6db10c1dbbc571d416fcccdad3ae8f9918475b46,2018-04-21 14:22:07 -0700
b43aa599587f78e7ed5af7692a74b7523ed51f53,2018-04-21 14:11:18 -0700
456ad7f28ee7a506c2e62cbfca01648b49149c67,2018-04-20 05:12:28 -0400
393e1ab647e5e8f766f9485cf411651ac82f41d0,2018-04-19 15:29:11 -0700
dfb07edf2967a3f3a4317b062786f88b390f8dae,2018-04-19 15:29:10 -0700
884a9c0ee987f9cb49a69ceb17eb0e2267eed058,2018-04-19 12:49:19 -0700
1686e6f149fb6d3ea80217ed18792d22ded45e6f,2018-04-19 12:49:19 -0700
831e4e0989a96f304d848f67de2fb178e8d736f6,2018-04-19 12:45:43 -0700
11d356a70b83668d668af9fdecf337af0009ed81,2018-04-18 21:15:11 -0700
aac9d8795cb257b259259097fff8c540439d746b,2018-04-13 14:35:04 -0400
fa100a888ff28a4cbd0df81bba9102c3e1cf446b,2018-04-12 14:33:32 -0700
8fb62d128659b26714c5b38ceab9ce17badf736f,2018-04-12 10:04:20 -0400
f8bd359c9ad795e911d779ee93db34cad950a2bb,2018-04-11 21:33:43 -0700
57ff8b84e6bd7f02f70999b4a77853bdc5279e8a,2018-04-11 21:29:23 -0700
9b7ef0dfcf62626857f54a704e7e28acb574d92b,2018-04-11 21:29:15 -0700
18136d5146ee98374df60a3b8dfbb1c411d5dd6b,2018-04-02 13:41:13 -0700
ae1d6dc279d98bccb1c1d642de8f812486ee1824,2018-04-02 16:38:39 -0400
f03cd2bd8cf63d323b66e094e1cd66d30b93cc6d,2018-04-02 16:27:57 -0400
c9e8d2fc21b758bb05eee0e171de423b33990e23,2018-04-02 16:25:37 -0400
1f1d64e2c8a598bb70643399d2651fe21a17c227,2018-04-02 10:31:53 -0400
5729dd2d3c6cb2bd97e80b88ba6b37f4cb8aa17f,2018-04-02 10:31:53 -0400
3d51a469ba94e6539a9126c046a8fc4341084006,2018-04-02 09:47:57 -0400
d35d67fee750f92aea4ff922014c70f55d555720,2018-04-02 09:46:07 -0400
6dde0e778a9ef70f405b88584d7e4c10431cbad5,2018-04-01 23:29:19 -0700
834a84a0b8363cdd6d4f9ee8d89353fff78acf76,2018-04-01 22:18:29 -0700
29d0fead1470ea1864c490d61d89f8b04ebf1555,2018-03-26 16:44:30 +0200
fd9e0a737ba9babd0fea9ebfd594239f47d7760e,2018-03-26 16:43:07 +0200
4f27a03adfe54d18772c81553c730f5cdc9115e4,2018-03-16 13:03:39 -0700
c062acea2d2dbdbc50627c2b732cfca5c2ba44ee,2018-03-13 22:34:21 -0400
62a706896ae7cd788337128a4cbc95db763ada9d,2018-03-13 17:58:54 -0400
cb580c4ae99fb8ff21618d9117aee9f22bf6e3ff,2018-03-13 17:47:35 -0400
a6579ce4e1c70ea436fa1acc26a9ce2bb1e7fe84,2018-03-13 12:47:10 -0700
d3dcd84379eb0c49b2af5341215c5784ac4ed628,2018-03-13 10:47:31 -0400
b8a5f0bd2202077b1048baf7b903abc823e3df30,2018-03-06 15:23:09 -0500
cdc5dec2c9410a113d2ff878e61a7de2f8a36e69,2018-03-06 12:16:18 -0800
5db2e3cae75a658b33515112a39eb2f5f8eef4a8,2018-03-03 12:27:01 -0800
e5a0224ac767653551ee54f13807aacb9bb4cf99,2018-03-03 12:22:13 -0800
0111b031e8374ddc1a39239aa4d0843f5ccca72d,2018-03-03 07:49:54 -0500
8ad579b90b7f219085f5b66a0643e65351476df6,2018-03-02 21:58:48 -0500
4869968c8f28c0dea5c5b8225908f8d2cc9916f9,2018-03-02 21:45:43 -0500
b95b1131b6314ef579be46b2ba23a313c5e1dca2,2018-03-02 21:45:43 -0500
06459629bb29dc365df207b274730f13173b18bd,2018-02-22 15:50:14 -0800
beb69af6f7b356b031a0d722875ed6bcd68c59fe,2018-02-22 04:39:10 -0500
c4e590bab941f8bacabc08c4cfe7f388bfb67a10,2018-02-22 00:41:29 -0800
ae1ce0dcddc34d1636e61a6a0dbdf153a7c94217,2018-02-20 15:38:36 -0500
2da179f7f39cc1e2889deeec9dfb2428e75f108f,2018-02-14 15:38:00 -0800
c2ae43d2c536f421f9cdaf7b838e3aff0321adf4,2018-02-14 07:04:00 -0500
4e0e852ad3eba6fc7ae5ffef8d2cfb329521f0f7,2018-02-11 14:54:55 -0500
bb1670a808d90b43e36a11a162daf8f38ef86e4c,2018-02-10 15:13:19 -0500
e996a5a2994b30004aaea32f0711ddab102f4518,2018-02-10 14:41:37 -0500
c8d825e2f387a6fd6971e663f597901e482992ae,2018-02-10 11:20:26 -0800
1cfc35502593211981800e994d38a02d8c24fad9,2018-02-10 09:28:29 -0500
ebd897421d4f00a118c66c25d0f3cd185b727078,2018-02-09 13:17:08 -0500
ffc4c7bcad42bd7ab0d268229cc23daa11605df9,2018-02-09 13:17:08 -0500
0dc5306fe17f17ca7d92cce4a813f5431c1fa910,2018-02-09 13:17:08 -0500
5aaea07b5ea5672b9acbeb27aa019a13178f0d96,2018-02-09 13:17:08 -0500
0c5b3012ac796749537ede1dd5a0ef0deb56c6ac,2018-02-09 13:17:08 -0500
5239a83acc21b5e9a57048d89f37dde516be3119,2018-02-09 13:17:08 -0500
68e101f58a31c6fb06680b618665c35ace0b8a44,2018-02-09 13:17:08 -0500
1e1679e5cea0df69b26e7d78ff10e59f15d124e2,2018-02-08 11:59:27 -0500
c5c2f028a165604762592d10d6eaffccee427be3,2018-02-07 21:03:05 -0800
49c11bbdadf976409d84cb17a1884947fcb4d126,2018-02-06 21:01:45 -0800
017df40b335a97e447b3821b1acbb3bc7120c180,2018-02-06 20:16:58 -0800
9ee43e656cd3c4ad1c43632604ce424332404ff5,2018-02-05 13:02:10 -0500
e6801312340100f861de4bfec1da60b39c5a5771,2018-02-05 09:18:37 -0500
d5e28df8a137a53dde99e8c7dc70920fd1c498ac,2018-02-04 19:47:12 -0800
608a11170baba9b983e2bf8601b8a7936c42d986,2018-02-04 19:45:18 -0800
a426f59765471adb72dc011a56b50d9c403d4ab4,2018-02-04 19:45:18 -0800
b9dba7ddf4eaa9c291035c706bfc6b32408544e8,2018-02-04 19:45:18 -0800
78cde50df96fcda535622fd9039ac0c6dc59c5ef,2018-02-04 19:45:18 -0800
5b2b633707b997212de553130e1e9f7b6627c30e,2018-02-04 19:45:18 -0800
b1c23f20d00b030cb8a8691f8aad1d53a341f8ff,2018-02-04 19:45:18 -0800
456b8a0394c7cc5dc6ed8dd02f9a83383b05d63b,2018-02-04 19:45:18 -0800
96e3d029992ac09d27aac808c489779000fb6fe1,2018-02-04 19:45:18 -0800
2a894c487cf25e1ffa35548de1dc791aefed6471,2018-02-04 19:45:18 -0800
a422fdf9c235e898d5c05499cef638501beb6508,2018-02-04 19:45:18 -0800
170a11bf2a17a98b7ce292ecc53c947b755bad14,2018-02-04 19:45:17 -0800
8ac8fec47834a13317591a676faf11ed29b34929,2018-02-04 19:45:17 -0800
0844e9d42297a7f87e6bf2a8fb2f75a198aa0d3f,2018-02-04 19:45:17 -0800
8e3cbf06274c385afb99340e3b1c153a7946fb08,2018-02-04 19:45:17 -0800
4178a4b8b3f4898db4af9159ea2d3df747a01638,2018-02-04 19:45:17 -0800
78c398f45d484ba4935870f6cd5a146a6f9d2f16,2018-02-04 19:45:17 -0800
8dd5537cf30f9b9a57e637dae53c47c237416064,2018-02-04 19:45:17 -0800
19e03a1632eee39508378a434f3362b9e9f9a3f8,2018-02-04 19:45:17 -0800
b55e56179c656191d3363b9089e3e3f235351d83,2018-02-04 19:45:17 -0800
264fd24b6586b66392bf9e2c022fa31918719a8a,2018-02-04 19:45:17 -0800
1b262985b2b4064b765ca72e93fe7f9acb3003fa,2018-02-04 19:08:17 -0800
4195ac6d19c42e25137b26cf81f09af7344beada,2018-02-04 15:56:59 -0500
b9a68804709bcb71d46b3ba8ee312821fbd705dd,2018-02-04 09:31:47 -0500
6db25395698632d93e766e73ec73437eb262b5a3,2018-02-03 21:35:54 -0800
e2e166d2d725a5e9d591e0a8f75fda56b7843565,2018-02-03 21:24:00 -0800
d889352941e85880fecaa7f061fe0934b9e979f7,2018-02-03 23:33:52 -0500
ef6d0c6a5386e70cbca242886d17953eeaa2591c,2018-02-03 23:24:25 -0500
0729fa09cdd41eb497bb4542bce0be40b11442c6,2018-02-03 23:23:27 -0500
41dd9fc60dfe27c8e067abb9c2c797c2af49f965,2018-02-03 23:17:30 -0500
77b4665c5cbed27c0d6e590cc58fc7080bb3dfca,2018-02-03 23:11:22 -0500
8747acfc7f3650750bd89c8259d556675f48dc01,2018-02-03 17:39:48 -0500
769a34f511d3d00d5a34f8f6816521fdd8f847c6,2018-02-03 17:22:36 -0500
6b0f31053a06c93ff44f626faab840c6ab60a68c,2018-02-02 09:35:09 -0800
18084c2031ea7bc5cbbd3b704e01efba8fe889eb,2018-02-02 10:59:28 -0500
6ed4dcdeab938d2590cb1548fff2154422697346,2018-02-02 09:52:52 -0500
d6adc07dce361bde97418bf7462bc84ec9230791,2018-02-02 09:47:02 -0500
9b5701cd65648bb7c96332d94f58e992889312da,2018-02-02 09:26:24 -0500
d68f4cd76272853e7450c0a70f6569e961b15b19,2018-02-02 09:19:08 -0500
2aa8054065a91825f6d95a385ce565c4c482103b,2018-02-01 22:53:17 -0800
cbed98e849c8104f500a94d8f47b8e86c6b921c3,2018-02-01 22:42:36 -0800
57d81544ea46fc4f7e68836d146ca60022c430fa,2018-02-01 22:32:36 -0800
17f6862d17e126c3ad4014cbe5fe7f777638aa4d,2018-02-01 22:30:23 -0800
3d9310dbe7b19be957da5aa5b29c32e4c860a275,2018-02-01 22:28:56 -0800
37f7df804dd8db676fcb6a5fbda3c187a5cdd89c,2018-02-01 21:21:05 -0800
c6aa790b41acb300360cd2d4b8b2d76a3727fe2c,2018-02-01 21:21:05 -0800
798349e2310d3ba90e3a1d5fa276c2c8efc19c82,2018-02-01 23:10:55 -0500
5dbac644e5eb044fe4844e64827cbb0606a89785,2018-02-01 19:48:12 -0800
29f838f63db54a298d75cc7f50cab4292d564f76,2018-02-01 19:02:39 -0800
3a90dbbd0011416d7116da7a901c215f1186a682,2018-02-01 13:01:43 -0800
1c012f4ed0c780cd2418a26efefbdddcc42f11c3,2018-02-01 12:43:24 -0800
4a7857571e2375e00d2d22d2d09ddbcb0013236b,2018-02-01 12:41:00 -0800
07d03078559f689c71af6b44bb6de6bdf4a13932,2018-02-01 13:31:46 -0500
a28c81c00134759f8cb21d8bd74f20de51b9db75,2018-02-01 16:43:15 +0000
d5768ead6dc1044d3ee86b1dc05c280aaee80b01,2018-01-31 15:26:16 -0800
2d685766c01212f80602e5f00d85a6b8ed8a8ae2,2018-01-31 15:26:16 -0800
6a834a1066ad65c63d64a4aa13c64ffba6acb9b0,2018-01-31 15:26:16 -0800
494733569f3b39ff0f73df42a5068b4c6bdade94,2018-01-31 15:26:16 -0800
b6de402c0c1fbcaa2d6e95ebbc99baef9165bbe9,2018-01-31 15:26:16 -0800
a3cee158cb771582dc9e7172cf8b3428204600ff,2018-01-31 15:26:16 -0800
fff14117681d333c6b93fa274235df7c3ddb25ee,2018-01-31 15:26:16 -0800
79936c4c419e602a824376a933661590e593a9c9,2018-01-31 15:26:16 -0800
77255652bf532b8f28baf687a6bfb10979cfa266,2018-01-31 15:26:16 -0800
a050c1602033ee0b8303302e05530100faedb8d8,2018-01-30 20:28:52 -0800
d032e76aa9c383b1a9e880671a0eb52169f250e9,2018-01-30 22:06:27 -0500
64ba8a8524bd35467ed289ccfdefc41ccda22add,2018-01-30 15:43:32 -0800
dcb9e46e4382395ea37638a7dcd23b73639117f0,2018-01-30 18:33:59 -0500
789da685745ebaf2c54096b17b5d6ddbf06bd7ac,2018-01-30 18:33:13 -0500
eaeaeb10cd56a6e90d14fcf564f32be2f157e431,2018-01-30 14:31:04 -0500
037913ac739097ec82d0a950ee9935883595de36,2018-01-30 09:50:21 -0500
4a57012f9da8631c15a64ebc93a35e569e0995db,2018-01-29 17:08:12 -0500
b204a4c708c0235db9a1825699e8724a8a9853a8,2018-01-29 17:08:12 -0500
b7db93c7296a9f79cfe264d63cc30d1c3adbc7aa,2018-01-29 17:08:12 -0500
b0284ec7104de603132230e8d642043e3fee6de0,2018-01-29 17:08:12 -0500
ab90606c8197407849f205dd0f688d8b6f747a89,2018-01-29 17:08:12 -0500
8cf66bc3df52c82fba32dd91765dd6662746441a,2018-01-29 17:08:12 -0500
440a74e71a272adfe615a3eee87f5c41fd50b277,2018-01-29 17:08:12 -0500
aba9d839565f78f55d419a68ea1fc57992bac443,2018-01-29 17:08:11 -0500
adc574f890f736bede0ced125ce8a627d7d55a54,2018-01-29 17:08:11 -0500
45f9815eed43896061f9ed35e6fca80718142806,2018-01-29 17:08:11 -0500
f84e3b88c6e6e91b9142f86352eec865c139747e,2018-01-29 17:08:11 -0500
67df52ab0b08afc0b182f3505a5d41a5cfdb65d5,2018-01-29 17:08:11 -0500
60ddc82aff7d6447dc4708d76dd83860aa1951f0,2018-01-29 17:08:11 -0500
249ea0776b4ac2fe178a03976252c283f9d05334,2018-01-29 17:08:11 -0500
fa820cb46f5abffd57b73a558db4cbedd7e6b065,2018-01-29 17:08:11 -0500
84276af007d138ec2e108a084ab179119c0ba3f3,2018-01-29 17:08:11 -0500
9a98400ce235917be371bff1eb8cacdbfb4a2010,2018-01-29 17:08:11 -0500
52e9b6605d87a554d36918d151768971bb6ef57f,2018-01-29 17:08:11 -0500
6acf032247dc9b5c5ba54fd02fbf34d550e98554,2018-01-29 17:08:11 -0500
015cb4aecdbb385f86bf8c9d9d0d0b315b460473,2018-01-29 17:08:11 -0500
aa556763b201a2327b50ec977a7fb9f30da12d15,2018-01-29 17:08:11 -0500
f0b36ca5b104d7d65cd36f95ac4d2640fba9f07a,2018-01-29 17:08:11 -0500
e341e48c2a8d81eb73abb84ac23619027a61c303,2018-01-29 17:08:11 -0500
41557566b9b87b7f2acaad00fc54781e83210658,2018-01-29 17:08:11 -0500
77cb98c30f4181537b9b06a42ff2b65f3f4f4531,2018-01-29 17:08:10 -0500
f4a6cf85ed84d9305397447dfde4cfab1815b8b5,2018-01-29 17:08:10 -0500
cf884f33f93c27ee861d7f00156de4732581f942,2018-01-29 17:08:10 -0500
60b5802cc70f2513243fc624c39e3870a9481c8f,2018-01-29 17:08:10 -0500
fd84e761b104040ed4f8eb7b3a6afff67050c5ca,2018-01-29 17:08:10 -0500
ba837cb31bf84331389e500bdf468d39112b76d7,2018-01-29 17:08:10 -0500
d773614a79dd64027fe50aca94d9fd9083163bc2,2018-01-29 17:08:10 -0500
99869592aef98d2fa423fde9db3abd2c74e75f21,2018-01-29 17:08:10 -0500
a49dfeeeeb8acd950d2c7b3fe056453652259d75,2018-01-29 17:08:10 -0500
3976af7b11fa81e04fb7bade11a73814ef54e87f,2018-01-29 17:08:10 -0500
12ae1223148351608d1b503a3cc7021da8daef94,2018-01-29 17:08:10 -0500
8d83ba2d8b4003b419e90df1bc39a5d8399da9f5,2018-01-29 17:08:10 -0500
ecfa9183b500f40d9f074e9de56f8a53bae1d701,2018-01-29 17:08:10 -0500
8be8626578862eccd9fac53f0a1b7e4e20c1d6e2,2018-01-29 17:08:10 -0500
564b9687a21ec61f5527078713538c83d63fe9b8,2018-01-29 17:08:10 -0500
6402cecd539f3f15c055feb1907f9a4065d4702b,2018-01-29 17:08:10 -0500
773f2da9cecb64711f99f4134d5048fde6db34b5,2018-01-29 17:08:10 -0500
3a5c43b94e95e4a66e33c3e2435f714ee3c112c6,2018-01-29 17:08:10 -0500
dd48486f12a00454cb6b08f045d345aae7835456,2018-01-29 17:08:09 -0500
9de1b73ac86553f9b65585244ae47a5e5d7dd2f4,2018-01-29 17:08:09 -0500
df91b8828a3292a2b7636f67cd9ccc5a02b39e71,2018-01-29 17:08:09 -0500
c02e46e70db796c020f6163dc68909567ec50572,2018-01-29 17:08:09 -0500
59e8b8a66747b6f57e5c3e0a89707649e95cb52d,2018-01-29 17:08:09 -0500
0d505bdcf7932a123640275d255ed4df87ad42a3,2018-01-29 17:08:09 -0500
e6d05406c12a8ca2a39fb77e07505228f6105eb0,2018-01-29 17:08:09 -0500
b4d46db86218eb00eeb02f6b298df707f12cc7f0,2018-01-29 17:08:09 -0500
5590b3eaf354a139eb830e5b1f0dc712c0b3d6b3,2018-01-29 17:08:09 -0500
40b27b2cdff371d0a71a278769f6896b0ce071d2,2018-01-29 17:08:09 -0500
9451fd63bf1f0170e5243638bea4a137483c8deb,2018-01-29 17:08:09 -0500
fe511d97b24646ce16d27582247f7d726068a433,2018-01-29 17:08:09 -0500
1747d364d1daae7dea11605aa86c65d9c60c5d46,2018-01-29 17:08:09 -0500
acbefd4924dcae729ba4f7a77d89ea47abaa8716,2018-01-29 17:08:09 -0500
5cb9b7972d5240ca9307fe5fc94ff818b6d6ab7b,2018-01-29 17:08:09 -0500
aa4517738732c39e88dce4d5dda479c52f478781,2018-01-29 17:08:09 -0500
ead5480ca94307b684de1870c81de92645f9ed90,2018-01-29 17:08:09 -0500
2e8c3ae284c05a962039a205e3e0cc716fad0c0a,2018-01-29 17:08:08 -0500
5d83a5f24bd59919704e5c458420458d87671b2d,2018-01-29 17:08:08 -0500
86d9a8fb884efd5d1f7d39bcc7233654b5e4db92,2018-01-29 17:08:08 -0500
4dd61403c83e19caaf0335d33afe1edc1961d801,2018-01-29 17:08:08 -0500
9c13cb94987c076330076b885a5cac5bc64c7983,2018-01-29 17:08:08 -0500
3e994021dacbbb1d214ecd16d208fcdf9e24e4d1,2018-01-29 17:08:08 -0500
dbb62ded7784459a903197db6ff8becd5b426e69,2018-01-29 17:08:08 -0500
fb0cdb39a5b9aaca02e79ca44ab44e331c8c595a,2018-01-29 17:08:08 -0500
f7dda23b05122d9a949bacab92aacb793bf12abb,2018-01-29 17:08:08 -0500
d8f6422e28c78ad40b1688d8ccf245d70ef53c23,2018-01-29 17:08:08 -0500
2175c21ff5fe96129ca7faaca1440620158301a9,2018-01-29 17:08:08 -0500
731c622e8fa5aabaa3af021310863fbc5a2245f0,2018-01-29 17:08:08 -0500
efad91adb0aa166eb89b1a0046da136f7cf4e27c,2018-01-29 17:08:08 -0500
d9d5573aa4a5c9479a6d46265f425c8d770c90fc,2018-01-29 17:08:08 -0500
9d587496b0f8dc6e5cad883bbf307ff0b1b9d869,2018-01-29 15:51:16 -0500
56a126712c5078420a07a42b91b6eb9c79c73d6d,2018-01-29 12:49:51 -0800
cf4f1334b2bf06f9a5ac57c1724e4666f011b45f,2018-01-29 15:48:31 -0500
c5b1ab2801dbe0e14c8ff8142f5795882be2e741,2018-01-29 12:46:50 -0800
b6b9365c3784bc0610b3715415f942ac9dafd59b,2018-01-29 15:34:49 -0500
621a7862de80b8aabaed8a5caf7b3fee40c32541,2018-01-29 12:08:43 -0800
406155329c2531a1aa01175ad7023eb8bbb4cd1b,2018-01-18 13:24:35 -0500
b6b7a37000aa0a958fd08faf99dc74aab0137144,2018-01-17 18:54:19 -0800
1c99f6a8cf45b55f142c8526b81717313abc886c,2018-01-17 18:41:36 -0800
073dbe7240bcbd1246cbc1a5c035cb1e9e4bc9b0,2018-01-16 13:40:43 -0500
a49bfadebf94a16d772eb4988aa715dc9f438704,2018-01-16 10:20:43 -0800
b61f12d69d03f57dcdc6195f62b097c6a30dad3e,2018-01-16 10:20:43 -0800
4b933476178992bd2feba85e8bcea328bb36f5cc,2018-01-16 10:20:43 -0800
376c4380d5fc7bb61134b0a513d52b101b7bee4c,2018-01-16 10:20:43 -0800
d8de3a77f250bdd94a5944c7b977aa2da0916233,2018-01-16 10:20:43 -0800
802fec9bfd12afc3a3ef2ecad2120303e858eed6,2018-01-16 10:20:43 -0800
9065b497c2333b6034a490ccfe41d36e91d21e5b,2018-01-16 10:20:43 -0800
9f6b2fad37aa8f087d1464523c4ff1ee75ef861f,2018-01-16 10:20:42 -0800
e5e01beb60a780a54da2c7763d7f70a32adba913,2018-01-16 10:20:42 -0800
7b29f7b082f4315a0a740823c6067466b16f2d8d,2018-01-16 10:20:42 -0800
5136b1cf8e4637c253cca609c336038edb8274e3,2018-01-16 10:20:42 -0800
86d9cc12489af91d4926d57a45e9d6c4480f178a,2018-01-16 10:20:42 -0800
2d26d24dda30ba3679c3259e920487fdf28865bf,2018-01-16 10:20:41 -0800
05822907b46528ac91c8405c1da2f38602309572,2018-01-16 09:50:54 -0800
f6968600674f1a2051a97267b826bbe2f6a535f3,2018-01-16 09:50:54 -0800
f9a639d2014815c8e68bdebb17dd78283d31ee68,2018-01-16 09:50:54 -0800
3d6a3aaa2a8bafa40b545c2dd9a5047f401601e2,2018-01-16 09:50:54 -0800
646f9732f38c80cb631af4b421bca7ef4051960f,2018-01-16 09:50:54 -0800
fd47d1d7efe966813be75dab4bbb7af0ee912d8f,2018-01-16 09:50:54 -0800
cdacd570992ed57bd8b01eea3438473e3ddf0e6a,2018-01-16 09:50:54 -0800
3ee73d835c3a3ac8b275fea7220aa7ee1fa6ab6a,2018-01-16 09:50:54 -0800
9dc86119b0190a5c4f573474e8d78c3bb2381456,2018-01-16 09:50:54 -0800
bd73f9ca7257eccb0f0fe4e2b0e5501ebf013e97,2018-01-16 12:36:14 -0500
9691bc0c86caa33d76eba11e4b570d3f2d6e83ba,2018-01-16 12:15:45 -0500
612d99b797750776e994b2d34f96f039e277dfa3,2018-01-16 12:00:18 -0500
718663d2c585630914b41625095819737faa7913,2018-01-16 11:49:15 -0500
c3d3093d25f54ded07574d691a545711c9f6e1bd,2018-01-15 14:04:15 -0800
c4ba495cca96f9823742083a8ecbaafb6be3c704,2018-01-15 15:38:59 -0500
960e83f780425d93bf064f0187fd481cb848b150,2018-01-15 00:25:24 -0800
d84f03afea79cf20dca218316539c0ef7094b08e,2018-01-15 00:24:34 -0800
b5361a5889b508c17a94922e395843e1c52584ac,2018-01-14 16:54:24 -0800
cd4fcabe3a71db28e6a5804f7ee399295414e3ae,2018-01-14 19:48:41 -0500
f358cf298b1567950117211606b9851a670f29b3,2018-01-13 23:25:27 -0500
9a9b570543cf38a8c1b56cfe59903e2566c24ca5,2018-01-13 23:15:46 -0500
6563281496e38956807860b23c9c45f447dfe2db,2018-01-13 18:50:11 -0800
63bb3a033ae344f81ad29795c4f19e277d39d7b0,2018-01-13 17:23:19 -0800
b37e041d3ee263873cc55388cfa0cb9079f32bfb,2018-01-13 17:23:15 -0800
a915f7b190bd6a0ce01e3e991daabed95d26493f,2018-01-13 17:23:13 -0800
7357e51b589f94d85d52b2e336812033f61d1767,2018-01-13 17:23:11 -0800
a745569f1303dd2f1f4a16190096680d53dbc9cd,2018-01-13 17:23:08 -0800
41059f5e09016669b7384f71fd636ee28a8bc7c6,2018-01-13 17:23:02 -0800
ffad1898b64411afcf1484de4419c0cc47758c25,2018-01-13 17:22:48 -0800
5ed1586f5019516be4ec4ad9bf990dc33c805e39,2018-01-05 11:01:15 -0800
00d464b51181d04e123472050833aa265dfdfee2,2018-01-05 10:41:40 -0500
1c5951b6ac322a0d1e87ab787803275438d53983,2018-01-05 10:38:12 -0500
e7cb654c23ffc18fb1faadaef1847115618a4848,2018-01-05 10:36:14 -0500
ed6722ba590262f686e5c89ec51aa19071ece815,2018-01-05 10:33:56 -0500
dba3f52d2e50fc7f1ca11a457172c52d0054217e,2018-01-04 23:25:09 -0800
5376794e05d61862b8fca9114c38d10246eebcf9,2018-01-04 22:52:57 -0500
733a4d42faa3a433d65b8531da2485d5fa50acee,2018-01-04 19:11:41 -0500
50c196d703dc8fdace4bf18eec87d465e70d4010,2018-01-03 14:05:07 -0500
ae9248fbe3999f4a1ea1d0535ae98effdc89f7ca,2018-01-03 14:01:18 -0500
c170612cd06a442887e1a20b3a1131f12d95708f,2018-01-03 10:32:05 -0800
e1443d87b9955927394aa73323b4fe039ebf46f2,2018-01-03 13:07:24 -0500
f0a658bb975ea0f0abc6bbcc692212bf08434606,2018-01-03 12:19:48 -0500
d6e9a02c43b2cb81c77e5e63121f4d57e93a58b5,2018-01-03 11:36:14 -0500
6a747d116f84fe55a4b1c6c4496b74879e54bde6,2018-01-03 11:36:14 -0500
1292512b331f20123905a103240a2d7d64640085,2018-01-02 18:18:17 -0500
4c53f28aa235a1f9a883df3b9a101ae34821423d,2018-01-02 12:26:22 -0500
f6291c034cd3e8d672ee98afef1d7c86bba555cd,2018-01-02 11:43:24 -0500
1c27c66cb345536574348aa7a1102cbc0859243d,2018-01-01 22:11:45 -0500
d73a0ece29a9faeb5203d4e7069837523836be05,2018-01-01 16:29:38 -0500
8c2a76b911f750b60d2dc1f10689ab3151976e4e,2018-01-01 16:19:58 -0500
6e35bef9a01b4dd64c55696a6c4dafea934901f8,2018-01-01 12:07:35 -0800
0757d7ecbc34bc92055c36a7c06f7e463988f868,2017-12-30 13:25:17 -0800
cc99584802857db17816e15bada54210b90fdefb,2017-12-19 05:22:23 -0500
263cbf2331685a999819f7215b660fe70eac07d8,2017-12-14 06:14:15 -0500
3e9387112e8b0d7caebe6506ca8fce907f3b1081,2017-12-13 19:30:24 +0100
044860c0ed04bc2a376800258da4087dbe0e88fd,2017-12-12 14:08:25 -0500
ad87f10bce008d9f7ddf48a7e81f40d92b632539,2017-12-12 14:07:02 -0500
9a0df8e33ca3f0e153ee8e809546fb5a159a2614,2017-12-12 13:58:31 -0500
64b2851f438d86088b979f915631c0d70d42410b,2017-12-12 13:56:06 -0500
394a289879dba9273f976a9174ad4eec45b674c2,2017-12-11 23:51:57 -0800
dbd5b982508ce098f3d88f708402820dac3b6188,2017-12-11 23:51:57 -0800
58054719b3949d6407bbeaa872e423077458d7a1,2017-12-11 23:51:57 -0800
28e7d215aceb2e5c572bdfc00207ef37d33ca8e8,2017-12-11 23:51:57 -0800
3ccb4d4ac1d04ecc172cd2f8f2f16ecdf2895efd,2017-12-11 23:51:57 -0800
446a9d0e12d99e93be614ecac49870c9484a6dce,2017-12-11 23:51:57 -0800
7e8accab62a2ea2be89cc24de5a152c7147c983e,2017-12-11 23:51:57 -0800
2414c9a2457ae57cf3df30f1d40535d1895525fb,2017-12-11 23:51:57 -0800
adf016a005cd2c797f7d5e566b4e266770b3e174,2017-12-11 23:51:57 -0800
8694bc802a753a9acd6950c5c7d88843df886cdc,2017-12-11 23:51:57 -0800
a3dd919940a92fc8922b894f251c0667352f4c42,2017-12-11 23:51:57 -0800
6f6b4e5d960f01d934155336168b9395cf349100,2017-12-11 23:51:57 -0800
5aa2172eacfc066ddd925b959ca693e66eb1f35b,2017-12-11 23:51:56 -0800
c991ea46bc406dbf3973ebffb7a374e71379229e,2017-12-11 23:51:56 -0800
3d7b8ee89b278e7bfc0ccad1fa78092450761086,2017-12-11 23:51:56 -0800
b0553d5f16de9bea527013d978ff87d11d7396df,2017-12-11 23:47:23 -0800
303bc49d7a39cd6b1dec1048e51afb9aa055b8fc,2017-12-11 22:53:19 -0800
138ea40dc947f8ff32f82737e7c2d74adcc07718,2017-12-11 20:44:28 -0800
67fc77a1c7a2efb64e74d400fec8d2013c41ab56,2017-12-11 20:44:28 -0800
b8ce9c96e712c7751eb7b2dc606c3f39c3945133,2017-12-11 20:44:28 -0800
2928472549e5664247ff892d9155ddca8c9365b5,2017-12-11 20:44:28 -0800
4a9560358bc5043444c8e4e27b648199e1d6a682,2017-12-08 09:22:22 -0500
201f07abfdbe9d425368861e0e14638ff0bcfccb,2017-12-07 17:51:41 -0500
312e0bb1e3ed80bb85e9acfac41cbf1a76d8a4bc,2017-12-06 10:12:32 -0500
9df20f29bde058e8bbc5c98557f37b6e42e92a4e,2017-12-06 10:11:02 -0500
53d5bf184e0595abb41ea0b46e997517229a63af,2017-12-06 09:50:42 -0500
f75786a688d959c4bf3810766f829ccf62e82760,2017-12-06 09:48:57 -0500
ce4cd119938c32b32848541e18fc13ca94cc075b,2017-12-06 00:12:43 -0800
8d92e45227be96ed3c109d93b40b7b5aa08aa309,2017-12-06 00:08:11 -0800
7c4223ce3e64b320955c9489f2cd71a24f3d4280,2017-12-06 00:02:33 -0800
3df5b222a6aae0ac2f88d7c74c48453c31436002,2017-12-05 23:48:08 -0800
1ec76b486aa0835c6ad088c379f2066cac52fb2c,2017-11-26 13:45:45 -0800
23084625ab7d82ecd73197ff9078f4c822af62e3,2017-11-26 13:01:48 -0800
56da0b0c756f59b06f6647653388a5448fadb9bd,2017-11-26 13:01:48 -0800
317c76b5c5c38fe2deed02c7681f43f797b85922,2017-11-26 13:01:48 -0800
649fd8c036861014a6064f4af3e05f309cd92973,2017-11-20 22:58:07 -0500
e12d5479732472d11c244b5b218160312b01533a,2017-11-20 18:43:14 +0100
227e41fbd9a72e4cbd975cf9b93564afa0a4e5ed,2017-11-20 18:41:43 +0100
ff2bd3d4f8c24dda68ada899ea52288cb432e15d,2017-11-19 14:25:17 -0800
948b4e804cd58bcaf1f2f01914ef1f90950f43e6,2017-11-19 03:45:39 +0100
e2c8594b3a0fa07ec766865e80211f29021e88d8,2017-11-12 18:30:39 -0800
442fd3daa4dcf4a47e0ce630ff465701b816f9e4,2017-11-12 18:20:51 -0800
5a6c47a9b2693b08564299e7751e964c8d5010ef,2017-11-08 13:50:51 -0500
63f603ec9dfe91e33f4de83f27b6a81e1992c13a,2017-11-07 12:41:51 +0200
d778ad7035a39710a6316905cd430203daad100a,2017-11-07 12:41:40 +0200
124cf923588579d721604f943d87f505846e5242,2017-11-06 22:15:47 -0500
6f7517028ef2de52a204d00be9cb346260b48fdd,2017-10-31 13:33:00 -0400
0611fe8fff694dff7e3cb6a62918f6c90668728c,2017-10-28 22:22:50 -0700
393c70f236ce31546de74884cddec36291da7b1e,2017-10-28 22:20:53 -0700
32ccde08d242f4ca3257d6bb800153b36d1e9325,2017-10-28 14:19:37 -0400
91e570276889bd3b83e8420be7604ee7817a3965,2017-10-28 14:04:13 -0400
5c0c823913a1d77e4f72bf3212f0f7a1032cf1e1,2017-10-28 09:15:58 -0400
698456960c87dc37a6174640bf29064005be208a,2017-10-27 20:00:30 -0400
1a7f85ae51fe4051e67b06e72ff311c8f49cb7e0,2017-10-27 19:54:22 -0400
223102c38c606f5b06aca89ee61fb694ed054933,2017-10-27 13:03:17 -0700
80896ca5b48eba3dad9a95a188dec550b2b1e3dc,2017-10-27 12:22:00 -0700
51ccbed1307be4c52298cc7a0e27ad6d2bb1ff54,2017-10-27 12:20:07 -0700
9c57e20a177de62a7825d198118b63df99813a50,2017-10-27 15:16:49 -0400
a45a44fea57f86180ed18ac9fa199e2cc2c1d7b0,2017-10-27 15:16:49 -0400
5ff7fbf971a30bc8e822fe6b3c906272914c8682,2017-10-27 15:16:41 -0400
83b8577095f61e48acd49db93310a710787cc539,2017-10-27 10:56:08 -0700
bfb6b13ba76f095f5460d2ad1580297f033866f3,2017-10-27 10:55:13 -0700
e5c542262314540af9cd926f5af5df688f892bf2,2017-10-27 10:51:05 -0700
0d74dc582108f1840271bfd92c101d514a77164b,2017-10-27 10:50:08 -0700
ad8820cf054721eda95d72fc06a42356501c6ca2,2017-10-27 13:45:25 -0400
b968e073c26d2bcfeeb6ce8a813f201136e1cad0,2017-10-27 13:06:07 -0400
c92d2e35986730d859f36015169b98127fefba60,2017-10-27 13:05:13 -0400
61f70c57be2fab5a815aabb0ea5688f63fbda6e4,2017-10-27 13:05:13 -0400
a196134f2dd266fc3b8fac7b781eef05b016a209,2017-10-27 13:05:13 -0400
17599d9153131fdac94bc17c28e07af487955582,2017-10-27 13:05:13 -0400
3d091411f3290aaee37be1d0cf82dfeeea23bc15,2017-10-27 13:05:13 -0400
ab41f441003bb5524509fc22aeb130184dab271f,2017-10-27 13:05:13 -0400
bd57938dff460ca0f90d9bd8258c4dbc0bb2966e,2017-10-27 13:05:13 -0400
b410b99d49c4fd259c3af60a336808a59fec7ba5,2017-10-27 13:05:13 -0400
62fafcb379f96bb6850f1b4cbb0339072fe0f9f6,2017-10-27 13:05:13 -0400
63134322b0ca5e788b6206c252d8e7e7262c0b55,2017-10-27 13:05:13 -0400
453a87987698f83479466450560bbab7ef0ee52e,2017-10-27 13:05:13 -0400
3ce0980efcb170a0ca96373ba842466dc3aa1445,2017-10-27 13:05:13 -0400
6f04573b8476a817dffa3bbd1fa97288644e37d3,2017-10-27 13:05:12 -0400
1592cf563a878ccfab720f666ce11865e71d5a26,2017-10-27 13:05:12 -0400
badbf4cc7dd1436be8d94e3f346829bcbb9e46ca,2017-10-27 13:05:12 -0400
ed4c025a2e642899427a1866a418d119ebff3bf8,2017-10-27 13:05:12 -0400
36489ff403ae66219e858773b7e5095241628c2a,2017-10-27 13:05:12 -0400
c3aaf0aa032713e70c72326e19e3733db8f7670f,2017-10-27 13:05:12 -0400
87fba0ed7bb640e305a81626e6e6b03cc57221ea,2017-10-27 13:05:12 -0400
1c333106c03a188418679e7e248a3e848dd604b7,2017-10-27 13:05:12 -0400
1c4831dd5191a9043edff7b771fef919a56281db,2017-10-27 13:05:12 -0400
37bfa9e00fde4be4fbf63c4ec9bee54da223c148,2017-10-24 15:01:58 -0400
1212ba13fac2e4db40afea82ca041eb6e80bef77,2017-10-24 14:52:57 -0400
12daab2c343584b717dae9ebe1198c0a11aafe21,2017-10-24 10:04:12 -0400
72c8308b991ea101f5c3a3d0b93f98b67f1e4dc1,2017-10-23 20:13:17 -0400
d955fbea1adbbcd88a9a169100ebad19ef2092cb,2017-10-23 14:05:41 -0700
9c99905a1dd01e7ab6b8b49f23c5623e71df5123,2017-10-23 09:48:20 -0400
242cfbaf852b4380395103b8ca8e574cf30c323f,2017-10-23 09:34:22 -0400
d98cdd29178b5623032b7d340658221549114361,2017-10-23 09:34:22 -0400
7fa0aaeeb300ade5284656ff4085065ef9340c80,2017-10-23 08:48:40 -0400
528977422c7d4fa2258687547e6eea8b3967cd1b,2017-10-22 19:43:30 -0700
cc8ea75426b0fbdbc36a929e17ec20334506c085,2017-10-13 13:13:12 -0400
b8abcd6755f9d44bf9b32daaf240c1361811751d,2017-10-07 23:13:58 -0700
e42a875f08096f8f130828ce133053457b5d8d4b,2017-10-07 20:35:20 -0400
65c16ce90e0dd8500911435c5f0a6610370d1684,2017-10-07 20:31:24 -0400
70db9a4c42418fdc520e4f3d6414a0e753a79266,2017-10-07 10:12:49 -0400
ac50375ad526ba6f1453ca10e32b6f393e6e486d,2017-10-07 10:09:18 -0400
5c07e4a4eeabf68c5fa1ea24ced373ac8d697bbf,2017-10-07 10:07:20 -0400
153996b725ca390d2dc8f8010e327a1c46daa1d6,2017-10-06 09:48:33 -0700
25705a86e85f392deba3bcf43a8d669f70b8fce4,2017-10-06 10:26:26 -0400
f8484befaf44fb0e7dfad80a3a07ca96e0f2d959,2017-10-06 10:22:10 -0400
d808f7fbbdef9a0e14b139ac31e9fa225354efc6,2017-09-30 19:05:08 -0700
56bce8dbe73c049c0654ad54f59a38dfdce92fa3,2017-09-30 20:34:59 -0400
1d10f989dc8696168f3c472d4b7ccf444a6cfce1,2017-09-30 16:45:48 -0400
e084f85d1804fede4576af9a8fc124e29959896f,2017-09-28 08:41:56 -0400
57dab6e815f61306478dbf7e404491149292224f,2017-09-28 07:00:52 -0400
b4d2f8761aa5f49c13aa857a4370cfbf8a171679,2017-09-28 07:00:52 -0400
5ef7d116dec53f3842f51669af94f0fba6d9c6ee,2017-09-28 07:00:52 -0400
34711b7a92d439aae8af3e51dc295c7d9ae635bf,2017-09-28 07:00:52 -0400
0459181e802dd12d868630569a2a508796181487,2017-09-28 07:00:52 -0400
7ecd3915c6a65a94c57b3d2c181501626e0595d7,2017-09-28 07:00:52 -0400
82d1b142be887372069ff69397a858183711c61e,2017-09-28 07:00:52 -0400
74c055e76412797258b540a24cca8ca0bb1ee5df,2017-09-28 07:00:52 -0400
7755241322c82f4131785af3e48235be9e890010,2017-09-28 07:00:52 -0400
73301901ec8b2a856f9c8066fd759db41216d66c,2017-09-28 07:00:52 -0400
b72dba6b033a0da3c6bd8db248b848313dfe8fe9,2017-09-28 07:00:52 -0400
d6d7c3768fb5945033627907c691c896c915bc51,2017-09-28 07:00:52 -0400
2eb48895bf988a72049e581e7c3f889cc893d4b3,2017-09-28 07:00:52 -0400
9d38306e30795bcf41e91b5c7b5a1069f6839d8d,2017-09-28 07:00:52 -0400
66c4b86b0aeb3550fe39489b57d8862d51486b8e,2017-09-28 07:00:52 -0400
c803be5c7a847bebc55790cc9d37ac0da8a24445,2017-09-28 07:00:52 -0400
70c33efc4abbf9e9581b760eb90785b7f0271650,2017-09-28 07:00:52 -0400
60d615274181f28de54bd7e00a3eb2d14f9a43eb,2017-09-28 07:00:52 -0400
63c541b1ff8b0333340005a78703210f05767f70,2017-09-28 07:00:52 -0400
75f51f2244ac537c70c24283586b35975abfb663,2017-09-28 07:00:52 -0400
b6e88d33b3967b42020aa8dbc8429f41f2a0afb8,2017-09-28 07:00:51 -0400
81ffa5c8e16ee702bb9c2618bb3bf072a34a5c1d,2017-09-27 18:14:43 -0400
9b5483edc24d88a05075343c76377057de09f9e8,2017-09-26 22:04:05 -0400
48607bbe0de3ef5d093090099dd11f2f5530cfd2,2017-09-26 15:44:51 -0400
22bcc1b78e92d24430a7f9e1e8c1ec98159975fc,2017-09-26 12:10:35 -0700
4e459b9f19752559053bac6acd0f25d202a90df8,2017-09-25 13:09:11 -0700
4dbf9a3f9ed899ca614f74871c05b4cd901b6e73,2017-09-25 13:06:45 -0700
aaf1b796f3201916b9a5e8269cefd9b88df183bc,2017-09-25 13:06:45 -0700
4f8c853daa34d85b68e40c54b92a7f09e6eeac73,2017-09-25 13:06:45 -0700
187903563b3b9dd0a9721a5dafe5a4a58cb268c0,2017-09-25 13:06:44 -0700
724a6a9737436b6e9a01eb209179e8ff34713758,2017-09-25 13:06:44 -0700
28cfc39c11838d6972c21ef92d6f07daaad0214e,2017-09-25 13:06:44 -0700
b59c1e72335d8585ce32ac9351baf564c469372f,2017-09-25 13:06:44 -0700
82c6048d504965da90b719fa948a9ee5d99edcbd,2017-09-25 13:06:44 -0700
d04d61225a9f820b99fd1815c5b24205dc1cc8e1,2017-09-25 13:06:44 -0700
1034612a47b8fdea4b1e8ee710615d09cd85d06d,2017-09-25 13:06:43 -0700
a8f97b548ece86e866e5ea96e0e49047270e34b7,2017-09-25 13:06:43 -0700
11fb9b3fa432a8e02037e403fbb6f72d6a39a78d,2017-09-25 13:06:43 -0700
6d46d5cfb8307f2f57e14261855e9a72f555c0c4,2017-09-25 13:06:43 -0700
254639f6e9d4a2f48b971245e69a74ae42ac9dd4,2017-09-25 13:06:43 -0700
c5bd3390bfd60c62ea199faa73ef6fb0bb963ffd,2017-09-25 13:06:43 -0700
faa327824beca658cbf0cb199d1bf049921b03a9,2017-09-25 13:06:43 -0700
9159ca4289cc1a13d78afdea17067c64b7ea27d8,2017-09-25 13:06:43 -0700
d27ba44439e702964cb668886ccbc35f740b38e8,2017-09-25 13:06:43 -0700
fdc031338722242e30d1ca0b2e393a4b2ae2e8f0,2017-09-25 13:06:43 -0700
c3c6e0c43b749929ae88d3c40d1da7bad2aa0309,2017-09-25 13:06:43 -0700
c20271cb9941854e46e85a5f975e4fa2aa832fea,2017-09-25 13:06:43 -0700
63b69ad0762676f6f3608cbd889f28b6c94c6c09,2017-09-25 13:06:42 -0700
1c6a603a08c9e291205c10e2a38a2e4e53533e24,2017-09-25 13:06:42 -0700
77e714b0e15dcbdaa5a0afc261e9a3592a8ee494,2017-09-25 13:06:42 -0700
89f25a9467b62545bd1c114a35bba8680678fcc6,2017-09-25 13:06:42 -0700
c7d5bd69aa33e8d28c5391176ae7977574c660f7,2017-09-25 13:06:42 -0700
67c817af9ff1da7729a03205b929119f6d020027,2017-09-25 13:06:42 -0700
3cd7f453c0a9ba8abd69c76cce8da8a917c0021e,2017-09-25 12:50:52 -0700
b61f14e4db06bf2d2dfc1fd7e2098e0d96618b82,2017-09-25 12:49:43 -0700
700005e8238ec1cba18feb00c98c3a9997380811,2017-09-25 12:49:12 -0700
5340f553616108283f399a811dc1eace14aa92d2,2017-09-25 12:48:37 -0700
26122ebc3eb07934264618c319f93738a230a973,2017-09-25 12:30:03 -0700
cd5d23866db316e5835cd7fcd5fcc3a9c9a3a67e,2017-09-25 12:30:03 -0700
b64247dfb2901d009964187315b6b902f8aed4cd,2017-09-25 15:12:45 -0400
93e42f8299da17eeef124d4b20377af5d8e04c8a,2017-09-25 14:50:47 -0400
2c587e5f9ffe8aa84c460b8f63cd71483bd4bc7f,2017-09-25 11:47:44 -0700
45adf2fd9392338cb100379d28ad64f5e7abff6e,2017-09-25 11:47:37 -0700
c20457f89b6d0658bbb684264e06d71fb608817f,2017-09-25 11:47:25 -0700
22760b5d0b722bfcb0380c37f7414868eebf40bb,2017-09-25 11:39:03 -0700
2bdf49205cb260576959d6be0598dc58c4e6fbb8,2017-09-25 06:18:43 -0400
f05b108e9d507aa0936ca139b50b0b2ca1651406,2017-09-25 06:18:05 -0400
b90a98946359c9b0b7e4af8571034961d47322fa,2017-09-23 13:23:51 -0700
3fbf176a15b8bf850f511f9c279222e2a333250c,2017-09-23 20:57:11 +0200
f63c8b43a8277f9d38ada78f4acac72e02fcbed6,2017-09-07 16:58:44 -0400
0e2da5a2a0da10572909b4958cc79a3d6be1d740,2017-09-03 21:10:00 -0400
1c50311178d3af5f5af07561ccc2f3f599bf62fe,2017-09-03 18:02:46 -0700
6ce1eb1d3a2d63597cc61b00a850619bb3546552,2017-09-03 18:02:46 -0700
75a575d050abcca8c8dec98df39ee0b3bb322dea,2017-09-03 18:02:46 -0700
ab88eb2ff3ea1840b3e9a8a50ddc3585704abba8,2017-09-03 20:42:50 -0400
7e0cdd2adf156b6aa15ddf96a7e78a41c8f47c9a,2017-09-03 17:08:34 -0700
47acaf5b41c911d402a9f242cc58619bc74c4cb9,2017-09-03 17:08:34 -0700
cc22f23c027bc4dd688eb71372c90a7b31e71e40,2017-09-03 17:08:34 -0700
535b70fdce8ff5df2405e23b30897f65ecda66bf,2017-09-03 17:08:34 -0700
96e9318dbcb17539ca5cfd5fff86ac04ebdbd399,2017-09-03 13:53:17 -0700
2062f1ccc54fc6435b9d10d4607c56a1fa4ac164,2017-08-17 05:28:47 -0400
beac46bff5e3070d931e5f5577a095f8edcdb070,2017-08-17 05:25:51 -0400
10bc443864dfda50e6277ab65d92e2dffbce8f8c,2017-08-17 05:24:10 -0400
059cb75f0fd47b8a4c02491710e83695f26456bf,2017-08-17 05:11:54 -0400
6b6340ac464e03cc2a7bb8e9f72f8044e79beed6,2017-08-16 06:59:12 -0400
5a232f6825deb9b73f89473f941d92d012e36f67,2017-08-16 06:58:18 -0400
cfb879b763b4254ba1c44b38d7fb5993b3e62187,2017-08-16 06:57:16 -0400
109d57ecb372c3fc8114792086f339e9269eaf98,2017-08-16 06:55:28 -0400
dca7862351fd4c27e82ecaf1cf540180501f48ec,2017-08-16 06:54:55 -0400
6f89a0b53047dd1cc9fac8264639c30067bf6cb6,2017-08-16 06:54:16 -0400
287ab56f0f793190522e9d173f3fbd61c9155919,2017-08-16 06:52:49 -0400
252c4478b47ac85a290b453815c56f048473168d,2017-08-11 12:57:41 -0400
a5ebc07349bcf43c80f404836d9964ac894bed26,2017-07-24 09:26:32 -0700
0338048c2e0b65c6940321682f95679b925c0835,2017-07-22 21:42:17 -0700
0ad7e4e1a38750b697b7a6cfab42b454988ee8d5,2017-07-22 21:41:58 -0700
128b0ca8e03b24ac9646d3c4853b762296775242,2017-07-19 14:35:44 -0400
682a6e49abce2c23b5286d2140f382fe4da95d80,2017-07-16 19:49:26 -0700
8b71e30c71ebbd106830c066445d04a1ec42112b,2017-07-16 22:43:50 -0400
7522a495b823f7facaa571cf743613d85fe59e7a,2017-07-16 22:23:00 -0400
f2120c8d14ddb86ebdac1cf27e4c93b164401e01,2017-07-16 21:58:28 -0400
929452e7015896efb20ec77f2250279db02747df,2017-07-15 17:45:39 -0700
387302db4821210839aabef42d23869ff203bd93,2017-07-15 17:41:58 -0700
768974711caddebbf8ef432da3e6bc575db35408,2017-07-15 17:32:03 -0700
be9124d599ef28b75736b34eed6221f0844a48b6,2017-07-15 17:25:34 -0700
519daeebe206f338606ba73d89c8b6c287b6fc29,2017-07-15 17:10:47 -0700
ed3c022f7e437bfad62ca3b4bd7286521e348a5f,2017-07-15 16:58:39 -0700
25de43391aebb6a042fcc2ba2755e7fe081a8187,2017-07-15 16:50:02 -0700
b41311f1ed9567cfe0201571ae8cb96ba2414b99,2017-07-15 16:16:26 -0700
21eadec6a459d6dec192ccea2a00ea3b600e735a,2017-07-15 16:15:56 -0700
23cf840ba6935434752a3160de07206a012e6a25,2017-07-15 16:12:21 -0700
b325eb8139f82387e8a4efbe8c2449b60066b142,2017-07-15 16:10:28 -0700
744574d026d9077e8cf36a838c3f47e55e787b42,2017-07-15 16:08:55 -0700
1d6e8d2216adbebc1c6377bf774a23a6762c877f,2017-07-15 16:07:33 -0700
7c162fde954d618e10fea4ae28dcd87212dc8a24,2017-07-14 15:07:11 -0400
970e50d0c6c9a0c4933c959f144681342cf4ac64,2017-07-03 16:57:41 -0700
5c4188e7ed3418bab82bb47ae7c57b5c50cd9d24,2017-07-03 16:21:21 -0700
5648c36c267b6becb287542766eba77a4d9a9311,2017-07-03 16:07:24 -0700
33e76c4d72ef054960e2a90c3b22742974d53971,2017-07-03 17:59:11 -0400
5fcd48451c6509c8341ac9b078633d16b9093cc1,2017-06-29 15:49:43 -0700
5d1399413b2153cb9d8f94a57501c92d1ef95c20,2017-06-28 08:10:19 -0400
de12b683d746129ddc8b34425ed6e40b618c91d6,2017-06-28 08:04:31 -0400
f7e648787e3af84a73c7abbcd5a60cf4425291bd,2017-06-27 16:31:29 -0700
ed066c88e7b4b544ff3f597cd597aca2a76cf9cd,2017-06-27 16:31:29 -0700
303be24cc1e597d5cf0b247c8d3bce76bd01ddc5,2017-06-27 15:16:43 -0400
b21745568e67498eb328f2f83d133bf4ac2812cc,2017-06-27 14:56:57 -0400
0903aaef012d48dbec9f2067ccfc5a113ff1b6b2,2017-06-27 14:20:06 -0400
b26a664d66fd14a22eb7300d29aa20390cf408ec,2017-06-26 21:17:57 -0700
ef9ba688c7fd75b6ee4cb218998d58735b3973f5,2017-06-26 21:10:59 -0700
9902698d3a93c0a61d884afac14a93358c7b3293,2017-06-26 13:13:44 -0700
b2b60fbd5e7ee4a87b21df703572dc0c82b73fc6,2017-06-26 13:06:08 -0700
5781a8dba55c3edfd1229c23cb8ca25b6071a817,2017-06-26 09:50:24 -0700
8bb6e89219826a7b08aae102ed0b0884127346ba,2017-06-25 13:53:37 -0700
4ee49e97a2d1fdd36273d583547c617862e5bc19,2017-06-25 16:49:43 -0400
372635a72de4e0672f06fc7a978610e7ac59e55f,2017-06-23 14:38:32 -0700
04c70c7e49c555fa89023b1f7b090384bc06c8f4,2017-06-23 14:36:40 -0700
bc59074808375ffb472850ec18e8e94c724b695b,2017-06-19 14:59:20 -0400
ab40313ced8fe6f47e41f9fae8494f053c875959,2017-06-19 14:59:20 -0400
5a763d2a53e2e9c39330b08c0f04ccede0ee29b2,2017-06-19 14:59:20 -0400
18effb247cec992709dd0760c7b0ad9d3a2bf07e,2017-06-15 21:05:36 -0400
431a918af7b5ca897e8e5f58bc254a9d6a7bd5db,2017-06-14 08:39:12 -0400
06a090d7d6d7fcf5a6143cf863db5c3053854fd2,2017-06-13 22:39:50 -0700
728d9b937c80bbf61ac79dd563dc1775203b34e6,2017-06-06 20:06:28 -0700
1b35d437836a6cf3b1488420477fd7ffb6aaaa32,2017-06-06 17:32:38 -0700
3e5c2ba8d8e56282aa679a21f23cb73302d1712d,2017-06-06 17:32:38 -0700
cdf823cc9f52900bde3aecc6f9d844247840d9c1,2017-06-06 17:32:38 -0700
31519061dc8eacc6efd7fb8a3a02c7ecc1bfb37e,2017-06-06 17:32:38 -0700
3c553b965c1d089feb91eb192090418ac6165b24,2017-06-06 17:32:38 -0700
eb087ae290943d076ece1e3c80cae02034af5710,2017-06-06 17:30:47 -0700
d8ba0f83ef725761631049a143d1c9686c276c98,2017-06-06 19:59:53 -0400
5532819abfcb1bbf6774f1275e0aa5685dcb7a96,2017-06-06 09:10:49 -0400
166c7ccaedc5c1701ef338bac6472f4685199fb9,2017-06-06 08:55:11 -0400
2986c616906c1a606c215594283060409f85c5a6,2017-06-06 08:49:48 -0400
06e27d30ff2823468707309b24a230d9175714d4,2017-06-06 08:39:02 -0400
955d5fb11f861f0476741a950cbb064150ae9bd4,2017-06-05 22:37:49 -0400
91f7a3e8e9e4e125f2002b1d2527d5d0f8e829a4,2017-06-05 22:29:28 -0400
874b29bae309e198db991035604082eda1f78768,2017-06-05 21:43:31 -0400
25493a8355862abb22c128ab7b611bae4f7d830f,2017-06-05 21:43:25 -0400
6a4bc249a7af583481dc9c09b19c11e1ffaa5c41,2017-06-05 21:43:23 -0400
839f53ca965c87e855c5f21358c3d64f934186da,2017-06-05 21:43:21 -0400
d2d543028f0fa6ced798375ccd91270b5b6f54a7,2017-06-05 21:43:18 -0400
f66bbd2e0f07e1dd15d15d94265eaadb87fbd888,2017-06-05 21:43:05 -0400
f77c50730d09e4d02eff887d82a01ab84fd3ff09,2017-06-05 15:34:21 -0400
aa4c13492251a4dfd7e8449435f5eebd2eac7e40,2017-06-05 15:34:21 -0400
58637818ca0c6e88bcd2fcd55f786bee509f5bdc,2017-06-05 15:34:21 -0400
4033e097c7dcc976af84d3b8684794be7f184786,2017-06-05 15:34:21 -0400
f22852721c12d38716aec8aad001f0986b31223c,2017-06-05 15:34:21 -0400
56f6c4bb2ff93e3af4538d3f8011a89716f292e3,2017-06-05 15:34:21 -0400
075e880acc7aa115f0a4b27fed3f182f8108affa,2017-06-05 15:34:21 -0400
2363c63e6418d52d665ea79bec2f597145ee5021,2017-06-05 15:34:21 -0400
d1259ef8dfe9cb7c65b3f3ff152b12820bf80134,2017-06-05 15:34:21 -0400
15869fef0d300c8a48e9ac91e6862a9d3c9fb837,2017-06-05 15:34:21 -0400
83a8e8223e9453f3928963f0cf1d901de182ac44,2017-06-05 15:34:21 -0400
d0647ad6a44d1a0785f29f40bd30412f8592e291,2017-06-05 15:34:21 -0400
4aff2c1bb871545f5853f58760058e0d5b787d3f,2017-06-05 15:34:21 -0400
025f77d1c40547abafa3a5ed18f341804883493b,2017-06-05 15:33:23 -0400
91920d0b2d806de1a32908fa528b51ceb9068288,2017-06-05 11:35:48 -0700
80b681e18d621006734c2444c4e895dc5275fa56,2017-06-05 11:32:38 -0700
193089fb66cf2d113c3766de12d4f38a5609498e,2017-06-05 11:30:08 -0700
862e2c398aaa346d59766f7cc3bec61c2e4a4639,2017-06-04 22:21:19 -0700
f4fce6a07a94a6a4f8919df5bffe171e82aa3081,2017-06-04 22:21:19 -0700
c87ec1bf5d6545cb8f4ed631257f4ba9667bdceb,2017-06-04 22:21:19 -0700
0eef629a9dad12ad6d60a0d045e845236761be88,2017-06-04 22:21:19 -0700
45ee895044cd7a4e5489ed0d4bd818368522a8ca,2017-06-04 22:21:18 -0700
8286b21baad0f3a7a380b41299b547b73c11f74d,2017-06-04 16:06:16 -0700
6c0957e7dedb47afe20b9ae2b5c5219c5cca3e75,2017-06-04 13:18:57 -0700
bedd09fc104c2c9b8f9e8b76d44482d77eb69473,2017-06-03 23:01:50 -0400
24708cf915372f3c35a355c4a7e0cdbc2b028c78,2017-06-03 19:41:24 -0400
9236aea866174ffc02b295fec2fbeaf46cd290d9,2017-06-01 23:05:53 -0700
605ff4f6156e96f0bf40ebce45581dce50c3b7c4,2017-05-31 21:07:14 -0400
5e9c2c668960073926caf63d1518dbad0a6eda3f,2017-05-31 08:27:07 -0400
3beedd10af8548a83c8f2e5374438e16d0fafe90,2017-05-28 11:01:47 -0700
203afd109911e2a4778b9cbf7b1fb792b5e16b4b,2017-05-27 11:28:14 -0700
a34d3facc4c99354d4262101e9c516f36b25c675,2017-05-27 11:28:13 -0700
06fb054ae24c991d7a664e01e53f577a79701938,2017-05-27 11:28:13 -0700
ee6edb9c82eb73b5c38c7ab13bd3750c80fd2c7f,2017-05-27 11:28:13 -0700
9634731fe69c9ce1501880cd6bf38fd755eb9e72,2017-05-27 11:28:13 -0700
e9549fbb3bc21f756445dbda137cfb91a3ff5e44,2017-05-27 11:28:13 -0700
6327fa3a17d9fd6e2647a5d61d7ec8a91d4ec7f3,2017-05-27 11:28:13 -0700
8830123c9b38fb838dff1701b005c311adaf77e4,2017-05-27 11:28:13 -0700
afd051e59f947c2d14e29940ddb12ab9e42ee278,2017-05-27 11:28:13 -0700
b2871e7da0cba79e92b70582244c1b22ac09b4d6,2017-05-27 11:28:13 -0700
be3bc6cded9de432b1812ac659643c8307246386,2017-05-26 22:44:36 -0700
74293c23dd819539bbce5cfa4d262ddf9dd7ad89,2017-05-26 20:45:44 -0700
54a3ffeae368050ccf44aa75c501e3780edf5b38,2017-05-26 20:16:36 -0700
ae7c792d10f1252a4e3a483bdf10a9023ae04883,2017-05-26 20:15:02 -0700
0a4b1f33da94b9b551f32ae4d4477738e256a88d,2017-05-26 20:15:02 -0700
22cce485585c0dce3d615ae3accc7e3930b97f7d,2017-05-26 20:15:02 -0700
07fb473da7ce4266445a33cac36483ff5002c58a,2017-05-21 20:26:55 -0700
68accbf4530090bc7e333d2452f381dd2127866d,2017-05-21 11:17:27 -0700
ac5ed01d53473f9ea909546765a6384eb6c532d3,2017-05-17 08:57:02 -0400
2ba52e908b1ad42dc4cf3fc57ac0464ca1b3ca2e,2017-05-17 08:56:57 -0400
a499fda07bb4643e1d9e7901b3210e17e3fdaabb,2017-05-17 08:56:53 -0400
ba32fe315558dd3dbf2bf33820ca9d7d46f0f8bc,2017-05-17 08:56:50 -0400
308413e9b97635eafb60dc5539d02961c46ee811,2017-05-17 08:56:49 -0400
7803c7238ea7ab96aa2bee0c56ea728794bd5dd1,2017-05-17 08:56:46 -0400
7fd7916c7c6a64b7543a9b2f55b6ba5d48a09243,2017-05-17 08:56:39 -0400
d7218c3e4434f0278cb08594e7c9b6a172131852,2017-05-17 08:54:21 -0400
bf12d3c5e5680ac55bc82d71c1f4a65c63647df0,2017-05-17 08:54:21 -0400
bf5fb64bf26041808b08dc6756d4945a743087bc,2017-05-17 08:54:21 -0400
f569bf58b448af87a5df10219acfd08910777f75,2017-05-17 08:54:21 -0400
c5321dde71b4d33de23c100e9435773604087fff,2017-05-17 08:54:21 -0400
3e323f7e8a0ada91f1ff671583d17544b958a079,2017-05-17 08:54:21 -0400
36297f4767e3cfff46ea3583ec1de306c2c09679,2017-05-17 08:54:21 -0400
48baa5211e9eeba7f34026807638c806d2fc0b92,2017-05-17 08:54:21 -0400
c591a58f937002725da7b3a4a2410b824b02bce7,2017-05-17 08:54:21 -0400
c293f04c1c4e7ed330b41e5279f3b08233d5b399,2017-05-17 08:54:21 -0400
44acc959dcc2214be9f75360df62001421b8c211,2017-05-17 08:54:21 -0400
fe6d8e2975bd8e6a60496388159874f9ee0934b6,2017-05-17 08:54:21 -0400
b2789700768315465659baa6b0cfb3e7bd8bc506,2017-05-17 08:54:21 -0400
1c197ae46747a4943660f62bfe63359c6f7a8684,2017-05-16 08:31:29 -0400
d649f0b955348e2860bb781fa6f68ba003bf1231,2017-05-15 13:12:52 -0700
d9b888e99a69f1c99875a6924100615579ffb89f,2017-05-10 20:38:05 -0700
ea5c8c546a0f48cbbd86f8a53711c0bd555ba6cf,2017-05-07 22:32:26 -0700
1b26600ca7ab6deeb4862479e7bcc99e750f01f0,2017-05-07 22:12:16 -0700
5f19271665b7520ec12ade70bd0a070eb5c76149,2017-05-07 11:18:48 -0700
0bec63219c521d68840c8aabe76c4f734c991d37,2017-05-07 11:11:48 -0700
c4dfd9626b46d9a91d9aab30b82a8e4080354933,2017-05-07 19:07:26 +0100
635035ec34a4380684f8d9c9e8d726ad20390aa6,2017-05-07 19:04:01 +0100
1207d8d1dc843029567e687a24c08ffb34be2182,2017-05-06 12:02:41 -0700
31b1b42ba6bf873e3f7af0848c6c24495027a14d,2017-05-04 21:32:23 -0700
152de87dc21260c3a9f25c1a0e9eee78900a3cda,2017-05-04 21:32:23 -0700
be2a40657448a93033f319e7ba9389551454bd5e,2017-04-30 23:33:28 -0700
8142b2d5f808aaaf9c3e4ae1f9c5826e47c93218,2017-04-29 14:00:10 -0700
aa261410f4a457da99fcf49baed605697a853729,2017-04-29 13:38:57 -0700
4455cbc78124365dd7a3247afa7f651715cf763c,2017-04-29 12:34:32 -0700
1c0ee41d0ecd5bc4a3550804b74b73b901e074c2,2017-04-26 19:55:17 -0700
0b2c63bd746f06b20be029d74ee74aefcbc03fb3,2017-04-23 15:29:01 -0700
0c2bcdbd8185334139dcf24bb7e84bd48e952fa3,2017-04-22 14:52:52 -0700
c6d483019f76fc958c0eab9e0b7f456cdf300e50,2017-04-22 14:45:48 -0700
c9b88e2ba927fd6b92a788e67fd936107027919a,2017-04-20 22:37:08 -0700
8b9b4881b71f60db8fd44c38a96b3c9fa6503909,2017-04-20 22:37:08 -0700
ad3fcb59ca1f51de630ff864f8624e916b75efd9,2017-04-20 22:37:08 -0700
3f38880a1205ea57ecb29e360f8fdf6a06f1e8dd,2017-04-20 22:37:08 -0700
798f06ee0a4e3e72ba303f970d9dded7aa5e29a8,2017-04-20 22:37:08 -0700
7f5e1b80e301ac2f8c56f641c63fbf95c15cc0ee,2017-04-20 22:36:15 -0700
79c66b00f16cc4cc2e4b79f475d5aaed9289a54f,2017-04-20 22:26:55 -0700
c7756c4fd973aa08907798a15eb1e4b2404b62ca,2017-04-20 21:07:30 -0700
66dc1e6aff5b76e6111145a31131a4c2af633b94,2017-04-20 21:05:33 -0700
32610e9af225a9e7eeb63707048434c42ad5c702,2017-04-16 23:13:03 -0700
bfc2f2e7eb5634c037e98e1a33d74154385d67f1,2017-04-16 23:13:03 -0700
82e9967a132c4616246aefa323bcdf75eb5884c2,2017-04-16 23:13:03 -0700
db594540d66bc425ff618be697a7a820c39cc51e,2017-04-15 20:03:30 -0700
4f9469d901a5f845c5d22827c28369f31c84a8eb,2017-04-15 17:12:29 -0700
9d5e1111a674ba0df66e6839488b1c5a261230f0,2017-04-15 17:12:29 -0700
1fcb5f2d197e47478621b298dbab661708c958a6,2017-04-15 17:12:29 -0700
052bb9b36b4db84fdcb0eeb6f81ce34b8e1cb64b,2017-04-15 17:12:23 -0700
e8f4cd55155fef8e256b81b8047799eedcc009bd,2017-04-14 14:27:36 -0700
171653dca58098031e91843fb96240618cead680,2017-04-14 14:26:13 -0700
209009cc7ce1b89ef2c6a7f5bbd53b067a15f023,2017-04-14 14:14:19 -0700
8c7942c0122ce00ddd52c1c0ff37eb7bdbee5319,2017-04-14 14:12:04 -0700
e33408cbe31ee5720e15e7ee2cdc00d6c3e17937,2017-04-14 10:33:27 -0700
5d6c774be8dd39872e9e4370efb39d58e3cbe2c4,2017-04-14 10:31:24 -0700
9ba6a5f69b741a4eaa432a5856ebf42b2e7fd7ad,2017-04-14 10:30:42 -0700
95968016c265145ddb90639ec02d73d3e5709469,2017-04-14 10:06:25 -0700
4582f123c3710c31231fd196711f8641edf4b27e,2017-04-12 23:05:52 -0700
ae7d57b3c3ecde89c4cb080266f4adb9fd59eaba,2017-04-11 21:27:33 -0700
2a894ffcfbacaed03874fed82af855c9ef4400bd,2017-04-11 21:23:59 -0700
bb0d79661899d02c6bd171dc1022a12fb94f9a78,2017-04-11 21:02:06 -0700
f915862f3b9472bd42a70b21e4be672be4dbee02,2017-04-11 16:33:18 -0700
5a9ad11193360e55674256647d2079979b20f739,2017-03-31 11:15:46 -0700
805783395faa68d3a5390a17c08bc2573f0e28a6,2017-03-30 19:42:54 -0700
7c186501239fba3c7496ce253bb648a2f38762f1,2017-03-29 11:27:18 -0700
bdd3526144d7be5e5080d6f24ffa94b6ee286b6d,2017-03-29 11:15:23 -0700
0317fc002b76cbda8cfb55ea472ce1d9ac58f1d8,2017-03-28 09:26:55 -0700
b91d446f1fa79cdc4c68f80ea68f8a3646505c8d,2017-03-28 11:39:37 -0400
f54af15f0b89268bdb5541407ad9053e18b33c74,2017-03-28 11:29:46 -0400
db9876e736a08a5be538e4b5a45de19e906cd543,2017-03-28 07:56:52 -0400
5c768384bc9b2a92b9196aedc930ed0d536b5994,2017-03-28 07:56:47 -0400
c5fe3d1df35305b5824fea924571bbbc8032a040,2017-03-28 07:56:41 -0400
2aec452aa5d2430295039cb0e087957b5396c9aa,2017-03-28 07:56:28 -0400
6c5cdae1529e288e507dc57561cc918ae29442e7,2017-03-27 22:32:53 -0700
2c8dbadec5663dad36cf378af8aa90c84f1c45e0,2017-03-26 20:44:56 -0700
3188adb89f161583c54fadb32ef2c46782f562e1,2017-03-26 12:26:03 -0700
1d3d3b717aba859de95c7c5515f3d3f264a622b1,2017-03-25 20:00:38 -0700
8a0a6e3152f75de8ec75fa45607169ae1a03f64b,2017-03-22 21:00:49 -0700
ed1d1db2da775b991181080215879281d11743c4,2017-03-22 20:40:02 -0700
3407586642f08cc9ffbe682fc8aa30a111fa0a66,2017-03-21 10:43:26 -0700
f1466906e3ee5c4326ff07deba43003fbd688a2a,2017-03-21 07:33:21 -0400
f2b4053192c9ccd236e33361bf55456836d22ac7,2017-03-20 20:24:46 -0400
daf4e9d2624cfb22f3588b7334301f8f0cc5f28d,2017-03-20 07:51:00 -0400
b816836e4910bafd8bf0c84ddc9c63db07ac0ba5,2017-03-19 21:09:00 -0400
d1635ce28c52eebd2d99fad1b387dae82f1feb15,2017-03-19 21:04:32 -0400
b7fd01e02d84d63f8e9c8eb9e2dbb9ff366f8c50,2017-03-19 20:53:05 -0400
b9271aac56384352aba2a8b8679eaad80df516e8,2017-03-19 20:50:30 -0400
c0a1b692d1151162df87a2a3749e53f27833db14,2017-03-19 20:45:52 -0400
907e0edfcfa23eab3da12c7c3d8ff945b5470830,2017-03-18 12:08:38 -0400
1a621886c65d5e99ec44841da41d137000a1c9f4,2017-03-13 22:09:38 -0700
ac7ccbf606b85fabe88770103fa3897f4ab41d6c,2017-03-13 21:52:31 -0700
96140d41679c562c4ed4df7209ebd8c0fa2600b3,2017-03-11 14:41:06 -0800
25b9425eda0e9eb14e0cd41ff6970af257facb36,2017-03-07 17:11:41 -0800
4a0de7fcc2c090c94ba7c4113e3783a9a7aeb9c2,2017-03-07 17:09:25 -0800
69ff583a07c6644f75cd404c2c94a16489b88b3b,2017-03-04 20:36:24 -0800
c2f7fdb61d49ce14f599dc728f70fab1d164b5aa,2017-03-04 20:33:57 -0800
865ec19704029a584b8293e36590bfa0ab48a75b,2017-03-02 11:47:53 -0800
b5bd316dfdd2a87d470a97871f679e38bedc6659,2017-03-02 11:59:58 -0700
3ec99cbcdd2dd37ecf5a24b84e5e34ce2e1fb26f,2017-03-01 08:27:22 -0800
6bcb983838aa7648661bac1863c95b50090f647c,2017-02-28 11:00:45 -0800
f8877304e0950653ca2b5e5abf4b475fce809796,2017-02-28 10:06:28 -0800
3de690abfe54569d2e3adeea36508a51eac9eff1,2017-02-28 09:33:53 -0800
dec73c84577f673c8b11eacb1e352ad52bec9428,2017-02-27 23:20:30 -0800
6a2235eff73fa52dab95a7d38961f6a0b8931d1d,2017-02-15 22:04:27 -0800
ecf506ecef046890b45b3baa67934e696ceb9847,2017-02-15 21:24:59 -0800
ee4f8cf7968036ea02144a22da9be3e64165c1e9,2017-02-15 21:24:57 -0800
dd6964afb1e55733b99284c7b23afabf2258b34c,2017-02-15 21:24:55 -0800
3835eaef472e8657f039005c27161da607096267,2017-02-15 21:24:53 -0800
bc97fc8246155e02bc99ce8fd64907942316fd8f,2017-02-15 21:24:39 -0800
fa0746039029f211e615bf8aca459fff8457c009,2017-02-08 20:27:08 -0800
6ae9faddc2a0542e441522b3440685f036c18871,2017-02-08 20:19:11 -0800
7fd7035a47118715dda8b2fa82f22f42196b5ea3,2017-02-07 12:43:52 -0800
0105b3e4ecc0baa8c5ad0cd17f0405fb8e303ef2,2017-02-07 12:36:04 -0800
d7b33913797fe007c4b014e44445468eabe9b85e,2017-02-03 14:07:18 -0800
bc5f88884b99f4f7c8b9b7ad61ade491497530fb,2017-02-03 15:06:47 -0500
4faa806ae9634f94dcfec3b7de26ca72bdf3a3c8,2017-02-03 15:05:00 -0500
8eb33b5ca6ac276a5e368c754546e5d400aa1759,2017-02-03 13:13:02 -0500
96fb8a9c6b7b58b48d9c828b91be10f79fcd7ac8,2017-02-03 08:00:47 -0500
3d6239d3aaa2040006a53d91f8e2d614a260d79a,2017-01-31 23:08:14 -0500
b8fb8f771b69b31e5013ff244f65cdb049b96ec3,2017-01-31 22:37:39 -0500
63cb838df17c9c51c5462698365fa87948c20e4e,2017-01-31 22:27:58 -0500
8054f4277771dcffc1c5fe5fbe407cb5476d9dd2,2017-01-31 22:24:11 -0500
88903880f96df07bca20d3db01ffe9ff6e6c50b1,2017-01-31 22:23:58 -0500
9b4302c9a37b6cca8c576334e7269632a27ca5ab,2017-01-31 22:23:53 -0500
6ab40f98fa569ae2f47a13158dff56ae60835044,2017-01-31 22:23:46 -0500
1cd2c53bee9a6f58ce958a87981271eef797a3fe,2017-01-31 22:23:38 -0500
89145b9ee9b12af4ec92cdabf0e92c81d3585414,2017-01-31 22:23:26 -0500
e890819cbda864e3108a04c016750de6a93a2816,2017-01-31 22:23:18 -0500
af0b6a3a23e48ce6d4c8dc7b3667f635463a6d6b,2017-01-31 22:23:11 -0500
3b27e466768e46b71e5f8a05b979226788095cc7,2017-01-31 22:23:05 -0500
ab27739b02d6941b761af580969c449a7e3d2bdb,2017-01-31 22:22:59 -0500
ee9fb5d7ed6fa823fea2979e926ff045a69dec76,2017-01-31 22:22:52 -0500
41b60ed62b3a5202fb00ebaccfa11dc345127432,2017-01-31 22:22:46 -0500
fdc654b945c9510f83562708ba305425536accd6,2017-01-31 22:22:30 -0500
d358449c7f1592e6b06aadc94dcf39dcc50c9671,2017-01-31 13:47:55 -0800
4d998aa65057b7a29bd2a5f0012eb396b88da013,2017-01-31 15:51:50 -0500
c0e050c65add2a4bd83089cfd4e8527214328bb1,2017-01-29 12:01:00 -0800
5776104f40a248d460300cdb00ca2605406ec364,2017-01-29 11:53:11 -0800
257c160aa81b0bfe295bb4a1a07ff6ce7eaa5f59,2017-01-29 11:49:38 -0800
8462d6ba0bfaef84a20f003e4918720c1262b519,2017-01-29 11:47:58 -0800
946816363e97567719c9acac780084e26dd6466a,2017-01-28 13:47:59 -0800
72a605559aa08b01094e9f4031c475bc85a39f8e,2017-01-28 13:14:31 -0800
b336e26cb2e4cda2f309f5cf0c26875099dcdaa7,2017-01-28 11:23:31 -0800
1ed73e6a9778c321aefc4587c5bd96cb658a0291,2017-01-28 11:20:23 -0800
0d6500396af67a398cbee68dabb50d76cd7c68e3,2017-01-28 10:50:26 -0800
013e10d61e2f67e777b434787592056120eb1a43,2017-01-28 13:42:51 -0500
20a61fc84589f0dc4a2f3e8e37ed026f8fe40d8c,2017-01-28 13:40:09 -0500
3fadac632c1d98aa6071728ada5af024e8eede88,2017-01-28 13:40:09 -0500
00df0d75ebc1eed173a6fc49c7142acc260181a5,2017-01-28 13:40:09 -0500
f08a66bb7f49b064edce30f617fb1543acb19e6a,2017-01-28 13:40:09 -0500
44a197c7627af96d79aa0efc37e8366bceebda02,2017-01-28 13:40:09 -0500
ac08688996efe621cbd0ed347fa734745667a36f,2017-01-28 13:40:09 -0500
1b9f7c51549e2e87a75e4f4a4b3c3ab145a58141,2017-01-28 13:40:09 -0500
b785fc208b080bb39c593775dd9b0487ed597b31,2017-01-28 13:39:49 -0500
b32ee2e9e7a6310a681df09db8a1b5fb7de95568,2017-01-27 21:15:57 -0800
69a25c4e48f0c4d8fecf9cd7c95a859f30646e4f,2017-01-27 19:32:35 -0800
fd1c652a84173ac5dc4845dcaf4e0ecc3e456072,2017-01-27 19:32:29 -0800
053f34a54d9e283042592a6492b7bd300d2c3a19,2017-01-27 16:43:07 -0800
7f176d0dd15f7c10cebc67d78737c640fb850c45,2017-01-27 16:42:54 -0800
d8f9d26bdb8ef58a3be227c49a9d0d3e31aa851f,2017-01-27 11:29:11 -0800
e0ab6e493a188a798d0c6fa6bbcc676b8e9caf03,2017-01-27 11:04:58 -0800
a64c358250039d720eaa8aea65781e1a357436ec,2017-01-25 21:34:50 -0800
47f2b95abc66c9b1636aa411ab399b8085683bbb,2017-01-24 16:09:13 -0800
8de93ad4ead886e02566dab5547c3197787c6ea7,2017-01-24 11:39:16 -0800
41881be909ee933d80f1e22fed6b14e0d912ce8b,2017-01-24 11:01:45 -0800
005f6153f87d6d58702adc114618ad893ce04810,2017-01-22 12:43:45 -0800
d440bc732d4a3a6cdd1b30c5ba349725a6a766f7,2017-01-22 12:41:52 -0800
b69599e822d3204ba7649cdeb1b71b00cca2b37d,2017-01-22 12:04:01 -0800
72199577634f387cfa809a0c6544aa2c108abf9d,2017-01-13 21:49:17 -0800
cdf7e2ce594b30b34c103e468b3e6e364799881d,2017-01-13 16:11:41 -0800
2f91c96992d176a1ce4153da59e12a9c54180679,2017-01-13 16:03:37 -0800
ca7ec98d50abac25a11165d0a98e70ab521e65cd,2017-01-13 13:14:06 -0800
cf8dca63246dc6ea4ac668316728c5bd5b2cce96,2017-01-11 10:29:47 -0800
32052ce4e40a5bd3c1ab62721587b6ef626f014a,2017-01-11 10:28:40 -0800
9c584cd30d90ff07d7239a75bacf7aeb2f91277f,2017-01-11 09:18:41 -0800
5a84ed6d20eab78005f60a9d3f18fe27bce1dc25,2017-01-10 13:24:38 -0800
ebdf02db7588b476f2dc1bc84d7941b6f124369f,2017-01-10 10:55:42 -0800
8185a023f6352d33487343c77942e98a09e5126b,2017-01-09 13:51:23 -0800
962bec88068a692a4a94ba1a51a9dbb102b5a5c7,2017-01-06 19:38:31 -0500
3614aff4d9719a4768b0e98b3c02b6e6635143ca,2017-01-06 19:26:53 -0500
797bb86a4390504ab02afed8bf544b44fbad1af0,2017-01-06 19:24:50 -0500
d45580f226537e49c96e3b30cd793bcc31e6cca5,2017-01-05 13:49:29 -0800
497480cc5341c06d5935086bcd0b038ed5ca794b,2017-01-05 13:44:16 -0800
52dda6b55f4538c40195abbef3d954dbd655eb3c,2017-01-05 13:37:13 -0800
4a1ae7f29235f6db38befa01e7dac4c5cccfce06,2017-01-05 13:37:13 -0800
a943077d4053804bced5d138164a78ef692a09df,2017-01-05 13:37:13 -0800
ae695ef17b2272fefa4941c1a69b1816ffd9b8e9,2017-01-05 13:37:13 -0800
3c718f27bffb3f28f83b3f632b7b7288c9a13302,2017-01-05 10:35:19 -0800
102d52f0f9b3a34d798515a6956dbe43648d57de,2017-01-05 10:25:57 -0800
5cd90b85d4b0af96c66413f2d8d36e2742b66a57,2017-01-05 10:07:56 -0800
80b80655cf734e6bf13901654e58ae4ccdf7346b,2017-01-05 06:30:40 -0800
5f6fb8a1994206a85bd71b57b877fa24c630b7c3,2017-01-05 06:30:40 -0800
a207411241a6a4bbdab80f4f8aba4da6b89be845,2017-01-03 20:55:42 -0800
565028565e0771efaa7fed8d4679f35bf7714c10,2017-01-03 20:41:46 -0800
66f00adab0b36426c0ece319b0eb6ee9334f1aa0,2017-01-03 20:13:19 -0800
3744755a1ecf134d111b7cd3287496b06cce514f,2017-01-03 20:13:13 -0800
14e8c6fc50c02ace58d18b18d564948a03ec58db,2017-01-03 19:59:20 -0800
ec34449fd08fdfe537869d97e0020ec8bd4f1c9b,2017-01-03 19:59:20 -0800
403c578da91099aa802833e36ef623bcfd5b6147,2017-01-03 19:57:42 -0800
89d3ba44a7c11586c32de68f9e684fac4d8b87ca,2017-01-03 19:42:25 -0800
986ea4b206ef6322cad629cecb4ec86dc7642d8a,2017-01-03 19:42:24 -0800
0671f18d400a1adba977ec345baa966a0b88435d,2017-01-03 19:42:24 -0800
30179c405fe2dc856c608df8226e53d81702b6eb,2017-01-03 19:42:24 -0800
f891f698257912648e4c5e9d5abe8d2f7e756f24,2016-12-18 11:08:23 -0800
4e7f966cf2a0098796e08bb63ebda8de7e23357d,2016-12-18 10:59:33 -0800
d75595919ff9010ac8b98f6bbf973c02610651bf,2016-12-17 23:18:28 -0800
9d41992a1fefd3fcc75188775cfffeb36aa43bad,2016-12-17 23:18:28 -0800
653b7f58afb93bea4fc5f0a5f89d037d4aab8c21,2016-12-11 20:41:55 -0800
9056bb0f4f44192866fe52c66d55d0a501375e3d,2016-12-10 18:53:55 -0800
cf6a2b84ab33e10d30be435af742a580276b8fcd,2016-12-05 22:23:34 -0800
a0f9bf541feee5cd65bc866723637bfb65555abb,2016-12-05 22:20:24 -0800
e6f0b7df179266ba2b023b5cbaa24951c7b5d6ac,2016-12-05 22:19:46 -0800
c3c553a8999ae9ca212ce2c44d60806795e7db96,2016-12-05 22:19:46 -0800
3457bcfc842b71162492ffe7127831b1372b5bd6,2016-12-05 22:19:45 -0800
bf4446a199c0fd1b55823ce12a610a5bdf06a772,2016-12-05 22:19:45 -0800
00a2539e9c5a9948191fdb00611a656677466512,2016-12-05 22:19:45 -0800
e9e8612611fe017862fc25957f904d8ae34baede,2016-12-05 22:19:45 -0800
f44ee1c95b62da184e306a8957421c4b84b5263d,2016-12-05 22:19:45 -0800
548966ae5a9bfc8ba574d977bbccad482d036702,2016-12-05 22:19:45 -0800
48af3ef45dbdbb7e8e7a712b79e877471dafd475,2016-12-05 22:19:45 -0800
718e4dab00746ce75f26a72e0099d4a53cb225ad,2016-12-05 22:17:57 -0800
567df5a467c88871880a4a4cbf99300d379b3ae5,2016-12-05 22:09:52 -0800
b4ea239b5f1ce9776616ddbe748e43934e323579,2016-12-05 20:53:04 -0800
18565d171e26d700b126f56bbf73950c57638096,2016-12-05 20:43:39 -0800
6eda36cd4e184e87b5cc88606808fdee8414803b,2016-12-05 20:16:57 -0800
4a1ffbfdccd0d42e44a164bdbd89176fe1a098ef,2016-12-05 20:13:59 -0800
32e5c3e680e3c42f362c227b4708fc6d6d25b96d,2016-12-03 17:39:07 -0800
021c18757dc9cdb5657d2062cb7bbe90d235a119,2016-12-03 17:38:13 -0800
ebb1fb12d3e6616efe56dca4a7aac56a6abf1a34,2016-12-03 17:27:17 -0800
ef092ba2dc8ee5764fdc4d0f4129dd719b19c7e3,2016-12-03 13:03:09 -0800
5b7d030daa4041a1e72f12bb9d4739fd9ebccad4,2016-12-03 13:00:59 -0800
40f33649fe3da00d488a77adf7d44e5cdef2567c,2016-12-02 21:06:33 -0800
b99626fd5163a523e12b325daffb5ec733e4b958,2016-12-02 21:06:33 -0800
81d3cc20c9c9f48778182e9272ef33167f031259,2016-12-02 21:06:16 -0800
90434b79608d5b663078221d3cb382cfdea1f5ad,2016-12-02 20:32:06 -0800
c29e6ba464ab98bb100f5a75faa2064ba1040eee,2016-12-02 19:40:42 -0800
315b0d00cc753ed831b1f01a8843819365289725,2016-12-02 19:35:35 -0800
110ebf64e22723880e6b13abda721508f0bb1d60,2016-12-02 18:18:56 -0800
c194e04894ff6b4c66d9d9451ca9a93d204f33da,2016-12-02 15:37:35 -0800
8f4a4db46fe95a743e078da5885f9ab1dda3d157,2016-12-02 15:27:23 -0800
ee69f663003206dc7266633c1438852b684ac26f,2016-12-02 15:25:23 -0800
621af69f87b8bc66f86321b48054177d2996f91b,2016-12-02 14:25:41 -0800
348bbbf53f0f3dbeb62a28dd8da343db5dc8170e,2016-12-02 13:46:20 -0800
4bab81a94b85bc17da69348b8f63af3367d9b4f7,2016-11-29 09:47:47 -0800
e385bfcde048649920e6f61b72f8ee834a821547,2016-11-28 22:51:48 -0800
f1edb9ffd17b014cd9933fa00fd74eb9916c6695,2016-11-28 22:27:36 -0800
119fae261fd41c267719d5f6bafb1c04bc9e09ce,2016-11-28 22:18:13 -0800
15ddcf292208772f067b3235ec18db8c2979cbaa,2016-11-28 21:06:34 -0800
bc7b7c88a095f92c9ca25ce02b696702c02ba419,2016-11-28 17:41:12 -0800
9175ebf5d0fff699c6aed39b3b09131f3dfe1347,2016-11-28 17:25:03 -0800
367af31f7b110a0b1ce31a97ff19d9f5ca03bbc8,2016-11-27 11:21:09 -0800
4e788d6adfdf05f1d3944830343e185dfd5edee1,2016-11-27 11:18:34 -0800
9387961c23910766f8333755ff82b47293252c9a,2016-11-26 20:27:39 -0800
cc269498c006ebf10ca73a16f5a95753e9adad8f,2016-11-26 20:00:41 -0800
49b697a75a6ab604aefb73a4aa7cb6844dada1bb,2016-11-26 20:00:03 -0800
047c77592d1e3169bb929eb1c7e8fd4d61f2c236,2016-11-14 16:21:04 -0800
629fa0211300e414556133539d14e58036c7ebe5,2016-11-14 15:30:37 -0800
24e201b2191bd65abe799927ef6170dea070ac73,2016-11-13 11:30:56 -0800
84a6dc8c48c7f39b3fdd0f7dda2f08199a9097ec,2016-11-13 11:22:32 -0800
b0f73bb4d7f33b3a0e33d62871f4421aefd8e69a,2016-11-13 10:49:49 -0800
94fcd068a468f8e92b60d10e3e936862141545d9,2016-11-12 18:41:00 -0800
d78a2d9dad98517ccd11e7e9602545233d5586ea,2016-11-12 18:16:54 -0800
b483d8afefb2a8921a7a41f70754ad107ae60a80,2016-11-12 18:16:52 -0800
d19c078280a31853c6c39334f573ebd8e03b67aa,2016-11-12 18:16:50 -0800
44516e4de4d678d0a07525d8c894ed07fbb5645f,2016-11-12 18:16:47 -0800
4241e8c13f8c9701641a991bdedcda66403b5c7d,2016-11-12 18:16:43 -0800
322d2ba1447c58159763b618a8a8b8b444509db5,2016-11-12 18:16:27 -0800
27bb5632f537a570d604ca883e47e95242457900,2016-11-12 18:16:03 -0800
0227ccd96e1bf9ad9358347fad17dbb60adddf3a,2016-11-12 17:42:10 -0800
5c800b1d896cbfa91b44a13a16852c70b6bbbe24,2016-11-11 17:34:29 -0800
d455dbaae71fb11977245e03023038445123f4b5,2016-11-11 16:06:32 -0800
d3d4fddaf99ca31201149d6737c8e8fd3eba9024,2016-11-11 16:02:44 -0800
96b2601581ad73fbdb64affa6410ae0e15ec00b4,2016-11-11 15:54:00 -0800
70ab4e48eec417533406b1ec7d3cc7e3060922ef,2016-11-11 15:53:17 -0800
f9049d2e23c47d0a0f3423acf307fe07f1a08560,2016-11-11 14:57:35 -0800
c86a94b91a572024b69178f1d5cafcfaa0c9965c,2016-11-11 10:21:42 -0800
ebbed755500a27b75b56199cfb76c2e529154b20,2016-11-11 10:20:33 -0800
9240dd82c1a028cce34b734e4cbed61f6e2d8d63,2016-11-11 09:18:50 -0800
d598ce18b8fb5366fbdf753e9645320555e2203d,2016-11-07 10:55:42 -0800
1cdbd49dff434e8efb3ac42a90ca244bc1a958e9,2016-11-07 10:29:53 -0800
3f43653a17086fd3d6288f1f518224651b961bb0,2016-11-04 22:30:37 -0700
92886e639d1aebdd3b3305e99d757ccf335281db,2016-11-04 20:50:37 -0700
2dd1b322ccb27a8db90a4e7dd837ef8510fceb54,2016-10-26 22:21:19 -0700
d1c0bde376dd475ba5d00f8b41577265f092c59b,2016-10-26 21:53:27 -0700
30e2122e616b82cdbcff40ecded2e2622488fce1,2016-10-26 21:53:26 -0700
abbed83ba54f1338e229d70f0abbd1b2a6cc7dbf,2016-10-26 21:53:26 -0700
54504d15f8f9155780db20923a5c0717786d3009,2016-10-26 21:53:26 -0700
d39a50bb8cd85636c35ad8002c167e2739482264,2016-10-26 21:53:26 -0700
141400bc77156a0bcc7c93d64618145c0144b1cd,2016-10-26 21:53:26 -0700
f8e79d9543658ff76c927c6b1bc583259c6f3580,2016-10-26 21:53:26 -0700
139de9aed12932eb4917f82c9ba91223b6838b12,2016-10-26 21:53:26 -0700
02a03c83f0770e4bb6a737eb8ccf1ba72b1486de,2016-10-12 18:57:29 -0700
a7564f3da4c336b027e846e69f3a23504f19b2ca,2016-10-04 12:29:10 -0700
057a0922637c3f92c761cf26b1a6cb3d9eec8624,2016-09-07 20:35:42 -0700
7f52e3c2edc2f39604d5bf04db4bcf23b9d4494a,2016-09-07 20:23:34 -0700
30639f2805f656784ff82400ec86b1abadf90e12,2016-08-28 14:51:56 -0700
dce39bdc1ee7d7da8c4aa1b938b2ef728460a9f5,2016-08-28 11:41:10 -0700
ced30836a04be0513202ea0d755b75efe3d56583,2016-08-28 11:41:10 -0700
25d259e67cb1cf72525e43b6e5a3e902b5410dfc,2016-08-26 17:57:26 -0700
e68ce294197486d46c263f3cfb6e9509ccd7e772,2016-08-26 16:06:30 -0700
a5cfccb09608b36618639180fa18090d456b358d,2016-08-26 11:11:17 -0700
0fd1a3aea620702fde33b8fc2149ab37499bf55a,2016-08-26 19:20:48 +0200
edc6d7900008fc6b312d002524b93863b107b195,2016-08-25 22:22:02 -0700
3f7ed57a8a50d85697cac25ea112513a6d5b640b,2016-08-25 21:48:04 -0700
0ce0144285f9c557de46d421373041cbaa11d12e,2016-08-20 21:05:47 -0700
83c744d27106a771236cbe0c91c623422432def5,2016-08-20 21:03:15 -0700
70aec4c66835d3911f9a890c4f888517a0f69a57,2016-08-20 19:30:47 -0700
f32dbac4586572eb381b84c2b5b9f21227dbafa4,2016-08-20 19:13:01 -0700
26d9dd85935bd526b3ddb954709b7a10cbfea3cd,2016-08-20 19:13:01 -0700
39a25db594612899f6191474d26dd11a69500589,2016-08-20 15:07:07 -0700
54f38b107c6fde0927e29604ab85bea1d85a9c42,2016-08-20 14:51:33 -0700
20459ecbd34fc4d215460523f59e0b2efa1936ed,2016-08-20 14:47:44 -0700
36dc3750730998d1524a1ebb11e937168d9c2155,2016-08-20 14:47:44 -0700
b23dcf83cac852aaa61b3d4b34e7da612fc449c4,2016-08-20 14:47:44 -0700
87b517ff3e994cd1394e041bb2d2b14e4b32686e,2016-08-20 13:12:04 -0700
5794338b8d46ea36fc99716f13bba26944c5934d,2016-08-20 12:42:03 -0700
2e3d3c4f5fba477ede71ea8a831a2c66dd0b4f37,2016-08-20 12:41:16 -0700
a83b5c585c5df63e6254dc62a88d1752fbcfa88e,2016-08-19 23:18:37 -0700
414f4ca94280b8ceb6b45a8e0e06dd8c37077ee1,2016-08-16 22:05:49 -0700
4d35e1c1664c3c054ea72c715375354e627b2bb1,2016-08-16 22:02:36 -0700
a7e86a4d054e5811deb0de77dc266aac24fe4f4a,2016-08-16 21:59:29 -0700
32f8d84fdeae567d287c3e3b744ab7107c319e41,2016-08-16 21:41:43 -0700
05fa9d0970177e47812bcc4c6c7bd68c760f7b4c,2016-08-15 22:11:05 +0200
8564f05eadc89aa91bf4c36a446de54140c79ed3,2016-08-13 18:25:44 -0700
49d50ee7eceeedaf4e41bc03f21a249f0230c7f7,2016-08-13 18:05:07 -0700
d68ccab97e7e4da8a7ae78912381fbf97e243fa1,2016-08-13 18:02:01 -0700
6165ce3deb20f316313e50667d31d619478fee90,2016-08-13 17:55:21 -0700
21f184f42e63c5a338354d17fbcd06db7602c310,2016-08-12 20:05:33 -0700
42cd4dca5d0b6a68052744604d32693d6497aa7c,2016-08-12 14:53:54 -0700
225736d2373c9035083b11198c08993f6e494d1c,2016-08-12 14:49:37 -0700
22b3e268d6a5f3480af145b05e51677a396c7686,2016-08-12 14:21:58 -0700
c6323503d86520d0d261baea5a9cbe516f1c8dc9,2016-08-12 13:55:59 -0700
df3f54a02d1a59e39b3c5cfb366436dddc58ecc4,2016-08-12 13:51:37 -0700
fcefa7a7c7a0454994f0e184b70a2b4d631f12ec,2016-08-12 12:51:53 -0700
e21a3a60b972c26df4dbbbe5c976e91e8e9b12b6,2016-08-12 12:34:59 -0700
e71145285a3efc15081ee74b6fd4876ca0b3bb11,2016-08-12 11:26:05 -0700
38bf6474b90cc522f18e2697c314c9f68ebfe4c5,2016-08-11 16:30:30 -0700
8e283ef23670f9baec432352b280ab03f8283c26,2016-08-10 21:29:44 -0700
db02d9a7fbfb0fcfbc69c8a1d67edcf64da6d7bd,2016-08-10 21:12:04 -0700
f63180e5c0076dff1b18417922c2cd8685e1324b,2016-08-10 20:08:46 -0700
726613cbc8ea51020f66accd8bfb38cccad7af7f,2016-08-10 19:23:08 -0700
12f899a148dd143d1c5eaec42e66482cdddd598d,2016-08-10 18:59:54 -0700
4929f8da2b809c6ea75b79a9efab519d974010fa,2016-08-10 16:49:57 -0700
8f18b49b046e6e2469dd3f370b11dfb821e4ad6a,2016-08-10 16:46:38 -0700
97eb8a92c8ca694058b16d980701c214f990db4a,2016-08-10 16:44:31 -0700
5779274e257f0d05fee94aa52beb3017290ea2b8,2016-08-07 23:41:09 -0700
4c7af7e6922641fabc0946c7f29206aefce63cb2,2016-08-07 23:10:25 -0700
56d9c9094083acd6857bcfb431264ad291aad836,2016-08-07 23:10:20 -0700
558d2420608784b084410ff5268f856e9196ca88,2016-08-07 23:09:37 -0700
94ce151f69a7cbe5b98f86d9f7997c498955bb6c,2016-08-07 22:53:32 -0700
14365ff72ec6490ae876d5c6c5c63a5a7f070620,2016-08-07 22:50:26 -0700
909fb4ebd9a30deab30b8f71d95a000a311211be,2016-08-07 22:41:49 -0700
7a0dd884f3fd2b39004210b051c7fe8cc99fadfb,2016-08-07 22:41:49 -0700
989ad395132f319a18bfb2b6cf6ed2ff8c0152b1,2016-08-04 21:00:21 -0700
f3a201a4152504388063387ac11d77dbf582eb51,2016-08-04 20:42:19 -0700
031763af05508c95556ae07b2d39b6b09fe247ab,2016-08-04 19:48:58 -0700
f4ad97e73286b972ef33b9fa4f3a761daeb74061,2016-08-04 19:48:58 -0700
e3db19d633c1123ec0e071c8a998a7dca6ad54d3,2016-08-04 19:48:58 -0700
8a8ae8496cee67f055266d63d64eae2c5d24f9e0,2016-08-04 19:48:58 -0700
85f15b7cd1378ff4572e05567c1b09d87e1a0331,2016-08-04 19:48:58 -0700
da9ddf7683d3cbeb24fae5bdeb87258298467764,2016-08-04 19:48:58 -0700
60152e38411e40fc9d059dda9bf9f8c33eb91773,2016-08-04 19:48:58 -0700
841bc4761aaac8b186da77cdf5ce2c3415e2e87a,2016-08-02 15:56:17 -0700
3f22d1d09ab0caf7f1d836ea7d63ed729e79fc75,2016-08-02 14:24:37 -0700
73c2e68922a7c99883d4a6002871f98e84b06e74,2016-08-02 13:25:38 -0700
e1cf5821fc526113e13f09ee6dd62a5d179e2553,2016-08-02 13:25:15 -0700
91254f7f982eed8b322c32b4f675bfbeec134e94,2016-08-02 13:25:15 -0700
3484d323020ef0b1d3a6f773db3fa345ed5d25f7,2016-08-02 13:25:15 -0700
8b193ad89adf7ddba5afbda6f25a5c49149d84cc,2016-08-02 13:25:09 -0700
468a5526fb60f0fafca2efb10e9b71d92e69606c,2016-07-31 17:28:17 -0700
8e99d2414b48fb0f52e7423284117941aecd9caa,2016-07-31 09:52:23 -0700
c2f429360ca96a2b0e0198f83c864dc2a76213f9,2016-07-30 23:11:13 -0700
ff3c57dff058f0f19c2ef9381cf1f4c607c0ab19,2016-07-30 23:11:12 -0700
ecaf5be84eb643b1bf9a697c77daae2845c5d3b2,2016-07-30 23:11:12 -0700
96094a1c5842b470356a35d7959fa22774e5b24f,2016-07-30 23:11:12 -0700
29f9aea1e81022ca4fb38c81663548ac4d558a05,2016-07-30 11:33:49 -0700
2adbb6081255ef122dafaec3b385ac6048563f5d,2016-07-30 11:31:15 -0700
3d3be46bb4d17d012620d88aa668e1c6d3828355,2016-07-30 11:27:54 -0700
690e8996e3be560fa47f710b6ebcc8a6f8f0b5bb,2016-07-30 11:27:51 -0700
99c650309af886be21a82952605905db1a6b8510,2016-07-30 11:21:41 -0700
e656d7218f12236ad2bff7b2a0804997b66bc95a,2016-07-30 10:50:27 -0700
12abb3c59cf0383619fc8f0bb162433a181e2b82,2016-07-29 22:39:26 -0700
abbc83a15bd4e34419561d889086d562385cca62,2016-07-29 22:16:39 -0700
212e559edfbc5681fda947f3f0ecc3f94bc2e9cd,2016-07-29 22:05:39 -0700
544b3c6767c72638057c161b8b7ae43b02a85e90,2016-07-29 21:55:19 -0700
ad697c4fc5d09a21cda0a939b43b8b26ad3850b3,2016-07-29 21:55:19 -0700
872aac375cedf8e22444ed6fb2531b0e44869da6,2016-07-29 19:07:22 -0700
06a7ca1b7a70d699d9e7a2fa57f8bcef760a3177,2016-07-29 18:46:58 -0700
4e3212f9fda500223f8b24f43f403d4bf540eb43,2016-07-29 18:46:58 -0700
600002531e3f7b166fd02f8c5c88056204d5ab17,2016-07-29 18:46:57 -0700
b1a8a4d85f86105ac220d896da773bf41db25f3b,2016-07-27 21:40:13 -0700
f2cd109e3f5082fee747e8c3e81c14cc7d4edde3,2016-07-27 21:30:49 -0700
0ec42d2b1dfbc11c4bfa943fb4043fab04218070,2016-07-27 21:05:24 -0700
01c51f99986475879803b9209294c1d928e2d916,2016-07-27 20:58:47 -0700
139cca986dd05b77f26cf7901cb9d5adcff75936,2016-07-26 22:34:40 -0700
cadaefa5f6ddf45b8eb1f09dc42fd8603725113a,2016-07-26 21:28:31 -0700
7325b7e9c99806c2c3516926b8768107b45c895e,2016-07-26 12:19:26 -0700
759469231d6500e5ed02bde451fa42a5a304e966,2016-07-26 11:48:34 -0700
fafcbf0ddaf003a0ab0821d4eff719a84b930fe3,2016-07-25 15:27:33 -0700
f119b972301cb42f2c17ee7011452c05af0ab9bc,2016-07-25 14:44:48 -0700
8fad01c65c350d10d2bb86dedcf4eb246d82b0c6,2016-07-25 14:44:48 -0700
a5af6c00d249ffc7d5c50414541545e53cad3f4c,2016-07-25 14:34:54 -0700
b0eef60e15e7049830e875e17b99ba7192a739d2,2016-07-25 14:18:39 -0700
afb377d5ed47b9d3ee143d3e4e8f01414b675304,2016-07-25 12:07:20 -0700
e54d36cae56c22f1c23e6afe1e1aedb6aa0a1d4e,2016-07-24 19:51:17 -0700
b201eac61707cff57dda4cb5992401757ac0887d,2016-07-24 19:51:17 -0700
16fce2931f173a5ff1efc759f9e31c0769bba82e,2016-07-24 19:51:17 -0700
d334aa97d68d7e0bf1c0d9facd4c2ccc149c33e3,2016-07-24 19:51:17 -0700
868af6a8161e89966421700e27e9c15ac854140a,2016-07-21 19:50:00 -0700
702441d7208c1f4ea4d5db424d68b4f68f6de985,2016-07-21 15:35:32 -0700
43761ef482e86bb2027b67d151f413716e333297,2016-07-21 15:16:09 -0700
19f80dac9533faa48be9f95c162d158a87965935,2016-07-21 14:25:51 -0700
bfa5c38123390a991dbf29d90516ef5285d63064,2016-07-21 13:44:24 -0700
b68a8c128c02ebda3341ab2ea6a2144e67b97181,2016-07-20 13:47:30 -0700
75f74eec94a2e8d0bfd1f04267669f5de6a0c2f0,2016-07-20 13:42:57 -0700
e1f4e6574e89bacb9adac60036676939fc18e779,2016-07-20 13:35:24 -0700
16b0c6441292419c1d6ab6839dc9a11b786bc511,2016-07-19 22:28:17 -0700
fc05224512679e82f9c1e43ee18e53e8eed7555a,2016-07-19 22:26:30 -0700
c304a981e1f0c4e975f6d5a492cf3a8453609cb4,2016-07-19 22:26:30 -0700
a03b76d9dda02849a26e90815ac312448fad39ef,2016-07-19 22:26:30 -0700
53a856b285c65b519f73492e40ddce640d70f14f,2016-07-19 22:26:30 -0700
cfac865807e59d026d8bf3daa84d4fcfde9fedf4,2016-07-19 22:26:30 -0700
21f5aba548e9162c2b461743c151be4392effdb9,2016-07-19 11:21:45 -0700
4e0929c6658e4efe065b87c2f18f5e43bd0b2d0c,2016-07-17 15:27:00 -0700
9b2909445a7da2b4406a227edbedd79c6998be2d,2016-07-17 14:54:32 -0700
7ea4af7016152ceb9154e9c2aa54bf5d25caab17,2016-07-16 20:44:40 -0700
bb36045ff8df506d890311aefacdd6a395434a98,2016-07-16 11:42:48 -0700
62dcd9e9ec29e2656ac43a9c33522ad032332e93,2016-07-16 11:42:48 -0700
c6ce92bd0a35a55dd678ceb83b888385b72ac755,2016-07-16 11:42:47 -0700
3dce3bc5b862b883dfa479dedaa89d49b3c86253,2016-07-16 11:42:47 -0700
aeb60e7e53695df65b659db02bf8d460e5a1840e,2016-07-16 11:42:47 -0700
e4fe1a3a6512b4f9b40a479b4cb945c3a07c159d,2016-07-16 11:42:47 -0700
c231f4eb571101e92afef27a929ed31d8da23040,2016-07-16 11:42:47 -0700
2131abb4807b55949912af0af81605645fa9c655,2016-07-16 11:42:47 -0700
4eebc3b3015415431b76fce2bf5a29773c774d16,2016-07-16 11:42:47 -0700
0a0b5000bf5bf44b62ac64b03e10d4eb0bb9b51e,2016-07-16 11:42:47 -0700
e687ed040f5c0db82ac0f951decca25a65575aa6,2016-07-16 11:42:47 -0700
f9f78a64fc8b77219b2d996a25d6e238071bb65c,2016-07-16 11:42:47 -0700
ad50a7729343698e69ad983dc5cdb9b848ef03a5,2016-07-16 11:42:47 -0700
0f49c39ed4c3768e8886d50b7e3a52193039bbc2,2016-07-16 11:42:47 -0700
a2ad7a69abe58e39e376370e8e6fdc017629cd6e,2016-07-16 11:42:47 -0700
eededc33caea697e07587bbded77f40649283159,2016-07-16 11:39:44 -0700
11b64be3de59fc3aa5d83cc223ff0a18b9639e94,2016-07-16 11:18:06 -0700
4e7f086f831d2be4422f21137b20b36340f91a5c,2016-07-16 11:09:10 -0700
37e9de6dfe51a1bb08a34f7f24ed0582008b25dd,2016-07-14 14:45:54 -0700
cdd71411fb8f8e40109ca51f3136145ccd42136a,2016-07-14 14:37:33 -0700
bd8c37c7375cc037254c2dec79b124baed9049dc,2016-07-14 14:34:59 -0700
de2dc9dd90c7e09e216a7c4cd4bbf12fbe928e3a,2016-07-14 09:38:52 -0700
6b98ce2c671ac86b60c6146cd16ac240a6cc7622,2016-07-13 22:16:24 -0700
6e81a201856f0f16907aa6a8f88985e242498970,2016-07-12 22:07:06 -0700
b66925c3d000c1ddc660a36ab8ccb4427669a1f8,2016-07-12 22:02:41 -0700
abef36e11f7a470c0d5eb40b062277d681be79ea,2016-07-12 21:42:15 -0700
aeec3eca4009745bce70e9ca1399a42de4dde9b0,2016-07-12 21:40:58 -0700
e4ed85cfcbeebef47f68a161b52564da5a3c287f,2016-07-12 21:38:07 -0700
b189f5fef98c64ad4eeec769c6b39f4bafc17419,2016-07-12 21:23:47 -0700
60c672eeea5f7290443b5a48aa357ef4fb8502e3,2016-07-12 21:23:47 -0700
fa286f549a3bc7c69ac03b5945bac1f51e728a23,2016-07-12 21:23:47 -0700
c586d1840d7d48f3e5efd5d51ce3d06ed1d9dfc1,2016-07-12 21:23:47 -0700
1aa256b26cd44d78f9ca201ca70eac7bcbb46363,2016-07-12 21:23:47 -0700
50295083d2f3e23a25c8c98097dbca255936ff65,2016-07-12 21:23:47 -0700
3c9da92e9ce7c918907405fbeab8d031c3a47b04,2016-07-12 21:23:47 -0700
89eabc1d70d046d16530e700a4f6a7a7fa37a44e,2016-07-12 21:23:47 -0700
3658b91fe18e386b10d251922610c03075cc55a3,2016-07-12 21:23:46 -0700
3f7f6e6d5bb4d91862ea1722d5e9d1272acc4b80,2016-07-12 21:23:46 -0700
86d94d18d4c9eca32a653a006d9949f37a7f2642,2016-07-12 21:23:46 -0700
374ad3eb232e43a0aa52a06ad1df34781e18b909,2016-07-12 21:23:46 -0700
61d581ef0dced3ec1bf13d15de26a1980cc30413,2016-07-12 14:53:24 -0700
71c2b4e4d4c274f5ef1fe2d3f5ecfcd40639de3a,2016-07-12 14:53:24 -0700
06b7887807d15b253ec8e1198e2cf865660402c1,2016-07-12 11:42:16 -0700
bca4e34b512e5b3935ffd41c94d14b95100d898c,2016-07-12 00:31:52 -0700
f440f558230e474032948f52f04f17bf4f17192a,2016-07-12 00:20:36 -0700
e579eae95cd93bf1defb8f64d8990a2d31e5331f,2016-07-12 00:15:18 -0700
d3a9cecb17f12903141a616bf051cf832b06fb69,2016-07-11 23:45:48 -0700
3c2dbbe4f9577ed7da97acec7412c2e43ee48122,2016-06-29 22:36:24 -0700
92ff80a503fece01545f48c40d5776d9c9faf8e9,2016-06-29 20:03:59 -0700
a4019b7f82db6b4a1febeb225289e661df745250,2016-06-29 19:57:01 -0700
b55c4c02115f859ef67387042bc2173fbd3f2d45,2016-06-29 19:36:39 -0700
0679c10187e60ca16bd70c1cd37640e834972a0d,2016-06-29 18:46:27 -0700
b9a57897c54241f3700cbe333362b9f0b34eba93,2016-06-29 17:24:51 -0700
3f372cce68e480ce0cc0e28269b9db0b3e8f6f33,2016-06-29 16:31:18 -0700
6ee4264a218b8194d746672b7d20d1141e17df48,2016-06-29 16:11:20 -0700
c68cedd6522de42e599a87b8969138672722ac10,2016-06-29 15:27:51 -0700
3f51a6dd98f42183209627d643cca72834301d1f,2016-06-29 14:18:37 -0700
2471cece7f07e0dd609e27f9f3c5500afb0c3a96,2016-06-29 12:57:00 -0700
880df109e3df80d7873502fe5c7e757d7a7c0366,2016-06-29 12:50:22 -0700
42e41560d8c3be9b7af4a1c6cff1989453b37281,2016-06-29 12:49:57 -0700
6e1bbb3cf485439b775b18eb181161afdb92a921,2016-06-28 20:44:24 -0700
e4f7c6d05852fc148f02a957b04d969b13bc1baf,2016-06-28 20:43:21 -0700
da098c42e13674a83214b61d70e257bae1f6f2f1,2016-06-28 17:25:22 -0700
058665e1f5d9affb8e21b0376646c91884c9e967,2016-06-28 16:10:03 -0700
942fd5dd677f21af409ea40c086cad0a422b396e,2016-06-28 15:05:49 -0700
f289be05b2732eae4c057c4227b53cd87a248541,2016-06-28 14:50:16 -0700
16637b07321b2526dcca6869c193d6c9cf537043,2016-06-28 14:00:53 -0700
ea5ee1825b2190d2c62b3873d20e275377b059ab,2016-06-28 13:51:24 -0700
6e4e6454f77024bc77cc7021b0dee4d27c3cd0dc,2016-06-28 11:49:29 -0700
2a20aefa9284ca42a4862dc1700227703cbcf04b,2016-06-27 18:33:15 -0700
17e97e43116238000391b60fcb87cbfd3d4cc98a,2016-06-26 20:44:57 -0700
8c5446127b1f11c63695fd125c20c32e2a1bc469,2016-06-26 20:44:56 -0700
7f08766392027977d8e14452c5be04dcbf645b1e,2016-06-26 20:44:56 -0700
0a0933a23e935e80622b37ac292f06cdf3720a76,2016-06-26 20:44:56 -0700
65897fdb64d713e582b967ab57be23956bfeaefb,2016-06-26 20:44:56 -0700
01eddd2772d0285025bf448dc279a3bacc5651ff,2016-06-26 20:44:56 -0700
0c6383a0827a73a2f89c05e25ee00f4a1da48bbe,2016-06-26 20:44:56 -0700
0edc730308c5fc78a811c56a45cd6e30997c0dc7,2016-06-26 20:44:56 -0700
0eed6c32aeee5661f80e56d59affc12690acde75,2016-06-26 20:44:56 -0700
3b94ac8571d8d516cc0c9ed9d78d2d52e326b243,2016-06-23 23:32:34 -0700
c87f7444cc9027a9ddaad7d5fc37336c1d5b0bf3,2016-06-23 19:45:33 -0700
e8232315ce06fbb480ebf5785ea866577bd3e994,2016-06-14 22:16:16 -0700
10344aeba4ce23939e03500dc55fc662eaeb3cc5,2016-06-14 22:14:41 -0700
b7ac434d41b0db29f5453f2d113f4668380272f9,2016-06-14 22:14:41 -0700
f8d17e6bef1fee04fbfcfd2594df6aecb668218b,2016-06-14 21:43:06 -0700
f4a3c5b31e410fa03463064df7a8eb144d2fd9cf,2016-06-14 21:25:41 -0700
673fe4263112513772fa419baebf976f5a02c598,2016-06-14 14:26:15 -0700
517b6f021735d3d2841103e0d09eda8593581ddf,2016-06-14 13:16:18 -0600
6f1eaf10a66463e1b0cd71a0f03bbf4262c82d06,2016-06-09 21:31:43 -0700
248c47584e8d503076f1e9d9d47b84c87ac02bd2,2016-06-09 21:27:17 -0700
eaca2d459d87c400703a3c3b14d36da275748d3f,2016-06-09 16:12:42 -0700
e93e4c1063b029b8b3f03b4b31bc65f53c60c6b9,2016-06-09 16:12:42 -0700
5d0cf7210202d89ab0e29b3d1a754d2cf4993a22,2016-06-09 16:12:42 -0700
0b6faba25882b50ba5d0ed1a67a34f2f54e09fba,2016-06-09 14:04:01 -0700
f207b29cc6480c8d2aeaa3be39f5c1594858dbbb,2016-06-09 14:04:01 -0700
4059054d31fddc8b7c7f7632eb5b991966ff74aa,2016-06-06 16:50:52 -0700
0ef7b90619a6895ba12e126dc344301400428edb,2016-06-06 14:58:02 -0700
2e8263a589746860a8b4967fdc70c5e5e9694e33,2016-06-06 10:17:19 -0700
b6983586ed798bb09d8d21156b0c5dccc23156cb,2016-06-06 10:14:04 -0700
294b349597f2fc7b70b3b873c613af1b3f609aa7,2016-06-06 09:18:28 -0700
ef5329dbe1ebdeecfbb81b820d4fef79b201401c,2016-06-05 16:12:37 -0700
e79d019fe6253f9bacc16285dc728c6d2c44df40,2016-06-05 16:03:34 -0700
2bb5260144697316e5c93cfca9812511ee0b3354,2016-06-05 16:03:12 -0700
75baa69ceadd42b767fe9b70d6fd21f64a647d88,2016-06-05 16:03:05 -0700
131785a442084a2631421daa313541e0a9760b2d,2016-06-04 16:24:50 -0700
f391f00c7ba9d146c5bb1717f80a0bb291fd5bac,2016-06-04 16:24:50 -0700
0d07c0fc8d4efa5ab14739b6d0ce1c276fa252ee,2016-06-03 11:14:40 -0700
274145abdcc5ff40ecf381aff18a7f0cf6ef7c59,2016-06-02 16:17:11 -0700
4d501e78d03d9d8a123da10ef6f84c139971bc5b,2016-06-02 16:14:16 -0700
2934f4a9be67952d2be03124fc4ff34a3fd9c33b,2016-06-02 16:01:07 -0700
998eff9ca3878fe419690bf7ba7d582606ce6821,2016-06-02 16:01:07 -0700
2c977a31349848826596ef510993a45217145ccc,2016-06-02 15:42:04 -0700
2e6cd135fe4e1c502306ab885b802999e0a0d1b3,2016-06-02 14:50:50 -0700
b382aea9151c7f85481b8a996a36a69add9db5ec,2016-06-02 14:07:03 -0700
0ba8da2dd265898240699b3fe5a181b4ad45566a,2016-06-02 12:50:55 -0700
d39850966029ae19c89cfdb37848b3de3e3abf98,2016-06-02 12:50:50 -0700
12d35d4febb532ed4846583361ab929782cd0019,2016-06-02 12:28:50 -0700
735290ba30ab38245dabc97193137f04955dd42a,2016-06-02 12:28:50 -0700
dc89516bb5e5440d598771950a3b982f814e04a6,2016-06-02 12:28:50 -0700
089b584d27235c5244540fb58d90450f6ef7cbf9,2016-05-25 13:49:28 -0700
3da02bd0a67fbe8f88056028f9a013c35a7d057d,2016-05-23 21:25:57 -0700
4b552ce419d354b40323f99f5511669b789a83e6,2016-05-23 21:15:55 -0700
421294490b2e44367fca1c6b97533035eb78a950,2016-05-23 21:08:54 -0700
c32a779825732a27f130e26bc73aa5f60566608c,2016-05-23 21:08:54 -0700
d0533d097feb19927feb5a546716f5fbea75deba,2016-05-23 21:08:54 -0700
df3347f63110c14ce7394352cc144911f862a694,2016-05-23 21:08:54 -0700
4b88066f26a42f3b57036b4a3945d64269689fcf,2016-05-23 21:08:54 -0700
a6ccb36bdb31e69d67e62e0638b71c3d27550bc0,2016-05-23 20:26:40 -0700
efa6bf3c72000af95ae91a939442ab40205aa779,2016-05-23 15:06:46 -0700
c137312963aa084b54b46b8ffaa710971be5b24d,2016-05-23 15:00:00 -0700
0c0ee96aaa18d70502f063e734d701597d11e800,2016-05-23 15:00:00 -0700
8442f7c33f7afdb348c362536468c8d1258b3aab,2016-05-23 15:00:00 -0700
b36a955d207a47e4df9947bd54cb2d288213e38a,2016-05-23 15:00:00 -0700
cc9af8ed2545baf68bf782db5beee5c2df92cb0d,2016-05-20 15:37:04 -0700
eec09d72401107ee432654b59699d421c03ef57e,2016-05-20 14:43:23 -0700
615a6ee77f6aa6b011168d476ead062646fadf95,2016-05-18 00:53:50 -0700
5f7bc655824f549e3656109d2bc118d14ed56427,2016-05-18 09:27:54 +0200
857a5821f328606d285fad4320db6e76e532ec49,2016-05-17 23:55:10 -0700
0b5eacf58a72bac27dd321d8c1b7a662ee5e935d,2016-05-17 23:46:33 -0700
de0df5d4ccc437bc57202223a4824d25150772e6,2016-04-04 13:33:07 -0700
1047afbb438e54fa1b0e2c3e9c88435bb31d3234,2016-04-03 16:16:35 -0700
77cc8ef72062d64a3afc0fe61a629a11951beda7,2016-04-03 15:04:01 -0700
6a4fab67aa2d2579cc9a2c69e8ea02075ec92c50,2016-04-03 15:03:15 -0700
b6e13465a7ea17ada126b3376b4e07ede35726a9,2016-04-03 14:47:54 -0700
65e610275bc95fe5f7a83483631a8bba9189072a,2016-04-03 14:47:33 -0700
99c3f2696f56d4e0596a7840ac93f1dc60c858f3,2016-04-03 14:45:14 -0700
ac79cacea09e74c304ba0d92c8e67fef24078dec,2016-03-31 15:29:42 -0700
93783cf5d5066ec2a23e2381b78ea49a3f4728fc,2016-03-31 15:22:49 -0700
065548fcdd885a8f15cbb936f49a60cf9f08b414,2016-03-30 13:19:35 -0700
900c8f2a276e42f6aefc3463e551e1ce25c8af42,2016-03-30 11:22:54 -0700
076995d99498453487a91a8f4ba8bba23f600dbd,2016-03-30 09:55:30 -0700
4e489fefad0dc42ab193f363ac896377ca198688,2016-03-30 09:41:48 -0700
b9de1d74c1db0be6443dabbd8d8f9537866170db,2016-03-30 09:17:30 -0700
0d39a04a1e099a7a8c52f2ec387f8b4012db72dc,2016-03-28 20:50:40 -0700
831e974f5faa15d0fe74d61821053043312bb578,2016-03-28 20:50:39 -0700
c569d2fb62181e8503ffe771d32704a6a0a6c9ba,2016-03-28 20:50:36 -0700
07972de9c00cd8a337718f4dcaa2789eeadf13f7,2016-03-28 20:50:34 -0700
67b09c39da830788231d4ef9afe652248a55feb6,2016-03-28 20:50:32 -0700
de1ec05b5a5182fe5b4ff41f73b84081f267a0fc,2016-03-28 20:50:30 -0700
98a32feed87e7b3c17fe9c617bbd9a4e75122fda,2016-03-28 20:50:22 -0700
1810ec971ff3a88acaa1d64261831f00051a49da,2016-03-28 20:50:18 -0700
2297dfbe7d63d5d329ad8b5da6d807094ae683f7,2016-03-28 20:50:15 -0700
2cb1ffa60d4d2dab3e83cf625f683ce31e1a3645,2016-03-28 20:50:13 -0700
b7b5873a9258b1061710defbfe3e829f6411720c,2016-03-28 20:50:09 -0700
713fc7f89fd70ee59778966b2f9de2216cb9bb8d,2016-03-28 20:50:07 -0700
c7a5f0bcd611f6acac003f18a2022a185a34a5ee,2016-03-28 20:50:03 -0700
8590a0a492330f610ba8669f51b21a50741f0902,2016-03-28 20:50:01 -0700
cbe3387d9215d994c6e0db4f2e06667f5b8a3b3e,2016-03-28 20:49:58 -0700
648a6c96f02973e8792af10328f771aeabd1a024,2016-03-28 20:49:56 -0700
4198c33df6d9edf781e14bff2d2d7a7996396cfc,2016-03-28 20:49:54 -0700
1f7d9bb0524660b4f9664a9714cd695a953ef96c,2016-03-28 20:49:52 -0700
6990344697b66a369c436a38dd75c46fa5846b24,2016-03-28 20:43:49 -0700
2358d8868318cdf73e91a36d85a9d3983ee65b91,2016-03-17 13:46:30 -0700
64771d3165acc6303a600fe676a7224105e1c360,2016-03-17 13:44:02 -0700
e169ec07304890df577627d75c33219bd918373b,2016-03-17 13:33:59 -0700
9403488803e0f1ae3f48d616227dc01ad9732ef8,2016-03-17 13:24:24 -0700
e3f24f2f79719bc820dea5631d9fa3d7298765be,2016-03-17 13:01:48 -0700
d0c9d731c07977e13296867432b0ec7304e8b2cf,2016-03-17 12:59:40 -0700
0a95e16151e953f7b9bf9abb25c07e89a5b43b5e,2016-03-17 00:56:43 -0700
b0d890d0aca273c887c746d2519657cd1a08270d,2016-03-16 20:44:18 -0700
862e24ff64858ae593656b4bed9832aa62180254,2016-03-16 14:48:51 -0700
fd2ed9505a38cb5147c4d2903b7bd08c60aab6e2,2016-03-15 20:34:23 -0700
e8496c2193ce4e2465be1af833a36d30142ee9f6,2016-02-28 23:56:16 -0800
8e934d5fb35f15770e37ed315211781e2855c737,2016-02-25 09:53:29 -0500
8a9e5fc73fff966f190ca98dc3000fbca5444ea6,2016-02-20 20:42:36 -0800
c430e6a33360016f7aea3b7afd136069e435d52d,2016-02-20 19:24:00 -0800
98af1e3d7f86481e113deff2962a096cb8f1f5d3,2016-02-19 16:36:46 -0800
a66513b724a36603685ed395676c959e87c0cc38,2016-02-19 00:23:39 -0800
bda64a21081800b4fc8165006c7f96b35903a0e2,2016-02-19 00:22:43 -0800
4881e5c778537413a56ffdde619eb2c7693ef939,2016-02-19 00:21:42 -0800
ec4f37032b54c9b55471f18e120ba5120bf4f29b,2016-02-19 00:20:02 -0800
29a071587bfd7ef247b4a8f36a9a38b32c53a02d,2016-02-19 00:16:59 -0800
c01e8c6a9a6037295272353910ad11bc0bff1562,2016-02-18 19:56:21 -0800
8f17e9ed0a1529c6bae380b691181a0b22e73e03,2016-02-18 17:49:48 -0800
f2a767f04542f85f09c26ec99ba80a1273e0828e,2016-02-18 17:18:13 -0800
f57a4f80db8ddd4c89514acdc990306337da0a6b,2016-02-18 17:13:47 -0800
9c11363224b8c362cd3b7051d933d94fcf900de1,2016-02-18 13:34:07 -0800
5e6c9c2c9db42a83a91387b6150b232ee4a41163,2016-02-17 23:09:13 -0800
7395f71af6dea418baadb5d198a37942f17cfca1,2016-02-10 09:44:34 -0800
a36bc3d9c32e59ccc8f77bf6b3dcbb1f23ed1978,2016-02-09 21:59:46 -0800
5c4b7870020ec58e848dfc1ade9f8f45e05b6e7d,2016-02-09 14:18:13 -0800
443e93a3c26a565da0774d2d2e9bd4727ead1332,2016-02-09 14:05:48 -0800
948ccffd82d2479b8522de5035528c5dc786eebe,2016-02-08 21:59:19 -0800
a492e2a8f32cbd34b598b6886e330847a1ac0bda,2016-02-08 21:39:58 -0800
1564aeed87dff4a2841c6b9f98c04ec17c64a109,2016-02-08 21:00:56 -0800
1896d9418f1c6d20cc68e5e2f7d698b3751810c6,2016-02-05 11:39:39 -0800
944d126c422c9b460099fef7bc70908e265c52c4,2016-02-05 10:47:30 -0800
3869ca25c9e0e26edde3a157991b9b52d6a44372,2016-02-05 10:43:06 -0800
43022c14b383dc519d6ab2ea46f57de7b0f92b9b,2016-02-04 22:01:36 -0800
31eb5ec73f6205b185c9e543367d6f4fe5ba7db4,2016-02-04 17:35:13 -0800
8740d365eb2be96adb6df62237bee8c1aa31640b,2016-02-03 16:54:25 -0800
ca20d6a17d7b4ff8defb093caf0182e6ce16d366,2016-02-03 16:53:13 -0800
b361168bb9232ea9809b49c5c268c5888b54bbf6,2016-02-01 23:05:05 -0800
7ec53c94ce889b6f5bdcedb689f580dff0eb5fbe,2016-02-01 22:03:44 -0800
14889c7d7325d232f9c283345b6e6f587707185f,2016-02-01 14:59:52 -0800
d7bea32a95b6d2819527077375b10a90091a1fad,2016-02-01 14:57:21 -0800
d136c9a87ac6e50624db4b066d16debdfffaaf49,2016-01-27 12:59:54 -0800
8b03062de698b96e01d95ad4f2c25037470e8c0f,2016-01-25 13:00:56 -0800
98bf85ba8b10fb746b6b68766ad753635ebe3566,2016-01-22 14:17:44 -0800
6647cdf12de754ae300e8c9d3a0c9aff2151206e,2016-01-22 11:48:26 -0800
7789fe89d70f37d3800a552c8f57cb7158c1d69d,2016-01-22 11:47:37 -0800
22f650b4f7d9dcebe34a4a2293e18099b0db8bf4,2016-01-22 11:39:51 -0800
4fc5da50dee2914fc5a236158bf17f71a36139e5,2016-01-22 09:46:42 -0800
ceeb6a8be1e0a3d4634359862e1ec5d67fad87ec,2016-01-22 08:42:02 -0800
dabd093667a10276faf9292b853d773ab9025fc5,2016-01-22 08:36:43 -0800
b9e0ce87eeeaa1a44ee8a3714b86f479ccfd63af,2016-01-22 08:31:06 -0800
c0aadff989219737edf909238f070bcb2cefb6eb,2016-01-22 08:30:48 -0800
84eb4d859878ec0c1dd42d9aace43e97a46763e5,2016-01-22 08:28:02 -0800
a9b8fce84dc9835c041bfde11badbca8510c99a0,2016-01-22 08:23:50 -0800
72dddc09211e5dc5830e86bc9fb0b4bfa909a078,2016-01-20 22:11:16 -0500
bbd6bc0ed2f5341af59c63efe8309e70c6471c30,2016-01-18 22:17:32 -0800
7d759a571853b97938a36495189545693fcea123,2016-01-18 22:10:18 -0800
3c35437627beaa35240f3e2984291136163fdafd,2016-01-18 20:30:51 -0800
f4e94e22f0c1bcb7ad160b8afddfc92bc17dbcaf,2016-01-18 20:26:19 -0800
7a0c1fc785feeec105ddc7c39b5f243d7730af7f,2016-01-18 11:12:04 -0800
6f0314374152ba3f6a80785b6344e0ffda4ba668,2016-01-18 20:06:56 +0100
276888713479d25938e54e036403819ed17fc144,2016-01-18 10:20:04 -0800
3eb6fc25a6503f12fdcfd795b962c9e0e79f3b9e,2016-01-13 10:23:10 -0800
a2627b0440ff7f80176992784df5202e2a2c6d56,2016-01-13 10:23:05 -0800
0e16eb94239cc8d000c2c41df493523eeb8fc134,2016-01-13 09:42:12 -0800
162f4db386c3a612e8a1189e92b7f789d51945d8,2016-01-13 09:41:13 -0800
2bcff5e260a09fe23289b43cb3d9ab12a9768eb9,2016-01-12 19:03:37 -0800
fb6d2fa55093576e10b5ebaff6b9b2d5b9090460,2016-01-12 18:58:58 -0800
b491e77f5f6f957c38e478bd6ae52513dc4dc99c,2016-01-10 16:23:44 +0100
f1fe87ba5c6b5a30a644392b32085a6853ca3170,2016-01-10 13:54:29 +0100
abbff6d9aca7630d707b9e14d0dac8bbc9844a84,2016-01-07 21:59:08 -0800
7da13129c432d1c0a577342a9bf23ca2bde9c367,2016-01-07 21:55:35 -0800
d7df273f0306788e1ea4e95e4422d83abaa690dd,2016-01-05 12:32:15 +0100
0fb0ca803034ab95082d35bb31a8cf0c2287af49,2015-12-30 09:10:51 -0800
88d76fb971c34904d48b31932a12f8f02f912e34,2015-12-29 23:11:03 -0800
9b933b75203c2f3dc9a81f07671bf09d2dbd5fdb,2015-12-29 22:44:06 -0800
abd19a6d6665d476d8ee9df38c7ab6ee1b2db40f,2015-12-29 22:36:03 -0800
aa097cb88042c40d7b5dbaf1c91c89435f8f90ca,2015-12-29 10:49:11 -0800
2bee2eab494ab02d1fd2c4a3b820b8fd1a01aa40,2015-12-29 10:45:24 -0800
18751c0e03db820f8f70c152dfff9a3d8a90f185,2015-12-28 23:01:33 -0800
5a4c6db6d198e7959e931a42d0490269c0f5b366,2015-12-28 21:33:40 -0800
790452d4113b7a83689d15b7a9c44e46f02c31d7,2015-12-18 15:07:41 -0800
d0f874abe5ac40a45792c97749f81c7068316b86,2015-12-18 15:01:00 -0800
a3c6193cfe08f8bd0283024e51ea29b45b557710,2015-12-17 21:26:42 -0800
391d99d4c1758399d465a9052f5c95951b67d6db,2015-12-17 21:24:53 -0800
9893c9e2f68544c0224d9897aa2549bdaaae4139,2015-12-17 12:09:18 +0100
b71a92093e7a8a78eb49baa067d183684e3a4478,2015-12-17 12:07:13 +0100
c7b595051aef2dc6a54c39c2059988e4127a3210,2015-12-16 21:26:37 -0800
002ec0c50e7455f9ee5be2c450221bd0800740b4,2015-12-16 20:48:50 -0800
681b8722d62330caa022a5b1fd27fb92c4c861ee,2015-12-16 17:08:29 -0800
8ec255d545e4c9960f653281408a0132afaa1b48,2015-12-16 17:06:16 -0800
6ba114cbe1b6441b4eceb8475d6a83a559956879,2015-12-16 17:23:11 +0100
41297c507941e459a37c314c54e79cb949b3f3fd,2015-12-15 17:00:05 -0800
cde05ba929eda686e9d4a26c02975c889ac0f900,2015-12-15 16:41:39 -0800
0aaf23375967cc810d329c3c9de4f562af11ff6b,2015-12-15 13:02:13 -0800
bef2139822c75ebda79129813b2b852f080fdab6,2015-12-15 13:00:59 -0800
6a77c39c68d9feb2dd581c2a7e5585262bd5878a,2015-12-15 12:58:22 -0800
b587a39fe51592970e5bfe9fb11125077f39e100,2015-12-14 22:49:12 -0800
b4dbaf5bdb82dd8d33fbee3f4a325f14c60ddfb8,2015-12-14 22:46:45 -0800
a5e7cecc27e491da4a7f8daf0b1ae1cc787dfe26,2015-12-14 22:09:05 -0800
df385a1a6413bfeab849f5b67c8ae9499fdfa030,2015-12-14 20:28:26 -0800
f1090ac9771219afa1e7489505374e222b3b1e9d,2015-12-14 20:09:08 -0800
96d2477fd1b54a034fd926f4871964e10609508b,2015-12-14 15:05:50 -0800
d41a5c084f4655a7a58a2247bab46c98ff454d33,2015-12-14 14:51:15 -0800
15edb39aedaa3fb345347907cac53f3c2aca9524,2015-12-14 14:51:15 -0800
7cdfd146ef61b6d16aafaf939c8a305f26157151,2015-12-14 14:51:15 -0800
4554c64bb7f990b4f99cb5fe744cdeca0a926ae5,2015-12-14 14:51:15 -0800
2959513d9595c5a32ad628878a1c3cadc8149860,2015-12-14 14:51:15 -0800
e1a256b1c10e54f8846fd5d07b963ef4447ade62,2015-12-11 14:37:04 -0800
5b780fc8cfc6f8c0d534f0f0f6eed9f573b804be,2015-12-11 14:37:00 -0800
b3a49dae056bf261fe188358ddcade1b003f3f26,2015-12-10 16:13:45 -0800
91f8f5b06b6ffa2e410cef13e7178f94c19478e7,2015-12-09 23:06:00 -0800
b0ac9e8d52575aef743197b5bde3079c1490421b,2015-12-09 22:59:08 -0800
86841ebfe3071ec96b6e6e64ae692f85d346885c,2015-12-09 22:22:34 -0800
f4f011e05d77f3d9a264cd6c8c44e48dacfb94c0,2015-12-09 21:48:27 -0800
28ff969d32f0bce0a09b3b045ebb7381d1ef45bc,2015-12-09 21:41:47 -0800
f3ff3f62c7eedc51c252cf96e872d108463cc175,2015-12-09 21:39:07 -0800
1b4181a200024014bc8e6e0fc965f23f0d5c6baf,2015-12-09 21:15:15 -0800
5d89674a9d701a340292584f9249fe3ec4ec4d30,2015-12-09 19:45:17 -0800
e6d6c5c56ea854db20f537c827b53342f75fcc5c,2015-12-09 19:43:44 -0800
40a27a1c101105b61208a9258a0b0066e7b3f2ca,2015-12-09 19:43:11 -0800
61a73ba5bc44c2f0ae977ebac5b5b564aff5e5da,2015-12-09 19:39:54 -0800
8cf4b617204475d8bc15a02b1e3f11767e621885,2015-12-08 20:24:56 -0800
d51a719f2fdbe9a21fb02f2aa3ab4f36087a9c46,2015-12-08 16:08:27 -0800
8724ef7de782d58341fab026a0401841786c826e,2015-12-08 14:27:38 -0800
a692253b687514ce0eb72d9ac8829b2b2965da27,2015-12-08 14:27:38 -0800
13dd7fed48c9f7b0613643226d2019029181df1a,2015-12-08 14:26:43 -0800
8e0dbfc36ee25a4023ea59f0db5cff74a2513dd2,2015-12-08 13:57:04 -0800
c31e865b4905c03eba39f45e5f7b3261f1b1a3ef,2015-12-08 13:57:04 -0800
e060b6dfed1d4ea25c24a9de4291d58c2491c7df,2015-12-08 13:49:59 -0800
b113b7a3585a15d1ab05fe29f3c5c71cabc536a9,2015-12-08 12:44:06 -0800
e7d89fc6590d4e8ef0fe0e7e0e2107d5467aa049,2015-12-05 22:30:42 -0800
edc3f1921635deb620f735fb6dd9e16a1bc38712,2015-12-03 22:13:11 -0800
e38d4a089a7422b2fbe8c710e47f062e597927c7,2015-12-03 20:20:39 -0800
6188253398585fd5c91a2b2f7f031443225bacf0,2015-12-02 22:55:23 -0800
400afcba6454fa7e44a8a54ab990de13ea52f7db,2015-12-02 22:29:35 -0800
6009680cc2af62308dfe0a2313e24c4ce0201427,2015-12-02 20:19:54 -0800
a0e18286d15a51613a838901b5839f5569116072,2015-12-02 20:17:16 -0800
87925d9dc63a79dabe116e5251f4763665b9da9d,2015-11-24 23:35:26 -0800
e2e8979654d84d0d1a8753c686132c27011372c4,2015-11-24 23:29:01 -0800
622b7f5806e0c1e6d4817de622c60b978f2f55a9,2015-11-24 22:01:46 -0800
edf22d6ab148c8699010e37708ff9fbb86f78f49,2015-11-24 22:01:38 -0800
8f58d90ec7bd3958a32e216948324a8789386f2f,2015-11-24 21:34:43 -0800
feaf4007f67f7a7f54e65d5096ce7b1ac3b7a4cc,2015-11-24 21:34:43 -0800
77804b2a9dd3f0b8ac1479497cc40af683a8da4a,2015-11-24 21:34:37 -0800
4e4ba9ac456803379a12629c1c539d703eeb6dca,2015-11-12 13:20:05 -0800
65393adeda06bdce385d2aea55aba515d6de6a55,2015-11-12 13:13:23 -0800
a7746863115a867cd442b43d3f50d1c5710f2e33,2015-11-12 12:44:40 -0800
7298cb7bb7f40465f090ecfd18db14f4034de2b5,2015-11-12 12:43:42 -0800
c22d22f99b48774bd30c8531c7cf98e0994fd095,2015-11-12 12:28:04 -0800
ea871348795ad703b9b1a7ec1102049b2e95063b,2015-11-12 12:27:00 -0800
5cb228391c1ce0aab7b127a3a7c23a36d0753819,2015-11-12 12:26:58 -0800
920ce67beebd3d1635c9b41bb0842c6402c0c15f,2015-11-12 12:25:35 -0800
93162c0c4542a7d5d39816b5a04873ff9ad69a5c,2015-11-09 14:08:46 +0100
db2a00dcb8c5fa418b968fd2b0ab80f698234660,2015-11-03 20:18:33 -0800
34c7ec47987aab9e0da553112c35898cdb70d05e,2015-11-03 20:15:44 -0800
33de8e2f3bb60311cc1493e1a1b120ae741bc376,2015-11-03 15:29:34 -0800
c530865a9560c6639b3541ebe7d8f6af8e53453b,2015-11-02 17:59:26 -0800
600fc081f604e3774d3278e209e578a7783a2f39,2015-11-02 17:37:13 -0800
dc41f58639e3e4bf74910cf8bdebec6b24be74ea,2015-11-02 14:00:23 -0800
ae8161e2dbc1c14deafca7740bd55bd1a5cb3b4e,2015-11-02 13:56:11 -0800
91d47425a94b013df22f377c0e985dbb5dc5212c,2015-11-02 13:50:41 -0800
fe68f44c44645fc9c08d7c639e2cb761f7334774,2015-11-02 13:39:42 -0800
f708e4b20400f85aa646fb44a264a3b200e291af,2015-11-02 13:35:09 -0800
835cb21315eb3eb3f63795c2a603e796f723acda,2015-11-02 13:18:04 -0800
3cc78665e2ee6655c2eddc90ac2fe78202f03cfd,2015-11-02 12:52:04 -0800
727f2980dd96f8f643ed7291be3a2d7a8964784c,2015-11-02 12:05:06 -0800
0476b7a87e579b8c17fab92fc25abe5afd3cfb1a,2015-11-02 12:56:33 +0100
a1071832fb643ca25ba6519423304f5723562d32,2015-10-23 16:59:09 -0700
70785697f08dd0a319dd4357d5d3cd736404a0c5,2015-10-23 16:42:01 -0700
1b0961bee51b7d44e23fa1584530b13c0b57bbe9,2015-10-23 16:29:44 -0700
c1739290022a4dbc369e067c1ea5a2c41df82f9e,2015-10-23 16:09:54 -0700
bd497c40b12c21afd5be0b70ea424daa85fe79ce,2015-10-23 16:03:53 -0700
00bf24791fb53e369affea77f13eef685b7200af,2015-10-23 15:53:04 -0700
80a6e4cac6a96323b5cb46a9fd1d41694fce633f,2015-10-23 15:51:40 -0700
529dccf675cbdf696d433a7dadf72ec9049305c5,2015-10-23 15:51:22 -0700
725e7d553cf4b41d317536675d23e1b8b8d64c3b,2015-10-23 15:38:44 -0700
bf53b5515dd64f7d8779a21fd8f4a2f9761a42f5,2015-10-23 15:22:31 -0700
947e7b100411581017fa012697674d43495a8904,2015-10-23 15:18:33 -0700
eca825c899999f9bfd3ae84328586a4d92e447ef,2015-10-23 15:17:57 -0700
c563fa43b4f2572d6ef78083bb741716e2fea8ec,2015-10-20 15:24:26 -0700
1c7794b87066030490d19ead12cbbc90bc87827b,2015-10-20 15:23:05 -0700
cbfcd8b1e47dd9f0e255176340c6f20e38e7691b,2015-10-20 15:19:04 -0700
abe709a71b808d69633904a2ce130a664bcd3b73,2015-10-20 15:18:17 -0700
b87afb9b5483e3d87989bc8218b1140e99f42b4e,2015-10-20 15:00:19 -0700
8c284399b17fc9cb9818f6ed07dd6beb75368a7a,2015-10-20 14:57:09 -0700
024557feeb6123d18b66ee8c3a4fd6025bf9ea6a,2015-10-20 11:56:38 -0700
638e83a98c756e705d15b38d7d2b9592cd857c27,2015-10-19 16:06:06 -0700
1c00646eb84e48cd02d44bd76185529e0161d8a1,2015-10-19 09:59:39 -0700
3057db60ff2113f38e9481d003abc6f8a3dcd538,2015-10-18 22:07:01 -0700
b9a97646eebe3dc560dd263c67caa9fc603a6eb1,2015-10-17 12:24:17 -0700
c0b2f106be0dad9943855c642ffd1d389d05c5dd,2015-10-17 12:22:51 -0700
6f99b8992699bc006d22a513171ff22995506baf,2015-10-16 22:58:12 -0700
18d8674c6fa0caf557dbde5c590fa123ed1b5f5f,2015-10-16 22:58:12 -0700
58d7fc4e182c457d3a21557e6ac49c8f709466d8,2015-10-16 17:54:50 -0700
50e7c7075fc952f822a5154a07e50b364a13fe98,2015-10-16 15:51:21 -0700
7ae531d3c2e284a3ca1c308a74e94d0746bf3228,2015-10-16 14:55:19 -0700
2a155cdbac5fa3af448e6f14c664d33e6b821190,2015-10-16 14:48:12 -0700
1f316e5e687c637413939e6115c4b67a6f79b0a2,2015-10-16 13:59:43 -0700
4cded89c83a83bbe50d08ebf2ae5fa62774b2cdc,2015-10-16 12:35:18 -0700
c606d72c8a3b4f41f758f8237ad605e61f6b1b63,2015-10-16 12:35:15 -0700
6dc4adf6c9fed18ce287f942f0d0de135e5c491f,2015-10-16 12:35:10 -0700
226f37e7e7e5828dd90e6eea321bc3f86bc14473,2015-10-16 11:24:39 -0700
25dff1a322f815dd9e606d65103c1c6765cab0c3,2015-10-16 11:24:39 -0700
51712f272799fcdbe493d387d4b76b440afbcc65,2015-10-16 11:24:39 -0700
f5e5e901587f1cef2bc4ea21b2cbf91722245340,2015-10-16 09:38:55 -0700
404a9ee77d39e38f4ea304de69ee85b0e594885e,2015-10-15 16:59:53 -0700
74121cb7962b6cd60c0677d335a7d6d03650cf6d,2015-10-15 15:58:40 -0700
e5d1458ef76a8669c678c57f02825b771915850c,2015-10-15 15:25:50 -0700
e71d7e3a4f532f2a96fa0882d22a5f78a9d25812,2015-10-15 15:24:56 -0700
a24e754c803fa7e79dda922c4bbbd799db6ed8f8,2015-10-15 15:23:07 -0700
854e7e81968fd8764226ee0c88c0cab31990c7e3,2015-10-15 14:38:19 -0700
aa2261c2824647c56e011430d7cf3a71f96c30fa,2015-10-15 14:07:26 -0700
83edfb9832e7945fc55db13c2a4854acceba389a,2015-10-15 14:03:14 -0700
fc1192628836b8f59501ad4733d7fe2f7f8969ea,2015-10-15 13:50:49 -0700
e221933e03be50a87d141abbae7574bc62aea077,2015-10-15 13:25:19 -0700
cef124e212af4a7ce404811b59df7801fa9e8239,2015-10-15 13:24:14 -0700
38e62bd28e85834980c96f734030ca371eb59923,2015-10-14 17:33:40 -0700
4b26750a3ab890bdf4b8238bd86f297b37fde3a5,2015-10-14 17:28:30 -0700
fdbc68bb9294d3824494d66aa95a5d260e98b6da,2015-10-13 23:38:55 -0700
03c1ac18762c30f9ce4f634391b453a8b910c247,2015-10-13 20:04:24 -0700
6979ca8e2904d7b27d3e8a51b2d5f373341fa754,2015-10-13 10:39:15 -0700
bd249a2a36d72f9ed69e039fd2f2e2e42fcb1057,2015-10-12 18:05:42 -0700
fdd23036a224675ac82267698df52be133bc0217,2015-10-12 17:31:59 -0700
35a828bfb6290e19ec07fd1064f198cff8a85df8,2015-10-12 17:11:46 -0700
c57893f5d340de89376926f628477135e36ba318,2015-10-12 17:10:46 -0700
27fea9574bd6d5bb920cc20d8f58a5411cc05825,2015-10-12 12:52:18 -0700
3c271da9b420af76d17e2b116978e82cfcec885b,2015-10-08 17:56:12 -0700
3cdcb1004fe727fcda6159d85fa01680463b4b51,2015-10-08 17:55:14 -0700
9b99fd7323f037a72844db0ee029566c98bd9881,2015-10-08 17:55:14 -0700
b02fdb673a841d4788f414138de41711114d8f9b,2015-10-08 14:35:06 -0700
ac71bf553ab61883e6f66569516bb782021ea0bf,2015-10-08 14:00:03 -0700
2ce4fd12adefc0aa713d3e0e1c629c7888889949,2015-10-08 13:54:01 -0700
ef128b492d500a3f970045e91894d67f6f4df887,2015-10-08 13:53:49 -0700
a631aa803bd3a243f9d6fde8e7cb79028cdf3392,2015-10-06 23:06:21 -0700
ae9a39edb92cad8394743e518650d42b2c41efd2,2015-10-06 23:05:18 -0700
1b5663f5c03770d2fcda0c5b82b7ccd64abdde8e,2015-10-06 22:47:04 -0700
189265165aa220c74d67a4f101545bf361e188c7,2015-10-02 23:27:17 -0700
d4f4ec0fb297b4c6fc4ec8ea0c8fa810ae255c48,2015-10-02 16:52:37 -0700
079e3dad8c1df3e5ce4c0aba3f6b186461e0ace5,2015-10-02 16:42:24 -0700
a3dd959dc41c0aafcaeb8f17694741b5f7ab4e48,2015-09-30 17:11:54 -0700
324c800167765b0fbe09dcbdb5ca3f546892ba53,2015-09-30 17:07:14 -0700
572534c6d336d3e68bdb2a548d0854ac84499b8f,2015-09-30 17:06:23 -0700
f0e6da86c9b0268b18e224851b2f5da5eee1ef68,2015-09-30 17:02:18 -0700
df57eac616955478d172c4e81f126faef7fc8883,2015-09-28 13:23:40 -0700
ff5687c01ec3d93d4cdd4ed569a26250dfc41ef9,2015-09-28 12:37:09 -0700
c54001476dc5d47850cc4f62e0f267d97faf7d4c,2015-09-24 13:25:52 -0700
ff255ce977875553e75d5c6d9db1f403e7bc110e,2015-09-24 15:55:54 +0000
005d7897fbc167507a8ec8e5b60e4f3006be63bd,2015-09-24 03:21:27 +0000
3c5f72b288c988a94f72dcb035b2ee83f2da6bd2,2015-09-23 16:02:17 -0700
e1908bf6e80a0fbcd8913fb4f84fcc24dc55583f,2015-09-23 15:46:38 -0700
805c647cddc19ccf5b6e8263e3ba00e7432170b1,2015-09-23 15:22:58 -0700
16d047e81e8055ae1f2be4010d21d382827354eb,2015-09-23 14:41:19 -0700
5de7682cf7f927f5081f967d0a4960f046d27434,2015-09-22 23:33:51 -0700
250ad62539b750eb5b46b7ed72b54819b4420060,2015-09-21 00:30:48 -0700
8cc51113a225944fa32cef1f960a2015729fc1c6,2015-09-20 22:30:01 -0700
82a7af1cdb31910461bea07fa4bba6645a344f3d,2015-09-20 17:48:02 -0700
ed4e07d640a52f4893eda46400c05f2432665d78,2015-09-20 17:43:28 -0700
b890ab17f37333f0e026b9b3d5fae5f71daaccd7,2015-09-20 17:42:20 -0700
dc1fb9deaa6865e558a8fb868147d2b4186e8689,2015-09-20 17:06:46 -0700
8e15aa94db51e9c9059b6f84a65969ffca9e168a,2015-09-20 17:05:55 -0700
1cc41f965a82e68e92ee688c3a7dedd652c7c7cb,2015-09-20 16:49:42 -0700
4e194b0c894deb6bd2af9274e00976879de2cbde,2015-09-20 16:37:12 -0700
e1003b56ba03cfb8458d3e167fc30554180ac1ff,2015-09-20 16:16:10 -0700
d52544859b9d89bb57c85e87003de5de7b435278,2015-09-20 14:17:00 -0700
b111dd609707faf99208d683ead566fa0abd2a5e,2015-09-20 00:15:51 -0700
39b9cf21f2eecfc30cd6717e52ff0d9a8ed8cd49,2015-09-15 21:55:45 -0700
25a5cf27c05be3875a63168d4769e922dd8e86b2,2015-09-15 21:41:12 -0700
76a660fbfed14442bb7cf588031a660696eda1c0,2015-09-10 09:55:58 +0200
1d2ebaa236c46c54dd8dee06625aa4b6e44e49c0,2015-09-09 16:37:21 +0200
af9574f7ed74bd49390c7900a58d7ab81c76ec17,2015-09-09 15:18:31 +0200
a799a2d6d029f7579deff0d9c7369f5947163391,2015-09-08 22:23:49 -0700
edf1c2c7e00e40ed631c59b95df588ebc74fe27c,2015-09-08 22:22:27 -0700
f0b8053c6d3b4acdf0078e6313afca0fad0b365e,2015-09-08 22:03:35 -0700
b6c734ddcf5f0e75191264188da288d60d074051,2015-09-08 22:00:36 -0700
b65de451db3430634deb948d1bdcbc24afb45a30,2015-09-08 21:37:56 -0700
45c6d1d4191f450fa65b6fe5c70566942b3b50e7,2015-09-08 21:33:43 -0700
7148cc93b87b3fc0e3c4d4421af233a94bbe1c6d,2015-09-06 00:09:26 -0700
08aeaf30ae704f25c868e7b6fddded92b5bb684e,2015-09-06 00:07:05 -0700
df919e08f2713b84dea51cd46dab62c65759e03d,2015-09-04 22:12:23 -0700
1d5b47a70a2547b5d7f55c0cc28aeb5f79212384,2015-09-04 21:43:08 -0700
f4a57e6789b616753c367862dce1ce52ea5b6722,2015-09-04 21:19:39 -0700
eac89c4fd420b9a14b4d26ae0cb459ada40c11d6,2015-09-04 19:18:10 -0700
8a9c7ce35f960680c9d83766d731d2bcf82cfd60,2015-09-04 19:07:16 -0700
193f2c676d36fa6fe952463a68398e0464177830,2015-09-04 14:11:55 -0700
de45663624f6e819aabaff7459e4e929c303459d,2015-09-04 11:17:31 -0700
5f5b9f5cb80faf2154cc0c40559464dc499e9eec,2015-09-04 10:48:11 -0700
fa1567f5284f2652388722d17757b39407f40560,2015-09-03 22:28:56 -0700
824b5181e03a344cad27e566885d54b93441c48b,2015-09-03 22:25:01 -0700
69b9a8044184367b55a44d951772d3bb4f6ac96e,2015-09-03 16:38:49 -0700
606b5dc8f2428c814e12002b2b186467363e98e4,2015-09-03 16:21:19 -0700
c82f2312b878269fd95e7ca88fcc6e31d0f5356d,2015-09-03 15:55:23 -0700
df34b87460213547d34e310d4f5af41ba15d2116,2015-09-03 15:44:03 -0700
7a47064cd11ac6fb0511cc4bec51beda328e089e,2015-09-03 15:42:09 -0700
9ec3ddf3571613bfbe848541a4d6cab7fb879c02,2015-09-03 15:36:31 -0700
404909f37cf24339fdb81e29857cf6b3d227cece,2015-09-03 14:15:09 -0700
49c40c0b773fa4232321c7b29a088f9ebaa174c5,2015-09-03 14:06:15 -0700
dbc94261ee5501eefae29d88e88fa414376f92fe,2015-09-03 14:06:00 -0700
4f9440aaeb19e5b6580c607d462ca4c302136944,2015-09-03 13:53:40 -0700
7ea05b14f300c03464f043ed999d427a2010fa50,2015-09-03 13:49:16 -0700
873de9ddbffa876c38483ecfbda7f3f505809156,2015-09-03 13:40:14 -0700
2dcadd584ebc8bf0b7927366edd7eacd8bd6dbfa,2015-09-03 12:41:41 -0700
12a1cded21fae7d4ff3c34dc179224861c4fc07c,2015-09-03 12:37:45 -0700
094059c50df6da12a6cf267305c27264078dc704,2015-09-03 12:08:41 -0700
fdb344ff80c4987cbec1ee015f3076766fd38e9d,2015-09-03 15:56:40 +0000
bcf268f1ed04c581507898e8f3e378e74a28a047,2015-09-02 23:06:11 -0700
bf2a814aae13313633f1ba26af45c780fe6847b7,2015-09-02 23:03:47 -0700
efc17851c52c0b980334d500af15b2f7c910190f,2015-09-02 22:50:19 -0700
85df765d640d32da8b54f3a8057abd2d39ea86b6,2015-09-02 22:49:00 -0700
34e6d20f2a332208c517f28205f54ec3a836ffba,2015-09-02 22:37:05 -0700
549de34ca973bffe49810396df7c8eb51fc76086,2015-09-02 22:34:43 -0700
d679f9357856e339e8aaa961f7cba7b87ac568f2,2015-09-02 22:33:28 -0700
35fa94c8355cda22045e77c4554ad024bb7b67a8,2015-09-02 22:32:27 -0700
62eb014a1e2c700cf41da04d87a95a357f91e12e,2015-09-02 22:28:53 -0700
a7ea7ba6c973528ef8168e2a46bf30c35d476e29,2015-09-02 19:51:28 -0700
ddd144fc47c0ca344a7fab2f00d57348dd66a4e2,2015-09-02 19:51:28 -0700
361e985ae1f817c4ec5bc6743a6a76d51bbc0661,2015-09-02 19:51:28 -0700
36c1c853f946faf3306a4848334131b3bf089f44,2015-09-02 19:51:28 -0700
b3614aef58e103a00dce2703d06c70b3b9745b30,2015-09-02 19:51:28 -0700
d2924a5e79b29432c1762da3c57d6ef8b9b611f9,2015-09-02 19:51:28 -0700
3c46dda5bc9920d124aa8b6b09570f9dd5712c34,2015-09-02 19:51:28 -0700
a72cc118f45b9206cfd616671b1b73cf5b10ced1,2015-09-02 19:51:28 -0700
2ea4b609bb40e1193e697b67745126f967b27153,2015-09-02 19:51:28 -0700
fb39588db56dd8a853085f7b3bb5ba8761e42fec,2015-09-02 19:51:28 -0700
a68243765af123ce501b1359772feb9225406ec9,2015-09-02 19:51:28 -0700
e0a4fc325797a599a245d97700970edfc879aaed,2015-09-02 19:51:27 -0700
a6cab24983aab04397601b1b9202a75c8d5dbcce,2015-09-02 19:51:27 -0700
16cd2ab49bdbe6dbd0ecc840aa9a90f24e7bc1ce,2015-09-02 19:51:27 -0700
7235ed980fd78b329d73deeebb8d82678bafe9b5,2015-09-02 19:51:27 -0700
8f39671c6b16da3b57b5d5d54b1fa8093490d60d,2015-09-02 19:51:27 -0700
09fd512571dcb6ad5f3fe4f890f40a39fb9288a1,2015-09-02 19:51:27 -0700
0f661dfec3678549706995605d00d9bdc587533f,2015-09-02 19:51:27 -0700
ce064cfc68bb17876b57135886e3320a790806fc,2015-09-02 19:51:27 -0700
7a9b3a5cabec457775485bacfa839a0ea481bb0c,2015-09-02 19:51:27 -0700
d03cfbe9db84e4ebe86f703127438ca7ea3a9dc0,2015-09-02 19:51:27 -0700
738f3bb02647a27feb6fbb438c3728dd34dc1453,2015-09-02 19:51:27 -0700
fc211628218d4ae8eba3d6bd528f7fba4d37c0c3,2015-09-02 19:51:27 -0700
b6607ac21e1f420658c43f0ae13ec4130c163729,2015-09-02 19:51:27 -0700
caccb37af303eaeb7980c498f5ee3bf2802d4978,2015-09-02 19:51:27 -0700
379229dee5514a6f4e782dc109d637084af4637f,2015-09-02 19:51:27 -0700
6cbe8be35469c25107e6f18b0e082a2151b26055,2015-09-02 19:51:27 -0700
83318d9c685a08c1b1ba2a10eeacb15caab96f41,2015-09-02 19:51:27 -0700
cff2b7a85746a7932cba5c4b43ae31ce61d92c06,2015-09-02 19:51:27 -0700
6f0079d7788ba9df2ae200272c47cac996928bc3,2015-09-02 19:51:27 -0700
70485286d677cd039617b5fb7a59ee6821cbd4ce,2015-09-02 19:51:27 -0700
40ca19fb3a092e4b5433a05fd64170dcdc4c5955,2015-09-02 19:51:27 -0700
28092b9b23a5091e9d34dec9428a2b0271621528,2015-09-02 19:51:27 -0700
f55f388667315a7c3be406811ff75559b52909ac,2015-09-02 19:51:27 -0700
d6139bb02e65e055b37080d3e79eb15a57c44510,2015-09-02 19:51:27 -0700
a3f8888a27f50ab87e62044bf42aef80f7007b09,2015-09-02 19:51:27 -0700
f892446e03fe9b70bc896d843d069ae1311021fd,2015-09-02 19:51:27 -0700
e75ab6ebd50df506415e22a0a972bffdd6e1e45b,2015-09-02 19:51:26 -0700
6f8ae83ca54e6ba8226b3be64794870b275afaa6,2015-09-02 19:51:26 -0700
f45117e2e37739b22e5e5599dd65b94520e74f52,2015-09-01 23:04:18 -0700
8dff06c819b4a98347b4a3e375486e94ad00a05d,2015-09-01 17:17:55 -0700
71052fa126255d104c410287e43ca724def2dbd9,2015-09-01 17:17:55 -0700
5e5a6487d397292293fc6c65d7986f0aeff948bb,2015-09-01 17:17:36 -0700
5d8c9704a84157a799d5b5fd07162ae3908e8672,2015-09-01 17:14:51 -0700
0d92876d23126207c8fbe267342b29bcab93531d,2015-08-28 12:14:02 -0700
405448116f657203f9f2a1836c23c28a703f069e,2015-08-28 12:14:02 -0700
b0ac5d22ffec3000e892b564e1634ff1e8ffeb13,2015-08-28 12:14:02 -0700
f190f7f1a7840e5a8b3d3b0e2bb0b8849a27b3df,2015-08-28 12:14:02 -0700
7a5690b605c79eabdc049a7d9f0291249b0fc63b,2015-08-28 12:14:02 -0700
343c8e6cd041023c19d3f003ca12bcb1c4253a79,2015-08-28 12:14:02 -0700
15e948138de5bbff533c81b0a7bcfbd7036c582e,2015-08-28 12:10:34 -0700
6eee1e758cb307414fc3b048fb17b6e5b3027ddc,2015-08-28 12:10:34 -0700
90ae5b0e17a21842d1e818d6da78f6003bd07cab,2015-08-23 22:07:43 -0700
843682c3295a9f58963197e52133caa4dda446a8,2015-08-23 22:07:43 -0700
185fb201a821bf1ec9e6cd4ec3eb016eaefbcc81,2015-08-23 22:05:24 -0700
5298523114e5cc2701473f9d6c2ad45433dfbcf4,2015-08-23 13:17:16 -0700
9b27a274412ec0cc3ceacb81e73a7192589606d2,2015-08-23 13:15:32 -0700
5aa871afcd4a3f3be38d661312027112d6c63bbd,2015-08-21 21:58:38 -0700
e733052fa4ed652939ee04ea827a52a7271bc463,2015-08-21 19:37:43 -0700
b253a114835ae2d8393add984510acdebc11599a,2015-08-21 19:20:25 -0700
f015d9aed6278f5a4d19248ba3473f1f24f81733,2015-08-21 19:15:25 -0700
c0f05ba9091a0e77e09fff1eeef2d854f97377c5,2015-08-21 18:51:15 -0700
cc9f1987b44b783ef8f2c2a4386233923aa99cf2,2015-08-21 18:47:53 -0700
def547acc8218f56f082fbe276d8d26b4617afaa,2015-08-21 16:24:07 -0700
cc07e99b8365d8bd1e800989adfbdb3d033ba209,2015-08-21 15:39:18 -0700
622f0852e2b0ffc7f9e9b6b6d75db0230dc263bc,2015-08-21 12:57:19 -0700
4940f8e25e938276164fbc29cfae0dc6dfc368c9,2015-08-20 19:59:32 -0700
222aa93e41453dacc5db854905d71b7fc85e65d6,2015-08-20 18:30:05 -0700
3b94f5d4b3c8c2e9d099c96125b66ea336e3228b,2015-08-20 17:57:19 -0700
1544a43ea3d02c77502a8a47c17c73fa70c0f4f5,2015-08-20 16:39:56 +0000
2a8885678770e9661aa3080622422de8f927bd31,2015-08-13 16:30:42 -0700
aee787f568e2f7f10188a8c3aa7752e35f124d95,2015-08-13 16:28:01 -0700
438ccf7ec471d21b8bcd2b227d13e379aee572f6,2015-08-13 16:22:05 -0700
31fc2d8787cdaa847f4a814c6853fc826da43bf0,2015-08-13 16:22:05 -0700
a0199f4bf46fb451191db58f01ba23f063ab3289,2015-08-13 14:16:21 -0700
f43a0636f353e91cad6f7acfef7e8af18a81593b,2015-08-13 14:07:02 -0700
b3a5ad38f8db63217e14df2fcab078d74d897080,2015-08-13 13:24:24 -0700
6b27b6a87712ee38e9d829f5f50aa71929c7ebba,2015-08-13 13:24:24 -0700
f019a36ccfe016f8bd5ee8f2b27b1aa9cc5255aa,2015-08-13 13:24:24 -0700
03e2fe86c1408f08b26191181a1cef347f8bd9ed,2015-08-13 13:24:24 -0700
a2efb47e3cdd7c7380818f775a01c5f4ef829f72,2015-08-13 13:24:24 -0700
ae642030b381df4f9f5751b8b16c7c6810304ce1,2015-08-13 13:24:24 -0700
96908d424888693d856d484635ace1549280504c,2015-08-13 13:24:22 -0700
3596ca8383346a0d515b26cf899e477c6cb62b29,2015-08-13 13:23:48 -0700
4ae069d424f3965a85afca9621f0879c8276dbb8,2015-08-13 12:52:28 -0700
56d35a84d83aaab1d8f48231406f469bd7dea5cb,2015-08-13 12:52:28 -0700
169be87239e4a20999a418178afedaf99fb796f0,2015-08-13 12:52:28 -0700
e33040d366c9cd1d0d1605582ccdadbf4ef0046b,2015-08-12 20:21:49 -0700
63b31cf0b1f43738f780aeb834619a55ac949f8f,2015-08-11 19:17:06 -0700
d393a833f4ed1f4d506ace8a5316c2f68304602e,2015-08-11 16:24:54 -0700
886c2f3a5058c69ec1f59856d1cc4382a764a7ce,2015-08-11 13:47:59 -0700
0cfcb62195d1b69bbebf9ec842d7665c94f051d1,2015-08-11 13:39:12 -0700
79f672bfa97b3cbe3bee0dd7c3f5a4385fee0075,2015-08-11 13:27:08 -0700
2f73c2032150eb79c9837e3fa0689d9c6eb0819f,2015-08-11 12:56:27 -0700
6c630277284b0033b5ca9a1b355399d0f8172dd8,2015-08-11 12:55:56 -0700
ae23c071cea3069c62f9cd3d22a9e54c6c7b548e,2015-08-11 13:06:31 -0600
e2e0be30fda56202f5f81061942075b868cc0d23,2015-08-11 09:53:50 -0700
6e3fa5fe895a22ce3a27345e6b5d888164819a5c,2015-08-10 15:29:09 -0700
e9dee5c064a2856205ea75fa22d37a3582c4f984,2015-08-10 14:54:54 -0700
0ee7cfa1f371099de70dc5453c4299aca2a5ff72,2015-08-10 11:40:25 -0700
b2305937c5ec87416dffd08170ccd229322760a7,2015-08-10 11:30:06 -0700
4db7034608de9f955e2c9f42517fdd6747db2097,2015-08-10 11:24:35 -0700
2e52382fd9d8cb2f9f92527836ac9921f7c660d9,2015-08-10 11:18:57 -0700
225297746d2ea1befa843d641c4a1b7aada9272f,2015-08-10 11:10:19 -0700
65cdb5daef44854d4a6af1404e0b0b8371d94e49,2015-08-09 22:14:19 -0700
cbb5db9e578c20a891d67783a1df1a8b5361cd6f,2015-08-07 11:25:18 -0700
9c9110d69c1e1382d7c0a97a4cf3167737acb093,2015-07-31 15:35:12 -0700
d535846b087b8ec4a58f269c240fe30d0939c66a,2015-07-31 14:26:43 -0700
4a142652d542010402c694dc94c6d75b4ae2af7b,2015-07-30 18:19:09 -0700
c526a67d7ed865ab4cc145ddc3e4085abcb13c2c,2015-07-30 18:05:26 -0700
e164d5b814c1f2fed2419d443e7244a688874aec,2015-07-30 17:59:59 -0700
022893475f91c355364a7d9ded2c5ff012fd3eb3,2015-07-30 14:29:29 -0700
9c04ea3ed0986533e9a69392fcee6bf600197e7c,2015-07-30 14:22:50 -0700
db422d1fb0263d04cfc3aed2df1a480618077c3d,2015-07-30 12:05:23 -0700
c97769e1da0f075c35fa360997178530de02e909,2015-07-29 16:17:36 -0700
ca516e6bfe367dedea93478e9c01a78f86c68619,2015-07-29 15:50:45 -0700
5f25558ebdd76cd207721d9db3a0157fa030346a,2015-07-29 15:23:09 -0700
b0e7caf8452df5097717e3e13a3413b5e49abf6c,2015-07-28 21:48:06 -0700
05c50e9f633ec015d84039f2de4ed7097a27817f,2015-07-28 21:42:46 -0700
ac9c6dcb33b962f18c8a0b005656086f8fcf5365,2015-07-28 20:39:16 -0700
7d6480272660683c7fba8a8d3e46197261a7a7a9,2015-07-28 17:01:28 -0700
919972f700710108d02736fd5df49515b88409f6,2015-07-28 14:46:14 -0700
5f85b41bbde0ada973ede9e26dcab3f9e33e2d04,2015-07-28 14:36:50 -0700
f3e32233fd3e9e517676bf3063003c6b9593b9d2,2015-07-28 10:26:11 +0200
c887f3a804439b076b13a5248d20d41479fb6f30,2015-07-27 19:55:00 -0700
80126ce3c8ce50fc8a6a213b45ad2cff57b7ea22,2015-07-27 18:55:43 -0700
e4b09fb58e888085899692c50a267166b4f84e80,2015-07-27 18:52:39 -0700
d950e9910189d77792d1611e1ebf44a7689efde7,2015-07-27 14:57:56 -0700
f741c770db3ae9ae0546edfe2d971fc9f7081473,2015-07-27 12:05:47 -0700
34199843d2f6ce200cb2c2d809b96811fa6152bd,2015-07-27 20:57:11 +0200
854c2d874bdf0f17817ea0a034bfe343b8b3c4bd,2015-07-27 11:03:21 -0700
03ab28d198c3e7bda3763d0de5d4d5c0d969c343,2015-07-27 11:00:33 -0700
189ff3207387b585b35359aa5484212f6e39fcdf,2015-07-27 16:50:22 +0200
c4b2240d57e024106843538dafe6cca3be02bc6b,2015-07-27 12:16:42 +0200
c4b0ad01d305d641974bb3ae0d87bfaeb5943563,2015-07-27 11:19:34 +0200
f69e92ed63f320da4cc6b8d686e69279a12c3493,2015-07-27 11:04:00 +0200
a511e51a46d3c03336242c5c9934413ef07d82cd,2015-07-27 10:51:02 +0200
dedb4d67ba70f471de91ca5448597e032d8fd6a0,2015-07-22 22:00:42 -0700
d948aadc9221c019e0dcc7eeadabb1be725bba00,2015-07-22 21:53:44 -0700
4b3969699c2cad2c4c9bba9e4ae2890d27c9f350,2015-07-22 21:48:22 -0700
615d56e388cd6e80b93ecce74bb61d402a96a321,2015-07-22 21:43:30 -0700
1a837b9fee5d56edd32461829f3c7e3ccfb9b1df,2015-07-22 21:37:09 -0700
df0d6710a6f9cc818d35e0c27e3fb6533bff1cc8,2015-07-21 19:55:44 -0700
10678b357e373edf66b262b675a426f19f87b5a8,2015-07-21 18:43:06 -0700
f1f5b00053ce58551347007126ce1c06d80b7af6,2015-07-21 18:41:43 -0700
c00525340fccf51ccb970eee05375576691faff7,2015-07-16 17:56:08 -0700
e1f9539df22f31068108972dc7d6de5b70acac7a,2015-07-16 15:15:21 -0700
87acfecb1bc6bd5775832f6d7f2a6d917832d264,2015-07-16 14:49:12 -0700
d4b03bc499038c64810d9bb50200dee7798223e0,2015-07-16 14:49:12 -0700
d59ae6ca220b454d55bad51108b0915f1ff69366,2015-07-16 14:49:11 -0700
ff45819cd153e94f67cfe2b0e1f36901266395e9,2015-07-16 14:49:11 -0700
39b47de3cf03ea88348fdadc28ede886e48d7407,2015-07-16 13:37:47 -0700
8537496b76ed1cc4c79c7455143cc93df95858cb,2015-07-16 13:07:58 -0700
f188866288124327f3d1d721cecd44df6a27e334,2015-07-14 17:12:12 -0700
f55aa0cfeda801a9ba4313f48ce7f2b3fa8d1a90,2015-07-14 15:22:37 -0700
4e1bd0530f92497571c5800c1ab25ad0938cae5f,2015-07-14 15:08:30 -0700
1ac2986b9311c1ad8c4f79c490befe52f2b38ce0,2015-07-14 13:36:10 -0700
8e1d8b8af9f62d852c79a54ffadebecc7577202d,2015-07-14 13:20:44 -0700
7efbaf10c3d04d87ad1d74e504bb1104dcd4786c,2015-07-14 13:11:09 -0700
d60370b2d3edbec20c2ffe283e3c76b04029b906,2015-07-14 12:54:18 -0700
30b62f2cfb7aadd4237cee95b6e7776de8e707dc,2015-07-14 12:51:17 -0700
293dface8993e71beb2e43fb9564717b451063db,2015-07-11 13:37:38 -0700
f98ff0b98eb01e71da89f7bbb178d4194465853f,2015-07-10 21:16:19 -0700
10e266aea92d7598148123ba730d251bf83b57b2,2015-07-10 21:15:52 -0700
1060d7b48e09c51127948664fecddf1c544fce85,2015-07-10 21:15:27 -0700
4403663925b210861fd13dcbbb3c42f349e354a3,2015-07-09 17:24:01 -0700
5406b936f3e63009e8a26540ad7db9f6a04e1b0a,2015-07-09 17:05:30 -0700
f9ccd4c87ba8b7691cba5befc154a4c7e5479db3,2015-07-09 17:01:32 -0700
e60fdd58a8e58e2b851e0944563d102b7201785a,2015-07-09 17:00:15 -0700
95422136e00b7c01429f914616d5cebb6967679a,2015-07-09 16:57:32 -0700
7293dab3e164bc1d1c493a3ce794d04d230db5d5,2015-07-08 10:53:19 -0700
7aeb16f31ef30e64b0aa78fea1f2a5b2ea705682,2015-07-07 22:11:46 -0700
19eb4e39710bfe12749b032d02067c09bea89075,2015-07-07 22:06:37 -0700
8d4e413e2c89d3d1d88fbfe64dd1110e0323cb64,2015-07-07 21:42:07 -0700
c3b6d68588d8fe166788cd0378b4f152e4a36edf,2015-07-07 21:27:26 -0700
9d0703125adace8b276b93a34d004c099c791aa2,2015-07-07 21:21:18 -0700
f3573f0a59b20f7247e2a53ed85b15ed38aeafb1,2015-07-07 21:18:58 -0700
b453f14c5ed364a9223359fc2b9a13254e8d60ff,2015-07-07 21:02:19 -0700
a61f7e8e3015ccbec386d9b408fdffc99147f2bb,2015-07-07 20:56:33 -0700
3d3149246af6fdb31db90b56d129a8b07981e40b,2015-07-07 20:33:02 -0700
198951a3d9c81bed7815d72d61d72f5d17bb56a7,2015-07-07 19:41:21 -0700
dded6644f875a6d3aaea8368025857178e196c8b,2015-07-06 15:00:54 -0700
be36726a9b01c99103f9ccb9ce50f96e47548212,2015-07-06 13:45:01 -0700
fd3619a41d0d7dbcd8ef4c1086b817bbb927a204,2015-07-05 14:06:09 -0700
a7366e88b3f65ae0ef21711d9edbc4bbab13263c,2015-07-05 13:45:10 -0700
05eb8da0ec2b4fcebfd249c9f71b320a768604ca,2015-07-05 13:42:56 -0700
e6886f7bbfeb70a3b65845992aa3438f69e30a81,2015-07-05 12:45:09 -0700
68163147977c1e94efc7caea3e7ddc67ae3f30e0,2015-07-03 13:12:18 -0700
daf52dee5e17cd139d2bdc4caa6ed3840ccb4f34,2015-07-03 13:07:19 -0700
cfd3710bf2e298b93dbdfefd551a0df12c62acb0,2015-07-03 12:40:11 -0700
94b022b51307e7d84c98c6d3bf8faab9cdbffeec,2015-07-03 11:55:10 -0700
6edb954501ae9fcbd5c6ed75272897e088af814d,2015-07-03 11:47:22 -0700
d265c814e1bed730de7d765ec69ae288b3e17319,2015-07-03 11:44:51 -0700
e2f83dd306fab80286c035fecc46085e7a27ef58,2015-07-02 23:08:17 -0700
149fba67370b130110b27bcc8ac03c5fa9c99207,2015-07-02 21:39:09 -0700
c673de30e18ba05f5555997227a012a45929ab2e,2015-07-02 21:39:09 -0700
0055cf71ee6df7cd5c80b4b03e48e1d52119b441,2015-07-02 21:39:09 -0700
3109fe8138e1b611a092a963d6d5ed75b8be0b97,2015-07-02 21:39:09 -0700
1494f2d46cb3f9c44d11600da2fc96faa70113cd,2015-07-02 21:39:09 -0700
4c589c0f34dc1a97f8c99d3cb16f903a5f2cbae9,2015-07-02 21:39:09 -0700
c8cfbc2e96f040b400b4ba52be70897b36e11ed3,2015-07-02 18:48:37 -0700
04a303108dd44990aa86b38a70da51b138f6a023,2015-07-02 16:12:17 -0700
076a549754183f043df68ae4a166e43199c77df2,2015-07-02 15:28:34 -0700
e973f7de6b0d6e89556d8dab8645a73371fe0ade,2015-07-02 15:10:38 -0700
7a88c98dbad37e53de3fa328678cf02679f2aa74,2015-06-22 14:44:21 -0700
4ec407b6b66d53159569db19d3c8aa409603be64,2015-06-22 14:33:11 -0700
88a3f12a8bd890762969d4ec5018975a7627945c,2015-06-20 16:06:54 -0700
fae71e44f6986a0f5ecec391c36e4fa321e5c1e3,2015-06-20 13:09:11 -0700
d332b028e3d3a022e4f1cc74204594bc07222ba3,2015-06-19 21:38:56 -0700
d37d3914c9cab8696c0f93de61dcd630542efc73,2015-06-19 21:30:02 -0700
83f6c00b216a9105b69a47e23a1cf1b9be95ef2f,2015-06-19 09:57:57 -0700
cc409d0b36ded3c5c0214414bb145959e352aa55,2015-06-19 09:56:12 -0700
3c1580ce77d095495cbfcbadc5a8c0fa3b4eb19a,2015-06-19 09:56:12 -0700
ab7119311d0e7d8736080d245b3208e649b493e5,2015-06-19 09:46:00 -0700
8f8873e4e585a43c92a249e5c69db6d8a03ecfcd,2015-06-19 09:43:33 -0700
00ee57a415787f0e8a4fc626cedfda8d9a31e32f,2015-06-15 10:04:54 -0700
73f4ae9d72195877862c4d6fadd1dd709b38d2a0,2015-06-12 17:10:05 -0700
027fa1d85e72352e3b9c634ae48ec5c0315b9672,2015-06-12 11:12:59 -0700
19e4b5496fb63d222191250de18520fe3e04ca7f,2015-06-12 11:08:06 -0700
26bdd3b418fb9918d7d6cbc64bdfb688d0c27c19,2015-06-10 18:20:08 -0700
864d56769a128ac98e657a18e00e57dde8c1cf0c,2015-06-10 18:17:01 -0700
f0eb91b2ee09de84b85a03b585aad0d25a8bf600,2015-06-09 11:59:47 -0700
b078804c8750bb172073249d4f76ce453ed76be6,2015-06-09 11:41:01 -0700
c215b32fc4fa5a471569219b9073fc188f55395c,2015-06-08 16:49:42 -0700
f41c7a7b1a4e75fc8893bce32bf751e6b6453e23,2015-06-08 16:47:22 -0700
7171f86f372520c061ea11569a60025f6825d3e0,2015-06-08 16:32:15 -0700
dcd82f9e63d980731c148649d7b50ea9ba549ea0,2015-06-08 16:15:31 -0700
4eb5989c18c49a4c3150cc6a2ec55cc55d1bf4c2,2015-06-08 14:33:44 -0700
9ac64441cdfe94f50697e58f7b2ba6473427b41a,2015-06-08 14:33:43 -0700
68af0bab7ea5b6072957f9c8a7925f9d41cabccd,2015-06-08 14:33:43 -0700
a532e22926c5633fa7f8c9fb25b1704d6928603d,2015-06-08 14:33:43 -0700
0b8b67026a4ed8bb2ee4b5357519c9930100409a,2015-06-08 14:33:43 -0700
b53bd3ca4f34301466ea022d5a084438ffd7e8c6,2015-06-08 14:33:43 -0700
6ea589b7e87125a0e613473d0ec0b003f8ddf73d,2015-06-08 14:33:43 -0700
de6c5fd4dae3a7991742ce5c7973cfffbd71e328,2015-06-08 14:33:43 -0700
7826039d1fcb51c120d6842348daebb0fc073d7c,2015-06-08 14:33:43 -0700
02ffe81f2c70cbf2a0252cf89f8451303a19ce49,2015-06-08 14:33:43 -0700
a3d32032113e396145ce277aa808c8020d14644c,2015-06-08 14:33:43 -0700
4c0cf58d9f34de3406555ba17901aea913f911a5,2015-06-08 14:33:43 -0700
91fb8e3c8852dc0b2bc2bd437c5d09c1077fc442,2015-06-08 14:33:43 -0700
904e54090f8a5b85e391f8c6e6395927741c30dc,2015-06-08 14:33:43 -0700
304e150a1e3ad0e67a8a55422a2bb85847486948,2015-06-08 14:33:43 -0700
85dae9e52a80d169584f3341e62fddf855d6942f,2015-06-08 14:33:43 -0700
7a3503a40e64fe8a5d5c45335d9f2320770c64fe,2015-06-08 14:33:43 -0700
542c87d63169106dbb60081336011f1ce8faf57e,2015-06-08 14:33:43 -0700
e51363f9c510a255fe089a0254cee43736b6b74d,2015-06-08 14:33:43 -0700
10aea5d0a39f9a73f85921bebc3060190df068eb,2015-06-08 14:33:43 -0700
368ceea080830c4b094962cbd6dcf247c02244d3,2015-06-08 14:32:14 -0700
a96b7756a9688c5c1aef36a3049b6c079202e310,2015-06-08 13:02:45 -0700
34b2fc9d79b686364f998f04ae44af5ad53dc513,2015-06-07 22:09:41 -0700
405e1c21fe304633617dacb948f6ff900bcff0e0,2015-06-07 18:15:03 -0700
1619e13375573fd53f914f29fe6bfab58d36a9c2,2015-06-06 18:19:04 -0700
ed744d9d1da4f3961857938fd72651a01af3d4e0,2015-06-05 19:39:59 -0700
f711baefab7471d7503afe20438ea26a2d2bc879,2015-06-05 19:39:21 -0700
a0bd737ac61b211b9304a079a426cbf0ef641016,2015-06-05 19:11:23 -0700
e5ae8802e18a0828735aa83534c785b7f82552b8,2015-06-05 19:10:40 -0700
cb44a4d79d4c34b1fae267ad56345f7a85fdbc30,2015-06-05 19:02:06 -0700
b3e5827dea8c0d774397051376769fc82fa02519,2015-06-05 09:18:05 -0700
2b9ff2cd44510ad292c67106b3e67f9048b6bba8,2015-06-05 09:17:57 -0700
48e10ab69a6e7b6f911608c8dbe7215ab9067924,2015-06-05 00:09:52 -0700
d292eb94ea5eb317302576425f0d9e92ff90e25f,2015-06-04 23:09:43 -0700
3ff551f23a8a631d3159a964fb0239c14e6e39bc,2015-05-26 16:25:36 -0700
3a619dbe0ad5acc1fa75fbec4a4b9ae39acc1c1e,2015-05-26 14:50:45 -0700
e7574c0276bcfd5e069a98d32aaf0a563c8a3fce,2015-05-26 14:42:51 -0700
c3558a3ae92d9e5ccb8bbe1577d5737cf97c4220,2015-05-26 14:38:30 -0700
e31025273ab6e0fb5957675397fa49f62de5a982,2015-05-26 14:23:01 -0700
f08dbacdb2d052a0c8093c11ec477b877cd3bc6b,2015-05-26 13:49:09 -0600
c8c12663b356f23e809de5d9f02b8ff62362929f,2015-05-26 12:42:57 -0700
b64c4f3b94f3ac98ee750e5631db7913bf42bfa1,2015-05-26 11:16:09 -0700
1e0f1941265978a03d4b241777636d24489a6747,2015-05-26 10:41:14 -0700
43fab89ecfb17619711b1eec61a4feeb717211b9,2015-05-25 19:56:53 -0700
96f5ab1bbd8f0e012cdd982305e4ce8172f8ca98,2015-05-24 21:26:52 -0700
dfedcf3058538c294907091ba2a62aa2c085632a,2015-05-24 19:37:07 -0700
a4a2a3762305e589325b1e0f17320c8c87987505,2015-05-24 19:20:36 -0700
191bc0d465e4fbbf800a8b3858eabf7e0d0caf1e,2015-05-24 18:48:52 -0700
c5364f4bffcca84e68b1be24cbbc5b440b893fa8,2015-05-24 15:56:49 -0700
7d13731ffad668bcfccb27b820aadfbd003e4b37,2015-05-24 15:37:28 -0700
9585d0fc6ca62cd2a1d6242c173258e7cd66e87e,2015-05-24 15:01:15 -0700
75f6e75176109936d399375cc8b4b611a957b626,2015-05-23 21:29:42 -0700
7a20a33e95f8232fec63f8246193969444b91aec,2015-05-23 21:27:02 -0700
2ec70f4ecea0bbdf5f63b08f7849107f5f4f3a45,2015-05-21 23:25:22 -0700
4b3197f57a03a48c13684f79746d19241efd31be,2015-05-20 22:41:08 -0700
d7690d1ad867a9c158d41200d33668b4ac6e5cc2,2015-05-19 16:34:54 -0700
1a0726724f1c17434831b5029376725f57f6896b,2015-05-19 16:31:35 -0700
09d599c7591b98fb2b7f495dc97d510d60a3d5a9,2015-05-19 10:11:49 -0700
e06a5fb2c48d945ae154e3cf6ef01d6dcc2d82c1,2015-05-18 21:29:18 -0700
c10cbc3a68bd81d49db98e73af1adf663cd6e32c,2015-05-18 21:24:21 -0700
4d9fee7f9ddd4c2c804c62d1d3cdca57e899dcf6,2015-05-18 20:11:44 -0700
eb83f17c019b9226afbe9391d00b9f1f26d3ac11,2015-05-18 20:10:20 -0700
47889e3f3f267486621288861fd70810117454a7,2015-05-18 19:44:41 -0700
50debbfc78ce40fb3962e48dcced059ccbd5b6e9,2015-05-18 19:44:41 -0700
94019bf838cf629ec93a19cc0a82ff6dc5851d74,2015-05-18 19:44:41 -0700
d46d405e3ac039eec78da7177373bfddcbb8786b,2015-05-18 19:44:41 -0700
79e6c310359f0c3ad0649104c5032940ccca3175,2015-05-18 19:44:41 -0700
06011cac624e6ca547c437da313b198f623771b4,2015-05-18 19:44:41 -0700
ad28ca6da6c33779eb99f9b4cb32cfe7821957a4,2015-05-18 19:44:41 -0700
ee17c99b2335c8cbfb7dfcfed7680a9ae1ec5d19,2015-05-18 19:44:41 -0700
88bef64d366b126317c2c2c2437f27bc0b5bd30f,2015-05-18 19:17:10 -0700
2d8b092681d21d1195fe349112b927987f7dbe3c,2015-05-18 19:14:38 -0700
8d33092c357b62da8b181046e8bb9506820ae885,2015-05-18 18:46:39 -0700
654b85c2fea2dca516bf5820ba061d9f3e151896,2015-05-18 18:39:13 -0700
38bc2676980b4d44905d1fba89eec36bdbb736ef,2015-05-15 11:04:15 -0700
d477f7fa6eaabda5ae70506aded6be15a30f80db,2015-05-15 17:39:17 +0000
f094dd4c4ee5156c94ff64345a40d2837590ae28,2015-05-14 16:56:44 -0700
51d3fd20302d7f94cfb4552f4c7f41761b6650f5,2015-05-14 23:51:02 +0000
62b3028cf0e33b8e113761450c7dfb1da3672fdb,2015-05-14 23:10:19 +0000
60b10296535def7fe3ac77bbb114c0e780643355,2015-05-14 22:22:22 +0000
f879da6ee57486daaa894e4c5843aafc14934cdf,2015-05-14 22:20:38 +0000
2b021ad33a2abdf8504288a1f53955e9bfb7556f,2015-05-13 21:55:35 -0700
13fa327ba423c52f11f781294f06449b76f8fd4d,2015-05-13 21:50:20 -0700
f354e4b4635b9c3b3ed405113b60ea0b76aed3eb,2015-05-13 20:44:39 -0700
cc6002f1a1ead4aee7e73f3356ac0560f447e9f6,2015-05-14 03:35:24 +0000
d066d58ee1fb2af62d01109fbe9729651edffd37,2015-05-12 13:59:30 -0700
2c027e9cb21b161df970e8baebccfd645e634744,2015-05-12 13:59:10 -0700
190f61d92761e9c9507c9e1aa169d861c53f2ec1,2015-05-12 13:53:32 -0700
5232dac8962ea56db25d34150bbc0e4f105d32cf,2015-05-12 13:52:42 -0700
abd3d381f939a6bb76496583c4eeb239be5ebf26,2015-05-12 13:40:52 -0700
d0d492faec9f16cc07919f2f9e40808d06676453,2015-05-11 16:19:55 -0700
ab5fa56577b1a214c9f74230421c4073ffebe661,2015-05-11 15:53:00 -0700
3411c1b45ae19086bf4d409f4745f1370db5f970,2015-05-11 15:52:36 -0700
acc8d996fcdf6c736bd8d1c7b91dd5b6b79c41df,2015-05-11 15:34:02 -0700
502684157335cb476d23ce7bdddb8a42506a8a60,2015-05-11 15:32:21 -0700
7352ce12ea55fa2f67552bace084b5003c401323,2015-05-11 15:24:14 -0700
8cbad4e1510820e642a6ab8f0881ca553f2593d8,2015-05-11 14:43:33 -0700
3d924873f139c84895961a63edcc0ce4cab4939b,2015-05-11 14:25:02 -0700
b1b62aa2b4f8fd050a6cebb6f29eb970146dc0f1,2015-05-11 11:14:02 -0700
3bcfea76f2ef18affa473e1d24fcac08ba9bb702,2015-05-11 11:12:20 -0700
815a190fd4a767557c6ea4bc62e7dc92ee446845,2015-05-10 23:18:01 -0700
ba639f9e505e1532f532964a06d7afb4e2d4c524,2015-05-10 22:58:16 -0700
685694aff4b0c2317eab64bc0104de925294931c,2015-05-10 22:57:58 -0700
8ae9a2e28c30b3b21cd40c929535d6f626db886f,2015-05-10 21:12:31 -0700
6b4e798c6c6ae3a4a3998383a7054f63dd3c8921,2015-05-10 21:12:31 -0700
9419356433f76598d93d6c56c9769729b9d69f19,2015-05-10 21:12:31 -0700
a92d51f166372aea11f8db0e548ee99c6fe3bb29,2015-05-10 10:46:47 -0700
4a91f57abbdc7faf0da8442f76c6c4b45cbc3a5d,2015-05-09 22:47:34 -0700
5755e800d3688833d0a9fc0785197de11c05cc88,2015-05-05 22:00:48 -0700
03ae5c1725d8a2e248934632289d58adad4bd3ed,2015-05-05 21:58:59 -0700
78efb5990a714151e0ab0de646c4e1834eb9897d,2015-05-05 21:55:34 -0700
a7f525cb882a1f194b6762f5f55e00b9c5da5b21,2015-05-05 21:53:00 -0700
f0cd21104335eae835b990bc1ae1bc0ce9d9b465,2015-05-05 20:09:37 -0700
d8512531c6d57ecfc029a8a4be9a7815ac241c23,2015-05-05 15:53:50 -0700
3128b69db647097eb843dadbcb570fffa2cf6970,2015-05-05 15:53:44 -0700
0ed3b9a99230ed05d95b8d67e53e519fe05698b8,2015-04-30 15:39:38 -0700
bebde4720c87842cfbbf0766984e7a9da4c1d0f3,2015-04-30 15:28:07 -0700
0ee15eb4748174e72d493c815389c57e011a308e,2015-04-30 08:20:12 -0700
442518b01bdcadd608933ce31d3ee1471c0cfc11,2015-04-30 00:26:58 -0700
53f85222013aebd54a6fcc2460874eb6570de4fb,2015-04-30 00:24:55 -0700
5e9efc1c8b1ebb5056af03509b655f428ab01e1b,2015-04-30 00:21:38 -0700
fe95106fc31bf2fa3f749f01fc5a990347ec0751,2015-04-29 15:37:11 -0700
f9911a32883ea773cbe86bf5fb71880604926cc8,2015-04-29 10:13:38 -0700
c7625fd0026c2c1a38285653a4d760d91cf6214c,2015-04-29 10:13:23 -0700
4defd9b22bb1d72c4e45edaae8641032d488bfaf,2015-04-28 21:47:33 -0700
9a276e1232e111ca860404abf134fad8397f7898,2015-04-28 21:37:21 -0700
5877848796b6a39bc6bf0173fa655931c570ca7d,2015-04-28 21:32:34 -0700
2e78137c1a0a947302ac21b2acb69b80b3ba9b65,2015-04-28 21:06:39 -0700
df433eb4e1fbecd6e389cc6d81ff9aa13e08aab2,2015-04-28 21:06:08 -0700
110c736ebfcb7795bdf01f5f1880a741f94d132c,2015-04-28 21:01:57 -0700
dd5e055f1c210cefa4b0dd0f60d937becf13efed,2015-04-28 21:00:47 -0700
d8e74fee6ac2207a68bd4a73dce7c431e6cb2c06,2015-04-28 20:53:25 -0700
8e9aa3673279ddd38e1acedda2bc461a7c053152,2015-04-28 20:46:10 -0700
7666ff6547d3bd291ff6c58362ebb81b1f630a72,2015-04-28 20:38:43 -0700
146f59e9c0103a4886c879d1321635d46970ca49,2015-04-28 20:38:01 -0700
fa130a8e25b349fd636371c8399d16407ef7db5d,2015-04-28 20:37:32 -0700
741d25291f5b90492da5a7da705d720db2630381,2015-04-28 18:57:25 -0700
abc8726b2268a36c965e25f76acbd3a887b4352b,2015-04-28 18:53:58 -0700
eefab3777544d98404bbb12729f2b745f65a7534,2015-04-28 18:47:42 -0700
c58935398ab9427bac602fc1e5a8b988b3145529,2015-04-28 18:43:56 -0700
6ae278fde52dce93a8563659cb1522519224a4d0,2015-04-28 18:37:20 -0700
2a1eb4dd7030ee6422c732e3173c5aa75de87060,2015-04-28 18:36:54 -0700
6f99e3f1ab5a01e08734d08b030c9204dcbe88f0,2015-04-28 18:15:35 -0700
75544418691f3457683bccf878cd900273ddb7c3,2015-04-28 17:38:57 -0700
ddf44817c8dbd632dc080380c42002bd1dd9e6c3,2015-04-28 17:05:08 -0700
3e1e59c58f5e4523463c47578a4d40920468711c,2015-04-28 16:41:08 -0700
71e219842050091d659e3933a75a9950ae65e66b,2015-04-28 16:33:17 -0700
181290f1f5ccbc3661d3b0f40a3734862dcd42bc,2015-04-28 16:03:59 -0700
ee83060bb5ab401f52a1f6a27e266d9e65056dc8,2015-04-28 14:56:00 -0700
29a0bc6387065852fe9ea02609e639fefeb8b069,2015-04-28 14:55:09 -0700
16072bd4d83ff02bd98b95fd6d476ad6555bf69d,2015-04-28 13:08:23 -0700
c899ace33f3c72ddea1d4ffe5cd809cc0c11cc4c,2015-04-27 19:21:54 -0700
b85da4b2010600e214db082352cae8cd7361b1ad,2015-04-27 19:21:27 -0700
5080bc6373e7db8d2c4ded392245da4e87ac91db,2015-04-27 19:21:04 -0700
51fc2a01b3b149c3d0535f78f5e2dcd8cb2750af,2015-04-27 15:07:00 -0700
c3a4c072cd26f203024466e297f36c3173475db9,2015-04-27 15:05:50 -0700
1b5968fb34935c79ebc5c3e995c4c9d600ec7738,2015-04-27 15:05:50 -0700
17fd23baf05aca1fa2ef7a5fb441f3153d6ef639,2015-04-27 15:05:50 -0700
04303d8eecc750fadc475a09c4984e0d41511d8e,2015-04-27 15:05:50 -0700
a0ba68fcafb46da9cf00bb4b7efad3ac12e7fd0b,2015-04-26 23:42:53 -0700
4eadf19a9158372216a6ae26b646ef4158ff9406,2015-04-26 23:24:24 -0700
67424f693eef49e10a1baa8aa6b2d8f7cdde28d7,2015-04-26 23:17:44 -0700
2e2cd76a9c11fb8330438a7a1cabe2986aa755d2,2015-04-26 23:10:32 -0700
12edc7a256d4b59d829cf879f69c1a6b59c89319,2015-04-26 22:58:37 -0700
fa6924666811be2ab2f304f3148670cfd5d4b6b5,2015-04-26 21:43:57 -0700
81abdd0d3dd83f51cb11b471f7574887d0f26923,2015-04-26 21:11:36 -0700
fad3263909a8d318a52cbce78d48f2a9aa186548,2015-04-26 18:46:28 -0700
ae3cb3e81c5d081ff75a3e872cf46435a3b68ae3,2015-04-26 18:46:28 -0700
62edc38237cd709ab2db97fe634ec576c1ee49bd,2015-04-26 18:46:28 -0700
05a6127fca70ab0994edbb171769279726b481a4,2015-04-26 18:46:28 -0700
5fc0ff66b597494243fef734cb70c27e8f81b520,2015-04-26 18:46:28 -0700
51e9ff77e5af2e92aa7b54228d367d10bb842f38,2015-04-26 18:46:27 -0700
b74c05b9f7fcbcdba3e9a5f804f0fc74238fc4bc,2015-04-26 18:46:27 -0700
24535446b11f56b84b5a6b84d1040162a5995da6,2015-04-26 14:29:23 -0700
67624e190c79193e1dbc008b05039f5662f250c6,2015-04-26 13:25:34 -0700
990950da4d9c9d0a2939b22a00c49305b2b70252,2015-04-25 13:22:13 -0700
da468c6ac9337dbee9f1a7a9344d2a34852db827,2015-04-25 13:13:08 -0700
6463a047bb1b46efd7c7e24e561ac83ebe72ee9b,2015-04-25 12:56:25 -0700
b7eec98a2fe19076f7d4cd95f941688d538c126c,2015-04-25 12:51:52 -0700
df5741e934b2ef3b751d9bd48a098f97510979a5,2015-04-25 12:46:33 -0700
9b3312f18a9434c70e69d752f1b24bff3fee8d1b,2015-04-25 12:42:08 -0700
5af04196de5fb4142f0f7abe75d6d6564d837607,2015-04-24 22:22:42 -0700
000d001c3eeed685311a7be135393bbd3eb89912,2015-04-24 22:19:38 -0700
20d51309b54b1eb5f54788c4525004739284623e,2015-04-24 15:51:45 -0700
1c14f73a1df172a3b519bcaac891c71e5a8b1f5e,2015-04-23 19:04:15 -0700
39440be4ff132c30b1f9a5a784fb6fe876615a64,2015-04-23 19:03:52 -0700
e486c32477fb0249c3d9df07cb346e3f6ff60f0c,2015-04-23 16:18:17 -0700
d1be55809a608cc352ed48ceb6b2c9d371d3e486,2015-04-23 16:14:09 -0700
592ce3b8d305a6b84060010be6e33dc0428db8b5,2015-04-23 16:14:08 -0700
afd9cd8032a85e4d32cf1dfb47230b5b6e832fd8,2015-04-23 15:28:47 -0700
e162bef02cc58c13fb0274deda2887d02f86beaf,2015-04-23 15:28:47 -0700
e917f8d3769c839a4bda3b2f84fa147fe33c35ee,2015-04-23 12:06:28 -0700
7c542e8de8598e2c8d815a77dcdcf17af88e65b0,2015-04-23 12:00:37 -0700
35c5d846ce3c74d22c3c9c5a1ce59de5f9fc1fe0,2015-04-23 11:44:13 -0700
0a8edf2e4c1dcc954b4410f6b1009fd1af23df04,2015-04-23 11:37:15 -0700
9c2415880ce44be228824d4699e1d1a3e37cb16b,2015-04-23 11:24:42 -0700
b114dbaf01feb1573832c8d33d2031e5c6c9af44,2015-04-23 11:22:48 -0700
07789a08acad93d86b3f95799f101b38b6295dc9,2015-04-22 22:53:34 -0700
8e3e27b8cd32c40d1c362089eee059a9cc50b06f,2015-04-22 22:52:23 -0700
c2b23027080e7b200358134e070b0c8bc0231cd9,2015-04-22 22:39:57 -0700
57888762837e82d601b07a0f10deab8cdbd669c2,2015-04-22 21:13:46 -0700
3ea93c30b07782fbb790413822c386cbeb28a578,2015-04-22 16:03:20 -0700
4215cd4f1e265c75fd7ad8999ddd6f3e65fdc4d5,2015-04-22 15:50:46 -0700
2650c4087eab7a5cb1a7b81bd17d1a40aaa6c4db,2015-04-21 22:31:53 -0700
fed3fdf0c41b80bffc6654c31f33a944631caaaf,2015-04-21 22:07:45 -0700
03f17c6223e14bef3195788ad25bd70dc6ff0fb1,2015-04-21 22:06:46 -0700
dc88c27149ba554b7801ff45fcabd88a70d72310,2015-04-21 22:03:45 -0700
419e936c820140c825a83f65c81b94d722c7d152,2015-04-21 14:11:29 -0700
db7cba1884a37ef8f3aa9d9dee26ced8dfb45a54,2015-04-21 12:30:25 -0700
1000bcb8669fbfcb11c3f31fd8059e2d547e3985,2015-04-21 12:25:32 -0700
f29a24ad68421c74d44b3df3a0989cd296d7550c,2015-04-21 12:02:01 -0700
872aa38498d0f673e29a094b35d1de7b4b4e7644,2015-04-21 11:53:30 -0700
a97145edf65e1b3527cb7817546cb5b313199dcb,2015-04-20 23:33:19 -0700
999be47b205ccf2572b435d2597f842418a33263,2015-04-20 15:46:44 -0700
1010552c69c84609049c2b38fa0e704939c3636a,2015-04-20 14:51:29 -0700
74883ae121c9dbdf357911f31149754076a0df11,2015-04-20 14:49:56 -0700
c80a203e976d0c35cc643c3acb0e8e8deed35ad3,2015-04-20 13:33:20 -0700
2537b3d8eeda63eaa81182b6a33b672cf28a7797,2015-04-20 13:07:07 -0700
ae96de95a602c0aec7d7b9cb45feaf095c11f640,2015-04-20 12:56:22 -0700
638365ccffe5dc3b764498f0433935aa8ef51c3e,2015-04-20 12:36:39 -0700
f3c8d10d33f8a6cad614cd715b384ba49ae2cdea,2015-04-20 11:25:09 -0700
3310ac73ff73d8acdd4f2825754bf5d797091995,2015-04-20 11:21:17 -0700
b98c735498e0cae75c6d8558a565987b76bd67d4,2015-04-20 11:08:18 -0700
346cd4a4e5164b8a4f7e8162ab538fa21ffa362c,2015-04-20 10:53:43 -0700
8d884cf08ab7375cbe7591b3618e23b46e33ce43,2015-04-19 22:49:59 -0700
21d3e4550baf24f0cdee5b52620c7bf52f201fe5,2015-04-19 22:19:09 -0700
0785db09532e927dc72d6d6131d42d68fa678d8d,2015-04-19 22:04:48 -0700
dde1cda2d98e81186d1c5062c1446aaeeab3225b,2015-04-19 21:55:42 -0700
0ea23b8cbc1c3a77ffa484bfa8f893c4e5b1a835,2015-04-19 21:50:48 -0700
02ca2a4d7cdded94ca9ee2d4e09561cbb3dba32b,2015-04-19 21:17:26 -0700
cbb5ab953c700626a34b9d6d02e14127b8dcfd20,2015-04-18 23:04:52 -0700
3d43d4ed6997c51680ab45d3327f556703547694,2015-04-18 22:41:06 -0700
620c59efcbf173222bfcb59c5700a9c76b36cb6b,2015-04-18 22:05:45 -0700
c0eda1273f338c8f488f1ce5df1b2d9a3071d69a,2015-04-18 22:05:45 -0700
cdc87825d8f285939318d63b5210951a3df8f7f2,2015-04-18 18:52:07 -0700
9fa5a25aa9446867a7aed3cc2bec298f98973d34,2015-04-17 21:38:26 -0700
dbeb68cc1d44d1197f4734639f49278c283cc6c0,2015-04-17 21:23:01 -0700
f0d7b6f8673abb199df56e8211e070b3a9778860,2015-04-17 21:15:37 -0700
42b99775e88e3eadbad56619e6a6a3b6b16b0da8,2015-04-17 21:12:26 -0700
e3210fc64ecf65d7fd3cdd0190eddc1d1bc1e29f,2015-04-17 21:08:34 -0700
32e51bd812a9bfd71b57a32b4404286ad261e909,2015-04-17 20:46:18 -0700
419949787f6f7458e813ee19a53d0f8b90d3b22e,2015-04-17 17:06:42 -0700
3fa3d1ba2b362efcdbc91effc8c95ae5071d35e0,2015-04-17 17:03:45 -0700
ed984da8d1c3737ffcf1633b43c5f4f06dd0ff81,2015-04-17 16:52:51 -0700
82dee4640c3277367aaac3e4b2c04dce3d8b76ff,2015-04-17 16:42:24 -0700
e0a805cb6fab2d3ddb9c539f71b4ed31c97d9f3d,2015-04-17 15:12:49 -0700
fbe177231ddc419d132b832afd930167b99a8910,2015-04-16 22:18:34 -0700
38250acf40f833b4a226f315e30e2983c23445d0,2015-04-16 20:41:36 -0700
d9f68ca29ce2d99c32294a29fbe15985aa718d46,2015-04-16 17:12:03 -0700
7c2e746e98c0004cf85d7f7f106165dcb26e5d7c,2015-04-16 16:59:09 -0700
2858944f27bb1743c1cb91ca0dcac8a7c30231ed,2015-04-16 16:59:08 -0700
60de1ff99383918f3f0e7db6cabe7d0bb3dc5c16,2015-04-15 19:51:05 -0700
2b97317dbb5ae4b748911c0bb1ca08bd6d39caf6,2015-04-15 19:48:31 -0700
e1f769fcbcdbba6519ca3f843b9a7976ab4fe883,2015-04-15 16:05:56 -0700
32019e7cdf61318e83aa100700b0235b937887ca,2015-04-15 16:05:20 -0700
d29ab56d4423ae56a9a686eeaf9fbb604d314dfa,2015-04-15 14:04:15 -0700
6d0d7b127fbe913fb88a7a3f945e269566e9a383,2015-04-15 13:51:07 -0700
c413b8a1e191418e2e735a8ba9d4d1cff12c4eae,2015-04-14 14:02:07 -0700
631f2e121d69e3d3ebe7d72adb8e198d93272a32,2015-04-14 12:40:23 -0700
63bfce66e5953b509f2d70eb46758a502579a2ba,2015-04-14 11:16:38 -0700
8d80854eec40673e2757fcda5ec33ecc65829a86,2015-04-13 16:17:15 -0700
179466329e9c7b7a37afe563e69c170f3ac553f4,2015-04-13 13:58:32 -0700
89b4ff642fe5687e96f27e35044e635ec470b7b8,2015-04-13 12:38:03 -0700
c10c0985e8327263eca35b8989dd8af4b37c6a79,2015-04-09 15:57:06 -0700
556772ba4b552b105c8b1410f1c205eca4370a7d,2015-04-09 15:50:08 -0700
c0cc7366f6bd0ec3bb5c302d20445ff463317399,2015-04-09 15:38:46 -0700
4caddb9c295c825a74f03ed57fcbc91b06b7725f,2015-04-09 15:38:46 -0700
f8714b735f7f6214a39aa2555261c7230ed580b2,2015-04-09 15:38:46 -0700
c69f7db52268e8fce721f17c464c9b77c35a917b,2015-04-09 13:01:37 -0700
311d56bae5a46a331d1764cd489994dfef920c7a,2015-04-08 23:01:20 -0700
0b92ad59ee8bdb587fd1e9dfc307f739b4b3f04a,2015-04-08 22:58:40 -0700
fec7ac20cea59c78bf56690a7a2f22b949e2bd1a,2015-04-08 22:58:33 -0700
91b0d72a60a64dd304494ec760550aa654002be5,2015-04-08 22:58:25 -0700
5eb4ab99c6c1be491a5e3cbcd04ca9c684437cb1,2015-04-08 21:23:35 -0700
f6fd9f0ff716b1a14063ac8d9d8de20fad26a29d,2015-04-08 21:17:58 -0700
83871d09581969c4231d0daf84c4f262a21594f7,2015-04-08 20:20:56 -0700
075d82f66ae1322a8516e799e472136c0519df68,2015-04-08 20:12:12 -0700
ec4f3e9cabaf31c865e681fb9e7eafc19e70a0ca,2015-04-08 19:32:42 -0700
41b71d4d086a8c73b3f3e3756810be0707b81c21,2015-04-08 14:46:05 -0700
85c122a8f34b1fe37cefefaa11e47bff039d595b,2015-04-08 14:44:18 -0700
ced097c3740176ae3e5114936118ab7ef4626b57,2015-04-08 14:03:19 -0700
e460fde6ed73a5576c56c2a78f7d4b4165dda741,2015-04-07 22:49:41 -0700
69374f081822b2bdce2253cc04a1dcdc9f62552a,2015-04-07 22:25:33 -0700
b7147801ce6209c1e2c7b3ba241563a56e6a41db,2015-04-07 12:50:50 -0700
360ec0929e5ca0641fe85eff73864a46b1b26586,2015-04-07 12:23:33 -0700
5f243c42df79df09f46dcc60cc914fc5820cd76b,2015-04-07 11:40:47 -0700
d0845e5ef05083dee8de8e12475b6df6fcecaf21,2015-04-07 10:38:20 -0700
b3524b1a03b248b00d01507041cb2d37e157317a,2015-04-07 10:28:44 -0700
26c35e127a1f957c936e00d5eca667b314918353,2015-04-06 22:36:31 -0700
057b5a05b0fbddef48f8ff57fe8e141ed3f3bdcf,2015-04-06 22:14:47 -0700
9a0ac52ee157f772bbc78300147225db84b343ea,2015-04-06 22:02:14 -0700
6fd6d649813a0a0861db8803be0cd783e5028504,2015-04-06 20:24:20 -0700
9cf41001ed876d24dd8e70bbfe987fc0f971eaa7,2015-04-06 17:08:52 -0700
8ead3a9d812925e3a49c6be189b5a1ca3ff147b1,2015-04-06 17:02:04 -0700
ca8379d938b56693e8b7244386c0b878746c02c5,2015-04-06 14:33:33 -0700
9c7e98c97ea1a9c4c6e1693ec98c75bfa957e522,2015-04-06 14:32:55 -0700
cff71345d1308c957cff966022bb672630dfe2b2,2015-04-06 12:15:05 -0700
e868be57b8a4b367d30d499257e76fd588b98a03,2015-04-05 15:52:25 -0700
9bb126a59b9139a92b987ae33eee436f58d38e93,2015-04-05 12:18:09 -0700
922af3f3f5ca12b40097719918fd69cbac460a3d,2015-04-05 12:16:30 -0700
7bf4cb83d8911564b49cdf90417d0f529794d55e,2015-04-05 12:15:18 -0700
4c8e66fe192209400bf1933836bc0ff4950d4ba6,2015-04-02 12:24:20 -0700
45e62652f75325a953cdc482c75a6c8bc797f277,2015-04-02 11:38:01 -0700
a1f13f2152df8920d6e776a48f519bad4f1142c9,2015-04-01 23:27:02 -0700
d11e83df9617c7f4448a1dea7f94cbca78339fec,2015-03-31 14:07:57 -0700
52e46ea8d0b6cc150f8aab410a4d3ba4e630d4d0,2015-03-31 14:06:22 -0700
180fe738a7eefa34ef97120cf8f3b1286b6622f8,2015-03-31 14:04:54 -0700
f0c20a4fd7c02c418e7dca90546d77c544d7fe9b,2015-03-31 13:26:50 -0700
c9ae547048fa93ba52ffebd6e563c2d2683595bd,2015-03-31 13:16:06 -0700
1d0b32388b055b8cbbc4c62fe905b9ffa56931aa,2015-03-31 12:18:25 -0700
aad8bf8d2ce5f1c44dd5c379c3f691d92246de09,2015-03-31 12:18:05 -0700
52d61d8dbc3a6b9af948e4c2f9ac95992ceeec18,2015-03-29 16:33:16 -0700
fa246fe19cb6bee479770de8d5048531e6e43c10,2015-03-29 14:30:42 -0700
731f02fb0cb52f5cf6bb4af41d02b966e86352e2,2015-03-29 13:40:13 -0700
cb0ef9ca75e879290dfb3d540834f01c0106d891,2015-03-29 13:40:13 -0700
182376cc0850a463cf5ec152563190d0af9bdd29,2015-03-29 13:40:13 -0700
cc96b0ee33086605548c81a89051e78bfacaa44a,2015-03-28 10:25:12 -0700
d65853422ce1bf676c6b7507cd6080b22f103673,2015-03-28 00:28:42 -0700
7c5157c2b95df57c8503c45007fdd7b84121967d,2015-03-27 22:08:07 -0700
de5bed964925870ad89d9970d17576a7a9cbd9b2,2015-03-27 21:50:03 -0700
ef89c74c5d6069bcabf6480569a4b240e85dacea,2015-03-27 21:44:41 -0700
6ce06661a6a3a8edfce2d54000ece1ed0c3b9684,2015-03-27 20:41:00 -0700
9dd613261e6cc295a773bbfe7e2c72b056f68dac,2015-03-27 17:15:28 -0700
38500021b6a567418dc88cabec5fff7d50c8850e,2015-03-27 14:52:20 -0700
9eb9ccc5fa8651a6526619bb7ea57739fc53adb5,2015-03-27 13:57:19 -0700
0e01cfc4fb8bdaa318632f502a04abec86d5ba7e,2015-03-27 13:37:39 -0700
97ba33700c496e005f40d721eeb6a509eada776d,2015-03-26 16:11:11 -0700
fc0908f9f39000bd605799117cfbf22fea0ff6f6,2015-03-26 14:36:23 -0700
4f5c757b43eb04e33fb13cc7c9301bcb5df5f081,2015-03-26 14:28:51 -0700
5abd8326b2d9d20c9325b4dca0842b6bfded333b,2015-03-26 13:23:44 -0700
2df72c308c2d52a19edc507a361f0a32d546fecf,2015-03-26 13:17:23 -0700
647a1b15b31317970337f5b48e9bc2a4686ddf5b,2015-03-26 12:14:08 -0700
b582aa45ef1e7774d6d5df5619ef9f5de1fc39c3,2015-03-26 12:13:43 -0700
a0468fb2e29bf2334bfbe61a1afd6bcb167ef6b9,2015-03-26 12:03:38 -0700
468a50de9e28ccd04d2e78af3c24bc159e47f722,2015-03-26 12:01:50 -0700
8434a67229632bebd819ff313ae9d996187dd9b4,2015-03-26 11:58:58 -0700
00324f9cfbbca06e412bcaf73f19711bd60219f5,2015-03-26 01:09:32 -0700
d26d354ff9a0d86188f9bc25e3e485fee8d60039,2015-03-25 22:38:01 -0700
770078fc6e96f09d6fdda29c29fe9b8cfea01f63,2015-03-25 22:36:18 -0700
7966058928cc1ab9a282bd7e166fd2c08046c1d0,2015-03-25 22:01:18 -0700
88eb8dba24a43e9b470bc12f7873e2c0a28cec09,2015-03-25 18:01:48 -0700
5f9d5c9cf1a56d2d05212922440da0de382725f1,2015-03-23 16:41:09 -0700
1a05309abcf7ffc8a22a992bf79e74199392b0d6,2015-03-23 16:41:09 -0700
3c5a0b63f676b4b4ddaa78e431f752631fa40fc8,2015-03-23 16:41:09 -0700
4d81272d423a4e758999517eefaacebcde15ab95,2015-03-23 16:41:09 -0700
6135883643eab7a9e48b57fe0c338fd01c0211d2,2015-03-23 16:41:09 -0700
34ad1f20999f29614a0f96cc83ae06db5364947f,2015-03-23 16:41:09 -0700
c83c34ee7ed05d38f75dd7da0cfeda8d7ed3ea53,2015-03-23 16:30:53 -0700
30166fcb585bf88f509e9a5e45028781b624aedf,2015-03-23 15:39:08 -0700
bbae09b51bc048801f9afe126f5052727f732cbd,2015-03-23 15:36:00 -0700
328ecb1f9c38eea0fe5846839f8c0dc68f04faf1,2015-03-20 21:32:47 -0700
d4ec7a3ab7bc8933554f92cc603591a27b0c79f8,2015-03-20 21:17:28 -0700
2e08cd27c4cf8673b40423f410fb40f8e5c6bcd4,2015-03-20 19:12:41 -0700
e1ae69c1596f467bbe19adb186660f9f3da0010a,2015-03-20 18:24:56 -0700
2179f7b1433056fb3922f2ad278d150a84e223fa,2015-03-20 18:24:17 -0700
f9584bb59da95bc9adc23322f8f00603deca2448,2015-03-20 17:36:54 -0700
ffc29ed398ef9dbb7b4e709798d6321e0264e9f4,2015-03-20 17:17:59 -0700
c2bffcba23afb32a9c3335a26d031ed4c092a78a,2015-03-20 16:35:30 -0700
55fb19c87be5e2aa4f6de18a201fc27e74fe76fe,2015-03-20 16:19:06 -0700
90551955cde2e8366b358e2704bddeff28db0959,2015-03-20 14:04:40 -0700
24a7525ab532c7094359c69aac2f5cc391dcc850,2015-03-20 13:10:15 -0700
8c7b89986c49cd30e6c2e5115b22e0e3399a93fc,2015-03-20 12:03:42 -0700
a4b0325f51c2d8104154d79ad5ac760b5401eb0f,2015-03-19 15:32:00 -0700
68c3d36025fdbf414d43e3dba19e4cd87ef3cd1a,2015-03-19 15:11:17 -0700
35f3d9e1586b33d7269f2ddd15989f1e45444f7c,2015-03-19 15:03:32 -0700
70e7d1b32924a19f0fbe8edaeeb5cc48061c9605,2015-03-19 15:01:53 -0700
e8d9a671a455c4d4d103460a703ef0fc2b4d5cfc,2015-03-19 14:52:42 -0700
4ae7e6072f309e34b644ee90a4a8a3ba22fe459a,2015-03-19 14:52:18 -0700
ed3ee60cc5982e0769d6985ccb9e5ddb133dced3,2015-03-19 14:38:23 -0700
292b01d4757aad58c477a4897a4197da9eb6194d,2015-03-19 14:19:20 -0700
1b3b0df12cee23fbd12e0e13c914cad72492d746,2015-03-19 14:18:43 -0700
2eeed3679769f2d210a99b9bce581086922ce31a,2015-03-19 14:00:32 -0700
918c3c2677df401e7b616129b49e475caae56ed0,2015-03-19 13:12:37 -0700
b0bfc80ab7ebf5f47d28930ad5f0a5d6d0c17405,2015-03-19 13:05:00 -0700
3273cd2645fc626456945d1050547b6b5b1629bc,2015-03-19 13:00:51 -0700
dd78341cbd3da169056a54fbef8a7414638f4cff,2015-03-19 12:49:03 -0700
ea7e88279effab70a21b57f6fde504fa57ed3c9c,2015-03-19 12:27:28 -0700
e174bdc7a9d4d29feba8d1c453c1999ef04137b6,2015-03-18 11:34:00 -0700
06b68a68343a76e4e0ba3e5355cc548f8aa2b4d7,2015-03-17 23:19:21 -0700
803d85f4b54aa7dfd374094d95ab894d121ba632,2015-03-17 19:32:53 -0700
e1155c03032cbb646ec71e6aa281672d9201200d,2015-03-17 16:48:19 -0700
c4eea21deeeba825ab94d0199fd72cfecc264188,2015-03-17 16:41:13 -0700
dea4ac3cf12b287868a8c0532206882e8faae5cf,2015-03-17 16:26:43 -0700
c2192c41386d97fb666280bbfb5399e4a27211f0,2015-03-17 16:18:31 -0700
d55de3e86934fb4d520f81fcb2e6f399a5cfdee0,2015-03-17 15:52:45 -0700
a345ee7385c68121cc52b86637b47ae914cf562a,2015-03-17 15:40:19 -0700
cd52b25b94eb4d4936cc6468d009e4951b94cb42,2015-03-17 15:13:32 -0700
d0c57a2378a249bc14020f9aad2cb0fb5be55ad1,2015-03-17 13:45:55 -0700
5ce0a3a5a410b9bbf93cf652883c7a64330d566f,2015-03-17 13:31:26 -0700
b33e5158950fe2ddac462497ed5d8963ae380ba5,2015-03-17 13:21:05 -0700
129bb688f4f046abed09c4d1ba1daf2adbb78c75,2015-03-17 12:27:14 -0700
f9bb25fdb28cc3a9d890db8ff4c30986bc3ac92e,2015-03-17 12:11:29 -0700
c7827e0e3fb172508dd211b2c9a87081b91ad18c,2015-03-16 16:32:47 -0700
1e8d68d611a3d469f571be681c495dae8b214f6e,2015-03-16 16:31:39 -0700
5cf48c74988c610af50bcde441997950dd6c6892,2015-03-16 16:12:10 -0700
3a4f6b85dd97a6c7e725718472d3ad0df7295b29,2015-03-16 15:57:18 -0700
3603155f36918ff9444a1355c5a5115aed797c93,2015-03-16 14:44:10 -0700
093a5a0dd9b04247b43250f50b2904849a9a1628,2015-03-12 18:17:50 -0700
4475fcb7fb6c7e34b4c18234760f65045331fc41,2015-03-12 17:34:26 -0700
0d83f0e83de146e04908ab96820f4f9479cb80e8,2015-03-12 17:31:45 -0700
376026f4305a3bafb50c1f8ecc6f1aa12c4d8479,2015-03-12 17:27:51 -0700
ad439499154acefbc2b7f4e8691453603f5292ca,2015-03-12 16:06:20 -0700
91dfa04a525b4dd9738f8bfce341ae8932ab3810,2015-03-12 16:06:13 -0700
9da1026241f8bcb1914066b8b1c63f20ee4df113,2015-03-12 14:24:16 -0700
0aff80164251aff4faca5fee81a9863b3e9b66f9,2015-03-12 14:21:18 -0700
fea085fd7b6edf5554e05fcdb23c691e5fab8cc5,2015-03-12 12:49:32 -0700
eb86fadbcc954f58347372a6d6e336bc0534b251,2015-03-12 11:53:15 -0700
0f4662daffdd53f490b89aa4b9403a8b78985877,2015-03-12 00:00:50 -0700
1c75e9792dc6f98b7a3209cc54480befcc7a63b2,2015-03-11 23:25:32 -0700
ddbfacdf2f6bed4852c10ae157d40f8a51259d57,2015-03-11 23:25:05 -0700
38d3d1930cb6dc9c15c3646c9e6ac804898c2c3f,2015-03-11 22:50:53 -0700
563a1d1af23772920b34fb0b028e04cf25839c76,2015-03-11 19:43:55 -0700
191046712c36bb10488ade6125d1a48ec24d5903,2015-03-11 18:34:19 -0700
9a8aa1467441e068b488ea544acca65321dc65d3,2015-03-11 18:34:19 -0700
2c60282f31987cf05428e6a6a687a44c0954331d,2015-03-11 16:10:14 -0700
bdc7a39cbddf39ceeeac8e946b572088d07e49c5,2015-03-11 15:57:06 -0700
86ce781d8e7d68056822f37ed6242ee59a06ef5f,2015-03-11 15:10:00 -0700
ce2b091afb1b1b81f929fc42b7b494cd0db57047,2015-03-11 08:41:39 -0700
e7af75ceedfb24b97bc9341b6568703a0a778a12,2015-03-11 00:16:09 -0700
e6de6294525a0794d6f366375f1f5d38b821b2d9,2015-03-10 21:38:39 -0700
64a41daa1d7665ff9d40ba2d9f414ea8121005e7,2015-03-10 21:35:55 -0700
d31d214831cb3b2559c438b58a02296143436d1b,2015-03-10 21:28:38 -0700
b32f358e7e752531b17ed460099021ab0d0bacf2,2015-03-10 20:44:45 -0700
59d794ef96ee66ebe5358a8f05ed91c43d111faf,2015-03-10 18:52:03 -0700
d57af488fad5317aed39375e737e13b5372de5f6,2015-03-08 10:50:41 -0700
f38c246ad020d93ee31bc589410d47a02232c8b6,2015-03-07 22:10:17 -0800
2897ff74d6ff31f622295e4bc631c81f56ba146d,2015-03-07 19:55:30 -0800
83477e5e757961b7be32c0c07d612670f0ea559f,2015-03-07 19:24:36 -0800
0ed12dc0eb7486b6dd598d10487a7fa43854629b,2015-03-07 19:15:45 -0800
1e4713c1fb4c3dcffb00f785eda075f1dd2bc41a,2015-03-07 19:08:29 -0800
45b31064c033d7263f796713ebe7dac392afdeda,2015-03-07 19:01:16 -0800
331fa2d3ff1f5f314b6595a74ccc28fd41139f64,2015-03-07 16:17:27 -0800
c6132d2f092d669401842d76ae4d0a4b3788aa28,2015-03-07 15:25:30 -0800
eb676c8b3f820549491054d91003f24e97601170,2015-03-07 14:06:27 -0800
f63b24713cb30f07dd7ef72e0c7fda7c692fa3e4,2015-03-06 14:29:23 -0800
40bdfb57b3928295263bdd7d19e30c4c63487208,2015-03-06 13:14:33 -0800
ee3d8f77c23698c37435c3faf0fc57a3d3344226,2015-03-06 13:03:41 -0800
db6a9f07a3083b36f94bbbe8ea457d5b8546a1da,2015-03-06 12:50:33 -0800
8f557ed338c10a64aea678543af1bcf91eb80847,2015-03-06 12:48:12 -0800
4fb2f4e04773bfd10685890846eae34099891507,2015-03-06 11:02:00 -0800
187f61b4837427f5391bb11d9d40b652d9c5070b,2015-03-06 11:02:00 -0800
dbab6acd2cf303c0f00a7c2478bc36fd1c7710e7,2015-03-06 11:02:00 -0800
233c12b2a15d4e0c98f13cc5cc6a0edc075f4c63,2015-03-06 11:02:00 -0800
4a0213397b4609010c2dc08e40f562c1123d4953,2015-03-06 11:01:59 -0800
06a7ab4cec58e591b27ef1d782a7402a63dca0a6,2015-03-06 11:01:59 -0800
4e08c10f9451abf422f0459a5eb48a5f12abdc28,2015-03-06 11:01:59 -0800
15240cc7b11479bdb393e7665167c68dcf91ecaa,2015-03-06 11:01:52 -0800
d731d9a404e761a70fc659d7c534cc13579e33a1,2015-03-05 18:04:03 -0800
91449624cc62d8293c334d0f1e428f5c80bc12f2,2015-03-05 17:57:49 -0800
8ae0215e5f38db48cd1a0f599e17433c6596a67d,2015-03-05 17:36:39 -0800
9d6828bf3a8fc04d9543a626c6813d2195151c9d,2015-03-05 16:36:50 -0800
31661144301c86246cf9f9f2446b603911525c3d,2015-03-05 15:25:42 -0800
331772865804188f8d8a195f5a1909c32c4493a0,2015-03-05 15:21:56 -0800
a2b4b62d9f6cd1c203891b4b815743b1139f0c35,2015-03-05 14:04:34 -0800
f513fa6e2e98da59dc6ada8aa842f9bf02957383,2015-03-04 23:18:16 -0800
e35a26ce6af81f6455c72f1b7d0aa7f354c28563,2015-03-04 15:28:22 -0800
0039769d46e3508c074ccbf0de0a103cc2b8be11,2015-03-04 14:53:09 -0800
51b8cf7c11edc272308d249ee40f0e1aa368e347,2015-03-04 14:37:43 -0800
a4a3de002b2fab3ec5a2ee7c2ee92ad731754cdb,2015-03-04 14:23:56 -0800
969db70be96fc5b376d69723a93080b8da6ed10b,2015-03-02 16:09:18 -0800
c9f7bdef0de346af3698b5996af92b3919afbd7a,2015-03-01 23:43:50 -0800
bc918d3b04a1d0701c301079ce0730c02be9b61f,2015-03-01 23:08:16 -0800
feaa2fd63a95d3aaacca8e8a440fd73a167a128b,2015-03-01 21:52:14 -0800
3f22026c9eebe2491c1afe5382015bccbb97f853,2015-03-01 21:08:01 -0800
a824ef14ea9dd9e7784832019d28af13b0180664,2015-03-01 18:32:27 -0800
9e7868cd6c6af5fef2b7dfa614ab45eb11c32d63,2015-03-01 18:30:30 -0800
b6c36a12e50e8117b59b36cc49704079696b623f,2015-03-01 18:05:35 -0800
207d5e433040674abe054f678822e33a20316e3c,2015-03-01 15:03:07 -0800
89194b432d4f0433e1bce92c2d04e73cc47124ab,2015-03-01 14:13:12 -0800
edcb869c2009ba7e313d7389f42b8608132c9374,2015-03-01 13:59:34 -0800
6783d1c077f7fb61a4c49d0e672041e58ad128bc,2015-03-01 13:16:50 -0800
6f8b0ba41e87ec20e75336e4c6bc37dbd433f87e,2015-03-01 12:05:58 -0800
1af52cffa4c864f9c4bae5bc3dc88aef54dfbdc1,2015-02-28 23:26:56 -0800
d104a3170b4d933fe4ff5bba53ceabd265574c11,2015-02-28 23:26:56 -0800
12c00c974972c224b507a8cb2af03ce89bedf408,2015-02-28 23:26:51 -0800
8d2e953a23b55b0e55841fcb6b726f925288fed3,2015-02-28 23:26:51 -0800
9f22d6bd715c280c91c9f7e11818db6ce65147c7,2015-02-28 23:26:50 -0800
820ffed9594bbfe560f8ccdf3b5f6dbdd80e0cc1,2015-02-28 23:26:50 -0800
7d399a0fbe9d16129df09a59d28ee6aeb5492bc5,2015-02-28 23:26:50 -0800
03633fb9025bc997a62654a221c5eb4ff585fce6,2015-02-28 23:26:50 -0800
68fd8e225c83fdfc131ef5a3ed50b8164c8630f4,2015-02-28 23:26:50 -0800
925479455a68ecb0a7139aec5f95212bc2f760f2,2015-02-28 23:26:50 -0800
acb6ea44fa63cb22fb54abff7687f0294421c994,2015-02-28 23:26:50 -0800
fc25bb33aab602e216606bbed1076450b3811198,2015-02-28 23:26:50 -0800
410f789b0395145f136bc7f693b2efa0b8578f83,2015-02-28 23:26:49 -0800
a271550bcb5ad8714778fb25a6eb0534c154ced8,2015-02-28 23:26:49 -0800
2d175f87920b3202e00e2f9ced41a27f43d2778d,2015-02-28 23:26:49 -0800
bcb603a4b884ced26d0f0f897beb5c82114535ff,2015-02-28 23:26:49 -0800
883cc051da0deb7f34a0611b1b5b8c37309367d0,2015-02-28 23:26:49 -0800
c19b43ce958fec798887d177e124ea8e721be839,2015-02-28 23:26:48 -0800
872607eb2c1fa5ca6c6fd110778f83659d76fb1e,2015-02-28 23:26:48 -0800
ac14cf0ff36a3d030d50ebee2fa20d709e34ba27,2015-02-28 23:26:48 -0800
111581e5cb8a8e4e243d4d29debd3b591e1cfa66,2015-02-28 23:26:48 -0800
9159df5ee472ff210afd2147027c38e56a8331fe,2015-02-28 23:26:48 -0800
9dffabfd23c775728afcd3a2f14dcf3f64bf798e,2015-02-28 23:26:48 -0800
1ac9f922067242d2c102c5827034980a5775d45f,2015-02-28 23:26:47 -0800
89f0f4783e0fd5cb2abf833aa045abe9e930cde1,2015-02-28 23:26:47 -0800
fdab3c51b23a2667d1b470b15058ee124088cceb,2015-02-28 23:26:47 -0800
57e3fb865e15ef2c33a50ede65ba0edc281530f9,2015-02-28 23:26:47 -0800
1851a394ac392ae0cb6b1d397d928547c5d0c671,2015-02-28 23:26:47 -0800
a0c2c666e7bb86f8195bbd48daf20b371fa2ed14,2015-02-28 23:26:47 -0800
28832084dbd6fada5fe9644182b1cf0c6c7aed3f,2015-02-28 23:26:47 -0800
0c528f00eb81181c0357f7314e78ba219a955d1f,2015-02-28 23:26:47 -0800
a797dd8a45698901a6b33ae9d85f595fe93c5405,2015-02-28 23:26:47 -0800
1430c9ce3ab67ae359dc4ba3273d1617e6b8cd9e,2015-02-28 23:26:46 -0800
e584447a6973ec24aefa0fae57eef6dc5d00b5dd,2015-02-28 23:26:46 -0800
14ebda6b37a2125f3bd689112636fcb795a0ab64,2015-02-28 23:26:46 -0800
5f8e67cddbb7d97c30c74ac7a9378d311b6c60fa,2015-02-28 23:26:46 -0800
925687fc909de930c025214fe1d2c5a891253f7b,2015-02-28 23:26:46 -0800
ee3f817bbd568677cbb2b298dda6444163bc59b8,2015-02-28 23:26:46 -0800
0e4507f3d112697781d266863a1a315ad2ee88a8,2015-02-28 23:26:46 -0800
9316689cff5f51f83b42a1626b9f99fe7a61e9eb,2015-02-28 23:26:46 -0800
85e84b6d3e045320475c1704608373e89764f81c,2015-02-28 23:26:46 -0800
f78281e3c83687e89c212d1cd412e6153c3cb089,2015-02-28 23:26:45 -0800
9c161c9fc6580bbefe2b0dd57a7c345d79729c8c,2015-02-28 23:26:45 -0800
c406ceb33140b060816419cd1d8cc23254daa5a5,2015-02-28 23:26:45 -0800
c1ef4bfdd2c544502f4409542fef97d300b5b584,2015-02-28 23:26:45 -0800
0bf7b975589544d46116af87c57368fea8f6ba54,2015-02-28 23:26:45 -0800
304f7a181de19b36a95463bf0437f46995719de6,2015-02-28 23:26:45 -0800
f71e33c39fae01f279735cf8a957396b87ad83d4,2015-02-28 23:26:45 -0800
479062462057d22f6b56124b15d85140758e0223,2015-02-28 23:26:45 -0800
107367731a828c268e173e16db60768dce4af3ef,2015-02-28 23:26:45 -0800
e6f3da057bc991add56424756d3c28e8c81d93ac,2015-02-28 23:26:45 -0800
2614ba704117569e9019574f19756c102ac36bb3,2015-02-28 23:26:44 -0800
57d252c463714c7600cf6ab7802d206a407fb865,2015-02-28 23:26:44 -0800
b1ae37adb3360d6371a804d86a7dd167613f55a7,2015-02-28 23:26:44 -0800
4e852aa61a4170f99fcf7f502f82b3954e85a805,2015-02-28 23:26:44 -0800
7a6af903fbe3b84dcb7a7c6259d5fe5f8bc4a33d,2015-02-28 23:26:44 -0800
0e38acbd594d76fd4d5b775cb120fbdd3ce84810,2015-02-28 23:26:44 -0800
b514fc910dbd8962ecf1cabe4c2795a1abc964a8,2015-02-28 23:26:44 -0800
d3d5fef1e70e87c838eaf3ffc08daaa526af6982,2015-02-28 23:26:44 -0800
03f94c15cded407aef826d43bf7e7b3b717e2ccb,2015-02-28 22:22:33 -0800
00ccad54e85f6ee82553ec7164a4e9eb718fdff4,2015-02-28 21:53:19 -0800
fd7343a3e0348d7ae5e127b7d98bb1906e30dac1,2015-02-28 13:39:35 -0800
ccd99452eb9067c3d0f9c8031788b568d86b821f,2015-02-28 13:38:22 -0800
b03d0b7c44341c73dd8e51fff296004d29e952a1,2015-02-28 13:17:02 -0800
10133ad577ba4940a39ab9f045f5b904c944db71,2015-02-28 12:30:36 -0800
777e031332fb2284f2d0847138f771b06eb35f8a,2015-02-27 14:11:43 -0800
e177d27e7473bc74872b7c5e7289bf5f8aeaa552,2015-02-27 14:08:38 -0800
17c7641edf469b04c339effd449092c49a0a5d4e,2015-02-26 22:52:25 -0800
1f9356100b24bce3c57f51b60ea42c89b7b12c3d,2015-02-26 17:46:02 -0800
ac3ee41699d3e73e811e0639449cad2945b0e320,2015-02-26 17:46:02 -0800
09a9fd087686e97155043daa45a72f940e8af4d3,2015-02-26 17:46:02 -0800
c60d1197cb7578dc66c32a36f1051f69fcee9bd2,2015-02-25 19:29:33 -0800
bbabfec4da4ef3824f27d1cc5ba5dcf4d54ff8da,2015-02-25 16:28:35 -0800
79130e96fcf166c5c3d6d874d1e77a25c7f7cb84,2015-02-25 16:28:30 -0800
6f61300cbc59c75e67a8ccf3b9e9de01471eda2e,2015-02-25 16:28:28 -0800
220e33eca1aab92a84a42eaaad3e6619a7b025de,2015-02-25 16:28:25 -0800
e9cebd181b914cb94386d10d48cd802646ac4f58,2015-02-25 16:28:23 -0800
bf8957986e39bdbabd9ac7aa04f15a8df8dbf3c6,2015-02-25 16:28:19 -0800
e9538a4167f8edc381bbd355aef29bf3b4076866,2015-02-25 16:28:17 -0800
37227d05e837500f653be7883d65fa92fab902a6,2015-02-25 16:28:14 -0800
514aafbd6ddaad548bcb31462e09d8ebe34d274e,2015-02-25 16:28:12 -0800
433d55d2450899be7efa4e3b382b02b27da672a9,2015-02-25 16:28:10 -0800
9fe2eb6bbd535cd1111b4693440a565d8395fe8d,2015-02-25 16:28:07 -0800
3f5d398f131eee69f48cf5303911fa3f753ad5b8,2015-02-25 16:28:05 -0800
7c353007f6bcea9c1488475f421ac3c1bc21a71f,2015-02-25 16:28:02 -0800
a22299466b8c1591e81a8f0ced3b9ae3fffd6be7,2015-02-25 16:28:00 -0800
cf36e5841a5f0e2ef06dc24c69aa0f0b8642ad29,2015-02-25 16:27:56 -0800
1d2e7035560ec4becccfb4b19370b7cb0d381498,2015-02-25 16:27:53 -0800
ed4ad2a431cd7c40c6f63d1107af6a350a10e462,2015-02-25 16:27:50 -0800
df463a082af4c221ffdecb3523a33bfeebba8a1f,2015-02-25 16:27:45 -0800
ee40db759c09d68361a6d47894086013db546595,2015-02-25 16:27:36 -0800
e4b566d8b5c3da3aada980c54fba6ac62512cdf7,2015-02-21 17:38:26 -0800
4a42d759b757ca4acd7797b742c353a7b4cdcec3,2015-02-21 17:25:56 -0800
9101fcc6bf52d6c13a9d0b8380d89434368af82d,2015-02-18 22:38:54 -0800
b4e9b55c1004c65a9058c8be8e32660aac185778,2015-02-18 22:23:43 -0800
024b1c8ec55822a6e9bb3ed96b5ba7c314bdb3e4,2015-02-18 22:22:45 -0800
7d65b4a0241eb3afeca3edef54596a4295c5f5c4,2015-02-18 21:59:30 -0800
e9fbff18ceb79ba553ee55920419a4b77e7c31e7,2015-02-18 21:43:11 -0800
8ee7fbecc735ab2c9e253b6603898b4c6cb41d45,2015-02-18 21:41:20 -0800
2e612ac70b7b9747a798af005e5375b5331fcab0,2015-02-18 16:31:46 -0800
7a4c606efd4bfc818abe97625ac5256b0042285d,2015-02-18 15:49:18 -0800
019031726434a7affea58a7c7c677f006be5f305,2015-02-18 14:11:10 -0800
16055e58b07251df52d9193955e81a1ab8330bbb,2015-02-17 17:05:33 -0800
40b6858ea90c166e4c2fe39a9b02caf17fcd1e3e,2015-02-17 14:29:21 -0800
f77b763ef8638bbe3195a9fac3aff0894b802d4b,2015-02-17 14:29:20 -0800
7b32adad97b84048fb956097515adcc8c11f796c,2015-02-15 22:26:49 -0800
5ee2cb6da13b277ebfc5a8dff731f0b8476a0ab4,2015-02-15 21:11:51 -0800
2c02a0580aff551ff8fe079c9bd49a111e353bf9,2015-02-15 19:03:34 -0800
28473e37298196c561622d8065410af9a938878d,2015-02-15 17:46:32 -0800
0bfdea2543b74dbe68de944e94416d1b198bce69,2015-02-15 17:45:04 -0800
79680219cffb37e69c4524ae345d577991c77a99,2015-02-13 16:32:36 +0600
28ce81a4d913d42069f988639b78d49739b8c76d,2015-02-12 14:48:39 +0200
a630960f60ced5efe66918f4073879e47ea2b5ae,2015-02-06 16:57:48 -0800
6307ba09212c80dddb68d8b516bab80af4ef6bb0,2015-02-06 16:51:19 -0800
1c1e7a4563bb43526b33a04be27406604a14ca45,2015-02-05 18:19:53 -0800
078aeff49b088e30bac6900b949d32746b72c195,2015-02-05 18:15:05 -0800
efde5fe46b2ad39f2bd2ecfbb34d3000e3de51fa,2015-02-05 18:04:52 -0800
08862a622089157503b5bb001cf2bc4c487d9a94,2015-02-04 10:49:32 -0800
8172027718798d22f208aaca1cbb1c1b5d044b25,2015-02-02 17:38:43 -0800
5ac129661d724c86ce2996312cb80449c808015f,2015-01-30 17:21:31 -0800
7134347d4c285928841ca37629352af35be4d640,2015-01-30 14:28:33 -0800
7b9449d2dad7e804a327e3ea66b5a290011197df,2015-01-30 14:07:12 -0800
a87d8053f0540eb0d83ad85b8054c6f16d848364,2015-01-30 14:07:12 -0800
21864ed823f89401f135c7f3c035746d3a4d11d2,2015-01-30 14:07:12 -0800
5ee92d1729a2b62bee30a6f517f64b3f565bf746,2015-01-30 00:10:59 -0800
798e9d28c596f61df149f767ec66e0755116e95d,2015-01-29 23:47:17 -0800
7b8846b78625240ba2f6fdaa375aceb1c967a377,2015-01-29 20:03:36 -0800
c1216d02f8f544ae612cb4bdd33bb9cff90d0cb4,2015-01-29 20:02:18 -0800
bb61a25166eec97f82d0afcb04a2d182bfcd0bab,2015-01-29 19:42:25 -0800
5f6f63c5f7b4ffa878cb5164d061b6b90e877a22,2015-01-29 18:01:51 -0800
5a95edfb71dbd3cfbd04a11390a73cdcac484422,2015-01-29 14:32:02 -0800
03f0e22199a17cf3d60c131b05aca65ba5e92e9c,2015-01-29 14:22:25 -0800
1ea2d40c198cbaf71981129fe0e7a813ad18b685,2015-01-29 12:54:38 -0800
7c61f549ea08c8932337250918805f3eae474929,2015-01-29 16:39:12 +0600
5a33f2eee038eb9d081bd3be12778e839e5410ec,2015-01-29 16:36:56 +0600
1542af305658a631437a12a28f34a20eea7f6adb,2015-01-27 22:23:47 -0800
f7e1f3a30357908d09c89796c065e079103de62a,2015-01-27 22:20:20 -0800
4573677880d7036820f55441eedde985ec87c297,2015-01-22 17:20:41 -0800
32754af507df7be404f0e334c69d1faa554537e4,2015-01-22 17:12:16 -0800
0893493893e19ae37555947452ca08e8bf40ca25,2015-01-22 16:45:47 -0800
adc745da4388f693e0672391016d36a85b42369b,2015-01-22 16:26:07 -0800
4940f34483d796aaeedc3f7317d69a877c059ada,2015-01-22 16:25:06 -0800
7a6ccad549adab2072a55f2611368ca5d0a3cf6a,2015-01-20 21:17:06 -0800
207452adc71d3794c0df530188df7ce813605102,2015-01-20 21:15:18 -0800
f8d67b55ce2628d0eb068084e9f47fd331a429e9,2015-01-20 20:42:06 -0800
97189cb991e221fd5fc4c6998c1ab943182f849f,2015-01-20 20:38:59 -0800
6d21612657dac3447a872e9a2bbf835712aa44d1,2015-01-20 19:41:06 -0800
49d85dd89c6ab11fa8f021571b35114e3da06745,2015-01-20 19:40:14 -0800
9489eaa122767807b227b6d8aad756d1aec2bd6e,2015-01-20 19:22:09 -0800
e758fac0c0303ce2365ab1cfe9a670572e436ae2,2015-01-13 21:36:59 -0800
459449c6d38171e829cce336326018c9b2b7548b,2015-01-13 21:27:54 -0800
cdc0581a1a86ab53494951b1550182dc56373649,2015-01-12 22:24:46 -0800
9181706784e2f570337cbd81cfcd2c067942c5f3,2015-01-06 20:00:57 -0800
fd8ed7c705cff3f89a0e5f54251ebb08de6b09ba,2015-01-06 19:52:58 -0800
b6a9f6849b5248aefe93c2ec8047505638a3d58c,2015-01-06 19:52:58 -0800
0d03ad72b0a93aa1ca7c3e7de4eb307881568b08,2015-01-06 19:48:28 -0800
de30229d1682a610e1e976f7e38c3988b2af7aa0,2015-01-06 19:39:47 -0800
9b9b93d6141317dc7caa14d0b9e5598780519362,2015-01-06 18:53:02 -0800
1fa0153a8a2640115a0362d42d6b54e28717b58d,2015-01-06 14:22:53 -0800
c4dda14c8b7e3a070157b8bb4abaee607750370e,2015-01-06 14:21:36 -0800
49ba38b20a36235587d39790a66fbae1291d1268,2015-01-06 03:59:07 -0800
3b3b6b6955c983b933564e3be08daa3caea00565,2015-01-06 03:49:05 -0800
c26cf7361e92911dfecf929d309de3eea56befe3,2015-01-06 02:41:35 -0800
cab6efbb79c3ae636c99a19594f3c63e58b4615f,2015-01-05 21:03:37 -0800
6a075688f8b8ceafdc662a781de380b71ce14882,2015-01-05 20:59:33 -0800
aa0d11fb7386f1df7d0d69dad5a20de6799d2746,2015-01-05 18:09:36 -0800
e44c793d0c522003660c63fa301c77e1ee73ab87,2015-01-05 17:19:53 -0800
32318d50ec7d3dca09b1e9975e9c513a164010ca,2015-01-05 17:09:11 -0800
354e3180dbcc3edea3bb80ce0d3e8c5cf4baf81c,2015-01-05 16:42:59 -0800
58f1093c582ad95e42e78678ef98de7a625b25b2,2015-01-05 15:37:54 -0800
f1c5adfba8f5366843c1b9b6483b22489de3d04b,2015-01-05 15:29:39 -0800
98d5c19b1d82dca5825e8429dbf72aef723f928f,2015-01-05 13:54:57 -0800
83bf9d32c1c5a112b0f6249c6a187b2d25c5063d,2015-01-05 13:21:36 -0800
508a476e2effc0aaa4f76be2d0bd547f12501170,2015-01-05 12:03:53 -0800
ebe4e099c678bef00aa16d7a7d5d81bdcae1d4be,2015-01-05 08:57:31 -0800
f2dc1d69194800edb4504955852c6ebfbcca7e41,2015-01-05 08:56:27 -0800
17a699e7f5792f5b388d9d940a1843187ee26f14,2015-01-05 08:53:38 -0800
ca6259ed6a1f37b7dd4172fd3fd5748246ba69c2,2015-01-05 02:29:34 -0800
f993bc0dbc32101f20004c529eda0d9b9b883138,2015-01-05 02:28:50 -0800
ecf62ffbb7d205c9f1221f06765cfd081224f0a5,2015-01-05 01:48:51 -0800
e3a7a7dcd3020840fa29da570485d6faee7c99f3,2015-01-05 01:46:41 -0800
77cdf81d449533e02f5968caa2aa062ab9c0c250,2015-01-05 00:58:19 -0800
c36a9948ab2878391f12d91daf5976ae2b1b3263,2015-01-05 00:46:12 -0800
91761641eb988a37a3b9a82fd93610f06679001a,2015-01-05 00:31:57 -0800
a8e4f952d9f83c1e437891919d2c0f770d112a16,2015-01-04 23:49:55 -0800
c7c243764154d6e988d8e9642cf0d40b33f3bc16,2015-01-04 23:45:45 -0800
e24609eacaa7c9d7502696b47658dda1b63e4c8f,2015-01-04 23:36:20 -0800
38dba11e44d6fcd3b24e78a935c9465f3f3c6b5f,2015-01-04 23:33:17 -0800
05c9463de3e72ea5ea030f40b83ec8beb8847431,2015-01-04 23:15:55 -0800
8c8f30ed637675ad5d2e4b21947678fc5c31aa1c,2015-01-04 23:12:29 -0800
272f295178c8e1797b66b0525d12d0827ddcb3f0,2015-01-04 21:15:36 -0800
d605eaedfeedfa60feda9df9988f25773bb2df64,2015-01-04 21:14:54 -0800
3673f6cd03f7dec965715e4f9032099ebe35ceba,2015-01-04 21:13:22 -0800
9a373ae982013a0f4d95069a5d9d9e395b70af29,2015-01-04 21:05:03 -0800
b66c543bda92fe9f0e38483b751b796faafb0dd6,2015-01-04 18:30:46 -0800
66779543c421f4df8767a30365332b976e43a5c9,2015-01-04 18:11:32 -0800
47d03a8974c75ceacdc1f6010a880b36dbe78b2b,2015-01-04 18:09:35 -0800
5a6a23cdd7e09bc24cefa46abb9eb72fce8e03cd,2015-01-04 17:06:49 -0800
a484d77d254fcced704d8d3525af3cb84d78f298,2015-01-04 14:36:52 -0800
0e7fed21f798a79407db7d1127f84774de6ecbcf,2015-01-04 13:00:24 -0800
02eec645f7194c88d6eff6fb54934a614ad96154,2015-01-04 11:20:19 -0800
bb97fb9442509d9a785e55f8a39f5043a24073fe,2015-01-04 11:19:28 -0800
e3240b26d3e2cebaea1d99cd1ebaf2ccb8076b57,2015-01-04 01:48:08 -0800
6d814673cdf45ba6f8b675355fee2493031f2df0,2015-01-04 01:30:45 -0800
03ccdea71ca715ac86d342a951834d0ae63e9361,2015-01-04 01:17:04 -0800
58df8177815a7e1df65531c59ac7b16c72d6beb0,2015-01-04 01:10:40 -0800
0e35949b2b6a681d47df822f5d458f23fbb5c37e,2015-01-03 19:24:42 -0800
259158b6f4b489e3fcccbb1d95b7128c55e53487,2015-01-03 19:23:55 -0800
24403e6fdce7ea1e4a1f083bc30ca5cdf08a10ea,2015-01-03 19:22:46 -0800
2dd094827eb41382734c815e452ed450d1a99037,2015-01-03 16:18:26 -0800
b9ac45c7a3cf485c7a9b7d4efd0d04c54b3bd643,2015-01-02 21:23:34 -0800
4ddb760d19c2c7d75dc30a1fa2b272f9f74512a2,2015-01-02 21:19:15 -0800
c05b41d51d99eb445d159263886a9dbdd078a2f9,2015-01-02 21:00:49 -0800
ecd038105120328787004a8f7b12e4df2c0efe50,2015-01-02 20:50:17 -0800
d59eeb794932bf231dc6ad123677f483ffadc62c,2015-01-02 20:43:36 -0800
30002b2160b363bba29b22ed5055d3ce695dec15,2015-01-02 20:41:35 -0800
bce22709522bd62c6e014443cf25fcf56ba21064,2015-01-02 20:26:52 -0800
a899a1a02f8f29eb5ee810409b3fd249d60d91a7,2015-01-02 14:18:37 -0800
664e90c53c731f4fcd0c27f6f50c568db77314fb,2015-01-02 02:35:52 -0800
2423422340934574fca5377735d76cbee12351fc,2015-01-02 02:35:20 -0800
8c4a0e78544be13a89a893c97e027d12b2154895,2015-01-02 02:13:49 -0800
ba99316b5089ea1f445fe8172fb8e91317469f99,2015-01-02 01:45:41 -0800
a538999856543748dfed2b1b2bf5a8092bbec360,2015-01-02 00:50:37 -0800
e055bf6254d29adce01f921e0b1ab3f0ced7d7c4,2015-01-01 19:10:57 -0800
0caa3b0161916ff9e51853a7f63d987f1a1301bf,2015-01-01 19:10:57 -0800
06828df960f487424c7ac3640c3608a63f263321,2015-01-01 19:10:56 -0800
19db4523f61e5cce564ac4b8e242a961f139bb7e,2014-12-31 10:51:41 -0800
db629be4ae22e71cb84406ea99ae9c776a3b751b,2014-12-30 22:22:32 -0800
2675f69e2b13c68540a53d366436fb8f0e4f677f,2014-12-30 01:23:00 -0800
ae39fc98559ef3865c8a56faeaaa53cc0ec3edb8,2014-12-30 01:12:53 -0800
bfb973b7831625a556ce3634fd522aa47942b160,2014-12-30 01:10:03 -0800
c779fff2d150d92ab3c91410715a5fb2cd7f1247,2014-12-30 00:44:17 -0800
d243d7520dcf062d2fc3947281c5b2e62bcc045e,2014-12-29 21:58:37 -0800
42f360a02b44df332af049a2dde6aecc36085dd5,2014-12-29 21:36:48 -0800
17f272689bb2389cc7e0c95dca25d503df9d5b98,2014-12-29 03:43:30 -0800
b197c7c63cb1c5497b79898ee5f37f67996912b4,2014-12-29 01:42:03 -0800
c71ef76bf5e0dd5a4b322b8787724331cebc0401,2014-12-28 23:42:08 -0800
9862934872e940b66cb2fd6e4c8ed200378e17f7,2014-12-28 23:18:40 -0800
3b81525effccd52e342a9bc88f400822f688c8be,2014-12-28 22:19:50 -0800
175808503262772258637143068cddb40d766a57,2014-12-28 20:10:26 -0800
f9c3e02f47b34ea558239430d07259e1a096ded4,2014-12-28 20:01:01 -0800
b30e3ce1804126e9a002e44b497bfc00f02aa0f9,2014-12-28 19:50:54 -0800
35ca205653b792bb56ec68c8b94cc2ebabc07470,2014-12-28 19:27:04 -0800
9f6b7014e1729dc7f7284e90969a463b012084fd,2014-12-28 15:18:21 -0800
fd944b71a3be121be527884bb3c799946b7bc9ae,2014-12-28 15:15:09 -0800
96713035049da62bdd5f7f76ba4cc6f785f9f348,2014-12-28 14:52:26 -0800
d3e4a5307c277fd8473e4eb39705fa73f07d46e2,2014-12-28 14:47:04 -0800
04dee83802b638fcf2d7d85c911c9b6aa3d55027,2014-12-28 13:50:29 -0800
c39ba2151b51b2d0d37b030655c4b8487aa4a50a,2014-12-28 02:27:44 -0800
ede918265520e4dd9ebde45a519c7b5ec5bdf17b,2014-12-27 22:10:06 -0800
4322d8fa0a32788b9f0b8e6fc3589f5926b5e3a2,2014-12-27 22:08:12 -0800
e49f4270701c6402c414443e21a6a801bc9bc03d,2014-12-27 21:47:50 -0800
8b583452b5111a940dcfcaf8b3f85280929fb54c,2014-12-27 21:43:24 -0800
bfe30ef9811c1b87f2b2975fb56d8dc5e56621a3,2014-12-27 17:01:40 -0800
c7485fb3c398f34117cb6c0addc54cbdf71ca1dd,2014-12-27 16:57:43 -0800
bdf41b2c65377418dc75dcf8ffe4b497186b20af,2014-12-27 15:12:19 -0800
15229ee4b1fd73b198bfceb00a153d12ab9a84fc,2014-12-27 14:46:44 -0800
d2b45d1cdb1a9830be7b87c2d3ed3456b5a6186e,2014-12-27 14:42:06 -0800
473a0fd35d9f6ee0fff260ef5a4688ffb8c96e57,2014-12-27 14:14:37 -0800
46fd8119b93319e5174e6950a155da8fb908101c,2014-12-27 14:08:27 -0800
fa3ccb97113f6fefe0dc6ff083f1d6b48eb7aac2,2014-12-27 14:04:10 -0800
fd38d918bb43062f23ec3115e7e050e3204498a9,2014-12-26 22:02:32 -0800
18d2a2b853911d8c5c3592ffd59a51e3dcc9f9e0,2014-12-26 22:01:04 -0800
894391157bb933577ae3e3020da67d661b7b1782,2014-12-26 21:54:17 -0800
67fb86237c6beb3ec49aac278d5c5f22c8e47c5f,2014-12-26 21:49:52 -0800
bcf07148b2ed978eb3b9a6d6ccc9844cfac0ff69,2014-12-26 21:42:05 -0800
3764a5a79d805bd09e9cfd0ba75194b179ba2e97,2014-12-26 21:41:31 -0800
804bfc6e2905ba71be94ff11d9fde4fd56ea3084,2014-12-26 21:35:02 -0800
08491ab54fb69d20a3977d029a573e419111d581,2014-12-26 21:34:33 -0800
977a2d66f568303b2d50e1341a072c010bb8fc0c,2014-12-26 21:32:08 -0800
74b94f9b2e78cb13e93127ff42cae3e09b723a30,2014-12-26 21:30:09 -0800
83bd54192599b84e497a70dd2081657589da0780,2014-12-25 01:23:00 -0800
28925e1a2e311ffd467792ff2c918ed924bfaa91,2014-12-25 00:57:33 -0800
c1a606432a7c15e8a54602e5250cae7eada7d99a,2014-12-25 00:36:43 -0800
edb0c701eb63852a188dfe9d2667bde66f34bc73,2014-12-25 00:36:25 -0800
f1d20c3c54eac0ed380ef8699773f0417662eae8,2014-12-24 23:36:09 -0800
5e5c36f5679bcdcaeddb048691a5e6a5791ceae1,2014-12-24 23:00:53 -0800
71584fa59f4d1f97daa43bf612a7717f7a7de570,2014-12-24 22:58:38 -0800
ab553adb3bc3d6f99c5f2e4a91b8994977655ca6,2014-12-24 00:52:19 -0800
a25f169f2799bc94e3f5b3290a62e839dc4534bb,2014-12-24 00:51:53 -0800
f564e26fd14690005ef486f4ded0e8fdafc04c43,2014-12-23 01:40:23 -0800
c26d5a77ab2cc9843ae854d4c43c9dd2f23123a2,2014-12-22 22:51:43 -0800
d4153470e743d9b224dd131271590d45686c15e2,2014-12-22 22:37:44 -0800
b8e335e3c79c8c1917457b7b4ac8e274cb368a0a,2014-12-22 16:40:06 -0800
fae8f16780081028f61c2b55d71680d7e673df76,2014-12-22 12:26:48 -0800
73df4f4c7d8a0b22c9749548382df8c8a9a94023,2014-12-22 12:18:45 -0800
8b53797b302512251ecc7eba0e704f22d25ab020,2014-12-22 03:19:24 -0800
07a2a2da543838a8f5f7a1490ab64b4521079d28,2014-12-21 23:18:37 -0800
60f249aa6fd47b311ca9016ba8029be4b55f5322,2014-12-21 20:14:11 -0800
c3bdbcd013285e3da49b9ef63fd76b198c229af9,2014-12-21 20:00:38 -0800
086d9a951679ac221357c556f93786c58b22c906,2014-12-21 19:42:37 -0800
0318e3455c62bf5b5e2a07ec684aa6e92c91307f,2014-12-21 03:28:41 -0800
b14cc4df1ca0dc7b28a9e4b82d0c362671777a58,2014-12-21 03:23:58 -0800
6a5e3d9791f7218e0073e730546e0a79b4cdfc6d,2014-12-21 02:30:32 -0800
8d1e60068583541d48cddde42097266676884b74,2014-12-21 01:48:48 -0800
cba0a6870dfdebb619aeb43ee2a43dfc666a46f5,2014-12-21 01:47:51 -0800
a878b87d6d74158d941aa23b0a4c8692f614fa0f,2014-12-21 01:08:12 -0800
8ec09dcb2b41da75fd8602db8123f52a0a25101f,2014-12-20 23:08:40 -0800
2f74f5025c1bab140a5d6b6472683390f004bd4b,2014-12-20 22:57:02 -0800
2623ba3196a9a29c65886600fb11c5fc97e8377a,2014-12-20 22:55:39 -0800
bda9751bd91b5e57fcef37e96a3804532559e337,2014-12-20 22:25:43 -0800
0e0a7f12d5df2f6fac86a3046018dd3375f18c62,2014-12-20 21:26:28 -0800
bcbe57dec3267184d089c82d69730c3355f16389,2014-12-20 16:33:04 -0800
a89101acaf7adb4ed2947e9aff00b474ef342825,2014-12-20 16:07:57 -0800
50d5a79031448248275673d6869181c4185d84a2,2014-12-20 16:01:06 -0800
f55c3561a43cfada009e9416d82b4d5b5ea922e7,2014-12-20 14:25:50 -0800
eaed778f910eeee337d84d6f216285c63dca046d,2014-12-20 14:05:54 -0800
81f9ee8370412aef00cd8fa477059c84282f350a,2014-12-19 22:52:38 -0800
b33333da3f5e6f852e3c4fbcb021ff72f298dae2,2014-12-19 21:56:38 -0800
06fd57f70415d7c4b83c8798c15f30dfe7d7de39,2014-12-19 13:37:34 -0800
b2b93ac8588515d922d08f7d506aef6e82065857,2014-12-19 13:17:11 -0800
e26ebbe91ee709c9bc7c7d211024f8a63df48949,2014-12-19 13:06:34 -0800
66e7fb22340e3fabc0d556b64f23bd407e29adde,2014-12-19 12:58:24 -0800
028be3cc85ef45cf601fae1a2a38e5323a3cdc90,2014-12-19 12:06:11 -0800
45e107f5a9c42a4ebcf848f9de2c738365a3ed60,2014-12-19 00:11:29 -0800
2d60d2a4f958133a4107f5ba58a2a5f04e208933,2014-12-18 23:16:01 -0800
ad5ceaa6c7c4a0d961b1232480a34f35f9f69863,2014-12-18 21:48:54 -0800
a67b4d5631c6d184076b40569fe9815fb5793e1d,2014-12-18 21:37:49 -0800
1e39ff756963b8c717e04701081e01f98d235106,2014-12-18 21:36:59 -0800
de24eef9b82194396f4e329adbbab0976d2684a8,2014-12-18 21:36:59 -0800
b305c9b1483520d0d4d3a08becd7ff607c4dd693,2014-12-18 21:30:22 -0800
25e16922d026864d668357f8a286c68c83977a8c,2014-12-18 21:25:17 -0800
605d5980b88570a47ea0c8922678f821e04b4e8a,2014-12-18 21:23:39 -0800
23f7566c5cfc3af5aaa30c78fc9dd7cb4381b19f,2014-12-18 21:16:23 -0800
3b318ba87062c2790635e16cc95f8628ab81eacb,2014-12-18 21:14:42 -0800
e16ba118996dcac0e87398f9d23cdb70cb4f7622,2014-12-18 21:08:30 -0800
b517354cea102c8646fa2271987147f039816eae,2014-12-18 20:57:04 -0800
2ea28fd8771e83a173a513815ede0a924299d4b6,2014-12-18 20:48:20 -0800
3a6a7044521682b1db2683e41ea8207a94a919a5,2014-12-18 04:05:48 -0800
a6c601ca125bde331027f2952452c3424d16cc80,2014-12-18 03:52:56 -0800
e27760a4a53dc3ee477492f24b7374079452ebc4,2014-12-18 03:48:35 -0800
b4ab50910ac1b5c8103a6248f0b2b27c84146b46,2014-12-18 03:34:51 -0800
f35cd1fdd108f33abd13af9c73a76215b2b3b3fb,2014-12-18 01:47:02 -0800
01306a4a2b0289c8b4aec3422aa25c1cbd285586,2014-12-18 01:17:57 -0800
b7eaccf60bf77898ac6f84a09210eb4bd55e4cab,2014-12-18 01:12:33 -0800
dc9d9da8d27b314897ac8842f63b9b3b6031e307,2014-12-18 01:10:43 -0800
993fbef86dba55c13598121bcff29b32bc6a293c,2014-12-18 01:03:36 -0800
3c5213e103e341bd9327e1433115890d0114d3b4,2014-12-18 00:02:05 -0800
0dd2cd87fbf03cdd85029ae90f6fd9000326de54,2014-12-17 11:15:11 -0800
db8b3230cfc38e3f8073784c16b2585a5f3ae97c,2014-12-17 11:12:32 -0800
b0ad6f45ecc08b59804b6572dd22df5392a23436,2014-12-17 10:52:03 -0800
15f7fedd5335357662267f6462224da02fcfd2ce,2014-12-17 01:03:42 -0800
c4057baa4213a608d53a8ce790647d16d160f6f9,2014-12-17 00:21:48 -0800
ef5a9f960044a1d302feaa1e42f47746427f6b83,2014-12-17 00:18:38 -0800
21ee9073d00997468a81df8442a82136c20db97b,2014-12-16 19:25:20 -0800
9b261f2a716e7a58d60efbb4262f0433148fb5b0,2014-12-16 19:24:38 -0800
ac6e92860b2aedbc156d31e1c3317b9f03690b9f,2014-12-16 17:47:15 -0800
4d255e21a1eb068f528ff5f0c13eaf351cf4b485,2014-12-15 16:13:06 -0800
68d3b7741e3f4318850cec7e30ce8c47bbdf3033,2014-12-15 15:09:14 -0800
b1db52541d41d35425b8f306dd3ea5eb086a017a,2014-12-12 15:22:37 -0800
97190259c3587b2df1b036d26599cb72dc5936ae,2014-12-12 10:36:55 -0800
ed23ae3a2577ff3f2471ff0256ed4ef8b4f2edb5,2014-12-12 10:28:51 -0800
a4cc4ab12dfa0bcd283b443135ecb87fec958239,2014-12-12 09:52:57 -0800
0ef7c4a527a851af0e6aa1ca829ae1519a328f49,2014-12-12 09:52:22 -0800
8fa0522ca4299d815402769a833f378fabc735fc,2014-12-11 19:27:37 -0800
4ebb66c40d9a1572f1fce478deb869500de3cb9d,2014-12-11 15:39:06 -0800
6d6bf889f26d4a1c3ef48ce66d64b3eb30c63281,2014-12-11 15:05:31 -0800
7fa71093a54dfc7ff0aa940cb9fe2fa42d8f9daa,2014-12-10 17:45:55 -0800
dea213e9a1b11cc5b34b5ae146c881aa5a5968b6,2014-12-10 14:51:57 -0800
4a46aa10295dd39fddfbc1df2e505fe4809ccbfe,2014-12-10 11:31:51 -0800
ed96f27603043e3fbf423a83ff047feb5196083b,2014-12-10 08:48:54 -0800
3c55e97abecd9cb37f5a0ee5f1380e35fe39d425,2014-12-09 23:30:14 -0800
b76324667e6e32c3d118cb329feea190749f058c,2014-12-09 21:18:21 -0800
f8cef7f5df74657793f42bc697ebad7ca76c16a2,2014-12-09 21:14:46 -0800
1e0f75f4c8b83069b139d7751c7c8360229da804,2014-12-09 20:55:56 -0800
f3e08e7a7114cf5a150e0ebf0d0cbd0a93f33349,2014-12-09 20:54:41 -0800
71e445952de2c9c3b7c5757eb9514cc446de9cd8,2014-12-09 20:53:06 -0800
bf031b3a536e405a3b0cdc69065103eceb2bf329,2014-12-08 14:28:31 -0800
9d3d5008393c7ca4cf003f785e972f9de99b0e20,2014-12-08 14:26:30 -0800
437d389ffc2eeb94718b9d47963e8209fbc3035b,2014-12-08 13:55:10 -0800
aab0297d4000b202d0648325bcde01ddd48489af,2014-12-08 13:55:10 -0800
10171ff1ba2ba0a586ff65d584d91369b0170e1e,2014-12-08 13:55:09 -0800
331644ddd958cfb58332408a4bf711d7e779bb46,2014-12-08 13:55:09 -0800
f5e300250d6bf8cedbf50a5f585c85f7b9317274,2014-12-08 13:55:09 -0800
eb8e27a6f3973c201d9ff32a6380c03fad1c30a5,2014-12-08 13:55:09 -0800
c8991a2a02a0852def5ffb78f90206b21e0e3972,2014-12-08 13:55:09 -0800
fee75204bdab12fe4b0e21ddc156815fabf674ee,2014-12-08 13:55:09 -0800
4d1e6047597f1ec38a06c5c0ae6f945a4d28fb53,2014-12-08 13:55:09 -0800
207e87f60f9543599a7452e01e1a8a04fa474a00,2014-12-08 13:55:09 -0800
4ccf21f705a3563db6b917fbe844c3eaf5b8fa64,2014-12-07 11:20:35 -0800
c23d3e27e9b53c420e7b0b10756349f4c61c6296,2014-12-07 01:02:54 -0800
c9f485afbc21e4ab2dcd8f421d528899a4678bae,2014-12-05 15:08:26 -0800
9024a1f8029160283b8175be561e7b425dd15937,2014-12-05 13:56:20 -0800
ee0788258b597ff3957f59fd760b2da68c37bb99,2014-12-05 11:05:12 -0800
d4851b0ec2f17e8349006f332c1d8003ba264c5d,2014-12-05 10:54:10 -0800
6c96affbd846c69ac938c8b601cca09bad82f923,2014-12-05 10:47:22 -0800
4636a1994a5b9506fcd321d5149687ec54dd0b60,2014-12-05 02:12:05 -0800
8ddf6e99b7973a09be52e18b8c1a994805b76ecf,2014-12-04 23:52:02 -0800
466aa8ba2d114099dd4ec2da31efeefc7b936182,2014-12-04 23:51:16 -0800
41b72e0f7625ecbecfa35ab9bc9d8ba42b488eff,2014-11-29 23:16:58 -0800
bfe0f737e31c902afd8f160124e47b6948dac669,2014-11-29 21:20:26 -0800
ed31e0c026825eada680bafa5d3820973c1235f1,2014-11-29 20:54:50 -0800
5b31b206a761e9b422bc5c38ad6d571a3040fb5c,2014-11-29 20:23:58 -0800
1d86419cc1fe0824ce1f3d7fa830f2a33560cb21,2014-11-28 22:25:42 -0800
d9fcec314ac95f6cb4786fc6300e5d42b50f7e1b,2014-11-28 19:37:53 -0800
dfcbd80b351ec48bc794c564531a4054e2528710,2014-11-25 01:56:49 -0800
d242c2c1bc5024392fc292a9b1eae73c7ab5ab5c,2014-11-24 23:39:05 -0800
be3ad5151e6e4bc9963144a2dee12b1c4e370fc4,2014-11-24 04:03:42 -0800
8e6156f750acb8a4e7de4cb62840e27535da0cba,2014-11-23 22:15:03 -0800
c12beb8b2142dcbac60f1ca0d82fe534a9d25807,2014-11-23 22:02:30 -0800
134837b73caa99f07623eb719684d18bf5fe3012,2014-11-23 22:02:28 -0800
58e73435d3a91a39e5941247bfdb240bea231ae2,2014-11-23 22:02:26 -0800
d32ca5bfca9a4b0a0263708f7e3ed4416ad02a43,2014-11-23 22:02:24 -0800
b58a9b284fe40bd59ff6af983f2e1b424a5aafb6,2014-11-23 22:02:11 -0800
49b91ebe5691157894eb7e0b8b34b1f08141dd26,2014-11-23 17:39:48 -0800
ff286264e4472a62188ac3b0c4a1fb60c7faae44,2014-11-23 14:01:19 -0800
b68f9a0a268192bd2ef334cc28832c9482265301,2014-11-23 13:06:12 -0800
534f4f45c1d3fad7fe353717825d005b08e9b1b0,2014-11-23 12:57:19 -0800
ad6d7a614ea2d480819ef8dac0903e2149f714c2,2014-11-22 14:13:15 -0800
07282978c151a1b0b855ba00e840839e4062c084,2014-11-22 13:14:55 -0800
02189e3d7cb6e623cce183302733b155a6473841,2014-11-21 16:46:22 -0800
c8e7b5f3283461e6e24187fd17c22a08e44b171e,2014-11-21 16:23:30 -0800
14c6996267b810a6ed745c9051a6e8d4fdb3e171,2014-11-19 23:13:40 -0800
41324be7b95120e430d9fa8a12fe0725ee1a1164,2014-11-19 23:01:23 -0800
683fc4475b966969fd87741ccbd948c9aa3fdea0,2014-11-18 22:51:25 -0800
2c47fbb55c9f302ddb55a39528d24b863e0466e8,2014-11-18 22:19:26 -0800
08d075f4733085385982a6af5ee623796035a764,2014-11-18 19:54:43 -0800
863f30a8dc72f37ac9b7185eecfe0be2cbf6796d,2014-11-18 18:53:34 -0800
80377f66637a39221656ee5729fe77412a19f4b9,2014-11-16 23:10:49 -0800
0f159d73adc4055f7aa6e42d7f57cafcf99d5412,2014-11-16 16:47:55 -0800
452ec41fbd122a1679393ccdfbcd53b514ed7cac,2014-11-16 16:43:39 -0800
4e6748707714f52457640a216e860ff87e373d47,2014-11-16 15:41:06 -0800
0bd1fdc16fc06a64c82648b9ece6c9e25c30be44,2014-11-16 15:06:19 -0800
5581fcc3823786f4f9fd165b0abcc841200461f9,2014-11-14 21:44:32 -0800
9fcd7af361c360d32969d6feb316f38daab37edb,2014-11-14 21:36:14 -0800
49637fe17fc0820d282e20f1242be52359d39cd6,2014-11-14 15:35:34 -0800
534c706d1bc4a06847a66d4bb001a506b6a28972,2014-11-14 15:21:10 -0800
1a69a12c6122261770ec253acd17f1055e273638,2014-11-14 15:08:34 -0800
777761a616e94377aa441ac23dfb2792a7ed9974,2014-11-14 14:22:28 -0800
38153b49d32373db9e678e872080d77afbf1303d,2014-11-14 14:11:35 -0800
7956a0302d96b42a57b5bd58447b1597b2a0c5f1,2014-11-14 13:41:56 -0800
14446d1afaa145b3e2d81b51160168d77a10c5b0,2014-11-14 13:36:35 -0800
5db4905510c714deadd2c335937efbacea28839f,2014-11-14 12:33:47 -0800
b5ec67890676ba508195e8fe38f8d7e576d7a17e,2014-11-14 11:54:31 -0800
4863a8e96b3d8dd3bb3de73dc4c201054bb7728c,2014-11-14 11:46:06 -0800
660828da9d1ffca9fc2132f33fe437ebdf2b504a,2014-11-13 15:12:40 -0800
c1505cace277d5c2e5910e231d340f279e48dd6e,2014-11-12 20:37:24 -0800
b95b32971e6397c40520c44ca78551f826208ccf,2014-11-12 20:21:16 -0800
79f8ee07da640a95a0f1873f2e858b6387f4740f,2014-11-12 20:03:34 -0800
3f55c93bc4d0c76a7544b99f5f5b66f206684afe,2014-11-12 20:02:25 -0800
53411640a001d296c3602dd6649c8f457b2971ff,2014-11-12 18:29:37 -0800
1fd54973823fbc8f26275d0f3608587e16e13256,2014-11-12 18:26:38 -0800
4f6a69fea1808a06454acd5c5a164334ecb6c731,2014-11-12 16:31:17 -0800
2a050128c8102212332c2f2df153e29117f2aff3,2014-11-12 08:24:58 -0800
598e64b757b3adf6761184fbd592d095b1cc13e7,2014-11-11 22:06:53 -0800
28398b5577208a7fa00551ffe8afbc99cce91f1f,2014-11-11 21:11:01 -0800
8e2ac6660a4270498ded01298c05ceb6bfc8199e,2014-11-11 20:59:59 -0800
6614c620fa9851ef9ab9eabdbc7941be91ef96dc,2014-11-07 14:50:51 -0800
318f3456ec3656f9f3ded3d2c6a1dc5116618f58,2014-11-07 14:42:21 -0800
3aacbe8c268bfba4fe93daeea9550c37679f007e,2014-11-06 14:39:08 -0800
e932c1ee1a8c2d17ff2f5f1318f384bcb73e0efa,2014-11-06 14:25:14 -0800
6223be61f0813dbd37d629fd7668a26c1eb077d4,2014-11-06 14:22:52 -0800
7a697550e42f1a9fe26622e470099182837fcf35,2014-11-06 13:03:26 -0800
d1ec32d066647b236ea8d412e7ec53f58f7f89c3,2014-11-06 12:41:07 -0800
3f65e45e0fc9de2a2349cb09992fc623463c9c67,2014-11-06 00:00:40 -0800
c2521b1b159d1fd0c13391acccab460697b4d821,2014-11-05 23:59:12 -0800
e33fff473096a4d36d9a7f6746d3665e34dd251f,2014-11-05 23:46:21 -0800
4c34220c65d1400d136d129fb86893c5e7138735,2014-11-05 22:41:46 -0800
fa68aa7d802b7d91c600e9174479f478bd67b2f6,2014-11-05 19:45:25 -0800
78eae400cab20fc74fa62f445ed81647a64719d2,2014-11-05 13:13:10 -0800
5ecb5c9306e3008e07c0f29ced463c3fc208fecb,2014-11-05 12:55:31 -0800
4c6d838249831d102c204ce3675ad95a7b5dd6c8,2014-11-05 12:28:01 -0800
6bea1eed4454cc9b0d7c81a86d0a651540b27aee,2014-11-05 12:10:05 -0800
68a9a4f6dcb0a873e9c9e15babaa7b12847ef799,2014-11-05 12:07:36 -0800
04ce36f335ef03e4fe6553ed9c4bfa00f67a6302,2014-11-04 21:24:16 -0800
0542146e8e8c2c3ece3b00a0cab16cdfdbc20338,2014-11-04 00:07:45 -0800
a8d0f944569e1368f7a56237e1008a886edd7e49,2014-11-03 23:58:10 -0800
53251e3771cde224a9afc956c9d886b767f1251c,2014-11-03 16:33:56 -0800
2428b65e896b663be2190049e538eb73391d9f9a,2014-11-03 16:28:54 -0800
b655b58267a40c9f106f784c615e98b272da73b9,2014-11-03 16:24:26 -0800
161c4d2359cb1cadffa824ce7d4fb51a5442755a,2014-11-03 15:10:23 -0800
2e8283c94f49382b07284c606266d13b5edf2ab9,2014-11-03 14:02:36 -0800
72c82aea8be2bdcb2161599410283540dfc3fa14,2014-11-03 14:02:32 -0800
1b121ba665234cca09dddbfaa1f3617d9fabebfc,2014-11-03 13:57:28 -0800
5c43ae4ff91baa6090d750f578965f686cbfeb3d,2014-11-03 13:57:01 -0800
ac2617b92ac0141d5681076eb41eba7521866315,2014-11-03 12:08:15 -0800
9821c38bb8f8e7c3715f6106f8f2b8f067639c2c,2014-11-03 01:11:20 -0800
44d924f1f933e6fbe9f68bf889e94f2638527b6a,2014-11-03 01:06:07 -0800
cc4b458fdd120bb48223cce03e0fda99b1aa2532,2014-11-02 23:14:01 -0800
2c476d4d7268bf02b59aedd03bebf51c6d67343d,2014-11-01 23:54:13 -0700
6fee9cb580d9e8c7c411ef553d89eaa987d231f1,2014-11-01 22:28:10 -0700
fc889c29b366edfb8ae3b12823e7eff7445d36dd,2014-11-01 02:01:30 -0700
c0395df8c1624f21a072c0c2c479f0a9f61176d7,2014-10-31 14:56:59 -0700
f08bb485da8408d31652c4c9357d019b58b58e5d,2014-10-31 14:56:28 -0700
6bf2ff3e2fedfa60eec9d8ee845ef92071c4045a,2014-10-31 00:07:28 -0700
48382b82856753bb641a038fb8f41e9ab031da6d,2014-10-30 17:12:54 -0700
4a5efe4819cc4cea617eb1866b8c6c6458ba4a5c,2014-10-30 13:24:36 -0700
ca199e1ea6e709b0ed54b582587d18638153fe72,2014-10-30 11:42:22 -0700
612a8b4b97c0cbeed19f84d0b398dc99949e8142,2014-10-27 15:39:41 -0700
c20adb46a9c231c411ecb4dc127e806176657d15,2014-10-27 15:38:48 -0700
713ecaae2af5f3f2c2e71eba53d6ce6995af641c,2014-10-27 13:26:13 -0700
6f81584aedfc3fa9b25d2a89f2781c7f846fcc14,2014-10-27 13:03:20 -0700
770105de0644f776adf9a65038c519b061bf3625,2014-10-27 10:27:13 -0700
b83c83c324f004d8313f9e598057703af60580fa,2014-10-26 15:14:35 -0700
721d9125abd1ccb20ab635c0bd20752ebca9b4f8,2014-10-25 19:28:39 -0700
b9e416f189a3e8605fad03fd5aa8ff12de2b3052,2014-10-16 23:16:18 -0700
d339c8613edc7cc42dd01f6932805038e41c3938,2014-10-16 23:15:12 -0700
8f903acaa6e3cf2d5ce05eabdfae66fb9b31e40e,2014-10-16 22:49:51 -0700
c62e7c7b4bde73027ad01a391695c2f7165d0295,2014-10-16 22:38:29 -0700
deaec480db775a406b5097dc55daadf96db6d354,2014-10-16 15:08:25 -0700
22411a77907a023abf84e3f79924da7034edcd5a,2014-10-16 15:07:34 -0700
162ceb97ba75c62c581d4cd20455030687bcfe91,2014-10-16 15:06:42 -0700
34dff7e69c992687b29eebcd8b841eea4ebc2aea,2014-10-16 11:27:16 -0700
58837fd13671319bc60490c50246c4971cb4736f,2014-10-16 11:27:16 -0700
b1941a1219ed1e7a927752d14023059a3887d31c,2014-10-15 21:58:31 -0700
8ce1940f0e4e498ebbfeeee7e47e21120504a4b0,2014-10-15 16:24:40 -0700
14d212319d2621e66b25dd2adab102656f1dbab7,2014-10-13 15:53:57 -0700
200021b27a095f4f0c21c28dc1d7d96d7abecf5b,2014-10-13 14:22:59 -0700
c1e5822a19b3afd9c79afbfa6afa251817ff8fb4,2014-10-13 14:18:57 -0700
b55adfa9a83907ce78644dd1d82430ab3feb81ee,2014-10-13 03:46:49 -0700
04ba001f15eb064512f1085ac2a0f7cf7b14e28c,2014-10-13 03:25:31 -0700
115f647f7a71352e174e650d30f190ef43f1b24f,2014-10-12 22:17:59 -0700
59356af44e07dd39ab3ec87e27e97d02ac89f8a2,2014-10-12 21:52:36 -0700
39ac1a191c99355344b64dbfbaa309ceac6ebcc2,2014-10-12 21:10:51 -0700
f0087b27b0a27d2f144f6d62bbbc0e4a532cb4e0,2014-10-12 21:09:41 -0700
9611ba37389171ae1300a81b00b1a714c1f6e299,2014-10-12 20:55:45 -0700
5731cb6b3442b383fff13b83c587b8390c352788,2014-10-12 20:54:57 -0700
2202ede60985755f10539207e3a2043a9960926f,2014-10-12 14:34:06 -0700
5a9cb31971c692135ee3a46a35105eb3a5a9e8a8,2014-10-11 00:50:52 -0700
e26a4c3b7da792a389b424c0a567ff766705ef2b,2014-10-10 15:12:49 -0700
b6f45c585fedac4a1b4a6665cc3743f21a8df177,2014-10-10 13:54:20 -0700
d3e625d0a399425b54c22ce5ed1148cfbfb86cd7,2014-10-09 21:24:08 -0700
b7548675dff6ce227fc12312dc42149556044784,2014-10-09 21:16:37 -0700
8b13bfdb803b09470876b165356c10f7f374b60f,2014-10-09 21:06:07 -0700
c30afba91de8e27cab723c9cb9e1ace019eb897a,2014-10-09 21:01:34 -0700
99f59a6a4c807f22d4da23711c515d69e9e4f3b9,2014-10-09 19:06:19 -0700
7927ffa9b077c45be8f19f051f64afc9965bb8e6,2014-10-09 18:22:14 -0700
ce7cc71544037694c752724f05d697d1f27dd38f,2014-10-09 16:25:31 -0700
68f7afb8c9cc62dcae4c3eacb160e29d6ec3f3c1,2014-10-09 15:29:45 -0700
16b0f047eac326283f3c04196d84bc0303f15e18,2014-10-09 14:50:08 -0700
01b366bc1918d1278f72077cf77af681f2f60e99,2014-10-09 11:15:06 -0700
a792e6f2714eccfdc2dd1ca3b11720b13a0fa4c9,2014-10-08 15:30:52 -0700
8d1bee18aad27f66616f078ad10d3ee61383a5f6,2014-09-29 17:13:54 -0700
2a30cadb1e8163e6228e03816d452eb4a5b98e06,2014-09-29 14:24:31 -0700
b6769e4ba0d33fbcd6f4e8673078661636632403,2014-09-29 02:03:32 -0700
1d42823f8206a098549bb08bd0d39c749374e4ef,2014-09-29 00:13:37 -0700
3e8539381b67bd8c253b6879d9f553f6b69073c3,2014-09-28 23:54:04 -0700
dd3a1af3f27e160fc758c22cde54c32330dc6501,2014-09-28 23:12:10 -0700
4d7a49af315d4af53900f0741fb8cc6c9538ce83,2014-09-28 23:06:24 -0700
b47c48dbeb62e81f319b9efb100406f9206cc448,2014-09-28 19:55:22 -0700
a9f5bedfe6beb937ad4a865fcad1d5ece4a8886e,2014-09-28 19:12:48 -0700
532dcf64316810f8f35d83990c816d40913d7a46,2014-09-28 19:08:56 -0700
cf9ff2cb14b9c73d62565a82b685861d8eb2c6c1,2014-09-28 17:04:39 -0700
aae59f6709aa474c8a5c4bd5a906ba0f959ba437,2014-09-28 15:14:29 -0700
5141c5e0636900d316e6be108f45bf33417accc6,2014-09-28 00:20:17 -0700
0bbfc4eb957a4b4a9c455f1913add15305051f87,2014-09-28 00:17:24 -0700
28075b86c1e3f6623bcd8b78c1856c652e68f31e,2014-09-27 23:49:42 -0700
e838817bffa668bf173ebdaa3cd50be3ce9fda83,2014-09-27 23:07:46 -0700
600f2a42785ee12c7caa59aedae0131dc750f41d,2014-09-27 20:10:07 -0700
c26751239ae9ee518d6ef6f59b69417146df8d7e,2014-09-27 20:09:27 -0700
ef42d7db688280d385fc590cfad1bdfe28b6df12,2014-09-22 16:46:01 -0700
9ef5d14a015647b7a358b5b5121392604469543a,2014-09-22 16:38:59 -0700
a97bab2f4b3754cbd9a71610c31c8caab588612c,2014-09-22 15:05:34 -0700
08983435e1eee67f7e434449f22f42870ef13f75,2014-09-22 14:49:51 -0700
b2ef2971fdd0110855713cfe99f1b3192a7f3c1e,2014-09-22 14:21:49 -0700
e33783adf48cf7c0566d13ef6de3e58d9e59ee2e,2014-09-22 14:00:26 -0700
80c7d67a100fee1c3c707786d65b48ea22dd7b13,2014-09-22 13:28:19 -0700
c6e3f3c6866bb0fe5136f95aec98f407dd30cf1e,2014-09-22 13:19:18 -0700
ed69dc23b18cd22a229c45d72f3d78e4bbd2d158,2014-09-22 13:10:31 -0700
52a35ab0b1db3c36dce5bd61c5b973bc83a7d99c,2014-09-19 11:50:14 -0700
d44ee06f4c59cb6377e31dda768f0009b625ae29,2014-09-19 11:35:55 -0700
bb4865783b5be1ab15818af4fd33b643aa6a2ec0,2014-09-19 01:24:52 -0700
8e920d17d1d5c974536977a62a61d4b26cf1928e,2014-09-19 01:24:28 -0700
7b6432e2cbb36cbb5fac878dba7468ab906b1536,2014-09-19 01:03:25 -0700
7d8958ed48a82f637a3952d900bcc31bd0599a88,2014-09-18 21:00:05 -0700
a77188a3481860d5f53931a043d427ea4662338a,2014-09-17 23:11:00 -0700
61e2eabdb35fe7ecea3e4b9019f7a796754fa291,2014-09-05 11:05:38 -0700
2db4a783d72b8fd19996fa999b1f8f87ff35cf04,2014-08-22 14:47:21 -0700
045d5375e3d2908fe1310ecee202be17513167da,2014-08-22 14:33:59 -0700
5ae22ce206582fb2eebdacf826697e8e1a20611d,2014-08-04 13:20:13 -0700
a1452dd0b0a1e683b7fd64e93cefcd27a3f25ae6,2014-07-21 13:51:11 -0700
db2066fa1fecba3582e53ac3c46c0933b2ecdd27,2014-07-21 13:42:53 -0700
5c049b02b99809c9b87963e44c4b9b0976718d77,2014-07-21 00:56:44 -0700
f03baec73bbc563bd1affe40c9960ca9762fd7a1,2014-07-01 15:45:29 -0700
b81499cb9d7f25d2de642289feee59eab5addbed,2014-06-26 16:10:57 -0700
1a627bfd2c998e4ff3bf842cf2a789ab694ab455,2014-06-17 12:29:23 -0700
02fcf09eec4027f788137699fe4ab5bf478a5e0a,2014-06-16 18:08:08 -0700
9d2ff099d33cf83e1c3c77213e0ed95dc80ee04e,2014-05-22 15:39:04 -0700
4c4a6a9bfc64de22486afbfe9f7c31adb883bd35,2014-05-22 15:09:02 -0700
8d0923db2f958bfaf888535eb733885088b4b8f6,2014-05-22 14:48:53 -0700
9ab3a58b2f4e2100a1e15d80114f2b0d1952bbd4,2014-05-22 14:10:14 -0700
5c32e449d5aa569bd4122f8f736f4c8150f0a4ac,2014-05-20 18:09:39 -0700
f56757c0a909b45e83a126cc6d117fbfb9916ca7,2014-05-20 16:23:09 -0700
18ece342cdae825cf3744d03489581e2c2981559,2014-05-20 14:37:53 -0700
39720019cd56e61be22a63523b0d20b9b91766ae,2014-05-20 14:28:53 -0700
29f435bbd4320add94eb12658aeebe9eabcfafa0,2014-05-20 12:02:08 -0700
9b3b0dbbeb87e39be0a8f3f961b0fea88a6bc4b7,2014-05-20 11:24:41 -0700
58e828bf2de8502cbf8d871ac0d66ba10408a478,2014-05-19 19:13:26 -0700
51b12d11c9ec73ee88bb8cf8136865c2ea97b961,2014-05-19 16:31:39 -0700
afce3a363d186cab20b82eacd09a95d36dea73a0,2014-05-16 15:36:07 -0700
ef0939db0681c920eb2dcbca107ddae1787a6732,2014-05-16 13:54:02 -0700
afdc2cd005c9d02abd8154148e99a6187f9652c7,2014-05-16 13:50:54 -0700
65c56970cb5b5e365e2e43bd025c5d2fe3f987a8,2014-05-16 13:48:47 -0700
670766ee2d7f7bed561bee954c48c6b77af9d7de,2014-05-16 12:41:53 -0700
801a21ed0a65759aab4f747adfc658070de19ef4,2014-05-16 12:03:46 -0700
d3a4083dbf5c40970bcc083a05dd1e45dc388f94,2014-05-16 12:01:43 -0700
705a143ffbb7b457d305fb8dbfa1a3aada05ae3b,2014-05-16 11:55:28 -0700
7657f1a5fce077a92f93506d2ee45a4ae845aa15,2014-05-16 11:45:44 -0700
22fed8bdba814bcf0f726e4d60e46ac5356590c1,2014-05-14 17:30:50 -0700
8d54118cb7afcf1790afab7a0097b34c5e0707c7,2014-05-14 17:06:29 -0700
fb610813bf08c8fa93c3adcb659d73456ae0dd34,2014-05-14 16:18:57 -0700
5c29d041493781be94a574f55720d29a3b483d0e,2014-05-14 15:50:41 -0700
d1190ba88adc418414a9f613ad6292759dbf5a3f,2014-05-14 11:56:37 -0700
90e629df800af951a986b7116e934592963ab309,2014-05-14 11:46:42 -0700
55c9e9f9e4b88a3483412bf33dc51ce6cf9b5dec,2014-05-12 21:43:56 -0700
5a6623540f1594fa5c49e851e5fd1265bf2105fe,2014-05-12 12:25:32 -0700
074e1cf3faaaf2e633ee375346863511fa13a4d4,2014-05-12 00:04:47 -0700
299c341ce09cf500e37d8e5a0cdc48b0468f09fa,2014-05-11 23:23:36 -0700
84ac5cad99438e53774ef1aeea8bb57df577ca6e,2014-05-07 15:58:21 -0700
2650e9b964169dbf66bd32ce50ee62b029c0f566,2014-05-07 14:27:11 -0700
ac4afe590bfe70d8ddc350a5a25e351061e1b35c,2014-04-25 17:05:46 -0700
9c6d78d5d472c32efb9bdc369dd450b06c6ec815,2014-04-24 16:30:57 -0700
ed5b3cd886bd3c6b6c10794b398a2b2ca941f523,2014-04-24 12:55:07 -0700
f66a0bad2e040509398e1eb0c21ccd5608a7daee,2014-04-24 12:55:07 -0700
d2277733c39725cee68790ac9e53e6c8db8e49a0,2014-04-24 12:55:07 -0700
acddf8ff0eae8c954e4b7f1c6baa3bab5b111b59,2014-04-24 12:55:07 -0700
a4642bd3397667ff3ab2839314e78395878d00c2,2014-04-24 12:55:06 -0700
4eb102cdc0f848b2820fb456ec721bb67f5203ce,2014-04-24 12:54:55 -0700
1a95ad62b1abcc7f368c6268ca062f6d6239ff1d,2014-04-23 19:39:54 -0700
dc62788d8655862eade5d110c0d316bad9c14da5,2014-04-23 19:28:18 -0700
b29032d52e68e8cdd9309551a6b3125b34a329a3,2014-04-23 19:09:12 -0700
d48bff62f2f5bc7beecbc4735e8c6deaf8517def,2014-04-23 15:51:06 -0700
57e8a570680e19d54922790499870725d1d4dd02,2014-04-23 14:12:43 -0700
5cabb0a018474b24f76a4d18205b73150859d32e,2014-04-23 13:39:45 -0700
8f7f240232ea4897b7ebb1b455cd0ac2cb65ce9e,2014-04-22 18:50:04 -0700
f09197192805cbb28c1bcfd17aa8242142463f73,2014-04-22 17:50:12 -0700
2e6f7c5d8efd55e32569dc9045e2273a388c5f9a,2014-04-22 16:15:23 -0700
6c917360cf20b594389d289991626b2ce751a607,2014-04-22 15:34:47 -0700
b98302f9119a59e08b3609bc79593f88b605ab3a,2014-04-22 11:43:02 -0700
8ad4128b869f158538d74d47e21f09f43d7e8cc1,2014-04-22 11:43:02 -0700
c7fd885e86d6cf626bd576d14bb9ab24fd1f3794,2014-04-22 11:43:02 -0700
16fef50778a82837f3b2646e4bc8c46ff10cdab5,2014-04-22 11:43:02 -0700
bb0cc1c63aa596e958be656429a98cee0f24c273,2014-04-22 11:43:02 -0700
28e941675f801c5d647858ef3531804002f5ac3f,2014-04-22 11:43:01 -0700
3c91c06e1ebd304e981ac49e5d4969bcf49793df,2014-04-22 11:43:01 -0700
07a4ec6637f38d20a8ba6297423ce1315f7932b4,2014-04-22 11:43:01 -0700
5e26e272c867f24d0eabd5f412243b11b783d077,2014-04-22 11:43:01 -0700
d28d75b31311e8644e65337b5d0be2af303f9d00,2014-04-22 11:43:00 -0700
11ec1858b03ab737701d8b537ee4b5b49e473fce,2014-04-22 11:43:00 -0700
79b98ee9ef5048bdf775ad8b3f23500fb9dab27b,2014-04-22 11:43:00 -0700
e60e8177f26c36cb9496776fcce35836c2059576,2014-04-22 11:42:59 -0700
cefe2f3e190f2a31bb9cb81e4a87942a9faea9fd,2014-04-22 11:42:59 -0700
f47e263bcd8e6188be3ed57a8df8fc88e74a4763,2014-04-22 11:42:59 -0700
60c2ac6630b40a9bf1d10f95ae959665d31cdfc7,2014-04-22 11:42:59 -0700
06139e19a0ae58573894608ca24ba6c161fe0971,2014-04-22 11:42:59 -0700
d3dc38f869dcc8a49906b8b1947ed4611fcf95a7,2014-04-22 11:42:59 -0700
f9c9b67e72e622f3f3d9dffb1ff1c5ba84c70033,2014-04-22 11:42:59 -0700
4be517ac95059ffec55b1eeb6df94359bd06089a,2014-04-22 11:42:58 -0700
ed14b0e909a6b6b20de574501ee0983c66eb6287,2014-04-22 11:42:58 -0700
5bb629a709fcf0f2ba3755f6786b0bdeb5ce452e,2014-04-22 11:42:49 -0700
91551e4e232cf8417c4c6bedf0d60135ef7d0b7c,2014-04-22 11:42:39 -0700
69da9bfc16a03356902d1fac07ca164efc2fa13b,2014-04-17 16:28:08 -0700
1ccbbd8efef05ba11d387d3f4f09b8b6efe9f44b,2014-04-17 14:02:25 -0700
70a3b67ef1a600d2e3a62e725c859387e48cecf3,2014-04-15 11:42:26 -0700
a049d2d0bf2040a8c41ba3ffff5e1557902b7670,2014-04-14 18:59:58 -0700
ce4174ffbaad3fc958cfcff8ec61b4d75fb92247,2014-04-14 18:18:15 -0700
0537a6afbc7f1c7b10a090a962763ec2edc68af2,2014-04-10 16:41:05 -0700
5961dde12fbc16fdf046a81acf274a06f6f5894e,2014-04-08 13:21:43 -0700
13cefc929650db27892a615c513a9fe8f42183f3,2014-04-08 12:49:17 -0700
92a9213fd0239045a8f4467de9f4814cf7237156,2014-04-08 12:34:02 -0700
22c88b834a13331df1ff3f67decf59577a62f735,2014-04-07 19:21:22 -0700
05a7c87b4c1ba583e110ceef0b6a893c957de6fa,2014-04-07 17:32:26 -0700
3f2f23f107326395d4c93091be298dff9491c68a,2014-03-28 15:08:50 -0700
84b505dcb754b1a492dd6575690f8e8da6d71c0d,2014-03-28 15:00:06 -0700
e44ea62d834b4743b0079dfbd7ea5a09dff86980,2014-03-26 18:17:20 -0700
7fa30998b22b0a6e8fdbad26672429aa42f24cda,2014-03-26 18:15:01 -0700
b6ccf4c2f3e163b970258c6720df3bf0daa3b7f5,2014-03-26 16:47:27 -0700
633535c83ef6ac50520bc56999c0bcdf1af1f568,2014-03-26 12:21:10 -0700
4487cac7b7e43630fb6dd00586af36a7c302a4fe,2014-03-25 11:56:34 -0700
ac61c798e59ae35ec376b5a653edc391a7e35bfe,2014-03-25 10:38:02 -0700
e993e96752fb1096f671a71ee6ec21b53ad5a608,2014-03-24 22:23:58 -0700
d112a747b66c7616fa041d1d3022fff056ca32be,2014-03-24 19:49:23 -0700
b6ce30318a74eba8cc54ee79755c7603f98b049f,2014-03-24 13:09:00 -0700
5ad5afe4b07ce470976d51b2af4370d86ac1667f,2014-03-24 12:52:53 -0700
7d5635287676c5fc4e56a3edcdb5d3c9e33c78cd,2014-03-24 11:58:06 -0700
18369f277f67aa1d9c4826a3f0a0c10b527916b3,2014-03-23 18:34:30 -0700
adff91af2bf727343467f79255b6f7ca6695fb16,2014-03-23 13:12:31 -0700
5ad6d77ef6f4d0b71b65ec32a50d50d7ec438252,2014-03-23 12:48:07 -0700
03dbfa088ea68244879df486e9afba8643a621d7,2014-03-22 15:27:54 -0700
6d4a83ce3376f77ff2ad8bb5eb3ad6ab577d00c4,2014-03-21 19:46:01 -0700
11b8e3673ac3f5d1c1bfb735efd254a5c1d9aa6a,2014-03-21 19:35:04 -0700
28711720f70b8e3b61e70df52247b9963255fa56,2014-03-21 19:28:17 -0700
7cb933c9c1d9ea4d135fb8e86ee31a28766713c6,2014-03-21 18:54:04 -0700
f183e2958652377c19e227e9372d7c47432abd26,2014-03-21 18:22:12 -0700
c5573f9811ec47772af2f495fb572304f2d231fc,2014-03-21 18:10:27 -0700
7dbb1b1ac03f429d08c81ab42f88d6b7569486cc,2014-03-21 18:06:59 -0700
627271953d6eee6f49f4a385d8de62d6a0098be5,2014-03-21 16:46:55 -0700
af4de982770b7341f2f9d3dce84b050159eec2f7,2014-03-21 11:19:07 -0700
1289c168699d9b6d7e96860c382110076962265e,2014-03-21 11:06:31 -0700
ec614c2f83d7af3e78cd86c0e50fba290a67b74e,2014-03-19 22:12:16 -0700
b976cd3a297343eeb1c60508920ba8e6f1b5982d,2014-03-19 16:08:59 -0700
a1aba4d2a7340ff5ecd785ab46a5c7b81f29fb87,2014-03-19 15:43:36 -0700
6a70dd5582121511136518dea325b0119cfc7d3f,2014-03-19 14:35:31 -0700
d4a6fd21f757c843bc759cfdd1da7370ae5f5c8e,2014-03-19 13:58:52 -0700
52395f6c2e91dea1459788a2180ce7f8021e1173,2014-03-19 13:54:13 -0700
5eb84053cdbf2fe8ae34fa9ec95fe862fe7632d8,2014-03-19 11:26:09 -0700
c69da31af9e7def3108a53d50e40c60112a19bf0,2014-03-19 10:50:33 -0700
78f7eb415dc03cee12345ab2df0cb3ff26a5ed3d,2014-03-18 22:27:20 -0700
1a4ddb5660a65ee00f9c87d506b3ddce52ffe4dc,2014-03-18 17:23:16 -0700
377d8b62d005c2ca2c9f314a2f3707c8a4630929,2014-03-18 17:05:01 -0700
494e611008d91ac7560e7531e21d0356b965fb7d,2014-03-18 16:54:04 -0700
ac288916b8666394d71cda4d89a423c91a415958,2014-03-18 16:44:19 -0700
4f3f55d0e06f2c0c042166c469ce42483944ba83,2014-03-18 16:40:49 -0700
390ddcd6946554308c40e6564c2ccc389cb449fb,2014-03-06 10:43:42 -0800
e4f67e5aff5565900a12db4e1e485c34561c92cb,2014-03-06 10:42:25 -0800
4851ba8b5c477354bd1bc500b53b17b8a02350f3,2014-03-05 01:10:03 -0800
bacc5406ec1e7a6890f493828f0c8387de7bdb37,2014-03-04 16:56:12 -0800
462525c08ca4d285b2296aa69187b3eb54db8d04,2014-03-04 16:31:46 -0800
e54d1641136f70fff80eba1a155282bceea00e2c,2014-03-04 15:14:56 -0800
6d1c9ba5506964d5e490cedeff386c2b78dba9b7,2014-03-04 13:42:14 -0800
f0c62ff82acc163d6e2c631e83c15b2afb460ae4,2014-03-04 13:08:29 -0800
6502cd61a0d840c15f9bbdcc294f0c9df27b6bfd,2014-03-04 11:23:52 -0800
3c8d72653e7c0fea54d7d1fe5ebeab3c1dc1990f,2014-03-03 09:48:32 -0800
65451a37f8cb8c04843312be9a997f0791f0192a,2014-03-03 09:48:32 -0800
4334cf7d7641da7de7a1c01e4f56c303dc530d6c,2014-03-03 09:48:31 -0800
2a178d11fcfc64b93fe72ed45a209f65e353967a,2014-03-03 09:48:31 -0800
fb1bc0f5e4eec2fef6d5fd49903e69376516aec4,2014-03-03 09:48:30 -0800
cc72cba29a9a322c2a24d97f3eb82432b5af894c,2014-03-03 09:48:30 -0800
893a3f0d84ae7858a114751dab7520e8d9411c40,2014-03-03 09:48:29 -0800
a11103ce4c41ed371e7193d82b6152a49421a472,2014-03-03 09:48:29 -0800
d528ca10dc7cca0abd9b6b054d06328d07a30b55,2014-03-03 09:48:28 -0800
da7112b2f57f7787fc196ebc0271f3e76cce2264,2014-03-03 09:48:08 -0800
3a91dfbb68cfe23753bf710b2e840176986ebb2b,2014-03-02 22:38:19 -0800
4982971fec57ba32d66a44a027130e1dd6168ed4,2014-02-28 18:34:08 -0800
d09019b413c11f8653ae605b8fe7dcb01474f2b0,2014-02-28 17:32:53 -0800
1229c4215233dd3189e1c53d08f7545258caf019,2014-02-28 15:53:02 -0800
853d5d5cc4b15f1633adf441910a058c2f3288b9,2014-02-28 15:51:10 -0800
7ffbfd8a23a878e936889eb9de0bc818f33756ba,2014-02-28 15:47:41 -0800
71ae352208842700aa0663ee91b01048d88c50c5,2014-02-28 15:25:01 -0800
beb9e5c684b1ebbda3ff0bf3bf672b9cd6f5362a,2014-02-28 10:03:01 -0800
4478e91c8a13d88446e34b7cdd7db5a55d33e501,2014-02-27 22:26:53 -0800
76fce28d011a035667333f6b72e06b973604e107,2014-02-03 11:54:04 -0800
f57d2c167e687156cc385092589282b6ada21640,2014-02-03 11:36:27 -0800
fab6b9f035eaea74cb29d00371ba3048b02d267a,2014-01-30 01:17:43 -0800
03a67cc3c5eff653c39b4e529435b08324f663ac,2014-01-22 14:20:38 -0800
b8c4419bf5b70486d800869dfb63c1562780a910,2014-01-17 01:55:25 -0800
8936faa6a550b71168bfd786f447f5e6512414cf,2014-01-16 17:17:51 -0800
f706e0febf3a92f844f4b5a05ba6c32bcd72fe3b,2014-01-16 11:12:38 -0800
d6c9b8bf814e845638a94c657c66b887a8dc8a5d,2014-01-16 10:50:56 -0800
7a7901d18fde6591ed91ef0ca8dcfe5c7ccc7556,2014-01-16 01:17:15 -0800
e3c013804d317f250f435a6ae2a8f22c8cddca7a,2014-01-16 01:08:19 -0800
773f64762a29a141ee5c1de7adf95dc17bbc3b2d,2014-01-15 22:01:05 -0800
ad5ab186057bf491c47723b23d250474cc4d7014,2014-01-15 22:01:05 -0800
350b1a5e0bade62faa2f47a050d7f2d817e5ccb9,2014-01-15 21:50:18 -0800
6c00d8428c287e6c9d0016c82d00a328974f0094,2014-01-15 21:50:18 -0800
25248ede665e3302cf39cb43e015ae57293861a6,2014-01-15 21:50:18 -0800
b5e6e8201216dd5f406c988337cee7de602ffeab,2014-01-15 21:50:18 -0800
ba1f13bd5721b62915e05b0069f50b4f1f81fea7,2014-01-15 21:50:17 -0800
10b398d5d74d7e14a943316d05aaa52819665e45,2014-01-15 21:50:17 -0800
827e98f626341dbe67d2da9119266fc8ac87c2f8,2014-01-15 21:50:17 -0800
9b5ef9b5ffd73be896460efe061cc638d1072672,2014-01-04 21:15:46 -0800
0ab2932f1ef50a77882e0ae33ec90ced257fcf29,2014-01-03 12:59:05 -0800
3e20648343e863c3107f45d2352a4e561d8f0a9e,2014-01-01 21:03:38 -0800
ea7e04505f6fb933a9a1d5343a98f02a4c3de2e1,2014-01-01 16:05:57 -0800
5dfd49bce3df20c938c705fcafc6fb7e220cd5cd,2014-01-01 16:04:57 -0800
3ee5a216dff5ea05fbbc47ab6d4f8ae2d1895a6d,2014-01-01 16:03:59 -0800
8f32b98ae7cec5f57bb2e2eb5e448eccb558d069,2013-12-29 11:28:46 -0800
2acfba2d7e348c82157cc0ab8808a05bbcbe45da,2013-12-28 20:51:08 -0800
673052b101e80a0a3552025bd87796f0c7201b1b,2013-12-28 20:33:50 -0800
c2852d4a22156db06c164d723f26d37424cd824d,2013-12-28 20:32:51 -0800
bf884b8ffd5a757b28af87e67f65b6c3305a0cf1,2013-12-27 17:44:24 -0800
02ca96c4dc10f0a103b66c4b075efb3dec7a9836,2013-12-27 15:29:22 -0800
b722cf59779c3889eed7944d616973cd07b6a5b5,2013-12-27 00:35:21 -0800
9b20d5e1eb5d1305b5b06889e4a01da66da6572f,2013-12-23 11:04:59 -0800
b2f00879b803738e4402bfcc371a9ddfacdeb391,2013-12-21 21:37:56 -0800
bd437622b7112da89967ce666c3b039163c15ac6,2013-12-20 17:17:45 -0800
f32bb558e36443cd4b09cfd4b99d0c38ad41bae2,2013-12-20 15:12:23 -0800
2ccbbfbdcbffe8203b1e7995fcbe2fb21f1ac0c9,2013-12-20 10:59:05 -0800
6afc994f8ec088bb48519156c3cae9418fc41c35,2013-12-20 02:34:10 -0800
8e3a73a9a2ac0070471edd98f5480b717fc7c2c5,2013-12-19 19:16:12 -0800
23034173855c6c4f8dde77b9bdd0aabeb539e74e,2013-12-19 17:39:52 -0800
ba972d3949f515025c1b0cfc9558e6e60c5b9893,2013-12-18 10:09:13 -0800
34916e1752ff5c029c6fb6c8e1f1c0cee0e99592,2013-12-18 02:53:40 -0800
f115ae934c1f3c615233235f98b707c90c62378d,2013-12-16 17:05:06 -0800
2414cfcce72835a0453f19045d6bfa6adadf520e,2013-12-16 16:41:55 -0800
21a0ecfd84a891b3e4a845c3aa93d56c794aa6b7,2013-12-16 14:40:04 -0800
339083a3796e5361183ffc42245095f139edb5c1,2013-12-16 14:40:04 -0800
94fef7307ebcf0d2715d6c9d2273abd8aa759e71,2013-12-16 14:40:04 -0800
abdb022426b0d63b2a8ca6270f47f73b32fb9323,2013-12-16 14:40:03 -0800
10e8fcabd21032d519f03386ae0095a83e52fd18,2013-12-16 14:40:03 -0800
d2aec9457fafb4ed7f337870cf3eb747d281299a,2013-12-16 14:40:03 -0800
756ffa7637080a846df1a27b01876e7eba803c57,2013-12-16 14:40:03 -0800
82413b2103fd88c34b9a52eadc2fc9beeb0ed5b6,2013-12-16 14:40:03 -0800
64e56dc9ab5be4b5206308486775792662ac66c8,2013-12-16 14:40:03 -0800
9aa29fe4b2aafc4e8294de5475aab5663f43569a,2013-12-16 14:40:03 -0800
6146aeba93ee25cdc61f62ddfebd6c5c6ceb3a4f,2013-12-16 14:40:02 -0800
67ea6406eb59eba206a34593f0f8d36d345b0f9d,2013-12-16 14:40:02 -0800
3d33b5fc6e782eccdba40abe95d2a89d2e021efd,2013-12-16 14:40:02 -0800
da5b8ffba07dca76c8364242252da372c69d3878,2013-12-16 14:40:02 -0800
754bbb28c0e19888680532f420d9c6701827f9ad,2013-12-16 14:40:02 -0800
0fefe94b4d9aa449668f477b3538e759aba14c29,2013-12-16 14:40:02 -0800
08934a4723c9fa99cd6dde5668f15832c8f42e93,2013-12-16 14:40:02 -0800
031d9c9137f963e71670f31d8e4815122d962764,2013-12-16 14:40:01 -0800
8b2acc99b60da318ac6744690f74fe9b7cb525de,2013-12-16 14:40:01 -0800
feb03b87c589373ce18400680fc74daa1fc35baf,2013-12-16 14:40:01 -0800
d111d9a9a67f9ee4d9be65bf52001d326438d30e,2013-12-16 14:40:01 -0800
873fd57e25ee22fa38742fc2ee91bbe2665fa1dd,2013-12-16 14:40:01 -0800
1c36eab1c7d81a8b3adbf28d3930f8c07152bb81,2013-12-16 14:40:01 -0800
c4ad38e74a75aa0d5ecb194b85b445aa7b880c60,2013-12-16 14:40:01 -0800
614e6395fbed0e9c2d166179d5afe006f6673549,2013-12-16 14:40:00 -0800
131aea1173d1182b06b9608ddf94dc5fb5828bf3,2013-12-16 14:40:00 -0800
a624182d76373980bf81de80c3af1c27ed2c4187,2013-12-16 14:40:00 -0800
6f15c20e50cc21249a3ad77786d051d49067cb9f,2013-12-16 14:40:00 -0800
b15777a70f9bf8e5125dfac9d117fe2ebf43a45c,2013-12-16 14:40:00 -0800
064802a9fbc4d3e8e024ed362fe306d691cde99b,2013-12-16 14:40:00 -0800
4df635e4074f1fb8b8e4c5b37025dabf11f380db,2013-12-16 14:40:00 -0800
e4b90703be1cc1c969a857716671830d2fd7b240,2013-12-11 15:02:20 -0800
f1c4187f770fa46ff4e88af9466307a10eec927c,2013-12-06 15:33:05 -0800
1807ac0664bb723a0296d198339d7771483bd11a,2013-12-06 15:31:59 -0800
d673212da6d546d4a2e47e87c07ea816b665bbc0,2013-12-06 12:01:52 -0800
ccf8b17150fd2a00bbfc7e4564117abeee327051,2013-11-21 18:55:00 -0800
170b671b64a5b91855386ee99da7acdff09520db,2013-11-21 18:46:19 -0800
b5d053c715f98b2b90d3f975bd22b9aefe63632b,2013-11-11 23:27:34 -0800
b3cc0beaf5c4212da419819f6c4b4cde1ee7e068,2013-11-11 23:14:12 -0800
77da26597952c9f1bf442c514ff6d958e854b178,2013-11-11 11:41:49 -0800
e8d1b7de6f5b8a2b15a3b96f6495fe85fbe930a7,2013-11-11 11:31:05 -0800
27ae6e5024a4163e2edf17f6dc5fc04eeb6a1678,2013-11-10 17:45:43 -0800
6776eaa15ec83562ab8d4f720e42544ca825f616,2013-11-10 16:54:15 -0800
e4dbdc10f737c7226eab95c718f0b945725708c5,2013-11-09 22:27:46 -0800
b200d45253c0b4a48c88a9b4906cb188b1d9c89e,2013-11-09 22:25:03 -0800
b1163a5102e5654f137fb879e8a5a53e7072ffff,2013-11-09 21:41:43 -0800
c71ea434c98a8284177fce24fb7117e247fc125c,2013-11-06 15:32:41 -0800
a47735969b98a9d6173922611172688261afde24,2013-10-30 23:44:26 -0700
a920199ab72bf9f0d99735d1a252d3dd90abb275,2013-10-30 23:43:30 -0700
afb8474c285fe7185b798aa1ea54548b58086a13,2013-10-27 23:25:33 -0700
5ba188abf4b0a9b54c17ec3949fdf1cdc8bc316c,2013-10-16 16:38:09 -0700
47dcada639ce04c6012e4f2f7f35c227cb528160,2013-10-16 16:38:09 -0700
76049fbc381a37f79543b8dde12240f010078d20,2013-10-16 16:38:09 -0700
3925eedc5300c8002c59fc7a5683369589f463af,2013-10-16 16:38:09 -0700
3c5c7fccf72aefc6438d911d526e64370f0dd24f,2013-10-16 16:38:08 -0700
848125427393c55108f4e4874696dc4b176aa78d,2013-10-16 10:02:34 -0700
2db11ea489a35001e0201829c6d31f4c18f48708,2013-10-15 23:48:19 -0700
d7986bba59ed02f27409a05a043a39e04711006b,2013-10-15 23:34:40 -0700
1079809e2e38d0cad7734840dd6fda5d5a8dfd21,2013-10-15 19:04:48 -0700
405c112b700a5bb4d0d5c63e5ba8dc9b7cdebaea,2013-10-15 18:06:09 -0700
4599ac743148406d9e8797af5727069d3363859f,2013-10-15 18:04:48 -0700
3b147096e652a2213f9ad70252c05d8c6fcab183,2013-09-27 17:04:41 -0700
56c6c1d637db66f6c1c78ebd0ebe674a0479d4c8,2013-09-27 17:03:49 -0700
a0f5ccbcf0e6b5cc600e0d38111bbd744475481b,2013-09-24 14:26:26 -0700
5b0b8e5374874ec23e9457f56bcabbefe225b9ba,2013-09-24 14:25:27 -0700
efcda749122860d94bf4aeadd67c182a940ad447,2013-09-24 14:08:39 -0700
68e2e2b02876869e5fdfd20b3562561ad3f11a3c,2013-09-24 13:14:26 -0700
8848b87c21b61654da5d8690a46cbfc913b0b89b,2013-09-24 00:45:30 -0700
5401ec6ae32dcce82a55733372e775c8d083cb6b,2013-09-24 00:37:56 -0700
5f10ccb64a1323b250f8c693e66610d84dcbc314,2013-09-24 00:18:19 -0700
830b36c970a5e1c21c74df331a6248514252d0a5,2013-09-24 00:00:16 -0700
29bd388bdb27f33e25bf9df92d6ec0c7e4a22ab7,2013-09-23 23:55:17 -0700
324b6237a90d2dd9d644ecde668c2eba05a7d11f,2013-09-23 21:28:12 -0700
4620abbb5b0388ded1f292fb79ac686edae619ab,2013-09-23 20:59:42 -0700
94c0ec1f17d3a6e67b677eccac5ceba066f41aa1,2013-09-23 20:52:11 -0700
4a0003b53d12d01a0b3c53f74e915ebeb86dc069,2013-09-02 17:41:25 -0700
9bf27bfb69afecef223bf54ed934d440e4c86ab7,2013-08-28 14:04:35 -0700
532c6f16334284f38d77d4f9823c7ee22303559f,2013-08-28 14:03:31 -0700
f1f19e5a35009bd7f618ee4aeb30e3fa1fb431e4,2013-08-27 14:14:03 -0700
ae7e97ad527bc853449a4085833c739e19d32dbd,2013-08-27 14:07:40 -0700
6b3ce453db8e688c41a9d29d3649351c160e93b9,2013-08-27 08:28:17 -0700
dce434f9f5ee5bb98196362d2975d99c66b0ca79,2013-08-26 23:11:00 -0700
fa5a43ee222cf08f48f94520caae9d5bc825055e,2013-08-26 23:04:50 -0700
2a2ec16cc7782a2998722d16a7cc7afbcf65f251,2013-08-26 19:49:38 -0700
733db858a50acd25f91ae52519e9f24f49d2e0cf,2013-08-26 15:54:00 -0700
b6b5cdc8aaba1d4be5a27a4f803abeba357616c2,2013-08-26 15:53:10 -0700
fe3f2b73c61452091d498b5f2adcd5265f445aba,2013-08-26 15:53:10 -0700
e57e5b34ff930ddcfb91b3fc75c3f457fff11baf,2013-08-26 14:39:14 -0700
b17dbd1b0a81fe992b4f80eed513fb614b33a950,2013-08-26 10:33:44 -0700
8e0b8f97ac901df9f316ffb8ff1c0a88b0a34637,2013-08-26 10:26:29 -0700
efe16971feac82d743180bd5d1c797b288a73f42,2013-08-26 10:07:30 -0700
5912ea402d8da3c042aa620f60b6c481484b0b7a,2013-08-25 13:39:00 -0700
4352e6d4445f53291d4a05d919e79d3fccab87d5,2013-08-23 11:39:43 -0700
f663f754bcb1cb51f58ed2399c3728a40a86ce27,2013-08-23 11:39:43 -0700
1ac2918f2c5374fde18e51ee5f5536e70e40ba19,2013-08-23 11:39:43 -0700
361072548ae84d7063af8e56006b7b3c14626372,2013-08-23 11:39:43 -0700
7ab0d7858ea06d104a2d26ded0cd950071ca6ff1,2013-08-23 11:39:42 -0700
379912311cf89d96a6a9b4c47bfc89f15437727b,2013-08-23 11:39:42 -0700
5af00524306ce0bbccb881c2f8a8e220a648ee9f,2013-08-23 11:39:42 -0700
ab87ba5614f2820d3fafa9fdab5855c2b48815a3,2013-08-23 11:39:42 -0700
ac9f276ddc37dafd8407c81606c5a8d1b5d56d4b,2013-08-23 11:39:42 -0700
e32d9006dab850888d75f80d41a0c3bd46465efa,2013-08-23 11:39:42 -0700
f1f2e04860b3000ba3e901db79e00f20d6dd1c35,2013-08-23 11:39:41 -0700
b3e3855fd10c597e9d3e42c3ee46f7f86311af88,2013-08-23 11:39:41 -0700
8afc25abcf2a83a3acc5177e65d0c460e4500c6e,2013-08-23 11:34:12 -0700
8a5c18f90d68ce1e803bc3656f7e976474e392be,2013-08-23 11:34:12 -0700
fe944e99190d8d5504d19e99df0e22c33b5de922,2013-08-22 17:54:57 -0700
c559aeeabe891d68dbbc2433ab954eb7086e1d75,2013-08-22 17:53:48 -0700
166a09fdaebb9fb930c4bbc5691d465d33cf818a,2013-08-22 17:51:34 -0700
1142419ed47cd2c510d280b5ea39edefa99a30b9,2013-08-22 15:36:39 -0700
b6fda0f206849c920441363a22fe524a94f09268,2013-08-22 10:19:19 -0700
102fd1ce612943e8c5e87d56bc13a4ed562cc746,2013-08-22 09:38:23 -0700
83e820e7ba1899e582d50b83163c4ed03947a278,2013-08-21 14:57:29 -0700
b37a9211afe85abe53e5afce279431528a811b11,2013-08-20 10:47:18 -0700
3f34f6596ca33f31006834612b8976c0fa93a508,2013-08-19 12:17:41 -0700
2103e4388f362bf7648728978696d3e8ec04878f,2013-08-19 10:35:50 -0700
7111fec092e7d8ed81357d347c0487562f855eb4,2013-08-18 21:49:01 -0700
681a0201ba42210cec7f8e172f7d5c80566a78e8,2013-08-18 19:32:22 -0700
94647857ede405174ec2d6d8ba1c05b5385b9b27,2013-08-18 17:31:59 -0700
d5ca097ff8b691d368ad7a90b7f3982588f77398,2013-08-18 17:31:59 -0700
397ab3320c119540e6c5349bd7490338bfbb2a67,2013-08-17 18:26:14 -0700
787dde88a9ec479834e6bb671510c5f4606bf568,2013-08-17 15:31:48 -0700
7334e76679960565b53105faed3b0089a659bd9b,2013-08-17 15:31:48 -0700
d8e8eae48943a8eba2dafa7ed02395c0aa2ab60f,2013-08-16 21:33:26 -0700
32c09e9daebe9ac65740cf705e72f3aa00df6a0d,2013-08-16 21:26:08 -0700
d3b94abbddb5595e1651504b3714aacfdc7ff63c,2013-08-15 10:50:27 -0700
1ba07bc03b40941db9f1f8ec2de444f1818df83d,2013-08-15 10:33:31 -0700
e55131c3c51d0e707376a839eac4c53ba3f5082b,2013-08-15 09:49:42 -0700
5fb3352d1dd3016c23abcc739d13ff5050a4b6a7,2013-08-15 03:18:58 -0700
54d952d6bcb8ebd9945585e6434cf40a8ddcd8de,2013-08-15 03:15:31 -0700
5ecf224e09863618bcee754298fc28c3efdfcd98,2013-08-15 03:07:35 -0700
9de0d7a299e28153962921f7822af2095c32d63e,2013-08-15 02:58:57 -0700
738f3397b782b8801e9db48e9301090751b7198e,2013-08-15 02:56:43 -0700
27eb3066f29277233c83f5662ce61c386bc9de09,2013-08-15 02:42:46 -0700
65215720c0a942a16bb024903e88e12ee1dc55b5,2013-08-15 02:18:24 -0700
402bdaee341294710cc5af94e8d334f7d7488d51,2013-08-15 01:19:50 -0700
87b1b56b7f42895cf92d90314f57c5b356544e78,2013-08-15 01:19:19 -0700
a5d22cb10d7286cb2f63c68d5a51a2f27ceb148f,2013-08-15 01:12:36 -0700
7e334e3559f2da03d10b34f5a8a7a30741b88189,2013-08-15 01:07:07 -0700
68fff285ffc869b8a624b46b10c4ed40800fa5f4,2013-08-15 00:28:08 -0700
cd222e1dcf688551dc93b24174ec1b7daebd2f8b,2013-08-15 00:10:19 -0700
06c242ec425b988d5bfff56de879696d73bf7ad3,2013-08-15 00:10:19 -0700
a3d7f23c9e442d512da31f10cf903f40bc34875e,2013-08-14 23:58:06 -0700
a96ce64589cc999b8002413467736db1a8cac459,2013-08-14 23:54:11 -0700
542947eaa0ec8c47aaf82af47ae9914ebe0dead5,2013-08-14 22:59:57 -0700
5fab1ea8d23379e9f390d9417ee429fc8172cd74,2013-08-14 22:59:31 -0700
2f239ca203dfe56b1312559fa37c8d41e48463f2,2013-08-14 21:45:13 -0700
5dcbd242068ab0dad5f306c18df4a5a83966982c,2013-08-14 18:59:33 -0700
7c2ce7d8eb5406af1fadc4cd3fcda38550e0ffeb,2013-08-14 18:17:26 -0700
62df60e21015740b67fda99f0e2689aa7f9a9c2f,2013-08-14 18:16:50 -0700
4fc8daa916d82763d834902edf641d013495e02c,2013-08-14 18:12:44 -0700
dd04d849d6a704bd3aa073277d19ff9b976c12ba,2013-08-14 18:09:54 -0700
ac5050f0f706b364c89b79975b2cbf309259f4fa,2013-08-14 17:44:41 -0700
940539b0972e830b33a1f4a8571c7b967fb78575,2013-08-14 17:43:52 -0700
908d79f06edd261682806d353882fe1c83e73b39,2013-08-14 17:43:52 -0700
dfb833190e6c4a7e2e67f15c78c9412e211911c6,2013-08-14 17:43:52 -0700
bb0d41ae01a5ce14ecc54fd05273d43700380807,2013-08-14 17:43:52 -0700
c600e289c31e428324c673841b11f62f57a42192,2013-08-14 17:24:41 -0700
0abd544165a98ff1f200675a0bd7f616d1bb9085,2013-08-14 16:45:30 -0700
28dbd67da66a7743956ca6e1f8b47a1aac528cbd,2013-08-14 16:06:02 -0700
386c56840ba952f58782a9bb68476c4125738605,2013-08-14 14:33:29 -0700
0127aec1b98c75cdde88e57b7deae516fc909913,2013-08-14 14:22:28 -0700
8f328d68f98eed349b80fdc7f78b0afc55309779,2013-08-14 14:16:54 -0700
18ef0d2f77dc5bba5160cef3b27ee692513c25da,2013-08-14 13:43:45 -0700
63288f45eebb9aee61dc39be9cc34bf3e62d146a,2013-08-14 13:35:40 -0700
476a20897b58f433bb4f01b9d08518fefcefd34c,2013-08-14 13:33:06 -0700
ee06c0a5caf87a8160e06fc2bb251cae8eca026d,2013-08-14 13:29:21 -0700
990f56c37373b14b0942c932f9e0d31cccb0ccdd,2013-08-14 12:53:49 -0700
e92f0b0df53e53911f66ac2019a73e4851fa44b2,2013-08-14 12:46:12 -0700
a995af3f771182d7b0a6a4ae5c6f2903172e2912,2013-08-14 12:31:38 -0700
c91202aa65c85471076863116bae0abb76fa7aeb,2013-08-14 12:29:44 -0700
7a970a42892b03a7b0ca13c687dd63e082fb2de5,2013-08-14 10:35:22 -0700
ae0fb1efb08fad1c6e1b2d16099c5caefa8977e8,2013-08-14 10:33:45 -0700
6ab4b9ec154db2f743120765b8cf9884cebe6289,2013-08-13 23:48:35 -0700
58fe537913032778b1c2dbf390cb1fa4cb7d70d6,2013-08-13 23:43:21 -0700
2e2a62bb4d03a0c3efd5f5f06fa53e5915a2e3af,2013-08-13 23:10:50 -0700
beedf0eb39cbf02d8d008b12e668af6c5b562a7d,2013-08-13 21:12:55 -0700
e13429c8183e6846ca28d2ea7124d65f474637cd,2013-08-13 21:00:57 -0700
2269073aede109fc953ab196add94140bda0b337,2013-08-13 20:21:29 -0700
2467c5469f030f95533b264bdfa4593b968732c9,2013-08-13 18:48:17 -0700
e66b06056adbc2a3073eec7cd15f8e2de54649f4,2013-08-13 17:19:59 -0700
cde56a6a3442470ff6f7acf3661132603a52ae8a,2013-08-13 17:19:08 -0700
79b30cad29dc7d98d0a76966f06d5e2b94488dfe,2013-08-13 17:01:06 -0700
22b1702318dc0dfb1b2e1219c8e0c57543330436,2013-08-13 16:42:58 -0700
c3a6c42b4c89b378d22cf34f3594d3013e908dd4,2013-08-13 16:27:38 -0700
9b72179d2a934bb56f459e3fccff5fd3d955364f,2013-08-13 15:42:26 -0700
cb2f0c445cda837facd4c2138f13deb47fed3bbe,2013-08-13 15:28:04 -0700
9f62d25de3c3b1fd5c56440079972a1f120568dd,2013-08-13 15:27:26 -0700
4e5e401168634f8f429876e9da156ef2ff024b87,2013-08-13 15:08:32 -0700
ab74d341b812727373622411f628d2285a03da49,2013-08-13 14:53:05 -0700
6698fc10e213383e2cd37c180e3c4244cf8c47d3,2013-08-13 14:32:58 -0700
e9361d6f126cda7407c1490aa3d042b1e00cdc75,2013-08-13 14:28:59 -0700
7aa5feb745dd1ebb4d87f62f6f461733752a0896,2013-08-13 12:46:21 -0700
0c94ba29071102bcbf608ee3c076d994c313482f,2013-08-13 12:30:03 -0700
53a00ca39def936fde196cd07b637d06f3243e28,2013-08-13 12:28:45 -0700
035565f3c9a779d6cc07ecab7b0e631a7be0c529,2013-08-12 21:07:53 -0700
068eda8a762ba7e1874af091421d3296c314f531,2013-08-12 14:21:35 -0700
937e143aff2e7a26d6817ee8a37979bacfb4bf77,2013-08-12 10:54:38 -0700
af0c2fd41711218119055ef91e032286d44ed9ab,2013-08-12 02:04:34 -0700
c00eaa49b687e529af9387c5b5a5e4922000451a,2013-08-12 02:03:16 -0700
03ff6edbf40a44ff6719cc4a63d78f90d300269f,2013-08-12 01:45:51 -0700
668822052222dfe2e9968a467b3f5f8525d57584,2013-08-12 01:45:36 -0700
b4d128c12cdcb5b72f92bf49fcd4040436f95c54,2013-08-11 13:13:40 -0700
701368a7fe472f2a5186faa74312dadfacc40922,2013-08-10 15:43:33 -0700
2e990edc22534f0f967e54141c7e875542a2d847,2013-08-09 11:04:28 -0700
bb7aed5c1d903acde9c467212b039a05f9eaad0a,2013-08-09 10:38:40 -0700
18836df861949091eb57593bfd731f99dd88c71b,2013-08-09 10:03:18 -0700
8e35804c85da2aaa76cb519b23eb83dbd27a0762,2013-08-09 10:00:45 -0700
c4e3ff112201fc260e73143278b7643848525157,2013-08-09 00:12:14 -0700
e7ec3399c65eea4ccfc34ff65035f264d6e2d2ee,2013-08-08 21:06:38 -0700
8a8dce9075a496a70d0b6bd9789658691e2a5847,2013-08-08 21:06:37 -0700
e715e99509c2c568ed8a9d9d6a31716f943baa8f,2013-08-08 21:01:15 -0700
a63118069912d73ac34fa092494829881c6fd1de,2013-08-08 21:01:15 -0700
52490ca8abd08cc198e057fb2f9b5a66dc4ce8d0,2013-08-08 21:01:15 -0700
a7f45e8244ce11262169308d1f4e0914827854e3,2013-08-08 21:01:15 -0700
419166b3a1dfa9b24f8b7292f91468e7dcb7a546,2013-08-08 21:01:14 -0700
010b5886dbbd0f6cd3dbaa5926161878380edc5f,2013-08-08 21:01:14 -0700
bdc7a3db96f60bc2efb3112dc3b0a0413823a102,2013-08-08 21:01:14 -0700
6747c51b386f377aeab576d1ac30f19dc639f4fd,2013-08-08 21:01:14 -0700
c765a699c2462f5ede353b88bf96ceebb4ae9874,2013-08-08 21:01:14 -0700
d5c49ff287d01d0afcebe94f18f5889dee79dfce,2013-08-08 21:01:14 -0700
dae8307b3fe6d4de2babddf3aeebaaa75e06bcaa,2013-08-08 21:01:14 -0700
71c72085f8484b3bb35d4c5cf195c31b1b2564a2,2013-08-08 21:01:14 -0700
aae2a8068a4d335a5dd54b8e5440ca698f98491f,2013-08-08 21:01:14 -0700
9cfb20d26e4cedb08fd3d2231b2b246e20f57e6f,2013-08-08 21:01:14 -0700
c95a5d95a17d665f0e26bb2214ac79782a59cd33,2013-08-08 21:01:14 -0700
012cd6c8b4fec4c89c7192f840d75d6ae3af68cb,2013-08-08 21:01:14 -0700
ea36b4f556e83ca6c0f4c5ad518c2d2a26171805,2013-08-08 11:52:39 -0700
49ea11478023fec67432a81725d55b1adcdab9fd,2013-08-07 17:36:41 -0700
28001c42bbb7a580f9b9b9c1aacef2fe61aa4dfd,2013-08-07 16:48:16 -0700
5310d3531c340603df31ff320d44c2d506d03c87,2013-08-07 16:34:20 -0700
c60d810c9c5c76ab1de1e27350cb9aea36784556,2013-08-07 16:21:17 -0700
7be306f1f4504f2a1551f2b7f9b626a80ae94768,2013-08-07 16:15:54 -0700
857bd540dcec5f09d48fba6b686851ba96c5ba12,2013-08-07 15:30:52 -0700
e7911bc63acf4793d1a3f51958ea0ba43bc31630,2013-08-07 15:11:06 -0700
c325f443a56c67e95a670a67c6ab958fc22e83d2,2013-08-07 14:51:14 -0700
e8ec136c29edf9df007ada3dcd7c3d0df7906187,2013-08-07 13:42:43 -0700
7d3c78bb583724c4893d0d9d79adb808edcf60e5,2013-08-07 13:25:00 -0700
11bc2d7c682a4c7f86c1da33f3f9558032cd8906,2013-08-07 13:22:35 -0700
4550a73db11d4f737ffde4770142c7cd3d2b421c,2013-08-06 15:25:20 -0700
6be704647ca85b59ce1693d741eea66595e1ca64,2013-08-06 15:24:48 -0700
e7de54bdf46a2a34aa2c92c5d802a9d47ed53172,2013-08-06 15:23:58 -0700
6aaf7563e8ecd4b551fb1df28a6cae654d9ba6e9,2013-08-06 15:10:10 -0700
0cf513afa4ef677258b5bd5b8ea709006753c7d4,2013-08-06 15:09:33 -0700
737c2069500d4f6c449fd487e72174a44cd9affc,2013-08-06 15:08:39 -0700
80ef9586a8c6d964640619f0e68effbb3950b63b,2013-07-28 19:41:49 -0700
8f94b1000faa8c3f530469f09abad5578d1bdbd8,2013-07-28 00:50:24 -0700
0dabb099234ad2dd22f1a69affd3de969c624194,2013-07-23 09:32:40 -0700
3c72eaaf3250a5424ef27199baf8715503bf8d74,2013-07-23 00:52:49 -0700
ac8222430c54245f78cffa5bd9b031811380481c,2013-07-17 15:10:53 -0700
219a210ff419d569889041850adb420b21b5a26b,2013-07-15 10:18:21 -0700
58ebd5fad1c36faa20f5fc8aff456697e0dbe95f,2013-07-13 19:36:27 -0700
e8e7a6b3a23c2c8742f072462311cb06826103c7,2013-07-13 19:33:54 -0700
e2a0bdf53bc55cbb2259004ef05b0ee407f4c91f,2013-07-13 19:14:38 -0700
88d4a5004b280f9c78b0b370ee1120adb69b44b0,2013-07-13 17:38:40 -0700
1c9cd95fc9dcb15a13de6bfffcc17060ef7a9945,2013-07-09 19:15:34 -0700
022a7df33e286b2df9b42c730469793c5d4c24b5,2013-07-09 19:15:19 -0700
3288dbf76f86ea39a26b84008842064cbc6ef394,2013-07-09 19:11:24 -0700
1e9ace0e2a0dad517d69dd3ac20a21e51405ae39,2013-07-09 16:00:10 -0700
50f222985ee527a40f5c15df1b4fbc696ed25e2b,2013-07-09 15:49:22 -0700
d0ae81fa0c506cfc5c4de8d6643852aa2fdd5185,2013-07-09 15:43:29 -0700
883b24f73d70115f64d72a44fbf3f56799c3e209,2013-07-09 11:14:41 -0700
b44faacbaed58b60671c70f50dc3e5113aecc276,2013-07-02 17:08:27 -0700
b1681dada2166353f03b8d500ca83d8e3b24e17f,2013-07-02 17:07:29 -0700
8a223956aa3cb53d090a074eafbb58e1d2af219b,2013-07-02 10:49:29 -0700
a022c42b994eee44b4bc61a40f4b146b56e06ff1,2013-07-02 10:13:43 -0700
202fbc8b79da9c09c4dcfd1ee35b2123859d6842,2013-07-02 10:13:17 -0700
1391f628a8d42364234b321e98033061763b49b0,2013-07-01 15:01:13 -0700
984ab06100f63501d9edff85fe725d755ca34a58,2013-07-01 15:01:13 -0700
e8cdc9c5b7fa6c0525652c752b48faa928279c09,2013-07-01 15:01:13 -0700
6f33d188fd2a4437ba08bc306be6ee2f6281b8d4,2013-07-01 15:01:13 -0700
6efb7b8bdef997cdfc3f09cd059de152ecc525c5,2013-07-01 15:01:12 -0700
a902155a59958e1ed292d8d637fa6e48574dec51,2013-07-01 15:01:12 -0700
c1f1e0adfcfe27e659c21519fc19e1bded25c1d3,2013-07-01 15:01:12 -0700
ebcf761e53d2014a232372bff913a6d1ffd7da06,2013-07-01 15:01:12 -0700
15c9ba6ab21f08652757ee15abbeac64c84bb06d,2013-07-01 15:01:12 -0700
be3e75d59286c053560fdb2d4425516fc1508331,2013-07-01 15:01:11 -0700
92adfbce90ef795038f963063dee546e888f8c5d,2013-07-01 15:01:11 -0700
2eb2ad3c53790036a65dda437d3c229e7397034f,2013-07-01 11:07:26 -0700
a06266f53f3911d126d1d3b3c9c23296f8e349b0,2013-07-01 10:48:09 -0700
d346c4c2037592b4aba233b1940418fa64f2cbd2,2013-06-25 10:55:17 -0700
8176d4309cc82b02e7b119b67d2a0c1644608d82,2013-06-06 13:57:54 -0700
6099d6da987181f8061f1bae53df3ac43f4ef18e,2013-06-05 16:35:04 -0700
75a5099acf5f9a9c212e4af3cb0ba8542ed0b6c9,2013-06-05 16:31:57 -0700
f4f1242ae39fad5b01716616d9e47b75fbf2fbd0,2013-06-05 16:26:33 -0700
9ae38faa527fa521c935e6938b6e8017ef0923b2,2013-06-05 16:26:01 -0700
ed9818f3d3bd0a37477fa1507851e70f1196c871,2013-06-05 16:25:40 -0700
674af9b1fda92fda8074fc9f2cb59e26626b1387,2013-05-29 14:21:28 -0700
638d5e5b84e61a75568dde486e4e24e136918a08,2013-05-29 11:57:53 -0700
54dae003f5e966ad11d34f726cd849879f989c18,2013-05-25 23:49:20 -0700
296d7ebec418c39dd97d3d1fa123e0ed29856a93,2013-05-15 13:50:56 -0700
1e852ea4640953af2d7dd11aa7c2191191e901b7,2013-05-15 13:22:55 -0700
e64ddbf4ac1f0caf348a0fdf4e3a708541b667c7,2013-05-15 13:18:09 -0700
c874fb7817332b0c2374ba8bc54d835a8e1b79ba,2013-05-12 22:31:00 -0700
f91324d432acea504c129b2fa2811ea02eb12993,2013-05-09 00:35:39 -0700
a75b651422c8e8409805d73e430ea639e69270bc,2013-05-07 16:27:29 -0700
32bea8c30e6b0420d6a8fdc79a533ee10bba9e7a,2013-05-07 16:09:51 -0700
52579d6f5c68a2551c2420ea2fb7fa1a773c9501,2013-05-07 16:09:01 -0700
c958fe2d8945413b49dd89f460a39dc65b68fb35,2013-05-07 10:24:59 -0700
e4008c973dcf9d461f014172653e802d20d615bb,2013-05-07 10:23:19 -0700
c81ffac66448e4e35c41e26ecfcabbb245c1ac24,2013-04-24 12:02:05 -0700
9106d6051878b4834578d6c990f22a8da717fbfc,2013-04-22 22:05:45 -0700
bd4a09a6abf181eb583bf65486508f3f455694a7,2013-04-12 09:22:33 -0700
67c0729b965703951762e212c82b0ebc59b43dba,2013-04-11 22:58:59 -0700
414426b77984a15d36df39204e2b5103ce21709a,2013-04-11 22:57:02 -0700
2ee86e392d24c6d32a75750fa119827e3ac6a503,2013-03-25 03:41:49 -0700
88bc61b87e17af71e4d5ec2ff143e2be100e848a,2013-03-17 21:53:32 -0700
f4554da7b1b3a0d8481816ca49583771aec9a938,2013-03-17 21:50:35 -0700
611684036977c33acc39305f57d565e469b2c512,2013-03-12 13:53:52 -0700
9ad24744ece7c83d6e32abdb59e87880fc1bd7fb,2013-03-12 13:40:37 -0700
0ca02f937fa31d87a54dd8830dcaef816adec974,2013-03-12 13:40:18 -0700
479d16b70415ed68bcc4b54327c91494d6ea08c0,2013-03-12 13:12:36 -0700
6a3bac64f91e00c9faa3ddd2291e44b25a07a25c,2013-03-12 13:11:02 -0700
2606a6a735f8e369fa923bb1660b4cedc5e10393,2013-03-12 02:14:57 -0700
c295d37236a745bf8ca0a08ac6bfd30fd9afb687,2013-03-12 01:02:17 -0700
b2dae80da05319b4decbb94b72f427696bb8385a,2013-03-11 22:52:35 -0700
905b04119207b826cf2b7d336976b30ae423bc22,2013-03-11 22:25:21 -0700
24022eebb5a1340fcc872b6567e880c32c6a3955,2013-03-11 02:34:43 -0700
1e6321a74294d96b30bfe6884e6fba1ebfd7944f,2013-03-05 01:38:35 -0800
519ce5fd4c5ee034b1e03dcbccd483adcfd2a617,2013-03-04 23:31:20 -0800
a400fa0e220f9ef811b88e15067ba7df62c75b5e,2013-03-04 23:30:44 -0800
f466409d2e8382863b3ea64a8886c3b8ffedfc76,2013-03-04 01:50:11 -0800
4a6036baa2e2d171c7c2e437a36b778c4d0f40ff,2013-03-04 01:37:41 -0800
708b1b910822baa2dcabc16a62fb46466957ac1d,2013-03-04 01:21:34 -0800
5f710a86aff74f104665aa370e67cb15b5470356,2013-03-04 01:14:35 -0800
3a40393f3db1d64703d5b6af32bad32a9211a3bd,2013-03-04 00:41:29 -0800
33fbc857f80873a78d622fb7d1cc6988010633d8,2013-03-04 00:19:45 -0800
4bcadac53bba9eccd621bc0cf80d66d8641718d9,2013-03-04 00:09:30 -0800
4a9e1484dbbe5683b2508d799353f3d08f8683a2,2013-03-03 23:42:34 -0800
8f43da42bf17fbcc0f78a28942c84effb9c1b59f,2013-03-03 23:41:49 -0800
e8bba941e1dfe4d34f47cd7833fc84419102039f,2013-03-03 23:28:24 -0800
3b7618a0305563a03eb5fe8422670bd592354597,2013-03-03 21:58:41 -0800
00a699ade023a1f419e188b5d4332f755f9c6c2a,2013-03-03 20:19:46 -0800
4bfc21932400535e760ddeb3d4c368256512618f,2013-03-03 19:39:43 -0800
7046bd76e3e899c7bd1ed7e267556d47a2952e49,2013-03-03 19:14:49 -0800
6958b01eab753ad89019c8000d604f543b35bcf1,2013-03-03 19:12:08 -0800
a26ed664d08b2edeba16f5eb008470533a042836,2013-03-03 18:56:26 -0800
1fce03279e9ab0a03300afdf2cbdbafd0d283ead,2013-03-03 18:42:11 -0800
170ffed02aa1694a9cbe8d9ef400ed9f0c027ff0,2013-03-03 16:43:41 -0800
df1bf6352541875c4e95fbfc378bf42b3b4a5023,2013-03-03 16:38:54 -0800
901424593a4322d5c258266fa6ed9d4bc1db0333,2013-03-03 16:12:33 -0800
5bed9f573507f9dbb647fe5fade5929ba87d19e8,2013-03-03 15:40:55 -0800
1a12a73d2a48d1f3b8fd5be9a179f7d7ecaeba17,2013-03-03 14:59:39 -0800
8e3ea611265c815538ff360fcc1d84bcd13b8edb,2013-03-03 14:52:49 -0800
0810d082d3e7e95a9eb8f2412201e9f42039b853,2013-03-03 14:28:11 -0800
1d570737deb3783555b7784e50a9e837260c2b65,2013-03-03 13:00:53 -0800
24fcccc69c4a203b3cc3ec6c51f96f3aa371bfff,2013-03-03 13:00:43 -0800
0a6206e0e9a9fb020efb99d51f577063c375e863,2013-03-03 11:24:13 -0800
420b995af69e218df10d3e04a7f425fd65e5a6bd,2013-03-03 00:04:33 -0800
b529c31fb44f1ae717a8cb430c8524ad680fa7d9,2013-03-02 21:34:05 -0800
bdeab82f5d27d2019889573bd6dadd8be8827204,2013-03-02 19:11:33 -0800
33c90df9453a55e2c4b033d3118e48f510134955,2013-03-02 19:08:08 -0800
0db2f6d394df2e97583b4a8e82bcbecafcfb7187,2013-03-02 17:53:39 -0800
3b459d7b8e0788b5fc13d0faf95c7d82f2e1e358,2013-03-01 16:42:42 -0800
2ee554694ba68d51659880395fcb7fa1ff4f1d8d,2013-03-01 11:41:39 -0800
dbafe68cd40dc5d4d2876376007582a065d90764,2013-03-01 03:39:49 -0800
a42167ecc3847079db620517573abb50a6aca914,2013-03-01 02:39:36 -0800
1348164a3252768e0320fae2be550d92a2b43402,2013-02-28 21:18:52 -0800
ccb4730bc478194184b5b3991bfcf4cc6fe5c1f0,2013-02-28 21:08:58 -0800
813fa5c524059a6fbd157fa153ab342b4433a021,2013-02-28 20:21:39 -0800
f8fec18909d7baf4a8733270672c3ce90a674e5e,2013-02-28 20:00:31 -0800
06b1d4df18370ba3233459f386570486ede7bb01,2013-02-28 11:05:44 -0800
cde665346b3a6e83e21ecef2392b45334436aee8,2013-02-28 01:41:20 -0800
a854b8f124da0d1b0d4ebb1d9e81fae91624bdf8,2013-02-28 00:51:15 -0800
bc41becdf3125fc5861b5477f7d1b04865475223,2013-02-28 00:24:28 -0800
b67a074c4b8e81176352eeef70943bb647f413c9,2013-02-27 23:24:35 -0800
554b30f47bdb5f41f0b5232bb462cf1576e16599,2013-02-27 23:08:35 -0800
88cae0c8e07be6693a6bc13807a7f1e070fcef5f,2013-02-27 22:54:08 -0800
1f1b586ab3949602fd88fe50ac6ce3d47d4dcd7f,2013-02-27 22:52:38 -0800
695b05c14d9b3e5d6b2bd72a367b079b7b82c681,2013-02-27 22:43:24 -0800
c0d69860cbe3cd74b21d0ba7d7df078ca001df1d,2013-02-27 18:16:43 -0800
c105b6261507ad04c91a8199baf6a7f8f8a67afc,2013-02-27 18:10:45 -0800
6c303181e368d09711e60094c58873ff31050a55,2013-02-27 16:28:35 -0800
b712d2f1286b09ab1e6cdc9b4a33ee8ce2c380b3,2013-02-27 16:27:17 -0800
a84b9d2094b6cf533ac68ed60aeef0f16acafa12,2013-02-27 16:20:09 -0800
64c2faa61dce593770676468d51421936cde9690,2013-02-27 16:19:51 -0800
dea47916695641c3f394b553fd7f0ad3f2f824e0,2013-02-27 15:49:58 -0800
66fece64f43548ff0e1074109f912fccf77d3cd2,2013-02-26 21:24:09 -0800
65a31775b60c11e0ea9d300db91834cef2e4b10b,2013-02-26 21:21:58 -0800
39a2d4eae7bb9a037d67be9481aa59bc6ec07c8f,2013-02-26 21:17:57 -0800
79872b9012011738bb173d0a89a46159ba7ca13b,2013-02-26 21:13:49 -0800
6a74e62caa6a8ffaeeb559b3d76f9808739d2690,2013-02-26 20:26:46 -0800
21b41190b1dd81240a793a203c46e05530b7b885,2013-02-26 20:16:36 -0800
611a6135895a1ff8dcf928460989eccd4f6adf46,2013-02-26 20:01:57 -0800
c3d21a5e8e916d4c3a7c06167da8dfc4fcd7122f,2013-02-26 19:03:43 -0800
d06dda94d76a0853b50ab0b95d34cf3a963eae92,2013-02-26 19:02:51 -0800
ffe49b43476a8ab1165d3acc21a1ac3ba5b1a8f6,2013-02-26 16:04:32 -0800
c39a8dfe35b82caa59f993fa83b6e93c1f72e01c,2013-02-26 12:40:19 -0800
64d301dfb36019dcbfd14db70ee7110df75796b4,2013-02-26 12:15:40 -0800
77f83dfaa4bd6b7eb8099e81adbb62b25c373e30,2013-02-26 12:13:49 -0800
6af023f7d31569f073c43299e79548990f66b168,2013-02-26 02:44:33 -0800
97c1bc6a28411c5a78012a934de93d7a9d8669f3,2013-02-26 02:35:25 -0800
fdf49603c57e2008bec591423933e02bcd1c82fd,2013-02-26 00:26:10 -0800
ab9b81f98758988d7d7b4ada16931f62eb0d0cbd,2013-02-26 00:24:14 -0800
aa97d7d42ead4c20938f897e0edc458553bbdaa5,2013-02-26 00:22:43 -0800
576bc8137fea6ddb9975f9dda81db0270f2dee5b,2013-02-26 00:17:17 -0800
c49a4bee92677e49914288a795ba5eafbb425009,2013-02-26 00:15:33 -0800
7d8fc88b537198b41acca6007ecb74d42627587a,2013-02-26 00:05:34 -0800
eb466c7f70e3772e8dc448d7836601a65eb3e2ee,2013-02-25 21:56:33 -0800
60a8d753c311e1055dd1ac66e4a60708fc12720e,2013-02-25 21:56:04 -0800
9f1f1e8197603a16be490c9f3ae3eb11ff4e1782,2013-02-25 21:20:14 -0800
fa6479ddacd5882f55e83307b6c73a69b6155d36,2013-02-25 20:59:30 -0800
21648073144958389a1057795b480941a38171d9,2013-02-25 20:23:24 -0800
3dd855b6aa3d58898e6753717ad25f8ed09bc165,2013-02-25 19:37:40 -0800
7a01ddb4f64216fb65e0f3f6610a235bb6b828f2,2013-02-25 18:39:49 -0800
91539ba7b2fd662858b2bebdccf8bd32310a790b,2013-02-25 16:41:47 -0800
06b710e47e960e989da7f9950480036b5393743c,2013-02-25 16:41:20 -0800
decf24781557ed50b7215b43f81d0a060a9c7ddc,2013-02-25 10:58:43 -0800
73641925fce4063edb5aaa59e5f2a79eed8245a8,2013-02-25 02:37:43 -0800
97c2e3ceb91a9366816ecdf3c2fbe59c2782c265,2013-02-25 02:07:45 -0800
aab2a3c698a8b2ce8fde5de99dbcac4aa6b4b75e,2013-02-25 01:03:04 -0800
1b71cf72bba416d243e1ae10543911828dbd9865,2013-02-23 18:09:48 -0800
a7e894380ddcb78bba675e88c1c990cd87390f2b,2013-02-23 12:54:16 -0800
7a7ead0c640a5a8d147bed050c16e2c4a366fe9c,2013-02-23 01:18:23 -0800
f8af9da4bd40ae17af2ad7cf6c6bc72df87f0b4e,2013-02-23 00:43:52 -0800
4c034f091b46ebe26ea812a616a5d3b20d932cbf,2013-02-23 00:34:57 -0800
8f734f52946f5378f6e13d6241284eb6666be8b6,2013-02-22 21:22:15 -0800
1a6d9dae202c7243516565733920bbad06fbdfee,2013-02-22 20:55:17 -0800
fec96bcbd6a99345b6b075c5ccfc5d3cb3f044e5,2013-02-22 20:05:27 -0800
4d62cb9c920a1dd83b884f2c280a7326b4bc500e,2013-02-22 19:58:32 -0800
2a4b82dc8eb5af8f1124ea9c93ade87cc2c66fc5,2013-02-22 19:56:23 -0800
174f0be3dfc7f39853f4a22e8f4c8454a931fd16,2013-02-22 19:18:37 -0800
9f0bad5dbe553af68e6de3f8c9ba2d14c9409be3,2013-02-21 23:03:37 -0800
b88088f226c79baabca85faa648a7796579db120,2013-02-21 22:58:08 -0800
41322b72deb9403b3725e41c17ed321484842fd9,2013-02-21 22:57:15 -0800
4bbe2c986368b5b1dcd98f122485d0f25808fccc,2013-02-21 22:56:43 -0800
ecb2c95ac30eece357d414573762e26d5a66409d,2013-02-21 21:11:40 -0800
02f75f777be87bd1db666f7a47b407589e2d77fb,2013-02-21 21:02:11 -0800
75408f5224ed3a108d32cf105d6618f494bf4f8a,2013-02-21 11:52:47 -0800
8d2b2b5785c7285ca533c9ebdd4a63589eafe72a,2013-02-21 11:50:30 -0800
b2c3daf85f11e553e2a3a85377ecf8024984a947,2013-02-21 11:31:29 -0800
3ea725ae3adc2cc0d18347a7090efdc5bbe8c4a5,2013-02-21 11:30:50 -0800
03094f9acf78e829721932d90766e6d8f8183b34,2013-02-21 11:30:22 -0800
3116ada14aaed592cb554cbc780d60955fd81f83,2013-02-20 23:40:59 -0800
253636bb4f610b7b91302e3e1f3a732ed8fa69df,2013-02-20 22:20:19 -0800
55f7d1deb322120ba3f8353f6082f72b80cbb8fa,2013-02-20 21:57:05 -0800
9d3224aaaa538e96f10390c735b119efdd19a829,2013-02-20 21:53:20 -0800
586c9b4f8310c09d14ce7a0c729f367399ec9389,2013-02-20 21:51:09 -0800
df50454f152733302edc0da10e0e816690199e47,2013-02-20 12:49:45 -0800
39665ad0f640656be4c932252720f41d6aace06f,2013-02-20 00:07:59 -0800
e48630513d3c0cbb38954339fb45f412514c74d4,2013-02-20 00:06:30 -0800
1be13d9767879789a93d0d14dc0d3025a3132563,2013-02-19 01:15:51 -0800
a24804a39dfe0cf412ee1533bc176eedd30af877,2013-02-19 00:04:53 -0800
b467a5945cd9d41cfa2eac74803a5f75ea2ea772,2013-02-18 12:56:07 -0800
dec21e567415bd7495970158c13f5a3bb99bef47,2013-02-18 12:03:05 -0800
9d073624697b1dcdd3f01dc307774647bb35d04f,2013-02-18 11:51:57 -0800
3c4d07415277591fc4628024b6f51ca8733fefd3,2013-02-18 11:07:08 -0800
eb22d4a5dcc1febb966cce52039a8699954abdc0,2013-02-17 23:13:22 -0800
e8aedccd2996e5bd0e93bbfa346ad52a934ac096,2013-02-16 16:22:42 -0800
a99d9234ca97b06ae523b8e58908ef48f25d408b,2013-02-16 14:47:12 -0800
83a9e23d7eb3813e5c0f9b84b2cfcd51689e6083,2013-02-16 12:42:14 -0800
9937c900204cc4de25636ec569744f96bc996e0a,2013-02-16 11:54:54 -0800
47e15e4063b9090eb345753bd3c4220bee8949ea,2013-02-16 03:07:23 -0800
009eec14ec333213fb88f77737b747781ca01f54,2013-02-16 02:57:00 -0800
8e108ea2fcacae2429a8a7348d1bed2860e73ead,2013-02-16 02:33:42 -0800
1beb031a05bd85a1d905f7edd05217370c97beac,2013-02-15 10:38:15 -0800
b5aa49aa69fdeb3c263adfe360b59653650cbaf3,2013-02-15 01:20:00 -0800
e6e9200f98fda6438fce87ddeb0b89120955cc6a,2013-02-15 01:11:50 -0800
5fc19e850114ce987261a4761168b4c7e0b2e243,2013-02-14 23:27:13 -0800
d1e499d5d47e53423be57674abd385a0568495f8,2013-02-14 02:10:35 -0800
f6b787bfc3474d39e463e201eaf0ff185811596c,2013-02-14 02:04:20 -0800
5f388910c9a8392b831dd48ea3e6afc5b35a834f,2013-02-14 02:03:15 -0800
a86f1a7c7f87cbcb02888850e1a229b34a5e340a,2013-02-14 02:02:25 -0800
66fdcbe0b1a1d863b76c3c15d82e8e460a6d879e,2013-02-13 19:02:41 -0800
21040ba2d8926e80eee72a8753f27581e309d71d,2013-02-13 18:59:14 -0800
b010749716b32806f9228f168c63efd19273286b,2013-02-13 17:42:41 -0800
abbbf0088601565af6e9242b11b8c53ce9c3b8f9,2013-02-13 16:03:12 -0800
2a71da382759aa8018b2400f9f75a22f7922ab73,2013-02-13 15:32:57 -0800
bb2f8d852db627deecde8d41e498422d18e2d182,2013-02-13 14:39:50 -0800
bae86644ebc170a52dfa91db6b9fc98353d21634,2013-02-13 13:55:41 -0800
8d206babbc6f95a85be820c13698907ae23095f6,2013-02-13 13:54:32 -0800
2afb207f66856eb9f26120b4e1738f043e082c73,2013-02-13 13:39:40 -0800
f942c3c1614cf2607e19fdc8ab26b8707f4cf0ba,2013-02-13 13:37:00 -0800
1edb05cb13ea708f025db5e3d4c01501336b9c98,2013-02-13 12:45:15 -0800
3e484ab8f8e8c297ed817354823e389095d26fd4,2013-02-13 12:18:22 -0800
3209f11d1f43257b4140cf9fbe753ad20701eb65,2013-02-13 12:13:30 -0800
6aaf271914640688bc0f6327a270bed06a2c1f00,2013-02-13 08:50:11 -0800
8897ee7afe80bf5292677727fd1c26bc5632c9fc,2013-02-13 02:57:58 -0800
5c8344d21659aff865f1beb64434900ff129ee9c,2013-02-13 02:06:25 -0800
739f500918a3c4e0fa9e4aefe2e57d7667ea7c35,2013-02-12 23:54:40 -0800
70b34ecf304092bef92def0562b9a31311463fa1,2013-02-12 23:35:13 -0800
20bb937208b3e2cefb6c87986d68907a712e617f,2013-02-12 15:35:49 -0800
f8c8201844ca10312d2829c4d6c81142a6e88d6d,2013-02-12 15:35:14 -0800
f831287747299b3d87f3b5970d09c26c94768ed8,2013-02-12 11:41:36 -0800
e9396999a413aa3a9afb7968278aff1d5372841d,2013-02-12 00:01:33 -0800
6213cf490b2475a78c1d6f9bfc4b3daa44b4484d,2013-02-11 23:59:53 -0800
25108c0a53dc59555f9c0cd1d8cf5a123b919de8,2013-02-11 18:38:38 -0800
9cea60d8e619cb7ab7c57ce952e1589729d1ab22,2013-02-11 12:00:16 -0800
e66f5bc03b4cdc9aa53dc309e86a3bf4859ec18e,2013-02-11 00:53:04 -0800
be739f6b3502540b03ed6f102df7d9ab5ff6a815,2013-02-11 00:26:42 -0800
af9fccd7880346903b503cba6fe79d35ad142dfe,2013-02-11 00:26:30 -0800
afb6e29aefb509c6b3c37eef7cc8f7d45af6e09f,2013-02-10 15:10:21 -0800
2e922b8e389ee11f0cc32a2b4b6caf7afd8c6bbc,2013-02-10 14:29:05 -0800
78229b997afb9346df163335d67e757eb69e173d,2013-02-10 14:09:30 -0800
52d1c5e1d8765a9d1c928dc51ea7aa0bc2400d4c,2013-02-10 13:31:53 -0800
7f17ce4e88a3c91e03f8313a855850e6e930def4,2013-02-10 13:22:58 -0800
2d03153b8eeb126b544c375644ef8f5d3ad57e44,2013-02-10 04:37:28 -0800
33c4e82f9b3ec47ab0dd05ce3543cd85538a4577,2013-02-10 03:47:50 -0800
dced95f9a921ba63209420c95115ce6fe908df58,2013-02-10 03:47:28 -0800
ba200cadf915cd1aa37b5961ae59ff375a9cff6e,2013-02-10 02:36:15 -0800
1a0efecf8c59d9508959bd3afbfabffad498d7ec,2013-02-10 02:11:28 -0800
2d1537c86936de7240f74180e15d4cd2928b3924,2013-02-10 01:46:27 -0800
385a480d6f5169c73b651c870e4e2280f64a4ab1,2013-02-09 19:09:37 -0800
9c34a8e9bffb502afde7c17b4da4b746d85f6b35,2013-02-09 19:04:00 -0800
823d3f995a4c149fa85c50568d6a26e02ad4ba59,2013-02-09 18:17:38 -0800
4e7f62b5ecf6ab283d29a5ff53a56eb24514a880,2013-02-09 18:16:03 -0800
6413cc7a3a56ae608d655475f871d50cc61cac80,2013-02-09 18:12:46 -0800
3a3bdb4de473f7966780c01f81996de2bf93170c,2013-02-09 18:04:28 -0800
c77d1413cce9517106c7af38e41dd8be896f9d5c,2013-02-09 16:26:56 -0800
35811ede8a0177ccd708f3ce56655acf8a2b8980,2013-02-09 16:24:48 -0800
fc4fa4004dbe5cedebd276812d51b7be84447bf7,2013-02-09 15:02:40 -0800
d566981f8c4488fe03c3fd506046ae2580a7fc33,2013-02-09 13:31:00 -0800
f8afed8a27f7ba3da950ac2badba479dc96be52e,2013-02-09 13:04:42 -0800
3f9f71ebd04a0c67ae3fe7306231198a177d2a63,2013-02-09 13:00:09 -0800
e66da0b5e23e5d18bb82f04ec5017f97c7d72388,2013-02-09 12:49:56 -0800
95e748369dbc3508bb491c7e873d581808c8ddc5,2013-02-09 12:47:02 -0800
4092f3a406477314702d31224604d5052931e003,2013-02-09 12:39:06 -0800
e493b36c62cfdad19de283f8d44e8554830baee1,2013-02-09 01:54:35 -0800
11f34645e46481491a781d6305a5f9cd0c8fb561,2013-02-09 01:42:15 -0800
a6a64e4630ad267a10be55b18b7d993ea345d9b1,2013-02-09 01:40:36 -0800
1608178db2f96d12fb44d1e669b75d178e8de77b,2013-02-09 01:39:36 -0800
eeada061adfbe377985ecd165efb8a01e8b459f1,2013-02-08 23:42:28 -0800
3a82560fa49d15bb808a3e774fe7a296d64df605,2013-02-08 16:13:33 -0800
513c9aea605309a98cf9abfef5c939d1abb1f462,2013-02-08 00:13:31 -0800
46e3e97d87b82360460316beee16bf9633550ad7,2013-02-08 00:03:22 -0800
13520cb30efa2be6eb920626fda8132981846c6d,2013-02-07 23:59:31 -0800
387a68ecf508fb68e3a48f27ff578591d31ed27e,2013-02-07 22:41:04 -0800
30d9a09d7b45ca556310d93ddc7a110bf529426e,2013-02-07 21:06:08 -0800
83c4a21c9c5743ffae6ba0e2d5bb327f193c6d51,2013-02-07 21:05:34 -0800
b7664a536c25c0cad83a4c20e8fea28c9cd9b5c6,2013-02-07 15:43:05 -0800
fd399ece8539c5b1fb171d813bd03a743ff3982a,2013-02-07 01:56:49 -0800
773b12b3ed2258820ba1aa638b6b27c6609a576e,2013-02-06 08:56:54 -0800
64a4063cf496b9ea842673b3d0977a4ad544bea9,2013-02-05 22:08:40 -0800
0a1740c886984908f22105f339054ee1339a3f6c,2013-02-05 22:08:06 -0800
2a8893213a97566cbca4a7ab4d24523cf679a81a,2013-02-05 22:07:46 -0800
f46397739afb8142ab5dacba7a59875420610605,2013-02-05 21:27:29 -0800
6bf351e664eb68058a9291356ffd19d17679de6e,2013-02-05 21:19:04 -0800
b32e34e9ed7c304955142e410a4f6e451a180139,2013-02-05 21:18:28 -0800
37d09698874df8bb3be4c0e243ad814ee8d13a28,2013-02-05 21:13:22 -0800
c2d2bdf926b1a56781332778f4db1520a60f58d4,2013-02-05 19:00:24 -0800
b974e44def5fb04b22739984578d86f34fb88099,2013-02-05 18:27:04 -0800
4eac608e7c6901fbd7554c198383f088eff734b9,2013-02-05 18:26:34 -0800
7d368a1c95822e865c59203bc9fbbe7c1603767c,2013-02-05 15:44:00 -0800
572fc9123360113e9fdf0fdceabc0eafc6680990,2013-02-05 15:43:31 -0800
79be9c2eb894689f684d0fb500de291cfcdd5a0d,2013-02-05 14:19:07 -0800
18655f80a781cca1bbdc1e02c65a269b05fc125f,2013-02-05 13:05:59 -0800
212c59b6ce5f276a83d1408f9e73deff77c2d0d8,2013-02-01 01:00:22 -0800
f5529376b6bc2227bf5e03705dd4eaafb0d3f6dd,2013-02-01 00:33:38 -0800
cb83ceaf78edc1ff041c238c1d5c34eef6299d9b,2013-02-01 00:26:38 -0800
960d5f76022482a73312f43679d941c1666619ae,2013-02-01 00:06:15 -0800
f96cd9a30d7e9350161f4f61ca7d1dbb2771bec9,2013-02-01 00:03:51 -0800
c770c28d669648311904f1745eb4d432d7e548b9,2013-01-31 15:03:50 -0800
c05286c4861fc299733a07e8e67698fe81c7c5e1,2013-01-31 14:30:29 -0800
d95fe6fa53723425629ef6e688d46f667d3f3a97,2013-01-31 14:29:24 -0800
ef8ec1e123132d4ec2904f45a84747526d137192,2013-01-31 14:28:38 -0800
df6426e04ac3eb1b6b03895a3075958802f48118,2013-01-31 12:57:06 -0800
5b9bec33667d4604804beb9b697adbd270b4139d,2013-01-31 12:56:50 -0800
18f98464ff9ec7bf9dc64356e10144730721f112,2013-01-31 10:28:02 -0800
7f0135ee694113995ac1ac3f260dbd30d4416f5b,2013-01-31 10:07:11 -0800
c003a2c2253b9d90beb7c615bca823ac1e8a92a5,2013-01-31 10:07:00 -0800
69b7d7ead7f8d6905a72675be536968fc57f8e04,2013-01-31 10:01:55 -0800
bff58e38a386dd29097c4eb963b8728f7fac4b7f,2013-01-31 00:00:48 -0800
72eb1ba36e3047158cd6194cbcb860847120e03d,2013-01-30 23:39:45 -0800
a19b1af6f7617501a7ac87663c27674a087193b8,2013-01-30 23:27:12 -0800
8dc7a259775ff08dd034fdb08dc8389fb9629319,2013-01-30 23:25:46 -0800
e37d0eb1c9883ee53a1925d44c385ef1c6812542,2013-01-30 23:24:56 -0800
01477ba06365542c5658b8fb61491216e4e48624,2013-01-30 23:06:09 -0800
7e4a210ba515de1ac5edb44f52e3943d65a4910e,2013-01-30 23:04:31 -0800
c20a4794496e391b2a55a91be9c0b6bd39758622,2013-01-30 23:01:11 -0800
493090195af074b8248774ae9ad4cb56a19252f2,2013-01-30 22:49:31 -0800
b244058a57aafcda66de33d9976816de8c180c4e,2013-01-30 22:43:24 -0800
53bb4e31b0a7e4b41f3cb031d7444d81b9814d2f,2013-01-30 22:38:48 -0800
2925db8945ad560858f4d4001f2b31e7c44ef3d5,2013-01-30 22:23:04 -0800
eff951fddabb766b80ce413824de04a5a552209f,2013-01-30 15:01:54 -0800
a53f36b046205ec50f888fbbac78ab129b81ff7e,2013-01-30 14:07:58 -0800
192d0050bbc6e4596885e48a81534fedf7e3fd86,2013-01-30 13:23:16 -0800
9599d012a44a04ad3af3a1a92e6d6ddaa8c3b707,2013-01-30 13:13:31 -0800
c6e414025a3ef7cf10837ebd6ec1f9ebf93b921c,2013-01-30 13:12:59 -0800
77f02d62485bbf859225c7f1fd7ccc92a7caa02b,2013-01-30 12:55:16 -0800
6c866ac05826ca41a85da7f9ea1bd20f5731d519,2013-01-30 02:15:21 -0800
13d31599084aebca6e7c6d79ffeee7fc1d14bde9,2013-01-30 00:42:04 -0800
25b2116fdae211b1b9ac7a45fb0f4459d5f3cc11,2013-01-29 19:35:35 -0800
b6c1bc19ff36ec5cab179c8629ca57a7bc3916a0,2013-01-29 19:19:55 -0800
0705f7099fc8fbc43ea9491e17c522fa3c6119cb,2013-01-29 15:00:12 -0800
dcd5adac04d7e9f7391bdc237a925f378df62872,2013-01-29 14:17:43 -0800
f4ec3221832f23c69839eceae35c0c859838b344,2013-01-29 14:17:27 -0800
fbe13396231f42475418314a0768ddcfef515ab6,2013-01-29 14:17:11 -0800
1b103f80a8f14bce8b76637a65900b84c9e4f7b0,2013-01-29 14:07:49 -0800
c1c744f6fb683013af4ce669539fa5c8f0b3bf29,2013-01-29 14:03:32 -0800
71fe398873555676e87d09594b5b2006e5fb4a01,2013-01-29 14:00:06 -0800
30e786e5899ad75b087a51a01f81c347ac7a5965,2013-01-29 13:59:41 -0800
59886fcdc2e63624598c0892f0c0750cafbd3165,2013-01-29 11:35:59 -0800
ab1c65ac92892c470a2fe123d6fff7804b24325e,2013-01-29 02:36:36 -0800
3a47e3ffa11b75fd676c2e74add761bf36da6b01,2013-01-29 02:32:45 -0800
e9253473d1dbb94d3fa6b4c094b27e56965020d9,2013-01-29 00:34:18 -0800
b7872eb2022bbbc8251b401f05cb372693f8be70,2013-01-28 22:21:24 -0800
1f81b952fee0a8c8a4bce9b44e71f045c0070d2c,2013-01-28 17:06:10 -0800
c537e4fe2c0a83384471359e67101cd5aa33feba,2013-01-28 16:50:14 -0800
dfca47d4157d65c3b5099860c38bbe324a1fe2bd,2013-01-28 16:45:30 -0800
2df5207518ea5d4de2510c19caa24687d8ac1077,2013-01-28 16:43:01 -0800
958eedb76bf3a3b8d2590717a5d9c9815b80f963,2013-01-28 12:41:52 -0800
32168954907c9caaecc7e8234141349d311bb5cf,2013-01-28 12:23:12 -0800
01f8b4c596f2f20293dae43d75e5399dd0f16998,2013-01-28 12:21:41 -0800
a1b989ada0ed1a6a9cfa26dd82ccec8388cc6834,2013-01-28 11:35:31 -0800
942f3754907e868a258bd8da86eecef4af604363,2013-01-28 11:27:37 -0800
d907f7758b16dc8b7fc3c773871af5cef2b90ae5,2013-01-28 11:14:59 -0800
7ed37d20e1eecb3ddae3e90e59b72ed965dc6b5b,2013-01-28 00:25:06 -0800
137e5cb91f34c627c8d64e794c8e7e597956e514,2013-01-27 02:37:37 -0800
9288c15104bb07eb2022026d6821d6af2e9f482e,2013-01-27 01:54:21 -0800
2d337531946c4caa6d33129e892305ae56be3ab0,2013-01-27 01:52:56 -0800
003dc28511701c366173bce07011c7c0619579f7,2013-01-26 23:20:31 -0800
d8c8b2d4230ebee8c2dbc71269e1fdc8c96f7b22,2013-01-26 22:04:55 -0800
6b4156ccf0d7690c8bc139ad56cd290a91570206,2013-01-26 21:01:46 -0800
34dd92cae6a0e677596f9d2b93f201678ca338fd,2013-01-26 17:15:55 -0800
ef342e910098c3ad707cda85504a09745d4d9b26,2013-01-26 17:05:35 -0800
6d64a3e1615538f21b20cbff6cc019960f3af7e5,2013-01-26 14:09:16 -0800
357f11038fd770fc088b340aca28a85fba3006a3,2013-01-24 19:08:49 -0800
7ffff054a80def4576c2aa2632e3e653e2211acd,2013-01-24 19:08:17 -0800
f22094261f05e9d4892fbb68719dbc2a6d9f45cf,2013-01-16 11:33:05 -0800
339dc3dcc805a29c7c00b090dfb5a05e648b0ef8,2013-01-16 09:50:50 -0800
3eb0e0ab55858486f05e33d0d1fadfac9e3c9c84,2013-01-16 03:38:29 -0800
b7071563279dc12f3643f9d3e986f022dffdd1c9,2013-01-09 15:18:35 -0800
38f05511f3b08c5114473a3bd70f41652d95c663,2013-01-09 13:04:21 -0800
506c92c733e44de4087d0c4b530a155a34706941,2013-01-09 12:52:19 -0800
263cd8836c8d059af3f90f622c2259ef03390980,2012-12-25 14:36:10 -0800
320b9056c7d6aec102fa1397c13b5592faaae769,2012-12-24 18:28:44 -0800
fac38e1fc2f049cd85c4d6c89148a1aed30add54,2012-12-24 18:19:05 -0800
fe91db50d6a89c36de7d85ac5e19b279f8965e31,2012-12-24 18:13:41 -0800
22386faa622298d445b21c8fe73a723821edd7fb,2012-12-24 18:13:27 -0800
baa982daf1df57229f5e91741ebc4f23ecb31275,2012-12-24 13:19:13 -0800
4b45564835dc9f5d60c9ff8bf6df0d77ee87fe7e,2012-12-23 23:25:44 -0800
d1663bd3a10db814284c4bc6a4f8cabd23a8895c,2012-12-23 22:31:36 -0800
fec906227e5635ca59a6903965d047a3fba6bd85,2012-12-09 00:07:26 -0800
0b88c48038751137801f3676feb23866ec43357d,2012-12-01 20:57:59 -0800
b5d6fbf907a3fa1395f2358463c6ec044d358a28,2012-12-01 14:30:30 -0800
4efc08e8efd1c52d21d9a236302fbe852aff1c1d,2012-11-28 22:13:51 -0800
d75ee894304c0a9b2ee3f06586b32ec9ba1c55e2,2012-11-28 22:13:32 -0800
257535675fb16a0c5519a40ad30aa4a1029ff225,2012-11-28 21:46:47 -0800
0576ed3dccaac342588c5df2b5f1b06593067a72,2012-11-28 21:26:20 -0800
d56756390d610e750df67b5fa7f595ec3f767c33,2012-11-28 20:50:27 -0800
1a8cede4b2b10ddbd613dead947f715da23bfe01,2012-11-25 16:48:30 -0800
325fce407b8bbf9159de5d869e7f072b1b2bdc8d,2012-11-22 17:52:19 -0800
3efd88db9a4aff42e25c9b6821a1a59b02d2849d,2012-11-22 15:58:20 -0800
59c276e8870b763be2aff1996eb4ee63f31523e6,2012-11-22 15:43:21 -0800
da9c3e0dc5b86287602b0414a009b79d16443bb6,2012-11-22 14:47:37 -0800
472a478bc0f924c81e39bff3eee23398e653a683,2012-11-22 14:08:02 -0800
1e6f8566a183b6c864c3f984b6464fbb02539cf1,2012-11-22 14:05:24 -0800
a35e93ba5f9bb6302c2bfbbd03b0e6e129e6e5f5,2012-11-21 19:09:09 -0800
202dfc403d4ce1c188e6daee191d70691091fda8,2012-11-21 19:06:57 -0800
91a6dd5c1ac3fac0df96d17306e38ae97386520b,2012-11-21 18:37:34 -0800
714c32b9a650fd77a330976627dd7fd01b4f10ad,2012-11-15 20:59:57 -0800
634f71fa14497041600e4581328e4095037acc4e,2012-11-13 21:27:47 -0800
5d587373f363e60984d29a17391c8a10851764bd,2012-11-13 20:18:11 -0800
0971180cd6a425a3e837ea2582048b419a9a5bda,2012-11-13 12:28:15 -0800
3ed048640ed0aeff4abed649316599407f43441c,2012-11-13 12:22:36 -0800
5b017e0b7729ae4b06f758e5c4ed580183043882,2012-11-13 12:17:14 -0800
a15f403492490b7d4044e477476ae9a3010f0700,2012-11-12 13:18:28 -0800
d8f68c60487f166e6c37d5ab7c967a8daa46e326,2012-11-12 13:14:17 -0800
a56fadfe49cf6e62f54d6d4a6978c8780c327d37,2012-11-12 03:18:23 -0800
6d42388b75a9b14ddf0c353d45d9ff012564ecab,2012-11-12 02:13:15 -0800
0d091e925f583e489e479eef11ed38c2cec64342,2012-11-12 02:02:05 -0800
f5e754dd5dbf5edb1c60071c3dcc867c4a4cc40f,2012-11-12 01:50:55 -0800
3f02525a2c04ce2cd9d8baee69b417488cf7350e,2012-11-12 01:09:52 -0800
38dfc3128a8f10788df55ef1e57026f7501827d1,2012-11-11 23:52:34 -0800
efd93fcad5bcc931b5e6d76bae512c4d9a3a0854,2012-11-11 18:33:08 -0800
f03953778850bc8738dacc86b4ba3c63796a74e3,2012-11-11 00:41:02 -0800
d89b1e5f9a6fe391e4415f21cbb6f3b3abe40c23,2012-11-11 00:26:23 -0800
86a3570bf4ee6881fea33cbb19d4961339ed7736,2012-11-11 00:17:59 -0800
32cdb3b3cd09e5a94fba2409315eb4bf72fec77b,2012-11-10 23:18:31 -0800
d5f5e6651423fe09ef4dc30275fb908b4c75a90a,2012-11-10 23:16:39 -0800
bcfb2bd32857f0df0effb0a8ae234bd44662111b,2012-11-10 21:29:16 -0800
1a3801c2f772f0e97b0c953e58d84b1597f81da2,2012-11-09 11:00:00 -0800
95a61ceb144137a73ad703f47c8cdedf411b2e3d,2012-11-08 18:34:53 -0800
4a5880cf82f467d8a3d05d614e797a6dcfab50b6,2012-11-08 17:56:31 -0800
9f6c04aa07841719346e992b7771b4fc5fbf9a2a,2012-11-08 17:53:52 -0800
6332e5015f1beb3cc0474a80c0cc129aaa257c50,2012-11-08 12:41:46 -0800
ab90a9983c4277f807ee29b0fa321f3d9cd3f963,2012-11-08 11:23:14 -0800
828c3d4835a32f1322576a3de64a00ccedadbf30,2012-11-08 11:16:44 -0800
ce180d828b81ce98e9d07a8ec036bc83adb2541d,2012-11-08 10:55:24 -0800
a410ac3f28e5ff6ddcfaafda3420dfe05f439c62,2012-11-08 10:49:22 -0800
944dce0dc04a73da814863c51fc1bcd4e67db46e,2012-11-08 10:45:36 -0800
a261bd2305bb1f5e6ccbe4d9260da0a16a8ccfe4,2012-11-08 10:30:02 -0800
ebe8b40f8e9dfec12be65f0cbcf1afcb662ce727,2012-11-07 14:54:12 -0800
3862a84014fa3f815b9e1341816ba75e5a2605bb,2012-11-07 14:54:02 -0800
7d6eed709b3f022959ee6251e46053cea71867d9,2012-11-07 14:21:21 -0800
d1aeb5e34734be3dd3a87b76328089339382babb,2012-11-07 10:15:01 -0800
3b3f213c6d11dd029d9a16b40114948e0d000d70,2012-11-07 01:11:58 -0800
aff008714cedeab433fbeee6003c90ac4459ec48,2012-11-06 16:25:20 -0800
e461df3523344ac25a3d472864e76aaad81da85c,2012-11-06 09:37:52 -0800
0550bf7095f85e4095c80e94f1250e03ec11e026,2012-11-05 15:21:09 -0800
6fcef4bd5176eb481687c8320aadd9690674f307,2012-11-05 13:36:53 -0800
53b29d1452effc690fa4243da201e8dadf061b40,2012-11-05 12:24:55 -0800
fe7a51c58b0cee068421063b6111a6ef96d78b53,2012-11-05 11:34:04 -0800
730ad5b3af10cf4442e14e8c4555f6a8e124c6c2,2012-11-05 11:29:12 -0800
dd2beb7f35c168f36492cfe4dac2b6d86a1eab3b,2012-11-05 10:48:10 -0800
8b8bdf1509ab5811e143b641699c503226e74ea7,2012-11-05 10:47:50 -0800
9d13b260a5fc072f619ef3ab10f34c8d3075fa09,2012-11-05 00:52:21 -0800
dce2de0a5a56e69e5697771d05355479637408c4,2012-11-05 00:49:39 -0800
0dc34294e6158e3b9a394934ff542c48a0362f5d,2012-11-04 22:42:58 -0800
957823a18bcd67c4d5aa10a125a8c99611720fd8,2012-11-04 22:39:04 -0800
ddc8515f4337fcc4c4d43fa24f3fb9d9ba152aeb,2012-11-04 22:33:20 -0800
5d92eb705b7b3949b3201a0068a00f7a5717df40,2012-11-04 22:31:23 -0800
695edad4c737d4a30b96dd92676dcc0249c1d0e7,2012-11-04 21:51:23 -0800
a8cce893907482ddc4dc93ac2bcf21f7823fde85,2012-11-04 16:09:00 -0800
bf7a97347777cb21e7516a84dac39d30ef743aa6,2012-11-04 15:58:59 -0800
68b53e0c085e6403215f378ca3d097b370fc89ff,2012-11-04 10:51:53 -0800
dce952b7ebba6407e97d16a93b23174d24256880,2012-11-03 23:41:52 -0700
4d3da12c818249eeff89cd4ceb565135a259f62e,2012-11-03 23:38:32 -0700
8e74f243df63798c5195fb9d9c5907e4d6aa5472,2012-11-03 23:37:20 -0700
588455ec86f8c8f80be5f4b3a6e1f8706e62d6c7,2012-11-03 22:49:38 -0700
a0652b918a5dcb10c71e67f5284e121b2b18293b,2012-11-03 22:19:29 -0700
a1894549a2fbf39043556e5907f3468dbb092770,2012-11-03 19:24:30 -0700
7858b631d6a847ca833560ec065b202875c82fe6,2012-11-03 18:38:35 -0700
a9c2f5ab8d83a91d0e65e5e21960f0bd1ce2032b,2012-11-03 18:38:14 -0700
b592b74513c92911970608370fcbec0785f5f5ea,2012-11-01 21:05:37 -0700
e0407c3ad21c5952241700504fe2c68fe5e2eff0,2012-11-01 19:39:26 -0700
0e920a58165086e3364aa420c8aef1aa893da395,2012-11-01 11:15:26 -0700
88ca65ac84b46a82429fa31a26c1ce453f5e85dd,2012-10-31 14:09:48 -0700
099b4c012645d01fc42cdf4f7709180123d3cd21,2012-10-30 17:05:15 -0700
01b4c416509a5912a9f93dbb48af20758f1b52e1,2012-10-29 15:15:12 -0700
4e2f4dff31d1d72898043bd3560cb3f3ff8ba46f,2012-10-29 09:20:21 -0700
4ac8a4b57cbefd238bb2478f41f53ba55249dabf,2012-10-28 00:07:32 -0700
43a823e5c8b5ffc9b656bcdba02e4c6d54fca70a,2012-10-26 12:23:18 -0700
fa5c060fad3c0b3f89a3c77f36a2a1768e4dcca7,2012-10-25 19:05:59 -0700
29f8707cd5dc514e1d7409e625752b51b2ac8d14,2012-10-25 19:00:10 -0700
5f730f93df3716fc3cefcdaabd8801731f67d05b,2012-10-25 18:59:45 -0700
5786dbcf0e4384ed0ae428764a6f5ad0a86cdba1,2012-10-25 14:30:09 -0700
c6d12ebac00c8ade2a45766d51929c7fa9021605,2012-10-25 14:29:57 -0700
ec0ea40b5813d8459c37cecd8cbefbeeef98dde0,2012-10-24 12:00:21 -0700
59fa48d95705c41905f247b52d5e3fe7b77cf60d,2012-10-24 11:59:23 -0700
e1f7b4297b091a3cec19760bb4643d978d9d0703,2012-10-24 11:57:55 -0700
3c5e66294220f7ac346e353a88dab10c55f16838,2012-10-24 11:54:30 -0700
d0bedf6178cd29c4acd5f73fd4ec5edf2ef8a23e,2012-10-24 11:44:57 -0700
79ada6ffeafc39f79ebbe0c95e6375d094a38e51,2012-10-24 11:10:38 -0700
60bacd3a259212b513fe13d829e0d202a3715173,2012-10-24 10:53:50 -0700
ea6764743f5df51a95e291811947afa381eedc1d,2012-10-24 10:52:53 -0700
88062589a9c48c7db0b7b1a7a78b6a1e319b32f5,2012-10-24 00:59:43 -0700
56495c7cfabcdd2bb9612eae625ef3af5f13f846,2012-10-24 00:18:43 -0700
61abcc639b63619da99d382e2026de7a4f2dd764,2012-10-24 00:08:16 -0700
0bb84954264dc4e768d54e39b97f6f6b6a61ed7e,2012-10-23 19:59:03 -0700
a585e52546daa70b48f71efa6ffdb47a16cc7a29,2012-10-23 19:58:23 -0700
4e43b79f0e8ce82ebb957f6df7280d85571662da,2012-10-23 19:45:16 -0700
142c71a9efef888e2ff2ed05c5e97fedab834e63,2012-10-23 19:32:34 -0700
2e681a1348de91a8e28fd6a151a089e06377f647,2012-10-23 19:05:32 -0700
564c58ca20fef7126fc0aa4c40a4b90324743a13,2012-10-23 15:35:57 -0700
3b9adefa4a5e04c340e03da46c3e5ec209dcf82f,2012-10-23 11:02:54 -0700
d5d4d506c0e67ee37f10f20d407fe5b3ab8a5873,2012-10-23 10:41:31 -0700
a6435f7c05e4df65c3ad214d9753964fc22a99bf,2012-10-23 00:48:53 -0700
d13014a481f172845c980e98547bfd0d6a05705d,2012-10-23 00:48:30 -0700
d2006ec3d362aa24dc0047fba7fcc6c87b576e97,2012-10-23 00:48:06 -0700
2bd982fe83ea87b23b386ee15572d6f3c5e7191f,2012-10-23 00:47:15 -0700
fce54be8df7e7b9d81357c1d8bb1b593e84e5a61,2012-10-23 00:40:22 -0700
75a7d491b34b515148e40ae82c95d16ff6bffd99,2012-10-23 00:38:55 -0700
2c3a3a53f0f0c4e83ae4e15a3e9b372b2bd944ea,2012-10-23 00:36:55 -0700
ca579c6bc9bca75839d127c0ffd7de864e87a119,2012-10-23 00:36:22 -0700
dbc4a7f915aebcf00361735380402ad2b1c6add1,2012-10-22 17:06:30 -0700
6026b14a0f57a941e7c1a41be92d60d4aab78603,2012-10-21 15:48:07 -0700
9b9981acc3f9b636f16857e7467cb7cd0faa9155,2012-10-20 20:09:13 -0700
f2f6173c7d63180d45e3b7610c147d11cfd73a00,2012-10-20 19:33:53 -0700
b77e78deb5f488feacf594494caf66f2e1486cf4,2012-10-16 18:17:55 -0700
76162ce14a0586c9d739f82147aa7af1ab1dbf75,2012-10-16 18:17:04 -0700
361b3149a57fa05c1894e3073495ae55f3176df6,2012-10-16 14:13:48 -0700
d0c582b5e88e999c6cfd99b907809fd6df6f69b1,2012-10-16 14:13:18 -0700
ae131b8af0d288cb261940d0f586d21f9bc091aa,2012-10-15 10:53:41 -0700
8b172d4af5f801b936fceeec58acd49233ababd2,2012-10-15 10:49:57 -0700
2a89f9ff09bd147d7c5f434a58cada36f32b9696,2012-10-15 10:43:52 -0700
14d54cf549262ab3424ad292de493bc65b826a1e,2012-10-15 10:42:03 -0700
ad331a5704d7123e77c73932afe3ca76d1b5be26,2012-10-03 10:29:28 -0700
13db41f7049b9ff7240ac59d981efd333b0c7538,2012-10-03 10:27:53 -0700
2c73b682d1f8c3263d6ee13c6fcaf775340d532f,2012-09-27 21:05:38 -0700
45e5a60962fae54979f1cda66c68a0e022ac1cfa,2012-09-12 02:48:24 -0700
978986103a7e6c852a1303ede420dcff4db52c9d,2012-09-11 18:35:49 -0700
15758cc6628f0f6d203e3efb44d361fcffb3b95a,2012-09-11 18:31:52 -0700
03ac523688eb990967b6bd1a906c186dd6e33470,2012-09-11 18:05:50 -0700
ffe33f3b21711880386fa65e3f0b26548d970e5d,2012-09-07 15:30:41 -0700
982dcb9881552612645de9eb5d7fa3f043506409,2012-09-05 13:16:25 -0700
70d456f9a72074569fd1bc07969bd31e76f9e94a,2012-08-13 10:03:55 -0700
650ae27d1956570dc83c0f7827e720bbf38dc30d,2012-08-13 09:59:36 -0700
ad73864f1be7cb246215b7929bf81b7a3b6bb990,2012-08-13 09:59:18 -0700
d7381d48efc18fc670e625dd9dfdb83063f2ef10,2012-08-11 14:16:30 -0700
aef892cafac3db4bc5d681343ec27cd1daa17a15,2012-08-11 14:14:19 -0700
05c7031d8e1ffd5dfd1f1279eca39b56d620ea29,2012-08-11 14:12:47 -0700
e24b1102e06f86ae2aaae94b423eaf9c0d842068,2012-08-11 14:09:49 -0700
ed4dd27a0538c331b25b0b89a50a0e27b821007d,2012-08-11 14:08:23 -0700
5fef7cda4c2f5d37e94f3cf70974866bc9f04bd1,2012-08-11 14:03:39 -0700
21fb1e92bb968ebfdaa202a5a80355411016c954,2012-08-11 12:52:30 -0700
b3c721e159c2ccf3f79e441590353b3a198dd4c7,2012-08-09 23:11:05 -0700
c9876cc16e9e145d1f005980343aa886ba9c83b4,2012-08-09 20:57:40 -0700
7d66740a96a0993745591fdf3631f327cca05d18,2012-08-09 14:42:57 -0700
591dc39ba3b20f3ef4b77957266668ec4e93e34d,2012-08-09 14:40:05 -0700
96ad89486f04c9767dbbba0c1b893d49fb8c78f3,2012-08-09 14:36:14 -0700
720a78b17451df1bbd0355db35266aa6c54913d6,2012-08-09 14:18:46 -0700
545c525361c382d9dcba84f1336205f5062ae684,2012-08-09 14:09:52 -0700
5ab65225ef3a617a84695411bc5ad028ed829c7f,2012-08-09 12:51:10 -0700
66b222bc5c84fad583bda359690fa40d0eb53663,2012-08-09 12:45:40 -0700
211348c82f3d4d2e0cf212848693e168c9fac994,2012-08-09 11:43:33 -0700
e911a615bccbb10ce1e51bea8ba89fb3324a99f2,2012-08-09 11:42:29 -0700
bdd0ab250f3fd1f2bed281029624dc938173171d,2012-08-09 11:08:20 -0700
d5e1b88cdc7e1e516c97181c1ff9d417de261be4,2012-08-02 00:53:22 -0700
ce0bade000111c401c273c065c4d45ca984b4d07,2012-08-01 11:33:39 -0700
e90eec79e466b4c4822a5e7ac68a8639d3b8153d,2012-07-30 15:00:45 -0700
3e8d14e6992d6c6a67824fe50b884b94dfbfbe8f,2012-07-29 20:57:45 -0700
182f8e891afce8318f696ca92cbc5d5200e86803,2012-07-29 17:27:47 -0700
2f6dbde5da5d0f8421a5183847f78655b065859e,2012-07-29 17:13:33 -0700
917d532431de80a6b7eca166cc33626fd7a968a2,2012-07-27 23:42:53 -0700
50567d401beadb7dacdac155ca6fc6f185bd551a,2012-07-27 23:00:00 -0700
0da51499fe738137d544476fa347077873bbda5c,2012-07-27 23:00:00 -0700
1c363ec37bc781583a3f2f73c4736b57953a25de,2012-07-27 23:00:00 -0700
6800bd73290d50b7677495b438e0d7b589526d08,2012-07-27 22:59:59 -0700
afdc4ed536e9da28fc4733e2336063151e8fbed4,2012-07-27 22:59:59 -0700
078322f8083e86947479fac02511e98c8f4d84eb,2012-07-27 13:21:45 -0700
4e72a2d4a637adbfc1aa79b03fb8879d470fa24c,2012-07-25 10:11:10 -0700
48ca5200b9b4f116997585226f20693179c09baf,2012-07-24 15:33:44 -0700
8f8b41fe8b09d22ba930b9cf8daa2b325916d7ae,2012-06-20 22:46:53 -0700
5456b0dbc9a1b67cda583474a35205592f442d61,2012-06-03 17:52:28 -0700
03486264d16319dad6f0b1a43bc3307034570285,2012-05-17 00:23:52 -0700
88e2a7d500ec90b32215cee0a5edb250b87a8ad9,2012-05-16 15:32:46 -0700
6cc12e88f9fccc92f19c83f47f0a59aef3bd42b5,2012-05-16 13:38:28 -0700
a650a4a6ecb7a02872d921ad3a99611a8955d472,2012-05-16 13:36:28 -0700
aa7c38be3206cfadffd21e6c67833aac4fef2dfe,2012-05-16 10:40:06 -0700
685f07ed752e435febd308be18199acb7b260b4c,2012-05-16 10:36:37 -0700
0399689177a898b263fe2986b02e5e0d90b657d0,2012-05-16 00:52:16 -0700
49fa2723a9e4bb1a1dcdc147f39bbeadf7a4143f,2012-05-14 13:54:44 -0700
b8ad66ab6e77ac8b3345519c3ce75482ae944971,2012-05-14 13:44:17 -0700
d3f5d003ea3703e2721e516ca87ad6f42b16d301,2012-05-14 13:21:43 -0700
0abc6b3562d16b4d05d598ab992fd69468c046f2,2012-05-14 10:15:43 -0700
d6b1985396da2b333d938fc05d688ed74875ebf4,2012-05-14 09:17:15 -0700
38d8568d95a6e09fb8d8b4a8679b0bc1a7e63941,2012-05-04 18:59:40 -0700
548fe9e008788bb2a075ade4a0d1cf3c22d48ae5,2012-05-04 18:49:39 -0700
f5515d67529ee7d9f8218769f83c7520dc757a0e,2012-05-04 18:46:20 -0700
caafb7536a3a85bfccf1fbba4b5ee39771c39584,2012-05-04 18:38:49 -0700
b1e6f64f7eeb6f0d658f6cdaf81e8cc55c2c3121,2012-05-04 15:22:28 -0700
564915ab2e26b13b7e9b80846de8c6005002b802,2012-05-04 14:54:24 -0700
e0510051ddcf14d338ff97038b889a58280bcf87,2012-05-04 14:53:42 -0700
76fd31bd53d20d4f9439923a615b497e5b4704df,2012-05-01 14:33:31 -0700
f91580788bd93825f64353272e9641423af6066e,2012-04-29 00:01:00 -0700
af56157ed52e170d9265f68dddfc3a705ce9da9d,2012-04-19 15:36:21 -0700
fc903e1dd2391d3dcc5835b76be2e989dec08056,2012-04-19 14:33:31 -0700
b657d6cf6eef3933e923cd742d309c5d2a8c69be,2012-04-18 12:44:36 -0700
13d9283465d6a92c1d499651d164ce1c29c54112,2012-04-18 12:31:20 -0700
eccce8866fc7e58a14245c9e7dbb1d2fd0e69cf3,2012-04-18 12:12:34 -0700
3703bf869d65e689a4f68ac14eab0367c547e6e9,2012-04-18 12:11:17 -0700
436d657db158759afddee1f1854ac5c33e6641dd,2012-04-18 12:08:05 -0700
5508a5b393e274b285b10a6c07e19aaa060cf52e,2012-04-18 12:02:23 -0700
63685aa048a4488bb1b645a3c9b660758baa93bf,2012-04-10 22:53:30 -0700
b701b0e6b06b83e6c2e5636e53cd1ec58282305c,2012-04-09 15:35:46 -0700
b2bcaef6816d315da4e02a641ae186d185519cbc,2012-04-09 13:57:58 -0700
5e0c6d8c51b391a08e245d4fc0cfded668c6fcb1,2012-04-08 21:51:35 -0700
47b9e435597ca5d4d91ba2494252661a7a4014e4,2012-04-08 21:51:00 -0700
df595d46ec6ac1cc789cd678786de5eb18371df7,2012-04-08 21:22:09 -0700
f0ac6f8969c0a2637e06b9d88e2f2996a0259041,2012-04-08 17:50:53 -0700
cc7d1df3fff9ab93f7f64e4805d3d28564d63081,2012-04-08 17:30:00 -0700
0c1260aa326e90dd771b1acb1b719fd81922880f,2012-04-08 17:17:38 -0700
374284d833672760896f5cbfd70cec6795b913b1,2012-04-08 16:51:09 -0700
f8f48f551af326cc72e1bbdd4a8301f609e6996d,2012-04-08 16:31:11 -0700
1cdcae9281415b5b049bbd199ca64cbb4e6b860a,2012-04-08 16:30:39 -0700
a3f411c1265309e1160d4af621de6129012b2adb,2012-04-08 16:24:52 -0700
14ec0db8de097d2f8e897dbfcb4d23a9e040ad63,2012-04-08 16:11:17 -0700
5384de93e8dcfb5e5cfbb3784e4885d6d5bea213,2012-04-08 15:56:11 -0700
1f4af24ae6c76d1c77db938b025da4173418f170,2012-04-08 14:43:42 -0700
877bcfea137f59775a6bd653c3be71798c295238,2012-04-06 13:20:46 -0700
7fde111c1b273f1ad5cd36d5bbd5cb8e4e00ca18,2012-04-06 13:07:46 -0700
eaa233520c01a07d860df0db4f6ca35777a11a59,2012-04-06 12:38:24 -0700
be4d86cfc20c0902ce6a352f0a963a28a70d4720,2012-04-06 11:56:18 -0700
936e47911af0153d111b22473450fca0a7757d8c,2012-04-06 11:53:32 -0700
041f22563cc434317af9daf24151bc966a02b2c8,2012-04-05 15:29:55 -0700
aaf72463b16c48dcbd4d73c271b7ee26ee5a9091,2012-04-04 13:02:26 -0700
b497d28c4fb28c308b11cf6293b1ae8e0c1d5e52,2012-04-03 14:59:42 -0700
6e835dacdce2cb20b671d808988aae8ac59d8bb0,2012-04-03 02:35:32 -0700
9e1d2b24429ba923ef670aad803a18276d7b071b,2012-04-03 02:18:47 -0700
f6868b866135e70728db0ca30e34eaaeb77b39ca,2012-04-01 18:52:49 -0700
ff20799b29a487f53f5819809b0d1e6e395adaba,2012-04-01 18:52:06 -0700
818f081bb54451c67167ca7875d5f26d5dd87308,2012-04-01 18:20:18 -0700
dcf55cbd7554de6fb58dc578872d96db37389690,2012-04-01 01:07:14 -0700
d31a137940fa145b2a34a08a9d6e29e8b4dc2985,2012-03-30 23:15:53 -0700
5e2858a4138900575da273c05d9ccd2dd7d9dd52,2012-03-30 23:12:19 -0700
e22296bbff509621adbad69a1d45b873256280a8,2012-03-30 22:59:46 -0700
ed3d12fbcecf9b646024b06e24fd958c99207515,2012-03-30 22:48:22 -0700
d891b90f67d6eb41b73adc1fad4435124b968c78,2012-03-30 22:10:20 -0700
21db2579a85245ca451e3c9d39501fa10fbc5146,2012-03-30 00:02:40 -0700
fa961438844f9bea943d8a8dc69c7fdff8352940,2012-03-29 23:48:45 -0700
b0196b89f122e5e5b45a1efab512ae7dc0b37d8e,2012-03-29 23:11:13 -0700
c1831f3db0d36f8c6434f3bf2c31acdad57d1519,2012-03-29 17:51:49 -0700
8c7b883d55904b918d1c759fd8765ef634dfadd6,2012-03-29 17:42:34 -0700
2e7603bf11fcc3f9987219871d199103ee73fcfe,2012-03-29 10:51:12 -0700
eca34b24fb64a695e2b6586ebd6c189e167fd321,2012-03-29 10:05:38 -0700
022c66c31f9d6b14c0309f681b401e2c7150e761,2012-03-26 18:51:36 -0700
34e0292e0e40876573f0c0894542db6fd0f8ffef,2012-03-26 18:51:23 -0700
e8ee79a5b0a4b2f2ac1f1dfdc9f51c836a304fd7,2012-03-26 18:51:16 -0700
57c5694142d8fca9e898a554b6a7ff5568a18564,2012-03-26 18:51:08 -0700
147829ad7c2e980de6b6d7636945f8b6151cb90e,2012-03-26 13:46:20 -0700
8a17e6592e26babb1c02fd2ab4df99e13b559820,2012-03-26 12:34:36 -0700
3086c081ddf79dd3c76f79dad9937f71d67eb624,2012-03-26 12:34:04 -0700
5027be97bcec0d36843ceb2f5fed2fca50bd8d4d,2012-03-26 12:33:36 -0700
13d82c6a386d50bd02eb7ecd08e819affcc5252a,2012-03-26 12:05:45 -0700
fae54e2cca7d055afea1f345d659da38f2726d38,2012-03-26 11:59:53 -0700
1c7a82c286da97863ef158d9ddf4c412579a4d13,2012-03-26 11:52:22 -0700
e476350314d2a84569cf253c522597986f845ce8,2012-03-26 11:51:14 -0700
762c84f25f2ae5381304a8e3fa8100e8b76fbfcd,2012-03-26 11:34:42 -0700
4b72a166ec200a1443f062944cc77ac7bd341157,2012-03-26 11:14:27 -0700
fd4b4610ae1aa71c6f493446c9f864942de373c3,2012-03-25 23:09:40 -0700
7e240f8ccec2d1f3ebc6c8bc87f0542697ff961f,2012-03-25 23:05:50 -0700
631ec6120eb2b6349573014e9d1f5db33cd3d171,2012-03-25 23:03:54 -0700
3b7b8382a368c985090d77ab7849c77d60472efd,2012-03-25 17:56:33 -0700
d4aabf013bd9601ea46def8216df348184d6f943,2012-03-25 13:37:16 -0700
757ddec1ae86d22fa40d836c8de51dcdfedea26e,2012-03-24 22:57:40 -0700
50d8e4c319633c058c7e104ffaa10791a0d36d04,2012-03-24 22:48:29 -0700
fbec97f356d53ba7c914f86a2de38bfb4e7c00f8,2012-03-24 22:45:47 -0700
aa7c16f67d17e386db9492f79bef18f91d5dda8f,2012-03-24 22:19:24 -0700
36f4d68991016ac84fff21fee4ee9eb7fc9669b9,2012-03-24 22:06:15 -0700
9b36638bf339243a0c38bda52946389f1013e334,2012-03-24 22:03:52 -0700
f42fe962e273806b7033cefa7af8d95b9f60b565,2012-03-24 20:16:05 -0700
d2198016c092087a86319d334c8f7816215989bd,2012-03-24 20:09:12 -0700
b80ede52a4fb7fe4c00cd1dfac2f4c76a1ecef6a,2012-03-24 19:13:32 -0700
e6249fbf5bd628f19d466eac5e75c84d2b58fef1,2012-03-24 16:57:58 -0700
0f2c1c01aa58a7adf8284fd1dd4ce5efeee71268,2012-03-23 23:48:19 -0700
356f7d79b0c80d82e50f10e45bfbd0161f15462e,2012-03-23 23:33:08 -0700
be0a0a02267348a031c5c388b83d3231bedf0d9f,2012-03-23 23:18:41 -0700
497552bbf6feecf71638f59962ad79e8e3151503,2012-03-23 22:41:37 -0700
55639817b4915a43dc04d1c77aedf4be489eeec0,2012-03-23 17:34:24 -0700
fa10dba56610fed3051f2dc51cf4be30eb27e1e8,2012-03-23 16:03:36 -0700
f903b22fe981d39abd31ccaa1d72221b7018d09f,2012-03-23 16:01:35 -0700
2bf18676ad38274d8072b2e8460325db04c32a72,2012-03-23 16:01:07 -0700
0285fe371ab4a656bb7d7429f15f363435881e05,2012-03-23 15:31:03 -0700
32741e87c1ac8ea16704558ca8c47cb28e805e31,2012-03-23 15:24:36 -0700
c2eb0744ac9fa2f081c3652f3b318d4e38d70d88,2012-03-23 15:21:44 -0700
8a27a79a6b43ed1a4da2bfc8283f283b2edb1df9,2012-03-23 15:10:55 -0700
2cf91df11e3393f1f3914f4fc06b1b04e83f36fb,2012-03-23 15:08:21 -0700
d831969322fdc5aecf508e1fc8f72bd724257a92,2012-03-23 14:04:03 -0700
022e711f32b06eaa55f460eb5e5104487e7fd0f2,2012-03-23 13:53:17 -0700
54b763742b85d13fd94c00609163ff78bbc45e32,2012-03-23 13:45:06 -0700
a979a7d9dedbde671d2e61341cdb2e2498048865,2012-03-23 13:33:24 -0700
837614800dfd67c67322a00f695d8855bf2f34f5,2012-03-23 12:13:54 -0700
fc6750da00f0d2b924423aeb63104ffc6da37ec4,2012-03-23 12:09:24 -0700
e13b62a993c48017dd893a95b3f862e657b65b1b,2012-03-23 12:04:08 -0700
fe7de5201a51ad01295678f1396c35b86a4c268c,2012-03-23 12:00:37 -0700
d99d38a9b61c8ffd83489a8fd63e1324b1a6fb0d,2012-03-23 11:57:05 -0700
e9fcab10b189fc7aef3627b1780547e7dc73cf82,2012-03-23 11:54:18 -0700
0b1011364d4f40ec6bb7c32fb72b6c926c6a600b,2012-03-23 11:06:09 -0700
898cee122f567f14000427664f238a3da13c94d2,2012-03-23 11:02:47 -0700
e58a4fc52b6c3bb4a80fcb881ed4ce67c112aeb5,2012-03-23 11:02:08 -0700
6bcb4aa2d5d95e0b26ff51510449107e4f42c4a7,2012-03-23 01:29:49 -0700
00bbfe71f357a3e4201b0375f50a701fb6970282,2012-03-23 01:17:08 -0700
12d206e73d891ed64429433585c80ea7759096b3,2012-03-23 01:00:43 -0700
2d1598688640030e2468e259c6a6bf23d1010944,2012-03-23 00:54:02 -0700
7f027a71f23ac7034a9ab41814d0166882590f71,2012-03-22 23:40:45 -0700
7520ba1f98f23f33b40a92dddc6c5e01bbf70973,2012-03-22 23:33:34 -0700
19ddc917f2daa2b64c4da02d0b49fc9182a4db63,2012-03-22 23:33:05 -0700
da16d7ae78cd045a1868988b502318d3d8fed62d,2012-03-22 23:31:38 -0700
194784809d4dceec1520721baa07834eda8ae6c7,2012-03-22 22:44:39 -0700
697c4601dac77174d6ac4e11934b654847b19087,2012-03-22 22:44:02 -0700
8ad557cf31755c392f1003acb16455990f59ea4a,2012-03-22 17:28:24 -0700
6b4d49d697c6de37f7fc15cc595598dadb55da94,2012-03-22 17:28:17 -0700
2ac866ad3214c7856bf802a464e19e44f803d687,2012-03-22 14:02:44 -0700
6c124ccb71f6d82f0e43f82403a6e09afec69e55,2012-03-22 13:46:11 -0700
2ef57e248f04d8ba173526db2c2c329b42f717fb,2012-03-22 13:01:15 -0700
41e7bc78346096cc40cef5ca3339ffdb438a42e5,2012-03-21 23:14:47 -0700
0c48a7898ae8a1c8d05a194acfa6c6bd3b7046bf,2012-03-21 22:09:13 -0700
a10a7886a998cd0dd6b466410e9768fec0f04365,2012-03-21 19:19:04 -0700
eb71eb305fd933a87a37d1220d6d92ba245a6374,2012-03-21 18:58:12 -0700
21b46e7bdfbf587f4ec352d2d11380fc6c51f6c2,2012-03-21 18:25:04 -0700
94d0b001bb9cc6cbf9d63bcde622571c3fdaebec,2012-03-21 16:42:01 -0700
0c4c47ecc4e23e67b9fbb53993b105a7427bdbf9,2012-03-21 16:10:49 -0700
8a7905e605c48d52931ca1532516c679b0611be8,2012-03-20 11:08:37 -0700
0226d269934a74eb6923aeb9223cd4b3a0bbdfe8,2012-03-20 10:27:01 -0700
7522c3a853f6531fcebef376d526356446245d24,2012-03-20 10:14:49 -0700
fccfe52a198820bf7497a186de7861a818919e6b,2012-03-19 15:11:05 -0700
4d768a708c9804f938103da145107b2195cc2a5b,2012-03-15 15:53:32 -0700
451a09873d36eb9eae0f3af32227c25ef182a913,2012-03-15 15:53:13 -0700
f084f7fbea003dcc328630034a6f3e9cb3937e92,2012-03-15 15:53:06 -0700
431d38d21fd90f1497abdab00421f917a112e70b,2012-03-14 16:18:11 -0700
64248bb1819033ce2a41da4a642279d508ae80e8,2012-03-13 21:45:01 -0700
cc6c2671accb1231a35088a7c4be20ece8c8d0aa,2012-03-13 18:59:57 -0700
1103594200520aef617bcf6010d16a2a996e1e8e,2012-03-13 14:59:23 -0700
6df9fe2871883b4212da16d85dfdabff0e63536d,2012-03-13 12:12:59 -0700
02500bf96ba34ee39076be97c5f4d61f55c5dbe3,2012-03-13 00:29:21 -0700
c91efb51ec0f92745338bf5c5b4b349062992085,2012-03-12 23:58:07 -0700
fc716d7d9a76a610d45e21c77c91e2552afdd2f3,2012-03-12 23:25:23 -0700
b540cc0427d7f2805738d61b8eaf8670db53b3dd,2012-03-12 17:42:44 -0700
4b3b2966f5d3e239c899206e24aeaec186cb030a,2012-03-12 17:39:18 -0700
3435edf4d6bea2d0fc13cbf2fdeb441b2d54b6d7,2012-03-12 17:37:04 -0700
c25a4edab7bee3991cc731cd4a984fc6a246cb85,2012-03-12 17:27:42 -0700
88e897dcd254451d195344251231b88e9ca14590,2012-03-12 17:04:29 -0700
b549968e60bf9b85b7ee3984b84654f10b7e7218,2012-03-12 12:34:51 -0700
5b902e669cab36117d58141d8e074ada882a9333,2012-03-11 22:21:54 -0700
6cffafad6abe87d12912dff6e5a7c71234716ca2,2012-03-11 22:13:10 -0700
b363f958b0a7e1af629a79100e695b3daaac9137,2012-03-11 21:59:19 -0700
e63b7108f3e5b37136c9743a950b3d53293d568b,2012-03-11 21:48:06 -0700
6cb68f86cf19125d7e8fac28f4ec3a18ac6efb4c,2012-03-11 21:33:39 -0700
66d3973cdc1891a7d798cc9f76ef6465f06bac7f,2012-03-11 21:30:00 -0700
ead3811df6cc10873d9e32f8cff227cf6e5d15a8,2012-03-11 21:17:16 -0700
87cf3940c68f3b8a1f73029d24cfa47990c81263,2012-03-11 21:10:07 -0700
56facdb6b2fac92cff65b5ea3ad8b874c855fda8,2012-03-11 21:00:08 -0700
aa1e46779109a96fccdfd601473ba67d3c9c0684,2012-03-11 20:16:36 -0700
4c4b2de6543f2669583c28be91f90a8b0dca76f8,2012-03-09 16:38:17 -0800
b11445e8dd717c73c2a5e3713324cfb7e8e6b7dc,2012-03-09 16:27:22 -0800
5953e8f1408fe553c6063e05689462e7e1e97242,2012-03-09 16:12:49 -0800
10b192b677730cb8404191fdeca8e8cdfdf3c7de,2012-03-09 16:12:12 -0800
0d95a5b5b82619833535065121ff0564f6ef3079,2012-03-09 16:11:16 -0800
2cff92ff1f7ef8b6ef5c27189df463a347165164,2012-03-09 16:00:23 -0800
90876a47d67168e7aa3127a2c4ab707826d43314,2012-03-09 15:53:54 -0800
862ad8760a24ecd035988f4d3713395428543e70,2012-03-09 14:56:41 -0800
6a52434b12c4bb71e23be2836b727122ac3dd8d7,2012-03-09 12:42:56 -0800
f9d6830ab53fd6c5c7093fac7c4f4bd06a6c305a,2012-03-09 12:33:37 -0800
52d3fa8748f3f6dc01b84574b51718be7e3bbf1e,2012-03-09 12:27:16 -0800
7a266eb6b02e4fabd59fb92ea1e84b65dbe032af,2012-03-08 08:14:18 -0800
c524ba4914c26f751aefd84144ae831a3d1b31a9,2012-03-08 09:59:45 -0500
fded6d28737d427efc162092bc5b6beea7e917cf,2012-03-07 21:38:47 -0800
b2704ffcad88b60ccd40a7a9bcf953c8a3317deb,2012-03-07 20:29:41 -0800
7dbbf9fa55f33a5db92b513705a8bf31d441cfde,2012-03-07 19:48:28 -0800
9f8fedcf4792e5994beaed6612369012c9969189,2012-03-05 12:18:15 -0800
8724c22d55f6b94932be0a17ef9b182b0d410085,2012-03-05 11:52:14 -0800
e539907b416cb3f6db70df12f71685a57af66ddf,2012-03-05 12:07:45 -0500
108ca0342096649da7bde608395a6d4934470e29,2012-03-01 16:00:07 -0800
64b8bb02956b80c1e6b587de7df4f9a5b98e01cd,2012-03-01 12:56:21 -0800
612b1c19eff32118d43c68150713afa2ea650525,2012-03-01 12:55:50 -0800
e866dbcd1dc814816717e065574d4bee8beb2079,2012-02-29 13:34:11 -0800
0dcaed693e9a663afd16825ea81a3b9764ee787f,2012-02-29 00:10:21 -0800
5eb316a3ba2befffd4b1f1aebcacf98ae9ee6a52,2012-02-27 13:23:07 -0800
ceb94ba4c3518d5a5238b28ebc3e3a458d8ec0ee,2012-02-27 12:36:25 -0800
02e1333e5876804852c067b0a6d08bd4e04c1d4e,2012-02-27 12:23:38 -0800
9d3ce8c47449d55680ba1aa27b518a43dee0c671,2012-02-27 11:41:28 -0800
6bfa0d7ea177cd9ffff14e5af132e99e78a7322b,2012-02-27 11:35:02 -0800
7011f650c5223b30999db668d2e1d82f806db44e,2012-02-27 11:20:25 -0800
a0d81dbbbaa1f8895833586105b76c478b26b61f,2012-02-23 15:46:11 -0800
2e0ff46d6b96e06bcda9db70ef05f6aec36a2363,2012-02-23 13:28:59 -0800
aedc40691ed64a6623a524a9d505eb9db5250cfd,2012-02-23 13:27:08 -0800
d1496d7375cb6ca422690522d88a85065f17d73d,2012-02-23 11:22:15 -0800
4e91f312ed7d8aefee2dc7e7488e9b98af867209,2012-02-23 10:23:36 -0800
27ec480ccb9fa09c5ec0786c8eb2fe0da805f5af,2012-02-22 15:23:10 -0800
3f2a79fd0f7cabf3db8bf76b0759948d4216f012,2012-02-22 15:14:27 -0800
5c92d65234962f76b2071de5dd391faec19f47e7,2012-02-20 12:48:26 -0800
29cb34d2a14fba758889a380b14e36b53359c226,2012-02-16 21:41:17 -0800
3019b4d5cdc6024b5fd1c28ea01bd5ce198edef2,2012-02-15 12:26:56 -0800
ca851827a432349e9d0c94488f55f98891c8be31,2012-02-15 10:28:17 -0800
3e29da36653dfc6410d49d677ba83c77eba7380e,2012-02-15 10:17:43 -0800
ebc5caac284624cb65bd1ff57ef8abe759f9bb43,2012-02-15 10:17:27 -0800
f6bf6c4aaa8ab2906e6dc38fadecb23f497cd38f,2012-02-15 10:10:49 -0800
663a3544ce969b4841d862f8e3cb09bc9de95397,2012-02-14 23:07:39 -0800
cbb6490129f63291003dc7a39e99e783534a80c6,2012-02-14 23:02:09 -0800
8cd1b3a857c954a64caa45918a0952bf5409f541,2012-02-14 22:58:52 -0800
d62342f6eece333aa33eb871fb5ca848189f6f47,2012-02-14 21:11:38 -0800
2b342c38641148553bd846b699c7028448c5cdec,2012-02-14 20:46:48 -0800
ceca1570b08db5d6a811ee164d8e0bf228d71d4a,2012-02-11 22:00:18 -0800
776054e33b7cccd7aaee1e462f32c49a3ab5c589,2012-02-09 10:43:25 -0800
902cef5db68ecda6550b52b086becf1602c397c7,2012-02-09 10:01:55 -0800
82cb28062ddb51c53c8d8d4022c3bf2b72c18189,2012-01-31 21:12:40 -0800
0209bf448a42018d4f15dd01e5ae25050c34d0db,2012-01-30 00:53:13 -0800
d7f488c896cbd0d9883a3261d3e03ddad55b505e,2012-01-27 15:31:17 -0800
684dcdd33fb8ebd694b4e060971b5d5a166a607a,2012-01-26 11:48:19 -0800
ebb75a3494da00839db14fd13301448cd469d093,2012-01-25 18:34:56 -0800
f1dec424968f75a78bd6046904d0e00c8901b9a8,2012-01-25 12:06:00 -0800
ff12dcd416d15f3441e4b722c4335e2c77791222,2012-01-24 23:43:19 -0800
8cc8ad9e5eef60aad041d3748cbfbc734de99a42,2012-01-24 22:56:53 -0800
0752436d4a37cd5d0e92fb737abbd53f3ae87945,2012-01-24 21:17:50 -0800
a38d65f63a2b1285bb8f7eb13824e68d19b995fc,2012-01-24 21:05:01 -0800
8559494a9b42873d1ffcf51292f1267930e28695,2012-01-24 18:27:10 -0800
7120581e107d6a28ecb16709ac4784e971d46d47,2012-01-24 18:24:38 -0800
66f11d5c5780add54e67d8614f7f8aec1cc9c27a,2012-01-24 18:24:05 -0800
db69e717a0ba5d3c2876fa5d269122164c38adec,2012-01-24 15:52:16 -0800
f3254dfaa0a6f9fdbf2a824ef48a2d2373a3e364,2012-01-24 10:10:49 -0800
692186f0c9162731a992740024176c4cf95fdf7e,2012-01-23 15:24:35 -0800
4aef4fe8043eac59ad8e04c3e7edded8fbd9a7f3,2012-01-23 15:18:16 -0800
e4b82bee3aa7af842c1af41f652d44782dab94d9,2012-01-23 15:15:03 -0800
a25bf0f1033f7138383158194353bd4dd98b6130,2012-01-23 15:14:47 -0800
ff6ca004dbb764d1e9793d1078de259d1296f01c,2012-01-23 13:48:30 -0800
ae06e08a313bf6463685b7f2d179293a80d9d533,2012-01-23 13:29:34 -0800
e4ba2100207d472ecbfb26af89212926ee3c3077,2012-01-23 12:06:46 -0800
08c3a8344a1d824ae09444ee648b3c76ac0e5cd4,2012-01-23 10:51:12 -0800
0e351933bdbe9da1825a32ec998f349835da1192,2012-01-23 10:47:40 -0800
9d1b845962ce46bc98dc76c6ed4109b881b20538,2012-01-23 10:42:07 -0800
5ca6a2cacf49aa934b72f1f75ef3f1165dab9dbd,2012-01-23 10:41:39 -0800
4681dd2ad3200bd7961d2fac8fa0c9a37ba084c3,2012-01-23 10:09:00 -0800
0beb9165f4f9bbd9e3c81aa40775d9329433fb14,2012-01-23 10:05:01 -0800
aa5b07761e1ac2e2104271d3f9d76829c03101b6,2012-01-23 10:04:27 -0800
c210444fac8aa5da4855de679f4757e997465192,2012-01-21 12:58:44 -0800
274da988ce0cc82e786b266a2a83419fbd17c6ac,2012-01-21 12:55:30 -0800
53683c90d241ce5004825eae1557e46c3f8c44d4,2012-01-21 12:53:59 -0800
61fcf959b3304af02f127b928d53152b8cad475d,2012-01-21 12:53:18 -0800
bfdb5a1caa51c18907d66ea4c8d40724030ce9a9,2012-01-21 12:07:08 -0800
7e6ad2d9535654f96cad3bc193ef0f123e8de7a3,2012-01-21 12:06:43 -0800
1cc7d192c2ee4e929795ec17ae89cc570e90485c,2012-01-20 22:43:54 -0800
017a8b444ed7c82a833b583d716e449e7cffc9d8,2012-01-20 22:33:48 -0800
6149a33738f7744b905cd8dddd92850601bd1fed,2012-01-20 22:33:14 -0800
2f697d33ff39f8a2e3ca3776c24c0d4acab43e3b,2012-01-20 21:30:23 -0800
2c0bee089088cd2276d6e2993c55bafd73ddc476,2012-01-20 13:57:32 -0800
4917995ce7a24064bd894bd8628f02be81832695,2012-01-20 01:29:04 -0800
24d22cc7a9acac0027da1513fa4181be5bcb7d64,2012-01-20 01:10:37 -0800
c6a01096674fac7beaccba25c3256e05007f6c2b,2012-01-19 16:51:16 -0800
05318c490a48e86013706bfb64cb7474d58f0a0d,2012-01-19 15:33:59 -0800
80795f656fb0d8acd1d828f36df3a62826d24108,2012-01-19 15:05:53 -0800
1a88b26c98c1466a86cac8b5c35075b3f879b6e9,2012-01-19 14:25:42 -0800
7ddc68e70700bb2a07b597c5e2772db40e03e5fd,2012-01-19 12:07:53 -0800
eac56704879496c33716138f007edaac7fe9d893,2012-01-19 11:47:41 -0800
284932480c001eb03b67a01aaf6e1a7edeeff23e,2012-01-19 11:22:49 -0800
4482fc45303c8484faa8b48f9739161b663281f4,2012-01-19 11:19:02 -0800
a8de72ac423567b9630d9b39ec94e6b446f9ed0a,2012-01-19 10:39:39 -0800
028165707812fe5f63e598423e7490cb576618ec,2012-01-12 10:48:31 -0800
e776fbfcec2a7d6fbbb234c2746ff8c9ecf0fd62,2012-01-10 23:06:28 -0800
0a4931cb41a8f6e138d2664e28c48cf72f43dfb0,2012-01-10 11:37:10 -0800
6fc6122e678fe88d5f9d607c3f332e1af9e2b8ac,2012-01-08 23:47:07 -0800
b4d135c3f1722ac720f07e959a15ca242a6e5213,2012-01-08 20:20:04 -0800
6ff00e28eae7343ebd79cbff112d575e0589b492,2011-12-21 00:11:18 -0800
532bbbd107a562d09d098506d70fc300d54a73c2,2011-12-21 00:09:51 -0800
19fe9dcc9b946890357097c67d3a156e5115cefb,2011-12-21 00:09:18 -0800
cc2e57e1d6a47a0543a2c5ed2ed624d7f79dadda,2011-12-20 21:43:16 -0800
0439f0043e32367493bfc55adc04ab6d45056d24,2011-12-20 21:42:26 -0800
882f52a5e2576cc7b4080d2a21300c9ef21bae76,2011-12-20 21:41:24 -0800
f89020ef0fcd3963c5f98f63a8f1623db8af7a92,2011-12-20 21:40:41 -0800
d327940d2a7d326e5b708ebf499043dc468e9200,2011-12-20 11:55:02 -0800
5ba1f9fea32b5b0570be9b2bb66a415317fcea54,2011-12-20 11:48:13 -0800
3a7e72cc2ffecdf842ff3580ee6ca5ad8ac72977,2011-12-20 11:47:41 -0800
b3708bb381027f850189db93a5dc075546c41c01,2011-12-20 11:09:50 -0800
b6b3f625846f87308b1761b2a739c3ef8e350232,2011-12-20 11:00:06 -0800
8481bc4f0c611103606facfd7d4a163c7517050e,2011-12-20 00:00:39 -0800
b4ee710b6f547e7b374f473b95ef7de9f0f88817,2011-12-19 20:46:46 -0800
6e3ff98b5a0cccbb6008b3251b6fdb4ff0980803,2011-12-19 17:01:41 -0800
5048d171d5edaba4088087f74fbc2b57ce447555,2011-12-19 16:45:23 -0800
6cfde7df70a3a7a120eba320d94c5033416d4207,2011-12-19 15:56:12 -0800
f34e577082244039b1afc27b70d9045c39e25489,2011-12-18 21:33:51 -0800
76b6f2af0555d7d62e833d9c853763f95180254e,2011-12-18 21:32:46 -0800
2f3e8d3643191d5846ef9562be30d2003aeb6cf6,2011-12-18 21:31:56 -0800
256e9675c901ab136be9f6d9e40af9607e3d52b9,2011-12-18 20:36:02 -0800
e9224ff1104949ba50ad20de1f845460041ce0ac,2011-12-18 20:35:54 -0800
e6818a551fdb5b5d4d6658bf85c1e46b1350e758,2011-12-18 20:15:28 -0800
6cd150a2a03de53229ca4f20fa7b912cdeb5ab44,2011-12-18 14:57:05 -0800
4e33e1c9a7774168e0446c648dd8e1c71143e56d,2011-12-18 14:56:49 -0800
3a95a270acec819e0d4ffb3806ea50bbf99e2d7e,2011-12-18 14:56:02 -0800
75dd6a4ffac8907bd982796c47c097a68be71563,2011-12-18 12:34:56 -0800
745a83f0d80961099f6aa23a965ad447d53a2241,2011-12-13 18:41:20 -0800
93b186f8cd2a35a52901945c8190863ef04c4b32,2011-12-13 18:04:14 -0800
bb5ce4bf325c5bda37935cf09823740850d7a0e4,2011-12-12 21:27:43 -0800
86dc877483209b7887cde957d50cd70dc642974b,2011-12-12 21:26:33 -0800
354484251466b4f604186e9e410fac6904aae7b4,2011-12-12 20:21:04 -0800
70531a534dea6b2b82ca870ba67d8c49bfbb58fd,2011-12-11 23:50:28 -0800
08d2eb731edadf993a5a9df86b3021639e840f90,2011-12-11 15:35:56 -0800
ece9aa850ec22a229615275aded0544be9f2d4a8,2011-12-11 12:21:34 -0800
d5b093023f2b15581cb8cc5585d11fbd5cd79e92,2011-12-11 12:04:27 -0800
06189b65bdf697bcab4614fd7f705c0c5c180625,2011-12-10 15:21:26 -0800
5da93b15c061e5588935944532a1bc799bad3161,2011-12-10 14:44:38 -0800
e362394d106181f133ea026395cb1b4ff83afca0,2011-12-10 14:31:47 -0800
94590d847f44a32bb897a1974a83d67619077eac,2011-12-08 23:36:38 -0800
f9bcd5f7cf3c234eb6414078dc00364f92e84c60,2011-12-05 18:54:52 -0800
e0b1427e59a07749c0758352f537fa838a20f3a9,2011-12-05 18:20:58 -0800
935088d9d4f470a4f755387ca8878fc246b4d0cd,2011-12-04 17:15:18 -0800
70b522cacd20850eb78c1db12a4ed54d658c0ea9,2011-12-04 17:09:48 -0800
01cd2cb846b3d848ea227ffdb5f10e1a4fa9c2d9,2011-11-26 18:33:47 -0800
e8f83c19ccb07c804330696358d4985b0b5b3465,2011-11-26 18:23:45 -0800
d3f6993acf2a6ed78da77ea06da8fcbf51b6a806,2011-11-26 18:08:49 -0800
4ae8aa1219d881be4a89c80b11332561d5cdfd2d,2011-11-26 18:03:30 -0800
8bb0892747a5292e7981af2103bd4117b68e63a9,2011-11-26 18:01:32 -0800
5437cb338a4375afea7a6c10c353847428fa38a7,2011-11-26 16:48:44 -0800
92508bb91a32bc57ca89423ff7978a13961c470f,2011-11-26 16:17:45 -0800
6f79b3f93b8f997610605ec9e4588c7919178c47,2011-11-25 18:48:34 -0800
c927d9f2ff4f0ad10b0f5589c8510105da7a4922,2011-11-20 00:44:39 -0800
cd7ffd4e637b72dd243ab9750806704f6d4b8e7d,2011-11-19 23:05:12 -0800
8aa228a2908aaf0c379dac8f9ec17068c4a0447b,2011-11-19 22:16:05 -0800
0b93ea05a7c4b00e4ac0183c1d08f9bc3ea607a4,2011-11-08 12:33:30 -0800
57a95042e27a11df2ad39b4341ad2e448e2373b4,2011-11-08 12:28:46 -0800
73b7304ab7c912b90baaa08c6aef0af5667ba4e0,2011-11-04 15:20:33 -0700
aae7c8674f77b9f9372f60c76fcd40c6dce9409e,2011-11-04 15:20:22 -0700
b3ebfeb2cf670e5a9f9c9d54cd55f870de8a3107,2011-11-04 15:20:15 -0700
67412b8666da9d58a373dde7d39cb0ca2aa6bc4c,2011-11-04 15:20:01 -0700
87387c5cb8a0ea6eab19ed8ce5e7614dcfc48d1d,2011-10-11 15:31:01 -0700
dfbe62e65ff9c494e8c58ca419783d74199047e9,2011-09-16 17:03:05 +0000
49dd332ad9b4867aa7649194eda11ba4366a2876,2011-09-16 06:16:41 +0000
f29a101537501789e01405172b366297319b9a8a,2011-09-11 16:10:38 -0700
5e92911073c4c6805b719bfceeb2b3f47aa0627b,2011-09-10 19:09:17 -0700
12717e038ccd1b389b99ce2f610973081b06c311,2011-09-10 19:08:42 -0700
8f7b798586725597675203c39fc5764a5f0a642c,2011-09-08 21:50:28 -0700
bdfa749b29c68a302340ca0b46763896a875a966,2011-09-08 10:28:13 -0700
8bdc24bcfd991d3bec5ce7eb98384e7cfd1cf2d0,2011-09-08 00:30:10 -0700
970665f037f2306d1e6344227c6c41a6dd999702,2011-09-02 13:40:58 -0700
b6246041dd25002cd9cc99c297cc3bd1762f1899,2011-09-01 15:39:02 -0700
50ff738cdaa297cafd3004d9126fee6784002bb0,2011-08-29 14:31:23 -0700
98a5f06120e4ec388c19d4bb2a5ceab04cce1db7,2011-08-27 12:13:10 -0700
1e47ace656f23687c41b83ed74e2d93c4820094c,2011-08-26 16:44:49 -0700
68de09b8572544bb9ef4a7a741716e4b931abee4,2011-08-26 14:00:14 -0700
9d01e530f861a4bdf82f077614f986553263209b,2011-08-26 13:20:26 -0700
3d3d41ea29a6a46f9688f70f6a6b3fc14f1a6d52,2011-08-25 00:52:48 -0700
fa8fd16504adf225ee2ffd0511ff98288676e542,2011-08-25 00:23:27 -0700
e3260ca3e9ffb6c029141748f9983e28920f8c3a,2011-08-25 00:22:14 -0700
93c44f9f329c26f0270170b79ca83439d65e6d4c,2011-08-23 19:58:35 -0700
2edd5dfbf5a37aaa6df32fe40553597580d65a49,2011-08-18 18:02:20 -0700
b7a5cc701379f5b683bc96e7ae75548bb760a60a,2011-08-18 18:00:45 -0700
b574a33cfd565fc962f691e8a28dace50f24fa36,2011-08-17 09:42:40 -0700
e47e66c906b5b4473fa755312420d973e1a552f3,2011-08-17 09:36:08 -0700
2c862ae9e1343bcd2e562d5f3d7404d15b5681a3,2011-08-17 00:14:03 -0700
2a3f7f9e28c216ca44d0a9e1af8398eb1415800d,2011-08-16 19:07:25 -0700
cff74455296805862c8f1b27fb17ebbf487d3080,2011-08-16 19:00:00 -0700
111e9163e20a0170d85562b431b41248d3ff3f1f,2011-08-15 09:39:07 -0700
ab90d1d846cb4297a74fb0a8f2324e64b4d22921,2011-08-14 23:19:49 -0700
c559f4ae3318be9ba42ea425ef7203118a73ba07,2011-08-14 19:38:05 -0700
e2e110b12f1a42ec8399a83115409c1546ad9b5c,2011-08-12 21:40:07 -0700
9ef50a1ce7f4740c002f678fa180ce941616dd87,2011-08-11 09:57:25 -0700
e5e34a036766927b31cff77d9583cb7b384e585a,2011-08-10 17:59:14 -0700
de526911a5687a8e4d0bbaee9a057489fabb69bf,2011-08-10 15:14:04 -0700
b4973d8744f8fb519b0e74569a36ff4b4fa0adc4,2011-08-10 15:06:26 -0700
6c41eb5aadc0c75c4faa572e79cd942d6d8d209c,2011-08-09 16:08:18 -0700
d0155cdf526a4d16c0ee6b8076a7ce60714d17eb,2011-07-21 15:16:19 -0700
8b8ee8dae3f7ec0006805d4de3d62268b9adf721,2011-07-15 00:26:26 -0700
493b43fe27587febb7ffedc3c0390c85691e5a00,2011-07-15 00:14:47 -0700
69f166f85b0cdf7cd2f1a43fed8ba96800e43e3b,2011-07-13 18:08:30 -0700
1240b104746ef10083d1e1facf6022caf6e58151,2011-07-13 18:08:11 -0700
b5a81afe877d769877af44cd69ea4424730578bf,2011-07-13 11:09:14 -0700
b56759139574aec9dfaf23110d03811a3eb2ea49,2011-07-13 00:17:34 -0700
01c3c943d437ebc141f80a6c415cc3a7bc03ba23,2011-07-12 15:18:44 -0700
0452f36f04f6a8e787ce52d877a347c95d49b5f1,2011-07-10 20:49:38 -0700
4b4f21e9ab641825abd882a75b296daea405efca,2011-07-09 09:12:06 -0700
a4d810969d7d9bc22833401eec8864d2503ca0f5,2011-07-08 09:16:52 -0700
5ea2be369c73d890bb7d75d109301b5197a64eff,2011-07-07 23:48:32 -0700
3684bc5522996204b57be26b99c3ce4578026b3b,2011-07-07 23:28:06 -0700
aea01a5cdb1ed8937f3625191798383c94515d68,2011-07-07 23:19:19 -0700
867e64637fa8df8bcd09a9a9f19bffbe9a6a920c,2011-07-06 15:33:11 -0700
649d873373898e2d5857e9c1705ef89e17462ffc,2011-07-06 14:39:50 -0700
086192f4146c9327e5fea98e375c840ef05bee9c,2011-07-06 13:14:40 -0700
c7b880d1bc311b0b6b3f0c6c7922d35bb9d26f7d,2011-07-05 23:08:34 -0700
b9b034eba0d506bb09b43da183fefff71f98152e,2011-07-05 22:14:19 -0700
3e65c4620442167c08e4a8880bb453e895acf207,2011-07-05 22:13:45 -0700
1edd4ff66bd256caef77f8624011edadbfbe7ab7,2011-07-05 10:16:28 -0700
bd477daa2c6ecc5ace6cf0307b45f9113b80dbf5,2011-07-05 10:16:03 -0700
2e93774be212aedcbe4d901d13841387878d9fa2,2011-07-04 18:35:32 -0700
7e3ecfd5db567972f0f81c20ef49b20deeee9af7,2011-07-04 14:26:09 -0700
5815f79eef303a7fcf77ec8b91199c17fd62fb4b,2011-07-04 14:25:52 -0700
88b186a856a8a673b03ce1d92073b82a96b83f4b,2011-07-04 14:24:40 -0700
5e59a18c2c55be0698654d4a2e39fb2947708791,2011-07-04 14:22:52 -0700
5e321dbe98ac88a77ee6f7a1fc6123f61c82302a,2011-07-04 13:43:04 -0700
e03f395d5d1742e8454904d81c05f535d8788061,2011-07-03 15:35:26 -0700
423d1a6268b5458abed875e45b48718b83bed777,2011-07-03 15:34:00 -0700
efb68518233221a16bdf0ffc9cdd3ee8895d252a,2011-07-03 15:33:18 -0700
fbce63ea640164be1426300882cef56877a4401b,2011-07-03 15:32:06 -0700
7217ee6136c98005c7dad581fa491fce58bfc0e5,2011-07-01 09:59:00 -0700
5bca79cd9cf3ce02715882c2f611cc37fb3a12e2,2011-06-30 14:42:55 -0700
6cc8e4204e2b626a2736930df27409a42e937392,2011-06-30 13:58:02 -0700
238850a8f3b312d0c4af978bdbcd0949fa15e95e,2011-06-30 10:00:34 -0700
b1e0148c1e9cc30aba719222a444848c2682179c,2011-06-29 16:43:23 -0700
e6a6ebe724fccd372d5484f37d20b2776d46f549,2011-06-25 23:33:14 -0700
567c4a4a11d63cc735aa83a2a6612664938d4053,2011-06-09 09:25:47 -0700
6959b74d763ba365b93e1975f2d58ab4a7e226fc,2011-06-04 22:22:58 -0700
23ed11a93383499104e03dde54b67ef92ab51b2b,2011-05-27 13:46:03 -0700
8b49b22a0d5fc773701411445aee0ba2b7a43cb8,2011-05-27 13:45:55 -0700
31fcba137bd39db763718c2281256ea7c8f21166,2011-05-27 13:45:29 -0700
2d7f30ed7b55c7bea9e5d3bfd9973d3018ee8dbe,2011-05-18 14:24:45 -0700
6f80c9f7305f15df9bb450c2228f885ee4690878,2011-05-17 13:32:32 -0700
9b682770b4da73312abc1ce63ad4259c1072bb6c,2011-05-15 00:39:47 -0700
2bb7516d3097efdee8d9fa622918832dea13d635,2011-05-15 00:15:55 -0700
65b0f08fd959bde2b9998f9236a3218c64b8ac84,2011-05-14 23:40:27 -0700
3fe4aab695a961904a8178a0e58eceea025c837e,2011-05-14 00:18:33 -0700
2fb2a9dbc93012993851b1a3046f147726ee422e,2011-05-13 23:55:09 -0700
eb8da4d644df422efd03bda9900282cff50801a9,2011-05-13 00:53:11 -0700
3bcb7c979ce4346ef934f8bba9cb10be991ee4ae,2011-05-13 00:49:10 -0700
a8f58624391de7806b35b8dad0e323fc505942dd,2011-05-13 00:48:15 -0700
3dd0c20ba967cfdfec3ef446f079d0aaa549c98b,2011-05-12 23:49:09 -0700
78a957b9788d9975b14a1198f8adbf635fb9b805,2011-05-12 23:47:01 -0700
3b7e71a4028dde2b2bb6933ef55e3c38f6254a09,2011-05-12 23:41:10 -0700
11b29d8709fdb156644d93b35715e28c8491a6c2,2011-05-12 23:05:32 -0700
00d4cf6858d3c6e71985df564bbaf6065fe84d9f,2011-04-26 12:31:20 -0700
74dd8ad735a6c8a5e009e103594bbd4bd0091fc4,2011-04-08 22:42:27 -0700
0eb351e467609037f37a337a11254d5da5a9bb5d,2011-04-08 22:41:31 -0700
2778429fbaba067fe2d0788f602de2f69301e67c,2011-04-08 22:40:25 -0700
92d68a39870248a907bd9a12cbf81b921eab59b5,2011-04-08 16:28:33 -0700
c0205653979794e3a5f26b8309d3f1e10cce401f,2011-04-08 16:28:12 -0700
f6c2d0c88f76b30ea12cf9576444235ae621ef79,2011-04-03 00:53:00 -0700
64224d0937405117e3cf5ddc7fb6a08e48cbeea6,2011-04-02 23:53:30 -0700
8a6595e2dbd067cc3ff353d3d46b8a4f4ec6d7f6,2011-04-01 01:58:41 -0700
3beb7ec1f05021ab1fbf86ee5b40b0554de4f4d3,2011-03-30 00:29:44 -0700
a52476de0578c6e989e48de588fce6ca55798aae,2011-03-20 19:33:19 -0700
e063f1f21d70b817a7ac91016a8c39424cb80250,2011-03-20 16:57:47 -0700
cace921202fbdbf06d92c3d77b6200009c05e6ca,2011-03-11 19:43:13 -0800
09f1ecc52772c5c6909619ab4ccb3bc93acd890f,2011-03-08 22:04:49 -0800
87c1b4b1e40b74e4bd7c18ae958d9f3b0e8b5c01,2011-03-08 22:04:15 -0800
aa0805595a64a180e18a341fde1cfd5bf2bcc714,2011-03-08 21:42:43 -0800
cfebdb2cf3a1a9f4cc60307d7386cf4ea7cf7b81,2011-03-08 21:08:59 -0800
4f656c2e945ec14622a10a0bb8f16bf73426a8f6,2011-03-06 17:02:18 -0800
de352e7dff2bbc061e75e2dbc4be8505c318a7ea,2011-03-05 14:47:50 -0800
22f6c24f9ba0ee111b3597c75fb0a5e8ad4b0cf5,2011-03-02 17:21:26 -0800
0b9f23bbb6c3e2b5178e9f5c12612e968ebec1e1,2011-03-02 16:01:37 -0800
53755b8070d6ea6fe2bdbe1aaffa182532e86f42,2011-03-02 16:01:03 -0800
85ee07b6ca8ac9ac8d1dd826c1e3fa0a370a4eae,2011-03-01 01:09:38 -0800
1243360a385bd066dbb0df6f20988f180d669a07,2011-03-01 01:06:28 -0800
7fe3968ff8f01af895939cc9f506483b4349e8ea,2011-03-01 01:06:10 -0800
4d1717146f26b9b1f2ad33e0c14261485dde317f,2011-02-20 13:50:22 -0800
4571135a0864520e0ce9d69481281ccd64af4e8a,2011-02-20 13:20:17 -0800
2dfd279e2244d03c34a5b628568d07f97797006e,2011-02-18 23:50:35 -0800
bdde602f71814bce3f4e2bb0d71e7a5646cd6dc5,2011-02-18 23:26:47 -0800
1c8cbd000c453cd523c9d82a090297f3c0f09c81,2011-02-18 22:42:12 -0800
68fd27e1bb74e3ffc6b40c495d4c214279824d60,2011-02-17 19:23:02 -0800
5d72e27ca94bebd2b81c71b6066f6159f77454b5,2011-02-17 19:21:03 -0800
8312d74997f2ec415517393a095ea054d69f1dfb,2011-02-17 19:19:39 -0800
1693035dc55daf2f17be3cad90e8852c2e2c02ec,2011-02-17 19:19:05 -0800
8a4081a284af17a0a70ae902ebb2cb143b5a8e7e,2011-02-17 02:27:49 -0800
fb623a1933c424643b107cf2b349252700d80827,2011-02-17 02:11:59 -0800
299eb56d79f92282c362733948cefc6e5fc99097,2011-02-17 02:05:36 -0800
25fd42afead495d5b065486b8f92d62f41ed9b60,2011-02-15 18:46:02 -0800
fabeca74147bb89a53a1ac8a8947423dd6cd5269,2011-02-12 18:22:39 -0800
27a94eb48ae7ddca77c404fddd8df1913b0b9e24,2011-02-12 18:10:46 -0800
0590170712cbd4d7c1861b15587f528e7a74b4a4,2011-02-12 16:14:29 -0800
0ad9127a683fe0aa6a78f38ed25f7f887ad7a6ae,2011-02-12 14:07:12 -0800
3d3aad76c9e8a0781717039cdb613d38ef458100,2011-02-12 01:35:32 -0800
74748ed1151a666d87b0cca41f27109a35b87568,2011-01-24 14:16:10 -0800
70d7ee4792416ae4e8364d3e4a8fb0dbffbe553e,2011-01-24 14:15:49 -0800
56baa32ec781830b0c2188ef92eebb77f9769334,2011-01-24 14:06:56 -0800
02d2fc14269de178a56575f39e773215d8148e3f,2011-01-23 17:02:56 -0800
64c49232dcf6a6ce1b51493691566457dbd1834b,2011-01-23 17:02:13 -0800
03d13b086107668a303d552d840fb70fd6a190f0,2011-01-23 17:01:47 -0800
34d0631aa9c457fc0d4cb771a51ff02287bd4a32,2011-01-23 15:31:10 -0800
dcd259f93e9301ba2fe21d1cfabb7cbb402771a2,2011-01-23 15:25:37 -0800
b39dc62167837a3febbe91825279c63326c2d7c8,2011-01-23 15:24:00 -0800
77c4c9b3748ff2c43ab17d2df88a38c47abd5659,2011-01-23 15:22:06 -0800
db00063b36040f55c9f378f9565b0626be98055d,2011-01-23 01:42:37 -0800
297696c90576b3a88fbc32c52f6101deffb4917a,2011-01-23 01:42:03 -0800
098a521a4bd3e3bc0e95d9ae4e48bdcded683fb4,2011-01-22 22:08:14 -0800
afa8c740f63663f6d17bb122305cd60b20dfe740,2011-01-22 21:53:57 -0800
b6898abdeaf74e0ff156fd5a4ddc36d7e7588877,2011-01-21 20:00:46 -0800
7cfc86ce7433ebb9cfdd5327cc31fda6525047fa,2011-01-21 03:12:00 -0800
d9ffdf8184969d58e670ffce5b28b755a0c16af6,2011-01-02 23:55:18 -0800
93fc36b8100735a6e70bef4516a3333538632fdf,2011-01-02 23:54:35 -0800
d536196e620371fc489789368e6cc6623b7461ae,2011-01-02 22:35:17 -0800
ac96427c08f9d97e9c533a12dd6f1a3ab5e07ce3,2011-01-02 17:08:46 -0800
adb577ca8e9f7635f3695cc413e7c71a5179af3a,2011-01-02 17:08:27 -0800
573f92af025e876547dd1121eb93e4b6e3ec878b,2011-01-02 15:16:21 -0800
62332e9f65e367918152f6f16e5688a1dd39c41c,2011-01-02 14:28:06 -0800
a54c413420bfb2b4dd1f721f0759fa18b679a70a,2011-01-02 14:27:44 -0800
1dec9e889b2c9c3ab1e93d2a9a2be9139ca594b9,2011-01-02 02:37:09 -0800
1430bed43e8a2728cae332c28a3391c337ea7923,2011-01-02 02:36:31 -0800
bda0d83ff1b8dce0f24ee776b93abbb673e7916c,2011-01-01 20:32:52 -0800
fc8ff9ea16c10e2320afcb20d3f5da1b70f8bf74,2011-01-01 15:56:30 -0800
6e7eeec5b0e7983a9e1b4e6df3998fe283803d73,2011-01-01 01:48:20 -0800
ca77a087cab0465bdc8bfab5ed9070d6f8329dfb,2011-01-01 01:47:55 -0800
fa481e428b3623ad1e762ad1b0f6b88a42c0d579,2011-01-01 00:40:11 -0800
8b1303b143b63c947669a5296b1db9016bf63d13,2011-01-01 00:39:35 -0800
a52ef38607b84f95c250806aac2155332021f603,2010-12-29 15:28:36 -0800
1cf3461b5dcb4015ec620cd13a0066f233ea3b9d,2010-12-29 15:28:02 -0800
fabd400c3def1f27509f72a4b0a78e6b2ee188b7,2010-12-29 14:48:41 -0800
acbabe540f865a8682001a27e9ec88573714454a,2010-12-29 14:48:24 -0800
a4d143d21c03a370de04211490d56138c29229c5,2010-12-20 22:31:42 -0800
49f132f75f349b5e7c54a66024211b316e0bfa1c,2010-12-17 15:17:22 -0800
49e7624dfc4d224b424b22b42df34aa9d04ccaba,2010-12-15 13:36:33 -0800
5a3d6629e6b7ea158f1911af79f14394cfbc54b5,2010-12-15 11:20:45 -0800
a13d371d555578e36c248dcfede44a01c49b1453,2010-12-08 23:42:34 -0800
7a780944322c66de777727f036c1fff615b09c04,2010-12-08 23:42:34 -0800
93a9e8a41a6e4847e05b5acac7d4c3c08bc38107,2010-12-08 13:14:04 -0800
7341826547c2980aa0c470df8565d895af37787f,2010-12-08 13:14:04 -0800
e47bcaf0c19d2fb158dd3e3d6e41801d0bb1ca26,2010-12-08 13:11:45 -0800
2e1a3858b8e02c67bd93e371a41f287b08853dcb,2010-12-08 02:09:19 -0800
8753c294cc7e773686263dae5c6839285a66ad2d,2010-12-08 02:07:36 -0800
b66eb1618eecd1670f291887d27a42ae9b506036,2010-12-08 02:02:28 -0800
5b33f8c40961588339a97191924cb6ac0a9a09e6,2010-12-08 01:38:17 -0800
2ab80265ccdf620453327423962f93999b8deb41,2010-12-08 01:33:55 -0800
11b7c07481dba0a6b0fd3a914b873f24a7f76e4b,2010-12-08 01:17:55 -0800
7fd91625d64ec71037c3cd10d404010ebeb548d5,2010-12-07 19:30:46 -0800
94803cd3000839e1a9874f696daabc9ff8c44a68,2010-12-06 13:15:50 -0800
3f229eff95dec37a1a8d31bbe9d2b22b25c28a05,2010-12-05 17:12:03 -0800
a05aefdd6c08e0c0e49f61b1de820352aae09c67,2010-12-05 17:11:41 -0800
312e9f3a7e8a4d3d46a453e597c186d12198367c,2010-12-05 16:40:42 -0800
5845bc853a47b057f80423272f1c0fbf0f5639b0,2010-12-05 16:39:30 -0800
a94947c222aa038fb6304c14d11ee419f9e8f26b,2010-12-05 15:10:28 -0800
4ef133d2b52035096b8b984c12d020f6422f7a62,2010-12-05 15:04:11 -0800
f99f9cff15f0c1d90939f21db07d7d87240fec73,2010-12-05 14:33:43 -0800
a1f0de62b9e2a9fdd6cb6da463eaa4a6450e4c48,2010-12-05 02:06:51 -0800
59988b117761a2ee7665d3ad9d06d1e13b2d9cc3,2010-12-04 23:41:30 -0800
0adaae171da2240998f028c3691b5d13581da948,2010-12-04 23:04:48 -0800
1bda968b226402a47dffb14a8f92207c7a15f8b8,2010-12-04 23:02:32 -0800
ff9e1664a6c8527a46450fa529aaae0c749459d4,2010-12-04 20:47:34 -0800
a8d9d4f256395cdc292f0b9b5b31ab60266c4cce,2010-12-04 18:33:10 -0800
ea9cac4ade1670c87b365885aae73d4a9ab4784a,2010-12-04 16:33:48 -0800
705c5cfc8ab2e4e4298543d22df587af53f74156,2010-12-04 15:39:34 -0800
64e9134907344e267c2d85fce9e983bd23921348,2010-12-04 15:30:10 -0800
905e2ec1691857d5f9f73353bb00a13d6d4d6484,2010-12-03 01:01:45 -0800
4e89b1696abcce5bc00dc746598f8c1d37159dd6,2010-11-28 21:33:44 -0800
239c041659cc3cd6a8160cd27b028878e5557799,2010-11-27 15:31:59 -0800
5339fdf350253a6e61115b1dc209728b026c39c8,2010-11-27 15:31:12 -0800
90669232981c4c9ddb974be6ff85b607acf25144,2010-11-26 19:15:47 -0800
e353bb14c9e844dc19a377a7a81aedd607f861ea,2010-11-26 17:05:10 -0800
efe1b57f0cb271c2c637426cd75dbf3866e84fa1,2010-11-26 17:02:28 -0800
de219b6773a0c29345634f730373df99d1780378,2010-11-26 16:55:58 -0800
fc2c888300ff48832176cbd914990d1b6cdb6769,2010-11-25 21:53:09 -0800
2bbf8b375239cd84eb127a53eb3b125021a1309a,2010-11-25 21:01:34 -0800
b2d49c9d212d88fbb13a324e8e1b2dfb4abf47bd,2010-11-25 20:25:19 -0800
e392fb59b6bbe71f2527993d2ce48fc19f7b608a,2010-11-25 19:05:15 -0800
bb1ed2172a5cd1cab545be0d481fa99b31caf522,2010-11-25 17:19:11 -0800
7e0429a6aa68cbfa557179d2685ac196677eac3f,2010-11-25 17:04:11 -0800
6c2616079dfe367a959f569c8b58ce2f5711cf0c,2010-11-25 16:26:07 -0800
14a5135f8801523e3ab0baa10a47ba5e2d070a41,2010-10-05 21:55:54 +0000
22ac2a601d2b676e42d06bae1e0d2dd7ac6bc1d8,2010-10-02 13:28:49 -0700
337cd351f07a528bcfa5071ce2e4d35f1b0021b0,2010-10-02 13:26:51 -0700
8a00f611c5de9a64707e7a99f0bd0a89659831a0,2010-10-02 17:12:04 +0000
1b07316b0ea8a98ee6512180d50f0c564635b453,2010-10-02 08:34:48 +0000
f94ea16b1f3ca0ba920d067b362053436642ca61,2010-09-28 22:21:04 -0700
f544b4859c466e8a1acfb297bf87d387c4de51c1,2010-09-29 02:01:28 +0000
e584ccebea430c7524edd962574ad1cdbeda29f2,2010-09-26 00:42:55 -0700
5325c3d547b11cca9efec948479f65a53807bfcb,2010-09-25 21:40:16 -0700
61c4df9545e4a7cce906762a7fbc67a9155548bb,2010-09-25 16:04:06 -0700
3035408f352e74cf28535140f1cf3307427417aa,2010-09-24 23:33:27 -0700
570225b5cec5c7a06a5e75ba1584489d1406b7c6,2010-09-24 22:55:30 -0700
d0b3507e13bebc843110c4c65d4244805e977078,2010-09-24 22:53:44 -0700
6f5d8ff27b70baa1acf4338d29d09db4f2684beb,2010-09-24 21:10:01 -0700
7bf2079edae4312d7b9d193f6ace39db3aed7b88,2010-09-24 20:51:24 -0700
b90cf8f07cd3a47ba13e91670602174a84a11f1c,2010-09-24 03:21:10 -0700
329981ed403994fda90406cc5c16e8b21b23034d,2010-09-24 03:06:14 -0700
b3c1017b8e90ee6d5c612e2cc5c6af05759d6f64,2010-09-24 03:00:09 -0700
a1440075d01047bbf966932e46795b39c5e2fbcd,2010-09-24 02:42:29 -0700
bf5a56ba5e342ec5936b677b671ff6dbea6f7fe0,2010-09-24 01:42:43 +0000
ac87662c338e109b67ecab0acff499aeec09937a,2010-09-23 17:58:05 +0000
8f3e6a7340fbe1f1bbde2319270cf1a1ab6967ff,2010-09-23 09:57:53 +0000
7bbc9b5ae56f1766b1608d5d2329abcf9ed94d6e,2010-09-23 09:54:17 +0000
520d4cb78934db2379b7a47082e0dba9235c2eff,2010-09-22 18:16:39 +0000
b6e7e8038ef557c99e0c93afd31074f10b65e5ea,2010-09-22 00:15:41 -0700
df066bcfb8335f0f119ce25c37dde36c57d941f5,2010-09-22 00:09:24 -0700
0fdcfab8257e046a8c17b221ad408cf32fb14283,2010-09-21 18:23:22 -0700
bf9a5d6cceabb837ad9d6cb72dc7392ca021741f,2010-09-21 18:22:43 -0700
d08c863e80c6abc3424fe32cd75773067ff142f7,2010-09-21 18:12:42 -0700
3c959121116be54c2357a0836a661fd04034941b,2010-09-21 17:59:08 -0700
c159b2909cd358e56c3be276fced18d1744a19c0,2010-09-21 17:45:40 -0700
672cd5d3f92e3f23f70646ed78091802c2f4a87a,2010-09-21 23:39:41 +0000
3444d7b8e675dc3e56e7c3c64b46614835416510,2010-09-21 23:04:41 +0000
7028ca9e3fc58eef39dfb64555e88080dc2c44ec,2010-09-21 23:02:09 +0000
95884b28fc5724514fb151e8f98bbe1dc91f7bec,2010-09-21 22:45:15 +0000
653548be4a6ccace56d4d22b303dd84f775249a7,2010-09-21 22:39:18 +0000
a8615a00a0bacd932e205d7055aad5fef4c8a22a,2010-09-21 22:28:26 +0000
65fefd535749bde011ff889124a0f2e4fe925485,2010-09-21 22:23:58 +0000
c4ff32d6a436c146fca5f781c3efed82187e3a14,2010-09-21 22:16:19 +0000
50355ab3538ec83ae3cbad32a6065a18a08a8f04,2010-09-21 19:58:13 +0000
81cb2d60a3b2a1af76e5f23a87cdf5dc2c6b024d,2010-09-21 19:48:03 +0000
15cc6278faedd143fbd7b59c5464047e917c3fac,2010-09-20 22:09:32 -0700
c1e7f19feb36b022bed2d8cda53a75b073dc3827,2010-09-20 18:13:42 -0700
79fabff39d3f6628956e55179cc36265e84770af,2010-09-20 18:13:32 -0700
ba0aa9457113658f14002d8c09964e38ea562a65,2010-09-20 21:20:10 +0000
72277b50aa80817a505c67422eeb7b7b75b129e7,2010-09-19 18:35:25 -0700
f17a35aa7b78cfa4a4bb3ca7c9893a4092bcba8a,2010-09-19 18:23:36 -0700
f11fddaaa15f7b803bcc54f95e0ac15e22c1ec31,2010-09-19 01:19:58 -0700
e709beb144978933c743dd7e0363cc08f5c3d7a7,2010-09-18 23:56:48 -0700
7cc239b940f8e32839299bd24ff807f6f430fdfb,2010-09-18 23:22:41 -0700
b72469e0da6d82b4bc1af8f90e333d928cadba64,2010-09-18 13:04:24 -0700
26d1cba7cb00602e7a9e950caa647933019b1caf,2010-09-18 12:39:57 -0700
709911059e22ca15f0fa6d3c17448bef8864f1c7,2010-09-18 11:58:16 -0700
c7b44d9daf08c6f79e13c309512a16fe85603e78,2010-09-18 11:25:00 -0700
49131fae1bf709beb20391f632d4cc0158034c2e,2010-09-18 02:11:51 -0700
16d335aa1926ab357c660eace256d85827be28bf,2010-09-18 00:21:49 -0700
96b94f60e96df12bed0d3be0e6b60884374992d6,2010-09-17 23:31:49 -0700
6f0d162953b81492d21987387d16d320d3739007,2010-09-17 23:31:13 -0700
0fa7530fd5353bc8c561f2babf6ca00ecda9d470,2010-09-17 22:26:28 -0700
60d78e22c7965057be51a108608cdaa9c584ce9b,2010-09-17 22:05:23 -0700
0630e69668a5f6e8bbaeeea1d032bbde18f15532,2010-09-16 21:25:45 -0700
521f0c44b5bb10215b56f53899f25ed805e1334a,2010-09-16 21:17:22 -0700
6dca902d562c4f88ce8bd07ef42561c4e201d495,2010-09-16 21:53:15 +0000
a0e4da84efc01e4d0dd26b496279c3c907b19d41,2010-09-16 20:55:39 +0000
747eb7ce3255759ac547ac7bb0fcf121c8ddae68,2010-09-15 23:44:09 -0700
1378234d04cd51b33e25cae8f198f4bcfb2184cc,2010-09-15 23:43:14 -0700
2c0219c03b2937a36651d8a91dac5948e8de7701,2010-09-15 01:18:00 -0700
96fff8b3de4d6e93908e095528a2cce602bd7034,2010-09-13 01:49:46 -0700
5b85320637737457367011d018bba797ef99e2f3,2010-09-13 01:48:53 -0700
5b66e05f8df4fe82042fda41e261a6f84fdbeeeb,2010-09-13 01:14:08 -0700
69612b3f5db16a8a369c473d2f6da83e2f60e8b7,2010-09-12 14:53:47 -0700
279266a67d8a07e4ff22eabde4b628d0ae3cba44,2010-09-12 01:06:07 -0700
dcf06dc4e230f12af31ec510f69d0d6ed3f63ace,2010-09-12 00:39:01 -0700
e1a63786070cbf7ee9674e128a335366a5ed154a,2010-09-11 14:53:28 -0700
72ba6fcaa0b3d1c05a3cc2afc63f11993917fa88,2010-09-11 02:50:21 -0700
75d4e7193e47f2b6c0c725d6fc8ffacef1e70c4a,2010-09-11 08:30:14 +0000
e05a2e5f79d98143332676c83d6739f015f7f4dd,2010-09-11 01:02:15 -0700
a1124923f260aa79aea5efec526c765c495735b5,2010-09-09 00:03:16 -0700
072e90a2accb2a10c3315bd6640496403a83fd3c,2010-09-08 16:57:55 +0000
a804c582f7bc7ec5acb03296c86ec61220d6a656,2010-09-08 16:37:27 +0000
71aef3f1817f4c3311a4b1f02843d95dbd318b3e,2010-09-08 02:05:22 -0700
23ddb964b9f36d2750b7bbeb33b610cb0083792e,2010-09-08 01:43:34 -0700
af0b4d933d833e09e4e0e7860ecf423b2fb11b6a,2010-09-07 23:49:19 -0700
5b1f538f10faa2b2a1b209e5ab06c44c030f4489,2010-09-07 23:33:03 -0700
5bcea85d81d9052c8ca0648c663b93ececfb9a5d,2010-09-07 23:32:38 -0700
8f4d722a9c762621e8a4579dda86e6dd633855b9,2010-09-07 23:32:28 -0700
9dd15c2cfaee4ffa94ece909f7f3a13abd17824a,2010-09-07 22:48:33 -0700
32af91c4292fe9cc1fa8367e31245e147ad8e2d3,2010-09-07 21:34:52 -0700
a70a5bad395b9c42e4e75bb37783fb5a334442a7,2010-09-07 21:21:03 -0700
51f71d40ba02467691bb98e2c91f714ad6f8bcfe,2010-09-07 20:23:46 -0700
a8fac571592b9405da010989d0416358f9c822c2,2010-09-07 00:15:36 -0700
8bd6d947d7e2e8c95b69d3c6011a86d084e4686c,2010-09-06 23:23:17 -0700
5a5be1951823652b9fd7f844f32de87dde7099a0,2010-09-06 22:57:53 -0700
9eb796bf94c59b5092d87f24fdad9f5a62b0599f,2010-09-06 20:17:41 -0700
2bf6651fb32bc5a6e5ef0524f2eb987f31a3828a,2010-09-06 19:47:55 -0700
e1e0045085ad8e73ee640b18c58494591a284a18,2010-09-06 19:46:03 -0700
ffa1c171fa08a9a3f3146bf875e48ca786caa1b6,2010-09-06 18:54:14 -0700
a308648ef70f2b25bf8ec8d73ff1c8a8478c5251,2010-09-06 18:52:40 -0700
940b2b99faf6eb5fb7b03a218f16b81d34c9f286,2010-09-06 18:40:53 -0700
15a84adf5983fe5b5426885ae8e87ef8062897ba,2010-09-06 17:07:05 -0700
106df930d6b32242123bd82235ee714da3ad641d,2010-09-06 16:55:58 -0700
f20fa375ad712c22cd1615d8a87cc2d2f275a912,2010-09-06 16:44:31 -0700
e77c76915a28eaa10f2ceaec656a163d96ab248f,2010-09-06 16:39:03 -0700
bf8abcd40eb2f2c8401c9de2999425395b4c6315,2010-09-06 16:17:03 -0700
df72c91b302c09645435632b3da374c471d377d4,2010-09-06 13:41:11 -0700
2a2eb6ae3975033cf88e6286d388c6d81f8952e4,2010-09-06 01:57:54 -0700
776445013da948b102c941c2db3050293e880dc7,2010-09-06 01:04:10 -0700
cbe9ca43c4b6e96a48764be526bfd574b27fa8e5,2010-09-06 00:12:35 -0700
0761da0cbee611d98f81491b6ade0493a2a83a4a,2010-09-05 23:49:48 -0700
82cf348d951f13d27178c32010d05a14d626e70f,2010-09-05 14:47:42 -0700
be395f197b9167c8eb40968600ed9cd79179995b,2010-09-05 14:21:18 -0700
f8c954c83b8e03616af858220cff9636756c8adb,2010-09-05 14:08:55 -0700
0b01aa05c564ed908ba1f13085c7a130326d3130,2010-09-05 13:53:19 -0700
b545688222f128cfb83cc997cf7058c71f5c59ea,2010-09-05 13:31:18 -0700
a9af7057e70835755aa105b82b0b4dd8c8dd3033,2010-09-05 13:27:30 -0700
2bc18b630f28909e0736264861db12473bfdfd72,2010-09-05 13:02:57 -0700
a87ba2b76b2669cda7fcd60c5fd0d9a81d7bba73,2010-09-05 01:34:01 -0700
6e253d8680cce24552e329caf59128a91c3e2c26,2010-09-05 00:05:45 -0700
2523a39df6a3fbb081c7f4f2522f5f8a0da57f41,2010-09-04 23:21:52 -0700
c048537232bbf4f37323bdd61bf067e853b5b05b,2010-09-04 22:55:10 -0700
7ee970c88a16b55b6228e6597cc004fb2ebac0d9,2010-08-31 22:53:20 +0000
f51e92b07f3064568a8055c5a7853048b850e14a,2010-07-02 14:52:40 -0700
5c44165dd08b1d60706dfef16254d4040144f284,2010-07-02 14:44:26 -0700
429c01c7025df8e87e5a94dd258303cf315f4717,2010-07-02 09:39:28 -0700
d0ac92ddef741851d02c6bbeefbfb7f56664c4a9,2010-07-02 09:38:37 -0700
d4e933ac0bcbd14d7b727e04b80e3d44dfe75e13,2010-07-02 09:37:06 -0700
54bff43e56b7e28e6e4314259f295897705b489f,2010-07-01 21:53:13 -0700
efbd26c9ea85ec80cbbb467fd97d0e8100de58da,2010-07-01 01:30:49 -0700
1a0073754796b8cc5bd4c22fcf31320cd9f4787d,2010-07-01 01:30:32 -0700
b35d9cda320f19bacd749a68b95797c6f54d53ec,2010-07-01 01:25:04 -0700
73cead967952e8d5e7a8c8662ed56b444f3bbfd4,2010-07-01 00:15:08 -0700
33a64528181da0f0b46b82dc1b2318f153fc7ea8,2010-06-29 15:08:38 -0700
19c25c2010943a5547621ffa468c280b7f5da87c,2010-06-28 20:12:53 -0700
7615356c4b84d4affd21d99ca5550ac2748464c5,2010-06-25 23:55:36 -0700
d574bfa796392970c2866363723028da536f625a,2010-06-25 23:53:35 -0700
4f1a29b0603f802f4c8e9b1a83b42142983f7be2,2010-06-25 23:49:16 -0700
d0c992fec73c5684a2e22fb1767f860902d0f58e,2010-06-25 23:48:43 -0700
7c650cd87b307c12c9cd11102848320184bd0fc8,2010-06-25 08:13:19 -0700
267c004c330d447eaf8f6deffc3690f446133d06,2010-06-25 08:12:59 -0700
1c6b898f514ebf02b0ebe82052c9cf0c885f2b45,2010-06-25 00:51:45 -0700
bd59b9b8def2310ff2fc90a56167474fe3166576,2010-06-25 00:47:06 -0700
b4ec9d3ab40fc0e711c12038728f4767be2381df,2010-06-25 00:33:08 -0700
