commit,date
b621659dbffc4e7826d618f0f0359c0a6e597b97,2021-05-26 08:06:07 -0700
38bb194256023de5e5b6a8e63991e21d691ec1c8,2020-11-09 09:15:26 -0800
8eb98d93943ccaa9943af10ba35e2762d3818bfc,2020-07-16 13:47:24 -0700
1d90218e15c19f22ae0f025ddbe003ba13f6fc13,2020-07-15 20:08:14 -0700
677a5348b04a9774b6b2bd295a7d617dc3c401c0,2020-06-22 06:54:52 -0700
0715691b64b5ab887c14a20db880537f8240da0a,2020-06-12 15:51:22 +0900
66baaad3161d2ad9cf296893cac2d1d0d05f9f93,2020-05-22 08:51:48 -0700
6cfa54086b622906969c3f57b0c429d4e27d0eb8,2020-05-21 18:20:55 -0700
067e1627c48d326a352f83cac871af8edc129f6d,2020-05-07 15:05:10 -0700
49f5bc63cddebc55c9bf3eca136fd156dc2273cf,2020-02-18 14:39:15 +0900
91a587a4f99532204f5d0afe18702056d374b45f,2019-10-04 14:52:57 -0700
e2c47121cde21108a602c560cf76565a40d0e916,2019-04-23 13:32:22 -0700
abc122a37d1478530967add245e63e13bf148b9a,2019-01-29 14:55:37 -0800
17b344c2935ac0ab259365d2e51409fc65789d41,2018-10-12 10:36:41 -0700
549401500b6a5562f81835ae2bd35219594cd9e8,2018-10-09 14:32:17 -0700
e30060ddd091e8306a0d5d14deb109f0b75449c3,2018-08-03 18:34:55 -0700
5d9165f0b4249f53cf578bdaaffca1a9191d6ce0,2018-08-03 18:14:26 -0700
58cd6946ff9c302ff06699d4086670921afe2140,2018-07-09 15:08:50 -0700
c4f934f044fdacb3845ce3a083e940249d6de693,2018-07-06 16:59:37 -0700
f98f20bb67290e74e8f6ccd57aef539f673237d3,2018-06-27 12:37:17 -0700
52881d2ccbf166d9b8d93c724ddcccd301f82c24,2018-06-22 14:49:51 -0700
2e8b79d489588d41cb97ef8e396ac029a8e50fff,2018-06-20 14:42:10 -0700
396fd82503a2f8205a0c1d5cb742ce17bee1ad51,2018-06-20 14:20:38 -0700
d20e391cd9ff0ed522c91ceda0892341e5d596a0,2018-06-20 13:08:15 -0700
b96c04526cc9f4ad7554c8aed118799bc644244a,2018-06-19 10:57:30 -0700
51e779b3cabf5cba65324dd6732f04c69b377f18,2018-06-16 06:24:14 +0900
28f15f60801e922464d46dea689921727096b189,2018-06-14 13:33:48 -0700
db7bdf64767c11502abf76275341705e69d882e2,2018-06-12 13:35:56 +0900
7e1ec477a04fb52d6c59bc94af69b507a155876f,2018-05-30 07:38:52 -0700
fafc236bc6cb0ea2732e43ad36e6cef34fb49044,2018-05-30 07:16:12 -0700
79941915f431c35675e93fe0b95f7ddb7f8b398b,2018-05-18 16:23:14 +0900
5ed56eba3b0b438dc0fdf10a37a58fcfdeb81223,2018-04-30 11:09:13 -0700
35df8205febfb565f73e3cf502639d9d17731acd,2018-04-29 16:18:31 -0700
c0ddb8d3f1042ba92c4170b675ddd02a7525c082,2018-04-29 16:15:00 -0700
49255b0d93d0483adf3ddb8b819512a9edbc97ca,2018-04-27 14:40:23 -0700
4784959c080dd9e1145569b40dee098d504f9bf1,2018-04-27 14:37:00 -0700
24bfea49dbf5c956033c214bddcb6c8ff5cd2a57,2018-04-26 15:48:10 -0700
8d0bad248c5421d1d906ce5fc67b0863817c70b0,2018-04-25 15:50:23 -0700
aa30e7fec2f4d771dc48bd87048333fa2f4b0b16,2018-04-25 13:26:47 -0700
8dc333136811f22eaac943da8d1d69b6bedcada0,2018-04-25 13:17:38 -0700
c93e1219c0783371b5e31e00d4c0d812c8f3d98a,2018-04-24 17:52:02 -0700
7343e62c408dede8c46d2e72b4c58dda785e24b0,2018-04-23 14:35:16 -0700
30abddb5423f08965cea7e4e66c88e99ec9cdbdd,2018-04-20 15:36:45 -0700
fed6fb77050b58cc8429adb010bffb9e2b0a23e8,2018-04-10 10:44:09 -0700
8c6a6535d5da40fa94fe77dd4a3c81be8e09071b,2018-03-28 15:29:34 -0700
561a336f2f0dda8f4a67a96179750a76167b038f,2018-03-28 12:04:55 -0700
7924188ca18d3af5d859aa020ed2b4448b7c0ae3,2018-03-26 19:56:11 -0700
c5196182dbd29b460080beab39961b73cad2bd70,2018-03-16 18:28:54 -0700
0f7a1cf797dbac75354a7783a3626739a1f9fec6,2018-03-14 17:26:30 +0000
b759764c7b67afd6cd37044029901ec8a9adba72,2018-02-21 13:01:53 -0800
baa5be82b349ff94113f1b9ff51af2cce53ff097,2018-02-14 13:51:09 -0800
0348e54ec13bd8f267670167af55b8f6797b24bd,2018-02-12 12:57:17 -0800
d459549354a144c94152c8b7ffc323ea186f01fb,2018-02-05 19:55:06 -0800
e43019f40d31341818e921c6180e6fd53e5f3df1,2018-01-27 17:03:09 -0800
227ce1d4b92b70d5f142d05f37c1ce34ac8c3985,2018-01-04 18:16:36 -0800
b0b9cb1dd5048da7429cf2fd3143de7a6ebdea75,2018-01-04 11:48:39 -0800
8c1fbf1fe8beaf0fc7bda975c36fffcb97c2ffb4,2017-12-12 14:17:08 -0800
8d5f861ec4071252181f5707f007d71e4e132724,2017-11-30 14:03:05 -0800
4296e20f24baded5143f1f53c29b2deb2f5e90a0,2017-11-16 17:35:29 -0800
cc1073f6c008da08d0580d2b0c15febe95515b47,2017-11-16 16:43:09 -0800
821ef2a2206b4b615d0289b655d57c259196b653,2017-11-14 10:12:00 -0800
aeb730aa3b27cee4815093e1961aad0c5a425462,2017-11-12 19:53:29 +0900
3b89926a2498790b7056555acd098f42ac5d68a9,2017-11-09 18:12:57 -0800
3d571e6a4bd85d095cca5bd2f903c2acf67a5f4f,2017-11-07 18:16:25 -0800
e36ee921d77ca6b88512ad1b8f3a1ad9752ed939,2017-11-03 18:54:46 -0700
7b81827ff0f00ccf86dcd938c8fbaadaf6bc084a,2017-11-03 18:40:20 +0000
7a2aa5cc6e2f6133976c60f00b6146c383c3d1ab,2017-11-03 11:07:24 -0700
fece629495a8a4946136577658d3d81356166354,2017-11-02 18:05:44 -0700
bee789a75daf5db55205e75a466de140e770749d,2017-11-03 00:25:54 +0000
94af38d363b5c8ea4fef0d920082113523442b8a,2017-11-02 23:16:44 +0000
eb522e923453ae7c7a42f3be8884e66a6e5cc3ce,2017-11-01 19:31:59 -0700
49fbac27548793f4a036b1aa461d1e7cb3c1d33b,2017-11-01 13:37:16 -0700
af6c39a214321f7c1969baf694641af3ee9ce828,2017-11-01 12:06:55 -0700
e90ffbee09919aa6cfadc999cc82843b331e2445,2017-10-29 08:52:33 -0700
48e65c0dcb52a47774dbb09300c0a142becf52d5,2017-10-25 20:38:33 -0700
daf33d56ca5937f49392bb1e950ab6456a81983a,2017-10-25 15:29:33 -0700
e147293f2f6635171851aaabbd220e11d7465642,2017-10-25 15:07:31 -0700
72ecec743598d0dd74d37d465c72a3eb7c050955,2017-10-24 15:55:33 -0700
51b76fc72899ce5fdfe0327fea02b4860ab5ba31,2017-10-24 10:17:48 -0700
f6a0e452cb4c9c2eaabaabce19f892e197bfdf8b,2017-10-24 13:34:39 +0000
f8a8357518b3a25a6ac8c6ba9031e615696ff326,2017-10-24 04:56:17 +0000
49157eeda190f073b6629f04323e1da75261ea99,2017-10-24 02:32:40 +0000
0314e61a5829b1f3a8c15e34821043c2139367fd,2017-10-24 01:23:19 +0000
b6c9a93c4496f9bdbe2ce7dde6fb89d60bae82d3,2017-10-23 21:06:41 +0000
a431a8c3f81635368556750283085584afcaa06b,2017-10-22 20:09:45 -0700
0a48ea9e6831ea83b19c3ce1ab27fd2b89d2a495,2017-10-19 19:13:41 -0700
3a3e1e2bb802ea8ffc0f6edbb1d9668e942b531e,2017-10-19 03:10:15 +0000
987240cb7c36befdda1b168c51231002de41c24d,2017-10-18 13:25:01 -0700
e18b5d36ad714a877e2806f1c48f56401d6132da,2017-10-17 15:34:42 -0700
35dc55eb65a2817debc77d018ef5618107c0ab5e,2017-10-14 21:22:45 -0700
3483e3d25a108934f118961dcf335410090b2d4b,2017-10-13 20:57:17 +0000
ffaf906555a9148e478211fb57a91ee2a2de9210,2017-10-12 09:50:38 +0200
3d1411d7dfcd959025cdfef2e7e1fb60dad050de,2017-10-10 18:59:21 +0200
23d9b960a533c7cd2986fe086142cbd437a5a9e5,2017-10-10 15:14:57 +0200
85bae60ab0b988b143ddd49f8f4295475ebdf49c,2017-09-25 12:14:48 -0700
9fb6cc41ad06c660c1be8bbcf38349e01e6c41f5,2017-09-20 13:05:32 -0700
c0477f512f654d366fb9026c7abd6fee101a0e9b,2017-09-18 17:54:04 -0700
21029140a4e20d16115f74b83aee77d2a7408737,2017-09-12 18:31:40 -0700
07f8e023e1243de29eb6fe0ed76bb784d486ab36,2017-09-12 15:42:49 -0700
4d0485a48af5c1004a0e5362ba680b43f304d3ee,2017-09-12 12:19:29 -0700
6489d43d00722c8406353772fccd18fbee30479d,2017-09-08 16:00:04 -0700
e0634a48d501c7cde124e90cc0e54573fdbfa89a,2017-09-02 22:49:53 +0900
b8cecb612feaa96a86c031df0b6f6f7306f215b2,2017-09-01 18:37:35 +0900
365f36ab2e93a4ef09a09a15f419c6b16e82eaa7,2017-09-01 12:07:45 +0900
d8cb35e49b49cf2fc781def2d180b6da26a24420,2017-08-31 13:20:07 -0700
4d1b80e107da81510ec15e9ca72569fc6cbbac72,2017-08-30 15:49:51 -0700
d609c002c38032f55c915c72434ae1443604461b,2017-08-28 13:50:08 -0700
9937c7519257a7034568938adbddfa3ebb98697b,2017-08-28 09:22:17 -0700
8be63d23025427a50cdbb551e16401ec308ba180,2017-08-24 08:57:52 -0700
c3b350fa1eb414eef43e290bba0541ad12e6ab00,2017-08-17 22:00:11 +0900
ac49176e14cdea95b48459c83cebd6b983687dfa,2017-08-16 10:39:15 -0700
0540bf23b79cd445ebd3bc2bf89a3acb5b8ddfc2,2017-08-15 10:59:16 +0900
47593a77059e082b1e094af3b6811473cb5ac628,2017-08-09 18:23:03 -0700
721f8ca48b0e5fe0485142c0f04e56046c8b9a38,2017-08-09 15:05:29 -0700
46911db2a5fb3aec7990db6d07491a71e9cf59e7,2017-08-09 07:38:55 -0700
18c24b1c760ef9afc1ea45d4c54cce8e97f3b29f,2017-08-08 19:17:17 -0700
2d024692645abc9e463d1ad9afd8fcc7b6293ca1,2017-08-08 10:25:54 -0700
b37cc1f0a34b52ea30a627e3cc6914a118006e16,2017-08-08 07:53:59 -0700
93ef5013d6b02c5294591619d22a51efdcd07221,2017-08-08 01:14:48 +0000
19ed1a120854015f90370a819006510c8a3419dd,2017-08-07 15:58:20 -0700
b702289852e32a0e9d7876dc067934f7700a1a2f,2017-08-07 15:31:57 -0700
23d978d895c5318ad9d5732b2634c3eec026483d,2017-08-07 15:05:54 -0700
55f11db0d9b882531a41c80e9ebb0891f0d6ca6c,2017-08-07 15:04:59 -0700
0b45b14acf98d3c28b330a41c7eb9e6921bf7a08,2017-08-07 14:59:28 -0700
1312c8db589d2499401a65a9c9e9480fb659fab1,2017-08-07 21:49:01 +0000
0d7094717a47495570a7cf2e35705669fba9cef7,2017-08-07 09:13:59 -0700
515e6ee9bffffd1194b01e02224025bf6d7202f6,2017-08-07 09:09:56 -0700
1ec1119f4d238fd951b374bbb5569a48b2cc7509,2017-08-04 15:42:38 -0700
9aaa65ec68c5b2eae76d46b1a3f3a78d567b7868,2017-08-02 16:18:40 -0700
bd617bd4f9830454c876dabe4b74c93706bd4d0e,2017-07-28 08:42:22 -0700
299126dd859c6262894251a8243987e35d3c469a,2017-07-26 16:53:09 -0700
6e927b1cc20e788a9eb34d052dc6ff1e32c2d19d,2017-07-25 20:40:43 -0700
6a087780e3a72af6648f9af0ed6641b3229e063a,2017-07-24 21:24:18 -0700
33a96c17d225f149762f654b4bc4904529da0880,2017-07-24 17:36:08 -0700
184e4d9541da9016a1ed08a4fb084bbba02de984,2017-07-22 01:44:34 +0000
5abb8b13a462adff9b8fb1d93d669610857b03b8,2017-07-21 10:01:32 -0700
564b880665f27c4330530867837b159829300c06,2017-07-20 14:55:14 -0700
2b42c504afb152b60303ac070f6a5de1e927733d,2017-07-19 18:50:25 -0700
643fe9b21c6adc14dee3abf1fdaa0640c30941d4,2017-07-18 19:47:39 -0700
efaee7311b1f186e47b6f7bd551eb5d9fd7c3508,2017-07-18 06:51:48 -0700
2012a48f1f18fff660fd446fc4b78ca6396c4f17,2017-07-14 15:28:40 -0700
7a417393cdade1d73427d4d2e124f7d3c19b9c49,2017-07-13 19:38:35 -0700
41e4be2550b5a4954cf38641210ba524d2cbbd17,2017-07-11 21:30:26 -0700
47568d78c22a76bbbf85d0e3467e062ee9e46ac5,2017-07-10 16:45:56 -0700
7f8793952b9cd5bedc8c581900c8508d7dc58404,2017-07-10 16:21:18 -0700
b0efd4428b6b0af68809d8073e41aec311cc2e48,2017-07-10 13:15:09 -0700
70ca4d92c118accf51bb73c69d94cf8a8878a614,2017-06-27 18:55:00 -0700
ed40479e1c7a7c3a38bbcb583d48bcd1255acf6a,2017-06-27 20:55:54 +0000
2f8c76b818b6289ca3d1f52718196070d3ab181d,2017-06-09 16:09:21 -0700
c5cd0853c65577c96b0118050b55eeaf6d4d45be,2017-06-08 13:49:49 -0700
4811a5d7920d2e964031de980ebf30ad6f74e93d,2017-06-05 09:44:17 -0700
9b2bcb5bcde3bc0418ce9ff8ffa47b24eeb9f47f,2017-05-20 13:30:47 -0700
7bd1ae9070a8916761bb4c79b030a6fdb817f284,2017-05-18 22:22:28 +0000
687e02ab3573f140f6d37d6c4a50344b2c0b54cb,2017-05-17 14:25:56 -0700
4729037be79fc7d5f2f02194cda433497022798c,2017-05-17 09:06:27 -0700
c4710a88616ef5b059a2a730a80655bc29d3685c,2017-05-17 08:07:31 -0700
b90a3f690e859fa23319abe33fdbc259007fa393,2017-05-11 19:39:00 -0700
39adc451b9799f3441000a7cb37764b1f66d5375,2017-05-11 17:52:31 -0700
49c1414d6ee4ee7dc803ff729388371bd55bfdb9,2017-05-05 18:32:32 -0700
4551b471eae9307769ca2babe0c41255a7edb47f,2017-05-04 13:48:59 -0700
2ce19a571df020a9f2114d33bb9be92df5cc7ca1,2017-05-03 15:14:24 -0700
5e7d99be321976ee3c02dc55a146a5e1420b7227,2017-05-03 13:16:41 -0700
3531944f11cc115b105a6bec4268713766425034,2017-04-27 23:32:03 +0000
fd4f6d047581f6d7e56765eac8906c41d97efbe3,2017-04-27 13:43:29 -0700
fa81f9e5129f0b3f646bcd58bf123a1e08c878cb,2017-04-27 13:33:01 -0700
0434969aa0cb5d942370a284aa28f43026cd86fe,2017-04-20 08:39:48 -0700
326ad9ab7394c98e682a4a9075f78d0a4c665746,2017-04-19 15:50:10 -0700
d426e2b8bcb42ba2bd22a8ca112041ab9fd2a7b1,2017-04-19 09:07:32 -0700
3e9afba8b9074f0b7b68215c0ecd9777bae7cd28,2017-04-17 20:21:31 -0700
c5322db90db7430455c70623b6cfe063a2ae6603,2017-04-17 14:53:04 -0700
e6c23d53f6ee3922d9e28167decacb1189184b3d,2017-04-17 14:42:26 -0700
4e2e09c4fbece40ea6364ceb3fd8823552efbe3e,2017-04-13 10:18:53 -0700
affd9735d7cd63c8576b89dc119ef1c1f61b053a,2017-04-12 17:19:44 -0700
267140543782487269f9f5fdb54317f536bd7a91,2017-04-11 10:23:41 -0700
9349e99b5ce9f085610a0cdb46d3f0d7028e1540,2017-04-06 20:38:36 -0700
9c3fd46cc799bc443251cad2bef454bcda036d57,2017-04-06 15:57:00 -0700
41de6d4dc8715548bb93090f48085147dfacee65,2017-04-04 08:53:41 -0700
d3503ec1a98385269c5e243a719e21dc32dde61d,2017-04-01 13:55:52 +0900
10678052ca227b23e3b5c15f8613aed0dd3d59b2,2017-03-31 10:10:17 -0700
8657733fd20d370eb83aaba0d49f9c01e04d4112,2017-03-29 12:17:02 -0700
ca1a9e2129263086095b84e52bad8affba09fa92,2017-03-29 10:58:03 -0700
b4c379c0c67f5d04ce5b1ff563a5a57952d38485,2017-03-29 10:05:48 -0700
96725fa7719d4c1bd020c1a6acdffee735af6479,2017-03-24 13:46:58 -0700
a21aa3c0317b933387ca73e721e313e23bbb25c6,2017-03-24 09:45:40 +0900
3df726738abe66fea090fdce198d8bc445c4c8cb,2017-03-23 15:07:01 +0900
7e0f408c2120f1b67524cf86a3dc8ddef7b4cefb,2017-03-22 10:15:46 -0700
0147a893261dff1ec99609b0a94364567e0dc921,2017-03-22 08:58:43 -0700
636af6afae00825959adb730e8b4e102e491eca6,2017-03-21 18:21:26 -0700
11201cbdc5bdf588d0f8f3804d33a52dd0f160da,2017-03-21 12:51:26 -0700
3cca118468d0974c623ecccc920395edc0580a3f,2017-03-21 12:45:18 -0700
e851c4614b518bc9e7f690677f6dbde4f0741e98,2017-03-20 21:57:30 -0700
9fdaed2161bd1c9ec60acb0822028e410b0ed966,2017-03-20 21:20:12 -0700
9a9715f91ccce3910986ef2bdbbedf397768ba4d,2017-03-20 20:40:54 -0700
216ecdec0f47fa5414095cfe9366db91dda90b4c,2017-03-20 15:47:58 -0700
bcfafbc341f17abea6a0836435ae240710783a8c,2017-03-09 21:37:35 -0800
9ab622fe44389bc1db37ffe12dccb94188289b66,2017-02-24 19:13:06 -0800
58e7c67b4ec6b3f8d235f7eed60feeffba9503e3,2017-02-22 18:01:28 -0800
f236c7a818feaa97fb5a911e3909406022983939,2017-02-16 15:51:38 -0800
0d803909a49f13a854d7a0bb1f2095cda75844ad,2017-02-16 10:43:25 -0800
2332f40be9f3a848eeef169f8d94ee4323f960bd,2017-02-16 09:17:29 -0800
076b98c9a6112a1d26699d00c4fd4222ec708f3b,2017-02-15 15:01:47 -0800
26f98be43a9ca59e6d4afa8d313e02bff3b34147,2017-02-15 09:25:16 -0800
e554dd37bf8b1e3f769c484f0d760224de4af694,2017-02-09 11:15:40 -0800
944ef73bee63cbd19a25fd65959966ac08861ea2,2017-02-06 15:13:41 -0800
3c7aba279288d1cbf4e9b72a9875e2839ede8a35,2017-02-02 14:53:52 -0800
b8d2bad8643bf3bbbee27bbd20d8799fc2046967,2017-01-30 19:36:47 -0800
b0626ee471b5aa3851267ba41a814e18ce6ef7f2,2017-01-30 14:28:37 -0800
2fd16b5fce2e19c611ce22a79409af353e90763e,2017-01-30 13:50:26 -0800
4550b841db1ddedf6c59aaf93b4dc042ed760162,2017-01-27 17:26:42 -0800
d5e448101c40a8db8f1a4ca8e9f979607941b7b0,2017-01-27 12:40:56 -0800
485242c5781afec1e0cab9d0303efa74133c9542,2017-01-26 15:44:41 -0800
e4a2a075f394c49eb5dc119861ff84c7ba80ebec,2017-01-25 13:04:59 +0900
2142dd7a3ea40690764d4c8a3c914d9775141d0d,2017-01-24 16:35:00 -0800
876722f2f1de3d7edfbe4749557d18d3007f71b4,2017-01-23 15:52:21 +0900
0b23aa14f13c8b7beb102847fc3abc4ed02e2366,2017-01-21 09:45:14 +0900
8d06580670589001f16ca59796643988c6fa4054,2017-01-20 11:26:39 -0800
82a32809c5267c3caa9923a5c3e5d2503b853fc7,2017-01-19 10:00:11 -0800
5f212e179b4221e2234999ba5acb93b1c68b6a6a,2017-01-18 17:03:11 -0800
c48c3f0420626171ffb85d1216da2e718ecf36f7,2017-01-18 10:34:42 -0800
f8e45ff3682d72039ce6bf4f57878fde2d7ab144,2017-01-17 17:59:18 -0800
45f7f17305ccec0cc56b6e1e287e0029954189ec,2017-01-17 16:47:42 -0800
2a4d08d4f61c2b57565676645907ecf2657ed5ea,2017-01-17 16:36:08 -0800
c030e7366675bb44a735b7ffc5cf5fe5940c449d,2017-01-17 15:55:44 -0800
f783554890b1fc1c8ee865a4f706b578f718b411,2017-01-17 14:39:34 -0800
be68df345c7dcb3af4c14a7720b6e385e9ad3837,2017-01-17 11:26:14 -0800
1396fb3dc7a4b9c739e245d260320eb0d3096357,2017-01-13 14:20:15 -0800
0fb3f8d9a885c0431b2a6d01cb69c7ce486149ab,2017-01-13 23:43:30 +0900
8ef1b836109450434391fc788c6fb2db74d51736,2017-01-12 17:40:28 -0800
a1ef9374d95772299796d3bbe1ce1b28d013801a,2017-01-12 13:58:43 -0800
a050b1ca54cbdab47beafe268e3a5a53aa235b1d,2017-01-13 03:11:06 +0900
17840f04c4512682d03df959bf1cd8a995128286,2017-01-13 02:23:07 +0900
a85effcb138319692571c5abed205fdb0ffc434a,2017-01-13 01:27:25 +0900
559f489c64a03a257ede111a3c214071cb685411,2017-01-13 01:21:53 +0900
2da14d264ff01b73ce484f3ba25576dbab313b76,2017-01-13 00:58:20 +0900
9e299c564e6197b34016ceba0faf52a5072c017d,2017-01-12 22:27:56 +0900
8be582f5fbeb53c80a722a1a545ceb82df991e8b,2017-01-12 22:10:23 +0900
6ebeff4441ce3e39cdbeefb6c1bfd9ec0aa80726,2017-01-12 19:18:02 +0900
3b5a60a6cfc02d19af7ff5fdcad94d0bac6d6447,2017-01-10 11:11:27 -0800
433f449dc48a3a43a5466c70e653afa2f0ef249d,2017-01-03 16:26:02 -0800
55e8e3ffbcb199a89df9fee29565fa33dfdb6242,2017-01-03 11:38:42 -0800
abba4735b8a7d3932e1b9482bce3b06019cd4f24,2016-12-20 15:06:01 -0800
415bb9eb3dabf93153a20c462c80eb71b679e342,2016-12-20 14:26:36 -0800
09d56bcfbe2044c62ecb1509df48204f30c8171d,2016-12-19 16:26:11 -0800
92b21364c7234c57b4c4dcfa550078a2e2b82ada,2016-12-19 10:10:23 -0800
6c597f140184471969ce8bac4c96fc41ca8ea36d,2016-12-16 11:36:56 -0800
7adaa97d3ddf4e192ae42fea88f6911a7f747343,2016-12-13 14:39:09 -0800
55cde7d623ae2096248fea58e84ac211a04de2ad,2016-12-12 17:57:57 -0800
765d7f616844ed947549465ce991b9ee71b4c190,2016-12-12 17:17:15 -0800
eb66b2e9d473418b8df9415b26809016c526114a,2016-12-07 15:51:37 -0800
7c04284ede34fe5c51f42c4b84b99c1dde0b9a4b,2016-12-06 11:22:44 -0800
5f6946150b27bde30e7bed246053b58a49f599fb,2016-12-05 17:59:30 -0800
977965c239ec59888c0dae5309d598f00848824c,2016-12-05 13:30:34 -0800
0d78bf8220a012c5d1b83db930ed431cfd521572,2016-12-02 16:33:35 -0800
dd14f091050b9e8f22cff3627a8be686fd91350e,2016-12-02 13:59:23 -0800
c0ddcc9c95b946abb346c1521eb3fc8fee1c22b6,2016-12-02 11:24:40 -0800
cf42937fc7582c9e375d05b7ef3efcc75b348c31,2016-12-02 10:18:36 -0800
1e1fff6f2e2873e39a7338bb1370148ed17a2401,2016-11-30 17:23:22 -0800
9f98435e023c14af8d1fc56d0d41d1448469305c,2016-11-23 21:01:48 -0800
35b48e1eab365ff609a49ee97b0143805d7b61f3,2016-11-23 12:18:46 -0800
729128ef9e8753b3aa795873a5e91347699067f8,2016-11-23 12:10:58 -0800
fd2a746ee7b71a9e95cf784a86fd3d241eaf558b,2016-11-22 16:15:06 -0800
6eb3a89292016bc8325e592de60bf51ce0947d60,2016-11-22 12:46:33 -0800
b0a47f9b707f044a5a496266255826113d29cf61,2016-11-21 14:04:37 -0800
1fd4f2655406b7ce0f9e9b8c0d954d1941e60880,2016-11-21 12:21:54 -0800
4e4e568faa3c3d625433b17bb4d15e0cd7897d7a,2016-11-17 17:59:21 -0800
4392ab83badf077133bdaeabaaa7168f6588852b,2016-11-10 16:22:19 -0800
b7a98d795ca2fa1714da21640f3f1fc19d4c0a4d,2016-11-10 14:31:50 -0800
a5395f8758436b92ea0ca0c3590624ef5ef0fc46,2016-11-10 09:34:11 -0800
205df7bf134f04d4e41637a50a5ea073842fb902,2016-11-03 11:38:39 -0700
55e0cfc856c4f3940bedd6539de67a709e723c00,2016-11-02 12:48:44 -0700
220d75cacb49754cfdbac9da54eba4a116c9d1fb,2016-11-01 17:25:11 -0700
31fbd0e997534f14ec826470e838deda3ea6012f,2016-11-01 17:03:36 -0700
8e628faeb2c1d2a1dade06ad39629f8269e70d81,2016-11-01 11:03:40 -0700
8ef0c4e2a20da78d4547a9c31f6fa86c37d7678f,2016-10-31 16:55:19 -0700
5f4591083b3ee74eacc70770193913e6972812b2,2016-10-31 13:01:30 -0700
73c28280c518996714a7bcacdd9e687baafaf35d,2016-10-31 11:01:27 -0700
1a7c6d1d3caeabd34cac8f9ba430a8990f574f4e,2016-10-28 15:28:20 -0700
17ef67734ff36936eeb8468ef4804eca7239769d,2016-10-26 11:29:05 -0700
6e1d171d6fca65e7e3c4e47ff7d89fbcfa30555f,2016-10-25 17:56:52 -0700
b68ae3b7991d46ee52859f3aa44abd3c8e1cc1f6,2016-10-25 17:33:57 -0700
5da7cb457ccbd4614ea80345f57585299b51cabe,2016-10-25 17:27:22 -0700
5a1c60f5a0f7e548e8acfd234ec320c96d7398e6,2016-10-24 12:55:25 -0700
556bda809f6f2301dfa9afdf313cfb25f308c887,2016-10-19 10:34:58 -0700
44ee29c04f37c7aec4d952e2e6ce5e3efb49775f,2016-10-17 16:00:03 -0700
ac732bde29ec6ae8827ffa93bdc1e03bb538228b,2016-10-17 15:57:52 -0700
1fc8cd0515dcfa520a8193202b3e9aa099e806c6,2016-10-17 15:30:51 -0700
18c25fdcfabb7ba1c56ea374d0d7f6777d99d7fd,2016-10-17 11:21:41 -0700
08f096a2778a731c4de40c13edb1e7141f39a02b,2016-10-14 16:53:15 -0700
234eeba7de648d5f1dbed4246733f60df143bca7,2016-10-14 12:11:04 -0700
a4e7294d7756abc8a7cd6c54263c79c50f83e8ce,2016-10-13 13:04:46 -0700
dc918bdc8048606802696424d5652b0b13060d16,2016-10-10 20:13:14 -0700
f5107f0ebd7553d1f3f0995a9472389e437b69e5,2016-10-06 17:56:31 -0700
59b766e87ac55c87cf88b2fb8a8ed029b52e417a,2016-10-06 17:26:55 -0700
24ea116ab8de0232f74f4dd2ac974f292bdf453f,2016-10-06 14:42:09 -0700
6ef24d3e195c8d3c17855bfea1f49ea4220dd5b4,2016-10-06 14:32:36 -0700
59325a311ce5c3ba8f44187cff6f169197f71b02,2016-10-06 10:38:51 -0700
6a0947109aebe5b452c29ab479f4ecef72c6e766,2016-10-05 21:31:04 -0700
292f781f26b2435def829ede19d2e9399f4bbe71,2016-10-03 12:50:17 -0700
7d12ab6dc88ac319814176391176937c506a2e9e,2016-10-03 11:44:14 -0700
a28f994ea0f253450889cb0ad25ee253f80a4579,2016-10-03 10:26:27 -0700
45cae485ebfaf5c30d8847c50c2a8e13e9782f1d,2016-09-30 18:17:24 -0700
a105042a9f57bb0b21ce3246a168f0a67dd4d74a,2016-09-29 21:21:49 -0700
8103ed90b34fa42537f0a6d1a374265efa7ad027,2016-09-29 20:46:49 -0700
75f78ac8dfbcfa76bf4bde82948761d0fd1372db,2016-09-28 17:11:22 -0700
6ef63c19633554b3889c14aa203b8c628df4538e,2016-09-28 13:42:40 -0700
a2278b4db74f6b60b41f1b4c1e848edaa3453de5,2016-09-28 11:33:11 -0700
3ea89be97c20a440bba84c8c33338ee8e480875d,2016-09-27 17:06:11 -0700
1add8399e84a9153774aaf9b63b2571490c15303,2016-09-27 11:10:07 -0700
37d1891c60de25e7cb92cdf50ed722b692991acf,2016-09-27 10:41:12 -0700
e8b7c08f07a163d28f720974321220847bdb8623,2016-09-23 15:21:34 -0700
9fd95d04682c58e9ae8868ba8bed80a28b00511c,2016-09-23 11:04:49 -0700
e227f8d7eedb664e3c1d0bef9c003ecb17b46dfd,2016-09-22 17:30:27 -0700
57e9f4db77052622746abf6adadbce4f47459bcc,2016-09-21 14:44:10 -0700
7cc27178027c2e13dfb43af92649792960815dc5,2016-09-16 17:48:24 -0700
719e6445951b0214c1b687ac85def666e5bc2c4a,2016-09-16 15:31:13 -0700
a9d6d6a66dacb52015ca2c89db659bde4a0ae462,2016-09-16 13:03:20 -0700
9234a081df5fd911d96bb6e02534256dfbd7a8be,2016-09-15 11:00:30 -0700
023ba25c3babffd7746654c654bde755d15f62c2,2016-09-14 12:04:28 -0700
1b83ad21346ffb028dd8271ef4ac7b2f5af19b1f,2016-09-13 20:02:22 -0700
1c7adac041243973f53ec98b0cf8cd468c58dd93,2016-09-09 16:50:20 -0700
9b034dd3c11b3a9854ad7967ad676e6853a01e1d,2016-09-09 12:53:59 -0700
3cc39310b2f899cf5b5be4f97cf1cd70d0f94f30,2016-09-08 15:02:57 -0700
fba47fa2cfb605dc7d664ef796e31d87ca9af4ce,2016-09-08 11:51:24 -0700
8c08561146ed5c1c22927ff7cc278dac966e85c9,2016-09-08 11:39:41 -0700
d25412e9cb17de688c0db9809dcc1ad314d8337d,2016-09-07 18:31:00 -0700
67fe835872a3248fead32e8d40b3aabf4893eae7,2016-09-07 18:21:52 -0700
b14c8cd8191b70249a939c1cca25a61e7231a9b0,2016-09-01 17:18:03 -0700
d116d94e69f826d650d87d0d9e0dfdf0457502eb,2016-09-01 17:06:13 -0700
80f1a54c1c5a81fc5f213f7f79f1ab04be91455a,2016-09-01 08:40:19 -0700
db4ffaec659a139797dd00227985e201ca88c2f5,2016-08-31 14:56:28 -0700
0b8da4cfc3761b38339b03870eb4bb75f90811d0,2016-08-30 09:37:22 -0700
af63bf639755bbd17ca8e0439b18471e19f6e171,2016-08-26 17:15:47 -0700
f7f08b9f28eaee5af8d4c55ddb949290da570fca,2016-08-26 17:05:02 -0700
65649348ceceb5630e4c09c8237ab6a2640bd88b,2016-08-26 15:03:50 -0700
addd62328d77b5f0f227eb8a448c77dd0a75461e,2016-08-23 14:29:12 -0700
c01d947376490c5d8fdc3199fd04cd484c1af9f5,2016-08-23 08:24:49 -0700
038b24dc699f2d0f3d5b682ceedb09fae3c677c0,2016-08-19 09:07:03 -0700
35ed753df373168ad70f1d2d252413b5fdfa3507,2016-08-18 23:27:19 -0700
30b57ae452c6262f8c950da4f96bd42549fac313,2016-08-19 13:10:31 +0900
e6ba12a08e18dc7fa9027f51bdd40e3bab4d63ed,2016-08-18 18:17:55 -0700
a59070fa0829eb8d211f8140e3df9f1b70e4a6e1,2016-08-18 14:43:35 -0700
8e140c72083cfe7747436d84dfbe6c1a8426477f,2016-08-17 18:48:14 -0700
44bb76eb7b5d9782f7da0893c758a9dd09126d83,2016-08-16 16:03:45 -0700
c26901fc41f2b7af03df03693b673f78eeb19ab5,2016-08-12 18:11:04 -0700
0ab1c2729c54266a2aa29004b8fb2b8eec506c51,2016-08-12 15:57:08 -0700
1038a6da822ad591daaefea0cf518ccf860a9ea4,2016-08-12 13:01:12 -0700
2bfb7318f5694b30884ebf240156de4750eaa6e2,2016-08-11 18:54:05 -0700
8b7ae014e8d119ce7917128672391435cc249fc2,2016-08-11 14:24:36 -0700
d01c0c46f335bf85446a99243233907ae7d9fad8,2016-08-09 13:15:58 -0700
58090fec083edb797e2242a6f12250fc6b40946e,2016-08-09 12:39:03 -0700
1ae16d9b25c2fd39bdd8b080426396cc5355fbcc,2016-08-04 13:29:33 -0700
42aa9462bde5a7ea32a97aaadb3227a9963d1031,2016-08-03 15:14:41 -0700
cf2f146a19f54a976ab8b593badb3a00b7d8bf4c,2016-08-03 11:22:27 -0700
cfdb2bf5dff50c4f6f0852f5267011f5bca14d2c,2016-08-01 18:39:46 -0700
c4cb3156eba40679c4ded1e12fdd4edd3c3d9110,2016-07-29 15:13:59 -0700
b4595db9574eacaff3244a63eada77d1d5a98703,2016-07-25 13:33:50 -0700
a44cd58eab27270f616e059d072e539070cb27cd,2016-07-21 15:18:51 -0700
83e5e8667320b133ca75e1763627f18af28307b7,2016-07-15 14:11:43 -0700
d0b6752384700790a302c1dd9d1f10f384d69ba8,2016-07-13 15:42:23 -0700
46e98f9d71a5eab0ac84208df5bc193a5c517ec0,2016-07-13 14:42:03 -0700
c1317750d63611828346c14886c2d9298f91a4be,2016-07-13 12:34:15 -0700
026b5ea6038cac6f9e05d24654e43d3e97db6b03,2016-07-12 15:48:45 -0700
2de3998cbb77f5a05759d962034b080ec4d092ed,2016-07-08 11:35:53 -0700
8557f0f2ad163d703ac7fc4713d4e82b6a945d9f,2016-07-07 17:29:28 -0700
4f85dd77c8fb60e1fe9d1e07dbef965f15970294,2016-07-07 13:00:41 -0700
684774b9c359ace5dd499dc3ceba4e7ccd65f65b,2016-07-05 15:11:00 +0900
50b00294661961316bd36765fb66c66e4c561e9a,2016-07-05 00:30:05 +0900
d8f2163202791f2679ac7cb09dd6a24909bb2c5d,2016-07-01 18:31:41 -0700
9ee932462ae4946514e2c4f601e3f6528ca3af13,2016-07-01 17:51:17 -0700
df1a226d63c25b4e1de25964ea34a074e0ddb32f,2016-07-01 16:33:55 -0700
4ab6a8d1beb4016848174bbecf82782e7145a35f,2016-07-01 14:24:36 -0700
641cb59c0ce4f1a7b05b467e792bd3f28433baa1,2016-06-30 15:33:31 -0700
6f482d50801e3ba2d865c0bbcebb88f27644a384,2016-06-30 11:02:15 -0700
9ce210313c02fbf7add605501b40e0480f1533a9,2016-06-29 16:12:26 -0700
6742441cb9a3b8910f79684d6ab936bbe5abd0d3,2016-06-29 16:09:18 -0700
aee6c0b73a0f1921aa681afd1119c1819bcd844a,2016-06-29 15:59:44 -0700
5e9375dcbf2df081cb611f968c9b0fb55ede0d6b,2016-06-29 12:19:20 -0700
6977d22915d13d7d62c2b770b3f8ae9335aa094f,2016-06-29 10:44:04 -0700
d9a390303419f7997f6398054c5df80f40a77829,2016-06-27 16:39:53 -0700
528706a0d25539dd1e0f4dc6ad06b622316086c5,2016-06-27 15:55:46 -0700
43cb7378bb5cf4b836e0f93985df896b40b7b35a,2016-06-27 11:00:33 -0700
a7c2c84faf4eb5326f8a1d2c0408326598ba8a46,2016-06-21 12:53:24 -0700
16ca43efe49269e7b01b3b5783e26b09ba1adc19,2016-06-21 12:43:14 -0700
6cde8ce7808c3ca99b466117d83c7d8eb9606aed,2016-06-17 17:52:50 -0700
68e3cb0f8efa73f8ef2f52a442e8e32a15d45db9,2016-06-16 19:59:51 -0700
bcf7ff8813f867eb67c1b713569f19e0939341e5,2016-06-16 19:48:11 -0700
07e654977a88b723806da70663e818a59a00a68f,2016-06-15 14:57:54 -0700
66d3d696337966c1b99441e800f01fe1e2219249,2016-06-13 10:56:05 -0700
eb9be360f2dcc6b7069456e587d5f3cca4ec591e,2016-06-10 09:11:44 -0700
677d86337132f080940b34fcf2fb6cfab7f9d490,2016-06-09 17:16:58 -0700
6835369c4a0a61978fed6ef1d4ad9b5f989350f6,2016-06-09 15:11:46 -0700
9ae741af30e00fcbf67eb823797794dd8988abdd,2016-06-09 13:07:32 -0700
d6dbea6dfcced497c699e6d055015f72cf102c68,2016-06-09 10:48:19 -0700
798f2dbb075107330c8be575182a28d8fa19e89f,2016-06-08 16:52:33 -0700
50075c2447e28349fcc6932ecd424dc61da6d26a,2016-06-08 11:07:01 -0700
3482ace882a4f9e72c051f68c98e318246e2623c,2016-06-08 10:47:57 -0700
3850678e35aca5296a224cd7c9e91b6e21e1f3d9,2016-06-08 10:38:14 -0700
2d3145512871cfa95c140f31bb08dc149aa95183,2016-06-07 14:33:22 -0700
9640716f07efeaf905f71a20455fb324ddba6f2e,2016-06-07 11:16:20 -0700
5ed617298986b04a51d338adf249cecb6bc603e8,2016-06-07 10:52:23 -0700
b5c807ad6f076202c1e922b91d5596995f1aa336,2016-06-06 14:27:17 -0700
6b675242616c6fc60d65d61eeadc831eef349886,2016-06-06 14:21:32 -0700
af8b9086ed444bc0f6eb3369dbf816d1c3245ccf,2016-06-06 13:48:56 -0700
f2b9b843f6475d243de803a72090e981cca20af8,2016-06-06 09:41:46 -0700
1a2f120c975bc5ff5c4e10eb21e3b86d78f7bc58,2016-06-04 07:58:25 -0700
dbd628a310ee1c4f28ec1d392896c6e58b10215f,2016-06-02 16:03:09 -0700
414d4b45114c6229720262f3588ecff3a35334b1,2016-06-01 22:47:08 -0700
b5647362a4d713983719eee2e7b79826b5071370,2016-06-01 17:34:06 -0700
d5a671b85ed24c3e068e649f41185e0bd8a2be0e,2016-05-31 14:19:58 -0700
f5ae6598256c71feda750de5ac5d116e4dba67e7,2016-05-31 09:34:29 -0700
bf5caab94bf4614658b3e4071034c3ecae916660,2016-05-31 09:02:53 -0700
4c0207ed03a7596af4785ace4e8e920d2be14270,2016-05-31 12:03:22 +0900
947b18e8c11d99f15241e957c054582eab7dd9bf,2016-05-26 15:56:35 -0700
b49593542cf63f1c4cf1709ebf01c258adaf87e9,2016-05-24 22:46:07 -0700
e03fa36c2fb3bb8522a0d07cc8a1520f4ba95cc6,2016-05-24 16:45:26 -0700
d025945330de3c6479ba23d58349a62842603807,2016-05-20 12:07:25 -0700
a246ac68b103e8c6f41c570aeb4af72c1a1a16ba,2016-05-19 16:26:59 -0700
2b032719f0c28fafd83d225b60b1f9ff89e9c6ec,2016-05-19 16:15:03 -0700
326eae21a217073cdd6eedba6086f1e7ed93659d,2016-05-18 14:50:07 -0700
865cdb51657ccc7b27d1ccc26020b8ea709151e0,2016-05-18 14:27:30 -0700
b5538939385588d155372c0fe124224d1bc12017,2016-05-18 10:48:46 -0700
96f32a59241e479681cae8d78f2bb2e27aa9c13b,2016-05-18 10:07:51 -0700
9e07de6b6fe8aef06a00b6ca238d9d833af515c4,2016-05-17 14:01:18 -0700
5ed146d2d45196f1cf9862570eb5716986417173,2016-05-17 13:31:13 -0700
8ecb3e6765a11202e6d2b7f9b192bd6b66d8a061,2016-05-17 08:27:17 -0700
cce59bbdd3d3b25bed2121f6fdd6039334e13159,2016-05-16 17:42:36 -0700
8b483a53cc738d0739849c32e417b2a3970b8dd6,2016-05-12 15:03:27 -0700
72106b97ce20a08907af053ac2c3698f199dcea9,2016-05-11 21:24:40 -0700
02ddd4a41938f537f27759e9f58809d603bda3fb,2016-05-11 18:10:09 -0700
322aec5bff326fce1666536e54e1e5b1b5dd15fc,2016-05-11 16:40:14 -0700
ac6785db44d9a1aecb819eba96558efdaae4e570,2016-05-11 10:21:54 -0700
c67391a1d494c4f73494bdbc612698ec3f66622c,2016-05-10 10:34:26 -0700
d0bc8df3e55d685dd15d5d200c0edbc8f84bac08,2016-05-09 19:23:47 -0700
cafda7df5488a02f250379e2da7c445ecc324f82,2016-05-09 14:22:37 -0700
913c66cc70b20691bf45c1a3bcb5e035c45e6af2,2016-05-09 13:17:53 -0700
040a6b36666bafc31eb9c0881a5a37ec25deb086,2016-05-09 12:04:10 -0700
5a8b518e362743e087d5a20627bba12977578ab4,2016-05-09 09:43:03 -0700
fda3ee6205b36789908c466272ee0b161dd91f1d,2016-05-06 17:21:27 -0700
d6b56c6f6af72108ff7543a17a6818213777626c,2016-05-06 11:01:29 -0700
f922185724dcde9c9a40e80b45687e32097ffc5f,2016-05-05 10:32:30 -0700
80d6a1f6acc3bbede45b92cee9f19c217186b1d5,2016-05-04 10:31:45 -0700
4f786095d4f54a7016b4a9df61e05a904f129732,2016-05-02 17:03:20 -0700
a304daac92e17abb65ce1ccd25522928a402d6ea,2016-05-02 14:34:01 -0700
23f5770da49cfb2667064091e42cb867267b2a70,2016-04-29 16:17:37 -0700
f7b8e81e7d2f8a4ccf1c8f1869d18099907c6a3f,2016-04-28 16:55:49 -0700
fd05b6be89f31bebf98e1557729e051792f54f24,2016-04-28 15:42:53 -0700
771b34bd24a358784ec4d24a907fecae39701220,2016-04-28 14:04:33 -0700
02bfc2f4f6cdae4069af1b056a2cf50b6ce03b36,2016-04-28 13:49:01 -0700
d34441ce62eb149f4a430db23f3a8e090a8f3350,2016-04-28 13:33:04 -0700
c90f8aa639dedae2ec44e43415bf3ddc6603a601,2016-04-26 17:12:24 -0700
9d6ecfedb00efd21293bd5dc20b254531b67fbb5,2016-04-26 17:03:15 -0700
2ee2ca98026a7bbcc171aaab9deabaf148e0260d,2016-04-26 09:21:52 -0700
bdd6cbf0e4b20a7fed0976d241739afe06b0d8ab,2016-04-25 20:48:51 -0700
be87fe58f8cc80ad84cd4494812fcaa310f4a31e,2016-04-25 14:06:37 -0700
ffa976a70643641608405e2e221d5cf7b0d02388,2016-04-25 13:20:22 -0700
1e62c9dcc55a8a20e26f62ce4625d7386107cf66,2016-04-22 16:47:15 -0700
bdd0a13fde5b2ae6fc4fa488ba8cdbb07397263f,2016-04-22 16:44:05 -0700
6a1b710b08df0906f48da44d1374522e9dc64865,2016-04-22 10:45:27 -0700
cf8275e39331537a16946dd71fafe195a81db769,2016-04-21 18:08:50 -0700
082186a2dcc440cea772e103ed7e9918086cc6d9,2016-04-20 16:43:43 -0700
1a329b4c375a88b88e8618de339bdff730b8061e,2016-04-20 10:27:17 -0700
7d62431bf94f87ed395dfa6cb4ff32abd52d9c67,2016-04-19 15:09:14 -0700
6b058ba1f677082e3828a20519f3555eff470eff,2016-04-18 15:28:40 -0700
630124476b5c1a41c2e043a672ec2db79ac16da0,2016-04-15 10:48:32 +0900
1f22f2d94b8bd947b98b4087b214c306351d4a3a,2016-04-14 18:30:20 -0700
c371affbcc6d31c7d5d8e266e81fe7462daebfcf,2016-04-14 15:24:47 -0700
51220770e8882a12f1f9f1b13b42411f97a70af0,2016-04-14 14:27:35 -0700
e7d54850e9373ae27d965418b9ef7a6a3e839d61,2016-04-14 14:00:44 -0700
72dc29147d795ff09e2bfde367008d1ebc925917,2016-04-13 17:21:27 -0700
31492872577c7342f12ad421b5430daeede47302,2016-04-13 15:57:23 -0700
0480d0ebdea5971d8664be553738cb646648e6e8,2016-04-13 11:52:17 -0700
48bde0c0ec0ad4ffbe88b65a11d9fccb453eff6e,2016-04-13 10:08:02 -0700
120327fead3b0937756b2c721b13ab702842438b,2016-04-12 16:31:00 -0700
b117b0184e57f221aa4ed9a02d1ec11c95f78f57,2016-04-12 14:04:22 -0700
915d7d33b46f3b20ca02f0abbaf6cfc5ee780e02,2016-04-11 18:03:05 -0700
ebf9a66009d25ff5deba1a3f94bb9d2793678d91,2016-04-11 17:35:24 -0700
897fd3f2a5703bac25ebd56173615324ada67e8c,2016-04-11 17:32:27 -0700
762ea0a15bda0a7395a1bd4ef25ef020f5cf4371,2016-04-11 15:55:08 -0700
3d8ebd52928e9d3c3ad0ef4bc8280ec700627bd4,2016-04-11 15:29:10 -0700
5f4d12bcd104462eee0c591a7658fd528cbbce1f,2016-04-11 13:26:58 -0700
88ddc3a46b5d2c24ff6229ee278e47a7b4cd7ddd,2016-04-11 13:12:54 -0700
1d19ea58dbf1e5f772fb3f07d0433ea5be84b139,2016-04-11 12:51:17 -0700
cc98b2fcd0ea632053414a6dc28edf1a2a2fa5e6,2016-04-11 12:27:02 -0700
be442aedc076310146326cd82df44bcba7f52603,2016-04-08 14:22:02 -0700
201b0d67f51ac71a90787796ceb44246d10ff425,2016-04-08 12:40:18 -0700
445b85d75e1ec5bdcaa2d9e1f06a90aa6488de5f,2016-04-08 11:37:12 -0700
cf1d6515075f255f31d9c4f902a2386085b1d4b8,2016-04-07 19:11:50 -0700
d1a147ff04c49a93434660b122bf184091d6a13a,2016-04-07 19:05:38 -0700
f28def478243e414c3cf1c33b1c65fea633420e4,2016-04-07 15:36:38 -0700
0d3b46f5129b6fde48f7685083dcf25d87f58604,2016-04-07 11:34:41 -0700
ee1b6bbe69c9b897192f3cc4178f4c437189afb5,2016-04-06 15:54:18 -0700
316d51e4fd58eb581ac0a0cffbe8b0c63536837d,2016-04-06 15:48:14 -0700
4c989421b77633aa2114bbbcca990a896c676605,2016-04-06 15:40:52 -0700
97f9eca4b406512cc4a423e947f123684b304e5d,2016-04-05 17:06:35 -0700
f74a7e8b13db83babe65ca5e52501e6baed65204,2016-04-05 16:53:18 -0700
e0c0d6a49acaa101ea49cb7c728a3ee23993d467,2016-04-05 11:15:39 -0700
71282d3b7a11de26407254238217453791762f87,2016-04-05 11:40:10 +0200
3787a6cbcdb2328a05cabef03b9314b6261d7a59,2016-04-04 17:49:23 -0700
e04b422714f3196118aa1b312a6869d5f1da33a5,2016-04-04 14:33:05 -0700
ce9e85cc4a7c4976dc0b1247415ff366e3562b3f,2016-04-04 13:17:42 -0700
fe97710960a7826a474c45147018bdf33427a1a8,2016-04-04 13:07:23 -0700
a3ddf21710d3beb5f44a42e2e9c3298eeff87273,2016-04-03 10:13:47 +0900
3d9b5c2fcd983886725099d8ea1d7dd1f1888725,2016-04-01 17:52:04 -0700
4088f3c7359cd35ba66f3a67faab744181413b3d,2016-04-01 13:40:17 -0700
4ddbc29be88177677df1d23da159ec07c45a58fd,2016-03-29 15:21:39 -0700
1f965d79464f7ae800a08cd3a6e046e9ef661e23,2016-03-29 12:38:35 -0700
24241bc8f61de34d56ebd26fa40e880ae6bb9c42,2016-03-29 10:37:13 -0700
4941eb60411d4b57d269004bb8f4907fce2a8822,2016-03-28 17:45:03 -0700
f3c1a5c3f01795bf1dc2b135fce881e517396726,2016-03-28 15:02:25 -0700
f3000d817a05b00ea1799cdd76fec829a57f228f,2016-03-28 10:57:40 -0700
73bfc0a635a51d8376993421f7149757f323c9a0,2016-03-25 09:19:41 -0700
7f2cb1bdd45f7588981f2d0e71a1092ecf945b47,2016-03-24 19:08:24 -0700
26780fd87ae3836b098603567aaaf6bccd46638b,2016-03-24 18:38:03 -0700
9e01816530b3d6aef5453da6f7838138d071e5d5,2016-03-24 13:21:46 -0700
1680fe31dc45d55fc6c89a9dd9aac344719b2ac8,2016-03-24 11:24:10 -0700
059d2bec81d7ca77e5f53f61ff55fabf5e1ce9f7,2016-03-24 11:07:36 -0700
928fe3aacd957f1e45446199bdd75577fd43b5f5,2016-03-23 17:05:05 -0700
c27ea42209617dfa87881cefdcc542ab16a5cc51,2016-03-21 15:11:07 -0700
07f88b17286e21324c4ded9d814672dd73358244,2016-03-21 14:16:06 -0700
c8cbc9599465696ce4777a497350230e3f403705,2016-03-21 11:51:16 -0700
c750edf9e15b7608b1d3e5190c84093b646f4de7,2016-03-18 16:25:34 -0700
895bcfa5cb14e5fa38fbe26734c65c0a6c3c721e,2016-03-18 09:44:04 -0700
5c9c04dd905c13825e188478b4621afdb3d4033b,2016-03-16 16:13:14 -0700
4c9c368520fdec66f6c3c25359699f230cc9f23c,2016-03-15 15:55:05 -0700
061f66277d760f8a67a460fa88e18a7b4dbf7543,2016-03-15 15:19:06 -0700
07b60112dad0667f8e75282218e2c4876658ce1f,2016-03-14 16:50:05 -0700
fa16b8db0602e76ae6dabb7e0635c23284b073d3,2016-03-09 23:35:15 -0800
99f768e3bd6576613ff7c6c69821f9468e333e2a,2016-03-09 17:20:10 -0800
0b00f9587d7cb6476d09f0b11d4c17f948ea13c8,2016-03-09 14:33:30 -0800
5123659dad6c0f95cea4b4f3b6d6d6faf1914af8,2016-03-08 18:28:53 -0800
0318bcbed7258836c141d96ddef86ad1990a0cab,2016-03-08 14:32:00 -0800
db685c756e30fd7123a89423f269edf46dc1795e,2016-03-08 14:09:42 -0800
48ade1b82de94ea21c86ff996b90afcefc51bca2,2016-03-08 13:42:32 -0800
d51a427c2edf0dfe637417ca9c912143d8e8d3e2,2016-03-08 11:10:28 -0800
43649656990b358183751715befb4b4d037bb4bc,2016-03-08 11:08:03 -0800
e23b4ae43438a92e9df4674d4beed5b3f7608de5,2016-03-08 10:39:19 -0800
bfe2354be6643e22b3d98658d9abe1545a18506e,2016-03-03 17:23:31 -0800
6542e1cfb187b63185aa51e3ed03b699b5c83bd2,2016-03-03 13:41:22 -0800
e7debb1e80d3a74bb0dc03fe9f49ea34a7e06e0f,2016-03-03 11:26:34 -0800
00ac1d06a144f92f519ae53cf960e88827034a4a,2016-03-03 11:06:37 -0800
07874cbb604efde4c05bbb44a8e5bb48d081ee49,2016-03-03 10:12:54 -0800
6f02cb7e6551af12c590c9734a6521d98010a093,2016-03-02 11:42:06 -0800
273029b0b93b3f6c9b17478ef50ee24d05cb7192,2016-03-02 10:51:38 -0800
cf79f1b310a3906dbc7fae47ddbaf08e04a50218,2016-02-29 17:43:01 -0800
94a2ccb9112029fc635364d245d6dc4b3c77fdb5,2016-02-29 17:15:36 -0800
22c0477545557297b35f812116e21aa273cd0d12,2016-02-29 15:57:12 -0800
b1d7a701311978632a92486a3d14b93b25c78672,2016-02-29 11:04:31 -0800
59681a99ee38244870e364d769d24bcdfba52dff,2016-02-26 14:48:06 -0800
9df4b055cf4a0f9b2e30c7e389b7b8d2a935a21e,2016-02-25 14:42:44 -0800
3056022be5325cffcd158bc0934bcc72abb2b74b,2016-02-25 14:21:36 -0800
72fd9de12816668baecf9ba3c0449c6c239e10a5,2016-02-25 10:49:19 -0800
4eadc7f039cafd365013fb2ca7792495e6cc3154,2016-02-24 15:41:26 -0800
b45c29c5e14c55781ee0e22627985e5626db8e23,2016-02-24 14:20:35 -0800
b5386f77e8d9e695db48091010d68ba33fa57118,2016-02-24 13:23:47 -0800
23f7386b333a137fda278416f4b04c08a89d8963,2016-02-23 16:41:46 -0800
c2cca4945bb6ba5f47a1bfab31372317aebb986a,2016-02-23 16:21:16 -0800
83f905db5c1b92306248e53a3cd80210fe0e1842,2016-02-23 13:29:02 +0900
09a034673432ca0c907f095ee712bb19e60ddf32,2016-02-22 17:06:21 -0800
d82ae5c1ed92f0bd4f3200fb88777a2806438b9b,2016-02-22 16:59:24 -0800
7495f78a2a4311574f2c237a8e2927856b78827b,2016-02-20 09:23:38 -0800
1356dd11824f28ba14274937e203f6ba0263347b,2016-02-20 15:35:34 +0900
4b758fe2059ba998a8bbf69cb8d5dea8eb5a8148,2016-02-19 20:16:10 -0800
f4d40ca88c32ed4f7df40908f14dfb081a72df05,2016-02-19 18:35:36 -0800
dc78d381f98c4a3d5559972bed07e2af49ba621d,2016-02-19 18:13:24 -0800
3818bf454ab1f9eb8b35bbcb2457d7726bc5f540,2016-02-17 12:54:44 -0800
f5fd01fc72f213aea027915029a16422ed0484d2,2016-02-16 18:06:34 -0800
f089f88bbaca604db3724f46159be8a9dd643b81,2016-02-16 15:31:05 -0800
61e0424d1dcd54fa318323d66d8327203d61a347,2016-02-16 14:39:27 -0800
c63219ff2006b65815f53e0b74b73a71c616c3c1,2016-02-16 14:19:57 -0800
d9c06e882cac06aa19416f79d6949ff83f43a9fa,2016-02-11 12:07:54 -0800
1cd8a09d3362b9e0fd084bf3abf5dcb864d1941e,2016-02-11 11:14:21 -0800
c50f45bcfc539df7a32ad37fa5687d6063e56b8d,2016-02-10 16:29:52 -0800
76cea200c5714449a8a5e2168f03669161048b76,2016-02-10 12:32:06 -0800
1137cdee0e96e85851fc5fa8a2fdac3a87c58a4a,2016-02-10 10:47:53 -0800
20369d4d4736553269b2d44b1fa2ed352bdfc286,2016-02-11 02:34:58 +0900
f91b09bd20c50bb573e7a022933b298fc917cfe6,2016-02-09 22:53:39 -0800
0357e4f4469c18e9300889be23366713fcd46669,2016-02-09 11:46:35 -0800
4fb243c0f29d69be707bc43e606858026cbf5bf7,2016-02-08 16:01:48 -0800
bf1fc135d8aa22368f7b3390ea6a88e663831390,2016-02-08 15:56:45 -0800
1cf486957fe6af308c8e26abb65c68807dca571f,2016-02-06 15:56:32 -0800
a565695208c40b266083fc9ae797dd2cf731f1d9,2016-02-05 16:26:33 -0800
08ff47556b5d3ecf7dceed037c4bdce478a84072,2016-02-05 15:34:55 -0800
0b91e52a4b0574d89cc167e0cba217d9ea4502d0,2016-02-05 14:21:56 -0800
c0e191a778acc5a3ca6b9ea8852e2b14a51d493c,2016-02-05 12:08:21 -0800
1e2ba9fdb06cdf7301ce4fe1be506abfa73c9f9e,2016-02-05 11:17:16 -0800
246ed1d60d0cd54415141702c52574d4ce2295bb,2016-02-05 10:40:33 -0800
97029d2e274f25458dd257d35fd9e6cbb4c38eda,2016-02-05 09:51:40 -0800
f0579fe76030afabee7afde4f4803648aca5370d,2016-02-04 17:29:40 -0800
f6a1c09f5f8ff0ce25a07695a3ec99350382e68a,2016-02-04 16:00:30 -0800
24e73feb98c575669217360fbb507a325e0147f5,2016-02-04 15:34:25 -0800
dd724ffdcfc93c911392f29e848674cfeef5a7f3,2016-02-03 21:11:45 -0800
ec7bc969f3b3483f1a81a2b17762d4ae4dc6a3c4,2016-02-03 17:45:31 -0800
48d47fe0f8663a623124df20736465da1b077f93,2016-02-03 20:42:37 +0900
ea0bebbc4497ef063054e0ff2e20d3697eda2599,2016-02-02 11:06:28 -0800
7d0a64dd98c43f644a23dbf02ab19b2a8cabe1aa,2016-02-01 17:32:51 -0800
4186cc81393b110ac27070d59fc2c07490fd55d9,2016-02-01 15:03:27 -0800
76adb40cf422e0d46021516ec3a9318ddf13dc3a,2016-01-31 00:58:45 -0800
407041dcdfda5de1f260297452b306df4420c037,2016-01-30 19:52:09 -0800
12daaba3b5cec6903754cf700c46a089af5e55d3,2016-01-30 01:02:58 -0800
df79b80e01398e6ac5da07d1052d9d982760a747,2016-01-30 12:01:25 +0900
c00b4430fb157c03c6ea4711a1b461b7d9597948,2016-01-29 15:26:15 -0800
9e19eeaf484c9adfe8f3eea074f1f59b4e34fd96,2016-01-29 14:14:47 -0800
12decb7344edadb2972521f02cb20adcd3dba135,2016-01-29 12:46:22 -0800
003e3e20e5816639e473f5c45c12580ad638ce4c,2016-01-28 15:47:32 -0800
a67bdbaa6c0ae4d6b1726c8fb86f7f77f8917553,2016-01-28 14:21:08 -0800
d33717097761b74f3dd49aeb9a31c07c155e132b,2016-01-28 13:46:49 -0800
de6a9627b87675f7f41285e348ec65e7548a052d,2016-01-28 09:59:17 -0800
58a86f9b1e7c58b71ee693b2267abcd32f10973b,2016-01-26 14:41:35 -0800
0bb388e8ccc643203e85d67bae63d9adf7a927eb,2016-01-26 10:24:52 -0800
bee4a67a14a0f10a3d16570e64494c1030c76383,2016-01-25 15:58:48 -0800
f59f0cbab23d02bd9620efbb7e3ff4b41481dbb3,2016-01-25 14:59:37 -0800
8ce74855e6de8f7e2565a1c9619c104fbcb303c8,2016-01-25 13:13:07 -0800
7e2b1e0d5794302b93a55b648fae7e75310b84c3,2016-01-25 12:43:56 -0800
ba080587f3fd34ccd362cd67b9bb39bf06d1f02c,2016-01-25 11:51:05 -0800
a1f622519a986a3e2121cfea4f5e06f0410815cb,2016-01-25 20:56:04 +0800
86654acd4eef93f9a47ed7d03115728916ce8c60,2016-01-25 03:58:41 +0800
d502378515f5b702226738f029b7456cbdbe3cb4,2016-01-22 15:51:53 -0800
96279b048dc9efe1bde590caec7d769d5681bf00,2016-01-22 14:31:19 -0800
da0936ea4a20775e9287619c05a270a5b115a7e8,2016-01-21 16:10:46 -0800
ad896d1956d496fc06685ede4aad9627fdb9a07b,2016-01-21 15:42:11 -0800
8da526afad9f1ee65bda804d4d57d4e96e69092e,2016-01-21 14:57:37 -0800
1afc6a6075f1063c57188f22dd951845eddad4ef,2016-01-21 12:35:31 -0800
d5679922df0c8452083138f947ecfe4e36ea47c5,2016-01-21 10:12:18 -0800
51cc2cb3e4fbeddf8d998837e67ee8bd50d5204c,2016-01-20 15:24:16 -0800
61f10873a7227ea64f36ca145f460fe4cf5c124d,2016-01-20 15:15:53 -0800
cd89c5364df359622b9c2724d386b815d4c1614d,2016-01-20 13:08:18 -0800
9ff81875a73c08bd5f9674bd866028f994b9cd3b,2016-01-20 11:42:25 -0800
40a311e49a765bc4e0a773792382cb0ed5b3c380,2016-01-20 16:44:24 +0800
977d4f58c5f94de43e5c8fdafd654c8962ed40b3,2016-01-19 20:54:38 -0800
300829e53798666b9491e65c0effbbe25176a8c9,2016-01-19 15:51:53 -0800
f7c37d57bcb6a441028509bd72566a3c84003a37,2016-01-19 15:13:14 -0800
7ec6de9c229042e70a3908954db01b93b1c82c99,2016-01-19 13:14:06 +0800
7a890d88abc0349330d3d6a5173f551d73dba021,2016-01-15 16:53:22 -0800
4190a6c55ebbe8ea3093903d8b294d665452a699,2016-01-15 13:16:07 -0800
3220f9bced5f5c7776ab4d06f644ab89bc4f82d4,2016-01-15 00:31:44 -0800
e1e2ff94abba03c7c2e446cd8248e25ad39abaa8,2016-01-14 10:40:12 -0800
e9fdc17accdead7f4164a963012ff5103e99656c,2016-01-14 09:59:54 -0800
0bd7114efd6676927c0dc781707961d1b39ddaa0,2016-01-13 15:23:20 -0800
6c954ff0f851770dc7a768ef77902fab99e97391,2016-01-13 11:58:43 -0800
0e88ee4230e70f182a73d31aeafaf404424c2d0d,2016-01-12 13:57:03 -0800
ceacf2032ddfeac7169308f11cfdfd3c2cd5dffd,2016-01-12 11:45:29 -0800
9edfd33d1b40c31d5a78fa1d39119f1c5ae5f264,2016-01-07 11:49:03 -0800
7a9e28fd756676515faf3409a73e60f60bd55780,2016-01-07 11:35:35 -0800
a2222690eee9fe286dd4e77152dab814ce20dfde,2016-01-06 13:54:41 -0800
67894d51b25fb84afa26374620741951f4ac17e0,2016-01-06 10:35:27 -0800
928a043fba912343a16a251938aca5b7ebf72181,2016-01-05 15:17:13 -0800
030772b00f47e4b42c32d15436750a0712b21836,2016-01-05 10:48:20 -0800
91bec702e28eb97ef620bd3bcc6680ffa7ceac3d,2016-01-04 11:33:45 -0800
9ed4f4f7dd43e1a82e03099f6ba03249ead2afa2,2016-01-04 11:15:49 -0800
a95e2ed664a73d30bf261dc1d863b14c9737842b,2016-01-04 10:58:40 -0800
0fed7af809bd7f466246fe53d1329c226bd3cab8,2015-12-30 13:18:01 -0800
6627d7017665eaf5e41c9183eddfdbedabd45f1b,2015-12-30 12:43:42 -0800
8b997771b3390217e7725a775ebbd33f9ef8a9c2,2015-12-24 18:41:45 -0800
3cafad6b1b47415fee09f313fd468c38d72bc8c1,2015-12-22 14:28:39 -0800
275a08a91b6a4012493ca952ce1c7ebb8abf0b0b,2015-12-22 14:21:38 -0800
d6b31692589addfa8dccf7e70892b8eebabc8093,2015-12-22 14:54:52 +0800
f10bbf46209122d2ef972c315d3acdb6cc2d1a9e,2015-12-18 14:17:29 -0800
fb93a7ff6281de6ba099b508707b0ef6f129f1ce,2015-12-18 10:54:26 -0800
c0f047e697caef0e67f18a7f414e59132086caf1,2015-12-18 10:44:34 -0800
d923b4b34c63620e8f897f90f2876cae14d57091,2015-12-18 10:11:38 -0800
6338420b533cab7583734b48e0bc6899f2ddcc04,2015-12-17 15:11:15 -0800
f13ab65c80b0313659427977b706c5cd6e47a07b,2015-12-16 23:23:46 -0800
a541312f7dc061a46959217b485bae3696e1f937,2015-12-16 12:17:15 -0800
4a847c5c51f3561c7970445091553f5d90d85182,2015-12-16 16:02:07 +0800
81090b636a401c4e8c70c3da075ba2b688eabbf8,2015-12-15 17:34:30 -0800
b73c222958511c10e201d6f85c993580c7c6fa8c,2015-12-15 16:56:08 -0800
52518d1372a3b0a3a5407a38e76c01d44284f06c,2015-12-15 15:06:56 -0800
f4d19ca407cd6d6f7ab44939da630cdf88de51f0,2015-12-15 10:26:05 -0800
77546f8f3c4fcd06efa7b8ad9597601a94532a99,2015-12-15 10:02:06 -0800
da8ce0258831b285da53fa3edbe2d0878f801ffe,2015-12-15 09:54:32 -0800
a8fd76c193af5025bbb0b48ae7d4b8e6c862cbf7,2015-12-15 08:59:50 -0800
77bba973f51a4bb981b4de1c9f68dac9cbf942d5,2015-12-14 22:19:16 -0800
298eaa9346c531c70a2c469b24aa0c892ee502f1,2015-12-15 12:38:52 +0900
bc5e14dcc648b489d61bc09155fd523ecd6d276a,2015-12-15 12:16:29 +0900
ccecdd5778829d118c3d29f9b75c62e68f1260bf,2015-12-14 07:09:57 -0800
e5a11f3bdbde6b7d4892b7f5b8cc81f78d61fcb4,2015-12-11 17:05:50 -0800
9bf549458cceb57da52187eb4a713714e9111dc8,2015-12-11 10:41:38 -0800
d4da7c396d709582d2c46e5fa4c0626ed262ac3b,2015-12-12 01:09:46 +0900
9cdd62d993f383ec8b30e0ebab03d67160ef65b5,2015-12-11 16:44:09 +0900
b1a555ed8d9f6d34d3ca4ade2a8ef662f5ca90f5,2015-12-10 22:34:46 -0800
57a44fe0d62373b001faf546cc8d83ef2548b527,2015-12-10 09:57:27 -0800
fe6194cacbfa38714a295790fc302d5c86a01726,2015-12-10 18:46:11 +0900
766883f0c88358d27a875168ac6df6fb6fd3253d,2015-12-10 16:50:33 +0900
01c0a89ee2970b7c7ff026a4d2c1f423a6c1d7da,2015-12-10 16:36:40 +0900
dfc3f1e5baf3cb3779f0cd8892d1637fb22f3082,2015-12-09 14:52:15 -0800
7d121dc5d54ec7c8e18e25969f576674caea21c6,2015-12-08 17:59:46 -0800
9c9afc6438eb8dde643abc4f1fddaa5a73987c86,2015-12-08 14:26:23 -0800
ca358730c0af888d18568ecb1145d6973b8fbf2f,2015-12-07 15:17:43 -0800
3815536434f846f395a1e98f2bd77d62ef41fd2d,2015-12-07 11:49:44 -0800
db35305284acdb84c6f2e395d8414de91cfb060a,2015-12-07 10:08:08 -0800
7f00d994e6952bfaeef2264203718985d241ee88,2015-12-07 08:50:32 -0800
6983326aad2e522f8e60f777aab24a01b53459dc,2015-12-07 20:23:37 +0900
71951320e12c1341f0b8c9b774636f7054455312,2015-12-07 10:19:40 +0900
7d5a14169daf26970b56e3f1273e65fd54815c47,2015-12-07 08:55:51 +0900
d8fe048d1b8200fd13dc89ff77042e4bbcb33ab5,2015-12-05 19:11:41 -0800
266918a1d3d68ac92e5c0e518889e2b3464f61ba,2015-12-05 10:23:02 -0800
30a1dac46187d11c6567e951de9b7af4ea73c084,2015-12-05 22:25:28 +0900
3722234695ca6cb50d073d49f2f536d5a3b19c41,2015-12-05 01:57:04 +0900
9c36dba5504ef5a56fccf763a976cefdab43e6e6,2015-12-05 00:25:39 +0900
13e45727a960dd35b1617c662bf0a5a1eb6c72b8,2015-12-04 23:08:04 +0900
cb753d77bf43448d0bdcfd3e7261407f1f87a705,2015-12-04 02:12:52 +0900
5ee10eec509da17ae64ffd778e35d6de70ea03a7,2015-12-02 13:17:31 -0800
6783732ff735985b4ad28819b24e35a7c30a724a,2015-12-02 13:13:10 -0800
a81e8acce31fa44472e8ebc08849e1d6814cae3a,2015-12-02 10:10:07 -0800
848cf92980c2e0cc8942551a3228176a1afaed94,2015-12-02 21:31:35 +0900
2f152db511bd68fd6625c965e09299c1b4af1a71,2015-12-02 19:41:04 +0900
8d371248b80c897cd2eeb6d79beab7740d57c414,2015-11-30 13:58:19 -0800
8ca82a950cd84e5394d082874c8aa67d1bd882ea,2015-11-30 13:37:04 -0800
66ddb2440022c3db2628e671a59f406138117e8b,2015-11-30 11:32:11 -0800
4d8da529416869fceeb7c86c3f6d8ff0bd4e1a3d,2015-11-30 11:10:52 -0800
758a8cd4e30e7f01ac64bc33704314d630974ad8,2015-11-30 11:04:37 -0800
cb9224f26a39387bb0b9884d9625fea32f86e401,2015-11-30 10:58:28 -0800
a1bb7f0496488e2b0da6b28340b69826fbf60ba6,2015-11-27 00:34:05 +0900
05031a0ab24cc8ecd49018cf1e7f9d70fc1feb54,2015-11-26 15:26:29 +0900
dc5efb9ad9fb47ffa2c6943e60b56b22200bd5bc,2015-11-25 15:44:35 -0800
56287fc8af44deef233fb2b7aecde120c2a26cfc,2015-11-24 19:07:57 -0800
dd07dc3ef92203ae66530082bfa6c67c0d397f80,2015-11-24 11:25:05 -0800
e7a5606825ec87478b4c93a2364a647977eea7c2,2015-11-24 11:12:22 -0800
095c3c6d6e66e4918dbab9c265c4428d571279dc,2015-11-23 14:17:12 -0800
fdc84ebd56bcde9b9e4ef0bbdd134359ecec63e2,2015-11-23 12:16:30 -0800
af421231a986f88fc20817f1a83ae44762b2b276,2015-11-23 11:47:16 -0800
e3352ea2d193f8d259a582b654b9298150d7b5fd,2015-11-23 10:48:45 -0800
b0722e480677cdf9be1be8096188ac4eadbe1958,2015-11-23 10:40:00 -0800
b795ae0590e0d144c3f4363c2fdbcd0eca454f1e,2015-11-23 10:29:09 -0800
8dbce4708c15b0e4ba119ac3cf0095e0debc8584,2015-11-23 15:56:18 +0800
8c934243f605c7b19e203423e5d3e0a397905f31,2015-11-22 14:39:53 +0800
98dce573584f2f7e50a498cd07516de7c21abfdd,2015-11-21 14:54:23 +0900
b7e523660406b1fc00e0304c2734e0900caf5a48,2015-11-20 13:10:56 -0800
3c35b7eef2cfff55bc390b37b56f27d48331c940,2015-11-20 13:00:18 -0800
6e9485d4f6086b41bb2ce943685d1e62dafc7e68,2015-11-20 12:38:07 -0800
c91c0c6e7480144397c07ed806277bfd699501ae,2015-11-20 11:28:16 -0800
9e322c9f834f187b4416f1ac4dac8ac2c906e409,2015-11-21 04:09:54 +0900
4daf55645de7db5477a05ca19e70d7a7824183ff,2015-11-20 10:55:03 -0800
2e3e40f5c3f7a0cacd846e7316435da8f34f8012,2015-11-19 16:46:51 -0800
f4e486918eb5e0a449c1c8e98c3399c91ea28bd0,2015-11-19 15:07:56 -0800
6bef9306c7ec1c17b1fbca780e7b43bff7bc849e,2015-11-19 22:23:11 +0900
b99b96a00f4a02918876fb7fcf49cff52346a1c4,2015-11-18 17:18:30 -0800
d169b259117a2dbe00fa36529623280e64b71339,2015-11-18 12:16:45 -0800
2c0acac866b345943ae563abd678666b8e222a03,2015-11-18 11:01:32 -0800
4a9f22d2cd2b249e7af77a4913d002cba93126de,2015-11-19 03:56:44 +0900
5d3f3288d505e24b9aef1129b066e335c77c869e,2015-11-18 10:28:53 -0800
96110296a6bc3ee1e8e483a200490f2f358445cf,2015-11-18 17:04:28 +0900
2c3d35955b2f921848d133e8b647f37458c5aa12,2015-11-18 15:16:09 +0900
afdedaf8bc2bb8cd1a6623768bda88e2eac6f1dc,2015-11-18 12:34:36 +0900
405366b6be7deca57f3a95791fec66cb92836a75,2015-11-17 13:54:46 -0800
1e6cae80fdf1e4c203a2afeff19d424806aac0f1,2015-11-17 11:15:36 -0800
03a2d5c22e21df32eb3125e047f8088962741971,2015-11-16 23:51:01 -0800
885046818f9937dc0ced221e7ef8099088f6e90a,2015-11-16 13:30:36 -0800
d5543395691ca0baa8a879fb190531ecba56edce,2015-11-15 18:58:23 -0800
fc5d9079bb080120932da496635b8e1bcf9c7f54,2015-11-16 09:33:18 +0900
0d5a006adadcba216c42d969fe6972cd31a283dc,2015-11-15 14:43:41 +0900
355742c3a42ef8c24baefe37bc6bde19be8a63cf,2015-11-14 18:39:56 +0900
27fa641e239f03624abaf800b6979fd9ed442a7b,2015-11-14 16:37:38 +0900
03cef56ba87f5bfa9ede262c07e1c4b71ca70147,2015-11-14 15:03:29 +0900
4decc2132eb2ccfca396fc5304175cd17fd8da5f,2015-11-13 15:13:07 -0800
9fedfbc09f9ee287fc9439c1feef00002e741eca,2015-11-13 14:30:00 -0800
d0d9bbc7e78d681adbd45746a7be90ac454febb0,2015-11-14 04:58:02 +0900
835bf945c167d5db4439a19baaa469ac90b6a9d0,2015-11-13 16:25:18 +0900
53584db94aa3884093584d092400fac30d79d571,2015-11-12 20:07:03 -0800
0a78fcac528d3caec8a64cf2147641eed15b8883,2015-11-12 18:25:46 -0800
748421aa1231ffe08a9e6f8224cd1ed9e641c7be,2015-11-12 12:30:41 -0800
1e21ecafa594364e90a1453e814728466230c115,2015-11-12 11:07:09 -0800
0b42c728daecfac31b78d7fafcca81339d902bdc,2015-11-12 12:19:35 +0900
4fbc9038e509ef4971fa2cea2456f3ef93c0ce86,2015-11-11 18:08:39 -0800
ef5403a75df33c009f9c534f2a40b9b9b07af8da,2015-11-10 17:31:14 -0800
2515c5377ee97e3dfcde54ef49cf3446ea209881,2015-11-09 10:55:53 -0800
43b233e892918e30acc255b43ed0abbffab61f00,2015-11-09 08:57:22 -0800
38411c23a267872cfb8c32f84e7f79757cad89ea,2015-11-08 00:31:51 +0900
06356322a729d5de6a363cda79dde56483d38f91,2015-11-07 23:46:02 +0900
9ea4d6a749f6f3ec88ae1821f5a4a67fe3ca3610,2015-11-07 21:44:56 +0900
0a5c90cd38c8f4582a39d40dfc69234e8412ac2f,2015-11-06 12:47:13 -0800
f2886940ba84386236afa52f1b8a2baa245ec44b,2015-11-06 08:46:02 -0800
3a297b691648c75d6bfdba36ba8933b0ce63ed73,2015-11-06 08:05:42 -0800
8f1e78f6a7fa933cab1426c803adae11bfe627ca,2015-11-06 12:00:57 +0900
45a861f0f17fbb74aab5bcd107c73da15f0e96c1,2015-11-05 18:08:11 -0800
2cf169d782d730abb611036accc38d7b9cc568cd,2015-11-05 16:41:47 +0900
ad831a1d1056026539a931adc5c4d7e4311a1655,2015-11-05 11:27:35 +0900
d856969f60c1a51d18fccebf078325a81cec5581,2015-11-04 12:20:35 -0800
e426de4be7ed57dffa4b2eb8fc1b4ce4252328f9,2015-11-04 09:00:21 -0800
70331278ff71dcba5442bb4b9e5026a536bc8238,2015-11-03 17:11:10 -0800
5b65c73e9787867d8d1df4c6192956a965f5d8a3,2015-11-04 01:24:43 +0900
7d1ccf1ef0ddecabd4f1d98f1db0a432b3a06115,2015-11-02 18:58:36 -0800
f5ee672c83a921cb3ec963a82d654bd2b9cf2e5d,2015-11-02 09:00:11 -0800
08bc6c645ac0f0ef4e0fcb42edce1e1cd07a6242,2015-11-02 08:11:31 -0800
d1c5c2422b44db2963a3153f8ce3dbf015283f80,2015-11-01 13:09:22 +0900
89e74cba8e1ce6ecd74d7b7fe804b5353208d22b,2015-11-01 11:57:02 +0900
c001de6e73a4a7dd072bdbd5875cb7e2d62dd22b,2015-10-31 11:15:40 +0900
f5c9f48dad8cdb011c2d64a00164d38e094a49a5,2015-10-30 12:12:35 -0700
8efa4d8e61bb8b34b09998650d5185c18cd1ffa4,2015-10-30 11:42:13 -0700
6675ea8b18c1196bd5025e5f521ac96e37f9647c,2015-10-30 19:28:36 +0900
94e75b30ce96dd8f8d7944119f42a11f17a97752,2015-10-30 12:05:30 +0900
f10e8d35d72a3fa5c454b4c6db8c5ef400d693a7,2015-10-30 10:42:13 +0900
49b16128ec9a55983c04fba77338277461a7d7de,2015-10-29 16:59:50 -0700
a348df538cfe65c32cc3ba2ecf9f56eb7c175522,2015-10-28 15:28:59 -0700
709e217d39b5aefcfc4f820bcebea2fa5788a5aa,2015-10-28 09:38:18 +0900
c4d93e1e8de1612ca74f8fe4feb8f73714dd03c0,2015-10-28 08:40:42 +0900
ebbbeacc862e205c3ee05c41f22d061d0b9cd57e,2015-10-27 15:03:25 -0700
db046204731ca1f02d9b51e64b997007734a1260,2015-10-27 13:52:16 -0700
5bb6ca55ca000c669326d40739e3cb04f6e4e7d0,2015-10-27 00:02:12 -0700
89453cee427d76684efeaeb06f2e095572ff8a56,2015-10-26 00:04:04 -0700
ba1f9617e740c7c37b626f39f6b018d66c6d63d2,2015-10-26 14:25:48 +0900
6c05acc82c7933c40c820bd2e490bc4541f6d2c8,2015-10-26 07:26:35 +0900
09056ec51969c08704555066aece246387cc80c5,2015-10-25 19:36:02 +0100
76e4a4813fb4fd898cd695da2dfe466ec2f2f5e4,2015-10-25 13:17:47 +0900
5bc76b9660f853515afaf4c9e8c0b019a5d52adb,2015-10-21 15:31:01 -0700
f9f0e63b3bfce9ad03ebc86f780fea81f16b7e7d,2015-10-21 12:39:09 -0700
59fc35c7a47ecebc37535223164576d895381b59,2015-10-21 11:30:25 -0700
9f35d246e1af3a347d343f58fe17548d291a8d62,2015-10-20 14:34:32 -0700
6210ddd4b249d872f12e74b435f31431b7593034,2015-10-20 18:35:46 +0200
ac84b8de9101e67e0cbb684350d420f3dd554a6e,2015-10-20 13:50:24 +0900
65ecdeea62c5491830e201cf14dd4d84aa4a32da,2015-10-19 14:02:48 -0700
fa271af57b3f00bece1e93a62e966dda4a710c1a,2015-10-19 12:54:34 -0700
223a9cba3b515b2af3ed9c95febca0f9ce978c15,2015-10-19 10:58:15 -0700
4c072712b24e680481b065d887b749c66840d34a,2015-10-16 15:19:30 +0900
1e598fa388e3766841e1a4cd17f48710efdd59f2,2015-10-16 07:42:59 +0900
b077695e53037bdeaa4f149414d9e9ec4d786e98,2015-10-15 14:58:42 -0700
7080e129d4c6aea51fabcae04af5ab137b3dee3d,2015-10-15 11:36:55 -0700
16cb0009ad7d2f0f078c14c36fa8805a2ce807fc,2015-10-15 10:59:03 -0700
ed66b6e991df55036a97f02ff52ed13cc71f4565,2015-10-15 20:58:34 +0900
a9fc25862e8b36039adc1a9d2f27108beaeedfd3,2015-10-15 16:15:17 +0900
c43d9cb8f9bcc40cef0da3558c186c57bc3bfecf,2015-10-14 16:46:39 -0700
d9258987da9e3c7c6cdfbb171ff116cc99a5c162,2015-10-14 14:54:10 -0700
b6aaed0f5b65e9d71113aef37f2ce6d0703f1f3a,2015-10-14 14:06:24 -0700
8b7189bd764cea5421d4810fd5b024b935e3e67c,2015-10-14 11:56:22 -0700
e9a17d5eaaa93c7f3fdfd963bfaaf80f892e27e9,2015-10-14 10:16:46 -0700
74665e89b0851f9210d5bf954e10aca3fd9d8f91,2015-10-14 16:42:44 +0900
4f36b0f7bc490d4aefa701cb036f097ed0397dd9,2015-10-14 13:36:24 +0900
06db1ab1fef6dd87e2eaa99b4c1b228c896a07ec,2015-10-13 00:12:43 -0700
a6e2218b5bfd7e74485674024cc6227a2d8693fa,2015-10-12 23:47:49 -0700
1f88736d0307abc38edde0a1dd49a8775f3546a6,2015-10-13 13:42:36 +0900
f478f25a09a4a148a3059e530d8682371c2f6902,2015-10-12 11:42:25 -0700
7f0c082e8a98e5923c09cfb4d9f20dd0f87d22ef,2015-10-12 11:16:47 -0700
7fc52a417f33d511f184a972d6b91e16eb491eef,2015-10-12 02:55:48 +0900
beff499dce58a277cdd295f41e09119318d13fe3,2015-10-10 23:10:02 +0900
43ca6a89c46f3a713830758a5e9be403a5b1ffe9,2015-10-09 19:36:29 -0700
932206944e24b7577d00075ae1985e446a5347f0,2015-10-09 13:42:04 -0700
738c51d11789a533d5e12dfe8e02d7087c2fae37,2015-10-09 12:52:30 -0700
d3774be9f6be6b6bcb895dd2db7f5385488a9c10,2015-10-09 11:37:30 -0700
69d1845979442bfbfa3e10722b320ec0b0055506,2015-10-09 10:25:49 -0700
5f238d016f4a51b86c0fdfb54f1db99ff71679db,2015-10-08 18:02:52 -0700
d7ab67ad4dc44c57eca6e9dd92b2b70e107638d6,2015-10-08 17:26:00 -0700
b09494c09ca7bfabb1111e6bfef4ea0d0df8ba49,2015-10-08 15:31:55 -0700
0f1df105844466f92936e93cc9327eda58f3a88b,2015-10-08 11:19:48 -0700
9a9393547302d00be271cf3d953c023be6238794,2015-10-07 17:10:29 +0900
1a2889a29255e31cf76838788f410e163bf10b15,2015-10-06 16:39:22 -0700
59e9317e4c0ad8f31f79810b8ecd286e4a0719fc,2015-10-06 10:48:57 -0700
fe9f50878e6f3592a375548a593c00fa1164ce71,2015-10-05 14:36:13 -0700
1608010049dc9de0c24cbdc70fb35ebd2371708e,2015-10-05 14:15:36 -0700
92e50d8f7dbdacb1ad24d02eeaf9e2686cde48c5,2015-10-05 12:11:59 -0700
ce017df225ab618d654585d9c23b32aa3f0e265c,2015-10-05 04:45:50 +0900
b9b8dca4aabed02554d631a33e8b1d3be4e04b61,2015-10-02 10:31:06 -0700
23ed475e9c0dcfe2000582a1e1d6278112b40819,2015-10-01 20:45:03 -0700
f7689fd9fdb853a6550e92004c074005e140a1f3,2015-10-01 13:32:26 -0700
9c5b9582ad7a309d63beef9a3e9285cce9ab3e63,2015-09-30 14:22:54 -0700
cf4a460fd85f3d2dad019592a316575baf168f4b,2015-09-30 12:50:48 -0700
535ed1501ba299f8510ce622c4a7d5283e48d5d0,2015-09-30 10:45:02 -0700
89435324fa3d19c7a8f57b1e45e40c0ded683100,2015-09-29 16:37:51 -0700
c7ba94c32798a2bf1514d56cf10528074749a4b5,2015-09-29 13:06:20 -0700
90e8e2b470568daee2c399016d7381b528d5e25f,2015-09-29 09:51:44 +0900
942af9b3f7d22a64da3ab54f712a94fdd90781a6,2015-09-27 16:04:09 -0700
193657ecb9f7259fa0e8053ce0b74124558eb350,2015-09-27 16:00:01 -0700
8a3213ba6a189544bcbae0368895e530f1c25ba3,2015-09-26 23:05:18 -0700
7f2d6ff74f86e1b73d4cd93152bbe62277261dda,2015-09-25 17:09:06 -0700
a620f4630e93fb0e84764d85fdf0a1eb16317d7f,2015-09-25 16:34:12 -0700
db8dd549f60bbeee12b632b75187ab52914ada0f,2015-09-24 17:02:05 -0700
23f677d0c2676d9d724e818227870d76af0ce3cb,2015-09-24 15:43:35 -0700
0e3b7dbd8d6cac8e3b02cca83b8e869c362ef149,2015-09-24 14:57:38 -0700
ec91b53a9aa3d77eec183fa2816827418dda38a1,2015-09-24 13:13:27 -0700
12aea93c657785b7ff1cfcb13b671e196b25b1cb,2015-09-24 09:57:46 -0700
a1851ca00e1d18f29479103f25f29540a784f626,2015-09-23 16:21:46 -0700
31fcd1ecbcb3c35e39e9c86171c04632afe530a9,2015-09-23 16:13:33 -0700
19809be3cc4691a29e94c826c4747ba043f8ea4f,2015-09-23 11:00:19 -0700
0d9dc4f47e1f84606949f2c96f468106d9860126,2015-09-22 23:54:21 -0700
c538cb74fb6e0dfdc275e1c558bc21b9666512e5,2015-09-22 23:19:15 -0700
4f3589369985883f4d72694c7c8bcf18f2821fc9,2015-09-22 21:09:25 -0700
dd9be45b9ecb6883bc769fc6d5fb6a51350406f2,2015-09-23 10:40:28 +0900
c09150067a8d2e6fdea0d84724680d90407139d3,2015-09-22 16:24:01 -0700
7849ee670d1953b6e72396ed908826143f8cea1f,2015-09-22 10:39:38 -0700
30d8d34de835d80dab22e52f1840bd0132c3fa24,2015-09-22 15:03:38 +0900
af2be6b99720ba04269461c5dabeb874d5b46b77,2015-09-22 09:17:42 +0900
57b2ab2792c05ab9252c159395a2ccd595da1ea9,2015-09-21 16:10:01 +0900
189c5acba1bb5a1f8e1393a02dbe643676f959fe,2015-09-18 21:10:52 -0700
6eefbf1cce4042c3603bf84430097b1be6d4d860,2015-09-18 16:59:47 -0700
e0a00f484f91ed40111c1f2a436dbd777d0d2336,2015-09-18 11:31:07 -0700
3cafd8c0d92eb7cff3d83f26fa5bfcf87046bcfc,2015-09-18 10:10:49 +0900
8b31ee0e2343ce5377440aefde177e18c011c5ce,2015-09-17 17:55:06 -0700
26209180fa3996cbf40919a7e8dfb624e2d8b66a,2015-09-17 09:31:39 -0700
ed3d8a40e925b88e9030ed9ce769d56f2d2a4ab0,2015-09-17 00:03:52 -0700
d23f2659426974e520a7c791301cce159c48c994,2015-09-16 18:13:36 -0700
1f1c7383cf24d6e867c6018f87c0b45ff64648b2,2015-09-16 16:28:57 -0700
aea64d9fc56eca01605917373a79fd8b50ed4404,2015-09-15 16:17:40 -0700
78a02dba6ea42831a82515555157c9fa4aab9edd,2015-09-15 16:15:38 -0700
bbb78b769efbfb2806ec03eef63a37ca93971765,2015-09-15 15:42:53 -0700
528d8ebbc0066c774a925c123aa7c720730ee2c1,2015-09-14 16:41:33 -0700
8382114b08e5debf0a2084d81be8ac3b3ccfc56e,2015-09-14 15:29:55 -0700
48c16b8ce4dfa4423881a9f6f199e0998c547fed,2015-09-14 15:22:16 -0700
582284e6db28848e149aa738bb96d1a1e5eda1a7,2015-09-14 10:36:07 -0700
3cac2d4af376d38eeb0951fec06c643e23e26b8e,2015-09-11 15:17:27 -0700
e742d7ebca72cd250957b7e2cd10e6adf07d8779,2015-09-11 14:20:16 -0700
db4c1b55b8bb706f64a6977bb1044468e9f321c9,2015-09-11 14:06:57 -0700
1ba890433f82496bfa15c2971a7621d6c77d4226,2015-09-11 05:57:02 +0000
4927a0163103376563b7bafaf66ddbb435310e17,2015-09-11 13:59:27 +0900
3bf89fe78e859da223e96bd3e7f24eb471cc40e0,2015-09-10 18:30:32 -0700
61e882a159f03ea62ae22bc4da730d9926b299ce,2015-09-10 18:27:44 -0700
ee1a6295e3720d13bde261c5010a653692a90f9c,2015-09-10 16:47:13 -0700
c9b0376e8b025bd2ad6096b50a7bef87d61ca4a2,2015-09-10 10:41:04 -0700
d32c698e03e3321ae9bd18d8e71b9cd0fe2f2f38,2015-09-09 20:17:55 -0700
a3cf683a2adc257276b1f8cacffdc29bbcb39649,2015-09-09 13:10:33 -0700
02156e86e66e8fe3b279713d19205a79ae6d5c54,2015-09-09 09:46:38 -0700
875aaa0bcbda6702e2f17410f0272e8bda8368c6,2015-09-08 16:47:24 -0700
603c71491937691137579b1fdde22423310ef5c0,2015-09-08 11:17:06 -0700
4b77bf57d65c434e6291258b3f13e52fa8d3d4b9,2015-09-08 10:55:56 -0700
ac20da654398c90d953f8a6e81f20711d00a2e4e,2015-09-08 10:51:05 -0700
d5cbc52d20026b087729887523e9056533dde7eb,2015-09-04 14:36:27 -0700
f2cd5975da55cb3f0c44cc077dec83f4da860361,2015-09-04 13:28:08 -0700
0e47fff5716f6d2500fceb51a5895ae025241cd3,2015-09-04 11:35:24 -0700
8587b42dca38dbc96ead93138b603a894671ec28,2015-09-03 23:07:26 -0700
bd9326aabf3c3b955d4063906a3614bff7587d38,2015-09-03 18:18:54 -0700
cb06c5120d17192b9a0bdbee92c244ef6add8f69,2015-09-03 18:14:22 -0700
afea0694b266094f455ba618706acb0849507515,2015-09-03 15:39:42 -0700
9d67b8b13d98008d5cfe5fa9e8b2a857ad1b8a17,2015-09-03 14:35:40 -0700
3120e64550ff7de2867658861e3baab5599374b6,2015-09-03 13:32:11 -0700
130859c29c2d59460b8fa30b328591b7411ad3e3,2015-09-02 00:35:10 -0700
803028bee1e9bdf75d380e95073669e1bb00f328,2015-09-01 17:25:01 -0700
cb31da9f2d0f5169a0d7583c56d9ff274147d0d0,2015-09-01 12:58:46 -0700
14b6d4b59c28b953336df693cd10948b02d3c0ad,2015-09-01 11:08:27 -0700
234a91a1c45fbda7a5e7b8407b15f9cf1e090fd9,2015-09-01 09:52:14 -0700
fae8298cc3bd962b722b11a95dfed176168deb5a,2015-09-01 10:57:57 +0900
98e9c796fbc61b6396d2f28ccf233c6231f6da27,2015-09-01 10:52:54 +0900
e374351a957c437f29fe9b61f3cf9f703e40ee33,2015-08-31 18:08:12 -0700
ad431b09799ac6d5c975d6c07bfbf54bf08d2652,2015-09-01 07:44:44 +0900
2516ba49b704aa080fd0c9097b9543472e7a34a6,2015-08-31 15:27:42 -0700
f1f8df847693bc83350904b045f0295c9920971d,2015-08-31 14:05:11 -0700
da53650916fe44967363daca8e965fa26fbcc974,2015-08-31 13:44:32 -0700
38e1e705134d4891d5dbb775c6d466a12aef2e7e,2015-08-31 13:28:16 -0700
2cd1e4bf3b4e3af53eabea6a92cd9ddc0218cb61,2015-08-31 13:21:33 -0700
fdda92bc769fed86781f72b6afda3d507ce9b8f0,2015-08-31 09:55:23 -0700
2d0abfddd4744d8c2fb7883393e2a6fcc701fb70,2015-08-31 09:45:16 -0700
6c8a460836c52197b3d700d704480e804eb0a9eb,2015-08-31 18:21:28 +0900
fbe7118c4859a4e5cfb632ad79e407f2221000cd,2015-08-31 15:09:27 +0900
531ddd9f33df0e2c6a9b63bfb876aeb9a51a8196,2015-08-31 08:39:35 +0900
58811a7cc7e8f73c4e55303dc2f7e71e5f3d7cee,2015-08-31 01:51:38 +0900
073f18e4043cb598d7bca129716cf4b3400b6f7c,2015-08-30 12:45:23 +0900
4d5ca8b0782d28259d543789363956cc96d74f0d,2015-08-28 14:56:27 -0700
fa9d49af432aebfe0d5cfce6d9e3391e2165d801,2015-08-28 13:30:52 -0700
9b1925d16d3d1f9ca80231fb63292ab2b1de6a9a,2015-08-28 13:27:24 -0700
f3fbffb4fdc7f1c890ade7f4158ec445ef76352b,2015-08-28 13:22:30 -0700
3325748dc61f0db8285efd2f0cff225a9dd45a18,2015-08-28 11:24:06 -0700
9cab34166e91f57ce71b3170a17003bb93a0779f,2015-08-28 10:54:12 -0700
b89ca82f2856505595a69ad72351c7824d4ab46a,2015-08-28 10:43:05 -0700
8c494adf9ae902fcb0a5d6e62f88a9fe15866cb1,2015-08-28 14:00:45 +0900
a9919be4a6ee81c5a68c11b714bbd7945c386b1b,2015-08-27 17:31:23 -0700
cfa149a6e35d0ab61ed8cd35b2d83a1c70fc8f5b,2015-08-27 16:26:33 -0700
fea1fbd3d90dd965369497d1cc8480aa1ed37dd1,2015-08-27 13:31:06 -0700
ff336f33f75d783deb34fad1512928c67131b7ed,2015-08-27 11:21:00 -0700
9b971979f816a58ada37212fcd7757331182141d,2015-08-27 11:15:06 -0700
13350af6357b0b36b9fcf9c9467deaa5e83db9d7,2015-08-27 08:55:59 -0700
67510311a55c8c7e8c07e4d7cb63a349f1131325,2015-08-26 15:40:43 -0700
3e8b862b4570ec4e5555dc05f2ed4e7c73dc985e,2015-08-26 15:36:20 -0700
d09250e2e4dcd607b562f8f06cfdb50c35010c05,2015-08-26 14:56:29 -0700
63e0c074c5df4453e1b7c5ecf10c6cd7bb0ccd80,2015-08-26 11:46:23 -0700
9152ea7882b68f36461cac8a2b1d3dcf671f011d,2015-08-26 11:36:57 -0700
df213c16680eb4593c93afd9df9f6c9dead3b521,2015-08-26 10:17:19 -0700
8efffd910e21f390a2ed08d4d9a84ce8ce9c2e51,2015-08-25 17:51:55 -0700
9b16d54cdef4c68e580e3dc0625ef9fc9043cfdf,2015-08-25 17:48:45 +0900
4a9796792e1d68ee9a0adc221626443ba7df7dee,2015-08-25 17:06:48 +0900
1dd68f70e4760ec1e08692d09d0daccd8015e90f,2015-08-24 15:37:09 -0700
3fdfdfdf6bf6dd003d615bdbbd675afc5ae8b85c,2015-08-24 13:49:29 -0700
d92ab9885f6cd955b5f9098e6e47164fa216b6c2,2015-08-24 12:49:24 -0700
a4c78c4a4a41cf6a6ba6924a48d9873c4245d12d,2015-08-24 09:51:49 -0700
3686fae2b36a9adf5eb10d9030e6f9f3d7130680,2015-08-24 09:19:03 -0700
4aeef3e9e4be2c2e60ffb735b6bdd91d040c0642,2015-08-24 09:13:31 -0700
8a6e655858dfefbfa883aebf57a53de57b20be08,2015-08-21 15:59:07 -0700
0850674bd476c21de2c714fe378de7aaafb229a5,2015-08-21 15:09:05 -0700
c43610fb154dc9a6026c9501b4ea6f902f7f1507,2015-08-21 13:42:52 -0700
d3a02c464387e7930833f0086e3563b2bf7e75a3,2015-08-21 12:27:25 -0700
2d67da786f4ec4b4dcb885ab471c78b8f91d8dbf,2015-08-21 11:25:13 -0700
4b7288de85938fb21162c24fad2b513f3019ec0a,2015-08-21 10:19:35 -0700
7241317b5b12da7e8a087febcc3ad8b72c6987da,2015-08-21 19:39:11 +0900
56427ca4bc9c10ca67d82b85c63ac64a3e433ba3,2015-08-20 18:17:21 -0700
1afe37a834652afa3ce48ba1bc8b757f386fd666,2015-08-20 17:21:48 -0700
2bf49201ca58eb222540a1da52a169a84cdc3037,2015-08-20 16:22:45 -0700
7dd36d7028fceecd7bd57eefc957acd763be8e39,2015-08-20 16:17:03 -0700
68e19c8188685645e6475e01dac61e60f0ca7c76,2015-08-20 16:13:05 -0700
7f5685b3893b8e2de3e7ee3b218e7563423d2ed6,2015-08-20 16:09:19 -0700
6e994d25ba75ded3d4b724c365b1c25edd89dad5,2015-08-20 14:17:44 -0700
547f2d6a843ae45c5102227f0ce9664ab69ce409,2015-08-20 13:45:53 -0700
2a453f64a278d68ea0b578be4beb618c6e6410fb,2015-08-19 19:32:08 -0700
2c00d89108319f6545a57e6e5e5d441bb7cc1830,2015-08-19 18:02:22 -0700
f8d8cd42760dd08d68745c774296f7e0f5205d15,2015-08-19 12:33:10 -0700
658507289dad56a7379fa9f90a60ff99e8415e1f,2015-08-19 09:50:16 -0700
6afc9728ca30ec491d96c2cda4af02ed36659f13,2015-08-18 09:50:08 -0700
e999e994c9439261cf2b1e7ff3d4d70eff8432eb,2015-08-18 09:13:58 -0700
1ea4d64b14260db063cf22a3d791795b1af5bc97,2015-08-18 08:40:19 -0700
c2e791628fd2d13d92a6780d687da5d526149e7d,2015-08-18 13:05:08 +0900
a98a5ecb53ac492be38621fdf3c6c1f456f60fff,2015-08-17 15:10:57 -0700
4a5a6672e8a76a78b2ef6a477a73bfba574aed44,2015-08-17 13:34:56 -0700
e1a3860250c2cd2e621e65362f6718294b041422,2015-08-17 10:08:30 -0700
92806d0df809c8a05d165422420e716bddc29d9e,2015-08-15 13:10:48 -0700
a89fb6859f8830d2628e9632332adcf461f8bd9e,2015-08-14 17:10:34 -0700
59489156c6d42f24997217cd33e9f047e568dd8c,2015-08-14 13:05:09 -0700
7395bc681aada18febabcb63deb74d52438ce57d,2015-08-14 11:21:24 -0700
338d87c2b2282ed60c9eaad7951bec493ecfa4c8,2015-08-14 10:37:54 -0700
7bef8e75512998086b7fff54bec095e55a71c1cd,2015-08-13 18:42:24 -0700
73ff56478f8725930f6e52f1eea6e39b10eeec89,2015-08-13 13:46:51 -0700
46de9e70a09d0dd54340ba4d5f41718959564525,2015-08-12 13:59:26 -0700
fd18d2f40483aa36be50dee58e192b1599f81cb1,2015-08-12 14:39:38 +0900
9b656a2020e9c9da83ba7b4c54a4f6c746f26123,2015-08-11 12:43:49 -0700
acff875347227d4c487d6761465e7db1b9440d53,2015-08-11 17:40:17 +0900
cfdd28127dee4f1ef2d1dc70d21cb040398b929e,2015-08-10 18:15:37 -0700
eb7165a8acd318ba29ebdf18b591c48cebe57b00,2015-08-10 16:10:27 -0700
4f5bb42c511d43c63644e6962982175023fc2b2f,2015-08-10 16:04:57 -0700
20ee916d8740bcbc2633c8025c5c47eb57795415,2015-08-10 15:54:40 -0700
0918a67fda19fceed338515e080ea2aeb56184c2,2015-08-10 07:59:43 -0700
ca5b964ef0ab45d7c0cc9e3a34ad14dd220a55dc,2015-08-09 17:26:50 -0700
deedbe3cdb74d387bafc7de3972da17ac43193d0,2015-08-09 17:00:32 -0700
1dc1cf3a55335a7948b2602ab5eb2b3bce947726,2015-08-07 18:02:22 -0700
35674a3df485838c69bde815fbcde9e27b366ca5,2015-08-07 13:45:01 -0700
593690f933a6a0089c3209d0346be51519990bc4,2015-08-07 13:39:59 -0700
e811e2267242aa5c72f0adf4344b8296be17529f,2015-08-07 13:30:55 -0700
0d75f23da5e9ee71c83e3d8a916b60bd9a2b0544,2015-08-07 08:57:27 -0700
2f0cf34d85c988c9f4340f1f7a702ec588f22790,2015-08-07 08:55:18 -0700
3670eabfc09d2b28031f30f74fa3a0b3ef97170e,2015-08-07 18:10:47 +0900
b860e04be23d08d4a12b52b18f5aeb7cb3e4e402,2015-08-07 09:27:44 +0900
4151f059c6668839f9bfa01fd673bbaadcdf4aa1,2015-08-06 15:38:23 -0700
2a09c826a06ac24ee85b99f3267150e543e65b46,2015-08-06 15:20:37 -0700
a7b6557909643a6b7fa6dcc32388c48cf9f49f6d,2015-08-06 12:51:57 -0700
f9c4d4e5bf126c70e1d091b3b36c8a0a4a6a51ea,2015-08-06 12:48:28 -0700
786f7e5e510a4f5ea5c302be2a966134123e0796,2015-08-06 22:53:43 +0900
9f5a0ac509dc29dd788712f79cc29b38bf7eeb95,2015-08-06 22:36:01 +0900
b6e5846f8d5ff9b56a58870bc837b28d6793dac3,2015-08-05 12:01:48 -0700
9d107c9063902e9bc84ce45c416ed57d24bc3d6f,2015-08-05 11:47:24 -0700
8598d4da617d187b533230017bce2f7ded1b5c1c,2015-08-05 11:37:12 -0700
6702ed58607d0792325c384d8af51c62c1b69c28,2015-08-04 10:44:06 -0700
2c994ec9714c2ce30f237c1b808e6335019e754b,2015-08-04 15:41:07 +0900
0181e2ccaa697ef766455770d0bba4e7023cad31,2015-08-03 20:05:50 -0700
9c820fd55b6c6547dd787b165008d8b366bcf79a,2015-08-04 10:47:30 +0900
74282695aa85ca98e42f895e674242dd6872ff8d,2015-08-03 15:36:10 -0700
05792696abfe2ad4e5913fbd0af3e1ad78c0d1d6,2015-08-02 18:14:29 +0900
86413669ce69195c8af9d92c82ed251432a6504c,2015-07-31 14:13:00 -0700
9ebba41b2043e5c88405970988918f9e16f45640,2015-07-31 12:42:24 -0700
c9e1bf9b3d73d04e34e76236a6818477ed4f74e6,2015-07-31 10:23:55 -0700
84feeaf6a3179b0b3307ca6ac8b126446c87f016,2015-07-31 11:57:40 +0900
1da62700f3dc80fe684a0d7ccba99fe215fb5ca9,2015-07-30 09:42:04 -0700
aee7bebf547012f73cd9af538f5dec6df6560ed0,2015-07-29 16:36:03 -0700
88c63e456278c2469bd7d8a3138d86e96f2c6d99,2015-07-28 19:41:37 +0900
141c7fa08cbcaf4930f6456d13297ef89ebd7b94,2015-07-28 13:56:39 +0900
e5aef16163553e11f28ce80fbe61062a66154f1f,2015-07-27 16:49:49 -0700
cd91f6312c3bbca7052f9408712acb97ed8e7ec8,2015-07-27 15:42:32 -0700
5c897d534a7e3fb29d075a8253f41e4a9fb3e54d,2015-07-27 15:41:17 -0700
037866c683c771786e7b4e3fdb85b903f4a349be,2015-07-27 15:31:56 -0700
47b3ad7211dcbd51367f27f9966da9a543bcb495,2015-07-27 13:08:15 -0700
a5cc9729912e8df430e1d8f37414b9eaff7d5107,2015-07-27 12:41:15 -0700
7b4f9f13c3851ee590e9caf345b5bf29c8cb1501,2015-07-27 08:44:04 -0700
7d7321496e3d9126981ce64381e7131375f5be02,2015-07-26 18:51:59 -0700
bfe115307f60109055da9e0253581c86d0e50990,2015-07-23 17:19:12 -0700
01a303d7810da6ba350b3e243c8f9e12e4f54af9,2015-07-22 13:21:24 -0700
bc9f5b54db4ab2dc39d189556133593a66d625c3,2015-07-22 10:52:47 -0700
25735bfa540af27651e293aae99fd6052bed36db,2015-07-22 10:25:50 -0700
7824be835cdacf21512df355d6d79a8dc5a6d11b,2015-07-21 21:50:12 -0700
d0779744261ccb54d8b21e9d2503bed10d9f396d,2015-07-22 10:39:51 +0900
84becf50cf65a30849569111b11956dbf8bfb4fe,2015-07-20 15:44:25 -0700
06898622f61f197187ecc0dd799f849b4e8c8ff6,2015-07-20 09:42:18 -0700
60b9eb54bf47b6a0285d98276abb82eb703135b5,2015-07-17 15:28:36 -0700
13ffefeab80dfde3cfc20b7018ba7f535d95e1b6,2015-07-17 13:02:11 -0700
8505dee942f924cbfd72d631bdaabcb20c125f02,2015-07-15 14:44:34 -0700
5cdd655e43b567c544054f37104aedb8a2303863,2015-07-15 09:57:03 -0700
33812fb0117ba65c92ca96b18f2eeea5d38101d2,2015-07-14 19:10:56 -0700
f78c88c1182a9d73e8ca0337a046c8cf176e3152,2015-07-14 12:39:19 -0700
ac1555b19c715f3ebb3cb6c59561b2df1ff22a4a,2015-07-14 00:06:02 -0700
f632869a531591d6a7ea88f02162220fec5a944d,2015-07-13 09:28:40 -0700
28e5ec030c3fab0118224a6ad147ffa05de1ead8,2015-07-10 12:32:12 -0700
41ff1418781f885e4847e1c6386c40c9eeb30db8,2015-07-11 01:29:04 +0900
84ff5021cf17c1943ae38a051779c721e831b358,2015-07-09 17:10:52 -0700
4cca54bb82240ef0002bf8c42e7a31e0d8a08c99,2015-07-09 13:52:24 -0700
4853a285780b0d93ea654c2ca86c01b4ca3b878e,2015-07-09 13:29:18 -0700
87c181dc817d854f5d62c6a4ecf803b8673a984f,2015-07-09 13:00:18 -0700
3aaca18417ca2553313dcd0a85516dbd09b58d72,2015-07-09 12:19:30 -0700
b6b9e39bb635b0e43b6d5adecf8cc9ac31a3748d,2015-07-08 09:07:24 -0700
b0c38dff97ad5383234c35b898021cfe14a1ea5a,2015-07-07 16:20:26 -0700
ba2653d6bfac3aabaf640474efbdfcb18c87baf8,2015-07-07 13:56:04 -0700
ec9b497d4eadd8ba1e73c077c9958abd2d30a2d4,2015-07-07 12:33:02 -0700
eb5bc9e318f84fdcd6f1de2025505864ec73bf88,2015-07-07 08:56:48 -0700
6279d7d85ca428b18be755f49133a24c3218d241,2015-07-06 17:04:02 -0700
1c5926d3609e5e6c8bb52e12227afc5321026b59,2015-07-06 16:26:28 -0700
9769fcb5ba0e5345e9d1908bdfda6c90cfb0a172,2015-07-06 14:08:24 -0700
f1628e8998e356d2fccff8e5bd4b7857af1251f9,2015-07-05 18:28:20 -0700
2ce6c81e21129e038c95fceac33f54f4194e9cb0,2015-07-02 19:11:22 -0700
552bbecc87fab14c88566ffb78d2bdffa2ffb6fc,2015-07-02 14:22:25 -0700
6e7ea503b23f4df943e799be64166d06e237414e,2015-07-02 14:09:28 -0700
5b359ca973b240058c6caf36d8bf6e6a91573d33,2015-07-02 13:19:14 -0700
15dd786988d9cfb5d456a0c67fb3d92ab9e02661,2015-07-02 12:45:50 -0700
26156627ed29abeb522085e41fafbaf75edb97de,2015-07-01 19:34:57 -0700
6bbc775fb3f783439b9ca9c18023d7fcaad7ba7e,2015-07-01 17:51:48 -0700
85ce1ee6901173d0a77592108d14a758a0d9ae58,2015-07-01 10:30:24 -0700
d3cf5d598522911cd306d135cdb95ce4b5725921,2015-06-30 17:50:30 -0700
760e82e602b36986d13720f2acadf997677124f5,2015-06-30 17:37:46 -0700
1ea52a7d50485daf0fa926e79de9d03880950f39,2015-06-30 15:22:17 -0700
e7550466d144f95bf9aa74b8cdf7caf767c7a402,2015-06-30 13:23:48 -0700
2a37f80d42bda9c896ad062dee6d794b59902785,2015-06-30 12:55:02 -0700
96f9e94fa4b4017bfc95549dc5f38da0b5cc70d8,2015-06-30 12:24:11 -0700
cb134fe34cad031a4e2d2985c6994029f9249b48,2015-06-30 11:34:38 -0700
aab0e6eb57b83378bbbaab7688e1abd9eb108688,2015-06-30 10:48:52 -0700
d81109959decb92d6189ba22438be0882843ac5d,2015-06-29 17:20:08 -0700
e70bb56c20834d96440b541bc5e425dfe53283c7,2015-06-29 09:24:31 -0700
6eac41ac5ca93eabe276bd7f922f08a3a1cbd602,2015-06-29 11:50:30 +0900
1dd187dc33f9be487f73242fd98fadd634f7fc4b,2015-06-28 08:54:34 -0700
32c9645794879874e788fe63d2e6ad5095c6ca2e,2015-06-27 22:49:15 -0700
9c8fee2a108eaeaffb87ce7d1ace53a5c0ef56bd,2015-06-27 22:16:07 -0700
474760f7800cee7f0d00f1dde29aebf8c74eecf0,2015-06-27 15:42:34 -0700
1d2003346d5dd6a4a9cf39c46178bf0f1f755c76,2015-06-26 15:14:22 -0700
b3c1517bf7f23587b7ee532864b7203c5a54fd12,2015-06-26 13:23:05 -0700
d5baddfdd50ef640a36c18b3d871d34c55ca62a0,2015-06-26 08:55:24 -0700
c491e6f5f018a0cd3e79e32ee07dbd4c7446786f,2015-06-25 20:38:51 -0700
f68ce6949f10ae90af4df25f59b626843581233b,2015-06-25 14:33:07 -0700
b459aafd8f729b2db4e1de67ed8672d7ebe8615b,2015-06-23 18:13:50 -0700
ff92266133101749406c4c30734cc8d6308b9040,2015-06-23 17:56:16 -0700
b65ff47fa82f8d7ab9c5a37563f841f1d1699e40,2015-06-23 10:47:53 -0700
35b099caf1ee74f43d624372d8d41db2705343e8,2015-06-22 16:21:03 -0700
2b374dfa51856dc2c29928f889f8358a7877044b,2015-06-19 13:14:59 -0700
647b30a16f250a93e90baf8401d0b40ab6cb3171,2015-06-19 12:12:45 -0700
d79f4ece2414652e627b54c9f569bcd36ea02d2c,2015-06-18 18:09:52 -0700
9f19b13b86f2eadbaab17e508fa8e1e6544b9d01,2015-06-18 16:30:52 -0700
660ee805dae12dcc88fac82851243e2c8d81da52,2015-06-18 13:21:53 -0700
9964d5db32dcfa788632fc8bb6856c1a3744809f,2015-06-17 16:33:03 -0700
8f4f0ec8bacd699d7daa5ab0f5204295ee7ce9ec,2015-06-17 13:42:35 -0700
44cea4921d91a1cef18c9ac7b634a8f0077b4050,2015-06-17 09:48:36 +0900
cd77ecc1c69cba39f46451e158a100162675cffa,2015-06-16 09:20:12 -0700
73298248014e08d4f995ce963d8e5283a42e38be,2015-06-15 21:17:09 -0700
d89c9498a8ff042acb69b87c1f39683dfe1ab281,2015-06-15 14:43:02 -0700
0e32821835bf57b9297fce5fc6a2e288b446e3e5,2015-06-15 14:13:49 -0700
281326ac2d9aae30e62c6e5e1df4d79ebc2e6a42,2015-06-15 13:08:49 -0700
1aaf62d15aeb1adc62277107854422f13a3b0172,2015-06-15 10:00:45 -0700
75a2af245e1e13afed5311c2a8552a6818bb479a,2015-06-15 08:56:16 -0700
53bed07a9965c8a8c8968dd0a6cccf75678fe902,2015-06-14 16:05:50 +0900
85c01c6ceed49b2bc97a6031cc32bf9f16e427ec,2015-06-12 17:54:16 +0900
7b99be95076ae0e4104e2fd18d4739ffb7069db1,2015-06-12 16:20:49 +0900
b8b8308fdd418fe2462e8576a24e5069e6c78160,2015-06-12 14:15:36 +0900
d414bb3b9bd82b4c962e13569cc6268d4ec14bcc,2015-06-11 08:26:27 +0900
de98f031e415ddd9237bf1537af723579e57935f,2015-06-10 06:33:19 +1000
b633241373b1d4de5ed51a81034eee52dfc820ba,2015-06-08 11:22:47 -0700
75c2358233f8562c7d958214399a7598dba98585,2015-06-08 16:33:22 +1000
653140fcaa92f65cd711ee41238191ef6ce6ed86,2015-06-08 08:31:32 +1000
8cc5e0271aa7da77ac4ca31f34477985ac84f420,2015-06-05 15:14:31 -0700
2ccb4d6f9ce60c511e1134e7a46f31f15f32f322,2015-06-05 14:58:44 -0700
8f62c90be4cef1502a722d3142c022b5f7301d6f,2015-06-05 11:32:18 +1000
eeafba31ca296208ae3b01a3b6796f17d8caab15,2015-06-04 17:34:29 +1000
cf158e098391c6df08a59f57de6650e3dac81abf,2015-06-03 23:23:52 +0900
0549aca0b05ff730262d04c1ba2fbaf984f177ee,2015-06-03 14:54:34 +1000
0f632ca864c8356e22981f598d31c89cfd7c4a94,2015-05-31 01:36:54 +0900
8c44564158c288fc9069a6579fbb6f52091bf5a9,2015-05-30 08:52:18 -0700
4b2190b1348ef92184ef59e55d1bbb500835dd87,2015-05-29 15:37:36 -0700
8c4bb098c248a484e4f1e6cf1fbb742f7a6fd7fe,2015-05-28 17:54:38 -0700
429dc5e0782869d5865467084f281b927b96092a,2015-05-28 17:52:07 +0900
5d5771456bae780b4f0781cf6a2e0d75addc5694,2015-05-24 08:32:42 -0700
75f25a267ae9e597944e79c79e179e5b544d980b,2015-05-21 17:57:40 -0700
b9686cd79d11c22ef99cc5d9f6095a41e08a125b,2015-05-20 17:41:55 -0700
8068dc978e845ddec085a00f9f5db5ea039df3e6,2015-05-20 12:21:49 -0700
87c3dfce815f97f13559cd462adfec45cc7f3c22,2015-05-20 12:10:47 -0700
f28fb613b34828675a70b3b0f51771cbe4eb5807,2015-05-20 08:11:12 -0700
583732cf966e2a790847e2bb3c18ac4daa1f96c5,2015-05-19 16:40:24 +0900
20050eb657f147e2ae3d8763a5dbe74e20b04542,2015-05-16 11:37:59 -0700
41cbbcbbe7a9362bac41953a7d0eabe7bf14ee75,2015-05-15 16:32:11 -0700
24f95a11959d2b0cfc855ef300180b66c11e961e,2015-05-15 15:27:55 -0700
de9ff3b1bc37b31a50bae1f271f414406e814b9a,2015-05-14 19:10:18 -0700
9b4b167d29f2990bab4a6c0ecbc3dcab4dd7d7e8,2015-05-13 17:36:44 -0700
af4a19807f7b15368718c5b449f3dcfebf890207,2015-05-13 16:53:24 -0700
c1b7b0528cb00ce3c1a9b020efdf884a90f10d0d,2015-05-13 11:03:04 -0700
16f4e0737084b0c0f8f917c6a489f656ef40e627,2015-05-12 17:49:45 -0700
d9f83715b39c1165b96b582405d49a4241efd9cd,2015-05-08 13:10:01 -0700
fffee854502b5b462c8a284956a17f56c3c5f863,2015-05-07 18:10:32 -0700
7a07abcf6a4564e2c9ab91434227d1ca32d8e770,2015-05-06 14:35:19 -0700
b4152d7dbb3f6ca01769fc390a42728b787af79c,2015-05-06 08:59:22 -0700
a8ebe24e5e626f916dfb6276184284725228361d,2015-05-05 17:09:56 -0700
31d41f88607c8496ebf5c2268b58b8cdc7524b4d,2015-05-04 15:54:43 -0700
cc30a3589eff7acf784c44f5e6aab5229607bc83,2015-05-04 15:09:38 -0700
33b6edf1d5c182129df029aeba7f7badbe4f4a28,2015-05-01 10:58:15 -0700
9e3e09051829cd592ce04274ea9d1c1d72f8e068,2015-05-01 09:00:36 -0700
8674490905999c478f9f403b898e5a302a68bf4c,2015-04-30 18:14:33 -0700
637f9fcaa33ed18ddeaa1e9830c0f2f5a3df8cb3,2015-04-30 18:34:30 +0900
19fdfcc65f4dc1c86e0a3f20928a93f38380e67e,2015-04-30 11:55:20 +0900
2d37964c47dd46f99c431e0f57d62a21e06355e5,2015-04-28 16:58:56 -0700
60adf8c432cd67ceee137fdfd2807067a4ed655b,2015-04-28 15:56:13 -0700
b9f38b25d4253530d7f72c8178f1424beb8b6d28,2015-04-28 13:06:55 -0700
b2e85d12a9caa50d6e1987815e7d21107d56e25e,2015-04-26 16:59:42 +0900
c1ac79639b7c4a72c2ebe74f6dc9db87480405d7,2015-04-24 10:30:26 -0700
0b464ec0f93ca8f2d5d5addb0b75c94452bdc5ba,2015-04-23 16:20:09 -0700
576ea5c0dbe6131dcd7394d733b8f7c14d059599,2015-04-23 15:50:46 -0700
e243535d762411134bfcc58b773713f25b994329,2015-04-23 10:33:38 -0700
47fbccdaf1ebde467f990fb3aecb8c6fb7687d9e,2015-04-22 19:47:00 -0700
089be44d5e3704e73ed39648520fc662f93e740e,2015-04-21 22:47:58 -0700
7396f314e72a10d88502797afd66295cba913bec,2015-04-21 22:10:20 +0900
a72a40f8d23231e0b07a0693d088b5e3cf6c3248,2015-04-20 18:12:44 -0700
ac380af06f0faeb89e050355a2f116fa8c1bce18,2015-04-20 14:13:51 -0700
b1296922d7f08889a0401b3619df4ed8f3dd186a,2015-04-20 11:33:32 -0700
37746a04477e45235532438725f5c15870a832cd,2015-04-20 11:16:30 -0700
0da6b504b2660d274cecb66bc142bc9675521b15,2015-04-17 18:36:55 -0700
774a5d75e60d091c28014f497a9b9c1789fa8c10,2015-04-17 15:35:36 -0700
c330dcff5157f53cedaf8db4c5cbdda7570a0c48,2015-04-16 14:33:27 -0700
e1be758b590c0788ced29cd43e3ac940fd6b58e4,2015-04-16 09:36:27 -0700
3d700d24ec89bc2bf39e30bc0fd349849355a9a2,2015-04-15 16:07:53 -0700
1aae0ea41ab3a9d770f6794625435eecf8c7b2e7,2015-04-14 13:14:36 -0700
c85d45a27ef897af1b8214471333d9b17fd43134,2015-04-14 11:00:38 -0700
3686317b332e9a82b1b4dcc1f9cf56b29ffd5e17,2015-04-13 09:45:32 -0700
987d4f37d6b7be9ef367655bd27a2c67097d2aec,2015-04-13 09:20:09 -0700
f44a6599b0ba26c3f1327160e424c3026f4275bd,2015-04-09 14:33:10 -0700
c02c80dacfa7b9b16529958961f637f06dd73e20,2015-04-08 13:24:43 -0700
b9bb7b1399bdf71cad45bdec4f19783080fa1bb2,2015-04-07 16:39:07 -0700
561e7a0addfa0d59d7c7ea15f34ff8766a68a176,2015-04-07 14:36:52 -0700
85bf1da4d573135962385b60da66c06ded27aea5,2015-04-07 09:44:42 -0700
2a1565ff3c44a97ee4379e2e793e438d62d54460,2015-04-06 16:19:59 -0700
940752b9ff791a20f6b159fe550a30f9b992ed4a,2015-04-03 14:53:41 -0700
66b9195a6191ee96b585b99c8449ecb2a59a9b0e,2015-04-01 09:23:00 -0700
c656bdddec1b98ecd1a4c183f5b803d7c6be77f9,2015-03-31 15:06:22 -0700
8878d5884714271a8acfe9055f4121898663c919,2015-03-31 15:00:52 -0700
e6e7b3b6579e962337e6e0e17ca96b3128bc4b99,2015-03-31 14:17:31 -0700
e86b5b3445ee1b0ca92d324f38c42259d9399865,2015-03-27 19:06:42 -0700
9da895cb93e9abbad3a03d1b413c14ce716f913d,2015-03-27 18:36:43 -0700
35f07f4e40851e821f870c4995184aea59167680,2015-03-27 18:29:11 -0700
7487945993e4103afe71fa8579a351f81d245f36,2015-03-27 17:32:02 -0700
6e8c4c89a00086ef9f1eb59bb48f3335b94a5ed4,2015-03-27 17:11:51 -0700
6adfd88e857f93d2ff379b6b9d4195a3b1c10887,2015-03-27 11:51:23 -0700
c41eebde98ddc7d569d140cdff7b4cb600e56c29,2015-03-27 09:11:05 -0700
763a6271a1642bed61e28383809cc5ffc20527d4,2015-03-25 00:14:41 -0700
4e13b08a1eb54f3cee9b2c1c6668085f75495fe2,2015-03-24 16:09:57 -0700
6c5782220b15d4e3351ba8b9417e806f3a372911,2015-03-23 15:59:29 -0700
578a043e67ac78bd43533e94d77770a4863ed60c,2015-03-19 17:52:01 -0700
492da34a0d666f8374c550fc7dab9ca2029e2bcb,2015-03-19 17:25:14 -0700
722d8c43c995f839ea85d83aab168024e4af022e,2015-03-17 11:22:02 -0700
afa3a3c6002682110ddebb1370f52d31edbdcb73,2015-03-17 10:47:53 -0700
352f090ebc845c824e774fd6544878175e281877,2015-03-16 15:51:27 -0700
f47abcf59a748d04f239cbbaea448a794504ae11,2015-03-13 17:28:58 -0700
871071203d734e3ac21192739a5aeefd7ac028ed,2015-03-11 13:13:08 -0700
860c2fce55d6cb90c3ea5af1122d6c37a923f241,2015-03-11 13:07:13 -0700
64f7e0a036e011b240d5e256537fe8eb362c1f0c,2015-03-10 17:51:47 -0700
76d1010147908f27785e75861984246cf6bf0b77,2015-03-10 17:14:15 -0700
4f0ecf499989be903298e7993d9474041741f9ef,2015-03-10 16:23:23 -0700
5391397a186780aecc6df4fbcfbbfccb4d08902d,2015-03-06 16:13:43 -0800
6c6ad33674c6e61e44015e0632023e776b07536e,2015-03-05 17:52:55 -0800
0911c0832f514660082b8bfb0ca6be0a595243bf,2015-03-04 10:39:26 -0800
441a060cdf2bce3e97f1272c542d0b09efdf4bd5,2015-03-03 15:42:25 -0800
e82a7e31e6e423b0d66eedf2035291669cf56f7a,2015-03-02 16:35:39 +0900
b88ea6b6c18a61310ca96f52de069b27b1708223,2015-02-27 18:11:31 -0800
73fe0057cab6b83072fdc37996ecdb04a8b7f4ee,2015-02-27 15:31:56 -0800
c5f33b2335d3aa0a165b4f7b176260c48c4675ed,2015-02-26 12:10:48 -0800
9ef890fe246fc414f1c72172da8768c64f748d84,2015-02-26 12:04:48 -0800
aa36ade1eba18eafe928fdddf2a70265a01adc3c,2015-02-26 11:50:37 -0800
6ce4f41e215db11a753effbea2848b32753fc4af,2015-02-22 20:40:38 +0900
4ce2ee14168a1f92deb7d34f05173ef3e128710a,2015-02-22 18:43:36 +0900
0fa76c5c8dcd3ed711091ff42d3b905267b41f83,2015-02-21 12:27:01 +0900
7dae6ff6d7cdea60b0334d980f558afd58a0ff56,2015-02-20 11:56:16 +0900
23e16da120f58611f90c86e5c83e225d92a4dda0,2015-02-19 12:33:13 -0800
94414affe3e2e073e9112c62a6e21934adbc7cc1,2015-02-19 11:12:57 -0800
6027631be97e950746d97e5006adda547f05779d,2015-02-19 09:36:33 -0800
d6c2c9e17f3c3b0c9dc1c4889094b0de90122ac7,2015-02-18 15:09:43 -0800
582063000e6cc23f63ef793e3de935fd03d296c4,2015-02-17 08:58:38 -0800
11ff518bb3baaab5b99ba10f0e33fa3fe77287bb,2015-02-13 17:31:59 -0800
1d6563e5309dfd99e23db418215801e5a74c754b,2015-02-13 09:47:23 -0800
05a00e126823545e78313a45143667c5ccc8087c,2015-02-12 17:11:43 -0800
afccba2c0314e40e96c476f7fb9ad0b9d04a20bd,2015-02-12 14:52:18 -0800
e853d5562118f3f570cdfaa2d51f2cab4187c662,2015-02-12 14:19:17 -0800
bcc6de542d678fe30d99383f0f95e67981cf3586,2015-02-11 19:06:25 -0800
904a7a0e27fad2fcd8338e9c14d54fe4302907e8,2015-02-11 16:14:28 -0800
0292caf1437d61586d4e7ba1370710be833f5292,2015-02-11 14:55:10 -0800
7edb8570e0f312f01f7cd7aedba1f49ce6d03799,2015-02-10 12:02:02 -0800
02c0ad592f4f4a5f603c2689880f4859c1794b88,2015-02-10 17:49:09 +0900
29c56c8e640c34ae95b8365b4e5198826e7b307e,2015-02-06 19:09:24 -0800
05766f9d3615168784f15234d07ae0ce72bcb814,2015-02-06 15:16:18 -0800
a7df272d10ae1c00f259feb0a18a27586f685574,2015-02-06 12:31:18 -0800
b6c4e983879a0f38983b123f9b55514892442b61,2015-02-05 17:31:18 -0800
c1b5200f6008855ffb2bb420e916257c4b5092a4,2015-02-05 12:55:46 -0800
fa77cc63c530d878da7ab07b5e55962c720f9a40,2015-02-04 16:54:53 -0800
9defe611d153d3b12122acf91e7881c75fd0b89c,2015-02-03 13:37:26 -0800
a921ca1a9a9b2b8fe413329d2a6aa60fbb172c98,2015-02-02 18:53:36 +0900
22f651f8ca8aff1d929c448cd8a0aedd62a7491a,2015-01-30 15:45:03 -0800
16f6c4b281e007706a204384e1ac9f3cc739feb0,2015-01-30 15:29:06 -0800
a7b0722dab093e56ca1254e242898625d529685d,2015-01-29 17:13:47 -0800
2ae282de19a1a6dec2f8563936a3fac19232c76f,2015-01-29 12:39:17 -0800
5cc6071589ccedc46c83627d4ae9210e62e6af7b,2015-01-29 09:02:25 -0800
e7c407ef9b09f082c45371e2019c2fd342a4701e,2015-01-26 09:48:57 -0800
d35c6e0d9162d9cf17de807590a050abe124f476,2015-01-26 09:48:44 +0900
53ea32cce6cf4649315febaf27d71acda3b632d2,2015-01-22 15:44:12 -0800
c908a526d8ad14ab9a35be351a89160fe6576992,2015-01-22 13:00:18 -0800
4bc3282d933cc529449881a80fdcc6ae80614bb7,2015-01-16 08:50:24 +0900
5258ac26d84df90cc3ed32a02cef6a10611481c4,2015-01-15 09:10:53 +0900
c8db8f8ff72ae5e285938f40e1a6ff6feb0866a6,2015-01-12 14:45:25 +0900
13cf522505d143c4a178ed402cbc9227fb2e6078,2015-01-09 13:03:58 -0800
fa45c5ca7b1e5cabcc4345c7e3472f31db86dbe6,2015-01-06 15:13:00 +0900
ef77878716b6cd8813b52256e3b285a4c90af2b0,2015-01-05 16:20:44 +0900
156a32fe783e233addad8373103c58630ec79055,2015-01-02 18:16:06 +0900
9739e49b2e29b20ff27f6ec21a96eb3b7b52bb78,2014-12-31 13:40:16 +0900
ce092b219c3691da94687d981b0ef901a7f2a691,2014-12-30 13:56:02 +0900
b3ea4548a082725f2e54cefba7fba57771f161a8,2014-12-30 11:29:32 +0900
56ec6b1b2653f62314609e23d716390e8f0e2eec,2014-12-30 09:19:26 +0900
2ed045e2e5d8402ef099e499d56cb575e46af12c,2014-12-25 03:30:21 +0900
19019dc1a2d5f0358cd2d8499e06d89fd6b1673d,2014-12-18 13:28:13 +0900
ec477fd41663d386c35ec0ea4b97cb438614c47d,2014-12-18 02:10:03 +0900
12f7c9d9a9fadf8dd95eca80f3bf384d50e49a46,2014-12-18 01:53:42 +0900
7c2cf6fa1d65db256f1cad5b6f6dd50fc37fd729,2014-12-08 13:36:05 -0800
f87b96ec306a5f7e417f444760e40bd01cab5283,2014-12-06 08:53:16 +0900
7492d26b5f295fcba4a746b353318ce234aea0cc,2014-12-03 07:00:02 +0900
37c2e5c17adc04a9b1d844560e4c05675d9e011a,2014-12-02 12:43:18 -0800
fa353fdabc8912695ce883380fa962baea2a20fb,2014-11-25 10:44:31 -0800
1d2ab48176950615618af9fb5a8f846b75a2cea0,2014-11-24 13:38:57 -0800
b5214eebe65752efde9f624b6d8ea954ba3001e2,2014-11-22 23:48:12 +0900
d23004b22efb6ae862e35fa4cacbbc1e8251a98c,2014-11-20 17:55:52 -0800
622de531f0c085629c917cfac0fae87b28dc753d,2014-11-19 14:24:41 -0800
57d3e3e12ff6b460911099027db9b983dc26161e,2014-11-20 01:47:40 +0900
e9eb00fbe83d92fa7977fb244d3877147beba06c,2014-11-19 09:50:33 +0900
a15588f014b85789125e2ca45ae986a96d279b77,2014-11-18 12:25:49 -0800
c78e5bcd01e301a0c4f4a2b70dd07279a7095c6b,2014-11-18 16:16:43 +0900
9bf956cdb0c6ccb40d7bf7884eb3f684ecc87567,2014-11-14 09:33:02 -0800
3ae9a3a0d50fdbc3734e351f9c80dd1804935a7a,2014-11-13 15:30:04 -0800
e42f901f368a25789df18fa10b0568c985e1ad6e,2014-11-13 14:34:33 -0800
8026c8ad6466702e9bd19c9587ac1a4011d229fe,2014-11-12 18:16:40 -0800
141e4a321061403fc777087207869695aedd3b84,2014-11-11 16:38:49 -0800
16dd52a353f3ac57695e50670440c85b5f385829,2014-11-10 10:41:42 -0800
10f96514379179b8b2cf11fcf350418787302078,2014-11-09 08:25:25 -0800
7c734fd320e6b562bf108e0eb9851e1b407f23bc,2014-11-07 14:22:44 -0800
d3bdc7ae948554a4aea43cabfa5b7754c1c6f9e9,2014-10-31 15:55:05 -0700
eaeb3505a5378006fc92ac2b383a44b1e5980e4a,2014-10-28 08:32:16 -0700
d7c1b6632a4a213a0ec456629f17b2617d93ead2,2014-10-28 08:14:59 -0700
d2f0fdd039e22907ca5b44065fa077006ba2d1f2,2014-10-27 17:32:44 -0700
ce9fc22d01a89467adb042651a9d75e47e19dddd,2014-10-23 12:58:00 -0700
4625d202fe87a6f3b416adfd5fced2fe75cc7edc,2014-10-23 09:38:43 -0700
50444bba1e068613bf28eda1600d303b849f0a05,2014-10-22 16:59:09 -0700
869f3eb64446f21406cf6a01dc949662fa7bf6fe,2014-10-22 14:04:20 -0700
5bca2d7c84c37f4a7426d1a372217a840b2afebd,2014-10-22 14:03:41 -0700
7c87a3460ccc1d049abd27f37c25c016b06b4d95,2014-10-22 14:03:17 -0700
2e3c69b8fa8b039c2acfc1621c96856430679b41,2014-10-22 14:02:34 -0700
04e3228687d3f88630cb10526db2233947961b9e,2014-10-22 14:02:11 -0700
d5e2281cbea202a4d3ffc8bf1113ba034e9a6fac,2014-10-21 16:25:52 -0700
5457092fdbb8183ec2809942a0716267b840285e,2014-10-21 16:22:36 -0700
fc47f7829675ca62e54cd95708bd8b198e12a3d4,2014-10-21 14:33:05 -0700
d89cf3fb8fec06cbea16ed3c2c3ea0b2f9f79e65,2014-10-21 14:33:01 -0700
925d02068ed8f009e5a2cf4b3e7634021a821360,2014-10-21 12:19:40 -0700
345fe91a4a3cb19b099eac24401d3b99f0770bb1,2014-10-21 12:16:34 -0700
c725e03e821bc5b12245e2081be161d8e250f26e,2014-10-20 18:15:50 -0700
f3947bd93fc552a9fb1f01fcaeb1cd40ade13c79,2014-10-20 14:56:45 -0700
4426672a31ef3f23b68c01b910b0788aa413d9e3,2014-10-20 14:28:00 -0700
ed9cdc923a1f58acf6b3f51e93942cc4fd81a251,2014-10-20 14:27:56 -0700
d1189772da479577b1b8501c8a2b5eb30e9d0836,2014-10-20 14:10:32 -0700
233358b0f1e2fdc698238915e7f24b77f3179213,2014-10-20 14:02:22 -0700
fdcc148c156266865b6e563a092307da98d9b62c,2014-10-20 14:02:18 -0700
dadb1b93459a76aa3e4ff9ad2d5f464c4efaaeda,2014-10-17 17:06:49 -0700
bfe94a6be397fcf0b1e275c822e55d67ee001c11,2014-10-16 21:06:07 -0700
d4d09e6259c7bd9ea744ad9131d582fa8e53d91b,2014-10-16 18:34:20 -0700
40bfa7e91b00acecbc504c717c2e83352870c826,2014-10-16 18:33:44 -0700
99048cdb9fea295b2d72b446538b72cb82dff5ec,2014-10-16 18:33:29 -0700
1834e044077ed0cec6af63b8cb17158ed36978c5,2014-10-16 18:32:21 -0700
3190767773a2eaf7cde3913f492e9b63304453e3,2014-10-09 12:50:19 -0700
c1ee86ab0cc64bf278a5c1170361fe972cbb710e,2014-10-09 09:40:09 -0700
5ef7c8d83c1b21f43465be380a819312f3183407,2014-10-09 08:20:10 -0700
c5e9acceff5bf51af211a0778e04bebed0ab1721,2014-10-08 23:47:39 -0700
1a265857d9ae7b56dd44465eabdae8c6b039ade4,2014-10-08 23:37:54 -0700
f072a6985f5dd150196d0f0421f2579484a77d1a,2014-10-08 13:40:17 -0700
eb7c3c9c7a0dd850bf8612ee8cbc57d403fe3ccd,2014-10-07 19:59:54 -0700
6f08672c89860ed74d8cdf8405384a68a43bb6bc,2014-10-07 19:29:11 -0700
35ff11c707ec17d312b818939c300623fdbfb98f,2014-10-06 17:27:06 -0700
f02b4ad8a7206cea0fe8f35f7a543557a6a4e513,2014-10-06 16:29:11 -0700
7deae25641e266c62b87f0fba09ee2990bc8bd91,2014-10-06 16:27:56 -0700
d539c2ccaf198f4ade59398061644ef320ab9d93,2014-10-06 15:23:14 -0700
8df0c4a40e9510ca238304b040b7eba0027f357d,2014-10-06 14:09:12 -0700
abb1b60d14ca271f5e77394336702d1620a71ad3,2014-10-06 14:05:24 -0700
1f2aad9ff25a0794fc6d453b08f2f287cd5ebd0c,2014-10-06 12:29:30 -0700
da4478ea8a759648d318d311bb1c22342248d4de,2014-10-06 12:14:32 -0700
a4e3736d0297434254650a84eba27b0399cdec9d,2014-10-04 01:48:28 -0700
6820b1a60abbec127dc5a9992bba24573451ce05,2014-10-03 15:33:21 -0700
9269f811fefcdec142a1a6226eaebf18776aeccb,2014-10-03 15:18:41 -0700
e043ce9ae5892a7cb90e927758d2b807da965a5d,2014-10-03 15:17:41 -0700
0b7bc5774362308ac91fce31718f9e59dda8458a,2014-10-03 15:10:37 -0700
0e20ac5870e5706e8dd51a9e99ee708f3d04b81a,2014-10-03 14:46:42 -0700
5ec4d2d141e3333363dcc56c40edce501dd75286,2014-10-03 14:41:41 -0700
256c2e955828619638a329ae3f67b134a66c988b,2014-10-03 14:02:47 -0700
4f7d2982ab493e92a395f8338c6088371d7cf9f0,2014-10-03 13:30:44 -0700
b0cfce5906e292d3b12765d5c17b05bed8011aab,2014-10-03 11:49:54 -0700
00454fa297dc871bd55196e33665bbd3d6ab0555,2014-10-03 11:07:52 -0700
0e54df871c8ddf186e2a2634a7dc6e601b14f825,2014-10-02 21:51:21 -0700
ef6923f2057fa0a552e45bc1959892820d62b133,2014-10-02 15:17:12 -0700
e0ef417e62a12e70ed18444b33976e0f2d3779ad,2014-10-02 13:26:36 -0700
0afa542ebc9e34944c207e23b04f289d59377042,2014-10-01 10:20:55 -0700
f2b72bcbe90e3e513f25b5513feba5fcc19c1fe3,2014-10-01 10:09:18 -0700
4d2f06d33d3275e5b1958503574f296e5b3e40f3,2014-10-01 10:08:41 -0700
9454f4945f762b7e9782ac768979176fd63ecb40,2014-10-01 09:59:12 -0700
0954ee87793f188b0dcf5579a92d9bec1c5746c4,2014-09-30 19:20:23 -0700
2485710e3230886557704372dcf39f14154a2e64,2014-09-30 19:09:14 -0700
3b49c85ecf0dc77919b0b5a9cbfd99366d714601,2014-09-30 18:08:03 -0700
72a8537b57c731766b2bb7eb4d460f432a033ba6,2014-09-30 16:34:34 -0700
d60cd4f08a21753ed16076ff6ad31f73e93007ad,2014-09-30 15:14:15 -0700
ef8ed526a30d84044d7d22e8408f64fcd0feaf79,2014-09-30 14:35:33 -0700
91fa02ba8ee69375487fe05dd435c6bce72126aa,2014-09-30 13:50:24 -0700
0efbc57c8a04a89353ab4c62f6686741eb0848c3,2014-09-30 07:51:39 -0700
d929135ceb7921e0f84878353f7d0b9718a23dd5,2014-09-29 23:20:38 -0700
865aa601dfa4a5e4b06dbfc677c29dc80ded9f32,2014-09-29 19:31:02 -0700
cacc5b36d03e15f73bad406e17f1b354595544c2,2014-09-26 15:34:48 -0700
2355e2f4914c1b21a77104fa17e63c488ea3c22f,2014-09-26 15:29:07 -0700
9b47091ecdb51140a16d75a4db9c2fc7ce5f7de9,2014-09-26 13:17:51 -0700
f7cc20b61d5956b2aa588746286ea20497f2878a,2014-09-26 12:23:43 -0700
8fd63f3ecaf7fce961f4224404dcd5c19bae052b,2014-09-26 12:20:39 -0700
e862fd02bb8c6be0d6220ef3ff657f94a2b36ae5,2014-09-26 09:52:38 -0700
aaee1ac099846f97857b12f9ccaa5ccb3fbcc81e,2014-09-25 22:35:56 -0700
cd13ebb1db6ac61dfd018893ce23f119f47fd300,2014-09-25 16:59:19 -0700
e17f8b0eb0552836d0f6ac7955eee46f9dc0875c,2014-09-25 16:42:47 -0700
9508182292eac19046d2d706d75bb7440a13d207,2014-09-25 16:39:08 -0700
d9f8c50c9a172be34ba8b17076a91462f8296edc,2014-09-25 16:38:16 -0700
f5a8052023f679a0ea8d30bad940618056f42920,2014-09-25 16:36:39 -0700
cae76da95847c1b7ba462eee47d913b00ae78fea,2014-09-25 16:33:56 -0700
6778cea941cf58b9f9ded99fc188397f6abcbbb2,2014-09-25 16:32:53 -0700
86acf4e36b4929dcdae8502b98e92ef7cd3bebb8,2014-09-25 16:00:00 -0700
5a86451cc8bae10e473c0543db5b68f1036acbe6,2014-09-25 12:55:09 -0700
060c4de2f3d84a9198cbcf277f6c7d640df595ef,2014-09-25 12:04:41 -0700
c00f162ce77492f56ac4be29c10f1bc25287c577,2014-09-25 11:56:11 -0700
19823a3d43f2ac252959e6a6ef49c1df365c3c85,2014-09-25 11:48:14 -0700
9e30d2f2091f85a9057992e60a30f3cc03512d75,2014-09-25 11:07:29 -0700
dbae22e495287050c0a97f817ac04c6603bf0fea,2014-09-24 23:18:24 -0700
9647ba4905eaa766f432001d8cc966dacbe7fdf2,2014-09-24 18:30:18 -0700
dc224636e9ba1429e01c63cca6fa4d8c321fbd48,2014-09-24 14:24:20 -0700
9eea42d0839c4e7838200896bc45c6f6ec478aaf,2014-09-24 14:23:25 -0700
631bd7320bbacd6ec67d2767eac84b1b5365923c,2014-09-23 16:46:56 -0700
c583b1c7c3017beac942bc9bde92d18fadabe19f,2014-09-23 15:03:14 -0700
e877f18c82f412c0dd83907d2607233966400948,2014-09-23 14:26:07 -0700
4d9b69424145a8c6b3c0ad102f3e832c8c28362c,2014-09-23 12:22:49 -0700
234aabc5a5980c42cce3d432277fb534df507f7f,2014-09-22 17:23:29 -0700
5681abf77d3e6cdf8f98da46297483997dfb9498,2014-09-22 17:07:20 -0700
d5b0c86bef8d28019659e7fd1dc8055a664733a1,2014-09-22 17:07:15 -0700
539fda1fb5878f729a8f34e8d5b15ea6fe462003,2014-09-22 16:54:57 -0700
97b8746392b0234bfc38b8d12aaf450cdb249b78,2014-09-22 16:50:40 -0700
2f8b8eae36c2d0559aedf628f76d4b32f20942ff,2014-09-22 16:50:09 -0700
7c4739cb4441f408aa61868ea9d7f170921ed0a7,2014-09-22 16:47:17 -0700
36f370b055987ce714d80cd4ab05e2d3cd7ab8a9,2014-09-22 16:43:36 -0700
03ff121eb0c3044a17bd2e2badaace2c46412afe,2014-09-22 16:43:31 -0700
112f238441848262eeae91af4c9eb8b94804be9b,2014-09-22 16:38:01 -0700
6b1760b6005133a4fc24ed78eb6b4bdaf6a04738,2014-09-22 16:33:08 -0700
ded36b858bb3320a989fb94157caa06b8af3bbfc,2014-09-22 16:33:04 -0700
503c45642c2d715d1b0567adc21188d4b4977346,2014-09-22 16:28:46 -0700
9bacf2464ff68b88ee5d3211dbfa35fbe553889c,2014-09-22 16:20:19 -0700
93e28091dfbcfd624ba9f54082e8d3d67b888b3f,2014-09-22 15:53:16 -0700
80754614aa61fe4aba55915299a95c3ecb4cebd6,2014-09-22 15:14:22 -0700
7044168f0c5ddcee2ae5e090779ce7a59b2a996c,2014-09-22 14:42:50 -0700
c09fe3799fbdb2ba77cebd58ec8442d48caeeae2,2014-09-22 14:39:51 -0700
c2915e5739875d1fad41ead0cf08cfa715e46bfb,2014-09-22 14:38:38 -0700
923c96736536f113325dab9157fbb48b371a55e0,2014-09-22 14:24:40 -0700
fb3c1147d60f678558f6de3fed16c6e83c9df191,2014-09-22 14:03:08 -0700
2f255daba5dfc0a9b44fe6156840ce6c1c373fa3,2014-09-19 17:23:43 -0700
dd99c8c1527a62d6eb377e65e164f3d231e7bfbd,2014-09-19 15:56:59 -0700
c7a419985a0b0d7dbfa37cd7861967b70b48e3b9,2014-09-19 14:05:19 -0700
07b533d791519d9b3a0e63814ab4850ad8294be3,2014-09-19 13:59:20 -0700
f016a7696ef55c29780566c2648fe582234e28a7,2014-09-19 12:20:59 -0700
e97a1213eb3dc74934ea5458fa6b7fe4a90bfeec,2014-09-19 12:09:42 -0700
d6e6c42dd14495fa1d1a6e7daa98b92e82487984,2014-09-19 11:30:46 +0900
bf714e75e5d5be87b95e7a7ef0b6c5b8a69b2283,2014-09-19 11:30:07 +0900
9ef476f062d242db38742367a2dbc04fbdd4b413,2014-09-18 10:39:31 -0700
fdefb427f30c4dc1924a99d52ae23d67ee557247,2014-09-18 14:30:58 +0900
4cf5e34777f6b8d9b6e0f2ac3607111bf1f53fd2,2014-09-18 14:11:17 +0900
0434a64e1fd4d0fb8537e4a4c1c6a97691db3d50,2014-09-17 15:17:16 -0700
d8e0c82e43944b255862ce2ede2392efece5572b,2014-09-17 14:51:46 -0700
8e3143221b16ba82dc85fd2f7edf5bba49267745,2014-09-17 13:43:38 -0700
1f2ea72aa4c5242e9fc9859779b874bcc174ef8a,2014-09-17 12:51:14 -0700
841744f2276e1271fdf8f74ff82a8012793e7275,2014-09-17 11:03:27 -0700
31db7ecf06ec5ffc3f568ff0a6badc72676b2070,2014-09-16 16:23:43 -0700
4892f403a22ad48e2cc00293d1cc47bb6b87818c,2014-09-16 16:22:17 -0700
6146bb2a519b9eebb2ee4e0d0cbc665652a4a73b,2014-09-16 15:54:19 -0700
219e7a534a308bab3921c8c937693ac2b130b0ae,2014-09-16 14:59:41 -0700
bcfe8b990b8e56089e14fd9148f2edf8db265339,2014-09-16 14:57:43 -0700
685e4ac75466ce08035a4c309e2ebd631f94ed5a,2014-09-16 10:48:57 -0700
fb65b62016f0bb39b0b4413ae6c4720c9f223aab,2014-09-15 19:53:54 -0700
72e91953c3d26f0a91139087cf0bf7d6d9bb1490,2014-09-15 18:14:35 -0700
a6f16a2122d6c78a865f8c919d202102e381fce6,2014-09-12 17:54:05 -0700
30131b71302096fe8584717d712d4c453fa1215e,2014-09-12 17:50:28 -0700
071caad4cd60104ec536a010d47f28dc6f544e07,2014-09-12 17:36:16 -0700
e0163eaf8a04fcb7eeb8bb98a465aebb14946ddf,2014-09-12 16:35:40 -0700
3c566a88f1e8a0f98b0d903a92ba2dc7e507f52f,2014-09-12 16:34:08 -0700
f1d5397279dea0524c00089490b316d9f87197e5,2014-09-12 16:08:51 -0700
5b714ef6034e49b38377c1e84017d199576bf18b,2014-09-12 14:53:07 -0700
0dfebfbe9719bdf6c2da132bd48c6150092594af,2014-09-12 13:08:04 -0700
f0c2da5de3d435e218bbca8a2c02923b7f2f3799,2014-09-12 11:04:01 -0700
4a4874308e6304498632da71da622d3ec86e8bbe,2014-09-12 06:59:21 -0700
412abc0114fee84ac4e32fe974a9a86583668512,2014-09-11 13:50:53 -0700
1b83ed4ff516431047339281d91292789d3f6f81,2014-09-11 10:55:28 -0700
64c21e99d8679cf04a16f87b49b568b75ac6bce2,2014-09-10 10:15:47 -0700
d385edee5cb26aa3ec46e8464a9c693ad381d07b,2014-09-09 10:46:14 -0700
58b029f84d854f0170e6d8ce01b8545b5c2888c0,2014-09-08 22:13:09 -0700
5aba0b64c04272b95d8fcbbb51f6760b3832f797,2014-09-08 22:02:18 -0700
2b4c677a0d81ae0093c80754b344e187477de1c0,2014-09-08 21:28:50 -0700
c92e0f4211fcd6ecba56e3e1fd3e8630b8a33858,2014-09-08 21:28:42 -0700
e755302a695a1fd0801ce0be45586c2efab6be7e,2014-09-08 14:17:47 -0700
588a6c21ec412c3c9b3530b7525245d653abc884,2014-09-08 14:17:36 -0700
b51ff2f79a973703293c146079350d9e1dbff331,2014-09-08 12:59:50 -0700
ad914331ef0130b30b88aaaad1854a2928a73c0a,2014-09-08 11:57:01 -0700
b02f63cb91c95677da5a857a31d45b2cd7b94c50,2014-09-04 14:32:30 -0700
5f34ccdf14ec2fc271fe8f97f94a8f0b2f08ae29,2014-09-04 12:03:37 -0700
dbf3c61a4d74dddc15fa5e3cd0997f8c178cd276,2014-09-04 10:16:53 -0700
6e8313d8576c7f5504346eb82d55b654c6049aa3,2014-09-04 17:56:30 +0900
6c0b4f6c0c9b0663e2876ce5f48e91bbc47b58b6,2014-09-04 17:45:24 +0900
062e44967a283795d51a1b800bc695a14c7c616e,2014-09-04 17:14:39 +0900
1433b92659bfa8bf662363ec7ca2a39e4ca45fcd,2014-09-04 17:02:16 +0900
d1d1366c0fc80804860f32779c49573898a1f9aa,2014-09-02 18:27:19 -0700
592cbccb50b41be3b459e64e80469e5dd30897a5,2014-09-02 18:26:51 -0700
a9edc1b5e8e70d83e9e04436c453c5ec49f5a8d1,2014-09-02 17:18:23 -0700
9c7e48c8cfe10671ea715076b1d3be5eae0d9980,2014-09-02 13:39:21 -0700
6cd0b65e13fcde1571eb8de2c32c287f7e57db77,2014-09-02 13:26:46 -0700
1417c53f15b359dbb1b7f72b83d90ea2007a9ae2,2014-09-02 13:20:37 -0700
e4636833b0b0d531f7730eeea3671fc533b572e4,2014-09-02 12:34:29 -0700
649e18b468470d8fbba85d10fc6c722746af5d67,2014-09-02 12:25:44 -0700
dc93cc7e81da250a0aa33dcaccba127d7332bf86,2014-09-02 11:57:57 -0700
3bbdc894417eef8efcc8d6cbdedea191fffe35d2,2014-09-02 11:56:47 -0700
a601782a09a83b7ff5da3c9f394b10d7c5b0c12c,2014-09-02 22:41:02 +0900
7e37cea3fc3d2a19503d2f9f188bca136b8f3fd0,2014-09-02 22:34:22 +0900
10fda64e7878cd47998119e895d362007e435a42,2014-09-02 17:25:45 +0900
e12b5ddfb30c9e3e0bc4badd8811e805564bb3b9,2014-09-02 12:02:29 +0900
165eb1ee6e6962a096c433bd5e48f25c9887e94e,2014-08-29 10:43:02 -0700
7b7478768e8efb3856db69bcb1c7133ae2903af9,2014-08-29 11:17:49 +0900
213ae8d43e0201bcb4f5889e81fa26ae50f0fed0,2014-08-29 11:12:05 +0900
f0847f336098668981071506b726cfb5f7b03e2b,2014-08-28 17:57:00 -0700
aecb66fd47d812a9db5d20275ebe596e635cebdf,2014-08-28 17:29:35 -0700
eee862886ed58636c6b3be840d92a74614f438f8,2014-08-28 16:06:06 -0700
ff38aaa7d505e4f4ced9616bdf15440377b72b6b,2014-08-28 15:05:07 -0700
a68c7f02bfbf65ecf2b469aca91c91d3a9712c20,2014-08-28 15:04:00 -0700
bbc724bcbc19dd5c35e545c6a142ab6d43a5cd6c,2014-08-28 10:16:24 -0700
95ce4ca4d526798544a8c294ab27e7f7792651ac,2014-08-28 10:15:47 -0700
506be6ca95d0e4e60485032832c0fa8410d980aa,2014-08-27 15:38:16 -0700
accce7c6f0abbe9656e83a15d21a95b15aa5325f,2014-08-27 15:35:57 -0700
0717dff2125788da0ff6b945e07fc8f3b6fa5a0b,2014-08-27 15:28:19 -0700
1416e4551dfec37069e5848ab71bf82dcd3728f8,2014-08-27 15:27:46 -0700
5c44b5f60017d07654500ac5f61e7e949e7b05c9,2014-08-27 15:25:49 -0700
7d97ed84edd4720f83539e0436f33636a768d4a7,2014-08-27 15:25:13 -0700
2e965f1880cf4113cc7bd5ec7f1b5578ecba69bf,2014-08-27 11:53:07 -0700
224629f3884f0f89b57bf8f7e8674a11efc63e73,2014-08-27 11:49:11 -0700
993462af4794faba137324fca716fef0515702d0,2014-08-27 11:47:15 -0700
a358dd5c34336f38324760dae032dfaef0cf3755,2014-08-27 09:45:54 -0700
975d8107de77cd0687dd9557e96583ace245543f,2014-08-27 09:07:50 -0700
e4bfa3f62dd2d568bb1559a825bd1fd6f996f185,2014-08-27 09:01:51 -0700
ac1ff8b69d607c1110bf6f55485e066610c83fed,2014-08-27 08:57:50 -0700
c340532730c140a5c778dddc29755f0740df6adc,2014-08-27 16:29:02 +0900
dc916b37f5c7ed196b39dcc95156a8f64328c5d7,2014-08-27 10:26:43 +0900
b29bb1b55e3ffc65a0008079d6ef4d751b714219,2014-08-26 16:33:33 -0700
be3583e7155fae5592ea71b04332b31238623bc0,2014-08-26 16:17:06 -0700
eb9cc93d311fc9053739f4e368a5247c3c4ee659,2014-08-26 16:00:49 -0700
c056016ff820ffbcc923d72ca0ec24980d393eba,2014-08-26 16:00:23 -0700
40bf0b0a749ca9cdc6c085282075e320394732a2,2014-08-26 15:38:27 -0700
ae4e6ad80070fa466246707963e891a36373c6bd,2014-08-26 15:27:09 -0700
c0d55ed651725257a0d199e13e3bcd0a7a05079a,2014-08-26 13:35:30 -0700
3f642862a56fc9d2c7678a34643c2bc517d4c2e9,2014-08-26 12:07:44 -0700
046181c2f85f7368d36b302a6ac9bb9318ed387c,2014-08-26 11:12:43 -0700
b8ea6a4cb901eaeefa357ffb1dc774bb0c39d74f,2014-08-26 11:11:15 -0700
0d3e33e8708015de4ec609ceb97a5d7928437958,2014-08-26 11:07:41 -0700
455d896df366d21af59bc5bf83b7c82263205c36,2014-08-26 11:06:37 -0700
c9a6533029bcea32f271e0a6a0d16ac2f5dfecbb,2014-08-26 11:03:19 -0700
4356d8e41235ef0a1013d48e45adbf117ffb2fbc,2014-08-26 10:42:08 -0700
48178ad5f1551a486ab821267867b944a80f71d8,2014-08-26 10:40:06 -0700
25459a10b32e40877f1f1abc1638da3966a09468,2014-08-26 10:35:45 -0700
e49c8095e8b87ae1f17045b9799853c4e0962226,2014-08-26 10:34:19 -0700
3b402e57be671ea836db98e5ff16d5a2006d87c0,2014-08-26 10:17:37 -0700
ce211ed56d0ba0b25b8e9fe1adbc56d6f6bd73ec,2014-08-26 10:17:03 -0700
950ed32dd5d7c7f5764f51e367f6ace55878e5fc,2014-08-26 10:11:39 -0700
2ce12090d4ddfffbaa482b060f5794eaa34ffe2f,2014-08-26 09:34:39 -0700
d80a018070d63fea6503e48bed8f8adbbdeae626,2014-08-26 16:07:26 +0900
7ab82e577736745f2ded4a194603fbea6de5d12b,2014-08-26 16:02:34 +0900
58122381175dda7986c430e61dafe704cfef1900,2014-08-26 16:01:53 +0900
f84ff21ab626dd91642c15058a94fc7f95b3c8fe,2014-08-26 15:59:28 +0900
44554dafab582c8279949f9605ab6bb53381cd90,2014-08-26 11:27:43 +0900
acd73a0866d8f0b2e5ecdbfe61bdb9e33ba0ecc5,2014-08-25 17:42:13 -0700
3773b81195319372d1881a26cb901cb7f1b89209,2014-08-25 17:02:44 -0700
db649c9d20f609e6bf7edb7107403e26b4a97665,2014-08-25 16:20:46 -0700
8cadcbf2b965c22fe1ac290228b1e665f8a6e10b,2014-08-25 15:47:26 -0700
b6b8cadffbe2764a53f7f0c11512bf73ab554104,2014-08-25 15:44:33 -0700
ea76b252c8079a0bf52bb7026a82f48752805b04,2014-08-25 14:49:36 -0700
faded2dc786626d455ea00c01cca10c2c1a81322,2014-08-25 14:39:18 -0700
8d7a3bdd90ff1032ebc756d88c4d8b187e194d90,2014-08-25 14:38:02 -0700
20d0616eea5c38a70e02f881f4397d2697ca7e8b,2014-08-25 14:15:15 -0700
0336c237ab4eb6019f0c46a4a5285f6a54a7e775,2014-08-25 12:42:48 -0700
a2cd9ccf60c32284eaac22fe1e78c8224f94263d,2014-08-25 11:50:48 -0700
ddc3fd5b39dd51fea624e55563060b3b60234f20,2014-08-25 11:15:19 -0700
0b7e38f5ddaf10df94ebc64b6ab104e905493b04,2014-08-25 10:25:59 -0700
75bed772b6f6f95c2923ac9fd523f58865f60fcf,2014-08-25 09:46:38 -0700
d4b06d9c8f7b9dfa94debfdc2c934984defc5dfc,2014-08-25 09:29:28 -0700
e355f501b7d2fb24c7fa2a82a0a4a611194407b9,2014-08-25 09:29:09 -0700
21b2bad521f492e73322fca8c376c413fc876938,2014-08-25 09:26:58 -0700
d7dcc59cd7eba8509926e6b7d70fc770cb03e6b1,2014-08-25 17:38:03 +0900
eb4b28a9dedc0932db780a08d01d266569b9fa6f,2014-08-25 17:25:11 +0900
33fee8b634da1d5646552269324818372db91f6c,2014-08-25 16:19:05 +0900
8377a29c43672567a7d7c996c3365c309bd45d84,2014-08-25 15:30:13 +0900
effef7f880f0b0ce59c68d55d16a39551049a1fe,2014-08-23 18:17:37 -0700
aa94769ae036360b19e10aabdbab5a1d310855bb,2014-08-23 17:34:49 -0700
e9c33c8c4221b51f4570ca386f192480e5a8da08,2014-08-22 20:51:14 -0700
bebf145c465cbe0b452257fa8d2258096833f2ef,2014-08-22 20:37:57 -0700
153a2428af9efa1a6aa4b12ed1b7b2d7659463b4,2014-08-22 16:39:01 -0700
2e35fc409996c0bff22cc346c521b9b07637fec5,2014-08-22 16:25:13 -0700
9e1e28b0ae7277f03740473b28a7d8f6cebf0c54,2014-08-22 16:20:25 -0700
ed5cbabebbc6aea3ee598dc3e9efba749837cfe8,2014-08-22 15:42:46 -0700
f06d1d8441955a3d99836b9b1cad32d0fc4a55f5,2014-08-22 15:38:27 -0700
cc5bca7e910ea861e96bb5766a8b5093e157a0c0,2014-08-22 14:29:38 -0700
6daab0cf6f5f388cd05db745c1e4c0a810d3cab3,2014-08-22 14:23:02 -0700
66379d5c5873cfb5e62ac866bfbdddc97bde8a12,2014-08-22 16:57:20 +0900
f43faab0b7561da9cbdcdac0c532b23dfdc388aa,2014-08-22 15:10:49 +0900
17038e7756b0e6ceeadee1ec9902fc1a741caabb,2014-08-22 13:51:09 +0900
ebe77354798f02787530efbcf53515df05572bbb,2014-08-22 11:34:06 +0900
21bfc6eac3955bbc8ce43b0f0e3353a2901b1c2e,2014-08-22 11:32:56 +0900
c22b51e40e1b9e9c2ee905c2601c4780349357a7,2014-08-22 10:36:55 +0900
0b8f69bf62510f2b38869f7f3510c31a789c24c7,2014-08-22 10:34:51 +0900
8b3b5b848f824baec9584370577a87fd7e81a542,2014-08-22 10:33:02 +0900
a3742bd3d5ad4108bc629bd2dbf5e482e427c37c,2014-08-21 17:09:39 -0700
9bbfa8acd97a3f854cbb92e9c4647096c9c02d21,2014-08-21 16:08:58 -0700
ca0e530a28ca8c66846eb575078893b80be18d72,2014-08-21 16:08:53 -0700
9639737e423e5c512f2d442c7cfc360541eee08c,2014-08-21 15:29:50 -0700
054ca07ad69f1a6f9ff342d2e58fb4501801f804,2014-08-21 15:29:46 -0700
b48e6ff872311a7b0521a1a9e8affad50ae7112b,2014-08-21 12:36:33 -0700
6ed31db817206249e38b91c5afbe56245b30d821,2014-08-21 11:37:09 -0700
d46e7b9f680e3b19b67dd28e3c32aa4688fb779c,2014-08-21 11:34:11 -0700
907be094a3a621d513907a18a3534bee381f77da,2014-08-21 11:14:22 -0700
295c701904b0dd9361bf519dbacc9ba0f3bfefa5,2014-08-21 10:58:12 -0700
4ceb69e28e34f342da69137fb7cfdfefb1508f4e,2014-08-21 10:57:40 -0700
1e51f28ad291011b66622096fb79e41306018910,2014-08-21 10:50:08 -0700
6846f681ca6c66f04a42a9becc75e09989ba6a58,2014-08-21 10:44:37 -0700
8c999b3a19c2b32df5cb2af291cce054d7cf75a8,2014-08-21 10:39:33 -0700
1a610d01b9ed3e71928006a3d429a0cac364d897,2014-08-22 01:04:06 +0900
24d331114bbf8e4385fb1f46c00ca0ef2613a9d9,2014-08-22 00:58:08 +0900
289d6930d6dd0aa457c2fb4064bd5526c0d1bf0d,2014-08-21 08:28:21 -0700
d8505b6da7e1e4a00878903e9dd3123e5938b675,2014-08-21 08:28:16 -0700
c151b7bb1d83db7b9664bdb6c08e09755aa3e9c1,2014-08-21 16:54:07 +0900
c89601dcf7e606071004f035389d333a8488a85c,2014-08-21 15:49:33 +0900
0dee86724efe93e60d4f42e19b6c2b1c5c41cffc,2014-08-21 15:04:38 +0900
a92e04a0b2e740df3e339e998806d23cb431f230,2014-08-21 14:42:10 +0900
9c994cc352f3e934e8e37266bacdae2bae7e5126,2014-08-21 12:59:16 +0900
e3e1c28ae7d71261bcf1d85d625af5df3c8d2864,2014-08-21 11:55:32 +0900
6ec70a201b4460a30b128475e8893810ba4a6d5f,2014-08-20 17:15:04 -0700
9e547e909ce0f291d77af0d0e79de9ec3ae77dbb,2014-08-20 17:14:16 -0700
d165b535352bea42deec2bde630986571a3c2171,2014-08-20 16:55:02 -0700
61d1aafdb05a396b8b2717abea811e0518e6c71f,2014-08-20 16:54:45 -0700
b6d6d6efbccc03f292dfbb41c8389f6290f0aab0,2014-08-20 16:54:23 -0700
85f447350c190e5ce7b1643c46caec0feea98d65,2014-08-20 16:39:44 -0700
eebfb767be08ad9cba8149046c32bbdfe217e0dd,2014-08-20 16:38:33 -0700
23778e08b0ff030111b7d4d62cee2790ab30dbf2,2014-08-20 15:05:47 -0700
ee45d380342e9ef3f51a3f2763654b78f37a4ee4,2014-08-20 14:30:44 -0700
94d83d3a0614cd9fa6377fdd0a2911a1913c9909,2014-08-20 14:06:09 -0700
64b2d9661b671a34f77757e87fc8bc2be15e625d,2014-08-20 10:59:05 -0700
3f1ee3b053ba681e88671d4ad7945347390872a3,2014-08-19 19:12:47 -0700
02a5ba32ee5043fb503dbdfb1c0576b292c466cd,2014-08-19 18:36:16 -0700
368d1465f15586de9c42843eefc4be49a554c101,2014-08-19 17:51:12 -0700
7e043dc833b24eff2def8569dee3d998246831ce,2014-08-19 10:20:53 -0700
f50d24f83af24a93a96654b4bb86dbd3081b3fc6,2014-08-19 10:20:11 -0700
9d0b0915d41824f067dcd4d1a2fcb8ea48b8f17e,2014-08-19 10:16:37 -0700
48e63ec715912676b70d35da9ef35ee62bc76535,2014-08-19 10:13:50 -0700
0e185563e350babbd0178aa35c479cda06328e35,2014-08-19 10:04:53 -0700
5802239e752ec56528d081c0384b1e954b0f15ce,2014-08-18 21:42:51 -0700
bdc6a588136fbcf1b2813473a5f2b803cdaa852f,2014-08-18 16:06:41 -0700
b101c8e0a4115bbc01ee50b11658acc82f9f275d,2014-08-18 16:06:06 -0700
fe1dbaba62b81ec5283d54aecee6e347b6ad1354,2014-08-18 15:48:33 -0700
ae05d27dcde938c4dac15aa9635e3ffcccb12a7f,2014-08-18 15:43:47 -0700
8eaee9ab4adb059bb56a176cb8ee2e29c0b49b19,2014-08-18 15:38:32 -0700
24728539495dd9731dc728c754c0de29e62d275e,2014-08-18 15:18:18 -0700
7d82fc79a902188c2148d9dc1f811da92544386d,2014-08-18 15:09:44 -0700
cba81dddd158b40dd11160f90c09fdc2bca9bf09,2014-08-18 13:52:45 -0700
2e9d3e0038f5dd49814c0bc9a37e300579587211,2014-08-18 11:52:17 -0700
f71650af9becf39c492d2dcb8213e3ff68e9ffd7,2014-08-18 10:04:46 -0700
70604ac213cd1c56987e316025f95dbac92d39db,2014-08-15 20:47:22 -0700
294035af3bc9925c237e649415cc83d900031944,2014-08-15 20:39:01 -0700
11790e7dc1f7b89293afc3d8d26f2916bd03ad46,2014-08-15 20:36:23 -0700
f24196d4d4eec377376fcb13288e52dcae0dcf31,2014-08-15 16:27:09 -0700
13a26c1afe55b2275647a590d7bcedabb523e7f3,2014-08-15 14:35:44 -0700
c05d5b9d513141d47be5ccf312a0d51cdd118d89,2014-08-15 14:27:12 -0700
ddf8681568e46197aff273695db227ffcc18defa,2014-08-15 13:37:43 -0700
49b0349e125c1ece3c7917b7dfc70cdcba92d0df,2014-08-15 13:02:00 -0700
81602bc5b868b4cd665d7ffc62f6679a867809ba,2014-08-15 10:52:16 -0700
7dafae6754a3ddba05b14d35de01d55ae7197fe9,2014-08-14 16:53:49 -0700
b86abd85a357e35c574c8aa7886b4c5314875849,2014-08-14 16:48:49 -0700
fca9306e8d65e357b30bedc84384ed43a371e678,2014-08-14 16:43:09 -0700
8d69429630850e538a56949bf621ca33bd66167f,2014-08-14 14:45:56 -0700
cdad1d3f1a99fbce1f8549d56534c849fa9477c1,2014-08-14 14:44:04 -0700
1343c01754a4c7210ff933c7a2559e245bcb030f,2014-08-14 14:42:14 -0700
74c4be4daa2549740b68ce4017cc0afc84ec5223,2014-08-14 13:36:06 -0700
3b1220ff05d683e203903723cd6f22a733b825ff,2014-08-14 13:35:07 -0700
9b4db639eb635e092e8f437aec5e0b9007492b39,2014-08-14 13:16:33 -0700
7b48d6d04e2dbf3c59308d0727568e8ddc71ad2c,2014-08-14 12:29:20 -0700
e4dc5614ff157671e3ee5fefcee64bd8d8c5b8fb,2014-08-14 12:28:45 -0700
bd335d922d21748fc87a50e15c1104da238ced64,2014-08-14 10:34:59 -0700
a8c0753ba7bb292e9178c282d76d531177dcf0df,2014-08-14 09:53:44 -0700
371dc97ff21d616e2f1dc83dee37f2e3f22bc682,2014-08-14 09:52:06 -0700
cd8ad9b26e5b80da64cee1c712a10a8b73920b67,2014-08-14 09:17:01 -0700
447b11aced44c2085bb9e080185f52290b270202,2014-08-14 09:14:23 -0700
2bd02d7f012d4a18bcd69e12b3a9084bad303026,2014-08-14 09:09:21 -0700
4356808681ca7c5b56dd7dd4546fc814ff3f04ed,2014-08-13 17:12:07 -0700
a9be9c88a597e21aa1cb6d630da0a99290dbc95f,2014-08-13 16:59:52 -0700
69a1abbff4f6e7e129be994704c8e5a79b8b46d9,2014-08-13 16:56:26 -0700
bbeda4f682ac0d0cb47736ca0a46a14f4e24dbf3,2014-08-13 16:25:37 -0700
1e367a19654cea6352a25a1fa146d9f4cb739ff5,2014-08-13 12:17:01 -0700
224eeca6ff6aaf437bc43e2ed43100e8b8e51982,2014-08-13 11:37:45 -0700
5c5a11c3012e96b1e5cb1dc0824b01eba2a1b494,2014-08-12 20:36:22 -0700
eda804750751898f112b12b992a43bc6e2ffbd15,2014-08-12 20:35:20 -0700
63f10975ee3a05abb87d50e7e402af65b7da9055,2014-08-12 17:57:41 -0700
13126cb08f3d562ac0fbece7e8e7bafde8f2ce14,2014-08-12 17:55:11 -0700
e1daf10f9a251baa3fa2fba632023226962c6134,2014-08-12 10:02:24 -0700
edf67a4789f5547eee3e215d05c29519ecf0d1f5,2014-08-11 13:11:07 -0700
5e5b5c98349033fda4b41fe6d4e4b9e3358e3d61,2014-08-08 16:38:00 -0700
5c7acaeda3366cfdac22c68f81d8df245abaa378,2014-08-08 16:18:45 -0700
c633b1a3e5f0ca408aa4e4b5d0e3286d48f431bf,2014-08-07 19:55:19 -0700
a0fda8a15e243b676426686a759d0186d232cbec,2014-08-07 19:05:43 -0700
b490e126c3b6ab420c7bc365eadb30418adab2d4,2014-08-07 18:54:39 -0700
3e1f0ac4271275c8430772ce04304cf7937e6f99,2014-08-07 12:16:52 -0700
17d32b0f16347421659814897bcffb30b83fa3c7,2014-08-07 11:32:53 -0700
a0bf53ace2180cd0398c4a0d8f4161658955eade,2014-08-07 17:04:36 +0900
a5f41eb727753eae2d66903c2722a7e79af3df2b,2014-08-06 17:27:03 -0700
29854d0f0c1e553e28f3c620606be29258e07cd1,2014-08-06 17:24:57 -0700
142bc8d62c4513c4fbc766cb1298ad1c68b701c0,2014-08-06 10:05:10 -0700
78fa24e0be8e043adc54f46a5b07f0dcfe15494a,2014-08-06 09:47:23 -0700
5d48e371c86cf85781abe9d374433ec4165d5b00,2014-08-05 13:11:47 -0700
b7cf45b563030c8c11f30e600d8723b3509e67bf,2014-08-05 11:50:42 -0700
7f6333016492755b2e89cecff2344e6f0e0c6271,2014-08-05 10:21:43 -0700
6b9ed87b7872b9c65fb766cc10a5a5a0433e8ffa,2014-08-05 13:52:24 +0900
e6a189306d90b62ac0877a181c70d1d7ba430bb1,2014-08-04 16:00:50 -0700
e42f85ed21b2d4ff2a6c46d1b62b9bc77173737d,2014-08-03 16:24:45 +0900
dfa9747ad4e023f1472b5aca4236473742617884,2014-08-03 03:21:39 +0900
f2dc964079372eb74c01c5120e34573f836283f0,2014-08-01 15:13:31 -0700
10827a07bcd03ffe74f09aa04a6c2b36d572fff4,2014-08-01 14:58:45 -0700
b017e4e2de927faf3ba4224c2efc01bab164fe76,2014-07-31 10:05:12 -0700
90979131a56b2c72cb76d69c6ef32df4aa19518f,2014-07-31 09:31:03 -0700
ba3170e135d181bad444c82775012f16675bf1c9,2014-07-30 17:18:05 -0700
0af55cb4958d6cf904a2e63f54bdb50ca31953f0,2014-07-30 17:17:43 -0700
a50a7f368f10624ad5a64e386588bb45751e8681,2014-07-30 16:58:47 -0700
2e8b992615b74eb7b73a1f0c543584eada257d98,2014-07-30 16:38:17 -0700
63594636302885801acb651c5c5aff43f62ed8d8,2014-07-30 16:08:03 -0700
96a6209dcd1ab7568abd09915c2956106cc41322,2014-07-30 14:41:06 -0700
f0a682a1658d50c8330cffc74080a204bfc96560,2014-07-30 13:10:56 -0700
f82546eb89621ffcf4be215b53498dd27a3f5f0f,2014-07-29 17:18:09 -0700
0f5562d5e28ee652f449dc620eaa3696065a6101,2014-07-29 16:42:46 -0700
98907976b4659844ecf5c55c2d616d9d286e6424,2014-07-29 16:19:55 -0700
5ce2b5dd31ac887b0772a7cfc463b4a3548237d8,2014-07-28 18:07:03 -0700
3789326a318f3c92e7573b2fbcac1d9860578ec0,2014-07-28 17:04:06 -0700
5835d3b4ddd48f9fd6ff8626e70b803102be637a,2014-07-25 14:34:30 -0700
1265012d52045f72830f125032d57e8c37add12a,2014-07-25 12:50:00 -0700
e3b72fb8d06894e5ba0080eca80642aba305fb58,2014-07-25 10:39:45 -0700
afd961059c1c3e2a7420ec6d44d70212f0853481,2014-07-24 17:21:41 -0700
fa170ca029e61e88ceac98d0432058ddb3a10bb4,2014-07-24 17:06:54 -0700
435058ecb149f08241219b21292b79b231201d2a,2014-07-24 16:17:56 -0700
36465467cf1340a1c2ede613b790457b19673803,2014-07-24 15:59:33 -0700
1b27051156516f0bf9e4ca885b4752dd47c844b9,2014-07-22 18:09:01 -0700
328fb39d0a5f6b1b45de649cd4d3b68b499f1ec1,2014-07-22 16:02:21 -0700
958d791272de1b1cf82da81bcfe0086bd8bc5f29,2014-07-22 12:15:28 -0700
1b4587d15713102ce90edbde9f712af824345a88,2014-07-22 12:11:57 -0700
af2bc1f445cd71ff98b17979d41dfaca6f72c062,2014-07-22 11:37:34 -0700
0cb1988d0e2f72521da853ebf0d6f2961235c48f,2014-07-22 09:11:54 -0700
b285c9a20c33af198a214892058a4f8682e3c299,2014-07-22 09:08:54 -0700
71544cb8f9d01ae50a42abd684d7691e98c6b4ca,2014-07-22 09:04:37 -0700
aa8668a0bc6750127be26791e70e776c46224962,2014-07-21 19:28:05 -0700
f73bd5a3e46640c91d7a663e89cdf2aa2df7f19e,2014-07-21 19:28:00 -0700
7d44799ae064a36d65c06973551967573e34b124,2014-07-21 19:05:28 -0700
9a994fc290ec069d0fd1a7c86247504c86aa1418,2014-07-21 19:05:24 -0700
cf6a9fdfbf3ff47835d7fb76338aece1cabb05aa,2014-07-21 19:00:00 -0700
d3689302431a209bb9110f4aefc42fb3ecfbb6fd,2014-07-21 18:50:50 -0700
9464b906898f2a95c8870d4545c17a8c25dd6062,2014-07-21 18:50:46 -0700
29fac100b26876537d0c39caefc9ddc3538c16c2,2014-07-20 21:53:01 +0900
cd62ca036690ade0c10394bee633b6b92db914f5,2014-07-20 21:13:31 +0900
e4a14af7656f3cc019d398c6df8408cd18c59b86,2014-07-18 16:11:38 +0900
82dc7aa5b9793f912c4f97f41778056bec121d4a,2014-07-18 16:11:04 +0900
3b9ae17ae3cc8fab8c8f3bedfbd0de67cd62b740,2014-07-18 11:43:02 +0900
6a18254cf02e56f9b54f8dbe3ba6472af7990de4,2014-07-17 17:23:48 -0400
9c1150eec8611aab69bd0e58dc5821d14413f930,2014-07-17 14:13:26 -0700
9298d12d029eed952bd75bda8e50013d92ad4c7b,2014-07-16 23:07:21 -0400
adb6b21f59895c1285a44599d4dbf7b297a546d3,2014-07-16 23:06:13 -0400
a981ba838466d8ee28354502fe43b062e60ac035,2014-07-16 14:37:10 -0400
843d8ea426a154cd304dd5b16d88f90b2b8dbf55,2014-07-16 14:36:19 -0400
28ada193f6ecc7a9bdeb2ff36e4f83453f4c1f9e,2014-07-14 17:16:09 -0700
e3ced61a4297797c73419193d569105866c98fa1,2014-07-14 16:05:31 -0700
e37d0b575debf14cc09fbfacc2b40cbbf8c9359b,2014-07-14 16:05:11 -0700
4a3d4ef5f6b703e92e2560f30c8bf6bf3652a477,2014-07-14 12:13:46 -0700
67f5fe79f15040674f80dfd8f8b1637ef2d866f1,2014-07-14 13:50:49 +0900
a940e8fcd1153ef45f6d25b83ca4003277cd851c,2014-07-11 20:53:38 -0700
35aadce86f9f1de75cc7366f38f324872e82fd07,2014-07-11 20:16:02 -0700
c2f40543dd86201b0547e53b3a393720ac50cc65,2014-07-11 20:12:32 -0700
5c4ecb1ff03257f3fb35b3d4403e48358366363b,2014-07-10 18:21:10 -0700
06bde93bf154452b5a45d8c73da7c395e23e1fe5,2014-07-10 18:04:17 -0700
a17c77708f9e58dcead14c1d6257cdddb5cd13c3,2014-07-10 17:06:40 -0700
14377f5ac560a50d2335fab8bc44c5b2f731752a,2014-07-08 16:40:08 -0700
2410ed2775ea984ddfcc3e2efcd789cd1be0b89a,2014-07-08 16:16:43 -0700
d70c160e491817639483cd5d95a6f1cd159249b0,2014-07-07 20:27:59 -0700
46d9bc058d8ad37ff0958f7f32bf45d333abc995,2014-07-07 20:26:10 -0700
c6a3d5021f00b9069daaab6cc66791476c55b9a7,2014-07-07 10:17:56 -0700
1e628ea182c0b9eba01a0ffc7850e4ae32cea2ba,2014-07-07 09:31:03 -0700
2ad183ebd177f47a1a05939c4bd439b387e46628,2014-07-06 20:57:56 +0900
e2487c7f925d36e4f29f4c7206c3556fdf04949f,2014-07-04 15:13:54 +0900
f048d31be3b637ccfd1c97fdb4368f3f2d091f6e,2014-07-04 15:13:22 +0900
47b5e188790affd758f964860118d78cdbfabc85,2014-07-04 13:50:20 +0900
fe26f921ef97ba4273ac7a7a217d4b07d22290e3,2014-07-04 13:45:33 +0900
d5ea31bf89504f6cec8967404a3e9cde8863741b,2014-07-03 18:53:40 -0700
a7bbe1197f3fe896cf11d09af2c6bc15a773ee2a,2014-07-03 18:50:08 -0700
838ff9cd8e4be3c6e6301751accdee1bcac3661d,2014-07-03 17:13:48 -0700
fd0448456fa13a08b3a2a6484f6b5092496be4fd,2014-07-03 17:09:56 -0700
e80b07de7fe05959c982606f62f138190d815487,2014-07-03 15:46:27 -0700
8dbddaf2d31201d1637286f305eb63c14bef5b03,2014-07-03 15:30:43 -0700
83727077e65287807d8eda0a9c678dd23f095d9f,2014-07-02 18:33:58 -0700
7c7485810cc6d4c14ecebfae43a294de3e44a0dd,2014-07-02 18:27:13 -0700
8475aab34296900d5935126a1a102bcdfde1850e,2014-07-02 18:26:16 -0700
fbf477e8f4e17873776b7e80708f83ae8a9eae49,2014-07-02 17:34:14 -0700
12e1cc866f5ff37f95a95ab48f0f893c402490a0,2014-07-02 15:12:38 -0700
145692f795cdee45aa1f663caac5b10069a11762,2014-07-02 13:43:23 -0700
24888b03bf8fa120a6d3da6e7d9e0edb8ff26a5f,2014-07-02 10:42:42 -0700
7a3f638c35285752fafe6a830165009c232169e1,2014-07-02 10:34:01 -0700
11a73bd7c4a4defe5f12f43bef880800080bab60,2014-07-02 10:29:46 -0700
8d9ebc9082ffe20e8ff498417999fa24c321d1ed,2014-07-02 08:52:55 -0700
a7e52386ea32f26dbe6eacfd5faf383bcc0f021f,2014-07-01 20:10:14 -0700
b30aaf4f75776c7dd4e1a0dde873353385fbc582,2014-07-01 19:54:31 -0700
8eccac6f56db1d39b0d6cdb700cbf05937738374,2014-07-01 19:52:33 -0700
dc4cb42cc21100461c40a6bdb7bad6824f2561e7,2014-07-01 19:49:16 -0700
5efbde4a77eee8ab3444b1d60b96bf09180cee04,2014-07-01 15:31:53 -0700
45fa87ca27dd36709b4f0c9ec23576b0fccdf448,2014-07-01 15:12:57 -0700
fd14f62b35b02e803ca530f57aa674a6a5da3e94,2014-07-01 12:31:55 -0700
555484c50d67b999acfe713a006907569c02c996,2014-07-01 10:23:44 -0700
353e02e724218dd88eaee2b539d3280865084f2d,2014-06-30 19:37:56 -0700
83278b8dc3ff71e3228ed0f1500542c4e3172569,2014-06-30 19:36:57 -0700
abd96804de0cf1bf2264646d99c2817cb6bc20dc,2014-06-30 19:32:26 -0700
5cc73a3abb4027010eb43c241ca580f347057427,2014-06-30 18:46:18 -0700
9a3b1a2d2c257aaa88f5d4717d67b476f5cf3778,2014-06-30 18:45:04 -0700
06cd571e90a1e8887d5540241f4b314bbbb89841,2014-06-30 18:44:22 -0700
394e2cd288f00c29ac77ab61b30d81454873471f,2014-06-30 18:43:50 -0700
910814ffabc154d53e61cf3d734332d75eccc9c9,2014-06-30 18:42:54 -0700
90127f1ec4bbf234ba2e4ac5f7b241baa37532f6,2014-06-30 18:41:57 -0700
1948cb5409f3ce9a861f50470fe7a3da5458867f,2014-06-30 16:53:22 -0700
c8f94889c3b26f3e0f76a1dd44cbc7d7521e92c0,2014-06-30 16:47:58 -0700
4d7ded780782257ae49661a9ebeca4811f969ddc,2014-06-30 16:43:44 -0700
a18dfbbd0067ae44d7d960ea1a67dd596ab957d3,2014-06-30 16:42:33 -0700
fc768de9e82567aebfdc56fd8a2f76a7030482a2,2014-06-30 16:18:21 -0700
859a2713f3ed08a7b5faeb42f0b19ff26f6c17c5,2014-06-30 15:06:48 -0700
531b899acd626c441314115fe5470a1c055d4c96,2014-06-30 14:00:30 -0700
8aa2f5f19d49ace88877afc5840bdd26c435c65e,2014-06-30 12:54:04 -0700
4183460c1edf4109289c7ded1392910d92c15bf1,2014-06-30 11:29:12 -0700
6df129f17c8d8fa56bd13c558dad1c4f236dda6f,2014-06-30 15:02:56 +0900
403e6014a85f50203c7e874f7dc2edaad9f4aa96,2014-06-29 17:15:37 -0700
98c41876455101b3018e5ab95d03dfdbcd4ee5cd,2014-06-27 19:39:10 -0700
6fb29ece56f6a2ba5cd8738f3988780b6f9b4a60,2014-06-27 19:35:09 -0700
ed4a0e60b6221cad813b0438ff702e7d64e43bd5,2014-06-27 19:32:38 -0700
d8305afbbc4d321f77fb4fb9fce06425f3db5710,2014-06-27 19:05:53 -0700
f3fa150f715414b1a0954dd1de5839f2a01d2283,2014-06-27 19:05:30 -0700
2af38f7fd372f8c07960d06cc3f74ff2b2b9cfca,2014-06-27 19:03:06 -0700
c3bdf8ace7bb0b79981879909a67305d9949a3fb,2014-06-27 19:02:48 -0700
a9e24cc3fc89efea26fe1fad92d1f9139ee62c92,2014-06-27 18:54:48 -0700
8a1772f66f6d3c693a148c1f90bc40adc8ca4e34,2014-06-27 18:17:40 -0700
16367c3dbf03a915edb470db3d11a1c5739fcd2e,2014-06-27 18:10:25 -0700
543bc9ae5ff6b50b009e34c0556646441e88a388,2014-06-27 17:50:27 -0700
0e47c8ddd718dc0b71b64470aaed490b9a4cc8de,2014-06-27 13:20:44 -0700
a8fbdaeaccd533cde7ee15c348a77412e1c4aab0,2014-06-27 11:09:23 -0700
0a986814d9ce06d86f913244880de09d9b458240,2014-06-26 17:40:50 -0700
5ac9e6ee76ca7dc46eab518eb8de27f5ae10cd31,2014-06-26 17:32:54 -0700
03a305129bc0c3be524781d4c25232f4afcccdda,2014-06-26 15:26:50 -0700
c83123f2dc3513a2f2b0a1bac080fa1f36e401f7,2014-06-26 14:11:05 -0700
969424f46c205fbb89ea98cef9d3a153e312702a,2014-06-26 14:09:45 -0700
c021278b738241ba2c3a57749c32d0f455fe4452,2014-06-25 18:42:27 -0700
3c78f5367caecec0093730aadb9abcad2d1be9ac,2014-06-25 18:26:17 -0700
87dcc374edfef018579d6e2b391ac621db3729c3,2014-06-25 16:54:36 -0700
38d40c3250f823ae703dcfdd3037ada926107df2,2014-06-25 16:33:27 -0700
04d44650aca01c7ca4f96caa20ee90f191f710da,2014-06-25 15:04:39 -0700
0884f589fb1f78b7b28433196c27d9bb55f72e7f,2014-06-25 14:24:32 -0700
18cec5dca7dc86b9034a41f721259fe136496e2f,2014-06-24 21:42:40 -0700
c717d89fb7a7591c5c24f517005209f08337ca59,2014-06-24 21:34:43 -0700
1d138d6614d0bd0a259ce49f6913af3f8fa38709,2014-06-24 18:36:37 -0700
ccccbdb10902f841d3b4271d27a79b587182e724,2014-06-24 18:06:14 -0700
007c4693629bcf6fc1e0de311a5bf44d714fc158,2014-06-24 14:48:57 -0700
93848af6880e52078f1a52cefb32f6d004049f3f,2014-06-24 13:48:09 -0700
df4132b8722118fa00f199e0afccfe325db50d7f,2014-06-24 13:45:12 -0700
c06b1a7c275f211d386a7cc5da11c5de5db63801,2014-06-24 13:22:17 -0700
27b04af0ea6891b306708bad7a26b3128a3caf88,2014-06-24 13:19:02 -0700
590088ac52e3a15a089c6684843e020391459092,2014-06-24 12:56:39 -0700
c4a4824e1c3c3eb044e399402e1abc6ef8760c6c,2014-06-24 12:24:58 -0700
b09d6fdc7cd4dade8ca9f4a4ee6d51ff7199c252,2014-06-24 12:20:15 -0700
8d4c1dc244464cf327728f923d0f1ed11ba63f4a,2014-06-24 10:43:10 -0700
928bb8efead5ffd1fee49147a389c17ea945884e,2014-06-24 09:11:05 -0700
3939f67253adbe24724da26cf7a6ada96de593b8,2014-06-24 09:02:25 -0700
e07d1e62e541b35cfd5e4460c75df05daa24db54,2014-06-23 18:02:54 -0700
8652e0ee56311410e731a3f9b691327615cb0db8,2014-06-23 17:48:17 -0700
a7c2938acdaa0327c5531a04d1f09c0bcd6626d2,2014-06-23 17:45:06 -0700
01a91ecc4db0bda64d18a5e9ad42553fee577559,2014-06-23 17:40:56 -0700
d944b86d680faa46c9f4933da73b1ba3a4e1eec7,2014-06-23 16:27:03 -0700
c4512f982592838ac11e484cb2d7dcf6885a0136,2014-06-23 16:13:49 -0700
37a705484143c0feb137ce225e3154b2ea6300d1,2014-06-23 15:59:45 -0700
b798f8508c743af1f150723ed73edf6c6e9345a1,2014-06-23 15:36:16 -0700
2789e30081d6eac0bf9a911cc7e948b326e640cd,2014-06-23 14:22:24 -0700
ce62a6e659089f69982b01cbcd71a6fee68e48a3,2014-06-23 14:20:53 -0700
ba3054f576f4ffe977a030d56c488501d135ac41,2014-06-23 13:56:39 -0700
fe7a672c272fefbb081171b508fc11a352c0b75a,2014-06-23 13:31:51 -0700
1dd5ec7da4de89199ce60b3e6b9cb8a1de72fa38,2014-06-23 11:13:40 -0700
949739d683c7d16f6762a42ffd1c548b46cd14f8,2014-06-23 10:21:10 -0700
bb8768688bea03814ed8209b541ca52ade40416e,2014-06-23 10:16:41 -0700
0a54563ff422b9fb3d0aabd6bde6468092485d8d,2014-06-23 10:04:11 -0700
cc14e031ac7887d8cc191acb79f10a323537f1c1,2014-06-23 09:25:58 -0700
c5675303e522f4dbe630f2f144c9fd0e5c6709c8,2014-06-23 09:21:35 -0700
ff371b9a30bd08b748d47066df57d98a8161fb9c,2014-06-23 09:20:11 -0700
2f306e16813281c98f0d85b9b4592f708b7d7df0,2014-06-21 23:44:51 -0700
03aafbf0933577644961b0d3817d4399c3736f3b,2014-06-20 18:36:29 -0700
12c1025ba24eb35bc3ea5e1aa58c29e5071ac3f1,2014-06-20 17:49:32 -0700
6ead79f7d79f86b1c3caf2090fc9224ae323e9ef,2014-06-20 17:05:53 -0700
fc77c3b0a96ff9c715bb8f1fce7a6e4c34c41f18,2014-06-20 16:53:07 -0700
7a3436e9c8069ec6be0a7ff09ca74aa59d7746e2,2014-06-20 16:53:02 -0700
3ca5111791487d553daa3f834e68c05f59b9597a,2014-06-20 16:38:21 -0700
c6218bea4c0606957dd2e768f8c1eb851ff3b1a9,2014-06-20 16:31:36 -0700
5df0cbf83d785e10444a55e324a43d189bebd382,2014-06-20 16:31:31 -0700
dadfc900d3e25725f348b2ae26a0312f306b859d,2014-06-20 16:27:25 -0700
6fb7c86226874da86d5bbee0c4218625ff1d58f5,2014-06-20 16:19:29 -0700
c4242ab286a6150bc0d800b57a428c47f31688ee,2014-06-20 16:19:25 -0700
55473331301f810d43b2c69f2422e6720ac2c33a,2014-06-20 15:40:45 -0700
1f32a783526082b084b8d6f8f753e14514ccc1ae,2014-06-20 14:28:07 -0700
406e7706b2ab173e13a7c09a773c5c4e0ba4ecfa,2014-06-20 14:10:13 -0700
880e5006b6f75fbf0504e175fbd22dd085420816,2014-06-20 14:09:17 -0700
b96e5e10e18042df907126c5f326f479c0c5ba39,2014-06-20 14:06:21 -0700
deea114af9c48ea6a4e4bf944042d997d662183e,2014-06-20 13:56:24 -0700
55b909d31481721f952de462e7cdaeec9386e2cc,2014-06-20 11:07:13 -0700
f84dfbf4ad5a65ef557f10aad23de7a6dab3681b,2014-06-20 11:06:36 -0700
1931e57749c7cdfdbebf754c8ff3325bc010ca67,2014-06-19 22:31:23 -0700
1581c150ccd931254c71b1d7a6c142170a1ce558,2014-06-19 22:16:55 -0700
d1789c9c26303144f9bdf278f7263de0ecfa263e,2014-06-19 22:06:30 -0700
a35627edb34afb223b360fa105356b3b1a70a503,2014-06-19 21:58:38 -0700
3b0c41ba94e506582c0cdc830e3f9b87d38b65ee,2014-06-19 21:55:40 -0700
8cc90dd22b2b446086f646de1d4326097f559b2a,2014-06-19 15:35:12 -0700
b65bafc634f79a8a879144b21efe41b96865389d,2014-06-19 15:33:52 -0700
e03dc7e18987fcd8dda52ba4b21f93e71f427062,2014-06-19 15:05:47 -0700
84671be05f4e57342279072aa7e4ffc0f46f4541,2014-06-19 14:51:12 -0700
b7481a470c9b8f09a642fe372d5477a2dd754ac1,2014-06-19 14:50:00 -0700
d84a2d49558eda5bb8992c49307d788f3987cf97,2014-06-19 14:07:13 -0700
cd965b0d3c2c5edd00c71cdf4840ccfa4c4f6038,2014-06-19 13:36:30 -0700
c1e89b083c210836ad658c513f12667220315e9f,2014-06-19 13:12:24 -0700
f80b47053dc766746a0a2ad13bcea0719b288355,2014-06-19 11:20:37 -0700
e9d6ff36bf212d85a9427169d0c90100a4439793,2014-06-19 11:07:41 -0700
e88d68ff835656088fbd15a633169dddbddd57ec,2014-06-19 10:24:47 -0700
dbf945baeda64fcc0b8ff06e6c3f3f9bce224632,2014-06-18 21:05:14 -0700
a2d22441ff3cc0b90eda940e751691712ab79145,2014-06-18 18:08:08 -0700
329aff9ac6b7be4edf0027a5861e5e1e897127f4,2014-06-18 16:53:19 -0700
2cb5d22e5ad5292a742610314aa9b6fc42276c5c,2014-06-18 14:04:20 -0700
4ac8f90d9f55b7a27c37d3d944c8f3199ad4c1d3,2014-06-18 13:24:20 -0700
b173d26f8c15bda0b4028ece08e279a57cb29fb3,2014-06-18 13:22:55 -0700
bdef12628ffa70d9cb034eab39c5a1a3a7048eae,2014-06-18 13:14:20 -0700
030bfbe76a98c2935c6d62b35d200361de0cbdf5,2014-06-18 12:40:21 -0700
c19d489651dd00cd5c37fbf236a3ad04d10949f8,2014-06-18 12:37:16 -0700
38c7e8b161afb07b53141ba22ffbbede408f57ee,2014-06-18 11:19:00 -0700
e5b3e254d09c7eaee5594b4c9087041386f1dae3,2014-06-18 09:37:43 -0700
2ac22df6bd50477c2dcc1aa4a6a01eca9de32b87,2014-06-17 20:40:58 -0700
29d3c0b7ae1fbdfb47294c6adeebd3992941ee6b,2014-06-17 18:58:15 -0700
a8e947504ad5881c248ec59b75eeddce5b70b56a,2014-06-17 16:51:40 -0700
49c6a8a9d368b8dd0d93dafea35900891790ca67,2014-06-17 15:31:57 -0700
0a4887958f969fea90af1baa9dd4f17c160dd7fb,2014-06-17 14:33:29 -0700
6e0cbcfbdcd59e550fb601085aa07cdd0d5c7adb,2014-06-17 13:02:45 -0700
47ea7ddb7d9799fe160c5814530326c59545a895,2014-06-17 13:02:30 -0700
66e09078d44b5c15a5c615685dc1e2268e944e6a,2014-06-17 12:44:31 -0700
4845a77551906ebe01939a662ee7812bdd04728d,2014-06-17 09:46:55 -0700
7abfedc8859fc0b7d0ddcadbaff30f120ab2cafd,2014-06-16 22:28:54 -0700
a88c6f2953e37e7b3577877d3f37db774bf540ef,2014-06-16 22:19:02 -0700
8d550a27ef03b780e214d1d68f24e7944655e907,2014-06-16 21:09:31 -0700
9099e6b25f503b3f1d25da2d851883dbe6dcc94f,2014-06-16 19:17:04 -0700
0cf4e27d70fae8395582109560ab0895e592a9bc,2014-06-16 19:11:39 -0700
ba9413d6dd9a0a1f30f12cddbe499cceb4a3a09a,2014-06-16 18:57:48 -0700
a6fb7e7b6bbb671c0af63d1b486da9d599a9f175,2014-06-16 18:27:41 -0700
1d541cd9ee3e4cddf73a56ffd24e664fd9532794,2014-06-16 18:06:59 -0700
b24ceb0166fcbd51e968ae30707fd54548c895c7,2014-06-16 14:33:09 -0700
bd7823114bd896daff5635a10eaeaa45c615a69b,2014-06-16 13:26:15 -0700
17cce5f1d39b330028cb34fc67e6d771f2857477,2014-06-16 12:35:42 -0700
6f43c1e87bc7f3786dd0d63cd159015b0d03db8f,2014-06-16 09:23:01 -0700
41ef68fac9287bd790fcee54284e36a53ce38d1d,2014-06-15 20:56:07 -0700
530c9f9afc208492b1588da180e0f8f177e80134,2014-06-15 20:40:38 -0700
2ec71e822ec98ffa8c1406c0c0e9b3103396beb7,2014-06-15 20:35:05 -0700
2e0259a4335bdd09cc1da57e8ff397f1ec1a481f,2014-06-15 12:50:14 -0700
156660eba8b67a31cc3ed5194ec7d2ec639f41a3,2014-06-13 18:31:32 -0700
6e69e5ce073034bf1ed08590da3a0964f9504dce,2014-06-13 17:47:10 -0700
2bae94c4140eac7f4d1f4f8cfccfe9941d0cb8c3,2014-06-13 17:20:18 -0700
1a5ed1c2255bcdf16ca3cf11142df0a252beb57c,2014-06-13 11:43:37 -0700
31f2edcae00aeefc5fd4fd16a91cc4f7c815c2f1,2014-06-13 11:21:09 -0700
02eeb669312944cb5761514d32988ddee8b2bbd7,2014-06-13 10:52:36 -0700
0ef3463a407085610ee0143d656c83efa8919b2b,2014-06-13 10:43:32 -0700
45f49e0353ec1a998a3afa0043f65494b027f8f8,2014-06-12 18:25:20 -0700
f96e5dbb72d86bc9cbbd91dc8c88094efd5d359a,2014-06-12 16:24:45 -0700
169522cee058c69c4c09e2ba1c6449857707548e,2014-06-12 11:29:38 -0700
d601ab821e251452838ab8e5b36f4fda21d54b64,2014-06-12 15:12:46 +0900
ece216db90cd7b51f2691ac54c3eb564308e8cac,2014-06-11 18:12:36 -0700
86694db27408eb8bf64768a6a6e7b50d6b7a9f3b,2014-06-11 15:38:38 -0700
36b56fdf6bc88e40d361820368c680bfdb15f8e4,2014-06-11 13:05:06 -0700
620a89630ffe51b4ab145b34f83461d5cfdb9026,2014-06-11 12:32:57 -0700
74a8355c7744045ab8ed867d2f8bfb3b7a14519c,2014-06-11 10:09:35 -0700
5f78bdc42e5ec46013ffbba7062ad4626cb0deaf,2014-06-10 14:02:05 -0700
a933d63716b126024f365eb0e706382fc4f99f0e,2014-06-10 13:56:39 -0700
35d31982fd2810e70b401ae4320d4cc58e2cb52a,2014-06-10 13:16:21 -0700
5e15264308f2367dda064f844b1a33830e1f3da7,2014-06-10 12:29:27 -0700
444e775b4b9a846c4905f6b1cde0e33ae94584ed,2014-06-10 12:21:51 -0700
e3ca5d6f591dbb1de6356d058e920f84bd2848bb,2014-06-09 20:44:57 -0700
f37177f514bdfbe33f5b2527fc886f492a990436,2014-06-09 19:37:34 -0700
6de8af5d5951edf606cdb80a4f9393748bd3cef3,2014-06-09 19:17:23 -0700
4d1d07172368bc317366528ecb898d73028add6b,2014-06-09 16:24:52 -0700
a2e4cc98198063954d17658863ab79f2e1313056,2014-06-07 08:45:00 +0900
31f686cb29dc824caa95e2d4b1200a8af5da7a36,2014-06-06 16:02:47 -0700
80825837e1ff5e01668160541d6cf28f569649d8,2014-06-06 14:37:15 -0700
6d09b007d2d453a4a9016e063583cb77629d7081,2014-06-06 14:35:30 -0700
852e62058af5754e60df4fb6aa6de31c3cbb4800,2014-06-06 14:12:49 -0700
c849036203a29cc6fc2c72bc0275dd387cca8458,2014-06-06 14:05:54 -0700
32cd35715135e39db5c9007a2e7af445ca97b649,2014-06-06 13:46:34 -0700
7c00dd7b79d871311a431a639dd56d38354fdb8f,2014-06-06 13:07:46 -0700
44e0b4b961dd0c06d9d0ee13cf6ee410c61c46ac,2014-06-06 09:18:15 -0700
fd65d26894cde5efbdadb89fd47e15e213a8b988,2014-06-06 08:16:45 -0700
ff2aa089183d55898277197e50a658e68378f91a,2014-06-05 18:11:25 -0700
2b69b96289672680a186d20a8f442251df685910,2014-06-05 13:10:01 -0700
4ec30bb56a41455393f51d09e50b3427c57dc973,2014-06-05 12:11:30 -0700
d44301030c87f82f887f49462363e24612b51737,2014-06-05 09:40:37 -0700
7b66d6d4d77bb3c23c7c055b88a976566958995b,2014-06-05 17:27:38 +0900
d4f776033c016a25b1feb45e340145d7d914e34a,2014-06-04 18:55:06 -0700
c6ce11ffd9f3c36e909d7fd0acb581a41ae1a971,2014-06-04 18:37:27 -0700
a47242b53b42d85a47ce555c2127dcbfd6c27e1a,2014-06-04 18:36:31 -0700
fbbdd96b4a3c15aaca3f94b9bf6c02c7861afa29,2014-06-04 17:33:34 -0700
ee7ee825c8e9c263725c465eecac74c925f28561,2014-06-04 17:26:14 -0700
4377c0c42ad0c6c679f8805b2ea038bcc77c2dd8,2014-06-04 17:04:26 -0700
9ac986c84559e867dbabb52860d78df5bc227f3d,2014-06-04 16:43:19 -0700
64392a9cfc050e585eb21c1b5bbcaac921220daf,2014-06-04 15:41:46 -0700
643ede0d8f876a85c19ac7ca91950e0ffd016c5f,2014-06-04 15:26:51 -0700
31283f0001a1ebb496b3831fb9b30d80f438faa1,2014-06-04 15:05:46 -0700
8f33dc9d56ada3abdfff844fb23bbe1e166fc712,2014-06-04 15:04:15 -0700
33336b45a439649b938a0e818eb453c07af38608,2014-06-04 15:00:02 -0700
c93deecfd71d2d5ed75c26e4879d8c91e6c68229,2014-06-04 14:58:43 -0700
9679223adbb6b071363a8417edfee5c90f29b90f,2014-06-04 14:54:00 -0700
31c826e669f7b5369bc06c5aa36be637bbc6c584,2014-06-04 13:40:19 -0700
7a4dfc1c00cf76c058a0c454e90a50fbee8ce81a,2014-06-04 12:49:20 -0700
d8e2748c056ae7366a06a579d3f91caf2a572d3a,2014-06-04 12:43:46 -0700
73d15ad2fd795043d8c461b9a239bc804e6de934,2014-06-04 12:18:33 -0700
d415f6a980af829f8503ee22f7bfdb03d48455be,2014-06-04 11:10:53 -0700
ce180e0e2d08501a4f3656ed31b99a8400096fea,2014-06-03 18:36:18 -0700
99be07b0fd0c79754914564312b772313b94ce9d,2014-06-03 18:08:41 -0700
478e075cf5c8b0703d8870634899b66e87fbb8fc,2014-06-03 17:58:26 -0700
401940c146e4cef9e0e5e13660aece70327fdbb3,2014-06-03 17:03:47 -0700
932f6851104e76608510916e0c4b28579956748e,2014-06-03 16:52:35 -0700
776883d3e56712b1840aebadd4fb320fea4c86e3,2014-06-03 16:31:39 -0700
313a340afaa06f94b33c38bfbf3f906a4e8ea90d,2014-06-03 15:46:27 -0700
2f1311156fb8c930ef71d3738680c25a8cd4110c,2014-06-03 14:04:40 -0700
c6027afcee48315abfe2754d89eb5fdf2e78a21d,2014-06-03 14:01:13 -0700
d19b1a3a77083b621f60ca542cab3daa36b90853,2014-06-03 13:59:28 -0700
8305bc201113f23a877232fbae16287546f34977,2014-06-03 13:33:14 -0700
fb73d3e184bd1ece72f8ac5ee8b4c660b8c0292f,2014-06-03 12:04:03 -0700
0ee66a3bbc1ab5cf84d02fbfd5323a89eb2741d8,2014-06-03 12:03:40 -0700
3698eda37ce2e8fc4257c8de8ec849ec70940dd9,2014-06-03 11:47:07 -0700
b24234849a6fdf7656c7aa5aef43a52e47c5d469,2014-06-03 10:06:57 -0700
92ea326f436f3a7a56f4169ed8c37df0f2410e59,2014-06-02 17:46:17 -0700
129f6b3a97a19aac4aad1cc50c818596b627e4b7,2014-06-02 17:07:54 -0700
991bfb8c42ac4d77324a4e601aef0f467ff3d98a,2014-06-02 16:15:21 -0700
b22cae86e1d15b6864eb6034a955061bc9ed283b,2014-06-02 15:28:07 -0700
5e1bfb8be467ffedddf4476f31a883f7cf697b43,2014-06-02 14:59:04 -0700
f5773a2e589dc9ee824658c5b2fdb5b566f8d4df,2014-06-02 14:57:48 -0700
d93e7db2bbc398257c911ffc4e3cc8f2c33aa0e9,2014-05-30 16:44:07 -0700
b3336bbdf1663d8d23397a86906875faac5648e3,2014-05-30 15:01:53 -0700
fc38cefafb0557418e241ecaefe30868fa6b204f,2014-05-30 14:24:08 -0700
7043b8f35ff2be7339d562f48dbea809a1695384,2014-05-30 14:16:07 -0700
e595eae7742f2a6f0aa9a1062661add3943cbafc,2014-05-30 13:45:44 -0700
167aa374028f06cf823f851cf4a07e921e417b69,2014-05-30 13:39:41 -0700
c6277da89ae9b017efeda929bbfda687250b1f58,2014-05-30 13:33:40 -0700
2d80485fabe2a780e4fa3949647b5cd97ba7bc9f,2014-05-30 13:25:40 -0700
cec85fece5bef5583e00998b1dca426bc1584454,2014-05-30 13:22:12 -0700
30cb6599d4cd8b570a5e39e0d289fda2b5fd9450,2014-05-30 13:21:15 -0700
8311f7984d0d45dec283bada085830da6a18940b,2014-05-30 13:14:11 -0700
7dd74f567f8b787c8654dff586e5229647fe5769,2014-05-30 09:47:54 -0700
428274c616c0fa5efa37e20f92b8393ce51ac2f3,2014-05-30 14:17:18 +0900
519375a4d211acf81308c99a61537aea7285fa05,2014-05-30 14:17:02 +0900
c246105d365f76af56dbbb1407bcf6da6c376e42,2014-05-29 18:47:14 -0700
cb1e4f26872aa729298ca48b8acab17efb077397,2014-05-29 18:45:00 -0700
c27718a371be1067e0a77af672bb817cd58e5f9f,2014-05-29 17:07:56 -0700
9ae319a235bd2aaf22e340230edc3236446b9171,2014-05-29 17:03:31 -0700
6e577af99874817c0dd6f105794a97f94bdc6fd9,2014-05-29 16:03:37 -0700
12e25079d04599c46e7a8a378750fdacd8d05e7a,2014-05-29 16:01:35 -0700
def8f9f085e10d63e413a0bd8e209760c2410242,2014-05-29 14:42:27 -0700
3e8e566a1af5927375951c731e6a6f11b306c9bb,2014-05-29 14:37:55 -0700
9291766aff49a2a1040b5f4d3f2d64d267eedf95,2014-05-29 13:09:20 -0700
bfba284edecb91d8e0589f6e6b3224484c9e6e9f,2014-05-29 13:04:15 -0700
835847f66e70d9694b5d7af84873352a69989617,2014-05-29 13:02:45 -0700
061d101149d39faad033ea60ef1759e3be4f7865,2014-05-29 12:12:33 -0700
822c2291f5d2070a6b1b5784083c1d62685b230d,2014-05-29 12:11:49 -0700
7d262077031892ea1d235259a626c1a402449031,2014-05-29 12:09:16 -0700
6acaa08372ee10d1db55f7f171f82e187ed3408f,2014-05-29 12:08:24 -0700
0f6fa741bf760229256946de570d6239a17818d2,2014-05-29 10:33:52 -0700
a962c8b03783031172d9bda1533611347741c9da,2014-05-29 10:25:51 -0700
3e5d157e5944c2f9deb7fb02051aeac7b7ab1828,2014-05-28 18:25:25 -0700
7436290d1529741bf89387a801f06b9f31adbf19,2014-05-28 17:32:42 -0700
96c7594bf712a7a12b5f959afc3e18fb2826803c,2014-05-28 17:31:56 -0700
20913f20822ba7e0771faca90fcf109df39b8881,2014-05-28 15:23:07 -0700
0b75401b9187342dd2efcb05543dcc3eead5d5f1,2014-05-28 13:37:16 -0700
b20e9efeaad76b93694405f2e822c5f8c367aa54,2014-05-28 13:30:31 -0700
89dca5c7e9e4b70fb02334ec5a58c7bea895430f,2014-05-28 13:03:01 -0700
5e81180977a01fb49e8b642f12dcfbe9714f8f96,2014-05-28 11:20:08 -0700
18e3538954fa30fa7d48bd35451021d2e1cbcb92,2014-05-28 11:02:41 -0700
10305dce34cea9bb434318b48542929c3acbf8b8,2014-05-28 11:00:21 -0700
e8fba50dcecb87985a307a8523d6bf89b2275a2c,2014-05-28 10:50:50 -0700
f56498f790c262e1fa04ab1c78551681273e41b9,2014-05-28 10:45:05 -0700
b4fbfdc7cf192c098096d9a3144b8ba46139b684,2014-05-28 10:41:19 -0700
bf7ad748a0041a9f2d291fe1ad8ffb11f466cc03,2014-05-28 10:41:16 -0700
84eb7229b498f07ae9b3f0f20e87949a832d3f06,2014-05-28 10:32:44 -0700
a4b6f7dc8690c08d5c47bfb3574e693f4f285ea2,2014-05-28 09:59:51 -0700
114753a96c889e51dabed1d2a5ba5ffbd94321bf,2014-05-27 19:24:32 -0700
99c6c7fedaf00784b78bd920ec6c772cd0c0af2e,2014-05-27 15:10:17 -0700
b7c72f5446957097ed8073bba09b6faa90c7f69c,2014-05-27 13:48:28 -0700
93cf9f33a77f5fda70600be2a5ba57ee52dff431,2014-05-27 13:19:47 -0700
ac3b43646786eb74b683d6e41e29743571d4f547,2014-05-27 13:19:36 -0700
a51e9134b70aee74f158c28ddf70782ad4a4a7b0,2014-05-27 12:38:22 -0700
828242c0c5b57bb70528dd0cf6331a2e3b22d4f3,2014-05-27 10:16:00 -0700
24e611291b85c57445d23035c57a2266d984bdcb,2014-05-24 16:22:31 -0700
33852012a401a117ba0a7e5df87f5f69500d43f4,2014-05-24 14:59:51 -0700
3ad1c75a713118cd0f6d72b97692e3f69134ec65,2014-05-24 14:38:52 -0700
d5b98981a9df17d846f50ae18aa4c2343616ebeb,2014-05-23 23:51:39 -0700
7372eade2d934941d2ca5c49b05eea2e4e74c379,2014-05-23 23:40:56 -0700
ee6559f6d4085c87bb480016fdbfa065ace2f5ed,2014-05-23 22:50:39 -0700
23385ac4fc2faf90a9ca7c32cce9529135c38475,2014-05-23 21:46:18 -0700
20a89a369ab3d25a30c8f28a04397e2add7705d0,2014-05-23 21:45:38 -0700
bfcb47090fb20361f0bcc33ddbfcbd11852d2e34,2014-05-23 18:56:47 -0700
46e6cc1d57638374ab058cc5ea715aa7038bcf3b,2014-05-23 18:44:24 -0700
c384d7b44bfad91ef1a48b850dbefe21b220a66e,2014-05-23 18:39:16 -0700
804210dc8d092913d2d01c4941a287a7c2dfd463,2014-05-23 17:55:41 -0700
a641958160db25280acecd9195ff33419f7f62f6,2014-05-23 17:33:33 -0700
4af045d52e5a89302eb09387ecfa45b7075a7d46,2014-05-23 12:48:01 -0700
5789817b281a61d909aa3035336d980985be8220,2014-05-23 12:16:59 -0700
07b1b09d35cc897aabfbfc150651a9c924764d1c,2014-05-23 12:16:32 -0700
5c68ea1ac97e08caa583d56fc22e2396deacc98c,2014-05-22 22:37:15 -0700
80a656aa12dc67e0625e56a3ae5826b18093fc69,2014-05-22 18:54:14 -0700
1a2aa9f7212a3fdfb3dfdf184cc39347e5afac0c,2014-05-22 17:29:53 -0700
0f50fc1fd53df489cdb4712b017dc1704f3cecfe,2014-05-22 16:51:53 -0700
1db33ebb4cdcb88205388373dfdf6b5844592099,2014-05-22 15:20:48 -0700
b8c176f5faf7611fbdca84e8273b5ab9cc298763,2014-05-22 15:06:28 -0700
3b262a8e8a2d6bd81b32e2877cdb95801abcff72,2014-05-22 15:06:07 -0700
9034513e14653b9a7315d8eafb9ee8947692cdf3,2014-05-22 14:59:42 -0700
b23b492b3f21ae9ffa81d1eedc1bb397f58072eb,2014-05-22 14:22:32 -0700
a4c7bda340675673cd5035722d08d7ae25ce7e6d,2014-05-22 10:05:23 -0700
3a7aba93d6c188b0b6d2fcda5b44d504c29dd76b,2014-05-21 18:58:14 -0700
608d006bd295d9a6dc42382ce18b3063b7128804,2014-05-21 17:28:06 -0700
d6ae5dfcece398437dd9c975e7b455f3c4e04d05,2014-05-21 17:16:05 -0700
3089d9900270bddcc204e0ee8f6fca62db2e90bf,2014-05-21 16:58:05 -0700
29f8580d612c5aae8ddb241acbf49b6248fe00db,2014-05-21 16:48:07 -0700
3b0ffd49913e18ed5276526ec72aa0f28bc53720,2014-05-21 16:08:37 -0700
a70b62031f8160a929500ae522768ad0b9a8ce1d,2014-05-21 15:48:21 -0700
2895b28a600450e7bd03ec4b905e730c4bf2d214,2014-05-21 15:40:35 -0700
99724f082c5a6c185327af347c3d0dd105efd1b4,2014-05-21 15:36:33 -0700
4db7e7416ad8b3b84f1293b9563231f269203029,2014-05-21 13:07:12 -0700
de48495f67c22fafcbe3ceeb2e6f5d50b342e760,2014-05-21 12:55:24 -0700
fa3deeabf20adb0fea62d0bd3f5ee0b11ca5bffe,2014-05-21 12:55:17 -0700
796809803ec273b2adf184274d54b251ad7cc9e1,2014-05-21 12:46:44 -0700
b9b0a6d7131e888b46b8b90e0136ee93c61cfb81,2014-05-21 12:44:25 -0700
7bf89971eef352db77f20e4703f06eec2ad1b777,2014-05-21 12:41:06 -0700
64a890b4ff98c1848d04baf03b520b1fbfa097f8,2014-05-21 12:31:33 -0700
ab184cfb71fe1e6930691710d83b5f203c6a8361,2014-05-21 12:22:46 -0700
57daaa78473c79530e120352ec8e7a2217f9f245,2014-05-21 12:22:39 -0700
590ab1c35bf26bb07c85bdded463f202b8443f7e,2014-05-21 12:17:53 -0700
a081b0ef5f1a3f0504e79f16449f94dde1a450ee,2014-05-21 11:49:57 -0700
4e631c3614da5bbadc34d6633b877fac4e389965,2014-05-21 11:14:08 -0700
498081d147813ccac459acb4610baf1e0c8b9e17,2014-05-21 11:13:37 -0700
288f3eb895a556ac399fe4b1a19bac69e9098e43,2014-05-21 11:13:33 -0700
1d2cfc7443844833c4a7f833e22f8537f4b5b9fa,2014-05-21 10:58:20 -0700
0275983dc7ae880fafa2a4c3b0e63aede6ba0f86,2014-05-21 10:20:41 -0700
6f98735387eeec38ed5d4f568b4f487ec455606b,2014-05-21 10:20:34 -0700
b48d7e9f63e399413a445e3702c74358a035e1ce,2014-05-21 09:29:39 -0700
b81993b7d83eddb3c277f6369fe00d4d827d599b,2014-05-21 09:10:50 -0700
7e736b0af9999ba385a701e0a7b56a41763b09cf,2014-05-21 09:08:53 -0700
1bfcaf06e263d3bee889bb403d43d87aa0626dd5,2014-05-21 08:51:54 -0700
a0f2468cf3b901ad636207cceba02f51732298e5,2014-05-21 08:51:09 -0700
3de33c48e2623bed1f77760a4081664c5c1fc916,2014-05-21 08:49:46 -0700
24d093774ddb824d7f695868d6a6962f4fbde666,2014-05-21 08:48:55 -0700
be6d4b1a813a9ad3236076ce5dc441975d31d0c2,2014-05-21 08:45:07 -0700
869e51657378983ca10fdfeb892ffacd1d42eead,2014-05-21 08:44:21 -0700
602368c771747b4877371b62928980543d57125d,2014-05-21 08:36:41 -0700
cde3bf44363deafee89784c5c6d596e14da3f25f,2014-05-20 19:09:33 -0700
0877de869be3fd61423132eeee64778862f0a78a,2014-05-20 18:43:06 -0700
cc2310e6193b5fc34d95e07942e09c0d170906e6,2014-05-20 18:34:12 -0700
ddb0a036da46d161076558372976ce86c7fae7d1,2014-05-20 18:05:07 -0700
22d85232f7e495a1cad2d6f42b35f6c14d94bc7c,2014-05-20 17:13:39 -0700
ca8d515c67c7b5d7b6c9c32734d77a7598827d7e,2014-05-20 16:49:48 -0700
ce0aecabd604aa82576b596aa43fcee90f87657d,2014-05-20 16:43:34 -0700
134b1736f28a1e3b21f9c3108b116a547bccd45a,2014-05-20 16:35:26 -0700
e219bcef18366aa5e35029c0a7d3a2e6c031d069,2014-05-20 16:28:56 -0700
1939ff5252f9630dc489b9f02c98ddd0abd93924,2014-05-20 16:28:43 -0700
c01ded7e2b1b18f65fd9fee7bdfa7bc65d5d53d4,2014-05-20 16:28:18 -0700
3965b7bf6eb8edecefd2171ed3a875ee6d58984d,2014-05-20 16:27:48 -0700
f05abceac0137272bbf6b9dee67a8833848a4148,2014-05-20 16:13:38 -0700
41e33d3cdcde7fd0195561194d016612a305d28a,2014-05-20 16:01:29 -0700
c7e3b6cddd5f1d9ce7f231b787ef29ff8cc55c63,2014-05-20 15:41:56 -0700
fcacf1e77b1f71af81305f52340f98cebd067527,2014-05-20 13:29:28 -0700
2f78363559dafb4fd6256a2ab5aea9675f4830d7,2014-05-20 12:59:09 -0700
dbf588397a6b4dffa2d19b7869315a3eedb60245,2014-05-20 12:18:05 -0700
4e336367e93f357dac99296189dd63bbb5b793bd,2014-05-20 22:25:48 +0900
6ee70bdad20770bf4753e6e8be58d24df1322bc3,2014-05-20 22:24:11 +0900
7d2b032e26189c91c3830b2bdae310661d82e06a,2014-05-20 20:15:14 +0900
6c69d4ac51c51e01750d40ba969bf3a8a5940c53,2014-05-20 16:55:31 +0900
11e6ab850a323ca6a7d8d5f901a1543f24f7b4b5,2014-05-19 23:19:40 -0700
3977dff9bf837311702b3adedc9ff0c1d9bab030,2014-05-19 16:06:47 -0700
ee8908ba966a94b01cb8e10b8aa202c4444b2f1e,2014-05-19 15:02:44 -0700
52dadb7741557b2e7bbdb3136fc21eeb66254f02,2014-05-19 14:28:17 -0700
addb81df863949a529a4947187aebd39e87e9a43,2014-05-19 14:09:58 -0700
01c1f7132de431b212003110abcb05ef57388c34,2014-05-19 13:45:42 -0700
832c0e2da1912bfe36981db113bbb6bf6aa759cc,2014-05-19 09:39:56 -0700
d03ac67991793a79e299ba43a5b0d9d5121d67e0,2014-05-19 09:33:30 -0700
ac2ad26fa65666093ee3eba89a99e712ef1a47cc,2014-05-18 16:05:38 +0900
0b314a24a86fc86ead2c714268a1c437ed27548a,2014-05-18 13:43:01 +0900
c9a8e4f8ce2904b6a8e374ba3d983e21af987882,2014-05-16 18:38:41 -0700
b1f41de57a31c0c5f662dc3a1c741620cfa88fbf,2014-05-16 16:20:52 -0700
5ec182aa92e851a24c99fe225b5fb8301ba55e9b,2014-05-16 16:14:10 -0700
7748547bb0f7bbe7dab2d962fe9b0cf231f3e336,2014-05-16 16:04:44 -0700
9c2347f857946ee52f07d0a66f0bd9f13a9c76f7,2014-05-16 16:04:20 -0700
cf3250c74b862571b526f336b8d7e0410d7c066b,2014-05-16 11:42:24 -0700
3a86454d7c66ded5d68e1f67753710f1399b66db,2014-05-16 10:29:39 +0200
ae15e3512dd134dfb7f5afba82ace29428c4874a,2014-05-15 15:34:43 -0700
0334b37af61d6a6531a2aa9ad10ae9984d79ae4e,2014-05-15 15:27:30 -0700
0024233fe4f36f67362179ed6fc81de8da180f2b,2014-05-15 10:34:38 -0700
610612c8dcf1e9080d7d38c070882494a4517226,2014-05-15 17:54:48 +0200
be3a0d7a376d06aad7d8dfa686d56469bc7992ec,2014-05-15 16:52:44 +0200
b6100d0d4bf50c51b831a9dc03d860dd57f3000a,2014-05-15 09:40:23 +0200
d769f8433d52ac07c3881797857cc427e6c70cee,2014-05-15 09:37:39 +0200
7a78ae24072799b71b85efd1e889f5803f9ded43,2014-05-15 09:20:40 +0200
b0ebce4cc97e418793b849dc988d3427f2dfa76f,2014-05-14 17:56:08 -0700
f72aab72a6eb743a61ab93a778fc633c42a3bfbd,2014-05-14 17:21:12 -0700
07624824559016b946c21199f02d73c940aa05d6,2014-05-14 17:04:51 -0700
107e20520b8ea87f4730e00593a36a063d8da5c6,2014-05-14 15:56:40 -0700
e76b93df2ab9c6301dec27374324aaba67e16ada,2014-05-14 14:48:11 -0700
964e602090b041add7919ef61a3e6efda9ebfd42,2014-05-14 08:57:08 -0700
966bd3de51fb4b8ed248555bea2e71ce18b9e321,2014-05-14 08:52:45 -0700
aeac6b080c12fca36254006a4395a126a6d3bae0,2014-05-13 15:54:46 -0700
2082c961d06a0e16a71ce8dbf0da332f850a39c4,2014-05-13 15:47:14 -0700
04976ede75d7e3895ea3c0d1d05163077e1f3573,2014-05-13 15:23:30 -0700
ae66e27559b96f499970c7ce45bcd81ac8df1857,2014-05-13 14:42:22 -0700
2c84a9725cc6d31a2e0f823b0cf7e66f9c35867a,2014-05-13 14:18:29 -0700
1340aefea7a00fb9e118de1b4833e7e1d39f66b4,2014-05-13 14:17:16 -0700
d96200f48f07d15778a4675b9189c1aa514c7d89,2014-05-13 14:15:46 -0700
5f0f511342a791b2ce7362e62ddd81b15bf25027,2014-05-13 14:09:40 -0700
84628c3257c74697b53d9e464f6f5dc99a67808a,2014-05-13 13:05:56 -0700
c7ff2fcb1b2368c13f5cdbe7fc873aad71aa06e8,2014-05-13 13:04:43 -0700
8da4aecaec3826ddeffa21d41a0603507250d0d2,2014-05-13 13:02:19 -0700
802b167de3c986fa38349a2a33bb469e9217babd,2014-05-13 13:00:57 -0700
7b5976d85eb19ee97bec3db33b0bcab20df881f5,2014-05-13 12:59:35 -0700
d466398b025d32c79bc4c7ff33bb31591508ead6,2014-05-13 12:50:55 -0700
c28b691c68f23ef3e3858481ee3cf82e7e367333,2014-05-13 12:46:06 -0700
d38737f6b6bde8ffef34c52f9eb4e240dffe9e39,2014-05-13 12:41:52 -0700
8daa109e61e22fad90f6d617513c57c850bd05c2,2014-05-13 12:32:10 -0700
336c6706c95f7fc3668d233ca6197a80ef328108,2014-05-13 12:27:07 -0700
1dd8d2298b2d35a7e383af4fae3a72660c7687e4,2014-05-13 12:21:34 -0700
bbc0753ea883c66d0c2e91dda784388a514e828a,2014-05-13 10:01:40 -0700
e6d42c83615ff7ccbca51d7c05555b7933121854,2014-05-13 10:00:49 -0700
e1a8859baff5112e88f9aae9ead051da36106dd9,2014-05-12 10:30:49 -0700
a710b6bc505b3f0396611893bc4f96b9cc8805d2,2014-05-12 09:18:07 -0700
5247460c7ddd03bdf8936581a5f6ae268fb61daf,2014-05-12 09:14:42 -0700
3b0dc05159a7009072fc89441235bab0ae368d90,2014-05-12 16:18:19 +0100
21144337bec99a55cfb27d94638c69f57aea7c94,2014-05-12 15:50:53 +0100
8473f7def94219a34eda8ef7c268b345754e5fab,2014-05-10 22:07:02 -0700
4928db4d71b82744e25f55116fbbe40174c35ff7,2014-05-10 21:46:25 -0700
e252724f027fe32db89709e02393a4fd55adacab,2014-05-10 08:17:08 +0000
1fe07bb9b2ea24348673fe854d29bc8197fb7217,2014-05-10 07:21:04 +0000
edfae602b7135dd37cd4ee12085060349fd8a978,2014-05-10 05:37:36 +0000
01444116b366a220f5f11f62ef6f4d070e732723,2014-05-09 16:25:41 -0700
0cb35b7b4eb75d553c2abe9316c2b4c0ea178536,2014-05-09 13:19:59 -0700
cd42e83f5cbb7870a709d18e276839ca69955d4a,2014-05-09 09:30:53 -0700
4d95ab4c8bee0b59f12932b195608616b1ab4a22,2014-05-09 15:35:00 +0200
f20fca32150261996c7f247c3d94a59dafaa1e66,2014-05-09 15:33:14 +0200
23b63b596d5bf16757f01e6e6800e03545d8f0e6,2014-05-08 21:30:10 -0700
90f9338381acac2c134e5459302401966fed8f52,2014-05-08 10:09:45 -0700
fb1c77aaf94e260edeb353b16cb418cb002af22b,2014-05-07 17:51:00 -0700
3c37dd7e5688bcdca99c7109d5dedce0dada021f,2014-05-07 17:49:46 -0700
6628d8be05fd7ef267ee5ec0b48fd8396eb6ca80,2014-05-07 17:07:45 -0700
1f52275b54ff3a17ddb4239c8112a1fa2a855acf,2014-05-07 15:20:52 -0700
26a69314e40408bc2f9b30cb1d457d1c01b5460d,2014-05-07 14:28:40 -0700
08dfbc27f14dff77055b3c14c8e84e88c3fdfe15,2014-05-07 13:32:09 -0700
d11f32c07c9f3061ad88adb34b25c888c17849de,2014-05-07 13:32:06 -0700
aafac84ff7239e7e836142103be1b2b5b1b1f56e,2014-05-07 10:41:49 -0700
0b3077d6ae44d5a612b2152f1637679ee24ea5ae,2014-05-06 17:34:30 -0700
e8fd16f819b04de632c7282c3ab6854517a422d7,2014-05-06 13:41:22 -0700
fdda4438f8fd091072a8061c667ea202fffc0a48,2014-05-06 09:05:07 -0700
2ac6bf2543f1b74ff5bde083d1890d65d504e30d,2014-05-05 17:10:31 -0700
961e32bb1bc403946a5b7565859f1391e70dd0a5,2014-05-05 16:34:44 -0700
45687848ebeaf68c17d19dbeddc4a51470ec5d3a,2014-05-05 15:50:36 -0700
65947c34ed2807680963a7b3ea8644f9bce682a3,2014-05-05 14:44:10 -0700
6139be18dc05a70973e6a3e61cb1efe114dbae13,2014-05-05 14:08:20 -0700
e1882d4feee02c28422a7d3db40990aa86bd64b8,2014-05-02 18:12:06 -0700
4f9d11d2d5cfd3f9d99cf57d49da79dd2cb90459,2014-05-02 16:09:54 -0700
022af13d3a3fda617fa1e4d28c8201c34b4f9312,2014-05-02 10:48:07 -0700
652cb2af12056a998fb592e698f081a994db928f,2014-05-02 10:22:38 -0700
68a1daa8df9bccaaf36d224c938663e090dabddb,2014-05-02 10:14:23 -0700
d24f1fd17edc2a9e49353ae5dd354dee088e6881,2014-05-02 09:33:27 -0700
d7ad304080c413d46105d3624a15f0e2e39992d3,2014-05-02 09:33:14 -0700
9e24b1e1a680467cea810f06d7e9f9dfe0e19409,2014-05-02 09:21:45 -0700
f13226f23d1cdbcf8e5eaf59e09a1c271bb6a494,2014-05-01 17:17:44 -0700
65cb8b63731ea6afa9bf0a6a2b89b5d896a189a2,2014-05-01 14:46:32 -0700
a15b3dd52d9aa7bdfabcc6c91d935ab88ce82306,2014-05-01 14:42:26 -0700
4f74a3b1ef1a8beb72583a0f7e3fd11612abc73e,2014-05-01 14:24:37 -0700
6a6a01219ba83deed5ae494834f190a0f88e617b,2014-05-01 14:22:30 -0700
f642de852fb6c68f220b28ba2a77ff8755353734,2014-05-01 09:31:59 -0700
82609de83706fb2260e0858a631bc51a86ed0d2a,2014-04-30 19:06:51 -0700
08264b3fb04dbe29b6f934c67e1e4dbbe78c9b78,2014-04-30 18:17:56 -0700
765988ff7eb7f719154d9967d876aedf6d2fc77b,2014-04-30 18:11:50 -0700
42b182a6a005ec6fa08e9f905ec397bd449ac76a,2014-04-30 18:11:33 -0700
7828cb21095f0b2ca2a9382800ed83f1fe833473,2014-04-30 18:01:35 -0700
05fe303f7b006e1e949fa076d0ebf14ad6db7c64,2014-04-30 17:51:47 -0700
609fbb437aaf657b60505bad9da634e4ddb4139e,2014-04-30 17:07:20 -0700
786e78a753cde9ca381a47f4affd7d20eb9abc9b,2014-04-30 16:56:00 -0700
97f38ecb580ecd4495ab895d82389afc525688e7,2014-04-30 16:46:40 -0700
17aa4742d067a83cf1bd8b35322c00f28f7b9f82,2014-04-30 11:07:30 -0700
04df0dd19803b3d4448e0c115c35fdbdcb33db5e,2014-04-30 11:02:14 -0700
6b78adcbcdd77bbc5977f23b783f2a1f180a38e9,2014-04-30 09:50:35 -0700
6b75453a26064d62ce178fbe987c38e9f4c176fd,2014-04-29 18:26:18 -0700
fb5d28634186e578295feaefb1052e797f45d3c7,2014-04-29 16:22:10 -0700
9b38d28a206b16775a64c9e4ba5ec51f9f0428bc,2014-04-29 16:03:17 -0700
9df92c052169f916fd3b4d7a50892eca85458c4e,2014-04-29 13:44:06 -0700
8a1f617b36dc2eb6ebb9e6ab5dc7780a13a2c173,2014-04-29 13:37:44 -0700
6e7592822b61026d904210bb8e072ad524ffe7cc,2014-04-29 13:09:19 -0700
26fb5b2147db0b75a3fc003b4b46afcbe62290f5,2014-04-29 10:20:40 -0700
d44cf829a352d4fa30b9169774222d1b1da3e03e,2014-04-28 20:14:20 -0700
5ec43b348e9746bfde5f5d992b6f5a2a16a5a6c4,2014-04-28 14:43:11 -0700
5fe5efb11fffe98261dfe65afb06bb05620d7bce,2014-04-28 14:06:28 -0700
2b81d38adca0a303459624945090f5be0bf57ec9,2014-04-28 14:01:27 -0700
767621715fd0256f117ac9920d6d71ccb0ea9624,2014-04-28 14:00:19 -0700
9410fbb02a158c68756a35b06e2280dcff68dfd5,2014-04-28 13:57:11 -0700
c967ffe78ad1df97813b0cba94cb8d32e4d4ad68,2014-04-28 13:56:39 -0700
c6bc14979ff92eead47a181a61a48fb0835ab740,2014-04-27 08:39:26 -0700
63281ac59bb9afeefe592856133ace74baef1da5,2014-04-26 22:03:15 -0700
e2561daaa9ea1e45488ace7e86a40ba98ae62cf0,2014-04-26 21:51:06 -0700
8ae292d9926ac6d8a949f22b1b66bae955a16d05,2014-04-26 21:50:37 -0700
6931be6a676b10081041bd66c6c807f246d042f3,2014-04-26 16:54:24 +0900
e67ad23d9404a37741549f6729cc934799e3799e,2014-04-25 14:28:59 -0700
e03c17273891194b6eff9332279fb4362b26c570,2014-04-25 13:30:36 -0700
37f3bfe07ebcc1781b130065da4cebf80c052ae9,2014-04-25 12:23:58 -0700
698aecd255c3d3e5b8dbd040d22c27f8c28906e3,2014-04-24 16:39:28 -0700
e95fd4937fdcbef01af0010f6caa5a9ddcacd717,2014-04-24 16:38:44 -0700
1c766e60f828b1d47324b7088d81e90953b3d0d9,2014-04-24 15:07:08 -0700
1b92854526d42faea977c52fcab36f18ba4e1ff9,2014-04-24 14:03:21 -0700
d4efc34614760ff1f93c5469a0dac3319742e510,2014-04-24 14:01:17 -0700
3129a4aa000d486d7987a090dc41125c681ba19f,2014-04-24 13:41:19 -0700
1dbccf4c2550bb5b2eed1b597d1748e7cfc94cb1,2014-04-24 10:55:31 -0700
690b0a18eb07f2f15301034e870d876d490cb64d,2014-04-23 18:54:21 -0700
86d428fc8d9eed5e142782150b96fc86405ee861,2014-04-23 18:49:24 -0700
f85c21d72aa73591f915b9730ad31a71d2571a0f,2014-04-23 18:34:52 -0700
e6ba61a4fbb42d495292e4e2bba8554d4b8bab78,2014-04-23 18:21:22 -0700
34887dfbf8b9f1cee027ce376394b780cb583a8d,2014-04-23 18:02:36 -0700
ff3aee958f25ee4ec92edf6bc27ed1139aafca67,2014-04-23 17:39:37 -0700
b2400aeed541062be74a994cbc5dbc9fc5da8dd6,2014-04-23 17:13:07 -0700
e068c207117f452219382ccb0b7b66b06082da44,2014-04-23 14:16:23 -0700
c98c4638ab8c373ef27b85e174baa3cad0821d30,2014-04-23 14:01:30 -0700
e56c4d60d3f4d4167cfabb6e546be7e2905d2b5d,2014-04-22 17:48:28 -0700
556cffb86cd647ad2525bb56ca5d922f1fe47b6d,2014-04-22 15:21:08 -0700
3c525080eaaf590361d413174d7df2e82bfc1077,2014-04-22 13:55:10 -0700
c35b93c38c1314504e662f800287e035cfce9ee1,2014-04-22 13:54:06 -0700
ca3366b1352f61c1feac92ada84e8acb936edd7b,2014-04-22 11:37:12 -0700
c4dec37679ac9d711f750ce34674cc2de94a4ccd,2014-04-21 19:02:32 -0700
0881ae19fe0046cf0ee99f53d22b930f990a045c,2014-04-21 17:15:25 -0700
96aaedd2903a793822caccb3e61a80a4caee661b,2014-04-21 16:55:50 -0700
8da72f99cad18480b22ca2ec52278f95b7343c46,2014-04-21 16:52:01 -0700
bf39af158af801c4eb252f93fc5c593afd92bee0,2014-04-21 14:30:38 -0700
593c0ffcdf95334f4d1c80ab1037c68c46a28bd7,2014-04-21 11:53:20 -0700
d09ea4887816d93318f168942e25a79c91c097cd,2014-04-21 11:53:14 -0700
2f75983599ade9c26ba80e826b2680e80e576e0f,2014-04-21 11:37:26 -0700
dd9963667ecf265469f382e2c8b3cb95bd53811f,2014-04-21 10:51:17 -0700
2c37f38de66016fbfddbcba5e1b32cd9b2f8d177,2014-04-18 16:13:17 -0700
633b9e11b358d01a864edb838419c773cfa00a67,2014-04-18 16:04:48 -0700
943de45b4a8065bbf7e1ef8e2ed5e844ebd37e97,2014-04-18 16:04:43 -0700
46e45308e38e1f243ab77d02876c205ddbe3d638,2014-04-18 16:02:58 -0700
458e8c6082478cea326cadc60cabfa12388bfbcc,2014-04-18 15:45:57 -0700
7fe4a480e4dc72b1ea5a092f641811f59d2a3cd1,2014-04-18 15:45:51 -0700
314bc01c0334782cafb98cffe2ae4a719d096319,2014-04-18 14:14:37 -0700
e762eadb1ca56dda2970088d42379a3430381752,2014-04-18 13:50:15 -0700
5e77f7f1932ca8babca65790fe1eaba6e063c2f6,2014-04-18 12:19:32 -0700
b838dbe2d92851554d23bd32226494e0f877882a,2014-04-17 18:26:00 -0700
7da819b9b9c7ab4a23bb0090bdde3b8deafaa7ed,2014-04-17 12:47:57 -0700
3d2ecf09fbde878e057b1c105b2776ee73b0bc2b,2014-04-17 12:45:42 -0700
505d2842f190279ac3956a9fcd99dc2ec46da035,2014-04-17 10:14:17 -0700
964f0980a76d9a243dd84fe8a92135654beb1d31,2014-04-16 22:09:09 -0700
f53b9f53a409880cc88241c3fa2e11c27b6b2a28,2014-04-16 18:24:13 -0700
403396e75165f2b648b5e03b3f328466eabc1ab2,2014-04-16 17:44:43 -0700
9170dd7701d9f1444d54e0e5b17cb1ec2f24e920,2014-04-15 18:12:32 -0700
4085ddecf8641c08c058f0480651ecd0344fd15c,2014-04-15 17:14:21 -0700
1a7be5caadc954719ea0e9909b85481f82538718,2014-04-15 14:32:08 -0700
df942c337d75ef6f789a483dfa9804f94392e837,2014-04-15 10:29:23 -0700
4fdbae8111a4362feeb572adce7dc74c7efd8931,2014-04-14 18:10:21 -0700
944a3d38a6da857bf4b7d9e6febafd130a548fe3,2014-04-14 17:44:15 -0700
15758d57eec287ded49a42752e309001c43d0214,2014-04-14 12:44:17 -0700
d3f9880849838bacfb5d73f439b8cf2d67a481c7,2014-04-14 12:42:45 -0700
2b98798cba119c308c970c4586eccb1842e757c3,2014-04-14 12:28:03 -0700
dc496f53063665616cd51aaa9fc7d2734001d4b2,2014-04-11 20:32:18 -0700
e89230d4787aef7d2c90fb29f4e2aaf1e47d41ea,2014-04-11 20:27:05 -0700
152b90b981cccef7ac98a25f7c4e332cb8a98a54,2014-04-11 15:15:17 -0700
8345a38d30cc966f6769cfa9a1a7dfc960d78e38,2014-04-11 10:29:11 -0700
3bf1bb1a1c5375bdd4f28470c3d011bf99647214,2014-04-10 22:28:19 -0700
01b81c458c4c0d0f2963217b6a6b96b897273136,2014-04-09 21:38:30 -0700
9c38c51782dbb6e9669cdc11eed2ebdd12c25a97,2014-04-09 21:36:48 -0700
35f473bfa31530fe669613d8fe03adf99e1fd34c,2014-04-09 14:31:51 -0700
1a096e9c1e50be25b84310871921972a80edee9d,2014-04-09 14:28:55 -0700
0041ba6b6d06df14cbed22afd34310867cfac0ad,2014-04-09 14:25:18 -0700
e10601a42388e2f08b83991cffc40497b7f7c4a1,2014-04-09 14:23:37 -0700
fe52c215163a03008fc152641f97affb86c474ed,2014-04-09 14:20:13 -0700
3ab8b35e0ed859e493717f7e7ab6ca43eb1034db,2014-04-09 13:54:32 -0700
c997867bdaf7a13ea73a7f95293368de485a1680,2014-04-09 10:33:39 -0700
3d99ba93998b27d7f5d9d0e3454dac895649b3c8,2014-04-08 19:27:55 -0700
0c3cb4d7ddc52a6cf9bf262f6c469f590b1ec42b,2014-04-08 19:05:47 -0700
6eefcb5355359de24926361993571d684efafd1e,2014-04-08 18:43:38 -0700
5c7f44137c0fcb05d38acd364ed4359fa545e52c,2014-04-08 17:57:19 -0700
694d5577b71564e1f933fd83f7bfd34c2b85c725,2014-04-08 17:53:51 -0700
e9dd11c3463e7222802f248cb49a463857b7dbb0,2014-04-08 17:50:43 -0700
2243ab823511689b224d9ee1fc4660c203056087,2014-04-08 17:46:31 -0700
a0e0e9abd4f15c94511dcc8131f421ee8d212941,2014-04-08 17:45:26 -0700
5f83d808ac8639775eb982ee87dfa224d4bf84b2,2014-04-08 17:39:20 -0700
f81b0a53279df9e9fd04b81525c11168f9a20ed8,2014-04-08 17:33:40 -0700
dc719bdd4a3ce1f602cd39d11c33529cd7097ecb,2014-04-08 17:29:53 -0700
3b84fb047fa2dc530db9c10994e5cbb24f01aefa,2014-04-08 17:17:06 -0700
5dbdc0bf71276ac80207dd8e98bf96f5b4097c37,2014-04-08 17:16:30 -0700
7a08f66d6970ff8e3036ed4e0dbd37d1fddd493d,2014-04-08 16:45:47 -0700
096d9c0eb84afcd0e313fa45a3d0638e632f28b6,2014-04-08 15:37:32 -0700
10e0069bd91f8365a7835b28c8638abe1a95fc4b,2014-04-08 15:30:32 -0700
3abc0d9f3f9a7400379fe7634f40e45a3a164f8b,2014-04-07 17:55:03 -0700
296b3aec9dcd7c4513d66443b1bfb0be510ba1d3,2014-04-07 14:42:02 -0700
c82a7f1df43057043d236db03d2f55b307308db7,2014-04-07 14:38:35 -0700
8fd3a89ea6f26fa7f4ea69ff1e2b0669dcf0a8dc,2014-04-07 12:45:22 -0700
e3f5fcdffd371eb90e15ea51aa3b4795dd32f34f,2014-04-04 13:45:33 -0700
ddfd57a27b7ac5e1c9937c1ea2d7b739e7c9f25b,2014-04-04 11:45:16 -0700
b2917d34aba8dffa7051b649bead36ffb51249e3,2014-04-04 10:51:52 -0700
6f4358ad0a1547ebf9452c709e3d120abc2b003c,2014-04-04 10:48:51 -0700
f7e3f48ea1ef556549609b5546f6aba2e29721da,2014-04-04 10:47:49 -0700
e22cb2ec6849c0d0b5f0db3cc572908f2a1ace09,2014-04-04 08:59:01 -0700
d157d413b7b4ce12c5bda09bf765100f9db15942,2014-04-04 08:30:26 -0700
d82a7f56648c49035a3d4a842c1c1141d5b2268f,2014-04-04 08:30:02 -0700
8ed32847b524ea7e74e8a0d4e20ec3b753ac98fd,2014-04-04 08:27:12 -0700
c649d6e289c6715c887abb6d286c91cb669b3164,2014-04-03 19:46:11 -0700
004a7a6970ea46795e8b71945661aab2f6112e12,2014-04-03 19:41:32 -0700
11715250277778918f496290db0627e9d33de304,2014-04-03 09:18:38 -0700
b9a4703ab187584834c2b663c2ece6c58f29c9d7,2014-04-02 17:27:35 -0700
f32c664b80cb456ef7ff50ad50131fbdfe5cf69a,2014-04-02 16:50:11 -0700
68fb8f2f920e5e90a95ed5e9f11e73cf84472337,2014-04-02 16:45:26 -0700
2b4b9e87e6ea6119c9a9a1a917c0c25b613b558c,2014-04-02 15:40:56 -0700
4bf4dc9d421d8e89aeb4de5439e36e46d8684662,2014-04-02 14:04:07 -0700
8813b5afaa3c3f3a3525e129e1aa8e99cb985117,2014-04-02 13:56:43 -0700
95550b055aad7f0855fdd50f350d1cae2272f02c,2014-04-02 13:49:31 -0700
d0ca177e91d557e0ff1d0fc1238aa35401cf5373,2014-04-02 13:41:10 -0700
241f5a4e9135ceb1e14c2d6d8df1639c4b82a25a,2014-04-02 10:26:04 -0700
445871e6f37a53ebfc805f842ba19aaebfde1833,2014-04-02 10:15:39 -0700
89d7708b9bef7b0234183e40ccbc3cb9d8785b63,2014-04-02 09:32:18 -0700
c935ec0f83c0b604a60025868cee74063801a093,2014-04-01 18:29:40 -0700
43c82f83744cb5b29945e80e97b47f158b9c0e5c,2014-04-01 18:15:03 -0700
85681a87c400e933da648c37b172a7f9c4230879,2014-04-01 18:11:33 -0700
7277e435c87da8f33033cf9f7103e48ff4df34a8,2014-03-31 18:34:34 -0700
fe0eeaa771f7537072fe37bb5ed6595ca3223056,2014-03-31 18:15:14 -0700
f1ac810271a87db54f6c58b717f9d71f37ea26d0,2014-03-31 17:39:46 -0700
38a49f97d3285c81afd6d5e78ca319614fa368de,2014-03-31 17:39:31 -0700
9c28cbfddd5c502ce459b0802eabdb8ddc182fc8,2014-03-31 17:32:43 -0700
b5989e0e6a5fcab613835d923d008b20528d7808,2014-03-31 16:45:34 -0700
42a7fb9fda8c9ed320ad9ec2dbd1c92ed9ebdbdb,2014-03-31 16:32:00 -0700
a128696409ad0bccd5a3deaea5c12c9aae97c9f2,2014-03-31 16:06:05 -0700
d66a13ee7ffe27d89454b00b6a838430c313fd72,2014-03-31 15:45:09 -0700
686de044354405771885a4a8c8896615161818b9,2014-03-31 14:42:01 -0700
5c375cd9b26bbf3a434328dd15c417686ce3fda7,2014-03-31 14:18:53 -0700
ae9d9dad6d7e12b0d78c08af531c5b34d45ace91,2014-03-31 14:13:41 -0700
38796bae2d750586e47c7cb305ea12097a82940a,2014-03-31 12:26:55 -0700
c53e6507bee81e7da75de03cafd7b8c155315faa,2014-03-31 12:02:14 -0700
96799c5401f255ec55d7c1b68a459c54c22826b3,2014-03-31 12:01:27 -0700
8385b10ad5b3ba924e2216431da5a1efb2e53fe1,2014-03-31 11:56:32 -0700
034c6fb89ec307adfb9dbbe6b66aa8e5602e8745,2014-03-31 11:53:39 -0700
920372ac81e606409977b53f23c365e78c716c51,2014-03-31 10:46:22 -0700
4e836fc7f54c8bda5bd36f76c76db621d7fef523,2014-03-31 09:17:24 -0700
f102a4ff3603625db17806910f0659e09e490865,2014-03-30 21:36:59 -0700
a0a163831acddc7f87244b4d9ff045c78405e6e3,2014-03-30 18:17:28 -0700
af9d181d022ba6a9cb180ec809f95f4a07485722,2014-03-31 09:44:48 +0900
cde098a33b32c474e23af7027cb55e5abb5c1c3c,2014-03-28 18:22:27 -0700
fb26487d2c2fc51fdb07e8d7b3cf3acef9aa4de3,2014-03-28 18:03:47 -0700
675bb2dd1ebe6e56236bc2a74331cdc86492f350,2014-03-28 17:55:09 -0700
64daf3968fd74cf2652226f73a233b3d8a26b77f,2014-03-28 17:38:02 -0700
ae7364c27fb02ffb47e93ff9be36ebaa44ac4730,2014-03-28 17:21:17 -0700
cb00eb8e4a95d9ddc8b791e0a9fe4cded9535e66,2014-03-28 17:20:55 -0700
649838b5c9b2b4dc4e6645215c5ce62b9391820d,2014-03-28 16:48:05 -0700
435e5e74358b1023f8924151d95b525281daa5d0,2014-03-28 16:05:16 -0700
c61c60e4bf30e730c93b4d23ca86e2c51378680b,2014-03-28 15:46:41 -0700
0f70398cfb10b3b0122dddbaee1c18243ea7f333,2014-03-28 11:32:41 -0700
6d77bd8a44202973fffa8342b1e4da2cc393903c,2014-03-28 07:36:55 -0700
03eda3f57c05710ab19925ec19fa50009320be87,2014-03-27 22:38:07 -0700
a99f7c622235dead2fa7f99c0b188bdfae769a1f,2014-03-27 15:46:48 -0700
d2033e8248e4daee8c958f7dc3bd2f80de05c792,2014-03-27 15:44:56 -0700
fd7312e1017d9f037929c4bdd0ae3a607b051845,2014-03-27 15:29:12 -0700
597d3936137a010fd579e7c76c6386477e6c4d01,2014-03-27 15:24:24 -0700
fffa5fd90d8ab559e2e60e616c3161c783f10bc8,2014-03-27 14:46:37 -0700
3bad409d807e2042748885be0b2390cf3f38faee,2014-03-27 14:46:05 -0700
0e5a7e55eb8e53f9243457130821f8d829aac181,2014-03-27 14:27:37 -0700
7664a4b1be07f036332f8ecccd20ba972eace969,2014-03-27 14:22:13 -0700
9fb99dfe7995c553e6da26a427dfbc3c0691a860,2014-03-27 12:30:22 -0700
1882b37261c9cb64c44db2e1594f6216ff1d483f,2014-03-27 11:34:25 -0700
e1ab9d59fbb2f7554bcc413bc694196476760b4d,2014-03-26 18:22:58 -0700
3c8e40ad50626fbfa9aadd6e8229382c7fb09fd2,2014-03-26 18:01:23 -0700
8875608451674e1b1a151a4e0dc16c0fd307ae28,2014-03-26 17:48:36 -0700
3c7678603c9e6394c6d2bd652658def843048c54,2014-03-26 17:29:02 -0700
bffc307f596f10a873f667875a166019980b3014,2014-03-26 15:40:55 -0700
38dca738e059e0c8cf17e0a2696982434b13dd22,2014-03-26 15:02:54 -0700
3b5237dd0d6779c26e8d7a6a554a54a76f78fbcc,2014-03-26 14:56:01 -0700
6361296f148cab8fa62ecaa32e2419bc12a2a565,2014-03-26 14:47:08 -0700
22808dd0751744004b6eba9ce09c03ea162be023,2014-03-26 14:43:25 -0700
d27652b772c43dff8916a1ec357b057e1a4b33c6,2014-03-26 14:41:33 -0700
8be5b3ace921a552e98137007b56f2cf53a14434,2014-03-26 14:37:15 -0700
cfda9fefb7f6d8bae891cc8483a24cbcba02fc31,2014-03-26 14:36:34 -0700
14a39acb11a0504c93ed3e4e38e5d6f61644120c,2014-03-26 14:34:55 -0700
68df6ba0fd07820ad09eb9cd3abe63be3474980b,2014-03-26 14:33:38 -0700
3738d1533f60756df36c0f6f56b3190d53562c56,2014-03-26 14:32:35 -0700
4f6902005aa45fb51f94e33117f328f841d9520b,2014-03-26 14:31:13 -0700
7f14159f07b69af90e10df91470914240a3325d8,2014-03-26 14:30:49 -0700
97c0fac7fb7aa5a0969b87766fdc1bc821c241c8,2014-03-26 14:29:23 -0700
cc1cf21e2d8534cbadc73a24a3919ab829679149,2014-03-26 14:27:27 -0700
3e4f1d927a6fcd189c547c7284ca9c143c02db1f,2014-03-26 14:26:30 -0700
37a99bcdd970874289209e42c2ce85c7a2b5f2c9,2014-03-26 13:33:12 -0700
8f1512a23e8b28692b713233c112b241f5068963,2014-03-26 11:14:21 -0700
34357a8003442cc415f1b98b0227a5153114d588,2014-03-26 10:44:21 -0700
90d29b04505bd296e1ad5daf0a29e2ce2a58dec5,2014-03-26 09:36:43 -0700
b9f48101a956a4b07e99e2b9362424ee3933dbb9,2014-03-26 09:24:15 -0700
132a563dd2d923570fccb3a36af03e7c18ef7c9e,2014-03-25 18:59:16 -0700
a576806365cdb6de7c7f5e2849f6faff23a336c4,2014-03-25 18:49:07 -0700
b960713e82a508d5f563f741a99fdaece9fad600,2014-03-25 18:38:16 -0700
4fe56b2e9ef3d572711d254dd156841d028bea9f,2014-03-25 18:19:17 -0700
f29db422bbb130cef66282216b580d75b5241800,2014-03-25 17:45:51 -0700
0480b4d1a7165b068f0bfe5e005102fc877c56fa,2014-03-25 17:42:39 -0700
3f82878f145b6bf3c934e58dec0e57f8e79f790f,2014-03-25 17:37:43 -0700
30ebf627b338b05c55bfcf9e711b06abceeee0f5,2014-03-25 17:26:17 -0700
46b92832ee07b2b82a992a2051af0d210d486bcb,2014-03-25 17:23:23 -0700
612050dd8be986312fff2ee41bc6647daa6efe33,2014-03-25 17:23:01 -0700
99777300a4a0b14be751f9d3b1bfdfe691f8ca43,2014-03-25 17:21:24 -0700
6a085e80bd2425135e7e012897e7326862c24035,2014-03-25 17:12:30 -0700
c5f5ba080a440afdb0bff66fb5b3927b1b2a46cb,2014-03-25 17:05:05 -0700
eccdced2a5df7bb91e271b9419c11408bb046d2b,2014-03-25 16:19:03 -0700
4efd3c4def9a4668d19e8c4739bcbe7250ad47c6,2014-03-25 16:16:42 -0700
23646aec9d4c6785f1910a33784213a950d06fc9,2014-03-25 15:54:08 -0700
d45fd63e97508248d15040c203c442906ae11282,2014-03-25 15:04:35 -0700
f40c71356d6a03ae884fc1c083577dea40701309,2014-03-25 11:30:46 -0700
328ca93a353fd500e5a1d93ba054351af11f398e,2014-03-25 10:56:30 -0700
59dfcc4352b04b84e816b19918b985d8f533eb2c,2014-03-24 19:07:37 -0700
93526329c5d9a2151698cf07869361bd7f18c6d2,2014-03-24 18:44:47 -0700
28cf635edfcbcb8dbfe7ba57167d83857b615df0,2014-03-24 18:40:16 -0700
1839357d9d2811ca8f724031db131fcb0e59e663,2014-03-24 15:37:56 -0700
76d3347d750dc95ff9b661b1a9ac1e17c6642394,2014-03-24 15:08:40 -0700
f6c91f03ee79ea8a16c2550d4e4102d75deeb099,2014-03-24 15:06:43 -0700
520c645a295912089a75f03c3fab6d9e5a57c2c4,2014-03-24 15:03:38 -0700
b69c7044dbe61bc3f85096e7cfd6a67941182ba5,2014-03-24 13:32:28 -0700
f028c4166e55eff5f59a5332bf028645cddc029d,2014-03-24 13:30:30 -0700
b1304c75813d41860c6aa91b71c4735533ce88cf,2014-03-21 15:19:50 -0700
064f74c31f53a664f48ca5c72d6fda06d5e003e0,2014-03-21 14:20:50 -0700
a8fd9ff05fb9eb47eb425febf400e55fdcb089b4,2014-03-21 14:05:55 -0700
d53ed5c957e21ea0bd83acc2b2519cc0e9aecafc,2014-03-21 13:53:52 -0700
7c1e86e21ddb3445e71faf7600667566c7fefe21,2014-03-21 12:59:56 -0700
b843d79ad03b602d4bda753447ea8da48f248eec,2014-03-21 12:50:00 -0700
ab7f15276a9966a204c539050eb2648225988498,2014-03-21 12:49:56 -0700
bb395d2b77d2124a6fad3737ce6bb83019fe8622,2014-03-21 12:43:17 -0700
fc8f79b7ba8df52d387bc8b464ec346f7bdf26c1,2014-03-21 12:31:05 -0700
89e2b4e418e315cfb1a4ac3a268beb40ee9f2453,2014-03-21 12:24:15 -0700
8da3c917cfae4937af58e3d014ed6760ee63f72b,2014-03-21 12:15:57 -0700
fb37aa04df7f96a6052d89203e6f8d128036254a,2014-03-21 12:15:53 -0700
c7a36462b38cd340135e1f426ad6cad711da7d4e,2014-03-21 12:12:19 -0700
0af3018b95b3c5e1fe1a987643916e9848a62ed2,2014-03-21 12:11:08 -0700
7009ccc12020fb9cbdb132a355ba0726a905bbb6,2014-03-21 12:02:57 -0700
822105df65164ab41fbdc28626a4e2fb5a9b3a5b,2014-03-21 11:58:39 -0700
0dca71aec4095d79067c9b3ea613be9c36324ea2,2014-03-21 11:58:35 -0700
24c1ad75a75e67923f8242e8063579817d42fd2a,2014-03-21 10:48:52 -0700
72b5ea2b92ff6c5a0a987f25fb1a0e42decadb6b,2014-03-21 10:43:56 -0700
ba2f4476473707ab11676df2e6c5cb72cd751b6d,2014-03-21 10:18:03 -0700
ea10d2183875c2f2ea47a60ab03e52b2e05b8d8e,2014-03-21 10:15:18 -0700
903b42aae56a368bf66fff6da37d7649803ec825,2014-03-21 09:22:29 -0700
8979babf5c816143d9a7428929a14841a5b0f0db,2014-03-21 09:21:50 -0700
b567fb7ae32beac65eba41309e268c9bfae98953,2014-03-20 18:05:15 -0700
400cb285952f0de1c4dee76da8442838a26815a7,2014-03-20 17:50:39 -0700
000198a60f2fdc961506a6c5c66b2c51fafdc1f4,2014-03-20 16:46:14 -0700
f2184c3d8be3b5eee0d0f6dbd93ac374241d9967,2014-03-20 16:06:48 -0700
64858624e3e70ad97d1f01004b87a7318d1a9502,2014-03-20 15:58:00 -0700
6a574afcd48fe26c7ed6a98b804dd923c6b26815,2014-03-20 15:57:01 -0700
61fe0c73d52b635681a0f29c8c652d19c80dde6f,2014-03-20 14:42:27 -0700
f4dc95c6b125f6881a84c36bf3addd1cfd5a3c9a,2014-03-20 14:35:33 -0700
843f883846322f6338eabca1b1959be309eb34d5,2014-03-20 13:16:41 -0700
bd8ecb9cbe614ea7812073ac6c8899bb98af9df0,2014-03-20 12:51:37 -0700
749450126c52833377b8bf9e42b67da41ef7bad1,2014-03-20 12:49:53 -0700
e8417dad95d50e4c6b71d71206e772b90a864a10,2014-03-20 12:48:29 -0700
ada96bd8e79f2c75499adbbc08056bdeda4e46d8,2014-03-20 12:23:59 -0700
c779fced1bf15174f6d4075532261420120b2550,2014-03-20 12:08:18 -0700
7783afc86f411cb17de238adbf17cfcbee3bff5c,2014-03-20 12:04:58 -0700
5a035df5a86486c8432e50723a7ef684d95fc4e9,2014-03-20 11:03:04 -0700
01c96c238703616ff0ff63d2c10092115bca4e81,2014-03-20 11:02:34 -0700
bd67f3feb62ba147e5c53c3ecdc60a6f8711a26b,2014-03-20 11:00:40 -0700
0c888c4ffa6c825401401f115aa014c60d873bdd,2014-03-20 09:47:51 -0700
398e09621111055c0ba1bd84659b0b78459f2595,2014-03-19 22:33:27 -0700
2b5d00c831c1c0e94fb031fe2d25e9b1f0ef4bbb,2014-03-19 19:03:35 -0700
cde83b9243fd7caf970f197eb20df33b96d27f34,2014-03-19 18:51:36 -0700
bfe0a7b3f8b1ce6960df37d47f9174e07463cfc7,2014-03-19 18:50:52 -0700
bbe54b0cde9d96b398d023eab72499faf4c75885,2014-03-19 18:44:33 -0700
0b3b48131b7c9f12d25065c4bb92d888d76c88e3,2014-03-19 18:27:49 -0700
10a8d49f64a65920344129b56cc6d827ccc04a89,2014-03-19 18:26:07 -0700
52bb724d274365bd9c1c285c9774ba0ce69a5d78,2014-03-19 18:24:33 -0700
32e016712d335ff53817bb54b56eb389b4d3772b,2014-03-19 18:08:15 -0700
2495720522454dec3091ce66d90e6eb2429d815a,2014-03-19 17:54:41 -0700
15367e39a93e684bd101ae12c038858ab000404b,2014-03-19 15:47:03 -0700
88e8c06ea103d778889d1bf07eae94d312a90b9c,2014-03-19 15:46:58 -0700
194a9bc0d5f4479513020a4be52f9aa1f8b47405,2014-03-19 15:46:05 -0700
368cc7ea9e16ff4706a61dcf318fa095d52a185c,2014-03-19 15:39:20 -0700
2c2f22cb078e515ef45cd9b39df8aac046dc5142,2014-03-19 15:24:57 -0700
63187b0101383577ee61c6990aa6991aec71ea90,2014-03-19 15:00:00 -0700
e256e256a16a6393d8f27e9eeabd1d6986200659,2014-03-19 14:53:01 -0700
5059f74b61451e0d3e844041924b7d0fbdd67112,2014-03-19 14:52:37 -0700
e401966415e840ed5e8f296310bd49651d788108,2014-03-19 14:50:57 -0700
00df677b92dece0a3761f2e3198e0a7bda9ae8e0,2014-03-19 14:41:40 -0700
18f39332165546ee9a18170592253b2208ed3b4d,2014-03-19 14:32:39 -0700
76d1f582c5c6f3c5399d8bbae65155d48f912a98,2014-03-19 12:54:20 -0700
b62fcaaf3f0f600ab58d312f08fb5e038f601a70,2014-03-19 11:48:11 -0700
f3ad5f8251d984d9df05fbdb0b22e7b3469f8529,2014-03-19 11:36:14 -0700
b50b0b4d6e169d65fb7ad0bf253c8e8c6c4ab090,2014-03-19 11:23:44 -0700
76bb23c4f4a1b05f065ef9c46d7dc941ba0cf74c,2014-03-19 11:18:21 -0700
66aa631f3ffd1f6287184e727dbd768616df0374,2014-03-19 11:05:55 -0700
ba1811d05dcc18961c1369243f1883d667c66f6d,2014-03-18 19:36:58 -0700
c1b6b44562252aa0c84f87847b9b6621fc99ff1c,2014-03-18 19:36:37 -0700
cd41e482efaae23740acbf824449cc2181706bb6,2014-03-18 19:36:17 -0700
811f58f97c479d522672f88438e66968a12c8783,2014-03-18 19:17:30 -0700
07d71a0c115e9f898d774f0c5b93f62d3960b226,2014-03-18 17:25:31 -0700
51fc84ba9eb4a6226af7a4613bdaa05501192c77,2014-03-18 17:14:54 -0700
ce642226b0365ad25b919dbe3bcee04d626f97af,2014-03-18 17:12:03 -0700
62094612748610935f65f772b2486523548692da,2014-03-18 17:02:15 -0700
db523f47b54ad8f960f2b1464d8ad73fecc5918e,2014-03-18 16:52:39 -0700
91801b6d5195c3eb6b9cb4c9f01a0c430584e630,2014-03-18 16:45:56 -0700
ad2d1f0517ae7a1a4ed95da838b1224604d5ce38,2014-03-18 16:36:24 -0700
e9e50d2d48bb23881e46702f8797dfe0484cd26e,2014-03-18 16:01:05 -0700
a67c3329274d0b6133f72d38e26ebfdc3624ab6f,2014-03-18 15:50:25 -0700
57f02fb06cbe57318dd85cf11c470796626ff723,2014-03-18 13:54:39 -0700
b75b25620748867f23663ca31ea3c0a174932b76,2014-03-18 09:32:54 -0700
b101bd4e69b09e3e7fa32b14c7e7e676cfdecc51,2014-03-18 09:30:48 -0700
aa33b423096d04bb31d0f03746e5ca3afac8661d,2014-03-17 14:52:23 -0700
ea2db43d87b8d0008b7c75ea916373d0d55fd1ef,2014-03-17 14:51:43 -0700
f98c43c9891a75bb2892bc119b0b2485067a858e,2014-03-17 13:26:49 -0700
69740274032b0298a9a57e80f91020e1a58ab17e,2014-03-16 22:12:28 -0700
0e78d547717759c2c9067b99c2974f1524ed31ce,2014-03-15 22:05:13 -0700
81985b32c299af3c77f53d5bfb9f5bc6c64b9123,2014-03-15 21:52:08 -0700
890fbbaa32475e1ac002f9fd595517aef588be16,2014-03-14 18:38:04 -0700
9446eb5d3238b897cafed9abc89ada3b7e7cf138,2014-03-14 16:35:31 -0700
e982405e8ef5f14c289cfe2b9418b860ebec973b,2014-03-14 16:31:30 -0700
a07fa542ebe8e1cd495a0366c206a63f6a9fe383,2014-03-14 19:50:29 +0900
63b2f000b5b6dc1191819e004d54fd43e0055915,2014-03-14 19:45:43 +0900
423b4cd87a68ab5370e2ee99592d9e6c053429c7,2014-03-14 18:08:08 +0900
b49d9ae0f112dcce1a3d9808ea218e88a2281e6a,2014-03-13 18:39:11 -0700
99580337e9a4ab3e3bc8a2841e176b3f4b3e59b3,2014-03-13 17:04:00 -0700
d947c0235d7d9b670caa559733b374fd4e37c627,2014-03-13 17:01:23 -0700
6f126bd6a9e0e94d9afc61676e5fcc0ab822ffa2,2014-03-13 16:58:06 -0700
52d55cbc2cad656944a4401069042376861a6404,2014-03-13 16:45:06 -0700
b09ba78e9a43d7480b73e4e98fc2593382dfc4c0,2014-03-13 16:43:26 -0700
80405328f05ecbae91d2eaefd7c653aa52b27e1c,2014-03-13 14:45:34 -0700
d3ee7ff4915d809129b0a6a93d0a4e53a38248f3,2014-03-13 14:35:34 -0700
5d9629fd8df2f2b5f10e8175a337deec7ea4533e,2014-03-13 13:16:47 -0700
db832d5d90c20125c00b37197f04cc88defcd4d1,2014-03-13 13:03:10 -0700
2bc0c80b3edc8c418e13a3c3be87c9a3fe8c7203,2014-03-13 13:02:39 -0700
701f1a4abdd22a4e6f58bf227b69bb0d883d541d,2014-03-13 12:42:32 -0700
6b1ccf27198fc749e253b8861b9fa25e9f0f9d0a,2014-03-12 18:47:09 -0700
c0451032c510f36dbe02029a1d5a1246065b3bbd,2014-03-12 18:13:59 -0700
f3193b030161447c95576339ba579f428eab22b1,2014-03-12 17:47:26 -0700
63b6d0413b720035cd034d49e40a836fb0d1c8cf,2014-03-12 17:39:42 -0700
2a4c723e7e788ec1b1cf53cd3d3c8f84c08d7e83,2014-03-12 17:38:27 -0700
90dca9f6b6cdb9bfbca7b77c11ee09251afa3f4d,2014-03-12 17:36:08 -0700
08ded403154d7b26862c03424a7a6791a4041335,2014-03-12 17:32:24 -0700
6374f6adfa27e5bd10a300665222d0d57eaf5868,2014-03-12 16:57:49 -0700
49c317312b7220323379f01664748dbd668c3c6d,2014-03-12 15:36:23 -0700
7aac37089eb8a0dfc7977baeaeea67b96e5457b3,2014-03-12 15:35:21 -0700
bd18e175c1cd9fc39776aab6ce1c303f21c073ef,2014-03-12 15:33:43 -0700
c10b59667c76e96c483e52020478272d4ed33d4b,2014-03-12 15:16:56 -0700
fceae1b212c8d38586f8420ebdc922f5b55fdd0d,2014-03-12 14:59:24 -0700
e6ae1635e015f38307634b16e7a5d77b2c240034,2014-03-12 13:59:17 -0700
31999744132d52b1271c7079da857dbdacfb5192,2014-03-12 13:50:42 -0700
6185a3f8a39a7e84334ec082eba796d30fa37c2a,2014-03-11 17:41:17 -0700
a11c2be17ac3e710a67461f03112b38214270369,2014-03-11 17:24:25 -0700
a0a390fb642f850619ee36462bf3759bd27a2f82,2014-03-11 14:48:25 -0700
ee4db6b1a6e05a8879c086c352bce02bccc09a15,2014-03-10 17:06:51 -0700
9b2e90f98eb5b57714cceffdce996568457d4f4d,2014-03-10 16:16:39 -0700
6895646f90cdfb448a7b4317e7c615377537cf64,2014-03-10 16:12:24 -0700
f807ba5165b5270932d8f044534b048240f8da80,2014-03-10 15:34:06 -0700
b13beb8ed945db6a647d2fa80218997e01553c16,2014-03-10 15:26:56 -0700
c020fd548c48d4d6b60c1f16b22dba007f69cc79,2014-03-10 15:21:27 -0700
adcc0445b71ce7ce82bacff90e203e05833cd0d0,2014-03-10 13:21:47 -0700
c2a0930648ddd4caaba776a987a4413564de8b6a,2014-03-10 11:03:37 -0700
fa8115b816580625610107b62d317616b86fb8e8,2014-03-06 17:15:56 -0800
969091798a1b0308ac37924627f382718c3c7812,2014-03-06 11:42:41 -0800
4eb55136212548e0bc20ceb60a1773a2ceaa0e6b,2014-03-06 11:42:23 -0800
40ed1b693c17693af064749e534980674c72ed30,2014-03-06 11:41:44 -0800
64471c421605390dc9d98e593eaeadbf01dd0e53,2014-03-06 11:40:44 -0800
ef3e99f837d768ba153fea168759c994a042d67a,2014-03-06 10:27:13 -0800
10098e1ec261986b731898fdd72de4f87a6d48ae,2014-03-05 17:34:57 -0800
70dda9efbefbcfc7610d5221bf8e109e64aa10a0,2014-03-05 17:12:02 -0800
d60f2abd61c5bcdc9fcd0c8ba2e82c8ea201ebeb,2014-03-05 17:09:55 -0800
9557e77b79a6a3bfb333d332e9381025d5975b25,2014-03-05 17:09:08 -0800
62f05c84547f99a4a23cee68aa72dc3212e761a4,2014-03-05 17:08:30 -0800
b64a5dbe696afa55b1a9d1c772b115a1da6144d7,2014-03-05 16:59:59 -0800
c6134089246efac27a29876504404b8dca9619bf,2014-03-05 16:50:18 -0800
06ec54063aadaabfb785cf89febd464a7e07fa88,2014-03-05 16:43:39 -0800
3e12d0c276764c1f37799294a0eea9b0e4298cd2,2014-03-05 15:50:04 -0800
264aa80e5b736768ea136613f27ece6ea0529ee1,2014-03-05 15:41:36 -0800
5c08695248f25e78760b6864e3636c3a959f5d42,2014-03-05 15:40:44 -0800
f868d79fb03c8a22d3c1ce25d8bc5dc27dff276a,2014-03-05 15:34:55 -0800
3b6bcc5dfae609b21ae7b3addd6bc3ffde356a76,2014-03-05 15:31:39 -0800
8955f86c71b432d9342dfb80670d1e0b8934eb00,2014-03-05 15:28:48 -0800
dca52d48c97a699eea19b873fbc85bb97ce00a48,2014-03-05 15:24:41 -0800
73550fef7785f38e6a8090747021d93a953a0e7b,2014-03-05 15:23:38 -0800
9124925c758dfb8893cb3273325ad2606d19e64a,2014-03-05 14:19:08 -0800
3d3685fd0771ecead4f23356520f725b9439f163,2014-03-05 14:16:39 -0800
79e7e93545029968bbb336e4b8fbc5b2ec0b5aa1,2014-03-05 14:13:19 -0800
fd577eb112efdcc90dbdfcf8d81d8861c2dde9c8,2014-03-05 13:55:45 -0800
083eb1ecbfa69b9040aeb5995266fdd59d9dab83,2014-03-05 13:47:52 -0800
cc338732af0761299d1781d87cf5044303eaf2df,2014-03-05 13:46:05 -0800
ef83615c7774a47c22b1628a5a5f7c70fa4e66e9,2014-03-05 13:45:09 -0800
30565aef80b0ecf95d84764488f5c75332de9c18,2014-03-05 13:43:44 -0800
4ffcee9dc101a2fe4af7773a349a7f09ef748e29,2014-03-05 13:43:27 -0800
dd3093d01e972f197d760b8133fc15c0b83131d0,2014-03-05 13:42:03 -0800
493beab20670cb6b6e3e0400aa38fa6f146a184a,2014-03-05 13:38:48 -0800
e4f4934e69a60ff571946e74a75bc1d14af4dbd7,2014-03-05 11:30:15 -0800
6f7590bf193e9138702c0faea6cbfe76e3b355a9,2014-03-04 22:07:34 -0800
4aa72c56bc885c43c369f382108cd10a309e3f56,2014-03-05 15:05:27 +0900
599f68119ca6b58a8acd465c20ac0842f6df74af,2014-03-04 21:31:49 -0800
36fcc4a8a08cf5e4d5bd54a6f36097818a7e22ed,2014-03-04 21:29:21 -0800
8eb3801ff41bcb99721ae8ecfdd8f9c2d3d65339,2014-03-04 21:17:38 -0800
d04ee6446efa822caf6b8bb883bbb13fc139f9c8,2014-03-04 18:07:32 -0800
9f15f542407838ab93ffa28bc7f81f191b042a32,2014-03-04 18:07:07 -0800
c1b13faf7bee70861ccbcb07d193497ecb54ecc2,2014-03-04 17:29:00 -0800
b72f3f27d84903ff9144bd8eec605c9d0abe07e2,2014-03-04 17:21:39 -0800
7cf724e5b665a6bb57b1a8b60783d1a7c1dd17be,2014-02-28 13:17:26 -0800
c8c13e7714e232d0bcee92dbd2f7b801dba1a027,2014-02-28 13:12:38 -0800
509edbeebfa6618d71911db236f0d3f2370676a5,2014-02-28 10:55:31 -0800
fa92b0e0bb3163981431794c97809b0e309dd15f,2014-02-28 10:47:13 -0800
8693c33ef65d210fd4ca13ef36b283e8c4830e14,2014-02-27 19:05:07 -0800
7a7a52d2bcf80c209d1a64c16a983cfa4083dfea,2014-02-27 19:05:02 -0800
6338a52a3c5bdd0151abc38a2e5272e39f3a57e9,2014-02-27 18:56:54 -0800
53516a67b30ee4a2c3db95c829589639aaa1093f,2014-02-27 18:38:22 -0800
4d06ade7792a40c25659e20d7372efd218e023f1,2014-02-27 18:32:27 -0800
6071de15dccb2b949c0b103d029c7b341ef85ec5,2014-02-27 18:07:17 -0800
014cc0245568311ceba95656069f8c46d2ab9b2d,2014-02-27 18:06:49 -0800
9bd44bf6078a900b14f2006a85fb0b7c95c8747e,2014-02-27 17:56:11 -0800
b28f9f6d044a978ba7490324753ab95d0016ba02,2014-02-27 17:56:07 -0800
c724df1ee4f50f8bbe0f33b31cd1200fce4474c4,2014-02-27 17:51:52 -0800
73bffb251e1495e474c78a74b413a191cb1bd26a,2014-02-27 17:50:25 -0800
89774a83552ee4e81cbbb19c579730d97e164260,2014-02-27 17:35:22 -0800
022469f5a95188ac6c3dd8b6f83ddb749c9cec38,2014-02-27 17:35:18 -0800
c77918e6a32f349679f9c556501a032e12a62ffb,2014-02-27 17:09:03 -0800
7e6a5a1955aa3d41a43c34fe758d0ef101c75549,2014-02-27 17:07:09 -0800
12c09760991e93e5daee3b6275f2e95859b8d892,2014-02-26 17:20:16 -0800
b437863ec3cd82ae7dadd61cdd3624b63fa958ca,2014-02-26 17:19:22 -0800
419cb35166db962867f89530c83967ff97cb1afb,2014-02-26 17:18:47 -0800
4d0d58d2c418f3fe0f1a81ef52679aec06b22eb8,2014-02-26 17:17:40 -0800
7558f9668d43bb641dca4416e0959c25d5f95e00,2014-02-26 17:17:19 -0800
a7f6f98781677242bad7195479b6b324f2b3452c,2014-02-26 17:16:43 -0800
8030c0550a4d8224b049a16a1c003e59af9ea59e,2014-02-26 17:11:45 -0800
3ea006857b0a1275a82e55be142ebbd1b4d8b5a0,2014-02-26 17:10:13 -0800
268c6d2ef25849a7f2ff35b3d71a305563027241,2014-02-26 16:51:55 -0800
17b800e56bf44c686540205d2c526f3f3691545a,2014-02-26 16:43:25 -0800
b904a2a240afdb498561f76c1752806d1c36029f,2014-02-26 16:41:44 -0800
d144d39f5f2dee14a7cd9e63013dc22038fabbf0,2014-02-26 16:40:24 -0800
53f8ba7f2bdb6f04d4eae7d6c976f0363cc4fd67,2014-02-26 16:39:01 -0800
e2f4ef5fe7c78abf1b968add98a6ed4a1598c38f,2014-02-26 16:38:37 -0800
9cdef50c0b7a819ffb4a469f86f49fad01859444,2014-02-26 16:37:44 -0800
7aa248c82bc80a774f91fc0b10f7284cd232ecf7,2014-02-26 15:29:09 -0800
5482950306f96e4e8d950fd7158675c8610214e7,2014-02-26 15:12:46 -0800
b65f2435e94c0ad5a43f90673e4fbbc391bf62c2,2014-02-26 15:11:06 -0800
86e3c510514679a95828322232a249f91c0ece80,2014-02-26 10:58:22 -0800
b102f90f6d5d62b7764cc25836bcbbf3878cef6b,2014-02-26 08:54:16 -0800
7533e3220d20f08b40f6e478f1bb904a778f3dad,2014-02-25 18:23:03 -0800
3bc3a67a482cf582cb0b0dfe880c291aeb8eeed1,2014-02-25 18:07:36 -0800
4c001ff8ac811b225ba6e6eb71abedb17b1f8ae8,2014-02-25 18:06:48 -0800
a43d4b98daa9d9de9fe2b0977c8e9d60cd6dd62d,2014-02-25 17:50:51 -0800
ebffa7f50e1d376dca6728088bc6bfb316d299c7,2014-02-25 17:48:21 -0800
bdba50b4afdce5e8f706bc9d64108e47df1f1bfa,2014-02-20 16:05:36 -0800
0545fa9b3d04612c1378664505afae1ae241e0c2,2014-02-20 15:52:23 -0800
471d5c44c40d570af0e572385d1f30bda189dbd1,2014-02-20 14:30:20 -0800
3ef609afff07932d850fc7f1edd4abc0af38daed,2014-02-20 13:47:30 -0800
9d2dab5c12574ab0fe42bee1fa2a71a2152064ce,2014-02-19 14:54:09 -0800
cf134cf7a27a60347645ad44f51e13ae1bf86e7c,2014-02-19 14:45:13 -0800
1daa98a4a4979cdf69e5412f8e6451902e315dc2,2014-02-18 14:29:36 -0800
6c7c98478c0b329fb56407517bbbdcf8696cdf77,2014-02-17 18:49:50 -0800
14d0d2bab25041d79b4463489ee39b134054bded,2014-02-17 11:02:09 -0800
75369ee8cbc142f432c994000de77594f7366c55,2014-02-17 11:01:31 -0800
397dabc7fd255fcd9e3497bb3a844f5260e2a9a6,2014-02-15 08:53:09 -0800
699eb59937e62ef4c34a711eae80aeb50fb95286,2014-02-14 16:43:19 -0800
06f8e776eed5363899ad311f21deb1dc82678a58,2014-02-13 15:23:59 -0800
17e7854b84178db6e548bfbb9968d96e6822a7be,2014-02-13 15:02:52 -0800
18c180a2aa62bea6d3e4833a0cf1e0de4398194c,2014-02-13 14:58:00 -0800
ca065682aadce7db48b73d6ce78779e87e7a331a,2014-02-13 14:41:14 -0800
89590d2247801e5151a11748652f7540a540a308,2014-02-13 14:31:34 -0800
abe73538cca45616ee8880e169b8c293c00ee52b,2014-02-13 13:31:55 -0800
ab00590339e66eac80f355ec98881df60c22e540,2014-02-13 12:37:37 +0900
4776125d0b7fac430c33b7f777e1eda8bd6d027b,2014-02-12 16:53:12 -0800
a55db8b0fb9fad81f44db91d8db0d2ec081e4aa9,2014-02-12 10:52:58 -0800
601a9c0d4b26bcd9903e93fb20fafc439d202714,2014-02-11 13:06:04 -0800
e23af46fd15aaa478d158d79c3c9a1770caf1331,2014-02-11 12:53:56 -0800
84394d2c3d36ea36627101e569efd273ea1e3c5c,2014-02-10 16:52:23 -0800
b1d2b865b2fe726cbef5e869da022b4710fc39f5,2014-02-11 09:24:36 +0900
bb91795a10375972648a194a9a562047a7413fb3,2014-02-10 15:34:00 -0800
362eea8b5b822e7a9244fb1e0442ea740befccd0,2014-02-10 15:23:20 -0800
4df0a0453d79c63e49c7492c03844a736cace6b3,2014-02-10 15:16:26 -0800
b3a5f660b610cee8170c78a3e61fcd62fd747b30,2014-02-10 14:58:37 -0800
5a16f2496a9d2982a2319b39f6740585e394ecf7,2014-02-09 14:22:35 +0900
d91051e82e2c862ebac8c7165a15b9e86ebb1fc2,2014-02-09 14:19:48 +0900
c94d60c9290faa2e1b643f14e006de8df1ee0545,2014-02-07 17:13:04 -0800
1ac0ed9d39cece4e109572de857f31efe470a9cd,2014-02-07 17:11:11 -0800
2f23d5e68b7a412611f47f01f54e05d1ffb484b4,2014-02-07 16:31:17 -0800
63dcc7dda8f3bd7601867865a4c66c52dc205d27,2014-02-07 16:03:38 -0800
8902cd9db3c3d40740dba72a6ef08f420314209d,2014-02-07 14:53:51 -0800
1b1802a3f893c7c40f6d585531eefe6f5a605c64,2014-02-07 14:15:10 -0800
8c4f96fc6ceb499f6f1674f224610c260ba2103e,2014-02-07 13:58:57 -0800
d60e48bf288199664063650a04731adcd8fca3de,2014-02-07 13:56:48 -0800
965472bf4c55d8258be7eab77826b1a763b58c12,2014-02-07 13:52:49 -0800
f83694acaaa52cc24dca7f385b5c2ee09e1aba57,2014-02-07 13:22:16 -0800
7a9d574df20e1ab019f9a366e0772c90f6005f66,2014-02-07 12:19:47 -0800
889545cf364092c49f5aa8980d33b6bb904baece,2014-02-07 11:54:05 -0800
dd9941a7b5a92e4c851c306f52223a378fd73727,2014-02-07 11:08:09 -0800
c12bf4ef01ab495406b2775b96df9a20b11c391a,2014-02-07 10:49:58 -0800
1b40fd7f25c8ed51209dea539fa969fcdd5970cd,2014-02-06 20:04:13 -0800
b5fec92363eacdc6f55e685538a22abff80c2d2b,2014-02-06 19:49:03 -0800
6446fcf70371cd4280137aa0b3491d576eb2bff7,2014-02-06 19:20:20 -0800
cbad05a4990590a33ffc64aad4224a7c56ff8ed2,2014-02-06 17:55:27 -0800
75b9ae1972233052c727e9e6ba150b0fd713691a,2014-02-06 17:11:08 -0800
c82a7e22142c32f08ebd33d940ba5574acacc8ef,2014-02-06 17:10:51 -0800
73f1dff201bbbe1aa99c56fe133ecd7542409fd3,2014-02-06 13:58:05 -0800
344358efec7452c75d49590d142aa0b716535033,2014-02-06 11:56:33 -0800
fc26eed59ee02a57edea49ae5a20e6f6cfa27d60,2014-02-06 11:00:09 -0800
473f7b47de9585bbc4897cefbad6519457fe928a,2014-02-05 23:52:21 -0800
8b655c231f189801add0f12e9f1da3e5723fa269,2014-02-05 17:58:17 -0800
506f7b69f1648d2209601bfa024cb096db514ca9,2014-02-05 17:48:47 -0800
3f4519cf5a7cac68ab4af743e8a4f0e3b7b24604,2014-02-05 17:44:54 -0800
78afa77c4fe479f70cfc247ea21d71246452da90,2014-02-05 15:45:37 -0800
a1280e00769f72c4c5b6f26e3c5cf04d5f005923,2014-02-04 16:52:51 -0800
2a3f2970e743c6693d02173bd241f9ce3be86f8a,2014-02-04 16:51:54 -0800
b663460b19be730ea4bb2d7b7756dc803666ccf6,2014-02-03 17:14:26 -0800
00132b4240f83945af1f900bf0e1db9677959e1c,2014-02-03 17:13:16 -0800
50441e96185cd563bb8d46656668b9abbe3908d4,2014-02-03 17:12:06 -0800
b9138ded30d0c558a20dfe615bf000979b700064,2014-02-03 17:11:15 -0800
9c7d8cab005ded1eacaeb08cdd0b3b0bd9a1e8ac,2014-02-03 17:10:16 -0800
0d03c7ddbdb12866c770c5658ac2f1e4430e6a6c,2014-02-03 17:08:43 -0800
385d6aaebf07a7ec8442c9f4e1c7d72b22a7a5f8,2014-02-03 17:06:17 -0800
ed45f81cc00927fa1100784c35b62328dc0a2f29,2014-02-03 17:04:28 -0800
3d9ffe71894e68f9f2e22bd320ca6c8df882be54,2014-02-03 16:39:21 -0800
daf8c62b8214dfe5a5a3e689368e349fb0e2c50b,2014-02-03 16:37:50 -0800
7cc0477b86aff1b96fce67697a22dda65ff40434,2014-02-03 16:32:13 -0800
497a21a59ef52d1730dbc2ff1cdf09094266758b,2014-02-03 16:17:37 -0800
5ad105d02e5f5b476c007904943f4876302bd68b,2014-02-03 16:01:41 -0800
c20d0bb2fdb1d4a3ab57e9f0e134e35c4fd1b9f6,2014-02-03 15:59:04 -0800
415ee763b55dce393bc911d668016c7cf1e84be4,2014-02-03 15:57:03 -0800
86ff6512e8d0548e9afee9c43627d78b4a01bf79,2014-02-03 13:54:35 -0800
cc204ccb4c579ccc958c80d920e6c53dd811080f,2014-01-31 16:12:07 -0800
ce7f682d56e94f9836e8d6994912ec36691503a5,2014-01-31 16:06:52 -0800
8681d0ac8342a3ad9233822c4b194d4ef93399ed,2014-01-31 15:58:28 -0800
05ee66bbf625e213e560fa5ecd8628e884ec6eed,2014-01-31 15:55:22 -0800
8fbbfc06f622094aee4fbd3a2e78aa2a327727d0,2014-01-30 13:48:24 -0800
133d69e4eaf59ca5c9e8952b2023fe037b9cbbcf,2014-01-30 10:25:06 -0800
81e751a07ea02d8b42f3e530634b0cc9a7e7ad39,2014-01-30 09:45:46 -0800
42cc7e10223b523de884e494e824829dba207817,2014-01-28 20:32:08 -0800
26bfe3808fd238966389491fd63ec197202efd8e,2014-01-28 20:30:49 -0800
17489d20a293d3977d6aaf2933ba4e182bf5376a,2014-01-28 19:29:27 -0800
eeb1f377f728c16c6f694f04eff2449f5882e7cb,2014-01-28 19:20:10 -0800
8e19fe212366c0df47a748e3436af06e7c6bd2b2,2014-01-28 17:18:34 -0800
60afbad340c2dc8065d59692672f40750f52ecd3,2014-01-28 16:54:15 -0800
ebf83adee949a4bd1ebc5fef2a5301de86f23941,2014-01-28 16:53:41 -0800
e64ff4b4638877c02b9f197915780e8f0afd3af3,2014-01-28 16:41:52 -0800
7eb66e40fa3cc298f31330fe542826e8d43d59e5,2014-01-28 16:41:35 -0800
d51ae1b1d48efedfe48c0ec8bcaa74e7838f6604,2014-01-28 16:39:24 -0800
a77066c7404a88dacb69054454dac2561db7f634,2014-01-28 16:38:24 -0800
77bf1cbe69c8da4896b514b7a72d264ebce6a793,2014-01-28 15:24:22 -0800
f6bee1d040265c4a436f9498320366bc92e7e870,2014-01-28 12:57:23 -0800
6305928d48227286599fdad86a7b3633d85c15bd,2014-01-28 11:19:58 -0800
348d661ec5742f3104c933acaf24a4b2c8d3ff77,2014-01-27 23:28:24 -0800
6514c502a5b17b060a0a84bca5281677f5b8f97e,2014-01-27 21:43:34 -0800
bcf5a59f8003b5097ef12f46ac6213cc4816ea71,2014-01-27 17:19:45 -0800
c3bd1ac907282a8fb23e0deba18caab85b9433bc,2014-01-27 17:15:20 -0800
ce4e399be15e02e564a54e51b34d3006f0fad941,2014-01-27 16:59:06 -0800
d3acc648eb26ef9e7e22f8faa438b628ab80d089,2014-01-27 16:45:15 -0800
a3e8d80302444d15908658e7b00d8a3be6382585,2014-01-27 16:38:16 -0800
9805251c271372da6bc6673eb1a736879f92d4f5,2014-01-27 16:33:32 -0800
1e67b93a4e1e64fe52dbb9acf2489ac995881077,2014-01-27 16:01:55 -0800
999be58f962268955eb4b3155dbf3676a8aa96d1,2014-01-27 15:59:50 -0800
4ddcfd9013499ec4133fa7445c1effd122b98ef1,2014-01-27 15:58:08 -0800
25dadcdc26bbf2d4ef30733ccf05fda6ad7f3bb7,2014-01-27 15:57:38 -0800
722f2065edf1b632678e6d8ecb7c521f149f496e,2014-01-27 15:45:56 -0800
c9ef37c167c856469423fc2cc78db9479f80f924,2014-01-27 15:42:30 -0800
d588cc5a1e629899686240916f83c57c42c6a3df,2014-01-27 15:40:58 -0800
8674f475d01e59fafc46213ab4e07f3928198fac,2014-01-27 14:27:21 -0800
3a51b46055ce706a291f5b602d3ae1666059531f,2014-01-27 14:23:09 -0800
cca35487bed23fa5c9c140937c445998451b8f3d,2014-01-27 14:18:17 -0800
40a2491a033aee9bba4326a9359804c45e53d78b,2014-01-27 14:16:57 -0800
e5d5a38b3f118a634992a6f013ac2ae4cf3c67c9,2014-01-24 20:15:10 -0800
7b720bc762777bd8f59ad7845efb6d199f1c4624,2014-01-24 20:14:52 -0800
81e11a832e75f11f02b97e433f5237d7adcba9a3,2014-01-24 20:14:39 -0800
06976b11cfca0032f895a7566838ec3b889efe32,2014-01-24 18:31:33 -0800
cb8c2e77473aff429ed282472bdea41a36b750d6,2014-01-24 18:30:03 -0800
62d1eee790d514b77e0721525e2e38b887ff95ed,2014-01-24 16:41:07 -0800
da3e7549e2b7f4f6f03050f46a9d889c29f61ec5,2014-01-24 15:49:07 -0800
d6a97091a3610e399f5883f9b7c0c7a2a22e4b3b,2014-01-24 15:06:02 -0800
1f55a17b5df8e268196edd57ea20817ffd45c97a,2014-01-24 12:42:25 -0800
dfb1d2c6ab7d49be9d1b6902dfa58670f4ed18ac,2014-01-24 12:36:50 -0800
c68c3af7fd996b38f5f82605673010632c8232c2,2014-01-24 12:04:40 -0800
0d236c4e5f908db0f2fb7be150d96c8ea80fd1f7,2014-01-24 12:04:29 -0800
b51a4f7fc8757f95bfa41e01d25f87abc8281494,2014-01-24 12:01:01 -0800
6eb2d8bda7c893d861c286e62c02fb318c681369,2014-01-24 11:53:22 -0800
d34c6065ee18454a8e8b27ba86bf3359861c091f,2014-01-23 19:10:26 -0800
ca1c5408bd4ad5f6de30a9350791c8509e2d8e7c,2014-01-23 19:10:07 -0800
a34cfb798a087daeed869a1c7758f37423969816,2014-01-23 19:09:47 -0800
b716249eb7b9f3ccfd2fd10a38ecbbc83b349ee8,2014-01-23 19:06:40 -0800
e6950e6e296a1248cf0689b026e23fb7d554d253,2014-01-23 17:51:03 -0800
78c519c1fafec3f9c319e36eb35381c5bcd9db4d,2014-01-23 10:51:06 -0800
a2dd1524c4725a7a56a08924e263ef1ebcf9ff89,2014-01-23 10:50:48 -0800
c3d0179f71d76bd08e228b01a193f600b76b910f,2014-01-23 08:28:22 -0800
668a7953424813f5fbd8fdf525c6cbaf2ff2a0ef,2014-01-22 17:54:13 -0800
0ded0a05b77352e612e10c5e2e936f4221560dc7,2014-01-22 17:36:22 -0800
2b9b9eb54d20e7febaa4c2ca44d9b74dec03a953,2014-01-22 17:17:26 -0800
0301cf6af15be3b4632d325ac36f50bbec75b622,2014-01-22 17:01:00 -0800
8842b0e9720cee74f26a06e1f81959c286ac69c1,2014-01-22 16:38:50 -0800
6bb87fccb186bf85d59ea0d9b3c0c9aa2bf03712,2014-01-22 16:37:21 -0800
e88648762127eefb45398db9f52765c21c99b92c,2014-01-22 15:49:29 -0800
b64368bc129cdaf1952323d077a0429a0d05ff5c,2014-01-22 15:37:31 -0800
a63022745b184c232155f86d61199b4b6f4b9232,2014-01-22 15:03:06 -0800
8594b20f0e4196f29a26e23a95bc767dc584275c,2014-01-22 13:44:37 -0800
c8be2cb1b8b8a6b638e35f70df36ededd75dcf2b,2014-01-22 13:36:40 -0800
34cc48c1b2a83de119167318ce8242006fb32e74,2014-01-21 18:16:45 -0800
cc800ffab09634bb1553fbc9d732681b32b262b6,2014-01-21 18:16:25 -0800
7d539c05390c20aa6c9c1848e2dbe38e2c96e37d,2014-01-21 18:11:45 -0800
ffff0875f0055ce5b1128ddbc4284779deef9ab8,2014-01-21 17:56:03 -0800
11e7f7b034a03f6cbcd1ed7ab5f7ebcd2557b18e,2014-01-21 17:39:05 -0800
fac4b4e8f0878271c9516f0d2fdda1c6857ae062,2014-01-21 16:12:17 -0800
a8fb2896fc3b555cdb814fe26bb0184d4f10df3b,2014-01-21 14:56:52 -0800
a22fdba1f5aa1a35d4433a2161356c168612fc51,2014-01-21 11:28:24 -0800
ddf84badf9d0ad01b52f3550a6271b73ae6661df,2014-01-20 10:48:28 -0800
573df28cbc06a9b3c1b40aae17eee92b9d99ebf7,2014-01-19 17:37:21 -0800
4fe969cb7de8f46db9e69f3fa8cee071184dc68e,2014-01-17 13:49:24 -0800
fbe87730c07de62f68ed3e364438710843d8988d,2014-01-17 13:24:00 -0800
8fc40555961aec216a685a72998432361e09ebfa,2014-01-17 13:19:55 -0800
abaf0d1a0081a34dfe974b8e73543df3f0e27d5b,2014-01-17 13:19:04 -0800
3b701dd40de8edbf65bbd2ba53253e06e5318afa,2014-01-17 13:18:04 -0800
4cf4b3486e3aae95ba803c5f3284033b1685d9d9,2014-01-17 13:04:47 -0800
9877078a1ceeed3887b4528d62a8ccab0117c8f0,2014-01-17 13:02:43 -0800
1665eb423405e2a4646fe0ad495916229db56d7c,2014-01-17 11:41:27 -0800
3d8ab5b42e9925d71185a999907319df8e5dab8a,2014-01-17 11:40:58 -0800
9272dedb9e2dbe2edfc1c464d8f42dd8a1f6f81b,2014-01-17 11:40:15 -0800
3d4ff05f913e82d682645bce56c2276ac523afb8,2014-01-15 14:17:15 -0800
da49b2725a88b0a4d408ae97aca18639cfa6749f,2014-01-15 14:16:12 -0800
cae4a53f623899e51c8a8ff347afdf4f70bdc781,2014-01-15 11:37:13 -0800
1524a4dd2f5ceb85fa4e1e4d0ff1ff86d71a2643,2014-01-14 19:07:59 -0800
27e95f6522805f1e229f510160c1b5e9a87f0731,2014-01-14 19:06:16 -0800
28d21541da18fb7ed1d60b02b7d2ef1c7bd6f6cd,2014-01-14 17:31:16 -0800
7054130a7b21b1d9fe95e1979e0381c1b0000861,2014-01-14 01:16:41 -0800
12d08173fd79f7621d8cf11b37e6b11816ac01d7,2014-01-14 12:59:44 +0900
a575cf339f67acb12a23cf9a9174af1aee8bc1f8,2014-01-14 12:48:13 +0900
cf0d4b7874b8b66ebb6234acdfdced82677302e4,2014-01-13 11:54:42 -0800
f3ef1d5b25cab6b7f2d8968137a5facdc135b204,2014-01-13 11:10:55 -0800
602f741ab61e45a2697b240662a423cde832c68f,2014-01-13 10:59:32 -0800
6fbd207fbcd218f0011a881c80157ad0a8177213,2014-01-13 10:50:37 -0800
d9031e96bbcdbd7ee4f485adabd0cc21ea7ee617,2014-01-13 10:42:23 -0800
1529394e3b425f6b32082d4d90bb7fa507758b0a,2014-01-10 16:28:10 -0800
f014aa0a195213b3e54f9bbfd54f5080a7f12635,2014-01-09 10:42:22 -0800
200b457bb7833d633a1322bf618b53b3bffa8a41,2014-01-09 10:42:00 -0800
4e4163c18fda30bf0f85beaea6b15d6106a4a58f,2014-01-07 17:03:52 -0800
d3bfc833426215c61130849ae978bbf2a408e45f,2014-01-07 16:28:26 -0800
2731a0de2f50723969d902c44b4767e287b2ab0c,2014-01-07 15:29:47 -0800
6176f613efd5cca5a7df38bc0350939d9b8c505c,2014-01-07 15:24:41 -0800
12040ab080acc18d6cbde14eac348d18ff75d128,2014-01-07 15:24:12 -0800
eec985149e61e6b7b037f3e20209eb52d0d4192d,2014-01-07 10:40:49 -0800
217fb27a9cca2a50906469a7e2c60a41f77bd5b9,2014-01-07 10:40:04 -0800
8e717f01be83e9d4f0108a9173da513715d0958a,2014-01-06 18:15:57 -0800
da960d7d159f959fc445de239c44a70f1049e9bb,2014-01-06 18:13:24 -0800
147880723e0a196c323fe119fc5dd9810ac1077e,2014-01-06 17:55:42 -0800
bdc95980bc3c133a33051bd5c66301959a1c0816,2014-01-06 14:42:26 -0800
972781626d1ff6cc10d47ba02460c4b5bbde63c8,2014-01-06 14:38:30 -0800
591a3fa1c22d449dc0a744a426814ed4c43038fd,2014-01-06 14:38:18 -0800
c383bb61b8e0fba8ba3c3ff066ae9655b3455da8,2014-01-06 14:11:01 -0800
677e0ad151ee28d6567e660b2b33773fbbc20872,2014-01-06 13:16:28 -0800
a9ee7523ec7c79737079b63d6e83cb657e876d03,2014-01-06 12:42:02 -0800
bd7a9eb901340b9f477da959a3e33bdc0a71a1ba,2014-01-03 15:39:54 -0800
ca218093b29cf6938d987b64ca24fdb1dd2124b0,2014-01-03 13:42:48 -0800
264beb3b9ce97448ed5d5f888ff13b933987c2de,2014-01-03 13:41:02 -0800
4b9e706044f98016b375d67a65339ca5bddeb60d,2014-01-03 13:32:19 -0800
ea18d94c299faf77558c281c75cd7a66c1d38dfa,2014-01-03 12:10:32 -0800
063b687f5b4e7c48dc5f58cc83fe92ffc9ac600b,2014-01-02 15:04:48 -0800
9e595b1c361650160565132abd514c3ee7df1fe5,2014-01-02 14:39:26 -0800
8f9343421ed4ae5f745d8701faa80937dfe760a0,2014-01-02 13:08:17 -0800
19c381afba91e9394a1bb68eb4a78e8ce10d4c10,2013-12-31 13:26:28 -0800
77852b1fe61da721319c6b6415a07953861edab2,2013-12-30 16:42:40 -0800
78a7a48e0e0ce1566465e24b39cd2c995db03dcd,2013-12-30 15:15:47 -0800
4c911ab38a4dd201ab8c3e45d726c6dfe8db429d,2013-12-30 14:35:01 -0800
0a93f0916a6ed4a0bba743f2d03e98a5fbf35e67,2013-12-30 13:09:43 -0800
58ad04566319711f9c6bd3be7f127aa9aa570f20,2013-12-30 12:01:34 -0800
a86c95a99c70cb45b083e6802201619b4636b6c6,2013-12-30 11:43:04 -0800
5829c30da096d12c039a7c04698c0288e9f79a91,2013-12-27 21:20:49 -0800
fbbac7e1453241847eee8d5cdfbcd8ee69eac9fa,2013-12-27 20:49:21 -0800
0059744c7a1f2ef16b5078747a96ff26b64b4291,2013-12-27 20:06:18 -0800
30fef5dd69f4ce4a97c69af480f447f61bf1f4a6,2013-12-27 14:54:29 -0800
44598192fc60c2f308abf132e2bdd5c1edfbfd36,2013-12-27 14:29:44 -0800
55393b556f0a9ddd2bbf5b250fa5f3123a3739f0,2013-12-27 11:44:43 -0800
5a848c6402254e69c9738e535b3c2daf2a6f93c6,2013-12-26 20:07:17 -0800
32579d8885a8d3fa7d73cf0b8237cfbef87c2eb6,2013-12-22 01:06:19 -0800
a0941fca1403e2e0d810bc9a5cdb53c3329bdd6e,2013-12-22 00:49:19 -0800
877c2a88413d86062ea9b921133c250b85efc378,2013-12-22 00:35:05 -0800
5ae66be631f5f5e4f1dc7deec94acd0dcf50640b,2013-12-22 00:29:26 -0800
5bd6de1d83728768c099f6718e58f9756071543a,2013-12-20 23:35:58 -0800
2f15d9dca78fc150caeae3fd1b97160eacbed88f,2013-12-20 15:39:38 -0800
f5e00f0b11d913034677d16630a50af088b3f2ab,2013-12-19 16:14:35 -0800
5d93bddfae0f7441d81fa8eedf99a93018f01ee3,2013-12-19 15:48:42 -0800
0b67ac8bd791b7839775c15a4201d85f125894c0,2013-12-19 15:40:27 -0800
59c83a5416d2c6be6a35f808b6e6cb3a5911d4b2,2013-12-19 14:45:33 -0800
56996e82328e9086b031fc20cefb84dae719c9c1,2013-12-19 14:08:36 -0800
acafab19f4797aa815eaa6b64b1cb6fae8cec84d,2013-12-18 16:27:50 -0800
ae1b2a4a98f14dc22b3f8bf2e51843276743f83c,2013-12-18 15:32:29 -0800
0fb8408973435a32c139c50c4cccbb0b2710adbe,2013-12-18 15:29:54 -0800
5ca74aa22e6eafb2571b2a906119f63fd56fb9a6,2013-12-18 14:10:05 -0800
2c085b0ea2bba92b2369b0141d7191813c862346,2013-12-18 12:28:33 -0800
d27e272e1c9a973ad8b8b18e5a435d794d9150ea,2013-12-18 11:05:35 -0800
fcf29e5f9fe2234cc0c0594b49a35dbc39899c52,2013-12-18 17:48:59 +0100
043fb8c00911f956c48bdfe75dc2deaa72a1a0de,2013-12-17 15:16:51 -0800
f0d132fcd4796e58fc3d6ca67193c6281ac0769c,2013-12-17 13:19:45 -0800
ed952a26b76fe7668efbee69a3db32d0ff0d3985,2013-12-16 17:50:23 -0800
4651a5340eb249781d5c73406cae071180d6c616,2013-12-16 17:09:58 -0800
a9e484dc1e387ae67f98013e5ea61f4d98e8717c,2013-12-16 16:37:40 -0800
3d253e5ecbf897e2f27f9af7d74057c4fab44b68,2013-12-16 15:06:21 -0800
396733b7659b25ad52d71a47cc1d15174ed16716,2013-12-16 14:29:21 -0800
b190302badbcffc84e144143e02431779efe6b78,2013-12-16 13:03:42 -0800
243aef615f80cd094670275bec7b3f6bcf6e9828,2013-12-10 17:08:58 -0800
bca4b5d37ab6cae807090c7b632a7277df10cd35,2013-12-09 17:51:50 -0800
fd971522dd2a73635a964b6b4d28e6b4fad0da32,2013-12-09 13:57:49 -0800
805ac3d965d5cdadac3d9a77f8d58821b52599f1,2013-12-07 14:36:33 -0800
3388018d0875bcf4d266243bb0f3ad0cb308d628,2013-12-07 14:36:03 -0800
6cf8a56e157f35dbe479c77fc11a3e910d2f751a,2013-12-07 12:42:27 -0800
c0509b0821e949e997f396029a80877174429b8a,2013-12-06 15:13:45 -0800
e65bc7bc6d9c92ddf3beae6ff0144aa592792648,2013-12-05 15:35:50 -0800
55a75b26035af419a5f8e65a4af3d7fdfaccbd36,2013-12-04 17:52:55 -0800
c11a25acb0598293f154d262c8285b7dda3fda0a,2013-12-04 17:35:20 -0800
1e1d911b73a1ffd98abfb13770cdafa2bbfa68bb,2013-12-04 16:22:20 -0800
288c9d17ce5c9f7918831ed4a448f013f540c3b5,2013-12-04 11:30:24 -0800
299e429b256660c1f6c7f8eddf2a4e38f3b9c3fd,2013-12-03 18:31:39 -0800
839ec29ad891f2747e2dcfc954387a9294537d6b,2013-12-03 15:09:51 -0800
1548105e6830ff5ff5203223811325989909977e,2013-12-03 15:00:10 -0800
cc87c22ca93ab1225a2837f36f8c9c78315e818d,2013-12-03 14:59:37 -0800
c0f1720ae455a8595c26f25c67ffa17c31d5d8f1,2013-12-03 14:27:25 -0800
f0de7819bb97de4f11a536a8253a6290400fb0d2,2013-12-03 14:25:43 -0800
f77537cf78558f7967b831b6694f2e88af44485b,2013-12-03 14:25:04 -0800
ac7b1257981315ced10e5675b3aea391a38d6926,2013-12-03 10:47:48 -0800
e4723899ee1224c6e8c65e63e8846621ece249c4,2013-12-03 10:47:01 -0800
95b7d00115630988e633ad905c2f6b5402665604,2013-12-03 10:43:33 -0800
c98f73c46602165ada4e6ddfb7332717c3ccf3f9,2013-12-02 23:06:42 -0800
7c78587bf459841da468096712ff32665aab7775,2013-12-02 18:12:39 -0800
1a9a6e33b84641d1b7366d2b242ab5f7f03239d8,2013-12-02 16:54:33 -0800
fede5087975b9945bfd07f99a2ce706ebf83842b,2013-12-02 13:40:39 -0800
4e0e056300675eb92b6ced23445c7392ebbf5d72,2013-11-30 18:08:24 -0800
efc491911a239eca285ce528b1f5d789f6b88bcc,2013-11-27 17:50:34 -0800
f0d396c2c67e4359307f4903d5b2b203889323f1,2013-11-27 17:47:45 -0800
fa184aa73f159c7da593e1f22112255fd81cd020,2013-11-27 16:57:32 -0800
ca4864d9afe46787cf559e2a4f39830d4efe57ad,2013-11-27 14:39:53 -0800
843dffc7aef34e269e3b7023efebbfc648903aee,2013-11-27 14:25:20 -0800
5005341e49510a898ac8203c12cadba850949738,2013-11-27 13:56:50 -0800
ed2acd5f0bd7a339e1f53f45738da1318f6ca416,2013-11-27 13:37:18 -0800
6a9410067d338f12bef4e2ae2a72c64eda2a6d80,2013-11-27 13:35:33 -0800
513e187e4a977024e386588a1d8f9b2ca0e05dc0,2013-11-27 13:25:42 -0800
5177e37fa3987c51a449418674df4a7dc6258447,2013-11-27 11:43:08 -0800
d09199c4f56705ef29908cb0422102b03fa4ceae,2013-11-27 11:25:22 -0800
10d29095d907e97ba76bcbd923b9e1bc088d64ee,2013-11-27 11:09:49 -0800
232f0e914b28619845a687d5697b9fba75b774bc,2013-11-27 11:03:47 -0800
3ff21e255688d6d431e9a625ab7ff4df66ab7b8d,2013-11-26 16:51:32 -0800
464e2e965541cca3076fe10572e2f398eeda39b8,2013-11-26 16:50:05 -0800
a4e47dbe8fadbd41fba88f5df46e1f6f351a5adb,2013-11-26 16:36:31 -0800
935e40ae31cb1bd3862ea95e967b0f1a2d45b294,2013-11-26 15:59:00 -0800
ff3cbcdc4d60da59495a71ff702afc2013bc2a00,2013-11-26 15:58:21 -0800
84379ce3ba27f4db4c062b5e4c6739672dc8d803,2013-11-26 15:55:52 -0800
891f36624ab2417a8de19a2f0a0aaeed9577207d,2013-11-26 15:55:51 -0800
8223a0b14657aee280f8a3b45a0c56d0354f1c7f,2013-11-26 15:07:35 -0800
4f112f3bcbd1e4e05904edf5e5dcdef9a82b3468,2013-11-26 14:26:04 -0800
71b6348b609c9ecba8556786555cc04a53263acc,2013-11-26 14:25:37 -0800
7dafc01032bbcd1765fba131f8751fa29d10ffec,2013-11-26 14:13:54 -0800
ce1395d6f177d536f30cd5a340fec6189a842151,2013-11-26 14:07:41 -0800
e56ff76c187ce406f8552d3e81554e45be38f20b,2013-11-26 13:26:35 -0800
8660fb2053aaa494eacc26ec993f157ad04a5b87,2013-11-26 13:22:16 -0800
3efe721a90878a50adb163dce505161ca0eef7c1,2013-11-26 13:22:15 -0800
4af768c298b67f0238103f5c97ac06fe878e677d,2013-11-26 13:22:14 -0800
c33cd2ca7b7f68e95ab4437a069f6dc840c2017e,2013-11-26 12:48:50 -0800
c7de842f105f1ce016a5e82acda1d7557a0db606,2013-11-26 12:31:36 -0800
78ebd8f16f10a94becc9ad3c97158602baf4863a,2013-11-26 12:25:34 -0800
7605210639c5866a93be90d70402cdf82de1490d,2013-11-26 11:19:18 -0800
89884a2a640c5a1561bb7b4a604205ca625c88be,2013-11-26 11:19:17 -0800
f501971ffa0364d625cf8fd0e1fb7ed6668680b7,2013-11-26 08:13:42 -0800
4990558ae7654ea406cfe33a11779fc935861420,2013-11-25 19:36:57 -0800
f028f7bf15e8bd30879edca77b1d0512111dc1a9,2013-11-25 17:49:00 -0800
fa1328e85ac2a96b9187cff9c4464c17a154fbc5,2013-11-25 16:51:04 -0800
39b27eaef6432b064b6aae04dbc235553c69b640,2013-11-25 16:50:44 -0800
e39647d0c2dec80735e2c8fb4b6a382eea58e2d0,2013-11-25 16:50:15 -0800
a48fff20e88b4481333e729191345c2b77906d0d,2013-11-25 16:48:03 -0800
58fb4bddf95c4ffc217bb00f0a19af33ea9c2556,2013-11-25 16:37:35 -0800
4c265a13e0eeb1bd61b2788628cb44171c4dcc40,2013-11-25 16:36:36 -0800
7009247beea9de068005d2d318ba0e5232da9e60,2013-11-25 16:36:02 -0800
126b620ea45cbcbe8798899c46f26f84bc082ba3,2013-11-25 16:33:45 -0800
563f8dcea31158d71395458716ae86bca80a4431,2013-11-25 16:31:08 -0800
7f7c8d81b62c402f200eded6fbac60851c4c67c7,2013-11-25 16:30:11 -0800
30276fc7215962c363ff1e137a776c95b8920151,2013-11-25 16:27:18 -0800
61c1ac94b086df9f0dab15dc95cd8b505edd4f27,2013-11-25 16:26:24 -0800
df8f026edfeb53d56e9bf6abb009f9d00c87ad83,2013-11-25 16:09:37 -0800
2f1d5ce23671b04751f1448d334a532eb6f69f57,2013-11-25 15:56:31 -0800
10d901128eb564d2c2248662b5d972dac54c87db,2013-11-25 15:49:05 -0800
78b38806c32bd67315f335f625f2dda4bb41176a,2013-11-25 15:44:24 -0800
a2a36d327bb8cc0debe82357e0676e9c01ee75c8,2013-11-25 15:28:04 -0800
a64e5bf119554e8c55e5cfc0ef619f0c986a64ce,2013-11-25 14:56:19 -0800
95590edff5c6458589721bb9cfb9160a00b89a3f,2013-11-25 14:46:49 -0800
0f0d2232d11885c50c14b43d90b9b3fd2bbe273f,2013-11-25 14:35:35 -0800
8a07a4e5dab5d12da4c70d25be2040c1bb8b6fe1,2013-11-25 13:47:32 -0800
c2d5f7799582a1288a73133bcd68fdb03946b9f1,2013-11-25 13:34:23 -0800
d703d5ac23a62e6a7ccaa661ce6f98ae10970ae3,2013-11-25 13:21:18 -0800
f90950a1e0e2dab7ec7f3d66eaa3f71d1a446b48,2013-11-25 13:03:50 -0800
6eb642a4e044bb87a30940b23582adc8d00cdb35,2013-11-25 12:40:01 -0800
0a6b5082634efcd7bf3ec4e22c61a4e9487bb217,2013-11-25 12:38:25 -0800
759d5e50897d3792782dff82b6ebb10d6d2ad17b,2013-11-25 12:37:49 -0800
e67a402980e4fef7ad70194278683d4b19189677,2013-11-25 12:36:37 -0800
acfc071a5cf62c49974317d1ca864a2a3222f6a1,2013-11-25 12:31:23 -0800
49f324b3511fd3e09211275f6202ceefd3a7eccc,2013-11-25 11:42:10 -0800
c17dd0b2b980a7605923d8992099433174195004,2013-11-25 11:39:16 -0800
0835f489df85f49ddae3f1afb2f135b23bef324e,2013-11-25 11:39:02 -0800
3b2c873eb4ee2619526bb66a3c83df55fc0925d2,2013-11-25 11:21:57 -0800
729f86a3828a20a1d53db0d3304291e971568781,2013-11-22 22:37:34 -0800
eecbcd0d03bb62b8bcc5e34686d4cda8044b9aa4,2013-11-22 18:18:20 -0800
1819a134b050a2db9f2fa572b38ef43e3e633ca1,2013-11-22 18:10:11 -0800
6ee26aa962dd8bc88cd6e8d1b4405304e1669b66,2013-11-22 18:09:59 -0800
7411f53022e6b760fb9243e41b0c855e725c5d42,2013-11-22 17:19:13 -0800
dbd6954d85cb7dc4d37ee872105bdd90078bd596,2013-11-22 17:13:22 -0800
79d077f0bd95cd21e59620021ac7386cb4b6899d,2013-11-22 17:12:53 -0800
05338591d3db6bd90895eab536560ed13656deda,2013-11-22 15:58:45 -0800
5b621d6d58860ad77fa230518dc223309216b1dd,2013-11-22 15:48:26 -0800
8a2a3c361403b11c1724b3bb7432a575eb050262,2013-11-22 15:30:41 -0800
df9d37cc442461aed20bcaaa65a63e972da152ba,2013-11-22 15:07:08 -0800
d387e27bdb6f764d2bd2a39b23751ecabfc3f0c5,2013-11-22 14:54:27 -0800
3ca2fe75e640295ab914ed0642d73124781c7131,2013-11-21 22:45:38 -0800
2e097fe7ec34e6816397c345c5ae000ff77c9a2c,2013-11-21 19:32:54 -0800
eedebb6d527184205560aabe3d9c8920f0f241ac,2013-11-21 18:42:47 -0800
3c511554277fa4094ba35faf96d2a0e66184da0f,2013-11-21 17:51:03 -0800
0a4131f2455c8fb073ee8162b78820de1b0ed0ce,2013-11-21 17:26:59 -0800
8570a15893a5ad7cc461fde1353825de5dc6816b,2013-11-21 17:10:35 -0800
bb762ae52c6af9ddd45142587ad9fabdf94666b8,2013-11-21 17:03:55 -0800
71d35401a9dfce5df3b05c29fb55e7a77131a606,2013-11-21 16:58:03 -0800
beeeea271f34edfb435e6ca240add1ba30d8364f,2013-11-21 16:40:16 -0800
41b798ca58d3fe439274fce31fc35952cc4abdd1,2013-11-21 13:00:43 -0800
217e95c0d85ab6bb8926e101a0868cc6a52a788a,2013-11-21 12:59:51 -0800
975244e4c33db25ca4b97483f0bfd4131f808678,2013-11-21 12:59:01 -0800
6026f331a16907ce6c505504e88bc75d1345a24b,2013-11-21 12:23:29 -0800
ba39c51689b0d6c97e6c20976b4419fb62d4f9df,2013-11-21 09:01:50 -0800
9163ca27cf5f59d107b69d825913a97e512c0327,2013-11-20 18:51:44 -0800
27b1dc6f98418e3d4d184eca9264552cfe779ce3,2013-11-20 18:03:00 -0800
a49b09ec31b5e6d818f1588ce61acb3e2e961eb3,2013-11-20 17:25:35 -0800
53e6fe21bb14d91c124c75bd540aa328f258e7f5,2013-11-20 17:13:37 -0800
b5fab12b2bf10ded81d8a2b93210bd3fcf5a7179,2013-11-20 15:39:43 -0800
5999e0dc10bd26446419f3daf86110b6bd5581e4,2013-11-20 15:38:12 -0800
6be71d1799765186205e3ce24acf31b177dc6596,2013-11-20 14:47:19 -0800
dc659d42030061e3ae71e1bb208698a51b829f13,2013-11-20 14:27:37 -0800
e10d3cd48a500d1fd7c970f0c985cccd149e321b,2013-11-20 14:26:53 -0800
7a1e8e2cf651d0092cc31e9a70e0d6393798b782,2013-11-20 14:20:39 -0800
595da14803d7f5428c3ec3ece391fcc679ba9e95,2013-11-20 14:16:23 -0800
298ef5a12388a12883cde60796593fe9a325ea6a,2013-11-20 14:07:08 -0800
5cd6099fa85fb0f1249a70d8d08e94aa2de27bb7,2013-11-20 13:37:16 -0800
55931d7d6d34d181a3ee598187ca0de9353973c2,2013-11-20 12:55:41 -0800
034e2e207d385e734225b5df3aae3017f862485c,2013-11-20 12:43:11 -0800
298477a45f4aa1e1310ca4ab7b25c3811a815036,2013-11-20 12:41:08 -0800
99384e9fc83c523bbb6d892e2b3c15d3f10fd756,2013-11-20 12:38:00 -0800
8be4d2a782773409f4de4e7b9594e959a69aaa7a,2013-11-20 10:55:39 -0800
f5a4d4e5da4dec7588384976b8c18e0caa91db1b,2013-11-20 10:53:55 -0800
fbf59508c57f548dfbaba23d3aeed9b14eb40205,2013-11-19 22:29:18 -0800
12132c45e46e34233fe2ad205eb4cad6c1caa01b,2013-11-19 18:46:45 -0800
da300f86445112bc9f372e624a2215b766b075c7,2013-11-19 18:39:49 -0800
d61a4d94b69e5dd8301b1129d1d913d2847fa253,2013-11-19 18:13:53 -0800
67303ce12ba51ceeca10ba42401b534df164f137,2013-11-19 18:03:56 -0800
0c0d3ef306aa23a22402eb2eedd89e380bcac408,2013-11-19 18:01:32 -0800
906bab719fcb083b239cbbdbfc7bae26c01604e5,2013-11-19 17:54:51 -0800
2f88c3bada0143eb5d7132ea64c3aceb4c7fe5ee,2013-11-19 17:43:34 -0800
368f0b1c1ce468dd6230f10e3d41d5d76e2a1c9d,2013-11-19 16:53:36 -0800
4b73dd9ad18fd9409cc9c3285be340d35dcd59a1,2013-11-19 16:30:34 -0800
6feeabd457f5592eb63a6fd731c8a850c1175e8c,2013-11-19 16:00:25 -0800
d46c5ebe4d06a03b653b19ed8b295cb157db4f67,2013-11-19 15:58:45 -0800
bd26d9a2af93436177acb98a25a10fae92ece4d9,2013-11-19 14:58:42 -0800
e7d0e40d29d52eb5488302005aad7b1c2421c4a7,2013-11-19 13:38:08 -0800
a7f4ec450a83a8592f2ddf2f5bf8f6e635ae8840,2013-11-19 13:17:23 -0800
518d688143e01416d90e11b9745524cb5d368809,2013-11-19 11:41:39 -0800
ccb19fef1f3afc870e2dd3f18dfd697df77f43fd,2013-11-19 11:34:35 -0800
9ce4cab980fb639d11a70578ba7ebb5df49baa79,2013-11-19 11:29:11 -0800
900807f9a1e057652539b52bcc10df40b04c7922,2013-11-19 11:24:54 -0800
0b0d447d4c49b5d1ad44f26372f69e263b166ad2,2013-11-19 11:04:17 -0800
b1f94a72709cd178c0de2c6a047ca9e38f67e698,2013-11-19 10:36:11 -0800
ab6f6d36fb923f14014d51402910281e83c32a87,2013-11-19 10:27:11 -0800
0874fcaeba5a3b5fbdee9e0c02383c71ebe09521,2013-11-18 23:29:14 -0800
72a72c191e28cc6a6d8d99e74807368f89426508,2013-11-18 21:40:05 -0800
83cb285c7a2280f2c46bc3f71741ab66751d9314,2013-11-18 19:07:49 -0800
1f8fb6b9709234b97dd1a652d99c4e741c26f59c,2013-11-18 18:05:20 -0800
fa3357031b3c13d0c64fc27d05f062668a3b87cd,2013-11-18 16:46:29 -0800
fb690ae09d2cd0fbf59d8e8a676755ebf8c42e39,2013-11-18 16:41:18 -0800
520b0e0cb989547f36572299c217770d4cdbf76a,2013-11-18 16:37:22 -0800
75e7ce9cd1e4e822da55d5885b44a422512bfe03,2013-11-18 16:14:10 -0800
2819a8328de916a7d1cc08faf7b2626ceb41cabd,2013-11-18 15:35:39 -0800
345410925e2aaf2512479dbf586191214774f230,2013-11-18 15:19:03 -0800
1bd65d41c2e72a20d14b563a18aae6ea7d3b655c,2013-11-18 12:43:28 -0800
71c55bdd0826a7a0742b10253b06faf1a6b0818d,2013-11-15 18:16:11 -0800
43422f48c2d5cb2caf82b692cb81e68dfa4535ac,2013-11-15 14:35:20 -0800
e2636d44e9d7250ceedd74b28bf9544905cd2c8d,2013-11-15 10:52:39 -0800
f308f4d054600b8f28100cb044eb01131f9d8f24,2013-11-14 22:42:18 -0800
b7559e7e237635fede1ba3ea0ffc70cce3d61165,2013-11-14 19:21:48 -0800
bf58c3e2f126893dbddb2795ea48b365b7f5faad,2013-11-14 18:08:41 -0800
deb5d39fdec35ec8217c9e0b8fdae28907d4602e,2013-11-14 16:40:59 -0800
ba67244a7045e55bc2069cd4215561a1924d4034,2013-11-14 15:36:10 -0800
c6a013d6624438bb9ce0210b0df80c54e181fd20,2013-11-13 23:04:31 -0800
60117bb058857fe4bdf2f9505bcb292067b696a9,2013-11-13 18:26:20 -0800
641a5495c273f8d472db282268c68ffd8b268a43,2013-11-13 18:18:46 -0800
bbaefa9226637e69e315457c2242f294a8526bed,2013-11-12 22:59:55 -0800
eb7a365d35eecebdbb6994a73ea439aa009f3b22,2013-11-12 19:44:35 -0800
4e1c75303cbc2baa39cf394845e1182bd777cd95,2013-11-12 16:46:45 -0800
93957fbd401adfa4d5a4b62644edd25da2b5fccd,2013-11-11 15:15:35 -0800
32595ddae92c5374ebadaf55a909d809eb33eb17,2013-11-11 11:02:09 -0800
ce2a44b37360334a06a0bcb8e40ca8cf69be76f8,2013-11-11 10:36:52 -0800
3368905e3787e823df8b164829f71cd9008e86e0,2013-11-10 19:36:46 -0800
5ba51c1edb5636b77f63ce21948b5c6d59682f29,2013-11-11 12:25:15 +0900
07f796a41a821b04014639b63d22f446be425954,2013-11-09 23:26:41 -0800
8020bf78a04ff959945706156f771be114d37ac8,2013-11-09 10:57:26 -0800
37cb5fbaa40914599ed7f0b52a346f891b0960c9,2013-11-08 17:23:43 -0800
6c14110cb85d7b05850d52178ea9bc112d0b22aa,2013-11-08 17:21:48 -0800
0d667c7d0b0dbad6cc9ec872f31c6a287f527744,2013-11-08 09:44:23 -0800
e13916b20a90f85a7ce4ec4da3a577ddd60fb1ea,2013-11-07 13:10:55 -0800
d346ad9a33907edfb865e96111b6dfd769a18a0a,2013-11-07 13:01:55 -0800
1b6a77377c647c93cb8aa0ad6e23c4707fc7f869,2013-11-07 12:59:53 -0800
77797fc96dd7e7e1e5c707552e669c40db43697b,2013-11-06 10:41:00 -0800
e59c869c91b670874edd23776eaaf9e022adaa38,2013-11-06 10:31:03 -0800
ed17232d385ab2de780caf6fc5024d9d252bd8c1,2013-11-06 09:46:17 -0800
9ae93d59dfbbc182a275a1043a522df21828bef1,2013-11-05 16:32:54 -0800
2ec4c22373b762ab70fe7dcd5e6436580af43790,2013-11-05 14:32:19 -0800
e40e345fd57719c9927a34131d32cd276c6e4a7e,2013-11-05 14:25:43 -0800
29ee258d97c223ffc692a85668bd784fca55b8b1,2013-11-05 14:17:29 -0800
8d1787a42edf7eec0050b74ad54f8cc7a92917c8,2013-11-05 14:15:21 -0800
4389c830a232b8905fa697da7c4ee9f5ffdd1200,2013-11-05 14:13:52 -0800
e27f871690e1e0e086a67f7d34409c9d5b57f9b7,2013-11-05 14:12:47 -0800
12ca15b7c97018ed2a9f8018c83b71410392f925,2013-11-05 14:08:59 -0800
f6cf68a111785549948b25622192b8f502b13f25,2013-11-05 14:01:08 -0800
f84aff17b1b2e2de9615c3a71cdafb6baa307b51,2013-11-05 13:56:10 -0800
56fcb3a2c8613e02b28f78aa6ab43c39285c6ba2,2013-11-05 11:56:33 -0800
48edd5ffbbe9f124e66ce038a3093f2522438ae1,2013-11-05 11:55:27 -0800
e4a40f1e4bad08e8602541cdf31a90d2515119ed,2013-11-05 11:28:58 -0800
222baaa8e1713ccf8d7f7febeb869403ca27862c,2013-11-05 10:46:49 -0800
5e86adc6e78a73106307a5a6c73864c4bd82afce,2013-11-04 18:40:51 -0800
5298bc340a9144bd45b6d7d3d33e610c6486701a,2013-11-01 18:15:41 -0700
d0365e3d8abc4b89422fdff1ddca4604fba77659,2013-11-01 17:18:04 -0700
568aa4b4e149394ec17d55f5abb0a94e8fc60292,2013-11-01 16:36:29 -0700
aa89b35022f2021f9a035b220f07efec8a852254,2013-11-01 16:33:05 -0700
4919f893a71f4faac38b31e24a8f1106f1fb1992,2013-11-01 16:32:43 -0700
da987efbacd1f702a667b18bc55140dbc884ac8e,2013-11-01 16:31:16 -0700
64e01dd335a1dada355ba025d84596b1de4dad18,2013-11-01 16:29:31 -0700
0ddca1373eb18d9e80b91d50bdea91f583273aca,2013-11-01 16:28:54 -0700
46e530e593a3eed418e60bd97170cfa6a74a2d2f,2013-11-01 16:13:45 -0700
2877952c17816e66253885f54767d028e176678f,2013-10-31 16:44:05 -0700
065722fa86368a27f10fddbc73db8a032893eed4,2013-10-28 17:28:53 -0700
40c104d4adf066c110041fb5e4b214a1b3774d13,2013-10-28 14:00:31 -0700
41ca471c5f0409c5c49253c5a2a61bb3f1ebd932,2013-10-25 18:31:55 -0700
a8e56528c1e486e53bd3c43a317151cc22c782df,2013-10-25 13:07:06 -0700
987e3aed8f4553bc232f4c6ddb8159760fda31d9,2013-10-25 11:03:45 -0700
2055035379f95ca52afd7d8c7a033931a36ac9d4,2013-10-21 18:19:55 -0700
ddeb5aa678c8ce2794bfa81b46ecdc6a4ae35658,2013-10-19 12:16:57 -0700
1ad968af132e8c4e6d2fd45adcaf84d00635d6c5,2013-10-17 16:10:06 -0700
383e8c78f3186d1c57287e9ee42966ef042af7ad,2013-10-17 16:09:31 -0700
3ca7ae88a93bb46a084f2ad5b61bfdc719406636,2013-10-14 17:03:53 -0700
d37899a905bf1931fbf664f24b969b7fceb20151,2013-10-14 16:59:04 -0700
2a03ae109f3a0ade47946bc586d55bf0e26f1e3e,2013-10-14 15:49:23 -0700
ea63729ead8d8551d07f39fe1fd4329dff27533c,2013-10-14 14:41:35 -0700
488d29c8870b1e34f5c5d037500b49f2ffcb9eff,2013-10-14 13:43:33 -0700
8d627733d360c64661f1e4b6b7ef2814ed7265c5,2013-10-09 16:11:35 -0700
cef96745713c986e548642ddfe26b99321b38727,2013-10-09 15:27:17 -0700
298f7ecdbc269b4c72021c65f136fddfd80098b3,2013-10-09 15:22:11 -0700
3c53baadf3db11e9cbf8dbc1768c5dd748812caf,2013-10-09 11:12:45 -0700
167b03d2864721322b96d4fc3027c0db04803b91,2013-10-08 10:44:47 -0700
c3fd597e3356a71498b781567fab60cecde12811,2013-10-03 17:12:22 -0700
23e7cd10e8547a20cc33bb78cc3f84411ff1f104,2013-10-03 17:09:36 -0700
f74af3277d26f99a28f134ed55a1077becda234f,2013-10-03 17:02:32 -0700
58b6cd2f0d1f31930ffdbf62d297331d77fc278c,2013-10-03 16:58:02 -0700
e2b64b5c60150535dc1437449d3a65bbb4ce18a1,2013-10-03 16:56:46 -0700
e462692bb49c3dbfedb6cad724d44de04e1f0217,2013-10-03 12:07:24 -0700
85b7fb976c53c3f5df86398c8cfff7e7f52a4637,2013-10-03 11:53:57 -0700
27a89e52fea1b896870ca376c39bf935d0cf99e7,2013-10-03 11:34:52 -0700
f7c549c28b8003fe63716f5c85bc81016982c7b2,2013-10-03 11:29:57 -0700
e20c51c47f4c1935f264b7e570d3798d13a72eaf,2013-10-03 11:28:57 -0700
15c452f4a982848a73571972240a7cb272e8dfe9,2013-10-02 17:00:20 -0700
624ad79eace9e80544c8da7f20184872a3bc3ac8,2013-10-02 16:59:03 -0700
fb1a6c155a64220f5d5d72ee85d9135741e54bfc,2013-10-02 16:53:52 -0700
6e3f094959fb846af9953e61fb6004881c2baee8,2013-10-02 16:53:40 -0700
eb9a63b6d81090ccfac46ff0f3cdda3da6905bcc,2013-10-02 12:12:39 -0700
fe7281751a1dba08a4e5f771a986d8a2dbac204f,2013-10-02 12:11:51 -0700
b191f687f85b55d4ef8043f380181246e985c428,2013-10-02 11:45:27 -0700
ee196d5585f296ab30e25f24cb9da4d5649efb15,2013-10-02 11:42:32 -0700
fd364ea8a52b12030c701f572b9c46150f8b38a5,2013-10-02 09:11:57 -0700
d18e142f0535609c4d8fc734c09504f6816bfaf5,2013-10-02 09:09:23 -0700
b614a8109983a931211053188ece77bea0dd0148,2013-10-02 09:09:16 -0700
5467812736ca8e624c92c301091e0f64043d7b84,2013-10-02 09:07:22 -0700
e414aa69d7d5bc5dd10f29ee12b659ec9a04fdc0,2013-10-02 09:04:08 -0700
55727cef52c702a28e1b3a1685d37142c3b3644b,2013-10-01 15:48:25 -0700
31948aa6e3ad300e97e2ee5f02f01f909e84aaba,2013-10-01 15:37:43 -0700
2363ffa688530149f0d118c1b10ac5feffbe4c65,2013-10-01 15:04:12 -0700
8d5814d572cefe83c85e452192483df573a9388c,2013-10-01 14:21:35 -0700
def78fb8dbe5daf218e5cac22d394a8174ca83c5,2013-10-01 12:39:35 -0700
8c0c9e13f1e159817d1f4c148129e9e2e9710229,2013-10-01 12:12:26 -0700
563cebce86bb311cce62f85ed6d5125f31da8c70,2013-10-01 11:47:14 -0700
77aa6f623d65dde19acc2bed95b538333ec85df2,2013-09-27 16:46:26 -0700
5ca02e03f14aebbf09c121f2f614ea00cf3c5437,2013-09-27 16:08:15 -0700
851fddcc68ba9f4136e200104b0d32d47476a8e9,2013-09-27 15:17:58 -0700
473ef860fb0c6abf35d5d9dd612065acebff6814,2013-09-27 14:49:51 -0700
cbcd9fcfe2c2777bd05f6ffb146c11ee73ae88c6,2013-09-26 13:11:51 -0700
c3ba31a02f3842096b36327e9e5c9c46a3c082f3,2013-09-20 17:05:04 -0700
c7baf7636de98fb8182b72ea5f7e4df2edfcd545,2013-09-20 11:03:47 -0700
8dd10685d5392d08c9dc185b6bd29cc5105da8fa,2013-09-19 17:55:18 -0700
6f09ad8f701d200a5312d2e361a2dce3edd56384,2013-09-16 16:00:59 -0700
8c2ec22b9e8c5705c4d928bad435bdcc809b76f0,2013-09-16 15:55:58 -0700
e9b9394368aa2b48ffd72dfbbd39ee7afca990c1,2013-09-12 10:21:16 -0700
1b44cd6e83291f8d16cbef2c6ddb33b5d216bead,2013-09-09 15:14:52 -0700
ac9be7044b50f8e3f430ec01a039907af5efb07e,2013-09-06 16:11:55 -0700
520122ba1c711532d2f348db7fa19d7bd5efbf9e,2013-08-29 15:18:55 -0700
25ad9dd2b8f86e3d97ac9ba91697d62f6b67a225,2013-08-29 14:41:46 -0700
700c4d556341b019bc65fe5db07ae8615d60542e,2013-08-29 10:36:43 -0700
bc16f3e079a710f9daf83e7a8a38db9af04ad384,2013-08-28 13:22:53 -0700
4c2a59740f57014f9f2b23d7118b9cd4db2403ca,2013-08-28 08:33:57 -0700
35b51039f711f135ee60769da583a84efe8c2727,2013-08-27 15:41:20 -0700
f4993341effd629d33e9324dbf0aec8a2f51ce69,2013-08-24 07:13:39 -0700
7fbf4680f8eba998b8137eb06c823c7bd676e223,2013-08-24 06:43:16 -0700
bc01f5178017c066278a551b2336b961728456fb,2013-08-20 23:12:36 -0700
475fda9c5a8812bfba4303b414844f8cfa6cb322,2013-08-20 23:08:27 -0700
c51e683dbfe75decf1a526bfbebacc8f8619d16e,2013-08-20 15:50:16 -0700
9a84a0b2dae8621abbc676969c00f352b8b34176,2013-08-20 15:49:50 -0700
b3736b1a769d8a1c4edb5cd348ee13ecb77fb96e,2013-08-19 17:05:59 -0700
e387514967ec09cfd8c3d25e1823aa41f4a482f3,2013-08-19 16:48:01 -0700
24d42be98683f24003c0f6b6b81bdc49d7e6cbd8,2013-08-18 13:15:59 -0700
749893971b2d68a8193305b42608098722f18a3b,2013-08-18 13:14:14 -0700
3f1da08f7f3aeebdabd8570f81dc1a1b1c33be51,2013-08-16 15:19:00 -0700
00288ca9b840d111aec89f4264b5e6977a7963a5,2013-08-14 17:15:42 -0700
a5b9efccf8d84792f887c84c1c35a30acfda23cf,2013-08-13 18:08:54 -0700
7b9c7ff8b6c64af5e19cf7cc762e7f4cd7556647,2013-08-13 16:18:42 -0700
3aa70ad9b8ba40c3434c36647e4db98d7a2892ca,2013-08-10 09:26:19 -0700
606dde1d6a6720b97eba1490be08330bc8c3f634,2013-08-09 14:38:50 -0700
6719c36b1f1e8bb916a5b67786abd70c489591d3,2013-08-09 11:22:28 -0700
21d4bb9926fe0722e225c799b9021e02cbfaf3b1,2013-08-09 08:20:46 -0700
145b6901372789738b748d19ed330074b499f207,2013-08-08 08:49:39 -0700
b2ba10459934c306b7384f34b9c8eb47cc9ca4a3,2013-08-07 18:08:53 -0700
118ff836b06edbd2ac72119f26790bd1b8b37afc,2013-08-07 17:59:51 -0700
2d5ecbdc31c04b101699405472b3d98de6b7ff72,2013-08-07 17:36:23 -0700
cf7ae79a69de88b4ca0f44a4da7433f454703dad,2013-08-07 17:22:26 -0700
5781869968f6214f5577d969636ba13dc4d7be2e,2013-08-07 00:17:33 -0700
50fe5be8151f1d10305bee24c20e6f1708f3f5ea,2013-08-06 16:32:31 -0700
c15ab321d638013206d98762949a3976e76fdecf,2013-08-05 18:07:29 -0700
f3a2a681401bf63e33f83fd1798de135d95b195d,2013-08-05 17:20:31 -0700
3b62aa9f1cf7f19ae4095338c93fe21d53bfb124,2013-08-05 17:03:30 -0700
27fd47a64ace3d230cfde8a90d081a445b3a7da4,2013-08-05 16:33:50 -0700
9fe383d7c01927523478d0b42381bba2246111dc,2013-08-05 15:54:19 -0700
e75d6801d6c0448e447378252f763c1627626b45,2013-08-05 15:49:43 -0700
87261dc62b7b10eb994af8409b1c3811a1d5bc57,2013-08-02 18:33:55 -0700
ef800bac2869079d35bdb806e83f06d7e87b371a,2013-08-02 17:21:11 -0700
6b0026aace20e01307e177f015930eb98ef694c2,2013-08-02 15:51:16 -0700
4c18a58eb503d97bdcf39f692ed9119cc29ad40e,2013-08-02 14:30:25 -0700
0480ff456370d86d8d77f3b44ac5c830025ac4f2,2013-08-02 14:30:15 -0700
1ea5d404e4abda4e9732f157e2a0b4cf4467fb4a,2013-08-02 14:08:41 -0700
b5e99b8211b4db5b47849230a72b7da4f976aa89,2013-08-02 14:01:05 -0700
1e407272662293b28562886a55b9977142883ced,2013-08-02 12:39:20 -0700
347fd48f65a7f127ad806c9f3fb544749fe7f698,2013-08-02 11:41:46 -0700
914cc06afff36209fbc11ce1e11d464316545f20,2013-08-02 08:42:53 -0700
9cbb3c4d65cb5589b8329250170c8a6707dda1e5,2013-08-01 14:28:01 -0700
a3a392162c6f3cb855ab53011d2c1c14c44e2c2a,2013-08-01 12:13:47 -0700
a1e114a512cc3e348e1092a31ee6129a33f70cd6,2013-08-01 12:05:54 -0700
66cd6a69da654f7d761dff12866517f26b7d89cb,2013-07-31 17:27:02 -0700
846d614c68c2e8ae34804c34b241ec39b7bf061e,2013-07-31 16:42:26 -0700
d437469076b70b96f0ac23b6cc72b7a045f844db,2013-07-31 13:39:08 -0700
40e0e8384b16478b298f3861eddf77ef68aaa035,2013-07-31 13:33:49 -0700
fd3bae35ac2d7ed5a84c143bb413ba369b9b2c6a,2013-07-30 17:26:43 -0700
f349ced247aa54718b943696ceb9bf90df661460,2013-07-30 17:07:46 -0700
ba26072d431a860f1629f7d763595993a54040e5,2013-07-30 16:05:22 -0700
799a7ab3fa9aeb981e64994ac8116925d824b52c,2013-07-30 11:58:48 -0700
9c1be6d2bfadabd1bafd8d9db92230ce42ed323d,2013-07-30 11:32:43 -0700
37393f74705eca82690a487cfcbe1f58d230f374,2013-07-30 11:19:30 -0700
4cdec5818eea36c0b307ff3a5c68900f1c82a7b1,2013-07-28 12:52:36 -0700
a4202356586664037b94f4a94eeeeb224e56a87f,2013-07-24 17:07:21 -0700
87c460b0b4addfe465e8a2afd8fab3b3cd75009d,2013-07-24 17:07:04 -0700
662b684a9e496adf753195b41fbde14b7542d83c,2013-07-23 16:20:48 -0700
9618406254b422888a907d99d44e596423e1353c,2013-07-23 16:19:58 -0700
e8a0869e10817e0e337a9db907ad4c0b3b823ef1,2013-07-23 15:31:12 -0700
3aa27e54dd9e792759acf4932c6ac262e2a7fddf,2013-07-23 14:19:41 -0700
b05f89c0d0a5c282cdc6cf88836428e694e69bba,2013-07-23 14:02:44 -0700
060eac450020b0cd4749daca09ed1ffe33f073c0,2013-07-23 13:53:47 -0700
0452a8fa9fd393be3025e8f951d345a317401bb5,2013-07-22 10:55:54 -0700
7fe3d6fb5984a2c8533777530cc72bd824a9f27a,2013-07-19 15:55:43 -0700
bf3e43bf3a3354f8ba7bc51a043b852212c886d1,2013-07-19 15:55:03 -0700
b62dd92c047502e88f60f76d6bf29371e631c470,2013-07-19 14:34:28 -0700
09ed8586d2048747fbd92e8910d249f3c1ecc7c3,2013-07-19 12:33:47 -0700
4a03b94080f8be4866e7697d732eeb05ad6f7a0a,2013-07-19 12:29:37 -0700
b2e1a87c34aebd25bfc0c1bc2bdf3aff373b1aeb,2013-07-19 12:29:07 -0700
28f9c49065cfa0bc77f9ee7fce1927d0126ca9eb,2013-07-19 11:00:16 -0700
4751a7d180143fa5d97779de43edf284da270f70,2013-07-19 10:52:30 -0700
9da4e6322a33f6c83403c09d90823521e48ec4fe,2013-07-19 10:24:38 -0700
5d1c827d4c87e24b7bd4de7d32087a4351ac77b1,2013-07-19 10:22:36 -0700
d4ae70b1a0a5feb5a566969043267107bea955de,2013-07-18 09:16:40 -0700
b20a776d85978524e14bd6a09b6e5da82af62599,2013-07-11 13:04:02 -0700
ca46cde29e43906853ed428a118586306d9ea528,2013-07-09 17:26:10 -0700
44ddddb87c37d9e5e16ccd57393d67945329cd88,2013-07-09 17:15:21 -0700
e01bc85787a3608acc149f11b5660d74f4d72559,2013-07-09 14:48:18 -0700
cb0229fb6ffd65cd7f68ba82f943ed7b57853bd3,2013-07-09 12:17:44 -0700
eb94fc3a9a51832c8425b8c59bcfbc9e5a234265,2013-07-09 12:16:00 -0700
a7f9f903d72b58a76b03dab0a540cfd625cc5ac7,2013-07-09 12:15:44 -0700
8165f1b025021eb53ab20b3fe46c4a8d2b306064,2013-07-02 15:38:02 -0700
0fd75ffa21fefafb07fecc3b63aca7973961d04f,2013-07-02 15:35:34 -0700
cc2b42ce72f8b8983ef15d6ca6489540587bf555,2013-06-28 14:28:15 -0700
b894f0729f692503326bf43b7cd9f25c62629574,2013-06-28 12:36:01 -0700
b3ec789832a7665440ba19f449336f7f57717f78,2013-06-27 18:43:16 -0700
dc40a6e8a1cc361b419d6e84a3486a5bad8b629b,2013-06-27 18:18:14 -0700
1ceeff8cd1b61a4ae05c123a0263771d1792322a,2013-06-27 18:18:01 -0700
20cf6581e99c563f34ebffc5e7c72cae61c7ca06,2013-06-27 17:18:01 -0700
360e4f795aa6f4d4b3e52101dc58d9e4623d37c0,2013-06-27 17:17:40 -0700
e91e853382176bfedcff8f90abf480b95f0fa0d1,2013-06-19 16:41:28 -0700
7cf1378cb82fd5c2a970f6e867dc4629d01ede1d,2013-06-19 15:54:24 -0700
f485142eb7496d87f31953ffec7bb009a9072499,2013-06-19 15:45:51 -0700
1ccb740b0a08062ecc724b797485754c86363bb6,2013-06-19 15:04:58 -0700
ce8759b671bb26da93220723d44b5eaa8b3f3652,2013-06-19 14:53:09 -0700
ac6f33a448610eaac9a417284b3f28fd5269ecf4,2013-06-18 17:38:14 -0700
e452e11ad49373529d282f60794a9a58cfc5e9ac,2013-06-18 17:31:41 -0700
c760f4e3155b04971fd2c55220ce977f367443e8,2013-06-18 17:20:35 -0700
c2ec29d44085ea17e5dbba7fc19085fce2d560c1,2013-06-18 17:09:06 -0700
09453478f6cb9a58182598f79a9c76e64c375bb7,2013-06-18 15:06:44 -0700
140da316bc1b2ddf577a16f765b53ac8f77c7fe0,2013-06-18 14:52:09 -0700
b2724d1663bd05498a1e6771a45539f7d5cf621d,2013-06-18 14:35:32 -0700
5965ca66dc27f64ec9bb5f231d47a22e316d26e1,2013-06-18 14:28:51 -0700
05c985b274d0f754c0b188e5b97968ea96ca0fef,2013-06-18 14:22:39 -0700
56f35ac07eed58104fc54218ad4dd837e6fd6888,2013-06-17 17:25:11 -0700
356efbbd5ac4ca93157c7d05919c6aff1f365cac,2013-06-17 16:55:06 -0700
592cf6c75928e0dbb60f8ce81394b3ca6e67e5c5,2013-06-17 16:23:21 -0700
f944680a12b91c0f4cd85326b9993ca873377208,2013-06-17 11:42:19 -0700
e83bb91ae443f53acd2828b4b1ab8bb1d64e4a67,2013-06-17 10:19:02 -0700
d22f2246d51fe18e176e84591d237ce39811c9e9,2013-06-17 00:05:52 -0700
86d8698dcc7014f340f3e937e34e267f08cf13f4,2013-06-16 03:25:50 -0700
5849149ec401e19d975964968b30a6b01e034b06,2013-06-14 16:28:40 -0700
2a8907776a594f427f15a430f4e1939a8a249dea,2013-06-14 15:26:42 -0700
baf212f50cd410fa4bdf8a8174bef362c68cb0a9,2013-06-14 09:39:04 -0700
7a66f6e0dd6e224bf469ec8cadabded0dfc73cae,2013-06-13 18:52:17 -0700
a3847446dfee1ee943fd0192f4b20e2fde597e70,2013-06-13 17:59:55 -0700
dd5bcaf29311f8dca623527ada86a9bae3a2afe1,2013-06-13 13:53:53 -0700
fdb2d65c8b924660559aec2612d728bb76349edd,2013-06-13 12:10:29 -0700
318b52b55bbc85483c55e8f01497772a6b195b3b,2013-06-13 11:57:27 -0700
d15a872309d2e7a0099fc69a87e87e2b0309c988,2013-06-12 14:53:19 -0700
35cf8cf70e03f1ea077f4e1479d48fa4abe744c0,2013-06-12 14:50:29 -0700
56ec0c7bb6f6e5100b901cd63cafb4e9989338e3,2013-06-12 14:42:39 -0700
9fcb67a521aea65ddafd77fb7bb7e65e982527f3,2013-06-12 14:35:26 -0700
6b3812f3760cf2b61757bcd7466cf21728693c53,2013-06-12 14:34:13 -0700
bc284f3aaf3ab52cef47c4ebad7daffbe4762a51,2013-06-11 19:48:59 -0700
de669ff8794e544e7cb22254763b29bcd9ac0774,2013-06-11 18:34:52 -0700
b4c6b9956164508d50c2edf0c65f8c84e824a2ce,2013-06-10 21:48:21 -0700
e21579eb13bb173800512f9a7dbf359746c18b07,2013-06-10 21:46:54 -0700
b1066c44c9c4a662775ce21da09479410c07bb15,2013-06-10 21:43:59 -0700
9ecab5f8d44b0132333666eeb23a698b2ea8f1cf,2013-06-10 19:03:52 -0700
4784b2d405b68ed203661f7fee9a500962c21a8d,2013-06-10 18:18:30 -0700
359221cebe65c7b6b94c1ec728360130d9d7070b,2013-06-10 18:17:40 -0700
5ca2206170efa28bd43e2b3029eeb60c6443571e,2013-06-10 18:11:59 -0700
21f67a6c43f5eb486018f3951519e96c289a1826,2013-06-10 17:59:14 -0700
97d5e69937eef04337f0186801159394d3f6bb5b,2013-06-10 17:57:18 -0700
aef9e4ce19805f456a17de851cfcfba7f9873994,2013-06-10 17:17:49 -0700
d3763706cc9b039977c66e11763f6d006ce1c5fa,2013-06-10 16:23:56 -0700
41bf71a5f0d593a8e5e5181204e96160e9fb72f4,2013-06-10 16:00:31 -0700
395970f321a8095480974b67d791cd63a81d7bff,2013-06-10 15:06:20 -0700
60a001e00049196c1781390575c348b5ba0fbd86,2013-06-09 22:48:25 -0700
a804e91d3e7e7b60414a60421f05c01c13a0b925,2013-06-07 17:07:35 -0700
30addffd2a5bca200ff6eab9d5901ca3d4998e15,2013-06-07 16:48:16 -0700
2ed9dfbd272c975d136640941d99429d139f32e9,2013-06-07 15:03:18 -0700
01c1a1291e1bf033ae72eca713374864344691be,2013-06-07 14:39:50 -0700
fcebc342628246809f251cfe9e1c2803e2a867d0,2013-06-07 14:25:44 -0700
41f6e6e0399cf56a2597cf14e87e7241c4316970,2013-06-07 14:05:57 -0700
f7bff0a07e4f26d3328486d88da909bd507f6ae5,2013-06-07 13:43:19 -0700
62d22593817f6fb82ae1b9e6436b0567f1b79548,2013-06-07 13:25:50 -0700
6e177eba75daf1a3184147e547baf51fb3ffa4d3,2013-06-07 13:03:30 -0700
822e92f38f103d442eb36d7b48c01f7dc7303c74,2013-06-05 15:57:58 -0700
d0448a3cdbcba8af17f265d7e27c2423fe6f97aa,2013-06-05 15:47:49 -0700
b8bead3da0b20c7d6fb5494ab702d480234d9f88,2013-06-05 15:33:04 -0700
344f9f03cca0add1dfafeefb5b2eab6e4fd05f6b,2013-06-05 15:32:46 -0700
2ebdbef80c2841aa4bb4c4a048f749777a3b7409,2013-05-31 11:32:20 -0700
4ec63810b5e963e31b355f939a0bf43a2b37ca7d,2013-05-29 11:02:43 -0700
4dbed99c8f6c97540c56f53b1e83112a48596885,2013-05-29 11:01:59 -0700
98767716128ce0af40b2b9d03fc922375f4ed2c6,2013-05-27 19:58:12 -0700
15f9536a794ae4e177cabac099104a12db24b435,2013-05-24 18:46:50 -0700
f82168ccdb5aade26c6e66a3fd615a4e62b285fd,2013-05-24 11:19:44 -0700
3eaf7ac24ad25b6541b49a7ff04918cc1f2c74c9,2013-05-08 16:16:04 -0700
946c78fc80b500981a7ba97a10df84fd6ce5cf22,2013-05-08 11:21:55 -0700
406ad23f82bf67dc5ec0345273572e3cd433ebed,2013-04-26 15:15:40 -0700
137a963626edc366ec5e60498bf43404f0762d05,2013-04-26 11:20:16 -0700
d68e2cbfcd6e076abd00909ad9e414d47c2738b2,2013-04-25 17:01:55 -0700
d98c9845f5c296575dfddbfe8ea69f37b1e9487f,2013-04-24 15:29:14 -0700
b19f941cef6e0ccbe10551aefc085a13e233d6ba,2013-04-18 14:51:17 -0700
68414e920b93d1572c7c1232ccaef0b3f1b27fb8,2013-04-16 17:35:34 -0700
754024b5a74756691890bb78c2db4b15653b2f1f,2013-04-16 11:47:32 -0700
752e15b9c3a2b45cbc39e5216349082d3b9dfaaa,2013-04-15 17:47:41 -0700
46f6306a853fc2608177e48cea151fd12cda18ab,2013-04-11 15:27:01 -0700
c4e6287287cc5ac02b920d195487aad59216e9aa,2013-04-11 15:22:33 -0700
12515a9980bdc2d7708a0583436aeeb7d81d3317,2013-04-11 15:01:41 -0700
e9a7ef0dc3c18bb8a901158162819c5191d51882,2013-04-11 14:55:09 -0700
10d681e51f0d71944552778e949cc031eedb25f4,2013-04-05 13:56:54 -0700
d0df61b2365824323d51044b198cce0b6e0c63cc,2013-04-04 15:54:58 -0700
38c923e51e4dec592cd06c329bfc733523c41083,2013-04-04 14:44:54 -0700
8e90443eb5eec70e9d493b3996fd71783a133d40,2013-04-04 10:54:40 -0700
5505e6dab3d74301e3327d8ba5b30b6ce357e5c5,2013-04-04 10:51:16 -0700
e73509af6b7481f3a45845fd74b2945c683861a3,2013-04-03 15:17:14 -0700
ec809c448784bded5386b5d990da5de28b264c40,2013-04-03 14:45:07 -0700
fa5f629429378bdbc984eaa6fe46a31e2df64d5b,2013-04-03 14:11:06 -0700
c6dfc1fb88547ca4fbf8a6cd10a7de91b30f0a39,2013-04-02 17:40:54 -0700
6d23680d62492a6a6bc48bfec192c7926fb68021,2013-04-02 17:38:29 -0700
527a121b7967f0c606670813a0fa0e9da65dfb30,2013-04-01 17:57:20 -0700
c66f671be2782a4e8e31720aaecde5e72ddc0422,2013-04-01 17:56:32 -0700
3c65f1a7f843e5649766c5fe60811f283bd9077b,2013-04-01 16:03:18 -0700
b62927a1a6ed2479a8c2e6f3c79059b8fba90505,2013-04-01 15:31:54 -0700
42e4db03982e71aaf8031f86dc4c09c2a527e38d,2013-04-01 15:15:25 -0700
ceae1a99ce7e3007b639b355bbe859c5270d45f3,2013-03-25 12:27:42 -0700
8498c4fe1e802d6d06d98fe80bffb1885f9f33a4,2013-03-24 07:10:12 -0700
775ed742cf794e87e416dace2b65566948fc53dd,2013-03-20 09:54:39 -0700
5204431827dbd7be8f4a6eef6029184065413350,2013-03-20 09:46:40 -0700
030d67c38d56ae6e45021afdd27393c2f85f15b8,2013-03-20 09:40:27 -0700
e821afdc323f4fc3769c6869bd86628b2ae0129f,2013-03-20 13:18:56 +0100
572f1d03c29f5722c6eaa3ba6d764d75be1cbe7a,2013-03-19 17:04:21 -0700
052829d459211066dc7c7053e62dcc3bb1b451d5,2013-03-19 15:32:13 -0700
b4c976e18a2894dbc944540b0b10c444f6ccac19,2013-03-19 15:31:54 -0700
48f224e094cad09482e80394d7cc7c9d12b84aff,2013-03-19 15:02:18 -0700
b89ddee41509ff31f773bb96fcf5adaaa83dd991,2013-03-19 14:36:41 -0700
c3af044a389699a4eb3d249b448e667dbdea16b9,2013-03-17 08:00:53 -0700
1c74d8137441cb98b4dbc24f6a39db2ae4138a69,2013-03-14 15:27:17 -0700
b17d83b7ad3a182a5acbe40b4e90e22c9c916593,2013-03-14 15:05:19 -0700
650a9f0c131e9b4106abed6b12c7b5c8e16c7ad0,2013-03-14 15:04:36 -0700
c274247b61ce9c28e243b40f7ba918bd1c488332,2013-03-14 13:43:07 -0700
69e726643c95770b8e34c801b754b6404f2aed59,2013-03-14 11:45:45 -0700
eff801822dc59e5181099e24f31d2a68a26ee006,2013-03-13 18:25:48 -0700
8de0930fea69de504593d70a050d6eb0a833301c,2013-03-13 18:21:30 -0700
71221805665953fd55edb07fc11d737eb72a3e96,2013-03-13 17:05:39 -0700
36adf994e99f74cdcaa28f48e83a08307c776e73,2013-03-13 15:13:17 -0700
c165f1b74f9a4b952dea62fd0f8cfe145c702647,2013-03-13 11:38:41 -0700
8905583412f8dff9457541cf556eebb90a5697df,2013-03-12 16:38:48 -0700
dd36408c7189f5fe814a983924794071fde87368,2013-03-12 16:36:57 -0700
27ba0dd3e6e2af5779242ceeb0e5b2f05f3e58b6,2013-03-11 17:44:39 -0700
309dd9a20b12198de1d1d3ce9c0494e4f499e490,2013-03-01 14:33:34 -0800
c7ea368779de459a94eac869245878c3bc5589c6,2013-02-28 14:32:28 -0800
480af24f0ab2a330bb4548930609bd43befeb533,2013-02-28 13:32:06 -0800
9f254cfb85cce20a338663fc23b679cd249ccd71,2013-02-28 13:26:05 -0800
6d56b2acf4626299f39626e138f6ad08a5fcaff3,2013-02-28 13:25:57 -0800
389c295d6e31828acdc8e0391759d3a045620fbc,2013-02-27 11:39:06 -0800
a64271a3f5d5a6bc538dc2246af1b030815d83c4,2013-02-27 11:38:45 -0800
d800d9f89c91409795a6824f48e8b7b3038055e8,2013-02-26 15:57:46 -0800
3b64671dc3996bde8ea03051379a55e05b72c76c,2013-02-26 15:18:26 -0800
faf722d9de416eeca552cc806e44629e778b0b9a,2013-02-26 13:46:37 -0800
6cebbd7488e99b4b0473dc5efdabcec51c91f003,2013-02-25 15:24:46 -0800
df51225076e34b59de1da08982c11922e7cac1bd,2013-02-25 15:20:10 -0800
7116517fe579a8382dc157c9ba8ff0fc59fcf2b4,2013-02-25 15:08:55 -0800
1a27deea656c4f5884067026788155053addecb4,2013-02-25 13:56:03 -0800
b49b3d491a867e27649bd444c2ac35bfb1fa6ba9,2013-02-25 11:23:57 -0800
c3d1d1469469332f9fad1e9402c3ed7a8df489bf,2013-02-20 12:23:33 -0800
a76de31802bbdcaa755bbeed979a048586dbf9ce,2013-02-12 17:05:39 -0800
bf9f0de77755aef4089ba4ed230b37ed68993a1a,2013-02-12 14:54:41 -0800
7032873bb522fcf84a000161814c7596de02f1c9,2013-02-12 13:31:21 -0800
dc0b2626d467354bc90256cb961c217b7d25d20c,2013-02-12 13:07:52 -0800
e2c5cbbd224bc5644ec5e13bf85199b63ead474f,2013-02-12 12:35:59 -0800
83341699d8b7264dd9ef023b91adbad06887a15f,2013-02-12 12:12:58 -0800
d12a6ad4fd650a12a3814a8c52ba908236b7ab97,2013-02-11 18:07:08 -0800
94de22ab4713fc5cc276860ea79e062d85f5e380,2013-02-11 18:04:30 -0800
29ca3ff52c7be9839f0a740a348d5a0ae8d57181,2013-02-11 18:04:05 -0800
1627383f1d86d4c1403a3de66779ba6d154f2dbd,2013-02-04 17:48:23 -0800
35abc937a4b5880217058c5589c8e9f5dca999ca,2013-02-04 16:57:35 -0800
2a8aaba363804df2a083a223c82df9df2c42f70b,2013-02-04 16:27:32 -0800
cffd4bc4996950a1a0b84105c5bae1fcd865b418,2013-02-04 15:55:14 -0800
b502954165c95eee656fc60a0aa6c74248e03691,2013-02-04 15:49:22 -0800
96ff9d05f5634e8c12d50a1223bb531ef906f718,2013-01-29 16:22:36 -0800
c08c1622a57102c3a2bc1fefcb4938b510c92581,2013-01-29 16:19:34 -0800
7fa7a939dd41fcee7ba3a6e049e0417eed4a8248,2013-01-29 16:11:42 -0800
7d2fa18e2a8051e4021d6317b2312f2eae96df7c,2013-01-29 16:11:24 -0800
0dfc01907adb3cf7ed75926987a8d44c74f4753c,2013-01-29 15:58:12 -0800
4af707370d2a7595073d0e3dbaaf9888787a7618,2013-01-29 15:47:34 -0800
8de49ff1a5a9c4dec0f6e6ec028f13f48978cd9d,2013-01-29 14:17:54 -0800
7355f6dbffc6bc1f1b12e2c163bc8b21b4a8168e,2013-01-29 13:32:40 -0800
1f8f6da4312ec673bf989f1e558855ddccc1026d,2013-01-29 13:05:57 -0800
869c2edb8a807071ec68e653cb37cde9fe3eb7bf,2013-01-28 16:51:28 -0800
327adf7f51b779605a752a98035baf03638862a6,2013-01-28 15:48:00 -0800
a9d1ba693fd96f6b50232781ba147b568a7be635,2013-01-28 14:25:50 -0800
aca86fd7c62e87b56d995eb18ec33d6206b61b9d,2013-01-25 17:24:03 -0800
8dd9caa3abfffe254b000e6188e36ed7c1230034,2013-01-25 16:34:01 -0800
8ea8583972a40b688b1b26124319a2e0f7ef438f,2013-01-25 15:33:43 -0800
dbbd4493baf6f765e5f02ac2f6b8c9db6ebaae7b,2013-01-25 13:46:33 -0800
33593c69af63e9af5981bd29758818ea38a01de7,2013-01-25 10:54:42 -0800
5994e1efb964f70d37af7674e252075de3243a2c,2013-01-25 10:49:13 -0800
a2bbbf8dccd5fc93f38fe219307a9d62483b397a,2013-01-24 16:51:22 -0800
282608843bcb6176ce4c62592aa6f9f3d7a760ad,2013-01-24 16:50:41 -0800
3c0543a9023610cea6f1668ab3b280e253380d73,2013-01-24 16:09:34 -0800
fcec9b3fa4f11f2198e75b45752c95cbe96a72c2,2013-01-24 15:28:05 -0800
19e1d839241335dce2c78ed7aa5b7f11960f4f2b,2013-01-23 16:04:10 -0800
2675dc494ea0dac4d8d21f66ca86da9e354e1ae3,2013-01-23 16:02:30 -0800
b54fd019410200d9f2f003480fabacc9b530fb50,2013-01-23 16:01:12 -0800
d6f9ffe42a9d7070c7523b8f0bd2eaa4d23888b4,2013-01-23 15:31:54 -0800
47eb17fee4546736a6993db9df9a612b36b04460,2013-01-23 15:20:17 -0800
0729a59f301ea1ddd82b3837c0fc431d784bb7b2,2013-01-23 15:13:22 -0800
4f01891f90088851e6af60490cd01149c509f01f,2013-01-17 15:53:14 -0800
ad5a37967bafe5bd07c618b15bdfe40210155fdc,2013-01-16 10:34:05 -0800
9f599c2b1e463c90feef3851c29fe40b76b616e2,2012-12-17 07:31:31 -0800
80970311fce76bb8fcdd4a9567ebafb871280061,2012-12-14 15:02:18 -0800
acd92ea3013660a3385920eff9679ee7d15cd465,2012-12-14 14:58:29 -0800
7b5b93f6c87b68516babb1722fc5f12bf3bf3424,2012-12-14 14:36:56 -0800
4bc18a987a04499d6efc8db70c56632aae4514b6,2012-12-12 14:00:43 -0800
6af34ca160093a67cf2212f1a75903322116afd6,2012-12-12 13:57:57 -0800
d92793299e6cae5c3d42c92569987113b10908e4,2012-12-12 13:56:25 -0800
5a4f93ea2cf3e1e0ce666767275cfb701c88f865,2012-12-12 13:55:41 -0800
434abec3315f00a9bbc79605fadbe739bf1d7cdf,2012-12-12 13:32:35 -0800
aba802bb4d225081d0bfd17b9cee1eae0b94d108,2012-12-12 09:06:29 -0800
7889bdd2e5302016c0e8e8104f6b2a498fd3f5bc,2012-12-12 08:31:37 -0800
0aeb2918d6025863db737fa08fa506d2c5d99883,2012-12-11 19:12:45 -0800
755a7f54e5b47cd53c515beba3bb333481a35a7c,2012-12-11 18:35:23 -0800
bde225cd10f5d14d1017f6cb4033411b15f26926,2012-12-11 18:32:06 -0800
90cfb71769da435f86727e2f8522139fa4892f6d,2012-12-11 18:29:58 -0800
64a214e6314677bd789319e5f327286b5b1b73b5,2012-12-11 18:28:35 -0800
106e33b5363466792d75f5e8ddc39deb335c027e,2012-12-11 18:06:16 -0800
340d054de01f95dc4d6ed564be5cfbe64fbeaf75,2012-12-11 17:58:01 -0800
00b279343352dc65157e7b940706d2d6c92cfc8f,2012-12-11 17:26:11 -0800
d148e1762fbebc6bf72f5d209d384a35e339b025,2012-12-11 17:10:55 -0800
8a4990685154bb499a28ca604b53127c928f5b66,2012-12-11 17:10:00 -0800
493d9b6a88ccc9fb03145742c037307ff20ee80c,2012-12-11 17:02:49 -0800
3fbdd305912eaf2bd8333ff26cbe9745ad2235db,2012-12-11 16:10:03 -0800
1aa21dc5aa38e7dc90f38295194d0cda52e0dfa1,2012-12-11 16:09:04 -0800
0b953a57264ba0a04bb0758cb85883b99f4ac35d,2012-12-11 12:41:12 -0800
cddd90a9c305a3dc23a2179cc59168cbe6acf0fd,2012-12-11 01:42:32 -0800
91735c83716d46f3f038487a73529ce45132cd8a,2012-12-06 10:27:33 -0800
ec6fd98e34d4e8c05adf0819d68741da361ab7a4,2012-12-03 17:30:11 -0800
2b38d96faf4508d90a87bc47d8d8e0afbe766d80,2012-12-03 17:29:58 -0800
ed9bc86d7d2de66566c86895f15652b3dfdb75d2,2012-12-03 16:44:23 -0800
f99d1bb3ae7dc51c94cf50c87c5d2cfe335f9bf2,2012-12-03 15:46:17 -0800
a96b4f31dec79a7b6618c2ea252eda5f7f5d6447,2012-12-03 11:45:25 -0800
7814d17ebea9597763fa935b4599e55982a885d0,2012-11-30 16:57:28 -0800
bcb08c3362931d909d947be4c40e444bcefcbef1,2012-11-30 16:48:04 -0800
baaaa8982813d68fef7bd1a6648a66a5c8c5a82c,2012-11-29 11:14:27 -0800
122dd0d4623dcf018704726d9cfa0fc7d05d7ca1,2012-11-30 15:32:35 -0800
b333f01013b7ac76809dc5d0f0cf96031ae11394,2012-11-28 20:01:49 -0800
333abdb26eb548676668443ea443f99ce547e21f,2012-11-28 18:25:52 -0800
8d44f3df7924a8a323efccb283d058b4452ca5ae,2012-11-28 10:59:26 -0800
3fee51c15fc4be9ef600648a599a5c65a0ec53ea,2012-11-27 19:44:34 -0800
0b7033165a1e39b8de5f51e4ec2e109e52bcce78,2012-11-27 18:04:03 -0800
d5cdfb886c4aa3ebb12ebc220ce27df5283f6079,2012-11-27 18:03:54 -0800
ab40a7d3369f997fb0ee6e053adc72b732bc7384,2012-11-27 17:52:45 -0800
1316bf6a8a3ee604b576aa08e584a8eb5f778d3e,2012-11-27 17:07:01 -0800
1b7c26d58b4af9944f6b2a1cdd0126eab525e15c,2012-11-27 17:03:45 -0800
98963bf9108bcc57a1d0b7bd8fb1076a95c8e571,2012-11-27 16:36:11 -0800
f89798f80ff370e50be1119c23810aeeafb92eff,2012-11-27 15:37:25 -0800
466ae01d067908b629f8d993f4a2bcd43b482bf0,2012-11-27 14:28:26 -0800
7ece6f6c98da793a7bba123137bdab7fbc302584,2012-11-27 14:25:43 -0800
314e32ee591e295232fa3413a0992b93a0467bb0,2012-11-27 14:21:00 -0800
85b648a62fde833cc8284af2722f7b7e73aa181d,2012-11-27 13:59:39 -0800
de2f5e0a35ba651969922b1fc198c34352d86b5b,2012-11-26 18:17:06 -0800
5dfde01cd0f59eadf3a7a67a72ddd79475f0dd68,2012-11-26 18:02:56 -0800
a568d7ecdb4a426a35bd4ec022a9947f6f4b6de8,2012-11-26 17:43:49 -0800
56e709e7545f8e3702a9633677b6dd62c13d493f,2012-11-26 17:43:39 -0800
7ae36b9f20eff464d0ad96a5be59fe074f2e3f76,2012-11-26 17:41:26 -0800
c4a6c3eb1d48f34d804f85f5b5c167ea8e0ae914,2012-11-26 17:30:19 -0800
1c9ae2238d1fd9ebfcfb379989b99d964a4cefed,2012-11-26 16:36:28 -0800
f7d379ed36776b7fcad5c659e7f13616f0d88dff,2012-11-26 16:34:26 -0800
70696c18df6a4892b59e482b0387ba00365ae379,2012-11-26 15:58:39 -0800
3f0939bc5686501be0e2927889bc86d9d3d135ae,2012-11-26 15:16:29 -0800
9465a3ec9c446dfdbc222165915b851092a062a0,2012-11-26 15:09:06 -0800
f8eecf5318ecc34130ca739b7593e5703a5b00db,2012-11-26 14:17:35 -0800
b2008a667aced049fa4e95a860439897d4cd0d57,2012-11-26 11:46:39 -0800
779b5e6fc3197d9c6b4468814a3beb2c7b64a348,2012-11-26 11:29:08 -0800
0685c6bf9902b6b8a1279bacf72140b6473b5eca,2012-11-26 11:10:00 -0800
ade9d79a21a73c8c5c2c9f0592a84893888f1525,2012-11-26 10:27:43 -0800
04ad27482a5f48127884f83b4ab61e9b71c38792,2012-11-26 10:27:32 -0800
1ad89f9152874501aa0f74441887ca00577fc509,2012-11-22 11:18:44 -0800
402d8b7f36b5ef0e57821a1a2bc636d821307725,2012-11-22 11:18:32 -0800
01e3c31c91b9e228d7bc267e12e38a87a2bc6b2a,2012-11-21 11:24:49 -0800
1b03a358eb3c786bd2f1998f0501ea3e730b81e5,2012-11-21 11:18:27 -0800
634edc3923ab02771a3a89b50ed099382b3d8d84,2012-11-21 10:02:23 -0800
0f34bd7696b84e8b8ed820ee3e43795eddaac147,2012-11-21 09:54:47 -0800
374d1c7b1de20b5d3fd5d2374d35119b32a83beb,2012-11-21 09:52:38 -0800
eeff41997b585fe9ed164dbf818d6fa440e97afe,2012-11-20 18:31:32 -0800
5436f071874787f5333f740a8e91ce26d123bbc7,2012-11-20 18:31:16 -0800
b17b9bc7f61ebaa979202870d9b3bd3a7ab9fecd,2012-11-20 14:21:37 -0800
5a540121f0b8642954180c1b82882526de86867c,2012-11-20 13:59:25 -0800
0b7b1fcc2fc60491f8ab02d0c78d0c3ed6f7a549,2012-11-20 08:57:07 -0800
e56d52c58e1117bfad50b5c8a36fe709a738ac77,2012-11-20 08:56:55 -0800
5efca8ac4acf2d11db9dd9d19334c79cc85b4c6a,2012-11-19 17:07:03 -0800
77146d7ff071fc19f15fc233315a928288bc19d0,2012-11-19 17:02:13 -0800
38a38922bb0e1511b91a15392a0b295c7097bb47,2012-11-19 15:07:05 -0800
816a0061691940481333bda768b9aa36cd1d760f,2012-11-16 17:06:50 -0800
d00027182b0b09509a0575db018829facf30ab53,2012-11-16 17:06:28 -0800
7871704ab73b8fac851829c3eb970d209630aee6,2012-11-16 15:21:44 -0800
2b288bb5cb74baf7cdda641870f2b88b75a6e5cc,2012-11-16 15:21:14 -0800
cbb09805765294196c611a5d7058fcba4230ef21,2012-11-16 13:54:52 -0800
827da84c8bfbc9af41178954b397a44c3e4c59cb,2012-11-16 13:48:54 -0800
89ed8859e17a211bda95d9b09a96924fbde00670,2012-11-16 13:45:12 -0800
46299c4b384cb0f987e77a0053043e930c4250c8,2012-11-15 17:08:07 -0800
0f5a77991784230cd010a2ce5e7fe337b4d2d516,2012-11-15 17:01:00 -0800
4f1096ee4d60e48b71581282a0601a9e9521e196,2012-11-14 16:36:39 -0800
a7671ec894eb2be3f7d02d17f56d9810a4be111f,2012-11-14 16:28:38 -0800
89b760c8f51017ed423fa1ede82a1facf66c13b1,2012-11-14 16:25:30 -0800
e720ef9b931fbd8fc6a698e2e081cda307e086ac,2012-11-14 16:19:29 -0800
364aa25815902811cfacce03fd32a376aa91c842,2012-11-14 16:19:20 -0800
8a2f7ad376c395fa1bc498a2c395791f0aba3b3c,2012-11-14 11:26:01 -0800
faaf52027c41c08081c72613b3e81fbabac2dded,2012-11-14 11:25:53 -0800
9895d769a39fdfb55b2f246ab9a73a37d7b5aa52,2012-11-14 11:23:36 -0800
1503fb1c855c50c8305b9ca9e2db67ae7bcae370,2012-11-14 11:11:27 -0800
3673d3cfbdc6ce7e01c36dd2fad5db0e96ccc6c1,2012-11-14 10:38:18 -0800
b5a7f1930abd74cc11401664d22dc17593410377,2012-11-14 10:38:01 -0800
61fa7aaa0fff241cd0e1f1fcb21d684757c38295,2012-11-14 10:30:48 -0800
9c00a9c3d938800efad9c2e97743cd7a5169d151,2012-11-14 10:28:17 -0800
7cbd9d7b4e92c7bab7ca44ce289f17f800b528f9,2012-11-14 10:27:37 -0800
a07118715c0d18736d50c850403b966908166d8e,2012-11-14 09:57:11 -0800
70943f749d567aeef7dae3375db1da2502c5a5b7,2012-11-13 19:19:13 -0800
660cfe7f76981ab66ff58633991837bbd6af1b4b,2012-11-13 19:16:53 -0800
1342114621c05dd63418193aec42e37ac9be2176,2012-11-13 19:09:13 -0800
d2534b59f5995ef390f579149d3c2f8023ac87dc,2012-11-13 19:09:02 -0800
bbe06b64177c5f29fb2757567a6a4bc66089c4e0,2012-11-13 18:59:42 -0800
1ac4f36ea893a7379eb79bb14aab6c87a8d9c572,2012-11-13 18:56:40 -0800
78941ef8e7064b6408431a8e0bf0961cd60cf914,2012-11-13 18:48:06 -0800
eaffc438175c1f3b81a96670b21b3d35562301e9,2012-11-13 18:44:40 -0800
ee8ff4fcbab543fc45b7183b2c3561cd11679234,2012-11-13 18:44:04 -0800
78db58159d1f29448d3f2eadbb6a7ce8329abf9d,2012-11-13 18:25:48 -0800
64a435124be559eaedcbaf8304180e8578cfff77,2012-11-13 18:21:46 -0800
a523693def6985d0d01dc2f364bfa085f968f813,2012-11-13 18:12:20 -0800
f5d967ad309af8cf986d39fb0c65c2ff48c39492,2012-11-13 17:55:21 -0800
b913942ec0e0afee752ade365b42fd7b6e07ea41,2012-11-13 17:51:52 -0800
7c3f94861f299aca8545694195f0c4b2fe07b916,2012-11-13 17:46:28 -0800
b0fadedec7304ab6f7e0e633587a64265e8a031e,2012-11-13 17:45:46 -0800
9d38946e9a2f2af05f8c31d102329945544ee663,2012-11-13 17:44:57 -0800
503f5926911415098fc6c98de2641ca06ad1467d,2012-11-13 17:44:39 -0800
34effab9f17f3afaa6519c9f4a6f3539de533bd6,2012-11-13 17:35:30 -0800
863db205ec4009cd8ce65fc3c6d3953113f3a9aa,2012-11-13 17:35:08 -0800
d6965452841a840c78d601061b9e5823ac7eda3e,2012-11-13 17:29:25 -0800
5c2e93071bed39666606b0beb5e814afd344c1ae,2012-11-13 17:29:02 -0800
735515fccdec53652bc3a4c8d459c392f1041f94,2012-11-13 17:08:20 -0800
1047f66a44fcd14b9cd4735092a70133b3bf5db0,2012-11-13 16:52:18 -0800
c128863785397c56e6e8034f57e1fe48b14f5901,2012-11-13 16:36:55 -0800
8af98eb648f136fc9eb9226387688ce9fb326b78,2012-11-13 16:29:37 -0800
99f89b3876d07c14abd4016c59361fbb2b1b2c16,2012-11-13 13:18:47 -0800
c7504b55fa068200d3950d1c45d10a844955d055,2012-11-13 13:04:07 -0800
cc16059534ad8be3be6afc4317f62f82359afd60,2012-11-13 11:09:30 -0800
454e0a9826a194bc2921b52c0592e836d52b22aa,2012-11-13 11:09:09 -0800
7d980cd92b6143507273ba0a26ddc07c50f34de1,2012-11-13 11:09:02 -0800
2e8cf269c94fa7be496249a310a6892fac6fbc43,2012-11-13 11:08:45 -0800
5163c3125f426b1927dfcb9efdaad01ef216a23d,2012-11-12 14:22:51 -0800
3eb9dc5dfb0629b71e3edd1db941fcb747a1027d,2012-11-12 14:12:18 -0800
edd13ef2d38b2064a89d1554469d372ba05bf565,2012-11-12 12:22:40 -0800
7186e191e60a726401abb1c1957eeae895b05c38,2012-11-12 11:30:59 -0800
f2e52681eff596368c2a065022a05dc622811f3f,2012-11-09 17:35:04 -0800
22dc88a85df6a6fc1be258375ac39373f151ce0b,2012-11-09 17:14:08 -0800
252bcf0d7aa166bb105a088a521cb17556d2733e,2012-11-09 16:49:45 -0800
d51bac320c95a072392a6d220331b955241a1b57,2012-11-09 16:39:49 -0800
be708c9959fc579ab196c99c42e86e1bfb1b999e,2012-11-09 16:22:43 -0800
69249c39a91e13eec5aaee6f6dc32153dff6dfcc,2012-11-09 15:52:05 -0800
f67ab5c91fc2060eb2f57550e9300cdc010c10ac,2012-11-09 15:51:11 -0800
bcb81db07649409f5c9507c984fe0331be15d297,2012-11-09 15:49:38 -0800
cac5e29d1ecc848ab0ade1b3ed1b07a5b182db36,2012-11-09 15:37:33 -0800
02e57aa3b78eead993fff9a8645156662fcf3162,2012-11-09 15:25:16 -0800
a96468de1f1513bd07d187c45146dbd79f9f685d,2012-11-09 15:23:21 -0800
d3f12781374b6148d12b24fefdf3975c7453c184,2012-11-09 15:00:32 -0800
85dbf02933fcc7fd2834142c8a8d6621d92dfa83,2012-11-09 14:59:59 -0800
39ae56af15f2d002ca3bcef85adbcc2cea3beb4d,2012-11-09 14:48:49 -0800
06ae10e9da5a89f2e55c2442f4906893f8792c73,2012-11-09 14:47:06 -0800
678973e8cbd1e057e772b1c8b5fde749d49abf56,2012-11-09 14:36:34 -0800
534b302bfd5f5bdd38568087de9965b661784a65,2012-11-09 14:36:03 -0800
d9e97a44b3d70e47fc61b94567bc5ca95912638e,2012-11-09 14:31:22 -0800
3eb613bbf6a395521ef5460c4a3e875c52c71dc2,2012-11-08 15:15:02 -0800
95fe4b120a0024064d025fbf7f9ac0cc1b7dfc92,2012-11-08 15:14:20 -0800
4ddef2f8270998ec6d646790040c48a340ad6061,2012-11-06 09:06:38 -0800
d2d5712127d604e773324b0e99076e12857ee7cc,2012-11-05 15:37:06 -0800
994d8ffa87ddecbd83b882967704149aac996c5f,2012-11-05 14:21:31 -0800
02692f2b9dae27939f9c55609f757d371e2f6c3a,2012-11-05 12:32:22 -0800
1b1b4cc1a418ee0cd8bc6bb542597a3123e855d4,2012-11-05 11:38:16 -0800
bb1c74a2dd65e22fd29bd0a0cb48e50901b78217,2012-11-02 17:25:32 -0700
af7afcb988f73738821111ed1ae57050a1165a38,2012-11-02 17:25:12 -0700
6e27f725f74f0ee99c9d3c760f0fd6ce78175758,2012-11-02 14:04:29 -0700
f40c43aa0135507f4c7172f0b290226144f3b149,2012-11-02 13:14:40 -0700
bf0d87672040e85c5d49dff055330ed1dff515d1,2012-11-02 12:34:19 -0700
366c4a4ccacf183fdbdb6db36c221ca7dd238e35,2012-11-02 12:32:53 -0700
fd6560d0c30276666096bfb5164a379a3c9bf43a,2012-11-01 19:56:35 -0700
e5fe4ba329e50bd00a05d566e2e2785d99bd7144,2012-11-01 18:19:03 -0700
1705e3cef6ec404e57ea34e96953d4ec7bdd8d30,2012-11-01 17:22:59 -0700
ef0b37a676c291981ec2358f75a3f38aaca753ec,2012-11-01 17:22:39 -0700
ffeacafff9f7921a5a5b7432f18bb6d040f50246,2012-11-01 17:04:53 -0700
0d96f1bc6ac58e8648f6698fc75c96e506876b1b,2012-11-01 16:58:28 -0700
992263c731ee6aa1635a4d891335af468cecf8a4,2012-11-01 16:57:58 -0700
8da472a0b9ec51f39f54cb284938bd1f077ab9f1,2012-11-01 13:34:25 -0700
60bac04dfa8b90863521fdaf2e2d1c2929f6d192,2012-11-01 13:16:01 -0700
3d361b8a0f8b9634e13ef5cce41216cffd2bba08,2012-11-01 13:09:32 -0700
fba5d88c0bcd0c8bd86b69fa90bdf6e475166fc6,2012-11-01 12:42:41 -0700
753e5e0269de659574e6348cb8d26feb26b31d38,2012-11-01 09:30:21 -0700
dc463b2874c888f7a40051760937a1163291d73e,2012-11-01 09:26:34 -0700
814f807a938f96e5647f89ee19733b04f5a09609,2012-11-01 09:24:14 -0700
b44b8871460b3da40d10da47467862de9217f244,2012-10-31 16:39:28 -0700
a39ec0dc95bf54a9f50ec0508723e5b13f64853e,2012-10-31 16:31:14 -0700
75396b1d0772788fac2fc9b908bd222c092a8d14,2012-10-31 16:31:06 -0700
48d6ca689af97e0f503b7eea1e3a6771a9d8a1ad,2012-10-31 15:51:37 -0700
10270df36db2c1eccc1c478c802d55eec71ad50c,2012-10-31 15:23:24 -0700
efaef594f0bba1cf857125ffb4f9d5bf890a2069,2012-10-31 15:20:11 -0700
03dc776dc9078d1d14518a3266221f6282a979ae,2012-10-31 15:08:35 -0700
018daf54f9397f440947f970412b4d0ec3f0cdf0,2012-10-31 15:05:33 -0700
6f1e18ba79890056d63ac0638eef0c79bc906d7c,2012-10-31 15:01:10 -0700
909130dd32474968861816d7c9f98ceaf89984fd,2012-10-31 13:53:40 -0700
619becd65f79512f9034643325bc1b23e487504f,2012-10-31 13:53:30 -0700
2b9e68be7d4f23da7403d55abd2aa38289455097,2012-10-31 13:28:38 -0700
4f660556a9f5c9d0909db17fb6a1316327172393,2012-10-31 13:22:43 -0700
d07fe8a650b506c95a1f116203083b1c39035627,2012-10-31 13:21:22 -0700
fc1a8f03ef8d54af34a0a1419c087a6e50f6e6a2,2012-10-31 13:13:24 -0700
2704a2329945f0b471d590924549e08f0ca4c4d6,2012-10-31 13:11:37 -0700
6a63efe9c3daaefbbbde44639b1efda967590b32,2012-10-31 12:26:01 -0700
5c66f8c782e908df8f7f3a9b4dfde931cfe62a38,2012-10-31 11:57:33 -0700
0965dde74b84a9545bc504d54fcbf8df608446cb,2012-10-30 21:31:20 -0700
f0c962eaeaba20fbd8aae93d3f987d15abcf3e29,2012-10-30 21:11:54 -0700
a335ee9c7c8460b9cbe9ebdaedc965fec784d123,2012-10-30 16:38:47 -0700
e13fdb559a0700a8a194763403bed912608f2f81,2012-10-30 16:33:50 -0700
4fc917231ece471282cbdc56c2b2b1bfeb1d9ce9,2012-10-30 16:27:54 -0700
a930062835bcd5983b6015ccff6a41d1c2c6691e,2012-10-30 16:18:02 -0700
051941b77a56e29e18b381b7c96c772753903c91,2012-10-30 15:48:23 -0700
9e1137e01864f6b46848171ed06e2aa00c508419,2012-10-30 14:36:27 -0700
2c61c1254e463cc64bc445741f22481b40a3151e,2012-10-30 14:31:20 -0700
020738c9cc9c6e5c139484e0a9c18102124a4c35,2012-10-30 14:04:58 -0700
f4d7baedfaaf236becec4f5cc51beb56d4a120c1,2012-10-30 14:00:50 -0700
87beceabdbab65ac386f2ac1f44c60f1f8798fee,2012-10-30 13:57:43 -0700
5a2c5050a574805ea83f8f38d40099ee7e3db01a,2012-10-30 13:50:09 -0700
d8057a0cc4fbf22a9bb8a7f9bbc4fac61ccc288a,2012-10-30 13:42:38 -0700
e4e2bd2de112daec10b6d3a81328e8bc57d9013e,2012-10-30 13:35:44 -0700
f970c01adb24817940c0cbc6b3e6157e944e0f1e,2012-10-30 13:16:50 -0700
5972dfefdd2cde8fc2947be45322a055c3206e40,2012-10-30 13:07:25 -0700
b76420026ebc50ccb5c2019505000ddb022e45c6,2012-10-30 13:04:37 -0700
fdc344e03a5ea3212b55706de4bcb88ce0ec78ee,2012-10-30 10:59:51 -0700
bf77c3420b5504dfab7165dcae0fee79ef238070,2012-10-30 10:42:49 -0700
abeabe3d709602c2d5add183d8ca279e3f3f1284,2012-10-30 10:42:12 -0700
2093b54d93835a7d25598e53f08596774e5954f8,2012-10-30 10:41:36 -0700
dbeb6af0954eee1a81de5bbfdd7a9a46d33b005f,2012-10-30 09:37:55 -0700
adb4cd0c6c3bb2523124da0a776c4baca07edb9e,2012-10-30 09:37:35 -0700
d6dffffb7b7dff2622e265d088c45575205ef6b6,2012-10-30 09:30:29 -0700
05b4887bdc2615e2198dab9ed7aef864645ea23d,2012-10-29 21:10:35 -0700
92804ede2905b41156185fa2c63899497b2d9f09,2012-10-29 20:57:57 -0700
80fdf26a44db9f472e60a732e606908671a68930,2012-10-29 18:31:25 -0700
4ca35870116ffa9c778418c161413aa7b875a931,2012-10-27 13:23:35 -0700
c888de746c280ccaf5eda0b8bfeca05e677724f1,2012-10-25 19:05:33 -0700
6f224e1cedca965b25f1f090e6e9f32e5de9fd30,2012-10-25 18:19:23 -0700
22cd30784d05195ac7b829adb2b3f597f416144a,2012-10-25 16:49:32 -0700
83aca287e8194cf73d54d296580dfc537dbb6697,2012-10-25 16:35:52 -0700
7e380955aeb772a3250485287d6035a96ed69565,2012-10-25 15:46:35 -0700
18aa2f4880818b7c2927c5a87b3a3bf2cabd4082,2012-10-25 15:46:02 -0700
826bd1aec1239087e2487d12d7ae95a0bfb73946,2012-10-24 21:35:13 -0700
c9720d9b5870c4b31e6554ed4ea9070a5e127858,2012-10-24 17:21:18 -0700
843d9f0859e13b9e3a906fc4b6b1ec05ab3042fb,2012-10-23 16:40:14 -0700
91d46b05472b2b32af58038190f2ddf5a818517f,2012-10-23 13:34:52 -0700
fa39dff6a8455e845aa8775252900b7e70963f24,2012-10-23 11:06:20 -0700
e407abeb1492efb6a42710b2d5f14fdca39818f5,2012-10-23 10:30:43 -0700
7d98285e6ea599f9bc2e93f843bdcce70a292256,2012-10-22 19:19:24 -0700
f069d43c216111ddb228a7b41a7f4bca483bc432,2012-10-22 18:56:09 -0700
eaba3abd6f22ea53e65e23d40b89243dfa058cde,2012-10-22 18:50:04 -0700
dd889c97fe900f46af08ff7dd0fdfcf18e1f98b3,2012-10-22 18:08:55 -0700
92c98d555a0388865e1fbeeed0c22db2a50fa472,2012-10-22 16:42:10 -0700
2fea8a7ca390c87805cc2920de9b7af885f4cd17,2012-10-22 16:07:34 -0700
78b7006d3110f9d5f50b83aa8ac2236470c3890a,2012-10-22 15:26:20 -0700
f68fdd53d7f3dbc1fca0c8a3bba867c556896333,2012-10-22 15:25:37 -0700
efba6557a4b49eef6741de5857bad08dbb8b85c7,2012-10-22 13:44:53 -0700
71408433c7fc4fe789824d2050a7c92c4e430652,2012-10-22 13:42:49 -0700
b7cebae1d2a805bd1c5e3df8f438e5123848bfce,2012-10-22 13:40:19 -0700
7b8cce2ffb73b62274c0f06dc8f06e85813c7513,2012-10-22 13:07:46 -0700
553929a36f7e2da5e1f992ad1ea0978c3cdb80e6,2012-10-22 12:28:56 -0700
382ced1945c5d6b0af217eaa9e4b92954622b9a4,2012-10-22 11:02:19 -0700
8abd1b1dd67f9fa30f3137ac434a4c7889712f8f,2012-10-22 11:00:29 -0700
9e2ac70f4cf39c75a7c0176f82e1041e75fe5ac7,2012-10-22 00:15:58 -0700
46ce92760e1f8d411020e7888e5700cd2951abc9,2012-10-21 23:47:27 -0700
46621ce4d2884eb6cdbade379829d235fe99f522,2012-10-21 23:25:28 -0700
731ff5cb8b85f2fe04fe8fa3639a6b8115f41e6b,2012-10-21 22:58:15 -0700
0e43834840366a204bc5f536f5c25d14e5be9bac,2012-10-21 22:56:55 -0700
7fafa509b53cdc428302a0f5eff07f299af0b0be,2012-10-21 22:18:59 -0700
e319b978461ae541b7e4c7829f7a4ec9c7f6e3cc,2012-10-21 21:38:55 -0700
4c740d85c5b0d0e822552afbb9b29501cb94ed0c,2012-10-21 20:46:29 -0700
4806c9392c492c5fa79aa9695d7f491072e659a8,2012-10-21 18:45:55 -0700
351a22942b619443d7bc697a9acf3926cf10e7bf,2012-10-21 00:50:33 -0700
2f589b22dbc976041aec78be7d1de8c8cb3ff95c,2012-10-20 23:45:52 -0700
ca35f3d2679e2256b881775155c7b85e4d594c4d,2012-10-20 21:14:27 -0700
a1664889637439ff1a415bf6d190a1d05d1cbe7c,2012-10-20 17:21:52 -0700
b68529d33d6a1cd6fc19a6cda66b61f0eeb02202,2012-10-20 16:32:45 -0700
6a45a3323f6164d16ac92556d87b5f477368a681,2012-10-20 16:02:49 -0700
23f8e6c9628222c4df60d03c5908f34c43b59ae0,2012-10-17 10:07:35 -0700
77fe80bba73c381eb3ba80dd3d9c2044081158f0,2012-10-17 09:54:33 -0700
15909c32e156112e877ab86bf33e99a8c78297fc,2012-10-14 11:44:34 -0700
8576cea6eb5d6a9756fbe1e255972cdde47c3258,2012-10-13 13:41:36 -0700
5fc1056d9538ddb16292bb4e35cb8c9327304a45,2012-10-12 12:16:46 -0700
213b120967971af531e6649eb96dd73f60a5b256,2012-10-11 15:49:27 -0700
eaffe3825a42451b414fba438ab284f4581d84e5,2012-10-11 13:27:01 -0700
143db51a77e7fe16a9916c0b17e9ba0f744a5f9a,2012-10-11 13:11:42 -0700
5e9112ec09c466fb8d3c49d0de16499ac8f1d07c,2012-10-11 12:09:17 -0700
7673835d7de1ecbe138076fa025a2d52db5f3997,2012-10-11 10:05:00 -0700
d37aa0cf63aa2d1331ec0e1f2346e0e63643ae18,2012-10-09 16:47:23 -0700
3fe1eb561e28571552aa9f98e4a61206a7874cdc,2012-10-09 12:05:28 -0700
a7d0e1676fa6372aeb9c8497faedf172f249b598,2012-10-09 11:20:06 -0700
c2cfe7907320451b1aa99c55aa887f7aa1fbe8e2,2012-10-09 08:53:28 -0700
0435f15a05118522046e2e3dcb156a8898a29cd5,2012-09-14 11:26:01 -0700
5c444f776e92d66cbee683cd1d6af94f94813f44,2012-09-14 04:06:52 -0700
d8bed77eedd024bd2f352ccdae93ead5e8e77ae1,2012-09-07 14:06:45 -0700
941fb53820652effc8058175a05d640a1135b0b0,2012-09-04 16:05:45 -0700
ceb9794e603d8b391c2ff033f5741261578d9bcd,2012-09-04 14:37:51 -0700
850dcaedfb7b3126e9cdcaf74d1522f16fde0ca1,2012-09-04 11:27:10 -0700
be91bc1dd0fcbf5fe06f93b803d8bce5fdc40dd9,2012-09-02 11:34:07 -0700
56122d0e52edd12dc29a5bfaef7cbd7db307953c,2012-09-02 11:33:27 -0700
47a2421471819fbb38fe74000ff0a3982b78a9a3,2012-08-29 14:28:15 -0700
7c0388faf2553511b68bfdbfdb30740ab6c66fea,2012-08-20 14:20:10 -0700
14fa6168634b0d4d6c0bf163188021876d4a3d9c,2012-08-20 14:17:43 -0700
31ceb4c7adc4cd3bf284d76535f84cc59828212e,2012-08-20 13:36:41 -0700
fde7aad38d57389d61ad4b49c13147a298382472,2012-08-16 11:48:50 -0700
12f8b93a1b1eedacd33562b96b5f1ae2bdf6367f,2012-08-08 10:21:24 -0700
e8153dcb824690b697a025e524df240469a81880,2012-08-01 12:29:17 -0700
b83e8d562d80d6eb0ee11e069968e63cf0ff6ab2,2012-08-01 11:34:44 -0700
eb2c26ee53d2e7f669df3485fc4d84ba91d98275,2012-08-01 09:33:53 -0700
