Project,FromLevel,ToLevel,InputMockCount,OutputMockCount,CCTRReduction,CCTRReductionPerTest,AffectedTestsCCTR,ReductionRatio,ReductionRatio_num,ecdf_x,ecdf_y
ActiveMQ,0,2,2,1,-6,-3.0,24,-25%,-0.25,0.4,-0.25
ActiveMQ,0,1,2,1,0,0.0,11,0%,0.0,1.0,0.0
ActiveMQ,0,2,2,1,-4,-2.0,36,-11%,-0.11,0.8,-0.11
ActiveMQ,0,1,2,1,-14,-7.0,16,-88%,-0.88,0.2,-0.88
ActiveMQ,0,1,2,1,-2,-1.0,14,-14%,-0.14,0.6,-0.14
Ambari,0,1,14,1,-14,-1.0,104,-13%,-0.13,0.3918918918918919,-0.13
Ambari,0,1,2,1,-2,-1.0,10,-20%,-0.2,0.24324324324324326,-0.2
Ambari,0,1,9,1,-27,-3.0,124,-22%,-0.22,0.17567567567567569,-0.22
Ambari,0,1,6,1,-18,-3.0,137,-13%,-0.13,0.40540540540540543,-0.13
Ambari,0,1,2,1,0,0.0,5,0%,0.0,0.918918918918919,0.0
Ambari,0,1,4,1,0,0.0,4,0%,0.0,0.9324324324324325,0.0
Ambari,0,1,3,1,-9,-3.0,45,-20%,-0.2,0.25675675675675674,-0.2
Ambari,0,1,9,1,-27,-3.0,124,-22%,-0.22,0.1891891891891892,-0.22
Ambari,0,1,8,1,-16,-2.0,64,-25%,-0.25,0.14864864864864866,-0.25
Ambari,0,1,2,1,-2,-1.0,132,-2%,-0.02,0.8243243243243243,-0.02
Ambari,0,1,2,1,-6,-3.0,85,-7%,-0.07,0.6081081081081081,-0.07
Ambari,0,2,15,1,-95,-6.333333333,1074,-9%,-0.09,0.5540540540540541,-0.09
Ambari,0,2,8,1,-24,-3.0,230,-10%,-0.1,0.527027027027027,-0.1
Ambari,0,1,4,1,-4,-1.0,121,-3%,-0.03,0.7837837837837838,-0.03
Ambari,0,1,3,1,0,0.0,6,0%,0.0,0.9459459459459459,0.0
Ambari,0,1,2,1,-6,-3.0,34,-18%,-0.18,0.2702702702702703,-0.18
Ambari,0,1,2,1,-6,-3.0,34,-18%,-0.18,0.28378378378378377,-0.18
Ambari,0,1,2,1,-4,-2.0,4,-100%,-1.0,0.013513513513513514,-1.0
Ambari,0,1,2,1,-6,-3.0,85,-7%,-0.07,0.6216216216216216,-0.07
Ambari,0,1,16,1,-82,-5.125,1112,-7%,-0.07,0.6351351351351351,-0.07
Ambari,0,1,2,1,-7,-3.5,116,-6%,-0.06,0.7162162162162162,-0.06
Ambari,0,2,12,1,-84,-7.0,402,-21%,-0.21,0.22972972972972974,-0.21
Ambari,0,2,5,1,-15,-3.0,63,-24%,-0.24,0.16216216216216217,-0.24
Ambari,0,1,2,1,-6,-3.0,85,-7%,-0.07,0.6486486486486487,-0.07
Ambari,0,1,2,1,-6,-3.0,85,-7%,-0.07,0.6621621621621622,-0.07
Ambari,0,1,4,1,0,0.0,15,0%,0.0,0.9594594594594594,0.0
Ambari,0,1,2,1,-2,-1.0,7,-29%,-0.29,0.10810810810810811,-0.29
Ambari,0,1,18,1,-90,-5.0,964,-9%,-0.09,0.5675675675675675,-0.09
Ambari,0,1,5,1,-15,-3.0,326,-5%,-0.05,0.7297297297297297,-0.05
Ambari,0,2,2,1,-8,-4.0,85,-9%,-0.09,0.581081081081081,-0.09
Ambari,0,1,5,1,-5,-1.0,43,-12%,-0.12,0.4189189189189189,-0.12
Ambari,0,2,9,1,-45,-5.0,170,-26%,-0.26,0.12162162162162163,-0.26
Ambari,0,1,2,1,-6,-3.0,9,-67%,-0.67,0.04054054054054054,-0.67
Ambari,0,1,21,1,-21,-1.0,1290,-2%,-0.02,0.8378378378378378,-0.02
Ambari,0,1,4,1,-20,-5.0,40,-50%,-0.5,0.05405405405405406,-0.5
Ambari,0,1,18,1,-18,-1.0,1169,-2%,-0.02,0.8513513513513513,-0.02
Ambari,0,1,8,1,-16,-2.0,62,-26%,-0.26,0.13513513513513514,-0.26
Ambari,0,2,21,1,-155,-7.380952381,1290,-12%,-0.12,0.43243243243243246,-0.12
Ambari,0,1,2,1,0,0.0,2,0%,0.0,0.972972972972973,0.0
Ambari,0,1,5,1,-10,-2.0,388,-3%,-0.03,0.7972972972972973,-0.03
Ambari,0,1,3,1,0,0.0,92,0%,0.0,0.9864864864864865,0.0
Ambari,0,1,2,1,-4,-2.0,24,-17%,-0.17,0.2972972972972973,-0.17
Ambari,0,1,9,1,-9,-1.0,124,-7%,-0.07,0.6756756756756757,-0.07
Ambari,0,1,7,1,-7,-1.0,59,-12%,-0.12,0.44594594594594594,-0.12
Ambari,0,1,8,1,-8,-1.0,68,-12%,-0.12,0.4594594594594595,-0.12
Ambari,0,1,5,1,-5,-1.0,30,-17%,-0.17,0.3108108108108108,-0.17
Ambari,0,1,3,1,-3,-1.0,19,-16%,-0.16,0.32432432432432434,-0.16
Ambari,0,1,2,1,-4,-2.0,49,-8%,-0.08,0.5945945945945946,-0.08
Ambari,0,1,6,1,-6,-1.0,137,-4%,-0.04,0.7567567567567568,-0.04
Ambari,0,1,18,1,-18,-1.0,1053,-2%,-0.02,0.8648648648648649,-0.02
Ambari,0,1,5,1,-11,-2.2,90,-12%,-0.12,0.47297297297297297,-0.12
Ambari,0,1,8,1,-8,-1.0,58,-14%,-0.14,0.33783783783783783,-0.14
Ambari,0,1,6,1,0,0.0,18,0%,0.0,1.0,0.0
Ambari,0,1,2,1,-2,-1.0,14,-14%,-0.14,0.35135135135135137,-0.14
Ambari,0,1,4,1,-8,-2.0,37,-22%,-0.22,0.20270270270270271,-0.22
Ambari,0,1,2,1,-2,-1.0,85,-2%,-0.02,0.8783783783783784,-0.02
Ambari,0,1,17,1,-87,-5.117647059,1169,-7%,-0.07,0.6891891891891891,-0.07
Ambari,0,1,23,1,-69,-3.0,170,-41%,-0.41,0.06756756756756757,-0.41
Ambari,0,2,3,1,-9,-3.0,218,-4%,-0.04,0.7702702702702703,-0.04
Ambari,0,2,4,1,-3,-0.75,226,-1%,-0.01,0.9054054054054054,-0.01
Ambari,0,2,44,1,-44,-1.0,2052,-2%,-0.02,0.8918918918918919,-0.02
Ambari,0,2,24,1,-120,-5.0,1002,-12%,-0.12,0.4864864864864865,-0.12
Ambari,0,2,9,1,-27,-3.0,81,-33%,-0.33,0.08108108108108109,-0.33
Ambari,0,2,15,1,-59,-3.933333333,489,-12%,-0.12,0.5,-0.12
Ambari,0,1,2,1,-22,-11.0,28,-79%,-0.79,0.02702702702702703,-0.79
Ambari,0,1,9,1,-27,-3.0,124,-22%,-0.22,0.21621621621621623,-0.22
Ambari,0,1,3,1,-9,-3.0,29,-31%,-0.31,0.0945945945945946,-0.31
Ambari,0,1,6,1,-6,-1.0,54,-11%,-0.11,0.5135135135135135,-0.11
Ambari,0,2,18,1,-54,-3.0,1053,-5%,-0.05,0.7432432432432432,-0.05
Ambari,0,1,4,1,-4,-1.0,29,-14%,-0.14,0.36486486486486486,-0.14
Ambari,0,1,4,1,-4,-1.0,29,-14%,-0.14,0.3783783783783784,-0.14
Ambari,0,2,9,1,-40,-4.444444444,402,-10%,-0.1,0.5405405405405406,-0.1
Ambari,0,2,7,1,-12,-1.714285714,402,-3%,-0.03,0.8108108108108109,-0.03
Ambari,0,1,2,1,-6,-3.0,85,-7%,-0.07,0.7027027027027027,-0.07
Apex,0,1,2,1,-2,-1.0,4,-50%,-0.5,1.0,-0.5
Archiva,0,1,6,1,-42,-7.0,92,-46%,-0.46,0.5,-0.46
Archiva,0,1,6,1,-18,-3.0,92,-20%,-0.2,1.0,-0.2
Aries,0,2,6,1,-18,-3.0,90,-20%,-0.2,0.4444444444444444,-0.2
Aries,0,2,3,1,-15,-5.0,21,-71%,-0.71,0.022222222222222223,-0.71
Aries,0,2,11,1,-33,-3.0,113,-29%,-0.29,0.17777777777777778,-0.29
Aries,0,2,7,1,-21,-3.0,50,-42%,-0.42,0.08888888888888889,-0.42
Aries,0,2,4,1,-4,-1.0,49,-8%,-0.08,0.6666666666666666,-0.08
Aries,0,2,2,1,-6,-3.0,26,-23%,-0.23,0.28888888888888886,-0.23
Aries,0,2,6,1,-6,-1.0,52,-12%,-0.12,0.6222222222222222,-0.12
Aries,0,1,2,1,-10,-5.0,16,-63%,-0.63,0.044444444444444446,-0.63
Aries,0,1,2,1,-2,-1.0,9,-22%,-0.22,0.3333333333333333,-0.22
Aries,0,1,2,1,-2,-1.0,45,-4%,-0.04,0.8888888888888888,-0.04
Aries,0,1,2,1,-2,-1.0,50,-4%,-0.04,0.9111111111111111,-0.04
Aries,0,1,3,1,-3,-1.0,48,-6%,-0.06,0.7777777777777778,-0.06
Aries,0,1,5,1,-5,-1.0,36,-14%,-0.14,0.5777777777777777,-0.14
Aries,0,1,2,1,-2,-1.0,52,-4%,-0.04,0.9333333333333333,-0.04
Aries,0,2,2,1,-6,-3.0,27,-22%,-0.22,0.35555555555555557,-0.22
Aries,0,1,3,1,-15,-5.0,61,-25%,-0.25,0.2222222222222222,-0.25
Aries,0,1,2,1,-2,-1.0,50,-4%,-0.04,0.9555555555555556,-0.04
Aries,0,1,2,1,-10,-5.0,45,-22%,-0.22,0.37777777777777777,-0.22
Aries,0,2,4,1,-16,-4.0,189,-8%,-0.08,0.6888888888888889,-0.08
Aries,0,2,4,1,-10,-2.5,63,-16%,-0.16,0.5111111111111111,-0.16
Aries,0,1,8,1,-19,-2.375,67,-28%,-0.28,0.2,-0.28
Aries,0,1,3,1,-3,-1.0,50,-6%,-0.06,0.8,-0.06
Aries,0,1,3,1,-3,-1.0,52,-6%,-0.06,0.8222222222222222,-0.06
Aries,0,1,3,1,-3,-1.0,20,-15%,-0.15,0.5333333333333333,-0.15
Aries,0,2,5,1,-5,-1.0,71,-7%,-0.07,0.7333333333333333,-0.07
Aries,0,2,39,1,-43,-1.102564103,698,-6%,-0.06,0.8444444444444444,-0.06
Aries,0,2,16,1,-51,-3.1875,404,-13%,-0.13,0.6,-0.13
Aries,0,2,3,1,-3,-1.0,36,-8%,-0.08,0.7111111111111111,-0.08
Aries,0,2,2,1,-2,-1.0,81,-2%,-0.02,1.0,-0.02
Aries,0,2,3,1,-8,-2.666666667,17,-47%,-0.47,0.06666666666666667,-0.47
Aries,0,2,16,1,-56,-3.5,257,-22%,-0.22,0.4,-0.22
Aries,0,2,2,1,-2,-1.0,27,-7%,-0.07,0.7555555555555555,-0.07
Aries,0,1,7,1,-37,-5.285714286,174,-21%,-0.21,0.4222222222222222,-0.21
Aries,0,2,2,1,-6,-3.0,25,-24%,-0.24,0.24444444444444444,-0.24
Aries,0,2,4,1,-20,-5.0,186,-11%,-0.11,0.6444444444444445,-0.11
Aries,0,1,2,1,-14,-7.0,47,-30%,-0.3,0.15555555555555556,-0.3
Aries,0,1,2,1,-2,-1.0,50,-4%,-0.04,0.9777777777777777,-0.04
Aries,0,2,8,1,-38,-4.75,186,-20%,-0.2,0.4666666666666667,-0.2
Aries,0,2,3,1,-9,-3.0,47,-19%,-0.19,0.4888888888888889,-0.19
Aries,0,1,3,1,-15,-5.0,47,-32%,-0.32,0.13333333333333333,-0.32
Aries,0,1,6,1,-20,-3.333333333,52,-38%,-0.38,0.1111111111111111,-0.38
Aries,0,1,2,1,-6,-3.0,25,-24%,-0.24,0.26666666666666666,-0.24
Aries,0,2,3,1,-15,-5.0,65,-23%,-0.23,0.3111111111111111,-0.23
Aries,0,1,4,1,-12,-3.0,225,-5%,-0.05,0.8666666666666667,-0.05
Aries,0,1,2,1,-6,-3.0,41,-15%,-0.15,0.5555555555555556,-0.15
Avro,0,2,4,1,-12,-3.0,90,-13%,-0.13,0.5,-0.13
Avro,0,1,2,1,-2,-1.0,15,-13%,-0.13,0.75,-0.13
Avro,0,1,3,1,-3,-1.0,30,-10%,-0.1,1.0,-0.1
Avro,0,1,2,1,-12,-6.0,64,-19%,-0.19,0.25,-0.19
Axis2,0,1,3,1,-9,-3.0,28,-32%,-0.32,1.0,-0.32
Beam,0,1,2,1,-2,-1.0,29,-7%,-0.07,0.7695852534562212,-0.07
Beam,0,1,4,1,-12,-3.0,44,-27%,-0.27,0.3271889400921659,-0.27
Beam,0,2,2,1,-2,-1.0,11,-18%,-0.18,0.5207373271889401,-0.18
Beam,0,1,10,1,-30,-3.0,214,-14%,-0.14,0.5852534562211982,-0.14
Beam,0,2,5,1,-15,-3.0,121,-12%,-0.12,0.6451612903225806,-0.12
Beam,0,1,5,1,0,0.0,177,0%,0.0,0.8940092165898618,0.0
Beam,0,1,2,1,-6,-3.0,43,-14%,-0.14,0.5898617511520737,-0.14
Beam,0,2,3,1,-95,-31.66666667,270,-35%,-0.35,0.22580645161290322,-0.35
Beam,0,2,9,1,-30,-3.333333333,122,-25%,-0.25,0.3456221198156682,-0.25
Beam,0,2,3,1,-9,-3.0,56,-16%,-0.16,0.5622119815668203,-0.16
Beam,0,2,14,1,-14,-1.0,145,-10%,-0.1,0.6820276497695853,-0.1
Beam,0,1,3,1,-10,-3.333333333,88,-11%,-0.11,0.6682027649769585,-0.11
Beam,0,1,2,1,-18,-9.0,34,-53%,-0.53,0.12903225806451613,-0.53
Beam,0,1,3,1,0,0.0,26,0%,0.0,0.8986175115207373,0.0
Beam,0,1,2,1,-2,-1.0,9,-22%,-0.22,0.41013824884792627,-0.22
Beam,0,2,3,1,-3,-1.0,31,-10%,-0.1,0.6866359447004609,-0.1
Beam,0,2,3,1,-21,-7.0,91,-23%,-0.23,0.3778801843317972,-0.23
Beam,0,1,2,1,-2,-1.0,27,-7%,-0.07,0.7741935483870968,-0.07
Beam,0,1,2,1,-2,-1.0,8,-25%,-0.25,0.35023041474654376,-0.25
Beam,0,2,4,1,-29,-7.25,50,-58%,-0.58,0.11059907834101383,-0.58
Beam,0,2,2,1,-2,-1.0,17,-12%,-0.12,0.6497695852534562,-0.12
Beam,0,1,2,1,-16,-8.0,98,-16%,-0.16,0.5668202764976958,-0.16
Beam,0,1,3,1,0,0.0,68,0%,0.0,0.9032258064516129,0.0
Beam,0,1,3,1,-3,-1.0,38,-8%,-0.08,0.7327188940092166,-0.08
Beam,0,2,4,1,-12,-3.0,89,-13%,-0.13,0.6267281105990783,-0.13
Beam,0,1,2,1,-2,-1.0,36,-6%,-0.06,0.783410138248848,-0.06
Beam,0,1,3,1,-3,-1.0,14,-21%,-0.21,0.43317972350230416,-0.21
Beam,0,1,6,1,-30,-5.0,96,-31%,-0.31,0.2764976958525346,-0.31
Beam,0,1,5,1,-5,-1.0,37,-14%,-0.14,0.5944700460829493,-0.14
Beam,0,1,2,1,-10,-5.0,26,-38%,-0.38,0.1889400921658986,-0.38
Beam,0,1,3,1,0,0.0,26,0%,0.0,0.9078341013824884,0.0
Beam,0,1,2,1,-6,-3.0,44,-14%,-0.14,0.5990783410138248,-0.14
Beam,0,1,3,1,-6,-2.0,12,-50%,-0.5,0.1382488479262673,-0.5
Beam,0,1,2,1,-4,-2.0,14,-29%,-0.29,0.30414746543778803,-0.29
Beam,0,1,2,1,0,0.0,15,0%,0.0,0.9124423963133641,0.0
Beam,0,1,2,1,-2,-1.0,10,-20%,-0.2,0.4700460829493088,-0.2
Beam,0,1,2,1,-2,-1.0,10,-20%,-0.2,0.47465437788018433,-0.2
Beam,0,2,5,1,-5,-1.0,32,-16%,-0.16,0.5714285714285714,-0.16
Beam,0,1,2,1,-2,-1.0,38,-5%,-0.05,0.8018433179723502,-0.05
Beam,0,1,8,1,-27,-3.375,81,-33%,-0.33,0.23963133640552994,-0.33
Beam,0,1,10,1,-30,-3.0,214,-14%,-0.14,0.6036866359447005,-0.14
Beam,0,1,3,1,-9,-3.0,50,-18%,-0.18,0.5253456221198156,-0.18
Beam,0,1,4,1,-8,-2.0,28,-29%,-0.29,0.3087557603686636,-0.29
Beam,0,1,2,1,-6,-3.0,41,-15%,-0.15,0.5806451612903226,-0.15
Beam,0,2,4,1,-4,-1.0,79,-5%,-0.05,0.8064516129032258,-0.05
Beam,0,1,3,1,0,0.0,30,0%,0.0,0.9170506912442397,0.0
Beam,0,1,4,1,-12,-3.0,87,-14%,-0.14,0.6082949308755761,-0.14
Beam,0,1,4,1,-4,-1.0,18,-22%,-0.22,0.4147465437788018,-0.22
Beam,0,1,5,1,-15,-3.0,71,-21%,-0.21,0.4377880184331797,-0.21
Beam,0,1,3,1,-3,-1.0,14,-21%,-0.21,0.4423963133640553,-0.21
Beam,0,1,2,1,-6,-3.0,36,-17%,-0.17,0.5483870967741935,-0.17
Beam,0,1,3,1,-3,-1.0,84,-4%,-0.04,0.8525345622119815,-0.04
Beam,0,1,3,1,-3,-1.0,8,-38%,-0.38,0.1935483870967742,-0.38
Beam,0,1,2,1,-2,-1.0,22,-9%,-0.09,0.7004608294930875,-0.09
Beam,0,1,2,1,0,0.0,6,0%,0.0,0.9216589861751152,0.0
Beam,0,1,10,1,-32,-3.2,46,-70%,-0.7,0.06912442396313365,-0.7
Beam,0,1,2,1,-2,-1.0,2,-100%,-1.0,0.004608294930875576,-1.0
Beam,0,1,2,1,-2,-1.0,2,-100%,-1.0,0.009216589861751152,-1.0
Beam,0,1,3,1,-9,-3.0,12,-75%,-0.75,0.041474654377880185,-0.75
Beam,0,2,2,1,-6,-3.0,14,-43%,-0.43,0.16129032258064516,-0.43
Beam,0,2,5,1,-15,-3.0,75,-20%,-0.2,0.4792626728110599,-0.2
Beam,0,1,6,1,-18,-3.0,36,-50%,-0.5,0.14285714285714285,-0.5
Beam,0,1,3,1,-12,-4.0,49,-24%,-0.24,0.3640552995391705,-0.24
Beam,0,1,3,1,-12,-4.0,52,-23%,-0.23,0.3824884792626728,-0.23
Beam,0,1,2,1,-9,-4.5,32,-28%,-0.28,0.31797235023041476,-0.28
Beam,0,1,3,1,-9,-3.0,101,-9%,-0.09,0.7050691244239631,-0.09
Beam,0,2,4,1,-12,-3.0,263,-5%,-0.05,0.8110599078341014,-0.05
Beam,0,2,6,1,-6,-1.0,75,-8%,-0.08,0.7373271889400922,-0.08
Beam,0,2,8,1,-40,-5.0,306,-13%,-0.13,0.631336405529954,-0.13
Beam,0,1,16,1,-48,-3.0,64,-75%,-0.75,0.04608294930875576,-0.75
Beam,0,1,12,1,-36,-3.0,60,-60%,-0.6,0.10138248847926268,-0.6
Beam,0,1,5,1,-25,-5.0,35,-71%,-0.71,0.06451612903225806,-0.71
Beam,0,2,5,1,-5,-1.0,92,-5%,-0.05,0.815668202764977,-0.05
Beam,0,1,3,1,-9,-3.0,32,-28%,-0.28,0.3225806451612903,-0.28
Beam,0,1,6,1,-18,-3.0,48,-38%,-0.38,0.19815668202764977,-0.38
Beam,0,2,10,1,-30,-3.0,145,-21%,-0.21,0.4470046082949309,-0.21
Beam,0,2,3,1,-3,-1.0,44,-7%,-0.07,0.7788018433179723,-0.07
Beam,0,1,10,1,-10,-1.0,15,-67%,-0.67,0.07834101382488479,-0.67
Beam,0,1,6,1,0,0.0,20,0%,0.0,0.9262672811059908,0.0
Beam,0,1,10,1,0,0.0,131,0%,0.0,0.9308755760368663,0.0
Beam,0,1,2,1,0,0.0,30,0%,0.0,0.9354838709677419,0.0
Beam,0,1,9,1,-18,-2.0,45,-40%,-0.4,0.17050691244239632,-0.4
Beam,0,1,15,1,-45,-3.0,231,-19%,-0.19,0.511520737327189,-0.19
Beam,0,1,10,1,-30,-3.0,100,-30%,-0.3,0.28110599078341014,-0.3
Beam,0,1,2,1,-2,-1.0,6,-33%,-0.33,0.24423963133640553,-0.33
Beam,0,2,11,1,-55,-5.0,172,-32%,-0.32,0.2672811059907834,-0.32
Beam,0,1,3,1,-21,-7.0,82,-26%,-0.26,0.33640552995391704,-0.26
Beam,0,1,2,1,-6,-3.0,44,-14%,-0.14,0.6129032258064516,-0.14
Beam,0,1,11,1,-33,-3.0,96,-34%,-0.34,0.2304147465437788,-0.34
Beam,0,2,2,1,-6,-3.0,15,-40%,-0.4,0.17511520737327188,-0.4
Beam,0,1,8,1,-8,-1.0,184,-4%,-0.04,0.8571428571428571,-0.04
Beam,0,1,4,1,-4,-1.0,23,-17%,-0.17,0.5529953917050692,-0.17
Beam,0,1,2,1,-2,-1.0,10,-20%,-0.2,0.4838709677419355,-0.2
Beam,0,1,5,1,-15,-3.0,71,-21%,-0.21,0.45161290322580644,-0.21
Beam,0,1,8,1,-8,-1.0,306,-3%,-0.03,0.8617511520737328,-0.03
Beam,0,2,4,1,-23,-5.75,32,-72%,-0.72,0.059907834101382486,-0.72
Beam,0,2,2,1,-2,-1.0,10,-20%,-0.2,0.48847926267281105,-0.2
Beam,0,1,2,1,0,0.0,10,0%,0.0,0.9400921658986175,0.0
Beam,0,1,3,1,-9,-3.0,24,-38%,-0.38,0.20276497695852536,-0.38
Beam,0,2,10,1,-32,-3.2,148,-22%,-0.22,0.41935483870967744,-0.22
Beam,0,2,5,1,-5,-1.0,83,-6%,-0.06,0.7880184331797235,-0.06
Beam,0,2,6,1,-18,-3.0,101,-18%,-0.18,0.5299539170506913,-0.18
Beam,0,1,2,1,-6,-3.0,30,-20%,-0.2,0.4930875576036866,-0.2
Beam,0,1,3,1,-3,-1.0,61,-5%,-0.05,0.8202764976958525,-0.05
Beam,0,1,3,1,-3,-1.0,101,-3%,-0.03,0.8663594470046083,-0.03
Beam,0,1,2,1,-2,-1.0,2,-100%,-1.0,0.013824884792626729,-1.0
Beam,0,1,3,1,-3,-1.0,38,-8%,-0.08,0.7419354838709677,-0.08
Beam,0,1,9,1,-9,-1.0,177,-5%,-0.05,0.8248847926267281,-0.05
Beam,0,1,2,1,-4,-2.0,5,-80%,-0.8,0.03686635944700461,-0.8
Beam,0,1,2,1,-6,-3.0,9,-67%,-0.67,0.08294930875576037,-0.67
Beam,0,1,3,1,-9,-3.0,31,-29%,-0.29,0.31336405529953915,-0.29
Beam,0,1,2,1,-2,-1.0,6,-33%,-0.33,0.2488479262672811,-0.33
Beam,0,1,11,1,-33,-3.0,148,-22%,-0.22,0.423963133640553,-0.22
Beam,0,1,2,1,-14,-7.0,38,-37%,-0.37,0.2119815668202765,-0.37
Beam,0,1,2,1,-4,-2.0,6,-67%,-0.67,0.08755760368663594,-0.67
Beam,0,2,9,1,-9,-1.0,183,-5%,-0.05,0.8294930875576036,-0.05
Beam,0,2,3,1,-21,-7.0,93,-23%,-0.23,0.3870967741935484,-0.23
Beam,0,1,2,1,-10,-5.0,12,-83%,-0.83,0.03225806451612903,-0.83
Beam,0,1,2,1,0,0.0,56,0%,0.0,0.9447004608294931,0.0
Beam,0,1,2,1,0,0.0,37,0%,0.0,0.9493087557603687,0.0
Beam,0,1,3,1,-3,-1.0,39,-8%,-0.08,0.7465437788018433,-0.08
Beam,0,1,2,1,-4,-2.0,62,-6%,-0.06,0.7926267281105991,-0.06
Beam,0,1,5,1,0,0.0,52,0%,0.0,0.9539170506912442,0.0
Beam,0,1,4,1,-12,-3.0,97,-12%,-0.12,0.6543778801843319,-0.12
Beam,0,1,3,1,-9,-3.0,101,-9%,-0.09,0.7096774193548387,-0.09
Beam,0,1,2,1,-2,-1.0,69,-3%,-0.03,0.8709677419354839,-0.03
Beam,0,1,3,1,-10,-3.333333333,29,-34%,-0.34,0.2350230414746544,-0.34
Beam,0,1,3,1,-10,-3.333333333,75,-13%,-0.13,0.6359447004608295,-0.13
Beam,0,1,3,1,-15,-5.0,61,-25%,-0.25,0.3548387096774194,-0.25
Beam,0,1,2,1,-6,-3.0,43,-14%,-0.14,0.6175115207373272,-0.14
Beam,0,1,2,1,-6,-3.0,7,-86%,-0.86,0.02304147465437788,-0.86
Beam,0,1,7,1,-8,-1.142857143,25,-32%,-0.32,0.271889400921659,-0.32
Beam,0,1,3,1,0,0.0,9,0%,0.0,0.9585253456221198,0.0
Beam,0,2,3,1,-15,-5.0,79,-19%,-0.19,0.5161290322580645,-0.19
Beam,0,1,3,1,-3,-1.0,50,-6%,-0.06,0.7972350230414746,-0.06
Beam,0,1,2,1,-7,-3.5,19,-37%,-0.37,0.21658986175115208,-0.37
Beam,0,1,3,1,-3,-1.0,9,-33%,-0.33,0.2534562211981567,-0.33
Beam,0,1,3,1,-9,-3.0,30,-30%,-0.3,0.2857142857142857,-0.3
Beam,0,1,2,1,-6,-3.0,8,-75%,-0.75,0.05069124423963134,-0.75
Beam,0,1,13,1,-39,-3.0,187,-21%,-0.21,0.45622119815668205,-0.21
Beam,0,1,6,1,-12,-2.0,18,-67%,-0.67,0.09216589861751152,-0.67
Beam,0,1,4,1,-3,-0.75,39,-8%,-0.08,0.7511520737327189,-0.08
Beam,0,1,10,1,0,0.0,26,0%,0.0,0.9631336405529954,0.0
Beam,0,2,2,1,-2,-1.0,17,-12%,-0.12,0.6589861751152074,-0.12
Beam,0,1,3,1,-9,-3.0,43,-21%,-0.21,0.4608294930875576,-0.21
Beam,0,1,2,1,-10,-5.0,56,-18%,-0.18,0.5345622119815668,-0.18
Beam,0,1,11,1,-11,-1.0,121,-9%,-0.09,0.7142857142857143,-0.09
Beam,0,2,4,1,-28,-7.0,93,-30%,-0.3,0.2903225806451613,-0.3
Beam,0,1,4,1,-4,-1.0,87,-5%,-0.05,0.8341013824884793,-0.05
Beam,0,1,2,1,-6,-3.0,7,-86%,-0.86,0.027649769585253458,-0.86
Beam,0,1,12,1,-36,-3.0,178,-20%,-0.2,0.4976958525345622,-0.2
Beam,0,1,2,1,0,0.0,10,0%,0.0,0.967741935483871,0.0
Beam,0,1,3,1,-22,-7.333333333,101,-22%,-0.22,0.42857142857142855,-0.22
Beam,0,1,2,1,-6,-3.0,20,-30%,-0.3,0.29493087557603687,-0.3
Beam,0,1,2,1,0,0.0,14,0%,0.0,0.9723502304147466,0.0
Beam,0,2,3,1,-9,-3.0,55,-16%,-0.16,0.576036866359447,-0.16
Beam,0,1,2,1,-4,-2.0,16,-25%,-0.25,0.35944700460829493,-0.25
Beam,0,2,2,1,-6,-3.0,33,-18%,-0.18,0.5391705069124424,-0.18
Beam,0,1,3,1,-15,-5.0,33,-45%,-0.45,0.15668202764976957,-0.45
Beam,0,1,2,1,-6,-3.0,69,-9%,-0.09,0.7188940092165899,-0.09
Beam,0,1,3,1,-3,-1.0,93,-3%,-0.03,0.8755760368663594,-0.03
Beam,0,1,3,1,-3,-1.0,93,-3%,-0.03,0.880184331797235,-0.03
Beam,0,1,3,1,-3,-1.0,93,-3%,-0.03,0.8847926267281107,-0.03
Beam,0,1,2,1,0,0.0,1,0%,0.0,0.9769585253456221,0.0
Beam,0,1,2,1,-8,-4.0,35,-23%,-0.23,0.391705069124424,-0.23
Beam,0,1,2,1,-6,-3.0,6,-100%,-1.0,0.018433179723502304,-1.0
Beam,0,2,13,1,-32,-2.461538462,53,-60%,-0.6,0.10599078341013825,-0.6
Beam,0,1,2,1,0,0.0,6,0%,0.0,0.9815668202764977,0.0
Beam,0,1,6,1,-6,-1.0,48,-13%,-0.13,0.6405529953917051,-0.13
Beam,0,1,8,1,-25,-3.125,126,-20%,-0.2,0.5023041474654378,-0.2
Beam,0,1,3,1,-3,-1.0,36,-8%,-0.08,0.7557603686635944,-0.08
Beam,0,1,2,1,-6,-3.0,11,-55%,-0.55,0.12442396313364056,-0.55
Beam,0,2,2,1,-5,-2.5,13,-38%,-0.38,0.2073732718894009,-0.38
Beam,0,1,3,1,-9,-3.0,12,-75%,-0.75,0.055299539170506916,-0.75
Beam,0,1,6,1,-18,-3.0,36,-50%,-0.5,0.14746543778801843,-0.5
Beam,0,2,24,1,-76,-3.166666667,316,-24%,-0.24,0.3686635944700461,-0.24
Beam,0,1,8,1,-24,-3.0,39,-62%,-0.62,0.0967741935483871,-0.62
Beam,0,1,2,1,-2,-1.0,38,-5%,-0.05,0.8387096774193549,-0.05
Beam,0,1,3,1,0,0.0,30,0%,0.0,0.9861751152073732,0.0
Beam,0,2,13,1,-91,-7.0,187,-49%,-0.49,0.15207373271889402,-0.49
Beam,0,2,10,1,-50,-5.0,214,-23%,-0.23,0.39631336405529954,-0.23
Beam,0,1,3,1,-6,-2.0,15,-40%,-0.4,0.17972350230414746,-0.4
Beam,0,1,2,1,0,0.0,7,0%,0.0,0.9907834101382489,0.0
Beam,0,1,3,1,-3,-1.0,38,-8%,-0.08,0.7603686635944701,-0.08
Beam,0,1,3,1,-3,-1.0,62,-5%,-0.05,0.8433179723502304,-0.05
Beam,0,1,2,1,-6,-3.0,14,-43%,-0.43,0.16589861751152074,-0.43
Beam,0,1,2,1,-7,-3.5,10,-70%,-0.7,0.07373271889400922,-0.7
Beam,0,2,2,1,-6,-3.0,34,-18%,-0.18,0.543778801843318,-0.18
Beam,0,1,12,1,-12,-1.0,69,-17%,-0.17,0.5576036866359447,-0.17
Beam,0,2,2,1,-4,-2.0,15,-27%,-0.27,0.3317972350230415,-0.27
Beam,0,1,4,1,-12,-3.0,100,-12%,-0.12,0.663594470046083,-0.12
Beam,0,1,2,1,-2,-1.0,6,-33%,-0.33,0.25806451612903225,-0.33
Beam,0,1,3,1,-9,-3.0,39,-23%,-0.23,0.4009216589861751,-0.23
Beam,0,1,8,1,0,0.0,49,0%,0.0,0.9953917050691244,0.0
Beam,0,1,2,1,-6,-3.0,44,-14%,-0.14,0.6221198156682027,-0.14
Beam,0,1,3,1,-9,-3.0,44,-20%,-0.2,0.5069124423963134,-0.2
Beam,0,1,8,1,-24,-3.0,81,-30%,-0.3,0.2995391705069124,-0.3
Beam,0,2,2,1,-2,-1.0,19,-11%,-0.11,0.6728110599078341,-0.11
Beam,0,1,2,1,-2,-1.0,38,-5%,-0.05,0.847926267281106,-0.05
Beam,0,1,8,1,-28,-3.5,268,-10%,-0.1,0.6912442396313364,-0.1
Beam,0,1,9,1,-13,-1.444444444,138,-9%,-0.09,0.7235023041474654,-0.09
Beam,0,1,9,1,-13,-1.444444444,165,-8%,-0.08,0.7649769585253456,-0.08
Beam,0,1,4,1,-4,-1.0,176,-2%,-0.02,0.8894009216589862,-0.02
Beam,0,1,9,1,-25,-2.777777778,47,-53%,-0.53,0.1336405529953917,-0.53
Beam,0,1,3,1,-9,-3.0,84,-11%,-0.11,0.6774193548387096,-0.11
Beam,0,1,2,1,-10,-5.0,18,-56%,-0.56,0.1152073732718894,-0.56
Beam,0,1,2,1,-6,-3.0,23,-26%,-0.26,0.34101382488479265,-0.26
Beam,0,1,3,1,0,0.0,14,0%,0.0,1.0,0.0
Beam,0,1,3,1,-3,-1.0,9,-33%,-0.33,0.2626728110599078,-0.33
Beam,0,1,2,1,-14,-7.0,25,-56%,-0.56,0.11981566820276497,-0.56
Beam,0,1,6,1,-22,-3.666666667,96,-23%,-0.23,0.4055299539170507,-0.23
Beam,0,1,5,1,-35,-7.0,87,-40%,-0.4,0.18433179723502305,-0.4
Beam,0,2,6,1,-18,-3.0,74,-24%,-0.24,0.37327188940092165,-0.24
Beam,0,1,4,1,-20,-5.0,97,-21%,-0.21,0.46543778801843316,-0.21
Beam,0,2,2,1,-4,-2.0,11,-36%,-0.36,0.22119815668202766,-0.36
Beam,0,1,3,1,-9,-3.0,101,-9%,-0.09,0.728110599078341,-0.09
Beam,0,1,2,1,-2,-1.0,20,-10%,-0.1,0.695852534562212,-0.1
BookKeeper,0,2,2,1,-1,-0.5,14,-7%,-0.07,0.8,-0.07
BookKeeper,0,1,2,1,-6,-3.0,22,-27%,-0.27,0.37142857142857144,-0.27
BookKeeper,0,1,2,1,-2,-1.0,10,-20%,-0.2,0.4714285714285714,-0.2
BookKeeper,0,2,2,1,-10,-5.0,12,-83%,-0.83,0.02857142857142857,-0.83
BookKeeper,0,1,3,1,-9,-3.0,33,-27%,-0.27,0.38571428571428573,-0.27
BookKeeper,0,1,2,1,-2,-1.0,12,-17%,-0.17,0.5428571428571428,-0.17
BookKeeper,0,1,2,1,-6,-3.0,28,-21%,-0.21,0.44285714285714284,-0.21
BookKeeper,0,2,2,1,-2,-1.0,14,-14%,-0.14,0.6,-0.14
BookKeeper,0,1,2,1,-10,-5.0,49,-20%,-0.2,0.4857142857142857,-0.2
BookKeeper,0,1,11,1,0,0.0,110,0%,0.0,0.8857142857142857,0.0
BookKeeper,0,1,21,1,0,0.0,267,0%,0.0,0.9,0.0
BookKeeper,0,1,2,1,-6,-3.0,63,-10%,-0.1,0.7,-0.1
BookKeeper,0,1,2,1,-1,-0.5,5,-20%,-0.2,0.5,-0.2
BookKeeper,0,1,5,1,-15,-3.0,25,-60%,-0.6,0.04285714285714286,-0.6
BookKeeper,0,1,3,1,-3,-1.0,16,-19%,-0.19,0.5142857142857142,-0.19
BookKeeper,0,1,3,1,-9,-3.0,33,-27%,-0.27,0.4,-0.27
BookKeeper,0,1,3,1,0,0.0,31,0%,0.0,0.9142857142857143,0.0
BookKeeper,0,1,4,1,0,0.0,37,0%,0.0,0.9285714285714286,0.0
BookKeeper,0,1,2,1,-2,-1.0,15,-13%,-0.13,0.6142857142857143,-0.13
BookKeeper,0,1,10,1,-54,-5.4,144,-38%,-0.38,0.17142857142857143,-0.38
BookKeeper,0,1,6,1,-21,-3.5,93,-23%,-0.23,0.42857142857142855,-0.23
BookKeeper,0,2,3,1,-9,-3.0,23,-39%,-0.39,0.14285714285714285,-0.39
BookKeeper,0,1,2,1,-6,-3.0,7,-86%,-0.86,0.014285714285714285,-0.86
BookKeeper,0,1,7,1,-8,-1.142857143,48,-17%,-0.17,0.5571428571428572,-0.17
BookKeeper,0,1,2,1,-4,-2.0,15,-27%,-0.27,0.4142857142857143,-0.27
BookKeeper,0,1,9,1,0,0.0,102,0%,0.0,0.9428571428571428,0.0
BookKeeper,0,1,6,1,-18,-3.0,51,-35%,-0.35,0.2857142857142857,-0.35
BookKeeper,0,1,2,1,0,0.0,72,0%,0.0,0.9571428571428572,0.0
BookKeeper,0,1,2,1,-2,-1.0,29,-7%,-0.07,0.8142857142857143,-0.07
BookKeeper,0,1,2,1,-6,-3.0,62,-10%,-0.1,0.7142857142857143,-0.1
BookKeeper,0,1,2,1,-2,-1.0,22,-9%,-0.09,0.7285714285714285,-0.09
BookKeeper,0,1,12,1,-24,-2.0,70,-34%,-0.34,0.3,-0.34
BookKeeper,0,1,2,1,-6,-3.0,12,-50%,-0.5,0.11428571428571428,-0.5
BookKeeper,0,1,5,1,-16,-3.2,41,-39%,-0.39,0.15714285714285714,-0.39
BookKeeper,0,1,2,1,-6,-3.0,19,-32%,-0.32,0.34285714285714286,-0.32
BookKeeper,0,1,3,1,-9,-3.0,69,-13%,-0.13,0.6285714285714286,-0.13
BookKeeper,0,1,2,1,-14,-7.0,49,-29%,-0.29,0.35714285714285715,-0.29
BookKeeper,0,1,5,1,-15,-3.0,83,-18%,-0.18,0.5285714285714286,-0.18
BookKeeper,0,1,10,1,-19,-1.9,114,-17%,-0.17,0.5714285714285714,-0.17
BookKeeper,0,1,3,1,-9,-3.0,15,-60%,-0.6,0.05714285714285714,-0.6
BookKeeper,0,1,3,1,-9,-3.0,15,-60%,-0.6,0.07142857142857142,-0.6
BookKeeper,0,1,3,1,-9,-3.0,15,-60%,-0.6,0.08571428571428572,-0.6
BookKeeper,0,1,3,1,-9,-3.0,15,-60%,-0.6,0.1,-0.6
BookKeeper,0,1,2,1,-6,-3.0,16,-38%,-0.38,0.18571428571428572,-0.38
BookKeeper,0,1,2,1,-6,-3.0,16,-38%,-0.38,0.2,-0.38
BookKeeper,0,1,2,1,-6,-3.0,16,-38%,-0.38,0.21428571428571427,-0.38
BookKeeper,0,1,2,1,-6,-3.0,16,-38%,-0.38,0.22857142857142856,-0.38
BookKeeper,0,1,2,1,-6,-3.0,16,-38%,-0.38,0.24285714285714285,-0.38
BookKeeper,0,1,2,1,-6,-3.0,16,-38%,-0.38,0.2571428571428571,-0.38
BookKeeper,0,1,3,1,-3,-1.0,55,-5%,-0.05,0.8571428571428571,-0.05
BookKeeper,0,1,2,1,0,0.0,16,0%,0.0,0.9714285714285714,0.0
BookKeeper,0,1,3,1,-4,-1.333333333,50,-8%,-0.08,0.7571428571428571,-0.08
BookKeeper,0,2,2,1,-2,-1.0,63,-3%,-0.03,0.8714285714285714,-0.03
BookKeeper,0,2,3,1,-9,-3.0,43,-21%,-0.21,0.45714285714285713,-0.21
BookKeeper,0,1,2,1,-2,-1.0,24,-8%,-0.08,0.7714285714285715,-0.08
BookKeeper,0,1,2,1,-2,-1.0,16,-13%,-0.13,0.6428571428571429,-0.13
BookKeeper,0,1,6,1,0,0.0,62,0%,0.0,0.9857142857142858,0.0
BookKeeper,0,1,29,1,0,0.0,344,0%,0.0,1.0,0.0
BookKeeper,0,1,2,1,-2,-1.0,6,-33%,-0.33,0.3142857142857143,-0.33
BookKeeper,0,2,3,1,-3,-1.0,43,-7%,-0.07,0.8285714285714286,-0.07
BookKeeper,0,1,3,1,-3,-1.0,40,-8%,-0.08,0.7857142857142857,-0.08
BookKeeper,0,1,5,1,-5,-1.0,54,-9%,-0.09,0.7428571428571429,-0.09
BookKeeper,0,1,4,1,-4,-1.0,57,-7%,-0.07,0.8428571428571429,-0.07
BookKeeper,0,1,8,1,-7,-0.875,60,-12%,-0.12,0.6571428571428571,-0.12
BookKeeper,0,1,7,1,-21,-3.0,190,-11%,-0.11,0.6714285714285714,-0.11
BookKeeper,0,1,7,1,-7,-1.0,41,-17%,-0.17,0.5857142857142857,-0.17
BookKeeper,0,2,2,1,-6,-3.0,54,-11%,-0.11,0.6857142857142857,-0.11
BookKeeper,0,1,2,1,-2,-1.0,4,-50%,-0.5,0.12857142857142856,-0.5
BookKeeper,0,1,2,1,-4,-2.0,12,-33%,-0.33,0.32857142857142857,-0.33
BookKeeper,0,1,2,1,-18,-9.0,49,-37%,-0.37,0.2714285714285714,-0.37
BVal,0,1,3,1,-6,-2.0,13,-46%,-0.46,1.0,-0.46
Camel,0,2,4,1,-24,-6.0,60,-40%,-0.4,0.3424657534246575,-0.4
Camel,0,1,11,1,0,0.0,21,0%,0.0,0.9726027397260274,0.0
Camel,0,2,88,1,-192,-2.181818182,679,-28%,-0.28,0.6027397260273972,-0.28
Camel,0,2,2,1,-2,-1.0,54,-4%,-0.04,0.958904109589041,-0.04
Camel,0,1,2,1,-2,-1.0,7,-29%,-0.29,0.5616438356164384,-0.29
Camel,0,1,2,1,-2,-1.0,20,-10%,-0.1,0.7945205479452054,-0.1
Camel,0,1,3,1,-3,-1.0,9,-33%,-0.33,0.4931506849315068,-0.33
Camel,0,1,3,1,-9,-3.0,24,-38%,-0.38,0.3972602739726027,-0.38
Camel,0,1,2,1,-6,-3.0,8,-75%,-0.75,0.0547945205479452,-0.75
Camel,0,2,2,1,-4,-2.0,12,-33%,-0.33,0.5068493150684932,-0.33
Camel,0,2,77,1,-167,-2.168831169,732,-23%,-0.23,0.6438356164383562,-0.23
Camel,0,1,2,1,-6,-3.0,14,-43%,-0.43,0.2876712328767123,-0.43
Camel,0,1,2,1,-3,-1.5,4,-75%,-0.75,0.0684931506849315,-0.75
Camel,0,1,2,1,-3,-1.5,7,-43%,-0.43,0.3013698630136986,-0.43
Camel,0,1,2,1,-10,-5.0,20,-50%,-0.5,0.2054794520547945,-0.5
Camel,0,1,3,1,-3,-1.0,6,-50%,-0.5,0.2191780821917808,-0.5
Camel,0,1,2,1,-2,-1.0,10,-20%,-0.2,0.684931506849315,-0.2
Camel,0,1,3,1,-5,-1.666666667,5,-100%,-1.0,0.0136986301369863,-1.0
Camel,0,2,2,1,-6,-3.0,19,-32%,-0.32,0.5342465753424658,-0.32
Camel,0,1,3,1,-9,-3.0,45,-20%,-0.2,0.6986301369863014,-0.2
Camel,0,1,2,1,-14,-7.0,24,-58%,-0.58,0.1643835616438356,-0.58
Camel,0,1,2,1,-6,-3.0,16,-38%,-0.38,0.410958904109589,-0.38
Camel,0,1,2,1,-6,-3.0,16,-38%,-0.38,0.4246575342465753,-0.38
Camel,0,1,3,1,-9,-3.0,20,-45%,-0.45,0.2602739726027397,-0.45
Camel,0,1,3,1,-3,-1.0,59,-5%,-0.05,0.9315068493150684,-0.05
Camel,0,1,2,1,-6,-3.0,21,-29%,-0.29,0.5753424657534246,-0.29
Camel,0,2,2,1,-8,-4.0,41,-20%,-0.2,0.7123287671232876,-0.2
Camel,0,1,3,1,-9,-3.0,24,-38%,-0.38,0.4383561643835616,-0.38
Camel,0,2,3,1,-3,-1.0,34,-9%,-0.09,0.821917808219178,-0.09
Camel,0,1,2,1,-10,-5.0,15,-67%,-0.67,0.0958904109589041,-0.67
Camel,0,2,3,1,-9,-3.0,35,-26%,-0.26,0.6164383561643836,-0.26
Camel,0,1,2,1,-6,-3.0,28,-21%,-0.21,0.6712328767123288,-0.21
Camel,0,1,2,1,-2,-1.0,22,-9%,-0.09,0.8356164383561644,-0.09
Camel,0,1,2,1,-4,-2.0,20,-20%,-0.2,0.726027397260274,-0.2
Camel,0,1,4,1,-4,-1.0,60,-7%,-0.07,0.9041095890410958,-0.07
Camel,0,1,2,1,-2,-1.0,23,-9%,-0.09,0.8493150684931506,-0.09
Camel,0,1,2,1,-23,-11.5,37,-62%,-0.62,0.136986301369863,-0.62
Camel,0,1,2,1,-2,-1.0,42,-5%,-0.05,0.9452054794520548,-0.05
Camel,0,1,3,1,-6,-2.0,9,-67%,-0.67,0.1095890410958904,-0.67
Camel,0,1,2,1,-2,-1.0,24,-8%,-0.08,0.8767123287671232,-0.08
Camel,0,1,2,1,-6,-3.0,20,-30%,-0.3,0.547945205479452,-0.3
Camel,0,1,3,1,-9,-3.0,59,-15%,-0.15,0.7397260273972602,-0.15
Camel,0,1,2,1,-2,-1.0,4,-50%,-0.5,0.2328767123287671,-0.5
Camel,0,1,2,1,-7,-3.5,13,-54%,-0.54,0.1780821917808219,-0.54
Camel,0,1,3,1,-9,-3.0,24,-38%,-0.38,0.4520547945205479,-0.38
Camel,0,1,2,1,-5,-2.5,37,-14%,-0.14,0.7671232876712328,-0.14
Camel,0,1,4,1,-20,-5.0,34,-59%,-0.59,0.1506849315068493,-0.59
Camel,0,2,2,1,-10,-5.0,14,-71%,-0.71,0.0821917808219178,-0.71
Camel,0,2,2,1,-12,-6.0,24,-50%,-0.5,0.2465753424657534,-0.5
Camel,0,1,3,1,-2,-0.666666667,13,-15%,-0.15,0.7534246575342466,-0.15
Camel,0,1,2,1,-10,-5.0,16,-63%,-0.63,0.1232876712328767,-0.63
Camel,0,1,3,1,-3,-1.0,27,-11%,-0.11,0.7808219178082192,-0.11
Camel,0,1,3,1,-23,-7.666666667,45,-51%,-0.51,0.1917808219178082,-0.51
Camel,0,2,2,1,-6,-3.0,15,-40%,-0.4,0.3561643835616438,-0.4
Camel,0,1,3,1,0,0.0,9,0%,0.0,0.9863013698630136,0.0
Camel,0,1,5,1,0,0.0,88,0%,0.0,1.0,0.0
Camel,0,1,3,1,-12,-4.0,27,-44%,-0.44,0.273972602739726,-0.44
Camel,0,2,55,1,-212,-3.854545455,550,-39%,-0.39,0.3835616438356164,-0.39
Camel,0,2,20,1,-14,-0.7,145,-10%,-0.1,0.8082191780821918,-0.1
Camel,0,2,2,1,-6,-3.0,14,-43%,-0.43,0.3150684931506849,-0.43
Camel,0,1,2,1,-2,-1.0,32,-6%,-0.06,0.9178082191780822,-0.06
Camel,0,1,6,1,-42,-7.0,48,-88%,-0.88,0.0410958904109589,-0.88
Camel,0,1,6,1,-42,-7.0,102,-41%,-0.41,0.3287671232876712,-0.41
Camel,0,1,2,1,-2,-1.0,24,-8%,-0.08,0.8904109589041096,-0.08
Camel,0,1,2,1,-3,-1.5,3,-100%,-1.0,0.0273972602739726,-1.0
Camel,0,2,6,1,-30,-5.0,102,-29%,-0.29,0.589041095890411,-0.29
Camel,0,1,2,1,-6,-3.0,24,-25%,-0.25,0.6301369863013698,-0.25
Camel,0,2,2,1,-10,-5.0,29,-34%,-0.34,0.4794520547945205,-0.34
Camel,0,1,2,1,-6,-3.0,16,-38%,-0.38,0.4657534246575342,-0.38
Camel,0,1,2,1,-2,-1.0,5,-40%,-0.4,0.3698630136986301,-0.4
Camel,0,2,2,1,-6,-3.0,26,-23%,-0.23,0.6575342465753424,-0.23
Camel,0,1,3,1,-9,-3.0,27,-33%,-0.33,0.5205479452054794,-0.33
Camel,0,1,5,1,-6,-1.2,64,-9%,-0.09,0.863013698630137,-0.09
Cassandra,0,2,2,1,-5,-2.5,20,-25%,-0.25,0.5142857142857142,-0.25
Cassandra,0,1,2,1,0,0.0,8,0%,0.0,0.9142857142857143,0.0
Cassandra,0,1,2,1,-14,-7.0,14,-100%,-1.0,0.02857142857142857,-1.0
Cassandra,0,1,2,1,-8,-4.0,18,-44%,-0.44,0.22857142857142856,-0.44
Cassandra,0,2,3,1,-14,-4.666666667,56,-25%,-0.25,0.5428571428571428,-0.25
Cassandra,0,1,2,1,-6,-3.0,48,-13%,-0.13,0.7714285714285715,-0.13
Cassandra,0,1,2,1,-6,-3.0,101,-6%,-0.06,0.8285714285714286,-0.06
Cassandra,0,1,4,1,-16,-4.0,94,-17%,-0.17,0.6857142857142857,-0.17
Cassandra,0,1,2,1,-6,-3.0,18,-33%,-0.33,0.3142857142857143,-0.33
Cassandra,0,1,6,1,-12,-2.0,36,-33%,-0.33,0.34285714285714286,-0.33
Cassandra,0,1,8,1,-24,-3.0,94,-26%,-0.26,0.4857142857142857,-0.26
Cassandra,0,2,19,1,-38,-2.0,157,-24%,-0.24,0.5714285714285714,-0.24
Cassandra,0,1,3,1,-6,-2.0,15,-40%,-0.4,0.2857142857142857,-0.4
Cassandra,0,1,2,1,-8,-4.0,16,-50%,-0.5,0.17142857142857143,-0.5
Cassandra,0,2,2,1,-4,-2.0,14,-29%,-0.29,0.42857142857142855,-0.29
Cassandra,0,1,2,1,0,0.0,6,0%,0.0,0.9428571428571428,0.0
Cassandra,0,1,2,1,0,0.0,6,0%,0.0,0.9714285714285714,0.0
Cassandra,0,1,2,1,-16,-8.0,50,-32%,-0.32,0.4,-0.32
Cassandra,0,1,2,1,-10,-5.0,13,-77%,-0.77,0.08571428571428572,-0.77
Cassandra,0,1,3,1,-3,-1.0,11,-27%,-0.27,0.45714285714285713,-0.27
Cassandra,0,1,2,1,-2,-1.0,4,-50%,-0.5,0.2,-0.5
Cassandra,0,1,2,1,0,0.0,6,0%,0.0,1.0,0.0
Cassandra,0,1,2,1,-8,-4.0,10,-80%,-0.8,0.05714285714285714,-0.8
Cassandra,0,1,2,1,-6,-3.0,37,-16%,-0.16,0.7142857142857143,-0.16
Cassandra,0,1,2,1,-6,-3.0,37,-16%,-0.16,0.7428571428571429,-0.16
Cassandra,0,1,4,1,-8,-2.0,24,-33%,-0.33,0.37142857142857144,-0.33
Cassandra,0,1,4,1,-13,-3.25,19,-68%,-0.68,0.11428571428571428,-0.68
Cassandra,0,1,2,1,-8,-4.0,19,-42%,-0.42,0.2571428571428571,-0.42
Cassandra,0,1,2,1,-2,-1.0,31,-6%,-0.06,0.8571428571428571,-0.06
Cassandra,0,2,7,1,-125,-17.85714286,240,-52%,-0.52,0.14285714285714285,-0.52
Cassandra,0,2,2,1,-10,-5.0,45,-22%,-0.22,0.6571428571428571,-0.22
Cassandra,0,2,3,1,-9,-3.0,37,-24%,-0.24,0.6,-0.24
Cassandra,0,1,6,1,-6,-1.0,94,-6%,-0.06,0.8857142857142857,-0.06
Cassandra,0,1,2,1,-6,-3.0,50,-12%,-0.12,0.8,-0.12
Cassandra,0,2,5,1,-15,-3.0,65,-23%,-0.23,0.6285714285714286,-0.23
Causeway,0,1,2,1,-5,-2.5,5,-100%,-1.0,0.25,-1.0
Causeway,0,2,4,1,-12,-3.0,31,-39%,-0.39,0.75,-0.39
Causeway,0,2,2,1,-4,-2.0,15,-27%,-0.27,1.0,-0.27
Causeway,0,2,2,1,-4,-2.0,7,-57%,-0.57,0.5,-0.57
Cayenne,0,2,2,1,-2,-1.0,35,-6%,-0.06,1.0,-0.06
Cayenne,0,1,2,1,-6,-3.0,33,-18%,-0.18,0.8484848484848485,-0.18
Cayenne,0,1,2,1,-14,-7.0,21,-67%,-0.67,0.21212121212121213,-0.67
Cayenne,0,1,2,1,-5,-2.5,5,-100%,-1.0,0.030303030303030304,-1.0
Cayenne,0,1,2,1,-46,-23.0,49,-94%,-0.94,0.09090909090909091,-0.94
Cayenne,0,1,2,1,-26,-13.0,40,-65%,-0.65,0.24242424242424243,-0.65
Cayenne,0,2,5,1,-45,-9.0,95,-47%,-0.47,0.3333333333333333,-0.47
Cayenne,0,1,2,1,-10,-5.0,22,-45%,-0.45,0.36363636363636365,-0.45
Cayenne,0,1,2,1,-2,-1.0,22,-9%,-0.09,0.9393939393939394,-0.09
Cayenne,0,2,5,1,-25,-5.0,95,-26%,-0.26,0.6363636363636364,-0.26
Cayenne,0,1,5,1,-35,-7.0,45,-78%,-0.78,0.12121212121212122,-0.78
Cayenne,0,1,2,1,-22,-11.0,32,-69%,-0.69,0.18181818181818182,-0.69
Cayenne,0,1,4,1,-12,-3.0,44,-27%,-0.27,0.6060606060606061,-0.27
Cayenne,0,2,2,1,-4,-2.0,17,-24%,-0.24,0.7272727272727273,-0.24
Cayenne,0,1,2,1,-10,-5.0,14,-71%,-0.71,0.15151515151515152,-0.71
Cayenne,0,1,8,1,-8,-1.0,32,-25%,-0.25,0.6666666666666666,-0.25
Cayenne,0,1,2,1,-6,-3.0,12,-50%,-0.5,0.30303030303030304,-0.5
Cayenne,0,1,2,1,-6,-3.0,30,-20%,-0.2,0.7878787878787878,-0.2
Cayenne,0,1,2,1,-7,-3.5,7,-100%,-1.0,0.06060606060606061,-1.0
Cayenne,0,1,2,1,-6,-3.0,33,-18%,-0.18,0.8787878787878788,-0.18
Cayenne,0,1,2,1,-2,-1.0,6,-33%,-0.33,0.48484848484848486,-0.33
Cayenne,0,1,2,1,-2,-1.0,9,-22%,-0.22,0.7575757575757576,-0.22
Cayenne,0,1,4,1,-4,-1.0,44,-9%,-0.09,0.9696969696969697,-0.09
Cayenne,0,1,2,1,-6,-3.0,17,-35%,-0.35,0.45454545454545453,-0.35
Cayenne,0,1,2,1,-6,-3.0,20,-30%,-0.3,0.5151515151515151,-0.3
Cayenne,0,1,2,1,-10,-5.0,18,-56%,-0.56,0.2727272727272727,-0.56
Cayenne,0,1,3,1,-3,-1.0,10,-30%,-0.3,0.5454545454545454,-0.3
Cayenne,0,1,2,1,-2,-1.0,8,-25%,-0.25,0.696969696969697,-0.25
Cayenne,0,1,2,1,-6,-3.0,16,-38%,-0.38,0.3939393939393939,-0.38
Cayenne,0,1,3,1,0,0.0,0,,,,
Cayenne,0,1,3,1,-3,-1.0,10,-30%,-0.3,0.5757575757575758,-0.3
Cayenne,0,2,22,1,-47,-2.136363636,126,-37%,-0.37,0.42424242424242425,-0.37
Cayenne,0,1,2,1,-2,-1.0,10,-20%,-0.2,0.8181818181818182,-0.2
Cayenne,0,1,2,1,-2,-1.0,12,-17%,-0.17,0.9090909090909091,-0.17
CloudStack,0,1,3,1,-9,-3.0,57,-16%,-0.16,0.4298323036187114,-0.16
CloudStack,0,1,2,1,-6,-3.0,50,-12%,-0.12,0.5463371579876434,-0.12
CloudStack,0,1,3,1,-9,-3.0,108,-8%,-0.08,0.6504854368932039,-0.08
CloudStack,0,1,2,1,-6,-3.0,43,-14%,-0.14,0.4836716681376876,-0.14
CloudStack,0,2,3,1,-3,-1.0,52,-6%,-0.06,0.7272727272727273,-0.06
CloudStack,0,1,2,1,-2,-1.0,58,-3%,-0.03,0.8993821712268314,-0.03
CloudStack,0,1,4,1,-4,-1.0,53,-8%,-0.08,0.6513680494263019,-0.08
CloudStack,0,2,3,1,0,0.0,0,,,,
CloudStack,0,1,4,1,-30,-7.5,193,-16%,-0.16,0.43071491615180935,-0.16
CloudStack,0,1,2,1,-6,-3.0,64,-9%,-0.09,0.6213592233009708,-0.09
CloudStack,0,1,2,1,-6,-3.0,28,-21%,-0.21,0.3142100617828773,-0.21
CloudStack,0,1,2,1,-18,-9.0,63,-29%,-0.29,0.2003530450132392,-0.29
CloudStack,0,2,3,1,-3,-1.0,106,-3%,-0.03,0.9002647837599294,-0.03
CloudStack,0,1,10,1,0,0.0,86,0%,0.0,0.9849955869373345,0.0
CloudStack,0,1,2,1,-6,-3.0,129,-5%,-0.05,0.7740511915269197,-0.05
CloudStack,0,1,3,1,-3,-1.0,36,-8%,-0.08,0.6522506619593998,-0.08
CloudStack,0,1,3,1,-3,-1.0,108,-3%,-0.03,0.9011473962930273,-0.03
CloudStack,0,1,2,1,-2,-1.0,36,-6%,-0.06,0.7281553398058253,-0.06
CloudStack,0,1,4,1,-12,-3.0,39,-31%,-0.31,0.18358340688437777,-0.31
CloudStack,0,2,3,1,-9,-3.0,199,-5%,-0.05,0.7749338040600177,-0.05
CloudStack,0,2,3,1,-9,-3.0,97,-9%,-0.09,0.6222418358340689,-0.09
CloudStack,0,1,2,1,-10,-5.0,24,-42%,-0.42,0.10326566637246248,-0.42
CloudStack,0,1,4,1,-10,-2.5,193,-5%,-0.05,0.7758164165931156,-0.05
CloudStack,0,1,3,1,-9,-3.0,38,-24%,-0.24,0.26831421006178285,-0.24
CloudStack,0,1,4,1,-12,-3.0,200,-6%,-0.06,0.7290379523389232,-0.06
CloudStack,0,1,2,1,-2,-1.0,13,-15%,-0.15,0.4501323918799647,-0.15
CloudStack,0,1,2,1,-2,-1.0,13,-15%,-0.15,0.4510150044130627,-0.15
CloudStack,0,1,2,1,-2,-1.0,13,-15%,-0.15,0.45189761694616065,-0.15
CloudStack,0,1,2,1,-2,-1.0,13,-15%,-0.15,0.4527802294792586,-0.15
CloudStack,0,1,2,1,-2,-1.0,13,-15%,-0.15,0.45366284201235657,-0.15
CloudStack,0,1,2,1,-2,-1.0,13,-15%,-0.15,0.45454545454545453,-0.15
CloudStack,0,1,2,1,-2,-1.0,13,-15%,-0.15,0.4554280670785525,-0.15
CloudStack,0,1,2,1,-2,-1.0,13,-15%,-0.15,0.4563106796116505,-0.15
CloudStack,0,1,2,1,-2,-1.0,13,-15%,-0.15,0.45719329214474846,-0.15
CloudStack,0,1,2,1,-2,-1.0,13,-15%,-0.15,0.4580759046778464,-0.15
CloudStack,0,1,2,1,-2,-1.0,13,-15%,-0.15,0.4589585172109444,-0.15
CloudStack,0,1,2,1,-2,-1.0,13,-15%,-0.15,0.45984112974404234,-0.15
CloudStack,0,1,2,1,-2,-1.0,13,-15%,-0.15,0.46072374227714036,-0.15
CloudStack,0,2,3,1,-9,-3.0,29,-31%,-0.31,0.18446601941747573,-0.31
CloudStack,0,1,3,1,-6,-2.0,21,-29%,-0.29,0.20123565754633715,-0.29
CloudStack,0,2,2,1,-2,-1.0,22,-9%,-0.09,0.6231244483671668,-0.09
CloudStack,0,1,2,1,-6,-3.0,26,-23%,-0.23,0.27890556045895853,-0.23
CloudStack,0,2,3,1,-15,-5.0,133,-11%,-0.11,0.5675198587819947,-0.11
CloudStack,0,2,5,1,-15,-3.0,106,-14%,-0.14,0.48455428067078554,-0.14
CloudStack,0,1,3,1,-3,-1.0,12,-25%,-0.25,0.25507502206531335,-0.25
CloudStack,0,1,2,1,-10,-5.0,26,-38%,-0.38,0.1262135922330097,-0.38
CloudStack,0,2,6,1,-66,-11.0,136,-49%,-0.49,0.06884377758164166,-0.49
CloudStack,0,1,4,1,-12,-3.0,24,-50%,-0.5,0.05472197705207414,-0.5
CloudStack,0,1,2,1,-6,-3.0,27,-22%,-0.22,0.2992056487202118,-0.22
CloudStack,0,2,2,1,-6,-3.0,21,-29%,-0.29,0.20211827007943514,-0.29
CloudStack,0,1,2,1,-2,-1.0,14,-14%,-0.14,0.4854368932038835,-0.14
CloudStack,0,2,3,1,-9,-3.0,26,-35%,-0.35,0.14210061782877317,-0.35
CloudStack,0,1,2,1,-6,-3.0,71,-8%,-0.08,0.6531332744924978,-0.08
CloudStack,0,1,2,1,0,0.0,0,,,,
CloudStack,0,1,2,1,-6,-3.0,31,-19%,-0.19,0.36187113857016767,-0.19
CloudStack,0,1,2,1,-2,-1.0,31,-6%,-0.06,0.7299205648720212,-0.06
CloudStack,0,1,3,1,-15,-5.0,31,-48%,-0.48,0.06972639011473963,-0.48
CloudStack,0,1,5,1,-26,-5.2,122,-21%,-0.21,0.31509267431597526,-0.21
CloudStack,0,1,4,1,-4,-1.0,74,-5%,-0.05,0.7766990291262136,-0.05
CloudStack,0,2,6,1,-18,-3.0,171,-11%,-0.11,0.5684024713150927,-0.11
CloudStack,0,2,5,1,-15,-3.0,78,-19%,-0.19,0.3627537511032657,-0.19
CloudStack,0,1,2,1,-6,-3.0,18,-33%,-0.33,0.15445719329214475,-0.33
CloudStack,0,1,4,1,-12,-3.0,124,-10%,-0.1,0.5913503971756399,-0.1
CloudStack,0,2,2,1,-6,-3.0,12,-50%,-0.5,0.05560458958517211,-0.5
CloudStack,0,1,6,1,-6,-1.0,29,-21%,-0.21,0.3159752868490733,-0.21
CloudStack,0,2,2,1,-6,-3.0,36,-17%,-0.17,0.4077669902912621,-0.17
CloudStack,0,1,4,1,-12,-3.0,36,-33%,-0.33,0.1553398058252427,-0.33
CloudStack,0,1,2,1,-6,-3.0,40,-15%,-0.15,0.4616063548102383,-0.15
CloudStack,0,2,2,1,-22,-11.0,68,-32%,-0.32,0.17299205648720212,-0.32
CloudStack,0,1,2,1,-6,-3.0,81,-7%,-0.07,0.6884377758164166,-0.07
CloudStack,0,1,10,1,-10,-1.0,130,-8%,-0.08,0.6540158870255958,-0.08
CloudStack,0,1,4,1,-12,-3.0,49,-24%,-0.24,0.26919682259488087,-0.24
CloudStack,0,2,2,1,-6,-3.0,34,-18%,-0.18,0.3901147396293027,-0.18
CloudStack,0,2,12,1,-12,-1.0,169,-7%,-0.07,0.6893203883495146,-0.07
CloudStack,0,2,2,1,-2,-1.0,23,-9%,-0.09,0.6240070609002648,-0.09
CloudStack,0,2,2,1,-6,-3.0,59,-10%,-0.1,0.5922330097087378,-0.1
CloudStack,0,1,2,1,-2,-1.0,26,-8%,-0.08,0.6548984995586937,-0.08
CloudStack,0,1,5,1,-15,-3.0,221,-7%,-0.07,0.6902030008826125,-0.07
CloudStack,0,1,2,1,-2,-1.0,16,-13%,-0.13,0.5154457193292145,-0.13
CloudStack,0,1,2,1,-6,-3.0,7,-86%,-0.86,0.00529567519858782,-0.86
CloudStack,0,1,3,1,-15,-5.0,45,-33%,-0.33,0.1562224183583407,-0.33
CloudStack,0,2,12,1,-36,-3.0,285,-13%,-0.13,0.5163283318623124,-0.13
CloudStack,0,1,3,1,-3,-1.0,66,-5%,-0.05,0.7775816416593115,-0.05
CloudStack,0,2,3,1,-3,-1.0,60,-5%,-0.05,0.7784642541924095,-0.05
CloudStack,0,1,2,1,-6,-3.0,21,-29%,-0.29,0.2030008826125331,-0.29
CloudStack,0,1,2,1,-2,-1.0,21,-10%,-0.1,0.5931156222418358,-0.1
CloudStack,0,1,2,1,-2,-1.0,16,-13%,-0.13,0.5172109443954104,-0.13
CloudStack,0,1,3,1,-3,-1.0,7,-43%,-0.43,0.09179170344218888,-0.43
CloudStack,0,1,4,1,-12,-3.0,72,-17%,-0.17,0.4086496028243601,-0.17
CloudStack,0,1,2,1,0,0.0,0,,,,
CloudStack,0,1,2,1,-2,-1.0,4,-50%,-0.5,0.05648720211827008,-0.5
CloudStack,0,1,5,1,-5,-1.0,79,-6%,-0.06,0.7308031774051191,-0.06
CloudStack,0,1,5,1,-5,-1.0,73,-7%,-0.07,0.6910856134157105,-0.07
CloudStack,0,1,2,1,-6,-3.0,14,-43%,-0.43,0.09267431597528684,-0.43
CloudStack,0,2,4,1,-7,-1.75,25,-28%,-0.28,0.21977052074139453,-0.28
CloudStack,0,1,2,1,-8,-4.0,25,-32%,-0.32,0.17387466902030008,-0.32
CloudStack,0,2,18,1,-56,-3.111111111,183,-31%,-0.31,0.1853486319505737,-0.31
CloudStack,0,2,5,1,-13,-2.6,75,-17%,-0.17,0.4095322153574581,-0.17
CloudStack,0,2,3,1,-9,-3.0,50,-18%,-0.18,0.3909973521624007,-0.18
CloudStack,0,2,6,1,-6,-1.0,34,-18%,-0.18,0.3918799646954987,-0.18
CloudStack,0,1,3,1,-3,-1.0,48,-6%,-0.06,0.7316857899382171,-0.06
CloudStack,0,1,2,1,-2,-1.0,170,-1%,-0.01,0.9796999117387467,-0.01
CloudStack,0,2,3,1,-21,-7.0,35,-60%,-0.6,0.03000882612533098,-0.6
CloudStack,0,2,6,1,-18,-3.0,87,-21%,-0.21,0.31685789938217124,-0.21
CloudStack,0,2,2,1,-6,-3.0,12,-50%,-0.5,0.05736981465136805,-0.5
CloudStack,0,1,2,1,-2,-1.0,42,-5%,-0.05,0.7793468667255075,-0.05
CloudStack,0,2,2,1,-6,-3.0,36,-17%,-0.17,0.41041482789055606,-0.17
CloudStack,0,1,2,1,-2,-1.0,6,-33%,-0.33,0.15710503089143865,-0.33
CloudStack,0,1,3,1,-9,-3.0,20,-45%,-0.45,0.0820829655781112,-0.45
CloudStack,0,1,3,1,0,0.0,0,,,,
CloudStack,0,2,4,1,-4,-1.0,163,-2%,-0.02,0.9452780229479258,-0.02
CloudStack,0,1,2,1,-2,-1.0,29,-7%,-0.07,0.6919682259488085,-0.07
CloudStack,0,2,13,1,-39,-3.0,251,-16%,-0.16,0.4315975286849073,-0.16
CloudStack,0,2,6,1,-6,-1.0,141,-4%,-0.04,0.8508384819064431,-0.04
CloudStack,0,1,2,1,-2,-1.0,33,-6%,-0.06,0.732568402471315,-0.06
CloudStack,0,1,4,1,-12,-3.0,63,-19%,-0.19,0.36363636363636365,-0.19
CloudStack,0,1,2,1,-6,-3.0,17,-35%,-0.35,0.14298323036187113,-0.35
CloudStack,0,1,4,1,-20,-5.0,47,-43%,-0.43,0.09355692850838482,-0.43
CloudStack,0,1,2,1,0,0.0,0,,,,
CloudStack,0,1,2,1,-6,-3.0,116,-5%,-0.05,0.7802294792586054,-0.05
CloudStack,0,1,2,1,-2,-1.0,78,-3%,-0.03,0.9020300088261254,-0.03
CloudStack,0,1,3,1,-9,-3.0,112,-8%,-0.08,0.6557811120917917,-0.08
CloudStack,0,1,2,1,-2,-1.0,20,-10%,-0.1,0.5939982347749339,-0.1
CloudStack,0,1,3,1,-3,-1.0,10,-30%,-0.3,0.1915269196822595,-0.3
CloudStack,0,2,5,1,-5,-1.0,139,-4%,-0.04,0.851721094439541,-0.04
CloudStack,0,2,5,1,-5,-1.0,126,-4%,-0.04,0.852603706972639,-0.04
CloudStack,0,1,5,1,-5,-1.0,75,-7%,-0.07,0.6928508384819064,-0.07
CloudStack,0,2,3,1,-3,-1.0,29,-10%,-0.1,0.5948808473080318,-0.1
CloudStack,0,1,2,1,-2,-1.0,48,-4%,-0.04,0.853486319505737,-0.04
CloudStack,0,1,8,1,-8,-1.0,79,-10%,-0.1,0.5957634598411298,-0.1
CloudStack,0,1,2,1,-10,-5.0,21,-48%,-0.48,0.0706090026478376,-0.48
CloudStack,0,1,2,1,-2,-1.0,12,-17%,-0.17,0.411297440423654,-0.17
CloudStack,0,1,3,1,-39,-13.0,108,-36%,-0.36,0.13857016769638128,-0.36
CloudStack,0,2,3,1,-15,-5.0,66,-23%,-0.23,0.2797881729920565,-0.23
CloudStack,0,2,3,1,-9,-3.0,57,-16%,-0.16,0.4324801412180053,-0.16
CloudStack,0,1,2,1,-2,-1.0,68,-3%,-0.03,0.9029126213592233,-0.03
CloudStack,0,2,15,1,-45,-3.0,676,-7%,-0.07,0.6937334510150044,-0.07
CloudStack,0,1,2,1,-2,-1.0,36,-6%,-0.06,0.733451015004413,-0.06
CloudStack,0,1,3,1,-9,-3.0,47,-19%,-0.19,0.3645189761694616,-0.19
CloudStack,0,2,2,1,-2,-1.0,30,-7%,-0.07,0.6946160635481023,-0.07
CloudStack,0,1,2,1,-2,-1.0,14,-14%,-0.14,0.48631950573698146,-0.14
CloudStack,0,1,2,1,-2,-1.0,144,-1%,-0.01,0.9805825242718447,-0.01
CloudStack,0,1,3,1,-9,-3.0,24,-38%,-0.38,0.12709620476610767,-0.38
CloudStack,0,1,2,1,-6,-3.0,21,-29%,-0.29,0.20388349514563106,-0.29
CloudStack,0,1,2,1,-2,-1.0,105,-2%,-0.02,0.9461606354810238,-0.02
CloudStack,0,1,2,1,-2,-1.0,90,-2%,-0.02,0.9470432480141218,-0.02
CloudStack,0,1,6,1,-6,-1.0,79,-8%,-0.08,0.6566637246248896,-0.08
CloudStack,0,1,3,1,-9,-3.0,73,-12%,-0.12,0.5472197705207414,-0.12
CloudStack,0,1,3,1,-9,-3.0,24,-38%,-0.38,0.12797881729920565,-0.38
CloudStack,0,1,3,1,-27,-9.0,112,-24%,-0.24,0.27007943512797883,-0.24
CloudStack,0,2,18,1,-19,-1.055555556,322,-6%,-0.06,0.7343336275375111,-0.06
CloudStack,0,2,3,1,-9,-3.0,43,-21%,-0.21,0.3177405119152692,-0.21
CloudStack,0,1,2,1,-2,-1.0,15,-13%,-0.13,0.5180935569285083,-0.13
CloudStack,0,1,2,1,-2,-1.0,10,-20%,-0.2,0.3389232127096205,-0.2
CloudStack,0,1,4,1,-4,-1.0,95,-4%,-0.04,0.8543689320388349,-0.04
CloudStack,0,1,3,1,-3,-1.0,61,-5%,-0.05,0.7811120917917035,-0.05
CloudStack,0,1,4,1,-4,-1.0,46,-9%,-0.09,0.6248896734333628,-0.09
CloudStack,0,1,2,1,0,0.0,44,0%,0.0,0.9858781994704324,0.0
CloudStack,0,1,26,1,-78,-3.0,316,-25%,-0.25,0.2559576345984113,-0.25
CloudStack,0,1,5,1,-10,-2.0,82,-12%,-0.12,0.5481023830538394,-0.12
CloudStack,0,1,5,1,-5,-1.0,146,-3%,-0.03,0.9037952338923213,-0.03
CloudStack,0,1,2,1,-6,-3.0,40,-15%,-0.15,0.4624889673433363,-0.15
CloudStack,0,1,2,1,-2,-1.0,81,-2%,-0.02,0.9479258605472197,-0.02
CloudStack,0,2,2,1,-10,-5.0,186,-5%,-0.05,0.7819947043248014,-0.05
CloudStack,0,1,2,1,0,0.0,10,0%,0.0,0.9867608120035305,0.0
CloudStack,0,1,2,1,-6,-3.0,36,-17%,-0.17,0.412180052956752,-0.17
CloudStack,0,1,2,1,0,0.0,0,,,,
CloudStack,0,2,2,1,-2,-1.0,37,-5%,-0.05,0.7828773168578994,-0.05
CloudStack,0,1,2,1,-6,-3.0,21,-29%,-0.29,0.20476610767872905,-0.29
CloudStack,0,1,3,1,-3,-1.0,139,-2%,-0.02,0.9488084730803178,-0.02
CloudStack,0,1,5,1,-5,-1.0,193,-3%,-0.03,0.9046778464254193,-0.03
CloudStack,0,2,4,1,-12,-3.0,168,-7%,-0.07,0.6954986760812003,-0.07
CloudStack,0,1,4,1,-4,-1.0,167,-2%,-0.02,0.9496910856134158,-0.02
CloudStack,0,1,2,1,-2,-1.0,9,-22%,-0.22,0.3000882612533098,-0.22
CloudStack,0,1,9,1,-9,-1.0,369,-2%,-0.02,0.9505736981465137,-0.02
CloudStack,0,1,3,1,-9,-3.0,33,-27%,-0.27,0.22506619593998234,-0.27
CloudStack,0,1,2,1,-2,-1.0,45,-4%,-0.04,0.855251544571933,-0.04
CloudStack,0,1,2,1,-2,-1.0,42,-5%,-0.05,0.7837599293909974,-0.05
CloudStack,0,2,2,1,-2,-1.0,82,-2%,-0.02,0.9514563106796117,-0.02
CloudStack,0,1,3,1,-3,-1.0,16,-19%,-0.19,0.36540158870255957,-0.19
CloudStack,0,1,2,1,-6,-3.0,12,-50%,-0.5,0.05825242718446602,-0.5
CloudStack,0,2,4,1,-12,-3.0,86,-14%,-0.14,0.4872021182700794,-0.14
CloudStack,0,1,3,1,-3,-1.0,27,-11%,-0.11,0.5692850838481907,-0.11
CloudStack,0,1,4,1,-12,-3.0,21,-57%,-0.57,0.03971756398940865,-0.57
CloudStack,0,1,5,1,-5,-1.0,128,-4%,-0.04,0.8561341571050309,-0.04
CloudStack,0,1,2,1,-2,-1.0,123,-2%,-0.02,0.9523389232127096,-0.02
CloudStack,0,1,2,1,-2,-1.0,114,-2%,-0.02,0.9532215357458076,-0.02
CloudStack,0,1,2,1,-6,-3.0,18,-33%,-0.33,0.15798764342453664,-0.33
CloudStack,0,1,2,1,-10,-5.0,36,-28%,-0.28,0.22065313327449249,-0.28
CloudStack,0,1,2,1,-10,-5.0,130,-8%,-0.08,0.6575463371579876,-0.08
CloudStack,0,1,2,1,-8,-4.0,43,-19%,-0.19,0.3662842012356575,-0.19
CloudStack,0,2,2,1,-6,-3.0,39,-15%,-0.15,0.46337157987643424,-0.15
CloudStack,0,1,2,1,-6,-3.0,44,-14%,-0.14,0.4880847308031774,-0.14
CloudStack,0,1,3,1,-9,-3.0,53,-17%,-0.17,0.41306266548984993,-0.17
CloudStack,0,1,4,1,-4,-1.0,71,-6%,-0.06,0.735216240070609,-0.06
CloudStack,0,1,2,1,-2,-1.0,26,-8%,-0.08,0.6584289496910856,-0.08
CloudStack,0,1,2,1,-2,-1.0,14,-14%,-0.14,0.4889673433362754,-0.14
CloudStack,0,1,2,1,-2,-1.0,10,-20%,-0.2,0.33980582524271846,-0.2
CloudStack,0,2,3,1,-15,-5.0,65,-23%,-0.23,0.28067078552515445,-0.23
CloudStack,0,2,9,1,-27,-3.0,119,-23%,-0.23,0.2815533980582524,-0.23
CloudStack,0,2,13,1,-39,-3.0,258,-15%,-0.15,0.4642541924095322,-0.15
CloudStack,0,2,2,1,-10,-5.0,64,-16%,-0.16,0.4333627537511033,-0.16
CloudStack,0,2,2,1,-2,-1.0,27,-7%,-0.07,0.6963812886142984,-0.07
CloudStack,0,1,2,1,-6,-3.0,40,-15%,-0.15,0.4651368049426302,-0.15
CloudStack,0,1,2,1,-2,-1.0,40,-5%,-0.05,0.7846425419240953,-0.05
CloudStack,0,2,9,1,-9,-1.0,181,-5%,-0.05,0.7855251544571933,-0.05
CloudStack,0,2,3,1,-8,-2.666666667,56,-14%,-0.14,0.48984995586937335,-0.14
CloudStack,0,1,3,1,-9,-3.0,49,-18%,-0.18,0.39276257722859664,-0.18
CloudStack,0,2,2,1,-2,-1.0,24,-8%,-0.08,0.6593115622241836,-0.08
CloudStack,0,1,2,1,-2,-1.0,170,-1%,-0.01,0.9814651368049426,-0.01
CloudStack,0,1,2,1,-2,-1.0,15,-13%,-0.13,0.5189761694616064,-0.13
CloudStack,0,1,6,1,-14,-2.333333333,42,-33%,-0.33,0.1588702559576346,-0.33
CloudStack,0,1,4,1,-3,-0.75,36,-8%,-0.08,0.6601941747572816,-0.08
CloudStack,0,2,2,1,-10,-5.0,22,-45%,-0.45,0.08296557811120918,-0.45
CloudStack,0,1,2,1,-3,-1.5,8,-38%,-0.38,0.12886142983230361,-0.38
CloudStack,0,1,2,1,-2,-1.0,18,-11%,-0.11,0.5701676963812886,-0.11
CloudStack,0,2,4,1,-20,-5.0,66,-30%,-0.3,0.19240953221535745,-0.3
CloudStack,0,2,2,1,-2,-1.0,64,-3%,-0.03,0.9055604589585172,-0.03
CloudStack,0,1,8,1,-8,-1.0,44,-18%,-0.18,0.3936451897616946,-0.18
CloudStack,0,1,2,1,-2,-1.0,28,-7%,-0.07,0.6972639011473963,-0.07
CloudStack,0,1,2,1,0,0.0,17,0%,0.0,0.9876434245366285,0.0
CloudStack,0,1,2,1,0,0.0,0,,,,
CloudStack,0,2,2,1,-16,-8.0,42,-38%,-0.38,0.1297440423654016,-0.38
CloudStack,0,1,4,1,-4,-1.0,76,-5%,-0.05,0.7864077669902912,-0.05
CloudStack,0,1,4,1,-4,-1.0,76,-5%,-0.05,0.7872903795233892,-0.05
CloudStack,0,2,2,1,-6,-3.0,19,-32%,-0.32,0.17475728155339806,-0.32
CloudStack,0,2,2,1,-6,-3.0,67,-9%,-0.09,0.6257722859664607,-0.09
CloudStack,0,2,29,1,-87,-3.0,385,-23%,-0.23,0.2824360105913504,-0.23
CloudStack,0,1,19,1,-57,-3.0,178,-32%,-0.32,0.17563989408649602,-0.32
CloudStack,0,2,10,1,-30,-3.0,99,-30%,-0.3,0.19329214474845544,-0.3
CloudStack,0,1,2,1,-4,-2.0,28,-14%,-0.14,0.4907325684024713,-0.14
CloudStack,0,2,3,1,-9,-3.0,33,-27%,-0.27,0.22594880847308033,-0.27
CloudStack,0,1,3,1,-3,-1.0,47,-6%,-0.06,0.736098852603707,-0.06
CloudStack,0,1,2,1,-2,-1.0,28,-7%,-0.07,0.6981465136804943,-0.07
CloudStack,0,1,5,1,-5,-1.0,113,-4%,-0.04,0.8570167696381289,-0.04
CloudStack,0,1,4,1,-20,-5.0,180,-11%,-0.11,0.5710503089143866,-0.11
CloudStack,0,2,3,1,-8,-2.666666667,92,-9%,-0.09,0.6266548984995587,-0.09
CloudStack,0,1,2,1,-6,-3.0,65,-9%,-0.09,0.6275375110326566,-0.09
CloudStack,0,1,6,1,-6,-1.0,89,-7%,-0.07,0.6990291262135923,-0.07
CloudStack,0,1,6,1,0,0.0,9,0%,0.0,0.9885260370697264,0.0
CloudStack,0,1,5,1,-5,-1.0,95,-5%,-0.05,0.7881729920564872,-0.05
CloudStack,0,1,2,1,-6,-3.0,29,-21%,-0.21,0.31862312444836716,-0.21
CloudStack,0,2,4,1,-12,-3.0,18,-67%,-0.67,0.019417475728155338,-0.67
CloudStack,0,1,8,1,-23,-2.875,275,-8%,-0.08,0.6610767872903796,-0.08
CloudStack,0,1,2,1,-2,-1.0,10,-20%,-0.2,0.3406884377758164,-0.2
CloudStack,0,1,9,1,-18,-2.0,339,-5%,-0.05,0.7890556045895851,-0.05
CloudStack,0,2,2,1,-2,-1.0,98,-2%,-0.02,0.9541041482789056,-0.02
CloudStack,0,1,2,1,-2,-1.0,114,-2%,-0.02,0.9549867608120035,-0.02
CloudStack,0,1,2,1,-2,-1.0,11,-18%,-0.18,0.39452780229479256,-0.18
CloudStack,0,2,27,1,-57,-2.111111111,246,-23%,-0.23,0.2833186231244484,-0.23
CloudStack,0,2,15,1,-15,-1.0,328,-5%,-0.05,0.7899382171226832,-0.05
CloudStack,0,2,14,1,-42,-3.0,234,-18%,-0.18,0.3954104148278906,-0.18
CloudStack,0,2,4,1,-4,-1.0,44,-9%,-0.09,0.6284201235657546,-0.09
CloudStack,0,2,2,1,-2,-1.0,64,-3%,-0.03,0.9064430714916152,-0.03
CloudStack,0,1,2,1,-2,-1.0,13,-15%,-0.15,0.46601941747572817,-0.15
CloudStack,0,1,8,1,-8,-1.0,67,-12%,-0.12,0.5489849955869374,-0.12
CloudStack,0,1,5,1,-5,-1.0,22,-23%,-0.23,0.28420123565754635,-0.23
CloudStack,0,2,39,1,-39,-1.0,816,-5%,-0.05,0.7908208296557812,-0.05
CloudStack,0,2,22,1,-66,-3.0,355,-19%,-0.19,0.36716681376875554,-0.19
CloudStack,0,2,11,1,-32,-2.909090909,113,-28%,-0.28,0.22153574580759047,-0.28
CloudStack,0,2,3,1,-9,-3.0,403,-2%,-0.02,0.9558693733451015,-0.02
CloudStack,0,2,3,1,-3,-1.0,57,-5%,-0.05,0.7917034421888791,-0.05
CloudStack,0,1,8,1,-8,-1.0,51,-16%,-0.16,0.43424536628420124,-0.16
CloudStack,0,1,2,1,0,0.0,23,0%,0.0,0.9894086496028244,0.0
CloudStack,0,1,9,1,-9,-1.0,48,-19%,-0.19,0.3680494263018535,-0.19
CloudStack,0,1,2,1,-6,-3.0,15,-40%,-0.4,0.1147396293027361,-0.4
CloudStack,0,1,2,1,-2,-1.0,39,-5%,-0.05,0.7925860547219771,-0.05
CloudStack,0,1,2,1,-6,-3.0,170,-4%,-0.04,0.8578993821712269,-0.04
CloudStack,0,1,3,1,-21,-7.0,101,-21%,-0.21,0.3195057369814651,-0.21
CloudStack,0,1,4,1,-12,-3.0,42,-29%,-0.29,0.205648720211827,-0.29
CloudStack,0,1,2,1,-10,-5.0,24,-42%,-0.42,0.10414827890556046,-0.42
CloudStack,0,1,4,1,-12,-3.0,76,-16%,-0.16,0.4351279788172992,-0.16
CloudStack,0,1,26,1,-80,-3.076923077,208,-38%,-0.38,0.13062665489849956,-0.38
CloudStack,0,1,2,1,0,0.0,4,0%,0.0,0.9902912621359223,0.0
CloudStack,0,1,9,1,-9,-1.0,339,-3%,-0.03,0.9073256840247131,-0.03
CloudStack,0,1,2,1,-6,-3.0,24,-25%,-0.25,0.25684024713150927,-0.25
CloudStack,0,2,3,1,-9,-3.0,60,-15%,-0.15,0.46690203000882613,-0.15
CloudStack,0,1,2,1,-6,-3.0,109,-6%,-0.06,0.736981465136805,-0.06
CloudStack,0,2,3,1,-99,-33.0,131,-76%,-0.76,0.01235657546337158,-0.76
CloudStack,0,1,5,1,-35,-7.0,90,-39%,-0.39,0.12180052956751986,-0.39
CloudStack,0,2,2,1,-10,-5.0,49,-20%,-0.2,0.3415710503089144,-0.2
CloudStack,0,1,2,1,-6,-3.0,28,-21%,-0.21,0.32038834951456313,-0.21
CloudStack,0,1,2,1,-2,-1.0,30,-7%,-0.07,0.6999117387466902,-0.07
CloudStack,0,2,62,1,-14,-0.225806452,1117,-1%,-0.01,0.9823477493380406,-0.01
CloudStack,0,1,2,1,-6,-3.0,84,-7%,-0.07,0.7007943512797882,-0.07
CloudStack,0,1,2,1,0,0.0,0,,,,
CloudStack,0,1,4,1,-4,-1.0,195,-2%,-0.02,0.9567519858781994,-0.02
CloudStack,0,2,10,1,-30,-3.0,421,-7%,-0.07,0.7016769638128861,-0.07
CloudStack,0,2,2,1,-2,-1.0,96,-2%,-0.02,0.9576345984112974,-0.02
CloudStack,0,2,2,1,0,0.0,21,0%,0.0,0.9911738746690203,0.0
CloudStack,0,1,4,1,-14,-3.5,36,-39%,-0.39,0.12268314210061783,-0.39
CloudStack,0,1,2,1,-4,-2.0,30,-13%,-0.13,0.5198587819947044,-0.13
CloudStack,0,1,11,1,-33,-3.0,96,-34%,-0.34,0.15092674315975288,-0.34
CloudStack,0,1,2,1,-6,-3.0,18,-33%,-0.33,0.15975286849073256,-0.33
CloudStack,0,1,3,1,-9,-3.0,79,-11%,-0.11,0.5719329214474845,-0.11
CloudStack,0,1,2,1,-2,-1.0,14,-14%,-0.14,0.4916151809355693,-0.14
CloudStack,0,1,3,1,-27,-9.0,58,-47%,-0.47,0.07413945278022947,-0.47
CloudStack,0,2,8,1,-8,-1.0,165,-5%,-0.05,0.793468667255075,-0.05
CloudStack,0,1,2,1,-6,-3.0,78,-8%,-0.08,0.6619593998234775,-0.08
CloudStack,0,1,2,1,-6,-3.0,21,-29%,-0.29,0.20653133274492497,-0.29
CloudStack,0,2,8,1,-40,-5.0,128,-31%,-0.31,0.18623124448367168,-0.31
CloudStack,0,2,4,1,-12,-3.0,128,-9%,-0.09,0.6293027360988526,-0.09
CloudStack,0,2,13,1,-21,-1.615384615,211,-10%,-0.1,0.5966460723742277,-0.1
CloudStack,0,2,3,1,-9,-3.0,39,-23%,-0.23,0.2850838481906443,-0.23
CloudStack,0,1,4,1,-4,-1.0,68,-6%,-0.06,0.7378640776699029,-0.06
CloudStack,0,1,4,1,-4,-1.0,29,-14%,-0.14,0.49249779346866723,-0.14
CloudStack,0,1,2,1,-6,-3.0,40,-15%,-0.15,0.4677846425419241,-0.15
CloudStack,0,1,2,1,-10,-5.0,56,-18%,-0.18,0.39629302736098854,-0.18
CloudStack,0,1,5,1,-20,-4.0,63,-32%,-0.32,0.176522506619594,-0.32
CloudStack,0,2,57,1,-56,-0.98245614,1039,-5%,-0.05,0.794351279788173,-0.05
CloudStack,0,2,7,1,-7,-1.0,137,-5%,-0.05,0.795233892321271,-0.05
CloudStack,0,2,2,1,-2,-1.0,37,-5%,-0.05,0.7961165048543689,-0.05
CloudStack,0,1,2,1,-2,-1.0,8,-25%,-0.25,0.25772285966460723,-0.25
CloudStack,0,1,9,1,-21,-2.333333333,550,-4%,-0.04,0.8587819947043248,-0.04
CloudStack,0,2,7,1,-21,-3.0,228,-9%,-0.09,0.6301853486319505,-0.09
CloudStack,0,1,3,1,-9,-3.0,76,-12%,-0.12,0.5498676081200353,-0.12
CloudStack,0,1,3,1,-9,-3.0,76,-12%,-0.12,0.5507502206531333,-0.12
CloudStack,0,1,2,1,-2,-1.0,34,-6%,-0.06,0.7387466902030009,-0.06
CloudStack,0,1,2,1,-2,-1.0,10,-20%,-0.2,0.34245366284201234,-0.2
CloudStack,0,1,2,1,-2,-1.0,29,-7%,-0.07,0.7025595763459841,-0.07
CloudStack,0,1,3,1,-3,-1.0,76,-4%,-0.04,0.8596646072374228,-0.04
CloudStack,0,1,3,1,-15,-5.0,29,-52%,-0.52,0.0529567519858782,-0.52
CloudStack,0,1,5,1,-15,-3.0,33,-45%,-0.45,0.08384819064430715,-0.45
CloudStack,0,2,2,1,-2,-1.0,190,-1%,-0.01,0.9832303618711385,-0.01
CloudStack,0,2,2,1,-6,-3.0,44,-14%,-0.14,0.49338040600176525,-0.14
CloudStack,0,1,2,1,-2,-1.0,17,-12%,-0.12,0.5516328331862312,-0.12
CloudStack,0,1,3,1,-3,-1.0,31,-10%,-0.1,0.5975286849073257,-0.1
CloudStack,0,1,2,1,-2,-1.0,29,-7%,-0.07,0.703442188879082,-0.07
CloudStack,0,1,2,1,-2,-1.0,44,-5%,-0.05,0.7969991173874669,-0.05
CloudStack,0,2,2,1,-6,-3.0,47,-13%,-0.13,0.5207413945278023,-0.13
CloudStack,0,1,3,1,-21,-7.0,82,-26%,-0.26,0.2383053839364519,-0.26
CloudStack,0,1,2,1,-6,-3.0,19,-32%,-0.32,0.17740511915269197,-0.32
CloudStack,0,2,16,1,-48,-3.0,231,-21%,-0.21,0.3212709620476611,-0.21
CloudStack,0,2,5,1,-25,-5.0,82,-30%,-0.3,0.1941747572815534,-0.3
CloudStack,0,2,3,1,-3,-1.0,38,-8%,-0.08,0.6628420123565755,-0.08
CloudStack,0,1,5,1,-15,-3.0,55,-27%,-0.27,0.22683142100617829,-0.27
CloudStack,0,1,4,1,-12,-3.0,24,-50%,-0.5,0.05913503971756399,-0.5
CloudStack,0,2,2,1,-2,-1.0,40,-5%,-0.05,0.7978817299205648,-0.05
CloudStack,0,1,7,1,-24,-3.428571429,107,-22%,-0.22,0.30097087378640774,-0.22
CloudStack,0,2,6,1,-6,-1.0,142,-4%,-0.04,0.8605472197705207,-0.04
CloudStack,0,1,3,1,-15,-5.0,28,-54%,-0.54,0.04942630185348632,-0.54
CloudStack,0,1,2,1,-6,-3.0,170,-4%,-0.04,0.8614298323036187,-0.04
CloudStack,0,1,2,1,-6,-3.0,13,-46%,-0.46,0.07678729037952339,-0.46
CloudStack,0,2,4,1,-12,-3.0,34,-35%,-0.35,0.14386584289496912,-0.35
CloudStack,0,2,2,1,-6,-3.0,31,-19%,-0.19,0.36893203883495146,-0.19
CloudStack,0,1,2,1,-2,-1.0,25,-8%,-0.08,0.6637246248896734,-0.08
CloudStack,0,2,4,1,-12,-3.0,42,-29%,-0.29,0.20741394527802295,-0.29
CloudStack,0,2,4,1,-12,-3.0,106,-11%,-0.11,0.5728155339805825,-0.11
CloudStack,0,1,5,1,-15,-3.0,58,-26%,-0.26,0.23918799646954986,-0.26
CloudStack,0,1,2,1,-14,-7.0,28,-50%,-0.5,0.06001765225066196,-0.5
CloudStack,0,1,5,1,-15,-3.0,38,-39%,-0.39,0.1235657546337158,-0.39
CloudStack,0,2,2,1,-6,-3.0,18,-33%,-0.33,0.16063548102383055,-0.33
CloudStack,0,2,7,1,-44,-6.285714286,140,-31%,-0.31,0.18711385701676964,-0.31
CloudStack,0,1,16,1,-48,-3.0,1025,-5%,-0.05,0.7987643424536628,-0.05
CloudStack,0,1,4,1,-20,-5.0,100,-20%,-0.2,0.3433362753751103,-0.2
CloudStack,0,1,2,1,-6,-3.0,26,-23%,-0.23,0.28596646072374227,-0.23
CloudStack,0,1,12,1,-12,-1.0,481,-2%,-0.02,0.9585172109443955,-0.02
CloudStack,0,1,3,1,-3,-1.0,21,-14%,-0.14,0.4942630185348632,-0.14
CloudStack,0,2,2,1,-6,-3.0,28,-21%,-0.21,0.32215357458075905,-0.21
CloudStack,0,1,2,1,-2,-1.0,6,-33%,-0.33,0.1615180935569285,-0.33
CloudStack,0,1,4,1,-20,-5.0,193,-10%,-0.1,0.5984112974404237,-0.1
CloudStack,0,1,2,1,-10,-5.0,24,-42%,-0.42,0.10503089143865843,-0.42
CloudStack,0,2,20,1,-20,-1.0,628,-3%,-0.03,0.9082082965578111,-0.03
CloudStack,0,2,12,1,-36,-3.0,124,-29%,-0.29,0.2082965578111209,-0.29
CloudStack,0,1,3,1,-15,-5.0,86,-17%,-0.17,0.41394527802294795,-0.17
CloudStack,0,2,4,1,-4,-1.0,46,-9%,-0.09,0.6310679611650486,-0.09
CloudStack,0,2,3,1,-9,-3.0,40,-23%,-0.23,0.2868490732568402,-0.23
CloudStack,0,1,2,1,-2,-1.0,127,-2%,-0.02,0.9593998234774934,-0.02
CloudStack,0,1,6,1,-6,-1.0,105,-6%,-0.06,0.7396293027360988,-0.06
CloudStack,0,1,2,1,-2,-1.0,23,-9%,-0.09,0.6319505736981466,-0.09
CloudStack,0,1,2,1,-2,-1.0,32,-6%,-0.06,0.7405119152691968,-0.06
CloudStack,0,1,2,1,-2,-1.0,41,-5%,-0.05,0.7996469549867609,-0.05
CloudStack,0,1,3,1,-3,-1.0,16,-19%,-0.19,0.3698146513680494,-0.19
CloudStack,0,1,4,1,-8,-2.0,79,-10%,-0.1,0.5992939099735216,-0.1
CloudStack,0,1,4,1,-84,-21.0,120,-70%,-0.7,0.01676963812886143,-0.7
CloudStack,0,2,28,1,-214,-7.642857143,1316,-16%,-0.16,0.43601059135039716,-0.16
CloudStack,0,2,17,1,-51,-3.0,167,-31%,-0.31,0.1879964695498676,-0.31
CloudStack,0,1,5,1,-15,-3.0,73,-21%,-0.21,0.323036187113857,-0.21
CloudStack,0,1,4,1,-4,-1.0,100,-4%,-0.04,0.8623124448367167,-0.04
CloudStack,0,1,2,1,-2,-1.0,43,-5%,-0.05,0.8005295675198588,-0.05
CloudStack,0,1,2,1,-14,-7.0,64,-22%,-0.22,0.30185348631950576,-0.22
CloudStack,0,1,3,1,-13,-4.333333333,98,-13%,-0.13,0.5216240070609003,-0.13
CloudStack,0,1,2,1,-2,-1.0,31,-6%,-0.06,0.7413945278022948,-0.06
CloudStack,0,1,3,1,-9,-3.0,99,-9%,-0.09,0.6328331862312445,-0.09
CloudStack,0,2,2,1,-2,-1.0,25,-8%,-0.08,0.6646072374227714,-0.08
CloudStack,0,2,2,1,-2,-1.0,40,-5%,-0.05,0.8014121800529568,-0.05
CloudStack,0,1,2,1,0,0.0,0,,,,
CloudStack,0,1,3,1,-9,-3.0,139,-6%,-0.06,0.7422771403353927,-0.06
CloudStack,0,1,2,1,-2,-1.0,16,-13%,-0.13,0.5225066195939982,-0.13
CloudStack,0,1,2,1,-2,-1.0,37,-5%,-0.05,0.8022947925860547,-0.05
CloudStack,0,1,3,1,-3,-1.0,68,-4%,-0.04,0.8631950573698146,-0.04
CloudStack,0,2,2,1,-9,-4.5,43,-21%,-0.21,0.32391879964695497,-0.21
CloudStack,0,2,4,1,-12,-3.0,51,-24%,-0.24,0.2709620476610768,-0.24
CloudStack,0,2,26,1,-81,-3.115384615,758,-11%,-0.11,0.5736981465136805,-0.11
CloudStack,0,2,11,1,-33,-3.0,142,-23%,-0.23,0.28773168578993824,-0.23
CloudStack,0,2,7,1,-21,-3.0,144,-15%,-0.15,0.46866725507502205,-0.15
CloudStack,0,2,2,1,-6,-3.0,14,-43%,-0.43,0.09443954104148279,-0.43
CloudStack,0,1,6,1,-18,-3.0,52,-35%,-0.35,0.14474845542806708,-0.35
CloudStack,0,1,4,1,-12,-3.0,72,-17%,-0.17,0.4148278905560459,-0.17
CloudStack,0,2,2,1,-6,-3.0,31,-19%,-0.19,0.3706972639011474,-0.19
CloudStack,0,1,2,1,-6,-3.0,13,-46%,-0.46,0.07766990291262135,-0.46
CloudStack,0,1,2,1,-2,-1.0,34,-6%,-0.06,0.7431597528684908,-0.06
CloudStack,0,2,2,1,-6,-3.0,10,-60%,-0.6,0.03089143865842895,-0.6
CloudStack,0,1,4,1,-5,-1.25,28,-18%,-0.18,0.3971756398940865,-0.18
CloudStack,0,1,4,1,-4,-1.0,30,-13%,-0.13,0.5233892321270962,-0.13
CloudStack,0,2,16,1,-88,-5.5,1025,-9%,-0.09,0.6337157987643425,-0.09
CloudStack,0,1,2,1,-8,-4.0,170,-5%,-0.05,0.8031774051191527,-0.05
CloudStack,0,1,7,1,-7,-1.0,189,-4%,-0.04,0.8640776699029126,-0.04
CloudStack,0,1,4,1,-4,-1.0,209,-2%,-0.02,0.9602824360105914,-0.02
CloudStack,0,1,3,1,-3,-1.0,24,-13%,-0.13,0.5242718446601942,-0.13
CloudStack,0,1,13,1,-13,-1.0,236,-6%,-0.06,0.7440423654015887,-0.06
CloudStack,0,2,18,1,-54,-3.0,251,-22%,-0.22,0.3027360988526037,-0.22
CloudStack,0,1,6,1,-28,-4.666666667,67,-42%,-0.42,0.1059135039717564,-0.42
CloudStack,0,2,11,1,-35,-3.181818182,244,-14%,-0.14,0.49514563106796117,-0.14
CloudStack,0,2,8,1,-25,-3.125,170,-15%,-0.15,0.46954986760812,-0.15
CloudStack,0,1,4,1,-28,-7.0,61,-46%,-0.46,0.07855251544571933,-0.46
CloudStack,0,2,3,1,-9,-3.0,144,-6%,-0.06,0.7449249779346867,-0.06
CloudStack,0,2,7,1,-7,-1.0,161,-4%,-0.04,0.8649602824360106,-0.04
CloudStack,0,1,3,1,-9,-3.0,21,-43%,-0.43,0.09532215357458076,-0.43
CloudStack,0,2,6,1,-18,-3.0,86,-21%,-0.21,0.324801412180053,-0.21
CloudStack,0,2,3,1,-3,-1.0,135,-2%,-0.02,0.9611650485436893,-0.02
CloudStack,0,1,2,1,-6,-3.0,17,-35%,-0.35,0.14563106796116504,-0.35
CloudStack,0,1,5,1,-5,-1.0,190,-3%,-0.03,0.9090909090909091,-0.03
CloudStack,0,2,3,1,-3,-1.0,84,-4%,-0.04,0.8658428949691086,-0.04
CloudStack,0,1,4,1,-4,-1.0,26,-15%,-0.15,0.470432480141218,-0.15
CloudStack,0,1,2,1,-2,-1.0,35,-6%,-0.06,0.7458075904677847,-0.06
CloudStack,0,1,5,1,-5,-1.0,52,-10%,-0.1,0.6001765225066196,-0.1
CloudStack,0,1,2,1,-2,-1.0,52,-4%,-0.04,0.8667255075022066,-0.04
CloudStack,0,2,4,1,-44,-11.0,268,-16%,-0.16,0.4368932038834951,-0.16
CloudStack,0,2,27,1,-91,-3.37037037,837,-11%,-0.11,0.5745807590467784,-0.11
CloudStack,0,2,26,1,-26,-1.0,645,-4%,-0.04,0.8676081200353045,-0.04
CloudStack,0,2,15,1,-45,-3.0,369,-12%,-0.12,0.5525154457193292,-0.12
CloudStack,0,2,4,1,-12,-3.0,82,-15%,-0.15,0.471315092674316,-0.15
CloudStack,0,2,2,1,-10,-5.0,22,-45%,-0.45,0.08473080317740513,-0.45
CloudStack,0,2,5,1,-15,-3.0,105,-14%,-0.14,0.4960282436010591,-0.14
CloudStack,0,2,5,1,-15,-3.0,66,-23%,-0.23,0.2886142983230362,-0.23
CloudStack,0,1,7,1,-21,-3.0,180,-12%,-0.12,0.5533980582524272,-0.12
CloudStack,0,2,3,1,-9,-3.0,14,-64%,-0.64,0.02383053839364519,-0.64
CloudStack,0,2,2,1,-18,-9.0,205,-9%,-0.09,0.6345984112974404,-0.09
CloudStack,0,1,2,1,-2,-1.0,36,-6%,-0.06,0.7466902030008826,-0.06
CloudStack,0,2,4,1,-4,-1.0,111,-4%,-0.04,0.8684907325684025,-0.04
CloudStack,0,1,4,1,-4,-1.0,103,-4%,-0.04,0.8693733451015004,-0.04
CloudStack,0,2,2,1,-9,-4.5,52,-17%,-0.17,0.41571050308914387,-0.17
CloudStack,0,2,2,1,-2,-1.0,25,-8%,-0.08,0.6654898499558694,-0.08
CloudStack,0,1,11,1,-11,-1.0,266,-4%,-0.04,0.8702559576345984,-0.04
CloudStack,0,1,4,1,-4,-1.0,44,-9%,-0.09,0.6354810238305384,-0.09
CloudStack,0,1,7,1,-7,-1.0,171,-4%,-0.04,0.8711385701676964,-0.04
CloudStack,0,1,3,1,-3,-1.0,43,-7%,-0.07,0.70432480141218,-0.07
CloudStack,0,1,5,1,-5,-1.0,17,-29%,-0.29,0.2091791703442189,-0.29
CloudStack,0,1,2,1,-2,-1.0,10,-20%,-0.2,0.3442188879082083,-0.2
CloudStack,0,1,4,1,-4,-1.0,95,-4%,-0.04,0.8720211827007943,-0.04
CloudStack,0,1,8,1,-7,-0.875,53,-13%,-0.13,0.5251544571932921,-0.13
CloudStack,0,1,3,1,-3,-1.0,61,-5%,-0.05,0.8040600176522507,-0.05
CloudStack,0,1,20,1,-20,-1.0,431,-5%,-0.05,0.8049426301853486,-0.05
CloudStack,0,1,17,1,-85,-5.0,725,-12%,-0.12,0.5542806707855251,-0.12
CloudStack,0,1,3,1,-17,-5.666666667,88,-19%,-0.19,0.3715798764342454,-0.19
CloudStack,0,1,2,1,-2,-1.0,66,-3%,-0.03,0.909973521624007,-0.03
CloudStack,0,1,2,1,-2,-1.0,34,-6%,-0.06,0.7475728155339806,-0.06
CloudStack,0,1,2,1,-2,-1.0,84,-2%,-0.02,0.9620476610767873,-0.02
CloudStack,0,1,7,1,-7,-1.0,234,-3%,-0.03,0.910856134157105,-0.03
CloudStack,0,1,2,1,-2,-1.0,20,-10%,-0.1,0.6010591350397175,-0.1
CloudStack,0,1,2,1,-2,-1.0,17,-12%,-0.12,0.5551632833186231,-0.12
CloudStack,0,1,2,1,-2,-1.0,29,-7%,-0.07,0.705207413945278,-0.07
CloudStack,0,2,12,1,-18,-1.5,210,-9%,-0.09,0.6363636363636364,-0.09
CloudStack,0,2,13,1,-107,-8.230769231,730,-15%,-0.15,0.47219770520741394,-0.15
CloudStack,0,2,36,1,-37,-1.027777778,1088,-3%,-0.03,0.911738746690203,-0.03
CloudStack,0,2,2,1,-10,-5.0,84,-12%,-0.12,0.556045895851721,-0.12
CloudStack,0,2,12,1,-36,-3.0,257,-14%,-0.14,0.4969108561341571,-0.14
CloudStack,0,2,3,1,-9,-3.0,40,-23%,-0.23,0.28949691085613416,-0.23
CloudStack,0,2,8,1,-24,-3.0,119,-20%,-0.2,0.3451015004413063,-0.2
CloudStack,0,2,20,1,-24,-1.2,190,-13%,-0.13,0.5260370697263901,-0.13
CloudStack,0,2,4,1,-12,-3.0,51,-24%,-0.24,0.27184466019417475,-0.24
CloudStack,0,1,5,1,-5,-1.0,82,-6%,-0.06,0.7484554280670785,-0.06
CloudStack,0,2,3,1,-3,-1.0,88,-3%,-0.03,0.912621359223301,-0.03
CloudStack,0,2,2,1,-6,-3.0,32,-19%,-0.19,0.37246248896734335,-0.19
CloudStack,0,1,2,1,-2,-1.0,17,-12%,-0.12,0.5569285083848191,-0.12
CloudStack,0,1,9,1,-9,-1.0,188,-5%,-0.05,0.8058252427184466,-0.05
CloudStack,0,2,2,1,-3,-1.5,15,-20%,-0.2,0.34598411297440423,-0.2
CloudStack,0,1,5,1,-5,-1.0,29,-17%,-0.17,0.4165931156222418,-0.17
CloudStack,0,1,3,1,-3,-1.0,13,-23%,-0.23,0.2903795233892321,-0.23
CloudStack,0,1,2,1,-8,-4.0,17,-47%,-0.47,0.07502206531332745,-0.47
CloudStack,0,2,8,1,-8,-1.0,336,-2%,-0.02,0.9629302736098853,-0.02
CloudStack,0,1,2,1,-6,-3.0,29,-21%,-0.21,0.32568402471315094,-0.21
CloudStack,0,1,2,1,-2,-1.0,84,-2%,-0.02,0.9638128861429832,-0.02
CloudStack,0,1,2,1,-2,-1.0,16,-13%,-0.13,0.526919682259488,-0.13
CloudStack,0,1,29,1,-30,-1.034482759,1020,-3%,-0.03,0.913503971756399,-0.03
CloudStack,0,1,2,1,-2,-1.0,24,-8%,-0.08,0.6663724624889673,-0.08
CloudStack,0,1,2,1,-2,-1.0,6,-33%,-0.33,0.1624007060900265,-0.33
CloudStack,0,2,5,1,-15,-3.0,68,-22%,-0.22,0.3036187113857017,-0.22
CloudStack,0,1,4,1,-12,-3.0,76,-16%,-0.16,0.43777581641659313,-0.16
CloudStack,0,1,2,1,-2,-1.0,20,-10%,-0.1,0.6019417475728155,-0.1
CloudStack,0,1,3,1,-3,-1.0,23,-13%,-0.13,0.527802294792586,-0.13
CloudStack,0,1,2,1,-2,-1.0,20,-10%,-0.1,0.6028243601059136,-0.1
CloudStack,0,1,5,1,-20,-4.0,78,-26%,-0.26,0.24007060900264784,-0.26
CloudStack,0,2,2,1,-10,-5.0,40,-25%,-0.25,0.2586054721977052,-0.25
CloudStack,0,1,5,1,-5,-1.0,167,-3%,-0.03,0.9143865842894969,-0.03
CloudStack,0,1,6,1,-6,-1.0,135,-4%,-0.04,0.8729037952338923,-0.04
CloudStack,0,1,5,1,-5,-1.0,81,-6%,-0.06,0.7493380406001765,-0.06
CloudStack,0,1,3,1,-15,-5.0,26,-58%,-0.58,0.038834951456310676,-0.58
CloudStack,0,1,2,1,-6,-3.0,22,-27%,-0.27,0.22771403353927624,-0.27
CloudStack,0,2,4,1,-20,-5.0,119,-17%,-0.17,0.4174757281553398,-0.17
CloudStack,0,2,7,1,-7,-1.0,73,-10%,-0.1,0.6037069726390115,-0.1
CloudStack,0,1,2,1,-2,-1.0,41,-5%,-0.05,0.8067078552515445,-0.05
CloudStack,0,1,2,1,-8,-4.0,24,-33%,-0.33,0.16328331862312445,-0.33
CloudStack,0,2,3,1,0,0.0,27,0%,0.0,0.9920564872021183,0.0
CloudStack,0,1,2,1,-2,-1.0,6,-33%,-0.33,0.1641659311562224,-0.33
CloudStack,0,1,2,1,-6,-3.0,56,-11%,-0.11,0.5754633715798765,-0.11
CloudStack,0,2,2,1,-2,-1.0,25,-8%,-0.08,0.6672550750220653,-0.08
CloudStack,0,1,2,1,-10,-5.0,26,-38%,-0.38,0.13150926743159752,-0.38
CloudStack,0,1,2,1,-10,-5.0,64,-16%,-0.16,0.4386584289496911,-0.16
CloudStack,0,2,3,1,-15,-5.0,40,-38%,-0.38,0.1323918799646955,-0.38
CloudStack,0,1,2,1,-6,-3.0,42,-14%,-0.14,0.4977934686672551,-0.14
CloudStack,0,1,3,1,-3,-1.0,148,-2%,-0.02,0.9646954986760812,-0.02
CloudStack,0,1,2,1,-6,-3.0,42,-14%,-0.14,0.49867608120035306,-0.14
CloudStack,0,1,2,1,-6,-3.0,21,-29%,-0.29,0.21006178287731686,-0.29
CloudStack,0,1,2,1,-6,-3.0,29,-21%,-0.21,0.3265666372462489,-0.21
CloudStack,0,2,2,1,-10,-5.0,52,-19%,-0.19,0.3733451015004413,-0.19
CloudStack,0,1,2,1,-4,-2.0,51,-8%,-0.08,0.6681376875551632,-0.08
CloudStack,0,2,3,1,-9,-3.0,45,-20%,-0.2,0.3468667255075022,-0.2
CloudStack,0,1,2,1,-22,-11.0,46,-48%,-0.48,0.07149161518093557,-0.48
CloudStack,0,2,3,1,-9,-3.0,38,-24%,-0.24,0.2727272727272727,-0.24
CloudStack,0,1,4,1,-8,-2.0,13,-62%,-0.62,0.02736098852603707,-0.62
CloudStack,0,1,2,1,-2,-1.0,15,-13%,-0.13,0.5286849073256841,-0.13
CloudStack,0,1,3,1,-9,-3.0,28,-32%,-0.32,0.17828773168578993,-0.32
CloudStack,0,1,3,1,-3,-1.0,33,-9%,-0.09,0.6372462488967343,-0.09
CloudStack,0,2,13,1,-39,-3.0,232,-17%,-0.17,0.4183583406884378,-0.17
CloudStack,0,2,11,1,-11,-1.0,183,-6%,-0.06,0.7502206531332745,-0.06
CloudStack,0,1,3,1,-7,-2.333333333,27,-26%,-0.26,0.2409532215357458,-0.26
CloudStack,0,1,4,1,-4,-1.0,76,-5%,-0.05,0.8075904677846425,-0.05
CloudStack,0,2,3,1,-3,-1.0,33,-9%,-0.09,0.6381288614298323,-0.09
CloudStack,0,1,3,1,-21,-7.0,99,-21%,-0.21,0.32744924977934686,-0.21
CloudStack,0,1,3,1,-33,-11.0,60,-55%,-0.55,0.04324801412180053,-0.55
CloudStack,0,2,2,1,-6,-3.0,29,-21%,-0.21,0.3283318623124448,-0.21
CloudStack,0,2,3,1,-9,-3.0,55,-16%,-0.16,0.43954104148278905,-0.16
CloudStack,0,2,2,1,-6,-3.0,78,-8%,-0.08,0.6690203000882613,-0.08
CloudStack,0,1,4,1,-16,-4.0,67,-24%,-0.24,0.2736098852603707,-0.24
CloudStack,0,1,5,1,-25,-5.0,40,-63%,-0.63,0.0264783759929391,-0.63
CloudStack,0,1,2,1,-2,-1.0,13,-15%,-0.15,0.4730803177405119,-0.15
CloudStack,0,2,83,1,-255,-3.072289157,2703,-9%,-0.09,0.6390114739629302,-0.09
CloudStack,0,2,50,1,-60,-1.2,1143,-5%,-0.05,0.8084730803177406,-0.05
CloudStack,0,1,3,1,-33,-11.0,96,-34%,-0.34,0.15180935569285084,-0.34
CloudStack,0,2,16,1,-48,-3.0,176,-27%,-0.27,0.22859664607237423,-0.27
CloudStack,0,1,5,1,-10,-2.0,74,-14%,-0.14,0.499558693733451,-0.14
CloudStack,0,2,4,1,-12,-3.0,116,-10%,-0.1,0.6045895851721095,-0.1
CloudStack,0,1,4,1,-12,-3.0,45,-27%,-0.27,0.2294792586054722,-0.27
CloudStack,0,1,6,1,-6,-1.0,115,-5%,-0.05,0.8093556928508385,-0.05
CloudStack,0,1,6,1,-6,-1.0,73,-8%,-0.08,0.6699029126213593,-0.08
CloudStack,0,1,3,1,-2,-0.666666667,19,-11%,-0.11,0.5763459841129744,-0.11
CloudStack,0,1,2,1,-2,-1.0,74,-3%,-0.03,0.9152691968225949,-0.03
CloudStack,0,1,2,1,-6,-3.0,31,-19%,-0.19,0.37422771403353927,-0.19
CloudStack,0,1,2,1,-2,-1.0,10,-20%,-0.2,0.34774933804060015,-0.2
CloudStack,0,1,4,1,-4,-1.0,22,-18%,-0.18,0.39805825242718446,-0.18
CloudStack,0,1,4,1,-20,-5.0,98,-20%,-0.2,0.34863195057369817,-0.2
CloudStack,0,1,2,1,-18,-9.0,28,-64%,-0.64,0.02471315092674316,-0.64
CloudStack,0,1,8,1,-8,-1.0,102,-8%,-0.08,0.6707855251544572,-0.08
CloudStack,0,2,2,1,-6,-3.0,27,-22%,-0.22,0.30450132391879964,-0.22
CloudStack,0,2,2,1,-10,-5.0,52,-19%,-0.19,0.37511032656663723,-0.19
CloudStack,0,1,2,1,-2,-1.0,5,-40%,-0.4,0.11562224183583407,-0.4
CloudStack,0,2,12,1,-12,-1.0,189,-6%,-0.06,0.7511032656663724,-0.06
CloudStack,0,1,2,1,-2,-1.0,123,-2%,-0.02,0.9655781112091791,-0.02
CloudStack,0,1,3,1,-27,-9.0,45,-60%,-0.6,0.03177405119152692,-0.6
CloudStack,0,2,2,1,-6,-3.0,18,-33%,-0.33,0.1650485436893204,-0.33
CloudStack,0,1,3,1,-9,-3.0,15,-60%,-0.6,0.03265666372462489,-0.6
CloudStack,0,2,2,1,-2,-1.0,32,-6%,-0.06,0.7519858781994704,-0.06
CloudStack,0,1,2,1,-2,-1.0,20,-10%,-0.1,0.6054721977052074,-0.1
CloudStack,0,2,2,1,-14,-7.0,33,-42%,-0.42,0.10679611650485436,-0.42
CloudStack,0,1,4,1,-12,-3.0,26,-46%,-0.46,0.0794351279788173,-0.46
CloudStack,0,2,6,1,-30,-5.0,68,-44%,-0.44,0.08914386584289496,-0.44
CloudStack,0,1,4,1,-12,-3.0,62,-19%,-0.19,0.3759929390997352,-0.19
CloudStack,0,1,4,1,-4,-1.0,22,-18%,-0.18,0.3989408649602824,-0.18
CloudStack,0,1,2,1,-2,-1.0,48,-4%,-0.04,0.8737864077669902,-0.04
CloudStack,0,2,2,1,-6,-3.0,69,-9%,-0.09,0.6398940864960282,-0.09
CloudStack,0,1,2,1,-6,-3.0,49,-12%,-0.12,0.5578111209179171,-0.12
CloudStack,0,2,12,1,-37,-3.083333333,402,-9%,-0.09,0.6407766990291263,-0.09
CloudStack,0,1,5,1,-7,-1.4,161,-4%,-0.04,0.8746690203000883,-0.04
CloudStack,0,2,2,1,-5,-2.5,33,-15%,-0.15,0.47396293027360986,-0.15
CloudStack,0,1,4,1,-4,-1.0,76,-5%,-0.05,0.8102383053839365,-0.05
CloudStack,0,1,4,1,-4,-1.0,76,-5%,-0.05,0.8111209179170344,-0.05
CloudStack,0,1,2,1,-6,-3.0,12,-50%,-0.5,0.06090026478375993,-0.5
CloudStack,0,2,3,1,-9,-3.0,84,-11%,-0.11,0.5772285966460724,-0.11
CloudStack,0,1,2,1,-2,-1.0,6,-33%,-0.33,0.16593115622241836,-0.33
CloudStack,0,1,3,1,-3,-1.0,88,-3%,-0.03,0.9161518093556928,-0.03
CloudStack,0,1,3,1,0,0.0,10,0%,0.0,0.9929390997352162,0.0
CloudStack,0,1,2,1,-2,-1.0,11,-18%,-0.18,0.39982347749338043,-0.18
CloudStack,0,2,3,1,-19,-6.333333333,59,-32%,-0.32,0.17917034421888792,-0.32
CloudStack,0,2,7,1,-21,-3.0,164,-13%,-0.13,0.529567519858782,-0.13
CloudStack,0,1,2,1,-2,-1.0,44,-5%,-0.05,0.8120035304501324,-0.05
CloudStack,0,1,2,1,-2,-1.0,28,-7%,-0.07,0.706090026478376,-0.07
CloudStack,0,1,4,1,-4,-1.0,21,-19%,-0.19,0.3768755516328332,-0.19
CloudStack,0,1,3,1,-39,-13.0,86,-45%,-0.45,0.08561341571050309,-0.45
CloudStack,0,1,2,1,-14,-7.0,34,-41%,-0.41,0.11120917917034422,-0.41
CloudStack,0,1,4,1,-12,-3.0,56,-21%,-0.21,0.3292144748455428,-0.21
CloudStack,0,1,2,1,-2,-1.0,38,-5%,-0.05,0.8128861429832304,-0.05
CloudStack,0,2,2,1,-2,-1.0,24,-8%,-0.08,0.6716681376875552,-0.08
CloudStack,0,1,2,1,-26,-13.0,46,-57%,-0.57,0.04060017652250662,-0.57
CloudStack,0,2,3,1,-9,-3.0,30,-30%,-0.3,0.19505736981465135,-0.3
CloudStack,0,1,2,1,-2,-1.0,44,-5%,-0.05,0.8137687555163283,-0.05
CloudStack,0,2,2,1,-2,-1.0,31,-6%,-0.06,0.7528684907325685,-0.06
CloudStack,0,1,2,1,-2,-1.0,73,-3%,-0.03,0.9170344218887908,-0.03
CloudStack,0,2,2,1,-7,-3.5,40,-18%,-0.18,0.4007060900264784,-0.18
CloudStack,0,1,3,1,-3,-1.0,78,-4%,-0.04,0.8755516328331863,-0.04
CloudStack,0,1,2,1,-2,-1.0,19,-11%,-0.11,0.5781112091791704,-0.11
CloudStack,0,1,2,1,-10,-5.0,32,-31%,-0.31,0.18887908208296558,-0.31
CloudStack,0,1,2,1,-2,-1.0,8,-25%,-0.25,0.2594880847308032,-0.25
CloudStack,0,1,2,1,-6,-3.0,14,-43%,-0.43,0.09620476610767872,-0.43
CloudStack,0,1,2,1,-6,-3.0,12,-50%,-0.5,0.0617828773168579,-0.5
CloudStack,0,1,2,1,-6,-3.0,11,-55%,-0.55,0.0441306266548985,-0.55
CloudStack,0,1,2,1,-2,-1.0,10,-20%,-0.2,0.34951456310679613,-0.2
CloudStack,0,1,2,1,-2,-1.0,40,-5%,-0.05,0.8146513680494263,-0.05
CloudStack,0,2,3,1,-21,-7.0,148,-14%,-0.14,0.500441306266549,-0.14
CloudStack,0,1,2,1,-6,-3.0,6,-100%,-1.0,0.00088261253309797,-1.0
CloudStack,0,1,2,1,-2,-1.0,7,-29%,-0.29,0.21094439541041482,-0.29
CloudStack,0,1,6,1,-6,-1.0,11,-55%,-0.55,0.04501323918799647,-0.55
CloudStack,0,1,2,1,-10,-5.0,13,-77%,-0.77,0.01059135039717564,-0.77
CloudStack,0,1,2,1,-6,-3.0,29,-21%,-0.21,0.3300970873786408,-0.21
CloudStack,0,2,10,1,-10,-1.0,89,-11%,-0.11,0.5789938217122683,-0.11
CloudStack,0,1,3,1,-3,-1.0,41,-7%,-0.07,0.706972639011474,-0.07
CloudStack,0,1,3,1,-9,-3.0,32,-28%,-0.28,0.22241835834068843,-0.28
CloudStack,0,1,3,1,-39,-13.0,95,-41%,-0.41,0.11209179170344219,-0.41
CloudStack,0,2,3,1,-21,-7.0,368,-6%,-0.06,0.7537511032656664,-0.06
CloudStack,0,1,4,1,-3,-0.75,95,-3%,-0.03,0.9179170344218888,-0.03
CloudStack,0,1,3,1,-3,-1.0,46,-7%,-0.07,0.707855251544572,-0.07
CloudStack,0,1,10,1,-10,-1.0,182,-5%,-0.05,0.8155339805825242,-0.05
CloudStack,0,2,6,1,-6,-1.0,107,-6%,-0.06,0.7546337157987644,-0.06
CloudStack,0,1,3,1,-6,-2.0,32,-19%,-0.19,0.37775816416593117,-0.19
CloudStack,0,1,4,1,-4,-1.0,80,-5%,-0.05,0.8164165931156222,-0.05
CloudStack,0,2,4,1,-4,-1.0,61,-7%,-0.07,0.7087378640776699,-0.07
CloudStack,0,1,26,1,-26,-1.0,157,-17%,-0.17,0.41924095322153576,-0.17
CloudStack,0,1,3,1,-21,-7.0,77,-27%,-0.27,0.23036187113857018,-0.27
CloudStack,0,2,2,1,0,0.0,0,,,,
CloudStack,0,1,3,1,-3,-1.0,109,-3%,-0.03,0.9187996469549867,-0.03
CloudStack,0,1,2,1,-6,-3.0,26,-23%,-0.23,0.2912621359223301,-0.23
CloudStack,0,1,6,1,-18,-3.0,93,-19%,-0.19,0.3786407766990291,-0.19
CloudStack,0,1,12,1,-12,-1.0,173,-7%,-0.07,0.7096204766107679,-0.07
CloudStack,0,2,2,1,-2,-1.0,78,-3%,-0.03,0.9196822594880847,-0.03
CloudStack,0,1,3,1,-15,-5.0,43,-35%,-0.35,0.14651368049426303,-0.35
CloudStack,0,1,3,1,-18,-6.0,109,-17%,-0.17,0.4201235657546337,-0.17
CloudStack,0,1,3,1,-3,-1.0,24,-13%,-0.13,0.53045013239188,-0.13
CloudStack,0,1,2,1,-2,-1.0,27,-7%,-0.07,0.7105030891438658,-0.07
CloudStack,0,2,4,1,-9,-2.25,23,-39%,-0.39,0.12444836716681378,-0.39
CloudStack,0,1,2,1,-6,-3.0,31,-19%,-0.19,0.3795233892321271,-0.19
CloudStack,0,2,3,1,-3,-1.0,24,-13%,-0.13,0.531332744924978,-0.13
CloudStack,0,1,4,1,-20,-5.0,128,-16%,-0.16,0.440423654015887,-0.16
CloudStack,0,1,3,1,-9,-3.0,21,-43%,-0.43,0.0970873786407767,-0.43
CloudStack,0,2,4,1,-4,-1.0,78,-5%,-0.05,0.8172992056487202,-0.05
CloudStack,0,1,2,1,-2,-1.0,42,-5%,-0.05,0.8181818181818182,-0.05
CloudStack,0,1,2,1,-12,-6.0,53,-23%,-0.23,0.2921447484554281,-0.23
CloudStack,0,1,2,1,-2,-1.0,64,-3%,-0.03,0.9205648720211828,-0.03
CloudStack,0,1,3,1,-3,-1.0,64,-5%,-0.05,0.8190644307149162,-0.05
CloudStack,0,1,3,1,-9,-3.0,21,-43%,-0.43,0.09796999117387467,-0.43
CloudStack,0,1,2,1,-14,-7.0,16,-88%,-0.88,0.00441306266548985,-0.88
CloudStack,0,2,3,1,-9,-3.0,152,-6%,-0.06,0.7555163283318623,-0.06
CloudStack,0,1,2,1,-6,-3.0,21,-29%,-0.29,0.2118270079435128,-0.29
CloudStack,0,1,3,1,-9,-3.0,108,-8%,-0.08,0.6725507502206531,-0.08
CloudStack,0,1,3,1,-3,-1.0,33,-9%,-0.09,0.6416593115622242,-0.09
CloudStack,0,1,2,1,-2,-1.0,14,-14%,-0.14,0.501323918799647,-0.14
CloudStack,0,1,3,1,-9,-3.0,20,-45%,-0.45,0.08649602824360106,-0.45
CloudStack,0,2,2,1,-2,-1.0,17,-12%,-0.12,0.558693733451015,-0.12
CloudStack,0,1,4,1,-6,-1.5,32,-19%,-0.19,0.38040600176522504,-0.19
CloudStack,0,1,4,1,-4,-1.0,147,-3%,-0.03,0.9214474845542807,-0.03
CloudStack,0,1,2,1,-2,-1.0,26,-8%,-0.08,0.6734333627537511,-0.08
CloudStack,0,1,3,1,-15,-5.0,56,-27%,-0.27,0.23124448367166814,-0.27
CloudStack,0,1,2,1,0,0.0,0,,,,
CloudStack,0,1,2,1,-4,-2.0,22,-18%,-0.18,0.40158870255957635,-0.18
CloudStack,0,1,2,1,-2,-1.0,40,-5%,-0.05,0.8199470432480142,-0.05
CloudStack,0,1,2,1,-2,-1.0,78,-3%,-0.03,0.9223300970873787,-0.03
CloudStack,0,1,2,1,-6,-3.0,113,-5%,-0.05,0.8208296557811121,-0.05
CloudStack,0,2,13,1,-40,-3.076923077,191,-21%,-0.21,0.33097969991173876,-0.21
CloudStack,0,2,8,1,-24,-3.0,132,-18%,-0.18,0.4024713150926743,-0.18
CloudStack,0,1,11,1,-11,-1.0,260,-4%,-0.04,0.8764342453662842,-0.04
CloudStack,0,2,9,1,-9,-1.0,171,-5%,-0.05,0.8217122683142101,-0.05
CloudStack,0,1,2,1,-2,-1.0,5,-40%,-0.4,0.11650485436893204,-0.4
CloudStack,0,1,3,1,-6,-2.0,15,-40%,-0.4,0.11738746690203,-0.4
CloudStack,0,1,2,1,-2,-1.0,50,-4%,-0.04,0.8773168578993822,-0.04
CloudStack,0,1,4,1,-14,-3.5,96,-15%,-0.15,0.4748455428067079,-0.15
CloudStack,0,2,3,1,-7,-2.333333333,27,-26%,-0.26,0.2418358340688438,-0.26
CloudStack,0,1,3,1,-9,-3.0,31,-29%,-0.29,0.21270962047661077,-0.29
CloudStack,0,1,9,1,0,0.0,339,0%,0.0,0.9938217122683142,0.0
CloudStack,0,1,2,1,-6,-3.0,16,-38%,-0.38,0.13327449249779347,-0.38
CloudStack,0,1,2,1,-2,-1.0,20,-10%,-0.1,0.6063548102383054,-0.1
CloudStack,0,1,3,1,-3,-1.0,77,-4%,-0.04,0.8781994704324801,-0.04
CloudStack,0,2,11,1,-108,-9.818181818,140,-77%,-0.77,0.01147396293027361,-0.77
CloudStack,0,1,8,1,-24,-3.0,68,-35%,-0.35,0.147396293027361,-0.35
CloudStack,0,1,2,1,-2,-1.0,170,-1%,-0.01,0.9841129744042365,-0.01
CloudStack,0,1,3,1,-3,-1.0,30,-10%,-0.1,0.6072374227714034,-0.1
CloudStack,0,1,8,1,-24,-3.0,393,-6%,-0.06,0.7563989408649603,-0.06
CloudStack,0,1,2,1,0,0.0,0,,,,
CloudStack,0,1,5,1,-5,-1.0,72,-7%,-0.07,0.7113857016769638,-0.07
CloudStack,0,2,2,1,-6,-3.0,21,-29%,-0.29,0.21359223300970873,-0.29
CloudStack,0,1,3,1,0,0.0,0,,,,
CloudStack,0,1,3,1,-12,-4.0,45,-27%,-0.27,0.2321270962047661,-0.27
CloudStack,0,1,2,1,-6,-3.0,21,-29%,-0.29,0.2144748455428067,-0.29
CloudStack,0,1,2,1,-2,-1.0,32,-6%,-0.06,0.7572815533980582,-0.06
CloudStack,0,2,3,1,-15,-5.0,79,-19%,-0.19,0.38128861429832306,-0.19
CloudStack,0,2,4,1,-4,-1.0,39,-10%,-0.1,0.6081200353045013,-0.1
CloudStack,0,1,5,1,-15,-3.0,53,-28%,-0.28,0.22330097087378642,-0.28
CloudStack,0,1,2,1,-6,-3.0,116,-5%,-0.05,0.822594880847308,-0.05
CloudStack,0,1,3,1,-3,-1.0,62,-5%,-0.05,0.823477493380406,-0.05
CloudStack,0,1,2,1,-6,-3.0,43,-14%,-0.14,0.502206531332745,-0.14
CloudStack,0,1,2,1,-2,-1.0,33,-6%,-0.06,0.7581641659311562,-0.06
CloudStack,0,2,2,1,-6,-3.0,12,-50%,-0.5,0.06266548984995587,-0.5
CloudStack,0,1,5,1,-15,-3.0,176,-9%,-0.09,0.6425419240953222,-0.09
CloudStack,0,2,2,1,-6,-3.0,59,-10%,-0.1,0.6090026478375993,-0.1
CloudStack,0,2,2,1,-6,-3.0,90,-7%,-0.07,0.7122683142100618,-0.07
CloudStack,0,1,3,1,-27,-9.0,109,-25%,-0.25,0.26037069726390116,-0.25
CloudStack,0,2,13,1,-13,-1.0,112,-12%,-0.12,0.559576345984113,-0.12
CloudStack,0,1,3,1,-9,-3.0,33,-27%,-0.27,0.23300970873786409,-0.27
CloudStack,0,2,6,1,-18,-3.0,121,-15%,-0.15,0.47572815533980584,-0.15
CloudStack,0,1,2,1,-2,-1.0,47,-4%,-0.04,0.8790820829655781,-0.04
CloudStack,0,1,2,1,-6,-3.0,24,-25%,-0.25,0.2612533097969991,-0.25
CloudStack,0,1,2,1,-2,-1.0,39,-5%,-0.05,0.824360105913504,-0.05
CloudStack,0,1,3,1,-3,-1.0,25,-12%,-0.12,0.560458958517211,-0.12
CloudStack,0,1,28,1,-28,-1.0,637,-4%,-0.04,0.8799646954986761,-0.04
CloudStack,0,2,2,1,-6,-3.0,23,-26%,-0.26,0.24271844660194175,-0.26
CloudStack,0,1,2,1,-10,-5.0,114,-9%,-0.09,0.6434245366284201,-0.09
CloudStack,0,1,5,1,-15,-3.0,169,-9%,-0.09,0.6443071491615181,-0.09
CloudStack,0,1,3,1,-3,-1.0,56,-5%,-0.05,0.8252427184466019,-0.05
CloudStack,0,1,4,1,-4,-1.0,123,-3%,-0.03,0.9232127096204766,-0.03
CloudStack,0,1,2,1,-6,-3.0,36,-17%,-0.17,0.4210061782877317,-0.17
CloudStack,0,2,2,1,-10,-5.0,43,-23%,-0.23,0.29302736098852605,-0.23
CloudStack,0,1,3,1,-9,-3.0,23,-39%,-0.39,0.12533097969991175,-0.39
CloudStack,0,1,6,1,-30,-5.0,114,-26%,-0.26,0.2436010591350397,-0.26
CloudStack,0,2,2,1,-14,-7.0,33,-42%,-0.42,0.10767872903795234,-0.42
CloudStack,0,1,2,1,-2,-1.0,78,-3%,-0.03,0.9240953221535746,-0.03
CloudStack,0,1,2,1,-6,-3.0,9,-67%,-0.67,0.02030008826125331,-0.67
CloudStack,0,1,2,1,-10,-5.0,170,-6%,-0.06,0.7590467784642542,-0.06
CloudStack,0,1,6,1,-6,-1.0,44,-14%,-0.14,0.5030891438658429,-0.14
CloudStack,0,1,4,1,-4,-1.0,19,-21%,-0.21,0.3318623124448367,-0.21
CloudStack,0,2,13,1,-65,-5.0,192,-34%,-0.34,0.1526919682259488,-0.34
CloudStack,0,2,2,1,-6,-3.0,22,-27%,-0.27,0.23389232127096204,-0.27
CloudStack,0,1,4,1,-20,-5.0,42,-48%,-0.48,0.07237422771403354,-0.48
CloudStack,0,2,2,1,-6,-3.0,37,-16%,-0.16,0.44130626654898497,-0.16
CloudStack,0,1,2,1,-6,-3.0,20,-30%,-0.3,0.19593998234774934,-0.3
CloudStack,0,1,2,1,-6,-3.0,38,-16%,-0.16,0.442188879082083,-0.16
CloudStack,0,2,2,1,-6,-3.0,21,-29%,-0.29,0.21535745807590467,-0.29
CloudStack,0,1,2,1,-6,-3.0,19,-32%,-0.32,0.18005295675198588,-0.32
CloudStack,0,1,3,1,0,0.0,34,0%,0.0,0.9947043248014121,0.0
CloudStack,0,2,18,1,-54,-3.0,430,-13%,-0.13,0.5322153574580759,-0.13
CloudStack,0,1,4,1,-28,-7.0,77,-36%,-0.36,0.13945278022947927,-0.36
CloudStack,0,2,9,1,-9,-1.0,148,-6%,-0.06,0.7599293909973521,-0.06
CloudStack,0,2,2,1,-10,-5.0,39,-26%,-0.26,0.2444836716681377,-0.26
CloudStack,0,2,6,1,-6,-1.0,114,-5%,-0.05,0.8261253309796999,-0.05
CloudStack,0,2,5,1,-5,-1.0,101,-5%,-0.05,0.8270079435127978,-0.05
CloudStack,0,2,2,1,-6,-3.0,21,-29%,-0.29,0.21624007060900266,-0.29
CloudStack,0,1,6,1,-6,-1.0,73,-8%,-0.08,0.6743159752868491,-0.08
CloudStack,0,2,4,1,-4,-1.0,24,-17%,-0.17,0.42188879082082964,-0.17
CloudStack,0,1,2,1,-6,-3.0,16,-38%,-0.38,0.13415710503089143,-0.38
CloudStack,0,1,2,1,-2,-1.0,48,-4%,-0.04,0.880847308031774,-0.04
CloudStack,0,1,5,1,-5,-1.0,35,-14%,-0.14,0.5039717563989409,-0.14
CloudStack,0,1,6,1,-6,-1.0,31,-19%,-0.19,0.382171226831421,-0.19
CloudStack,0,1,6,1,-6,-1.0,147,-4%,-0.04,0.881729920564872,-0.04
CloudStack,0,1,5,1,-5,-1.0,66,-8%,-0.08,0.675198587819947,-0.08
CloudStack,0,1,8,1,-8,-1.0,78,-10%,-0.1,0.6098852603706972,-0.1
CloudStack,0,1,2,1,-2,-1.0,34,-6%,-0.06,0.7608120035304501,-0.06
CloudStack,0,1,2,1,0,0.0,7,0%,0.0,0.9955869373345102,0.0
CloudStack,0,1,3,1,-3,-1.0,18,-17%,-0.17,0.4227714033539276,-0.17
CloudStack,0,2,2,1,-10,-5.0,38,-26%,-0.26,0.24536628420123566,-0.26
CloudStack,0,1,6,1,-6,-1.0,58,-10%,-0.1,0.6107678729037952,-0.1
CloudStack,0,2,11,1,-33,-3.0,151,-22%,-0.22,0.3053839364518976,-0.22
CloudStack,0,2,9,1,-27,-3.0,167,-16%,-0.16,0.44307149161518095,-0.16
CloudStack,0,1,5,1,-15,-3.0,64,-23%,-0.23,0.293909973521624,-0.23
CloudStack,0,1,2,1,-22,-11.0,47,-47%,-0.47,0.07590467784642542,-0.47
CloudStack,0,2,3,1,-9,-3.0,36,-25%,-0.25,0.2621359223300971,-0.25
CloudStack,0,1,2,1,-6,-3.0,14,-43%,-0.43,0.09885260370697264,-0.43
CloudStack,0,2,4,1,-4,-1.0,212,-2%,-0.02,0.9664607237422771,-0.02
CloudStack,0,1,3,1,-9,-3.0,56,-16%,-0.16,0.4439541041482789,-0.16
CloudStack,0,1,2,1,-2,-1.0,39,-5%,-0.05,0.8278905560458959,-0.05
CloudStack,0,1,5,1,-5,-1.0,138,-4%,-0.04,0.8826125330979699,-0.04
CloudStack,0,1,2,1,0,0.0,13,0%,0.0,0.9964695498676082,0.0
CloudStack,0,1,2,1,-6,-3.0,27,-22%,-0.22,0.3062665489849956,-0.22
CloudStack,0,2,2,1,-42,-21.0,127,-33%,-0.33,0.16681376875551632,-0.33
CloudStack,0,1,3,1,-9,-3.0,71,-13%,-0.13,0.5330979699911739,-0.13
CloudStack,0,2,3,1,-27,-9.0,91,-30%,-0.3,0.1968225948808473,-0.3
CloudStack,0,1,2,1,-6,-3.0,23,-26%,-0.26,0.24624889673433362,-0.26
CloudStack,0,2,2,1,-6,-3.0,23,-26%,-0.26,0.2471315092674316,-0.26
CloudStack,0,1,2,1,-14,-7.0,27,-52%,-0.52,0.05383936451897617,-0.52
CloudStack,0,1,2,1,-2,-1.0,68,-3%,-0.03,0.9249779346866726,-0.03
CloudStack,0,2,3,1,-6,-2.0,23,-26%,-0.26,0.24801412180052956,-0.26
CloudStack,0,2,2,1,-6,-3.0,60,-10%,-0.1,0.6116504854368932,-0.1
CloudStack,0,1,2,1,-6,-3.0,20,-30%,-0.3,0.1977052074139453,-0.3
CloudStack,0,1,2,1,-6,-3.0,10,-60%,-0.6,0.03353927625772286,-0.6
CloudStack,0,1,2,1,-6,-3.0,47,-13%,-0.13,0.5339805825242718,-0.13
CloudStack,0,2,2,1,-3,-1.5,24,-13%,-0.13,0.5348631950573698,-0.13
CloudStack,0,1,2,1,-10,-5.0,119,-8%,-0.08,0.676081200353045,-0.08
CloudStack,0,2,3,1,-3,-1.0,118,-3%,-0.03,0.9258605472197705,-0.03
CloudStack,0,2,2,1,-6,-3.0,110,-5%,-0.05,0.8287731685789939,-0.05
CloudStack,0,1,18,1,-54,-3.0,242,-22%,-0.22,0.30714916151809357,-0.22
CloudStack,0,2,4,1,-12,-3.0,40,-30%,-0.3,0.19858781994704325,-0.3
CloudStack,0,1,5,1,-17,-3.4,89,-19%,-0.19,0.383053839364519,-0.19
CloudStack,0,2,4,1,-12,-3.0,46,-26%,-0.26,0.24889673433362755,-0.26
CloudStack,0,1,3,1,-3,-1.0,29,-10%,-0.1,0.6125330979699912,-0.1
CloudStack,0,1,2,1,-2,-1.0,10,-20%,-0.2,0.3503971756398941,-0.2
CloudStack,0,1,12,1,-20,-1.666666667,147,-14%,-0.14,0.5048543689320388,-0.14
CloudStack,0,1,12,1,-12,-1.0,471,-3%,-0.03,0.9267431597528685,-0.03
CloudStack,0,1,4,1,-8,-2.0,114,-7%,-0.07,0.7131509267431597,-0.07
CloudStack,0,2,2,1,-10,-5.0,102,-10%,-0.1,0.6134157105030892,-0.1
CloudStack,0,1,2,1,-6,-3.0,21,-29%,-0.29,0.21712268314210062,-0.29
CloudStack,0,1,2,1,-6,-3.0,44,-14%,-0.14,0.5057369814651368,-0.14
CloudStack,0,2,3,1,-25,-8.333333333,79,-32%,-0.32,0.18093556928508384,-0.32
CloudStack,0,1,2,1,-10,-5.0,18,-56%,-0.56,0.04148278905560459,-0.56
CloudStack,0,1,2,1,-6,-3.0,15,-40%,-0.4,0.11827007943512798,-0.4
CloudStack,0,1,2,1,-2,-1.0,15,-13%,-0.13,0.5357458075904677,-0.13
CloudStack,0,1,6,1,-18,-3.0,69,-26%,-0.26,0.2497793468667255,-0.26
CloudStack,0,2,4,1,-4,-1.0,195,-2%,-0.02,0.9673433362753752,-0.02
CloudStack,0,1,2,1,-6,-3.0,26,-23%,-0.23,0.294792586054722,-0.23
CloudStack,0,1,8,1,-24,-3.0,93,-26%,-0.26,0.2506619593998235,-0.26
CloudStack,0,1,2,1,-2,-1.0,44,-5%,-0.05,0.8296557811120918,-0.05
CloudStack,0,2,2,1,-1,-0.5,18,-6%,-0.06,0.7616946160635482,-0.06
CloudStack,0,2,127,1,-126,-0.992125984,2854,-4%,-0.04,0.883495145631068,-0.04
CloudStack,0,2,8,1,-24,-3.0,133,-18%,-0.18,0.40335392762577227,-0.18
CloudStack,0,1,2,1,-2,-1.0,52,-4%,-0.04,0.884377758164166,-0.04
CloudStack,0,2,4,1,-20,-5.0,87,-23%,-0.23,0.29567519858781993,-0.23
CloudStack,0,1,4,1,-12,-3.0,57,-21%,-0.21,0.3327449249779347,-0.21
CloudStack,0,1,3,1,-3,-1.0,42,-7%,-0.07,0.7140335392762577,-0.07
CloudStack,0,1,2,1,-2,-1.0,88,-2%,-0.02,0.9682259488084731,-0.02
CloudStack,0,1,7,1,-21,-3.0,114,-18%,-0.18,0.4042365401588703,-0.18
CloudStack,0,1,2,1,-6,-3.0,17,-35%,-0.35,0.14827890556045895,-0.35
CloudStack,0,1,2,1,-6,-3.0,14,-43%,-0.43,0.0997352162400706,-0.43
CloudStack,0,1,2,1,-2,-1.0,12,-17%,-0.17,0.4236540158870256,-0.17
CloudStack,0,2,11,1,-12,-1.090909091,258,-5%,-0.05,0.8305383936451898,-0.05
CloudStack,0,2,5,1,-21,-4.2,61,-34%,-0.34,0.15357458075904679,-0.34
CloudStack,0,1,2,1,-8,-4.0,34,-24%,-0.24,0.2744924977934687,-0.24
CloudStack,0,1,2,1,-2,-1.0,29,-7%,-0.07,0.7149161518093556,-0.07
CloudStack,0,2,11,1,-33,-3.0,659,-5%,-0.05,0.8314210061782877,-0.05
CloudStack,0,2,4,1,-12,-3.0,248,-5%,-0.05,0.8323036187113857,-0.05
CloudStack,0,1,4,1,-4,-1.0,250,-2%,-0.02,0.9691085613415711,-0.02
CloudStack,0,1,5,1,-5,-1.0,161,-3%,-0.03,0.9276257722859664,-0.03
CloudStack,0,1,4,1,-4,-1.0,83,-5%,-0.05,0.8331862312444837,-0.05
CloudStack,0,1,2,1,-6,-3.0,10,-60%,-0.6,0.03442188879082083,-0.6
CloudStack,0,2,4,1,-4,-1.0,86,-5%,-0.05,0.8340688437775816,-0.05
CloudStack,0,1,3,1,-9,-3.0,68,-13%,-0.13,0.5366284201235657,-0.13
CloudStack,0,2,22,1,-22,-1.0,671,-3%,-0.03,0.9285083848190644,-0.03
CloudStack,0,2,11,1,-33,-3.0,194,-17%,-0.17,0.4245366284201236,-0.17
CloudStack,0,2,3,1,-9,-3.0,56,-16%,-0.16,0.44483671668137686,-0.16
CloudStack,0,2,5,1,-5,-1.0,64,-8%,-0.08,0.6769638128861429,-0.08
CloudStack,0,2,4,1,-11,-2.75,153,-7%,-0.07,0.7157987643424537,-0.07
CloudStack,0,1,2,1,-2,-1.0,18,-11%,-0.11,0.5798764342453663,-0.11
CloudStack,0,1,6,1,-6,-1.0,12,-50%,-0.5,0.06354810238305383,-0.5
CloudStack,0,1,6,1,-6,-1.0,27,-22%,-0.22,0.30803177405119153,-0.22
CloudStack,0,2,5,1,-5,-1.0,79,-6%,-0.06,0.7625772285966461,-0.06
CloudStack,0,1,2,1,-2,-1.0,5,-40%,-0.4,0.11915269196822595,-0.4
CloudStack,0,2,4,1,-2,-0.5,80,-3%,-0.03,0.9293909973521624,-0.03
CloudStack,0,1,3,1,-9,-3.0,27,-33%,-0.33,0.1676963812886143,-0.33
CloudStack,0,2,2,1,-2,-1.0,36,-6%,-0.06,0.7634598411297441,-0.06
CloudStack,0,2,25,1,-25,-1.0,757,-3%,-0.03,0.9302736098852604,-0.03
CloudStack,0,2,10,1,-30,-3.0,163,-18%,-0.18,0.40511915269196824,-0.18
CloudStack,0,2,7,1,-21,-3.0,240,-9%,-0.09,0.6451897616946161,-0.09
CloudStack,0,2,11,1,-11,-1.0,286,-4%,-0.04,0.8852603706972639,-0.04
CloudStack,0,2,10,1,-30,-3.0,71,-42%,-0.42,0.10856134157105031,-0.42
CloudStack,0,1,2,1,-12,-6.0,33,-36%,-0.36,0.14033539276257723,-0.36
CloudStack,0,1,4,1,-4,-1.0,106,-4%,-0.04,0.8861429832303619,-0.04
CloudStack,0,1,3,1,-11,-3.666666667,47,-23%,-0.23,0.2965578111209179,-0.23
CloudStack,0,1,3,1,-9,-3.0,16,-56%,-0.56,0.04236540158870256,-0.56
CloudStack,0,1,4,1,-4,-1.0,41,-10%,-0.1,0.6142983230361871,-0.1
CloudStack,0,1,2,1,-8,-4.0,13,-62%,-0.62,0.02824360105913504,-0.62
CloudStack,0,1,2,1,-2,-1.0,4,-50%,-0.5,0.06443071491615181,-0.5
CloudStack,0,1,2,1,0,0.0,32,0%,0.0,0.9973521624007061,0.0
CloudStack,0,2,3,1,-15,-5.0,48,-31%,-0.31,0.18976169461606354,-0.31
CloudStack,0,1,2,1,-6,-3.0,8,-75%,-0.75,0.01412180052956752,-0.75
CloudStack,0,1,2,1,-10,-5.0,28,-36%,-0.36,0.1412180052956752,-0.36
CloudStack,0,1,2,1,-2,-1.0,36,-6%,-0.06,0.764342453662842,-0.06
CloudStack,0,2,5,1,-25,-5.0,198,-13%,-0.13,0.5375110326566638,-0.13
CloudStack,0,1,5,1,-45,-9.0,69,-65%,-0.65,0.02294792586054722,-0.65
CloudStack,0,2,2,1,-6,-3.0,10,-60%,-0.6,0.0353045013239188,-0.6
CloudStack,0,2,4,1,-12,-3.0,65,-18%,-0.18,0.4060017652250662,-0.18
CloudStack,0,1,2,1,-6,-3.0,19,-32%,-0.32,0.18181818181818182,-0.32
CloudStack,0,1,4,1,-4,-1.0,78,-5%,-0.05,0.8349514563106796,-0.05
CloudStack,0,1,3,1,-3,-1.0,59,-5%,-0.05,0.8358340688437775,-0.05
CloudStack,0,2,3,1,-9,-3.0,78,-12%,-0.12,0.5613415710503089,-0.12
CloudStack,0,1,2,1,-2,-1.0,48,-4%,-0.04,0.8870255957634599,-0.04
CloudStack,0,1,9,1,-9,-1.0,86,-10%,-0.1,0.6151809355692851,-0.1
CloudStack,0,1,2,1,-10,-5.0,20,-50%,-0.5,0.06531332744924978,-0.5
CloudStack,0,1,3,1,-9,-3.0,81,-11%,-0.11,0.5807590467784642,-0.11
CloudStack,0,1,4,1,-20,-5.0,147,-14%,-0.14,0.5066195939982348,-0.14
CloudStack,0,1,2,1,-2,-1.0,23,-9%,-0.09,0.646072374227714,-0.09
CloudStack,0,1,2,1,-2,-1.0,10,-20%,-0.2,0.35127978817299205,-0.2
CloudStack,0,1,4,1,-12,-3.0,27,-44%,-0.44,0.09002647837599294,-0.44
CloudStack,0,1,2,1,-2,-1.0,13,-15%,-0.15,0.4766107678729038,-0.15
CloudStack,0,1,4,1,-4,-1.0,147,-3%,-0.03,0.9311562224183584,-0.03
CloudStack,0,1,2,1,-2,-1.0,59,-3%,-0.03,0.9320388349514563,-0.03
CloudStack,0,1,4,1,-12,-3.0,171,-7%,-0.07,0.7166813768755517,-0.07
CloudStack,0,2,6,1,-6,-1.0,84,-7%,-0.07,0.7175639894086496,-0.07
CloudStack,0,2,6,1,-18,-3.0,216,-8%,-0.08,0.677846425419241,-0.08
CloudStack,0,1,2,1,-10,-5.0,35,-29%,-0.29,0.21800529567519858,-0.29
CloudStack,0,1,2,1,-2,-1.0,16,-13%,-0.13,0.5383936451897617,-0.13
CloudStack,0,1,3,1,-3,-1.0,11,-27%,-0.27,0.23477493380406,-0.27
CloudStack,0,1,8,1,-8,-1.0,143,-6%,-0.06,0.76522506619594,-0.06
CloudStack,0,1,10,1,-10,-1.0,410,-2%,-0.02,0.969991173874669,-0.02
CloudStack,0,1,3,1,-12,-4.0,54,-22%,-0.22,0.3089143865842895,-0.22
CloudStack,0,1,2,1,0,0.0,0,,,,
CloudStack,0,2,11,1,-33,-3.0,392,-8%,-0.08,0.678729037952339,-0.08
CloudStack,0,2,10,1,-34,-3.4,212,-16%,-0.16,0.4457193292144748,-0.16
CloudStack,0,1,2,1,-6,-3.0,11,-55%,-0.55,0.04589585172109444,-0.55
CloudStack,0,1,2,1,-2,-1.0,9,-22%,-0.22,0.30979699911738745,-0.22
CloudStack,0,1,2,1,-2,-1.0,19,-11%,-0.11,0.5816416593115622,-0.11
CloudStack,0,1,5,1,-5,-1.0,70,-7%,-0.07,0.7184466019417476,-0.07
CloudStack,0,1,10,1,-38,-3.8,357,-11%,-0.11,0.5825242718446602,-0.11
CloudStack,0,2,2,1,-6,-3.0,98,-6%,-0.06,0.766107678729038,-0.06
CloudStack,0,1,4,1,-12,-3.0,60,-20%,-0.2,0.35216240070609,-0.2
CloudStack,0,1,4,1,-4,-1.0,23,-17%,-0.17,0.42541924095322153,-0.17
CloudStack,0,1,3,1,-9,-3.0,36,-25%,-0.25,0.26301853486319504,-0.25
CloudStack,0,1,4,1,-12,-3.0,70,-17%,-0.17,0.4263018534863195,-0.17
CloudStack,0,1,3,1,-9,-3.0,93,-10%,-0.1,0.6160635481023831,-0.1
CloudStack,0,2,5,1,-15,-3.0,72,-21%,-0.21,0.33362753751103263,-0.21
CloudStack,0,2,2,1,-10,-5.0,22,-45%,-0.45,0.08737864077669903,-0.45
CloudStack,0,1,2,1,-14,-7.0,40,-35%,-0.35,0.14916151809355693,-0.35
CloudStack,0,1,2,1,-2,-1.0,56,-4%,-0.04,0.8879082082965578,-0.04
CloudStack,0,1,2,1,-6,-3.0,7,-86%,-0.86,0.00617828773168579,-0.86
CloudStack,0,2,10,1,-50,-5.0,459,-11%,-0.11,0.5834068843777581,-0.11
CloudStack,0,2,2,1,-10,-5.0,74,-14%,-0.14,0.5075022065313327,-0.14
CloudStack,0,2,7,1,-7,-1.0,263,-3%,-0.03,0.9329214474845543,-0.03
CloudStack,0,2,2,1,-6,-3.0,43,-14%,-0.14,0.5083848190644307,-0.14
CloudStack,0,1,3,1,-3,-1.0,122,-2%,-0.02,0.970873786407767,-0.02
CloudStack,0,1,3,1,-3,-1.0,25,-12%,-0.12,0.5622241835834069,-0.12
CloudStack,0,2,2,1,-7,-3.5,27,-26%,-0.26,0.25154457193292146,-0.26
CloudStack,0,2,2,1,-3,-1.5,15,-20%,-0.2,0.353045013239188,-0.2
CloudStack,0,1,4,1,-4,-1.0,19,-21%,-0.21,0.33451015004413065,-0.21
CloudStack,0,1,7,1,-37,-5.285714286,41,-90%,-0.9,0.00353045013239188,-0.9
CloudStack,0,1,2,1,-8,-4.0,16,-50%,-0.5,0.06619593998234775,-0.5
CloudStack,0,1,3,1,-4,-1.333333333,16,-25%,-0.25,0.263901147396293,-0.25
CloudStack,0,1,8,1,-24,-3.0,60,-40%,-0.4,0.12003530450132392,-0.4
CloudStack,0,1,2,1,-10,-5.0,43,-23%,-0.23,0.2974404236540159,-0.23
CloudStack,0,1,2,1,-2,-1.0,13,-15%,-0.15,0.47749338040600176,-0.15
CloudStack,0,1,4,1,-8,-2.0,61,-13%,-0.13,0.5392762577228597,-0.13
CloudStack,0,1,6,1,-3,-0.5,58,-5%,-0.05,0.8367166813768756,-0.05
CloudStack,0,1,2,1,0,0.0,0,,,,
CloudStack,0,2,26,1,-76,-2.923076923,712,-11%,-0.11,0.5842894969108562,-0.11
CloudStack,0,1,10,1,-30,-3.0,193,-16%,-0.16,0.44660194174757284,-0.16
CloudStack,0,2,2,1,-6,-3.0,42,-14%,-0.14,0.5092674315975286,-0.14
CloudStack,0,1,3,1,-3,-1.0,24,-13%,-0.13,0.5401588702559577,-0.13
CloudStack,0,1,4,1,-4,-1.0,180,-2%,-0.02,0.971756398940865,-0.02
CloudStack,0,1,2,1,-30,-15.0,114,-26%,-0.26,0.2524271844660194,-0.26
CloudStack,0,1,2,1,-10,-5.0,53,-19%,-0.19,0.38393645189761694,-0.19
CloudStack,0,1,2,1,-6,-3.0,30,-20%,-0.2,0.353927625772286,-0.2
CloudStack,0,1,2,1,-10,-5.0,24,-42%,-0.42,0.10944395410414828,-0.42
CloudStack,0,2,3,1,-9,-3.0,47,-19%,-0.19,0.3848190644307149,-0.19
CloudStack,0,2,5,1,0,0.0,0,,,,
CloudStack,0,1,2,1,-6,-3.0,16,-38%,-0.38,0.13503971756398941,-0.38
CloudStack,0,1,5,1,0,0.0,36,0%,0.0,0.9982347749338041,0.0
CloudStack,0,1,2,1,-14,-7.0,18,-78%,-0.78,0.009708737864077669,-0.78
CloudStack,0,1,2,1,-4,-2.0,75,-5%,-0.05,0.8375992939099736,-0.05
CloudStack,0,1,5,1,-5,-1.0,122,-4%,-0.04,0.8887908208296558,-0.04
CloudStack,0,1,2,1,-2,-1.0,52,-4%,-0.04,0.8896734333627537,-0.04
CloudStack,0,1,2,1,-2,-1.0,43,-5%,-0.05,0.8384819064430715,-0.05
CloudStack,0,1,4,1,-12,-3.0,51,-24%,-0.24,0.27537511032656664,-0.24
CloudStack,0,1,3,1,-21,-7.0,48,-44%,-0.44,0.09090909090909091,-0.44
CloudStack,0,1,2,1,-2,-1.0,25,-8%,-0.08,0.6796116504854369,-0.08
CloudStack,0,2,5,1,-10,-2.0,73,-14%,-0.14,0.5101500441306267,-0.14
CloudStack,0,1,2,1,-10,-5.0,68,-15%,-0.15,0.4783759929390997,-0.15
CloudStack,0,2,2,1,-6,-3.0,68,-9%,-0.09,0.646954986760812,-0.09
CloudStack,0,1,2,1,0,0.0,0,,,,
CloudStack,0,2,3,1,-9,-3.0,72,-13%,-0.13,0.5410414827890556,-0.13
CloudStack,0,2,6,1,-30,-5.0,203,-15%,-0.15,0.47925860547219773,-0.15
CloudStack,0,2,3,1,-21,-7.0,126,-17%,-0.17,0.42718446601941745,-0.17
CloudStack,0,2,8,1,-24,-3.0,125,-19%,-0.19,0.3857016769638129,-0.19
CloudStack,0,2,2,1,-6,-3.0,69,-9%,-0.09,0.6478375992939099,-0.09
CloudStack,0,2,4,1,-13,-3.25,117,-11%,-0.11,0.5851721094439541,-0.11
CloudStack,0,2,5,1,-5,-1.0,250,-2%,-0.02,0.9726390114739629,-0.02
CloudStack,0,1,2,1,-6,-3.0,70,-9%,-0.09,0.6487202118270079,-0.09
CloudStack,0,1,2,1,-2,-1.0,29,-7%,-0.07,0.7193292144748455,-0.07
CloudStack,0,1,2,1,-2,-1.0,60,-3%,-0.03,0.9338040600176523,-0.03
CloudStack,0,1,2,1,-2,-1.0,34,-6%,-0.06,0.7669902912621359,-0.06
CloudStack,0,1,2,1,-10,-5.0,19,-53%,-0.53,0.05207413945278023,-0.53
CloudStack,0,1,2,1,-6,-3.0,14,-43%,-0.43,0.10061782877316858,-0.43
CloudStack,0,1,2,1,-6,-3.0,9,-67%,-0.67,0.02118270079435128,-0.67
CloudStack,0,2,18,1,-18,-1.0,720,-3%,-0.03,0.9346866725507502,-0.03
CloudStack,0,2,4,1,-12,-3.0,140,-9%,-0.09,0.649602824360106,-0.09
CloudStack,0,2,5,1,-15,-3.0,68,-22%,-0.22,0.3106796116504854,-0.22
CloudStack,0,1,2,1,-2,-1.0,19,-11%,-0.11,0.5860547219770521,-0.11
CloudStack,0,1,2,1,-2,-1.0,40,-5%,-0.05,0.8393645189761695,-0.05
CloudStack,0,2,4,1,-12,-3.0,185,-6%,-0.06,0.7678729037952339,-0.06
CloudStack,0,1,2,1,-6,-3.0,20,-30%,-0.3,0.1994704324801412,-0.3
CloudStack,0,1,2,1,0,0.0,10,0%,0.0,0.999117387466902,0.0
CloudStack,0,1,2,1,-18,-9.0,36,-50%,-0.5,0.06707855251544571,-0.5
CloudStack,0,2,5,1,-45,-9.0,160,-28%,-0.28,0.22418358340688438,-0.28
CloudStack,0,2,3,1,-15,-5.0,37,-41%,-0.41,0.11297440423654016,-0.41
CloudStack,0,1,2,1,-10,-5.0,24,-42%,-0.42,0.11032656663724624,-0.42
CloudStack,0,1,3,1,-9,-3.0,22,-41%,-0.41,0.11385701676963812,-0.41
CloudStack,0,1,4,1,-12,-3.0,25,-48%,-0.48,0.07325684024713151,-0.48
CloudStack,0,2,3,1,-15,-5.0,49,-31%,-0.31,0.19064430714916153,-0.31
CloudStack,0,1,3,1,-9,-3.0,14,-64%,-0.64,0.02559576345984113,-0.64
CloudStack,0,2,4,1,-12,-3.0,50,-24%,-0.24,0.2762577228596646,-0.24
CloudStack,0,1,2,1,-2,-1.0,18,-11%,-0.11,0.5869373345101501,-0.11
CloudStack,0,2,3,1,-3,-1.0,46,-7%,-0.07,0.7202118270079435,-0.07
CloudStack,0,1,9,1,-9,-1.0,55,-16%,-0.16,0.4474845542806708,-0.16
CloudStack,0,2,18,1,-54,-3.0,523,-10%,-0.1,0.616946160635481,-0.1
CloudStack,0,1,2,1,-2,-1.0,30,-7%,-0.07,0.7210944395410415,-0.07
CloudStack,0,1,2,1,-2,-1.0,17,-12%,-0.12,0.5631067961165048,-0.12
CloudStack,0,2,2,1,-5,-2.5,71,-7%,-0.07,0.7219770520741394,-0.07
CloudStack,0,1,2,1,-5,-2.5,5,-100%,-1.0,0.00176522506619594,-1.0
CloudStack,0,2,16,1,-48,-3.0,1025,-5%,-0.05,0.8402471315092674,-0.05
CloudStack,0,2,27,1,-75,-2.777777778,547,-14%,-0.14,0.5110326566637247,-0.14
CloudStack,0,2,10,1,-10,-1.0,195,-5%,-0.05,0.8411297440423654,-0.05
CloudStack,0,2,15,1,-26,-1.733333333,373,-7%,-0.07,0.7228596646072374,-0.07
CloudStack,0,2,2,1,-6,-3.0,49,-12%,-0.12,0.5639894086496028,-0.12
CloudStack,0,2,14,1,-42,-3.0,121,-35%,-0.35,0.1500441306266549,-0.35
CloudStack,0,2,4,1,-12,-3.0,85,-14%,-0.14,0.5119152691968226,-0.14
CloudStack,0,1,2,1,-6,-3.0,7,-86%,-0.86,0.00706090026478376,-0.86
CloudStack,0,1,4,1,-4,-1.0,171,-2%,-0.02,0.9735216240070609,-0.02
CloudStack,0,1,2,1,-2,-1.0,10,-20%,-0.2,0.35481023830538394,-0.2
CloudStack,0,1,4,1,-4,-1.0,95,-4%,-0.04,0.8905560458958517,-0.04
CloudStack,0,1,3,1,-3,-1.0,61,-5%,-0.05,0.8420123565754634,-0.05
CloudStack,0,1,2,1,-2,-1.0,76,-3%,-0.03,0.9355692850838482,-0.03
CloudStack,0,1,7,1,-7,-1.0,108,-6%,-0.06,0.7687555163283318,-0.06
CloudStack,0,2,2,1,-6,-3.0,21,-29%,-0.29,0.21888790820829657,-0.29
CloudStack,0,2,18,1,-18,-1.0,333,-5%,-0.05,0.8428949691085613,-0.05
CloudStack,0,1,4,1,-4,-1.0,40,-10%,-0.1,0.617828773168579,-0.1
CloudStack,0,2,2,1,-2,-1.0,25,-8%,-0.08,0.6804942630185349,-0.08
CloudStack,0,2,4,1,-4,-1.0,95,-4%,-0.04,0.8914386584289496,-0.04
CloudStack,0,2,2,1,-6,-3.0,29,-21%,-0.21,0.3353927625772286,-0.21
CloudStack,0,2,21,1,-21,-1.0,638,-3%,-0.03,0.9364518976169461,-0.03
CloudStack,0,2,10,1,-30,-3.0,249,-12%,-0.12,0.5648720211827007,-0.12
CloudStack,0,1,4,1,-14,-3.5,54,-26%,-0.26,0.2533097969991174,-0.26
CloudStack,0,2,3,1,-2,-0.666666667,88,-2%,-0.02,0.9744042365401588,-0.02
CloudStack,0,1,4,1,-4,-1.0,72,-6%,-0.06,0.7696381288614298,-0.06
CloudStack,0,1,7,1,-7,-1.0,347,-2%,-0.02,0.9752868490732568,-0.02
CloudStack,0,2,21,1,-21,-1.0,463,-5%,-0.05,0.8437775816416593,-0.05
CloudStack,0,2,19,1,-22,-1.157894737,482,-5%,-0.05,0.8446601941747572,-0.05
CloudStack,0,1,2,1,-2,-1.0,39,-5%,-0.05,0.8455428067078552,-0.05
CloudStack,0,1,2,1,-6,-3.0,84,-7%,-0.07,0.7237422771403353,-0.07
CloudStack,0,1,2,1,-2,-1.0,34,-6%,-0.06,0.7705207413945278,-0.06
CloudStack,0,1,3,1,-9,-3.0,13,-69%,-0.69,0.0176522506619594,-0.69
CloudStack,0,1,3,1,-9,-3.0,12,-75%,-0.75,0.01500441306266549,-0.75
CloudStack,0,1,2,1,-2,-1.0,25,-8%,-0.08,0.6813768755516328,-0.08
CloudStack,0,1,2,1,-10,-5.0,41,-24%,-0.24,0.27714033539276256,-0.24
CloudStack,0,1,2,1,-6,-3.0,78,-8%,-0.08,0.6822594880847308,-0.08
CloudStack,0,1,2,1,-8,-4.0,30,-27%,-0.27,0.235657546337158,-0.27
CloudStack,0,1,2,1,-4,-2.0,30,-13%,-0.13,0.5419240953221536,-0.13
CloudStack,0,2,2,1,-6,-3.0,32,-19%,-0.19,0.38658428949691087,-0.19
CloudStack,0,1,4,1,-12,-3.0,60,-20%,-0.2,0.3556928508384819,-0.2
CloudStack,0,2,51,1,-51,-1.0,1499,-3%,-0.03,0.9373345101500441,-0.03
CloudStack,0,1,2,1,-6,-3.0,84,-7%,-0.07,0.7246248896734334,-0.07
CloudStack,0,1,2,1,-5,-2.5,15,-33%,-0.33,0.16857899382171226,-0.33
CloudStack,0,2,32,1,-99,-3.09375,963,-10%,-0.1,0.6187113857016769,-0.1
CloudStack,0,2,18,1,-53,-2.944444444,411,-13%,-0.13,0.5428067078552515,-0.13
CloudStack,0,2,22,1,-22,-1.0,506,-4%,-0.04,0.8923212709620476,-0.04
CloudStack,0,2,9,1,-27,-3.0,249,-11%,-0.11,0.587819947043248,-0.11
CloudStack,0,2,4,1,-14,-3.5,170,-8%,-0.08,0.6831421006178288,-0.08
CloudStack,0,2,5,1,-5,-1.0,93,-5%,-0.05,0.8464254192409533,-0.05
CloudStack,0,2,4,1,-14,-3.5,98,-14%,-0.14,0.5127978817299206,-0.14
CloudStack,0,2,2,1,-6,-3.0,31,-19%,-0.19,0.38746690203000883,-0.19
CloudStack,0,1,2,1,-2,-1.0,35,-6%,-0.06,0.7714033539276258,-0.06
CloudStack,0,1,2,1,-2,-1.0,55,-4%,-0.04,0.8932038834951457,-0.04
CloudStack,0,1,2,1,-2,-1.0,52,-4%,-0.04,0.8940864960282436,-0.04
CloudStack,0,1,2,1,-2,-1.0,20,-10%,-0.1,0.6195939982347749,-0.1
CloudStack,0,1,6,1,-6,-1.0,275,-2%,-0.02,0.9761694616063548,-0.02
CloudStack,0,1,4,1,-12,-3.0,30,-40%,-0.4,0.1209179170344219,-0.4
CloudStack,0,1,3,1,-9,-3.0,36,-25%,-0.25,0.264783759929391,-0.25
CloudStack,0,2,2,1,-6,-3.0,30,-20%,-0.2,0.35657546337157986,-0.2
CloudStack,0,1,2,1,-2,-1.0,6,-33%,-0.33,0.16946160635481025,-0.33
CloudStack,0,1,2,1,-10,-5.0,27,-37%,-0.37,0.13768755516328332,-0.37
CloudStack,0,2,5,1,-35,-7.0,65,-54%,-0.54,0.05030891438658429,-0.54
CloudStack,0,1,4,1,-14,-3.5,70,-20%,-0.2,0.3574580759046778,-0.2
CloudStack,0,1,2,1,-8,-4.0,30,-27%,-0.27,0.23654015887025595,-0.27
CloudStack,0,2,10,1,-30,-3.0,579,-5%,-0.05,0.8473080317740512,-0.05
CloudStack,0,1,5,1,-45,-9.0,66,-68%,-0.68,0.018534863195057368,-0.68
CloudStack,0,1,2,1,-6,-3.0,32,-19%,-0.19,0.3883495145631068,-0.19
CloudStack,0,2,66,1,-66,-1.0,2003,-3%,-0.03,0.9382171226831421,-0.03
CloudStack,0,1,2,1,-6,-3.0,29,-21%,-0.21,0.33627537511032657,-0.21
CloudStack,0,1,2,1,-14,-7.0,53,-26%,-0.26,0.25419240953221534,-0.26
CloudStack,0,1,2,1,-10,-5.0,26,-38%,-0.38,0.13592233009708737,-0.38
CloudStack,0,1,3,1,-3,-1.0,112,-3%,-0.03,0.93909973521624,-0.03
CloudStack,0,1,9,1,-9,-1.0,339,-3%,-0.03,0.9399823477493381,-0.03
CloudStack,0,1,3,1,-15,-5.0,35,-43%,-0.43,0.10150044130626655,-0.43
CloudStack,0,1,2,1,-2,-1.0,70,-3%,-0.03,0.940864960282436,-0.03
CloudStack,0,1,3,1,-3,-1.0,12,-25%,-0.25,0.265666372462489,-0.25
CloudStack,0,1,3,1,-15,-5.0,45,-33%,-0.33,0.1703442188879082,-0.33
CloudStack,0,2,2,1,-6,-3.0,30,-20%,-0.2,0.35834068843777583,-0.2
CloudStack,0,2,18,1,-19,-1.055555556,624,-3%,-0.03,0.941747572815534,-0.03
CloudStack,0,1,5,1,-15,-3.0,18,-83%,-0.83,0.00794351279788173,-0.83
CloudStack,0,2,2,1,-6,-3.0,28,-21%,-0.21,0.33715798764342453,-0.21
CloudStack,0,1,2,1,-2,-1.0,10,-20%,-0.2,0.3592233009708738,-0.2
CloudStack,0,1,2,1,-6,-3.0,11,-55%,-0.55,0.04677846425419241,-0.55
CloudStack,0,1,2,1,-2,-1.0,13,-15%,-0.15,0.4801412180052957,-0.15
CloudStack,0,1,9,1,-10,-1.111111111,124,-8%,-0.08,0.6840247131509267,-0.08
CloudStack,0,1,2,1,-2,-1.0,8,-25%,-0.25,0.26654898499558694,-0.25
CloudStack,0,1,4,1,-28,-7.0,180,-16%,-0.16,0.44836716681376876,-0.16
CloudStack,0,2,3,1,-9,-3.0,84,-11%,-0.11,0.588702559576346,-0.11
CloudStack,0,1,3,1,-17,-5.666666667,28,-61%,-0.61,0.02912621359223301,-0.61
CloudStack,0,1,2,1,-6,-3.0,116,-5%,-0.05,0.8481906443071492,-0.05
CloudStack,0,1,3,1,-9,-3.0,39,-23%,-0.23,0.29832303618711387,-0.23
CloudStack,0,1,3,1,-15,-5.0,33,-45%,-0.45,0.088261253309797,-0.45
CloudStack,0,2,2,1,-2,-1.0,39,-5%,-0.05,0.8490732568402471,-0.05
CloudStack,0,1,4,1,-4,-1.0,97,-4%,-0.04,0.8949691085613416,-0.04
CloudStack,0,1,2,1,-2,-1.0,33,-6%,-0.06,0.7722859664607238,-0.06
CloudStack,0,1,2,1,-6,-3.0,19,-32%,-0.32,0.18270079435127978,-0.32
CloudStack,0,1,2,1,-12,-6.0,12,-100%,-1.0,0.00264783759929391,-1.0
CloudStack,0,2,2,1,-6,-3.0,90,-7%,-0.07,0.7255075022065314,-0.07
CloudStack,0,1,2,1,-3,-1.5,11,-27%,-0.27,0.23742277140335394,-0.27
CloudStack,0,1,2,1,-6,-3.0,16,-38%,-0.38,0.13680494263018536,-0.38
CloudStack,0,1,2,1,-2,-1.0,16,-13%,-0.13,0.5436893203883495,-0.13
CloudStack,0,2,4,1,-20,-5.0,120,-17%,-0.17,0.42806707855251547,-0.17
CloudStack,0,2,14,1,-70,-5.0,461,-15%,-0.15,0.48102383053839365,-0.15
CloudStack,0,2,17,1,-17,-1.0,555,-3%,-0.03,0.942630185348632,-0.03
CloudStack,0,2,6,1,-5,-0.833333333,133,-4%,-0.04,0.8958517210944396,-0.04
CloudStack,0,2,2,1,-6,-3.0,13,-46%,-0.46,0.08031774051191527,-0.46
CloudStack,0,2,2,1,-2,-1.0,111,-2%,-0.02,0.9770520741394528,-0.02
CloudStack,0,1,2,1,-2,-1.0,130,-2%,-0.02,0.9779346866725508,-0.02
CloudStack,0,2,6,1,-21,-3.5,193,-11%,-0.11,0.589585172109444,-0.11
CloudStack,0,2,4,1,-12,-3.0,156,-8%,-0.08,0.6849073256840247,-0.08
CloudStack,0,2,3,1,-3,-1.0,112,-3%,-0.03,0.9435127978817299,-0.03
CloudStack,0,2,2,1,-6,-3.0,117,-5%,-0.05,0.8499558693733451,-0.05
CloudStack,0,2,2,1,-6,-3.0,147,-4%,-0.04,0.8967343336275375,-0.04
CloudStack,0,1,2,1,-2,-1.0,33,-6%,-0.06,0.7731685789938217,-0.06
CloudStack,0,1,8,1,-24,-3.0,160,-15%,-0.15,0.4819064430714916,-0.15
CloudStack,0,2,2,1,-6,-3.0,10,-60%,-0.6,0.03618711385701677,-0.6
CloudStack,0,1,3,1,-21,-7.0,95,-22%,-0.22,0.3115622241835834,-0.22
CloudStack,0,2,2,1,-12,-6.0,20,-60%,-0.6,0.037069726390114736,-0.6
CloudStack,0,1,2,1,-6,-3.0,24,-25%,-0.25,0.2674315975286849,-0.25
CloudStack,0,1,2,1,-2,-1.0,10,-20%,-0.2,0.36010591350397175,-0.2
CloudStack,0,2,2,1,-2,-1.0,47,-4%,-0.04,0.8976169461606355,-0.04
CloudStack,0,1,2,1,-22,-11.0,48,-46%,-0.46,0.08120035304501325,-0.46
CloudStack,0,2,2,1,-6,-3.0,49,-12%,-0.12,0.5657546337157988,-0.12
CloudStack,0,1,2,1,-14,-7.0,26,-54%,-0.54,0.05119152691968226,-0.54
CloudStack,0,1,4,1,-4,-1.0,180,-2%,-0.02,0.9788172992056487,-0.02
CloudStack,0,1,3,1,-3,-1.0,24,-13%,-0.13,0.5445719329214475,-0.13
CloudStack,0,1,3,1,0,0.0,18,0%,0.0,1.0,0.0
CloudStack,0,1,9,1,-9,-1.0,339,-3%,-0.03,0.9443954104148279,-0.03
CloudStack,0,1,2,1,-2,-1.0,9,-22%,-0.22,0.3124448367166814,-0.22
CloudStack,0,1,2,1,-6,-3.0,77,-8%,-0.08,0.6857899382171226,-0.08
CloudStack,0,2,4,1,-8,-2.0,201,-4%,-0.04,0.8984995586937334,-0.04
CloudStack,0,1,2,1,-3,-1.5,19,-16%,-0.16,0.4492497793468667,-0.16
CloudStack,0,1,2,1,-6,-3.0,27,-22%,-0.22,0.31332744924977934,-0.22
CloudStack,0,2,4,1,-12,-3.0,66,-18%,-0.18,0.40688437775816416,-0.18
CloudStack,0,1,4,1,-12,-3.0,120,-10%,-0.1,0.6204766107678729,-0.1
CloudStack,0,1,3,1,-6,-2.0,44,-14%,-0.14,0.5136804942630185,-0.14
CloudStack,0,1,2,1,-2,-1.0,25,-8%,-0.08,0.6866725507502206,-0.08
CloudStack,0,1,4,1,-44,-11.0,66,-67%,-0.67,0.02206531332744925,-0.67
CloudStack,0,1,2,1,-6,-3.0,8,-75%,-0.75,0.01588702559576346,-0.75
CloudStack,0,1,2,1,-6,-3.0,28,-21%,-0.21,0.3380406001765225,-0.21
CloudStack,0,1,3,1,-15,-5.0,18,-83%,-0.83,0.0088261253309797,-0.83
CloudStack,0,1,3,1,-11,-3.666666667,20,-55%,-0.55,0.04766107678729038,-0.55
CloudStack,0,1,2,1,-2,-1.0,10,-20%,-0.2,0.3609885260370697,-0.2
CloudStack,0,1,4,1,-28,-7.0,37,-76%,-0.76,0.01323918799646955,-0.76
CloudStack,0,2,18,1,-55,-3.055555556,322,-17%,-0.17,0.4289496910856134,-0.17
CloudStack,0,2,3,1,-9,-3.0,68,-13%,-0.13,0.5454545454545454,-0.13
CloudStack,0,1,3,1,-9,-3.0,27,-33%,-0.33,0.17122683142100617,-0.33
CloudStack,0,1,3,1,-9,-3.0,73,-12%,-0.12,0.5666372462488968,-0.12
CloudStack,0,1,2,1,-10,-5.0,53,-19%,-0.19,0.38923212709620475,-0.19
CloudStack,0,1,2,1,-10,-5.0,130,-8%,-0.08,0.6875551632833187,-0.08
CloudStack,0,2,5,1,-25,-5.0,104,-24%,-0.24,0.2780229479258605,-0.24
CloudStack,0,2,7,1,-21,-3.0,147,-14%,-0.14,0.5145631067961165,-0.14
CloudStack,0,2,2,1,-6,-3.0,10,-60%,-0.6,0.03795233892321271,-0.6
CloudStack,0,1,2,1,-2,-1.0,4,-50%,-0.5,0.06796116504854369,-0.5
CloudStack,0,2,2,1,-6,-3.0,57,-11%,-0.11,0.5904677846425419,-0.11
CloudStack,0,1,3,1,-51,-17.0,118,-43%,-0.43,0.10238305383936452,-0.43
CloudStack,0,1,2,1,-6,-3.0,11,-55%,-0.55,0.04854368932038835,-0.55
CloudStack,0,2,5,1,-5,-1.0,73,-7%,-0.07,0.7263901147396293,-0.07
CloudStack,0,1,3,1,-9,-3.0,62,-15%,-0.15,0.48278905560458957,-0.15
CloudStack,0,1,2,1,-6,-3.0,18,-33%,-0.33,0.17210944395410416,-0.33
Commons-Compress,0,2,5,1,-7,-1.4,54,-13%,-0.13,1.0,-0.13
Commons-Compress,0,1,4,1,-4,-1.0,5,-80%,-0.8,0.5,-0.8
Commons-Configuration,0,1,3,1,-9,-3.0,17,-53%,-0.53,0.19607843137254902,-0.53
Commons-Configuration,0,1,2,1,-2,-1.0,4,-50%,-0.5,0.21568627450980393,-0.5
Commons-Configuration,0,2,2,1,-6,-3.0,9,-67%,-0.67,0.0392156862745098,-0.67
Commons-Configuration,0,1,2,1,-2,-1.0,7,-29%,-0.29,0.5686274509803921,-0.29
Commons-Configuration,0,1,2,1,-2,-1.0,8,-25%,-0.25,0.6666666666666666,-0.25
Commons-Configuration,0,2,4,1,-12,-3.0,20,-60%,-0.6,0.0784313725490196,-0.6
Commons-Configuration,0,1,2,1,0,0.0,10,0%,0.0,0.9803921568627451,0.0
Commons-Configuration,0,1,9,1,-9,-1.0,23,-39%,-0.39,0.37254901960784315,-0.39
Commons-Configuration,0,1,2,1,-6,-3.0,13,-46%,-0.46,0.29411764705882354,-0.46
Commons-Configuration,0,1,3,1,-3,-1.0,6,-50%,-0.5,0.23529411764705882,-0.5
Commons-Configuration,0,1,2,1,-2,-1.0,4,-50%,-0.5,0.2549019607843137,-0.5
Commons-Configuration,0,1,2,1,-6,-3.0,26,-23%,-0.23,0.7058823529411765,-0.23
Commons-Configuration,0,1,5,1,-15,-3.0,38,-39%,-0.39,0.39215686274509803,-0.39
Commons-Configuration,0,1,3,1,-7,-2.333333333,16,-44%,-0.44,0.3137254901960784,-0.44
Commons-Configuration,0,1,2,1,-2,-1.0,6,-33%,-0.33,0.45098039215686275,-0.33
Commons-Configuration,0,1,4,1,-4,-1.0,14,-29%,-0.29,0.5882352941176471,-0.29
Commons-Configuration,0,1,8,1,-8,-1.0,33,-24%,-0.24,0.6862745098039216,-0.24
Commons-Configuration,0,1,9,1,-9,-1.0,32,-28%,-0.28,0.6078431372549019,-0.28
Commons-Configuration,0,1,2,1,-6,-3.0,8,-75%,-0.75,0.0196078431372549,-0.75
Commons-Configuration,0,1,2,1,-2,-1.0,11,-18%,-0.18,0.9215686274509803,-0.18
Commons-Configuration,0,1,4,1,-4,-1.0,15,-27%,-0.27,0.6274509803921569,-0.27
Commons-Configuration,0,1,2,1,-2,-1.0,6,-33%,-0.33,0.47058823529411764,-0.33
Commons-Configuration,0,1,6,1,-6,-1.0,18,-33%,-0.33,0.49019607843137253,-0.33
Commons-Configuration,0,1,3,1,-3,-1.0,13,-23%,-0.23,0.7254901960784313,-0.23
Commons-Configuration,0,1,2,1,-3,-1.5,5,-60%,-0.6,0.09803921568627451,-0.6
Commons-Configuration,0,1,2,1,-4,-2.0,6,-67%,-0.67,0.058823529411764705,-0.67
Commons-Configuration,0,1,3,1,-3,-1.0,17,-18%,-0.18,0.9411764705882353,-0.18
Commons-Configuration,0,1,2,1,-6,-3.0,14,-43%,-0.43,0.3333333333333333,-0.43
Commons-Configuration,0,1,5,1,-5,-1.0,22,-23%,-0.23,0.7450980392156863,-0.23
Commons-Configuration,0,1,2,1,-4,-2.0,11,-36%,-0.36,0.43137254901960786,-0.36
Commons-Configuration,0,2,2,1,-6,-3.0,26,-23%,-0.23,0.7647058823529411,-0.23
Commons-Configuration,0,1,2,1,-2,-1.0,11,-18%,-0.18,0.9607843137254902,-0.18
Commons-Configuration,0,1,5,1,-21,-4.2,38,-55%,-0.55,0.1568627450980392,-0.55
Commons-Configuration,0,1,2,1,0,0.0,7,0%,0.0,1.0,0.0
Commons-Configuration,0,1,3,1,-3,-1.0,14,-21%,-0.21,0.8627450980392157,-0.21
Commons-Configuration,0,1,2,1,-3,-1.5,5,-60%,-0.6,0.11764705882352941,-0.6
Commons-Configuration,0,1,3,1,-9,-3.0,18,-50%,-0.5,0.27450980392156865,-0.5
Commons-Configuration,0,2,3,1,-7,-2.333333333,30,-23%,-0.23,0.7843137254901961,-0.23
Commons-Configuration,0,1,2,1,-2,-1.0,6,-33%,-0.33,0.5098039215686274,-0.33
Commons-Configuration,0,1,3,1,-3,-1.0,9,-33%,-0.33,0.5294117647058824,-0.33
Commons-Configuration,0,1,3,1,-3,-1.0,11,-27%,-0.27,0.6470588235294118,-0.27
Commons-Configuration,0,2,18,1,-36,-2.0,67,-54%,-0.54,0.17647058823529413,-0.54
Commons-Configuration,0,2,8,1,-14,-1.75,43,-33%,-0.33,0.5490196078431373,-0.33
Commons-Configuration,0,2,8,1,-16,-2.0,41,-39%,-0.39,0.4117647058823529,-0.39
Commons-Configuration,0,1,3,1,-6,-2.0,10,-60%,-0.6,0.13725490196078433,-0.6
Commons-Configuration,0,1,3,1,-3,-1.0,13,-23%,-0.23,0.803921568627451,-0.23
Commons-Configuration,0,1,3,1,-3,-1.0,16,-19%,-0.19,0.8823529411764706,-0.19
Commons-Configuration,0,1,2,1,-2,-1.0,5,-40%,-0.4,0.35294117647058826,-0.4
Commons-Configuration,0,1,2,1,-2,-1.0,9,-22%,-0.22,0.8235294117647058,-0.22
Commons-Configuration,0,1,3,1,-3,-1.0,16,-19%,-0.19,0.9019607843137255,-0.19
Commons-Configuration,0,1,7,1,-7,-1.0,32,-22%,-0.22,0.8431372549019608,-0.22
Commons-DbUtils,0,1,2,1,-6,-3.0,14,-43%,-0.43,0.16666666666666666,-0.43
Commons-DbUtils,0,1,5,1,-5,-1.0,37,-14%,-0.14,0.8333333333333334,-0.14
Commons-DbUtils,0,1,2,1,-6,-3.0,14,-43%,-0.43,0.3333333333333333,-0.43
Commons-DbUtils,0,1,5,1,-5,-1.0,37,-14%,-0.14,1.0,-0.14
Commons-DbUtils,0,1,7,1,-21,-3.0,49,-43%,-0.43,0.5,-0.43
Commons-DbUtils,0,1,11,1,-11,-1.0,63,-17%,-0.17,0.6666666666666666,-0.17
Commons-Email,0,1,2,1,-2,-1.0,2,-100%,-1.0,1.0,-1.0
Commons-IO,0,1,3,1,-7,-2.333333333,10,-70%,-0.7,0.16666666666666666,-0.7
Commons-IO,0,1,3,1,-6,-2.0,9,-67%,-0.67,0.3333333333333333,-0.67
Commons-IO,0,1,5,1,-5,-1.0,17,-29%,-0.29,0.5,-0.29
Commons-IO,0,1,2,1,-2,-1.0,8,-25%,-0.25,0.6666666666666666,-0.25
Commons-IO,0,1,21,1,-21,-1.0,231,-9%,-0.09,1.0,-0.09
Commons-IO,0,1,21,1,-21,-1.0,126,-17%,-0.17,0.8333333333333334,-0.17
Commons-Text,0,1,11,1,0,0.0,55,0%,0.0,1.0,0.0
Continuum,0,1,12,1,-36,-3.0,79,-46%,-0.46,0.6666666666666666,-0.46
Continuum,0,1,4,1,-4,-1.0,22,-18%,-0.18,1.0,-0.18
Continuum,0,1,2,1,-6,-3.0,6,-100%,-1.0,0.3333333333333333,-1.0
Crunch,0,1,8,1,-8,-1.0,76,-11%,-0.11,0.875,-0.11
Crunch,0,1,2,1,-2,-1.0,8,-25%,-0.25,0.625,-0.25
Crunch,0,1,4,1,-20,-5.0,27,-74%,-0.74,0.25,-0.74
Crunch,0,2,2,1,-6,-3.0,12,-50%,-0.5,0.5,-0.5
Crunch,0,2,2,1,-14,-7.0,20,-70%,-0.7,0.375,-0.7
Crunch,0,1,5,1,-5,-1.0,24,-21%,-0.21,0.75,-0.21
Crunch,0,1,5,1,-25,-5.0,31,-81%,-0.81,0.125,-0.81
Crunch,0,1,6,1,0,0.0,18,0%,0.0,1.0,0.0
CXF,0,2,3,1,-12,-4.0,55,-22%,-0.22,0.3021978021978022,-0.22
CXF,0,1,2,1,-10,-5.0,26,-38%,-0.38,0.17032967032967034,-0.38
CXF,0,2,2,1,-6,-3.0,66,-9%,-0.09,0.6373626373626373,-0.09
CXF,0,1,3,1,-21,-7.0,28,-75%,-0.75,0.03296703296703297,-0.75
CXF,0,2,3,1,-11,-3.666666667,53,-21%,-0.21,0.3516483516483517,-0.21
CXF,0,1,5,1,0,0.0,62,0%,0.0,0.9835164835164835,0.0
CXF,0,1,5,1,-23,-4.6,111,-21%,-0.21,0.35714285714285715,-0.21
CXF,0,2,3,1,-20,-6.666666667,44,-45%,-0.45,0.13186813186813187,-0.45
CXF,0,2,4,1,-14,-3.5,151,-9%,-0.09,0.6428571428571429,-0.09
CXF,0,2,7,1,-7,-1.0,104,-7%,-0.07,0.7252747252747253,-0.07
CXF,0,1,7,1,-15,-2.142857143,218,-7%,-0.07,0.7307692307692307,-0.07
CXF,0,2,4,1,-4,-1.0,136,-3%,-0.03,0.8571428571428571,-0.03
CXF,0,1,2,1,-6,-3.0,46,-13%,-0.13,0.5384615384615384,-0.13
CXF,0,2,3,1,-3,-1.0,45,-7%,-0.07,0.7362637362637363,-0.07
CXF,0,1,2,1,-6,-3.0,26,-23%,-0.23,0.2857142857142857,-0.23
CXF,0,2,2,1,-6,-3.0,66,-9%,-0.09,0.6483516483516484,-0.09
CXF,0,2,17,1,-63,-3.705882353,460,-14%,-0.14,0.5,-0.14
CXF,0,2,11,1,-11,-1.0,320,-3%,-0.03,0.8626373626373627,-0.03
CXF,0,2,3,1,-9,-3.0,48,-19%,-0.19,0.3901098901098901,-0.19
CXF,0,1,2,1,-2,-1.0,9,-22%,-0.22,0.3076923076923077,-0.22
CXF,0,1,2,1,-2,-1.0,44,-5%,-0.05,0.7802197802197802,-0.05
CXF,0,1,2,1,-2,-1.0,22,-9%,-0.09,0.6538461538461539,-0.09
CXF,0,2,10,1,-112,-11.2,115,-97%,-0.97,0.01098901098901099,-0.97
CXF,0,2,28,1,-95,-3.392857143,761,-12%,-0.12,0.5659340659340659,-0.12
CXF,0,2,6,1,-6,-1.0,102,-6%,-0.06,0.7582417582417582,-0.06
CXF,0,2,5,1,-15,-3.0,96,-16%,-0.16,0.45054945054945056,-0.16
CXF,0,1,3,1,-9,-3.0,12,-75%,-0.75,0.038461538461538464,-0.75
CXF,0,1,2,1,-2,-1.0,14,-14%,-0.14,0.5054945054945055,-0.14
CXF,0,1,5,1,-5,-1.0,37,-14%,-0.14,0.510989010989011,-0.14
CXF,0,1,6,1,-6,-1.0,33,-18%,-0.18,0.41208791208791207,-0.18
CXF,0,1,2,1,0,0.0,10,0%,0.0,0.989010989010989,0.0
CXF,0,1,2,1,-18,-9.0,29,-62%,-0.62,0.07142857142857142,-0.62
CXF,0,1,2,1,-22,-11.0,43,-51%,-0.51,0.0989010989010989,-0.51
CXF,0,2,4,1,-14,-3.5,86,-16%,-0.16,0.45604395604395603,-0.16
CXF,0,1,2,1,-6,-3.0,44,-14%,-0.14,0.5164835164835165,-0.14
CXF,0,1,2,1,-6,-3.0,15,-40%,-0.4,0.15384615384615385,-0.4
CXF,0,2,31,1,-31,-1.0,805,-4%,-0.04,0.8021978021978022,-0.04
CXF,0,2,4,1,-4,-1.0,73,-5%,-0.05,0.7857142857142857,-0.05
CXF,0,2,2,1,-6,-3.0,15,-40%,-0.4,0.15934065934065933,-0.4
CXF,0,2,3,1,-53,-17.66666667,70,-76%,-0.76,0.027472527472527472,-0.76
CXF,0,2,4,1,-12,-3.0,80,-15%,-0.15,0.46703296703296704,-0.15
CXF,0,2,2,1,-6,-3.0,36,-17%,-0.17,0.4340659340659341,-0.17
CXF,0,2,2,1,-2,-1.0,35,-6%,-0.06,0.7637362637362637,-0.06
CXF,0,1,2,1,-2,-1.0,22,-9%,-0.09,0.6593406593406593,-0.09
CXF,0,2,3,1,-3,-1.0,116,-3%,-0.03,0.8681318681318682,-0.03
CXF,0,1,3,1,-3,-1.0,25,-12%,-0.12,0.5714285714285714,-0.12
CXF,0,2,8,1,-8,-1.0,314,-3%,-0.03,0.8736263736263736,-0.03
CXF,0,1,2,1,-2,-1.0,22,-9%,-0.09,0.6648351648351648,-0.09
CXF,0,1,4,1,-4,-1.0,20,-20%,-0.2,0.36813186813186816,-0.2
CXF,0,1,3,1,-6,-2.0,16,-38%,-0.38,0.17582417582417584,-0.38
CXF,0,1,7,1,-7,-1.0,21,-33%,-0.33,0.2087912087912088,-0.33
CXF,0,2,6,1,-30,-5.0,136,-22%,-0.22,0.3131868131868132,-0.22
CXF,0,2,3,1,-9,-3.0,41,-22%,-0.22,0.31868131868131866,-0.22
CXF,0,2,2,1,-2,-1.0,54,-4%,-0.04,0.8076923076923077,-0.04
CXF,0,2,2,1,-8,-4.0,20,-40%,-0.4,0.16483516483516483,-0.4
CXF,0,1,2,1,-2,-1.0,14,-14%,-0.14,0.521978021978022,-0.14
CXF,0,1,2,1,-2,-1.0,9,-22%,-0.22,0.3241758241758242,-0.22
CXF,0,2,2,1,-2,-1.0,66,-3%,-0.03,0.8791208791208791,-0.03
CXF,0,1,5,1,-19,-3.8,162,-12%,-0.12,0.5769230769230769,-0.12
CXF,0,2,3,1,-9,-3.0,133,-7%,-0.07,0.7417582417582418,-0.07
CXF,0,1,4,1,-4,-1.0,41,-10%,-0.1,0.6098901098901099,-0.1
CXF,0,2,2,1,-6,-3.0,41,-15%,-0.15,0.4725274725274725,-0.15
CXF,0,2,2,1,-5,-2.5,38,-13%,-0.13,0.5439560439560439,-0.13
CXF,0,1,2,1,-6,-3.0,16,-38%,-0.38,0.1813186813186813,-0.38
CXF,0,2,6,1,-30,-5.0,157,-19%,-0.19,0.3956043956043956,-0.19
CXF,0,2,3,1,-9,-3.0,31,-29%,-0.29,0.25274725274725274,-0.29
CXF,0,2,5,1,-4,-0.8,131,-3%,-0.03,0.8846153846153846,-0.03
CXF,0,2,2,1,-2,-1.0,55,-4%,-0.04,0.8131868131868132,-0.04
CXF,0,2,2,1,-7,-3.5,40,-18%,-0.18,0.4175824175824176,-0.18
CXF,0,1,3,1,-3,-1.0,28,-11%,-0.11,0.5989010989010989,-0.11
CXF,0,2,2,1,-12,-6.0,24,-50%,-0.5,0.1043956043956044,-0.5
CXF,0,1,3,1,-3,-1.0,61,-5%,-0.05,0.7912087912087912,-0.05
CXF,0,1,2,1,-2,-1.0,55,-4%,-0.04,0.8186813186813187,-0.04
CXF,0,2,5,1,-5,-1.0,163,-3%,-0.03,0.8901098901098901,-0.03
CXF,0,2,2,1,-6,-3.0,65,-9%,-0.09,0.6703296703296703,-0.09
CXF,0,1,2,1,-6,-3.0,26,-23%,-0.23,0.29120879120879123,-0.23
CXF,0,2,23,1,-69,-3.0,372,-19%,-0.19,0.4010989010989011,-0.19
CXF,0,1,3,1,-3,-1.0,30,-10%,-0.1,0.6153846153846154,-0.1
CXF,0,1,2,1,-2,-1.0,10,-20%,-0.2,0.37362637362637363,-0.2
CXF,0,1,2,1,-2,-1.0,6,-33%,-0.33,0.21428571428571427,-0.33
CXF,0,1,5,1,-5,-1.0,44,-11%,-0.11,0.6043956043956044,-0.11
CXF,0,1,3,1,-3,-1.0,33,-9%,-0.09,0.6758241758241759,-0.09
CXF,0,2,5,1,-105,-21.0,132,-80%,-0.8,0.02197802197802198,-0.8
CXF,0,2,3,1,-15,-5.0,103,-15%,-0.15,0.47802197802197804,-0.15
CXF,0,1,2,1,-2,-1.0,22,-9%,-0.09,0.6813186813186813,-0.09
CXF,0,1,8,1,-24,-3.0,66,-36%,-0.36,0.1978021978021978,-0.36
CXF,0,2,3,1,-6,-2.0,61,-10%,-0.1,0.6208791208791209,-0.1
CXF,0,2,11,1,-11,-1.0,346,-3%,-0.03,0.8956043956043956,-0.03
CXF,0,1,2,1,-2,-1.0,9,-22%,-0.22,0.32967032967032966,-0.22
CXF,0,1,2,1,-6,-3.0,29,-21%,-0.21,0.3626373626373626,-0.21
CXF,0,2,2,1,-2,-1.0,36,-6%,-0.06,0.7692307692307693,-0.06
CXF,0,1,5,1,-25,-5.0,45,-56%,-0.56,0.08791208791208792,-0.56
CXF,0,1,2,1,-2,-1.0,27,-7%,-0.07,0.7472527472527473,-0.07
CXF,0,2,26,1,-46,-1.769230769,166,-28%,-0.28,0.26373626373626374,-0.28
CXF,0,2,6,1,-7,-1.166666667,85,-8%,-0.08,0.7142857142857143,-0.08
CXF,0,2,4,1,-12,-3.0,88,-14%,-0.14,0.5274725274725275,-0.14
CXF,0,1,5,1,-5,-1.0,126,-4%,-0.04,0.8241758241758241,-0.04
CXF,0,1,2,1,-2,-1.0,13,-15%,-0.15,0.4835164835164835,-0.15
CXF,0,1,2,1,0,0.0,16,0%,0.0,0.9945054945054945,0.0
CXF,0,1,2,1,-2,-1.0,2,-100%,-1.0,0.005494505494505495,-1.0
CXF,0,2,3,1,-27,-9.0,40,-68%,-0.68,0.06043956043956044,-0.68
CXF,0,2,3,1,-3,-1.0,69,-4%,-0.04,0.8296703296703297,-0.04
CXF,0,1,2,1,-14,-7.0,107,-13%,-0.13,0.5494505494505495,-0.13
CXF,0,1,3,1,-3,-1.0,48,-6%,-0.06,0.7747252747252747,-0.06
CXF,0,1,2,1,-2,-1.0,13,-15%,-0.15,0.489010989010989,-0.15
CXF,0,1,6,1,-6,-1.0,30,-20%,-0.2,0.3791208791208791,-0.2
CXF,0,2,2,1,-2,-1.0,66,-3%,-0.03,0.9010989010989011,-0.03
CXF,0,1,3,1,-3,-1.0,117,-3%,-0.03,0.9065934065934066,-0.03
CXF,0,1,3,1,-26,-8.666666667,201,-13%,-0.13,0.554945054945055,-0.13
CXF,0,1,8,1,0,0.0,34,0%,0.0,1.0,0.0
CXF,0,2,3,1,-18,-6.0,43,-42%,-0.42,0.14285714285714285,-0.42
CXF,0,2,2,1,-9,-4.5,39,-23%,-0.23,0.2967032967032967,-0.23
CXF,0,1,6,1,-6,-1.0,12,-50%,-0.5,0.10989010989010989,-0.5
CXF,0,1,2,1,-18,-9.0,25,-72%,-0.72,0.04945054945054945,-0.72
CXF,0,1,2,1,-14,-7.0,16,-88%,-0.88,0.016483516483516484,-0.88
CXF,0,1,4,1,-12,-3.0,41,-29%,-0.29,0.25824175824175827,-0.29
CXF,0,1,2,1,-14,-7.0,37,-38%,-0.38,0.18681318681318682,-0.38
CXF,0,1,4,1,-4,-1.0,45,-9%,-0.09,0.6868131868131868,-0.09
CXF,0,2,7,1,-21,-3.0,267,-8%,-0.08,0.7197802197802198,-0.08
CXF,0,2,5,1,-5,-1.0,137,-4%,-0.04,0.8351648351648352,-0.04
CXF,0,1,2,1,-2,-1.0,9,-22%,-0.22,0.33516483516483514,-0.22
CXF,0,1,2,1,-2,-1.0,22,-9%,-0.09,0.6923076923076923,-0.09
CXF,0,2,12,1,-10,-0.833333333,239,-4%,-0.04,0.8406593406593407,-0.04
CXF,0,2,2,1,-6,-3.0,19,-32%,-0.32,0.23076923076923078,-0.32
CXF,0,1,2,1,-2,-1.0,98,-2%,-0.02,0.9560439560439561,-0.02
CXF,0,2,2,1,-2,-1.0,60,-3%,-0.03,0.9120879120879121,-0.03
CXF,0,1,3,1,-3,-1.0,8,-38%,-0.38,0.19230769230769232,-0.38
CXF,0,1,4,1,-12,-3.0,38,-32%,-0.32,0.23626373626373626,-0.32
CXF,0,2,3,1,-9,-3.0,47,-19%,-0.19,0.4065934065934066,-0.19
CXF,0,1,4,1,-12,-3.0,65,-18%,-0.18,0.4230769230769231,-0.18
CXF,0,1,3,1,-3,-1.0,34,-9%,-0.09,0.6978021978021978,-0.09
CXF,0,1,3,1,-10,-3.333333333,16,-63%,-0.63,0.06593406593406594,-0.63
CXF,0,2,8,1,-8,-1.0,231,-3%,-0.03,0.9175824175824175,-0.03
CXF,0,1,6,1,-18,-3.0,98,-18%,-0.18,0.42857142857142855,-0.18
CXF,0,1,3,1,-43,-14.33333333,61,-70%,-0.7,0.054945054945054944,-0.7
CXF,0,2,2,1,0,0.0,0,,,,
CXF,0,1,5,1,-5,-1.0,20,-25%,-0.25,0.27472527472527475,-0.25
CXF,0,1,2,1,-6,-3.0,22,-27%,-0.27,0.2692307692307692,-0.27
CXF,0,1,2,1,-6,-3.0,18,-33%,-0.33,0.21978021978021978,-0.33
CXF,0,1,2,1,-6,-3.0,11,-55%,-0.55,0.09340659340659341,-0.55
CXF,0,1,2,1,-2,-1.0,29,-7%,-0.07,0.7527472527472527,-0.07
CXF,0,2,2,1,-2,-1.0,64,-3%,-0.03,0.9230769230769231,-0.03
CXF,0,1,2,1,-2,-1.0,107,-2%,-0.02,0.9615384615384616,-0.02
CXF,0,1,3,1,-3,-1.0,65,-5%,-0.05,0.7967032967032966,-0.05
CXF,0,2,9,1,-9,-1.0,311,-3%,-0.03,0.9285714285714286,-0.03
CXF,0,1,2,1,-2,-1.0,13,-15%,-0.15,0.4945054945054945,-0.15
CXF,0,2,2,1,-2,-1.0,67,-3%,-0.03,0.9340659340659341,-0.03
CXF,0,2,15,1,-152,-10.13333333,483,-31%,-0.31,0.24725274725274726,-0.31
CXF,0,2,14,1,-51,-3.642857143,154,-33%,-0.33,0.22527472527472528,-0.33
CXF,0,2,9,1,-29,-3.222222222,180,-16%,-0.16,0.46153846153846156,-0.16
CXF,0,2,3,1,-3,-1.0,31,-10%,-0.1,0.6263736263736264,-0.1
CXF,0,1,2,1,-6,-3.0,8,-75%,-0.75,0.04395604395604396,-0.75
CXF,0,2,3,1,-15,-5.0,25,-60%,-0.6,0.07692307692307693,-0.6
CXF,0,2,7,1,-6,-0.857142857,306,-2%,-0.02,0.967032967032967,-0.02
CXF,0,2,2,1,-6,-3.0,60,-10%,-0.1,0.6318681318681318,-0.1
CXF,0,1,2,1,-2,-1.0,12,-17%,-0.17,0.43956043956043955,-0.17
CXF,0,2,3,1,-2,-0.666666667,98,-2%,-0.02,0.9725274725274725,-0.02
CXF,0,1,4,1,-4,-1.0,93,-4%,-0.04,0.8461538461538461,-0.04
CXF,0,1,2,1,-6,-3.0,25,-24%,-0.24,0.2802197802197802,-0.24
CXF,0,2,11,1,-11,-1.0,348,-3%,-0.03,0.9395604395604396,-0.03
CXF,0,1,3,1,-9,-3.0,26,-35%,-0.35,0.2032967032967033,-0.35
CXF,0,1,2,1,-2,-1.0,22,-9%,-0.09,0.7032967032967034,-0.09
CXF,0,1,4,1,-4,-1.0,45,-9%,-0.09,0.7087912087912088,-0.09
CXF,0,1,2,1,-10,-5.0,82,-12%,-0.12,0.5824175824175825,-0.12
CXF,0,2,3,1,-3,-1.0,120,-3%,-0.03,0.945054945054945,-0.03
CXF,0,1,3,1,-3,-1.0,6,-50%,-0.5,0.11538461538461539,-0.5
CXF,0,1,5,1,-5,-1.0,23,-22%,-0.22,0.34065934065934067,-0.22
CXF,0,1,2,1,-2,-1.0,9,-22%,-0.22,0.34615384615384615,-0.22
CXF,0,2,4,1,-20,-5.0,34,-59%,-0.59,0.08241758241758242,-0.59
CXF,0,2,3,1,-9,-3.0,21,-43%,-0.43,0.13736263736263737,-0.43
CXF,0,1,3,1,-3,-1.0,25,-12%,-0.12,0.5879120879120879,-0.12
CXF,0,1,13,1,-33,-2.538461538,233,-14%,-0.14,0.532967032967033,-0.14
CXF,0,2,7,1,-7,-1.0,198,-4%,-0.04,0.8516483516483516,-0.04
CXF,0,2,4,1,-20,-5.0,100,-20%,-0.2,0.38461538461538464,-0.2
CXF,0,2,4,1,-12,-3.0,38,-32%,-0.32,0.24175824175824176,-0.32
CXF,0,1,2,1,-2,-1.0,66,-3%,-0.03,0.9505494505494505,-0.03
CXF,0,1,3,1,-3,-1.0,25,-12%,-0.12,0.5934065934065934,-0.12
CXF,0,1,2,1,-6,-3.0,36,-17%,-0.17,0.44505494505494503,-0.17
CXF,0,1,4,1,-12,-3.0,29,-41%,-0.41,0.14835164835164835,-0.41
CXF,0,1,6,1,-6,-1.0,47,-13%,-0.13,0.5604395604395604,-0.13
CXF,0,2,2,1,-2,-1.0,96,-2%,-0.02,0.978021978021978,-0.02
CXF,0,1,10,1,-40,-4.0,83,-48%,-0.48,0.12087912087912088,-0.48
CXF,0,2,2,1,-6,-3.0,13,-46%,-0.46,0.12637362637362637,-0.46
DeltaSpike,0,1,2,1,-6,-3.0,10,-60%,-0.6,0.5,-0.6
DeltaSpike,0,1,2,1,-6,-3.0,14,-43%,-0.43,1.0,-0.43
Directory,0,1,2,1,-8,-4.0,24,-33%,-0.33,0.25,-0.33
Directory,0,1,4,1,-1,-0.25,39,-3%,-0.03,0.75,-0.03
Directory,0,1,3,1,0,0.0,32,0%,0.0,1.0,0.0
Directory,0,1,2,1,-2,-1.0,24,-8%,-0.08,0.5,-0.08
Doris,0,1,4,1,-12,-3.0,59,-20%,-0.2,0.6818181818181818,-0.2
Doris,0,1,4,1,-4,-1.0,107,-4%,-0.04,0.9090909090909091,-0.04
Doris,0,2,17,1,-51,-3.0,105,-49%,-0.49,0.22727272727272727,-0.49
Doris,0,1,2,1,-2,-1.0,7,-29%,-0.29,0.45454545454545453,-0.29
Doris,0,1,5,1,-10,-2.0,34,-29%,-0.29,0.5,-0.29
Doris,0,1,10,1,-10,-1.0,20,-50%,-0.5,0.13636363636363635,-0.5
Doris,0,1,2,1,-14,-7.0,50,-28%,-0.28,0.5909090909090909,-0.28
Doris,0,1,2,1,-6,-3.0,50,-12%,-0.12,0.8181818181818182,-0.12
Doris,0,1,4,1,-20,-5.0,59,-34%,-0.34,0.4090909090909091,-0.34
Doris,0,1,6,1,-18,-3.0,62,-29%,-0.29,0.5454545454545454,-0.29
Doris,0,1,2,1,-4,-2.0,9,-44%,-0.44,0.3181818181818182,-0.44
Doris,0,1,2,1,-2,-1.0,14,-14%,-0.14,0.7727272727272727,-0.14
Doris,0,1,12,1,-36,-3.0,73,-49%,-0.49,0.2727272727272727,-0.49
Doris,0,1,4,1,-12,-3.0,59,-20%,-0.2,0.7272727272727273,-0.2
Doris,0,1,2,1,-6,-3.0,14,-43%,-0.43,0.36363636363636365,-0.43
Doris,0,1,4,1,-4,-1.0,107,-4%,-0.04,0.9545454545454546,-0.04
Doris,0,1,5,1,-15,-3.0,58,-26%,-0.26,0.6363636363636364,-0.26
Doris,0,1,5,1,-26,-5.2,52,-50%,-0.5,0.18181818181818182,-0.5
Doris,0,1,2,1,-2,-1.0,78,-3%,-0.03,1.0,-0.03
Doris,0,1,7,1,-35,-5.0,69,-51%,-0.51,0.09090909090909091,-0.51
Doris,0,1,4,1,-28,-7.0,36,-78%,-0.78,0.045454545454545456,-0.78
Doris,0,1,2,1,-2,-1.0,24,-8%,-0.08,0.8636363636363636,-0.08
Drill,0,1,8,1,-8,-1.0,60,-13%,-0.13,0.48484848484848486,-0.13
Drill,0,1,4,1,-28,-7.0,48,-58%,-0.58,0.09090909090909091,-0.58
Drill,0,2,4,1,-12,-3.0,100,-12%,-0.12,0.6060606060606061,-0.12
Drill,0,1,4,1,-12,-3.0,48,-25%,-0.25,0.30303030303030304,-0.25
Drill,0,1,2,1,-2,-1.0,18,-11%,-0.11,0.6363636363636364,-0.11
Drill,0,1,3,1,-3,-1.0,24,-13%,-0.13,0.5151515151515151,-0.13
Drill,0,1,2,1,-10,-5.0,31,-32%,-0.32,0.2727272727272727,-0.32
Drill,0,2,5,1,-17,-3.4,31,-55%,-0.55,0.12121212121212122,-0.55
Drill,0,1,6,1,0,0.0,6,0%,0.0,0.9696969696969697,0.0
Drill,0,2,4,1,-13,-3.25,38,-34%,-0.34,0.18181818181818182,-0.34
Drill,0,1,7,1,-21,-3.0,25,-84%,-0.84,0.06060606060606061,-0.84
Drill,0,2,3,1,-3,-1.0,61,-5%,-0.05,0.7878787878787878,-0.05
Drill,0,2,5,1,-25,-5.0,76,-33%,-0.33,0.21212121212121213,-0.33
Drill,0,1,3,1,-9,-3.0,61,-15%,-0.15,0.45454545454545453,-0.15
Drill,0,1,2,1,-2,-1.0,16,-13%,-0.13,0.5454545454545454,-0.13
Drill,0,1,3,1,-9,-3.0,27,-33%,-0.33,0.24242424242424243,-0.33
Drill,0,1,2,1,-2,-1.0,15,-13%,-0.13,0.5757575757575758,-0.13
Drill,0,1,2,1,0,0.0,26,0%,0.0,1.0,0.0
Drill,0,1,3,1,-3,-1.0,61,-5%,-0.05,0.8181818181818182,-0.05
Drill,0,1,3,1,-9,-3.0,47,-19%,-0.19,0.3939393939393939,-0.19
Drill,0,1,2,1,-2,-1.0,29,-7%,-0.07,0.696969696969697,-0.07
Drill,0,1,5,1,-5,-1.0,76,-7%,-0.07,0.7272727272727273,-0.07
Drill,0,1,2,1,-13,-6.5,29,-45%,-0.45,0.15151515151515152,-0.45
Drill,0,2,3,1,-15,-5.0,74,-20%,-0.2,0.36363636363636365,-0.2
Drill,0,1,2,1,-6,-3.0,29,-21%,-0.21,0.3333333333333333,-0.21
Drill,0,1,3,1,-3,-1.0,47,-6%,-0.06,0.7575757575757576,-0.06
Drill,0,1,5,1,-5,-1.0,102,-5%,-0.05,0.8484848484848485,-0.05
Drill,0,1,2,1,-2,-1.0,11,-18%,-0.18,0.42424242424242425,-0.18
Drill,0,1,2,1,-2,-1.0,133,-2%,-0.02,0.9393939393939394,-0.02
Drill,0,1,3,1,-3,-1.0,75,-4%,-0.04,0.9090909090909091,-0.04
Drill,0,1,2,1,-2,-1.0,38,-5%,-0.05,0.8787878787878788,-0.05
Drill,0,1,3,1,-3,-1.0,3,-100%,-1.0,0.030303030303030304,-1.0
Drill,0,1,8,1,-8,-1.0,96,-8%,-0.08,0.6666666666666666,-0.08
Druid,0,1,3,1,0,0.0,44,0%,0.0,0.9186046511627907,0.0
Druid,0,1,8,1,-8,-1.0,29,-28%,-0.28,0.38372093023255816,-0.28
Druid,0,1,3,1,-9,-3.0,93,-10%,-0.1,0.6627906976744186,-0.1
Druid,0,1,16,1,-16,-1.0,46,-35%,-0.35,0.313953488372093,-0.35
Druid,0,1,4,1,-12,-3.0,24,-50%,-0.5,0.16279069767441862,-0.5
Druid,0,1,5,1,-5,-1.0,11,-45%,-0.45,0.2441860465116279,-0.45
Druid,0,1,4,1,-12,-3.0,46,-26%,-0.26,0.3953488372093023,-0.26
Druid,0,1,9,1,-27,-3.0,91,-30%,-0.3,0.3488372093023256,-0.3
Druid,0,1,2,1,-4,-2.0,60,-7%,-0.07,0.7441860465116279,-0.07
Druid,0,1,2,1,-6,-3.0,39,-15%,-0.15,0.6046511627906976,-0.15
Druid,0,1,4,1,-12,-3.0,46,-26%,-0.26,0.4069767441860465,-0.26
Druid,0,1,2,1,-18,-9.0,28,-64%,-0.64,0.09302325581395349,-0.64
Druid,0,1,2,1,-6,-3.0,12,-50%,-0.5,0.1744186046511628,-0.5
Druid,0,2,5,1,-65,-13.0,132,-49%,-0.49,0.23255813953488372,-0.49
Druid,0,1,2,1,0,0.0,9,0%,0.0,0.9302325581395349,0.0
Druid,0,1,3,1,0,0.0,10,0%,0.0,0.9418604651162791,0.0
Druid,0,1,2,1,0,0.0,8,0%,0.0,0.9534883720930233,0.0
Druid,0,1,2,1,-2,-1.0,11,-18%,-0.18,0.5697674418604651,-0.18
Druid,0,1,2,1,-7,-3.5,39,-18%,-0.18,0.5813953488372093,-0.18
Druid,0,1,3,1,-3,-1.0,29,-10%,-0.1,0.6744186046511628,-0.1
Druid,0,1,4,1,-12,-3.0,40,-30%,-0.3,0.36046511627906974,-0.3
Druid,0,1,3,1,-3,-1.0,7,-43%,-0.43,0.2558139534883721,-0.43
Druid,0,1,5,1,-25,-5.0,132,-19%,-0.19,0.5465116279069767,-0.19
Druid,0,1,3,1,-9,-3.0,16,-56%,-0.56,0.12790697674418605,-0.56
Druid,0,1,3,1,-3,-1.0,69,-4%,-0.04,0.8604651162790697,-0.04
Druid,0,1,3,1,0,0.0,13,0%,0.0,0.9651162790697675,0.0
Druid,0,1,4,1,-4,-1.0,59,-7%,-0.07,0.7558139534883721,-0.07
Druid,0,1,5,1,-15,-3.0,71,-21%,-0.21,0.5116279069767442,-0.21
Druid,0,1,5,1,-5,-1.0,60,-8%,-0.08,0.6976744186046512,-0.08
Druid,0,1,2,1,0,0.0,60,0%,0.0,0.9767441860465116,0.0
Druid,0,2,2,1,-18,-9.0,36,-50%,-0.5,0.18604651162790697,-0.5
Druid,0,2,3,1,-27,-9.0,93,-29%,-0.29,0.37209302325581395,-0.29
Druid,0,2,2,1,-2,-1.0,24,-8%,-0.08,0.7093023255813954,-0.08
Druid,0,1,2,1,-54,-27.0,82,-66%,-0.66,0.08139534883720931,-0.66
Druid,0,1,2,1,-6,-3.0,15,-40%,-0.4,0.27906976744186046,-0.4
Druid,0,1,2,1,-4,-2.0,60,-7%,-0.07,0.7674418604651163,-0.07
Druid,0,1,2,1,-6,-3.0,23,-26%,-0.26,0.4186046511627907,-0.26
Druid,0,1,4,1,-4,-1.0,59,-7%,-0.07,0.7790697674418605,-0.07
Druid,0,1,3,1,-9,-3.0,41,-22%,-0.22,0.5,-0.22
Druid,0,1,5,1,-5,-1.0,22,-23%,-0.23,0.46511627906976744,-0.23
Druid,0,1,2,1,0,0.0,6,0%,0.0,0.9883720930232558,0.0
Druid,0,1,3,1,-3,-1.0,43,-7%,-0.07,0.7906976744186046,-0.07
Druid,0,1,3,1,-15,-5.0,30,-50%,-0.5,0.19767441860465115,-0.5
Druid,0,1,2,1,-2,-1.0,6,-33%,-0.33,0.32558139534883723,-0.33
Druid,0,1,4,1,-12,-3.0,49,-24%,-0.24,0.4418604651162791,-0.24
Druid,0,1,2,1,0,0.0,15,0%,0.0,1.0,0.0
Druid,0,2,4,1,-12,-3.0,59,-20%,-0.2,0.5232558139534884,-0.2
Druid,0,1,4,1,-32,-8.0,40,-80%,-0.8,0.023255813953488372,-0.8
Druid,0,2,3,1,-15,-5.0,41,-37%,-0.37,0.29069767441860467,-0.37
Druid,0,1,2,1,-6,-3.0,8,-75%,-0.75,0.03488372093023256,-0.75
Druid,0,1,3,1,-9,-3.0,12,-75%,-0.75,0.046511627906976744,-0.75
Druid,0,1,3,1,-3,-1.0,93,-3%,-0.03,0.9069767441860465,-0.03
Druid,0,2,2,1,-2,-1.0,31,-6%,-0.06,0.813953488372093,-0.06
Druid,0,1,9,1,-33,-3.666666667,139,-24%,-0.24,0.45348837209302323,-0.24
Druid,0,1,4,1,-4,-1.0,59,-7%,-0.07,0.8023255813953488,-0.07
Druid,0,1,2,1,-6,-3.0,31,-19%,-0.19,0.5581395348837209,-0.19
Druid,0,1,3,1,-9,-3.0,93,-10%,-0.1,0.686046511627907,-0.1
Druid,0,1,3,1,-9,-3.0,69,-13%,-0.13,0.6395348837209303,-0.13
Druid,0,1,2,1,-10,-5.0,23,-43%,-0.43,0.26744186046511625,-0.43
Druid,0,1,4,1,-12,-3.0,81,-15%,-0.15,0.6162790697674418,-0.15
Druid,0,1,5,1,-15,-3.0,132,-11%,-0.11,0.6511627906976745,-0.11
Druid,0,1,4,1,-4,-1.0,16,-25%,-0.25,0.43023255813953487,-0.25
Druid,0,2,2,1,-2,-1.0,24,-8%,-0.08,0.7209302325581395,-0.08
Druid,0,1,2,1,-6,-3.0,6,-100%,-1.0,0.011627906976744186,-1.0
Druid,0,2,3,1,-15,-5.0,24,-63%,-0.63,0.10465116279069768,-0.63
Druid,0,1,3,1,-9,-3.0,40,-23%,-0.23,0.47674418604651164,-0.23
Druid,0,1,2,1,-10,-5.0,16,-63%,-0.63,0.11627906976744186,-0.63
Druid,0,1,2,1,-6,-3.0,8,-75%,-0.75,0.05813953488372093,-0.75
Druid,0,2,3,1,-6,-2.0,30,-20%,-0.2,0.5348837209302325,-0.2
Druid,0,1,2,1,-8,-4.0,35,-23%,-0.23,0.4883720930232558,-0.23
Druid,0,2,2,1,-2,-1.0,25,-8%,-0.08,0.7325581395348837,-0.08
Druid,0,2,12,1,-36,-3.0,65,-55%,-0.55,0.13953488372093023,-0.55
Druid,0,1,4,1,-4,-1.0,24,-17%,-0.17,0.5930232558139535,-0.17
Druid,0,1,4,1,-12,-3.0,37,-32%,-0.32,0.3372093023255814,-0.32
Druid,0,1,3,1,-3,-1.0,59,-5%,-0.05,0.8255813953488372,-0.05
Druid,0,1,6,1,-18,-3.0,36,-50%,-0.5,0.20930232558139536,-0.5
Druid,0,1,2,1,-6,-3.0,8,-75%,-0.75,0.06976744186046512,-0.75
Druid,0,1,2,1,-2,-1.0,39,-5%,-0.05,0.8372093023255814,-0.05
Druid,0,2,2,1,-2,-1.0,49,-4%,-0.04,0.872093023255814,-0.04
Druid,0,1,2,1,-18,-9.0,49,-37%,-0.37,0.3023255813953488,-0.37
Druid,0,1,2,1,-10,-5.0,20,-50%,-0.5,0.22093023255813954,-0.5
Druid,0,1,3,1,-3,-1.0,69,-4%,-0.04,0.8837209302325582,-0.04
Druid,0,1,2,1,-6,-3.0,39,-15%,-0.15,0.627906976744186,-0.15
Druid,0,1,2,1,-26,-13.0,48,-54%,-0.54,0.1511627906976744,-0.54
Druid,0,1,4,1,-4,-1.0,81,-5%,-0.05,0.8488372093023255,-0.05
Druid,0,1,5,1,-5,-1.0,132,-4%,-0.04,0.8953488372093024,-0.04
Dubbo,0,1,4,1,-4,-1.0,27,-15%,-0.15,0.594059405940594,-0.15
Dubbo,0,1,4,1,-12,-3.0,36,-33%,-0.33,0.2376237623762376,-0.33
Dubbo,0,1,2,1,-1,-0.5,39,-3%,-0.03,0.9801980198019802,-0.03
Dubbo,0,1,2,1,-10,-5.0,53,-19%,-0.19,0.49504950495049505,-0.19
Dubbo,0,2,4,1,-7,-1.75,72,-10%,-0.1,0.7623762376237624,-0.1
Dubbo,0,2,2,1,-5,-2.5,19,-26%,-0.26,0.3564356435643564,-0.26
Dubbo,0,1,2,1,-4,-2.0,13,-31%,-0.31,0.3069306930693069,-0.31
Dubbo,0,2,3,1,-6,-2.0,68,-9%,-0.09,0.8118811881188119,-0.09
Dubbo,0,1,2,1,-2,-1.0,15,-13%,-0.13,0.693069306930693,-0.13
Dubbo,0,2,6,1,-50,-8.333333333,254,-20%,-0.2,0.4752475247524752,-0.2
Dubbo,0,1,2,1,-2,-1.0,9,-22%,-0.22,0.45544554455445546,-0.22
Dubbo,0,1,3,1,-8,-2.666666667,46,-17%,-0.17,0.5445544554455446,-0.17
Dubbo,0,2,2,1,-1,-0.5,9,-11%,-0.11,0.7425742574257426,-0.11
Dubbo,0,1,4,1,-12,-3.0,74,-16%,-0.16,0.5643564356435643,-0.16
Dubbo,0,2,4,1,-20,-5.0,34,-59%,-0.59,0.06930693069306931,-0.59
Dubbo,0,1,7,1,-21,-3.0,140,-15%,-0.15,0.6039603960396039,-0.15
Dubbo,0,2,2,1,-10,-5.0,37,-27%,-0.27,0.33663366336633666,-0.27
Dubbo,0,1,2,1,-2,-1.0,6,-33%,-0.33,0.24752475247524752,-0.33
Dubbo,0,1,2,1,-6,-3.0,31,-19%,-0.19,0.504950495049505,-0.19
Dubbo,0,1,9,1,-9,-1.0,39,-23%,-0.23,0.4158415841584158,-0.23
Dubbo,0,1,4,1,-30,-7.5,66,-45%,-0.45,0.1188118811881188,-0.45
Dubbo,0,2,8,1,-21,-2.625,36,-58%,-0.58,0.07920792079207921,-0.58
Dubbo,0,2,4,1,-11,-2.75,27,-41%,-0.41,0.1485148514851485,-0.41
Dubbo,0,1,4,1,-12,-3.0,196,-6%,-0.06,0.8910891089108911,-0.06
Dubbo,0,1,2,1,-6,-3.0,31,-19%,-0.19,0.5148514851485149,-0.19
Dubbo,0,1,2,1,-14,-7.0,24,-58%,-0.58,0.0891089108910891,-0.58
Dubbo,0,2,2,1,-10,-5.0,30,-33%,-0.33,0.25742574257425743,-0.33
Dubbo,0,1,2,1,-42,-21.0,42,-100%,-1.0,0.009900990099009901,-1.0
Dubbo,0,2,3,1,-33,-11.0,224,-15%,-0.15,0.6138613861386139,-0.15
Dubbo,0,1,4,1,-20,-5.0,67,-30%,-0.3,0.31683168316831684,-0.3
Dubbo,0,2,3,1,-13,-4.333333333,84,-15%,-0.15,0.6237623762376238,-0.15
Dubbo,0,2,2,1,-6,-3.0,15,-40%,-0.4,0.15841584158415842,-0.4
Dubbo,0,2,3,1,-3,-1.0,72,-4%,-0.04,0.9702970297029703,-0.04
Dubbo,0,1,4,1,-4,-1.0,67,-6%,-0.06,0.900990099009901,-0.06
Dubbo,0,1,2,1,-6,-3.0,11,-55%,-0.55,0.09900990099009901,-0.55
Dubbo,0,1,2,1,-2,-1.0,6,-33%,-0.33,0.26732673267326734,-0.33
Dubbo,0,1,2,1,-6,-3.0,24,-25%,-0.25,0.36633663366336633,-0.25
Dubbo,0,1,8,1,0,0.0,63,0%,0.0,0.9900990099009901,0.0
Dubbo,0,1,2,1,-2,-1.0,35,-6%,-0.06,0.9108910891089109,-0.06
Dubbo,0,1,2,1,-2,-1.0,9,-22%,-0.22,0.46534653465346537,-0.22
Dubbo,0,1,4,1,-12,-3.0,20,-60%,-0.6,0.0594059405940594,-0.6
Dubbo,0,1,2,1,-10,-5.0,58,-17%,-0.17,0.5544554455445545,-0.17
Dubbo,0,1,24,1,-58,-2.416666667,178,-33%,-0.33,0.27722772277227725,-0.33
Dubbo,0,1,3,1,-3,-1.0,30,-10%,-0.1,0.7722772277227723,-0.1
Dubbo,0,2,2,1,-5,-2.5,5,-100%,-1.0,0.019801980198019802,-1.0
Dubbo,0,1,3,1,-17,-5.666666667,38,-45%,-0.45,0.12871287128712872,-0.45
Dubbo,0,1,2,1,-2,-1.0,6,-33%,-0.33,0.2871287128712871,-0.33
Dubbo,0,2,2,1,-6,-3.0,63,-10%,-0.1,0.7821782178217822,-0.1
Dubbo,0,1,7,1,-21,-3.0,140,-15%,-0.15,0.6336633663366337,-0.15
Dubbo,0,1,3,1,-8,-2.666666667,61,-13%,-0.13,0.7029702970297029,-0.13
Dubbo,0,1,2,1,-2,-1.0,28,-7%,-0.07,0.8712871287128713,-0.07
Dubbo,0,1,4,1,-4,-1.0,67,-6%,-0.06,0.9207920792079208,-0.06
Dubbo,0,1,6,1,-6,-1.0,32,-19%,-0.19,0.5247524752475248,-0.19
Dubbo,0,1,7,1,-7,-1.0,29,-24%,-0.24,0.39603960396039606,-0.24
Dubbo,0,1,3,1,-3,-1.0,8,-38%,-0.38,0.19801980198019803,-0.38
Dubbo,0,2,2,1,-10,-5.0,14,-71%,-0.71,0.039603960396039604,-0.71
Dubbo,0,2,4,1,-12,-3.0,99,-12%,-0.12,0.7326732673267327,-0.12
Dubbo,0,2,6,1,-18,-3.0,121,-15%,-0.15,0.6435643564356436,-0.15
Dubbo,0,2,2,1,-10,-5.0,37,-27%,-0.27,0.3465346534653465,-0.27
Dubbo,0,2,3,1,-19,-6.333333333,69,-28%,-0.28,0.32673267326732675,-0.28
Dubbo,0,2,2,1,-2,-1.0,5,-40%,-0.4,0.16831683168316833,-0.4
Dubbo,0,1,2,1,-2,-1.0,5,-40%,-0.4,0.1782178217821782,-0.4
Dubbo,0,1,2,1,-2,-1.0,22,-9%,-0.09,0.8217821782178217,-0.09
Dubbo,0,1,4,1,0,0.0,159,0%,0.0,1.0,0.0
Dubbo,0,1,7,1,-7,-1.0,91,-8%,-0.08,0.8415841584158416,-0.08
Dubbo,0,2,8,1,-18,-2.25,53,-34%,-0.34,0.22772277227722773,-0.34
Dubbo,0,1,4,1,-12,-3.0,62,-19%,-0.19,0.5346534653465347,-0.19
Dubbo,0,2,3,1,-3,-1.0,45,-7%,-0.07,0.8811881188118812,-0.07
Dubbo,0,1,2,1,-5,-2.5,39,-13%,-0.13,0.7128712871287128,-0.13
Dubbo,0,1,2,1,-2,-1.0,14,-14%,-0.14,0.6831683168316832,-0.14
Dubbo,0,1,2,1,-10,-5.0,196,-5%,-0.05,0.9306930693069307,-0.05
Dubbo,0,1,4,1,-4,-1.0,27,-15%,-0.15,0.6534653465346535,-0.15
Dubbo,0,2,13,1,-25,-1.923076923,99,-25%,-0.25,0.37623762376237624,-0.25
Dubbo,0,1,2,1,-6,-3.0,14,-43%,-0.43,0.13861386138613863,-0.43
Dubbo,0,1,2,1,-6,-3.0,26,-23%,-0.23,0.42574257425742573,-0.23
Dubbo,0,1,2,1,-2,-1.0,13,-15%,-0.15,0.6633663366336634,-0.15
Dubbo,0,1,2,1,-2,-1.0,13,-15%,-0.15,0.6732673267326733,-0.15
Dubbo,0,1,2,1,-2,-1.0,5,-40%,-0.4,0.18811881188118812,-0.4
Dubbo,0,2,7,1,-21,-3.0,91,-23%,-0.23,0.43564356435643564,-0.23
Dubbo,0,1,3,1,-9,-3.0,57,-16%,-0.16,0.5742574257425742,-0.16
Dubbo,0,1,2,1,-6,-3.0,26,-23%,-0.23,0.44554455445544555,-0.23
Dubbo,0,1,3,1,-3,-1.0,15,-20%,-0.2,0.48514851485148514,-0.2
Dubbo,0,1,3,1,-3,-1.0,12,-25%,-0.25,0.38613861386138615,-0.25
Dubbo,0,2,2,1,-20,-10.0,191,-10%,-0.1,0.7920792079207921,-0.1
Dubbo,0,2,2,1,-5,-2.5,32,-16%,-0.16,0.5841584158415841,-0.16
Dubbo,0,1,5,1,-5,-1.0,107,-5%,-0.05,0.9405940594059405,-0.05
Dubbo,0,1,7,1,-18,-2.571428571,140,-13%,-0.13,0.7227722772277227,-0.13
Dubbo,0,1,2,1,-6,-3.0,53,-11%,-0.11,0.7524752475247525,-0.11
Dubbo,0,2,3,1,-3,-1.0,8,-38%,-0.38,0.2079207920792079,-0.38
Dubbo,0,2,31,1,-76,-2.451612903,218,-35%,-0.35,0.21782178217821782,-0.35
Dubbo,0,1,3,1,-3,-1.0,4,-75%,-0.75,0.0297029702970297,-0.75
Dubbo,0,1,4,1,-4,-1.0,46,-9%,-0.09,0.8316831683168316,-0.09
Dubbo,0,1,5,1,-5,-1.0,48,-10%,-0.1,0.801980198019802,-0.1
Dubbo,0,2,2,1,-2,-1.0,26,-8%,-0.08,0.8514851485148515,-0.08
Dubbo,0,1,3,1,-3,-1.0,66,-5%,-0.05,0.9504950495049505,-0.05
Dubbo,0,1,6,1,-6,-1.0,121,-5%,-0.05,0.9603960396039604,-0.05
Dubbo,0,2,2,1,-6,-3.0,9,-67%,-0.67,0.04950495049504951,-0.67
Dubbo,0,1,2,1,-2,-1.0,26,-8%,-0.08,0.8613861386138614,-0.08
Dubbo,0,1,3,1,-11,-3.666666667,46,-24%,-0.24,0.40594059405940597,-0.24
Dubbo,0,1,2,1,-2,-1.0,4,-50%,-0.5,0.10891089108910891,-0.5
Dubbo,0,2,4,1,-12,-3.0,36,-33%,-0.33,0.297029702970297,-0.33
Empire-db,0,1,3,1,-15,-5.0,18,-83%,-0.83,1.0,-0.83
EventMesh,0,1,4,1,-12,-3.0,16,-75%,-0.75,0.3333333333333333,-0.75
EventMesh,0,1,3,1,-9,-3.0,18,-50%,-0.5,0.6666666666666666,-0.5
EventMesh,0,2,2,1,-10,-5.0,24,-42%,-0.42,1.0,-0.42
Falcon,0,1,2,1,-2,-1.0,16,-13%,-0.13,1.0,-0.13
Falcon,0,1,2,1,-6,-3.0,16,-38%,-0.38,0.8333333333333334,-0.38
Falcon,0,1,2,1,-5,-2.5,10,-50%,-0.5,0.5,-0.5
Falcon,0,1,7,1,-46,-6.571428571,71,-65%,-0.65,0.16666666666666666,-0.65
Falcon,0,1,2,1,-6,-3.0,10,-60%,-0.6,0.3333333333333333,-0.6
Falcon,0,1,2,1,-5,-2.5,10,-50%,-0.5,0.6666666666666666,-0.5
Fineract,0,1,2,1,-6,-3.0,35,-17%,-0.17,0.3008849557522124,-0.17
Fineract,0,1,6,1,-6,-1.0,65,-9%,-0.09,0.5663716814159292,-0.09
Fineract,0,1,2,1,0,0.0,14,0%,0.0,0.9026548672566371,0.0
Fineract,0,1,2,1,-6,-3.0,54,-11%,-0.11,0.5132743362831859,-0.11
Fineract,0,1,2,1,-2,-1.0,34,-6%,-0.06,0.672566371681416,-0.06
Fineract,0,1,2,1,-22,-11.0,141,-16%,-0.16,0.3274336283185841,-0.16
Fineract,0,1,4,1,-4,-1.0,28,-14%,-0.14,0.39823008849557523,-0.14
Fineract,0,1,10,1,-120,-12.0,210,-57%,-0.57,0.02654867256637168,-0.57
Fineract,0,1,2,1,-14,-7.0,68,-21%,-0.21,0.22123893805309736,-0.21
Fineract,0,1,3,1,-21,-7.0,134,-16%,-0.16,0.336283185840708,-0.16
Fineract,0,2,2,1,-6,-3.0,25,-24%,-0.24,0.20353982300884957,-0.24
Fineract,0,1,4,1,-20,-5.0,37,-54%,-0.54,0.035398230088495575,-0.54
Fineract,0,1,4,1,-4,-1.0,82,-5%,-0.05,0.7256637168141593,-0.05
Fineract,0,1,2,1,-6,-3.0,54,-11%,-0.11,0.5221238938053098,-0.11
Fineract,0,2,5,1,-5,-1.0,60,-8%,-0.08,0.6017699115044248,-0.08
Fineract,0,2,27,1,-29,-1.074074074,193,-15%,-0.15,0.3805309734513274,-0.15
Fineract,0,2,7,1,-21,-3.0,105,-20%,-0.2,0.23893805309734514,-0.2
Fineract,0,2,33,1,-95,-2.878787879,846,-11%,-0.11,0.5309734513274337,-0.11
Fineract,0,2,29,1,-86,-2.965517241,280,-31%,-0.31,0.1415929203539823,-0.31
Fineract,0,2,6,1,-54,-9.0,137,-39%,-0.39,0.10619469026548672,-0.39
Fineract,0,2,12,1,-36,-3.0,311,-12%,-0.12,0.49557522123893805,-0.12
Fineract,0,2,5,1,-20,-4.0,59,-34%,-0.34,0.11504424778761062,-0.34
Fineract,0,2,3,1,-9,-3.0,122,-7%,-0.07,0.6283185840707964,-0.07
Fineract,0,2,2,1,-6,-3.0,78,-8%,-0.08,0.6106194690265486,-0.08
Fineract,0,2,5,1,-5,-1.0,118,-4%,-0.04,0.7787610619469026,-0.04
Fineract,0,2,4,1,-8,-2.0,118,-7%,-0.07,0.6371681415929203,-0.07
Fineract,0,1,2,1,0,0.0,24,0%,0.0,0.911504424778761,0.0
Fineract,0,1,2,1,0,0.0,22,0%,0.0,0.9203539823008849,0.0
Fineract,0,1,2,1,-10,-5.0,109,-9%,-0.09,0.5752212389380531,-0.09
Fineract,0,1,2,1,-6,-3.0,19,-32%,-0.32,0.13274336283185842,-0.32
Fineract,0,1,2,1,-6,-3.0,141,-4%,-0.04,0.7876106194690266,-0.04
Fineract,0,1,2,1,-6,-3.0,36,-17%,-0.17,0.30973451327433627,-0.17
Fineract,0,1,2,1,-2,-1.0,60,-3%,-0.03,0.8407079646017699,-0.03
Fineract,0,1,2,1,-14,-7.0,58,-24%,-0.24,0.21238938053097345,-0.24
Fineract,0,1,7,1,-21,-3.0,338,-6%,-0.06,0.6814159292035398,-0.06
Fineract,0,1,2,1,-2,-1.0,58,-3%,-0.03,0.8495575221238938,-0.03
Fineract,0,1,2,1,-2,-1.0,42,-5%,-0.05,0.7345132743362832,-0.05
Fineract,0,1,4,1,-4,-1.0,12,-33%,-0.33,0.12389380530973451,-0.33
Fineract,0,1,2,1,-8,-4.0,17,-47%,-0.47,0.05309734513274336,-0.47
Fineract,0,1,3,1,-9,-3.0,33,-27%,-0.27,0.168141592920354,-0.27
Fineract,0,1,11,1,0,0.0,78,0%,0.0,0.9292035398230089,0.0
Fineract,0,1,2,1,-2,-1.0,41,-5%,-0.05,0.7433628318584071,-0.05
Fineract,0,1,2,1,-2,-1.0,16,-13%,-0.13,0.46017699115044247,-0.13
Fineract,0,2,3,1,-13,-4.333333333,31,-42%,-0.42,0.08849557522123894,-0.42
Fineract,0,1,3,1,-1,-0.333333333,25,-4%,-0.04,0.7964601769911505,-0.04
Fineract,0,1,12,1,-12,-1.0,85,-14%,-0.14,0.40707964601769914,-0.14
Fineract,0,1,2,1,-2,-1.0,17,-12%,-0.12,0.504424778761062,-0.12
Fineract,0,1,2,1,-2,-1.0,113,-2%,-0.02,0.8849557522123894,-0.02
Fineract,0,1,4,1,-4,-1.0,42,-10%,-0.1,0.5398230088495575,-0.1
Fineract,0,2,4,1,-10,-2.5,19,-53%,-0.53,0.04424778761061947,-0.53
Fineract,0,1,2,1,-2,-1.0,29,-7%,-0.07,0.6460176991150443,-0.07
Fineract,0,2,4,1,-4,-1.0,46,-9%,-0.09,0.584070796460177,-0.09
Fineract,0,1,4,1,-20,-5.0,95,-21%,-0.21,0.23008849557522124,-0.21
Fineract,0,1,2,1,-2,-1.0,53,-4%,-0.04,0.8053097345132744,-0.04
Fineract,0,1,2,1,-6,-3.0,14,-43%,-0.43,0.07079646017699115,-0.43
Fineract,0,1,5,1,-10,-2.0,56,-18%,-0.18,0.26548672566371684,-0.18
Fineract,0,1,3,1,-27,-9.0,168,-16%,-0.16,0.34513274336283184,-0.16
Fineract,0,2,2,1,0,0.0,90,0%,0.0,0.9380530973451328,0.0
Fineract,0,2,8,1,-8,-1.0,375,-2%,-0.02,0.8938053097345132,-0.02
Fineract,0,2,12,1,-12,-1.0,88,-14%,-0.14,0.415929203539823,-0.14
Fineract,0,2,25,1,-37,-1.48,678,-5%,-0.05,0.7522123893805309,-0.05
Fineract,0,1,5,1,-15,-3.0,58,-26%,-0.26,0.18584070796460178,-0.26
Fineract,0,1,2,1,-6,-3.0,8,-75%,-0.75,0.017699115044247787,-0.75
Fineract,0,1,2,1,-6,-3.0,38,-16%,-0.16,0.35398230088495575,-0.16
Fineract,0,1,2,1,-2,-1.0,14,-14%,-0.14,0.4247787610619469,-0.14
Fineract,0,1,2,1,-2,-1.0,15,-13%,-0.13,0.4690265486725664,-0.13
Fineract,0,2,3,1,-7,-2.333333333,37,-19%,-0.19,0.25663716814159293,-0.19
Fineract,0,1,4,1,-12,-3.0,67,-18%,-0.18,0.2743362831858407,-0.18
Fineract,0,2,21,1,-21,-1.0,479,-4%,-0.04,0.8141592920353983,-0.04
Fineract,0,1,2,1,-6,-3.0,113,-5%,-0.05,0.7610619469026548,-0.05
Fineract,0,1,2,1,-2,-1.0,60,-3%,-0.03,0.8584070796460177,-0.03
Fineract,0,1,2,1,-6,-3.0,40,-15%,-0.15,0.3893805309734513,-0.15
Fineract,0,1,2,1,-2,-1.0,16,-13%,-0.13,0.4778761061946903,-0.13
Fineract,0,1,12,1,-12,-1.0,86,-14%,-0.14,0.4336283185840708,-0.14
Fineract,0,1,8,1,-24,-3.0,375,-6%,-0.06,0.6902654867256637,-0.06
Fineract,0,2,3,1,-15,-5.0,54,-28%,-0.28,0.1504424778761062,-0.28
Fineract,0,2,8,1,-24,-3.0,375,-6%,-0.06,0.6991150442477876,-0.06
Fineract,0,1,3,1,-9,-3.0,134,-7%,-0.07,0.6548672566371682,-0.07
Fineract,0,1,2,1,-6,-3.0,38,-16%,-0.16,0.36283185840707965,-0.16
Fineract,0,1,2,1,0,0.0,14,0%,0.0,0.9469026548672567,0.0
Fineract,0,2,11,1,-12,-1.090909091,306,-4%,-0.04,0.8230088495575221,-0.04
Fineract,0,2,3,1,-4,-1.333333333,136,-3%,-0.03,0.8672566371681416,-0.03
Fineract,0,1,3,1,-18,-6.0,91,-20%,-0.2,0.24778761061946902,-0.2
Fineract,0,2,5,1,-15,-3.0,83,-18%,-0.18,0.2831858407079646,-0.18
Fineract,0,1,3,1,-6,-2.0,134,-4%,-0.04,0.831858407079646,-0.04
Fineract,0,1,7,1,0,0.0,164,0%,0.0,0.9557522123893806,0.0
Fineract,0,1,36,1,0,0.0,486,0%,0.0,0.9646017699115044,0.0
Fineract,0,1,36,1,0,0.0,506,0%,0.0,0.9734513274336283,0.0
Fineract,0,1,14,1,-14,-1.0,102,-14%,-0.14,0.4424778761061947,-0.14
Fineract,0,2,4,1,-16,-4.0,113,-14%,-0.14,0.45132743362831856,-0.14
Fineract,0,2,4,1,-12,-3.0,173,-7%,-0.07,0.6637168141592921,-0.07
Fineract,0,1,2,1,-6,-3.0,14,-43%,-0.43,0.07964601769911504,-0.43
Fineract,0,2,2,1,-10,-5.0,24,-42%,-0.42,0.09734513274336283,-0.42
Fineract,0,1,7,1,-21,-3.0,338,-6%,-0.06,0.7079646017699115,-0.06
Fineract,0,1,2,1,-2,-1.0,15,-13%,-0.13,0.48672566371681414,-0.13
Fineract,0,1,3,1,-9,-3.0,35,-26%,-0.26,0.19469026548672566,-0.26
Fineract,0,1,2,1,-6,-3.0,38,-16%,-0.16,0.37168141592920356,-0.16
Fineract,0,1,3,1,-9,-3.0,33,-27%,-0.27,0.17699115044247787,-0.27
Fineract,0,1,4,1,-4,-1.0,40,-10%,-0.1,0.5486725663716814,-0.1
Fineract,0,2,6,1,-66,-11.0,232,-28%,-0.28,0.1592920353982301,-0.28
Fineract,0,2,2,1,-2,-1.0,60,-3%,-0.03,0.8761061946902655,-0.03
Fineract,0,2,2,1,-10,-5.0,57,-18%,-0.18,0.2920353982300885,-0.18
Fineract,0,2,12,1,-31,-2.583333333,178,-17%,-0.17,0.3185840707964602,-0.17
Fineract,0,2,8,1,-8,-1.0,88,-9%,-0.09,0.5929203539823009,-0.09
Fineract,0,1,4,1,-28,-7.0,30,-93%,-0.93,0.008849557522123894,-0.93
Fineract,0,2,2,1,-5,-2.5,59,-8%,-0.08,0.6194690265486725,-0.08
Fineract,0,2,2,1,-6,-3.0,13,-46%,-0.46,0.061946902654867256,-0.46
Fineract,0,1,2,1,-6,-3.0,60,-10%,-0.1,0.5575221238938053,-0.1
Fineract,0,1,2,1,-6,-3.0,113,-5%,-0.05,0.7699115044247787,-0.05
Fineract,0,1,3,1,0,0.0,81,0%,0.0,0.9823008849557522,0.0
Fineract,0,1,36,1,0,0.0,486,0%,0.0,0.9911504424778761,0.0
Fineract,0,1,3,1,-3,-1.0,50,-6%,-0.06,0.7168141592920354,-0.06
Fineract,0,1,36,1,0,0.0,506,0%,0.0,1.0,0.0
Flink,0,1,2,1,-2,-1.0,8,-25%,-0.25,0.2727272727272727,-0.25
Flink,0,1,4,1,0,0.0,60,0%,0.0,0.8363636363636363,0.0
Flink,0,1,9,1,0,0.0,195,0%,0.0,0.8454545454545455,0.0
Flink,0,1,2,1,-2,-1.0,6,-33%,-0.33,0.14545454545454545,-0.33
Flink,0,1,5,1,-5,-1.0,41,-12%,-0.12,0.5545454545454546,-0.12
Flink,0,1,3,1,-3,-1.0,9,-33%,-0.33,0.15454545454545454,-0.33
Flink,0,1,2,1,-7,-3.5,10,-70%,-0.7,0.03636363636363636,-0.7
Flink,0,2,2,1,-14,-7.0,27,-52%,-0.52,0.09090909090909091,-0.52
Flink,0,1,2,1,-2,-1.0,31,-6%,-0.06,0.7,-0.06
Flink,0,1,2,1,-14,-7.0,34,-41%,-0.41,0.11818181818181818,-0.41
Flink,0,2,3,1,-6,-2.0,46,-13%,-0.13,0.5,-0.13
Flink,0,1,2,1,-2,-1.0,29,-7%,-0.07,0.6454545454545455,-0.07
Flink,0,1,10,1,-10,-1.0,178,-6%,-0.06,0.7090909090909091,-0.06
Flink,0,1,2,1,-2,-1.0,12,-17%,-0.17,0.39090909090909093,-0.17
Flink,0,1,2,1,-4,-2.0,16,-25%,-0.25,0.2818181818181818,-0.25
Flink,0,1,5,1,-5,-1.0,33,-15%,-0.15,0.41818181818181815,-0.15
Flink,0,2,3,1,-9,-3.0,15,-60%,-0.6,0.07272727272727272,-0.6
Flink,0,1,3,1,-3,-1.0,29,-10%,-0.1,0.5909090909090909,-0.1
Flink,0,1,3,1,0,0.0,55,0%,0.0,0.8545454545454545,0.0
Flink,0,1,3,1,-3,-1.0,25,-12%,-0.12,0.5636363636363636,-0.12
Flink,0,1,2,1,-2,-1.0,16,-13%,-0.13,0.509090909090909,-0.13
Flink,0,1,2,1,-6,-3.0,20,-30%,-0.3,0.22727272727272727,-0.3
Flink,0,1,2,1,-2,-1.0,30,-7%,-0.07,0.6545454545454545,-0.07
Flink,0,1,2,1,-4,-2.0,16,-25%,-0.25,0.2909090909090909,-0.25
Flink,0,1,7,1,0,0.0,257,0%,0.0,0.8636363636363636,0.0
Flink,0,1,2,1,-2,-1.0,31,-6%,-0.06,0.7181818181818181,-0.06
Flink,0,2,4,1,-8,-2.0,107,-7%,-0.07,0.6636363636363637,-0.07
Flink,0,1,4,1,-4,-1.0,12,-33%,-0.33,0.16363636363636364,-0.33
Flink,0,1,2,1,-2,-1.0,30,-7%,-0.07,0.6727272727272727,-0.07
Flink,0,1,2,1,-2,-1.0,38,-5%,-0.05,0.7545454545454545,-0.05
Flink,0,1,6,1,-5,-0.833333333,31,-16%,-0.16,0.4,-0.16
Flink,0,1,2,1,-2,-1.0,32,-6%,-0.06,0.7272727272727273,-0.06
Flink,0,2,21,1,0,0.0,455,0%,0.0,0.8727272727272727,0.0
Flink,0,1,3,1,-6,-2.0,50,-12%,-0.12,0.5727272727272728,-0.12
Flink,0,1,4,1,0,0.0,67,0%,0.0,0.8818181818181818,0.0
Flink,0,2,2,1,-22,-11.0,158,-14%,-0.14,0.44545454545454544,-0.14
Flink,0,1,10,1,0,0.0,178,0%,0.0,0.8909090909090909,0.0
Flink,0,1,2,1,-2,-1.0,47,-4%,-0.04,0.7909090909090909,-0.04
Flink,0,1,3,1,-3,-1.0,13,-23%,-0.23,0.3,-0.23
Flink,0,1,9,1,-28,-3.111111111,201,-14%,-0.14,0.45454545454545453,-0.14
Flink,0,1,2,1,0,0.0,30,0%,0.0,0.9,0.0
Flink,0,1,4,1,-4,-1.0,32,-13%,-0.13,0.5181818181818182,-0.13
Flink,0,1,2,1,-2,-1.0,31,-6%,-0.06,0.7363636363636363,-0.06
Flink,0,1,3,1,-9,-3.0,40,-23%,-0.23,0.3090909090909091,-0.23
Flink,0,1,2,1,0,0.0,22,0%,0.0,0.9090909090909091,0.0
Flink,0,1,3,1,-9,-3.0,15,-60%,-0.6,0.08181818181818182,-0.6
Flink,0,1,2,1,0,0.0,22,0%,0.0,0.9181818181818182,0.0
Flink,0,1,2,1,-2,-1.0,45,-4%,-0.04,0.8,-0.04
Flink,0,1,5,1,-5,-1.0,17,-29%,-0.29,0.24545454545454545,-0.29
Flink,0,1,2,1,-2,-1.0,6,-33%,-0.33,0.17272727272727273,-0.33
Flink,0,1,4,1,-8,-2.0,30,-27%,-0.27,0.2545454545454545,-0.27
Flink,0,1,10,1,0,0.0,178,0%,0.0,0.9272727272727272,0.0
Flink,0,2,2,1,-6,-3.0,14,-43%,-0.43,0.10909090909090909,-0.43
Flink,0,1,2,1,-6,-3.0,6,-100%,-1.0,0.00909090909090909,-1.0
Flink,0,2,2,1,-14,-7.0,22,-64%,-0.64,0.06363636363636363,-0.64
Flink,0,1,3,1,-9,-3.0,61,-15%,-0.15,0.42727272727272725,-0.15
Flink,0,1,4,1,-2,-0.5,27,-7%,-0.07,0.6818181818181818,-0.07
Flink,0,1,2,1,-2,-1.0,80,-3%,-0.03,0.8090909090909091,-0.03
Flink,0,1,2,1,-2,-1.0,6,-33%,-0.33,0.18181818181818182,-0.33
Flink,0,1,4,1,-4,-1.0,152,-3%,-0.03,0.8181818181818182,-0.03
Flink,0,1,3,1,-15,-5.0,46,-33%,-0.33,0.19090909090909092,-0.33
Flink,0,1,2,1,-2,-1.0,20,-10%,-0.1,0.6,-0.1
Flink,0,2,4,1,-19,-4.75,100,-19%,-0.19,0.34545454545454546,-0.19
Flink,0,1,2,1,0,0.0,5,0%,0.0,0.9363636363636364,0.0
Flink,0,1,2,1,-2,-1.0,25,-8%,-0.08,0.6272727272727273,-0.08
Flink,0,1,2,1,-12,-6.0,14,-86%,-0.86,0.01818181818181818,-0.86
Flink,0,2,3,1,-2,-0.666666667,40,-5%,-0.05,0.7636363636363637,-0.05
Flink,0,1,2,1,-6,-3.0,20,-30%,-0.3,0.23636363636363636,-0.3
Flink,0,1,12,1,-36,-3.0,96,-38%,-0.38,0.12727272727272726,-0.38
Flink,0,1,2,1,-6,-3.0,34,-18%,-0.18,0.38181818181818183,-0.18
Flink,0,1,15,1,0,0.0,240,0%,0.0,0.9454545454545454,0.0
Flink,0,1,2,1,0,0.0,30,0%,0.0,0.9545454545454546,0.0
Flink,0,1,2,1,-6,-3.0,29,-21%,-0.21,0.3181818181818182,-0.21
Flink,0,1,4,1,0,0.0,36,0%,0.0,0.9636363636363636,0.0
Flink,0,1,3,1,0,0.0,19,0%,0.0,0.9727272727272728,0.0
Flink,0,1,3,1,-18,-6.0,96,-19%,-0.19,0.35454545454545455,-0.19
Flink,0,1,2,1,-4,-2.0,12,-33%,-0.33,0.2,-0.33
Flink,0,1,10,1,-10,-1.0,108,-9%,-0.09,0.6181818181818182,-0.09
Flink,0,1,13,1,-87,-6.692307692,172,-51%,-0.51,0.1,-0.51
Flink,0,1,4,1,-4,-1.0,28,-14%,-0.14,0.4636363636363636,-0.14
Flink,0,1,4,1,-4,-1.0,28,-14%,-0.14,0.4727272727272727,-0.14
Flink,0,1,2,1,-2,-1.0,14,-14%,-0.14,0.4818181818181818,-0.14
Flink,0,1,2,1,-2,-1.0,21,-10%,-0.1,0.6090909090909091,-0.1
Flink,0,1,4,1,-4,-1.0,38,-11%,-0.11,0.5818181818181818,-0.11
Flink,0,2,2,1,-2,-1.0,26,-8%,-0.08,0.6363636363636364,-0.08
Flink,0,1,2,1,-6,-3.0,17,-35%,-0.35,0.13636363636363635,-0.35
Flink,0,2,36,1,-80,-2.222222222,580,-14%,-0.14,0.4909090909090909,-0.14
Flink,0,1,4,1,-4,-1.0,20,-20%,-0.2,0.32727272727272727,-0.2
Flink,0,1,4,1,-4,-1.0,20,-20%,-0.2,0.33636363636363636,-0.2
Flink,0,1,4,1,-4,-1.0,32,-13%,-0.13,0.5272727272727272,-0.13
Flink,0,1,4,1,-4,-1.0,32,-13%,-0.13,0.5363636363636364,-0.13
Flink,0,1,2,1,-12,-6.0,82,-15%,-0.15,0.43636363636363634,-0.15
Flink,0,2,3,1,-9,-3.0,48,-19%,-0.19,0.36363636363636365,-0.19
Flink,0,1,3,1,-9,-3.0,13,-69%,-0.69,0.05454545454545454,-0.69
Flink,0,1,2,1,-6,-3.0,32,-19%,-0.19,0.37272727272727274,-0.19
Flink,0,1,2,1,-2,-1.0,30,-7%,-0.07,0.6909090909090909,-0.07
Flink,0,1,2,1,-2,-1.0,38,-5%,-0.05,0.7727272727272727,-0.05
Flink,0,1,3,1,0,0.0,30,0%,0.0,0.9818181818181818,0.0
Flink,0,1,4,1,-4,-1.0,32,-13%,-0.13,0.5454545454545454,-0.13
Flink,0,1,2,1,-2,-1.0,6,-33%,-0.33,0.20909090909090908,-0.33
Flink,0,1,13,1,-4,-0.307692308,66,-6%,-0.06,0.7454545454545455,-0.06
Flink,0,1,2,1,-2,-1.0,158,-1%,-0.01,0.8272727272727273,-0.01
Flink,0,1,6,1,0,0.0,32,0%,0.0,0.990909090909091,0.0
Flink,0,1,5,1,-5,-1.0,15,-33%,-0.33,0.21818181818181817,-0.33
Flink,0,2,2,1,-6,-3.0,8,-75%,-0.75,0.02727272727272727,-0.75
Flink,0,1,2,1,0,0.0,10,0%,0.0,1.0,0.0
Flink,0,1,2,1,-6,-3.0,38,-16%,-0.16,0.4090909090909091,-0.16
Flink,0,1,2,1,-2,-1.0,44,-5%,-0.05,0.7818181818181819,-0.05
Flink,0,1,2,1,-14,-7.0,20,-70%,-0.7,0.045454545454545456,-0.7
Flink,0,1,4,1,-10,-2.5,37,-27%,-0.27,0.2636363636363636,-0.27
Flume,0,1,3,1,-9,-3.0,32,-28%,-0.28,0.9090909090909091,-0.28
Flume,0,1,3,1,-15,-5.0,22,-68%,-0.68,0.18181818181818182,-0.68
Flume,0,1,2,1,-4,-2.0,11,-36%,-0.36,0.7272727272727273,-0.36
Flume,0,1,13,1,-37,-2.846153846,80,-46%,-0.46,0.45454545454545453,-0.46
Flume,0,1,3,1,-15,-5.0,32,-47%,-0.47,0.36363636363636365,-0.47
Flume,0,1,2,1,-6,-3.0,19,-32%,-0.32,0.8181818181818182,-0.32
Flume,0,1,3,1,-3,-1.0,22,-14%,-0.14,1.0,-0.14
Flume,0,2,2,1,-6,-3.0,10,-60%,-0.6,0.2727272727272727,-0.6
Flume,0,1,2,1,-6,-3.0,14,-43%,-0.43,0.6363636363636364,-0.43
Flume,0,1,2,1,-6,-3.0,6,-100%,-1.0,0.09090909090909091,-1.0
Flume,0,1,2,1,-6,-3.0,13,-46%,-0.46,0.5454545454545454,-0.46
FOP,0,1,2,1,-6,-3.0,21,-29%,-0.29,0.288135593220339,-0.29
FOP,0,1,2,1,-6,-3.0,21,-29%,-0.29,0.3050847457627119,-0.29
FOP,0,2,3,1,-2,-0.666666667,59,-3%,-0.03,0.8813559322033898,-0.03
FOP,0,1,2,1,-1,-0.5,9,-11%,-0.11,0.6271186440677966,-0.11
FOP,0,1,5,1,-15,-3.0,105,-14%,-0.14,0.4915254237288136,-0.14
FOP,0,1,5,1,-5,-1.0,25,-20%,-0.2,0.3898305084745763,-0.2
FOP,0,1,3,1,-3,-1.0,21,-14%,-0.14,0.5084745762711864,-0.14
FOP,0,1,2,1,0,0.0,9,0%,0.0,0.9830508474576272,0.0
FOP,0,1,2,1,-2,-1.0,6,-33%,-0.33,0.22033898305084745,-0.33
FOP,0,2,2,1,-8,-4.0,56,-14%,-0.14,0.5254237288135594,-0.14
FOP,0,2,3,1,-3,-1.0,31,-10%,-0.1,0.6610169491525424,-0.1
FOP,0,2,2,1,-5,-2.5,27,-19%,-0.19,0.4067796610169492,-0.19
FOP,0,2,2,1,-4,-2.0,86,-5%,-0.05,0.8305084745762712,-0.05
FOP,0,1,2,1,-5,-2.5,5,-100%,-1.0,0.01694915254237288,-1.0
FOP,0,1,2,1,-2,-1.0,25,-8%,-0.08,0.7288135593220338,-0.08
FOP,0,1,4,1,-4,-1.0,29,-14%,-0.14,0.5423728813559322,-0.14
FOP,0,2,3,1,-14,-4.666666667,134,-10%,-0.1,0.6779661016949152,-0.1
FOP,0,2,2,1,-22,-11.0,38,-58%,-0.58,0.0847457627118644,-0.58
FOP,0,2,3,1,-4,-1.333333333,141,-3%,-0.03,0.8983050847457628,-0.03
FOP,0,2,2,1,-14,-7.0,24,-58%,-0.58,0.1016949152542373,-0.58
FOP,0,1,3,1,-9,-3.0,15,-60%,-0.6,0.06779661016949153,-0.6
FOP,0,2,5,1,-11,-2.2,34,-32%,-0.32,0.23728813559322035,-0.32
FOP,0,2,2,1,-4,-2.0,13,-31%,-0.31,0.2542372881355932,-0.31
FOP,0,2,4,1,-1,-0.25,134,-1%,-0.01,0.9661016949152542,-0.01
FOP,0,1,2,1,-2,-1.0,58,-3%,-0.03,0.9152542372881356,-0.03
FOP,0,1,2,1,-6,-3.0,12,-50%,-0.5,0.15254237288135594,-0.5
FOP,0,1,2,1,-6,-3.0,25,-24%,-0.24,0.3559322033898305,-0.24
FOP,0,1,4,1,-21,-5.25,38,-55%,-0.55,0.13559322033898305,-0.55
FOP,0,1,3,1,-2,-0.666666667,2,-100%,-1.0,0.03389830508474576,-1.0
FOP,0,1,2,1,-2,-1.0,26,-8%,-0.08,0.7457627118644068,-0.08
FOP,0,2,2,1,-1,-0.5,52,-2%,-0.02,0.9322033898305084,-0.02
FOP,0,1,5,1,-15,-3.0,95,-16%,-0.16,0.4576271186440678,-0.16
FOP,0,1,2,1,-2,-1.0,8,-25%,-0.25,0.3220338983050847,-0.25
FOP,0,1,4,1,-30,-7.5,41,-73%,-0.73,0.05084745762711865,-0.73
FOP,0,2,2,1,-5,-2.5,61,-8%,-0.08,0.7627118644067796,-0.08
FOP,0,2,2,1,-4,-2.0,60,-7%,-0.07,0.7966101694915254,-0.07
FOP,0,2,2,1,-10,-5.0,25,-40%,-0.4,0.1864406779661017,-0.4
FOP,0,2,2,1,-1,-0.5,61,-2%,-0.02,0.9491525423728814,-0.02
FOP,0,1,5,1,-5,-1.0,45,-11%,-0.11,0.6440677966101694,-0.11
FOP,0,1,5,1,-25,-5.0,45,-56%,-0.56,0.11864406779661017,-0.56
FOP,0,1,2,1,-2,-1.0,12,-17%,-0.17,0.4406779661016949,-0.17
FOP,0,2,8,1,-40,-5.0,128,-31%,-0.31,0.2711864406779661,-0.31
FOP,0,1,6,1,-6,-1.0,48,-13%,-0.13,0.559322033898305,-0.13
FOP,0,1,3,1,-9,-3.0,36,-25%,-0.25,0.3389830508474576,-0.25
FOP,0,1,2,1,0,0.0,8,0%,0.0,1.0,0.0
FOP,0,1,2,1,-6,-3.0,52,-12%,-0.12,0.5932203389830508,-0.12
FOP,0,2,2,1,-4,-2.0,9,-44%,-0.44,0.1694915254237288,-0.44
FOP,0,2,3,1,-15,-5.0,70,-21%,-0.21,0.3728813559322034,-0.21
FOP,0,1,2,1,-2,-1.0,16,-13%,-0.13,0.576271186440678,-0.13
FOP,0,2,2,1,-10,-5.0,52,-19%,-0.19,0.423728813559322,-0.19
FOP,0,1,2,1,-2,-1.0,52,-4%,-0.04,0.847457627118644,-0.04
FOP,0,2,2,1,-5,-2.5,74,-7%,-0.07,0.8135593220338984,-0.07
FOP,0,2,2,1,-6,-3.0,59,-10%,-0.1,0.6949152542372882,-0.1
FOP,0,1,3,1,-3,-1.0,33,-9%,-0.09,0.711864406779661,-0.09
FOP,0,2,2,1,-2,-1.0,49,-4%,-0.04,0.864406779661017,-0.04
FOP,0,2,6,1,-18,-3.0,112,-16%,-0.16,0.4745762711864407,-0.16
FOP,0,2,2,1,-6,-3.0,49,-12%,-0.12,0.6101694915254238,-0.12
FOP,0,2,2,1,-2,-1.0,25,-8%,-0.08,0.7796610169491526,-0.08
FOP,0,1,2,1,-3,-1.5,8,-38%,-0.38,0.2033898305084746,-0.38
Geode,0,1,5,1,-12,-2.4,74,-16%,-0.16,0.5030084235860409,-0.16
Geode,0,1,2,1,-5,-2.5,54,-9%,-0.09,0.7196149217809867,-0.09
Geode,0,2,16,1,-15,-0.9375,394,-4%,-0.04,0.8567990373044525,-0.04
Geode,0,2,6,1,-17,-2.833333333,81,-21%,-0.21,0.36101083032490977,-0.21
Geode,0,1,3,1,-13,-4.333333333,29,-45%,-0.45,0.11191335740072202,-0.45
Geode,0,1,2,1,-6,-3.0,29,-21%,-0.21,0.3622141997593261,-0.21
Geode,0,1,3,1,-5,-1.666666667,46,-11%,-0.11,0.641395908543923,-0.11
Geode,0,1,2,1,0,0.0,5,0%,0.0,0.9265944645006017,0.0
Geode,0,1,4,1,-12,-3.0,52,-23%,-0.23,0.3285198555956679,-0.23
Geode,0,1,2,1,-6,-3.0,9,-67%,-0.67,0.02286401925391095,-0.67
Geode,0,2,9,1,-60,-6.666666667,105,-57%,-0.57,0.05174488567990373,-0.57
Geode,0,1,3,1,0,0.0,137,0%,0.0,0.927797833935018,0.0
Geode,0,1,2,1,-6,-3.0,111,-5%,-0.05,0.8303249097472925,-0.05
Geode,0,1,3,1,-6,-2.0,18,-33%,-0.33,0.18892900120336945,-0.33
Geode,0,1,2,1,-2,-1.0,80,-3%,-0.03,0.8892900120336944,-0.03
Geode,0,1,6,1,-18,-3.0,224,-8%,-0.08,0.7460890493381468,-0.08
Geode,0,1,4,1,-12,-3.0,70,-17%,-0.17,0.46690734055354993,-0.17
Geode,0,1,5,1,-5,-1.0,80,-6%,-0.06,0.8014440433212996,-0.06
Geode,0,1,3,1,-15,-5.0,129,-12%,-0.12,0.614921780986763,-0.12
Geode,0,1,13,1,-39,-3.0,186,-21%,-0.21,0.36341756919374246,-0.21
Geode,0,2,4,1,-4,-1.0,135,-3%,-0.03,0.8904933814681107,-0.03
Geode,0,1,3,1,-9,-3.0,19,-47%,-0.47,0.09626955475330927,-0.47
Geode,0,1,5,1,-15,-3.0,103,-15%,-0.15,0.5282791817087846,-0.15
Geode,0,2,2,1,-4,-2.0,18,-22%,-0.22,0.34657039711191334,-0.22
Geode,0,1,4,1,-12,-3.0,111,-11%,-0.11,0.6425992779783394,-0.11
Geode,0,1,2,1,-6,-3.0,62,-10%,-0.1,0.6714801444043321,-0.1
Geode,0,2,2,1,-17,-8.5,43,-40%,-0.4,0.14199759326113118,-0.4
Geode,0,1,2,1,-2,-1.0,7,-29%,-0.29,0.2490974729241877,-0.29
Geode,0,1,3,1,-9,-3.0,25,-36%,-0.36,0.16606498194945848,-0.36
Geode,0,1,4,1,-12,-3.0,20,-60%,-0.6,0.032490974729241874,-0.6
Geode,0,1,5,1,-33,-6.6,177,-19%,-0.19,0.4187725631768953,-0.19
Geode,0,2,2,1,-10,-5.0,21,-48%,-0.48,0.0950661853188929,-0.48
Geode,0,1,7,1,-21,-3.0,121,-17%,-0.17,0.4681107099879663,-0.17
Geode,0,2,6,1,-12,-2.0,111,-11%,-0.11,0.6438026474127557,-0.11
Geode,0,2,3,1,-9,-3.0,30,-30%,-0.3,0.2358604091456077,-0.3
Geode,0,1,2,1,-6,-3.0,14,-43%,-0.43,0.12033694344163658,-0.43
Geode,0,1,2,1,-6,-3.0,22,-27%,-0.27,0.27075812274368233,-0.27
Geode,0,1,2,1,-6,-3.0,61,-10%,-0.1,0.6726835138387485,-0.1
Geode,0,1,4,1,-4,-1.0,18,-22%,-0.22,0.34777376654632974,-0.22
Geode,0,1,4,1,-14,-3.5,138,-10%,-0.1,0.6738868832731648,-0.1
Geode,0,1,3,1,-9,-3.0,48,-19%,-0.19,0.41997593261131166,-0.19
Geode,0,1,2,1,0,0.0,60,0%,0.0,0.9290012033694344,0.0
Geode,0,1,2,1,0,0.0,20,0%,0.0,0.9302045728038508,0.0
Geode,0,2,8,1,-24,-3.0,122,-20%,-0.2,0.3802647412755716,-0.2
Geode,0,1,2,1,0,0.0,45,0%,0.0,0.9314079422382672,0.0
Geode,0,2,4,1,-3,-0.75,74,-4%,-0.04,0.8580024067388689,-0.04
Geode,0,2,4,1,-8,-2.0,43,-19%,-0.19,0.42117930204572807,-0.19
Geode,0,1,8,1,-8,-1.0,81,-10%,-0.1,0.6750902527075813,-0.1
Geode,0,2,5,1,-15,-3.0,82,-18%,-0.18,0.44765342960288806,-0.18
Geode,0,2,2,1,-1,-0.5,30,-3%,-0.03,0.8916967509025271,-0.03
Geode,0,1,4,1,-8,-2.0,26,-31%,-0.31,0.23345367027677497,-0.31
Geode,0,1,14,1,-46,-3.285714286,352,-13%,-0.13,0.5896510228640193,-0.13
Geode,0,1,3,1,0,0.0,6,0%,0.0,0.9326113116726835,0.0
Geode,0,2,11,1,-57,-5.181818182,201,-28%,-0.28,0.2647412755716005,-0.28
Geode,0,2,9,1,-22,-2.444444444,126,-17%,-0.17,0.4693140794223827,-0.17
Geode,0,2,5,1,-15,-3.0,117,-13%,-0.13,0.5908543922984356,-0.13
Geode,0,2,2,1,-4,-2.0,36,-11%,-0.11,0.6450060168471721,-0.11
Geode,0,1,3,1,-11,-3.666666667,85,-13%,-0.13,0.592057761732852,-0.13
Geode,0,1,2,1,-1,-0.5,31,-3%,-0.03,0.8929001203369434,-0.03
Geode,0,1,2,1,-2,-1.0,12,-17%,-0.17,0.470517448856799,-0.17
Geode,0,1,5,1,-5,-1.0,89,-6%,-0.06,0.802647412755716,-0.06
Geode,0,2,3,1,-3,-1.0,45,-7%,-0.07,0.7725631768953068,-0.07
Geode,0,1,2,1,-4,-2.0,24,-17%,-0.17,0.4717208182912154,-0.17
Geode,0,1,2,1,-15,-7.5,30,-50%,-0.5,0.06979542719614922,-0.5
Geode,0,1,8,1,-8,-1.0,217,-4%,-0.04,0.8592057761732852,-0.04
Geode,0,1,3,1,-9,-3.0,43,-21%,-0.21,0.36462093862815886,-0.21
Geode,0,1,2,1,0,0.0,19,0%,0.0,0.9338146811070999,0.0
Geode,0,1,2,1,-2,-1.0,10,-20%,-0.2,0.381468110709988,-0.2
Geode,0,1,2,1,-2,-1.0,15,-13%,-0.13,0.5932611311672683,-0.13
Geode,0,1,3,1,-3,-1.0,32,-9%,-0.09,0.7208182912154031,-0.09
Geode,0,1,4,1,-4,-1.0,25,-16%,-0.16,0.5042117930204573,-0.16
Geode,0,1,2,1,-8,-4.0,20,-40%,-0.4,0.14320096269554752,-0.4
Geode,0,1,2,1,-2,-1.0,13,-15%,-0.15,0.529482551143201,-0.15
Geode,0,2,3,1,-27,-9.0,103,-26%,-0.26,0.28399518652226236,-0.26
Geode,0,2,2,1,-6,-3.0,37,-16%,-0.16,0.5054151624548736,-0.16
Geode,0,1,2,1,-2,-1.0,4,-50%,-0.5,0.07099879663056559,-0.5
Geode,0,1,3,1,-17,-5.666666667,58,-29%,-0.29,0.2503008423586041,-0.29
Geode,0,1,2,1,-2,-1.0,10,-20%,-0.2,0.38267148014440433,-0.2
Geode,0,2,6,1,-42,-7.0,92,-46%,-0.46,0.09987966305655836,-0.46
Geode,0,1,2,1,0,0.0,19,0%,0.0,0.9350180505415162,0.0
Geode,0,2,27,1,-135,-5.0,264,-51%,-0.51,0.06618531889290012,-0.51
Geode,0,1,2,1,-2,-1.0,4,-50%,-0.5,0.07220216606498195,-0.5
Geode,0,1,3,1,-3,-1.0,17,-18%,-0.18,0.44885679903730447,-0.18
Geode,0,1,9,1,-36,-4.0,252,-14%,-0.14,0.5583634175691937,-0.14
Geode,0,2,4,1,-6,-1.5,36,-17%,-0.17,0.4729241877256318,-0.17
Geode,0,1,2,1,-6,-3.0,32,-19%,-0.19,0.4223826714801444,-0.19
Geode,0,1,2,1,0,0.0,24,0%,0.0,0.9362214199759326,0.0
Geode,0,1,3,1,-15,-5.0,85,-18%,-0.18,0.4500601684717208,-0.18
Geode,0,1,2,1,-2,-1.0,17,-12%,-0.12,0.6161251504211793,-0.12
Geode,0,1,2,1,-2,-1.0,20,-10%,-0.1,0.6762936221419976,-0.1
Geode,0,2,2,1,-4,-2.0,40,-10%,-0.1,0.677496991576414,-0.1
Geode,0,2,8,1,-8,-1.0,272,-3%,-0.03,0.8941034897713598,-0.03
Geode,0,2,5,1,-11,-2.2,47,-23%,-0.23,0.3297232250300842,-0.23
Geode,0,1,3,1,0,0.0,10,0%,0.0,0.937424789410349,0.0
Geode,0,2,3,1,-21,-7.0,72,-29%,-0.29,0.25150421179302046,-0.29
Geode,0,1,2,1,-6,-3.0,14,-43%,-0.43,0.12154031287605295,-0.43
Geode,0,1,2,1,-2,-1.0,6,-33%,-0.33,0.1901323706377858,-0.33
Geode,0,1,6,1,-7,-1.166666667,113,-6%,-0.06,0.8038507821901324,-0.06
Geode,0,1,4,1,-60,-15.0,60,-100%,-1.0,0.0012033694344163659,-1.0
Geode,0,1,2,1,-2,-1.0,46,-4%,-0.04,0.8604091456077015,-0.04
Geode,0,1,3,1,-3,-1.0,43,-7%,-0.07,0.7737665463297232,-0.07
Geode,0,2,5,1,-5,-1.0,77,-6%,-0.06,0.8050541516245487,-0.06
Geode,0,1,2,1,-2,-1.0,19,-11%,-0.11,0.6462093862815884,-0.11
Geode,0,1,2,1,-2,-1.0,10,-20%,-0.2,0.3838748495788207,-0.2
Geode,0,1,5,1,-35,-7.0,126,-28%,-0.28,0.26594464500601683,-0.28
Geode,0,2,2,1,-14,-7.0,33,-42%,-0.42,0.13237063778580024,-0.42
Geode,0,1,3,1,-9,-3.0,40,-23%,-0.23,0.3309265944645006,-0.23
Geode,0,1,2,1,-6,-3.0,52,-12%,-0.12,0.6173285198555957,-0.12
Geode,0,1,4,1,-4,-1.0,133,-3%,-0.03,0.8953068592057761,-0.03
Geode,0,1,4,1,-4,-1.0,8,-50%,-0.5,0.07340553549939831,-0.5
Geode,0,1,3,1,-3,-1.0,46,-7%,-0.07,0.7749699157641395,-0.07
Geode,0,1,3,1,0,0.0,51,0%,0.0,0.9386281588447654,0.0
Geode,0,1,4,1,0,0.0,18,0%,0.0,0.9398315282791817,0.0
Geode,0,2,3,1,-13,-4.333333333,195,-7%,-0.07,0.776173285198556,-0.07
Geode,0,1,2,1,-2,-1.0,20,-10%,-0.1,0.6787003610108303,-0.1
Geode,0,2,2,1,-3,-1.5,29,-10%,-0.1,0.6799037304452467,-0.1
Geode,0,1,2,1,-2,-1.0,34,-6%,-0.06,0.8062575210589651,-0.06
Geode,0,1,3,1,-13,-4.333333333,32,-41%,-0.41,0.1371841155234657,-0.41
Geode,0,2,3,1,0,0.0,0,,,,
Geode,0,1,2,1,-8,-4.0,50,-16%,-0.16,0.50661853188929,-0.16
Geode,0,1,2,1,-8,-4.0,14,-57%,-0.57,0.052948255114320095,-0.57
Geode,0,1,14,1,-62,-4.428571429,180,-34%,-0.34,0.18411552346570398,-0.34
Geode,0,1,22,1,0,0.0,162,0%,0.0,0.941034897713598,0.0
Geode,0,2,11,1,-13,-1.181818182,313,-4%,-0.04,0.8616125150421179,-0.04
Geode,0,2,2,1,-6,-3.0,12,-50%,-0.5,0.07460890493381468,-0.5
Geode,0,2,2,1,-6,-3.0,36,-17%,-0.17,0.4741275571600481,-0.17
Geode,0,2,19,1,-57,-3.0,399,-14%,-0.14,0.5595667870036101,-0.14
Geode,0,1,2,1,0,0.0,90,0%,0.0,0.9422382671480144,0.0
Geode,0,1,2,1,-2,-1.0,6,-33%,-0.33,0.19133574007220217,-0.33
Geode,0,1,2,1,-2,-1.0,11,-18%,-0.18,0.45126353790613716,-0.18
Geode,0,1,3,1,-3,-1.0,12,-25%,-0.25,0.2972322503008424,-0.25
Geode,0,1,2,1,-2,-1.0,52,-4%,-0.04,0.8628158844765343,-0.04
Geode,0,1,4,1,-4,-1.0,34,-12%,-0.12,0.618531889290012,-0.12
Geode,0,1,3,1,-3,-1.0,45,-7%,-0.07,0.7773766546329723,-0.07
Geode,0,2,21,1,-47,-2.238095238,246,-19%,-0.19,0.42358604091456076,-0.19
Geode,0,2,20,1,-68,-3.4,712,-10%,-0.1,0.681107099879663,-0.1
Geode,0,2,9,1,-9,-1.0,251,-4%,-0.04,0.8640192539109507,-0.04
Geode,0,2,3,1,-2,-0.666666667,83,-2%,-0.02,0.9169675090252708,-0.02
Geode,0,2,3,1,-8,-2.666666667,138,-6%,-0.06,0.8074608904933814,-0.06
Geode,0,2,5,1,-5,-1.0,60,-8%,-0.08,0.7472924187725631,-0.08
Geode,0,1,5,1,-5,-1.0,37,-14%,-0.14,0.5607701564380265,-0.14
Geode,0,1,2,1,-10,-5.0,12,-83%,-0.83,0.007220216606498195,-0.83
Geode,0,1,3,1,-9,-3.0,44,-20%,-0.2,0.3850782190132371,-0.2
Geode,0,2,3,1,-3,-1.0,52,-6%,-0.06,0.8086642599277978,-0.06
Geode,0,1,2,1,-6,-3.0,10,-60%,-0.6,0.03369434416365824,-0.6
Geode,0,1,2,1,-6,-3.0,35,-17%,-0.17,0.4753309265944645,-0.17
Geode,0,1,2,1,-2,-1.0,25,-8%,-0.08,0.7484957882069796,-0.08
Geode,0,1,6,1,0,0.0,31,0%,0.0,0.9434416365824309,0.0
Geode,0,1,2,1,-2,-1.0,20,-10%,-0.1,0.6823104693140795,-0.1
Geode,0,1,2,1,-6,-3.0,41,-15%,-0.15,0.5306859205776173,-0.15
Geode,0,1,2,1,-6,-3.0,13,-46%,-0.46,0.10108303249097472,-0.46
Geode,0,1,2,1,-6,-3.0,13,-46%,-0.46,0.1022864019253911,-0.46
Geode,0,1,2,1,-6,-3.0,13,-46%,-0.46,0.10348977135980746,-0.46
Geode,0,1,2,1,-6,-3.0,13,-46%,-0.46,0.10469314079422383,-0.46
Geode,0,1,2,1,-6,-3.0,13,-46%,-0.46,0.10589651022864019,-0.46
Geode,0,1,2,1,-6,-3.0,13,-46%,-0.46,0.10709987966305656,-0.46
Geode,0,1,2,1,-6,-3.0,13,-46%,-0.46,0.10830324909747292,-0.46
Geode,0,1,2,1,-2,-1.0,8,-25%,-0.25,0.29843561973525873,-0.25
Geode,0,1,3,1,-3,-1.0,15,-20%,-0.2,0.3862815884476534,-0.2
Geode,0,1,4,1,-4,-1.0,33,-12%,-0.12,0.6197352587244284,-0.12
Geode,0,1,2,1,0,0.0,45,0%,0.0,0.9446450060168472,0.0
Geode,0,1,2,1,-2,-1.0,7,-29%,-0.29,0.2527075812274368,-0.29
Geode,0,1,4,1,-12,-3.0,26,-46%,-0.46,0.1095066185318893,-0.46
Geode,0,1,2,1,-6,-3.0,60,-10%,-0.1,0.6835138387484958,-0.1
Geode,0,2,4,1,-12,-3.0,34,-35%,-0.35,0.17448856799037304,-0.35
Geode,0,2,2,1,-8,-4.0,92,-9%,-0.09,0.7220216606498195,-0.09
Geode,0,1,14,1,-14,-1.0,291,-5%,-0.05,0.8315282791817088,-0.05
Geode,0,2,2,1,-8,-4.0,20,-40%,-0.4,0.1444043321299639,-0.4
Geode,0,1,3,1,-3,-1.0,4,-75%,-0.75,0.012033694344163659,-0.75
Geode,0,1,2,1,-2,-1.0,24,-8%,-0.08,0.7496991576413959,-0.08
Geode,0,1,5,1,-15,-3.0,73,-21%,-0.21,0.3658243080625752,-0.21
Geode,0,1,9,1,-49,-5.444444444,135,-36%,-0.36,0.16726835138387486,-0.36
Geode,0,2,3,1,-8,-2.666666667,21,-38%,-0.38,0.15403128760529483,-0.38
Geode,0,1,4,1,-12,-3.0,12,-100%,-1.0,0.0024067388688327317,-1.0
Geode,0,1,4,1,-12,-3.0,16,-75%,-0.75,0.013237063778580024,-0.75
Geode,0,2,2,1,-7,-3.5,26,-27%,-0.27,0.2719614921780987,-0.27
Geode,0,1,2,1,-2,-1.0,19,-11%,-0.11,0.6474127557160048,-0.11
Geode,0,1,4,1,-8,-2.0,34,-24%,-0.24,0.3176895306859206,-0.24
Geode,0,1,5,1,-5,-1.0,52,-10%,-0.1,0.6847172081829122,-0.1
Geode,0,1,2,1,-2,-1.0,14,-14%,-0.14,0.5619735258724429,-0.14
Geode,0,1,4,1,-9,-2.25,88,-10%,-0.1,0.6859205776173285,-0.1
Geode,0,2,2,1,-6,-3.0,30,-20%,-0.2,0.38748495788206977,-0.2
Geode,0,1,3,1,-3,-1.0,43,-7%,-0.07,0.7785800240673887,-0.07
Geode,0,1,2,1,-6,-3.0,14,-43%,-0.43,0.12274368231046931,-0.43
Geode,0,1,2,1,-4,-2.0,37,-11%,-0.11,0.6486161251504212,-0.11
Geode,0,2,2,1,-5,-2.5,98,-5%,-0.05,0.8327316486161251,-0.05
Geode,0,2,4,1,-12,-3.0,224,-5%,-0.05,0.8339350180505415,-0.05
Geode,0,1,3,1,-3,-1.0,43,-7%,-0.07,0.779783393501805,-0.07
Geode,0,2,2,1,-6,-3.0,16,-38%,-0.38,0.1552346570397112,-0.38
Geode,0,1,3,1,-5,-1.666666667,19,-26%,-0.26,0.2851985559566787,-0.26
Geode,0,2,3,1,-3,-1.0,143,-2%,-0.02,0.9181708784596871,-0.02
Geode,0,1,10,1,-50,-5.0,286,-17%,-0.17,0.47653429602888087,-0.17
Geode,0,1,3,1,-6,-2.0,59,-10%,-0.1,0.6871239470517448,-0.1
Geode,0,2,7,1,-18,-2.571428571,74,-24%,-0.24,0.31889290012033694,-0.24
Geode,0,1,6,1,-12,-2.0,78,-15%,-0.15,0.5318892900120337,-0.15
Geode,0,1,14,1,0,0.0,140,0%,0.0,0.9458483754512635,0.0
Geode,0,1,5,1,-5,-1.0,19,-26%,-0.26,0.28640192539109505,-0.26
Geode,0,1,6,1,-6,-1.0,27,-22%,-0.22,0.3489771359807461,-0.22
Geode,0,2,15,1,-15,-1.0,527,-3%,-0.03,0.8965102286401926,-0.03
Geode,0,1,2,1,-6,-3.0,50,-12%,-0.12,0.6209386281588448,-0.12
Geode,0,2,2,1,-6,-3.0,28,-21%,-0.21,0.36702767749699156,-0.21
Geode,0,2,4,1,-20,-5.0,32,-63%,-0.63,0.030084235860409144,-0.63
Geode,0,1,2,1,-6,-3.0,10,-60%,-0.6,0.03489771359807461,-0.6
Geode,0,1,2,1,-3,-1.5,16,-19%,-0.19,0.42478941034897716,-0.19
Geode,0,1,4,1,-12,-3.0,52,-23%,-0.23,0.33212996389891697,-0.23
Geode,0,2,2,1,-10,-5.0,27,-37%,-0.37,0.1648616125150421,-0.37
Geode,0,1,2,1,-2,-1.0,10,-20%,-0.2,0.38868832731648617,-0.2
Geode,0,1,4,1,-4,-1.0,48,-8%,-0.08,0.7509025270758123,-0.08
Geode,0,2,4,1,-10,-2.5,89,-11%,-0.11,0.6498194945848376,-0.11
Geode,0,2,3,1,-9,-3.0,47,-19%,-0.19,0.4259927797833935,-0.19
Geode,0,2,24,1,-28,-1.166666667,542,-5%,-0.05,0.8351383874849578,-0.05
Geode,0,1,3,1,-9,-3.0,15,-60%,-0.6,0.036101083032490974,-0.6
Geode,0,1,6,1,-68,-11.33333333,112,-61%,-0.61,0.031287605294825514,-0.61
Geode,0,1,4,1,-12,-3.0,52,-23%,-0.23,0.3333333333333333,-0.23
Geode,0,1,13,1,-28,-2.153846154,131,-21%,-0.21,0.36823104693140796,-0.21
Geode,0,1,2,1,-4,-2.0,43,-9%,-0.09,0.7232250300842359,-0.09
Geode,0,1,8,1,0,0.0,18,0%,0.0,0.9470517448856799,0.0
Geode,0,1,3,1,-13,-4.333333333,60,-22%,-0.22,0.35018050541516244,-0.22
Geode,0,1,6,1,-18,-3.0,128,-14%,-0.14,0.5631768953068592,-0.14
Geode,0,2,2,1,-4,-2.0,42,-10%,-0.1,0.6883273164861613,-0.1
Geode,0,1,2,1,-2,-1.0,4,-50%,-0.5,0.07581227436823104,-0.5
Geode,0,1,2,1,-2,-1.0,4,-50%,-0.5,0.07701564380264742,-0.5
Geode,0,2,3,1,-15,-5.0,30,-50%,-0.5,0.07821901323706378,-0.5
Geode,0,2,31,1,-31,-1.0,816,-4%,-0.04,0.865222623345367,-0.04
Geode,0,1,3,1,-4,-1.333333333,54,-7%,-0.07,0.7809867629362214,-0.07
Geode,0,1,3,1,0,0.0,35,0%,0.0,0.9482551143200962,0.0
Geode,0,1,4,1,-12,-3.0,71,-17%,-0.17,0.4777376654632972,-0.17
Geode,0,2,2,1,-2,-1.0,25,-8%,-0.08,0.7521058965102286,-0.08
Geode,0,1,2,1,-6,-3.0,14,-43%,-0.43,0.12394705174488568,-0.43
Geode,0,1,2,1,-6,-3.0,17,-35%,-0.35,0.17569193742478942,-0.35
Geode,0,2,2,1,-6,-3.0,12,-50%,-0.5,0.07942238267148015,-0.5
Geode,0,1,2,1,-6,-3.0,32,-19%,-0.19,0.42719614921780985,-0.19
Geode,0,1,3,1,-3,-1.0,137,-2%,-0.02,0.9193742478941035,-0.02
Geode,0,1,3,1,-9,-3.0,85,-11%,-0.11,0.6510228640192539,-0.11
Geode,0,2,2,1,-3,-1.5,13,-23%,-0.23,0.3345367027677497,-0.23
Geode,0,2,19,1,-57,-3.0,365,-16%,-0.16,0.5078219013237064,-0.16
Geode,0,1,2,1,-6,-3.0,36,-17%,-0.17,0.4789410348977136,-0.17
Geode,0,1,4,1,-8,-2.0,20,-40%,-0.4,0.14560770156438027,-0.4
Geode,0,1,5,1,-5,-1.0,89,-6%,-0.06,0.8098676293622142,-0.06
Geode,0,1,4,1,-12,-3.0,71,-17%,-0.17,0.48014440433212996,-0.17
Geode,0,1,2,1,-6,-3.0,31,-19%,-0.19,0.42839951865222625,-0.19
Geode,0,1,3,1,0,0.0,115,0%,0.0,0.9494584837545126,0.0
Geode,0,2,25,1,-26,-1.04,210,-12%,-0.12,0.6221419975932612,-0.12
Geode,0,2,2,1,-6,-3.0,38,-16%,-0.16,0.5090252707581228,-0.16
Geode,0,2,4,1,-9,-2.25,32,-28%,-0.28,0.26714801444043323,-0.28
Geode,0,2,4,1,-9,-2.25,34,-26%,-0.26,0.28760529482551145,-0.26
Geode,0,1,2,1,-4,-2.0,16,-25%,-0.25,0.2996389891696751,-0.25
Geode,0,2,2,1,-2,-1.0,45,-4%,-0.04,0.8664259927797834,-0.04
Geode,0,1,2,1,-6,-3.0,22,-27%,-0.27,0.273164861612515,-0.27
Geode,0,1,7,1,0,0.0,42,0%,0.0,0.950661853188929,0.0
Geode,0,1,2,1,0,0.0,19,0%,0.0,0.9518652226233454,0.0
Geode,0,1,5,1,-1,-0.2,37,-3%,-0.03,0.8977135980746089,-0.03
Geode,0,1,3,1,-10,-3.333333333,66,-15%,-0.15,0.53309265944645,-0.15
Geode,0,2,6,1,-18,-3.0,112,-16%,-0.16,0.5102286401925391,-0.16
Geode,0,2,3,1,-9,-3.0,22,-41%,-0.41,0.13838748495788206,-0.41
Geode,0,2,2,1,-6,-3.0,82,-7%,-0.07,0.7821901323706378,-0.07
Geode,0,2,2,1,-4,-2.0,26,-15%,-0.15,0.5342960288808665,-0.15
Geode,0,1,2,1,-8,-4.0,25,-32%,-0.32,0.22021660649819494,-0.32
Geode,0,2,20,1,-36,-1.8,416,-9%,-0.09,0.7244283995186522,-0.09
Geode,0,2,19,1,-25,-1.315789474,239,-10%,-0.1,0.6895306859205776,-0.1
Geode,0,2,4,1,-4,-1.0,59,-7%,-0.07,0.7833935018050542,-0.07
Geode,0,2,4,1,-4,-1.0,42,-10%,-0.1,0.690734055354994,-0.1
Geode,0,2,4,1,-16,-4.0,20,-80%,-0.8,0.00842358604091456,-0.8
Geode,0,2,5,1,-14,-2.8,76,-18%,-0.18,0.45246690734055356,-0.18
Geode,0,1,3,1,-3,-1.0,18,-17%,-0.17,0.4813477737665463,-0.17
Geode,0,1,2,1,-2,-1.0,33,-6%,-0.06,0.8110709987966306,-0.06
Geode,0,1,2,1,-2,-1.0,47,-4%,-0.04,0.8676293622141997,-0.04
Geode,0,1,2,1,-2,-1.0,52,-4%,-0.04,0.8688327316486161,-0.04
Geode,0,1,2,1,-2,-1.0,18,-11%,-0.11,0.6522262334536703,-0.11
Geode,0,1,3,1,-3,-1.0,21,-14%,-0.14,0.5643802647412756,-0.14
Geode,0,1,2,1,-2,-1.0,6,-33%,-0.33,0.19253910950661854,-0.33
Geode,0,1,7,1,-13,-1.857142857,73,-18%,-0.18,0.4536702767749699,-0.18
Geode,0,1,2,1,-2,-1.0,52,-4%,-0.04,0.8700361010830325,-0.04
Geode,0,1,6,1,-6,-1.0,64,-9%,-0.09,0.7256317689530686,-0.09
Geode,0,1,2,1,-2,-1.0,38,-5%,-0.05,0.8363417569193743,-0.05
Geode,0,1,2,1,-1,-0.5,54,-2%,-0.02,0.9205776173285198,-0.02
Geode,0,1,2,1,-2,-1.0,6,-33%,-0.33,0.19374247894103488,-0.33
Geode,0,1,2,1,-2,-1.0,27,-7%,-0.07,0.7845968712394705,-0.07
Geode,0,1,2,1,-2,-1.0,7,-29%,-0.29,0.2539109506618532,-0.29
Geode,0,1,3,1,-3,-1.0,43,-7%,-0.07,0.7858002406738869,-0.07
Geode,0,1,2,1,-8,-4.0,18,-44%,-0.44,0.11672683513838748,-0.44
Geode,0,1,3,1,-9,-3.0,15,-60%,-0.6,0.03730445246690734,-0.6
Geode,0,1,2,1,0,0.0,27,0%,0.0,0.9530685920577617,0.0
Geode,0,2,2,1,-2,-1.0,24,-8%,-0.08,0.753309265944645,-0.08
Geode,0,1,2,1,-8,-4.0,12,-67%,-0.67,0.024067388688327317,-0.67
Geode,0,1,2,1,-10,-5.0,62,-16%,-0.16,0.5114320096269555,-0.16
Geode,0,1,10,1,-40,-4.0,131,-31%,-0.31,0.23465703971119134,-0.31
Geode,0,1,2,1,-2,-1.0,23,-9%,-0.09,0.7268351383874849,-0.09
Geode,0,1,4,1,-6,-1.5,34,-18%,-0.18,0.4548736462093863,-0.18
Geode,0,1,6,1,-6,-1.0,60,-10%,-0.1,0.6919374247894103,-0.1
Geode,0,2,12,1,-36,-3.0,120,-30%,-0.3,0.23706377858002406,-0.3
Geode,0,2,4,1,-4,-1.0,29,-14%,-0.14,0.5655836341756919,-0.14
Geode,0,1,3,1,-3,-1.0,42,-7%,-0.07,0.7870036101083032,-0.07
Geode,0,1,2,1,-2,-1.0,125,-2%,-0.02,0.9217809867629362,-0.02
Geode,0,1,2,1,-2,-1.0,14,-14%,-0.14,0.5667870036101083,-0.14
Geode,0,1,6,1,-30,-5.0,68,-44%,-0.44,0.11793020457280386,-0.44
Geode,0,2,7,1,-35,-5.0,68,-51%,-0.51,0.06738868832731648,-0.51
Geode,0,2,2,1,-14,-7.0,81,-17%,-0.17,0.4825511432009627,-0.17
Geode,0,2,3,1,-9,-3.0,50,-18%,-0.18,0.45607701564380265,-0.18
Geode,0,1,2,1,-2,-1.0,66,-3%,-0.03,0.8989169675090253,-0.03
Geode,0,1,2,1,-2,-1.0,14,-14%,-0.14,0.5679903730445247,-0.14
Geode,0,2,5,1,-19,-3.8,48,-40%,-0.4,0.14681107099879662,-0.4
Geode,0,1,2,1,-6,-3.0,13,-46%,-0.46,0.11070998796630566,-0.46
Geode,0,1,2,1,-6,-3.0,14,-43%,-0.43,0.12515042117930206,-0.43
Geode,0,2,3,1,-27,-9.0,103,-26%,-0.26,0.2888086642599278,-0.26
Geode,0,2,2,1,-6,-3.0,37,-16%,-0.16,0.5126353790613718,-0.16
Geode,0,2,6,1,-18,-3.0,52,-35%,-0.35,0.17689530685920576,-0.35
Geode,0,1,2,1,-2,-1.0,13,-15%,-0.15,0.5354993983152828,-0.15
Geode,0,1,6,1,-12,-2.0,75,-16%,-0.16,0.5138387484957883,-0.16
Geode,0,2,9,1,-38,-4.222222222,145,-26%,-0.26,0.29001203369434414,-0.26
Geode,0,2,3,1,-9,-3.0,36,-25%,-0.25,0.3008423586040915,-0.25
Geode,0,2,6,1,-7,-1.166666667,101,-7%,-0.07,0.7882069795427196,-0.07
Geode,0,1,4,1,-12,-3.0,46,-26%,-0.26,0.29121540312876054,-0.26
Geode,0,2,3,1,-9,-3.0,55,-16%,-0.16,0.5150421179302046,-0.16
Geode,0,1,2,1,-2,-1.0,45,-4%,-0.04,0.8712394705174489,-0.04
Geode,0,1,2,1,0,0.0,13,0%,0.0,0.9542719614921781,0.0
Geode,0,1,3,1,-3,-1.0,10,-30%,-0.3,0.23826714801444043,-0.3
Geode,0,1,3,1,-4,-1.333333333,20,-20%,-0.2,0.3898916967509025,-0.2
Geode,0,1,2,1,-2,-1.0,10,-20%,-0.2,0.3910950661853189,-0.2
Geode,0,2,3,1,-3,-1.0,35,-9%,-0.09,0.7280385078219013,-0.09
Geode,0,1,4,1,-12,-3.0,35,-34%,-0.34,0.18531889290012032,-0.34
Geode,0,1,2,1,-10,-5.0,52,-19%,-0.19,0.4296028880866426,-0.19
Geode,0,1,4,1,-4,-1.0,44,-9%,-0.09,0.7292418772563177,-0.09
Geode,0,1,2,1,-6,-3.0,19,-32%,-0.32,0.2214199759326113,-0.32
Geode,0,1,2,1,-2,-1.0,38,-5%,-0.05,0.8375451263537906,-0.05
Geode,0,2,2,1,-2,-1.0,30,-7%,-0.07,0.789410348977136,-0.07
Geode,0,1,2,1,-6,-3.0,46,-13%,-0.13,0.5944645006016848,-0.13
Geode,0,2,21,1,-21,-1.0,491,-4%,-0.04,0.8724428399518652,-0.04
Geode,0,2,3,1,-9,-3.0,64,-14%,-0.14,0.5691937424789411,-0.14
Geode,0,1,2,1,-14,-7.0,39,-36%,-0.36,0.1684717208182912,-0.36
Geode,0,1,3,1,-6,-2.0,48,-13%,-0.13,0.5956678700361011,-0.13
Geode,0,1,7,1,0,0.0,59,0%,0.0,0.9554753309265944,0.0
Geode,0,1,2,1,-10,-5.0,18,-56%,-0.56,0.05776173285198556,-0.56
Geode,0,1,2,1,-2,-1.0,14,-14%,-0.14,0.5703971119133574,-0.14
Geode,0,1,14,1,-40,-2.857142857,359,-11%,-0.11,0.6534296028880866,-0.11
Geode,0,2,6,1,-6,-1.0,80,-8%,-0.08,0.7545126353790613,-0.08
Geode,0,1,4,1,-4,-1.0,40,-10%,-0.1,0.6931407942238267,-0.1
Geode,0,1,5,1,0,0.0,49,0%,0.0,0.9566787003610109,0.0
Geode,0,1,3,1,-3,-1.0,124,-2%,-0.02,0.9229843561973526,-0.02
Geode,0,2,3,1,-27,-9.0,112,-24%,-0.24,0.3200962695547533,-0.24
Geode,0,2,6,1,-18,-3.0,37,-49%,-0.49,0.09386281588447654,-0.49
Geode,0,1,2,1,-4,-2.0,11,-36%,-0.36,0.16967509025270758,-0.36
Geode,0,2,2,1,-6,-3.0,22,-27%,-0.27,0.2743682310469314,-0.27
Geode,0,2,2,1,-6,-3.0,31,-19%,-0.19,0.43080625752105894,-0.19
Geode,0,1,2,1,-2,-1.0,20,-10%,-0.1,0.694344163658243,-0.1
Geode,0,1,3,1,0,0.0,46,0%,0.0,0.9578820697954272,0.0
Geode,0,1,4,1,-4,-1.0,25,-16%,-0.16,0.516245487364621,-0.16
Geode,0,1,3,1,-6,-2.0,19,-32%,-0.32,0.2226233453670277,-0.32
Geode,0,1,4,1,0,0.0,16,0%,0.0,0.9590854392298436,0.0
Geode,0,1,4,1,0,0.0,16,0%,0.0,0.9602888086642599,0.0
Geode,0,1,4,1,0,0.0,16,0%,0.0,0.9614921780986763,0.0
Geode,0,1,2,1,-2,-1.0,14,-14%,-0.14,0.5716004813477737,-0.14
Geode,0,1,4,1,-4,-1.0,68,-6%,-0.06,0.8122743682310469,-0.06
Geode,0,1,3,1,-3,-1.0,29,-10%,-0.1,0.6955475330926595,-0.1
Geode,0,1,2,1,-2,-1.0,16,-13%,-0.13,0.5968712394705175,-0.13
Geode,0,1,5,1,-17,-3.4,36,-47%,-0.47,0.09747292418772563,-0.47
Geode,0,1,3,1,-3,-1.0,9,-33%,-0.33,0.19494584837545126,-0.33
Geode,0,2,19,1,-42,-2.210526316,326,-13%,-0.13,0.5980746089049338,-0.13
Geode,0,1,2,1,-4,-2.0,16,-25%,-0.25,0.3020457280385078,-0.25
Geode,0,2,3,1,0,0.0,38,0%,0.0,0.9626955475330926,0.0
Geode,0,1,7,1,-21,-3.0,66,-32%,-0.32,0.22382671480144403,-0.32
Geode,0,2,2,1,-10,-5.0,49,-20%,-0.2,0.39229843561973526,-0.2
Geode,0,1,3,1,-15,-5.0,21,-71%,-0.71,0.019253910950661854,-0.71
Geode,0,1,2,1,-6,-3.0,22,-27%,-0.27,0.27557160048134777,-0.27
Geode,0,1,11,1,-11,-1.0,31,-35%,-0.35,0.17809867629362214,-0.35
Geode,0,2,60,1,-180,-3.0,1010,-18%,-0.18,0.457280385078219,-0.18
Geode,0,2,2,1,-6,-3.0,36,-17%,-0.17,0.48375451263537905,-0.17
Geode,0,2,5,1,-7,-1.4,105,-7%,-0.07,0.7906137184115524,-0.07
Geode,0,2,2,1,-6,-3.0,35,-17%,-0.17,0.48495788206979545,-0.17
Geode,0,2,4,1,-9,-2.25,65,-14%,-0.14,0.5728038507821901,-0.14
Geode,0,1,4,1,-11,-2.75,55,-20%,-0.2,0.3935018050541516,-0.2
Geode,0,2,2,1,-6,-3.0,12,-50%,-0.5,0.08062575210589651,-0.5
Geode,0,1,4,1,-12,-3.0,20,-60%,-0.6,0.03850782190132371,-0.6
Geode,0,2,3,1,-8,-2.666666667,45,-18%,-0.18,0.4584837545126354,-0.18
Geode,0,2,2,1,-2,-1.0,18,-11%,-0.11,0.6546329723225031,-0.11
Geode,0,1,2,1,-6,-3.0,21,-29%,-0.29,0.25511432009626955,-0.29
Geode,0,2,2,1,-16,-8.0,28,-57%,-0.57,0.05415162454873646,-0.57
Geode,0,1,3,1,-6,-2.0,28,-21%,-0.21,0.3694344163658243,-0.21
Geode,0,1,2,1,0,0.0,6,0%,0.0,0.9638989169675091,0.0
Geode,0,1,2,1,-2,-1.0,40,-5%,-0.05,0.838748495788207,-0.05
Geode,0,1,2,1,-10,-5.0,22,-45%,-0.45,0.11311672683513839,-0.45
Geode,0,2,15,1,-10,-0.666666667,436,-2%,-0.02,0.924187725631769,-0.02
Geode,0,2,2,1,-4,-2.0,39,-10%,-0.1,0.6967509025270758,-0.1
Geode,0,2,2,1,-10,-5.0,57,-18%,-0.18,0.45968712394705175,-0.18
Geode,0,1,3,1,-26,-8.666666667,50,-52%,-0.52,0.06498194945848375,-0.52
Geode,0,2,16,1,-50,-3.125,122,-41%,-0.41,0.13959085439229843,-0.41
Geode,0,1,2,1,-2,-1.0,2,-100%,-1.0,0.0036101083032490976,-1.0
Geode,0,2,10,1,-50,-5.0,175,-29%,-0.29,0.2563176895306859,-0.29
Geode,0,2,9,1,-27,-3.0,82,-33%,-0.33,0.19614921780986763,-0.33
Geode,0,1,7,1,-21,-3.0,111,-19%,-0.19,0.43200962695547535,-0.19
Geode,0,1,2,1,-6,-3.0,34,-18%,-0.18,0.4608904933814681,-0.18
Geode,0,2,3,1,-10,-3.333333333,33,-30%,-0.3,0.2394705174488568,-0.3
Geode,0,1,7,1,-33,-4.714285714,214,-15%,-0.15,0.5367027677496992,-0.15
Geode,0,2,6,1,-6,-1.0,166,-4%,-0.04,0.8736462093862816,-0.04
Geode,0,2,9,1,-27,-3.0,252,-11%,-0.11,0.6558363417569194,-0.11
Geode,0,1,2,1,-4,-2.0,37,-11%,-0.11,0.6570397111913358,-0.11
Geode,0,1,2,1,-6,-3.0,14,-43%,-0.43,0.1263537906137184,-0.43
Geode,0,1,3,1,-3,-1.0,45,-7%,-0.07,0.7918170878459687,-0.07
Geode,0,1,2,1,0,0.0,15,0%,0.0,0.9651022864019254,0.0
Geode,0,2,3,1,-9,-3.0,54,-17%,-0.17,0.4861612515042118,-0.17
Geode,0,2,2,1,-6,-3.0,38,-16%,-0.16,0.5174488567990373,-0.16
Geode,0,1,2,1,-2,-1.0,36,-6%,-0.06,0.8134777376654633,-0.06
Geode,0,1,10,1,-8,-0.8,84,-10%,-0.1,0.6979542719614922,-0.1
Geode,0,1,4,1,-4,-1.0,46,-9%,-0.09,0.7304452466907341,-0.09
Geode,0,1,2,1,-10,-5.0,54,-19%,-0.19,0.4332129963898917,-0.19
Geode,0,1,2,1,0,0.0,82,0%,0.0,0.9663056558363418,0.0
Geode,0,2,16,1,-18,-1.125,153,-12%,-0.12,0.6233453670276775,-0.12
Geode,0,1,4,1,-5,-1.25,88,-6%,-0.06,0.8146811070998796,-0.06
Geode,0,1,3,1,-5,-1.666666667,37,-14%,-0.14,0.5740072202166066,-0.14
Geode,0,1,2,1,-2,-1.0,26,-8%,-0.08,0.7557160048134778,-0.08
Geode,0,1,2,1,-2,-1.0,10,-20%,-0.2,0.394705174488568,-0.2
Geode,0,1,2,1,-2,-1.0,17,-12%,-0.12,0.6245487364620939,-0.12
Geode,0,2,3,1,-2,-0.666666667,72,-3%,-0.03,0.9001203369434416,-0.03
Geode,0,1,2,1,-2,-1.0,6,-33%,-0.33,0.197352587244284,-0.33
Geode,0,1,4,1,-4,-1.0,63,-6%,-0.06,0.8158844765342961,-0.06
Geode,0,2,9,1,-27,-3.0,156,-17%,-0.17,0.48736462093862815,-0.17
Geode,0,2,5,1,-5,-1.0,76,-7%,-0.07,0.7930204572803851,-0.07
Geode,0,1,2,1,-2,-1.0,9,-22%,-0.22,0.35138387484957884,-0.22
Geode,0,2,3,1,-9,-3.0,28,-32%,-0.32,0.2250300842358604,-0.32
Geode,0,1,4,1,0,0.0,40,0%,0.0,0.9675090252707581,0.0
Geode,0,1,2,1,0,0.0,37,0%,0.0,0.9687123947051745,0.0
Geode,0,1,10,1,-30,-3.0,136,-22%,-0.22,0.3525872442839952,-0.22
Geode,0,2,8,1,-8,-1.0,207,-4%,-0.04,0.8748495788206979,-0.04
Geode,0,2,2,1,-6,-3.0,26,-23%,-0.23,0.33574007220216606,-0.23
Geode,0,2,2,1,-16,-8.0,20,-80%,-0.8,0.009626955475330927,-0.8
Geode,0,1,3,1,-30,-10.0,57,-53%,-0.53,0.061371841155234655,-0.53
Geode,0,1,5,1,-28,-5.6,94,-30%,-0.3,0.24067388688327315,-0.3
Geode,0,1,2,1,-6,-3.0,8,-75%,-0.75,0.01444043321299639,-0.75
Geode,0,1,2,1,-2,-1.0,6,-33%,-0.33,0.19855595667870035,-0.33
Geode,0,1,2,1,-2,-1.0,43,-5%,-0.05,0.8399518652226233,-0.05
Geode,0,2,14,1,-42,-3.0,148,-28%,-0.28,0.2683513838748496,-0.28
Geode,0,1,2,1,-2,-1.0,19,-11%,-0.11,0.6582430806257521,-0.11
Geode,0,1,2,1,-8,-4.0,61,-13%,-0.13,0.5992779783393501,-0.13
Geode,0,1,2,1,-6,-3.0,14,-43%,-0.43,0.12755716004813478,-0.43
Geode,0,1,4,1,-12,-3.0,48,-25%,-0.25,0.30324909747292417,-0.25
Geode,0,1,2,1,-2,-1.0,20,-10%,-0.1,0.6991576413959085,-0.1
Geode,0,1,2,1,0,0.0,45,0%,0.0,0.9699157641395909,0.0
Geode,0,1,2,1,-2,-1.0,7,-29%,-0.29,0.2575210589651023,-0.29
Geode,0,1,2,1,-2,-1.0,10,-20%,-0.2,0.39590854392298436,-0.2
Geode,0,1,2,1,-6,-3.0,78,-8%,-0.08,0.7569193742478941,-0.08
Geode,0,2,8,1,-16,-2.0,116,-14%,-0.14,0.5752105896510229,-0.14
Geode,0,2,3,1,-9,-3.0,52,-17%,-0.17,0.48856799037304455,-0.17
Geode,0,1,2,1,0,0.0,0,,,,
Geode,0,1,3,1,0,0.0,16,0%,0.0,0.9711191335740073,0.0
Geode,0,1,6,1,0,0.0,12,0%,0.0,0.9723225030084236,0.0
Geode,0,1,3,1,0,0.0,6,0%,0.0,0.97352587244284,0.0
Geode,0,1,11,1,-33,-3.0,307,-11%,-0.11,0.6594464500601684,-0.11
Geode,0,2,2,1,-2,-1.0,46,-4%,-0.04,0.8760529482551144,-0.04
Geode,0,2,2,1,-14,-7.0,61,-23%,-0.23,0.3369434416365824,-0.23
Geode,0,1,2,1,0,0.0,6,0%,0.0,0.9747292418772563,0.0
Geode,0,1,2,1,0,0.0,6,0%,0.0,0.9759326113116726,0.0
Geode,0,1,6,1,-18,-3.0,94,-19%,-0.19,0.43441636582430804,-0.19
Geode,0,1,5,1,-19,-3.8,65,-29%,-0.29,0.25872442839951865,-0.29
Geode,0,2,2,1,0,0.0,0,,,,
Geode,0,1,2,1,-6,-3.0,51,-12%,-0.12,0.6257521058965102,-0.12
Geode,0,2,2,1,-6,-3.0,48,-13%,-0.13,0.6004813477737665,-0.13
Geode,0,1,2,1,-2,-1.0,9,-22%,-0.22,0.35379061371841153,-0.22
Geode,0,1,6,1,0,0.0,68,0%,0.0,0.9771359807460891,0.0
Geode,0,2,4,1,-12,-3.0,37,-32%,-0.32,0.22623345367027678,-0.32
Geode,0,1,6,1,-18,-3.0,81,-22%,-0.22,0.35499398315282793,-0.22
Geode,0,1,2,1,-6,-3.0,43,-14%,-0.14,0.5764139590854392,-0.14
Geode,0,1,9,1,-27,-3.0,115,-23%,-0.23,0.3381468110709988,-0.23
Geode,0,1,4,1,-12,-3.0,32,-38%,-0.38,0.15643802647412755,-0.38
Geode,0,1,7,1,-7,-1.0,132,-5%,-0.05,0.8411552346570397,-0.05
Geode,0,1,6,1,-6,-1.0,73,-8%,-0.08,0.7581227436823105,-0.08
Geode,0,1,2,1,-2,-1.0,18,-11%,-0.11,0.6606498194945848,-0.11
Geode,0,1,4,1,-12,-3.0,114,-11%,-0.11,0.6618531889290012,-0.11
Geode,0,2,2,1,-8,-4.0,60,-13%,-0.13,0.601684717208183,-0.13
Geode,0,1,2,1,0,0.0,31,0%,0.0,0.9783393501805054,0.0
Geode,0,1,4,1,-4,-1.0,46,-9%,-0.09,0.7316486161251504,-0.09
Geode,0,1,3,1,-10,-3.333333333,25,-40%,-0.4,0.148014440433213,-0.4
Geode,0,1,4,1,0,0.0,31,0%,0.0,0.9795427196149218,0.0
Geode,0,1,2,1,-2,-1.0,10,-20%,-0.2,0.3971119133574007,-0.2
Geode,0,2,57,1,-173,-3.035087719,1167,-15%,-0.15,0.5379061371841155,-0.15
Geode,0,2,36,1,-35,-0.972222222,705,-5%,-0.05,0.8423586040914561,-0.05
Geode,0,2,10,1,-30,-3.0,182,-16%,-0.16,0.5186522262334536,-0.16
Geode,0,2,21,1,-29,-1.380952381,267,-11%,-0.11,0.6630565583634176,-0.11
Geode,0,2,7,1,-21,-3.0,221,-10%,-0.1,0.7003610108303249,-0.1
Geode,0,1,6,1,-15,-2.5,38,-39%,-0.39,0.15042117930204574,-0.39
Geode,0,2,5,1,-11,-2.2,69,-16%,-0.16,0.51985559566787,-0.16
Geode,0,1,5,1,-16,-3.2,47,-34%,-0.34,0.1865222623345367,-0.34
Geode,0,1,2,1,-8,-4.0,8,-100%,-1.0,0.0048134777376654635,-1.0
Geode,0,1,2,1,-6,-3.0,10,-60%,-0.6,0.039711191335740074,-0.6
Geode,0,1,2,1,-4,-2.0,16,-25%,-0.25,0.30445246690734057,-0.25
Geode,0,1,2,1,-2,-1.0,6,-33%,-0.33,0.19975932611311673,-0.33
Geode,0,1,2,1,-2,-1.0,13,-15%,-0.15,0.5391095066185319,-0.15
Geode,0,1,9,1,-27,-3.0,77,-35%,-0.35,0.1793020457280385,-0.35
Geode,0,1,7,1,-9,-1.285714286,116,-8%,-0.08,0.7593261131167268,-0.08
Geode,0,2,4,1,-4,-1.0,50,-8%,-0.08,0.7605294825511432,-0.08
Geode,0,1,3,1,0,0.0,0,,,,
Geode,0,2,21,1,-48,-2.285714286,239,-20%,-0.2,0.3983152827918171,-0.2
Geode,0,1,4,1,-12,-3.0,29,-41%,-0.41,0.1407942238267148,-0.41
Geode,0,1,7,1,-21,-3.0,66,-32%,-0.32,0.22743682310469315,-0.32
Geode,0,2,3,1,-6,-2.0,22,-27%,-0.27,0.2767749699157641,-0.27
Geode,0,1,2,1,-8,-4.0,14,-57%,-0.57,0.05535499398315283,-0.57
Geode,0,1,16,1,-16,-1.0,60,-27%,-0.27,0.2779783393501805,-0.27
Geode,0,1,10,1,-8,-0.8,168,-5%,-0.05,0.8435619735258725,-0.05
Geode,0,1,3,1,-3,-1.0,15,-20%,-0.2,0.39951865222623345,-0.2
Geode,0,1,3,1,-9,-3.0,15,-60%,-0.6,0.04091456077015644,-0.6
Geode,0,1,3,1,-9,-3.0,15,-60%,-0.6,0.0421179302045728,-0.6
Geode,0,1,2,1,-2,-1.0,50,-4%,-0.04,0.8772563176895307,-0.04
Geode,0,2,2,1,-6,-3.0,63,-10%,-0.1,0.7015643802647413,-0.1
Geode,0,1,4,1,-4,-1.0,30,-13%,-0.13,0.6028880866425993,-0.13
Geode,0,1,6,1,-6,-1.0,52,-12%,-0.12,0.6269554753309265,-0.12
Geode,0,1,2,1,-2,-1.0,6,-33%,-0.33,0.2009626955475331,-0.33
Geode,0,1,2,1,-1,-0.5,4,-25%,-0.25,0.3056558363417569,-0.25
Geode,0,1,2,1,-2,-1.0,16,-13%,-0.13,0.6040914560770156,-0.13
Geode,0,1,16,1,-16,-1.0,48,-33%,-0.33,0.20216606498194944,-0.33
Geode,0,1,4,1,-12,-3.0,28,-43%,-0.43,0.12876052948255115,-0.43
Geode,0,1,2,1,-2,-1.0,16,-13%,-0.13,0.605294825511432,-0.13
Geode,0,1,5,1,-15,-3.0,62,-24%,-0.24,0.3212996389891697,-0.24
Geode,0,1,6,1,-16,-2.666666667,56,-29%,-0.29,0.259927797833935,-0.29
Geode,0,1,3,1,-9,-3.0,39,-23%,-0.23,0.33935018050541516,-0.23
Geode,0,1,3,1,-14,-4.666666667,26,-54%,-0.54,0.06016847172081829,-0.54
Geode,0,1,3,1,-3,-1.0,13,-23%,-0.23,0.3405535499398315,-0.23
Geode,0,2,2,1,-10,-5.0,64,-16%,-0.16,0.5210589651022864,-0.16
Geode,0,1,4,1,-12,-3.0,52,-23%,-0.23,0.3417569193742479,-0.23
Geode,0,2,6,1,-22,-3.666666667,107,-21%,-0.21,0.37063778580024065,-0.21
Geode,0,1,2,1,-7,-3.5,43,-16%,-0.16,0.5222623345367028,-0.16
Geode,0,1,2,1,-2,-1.0,4,-50%,-0.5,0.08182912154031288,-0.5
Geode,0,1,11,1,-22,-2.0,92,-24%,-0.24,0.32250300842358604,-0.24
Geode,0,1,2,1,-6,-3.0,28,-21%,-0.21,0.37184115523465705,-0.21
Geode,0,2,2,1,-3,-1.5,25,-12%,-0.12,0.628158844765343,-0.12
Geode,0,1,3,1,-9,-3.0,77,-12%,-0.12,0.6293622141997594,-0.12
Geode,0,1,2,1,-2,-1.0,27,-7%,-0.07,0.7942238267148014,-0.07
Geode,0,2,8,1,-7,-0.875,56,-13%,-0.13,0.6064981949458483,-0.13
Geode,0,1,2,1,-6,-3.0,22,-27%,-0.27,0.27918170878459686,-0.27
Geode,0,1,2,1,-2,-1.0,13,-15%,-0.15,0.5403128760529483,-0.15
Geode,0,1,3,1,-3,-1.0,7,-43%,-0.43,0.1299638989169675,-0.43
Geode,0,1,8,1,-72,-9.0,373,-19%,-0.19,0.43561973525872444,-0.19
Geode,0,2,4,1,-24,-6.0,69,-35%,-0.35,0.18050541516245489,-0.35
Geode,0,2,2,1,-6,-3.0,40,-15%,-0.15,0.5415162454873647,-0.15
Geode,0,1,3,1,-3,-1.0,24,-13%,-0.13,0.6077015643802648,-0.13
Geode,0,2,2,1,0,0.0,16,0%,0.0,0.9807460890493381,0.0
Geode,0,1,5,1,-5,-1.0,49,-10%,-0.1,0.7027677496991577,-0.1
Geode,0,2,6,1,-6,-1.0,317,-2%,-0.02,0.9253910950661853,-0.02
Geode,0,2,4,1,-12,-3.0,41,-29%,-0.29,0.2611311672683514,-0.29
Geode,0,1,5,1,-5,-1.0,37,-14%,-0.14,0.5776173285198556,-0.14
Geode,0,1,2,1,-6,-3.0,36,-17%,-0.17,0.4897713598074609,-0.17
Geode,0,1,3,1,-13,-4.333333333,40,-33%,-0.33,0.20336943441636582,-0.33
Geode,0,1,2,1,-2,-1.0,14,-14%,-0.14,0.5788206979542719,-0.14
Geode,0,1,2,1,-6,-3.0,19,-32%,-0.32,0.2286401925391095,-0.32
Geode,0,2,9,1,-24,-2.666666667,89,-27%,-0.27,0.28038507821901326,-0.27
Geode,0,2,8,1,-7,-0.875,71,-10%,-0.1,0.703971119133574,-0.1
Geode,0,2,5,1,-16,-3.2,65,-25%,-0.25,0.30685920577617326,-0.25
Geode,0,1,3,1,-9,-3.0,44,-20%,-0.2,0.4007220216606498,-0.2
Geode,0,2,2,1,-8,-4.0,43,-19%,-0.19,0.4368231046931408,-0.19
Geode,0,1,3,1,-8,-2.666666667,27,-30%,-0.3,0.24187725631768953,-0.3
Geode,0,2,2,1,-6,-3.0,24,-25%,-0.25,0.30806257521058966,-0.25
Geode,0,1,3,1,-3,-1.0,103,-3%,-0.03,0.901323706377858,-0.03
Geode,0,1,2,1,-2,-1.0,50,-4%,-0.04,0.8784596871239471,-0.04
Geode,0,1,3,1,-24,-8.0,64,-38%,-0.38,0.15764139590854392,-0.38
Geode,0,1,2,1,-2,-1.0,12,-17%,-0.17,0.49097472924187724,-0.17
Geode,0,1,3,1,-3,-1.0,102,-3%,-0.03,0.9025270758122743,-0.03
Geode,0,1,2,1,-2,-1.0,39,-5%,-0.05,0.8447653429602888,-0.05
Geode,0,2,6,1,-18,-3.0,90,-20%,-0.2,0.4019253910950662,-0.2
Geode,0,1,5,1,-12,-2.4,37,-32%,-0.32,0.22984356197352587,-0.32
Geode,0,1,3,1,0,0.0,6,0%,0.0,0.9819494584837545,0.0
Geode,0,1,8,1,-105,-13.125,176,-60%,-0.6,0.04332129963898917,-0.6
Geode,0,1,7,1,0,0.0,135,0%,0.0,0.9831528279181708,0.0
Geode,0,2,7,1,-35,-5.0,70,-50%,-0.5,0.08303249097472924,-0.5
Geode,0,1,2,1,-6,-3.0,40,-15%,-0.15,0.542719614921781,-0.15
Geode,0,2,9,1,-26,-2.888888889,101,-26%,-0.26,0.2924187725631769,-0.26
Geode,0,1,2,1,-6,-3.0,10,-60%,-0.6,0.044524669073405534,-0.6
Geode,0,2,26,1,-26,-1.0,697,-4%,-0.04,0.8796630565583634,-0.04
Geode,0,2,5,1,-15,-3.0,160,-9%,-0.09,0.7328519855595668,-0.09
Geode,0,2,2,1,-2,-1.0,47,-4%,-0.04,0.8808664259927798,-0.04
Geode,0,2,3,1,-11,-3.666666667,71,-15%,-0.15,0.5439229843561973,-0.15
Geode,0,1,2,1,-7,-3.5,33,-21%,-0.21,0.3730445246690734,-0.21
Geode,0,1,2,1,-2,-1.0,6,-33%,-0.33,0.2045728038507822,-0.33
Geode,0,1,5,1,-27,-5.4,69,-39%,-0.39,0.15162454873646208,-0.39
Geode,0,2,2,1,-5,-2.5,32,-16%,-0.16,0.5234657039711191,-0.16
Geode,0,2,6,1,-18,-3.0,43,-42%,-0.42,0.13357400722021662,-0.42
Geode,0,1,2,1,-6,-3.0,16,-38%,-0.38,0.1588447653429603,-0.38
Geode,0,1,2,1,-6,-3.0,10,-60%,-0.6,0.0457280385078219,-0.6
Geode,0,2,3,1,-3,-1.0,101,-3%,-0.03,0.9037304452466908,-0.03
Geode,0,1,2,1,-4,-2.0,70,-6%,-0.06,0.8170878459687124,-0.06
Geode,0,1,2,1,-2,-1.0,34,-6%,-0.06,0.8182912154031288,-0.06
Geode,0,1,3,1,-3,-1.0,24,-13%,-0.13,0.6089049338146811,-0.13
Geode,0,1,5,1,-15,-3.0,79,-19%,-0.19,0.4380264741275572,-0.19
Geode,0,1,4,1,-12,-3.0,18,-67%,-0.67,0.02527075812274368,-0.67
Geode,0,1,2,1,-4,-2.0,28,-14%,-0.14,0.5800240673886883,-0.14
Geode,0,1,3,1,-9,-3.0,35,-26%,-0.26,0.29362214199759323,-0.26
Geode,0,1,2,1,-6,-3.0,60,-10%,-0.1,0.7051744885679904,-0.1
Geode,0,2,2,1,-2,-1.0,29,-7%,-0.07,0.7954271961492179,-0.07
Geode,0,1,2,1,-2,-1.0,35,-6%,-0.06,0.8194945848375451,-0.06
Geode,0,1,2,1,-6,-3.0,25,-24%,-0.24,0.3237063778580024,-0.24
Geode,0,1,7,1,-7,-1.0,21,-33%,-0.33,0.20577617328519857,-0.33
Geode,0,2,5,1,-15,-3.0,97,-15%,-0.15,0.5451263537906137,-0.15
Geode,0,1,3,1,-9,-3.0,16,-56%,-0.56,0.05896510228640193,-0.56
Geode,0,1,5,1,-5,-1.0,22,-23%,-0.23,0.34296028880866425,-0.23
Geode,0,2,27,1,-85,-3.148148148,524,-16%,-0.16,0.5246690734055355,-0.16
Geode,0,2,19,1,-19,-1.0,241,-8%,-0.08,0.7617328519855595,-0.08
Geode,0,1,2,1,-10,-5.0,20,-50%,-0.5,0.0842358604091456,-0.5
Geode,0,1,2,1,-6,-3.0,8,-75%,-0.75,0.015643802647412757,-0.75
Geode,0,1,2,1,-7,-3.5,30,-23%,-0.23,0.34416365824308065,-0.23
Geode,0,2,2,1,-6,-3.0,32,-19%,-0.19,0.43922984356197353,-0.19
Geode,0,1,3,1,-3,-1.0,57,-5%,-0.05,0.8459687123947052,-0.05
Geode,0,1,3,1,-3,-1.0,43,-7%,-0.07,0.7966305655836342,-0.07
Geode,0,1,2,1,-2,-1.0,19,-11%,-0.11,0.6642599277978339,-0.11
Geode,0,1,2,1,-10,-5.0,36,-28%,-0.28,0.2695547533092659,-0.28
Geode,0,1,2,1,-4,-2.0,10,-40%,-0.4,0.14921780986762936,-0.4
Geode,0,1,2,1,0,0.0,12,0%,0.0,0.9843561973525873,0.0
Geode,0,2,7,1,-20,-2.857142857,132,-15%,-0.15,0.54632972322503,-0.15
Geode,0,1,2,1,-6,-3.0,17,-35%,-0.35,0.18170878459687123,-0.35
Geode,0,1,3,1,-15,-5.0,40,-38%,-0.38,0.16004813477737664,-0.38
Geode,0,2,3,1,-10,-3.333333333,80,-13%,-0.13,0.6101083032490975,-0.13
Geode,0,1,2,1,-2,-1.0,66,-3%,-0.03,0.9049338146811071,-0.03
Geode,0,1,2,1,-2,-1.0,12,-17%,-0.17,0.49217809867629364,-0.17
Geode,0,1,2,1,-6,-3.0,24,-25%,-0.25,0.309265944645006,-0.25
Geode,0,1,7,1,-7,-1.0,22,-32%,-0.32,0.23104693140794225,-0.32
Geode,0,1,2,1,-2,-1.0,14,-14%,-0.14,0.5812274368231047,-0.14
Geode,0,2,8,1,-27,-3.375,184,-15%,-0.15,0.5475330926594465,-0.15
Geode,0,1,4,1,-4,-1.0,52,-8%,-0.08,0.762936221419976,-0.08
Geode,0,1,2,1,-2,-1.0,36,-6%,-0.06,0.8206979542719615,-0.06
Geode,0,1,8,1,-8,-1.0,43,-19%,-0.19,0.4404332129963899,-0.19
Geode,0,1,2,1,-2,-1.0,22,-9%,-0.09,0.7340553549939831,-0.09
Geode,0,1,2,1,-2,-1.0,9,-22%,-0.22,0.3561973525872443,-0.22
Geode,0,1,2,1,-6,-3.0,35,-17%,-0.17,0.49338146811071,-0.17
Geode,0,1,2,1,-10,-5.0,38,-26%,-0.26,0.29482551143200963,-0.26
Geode,0,1,2,1,-4,-2.0,19,-21%,-0.21,0.3742478941034898,-0.21
Geode,0,1,7,1,-7,-1.0,77,-9%,-0.09,0.7352587244283996,-0.09
Geode,0,1,2,1,-2,-1.0,26,-8%,-0.08,0.7641395908543923,-0.08
Geode,0,2,2,1,-2,-1.0,33,-6%,-0.06,0.8219013237063778,-0.06
Geode,0,1,4,1,-4,-1.0,14,-29%,-0.29,0.26233453670276774,-0.29
Geode,0,1,10,1,-10,-1.0,289,-3%,-0.03,0.9061371841155235,-0.03
Geode,0,2,2,1,-2,-1.0,17,-12%,-0.12,0.6305655836341757,-0.12
Geode,0,1,4,1,-4,-1.0,19,-21%,-0.21,0.37545126353790614,-0.21
Geode,0,2,5,1,-5,-1.0,164,-3%,-0.03,0.9073405535499398,-0.03
Geode,0,1,30,1,-98,-3.266666667,235,-42%,-0.42,0.13477737665463296,-0.42
Geode,0,1,3,1,-6,-2.0,9,-67%,-0.67,0.026474127557160047,-0.67
Geode,0,1,2,1,-6,-3.0,10,-60%,-0.6,0.04693140794223827,-0.6
Geode,0,1,2,1,0,0.0,36,0%,0.0,0.9855595667870036,0.0
Geode,0,1,6,1,-6,-1.0,216,-3%,-0.03,0.9085439229843562,-0.03
Geode,0,1,2,1,-2,-1.0,6,-33%,-0.33,0.2069795427196149,-0.33
Geode,0,2,2,1,-6,-3.0,24,-25%,-0.25,0.3104693140794224,-0.25
Geode,0,1,2,1,-2,-1.0,13,-15%,-0.15,0.5487364620938628,-0.15
Geode,0,1,3,1,-9,-3.0,50,-18%,-0.18,0.4620938628158845,-0.18
Geode,0,1,5,1,-5,-1.0,80,-6%,-0.06,0.8231046931407943,-0.06
Geode,0,1,2,1,-2,-1.0,24,-8%,-0.08,0.7653429602888087,-0.08
Geode,0,1,4,1,-4,-1.0,46,-9%,-0.09,0.7364620938628159,-0.09
Geode,0,2,2,1,-6,-3.0,43,-14%,-0.14,0.5824308062575211,-0.14
Geode,0,1,8,1,-8,-1.0,81,-10%,-0.1,0.7063778580024067,-0.1
Geode,0,2,2,1,-6,-3.0,24,-25%,-0.25,0.31167268351383876,-0.25
Geode,0,1,2,1,-2,-1.0,9,-22%,-0.22,0.3574007220216607,-0.22
Geode,0,1,2,1,-2,-1.0,21,-10%,-0.1,0.7075812274368231,-0.1
Geode,0,2,5,1,-15,-3.0,76,-20%,-0.2,0.40312876052948254,-0.2
Geode,0,2,2,1,-2,-1.0,15,-13%,-0.13,0.6113116726835138,-0.13
Geode,0,1,2,1,-2,-1.0,23,-9%,-0.09,0.7376654632972323,-0.09
Geode,0,2,26,1,-182,-7.0,535,-34%,-0.34,0.18772563176895307,-0.34
Geode,0,1,4,1,-8,-2.0,52,-15%,-0.15,0.5499398315282792,-0.15
Geode,0,1,2,1,-6,-3.0,10,-60%,-0.6,0.048134777376654635,-0.6
Geode,0,1,2,1,-6,-3.0,40,-15%,-0.15,0.5511432009626955,-0.15
Geode,0,1,2,1,-6,-3.0,20,-30%,-0.3,0.2430806257521059,-0.3
Geode,0,1,2,1,-2,-1.0,6,-33%,-0.33,0.20818291215403129,-0.33
Geode,0,1,2,1,-2,-1.0,44,-5%,-0.05,0.8471720818291215,-0.05
Geode,0,1,2,1,-2,-1.0,6,-33%,-0.33,0.20938628158844766,-0.33
Geode,0,1,9,1,-9,-1.0,120,-8%,-0.08,0.766546329723225,-0.08
Geode,0,1,2,1,-2,-1.0,76,-3%,-0.03,0.9097472924187726,-0.03
Geode,0,1,2,1,-2,-1.0,6,-33%,-0.33,0.21058965102286403,-0.33
Geode,0,1,2,1,-4,-2.0,16,-25%,-0.25,0.3128760529482551,-0.25
Geode,0,1,3,1,-3,-1.0,40,-8%,-0.08,0.7677496991576414,-0.08
Geode,0,1,2,1,-6,-3.0,12,-50%,-0.5,0.08543922984356198,-0.5
Geode,0,1,3,1,-9,-3.0,24,-38%,-0.38,0.16125150421179302,-0.38
Geode,0,1,16,1,-16,-1.0,156,-10%,-0.1,0.7087845968712395,-0.1
Geode,0,1,2,1,-2,-1.0,12,-17%,-0.17,0.49458483754512633,-0.17
Geode,0,1,8,1,-28,-3.5,77,-36%,-0.36,0.17087845968712395,-0.36
Geode,0,1,6,1,-8,-1.333333333,48,-17%,-0.17,0.49578820697954273,-0.17
Geode,0,1,2,1,-2,-1.0,64,-3%,-0.03,0.910950661853189,-0.03
Geode,0,1,5,1,-20,-4.0,35,-57%,-0.57,0.056558363417569195,-0.57
Geode,0,1,2,1,-2,-1.0,14,-14%,-0.14,0.5836341756919374,-0.14
Geode,0,1,2,1,-2,-1.0,60,-3%,-0.03,0.9121540312876053,-0.03
Geode,0,1,2,1,-4,-2.0,37,-11%,-0.11,0.6654632972322503,-0.11
Geode,0,1,2,1,-6,-3.0,20,-30%,-0.3,0.24428399518652227,-0.3
Geode,0,1,2,1,-2,-1.0,48,-4%,-0.04,0.8820697954271961,-0.04
Geode,0,1,6,1,-30,-5.0,94,-32%,-0.32,0.2322503008423586,-0.32
Geode,0,2,6,1,-6,-1.0,112,-5%,-0.05,0.8483754512635379,-0.05
Geode,0,2,2,1,-5,-2.5,54,-9%,-0.09,0.7388688327316486,-0.09
Geode,0,1,2,1,-2,-1.0,10,-20%,-0.2,0.4043321299638989,-0.2
Geode,0,1,4,1,-5,-1.25,89,-6%,-0.06,0.8243080625752106,-0.06
Geode,0,1,2,1,-6,-3.0,44,-14%,-0.14,0.5848375451263538,-0.14
Geode,0,2,3,1,-6,-2.0,52,-12%,-0.12,0.631768953068592,-0.12
Geode,0,2,3,1,-7,-2.333333333,24,-29%,-0.29,0.26353790613718414,-0.29
Geode,0,1,2,1,-8,-4.0,10,-80%,-0.8,0.010830324909747292,-0.8
Geode,0,1,4,1,0,0.0,14,0%,0.0,0.98676293622142,0.0
Geode,0,1,4,1,-4,-1.0,111,-4%,-0.04,0.8832731648616126,-0.04
Geode,0,1,5,1,-5,-1.0,21,-24%,-0.24,0.3249097472924188,-0.24
Geode,0,1,2,1,-2,-1.0,14,-14%,-0.14,0.5860409145607701,-0.14
Geode,0,1,3,1,-10,-3.333333333,49,-20%,-0.2,0.4055354993983153,-0.2
Geode,0,1,2,1,-4,-2.0,12,-33%,-0.33,0.21179302045728038,-0.33
Geode,0,1,2,1,-30,-15.0,40,-75%,-0.75,0.01684717208182912,-0.75
Geode,0,1,2,1,-4,-2.0,8,-50%,-0.5,0.08664259927797834,-0.5
Geode,0,1,3,1,-10,-3.333333333,37,-27%,-0.27,0.2815884476534296,-0.27
Geode,0,2,5,1,-5,-1.0,63,-8%,-0.08,0.7689530685920578,-0.08
Geode,0,1,48,1,-144,-3.0,842,-17%,-0.17,0.4969915764139591,-0.17
Geode,0,2,13,1,-12,-0.923076923,361,-3%,-0.03,0.9133574007220217,-0.03
Geode,0,2,18,1,-18,-1.0,636,-3%,-0.03,0.914560770156438,-0.03
Geode,0,2,3,1,-9,-3.0,60,-15%,-0.15,0.5523465703971119,-0.15
Geode,0,2,4,1,-4,-1.0,79,-5%,-0.05,0.8495788206979543,-0.05
Geode,0,2,2,1,-6,-3.0,29,-21%,-0.21,0.3766546329723225,-0.21
Geode,0,1,6,1,-15,-2.5,32,-47%,-0.47,0.098676293622142,-0.47
Geode,0,1,5,1,-21,-4.2,71,-30%,-0.3,0.24548736462093862,-0.3
Geode,0,1,7,1,0,0.0,14,0%,0.0,0.9879663056558363,0.0
Geode,0,1,4,1,0,0.0,8,0%,0.0,0.9891696750902527,0.0
Geode,0,2,8,1,-15,-1.875,34,-44%,-0.44,0.11913357400722022,-0.44
Geode,0,2,3,1,-12,-4.0,16,-75%,-0.75,0.018050541516245487,-0.75
Geode,0,1,3,1,-3,-1.0,30,-10%,-0.1,0.7099879663056559,-0.1
Geode,0,1,3,1,-3,-1.0,32,-9%,-0.09,0.740072202166065,-0.09
Geode,0,1,2,1,-4,-2.0,8,-50%,-0.5,0.08784596871239471,-0.5
Geode,0,1,2,1,-6,-3.0,14,-43%,-0.43,0.13116726835138387,-0.43
Geode,0,2,2,1,-2,-1.0,26,-8%,-0.08,0.7701564380264742,-0.08
Geode,0,1,7,1,0,0.0,96,0%,0.0,0.9903730445246691,0.0
Geode,0,2,4,1,-4,-1.0,75,-5%,-0.05,0.8507821901323707,-0.05
Geode,0,1,3,1,-10,-3.333333333,22,-45%,-0.45,0.11432009626955475,-0.45
Geode,0,1,5,1,-5,-1.0,58,-9%,-0.09,0.7412755716004813,-0.09
Geode,0,1,4,1,-14,-3.5,24,-58%,-0.58,0.05054151624548736,-0.58
Geode,0,1,2,1,-6,-3.0,20,-30%,-0.3,0.246690734055355,-0.3
Geode,0,1,2,1,-10,-5.0,14,-71%,-0.71,0.02045728038507822,-0.71
Geode,0,1,3,1,0,0.0,16,0%,0.0,0.9915764139590855,0.0
Geode,0,1,2,1,-8,-4.0,24,-33%,-0.33,0.21299638989169675,-0.33
Geode,0,2,10,1,-32,-3.2,262,-12%,-0.12,0.6329723225030084,-0.12
Geode,0,1,2,1,-6,-3.0,64,-9%,-0.09,0.7424789410348978,-0.09
Geode,0,1,2,1,-4,-2.0,24,-17%,-0.17,0.4981949458483754,-0.17
Geode,0,1,2,1,-6,-3.0,50,-12%,-0.12,0.6341756919374247,-0.12
Geode,0,2,6,1,-6,-1.0,64,-9%,-0.09,0.7436823104693141,-0.09
Geode,0,1,3,1,-9,-3.0,17,-53%,-0.53,0.06257521058965103,-0.53
Geode,0,1,2,1,-2,-1.0,9,-22%,-0.22,0.358604091456077,-0.22
Geode,0,2,32,1,-114,-3.5625,272,-42%,-0.42,0.13598074608904934,-0.42
Geode,0,1,2,1,-18,-9.0,72,-25%,-0.25,0.3140794223826715,-0.25
Geode,0,1,2,1,-6,-3.0,32,-19%,-0.19,0.4416365824308063,-0.19
Geode,0,2,2,1,-2,-1.0,57,-4%,-0.04,0.8844765342960289,-0.04
Geode,0,1,2,1,-3,-1.5,11,-27%,-0.27,0.28279181708784595,-0.27
Geode,0,1,9,1,0,0.0,69,0%,0.0,0.9927797833935018,0.0
Geode,0,1,3,1,-9,-3.0,85,-11%,-0.11,0.6666666666666666,-0.11
Geode,0,1,2,1,-6,-3.0,81,-7%,-0.07,0.7978339350180506,-0.07
Geode,0,1,2,1,-6,-3.0,25,-24%,-0.24,0.32611311672683513,-0.24
Geode,0,2,2,1,-2,-1.0,18,-11%,-0.11,0.6678700361010831,-0.11
Geode,0,1,2,1,-4,-2.0,8,-50%,-0.5,0.08904933814681107,-0.5
Geode,0,1,2,1,0,0.0,82,0%,0.0,0.9939831528279182,0.0
Geode,0,2,4,1,-6,-1.5,9,-67%,-0.67,0.027677496991576414,-0.67
Geode,0,1,6,1,-18,-3.0,112,-16%,-0.16,0.5258724428399518,-0.16
Geode,0,1,2,1,-6,-3.0,18,-33%,-0.33,0.21419975932611313,-0.33
Geode,0,1,30,1,-30,-1.0,131,-23%,-0.23,0.345367027677497,-0.23
Geode,0,1,2,1,0,0.0,26,0%,0.0,0.9951865222623345,0.0
Geode,0,1,6,1,-6,-1.0,30,-20%,-0.2,0.40673886883273164,-0.2
Geode,0,1,6,1,-6,-1.0,30,-20%,-0.2,0.40794223826714804,-0.2
Geode,0,1,4,1,-4,-1.0,20,-20%,-0.2,0.4091456077015644,-0.2
Geode,0,1,4,1,-4,-1.0,20,-20%,-0.2,0.41034897713598073,-0.2
Geode,0,2,4,1,-12,-3.0,88,-14%,-0.14,0.5872442839951865,-0.14
Geode,0,1,2,1,-2,-1.0,10,-20%,-0.2,0.41155234657039713,-0.2
Geode,0,1,2,1,-2,-1.0,10,-20%,-0.2,0.4127557160048135,-0.2
Geode,0,1,2,1,0,0.0,45,0%,0.0,0.9963898916967509,0.0
Geode,0,1,2,1,-2,-1.0,31,-6%,-0.06,0.825511432009627,-0.06
Geode,0,1,4,1,-4,-1.0,34,-12%,-0.12,0.6353790613718412,-0.12
Geode,0,1,2,1,-2,-1.0,14,-14%,-0.14,0.5884476534296029,-0.14
Geode,0,1,2,1,-2,-1.0,45,-4%,-0.04,0.8856799037304453,-0.04
Geode,0,1,2,1,-6,-3.0,60,-10%,-0.1,0.7111913357400722,-0.1
Geode,0,1,4,1,-8,-2.0,24,-33%,-0.33,0.21540312876052947,-0.33
Geode,0,1,2,1,-6,-3.0,24,-25%,-0.25,0.31528279181708785,-0.25
Geode,0,1,2,1,-6,-3.0,52,-12%,-0.12,0.6365824308062575,-0.12
Geode,0,1,2,1,-10,-5.0,95,-11%,-0.11,0.6690734055354994,-0.11
Geode,0,1,2,1,-2,-1.0,15,-13%,-0.13,0.6125150421179302,-0.13
Geode,0,1,20,1,-78,-3.9,218,-36%,-0.36,0.17208182912154033,-0.36
Geode,0,2,13,1,-13,-1.0,284,-5%,-0.05,0.851985559566787,-0.05
Geode,0,1,3,1,-3,-1.0,19,-16%,-0.16,0.5270758122743683,-0.16
Geode,0,1,3,1,-6,-2.0,32,-19%,-0.19,0.4428399518652226,-0.19
Geode,0,2,2,1,-5,-2.5,30,-17%,-0.17,0.4993983152827918,-0.17
Geode,0,1,2,1,-6,-3.0,20,-30%,-0.3,0.24789410348977137,-0.3
Geode,0,2,12,1,-36,-3.0,291,-12%,-0.12,0.6377858002406739,-0.12
Geode,0,1,4,1,-20,-5.0,40,-50%,-0.5,0.09025270758122744,-0.5
Geode,0,1,4,1,-24,-6.0,128,-19%,-0.19,0.44404332129963897,-0.19
Geode,0,2,4,1,-16,-4.0,78,-21%,-0.21,0.3778580024067389,-0.21
Geode,0,1,2,1,-2,-1.0,32,-6%,-0.06,0.8267148014440433,-0.06
Geode,0,1,2,1,-6,-3.0,16,-38%,-0.38,0.1624548736462094,-0.38
Geode,0,1,2,1,-6,-3.0,12,-50%,-0.5,0.0914560770156438,-0.5
Geode,0,1,6,1,-6,-1.0,98,-6%,-0.06,0.8279181708784596,-0.06
Geode,0,2,4,1,-4,-1.0,155,-3%,-0.03,0.9157641395908543,-0.03
Geode,0,1,3,1,-9,-3.0,46,-20%,-0.2,0.4139590854392298,-0.2
Geode,0,1,2,1,-2,-1.0,31,-6%,-0.06,0.8291215403128761,-0.06
Geode,0,2,2,1,-3,-1.5,32,-9%,-0.09,0.7448856799037304,-0.09
Geode,0,1,2,1,-9,-4.5,20,-45%,-0.45,0.11552346570397112,-0.45
Geode,0,2,29,1,-145,-5.0,434,-33%,-0.33,0.21660649819494585,-0.33
Geode,0,1,10,1,-34,-3.4,103,-33%,-0.33,0.21780986762936222,-0.33
Geode,0,1,2,1,-2,-1.0,11,-18%,-0.18,0.46329723225030084,-0.18
Geode,0,1,4,1,-12,-3.0,147,-8%,-0.08,0.7713598074608905,-0.08
Geode,0,1,7,1,-33,-4.714285714,65,-51%,-0.51,0.06859205776173286,-0.51
Geode,0,2,2,1,-6,-3.0,63,-10%,-0.1,0.7123947051744886,-0.1
Geode,0,1,2,1,-6,-3.0,34,-18%,-0.18,0.4645006016847172,-0.18
Geode,0,1,3,1,-9,-3.0,61,-15%,-0.15,0.5535499398315282,-0.15
Geode,0,1,4,1,-4,-1.0,26,-15%,-0.15,0.5547533092659447,-0.15
Geode,0,1,4,1,-4,-1.0,84,-5%,-0.05,0.8531889290012034,-0.05
Geode,0,1,2,1,-2,-1.0,11,-18%,-0.18,0.4657039711191336,-0.18
Geode,0,2,4,1,-9,-2.25,77,-12%,-0.12,0.6389891696750902,-0.12
Geode,0,2,2,1,-8,-4.0,36,-22%,-0.22,0.35980746089049337,-0.22
Geode,0,2,16,1,-60,-3.75,152,-39%,-0.39,0.15282791817087846,-0.39
Geode,0,1,9,1,0,0.0,127,0%,0.0,0.9975932611311673,0.0
Geode,0,1,2,1,-8,-4.0,12,-67%,-0.67,0.02888086642599278,-0.67
Geode,0,1,2,1,-6,-3.0,32,-19%,-0.19,0.4452466907340554,-0.19
Geode,0,2,2,1,0,0.0,0,,,,
Geode,0,1,2,1,-2,-1.0,13,-15%,-0.15,0.555956678700361,-0.15
Geode,0,2,2,1,0,0.0,0,,,,
Geode,0,1,2,1,-6,-3.0,61,-10%,-0.1,0.7135980746089049,-0.1
Geode,0,1,5,1,-25,-5.0,35,-71%,-0.71,0.021660649819494584,-0.71
Geode,0,2,12,1,-36,-3.0,147,-24%,-0.24,0.32731648616125153,-0.24
Geode,0,1,3,1,-3,-1.0,28,-11%,-0.11,0.6702767749699158,-0.11
Geode,0,1,3,1,-3,-1.0,75,-4%,-0.04,0.8868832731648616,-0.04
Geode,0,1,4,1,-4,-1.0,4,-100%,-1.0,0.006016847172081829,-1.0
Geode,0,1,3,1,-3,-1.0,29,-10%,-0.1,0.7148014440433214,-0.1
Geode,0,1,9,1,-9,-1.0,17,-53%,-0.53,0.06377858002406739,-0.53
Geode,0,1,4,1,-4,-1.0,24,-17%,-0.17,0.5006016847172082,-0.17
Geode,0,2,5,1,-25,-5.0,70,-36%,-0.36,0.17328519855595667,-0.36
Geode,0,2,4,1,-4,-1.0,42,-10%,-0.1,0.7160048134777377,-0.1
Geode,0,1,20,1,-40,-2.0,114,-35%,-0.35,0.1829121540312876,-0.35
Geode,0,1,6,1,0,0.0,52,0%,0.0,0.9987966305655837,0.0
Geode,0,1,3,1,-3,-1.0,43,-7%,-0.07,0.7990373044524669,-0.07
Geode,0,2,2,1,-2,-1.0,44,-5%,-0.05,0.8543922984356197,-0.05
Geode,0,1,2,1,-4,-2.0,24,-17%,-0.17,0.5018050541516246,-0.17
Geode,0,1,3,1,-9,-3.0,24,-38%,-0.38,0.16365824308062576,-0.38
Geode,0,2,27,1,-58,-2.148148148,393,-15%,-0.15,0.5571600481347774,-0.15
Geode,0,2,5,1,-9,-1.8,67,-13%,-0.13,0.6137184115523465,-0.13
Geode,0,1,2,1,-2,-1.0,49,-4%,-0.04,0.8880866425992779,-0.04
Geode,0,1,2,1,0,0.0,56,0%,0.0,1.0,0.0
Geode,0,1,4,1,-12,-3.0,56,-21%,-0.21,0.37906137184115524,-0.21
Geode,0,1,2,1,-10,-5.0,54,-19%,-0.19,0.4464500601684717,-0.19
Geode,0,1,2,1,-3,-1.5,9,-33%,-0.33,0.2190132370637786,-0.33
Geode,0,1,3,1,-15,-5.0,59,-25%,-0.25,0.3164861612515042,-0.25
Geode,0,1,2,1,-2,-1.0,29,-7%,-0.07,0.8002406738868832,-0.07
Geode,0,1,2,1,-6,-3.0,63,-10%,-0.1,0.717208182912154,-0.1
Geode,0,1,2,1,-2,-1.0,10,-20%,-0.2,0.4151624548736462,-0.2
Geode,0,1,2,1,-2,-1.0,10,-20%,-0.2,0.41636582430806257,-0.2
Geode,0,1,4,1,-4,-1.0,8,-50%,-0.5,0.09265944645006016,-0.5
Geode,0,1,14,1,-44,-3.142857143,219,-20%,-0.2,0.4175691937424789,-0.2
Geode,0,1,5,1,-5,-1.0,50,-10%,-0.1,0.7184115523465704,-0.1
Geode,0,1,3,1,-9,-3.0,35,-26%,-0.26,0.296028880866426,-0.26
Geode,0,1,2,1,-2,-1.0,38,-5%,-0.05,0.855595667870036,-0.05
Geode,0,1,3,1,-3,-1.0,25,-12%,-0.12,0.6401925391095066,-0.12
Geode,0,2,3,1,-15,-5.0,25,-60%,-0.6,0.049338146811071,-0.6
Giraph,0,1,5,1,-10,-2.0,19,-53%,-0.53,0.36363636363636365,-0.53
Giraph,0,1,4,1,-24,-6.0,60,-40%,-0.4,0.5454545454545454,-0.4
Giraph,0,1,2,1,-6,-3.0,34,-18%,-0.18,0.7272727272727273,-0.18
Giraph,0,1,2,1,-14,-7.0,34,-41%,-0.41,0.45454545454545453,-0.41
Giraph,0,1,3,1,-3,-1.0,35,-9%,-0.09,0.8181818181818182,-0.09
Giraph,0,1,2,1,-15,-7.5,21,-71%,-0.71,0.09090909090909091,-0.71
Giraph,0,1,5,1,-15,-3.0,71,-21%,-0.21,0.6363636363636364,-0.21
Giraph,0,1,3,1,-3,-1.0,45,-7%,-0.07,1.0,-0.07
Giraph,0,1,3,1,-21,-7.0,35,-60%,-0.6,0.18181818181818182,-0.6
Giraph,0,1,3,1,-3,-1.0,35,-9%,-0.09,0.9090909090909091,-0.09
Giraph,0,1,3,1,-9,-3.0,15,-60%,-0.6,0.2727272727272727,-0.6
Gobblin,0,2,4,1,-19,-4.75,46,-41%,-0.41,0.29133858267716534,-0.41
Gobblin,0,1,2,1,-2,-1.0,59,-3%,-0.03,0.9448818897637795,-0.03
Gobblin,0,2,8,1,-24,-3.0,39,-62%,-0.62,0.14960629921259844,-0.62
Gobblin,0,2,3,1,-3,-1.0,48,-6%,-0.06,0.8818897637795275,-0.06
Gobblin,0,1,4,1,-12,-3.0,50,-24%,-0.24,0.4645669291338583,-0.24
Gobblin,0,1,4,1,-12,-3.0,22,-55%,-0.55,0.1732283464566929,-0.55
Gobblin,0,2,2,1,-6,-3.0,67,-9%,-0.09,0.8110236220472441,-0.09
Gobblin,0,1,3,1,-9,-3.0,14,-64%,-0.64,0.14173228346456693,-0.64
Gobblin,0,1,2,1,-10,-5.0,41,-24%,-0.24,0.47244094488188976,-0.24
Gobblin,0,1,2,1,-2,-1.0,11,-18%,-0.18,0.5590551181102362,-0.18
Gobblin,0,1,3,1,-15,-5.0,41,-37%,-0.37,0.3228346456692913,-0.37
Gobblin,0,1,3,1,-7,-2.333333333,20,-35%,-0.35,0.33070866141732286,-0.35
Gobblin,0,1,2,1,-6,-3.0,33,-18%,-0.18,0.5669291338582677,-0.18
Gobblin,0,1,3,1,-9,-3.0,77,-12%,-0.12,0.7086614173228346,-0.12
Gobblin,0,1,3,1,-21,-7.0,24,-88%,-0.88,0.05511811023622047,-0.88
Gobblin,0,1,4,1,0,0.0,35,0%,0.0,0.9606299212598425,0.0
Gobblin,0,1,2,1,-2,-1.0,8,-25%,-0.25,0.4330708661417323,-0.25
Gobblin,0,1,2,1,0,0.0,59,0%,0.0,0.968503937007874,0.0
Gobblin,0,1,2,1,-6,-3.0,8,-75%,-0.75,0.09448818897637795,-0.75
Gobblin,0,1,5,1,-11,-2.2,77,-14%,-0.14,0.6771653543307087,-0.14
Gobblin,0,2,2,1,-10,-5.0,33,-30%,-0.3,0.3464566929133858,-0.3
Gobblin,0,1,3,1,-3,-1.0,77,-4%,-0.04,0.9291338582677166,-0.04
Gobblin,0,1,2,1,-6,-3.0,12,-50%,-0.5,0.2047244094488189,-0.5
Gobblin,0,2,2,1,-2,-1.0,18,-11%,-0.11,0.7401574803149606,-0.11
Gobblin,0,1,2,1,-6,-3.0,14,-43%,-0.43,0.2440944881889764,-0.43
Gobblin,0,1,2,1,-8,-4.0,33,-24%,-0.24,0.48031496062992124,-0.24
Gobblin,0,1,2,1,-6,-3.0,14,-43%,-0.43,0.25196850393700787,-0.43
Gobblin,0,1,2,1,-2,-1.0,31,-6%,-0.06,0.889763779527559,-0.06
Gobblin,0,1,3,1,-3,-1.0,18,-17%,-0.17,0.6062992125984252,-0.17
Gobblin,0,1,5,1,-5,-1.0,33,-15%,-0.15,0.6456692913385826,-0.15
Gobblin,0,1,5,1,-5,-1.0,33,-15%,-0.15,0.6535433070866141,-0.15
Gobblin,0,1,3,1,-9,-3.0,9,-100%,-1.0,0.007874015748031496,-1.0
Gobblin,0,1,3,1,-27,-9.0,32,-84%,-0.84,0.07086614173228346,-0.84
Gobblin,0,2,3,1,-15,-5.0,29,-52%,-0.52,0.18110236220472442,-0.52
Gobblin,0,1,3,1,-33,-11.0,77,-43%,-0.43,0.25984251968503935,-0.43
Gobblin,0,1,2,1,-6,-3.0,9,-67%,-0.67,0.12598425196850394,-0.67
Gobblin,0,1,2,1,-2,-1.0,59,-3%,-0.03,0.952755905511811,-0.03
Gobblin,0,2,2,1,-6,-3.0,67,-9%,-0.09,0.8188976377952756,-0.09
Gobblin,0,1,2,1,-2,-1.0,20,-10%,-0.1,0.7716535433070866,-0.1
Gobblin,0,1,6,1,-30,-5.0,69,-43%,-0.43,0.2677165354330709,-0.43
Gobblin,0,2,16,1,-70,-4.375,240,-29%,-0.29,0.3700787401574803,-0.29
Gobblin,0,1,6,1,-16,-2.666666667,107,-15%,-0.15,0.6614173228346457,-0.15
Gobblin,0,2,6,1,-18,-3.0,57,-32%,-0.32,0.33858267716535434,-0.32
Gobblin,0,1,8,1,-34,-4.25,128,-27%,-0.27,0.4094488188976378,-0.27
Gobblin,0,2,4,1,-6,-1.5,31,-19%,-0.19,0.5511811023622047,-0.19
Gobblin,0,1,2,1,-2,-1.0,21,-10%,-0.1,0.7795275590551181,-0.1
Gobblin,0,1,2,1,-2,-1.0,15,-13%,-0.13,0.7007874015748031,-0.13
Gobblin,0,1,6,1,-6,-1.0,14,-43%,-0.43,0.2755905511811024,-0.43
Gobblin,0,2,8,1,-24,-3.0,226,-11%,-0.11,0.7480314960629921,-0.11
Gobblin,0,2,2,1,-18,-9.0,41,-44%,-0.44,0.23622047244094488,-0.44
Gobblin,0,1,2,1,-6,-3.0,25,-24%,-0.24,0.4881889763779528,-0.24
Gobblin,0,1,2,1,0,0.0,24,0%,0.0,0.9763779527559056,0.0
Gobblin,0,1,4,1,-20,-5.0,85,-24%,-0.24,0.49606299212598426,-0.24
Gobblin,0,2,3,1,-15,-5.0,68,-22%,-0.22,0.5118110236220472,-0.22
Gobblin,0,2,2,1,-6,-3.0,23,-26%,-0.26,0.4251968503937008,-0.26
Gobblin,0,1,3,1,0,0.0,36,0%,0.0,0.984251968503937,0.0
Gobblin,0,1,8,1,-24,-3.0,226,-11%,-0.11,0.7559055118110236,-0.11
Gobblin,0,2,3,1,-9,-3.0,77,-12%,-0.12,0.7165354330708661,-0.12
Gobblin,0,1,9,1,-9,-1.0,66,-14%,-0.14,0.6850393700787402,-0.14
Gobblin,0,1,4,1,-12,-3.0,127,-9%,-0.09,0.8267716535433071,-0.09
Gobblin,0,1,3,1,-3,-1.0,63,-5%,-0.05,0.8976377952755905,-0.05
Gobblin,0,2,12,1,-34,-2.833333333,113,-30%,-0.3,0.3543307086614173,-0.3
Gobblin,0,1,2,1,-8,-4.0,14,-57%,-0.57,0.15748031496062992,-0.57
Gobblin,0,1,3,1,-6,-2.0,24,-25%,-0.25,0.4409448818897638,-0.25
Gobblin,0,1,3,1,0,0.0,22,0%,0.0,0.9921259842519685,0.0
Gobblin,0,1,3,1,-3,-1.0,21,-14%,-0.14,0.6929133858267716,-0.14
Gobblin,0,1,2,1,-5,-2.5,5,-100%,-1.0,0.015748031496062992,-1.0
Gobblin,0,1,3,1,-9,-3.0,12,-75%,-0.75,0.10236220472440945,-0.75
Gobblin,0,2,5,1,-75,-15.0,143,-52%,-0.52,0.1889763779527559,-0.52
Gobblin,0,2,2,1,-18,-9.0,36,-50%,-0.5,0.2125984251968504,-0.5
Gobblin,0,1,2,1,-6,-3.0,12,-50%,-0.5,0.2204724409448819,-0.5
Gobblin,0,2,6,1,-6,-1.0,64,-9%,-0.09,0.8346456692913385,-0.09
Gobblin,0,1,2,1,-6,-3.0,8,-75%,-0.75,0.11023622047244094,-0.75
Gobblin,0,1,2,1,-2,-1.0,22,-9%,-0.09,0.84251968503937,-0.09
Gobblin,0,2,3,1,-9,-3.0,31,-29%,-0.29,0.3779527559055118,-0.29
Gobblin,0,1,2,1,-6,-3.0,14,-43%,-0.43,0.28346456692913385,-0.43
Gobblin,0,1,2,1,-10,-5.0,10,-100%,-1.0,0.023622047244094488,-1.0
Gobblin,0,1,3,1,-9,-3.0,10,-90%,-0.9,0.047244094488188976,-0.9
Gobblin,0,1,5,1,-5,-1.0,33,-15%,-0.15,0.6692913385826772,-0.15
Gobblin,0,1,4,1,-16,-4.0,58,-28%,-0.28,0.3937007874015748,-0.28
Gobblin,0,2,3,1,-9,-3.0,32,-28%,-0.28,0.4015748031496063,-0.28
Gobblin,0,1,4,1,-12,-3.0,58,-21%,-0.21,0.5433070866141733,-0.21
Gobblin,0,1,2,1,-6,-3.0,37,-16%,-0.16,0.6377952755905512,-0.16
Gobblin,0,1,3,1,-3,-1.0,17,-18%,-0.18,0.5748031496062992,-0.18
Gobblin,0,1,3,1,-3,-1.0,58,-5%,-0.05,0.905511811023622,-0.05
Gobblin,0,1,5,1,-31,-6.2,47,-66%,-0.66,0.13385826771653545,-0.66
Gobblin,0,1,2,1,0,0.0,6,0%,0.0,1.0,0.0
Gobblin,0,1,2,1,-2,-1.0,11,-18%,-0.18,0.5826771653543307,-0.18
Gobblin,0,1,2,1,-2,-1.0,18,-11%,-0.11,0.7637795275590551,-0.11
Gobblin,0,1,2,1,-6,-3.0,22,-27%,-0.27,0.41732283464566927,-0.27
Gobblin,0,2,8,1,-24,-3.0,79,-30%,-0.3,0.36220472440944884,-0.3
Gobblin,0,1,2,1,-2,-1.0,7,-29%,-0.29,0.3858267716535433,-0.29
Gobblin,0,2,4,1,-12,-3.0,54,-22%,-0.22,0.5196850393700787,-0.22
Gobblin,0,1,8,1,-8,-1.0,185,-4%,-0.04,0.937007874015748,-0.04
Gobblin,0,1,4,1,-4,-1.0,22,-18%,-0.18,0.5905511811023622,-0.18
Gobblin,0,1,4,1,-12,-3.0,23,-52%,-0.52,0.1968503937007874,-0.52
Gobblin,0,1,2,1,-6,-3.0,35,-17%,-0.17,0.6141732283464567,-0.17
Gobblin,0,1,2,1,-2,-1.0,20,-10%,-0.1,0.7874015748031497,-0.1
Gobblin,0,1,2,1,-14,-7.0,18,-78%,-0.78,0.08661417322834646,-0.78
Gobblin,0,1,3,1,-9,-3.0,37,-24%,-0.24,0.5039370078740157,-0.24
Gobblin,0,1,3,1,-6,-2.0,86,-7%,-0.07,0.8582677165354331,-0.07
Gobblin,0,2,2,1,-14,-7.0,16,-88%,-0.88,0.06299212598425197,-0.88
Gobblin,0,1,3,1,-15,-5.0,37,-41%,-0.41,0.2992125984251969,-0.41
Gobblin,0,1,5,1,0,0.0,0,,,,
Gobblin,0,1,2,1,-6,-3.0,59,-10%,-0.1,0.7952755905511811,-0.1
Gobblin,0,1,2,1,-2,-1.0,25,-8%,-0.08,0.8503937007874016,-0.08
Gobblin,0,1,3,1,-9,-3.0,36,-25%,-0.25,0.44881889763779526,-0.25
Gobblin,0,1,2,1,-2,-1.0,9,-22%,-0.22,0.5275590551181102,-0.22
Gobblin,0,1,7,1,-28,-4.0,71,-39%,-0.39,0.30708661417322836,-0.39
Gobblin,0,1,5,1,-10,-2.0,143,-7%,-0.07,0.8661417322834646,-0.07
Gobblin,0,1,2,1,-3,-1.5,3,-100%,-1.0,0.031496062992125984,-1.0
Gobblin,0,2,6,1,-26,-4.333333333,35,-74%,-0.74,0.11811023622047244,-0.74
Gobblin,0,1,2,1,-6,-3.0,59,-10%,-0.1,0.8031496062992126,-0.1
Gobblin,0,1,2,1,-2,-1.0,12,-17%,-0.17,0.6220472440944882,-0.17
Gobblin,0,1,3,1,-3,-1.0,44,-7%,-0.07,0.8740157480314961,-0.07
Gobblin,0,1,2,1,-31,-15.5,39,-79%,-0.79,0.07874015748031496,-0.79
Gobblin,0,1,3,1,-3,-1.0,63,-5%,-0.05,0.9133858267716536,-0.05
Gobblin,0,1,3,1,-9,-3.0,77,-12%,-0.12,0.7244094488188977,-0.12
Gobblin,0,1,2,1,-10,-5.0,18,-56%,-0.56,0.16535433070866143,-0.56
Gobblin,0,1,3,1,-9,-3.0,36,-25%,-0.25,0.4566929133858268,-0.25
Gobblin,0,1,2,1,-2,-1.0,12,-17%,-0.17,0.6299212598425197,-0.17
Gobblin,0,1,3,1,-9,-3.0,50,-18%,-0.18,0.5984251968503937,-0.18
Gobblin,0,1,2,1,-3,-1.5,3,-100%,-1.0,0.03937007874015748,-1.0
Gobblin,0,2,10,1,-10,-1.0,187,-5%,-0.05,0.9212598425196851,-0.05
Gobblin,0,1,2,1,-6,-3.0,16,-38%,-0.38,0.31496062992125984,-0.38
Gobblin,0,2,6,1,-54,-9.0,107,-50%,-0.5,0.2283464566929134,-0.5
Gobblin,0,2,3,1,-9,-3.0,74,-12%,-0.12,0.7322834645669292,-0.12
Gobblin,0,1,5,1,0,0.0,0,,,,
Gobblin,0,1,2,1,-6,-3.0,27,-22%,-0.22,0.5354330708661418,-0.22
Hadoop,0,2,7,1,-21,-3.0,126,-17%,-0.17,0.4591549295774648,-0.17
Hadoop,0,1,3,1,-13,-4.333333333,93,-14%,-0.14,0.5267605633802817,-0.14
Hadoop,0,1,5,1,-10,-2.0,46,-22%,-0.22,0.3676056338028169,-0.22
Hadoop,0,1,3,1,-9,-3.0,87,-10%,-0.1,0.643661971830986,-0.1
Hadoop,0,1,6,1,-18,-3.0,129,-14%,-0.14,0.528169014084507,-0.14
Hadoop,0,1,4,1,0,0.0,8,0%,0.0,0.8887323943661972,0.0
Hadoop,0,1,2,1,-6,-3.0,46,-13%,-0.13,0.5464788732394367,-0.13
Hadoop,0,1,3,1,-3,-1.0,25,-12%,-0.12,0.5774647887323944,-0.12
Hadoop,0,2,4,1,-4,-1.0,63,-6%,-0.06,0.7352112676056338,-0.06
Hadoop,0,1,2,1,-15,-7.5,37,-41%,-0.41,0.1352112676056338,-0.41
Hadoop,0,2,2,1,-2,-1.0,11,-18%,-0.18,0.4309859154929577,-0.18
Hadoop,0,1,2,1,-16,-8.0,44,-36%,-0.36,0.18873239436619718,-0.36
Hadoop,0,1,2,1,0,0.0,29,0%,0.0,0.8901408450704226,0.0
Hadoop,0,1,4,1,0,0.0,16,0%,0.0,0.8915492957746479,0.0
Hadoop,0,2,2,1,-4,-2.0,42,-10%,-0.1,0.6450704225352113,-0.1
Hadoop,0,1,3,1,-25,-8.333333333,63,-40%,-0.4,0.14225352112676057,-0.4
Hadoop,0,2,5,1,-31,-6.2,62,-50%,-0.5,0.07746478873239436,-0.5
Hadoop,0,1,2,1,-3,-1.5,9,-33%,-0.33,0.21830985915492956,-0.33
Hadoop,0,2,2,1,-6,-3.0,11,-55%,-0.55,0.06619718309859154,-0.55
Hadoop,0,1,7,1,-7,-1.0,71,-10%,-0.1,0.6464788732394366,-0.1
Hadoop,0,1,6,1,-7,-1.166666667,62,-11%,-0.11,0.6070422535211267,-0.11
Hadoop,0,1,3,1,0,0.0,12,0%,0.0,0.8929577464788733,0.0
Hadoop,0,1,13,1,-7,-0.538461538,498,-1%,-0.01,0.8845070422535212,-0.01
Hadoop,0,1,2,1,-2,-1.0,25,-8%,-0.08,0.6971830985915493,-0.08
Hadoop,0,1,6,1,-4,-0.666666667,45,-9%,-0.09,0.671830985915493,-0.09
Hadoop,0,1,3,1,-3,-1.0,12,-25%,-0.25,0.3183098591549296,-0.25
Hadoop,0,1,7,1,-35,-5.0,241,-15%,-0.15,0.5084507042253521,-0.15
Hadoop,0,1,5,1,-22,-4.4,60,-37%,-0.37,0.18169014084507043,-0.37
Hadoop,0,1,9,1,-9,-1.0,87,-10%,-0.1,0.647887323943662,-0.1
Hadoop,0,2,2,1,-6,-3.0,13,-46%,-0.46,0.10140845070422536,-0.46
Hadoop,0,1,3,1,0,0.0,3,0%,0.0,0.8943661971830986,0.0
Hadoop,0,2,3,1,-9,-3.0,15,-60%,-0.6,0.054929577464788736,-0.6
Hadoop,0,1,3,1,-2,-0.666666667,18,-11%,-0.11,0.6084507042253521,-0.11
Hadoop,0,1,9,1,-26,-2.888888889,188,-14%,-0.14,0.5295774647887324,-0.14
Hadoop,0,1,2,1,0,0.0,10,0%,0.0,0.895774647887324,0.0
Hadoop,0,2,2,1,-7,-3.5,28,-25%,-0.25,0.31971830985915495,-0.25
Hadoop,0,2,7,1,-21,-3.0,71,-30%,-0.3,0.24929577464788732,-0.3
Hadoop,0,1,5,1,-12,-2.4,66,-18%,-0.18,0.4323943661971831,-0.18
Hadoop,0,1,2,1,0,0.0,26,0%,0.0,0.8971830985915493,0.0
Hadoop,0,1,12,1,-10,-0.833333333,539,-2%,-0.02,0.8619718309859155,-0.02
Hadoop,0,1,2,1,-14,-7.0,41,-34%,-0.34,0.2140845070422535,-0.34
Hadoop,0,1,5,1,-11,-2.2,87,-13%,-0.13,0.547887323943662,-0.13
Hadoop,0,2,2,1,-6,-3.0,32,-19%,-0.19,0.4070422535211268,-0.19
Hadoop,0,1,3,1,-6,-2.0,32,-19%,-0.19,0.4084507042253521,-0.19
Hadoop,0,2,17,1,-43,-2.529411765,550,-8%,-0.08,0.6985915492957746,-0.08
Hadoop,0,1,2,1,-2,-1.0,36,-6%,-0.06,0.7366197183098592,-0.06
Hadoop,0,2,4,1,-4,-1.0,25,-16%,-0.16,0.4830985915492958,-0.16
Hadoop,0,1,2,1,-2,-1.0,5,-40%,-0.4,0.14366197183098592,-0.4
Hadoop,0,1,2,1,-6,-3.0,26,-23%,-0.23,0.3492957746478873,-0.23
Hadoop,0,1,2,1,-18,-9.0,50,-36%,-0.36,0.19014084507042253,-0.36
Hadoop,0,1,3,1,-4,-1.333333333,10,-40%,-0.4,0.14507042253521127,-0.4
Hadoop,0,1,2,1,0,0.0,11,0%,0.0,0.8985915492957747,0.0
Hadoop,0,1,8,1,-8,-1.0,241,-3%,-0.03,0.8352112676056338,-0.03
Hadoop,0,1,2,1,-2,-1.0,10,-20%,-0.2,0.38591549295774646,-0.2
Hadoop,0,1,3,1,-3,-1.0,47,-6%,-0.06,0.7380281690140845,-0.06
Hadoop,0,1,4,1,-12,-3.0,32,-38%,-0.38,0.1676056338028169,-0.38
Hadoop,0,1,2,1,-2,-1.0,40,-5%,-0.05,0.7591549295774648,-0.05
Hadoop,0,1,9,1,-45,-5.0,46,-98%,-0.98,0.014084507042253521,-0.98
Hadoop,0,2,3,1,-9,-3.0,13,-69%,-0.69,0.0323943661971831,-0.69
Hadoop,0,1,2,1,-2,-1.0,17,-12%,-0.12,0.5788732394366197,-0.12
Hadoop,0,2,9,1,-27,-3.0,124,-22%,-0.22,0.36901408450704226,-0.22
Hadoop,0,2,6,1,-6,-1.0,72,-8%,-0.08,0.7,-0.08
Hadoop,0,2,2,1,-1,-0.5,53,-2%,-0.02,0.8633802816901408,-0.02
Hadoop,0,1,3,1,-9,-3.0,66,-14%,-0.14,0.5309859154929577,-0.14
Hadoop,0,1,14,1,-14,-1.0,333,-4%,-0.04,0.795774647887324,-0.04
Hadoop,0,1,5,1,0,0.0,73,0%,0.0,0.9,0.0
Hadoop,0,1,2,1,-3,-1.5,26,-12%,-0.12,0.5802816901408451,-0.12
Hadoop,0,1,9,1,-35,-3.888888889,174,-20%,-0.2,0.3873239436619718,-0.2
Hadoop,0,1,3,1,-3,-1.0,132,-2%,-0.02,0.8647887323943662,-0.02
Hadoop,0,1,4,1,-4,-1.0,51,-8%,-0.08,0.7014084507042253,-0.08
Hadoop,0,1,10,1,0,0.0,140,0%,0.0,0.9014084507042254,0.0
Hadoop,0,1,6,1,-8,-1.333333333,77,-10%,-0.1,0.6492957746478873,-0.1
Hadoop,0,1,5,1,-5,-1.0,40,-13%,-0.13,0.5492957746478874,-0.13
Hadoop,0,1,2,1,-2,-1.0,18,-11%,-0.11,0.6098591549295774,-0.11
Hadoop,0,1,2,1,-2,-1.0,45,-4%,-0.04,0.7971830985915493,-0.04
Hadoop,0,1,5,1,0,0.0,53,0%,0.0,0.9028169014084507,0.0
Hadoop,0,1,6,1,-6,-1.0,70,-9%,-0.09,0.6732394366197183,-0.09
Hadoop,0,1,4,1,-4,-1.0,39,-10%,-0.1,0.6507042253521127,-0.1
Hadoop,0,1,11,1,-11,-1.0,64,-17%,-0.17,0.46056338028169014,-0.17
Hadoop,0,1,4,1,-2,-0.5,69,-3%,-0.03,0.8366197183098592,-0.03
Hadoop,0,1,3,1,-10,-3.333333333,38,-26%,-0.26,0.30422535211267604,-0.26
Hadoop,0,1,3,1,-14,-4.666666667,116,-12%,-0.12,0.5816901408450704,-0.12
Hadoop,0,1,6,1,-20,-3.333333333,59,-34%,-0.34,0.21549295774647886,-0.34
Hadoop,0,1,2,1,-2,-1.0,13,-15%,-0.15,0.5098591549295775,-0.15
Hadoop,0,1,2,1,-3,-1.5,18,-17%,-0.17,0.4619718309859155,-0.17
Hadoop,0,1,3,1,-9,-3.0,24,-38%,-0.38,0.16901408450704225,-0.38
Hadoop,0,2,2,1,-6,-3.0,32,-19%,-0.19,0.4098591549295775,-0.19
Hadoop,0,1,5,1,-25,-5.0,111,-23%,-0.23,0.35070422535211265,-0.23
Hadoop,0,2,3,1,-10,-3.333333333,12,-83%,-0.83,0.02112676056338028,-0.83
Hadoop,0,1,5,1,-35,-7.0,55,-64%,-0.64,0.04788732394366197,-0.64
Hadoop,0,2,36,1,-131,-3.638888889,459,-29%,-0.29,0.2605633802816901,-0.29
Hadoop,0,2,30,1,-100,-3.333333333,257,-39%,-0.39,0.16056338028169015,-0.39
Hadoop,0,2,16,1,-21,-1.3125,128,-16%,-0.16,0.48450704225352115,-0.16
Hadoop,0,1,22,1,-66,-3.0,88,-75%,-0.75,0.028169014084507043,-0.75
Hadoop,0,2,12,1,-66,-5.5,218,-30%,-0.3,0.2507042253521127,-0.3
Hadoop,0,2,10,1,-30,-3.0,193,-16%,-0.16,0.4859154929577465,-0.16
Hadoop,0,2,2,1,-6,-3.0,26,-23%,-0.23,0.352112676056338,-0.23
Hadoop,0,1,5,1,-27,-5.4,61,-44%,-0.44,0.12253521126760564,-0.44
Hadoop,0,2,2,1,-6,-3.0,39,-15%,-0.15,0.5112676056338028,-0.15
Hadoop,0,2,2,1,-6,-3.0,26,-23%,-0.23,0.35352112676056335,-0.23
Hadoop,0,1,3,1,-15,-5.0,21,-71%,-0.71,0.030985915492957747,-0.71
Hadoop,0,1,4,1,-2,-0.5,56,-4%,-0.04,0.7985915492957747,-0.04
Hadoop,0,1,2,1,-2,-1.0,46,-4%,-0.04,0.8,-0.04
Hadoop,0,1,4,1,-8,-2.0,40,-20%,-0.2,0.38873239436619716,-0.2
Hadoop,0,1,2,1,-6,-3.0,39,-15%,-0.15,0.5126760563380282,-0.15
Hadoop,0,1,2,1,-4,-2.0,34,-12%,-0.12,0.5830985915492958,-0.12
Hadoop,0,2,14,1,-39,-2.785714286,210,-19%,-0.19,0.4112676056338028,-0.19
Hadoop,0,2,7,1,-21,-3.0,109,-19%,-0.19,0.4126760563380282,-0.19
Hadoop,0,2,6,1,-6,-1.0,92,-7%,-0.07,0.7126760563380282,-0.07
Hadoop,0,2,3,1,-4,-1.333333333,17,-24%,-0.24,0.3323943661971831,-0.24
Hadoop,0,2,3,1,-6,-2.0,29,-21%,-0.21,0.3788732394366197,-0.21
Hadoop,0,2,4,1,-10,-2.5,79,-13%,-0.13,0.5507042253521127,-0.13
Hadoop,0,1,3,1,-12,-4.0,31,-39%,-0.39,0.1619718309859155,-0.39
Hadoop,0,1,2,1,-2,-1.0,8,-25%,-0.25,0.3211267605633803,-0.25
Hadoop,0,1,9,1,0,0.0,28,0%,0.0,0.9042253521126761,0.0
Hadoop,0,1,3,1,-3,-1.0,13,-23%,-0.23,0.35492957746478876,-0.23
Hadoop,0,1,2,1,-2,-1.0,22,-9%,-0.09,0.6746478873239437,-0.09
Hadoop,0,1,3,1,-3,-1.0,57,-5%,-0.05,0.7605633802816901,-0.05
Hadoop,0,1,2,1,-2,-1.0,28,-7%,-0.07,0.7140845070422536,-0.07
Hadoop,0,1,2,1,0,0.0,24,0%,0.0,0.9056338028169014,0.0
Hadoop,0,1,5,1,-5,-1.0,47,-11%,-0.11,0.6112676056338028,-0.11
Hadoop,0,2,2,1,-10,-5.0,22,-45%,-0.45,0.11126760563380282,-0.45
Hadoop,0,1,2,1,-5,-2.5,26,-19%,-0.19,0.4140845070422535,-0.19
Hadoop,0,1,3,1,-3,-1.0,45,-7%,-0.07,0.7154929577464789,-0.07
Hadoop,0,1,2,1,-2,-1.0,11,-18%,-0.18,0.43380281690140843,-0.18
Hadoop,0,1,2,1,-1,-0.5,9,-11%,-0.11,0.6126760563380281,-0.11
Hadoop,0,1,3,1,-9,-3.0,84,-11%,-0.11,0.6140845070422535,-0.11
Hadoop,0,1,2,1,-10,-5.0,65,-15%,-0.15,0.5140845070422535,-0.15
Hadoop,0,2,2,1,-2,-1.0,21,-10%,-0.1,0.652112676056338,-0.1
Hadoop,0,1,2,1,-6,-3.0,8,-75%,-0.75,0.029577464788732393,-0.75
Hadoop,0,1,3,1,-15,-5.0,116,-13%,-0.13,0.5521126760563381,-0.13
Hadoop,0,1,3,1,-5,-1.666666667,27,-19%,-0.19,0.4154929577464789,-0.19
Hadoop,0,1,4,1,-12,-3.0,34,-35%,-0.35,0.2,-0.35
Hadoop,0,2,7,1,-13,-1.857142857,67,-19%,-0.19,0.4169014084507042,-0.19
Hadoop,0,1,2,1,0,0.0,21,0%,0.0,0.9070422535211268,0.0
Hadoop,0,1,5,1,-15,-3.0,80,-19%,-0.19,0.4183098591549296,-0.19
Hadoop,0,1,2,1,-2,-1.0,107,-2%,-0.02,0.8661971830985915,-0.02
Hadoop,0,2,3,1,-9,-3.0,20,-45%,-0.45,0.11267605633802817,-0.45
Hadoop,0,1,4,1,-20,-5.0,30,-67%,-0.67,0.038028169014084505,-0.67
Hadoop,0,2,10,1,-35,-3.5,104,-34%,-0.34,0.21690140845070421,-0.34
Hadoop,0,1,3,1,-3,-1.0,77,-4%,-0.04,0.8014084507042254,-0.04
Hadoop,0,1,2,1,-24,-12.0,52,-46%,-0.46,0.1028169014084507,-0.46
Hadoop,0,2,2,1,-18,-9.0,40,-45%,-0.45,0.11408450704225352,-0.45
Hadoop,0,2,2,1,-2,-1.0,33,-6%,-0.06,0.7394366197183099,-0.06
Hadoop,0,2,2,1,-6,-3.0,9,-67%,-0.67,0.03943661971830986,-0.67
Hadoop,0,1,4,1,-4,-1.0,152,-3%,-0.03,0.8380281690140845,-0.03
Hadoop,0,1,5,1,-10,-2.0,42,-24%,-0.24,0.33380281690140845,-0.24
Hadoop,0,1,8,1,-8,-1.0,88,-9%,-0.09,0.676056338028169,-0.09
Hadoop,0,1,3,1,-3,-1.0,130,-2%,-0.02,0.8676056338028169,-0.02
Hadoop,0,1,3,1,0,0.0,57,0%,0.0,0.9084507042253521,0.0
Hadoop,0,1,8,1,-24,-3.0,159,-15%,-0.15,0.5154929577464789,-0.15
Hadoop,0,2,4,1,-4,-1.0,90,-4%,-0.04,0.8028169014084507,-0.04
Hadoop,0,1,2,1,-11,-5.5,62,-18%,-0.18,0.4352112676056338,-0.18
Hadoop,0,1,2,1,-6,-3.0,26,-23%,-0.23,0.3563380281690141,-0.23
Hadoop,0,2,6,1,-8,-1.333333333,64,-13%,-0.13,0.5535211267605634,-0.13
Hadoop,0,1,2,1,-6,-3.0,20,-30%,-0.3,0.252112676056338,-0.3
Hadoop,0,1,5,1,-19,-3.8,185,-10%,-0.1,0.6535211267605634,-0.1
Hadoop,0,1,4,1,-13,-3.25,44,-30%,-0.3,0.2535211267605634,-0.3
Hadoop,0,1,19,1,-38,-2.0,175,-22%,-0.22,0.3704225352112676,-0.22
Hadoop,0,2,15,1,-79,-5.266666667,539,-15%,-0.15,0.5169014084507042,-0.15
Hadoop,0,1,7,1,-17,-2.428571429,45,-38%,-0.38,0.1704225352112676,-0.38
Hadoop,0,2,4,1,-4,-1.0,73,-5%,-0.05,0.7619718309859155,-0.05
Hadoop,0,1,2,1,-4,-2.0,11,-36%,-0.36,0.19154929577464788,-0.36
Hadoop,0,1,5,1,-10,-2.0,51,-20%,-0.2,0.3901408450704225,-0.2
Hadoop,0,1,9,1,-9,-1.0,554,-2%,-0.02,0.8690140845070422,-0.02
Hadoop,0,1,7,1,-65,-9.285714286,241,-27%,-0.27,0.28732394366197184,-0.27
Hadoop,0,1,2,1,0,0.0,12,0%,0.0,0.9098591549295775,0.0
Hadoop,0,1,7,1,-7,-1.0,217,-3%,-0.03,0.8394366197183099,-0.03
Hadoop,0,2,4,1,-8,-2.0,13,-62%,-0.62,0.05070422535211268,-0.62
Hadoop,0,1,6,1,-6,-1.0,36,-17%,-0.17,0.46338028169014084,-0.17
Hadoop,0,1,2,1,-10,-5.0,10,-100%,-1.0,0.0014084507042253522,-1.0
Hadoop,0,2,2,1,-6,-3.0,39,-15%,-0.15,0.5183098591549296,-0.15
Hadoop,0,1,9,1,-54,-6.0,209,-26%,-0.26,0.3056338028169014,-0.26
Hadoop,0,2,4,1,-8,-2.0,96,-8%,-0.08,0.7028169014084507,-0.08
Hadoop,0,2,2,1,-4,-2.0,23,-17%,-0.17,0.4647887323943662,-0.17
Hadoop,0,1,8,1,-20,-2.5,44,-45%,-0.45,0.11549295774647887,-0.45
Hadoop,0,1,2,1,-8,-4.0,50,-16%,-0.16,0.48732394366197185,-0.16
Hadoop,0,2,2,1,-4,-2.0,14,-29%,-0.29,0.2619718309859155,-0.29
Hadoop,0,1,10,1,-29,-2.9,47,-62%,-0.62,0.05211267605633803,-0.62
Hadoop,0,2,2,1,-18,-9.0,45,-40%,-0.4,0.14647887323943662,-0.4
Hadoop,0,1,3,1,-3,-1.0,52,-6%,-0.06,0.7408450704225352,-0.06
Hadoop,0,1,2,1,-2,-1.0,8,-25%,-0.25,0.32253521126760565,-0.25
Hadoop,0,1,6,1,-13,-2.166666667,50,-26%,-0.26,0.30704225352112674,-0.26
Hadoop,0,1,2,1,-6,-3.0,34,-18%,-0.18,0.43661971830985913,-0.18
Hadoop,0,1,2,1,-6,-3.0,26,-23%,-0.23,0.35774647887323946,-0.23
Hadoop,0,1,2,1,-4,-2.0,46,-9%,-0.09,0.6774647887323944,-0.09
Hadoop,0,1,2,1,-3,-1.5,12,-25%,-0.25,0.323943661971831,-0.25
Hadoop,0,1,4,1,-4,-1.0,29,-14%,-0.14,0.532394366197183,-0.14
Hadoop,0,2,3,1,-3,-1.0,60,-5%,-0.05,0.7633802816901408,-0.05
Hadoop,0,1,3,1,-6,-2.0,38,-16%,-0.16,0.4887323943661972,-0.16
Hadoop,0,1,3,1,-9,-3.0,86,-10%,-0.1,0.6549295774647887,-0.1
Hadoop,0,1,2,1,-2,-1.0,34,-6%,-0.06,0.7422535211267606,-0.06
Hadoop,0,2,7,1,-49,-7.0,133,-37%,-0.37,0.18309859154929578,-0.37
Hadoop,0,1,2,1,-10,-5.0,25,-40%,-0.4,0.14788732394366197,-0.4
Hadoop,0,2,2,1,-22,-11.0,56,-39%,-0.39,0.16338028169014085,-0.39
Hadoop,0,1,2,1,-6,-3.0,76,-8%,-0.08,0.704225352112676,-0.08
Hadoop,0,1,2,1,-6,-3.0,54,-11%,-0.11,0.6154929577464788,-0.11
Hadoop,0,2,3,1,-15,-5.0,57,-26%,-0.26,0.3084507042253521,-0.26
Hadoop,0,1,3,1,-9,-3.0,172,-5%,-0.05,0.7647887323943662,-0.05
Hadoop,0,2,10,1,-50,-5.0,386,-13%,-0.13,0.5549295774647888,-0.13
Hadoop,0,1,4,1,-12,-3.0,198,-6%,-0.06,0.7436619718309859,-0.06
Hadoop,0,1,6,1,-18,-3.0,44,-41%,-0.41,0.13661971830985917,-0.41
Hadoop,0,1,3,1,-13,-4.333333333,110,-12%,-0.12,0.5845070422535211,-0.12
Hadoop,0,1,2,1,-8,-4.0,15,-53%,-0.53,0.07323943661971831,-0.53
Hadoop,0,1,3,1,-9,-3.0,33,-27%,-0.27,0.2887323943661972,-0.27
Hadoop,0,2,2,1,-7,-3.5,85,-8%,-0.08,0.7056338028169014,-0.08
Hadoop,0,1,19,1,-68,-3.578947368,175,-39%,-0.39,0.1647887323943662,-0.39
Hadoop,0,2,5,1,-97,-19.4,200,-49%,-0.49,0.09295774647887324,-0.49
Hadoop,0,2,2,1,-26,-13.0,98,-27%,-0.27,0.29014084507042254,-0.27
Hadoop,0,2,3,1,-21,-7.0,103,-20%,-0.2,0.39154929577464787,-0.2
Hadoop,0,2,3,1,-15,-5.0,49,-31%,-0.31,0.23943661971830985,-0.31
Hadoop,0,2,2,1,-6,-3.0,35,-17%,-0.17,0.46619718309859154,-0.17
Hadoop,0,2,6,1,-18,-3.0,202,-9%,-0.09,0.6788732394366197,-0.09
Hadoop,0,2,2,1,-5,-2.5,18,-28%,-0.28,0.271830985915493,-0.28
Hadoop,0,1,3,1,-8,-2.666666667,52,-15%,-0.15,0.5197183098591549,-0.15
Hadoop,0,1,2,1,-2,-1.0,64,-3%,-0.03,0.8408450704225352,-0.03
Hadoop,0,1,2,1,-2,-1.0,18,-11%,-0.11,0.6169014084507042,-0.11
Hadoop,0,1,2,1,-6,-3.0,6,-100%,-1.0,0.0028169014084507044,-1.0
Hadoop,0,1,2,1,-4,-2.0,5,-80%,-0.8,0.02535211267605634,-0.8
Hadoop,0,1,4,1,-10,-2.5,34,-29%,-0.29,0.2633802816901408,-0.29
Hadoop,0,1,2,1,-2,-1.0,20,-10%,-0.1,0.6563380281690141,-0.1
Hadoop,0,1,2,1,-6,-3.0,51,-12%,-0.12,0.5859154929577465,-0.12
Hadoop,0,1,2,1,-6,-3.0,14,-43%,-0.43,0.12394366197183099,-0.43
Hadoop,0,1,2,1,-2,-1.0,51,-4%,-0.04,0.8042253521126761,-0.04
Hadoop,0,1,2,1,-6,-3.0,55,-11%,-0.11,0.6183098591549295,-0.11
Hadoop,0,1,2,1,0,0.0,18,0%,0.0,0.9112676056338028,0.0
Hadoop,0,2,2,1,-2,-1.0,22,-9%,-0.09,0.680281690140845,-0.09
Hadoop,0,1,2,1,-2,-1.0,17,-12%,-0.12,0.5873239436619718,-0.12
Hadoop,0,1,2,1,-6,-3.0,9,-67%,-0.67,0.04084507042253521,-0.67
Hadoop,0,1,4,1,-4,-1.0,308,-1%,-0.01,0.8859154929577465,-0.01
Hadoop,0,1,10,1,-10,-1.0,65,-15%,-0.15,0.5211267605633803,-0.15
Hadoop,0,1,5,1,-11,-2.2,30,-37%,-0.37,0.18450704225352113,-0.37
Hadoop,0,1,7,1,-63,-9.0,116,-54%,-0.54,0.07042253521126761,-0.54
Hadoop,0,2,2,1,-10,-5.0,25,-40%,-0.4,0.14929577464788732,-0.4
Hadoop,0,1,3,1,-3,-1.0,57,-5%,-0.05,0.7661971830985915,-0.05
Hadoop,0,1,8,1,-22,-2.75,91,-24%,-0.24,0.3352112676056338,-0.24
Hadoop,0,1,7,1,0,0.0,70,0%,0.0,0.9126760563380282,0.0
Hadoop,0,1,2,1,-2,-1.0,14,-14%,-0.14,0.5338028169014084,-0.14
Hadoop,0,1,2,1,0,0.0,22,0%,0.0,0.9140845070422535,0.0
Hadoop,0,1,2,1,-14,-7.0,40,-35%,-0.35,0.20140845070422536,-0.35
Hadoop,0,2,2,1,-10,-5.0,57,-18%,-0.18,0.43802816901408453,-0.18
Hadoop,0,1,2,1,-4,-2.0,46,-9%,-0.09,0.6816901408450704,-0.09
Hadoop,0,1,23,1,-71,-3.086956522,634,-11%,-0.11,0.6197183098591549,-0.11
Hadoop,0,1,6,1,-6,-1.0,19,-32%,-0.32,0.2352112676056338,-0.32
Hadoop,0,2,2,1,0,0.0,32,0%,0.0,0.9154929577464789,0.0
Hadoop,0,1,2,1,-8,-4.0,14,-57%,-0.57,0.061971830985915494,-0.57
Hadoop,0,1,4,1,-6,-1.5,17,-35%,-0.35,0.2028169014084507,-0.35
Hadoop,0,1,2,1,-6,-3.0,10,-60%,-0.6,0.056338028169014086,-0.6
Hadoop,0,2,5,1,-35,-7.0,97,-36%,-0.36,0.19295774647887323,-0.36
Hadoop,0,2,4,1,-12,-3.0,52,-23%,-0.23,0.3591549295774648,-0.23
Hadoop,0,2,4,1,-4,-1.0,95,-4%,-0.04,0.8056338028169014,-0.04
Hadoop,0,1,3,1,-3,-1.0,57,-5%,-0.05,0.7676056338028169,-0.05
Hadoop,0,1,3,1,-15,-5.0,40,-38%,-0.38,0.17183098591549295,-0.38
Hadoop,0,1,2,1,-4,-2.0,12,-33%,-0.33,0.21971830985915494,-0.33
Hadoop,0,1,6,1,-5,-0.833333333,25,-20%,-0.2,0.3929577464788732,-0.2
Hadoop,0,1,2,1,-6,-3.0,15,-40%,-0.4,0.15070422535211267,-0.4
Hadoop,0,1,3,1,-3,-1.0,57,-5%,-0.05,0.7690140845070422,-0.05
Hadoop,0,2,5,1,-15,-3.0,96,-16%,-0.16,0.49014084507042255,-0.16
Hadoop,0,2,2,1,-6,-3.0,49,-12%,-0.12,0.5887323943661972,-0.12
Hadoop,0,2,15,1,-88,-5.866666667,320,-28%,-0.28,0.27323943661971833,-0.28
Hadoop,0,1,8,1,0,0.0,92,0%,0.0,0.9169014084507042,0.0
Hadoop,0,1,4,1,0,0.0,63,0%,0.0,0.9183098591549296,0.0
Hadoop,0,1,2,1,0,0.0,33,0%,0.0,0.9197183098591549,0.0
Hadoop,0,1,8,1,-40,-5.0,140,-29%,-0.29,0.2647887323943662,-0.29
Hadoop,0,1,2,1,-14,-7.0,14,-100%,-1.0,0.004225352112676056,-1.0
Hadoop,0,1,3,1,-9,-3.0,15,-60%,-0.6,0.057746478873239436,-0.6
Hadoop,0,1,3,1,-15,-5.0,48,-31%,-0.31,0.24084507042253522,-0.31
Hadoop,0,1,2,1,0,0.0,61,0%,0.0,0.9211267605633803,0.0
Hadoop,0,1,2,1,-1,-0.5,56,-2%,-0.02,0.8704225352112676,-0.02
Hadoop,0,1,3,1,0,0.0,3,0%,0.0,0.9225352112676056,0.0
Hadoop,0,1,2,1,0,0.0,15,0%,0.0,0.923943661971831,0.0
Hadoop,0,1,2,1,-6,-3.0,18,-33%,-0.33,0.2211267605633803,-0.33
Hadoop,0,1,3,1,-14,-4.666666667,51,-27%,-0.27,0.2915492957746479,-0.27
Hadoop,0,2,3,1,-6,-2.0,33,-18%,-0.18,0.4394366197183099,-0.18
Hadoop,0,1,3,1,-6,-2.0,16,-38%,-0.38,0.1732394366197183,-0.38
Hadoop,0,1,2,1,-4,-2.0,4,-100%,-1.0,0.005633802816901409,-1.0
Hadoop,0,1,3,1,0,0.0,9,0%,0.0,0.9253521126760563,0.0
Hadoop,0,1,3,1,-15,-5.0,36,-42%,-0.42,0.1295774647887324,-0.42
Hadoop,0,2,2,1,-6,-3.0,37,-16%,-0.16,0.4915492957746479,-0.16
Hadoop,0,1,2,1,0,0.0,47,0%,0.0,0.9267605633802817,0.0
Hadoop,0,1,2,1,-2,-1.0,32,-6%,-0.06,0.7450704225352113,-0.06
Hadoop,0,1,3,1,-9,-3.0,53,-17%,-0.17,0.4676056338028169,-0.17
Hadoop,0,1,2,1,-2,-1.0,2,-100%,-1.0,0.007042253521126761,-1.0
Hadoop,0,1,2,1,-10,-5.0,22,-45%,-0.45,0.11690140845070422,-0.45
Hadoop,0,1,2,1,0,0.0,20,0%,0.0,0.928169014084507,0.0
Hadoop,0,1,3,1,-3,-1.0,28,-11%,-0.11,0.6211267605633802,-0.11
Hadoop,0,2,2,1,-6,-3.0,12,-50%,-0.5,0.07887323943661972,-0.5
Hadoop,0,1,2,1,-6,-3.0,37,-16%,-0.16,0.49295774647887325,-0.16
Hadoop,0,1,2,1,-2,-1.0,48,-4%,-0.04,0.8070422535211268,-0.04
Hadoop,0,1,5,1,-5,-1.0,55,-9%,-0.09,0.6830985915492958,-0.09
Hadoop,0,1,3,1,-3,-1.0,18,-17%,-0.17,0.46901408450704224,-0.17
Hadoop,0,1,2,1,-3,-1.5,26,-12%,-0.12,0.5901408450704225,-0.12
Hadoop,0,1,2,1,-6,-3.0,12,-50%,-0.5,0.08028169014084507,-0.5
Hadoop,0,2,2,1,-14,-7.0,37,-38%,-0.38,0.17464788732394365,-0.38
Hadoop,0,1,3,1,-5,-1.666666667,28,-18%,-0.18,0.44084507042253523,-0.18
Hadoop,0,1,4,1,-4,-1.0,69,-6%,-0.06,0.7464788732394366,-0.06
Hadoop,0,1,4,1,-18,-4.5,23,-78%,-0.78,0.02676056338028169,-0.78
Hadoop,0,1,3,1,-3,-1.0,95,-3%,-0.03,0.8422535211267606,-0.03
Hadoop,0,2,5,1,-5,-1.0,39,-13%,-0.13,0.5563380281690141,-0.13
Hadoop,0,1,2,1,-2,-1.0,5,-40%,-0.4,0.15211267605633802,-0.4
Hadoop,0,1,4,1,-4,-1.0,273,-1%,-0.01,0.8873239436619719,-0.01
Hadoop,0,2,3,1,-14,-4.666666667,86,-16%,-0.16,0.4943661971830986,-0.16
Hadoop,0,1,2,1,-10,-5.0,62,-16%,-0.16,0.49577464788732395,-0.16
Hadoop,0,1,9,1,-29,-3.222222222,73,-40%,-0.4,0.15352112676056337,-0.4
Hadoop,0,1,2,1,-2,-1.0,21,-10%,-0.1,0.6577464788732394,-0.1
Hadoop,0,1,3,1,-3,-1.0,57,-5%,-0.05,0.7704225352112676,-0.05
Hadoop,0,1,12,1,-36,-3.0,329,-11%,-0.11,0.6225352112676056,-0.11
Hadoop,0,2,3,1,-41,-13.66666667,46,-89%,-0.89,0.016901408450704224,-0.89
Hadoop,0,1,3,1,-9,-3.0,40,-23%,-0.23,0.36056338028169016,-0.23
Hadoop,0,1,4,1,-8,-2.0,44,-18%,-0.18,0.4422535211267606,-0.18
Hadoop,0,1,2,1,0,0.0,0,,,,
Hadoop,0,1,14,1,0,0.0,413,0%,0.0,0.9295774647887324,0.0
Hadoop,0,1,3,1,-8,-2.666666667,141,-6%,-0.06,0.747887323943662,-0.06
Hadoop,0,1,2,1,-4,-2.0,40,-10%,-0.1,0.6591549295774648,-0.1
Hadoop,0,1,12,1,-12,-1.0,505,-2%,-0.02,0.8718309859154929,-0.02
Hadoop,0,2,2,1,-2,-1.0,49,-4%,-0.04,0.8084507042253521,-0.04
Hadoop,0,1,5,1,-5,-1.0,121,-4%,-0.04,0.8098591549295775,-0.04
Hadoop,0,2,4,1,-3,-0.75,105,-3%,-0.03,0.8436619718309859,-0.03
Hadoop,0,1,2,1,-1,-0.5,6,-17%,-0.17,0.4704225352112676,-0.17
Hadoop,0,2,2,1,-8,-4.0,16,-50%,-0.5,0.08169014084507042,-0.5
Hadoop,0,1,2,1,0,0.0,24,0%,0.0,0.9309859154929577,0.0
Hadoop,0,1,5,1,-15,-3.0,53,-28%,-0.28,0.2746478873239437,-0.28
Hadoop,0,1,3,1,-3,-1.0,11,-27%,-0.27,0.29295774647887324,-0.27
Hadoop,0,1,5,1,-5,-1.0,42,-12%,-0.12,0.5915492957746479,-0.12
Hadoop,0,1,3,1,-6,-2.0,69,-9%,-0.09,0.6845070422535211,-0.09
Hadoop,0,1,2,1,-2,-1.0,12,-17%,-0.17,0.47183098591549294,-0.17
Hadoop,0,1,12,1,0,0.0,124,0%,0.0,0.9323943661971831,0.0
Hadoop,0,2,2,1,-10,-5.0,107,-9%,-0.09,0.6859154929577465,-0.09
Hadoop,0,2,2,1,-2,-1.0,51,-4%,-0.04,0.8112676056338028,-0.04
Hadoop,0,1,3,1,0,0.0,14,0%,0.0,0.9338028169014084,0.0
Hadoop,0,1,2,1,-2,-1.0,17,-12%,-0.12,0.5929577464788732,-0.12
Hadoop,0,2,20,1,-65,-3.25,524,-12%,-0.12,0.5943661971830986,-0.12
Hadoop,0,1,5,1,-10,-2.0,40,-25%,-0.25,0.32535211267605635,-0.25
Hadoop,0,1,2,1,-1,-0.5,6,-17%,-0.17,0.4732394366197183,-0.17
Hadoop,0,1,2,1,-6,-3.0,46,-13%,-0.13,0.5577464788732395,-0.13
Hadoop,0,1,32,1,-59,-1.84375,572,-10%,-0.1,0.6605633802816901,-0.1
Hadoop,0,1,9,1,0,0.0,232,0%,0.0,0.9352112676056338,0.0
Hadoop,0,1,2,1,-2,-1.0,69,-3%,-0.03,0.8450704225352113,-0.03
Hadoop,0,1,6,1,0,0.0,38,0%,0.0,0.9366197183098591,0.0
Hadoop,0,1,4,1,-12,-3.0,77,-16%,-0.16,0.4971830985915493,-0.16
Hadoop,0,1,8,1,-24,-3.0,224,-11%,-0.11,0.6239436619718309,-0.11
Hadoop,0,2,4,1,-3,-0.75,77,-4%,-0.04,0.8126760563380282,-0.04
Hadoop,0,1,2,1,-5,-2.5,13,-38%,-0.38,0.176056338028169,-0.38
Hadoop,0,1,10,1,0,0.0,43,0%,0.0,0.9380281690140845,0.0
Hadoop,0,2,2,1,-2,-1.0,19,-11%,-0.11,0.6253521126760564,-0.11
Hadoop,0,1,5,1,-5,-1.0,29,-17%,-0.17,0.47464788732394364,-0.17
Hadoop,0,1,8,1,-32,-4.0,142,-23%,-0.23,0.3619718309859155,-0.23
Hadoop,0,1,5,1,-9,-1.8,172,-5%,-0.05,0.7718309859154929,-0.05
Hadoop,0,1,4,1,-12,-3.0,23,-52%,-0.52,0.07464788732394366,-0.52
Hadoop,0,1,5,1,-5,-1.0,217,-2%,-0.02,0.8732394366197183,-0.02
Hadoop,0,1,2,1,-2,-1.0,46,-4%,-0.04,0.8140845070422535,-0.04
Hadoop,0,1,4,1,-4,-1.0,15,-27%,-0.27,0.2943661971830986,-0.27
Hadoop,0,1,4,1,-4,-1.0,152,-3%,-0.03,0.8464788732394366,-0.03
Hadoop,0,1,5,1,-5,-1.0,55,-9%,-0.09,0.6873239436619718,-0.09
Hadoop,0,1,10,1,-10,-1.0,38,-26%,-0.26,0.30985915492957744,-0.26
Hadoop,0,2,37,1,-44,-1.189189189,653,-7%,-0.07,0.7169014084507043,-0.07
Hadoop,0,1,3,1,-3,-1.0,130,-2%,-0.02,0.8746478873239436,-0.02
Hadoop,0,1,3,1,0,0.0,6,0%,0.0,0.9394366197183098,0.0
Hadoop,0,1,2,1,-2,-1.0,6,-33%,-0.33,0.22253521126760564,-0.33
Hadoop,0,2,5,1,-7,-1.4,94,-7%,-0.07,0.7183098591549296,-0.07
Hadoop,0,1,7,1,-19,-2.714285714,149,-13%,-0.13,0.5591549295774648,-0.13
Hadoop,0,1,2,1,-6,-3.0,30,-20%,-0.2,0.39436619718309857,-0.2
Hadoop,0,1,2,1,-2,-1.0,49,-4%,-0.04,0.8154929577464789,-0.04
Hadoop,0,1,2,1,-2,-1.0,70,-3%,-0.03,0.847887323943662,-0.03
Hadoop,0,1,4,1,-32,-8.0,92,-35%,-0.35,0.20422535211267606,-0.35
Hadoop,0,1,3,1,-3,-1.0,10,-30%,-0.3,0.2549295774647887,-0.3
Hadoop,0,1,4,1,-4,-1.0,55,-7%,-0.07,0.719718309859155,-0.07
Hadoop,0,1,6,1,0,0.0,12,0%,0.0,0.9408450704225352,0.0
Hadoop,0,1,3,1,0,0.0,27,0%,0.0,0.9422535211267605,0.0
Hadoop,0,2,2,1,-4,-2.0,15,-27%,-0.27,0.29577464788732394,-0.27
Hadoop,0,1,3,1,-6,-2.0,23,-26%,-0.26,0.3112676056338028,-0.26
Hadoop,0,1,14,1,-70,-5.0,413,-17%,-0.17,0.476056338028169,-0.17
Hadoop,0,2,11,1,-30,-2.727272727,136,-22%,-0.22,0.37183098591549296,-0.22
Hadoop,0,2,5,1,-13,-2.6,32,-41%,-0.41,0.13802816901408452,-0.41
Hadoop,0,2,2,1,-8,-4.0,26,-31%,-0.31,0.24225352112676057,-0.31
Hadoop,0,1,2,1,-4,-2.0,51,-8%,-0.08,0.7070422535211267,-0.08
Hadoop,0,1,3,1,-13,-4.333333333,83,-16%,-0.16,0.49859154929577465,-0.16
Hadoop,0,2,7,1,-77,-11.0,217,-35%,-0.35,0.2056338028169014,-0.35
Hadoop,0,1,8,1,-72,-9.0,159,-45%,-0.45,0.11830985915492957,-0.45
Hadoop,0,2,17,1,-48,-2.823529412,255,-19%,-0.19,0.4197183098591549,-0.19
Hadoop,0,2,5,1,-16,-3.2,114,-14%,-0.14,0.5352112676056338,-0.14
Hadoop,0,2,10,1,-25,-2.5,178,-14%,-0.14,0.5366197183098591,-0.14
Hadoop,0,2,15,1,-55,-3.666666667,304,-18%,-0.18,0.44366197183098594,-0.18
Hadoop,0,2,6,1,-6,-1.0,92,-7%,-0.07,0.7211267605633803,-0.07
Hadoop,0,2,4,1,-12,-3.0,106,-11%,-0.11,0.6267605633802817,-0.11
Hadoop,0,1,7,1,-17,-2.428571429,119,-14%,-0.14,0.5380281690140845,-0.14
Hadoop,0,1,2,1,-4,-2.0,6,-67%,-0.67,0.04225352112676056,-0.67
Hadoop,0,1,3,1,-9,-3.0,9,-100%,-1.0,0.008450704225352112,-1.0
Hadoop,0,1,5,1,-5,-1.0,21,-24%,-0.24,0.33661971830985915,-0.24
Hadoop,0,1,2,1,-2,-1.0,43,-5%,-0.05,0.7732394366197183,-0.05
Hadoop,0,1,6,1,0,0.0,34,0%,0.0,0.9436619718309859,0.0
Hadoop,0,1,3,1,-3,-1.0,57,-5%,-0.05,0.7746478873239436,-0.05
Hadoop,0,1,3,1,-6,-2.0,38,-16%,-0.16,0.5,-0.16
Hadoop,0,1,8,1,-8,-1.0,241,-3%,-0.03,0.8492957746478873,-0.03
Hadoop,0,1,3,1,-3,-1.0,28,-11%,-0.11,0.6281690140845071,-0.11
Hadoop,0,2,2,1,-1,-0.5,24,-4%,-0.04,0.8169014084507042,-0.04
Hadoop,0,1,2,1,-6,-3.0,32,-19%,-0.19,0.4211267605633803,-0.19
Hadoop,0,1,4,1,-12,-3.0,14,-86%,-0.86,0.018309859154929577,-0.86
Hadoop,0,1,3,1,-3,-1.0,42,-7%,-0.07,0.7225352112676057,-0.07
Hadoop,0,1,3,1,0,0.0,6,0%,0.0,0.9450704225352112,0.0
Hadoop,0,1,2,1,-7,-3.5,37,-19%,-0.19,0.4225352112676056,-0.19
Hadoop,0,1,2,1,-2,-1.0,17,-12%,-0.12,0.5957746478873239,-0.12
Hadoop,0,1,3,1,-3,-1.0,116,-3%,-0.03,0.8507042253521127,-0.03
Hadoop,0,1,2,1,-2,-1.0,24,-8%,-0.08,0.7084507042253522,-0.08
Hadoop,0,2,2,1,-4,-2.0,37,-11%,-0.11,0.6295774647887324,-0.11
Hadoop,0,1,28,1,-65,-2.321428571,243,-27%,-0.27,0.2971830985915493,-0.27
Hadoop,0,1,5,1,-15,-3.0,84,-18%,-0.18,0.4450704225352113,-0.18
Hadoop,0,2,2,1,-6,-3.0,32,-19%,-0.19,0.423943661971831,-0.19
Hadoop,0,2,13,1,-39,-3.0,96,-41%,-0.41,0.13943661971830987,-0.41
Hadoop,0,1,2,1,-2,-1.0,5,-40%,-0.4,0.15492957746478872,-0.4
Hadoop,0,2,7,1,-7,-1.0,320,-2%,-0.02,0.8760563380281691,-0.02
Hadoop,0,1,2,1,0,0.0,6,0%,0.0,0.9464788732394366,0.0
Hadoop,0,2,3,1,-9,-3.0,138,-7%,-0.07,0.723943661971831,-0.07
Hadoop,0,1,3,1,-9,-3.0,104,-9%,-0.09,0.6887323943661972,-0.09
Hadoop,0,1,2,1,-2,-1.0,34,-6%,-0.06,0.7492957746478873,-0.06
Hadoop,0,1,2,1,-6,-3.0,50,-12%,-0.12,0.5971830985915493,-0.12
Hadoop,0,1,3,1,-15,-5.0,49,-31%,-0.31,0.24366197183098592,-0.31
Hadoop,0,2,15,1,-46,-3.066666667,185,-25%,-0.25,0.3267605633802817,-0.25
Hadoop,0,1,2,1,-5,-2.5,44,-11%,-0.11,0.6309859154929578,-0.11
Hadoop,0,2,3,1,-3,-1.0,60,-5%,-0.05,0.776056338028169,-0.05
Hadoop,0,2,4,1,-8,-2.0,51,-16%,-0.16,0.5014084507042254,-0.16
Hadoop,0,1,5,1,-13,-2.6,100,-13%,-0.13,0.5605633802816902,-0.13
Hadoop,0,1,5,1,-5,-1.0,10,-50%,-0.5,0.08309859154929577,-0.5
Hadoop,0,1,14,1,-271,-19.35714286,413,-66%,-0.66,0.04507042253521127,-0.66
Hadoop,0,1,2,1,-6,-3.0,6,-100%,-1.0,0.009859154929577466,-1.0
Hadoop,0,2,7,1,-28,-4.0,241,-12%,-0.12,0.5985915492957746,-0.12
Hadoop,0,1,7,1,-22,-3.142857143,122,-18%,-0.18,0.44647887323943664,-0.18
Hadoop,0,1,8,1,-20,-2.5,39,-51%,-0.51,0.07605633802816901,-0.51
Hadoop,0,1,2,1,0,0.0,35,0%,0.0,0.9478873239436619,0.0
Hadoop,0,1,3,1,-1,-0.333333333,16,-6%,-0.06,0.7507042253521127,-0.06
Hadoop,0,2,3,1,-27,-9.0,59,-46%,-0.46,0.10422535211267606,-0.46
Hadoop,0,1,7,1,-27,-3.857142857,97,-28%,-0.28,0.27605633802816903,-0.28
Hadoop,0,2,4,1,-14,-3.5,55,-25%,-0.25,0.32816901408450705,-0.25
Hadoop,0,1,3,1,-15,-5.0,64,-23%,-0.23,0.36338028169014086,-0.23
Hadoop,0,1,2,1,-2,-1.0,34,-6%,-0.06,0.752112676056338,-0.06
Hadoop,0,2,42,1,-125,-2.976190476,854,-15%,-0.15,0.5225352112676056,-0.15
Hadoop,0,2,20,1,-100,-5.0,500,-20%,-0.2,0.3957746478873239,-0.2
Hadoop,0,2,7,1,-21,-3.0,130,-16%,-0.16,0.5028169014084507,-0.16
Hadoop,0,2,2,1,-6,-3.0,22,-27%,-0.27,0.29859154929577464,-0.27
Hadoop,0,2,3,1,-9,-3.0,70,-13%,-0.13,0.5619718309859155,-0.13
Hadoop,0,1,2,1,-6,-3.0,14,-43%,-0.43,0.12535211267605634,-0.43
Hadoop,0,2,2,1,-3,-1.5,24,-13%,-0.13,0.5633802816901409,-0.13
Hadoop,0,2,6,1,-22,-3.666666667,100,-22%,-0.22,0.3732394366197183,-0.22
Hadoop,0,1,6,1,-6,-1.0,116,-5%,-0.05,0.7774647887323943,-0.05
Hadoop,0,2,2,1,-6,-3.0,25,-24%,-0.24,0.3380281690140845,-0.24
Hadoop,0,2,3,1,-19,-6.333333333,110,-17%,-0.17,0.47746478873239434,-0.17
Hadoop,0,1,4,1,-4,-1.0,18,-22%,-0.22,0.37464788732394366,-0.22
Hadoop,0,1,2,1,-2,-1.0,6,-33%,-0.33,0.223943661971831,-0.33
Hadoop,0,1,2,1,-2,-1.0,4,-50%,-0.5,0.08450704225352113,-0.5
Hadoop,0,1,3,1,-5,-1.666666667,18,-28%,-0.28,0.2774647887323944,-0.28
Hadoop,0,1,3,1,-9,-3.0,15,-60%,-0.6,0.059154929577464786,-0.6
Hadoop,0,2,20,1,-62,-3.1,505,-12%,-0.12,0.6,-0.12
Hadoop,0,2,7,1,-15,-2.142857143,47,-32%,-0.32,0.23661971830985915,-0.32
Hadoop,0,2,6,1,-14,-2.333333333,123,-11%,-0.11,0.6323943661971831,-0.11
Hadoop,0,1,4,1,-4,-1.0,23,-17%,-0.17,0.4788732394366197,-0.17
Hadoop,0,1,2,1,-16,-8.0,37,-43%,-0.43,0.1267605633802817,-0.43
Hadoop,0,2,2,1,-6,-3.0,17,-35%,-0.35,0.20704225352112676,-0.35
Hadoop,0,1,2,1,-22,-11.0,48,-46%,-0.46,0.1056338028169014,-0.46
Hadoop,0,1,2,1,0,0.0,10,0%,0.0,0.9492957746478873,0.0
Hadoop,0,1,2,1,-2,-1.0,11,-18%,-0.18,0.447887323943662,-0.18
Hadoop,0,1,2,1,-2,-1.0,23,-9%,-0.09,0.6901408450704225,-0.09
Hadoop,0,1,2,1,0,0.0,21,0%,0.0,0.9507042253521126,0.0
Hadoop,0,1,2,1,-5,-2.5,48,-10%,-0.1,0.6619718309859155,-0.1
Hadoop,0,1,3,1,-3,-1.0,130,-2%,-0.02,0.8774647887323944,-0.02
Hadoop,0,2,12,1,-33,-2.75,238,-14%,-0.14,0.5394366197183098,-0.14
Hadoop,0,2,7,1,-7,-1.0,236,-3%,-0.03,0.852112676056338,-0.03
Hadoop,0,1,2,1,-6,-3.0,6,-100%,-1.0,0.011267605633802818,-1.0
Hadoop,0,2,3,1,-9,-3.0,149,-6%,-0.06,0.7535211267605634,-0.06
Hadoop,0,1,3,1,-6,-2.0,18,-33%,-0.33,0.22535211267605634,-0.33
Hadoop,0,1,6,1,-12,-2.0,83,-14%,-0.14,0.5408450704225352,-0.14
Hadoop,0,1,2,1,0,0.0,50,0%,0.0,0.952112676056338,0.0
Hadoop,0,1,9,1,-27,-3.0,148,-18%,-0.18,0.44929577464788734,-0.18
Hadoop,0,1,6,1,-6,-1.0,27,-22%,-0.22,0.376056338028169,-0.22
Hadoop,0,1,35,1,-179,-5.114285714,275,-65%,-0.65,0.04647887323943662,-0.65
Hadoop,0,2,11,1,-33,-3.0,89,-37%,-0.37,0.18591549295774648,-0.37
Hadoop,0,1,3,1,-9,-3.0,13,-69%,-0.69,0.03380281690140845,-0.69
Hadoop,0,2,4,1,-4,-1.0,32,-13%,-0.13,0.5647887323943662,-0.13
Hadoop,0,1,2,1,-2,-1.0,4,-50%,-0.5,0.08591549295774648,-0.5
Hadoop,0,1,2,1,-6,-3.0,46,-13%,-0.13,0.5661971830985916,-0.13
Hadoop,0,2,4,1,-19,-4.75,40,-48%,-0.48,0.09577464788732394,-0.48
Hadoop,0,1,3,1,-3,-1.0,17,-18%,-0.18,0.4507042253521127,-0.18
Hadoop,0,1,3,1,-3,-1.0,8,-38%,-0.38,0.17746478873239438,-0.38
Hadoop,0,1,2,1,-2,-1.0,40,-5%,-0.05,0.7788732394366197,-0.05
Hadoop,0,1,2,1,-2,-1.0,8,-25%,-0.25,0.3295774647887324,-0.25
Hadoop,0,1,3,1,-11,-3.666666667,57,-19%,-0.19,0.4253521126760563,-0.19
Hadoop,0,2,2,1,-3,-1.5,8,-38%,-0.38,0.17887323943661973,-0.38
Hadoop,0,1,2,1,-6,-3.0,28,-21%,-0.21,0.38028169014084506,-0.21
Hadoop,0,1,11,1,-44,-4.0,486,-9%,-0.09,0.6915492957746479,-0.09
Hadoop,0,1,2,1,-3,-1.5,26,-12%,-0.12,0.6014084507042253,-0.12
Hadoop,0,1,14,1,-39,-2.785714286,93,-42%,-0.42,0.13098591549295774,-0.42
Hadoop,0,1,3,1,-11,-3.666666667,20,-55%,-0.55,0.0676056338028169,-0.55
Hadoop,0,1,2,1,-2,-1.0,19,-11%,-0.11,0.6338028169014085,-0.11
Hadoop,0,1,2,1,0,0.0,25,0%,0.0,0.9535211267605633,0.0
Hadoop,0,1,3,1,-3,-1.0,22,-14%,-0.14,0.5422535211267606,-0.14
Hadoop,0,2,3,1,-15,-5.0,36,-42%,-0.42,0.1323943661971831,-0.42
Hadoop,0,1,2,1,-2,-1.0,46,-4%,-0.04,0.8183098591549296,-0.04
Hadoop,0,1,2,1,-2,-1.0,19,-11%,-0.11,0.6352112676056338,-0.11
Hadoop,0,1,10,1,-10,-1.0,140,-7%,-0.07,0.7253521126760564,-0.07
Hadoop,0,1,5,1,-5,-1.0,53,-9%,-0.09,0.6929577464788732,-0.09
Hadoop,0,2,11,1,-52,-4.727272727,170,-31%,-0.31,0.24507042253521127,-0.31
Hadoop,0,1,2,1,-17,-8.5,25,-68%,-0.68,0.035211267605633804,-0.68
Hadoop,0,2,3,1,-38,-12.66666667,45,-84%,-0.84,0.01971830985915493,-0.84
Hadoop,0,2,4,1,-20,-5.0,79,-25%,-0.25,0.33098591549295775,-0.25
Hadoop,0,2,3,1,-3,-1.0,68,-4%,-0.04,0.819718309859155,-0.04
Hadoop,0,1,2,1,-4,-2.0,21,-19%,-0.19,0.4267605633802817,-0.19
Hadoop,0,1,3,1,-17,-5.666666667,25,-68%,-0.68,0.036619718309859155,-0.68
Hadoop,0,2,4,1,-8,-2.0,19,-42%,-0.42,0.13380281690140844,-0.42
Hadoop,0,1,2,1,-6,-3.0,25,-24%,-0.24,0.33943661971830985,-0.24
Hadoop,0,1,3,1,0,0.0,6,0%,0.0,0.9549295774647887,0.0
Hadoop,0,1,2,1,0,0.0,38,0%,0.0,0.956338028169014,0.0
Hadoop,0,2,15,1,-45,-3.0,95,-47%,-0.47,0.09859154929577464,-0.47
Hadoop,0,1,4,1,-17,-4.25,36,-47%,-0.47,0.1,-0.47
Hadoop,0,1,2,1,-2,-1.0,7,-29%,-0.29,0.2661971830985915,-0.29
Hadoop,0,1,11,1,-11,-1.0,510,-2%,-0.02,0.8788732394366198,-0.02
Hadoop,0,2,2,1,-4,-2.0,11,-36%,-0.36,0.19436619718309858,-0.36
Hadoop,0,1,2,1,-8,-4.0,14,-57%,-0.57,0.06338028169014084,-0.57
Hadoop,0,2,3,1,-33,-11.0,111,-30%,-0.3,0.2563380281690141,-0.3
Hadoop,0,2,2,1,-2,-1.0,41,-5%,-0.05,0.780281690140845,-0.05
Hadoop,0,1,3,1,-3,-1.0,57,-5%,-0.05,0.7816901408450704,-0.05
Hadoop,0,1,3,1,-6,-2.0,92,-7%,-0.07,0.7267605633802817,-0.07
Hadoop,0,1,26,1,-48,-1.846153846,487,-10%,-0.1,0.6633802816901408,-0.1
Hadoop,0,1,2,1,0,0.0,9,0%,0.0,0.9577464788732394,0.0
Hadoop,0,1,18,1,0,0.0,128,0%,0.0,0.9591549295774648,0.0
Hadoop,0,1,3,1,-3,-1.0,30,-10%,-0.1,0.6647887323943662,-0.1
Hadoop,0,1,2,1,-4,-2.0,11,-36%,-0.36,0.19577464788732393,-0.36
Hadoop,0,1,9,1,-28,-3.111111111,89,-31%,-0.31,0.24647887323943662,-0.31
Hadoop,0,1,2,1,-12,-6.0,26,-46%,-0.46,0.10704225352112676,-0.46
Hadoop,0,1,4,1,-8,-2.0,46,-17%,-0.17,0.4802816901408451,-0.17
Hadoop,0,2,2,1,-6,-3.0,15,-40%,-0.4,0.1563380281690141,-0.4
Hadoop,0,1,2,1,0,0.0,14,0%,0.0,0.9605633802816902,0.0
Hadoop,0,1,7,1,0,0.0,171,0%,0.0,0.9619718309859155,0.0
Hadoop,0,2,10,1,-31,-3.1,127,-24%,-0.24,0.3408450704225352,-0.24
Hadoop,0,1,3,1,-3,-1.0,23,-13%,-0.13,0.5676056338028169,-0.13
Hadoop,0,2,3,1,-9,-3.0,38,-24%,-0.24,0.34225352112676055,-0.24
Hadoop,0,1,3,1,-9,-3.0,33,-27%,-0.27,0.3,-0.27
Hadoop,0,1,2,1,-2,-1.0,20,-10%,-0.1,0.6661971830985915,-0.1
Hadoop,0,2,2,1,-6,-3.0,28,-21%,-0.21,0.3816901408450704,-0.21
Hadoop,0,1,12,1,-16,-1.333333333,58,-28%,-0.28,0.27887323943661974,-0.28
Hadoop,0,2,18,1,-13,-0.722222222,367,-4%,-0.04,0.8211267605633803,-0.04
Hadoop,0,1,5,1,-5,-1.0,65,-8%,-0.08,0.7098591549295775,-0.08
Hadoop,0,1,12,1,-12,-1.0,325,-4%,-0.04,0.8225352112676056,-0.04
Hadoop,0,1,2,1,0,0.0,11,0%,0.0,0.9633802816901409,0.0
Hadoop,0,2,2,1,-6,-3.0,33,-18%,-0.18,0.45211267605633804,-0.18
Hadoop,0,1,6,1,-34,-5.666666667,121,-28%,-0.28,0.2802816901408451,-0.28
Hadoop,0,1,6,1,-6,-1.0,69,-9%,-0.09,0.6943661971830986,-0.09
Hadoop,0,1,2,1,-6,-3.0,25,-24%,-0.24,0.3436619718309859,-0.24
Hadoop,0,1,7,1,-35,-5.0,199,-18%,-0.18,0.4535211267605634,-0.18
Hadoop,0,2,2,1,-6,-3.0,38,-16%,-0.16,0.504225352112676,-0.16
Hadoop,0,1,2,1,-6,-3.0,17,-35%,-0.35,0.2084507042253521,-0.35
Hadoop,0,2,4,1,-11,-2.75,55,-20%,-0.2,0.3971830985915493,-0.2
Hadoop,0,2,5,1,-19,-3.8,35,-54%,-0.54,0.07183098591549296,-0.54
Hadoop,0,1,2,1,0,0.0,26,0%,0.0,0.9647887323943662,0.0
Hadoop,0,2,4,1,-16,-4.0,96,-17%,-0.17,0.48169014084507045,-0.17
Hadoop,0,1,2,1,-10,-5.0,10,-100%,-1.0,0.01267605633802817,-1.0
Hadoop,0,1,2,1,0,0.0,18,0%,0.0,0.9661971830985916,0.0
Hadoop,0,1,4,1,-10,-2.5,35,-29%,-0.29,0.2676056338028169,-0.29
Hadoop,0,1,2,1,0,0.0,175,0%,0.0,0.967605633802817,0.0
Hadoop,0,1,3,1,-10,-3.333333333,25,-40%,-0.4,0.15774647887323945,-0.4
Hadoop,0,2,8,1,-40,-5.0,105,-38%,-0.38,0.18028169014084508,-0.38
Hadoop,0,1,2,1,-16,-8.0,35,-46%,-0.46,0.10845070422535211,-0.46
Hadoop,0,1,2,1,-2,-1.0,18,-11%,-0.11,0.6366197183098592,-0.11
Hadoop,0,1,7,1,-7,-1.0,226,-3%,-0.03,0.8535211267605634,-0.03
Hadoop,0,2,2,1,-30,-15.0,32,-94%,-0.94,0.015492957746478873,-0.94
Hadoop,0,1,3,1,-3,-1.0,57,-5%,-0.05,0.7830985915492957,-0.05
Hadoop,0,1,2,1,-8,-4.0,23,-35%,-0.35,0.20985915492957746,-0.35
Hadoop,0,1,31,1,-9,-0.290322581,448,-2%,-0.02,0.8802816901408451,-0.02
Hadoop,0,1,2,1,-2,-1.0,50,-4%,-0.04,0.823943661971831,-0.04
Hadoop,0,2,2,1,-2,-1.0,50,-4%,-0.04,0.8253521126760563,-0.04
Hadoop,0,2,9,1,-40,-4.444444444,201,-20%,-0.2,0.39859154929577467,-0.2
Hadoop,0,1,4,1,-9,-2.25,60,-15%,-0.15,0.523943661971831,-0.15
Hadoop,0,2,3,1,-3,-1.0,84,-4%,-0.04,0.8267605633802817,-0.04
Hadoop,0,1,2,1,-6,-3.0,41,-15%,-0.15,0.5253521126760563,-0.15
Hadoop,0,2,2,1,-5,-2.5,15,-33%,-0.33,0.2267605633802817,-0.33
Hadoop,0,1,4,1,-10,-2.5,76,-13%,-0.13,0.5690140845070423,-0.13
Hadoop,0,1,3,1,0,0.0,6,0%,0.0,0.9690140845070423,0.0
Hadoop,0,1,2,1,0,0.0,70,0%,0.0,0.9704225352112676,0.0
Hadoop,0,1,2,1,0,0.0,21,0%,0.0,0.971830985915493,0.0
Hadoop,0,1,9,1,0,0.0,246,0%,0.0,0.9732394366197183,0.0
Hadoop,0,1,7,1,-21,-3.0,76,-28%,-0.28,0.28169014084507044,-0.28
Hadoop,0,1,5,1,-5,-1.0,89,-6%,-0.06,0.7549295774647887,-0.06
Hadoop,0,1,2,1,-6,-3.0,22,-27%,-0.27,0.30140845070422534,-0.27
Hadoop,0,2,3,1,-22,-7.333333333,36,-61%,-0.61,0.05352112676056338,-0.61
Hadoop,0,1,7,1,0,0.0,25,0%,0.0,0.9746478873239437,0.0
Hadoop,0,1,6,1,0,0.0,74,0%,0.0,0.976056338028169,0.0
Hadoop,0,1,4,1,0,0.0,14,0%,0.0,0.9774647887323944,0.0
Hadoop,0,2,7,1,-7,-1.0,241,-3%,-0.03,0.8549295774647887,-0.03
Hadoop,0,1,13,1,-30,-2.307692308,349,-9%,-0.09,0.6957746478873239,-0.09
Hadoop,0,2,3,1,-7,-2.333333333,68,-10%,-0.1,0.6676056338028169,-0.1
Hadoop,0,1,2,1,-4,-2.0,14,-29%,-0.29,0.26901408450704223,-0.29
Hadoop,0,1,2,1,0,0.0,25,0%,0.0,0.9788732394366197,0.0
Hadoop,0,1,2,1,0,0.0,33,0%,0.0,0.9802816901408451,0.0
Hadoop,0,2,3,1,-7,-2.333333333,27,-26%,-0.26,0.3126760563380282,-0.26
Hadoop,0,1,3,1,-3,-1.0,130,-2%,-0.02,0.8816901408450705,-0.02
Hadoop,0,1,4,1,-4,-1.0,17,-24%,-0.24,0.34507042253521125,-0.24
Hadoop,0,1,7,1,-14,-2.0,70,-20%,-0.2,0.4,-0.2
Hadoop,0,1,3,1,-3,-1.0,57,-5%,-0.05,0.7845070422535211,-0.05
Hadoop,0,2,5,1,-43,-8.6,123,-35%,-0.35,0.2112676056338028,-0.35
Hadoop,0,2,14,1,-42,-3.0,353,-12%,-0.12,0.6028169014084507,-0.12
Hadoop,0,2,7,1,-21,-3.0,183,-11%,-0.11,0.6380281690140845,-0.11
Hadoop,0,2,4,1,-11,-2.75,45,-24%,-0.24,0.3464788732394366,-0.24
Hadoop,0,2,3,1,-9,-3.0,70,-13%,-0.13,0.5704225352112676,-0.13
Hadoop,0,1,3,1,-9,-3.0,55,-16%,-0.16,0.5056338028169014,-0.16
Hadoop,0,2,4,1,-16,-4.0,48,-33%,-0.33,0.22816901408450704,-0.33
Hadoop,0,1,2,1,-2,-1.0,54,-4%,-0.04,0.828169014084507,-0.04
Hadoop,0,1,2,1,-2,-1.0,75,-3%,-0.03,0.856338028169014,-0.03
Hadoop,0,1,2,1,-2,-1.0,29,-7%,-0.07,0.7281690140845071,-0.07
Hadoop,0,1,2,1,-6,-3.0,46,-13%,-0.13,0.571830985915493,-0.13
Hadoop,0,1,2,1,-8,-4.0,31,-26%,-0.26,0.31408450704225355,-0.26
Hadoop,0,1,2,1,-14,-7.0,44,-32%,-0.32,0.2380281690140845,-0.32
Hadoop,0,2,2,1,-5,-2.5,9,-56%,-0.56,0.0647887323943662,-0.56
Hadoop,0,1,4,1,-16,-4.0,57,-28%,-0.28,0.2830985915492958,-0.28
Hadoop,0,1,2,1,-12,-6.0,53,-23%,-0.23,0.3647887323943662,-0.23
Hadoop,0,1,3,1,-6,-2.0,20,-30%,-0.3,0.2577464788732394,-0.3
Hadoop,0,1,4,1,-4,-1.0,12,-33%,-0.33,0.2295774647887324,-0.33
Hadoop,0,2,4,1,-15,-3.75,33,-45%,-0.45,0.11971830985915492,-0.45
Hadoop,0,1,5,1,0,0.0,96,0%,0.0,0.9816901408450704,0.0
Hadoop,0,2,3,1,-3,-1.0,67,-4%,-0.04,0.8295774647887324,-0.04
Hadoop,0,1,8,1,-18,-2.25,90,-20%,-0.2,0.4014084507042254,-0.2
Hadoop,0,1,2,1,0,0.0,9,0%,0.0,0.9830985915492958,0.0
Hadoop,0,1,3,1,0,0.0,9,0%,0.0,0.9845070422535211,0.0
Hadoop,0,1,14,1,-42,-3.0,353,-12%,-0.12,0.604225352112676,-0.12
Hadoop,0,1,2,1,-2,-1.0,4,-50%,-0.5,0.08732394366197183,-0.5
Hadoop,0,1,2,1,-8,-4.0,23,-35%,-0.35,0.21267605633802816,-0.35
Hadoop,0,1,3,1,-7,-2.333333333,45,-16%,-0.16,0.5070422535211268,-0.16
Hadoop,0,2,10,1,-34,-3.4,139,-24%,-0.24,0.34788732394366195,-0.24
Hadoop,0,1,2,1,-2,-1.0,43,-5%,-0.05,0.7859154929577464,-0.05
Hadoop,0,2,3,1,-21,-7.0,36,-58%,-0.58,0.06056338028169014,-0.58
Hadoop,0,1,4,1,-8,-2.0,24,-33%,-0.33,0.23098591549295774,-0.33
Hadoop,0,1,2,1,-3,-1.5,6,-50%,-0.5,0.08873239436619719,-0.5
Hadoop,0,1,3,1,-3,-1.0,57,-5%,-0.05,0.7873239436619718,-0.05
Hadoop,0,1,4,1,-4,-1.0,76,-5%,-0.05,0.7887323943661971,-0.05
Hadoop,0,2,27,1,-81,-3.0,422,-19%,-0.19,0.428169014084507,-0.19
Hadoop,0,2,12,1,-11,-0.916666667,232,-5%,-0.05,0.7901408450704225,-0.05
Hadoop,0,2,3,1,-15,-5.0,58,-26%,-0.26,0.3154929577464789,-0.26
Hadoop,0,1,3,1,-9,-3.0,63,-14%,-0.14,0.543661971830986,-0.14
Hadoop,0,2,3,1,-6,-2.0,33,-18%,-0.18,0.45492957746478874,-0.18
Hadoop,0,2,2,1,-5,-2.5,18,-28%,-0.28,0.28450704225352114,-0.28
Hadoop,0,1,4,1,0,0.0,15,0%,0.0,0.9859154929577465,0.0
Hadoop,0,1,3,1,-9,-3.0,25,-36%,-0.36,0.19718309859154928,-0.36
Hadoop,0,1,5,1,-8,-1.6,56,-14%,-0.14,0.5450704225352113,-0.14
Hadoop,0,1,3,1,-9,-3.0,32,-28%,-0.28,0.2859154929577465,-0.28
Hadoop,0,1,2,1,-2,-1.0,5,-40%,-0.4,0.1591549295774648,-0.4
Hadoop,0,1,4,1,-4,-1.0,96,-4%,-0.04,0.8309859154929577,-0.04
Hadoop,0,1,10,1,-30,-3.0,275,-11%,-0.11,0.6394366197183099,-0.11
Hadoop,0,2,13,1,-39,-3.0,186,-21%,-0.21,0.38309859154929576,-0.21
Hadoop,0,1,2,1,-6,-3.0,32,-19%,-0.19,0.4295774647887324,-0.19
Hadoop,0,1,3,1,-3,-1.0,6,-50%,-0.5,0.09014084507042254,-0.5
Hadoop,0,1,2,1,-4,-2.0,12,-33%,-0.33,0.2323943661971831,-0.33
Hadoop,0,1,6,1,0,0.0,20,0%,0.0,0.9873239436619718,0.0
Hadoop,0,2,7,1,-14,-2.0,112,-13%,-0.13,0.5732394366197183,-0.13
Hadoop,0,2,6,1,-5,-0.833333333,122,-4%,-0.04,0.8323943661971831,-0.04
Hadoop,0,1,5,1,-21,-4.2,339,-6%,-0.06,0.7563380281690141,-0.06
Hadoop,0,1,2,1,0,0.0,35,0%,0.0,0.9887323943661972,0.0
Hadoop,0,1,2,1,-1,-0.5,14,-7%,-0.07,0.7295774647887324,-0.07
Hadoop,0,2,5,1,-12,-2.4,41,-29%,-0.29,0.2704225352112676,-0.29
Hadoop,0,2,2,1,-6,-3.0,53,-11%,-0.11,0.6408450704225352,-0.11
Hadoop,0,2,2,1,-6,-3.0,45,-13%,-0.13,0.5746478873239437,-0.13
Hadoop,0,1,2,1,-10,-5.0,27,-37%,-0.37,0.18732394366197183,-0.37
Hadoop,0,1,2,1,-6,-3.0,14,-43%,-0.43,0.12816901408450704,-0.43
Hadoop,0,1,2,1,-10,-5.0,12,-83%,-0.83,0.022535211267605635,-0.83
Hadoop,0,1,2,1,-4,-2.0,13,-31%,-0.31,0.24788732394366197,-0.31
Hadoop,0,2,4,1,-44,-11.0,90,-49%,-0.49,0.09436619718309859,-0.49
Hadoop,0,2,6,1,-18,-3.0,253,-7%,-0.07,0.7309859154929578,-0.07
Hadoop,0,2,6,1,-6,-1.0,195,-3%,-0.03,0.8577464788732394,-0.03
Hadoop,0,1,7,1,0,0.0,77,0%,0.0,0.9901408450704225,0.0
Hadoop,0,1,5,1,-20,-4.0,24,-83%,-0.83,0.023943661971830985,-0.83
Hadoop,0,1,2,1,-6,-3.0,33,-18%,-0.18,0.4563380281690141,-0.18
Hadoop,0,1,2,1,-16,-8.0,79,-20%,-0.2,0.4028169014084507,-0.2
Hadoop,0,2,8,1,-19,-2.375,88,-22%,-0.22,0.37746478873239436,-0.22
Hadoop,0,1,5,1,0,0.0,135,0%,0.0,0.9915492957746479,0.0
Hadoop,0,2,7,1,-21,-3.0,191,-11%,-0.11,0.6422535211267606,-0.11
Hadoop,0,2,3,1,-3,-1.0,145,-2%,-0.02,0.8830985915492958,-0.02
Hadoop,0,2,6,1,-6,-1.0,115,-5%,-0.05,0.7915492957746478,-0.05
Hadoop,0,2,5,1,-15,-3.0,45,-33%,-0.33,0.23380281690140844,-0.33
Hadoop,0,1,4,1,-12,-3.0,40,-30%,-0.3,0.2591549295774648,-0.3
Hadoop,0,1,2,1,0,0.0,0,,,,
Hadoop,0,2,10,1,-10,-1.0,335,-3%,-0.03,0.8591549295774648,-0.03
Hadoop,0,2,2,1,-20,-10.0,32,-63%,-0.63,0.04929577464788732,-0.63
Hadoop,0,1,2,1,-8,-4.0,22,-36%,-0.36,0.19859154929577466,-0.36
Hadoop,0,1,2,1,-2,-1.0,43,-5%,-0.05,0.7929577464788733,-0.05
Hadoop,0,2,6,1,-5,-0.833333333,78,-6%,-0.06,0.7577464788732394,-0.06
Hadoop,0,1,5,1,-17,-3.4,93,-18%,-0.18,0.45774647887323944,-0.18
Hadoop,0,1,8,1,-17,-2.125,63,-27%,-0.27,0.3028169014084507,-0.27
Hadoop,0,1,2,1,-14,-7.0,70,-20%,-0.2,0.4042253521126761,-0.2
Hadoop,0,1,2,1,0,0.0,23,0%,0.0,0.9929577464788732,0.0
Hadoop,0,1,3,1,0,0.0,23,0%,0.0,0.9943661971830986,0.0
Hadoop,0,1,2,1,-2,-1.0,26,-8%,-0.08,0.7112676056338029,-0.08
Hadoop,0,1,2,1,0,0.0,9,0%,0.0,0.995774647887324,0.0
Hadoop,0,1,6,1,-6,-1.0,116,-5%,-0.05,0.7943661971830986,-0.05
Hadoop,0,1,18,1,-18,-1.0,554,-3%,-0.03,0.8605633802816901,-0.03
Hadoop,0,1,17,1,-17,-1.0,243,-7%,-0.07,0.7323943661971831,-0.07
Hadoop,0,1,13,1,-13,-1.0,62,-21%,-0.21,0.3845070422535211,-0.21
Hadoop,0,1,2,1,0,0.0,0,,,,
Hadoop,0,1,5,1,-42,-8.4,185,-23%,-0.23,0.36619718309859156,-0.23
Hadoop,0,1,4,1,-20,-5.0,49,-41%,-0.41,0.14084507042253522,-0.41
Hadoop,0,1,2,1,-6,-3.0,13,-46%,-0.46,0.10985915492957747,-0.46
Hadoop,0,1,3,1,-9,-3.0,45,-20%,-0.2,0.4056338028169014,-0.2
Hadoop,0,1,5,1,-15,-3.0,33,-45%,-0.45,0.12112676056338029,-0.45
Hadoop,0,1,2,1,0,0.0,54,0%,0.0,0.9971830985915493,0.0
Hadoop,0,1,2,1,-5,-2.5,43,-12%,-0.12,0.6056338028169014,-0.12
Hadoop,0,1,2,1,-6,-3.0,12,-50%,-0.5,0.09154929577464789,-0.5
Hadoop,0,2,2,1,-6,-3.0,23,-26%,-0.26,0.31690140845070425,-0.26
Hadoop,0,1,5,1,0,0.0,57,0%,0.0,0.9985915492957746,0.0
Hadoop,0,1,2,1,-4,-2.0,107,-4%,-0.04,0.8338028169014085,-0.04
Hadoop,0,2,2,1,-6,-3.0,91,-7%,-0.07,0.7338028169014085,-0.07
Hadoop,0,1,2,1,0,0.0,52,0%,0.0,1.0,0.0
Hadoop,0,1,3,1,-9,-3.0,68,-13%,-0.13,0.576056338028169,-0.13
Hadoop,0,1,4,1,-13,-3.25,27,-48%,-0.48,0.09718309859154929,-0.48
Hadoop,0,1,2,1,-2,-1.0,3,-67%,-0.67,0.04366197183098591,-0.67
Hadoop,0,2,3,1,-45,-15.0,82,-55%,-0.55,0.06901408450704226,-0.55
Hadoop,0,1,7,1,-24,-3.428571429,247,-10%,-0.1,0.6690140845070423,-0.1
Hadoop,0,2,2,1,-9,-4.5,23,-39%,-0.39,0.16619718309859155,-0.39
Hadoop,0,1,2,1,-2,-1.0,20,-10%,-0.1,0.6704225352112676,-0.1
HBase,0,2,7,1,-21,-3.0,60,-35%,-0.35,0.2907801418439716,-0.35
HBase,0,2,2,1,-2,-1.0,27,-7%,-0.07,0.8368794326241135,-0.07
HBase,0,1,2,1,-6,-3.0,21,-29%,-0.29,0.3546099290780142,-0.29
HBase,0,1,3,1,-4,-1.333333333,38,-11%,-0.11,0.75177304964539,-0.11
HBase,0,1,2,1,0,0.0,25,0%,0.0,0.9361702127659575,0.0
HBase,0,1,2,1,-2,-1.0,20,-10%,-0.1,0.7943262411347518,-0.1
HBase,0,2,2,1,-12,-6.0,39,-31%,-0.31,0.3333333333333333,-0.31
HBase,0,1,2,1,0,0.0,19,0%,0.0,0.9432624113475178,0.0
HBase,0,2,4,1,-12,-3.0,24,-50%,-0.5,0.11347517730496454,-0.5
HBase,0,1,2,1,-8,-4.0,32,-25%,-0.25,0.41134751773049644,-0.25
HBase,0,1,2,1,-6,-3.0,11,-55%,-0.55,0.09219858156028368,-0.55
HBase,0,1,8,1,-40,-5.0,105,-38%,-0.38,0.24822695035460993,-0.38
HBase,0,2,5,1,-15,-3.0,112,-13%,-0.13,0.6879432624113475,-0.13
HBase,0,1,5,1,0,0.0,62,0%,0.0,0.950354609929078,0.0
HBase,0,2,2,1,-5,-2.5,28,-18%,-0.18,0.5319148936170213,-0.18
HBase,0,2,2,1,-6,-3.0,31,-19%,-0.19,0.5177304964539007,-0.19
HBase,0,1,2,1,-2,-1.0,13,-15%,-0.15,0.5957446808510638,-0.15
HBase,0,1,3,1,-9,-3.0,55,-16%,-0.16,0.5673758865248227,-0.16
HBase,0,2,5,1,-14,-2.8,26,-54%,-0.54,0.09929078014184398,-0.54
HBase,0,2,3,1,-9,-3.0,15,-60%,-0.6,0.07092198581560284,-0.6
HBase,0,1,4,1,-12,-3.0,44,-27%,-0.27,0.3829787234042553,-0.27
HBase,0,2,2,1,-6,-3.0,16,-38%,-0.38,0.2553191489361702,-0.38
HBase,0,1,2,1,-6,-3.0,21,-29%,-0.29,0.3617021276595745,-0.29
HBase,0,1,2,1,-2,-1.0,45,-4%,-0.04,0.8936170212765957,-0.04
HBase,0,1,3,1,-3,-1.0,19,-16%,-0.16,0.574468085106383,-0.16
HBase,0,1,3,1,-21,-7.0,45,-47%,-0.47,0.14893617021276595,-0.47
HBase,0,2,4,1,-48,-12.0,78,-62%,-0.62,0.06382978723404255,-0.62
HBase,0,1,12,1,-42,-3.5,117,-36%,-0.36,0.2765957446808511,-0.36
HBase,0,1,4,1,-3,-0.75,32,-9%,-0.09,0.8085106382978723,-0.09
HBase,0,2,4,1,-19,-4.75,58,-33%,-0.33,0.3120567375886525,-0.33
HBase,0,2,3,1,-10,-3.333333333,35,-29%,-0.29,0.36879432624113473,-0.29
HBase,0,1,2,1,-6,-3.0,91,-7%,-0.07,0.8439716312056738,-0.07
HBase,0,1,4,1,-8,-2.0,19,-42%,-0.42,0.19858156028368795,-0.42
HBase,0,2,2,1,-5,-2.5,39,-13%,-0.13,0.6950354609929078,-0.13
HBase,0,1,7,1,-7,-1.0,15,-47%,-0.47,0.15602836879432624,-0.47
HBase,0,2,2,1,-7,-3.5,87,-8%,-0.08,0.8156028368794326,-0.08
HBase,0,1,3,1,-15,-5.0,21,-71%,-0.71,0.04964539007092199,-0.71
HBase,0,1,9,1,-27,-3.0,192,-14%,-0.14,0.6595744680851063,-0.14
HBase,0,2,2,1,-6,-3.0,41,-15%,-0.15,0.6028368794326241,-0.15
HBase,0,1,2,1,-6,-3.0,14,-43%,-0.43,0.18439716312056736,-0.43
HBase,0,1,2,1,-1,-0.5,9,-11%,-0.11,0.7588652482269503,-0.11
HBase,0,2,7,1,-1,-0.142857143,61,-2%,-0.02,0.9148936170212766,-0.02
HBase,0,1,3,1,0,0.0,63,0%,0.0,0.9574468085106383,0.0
HBase,0,1,2,1,0,0.0,3,0%,0.0,0.9645390070921985,0.0
HBase,0,1,2,1,-6,-3.0,25,-24%,-0.24,0.425531914893617,-0.24
HBase,0,1,2,1,0,0.0,0,,,,
HBase,0,1,2,1,-6,-3.0,27,-22%,-0.22,0.46099290780141844,-0.22
HBase,0,1,3,1,-9,-3.0,45,-20%,-0.2,0.49645390070921985,-0.2
HBase,0,2,2,1,-2,-1.0,14,-14%,-0.14,0.6666666666666666,-0.14
HBase,0,1,2,1,-5,-2.5,44,-11%,-0.11,0.7659574468085106,-0.11
HBase,0,1,2,1,-4,-2.0,8,-50%,-0.5,0.12056737588652482,-0.5
HBase,0,1,2,1,-6,-3.0,15,-40%,-0.4,0.2198581560283688,-0.4
HBase,0,1,2,1,-10,-5.0,29,-34%,-0.34,0.3049645390070922,-0.34
HBase,0,2,2,1,-2,-1.0,151,-1%,-0.01,0.9219858156028369,-0.01
HBase,0,1,2,1,-8,-4.0,45,-18%,-0.18,0.5390070921985816,-0.18
HBase,0,1,2,1,0,0.0,42,0%,0.0,0.9716312056737588,0.0
HBase,0,1,2,1,-5,-2.5,31,-16%,-0.16,0.5815602836879432,-0.16
HBase,0,1,2,1,-14,-7.0,45,-31%,-0.31,0.3404255319148936,-0.31
HBase,0,2,2,1,-32,-16.0,42,-76%,-0.76,0.028368794326241134,-0.76
HBase,0,2,13,1,-69,-5.307692308,156,-44%,-0.44,0.1702127659574468,-0.44
HBase,0,2,7,1,-21,-3.0,128,-16%,-0.16,0.5886524822695035,-0.16
HBase,0,1,4,1,-12,-3.0,19,-63%,-0.63,0.05673758865248227,-0.63
HBase,0,2,3,1,-9,-3.0,24,-38%,-0.38,0.2624113475177305,-0.38
HBase,0,1,2,1,-2,-1.0,13,-15%,-0.15,0.6099290780141844,-0.15
HBase,0,1,2,1,0,0.0,10,0%,0.0,0.9787234042553191,0.0
HBase,0,2,2,1,-10,-5.0,24,-42%,-0.42,0.20567375886524822,-0.42
HBase,0,2,2,1,-6,-3.0,8,-75%,-0.75,0.03546099290780142,-0.75
HBase,0,2,2,1,-28,-14.0,38,-74%,-0.74,0.0425531914893617,-0.74
HBase,0,1,2,1,-1,-0.5,19,-5%,-0.05,0.8794326241134752,-0.05
HBase,0,1,2,1,-2,-1.0,53,-4%,-0.04,0.900709219858156,-0.04
HBase,0,2,2,1,-6,-3.0,41,-15%,-0.15,0.6170212765957447,-0.15
HBase,0,1,2,1,-4,-2.0,57,-7%,-0.07,0.851063829787234,-0.07
HBase,0,1,2,1,-10,-5.0,20,-50%,-0.5,0.1276595744680851,-0.5
HBase,0,2,4,1,-12,-3.0,38,-32%,-0.32,0.3191489361702128,-0.32
HBase,0,1,2,1,-2,-1.0,151,-1%,-0.01,0.9290780141843972,-0.01
HBase,0,1,2,1,-14,-7.0,27,-52%,-0.52,0.10638297872340426,-0.52
HBase,0,1,2,1,-6,-3.0,47,-13%,-0.13,0.7021276595744681,-0.13
HBase,0,1,4,1,-4,-1.0,14,-29%,-0.29,0.375886524822695,-0.29
HBase,0,1,6,1,-6,-1.0,27,-22%,-0.22,0.46808510638297873,-0.22
HBase,0,2,12,1,-36,-3.0,237,-15%,-0.15,0.624113475177305,-0.15
HBase,0,1,10,1,-40,-4.0,48,-83%,-0.83,0.02127659574468085,-0.83
HBase,0,2,10,1,-32,-3.2,122,-26%,-0.26,0.3971631205673759,-0.26
HBase,0,1,7,1,-15,-2.142857143,63,-24%,-0.24,0.4326241134751773,-0.24
HBase,0,2,2,1,-4,-2.0,27,-15%,-0.15,0.6312056737588653,-0.15
HBase,0,1,3,1,-9,-3.0,63,-14%,-0.14,0.6737588652482269,-0.14
HBase,0,1,2,1,-2,-1.0,17,-12%,-0.12,0.7446808510638298,-0.12
HBase,0,2,2,1,-4,-2.0,17,-24%,-0.24,0.4397163120567376,-0.24
HBase,0,1,2,1,-1,-0.5,16,-6%,-0.06,0.8581560283687943,-0.06
HBase,0,1,2,1,-6,-3.0,57,-11%,-0.11,0.7730496453900709,-0.11
HBase,0,2,2,1,-9,-4.5,62,-15%,-0.15,0.6382978723404256,-0.15
HBase,0,2,3,1,-9,-3.0,39,-23%,-0.23,0.45390070921985815,-0.23
HBase,0,1,3,1,-3,-1.0,24,-13%,-0.13,0.7092198581560284,-0.13
HBase,0,2,4,1,-12,-3.0,63,-19%,-0.19,0.524822695035461,-0.19
HBase,0,1,2,1,-2,-1.0,25,-8%,-0.08,0.8226950354609929,-0.08
HBase,0,1,2,1,-8,-4.0,21,-38%,-0.38,0.2695035460992908,-0.38
HBase,0,2,5,1,-25,-5.0,80,-31%,-0.31,0.3475177304964539,-0.31
HBase,0,2,6,1,-18,-3.0,136,-13%,-0.13,0.7163120567375887,-0.13
HBase,0,2,3,1,-9,-3.0,54,-17%,-0.17,0.5531914893617021,-0.17
HBase,0,1,3,1,-9,-3.0,26,-35%,-0.35,0.2978723404255319,-0.35
HBase,0,1,2,1,-2,-1.0,19,-11%,-0.11,0.7801418439716312,-0.11
HBase,0,1,2,1,-4,-2.0,42,-10%,-0.1,0.8014184397163121,-0.1
HBase,0,1,5,1,-5,-1.0,35,-14%,-0.14,0.6808510638297872,-0.14
HBase,0,1,5,1,-14,-2.8,53,-26%,-0.26,0.40425531914893614,-0.26
HBase,0,2,2,1,-4,-2.0,10,-40%,-0.4,0.22695035460992907,-0.4
HBase,0,1,5,1,-8,-1.6,53,-15%,-0.15,0.6453900709219859,-0.15
HBase,0,1,2,1,-6,-3.0,6,-100%,-1.0,0.0070921985815602835,-1.0
HBase,0,1,2,1,0,0.0,40,0%,0.0,0.9858156028368794,0.0
HBase,0,1,8,1,-8,-1.0,62,-13%,-0.13,0.723404255319149,-0.13
HBase,0,1,2,1,-3,-1.5,5,-60%,-0.6,0.07801418439716312,-0.6
HBase,0,2,5,1,-15,-3.0,72,-21%,-0.21,0.48226950354609927,-0.21
HBase,0,1,3,1,-9,-3.0,33,-27%,-0.27,0.3900709219858156,-0.27
HBase,0,1,12,1,-12,-1.0,192,-6%,-0.06,0.8652482269503546,-0.06
HBase,0,1,4,1,-4,-1.0,8,-50%,-0.5,0.1347517730496454,-0.5
HBase,0,1,2,1,-6,-3.0,19,-32%,-0.32,0.3262411347517731,-0.32
HBase,0,1,2,1,-6,-3.0,151,-4%,-0.04,0.9078014184397163,-0.04
HBase,0,1,2,1,-2,-1.0,5,-40%,-0.4,0.23404255319148937,-0.4
HBase,0,1,9,1,-27,-3.0,162,-17%,-0.17,0.5602836879432624,-0.17
HBase,0,1,4,1,-4,-1.0,20,-20%,-0.2,0.5035460992907801,-0.2
HBase,0,1,2,1,-2,-1.0,25,-8%,-0.08,0.8297872340425532,-0.08
HBase,0,1,2,1,-2,-1.0,15,-13%,-0.13,0.7304964539007093,-0.13
HBase,0,1,3,1,0,0.0,44,0%,0.0,0.9929078014184397,0.0
HBase,0,1,36,1,-36,-1.0,239,-15%,-0.15,0.6524822695035462,-0.15
HBase,0,1,2,1,-6,-3.0,14,-43%,-0.43,0.19148936170212766,-0.43
HBase,0,1,7,1,-13,-1.857142857,53,-25%,-0.25,0.41843971631205673,-0.25
HBase,0,2,2,1,-6,-3.0,27,-22%,-0.22,0.475177304964539,-0.22
HBase,0,1,2,1,-6,-3.0,13,-46%,-0.46,0.16312056737588654,-0.46
HBase,0,1,4,1,-12,-3.0,27,-44%,-0.44,0.1773049645390071,-0.44
HBase,0,1,2,1,-12,-6.0,31,-39%,-0.39,0.24113475177304963,-0.39
HBase,0,1,6,1,-36,-6.0,72,-50%,-0.5,0.14184397163120568,-0.5
HBase,0,2,2,1,-3,-1.5,52,-6%,-0.06,0.8723404255319149,-0.06
HBase,0,1,2,1,-2,-1.0,15,-13%,-0.13,0.7375886524822695,-0.13
HBase,0,1,2,1,-2,-1.0,2,-100%,-1.0,0.014184397163120567,-1.0
HBase,0,2,9,1,-27,-3.0,133,-20%,-0.2,0.5106382978723404,-0.2
HBase,0,2,7,1,-7,-1.0,130,-5%,-0.05,0.8865248226950354,-0.05
HBase,0,1,2,1,-6,-3.0,28,-21%,-0.21,0.48936170212765956,-0.21
HBase,0,1,2,1,-8,-4.0,19,-42%,-0.42,0.2127659574468085,-0.42
HBase,0,1,4,1,-12,-3.0,21,-57%,-0.57,0.0851063829787234,-0.57
HBase,0,2,2,1,-5,-2.5,14,-36%,-0.36,0.28368794326241137,-0.36
HBase,0,1,2,1,-2,-1.0,11,-18%,-0.18,0.5460992907801419,-0.18
HBase,0,1,2,1,-6,-3.0,57,-11%,-0.11,0.7872340425531915,-0.11
HBase,0,1,2,1,0,0.0,16,0%,0.0,1.0,0.0
HBase,0,1,3,1,-15,-5.0,63,-24%,-0.24,0.44680851063829785,-0.24
Helix,0,1,5,1,-45,-9.0,144,-31%,-0.31,0.23076923076923078,-0.31
Helix,0,2,9,1,-63,-7.0,216,-29%,-0.29,0.28205128205128205,-0.29
Helix,0,2,2,1,-6,-3.0,33,-18%,-0.18,0.5128205128205128,-0.18
Helix,0,1,2,1,-12,-6.0,81,-15%,-0.15,0.5897435897435898,-0.15
Helix,0,2,3,1,-9,-3.0,46,-20%,-0.2,0.48717948717948717,-0.2
Helix,0,1,3,1,-9,-3.0,18,-50%,-0.5,0.07692307692307693,-0.5
Helix,0,1,3,1,-15,-5.0,128,-12%,-0.12,0.6666666666666666,-0.12
Helix,0,1,5,1,-15,-3.0,144,-10%,-0.1,0.6923076923076923,-0.1
Helix,0,2,5,1,-44,-8.8,102,-43%,-0.43,0.15384615384615385,-0.43
Helix,0,2,4,1,-12,-3.0,40,-30%,-0.3,0.2564102564102564,-0.3
Helix,0,1,2,1,0,0.0,44,0%,0.0,1.0,0.0
Helix,0,2,2,1,-28,-14.0,63,-44%,-0.44,0.1282051282051282,-0.44
Helix,0,2,3,1,-15,-5.0,63,-24%,-0.24,0.41025641025641024,-0.24
Helix,0,1,3,1,-21,-7.0,128,-16%,-0.16,0.5641025641025641,-0.16
Helix,0,2,3,1,-12,-4.0,128,-9%,-0.09,0.7692307692307693,-0.09
Helix,0,2,2,1,-4,-2.0,62,-6%,-0.06,0.9487179487179487,-0.06
Helix,0,1,10,1,-30,-3.0,107,-28%,-0.28,0.3333333333333333,-0.28
Helix,0,1,3,1,-9,-3.0,128,-7%,-0.07,0.8461538461538461,-0.07
Helix,0,2,2,1,-6,-3.0,35,-17%,-0.17,0.5384615384615384,-0.17
Helix,0,1,4,1,-10,-2.5,46,-22%,-0.22,0.4358974358974359,-0.22
Helix,0,2,2,1,-8,-4.0,99,-8%,-0.08,0.8205128205128205,-0.08
Helix,0,1,3,1,-13,-4.333333333,128,-10%,-0.1,0.717948717948718,-0.1
Helix,0,2,2,1,-28,-14.0,52,-54%,-0.54,0.05128205128205128,-0.54
Helix,0,2,9,1,-7,-0.777777778,106,-7%,-0.07,0.8717948717948718,-0.07
Helix,0,2,2,1,-9,-4.5,62,-15%,-0.15,0.6153846153846154,-0.15
Helix,0,1,2,1,-16,-8.0,42,-38%,-0.38,0.20512820512820512,-0.38
Helix,0,2,2,1,-8,-4.0,20,-40%,-0.4,0.1794871794871795,-0.4
Helix,0,2,2,1,-8,-4.0,92,-9%,-0.09,0.7948717948717948,-0.09
Helix,0,2,3,1,-7,-2.333333333,27,-26%,-0.26,0.358974358974359,-0.26
Helix,0,2,3,1,-13,-4.333333333,60,-22%,-0.22,0.46153846153846156,-0.22
Helix,0,1,2,1,-6,-3.0,7,-86%,-0.86,0.02564102564102564,-0.86
Helix,0,1,2,1,-2,-1.0,33,-6%,-0.06,0.9743589743589743,-0.06
Helix,0,1,3,1,-9,-3.0,63,-14%,-0.14,0.6410256410256411,-0.14
Helix,0,1,4,1,-12,-3.0,46,-26%,-0.26,0.38461538461538464,-0.26
Helix,0,2,3,1,-9,-3.0,128,-7%,-0.07,0.8974358974358975,-0.07
Helix,0,1,2,1,-6,-3.0,63,-10%,-0.1,0.7435897435897436,-0.1
Helix,0,1,8,1,-24,-3.0,83,-29%,-0.29,0.3076923076923077,-0.29
Helix,0,1,2,1,-9,-4.5,18,-50%,-0.5,0.10256410256410256,-0.5
Helix,0,1,3,1,-9,-3.0,128,-7%,-0.07,0.9230769230769231,-0.07
Hive,0,1,5,1,-5,-1.0,160,-3%,-0.03,0.8083333333333333,-0.03
Hive,0,1,6,1,-6,-1.0,24,-25%,-0.25,0.4,-0.25
Hive,0,1,2,1,-4,-2.0,20,-20%,-0.2,0.5166666666666667,-0.2
Hive,0,1,5,1,-2,-0.4,88,-2%,-0.02,0.8416666666666667,-0.02
Hive,0,1,4,1,0,0.0,64,0%,0.0,0.85,0.0
Hive,0,2,3,1,-14,-4.666666667,37,-38%,-0.38,0.2833333333333333,-0.38
Hive,0,2,2,1,-6,-3.0,23,-26%,-0.26,0.35833333333333334,-0.26
Hive,0,1,2,1,-4,-2.0,6,-67%,-0.67,0.09166666666666666,-0.67
Hive,0,1,3,1,0,0.0,12,0%,0.0,0.8583333333333333,0.0
Hive,0,1,4,1,0,0.0,88,0%,0.0,0.8666666666666667,0.0
Hive,0,1,4,1,-12,-3.0,41,-29%,-0.29,0.325,-0.29
Hive,0,1,4,1,-12,-3.0,76,-16%,-0.16,0.6,-0.16
Hive,0,1,3,1,-27,-9.0,33,-82%,-0.82,0.041666666666666664,-0.82
Hive,0,1,2,1,-2,-1.0,4,-50%,-0.5,0.2,-0.5
Hive,0,1,2,1,-6,-3.0,10,-60%,-0.6,0.125,-0.6
Hive,0,1,2,1,-2,-1.0,4,-50%,-0.5,0.20833333333333334,-0.5
Hive,0,1,2,1,-6,-3.0,33,-18%,-0.18,0.5666666666666667,-0.18
Hive,0,2,12,1,-30,-2.5,148,-20%,-0.2,0.525,-0.2
Hive,0,1,6,1,-6,-1.0,24,-25%,-0.25,0.4083333333333333,-0.25
Hive,0,1,3,1,-9,-3.0,38,-24%,-0.24,0.45,-0.24
Hive,0,1,2,1,-6,-3.0,27,-22%,-0.22,0.48333333333333334,-0.22
Hive,0,1,2,1,-13,-6.5,14,-93%,-0.93,0.03333333333333333,-0.93
Hive,0,1,2,1,-6,-3.0,22,-27%,-0.27,0.3416666666666667,-0.27
Hive,0,1,2,1,-5,-2.5,5,-100%,-1.0,0.008333333333333333,-1.0
Hive,0,1,6,1,-6,-1.0,24,-25%,-0.25,0.4166666666666667,-0.25
Hive,0,1,7,1,-35,-5.0,57,-61%,-0.61,0.11666666666666667,-0.61
Hive,0,1,8,1,-24,-3.0,124,-19%,-0.19,0.5333333333333333,-0.19
Hive,0,2,5,1,-3,-0.6,35,-9%,-0.09,0.6916666666666667,-0.09
Hive,0,2,2,1,-6,-3.0,23,-26%,-0.26,0.36666666666666664,-0.26
Hive,0,1,2,1,-6,-3.0,10,-60%,-0.6,0.13333333333333333,-0.6
Hive,0,1,5,1,-5,-1.0,108,-5%,-0.05,0.775,-0.05
Hive,0,1,2,1,-6,-3.0,6,-100%,-1.0,0.016666666666666666,-1.0
Hive,0,1,6,1,-54,-9.0,66,-82%,-0.82,0.05,-0.82
Hive,0,2,3,1,-15,-5.0,27,-56%,-0.56,0.16666666666666666,-0.56
Hive,0,2,5,1,-13,-2.6,39,-33%,-0.33,0.3,-0.33
Hive,0,1,3,1,-9,-3.0,17,-53%,-0.53,0.19166666666666668,-0.53
Hive,0,2,4,1,-27,-6.75,84,-32%,-0.32,0.30833333333333335,-0.32
Hive,0,1,2,1,-4,-2.0,30,-13%,-0.13,0.6083333333333333,-0.13
Hive,0,2,10,1,-24,-2.4,117,-21%,-0.21,0.5,-0.21
Hive,0,2,3,1,-23,-7.666666667,33,-70%,-0.7,0.08333333333333333,-0.7
Hive,0,2,4,1,-10,-2.5,53,-19%,-0.19,0.5416666666666666,-0.19
Hive,0,1,2,1,-2,-1.0,23,-9%,-0.09,0.7,-0.09
Hive,0,1,3,1,-3,-1.0,12,-25%,-0.25,0.425,-0.25
Hive,0,1,6,1,-2,-0.333333333,73,-3%,-0.03,0.8166666666666667,-0.03
Hive,0,1,4,1,0,0.0,50,0%,0.0,0.875,0.0
Hive,0,1,3,1,-21,-7.0,27,-78%,-0.78,0.058333333333333334,-0.78
Hive,0,2,2,1,-6,-3.0,17,-35%,-0.35,0.2916666666666667,-0.35
Hive,0,1,6,1,-15,-2.5,79,-19%,-0.19,0.55,-0.19
Hive,0,1,4,1,-24,-6.0,36,-67%,-0.67,0.1,-0.67
Hive,0,1,2,1,-2,-1.0,30,-7%,-0.07,0.725,-0.07
Hive,0,1,2,1,0,0.0,21,0%,0.0,0.8833333333333333,0.0
Hive,0,1,2,1,-4,-2.0,16,-25%,-0.25,0.43333333333333335,-0.25
Hive,0,1,5,1,-5,-1.0,160,-3%,-0.03,0.825,-0.03
Hive,0,1,4,1,-4,-1.0,19,-21%,-0.21,0.5083333333333333,-0.21
Hive,0,1,4,1,-32,-8.0,124,-26%,-0.26,0.375,-0.26
Hive,0,2,8,1,-8,-1.0,194,-4%,-0.04,0.7916666666666666,-0.04
Hive,0,1,9,1,0,0.0,59,0%,0.0,0.8916666666666667,0.0
Hive,0,1,2,1,0,0.0,9,0%,0.0,0.9,0.0
Hive,0,2,2,1,-6,-3.0,11,-55%,-0.55,0.175,-0.55
Hive,0,2,3,1,-12,-4.0,22,-55%,-0.55,0.18333333333333332,-0.55
Hive,0,1,4,1,-14,-3.5,58,-24%,-0.24,0.4583333333333333,-0.24
Hive,0,1,2,1,-14,-7.0,62,-23%,-0.23,0.4666666666666667,-0.23
Hive,0,2,5,1,-45,-9.0,160,-28%,-0.28,0.3333333333333333,-0.28
Hive,0,1,9,1,-9,-1.0,162,-6%,-0.06,0.75,-0.06
Hive,0,1,5,1,-8,-1.6,48,-17%,-0.17,0.5916666666666667,-0.17
Hive,0,2,2,1,-16,-8.0,35,-46%,-0.46,0.24166666666666667,-0.46
Hive,0,1,2,1,-2,-1.0,20,-10%,-0.1,0.6666666666666666,-0.1
Hive,0,1,5,1,-5,-1.0,160,-3%,-0.03,0.8333333333333334,-0.03
Hive,0,2,2,1,-6,-3.0,31,-19%,-0.19,0.5583333333333333,-0.19
Hive,0,1,4,1,0,0.0,26,0%,0.0,0.9083333333333333,0.0
Hive,0,2,3,1,-9,-3.0,98,-9%,-0.09,0.7083333333333334,-0.09
Hive,0,1,7,1,-8,-1.142857143,61,-13%,-0.13,0.6166666666666667,-0.13
Hive,0,1,4,1,0,0.0,24,0%,0.0,0.9166666666666666,0.0
Hive,0,1,2,1,-6,-3.0,58,-10%,-0.1,0.675,-0.1
Hive,0,1,4,1,-12,-3.0,108,-11%,-0.11,0.6416666666666667,-0.11
Hive,0,1,2,1,-10,-5.0,22,-45%,-0.45,0.25833333333333336,-0.45
Hive,0,1,9,1,-13,-1.444444444,162,-8%,-0.08,0.7166666666666667,-0.08
Hive,0,1,9,1,-22,-2.444444444,37,-59%,-0.59,0.14166666666666666,-0.59
Hive,0,1,2,1,0,0.0,11,0%,0.0,0.925,0.0
Hive,0,1,2,1,0,0.0,20,0%,0.0,0.9333333333333333,0.0
Hive,0,1,3,1,-3,-1.0,31,-10%,-0.1,0.6833333333333333,-0.1
Hive,0,1,24,1,-32,-1.333333333,146,-22%,-0.22,0.49166666666666664,-0.22
Hive,0,1,3,1,0,0.0,12,0%,0.0,0.9416666666666667,0.0
Hive,0,1,4,1,0,0.0,15,0%,0.0,0.95,0.0
Hive,0,1,4,1,0,0.0,16,0%,0.0,0.9583333333333334,0.0
Hive,0,2,9,1,-9,-1.0,162,-6%,-0.06,0.7583333333333333,-0.06
Hive,0,1,5,1,-5,-1.0,108,-5%,-0.05,0.7833333333333333,-0.05
Hive,0,1,2,1,-6,-3.0,23,-26%,-0.26,0.38333333333333336,-0.26
Hive,0,2,2,1,-6,-3.0,12,-50%,-0.5,0.21666666666666667,-0.5
Hive,0,2,2,1,-5,-2.5,46,-11%,-0.11,0.65,-0.11
Hive,0,1,3,1,-22,-7.333333333,38,-58%,-0.58,0.15,-0.58
Hive,0,1,5,1,-18,-3.6,27,-67%,-0.67,0.10833333333333334,-0.67
Hive,0,2,2,1,-4,-2.0,15,-27%,-0.27,0.35,-0.27
Hive,0,2,2,1,-26,-13.0,36,-72%,-0.72,0.075,-0.72
Hive,0,1,5,1,0,0.0,35,0%,0.0,0.9666666666666667,0.0
Hive,0,2,3,1,-19,-6.333333333,64,-30%,-0.3,0.31666666666666665,-0.3
Hive,0,1,2,1,-6,-3.0,52,-12%,-0.12,0.625,-0.12
Hive,0,1,5,1,-45,-9.0,48,-94%,-0.94,0.025,-0.94
Hive,0,1,4,1,-4,-1.0,36,-11%,-0.11,0.6583333333333333,-0.11
Hive,0,1,5,1,-5,-1.0,20,-25%,-0.25,0.44166666666666665,-0.25
Hive,0,1,4,1,0,0.0,321,0%,0.0,0.975,0.0
Hive,0,1,3,1,0,0.0,35,0%,0.0,0.9833333333333333,0.0
Hive,0,1,9,1,-33,-3.666666667,71,-46%,-0.46,0.25,-0.46
Hive,0,2,5,1,-5,-1.0,130,-4%,-0.04,0.8,-0.04
Hive,0,1,3,1,-3,-1.0,43,-7%,-0.07,0.7333333333333333,-0.07
Hive,0,1,2,1,-6,-3.0,12,-50%,-0.5,0.225,-0.5
Hive,0,2,3,1,-16,-5.333333333,28,-57%,-0.57,0.15833333333333333,-0.57
Hive,0,2,10,1,-30,-3.0,130,-23%,-0.23,0.475,-0.23
Hive,0,1,2,1,-2,-1.0,30,-7%,-0.07,0.7416666666666667,-0.07
Hive,0,2,12,1,-32,-2.666666667,65,-49%,-0.49,0.23333333333333334,-0.49
Hive,0,1,3,1,-7,-2.333333333,18,-39%,-0.39,0.275,-0.39
Hive,0,1,2,1,0,0.0,10,0%,0.0,0.9916666666666667,0.0
Hive,0,1,3,1,-9,-3.0,22,-41%,-0.41,0.26666666666666666,-0.41
Hive,0,1,2,1,-6,-3.0,33,-18%,-0.18,0.575,-0.18
Hive,0,1,6,1,-6,-1.0,96,-6%,-0.06,0.7666666666666667,-0.06
Hive,0,1,8,1,0,0.0,47,0%,0.0,1.0,0.0
Hive,0,2,2,1,-6,-3.0,23,-26%,-0.26,0.39166666666666666,-0.26
Hive,0,1,2,1,-2,-1.0,17,-12%,-0.12,0.6333333333333333,-0.12
Hive,0,1,3,1,-3,-1.0,4,-75%,-0.75,0.06666666666666667,-0.75
Hive,0,1,2,1,-6,-3.0,34,-18%,-0.18,0.5833333333333334,-0.18
Hop,0,1,3,1,-9,-3.0,29,-31%,-0.31,0.31543624161073824,-0.31
Hop,0,1,2,1,-16,-8.0,94,-17%,-0.17,0.5637583892617449,-0.17
Hop,0,1,2,1,-10,-5.0,34,-29%,-0.29,0.37583892617449666,-0.29
Hop,0,1,4,1,-13,-3.25,74,-18%,-0.18,0.5436241610738255,-0.18
Hop,0,2,2,1,-2,-1.0,34,-6%,-0.06,0.8859060402684564,-0.06
Hop,0,2,5,1,-16,-3.2,101,-16%,-0.16,0.5771812080536913,-0.16
Hop,0,1,2,1,-6,-3.0,54,-11%,-0.11,0.7114093959731543,-0.11
Hop,0,2,2,1,-5,-2.5,38,-13%,-0.13,0.6510067114093959,-0.13
Hop,0,2,3,1,-9,-3.0,20,-45%,-0.45,0.19463087248322147,-0.45
Hop,0,2,4,1,-20,-5.0,88,-23%,-0.23,0.4563758389261745,-0.23
Hop,0,2,2,1,-6,-3.0,37,-16%,-0.16,0.5838926174496645,-0.16
Hop,0,1,5,1,0,0.0,26,0%,0.0,0.9463087248322147,0.0
Hop,0,1,2,1,-2,-1.0,14,-14%,-0.14,0.6241610738255033,-0.14
Hop,0,1,7,1,-45,-6.428571429,84,-54%,-0.54,0.12080536912751678,-0.54
Hop,0,1,3,1,-9,-3.0,74,-12%,-0.12,0.6845637583892618,-0.12
Hop,0,2,2,1,-6,-3.0,20,-30%,-0.3,0.33557046979865773,-0.3
Hop,0,1,3,1,-3,-1.0,15,-20%,-0.2,0.5167785234899329,-0.2
Hop,0,1,2,1,-2,-1.0,27,-7%,-0.07,0.8456375838926175,-0.07
Hop,0,1,3,1,-3,-1.0,123,-2%,-0.02,0.9395973154362416,-0.02
Hop,0,2,10,1,-22,-2.2,138,-16%,-0.16,0.5906040268456376,-0.16
Hop,0,2,4,1,-13,-3.25,32,-41%,-0.41,0.2080536912751678,-0.41
Hop,0,2,12,1,-36,-3.0,103,-35%,-0.35,0.2550335570469799,-0.35
Hop,0,1,5,1,-19,-3.8,75,-25%,-0.25,0.4161073825503356,-0.25
Hop,0,1,2,1,-2,-1.0,25,-8%,-0.08,0.8120805369127517,-0.08
Hop,0,1,2,1,-2,-1.0,39,-5%,-0.05,0.8993288590604027,-0.05
Hop,0,1,2,1,-2,-1.0,28,-7%,-0.07,0.8523489932885906,-0.07
Hop,0,1,2,1,-2,-1.0,17,-12%,-0.12,0.6912751677852349,-0.12
Hop,0,1,5,1,-5,-1.0,22,-23%,-0.23,0.46308724832214765,-0.23
Hop,0,1,2,1,-2,-1.0,8,-25%,-0.25,0.4228187919463087,-0.25
Hop,0,1,2,1,-4,-2.0,52,-8%,-0.08,0.8187919463087249,-0.08
Hop,0,1,2,1,-6,-3.0,20,-30%,-0.3,0.3422818791946309,-0.3
Hop,0,1,2,1,-6,-3.0,12,-50%,-0.5,0.14093959731543623,-0.5
Hop,0,2,2,1,-6,-3.0,13,-46%,-0.46,0.174496644295302,-0.46
Hop,0,2,2,1,-1,-0.5,23,-4%,-0.04,0.912751677852349,-0.04
Hop,0,1,5,1,-15,-3.0,120,-13%,-0.13,0.6577181208053692,-0.13
Hop,0,1,2,1,-28,-14.0,30,-93%,-0.93,0.026845637583892617,-0.93
Hop,0,1,3,1,-6,-2.0,13,-46%,-0.46,0.18120805369127516,-0.46
Hop,0,1,2,1,-5,-2.5,6,-83%,-0.83,0.04697986577181208,-0.83
Hop,0,1,4,1,-16,-4.0,54,-30%,-0.3,0.348993288590604,-0.3
Hop,0,1,3,1,-27,-9.0,66,-41%,-0.41,0.21476510067114093,-0.41
Hop,0,1,2,1,-2,-1.0,10,-20%,-0.2,0.5234899328859061,-0.2
Hop,0,1,2,1,-30,-15.0,31,-97%,-0.97,0.020134228187919462,-0.97
Hop,0,2,5,1,-3,-0.6,3,-100%,-1.0,0.006711409395973154,-1.0
Hop,0,1,2,1,-6,-3.0,35,-17%,-0.17,0.5704697986577181,-0.17
Hop,0,1,4,1,-4,-1.0,15,-27%,-0.27,0.40268456375838924,-0.27
Hop,0,1,24,1,-72,-3.0,375,-19%,-0.19,0.5369127516778524,-0.19
Hop,0,1,18,1,-112,-6.222222222,154,-73%,-0.73,0.08053691275167785,-0.73
Hop,0,2,8,1,-8,-1.0,192,-4%,-0.04,0.9194630872483222,-0.04
Hop,0,2,4,1,-9,-2.25,29,-31%,-0.31,0.3221476510067114,-0.31
Hop,0,1,2,1,-6,-3.0,14,-43%,-0.43,0.20134228187919462,-0.43
Hop,0,2,2,1,-6,-3.0,19,-32%,-0.32,0.3087248322147651,-0.32
Hop,0,1,2,1,-2,-1.0,30,-7%,-0.07,0.8590604026845637,-0.07
Hop,0,1,9,1,-26,-2.888888889,71,-37%,-0.37,0.2348993288590604,-0.37
Hop,0,2,5,1,-15,-3.0,39,-38%,-0.38,0.22818791946308725,-0.38
Hop,0,1,4,1,-14,-3.5,20,-70%,-0.7,0.087248322147651,-0.7
Hop,0,2,5,1,-39,-7.8,70,-56%,-0.56,0.11409395973154363,-0.56
Hop,0,1,25,1,-127,-5.08,407,-31%,-0.31,0.3288590604026846,-0.31
Hop,0,2,9,1,-31,-3.444444444,147,-21%,-0.21,0.4899328859060403,-0.21
Hop,0,1,6,1,-65,-10.83333333,71,-92%,-0.92,0.03355704697986577,-0.92
Hop,0,1,2,1,-2,-1.0,52,-4%,-0.04,0.9261744966442953,-0.04
Hop,0,1,5,1,-16,-3.2,44,-36%,-0.36,0.24161073825503357,-0.36
Hop,0,1,2,1,0,0.0,22,0%,0.0,0.9530201342281879,0.0
Hop,0,2,2,1,-4,-2.0,37,-11%,-0.11,0.7181208053691275,-0.11
Hop,0,1,14,1,-42,-3.0,56,-75%,-0.75,0.053691275167785234,-0.75
Hop,0,1,8,1,-24,-3.0,179,-13%,-0.13,0.6644295302013423,-0.13
Hop,0,1,7,1,-23,-3.285714286,77,-30%,-0.3,0.35570469798657717,-0.3
Hop,0,1,6,1,-18,-3.0,83,-22%,-0.22,0.47651006711409394,-0.22
Hop,0,1,3,1,-3,-1.0,13,-23%,-0.23,0.4697986577181208,-0.23
Hop,0,1,2,1,-2,-1.0,8,-25%,-0.25,0.42953020134228187,-0.25
Hop,0,1,2,1,-6,-3.0,18,-33%,-0.33,0.26174496644295303,-0.33
Hop,0,1,2,1,-10,-5.0,20,-50%,-0.5,0.1476510067114094,-0.5
Hop,0,1,2,1,0,0.0,7,0%,0.0,0.959731543624161,0.0
Hop,0,1,2,1,-6,-3.0,38,-16%,-0.16,0.5973154362416108,-0.16
Hop,0,1,2,1,-2,-1.0,18,-11%,-0.11,0.7248322147651006,-0.11
Hop,0,1,2,1,-6,-3.0,28,-21%,-0.21,0.4966442953020134,-0.21
Hop,0,1,2,1,-5,-2.5,44,-11%,-0.11,0.7315436241610739,-0.11
Hop,0,1,3,1,-14,-4.666666667,43,-33%,-0.33,0.2684563758389262,-0.33
Hop,0,1,4,1,-4,-1.0,14,-29%,-0.29,0.3825503355704698,-0.29
Hop,0,1,2,1,-2,-1.0,17,-12%,-0.12,0.697986577181208,-0.12
Hop,0,1,5,1,-5,-1.0,43,-12%,-0.12,0.7046979865771812,-0.12
Hop,0,1,4,1,-4,-1.0,44,-9%,-0.09,0.7919463087248322,-0.09
Hop,0,2,3,1,-3,-1.0,29,-10%,-0.1,0.7651006711409396,-0.1
Hop,0,1,2,1,-4,-2.0,28,-14%,-0.14,0.6308724832214765,-0.14
Hop,0,1,2,1,-6,-3.0,10,-60%,-0.6,0.10738255033557047,-0.6
Hop,0,1,2,1,-2,-1.0,13,-15%,-0.15,0.610738255033557,-0.15
Hop,0,2,4,1,-12,-3.0,77,-16%,-0.16,0.6040268456375839,-0.16
Hop,0,1,2,1,-14,-7.0,42,-33%,-0.33,0.2751677852348993,-0.33
Hop,0,1,2,1,-14,-7.0,42,-33%,-0.33,0.28187919463087246,-0.33
Hop,0,1,2,1,-2,-1.0,4,-50%,-0.5,0.15436241610738255,-0.5
Hop,0,1,6,1,-18,-3.0,60,-30%,-0.3,0.3624161073825503,-0.3
Hop,0,1,2,1,-14,-7.0,54,-26%,-0.26,0.40939597315436244,-0.26
Hop,0,2,2,1,-6,-3.0,13,-46%,-0.46,0.18791946308724833,-0.46
Hop,0,1,2,1,-4,-2.0,37,-11%,-0.11,0.738255033557047,-0.11
Hop,0,1,3,1,-16,-5.333333333,49,-33%,-0.33,0.28859060402684567,-0.33
Hop,0,1,4,1,-4,-1.0,39,-10%,-0.1,0.7718120805369127,-0.1
Hop,0,1,4,1,0,0.0,9,0%,0.0,0.9664429530201343,0.0
Hop,0,1,2,1,-4,-2.0,6,-67%,-0.67,0.09395973154362416,-0.67
Hop,0,1,3,1,-9,-3.0,12,-75%,-0.75,0.06040268456375839,-0.75
Hop,0,1,2,1,-13,-6.5,24,-54%,-0.54,0.12751677852348994,-0.54
Hop,0,1,2,1,0,0.0,8,0%,0.0,0.9731543624161074,0.0
Hop,0,1,2,1,-8,-4.0,8,-100%,-1.0,0.013422818791946308,-1.0
Hop,0,1,13,1,-143,-11.0,502,-28%,-0.28,0.3959731543624161,-0.28
Hop,0,2,13,1,-39,-3.0,502,-8%,-0.08,0.825503355704698,-0.08
Hop,0,1,2,1,-2,-1.0,24,-8%,-0.08,0.8322147651006712,-0.08
Hop,0,2,15,1,-57,-3.8,236,-24%,-0.24,0.4429530201342282,-0.24
Hop,0,2,4,1,-18,-4.5,34,-53%,-0.53,0.1342281879194631,-0.53
Hop,0,2,5,1,-5,-1.0,67,-7%,-0.07,0.8657718120805369,-0.07
Hop,0,2,3,1,-9,-3.0,43,-21%,-0.21,0.5033557046979866,-0.21
Hop,0,2,3,1,-11,-3.666666667,81,-14%,-0.14,0.6375838926174496,-0.14
Hop,0,1,2,1,-2,-1.0,11,-18%,-0.18,0.5503355704697986,-0.18
Hop,0,1,2,1,-2,-1.0,28,-7%,-0.07,0.87248322147651,-0.07
Hop,0,1,3,1,-3,-1.0,17,-18%,-0.18,0.5570469798657718,-0.18
Hop,0,1,2,1,-2,-1.0,42,-5%,-0.05,0.9060402684563759,-0.05
Hop,0,1,3,1,-3,-1.0,15,-20%,-0.2,0.5302013422818792,-0.2
Hop,0,1,2,1,0,0.0,12,0%,0.0,0.9798657718120806,0.0
Hop,0,1,2,1,-2,-1.0,7,-29%,-0.29,0.38926174496644295,-0.29
Hop,0,2,8,1,-40,-5.0,179,-22%,-0.22,0.48322147651006714,-0.22
Hop,0,1,19,1,0,0.0,44,0%,0.0,0.9865771812080537,0.0
Hop,0,1,4,1,-4,-1.0,62,-6%,-0.06,0.8926174496644296,-0.06
Hop,0,1,2,1,-5,-2.5,55,-9%,-0.09,0.7986577181208053,-0.09
Hop,0,2,4,1,-36,-9.0,42,-86%,-0.86,0.040268456375838924,-0.86
Hop,0,1,2,1,-6,-3.0,54,-11%,-0.11,0.7449664429530202,-0.11
Hop,0,2,2,1,-5,-2.5,44,-11%,-0.11,0.7516778523489933,-0.11
Hop,0,1,3,1,-27,-9.0,66,-41%,-0.41,0.2214765100671141,-0.41
Hop,0,1,2,1,-2,-1.0,4,-50%,-0.5,0.1610738255033557,-0.5
Hop,0,1,3,1,-15,-5.0,42,-36%,-0.36,0.2483221476510067,-0.36
Hop,0,1,2,1,-6,-3.0,9,-67%,-0.67,0.10067114093959731,-0.67
Hop,0,1,2,1,-6,-3.0,25,-24%,-0.24,0.44966442953020136,-0.24
Hop,0,1,13,1,-41,-3.153846154,502,-8%,-0.08,0.8389261744966443,-0.08
Hop,0,1,3,1,0,0.0,21,0%,0.0,0.9932885906040269,0.0
Hop,0,2,2,1,-5,-2.5,44,-11%,-0.11,0.7583892617449665,-0.11
Hop,0,1,2,1,-2,-1.0,16,-13%,-0.13,0.6711409395973155,-0.13
Hop,0,1,2,1,-4,-2.0,44,-9%,-0.09,0.8053691275167785,-0.09
Hop,0,1,2,1,0,0.0,4,0%,0.0,1.0,0.0
Hop,0,1,4,1,-6,-1.5,8,-75%,-0.75,0.06711409395973154,-0.75
Hop,0,1,3,1,-9,-3.0,27,-33%,-0.33,0.2953020134228188,-0.33
Hop,0,2,2,1,-6,-3.0,42,-14%,-0.14,0.6442953020134228,-0.14
Hop,0,1,2,1,-2,-1.0,6,-33%,-0.33,0.30201342281879195,-0.33
Hop,0,1,2,1,-6,-3.0,20,-30%,-0.3,0.3691275167785235,-0.3
Hop,0,1,13,1,-13,-1.0,299,-4%,-0.04,0.9328859060402684,-0.04
Hop,0,1,2,1,-2,-1.0,8,-25%,-0.25,0.436241610738255,-0.25
Hop,0,1,2,1,-2,-1.0,20,-10%,-0.1,0.7785234899328859,-0.1
Hop,0,1,2,1,-2,-1.0,21,-10%,-0.1,0.785234899328859,-0.1
Hop,0,1,8,1,-32,-4.0,149,-21%,-0.21,0.5100671140939598,-0.21
Hop,0,1,2,1,-6,-3.0,91,-7%,-0.07,0.8791946308724832,-0.07
Hop,0,2,12,1,-72,-6.0,475,-15%,-0.15,0.6174496644295302,-0.15
Hop,0,1,3,1,-9,-3.0,12,-75%,-0.75,0.0738255033557047,-0.75
Hop,0,2,13,1,-65,-5.0,502,-13%,-0.13,0.6778523489932886,-0.13
Hop,0,1,2,1,-8,-4.0,17,-47%,-0.47,0.16778523489932887,-0.47
HttpComponents-Client,0,1,2,1,0,0.0,8,0%,0.0,0.76,0.0
HttpComponents-Client,0,1,3,1,-15,-5.0,57,-26%,-0.26,0.32,-0.26
HttpComponents-Client,0,2,2,1,-2,-1.0,18,-11%,-0.11,0.56,-0.11
HttpComponents-Client,0,1,2,1,-6,-3.0,12,-50%,-0.5,0.04,-0.5
HttpComponents-Client,0,1,2,1,-2,-1.0,30,-7%,-0.07,0.6,-0.07
HttpComponents-Client,0,2,3,1,-9,-3.0,18,-50%,-0.5,0.08,-0.5
HttpComponents-Client,0,2,17,1,-51,-3.0,108,-47%,-0.47,0.12,-0.47
HttpComponents-Client,0,1,2,1,-4,-2.0,33,-12%,-0.12,0.48,-0.12
HttpComponents-Client,0,1,2,1,0,0.0,10,0%,0.0,0.8,0.0
HttpComponents-Client,0,1,15,1,-7,-0.466666667,111,-6%,-0.06,0.64,-0.06
HttpComponents-Client,0,2,5,1,-25,-5.0,69,-36%,-0.36,0.2,-0.36
HttpComponents-Client,0,2,2,1,-4,-2.0,33,-12%,-0.12,0.52,-0.12
HttpComponents-Client,0,1,3,1,-3,-1.0,57,-5%,-0.05,0.72,-0.05
HttpComponents-Client,0,1,3,1,0,0.0,26,0%,0.0,0.84,0.0
HttpComponents-Client,0,1,2,1,0,0.0,28,0%,0.0,0.88,0.0
HttpComponents-Client,0,1,4,1,0,0.0,27,0%,0.0,0.92,0.0
HttpComponents-Client,0,1,2,1,-2,-1.0,14,-14%,-0.14,0.4,-0.14
HttpComponents-Client,0,1,19,1,-58,-3.052631579,148,-39%,-0.39,0.16,-0.39
HttpComponents-Client,0,1,2,1,-2,-1.0,9,-22%,-0.22,0.36,-0.22
HttpComponents-Client,0,2,2,1,-2,-1.0,33,-6%,-0.06,0.68,-0.06
HttpComponents-Client,0,1,2,1,-6,-3.0,18,-33%,-0.33,0.24,-0.33
HttpComponents-Client,0,1,3,1,0,0.0,41,0%,0.0,0.96,0.0
HttpComponents-Client,0,1,2,1,0,0.0,17,0%,0.0,1.0,0.0
HttpComponents-Client,0,1,2,1,-2,-1.0,14,-14%,-0.14,0.44,-0.14
HttpComponents-Client,0,1,2,1,-6,-3.0,20,-30%,-0.3,0.28,-0.3
HttpComponents-Core,0,1,2,1,0,0.0,58,0%,0.0,0.8181818181818182,0.0
HttpComponents-Core,0,1,5,1,-5,-1.0,122,-4%,-0.04,0.6818181818181818,-0.04
HttpComponents-Core,0,1,12,1,-12,-1.0,104,-12%,-0.12,0.4090909090909091,-0.12
HttpComponents-Core,0,1,19,1,-19,-1.0,166,-11%,-0.11,0.5454545454545454,-0.11
HttpComponents-Core,0,1,10,1,-10,-1.0,210,-5%,-0.05,0.6363636363636364,-0.05
HttpComponents-Core,0,2,9,1,-27,-3.0,199,-14%,-0.14,0.36363636363636365,-0.14
HttpComponents-Core,0,1,3,1,-9,-3.0,18,-50%,-0.5,0.09090909090909091,-0.5
HttpComponents-Core,0,1,4,1,-12,-3.0,24,-50%,-0.5,0.13636363636363635,-0.5
HttpComponents-Core,0,1,2,1,-2,-1.0,58,-3%,-0.03,0.7272727272727273,-0.03
HttpComponents-Core,0,1,3,1,-3,-1.0,20,-15%,-0.15,0.3181818181818182,-0.15
HttpComponents-Core,0,1,4,1,-4,-1.0,44,-9%,-0.09,0.5909090909090909,-0.09
HttpComponents-Core,0,1,2,1,-2,-1.0,17,-12%,-0.12,0.45454545454545453,-0.12
HttpComponents-Core,0,1,2,1,-2,-1.0,10,-20%,-0.2,0.22727272727272727,-0.2
HttpComponents-Core,0,1,2,1,-10,-5.0,12,-83%,-0.83,0.045454545454545456,-0.83
HttpComponents-Core,0,1,3,1,-3,-1.0,19,-16%,-0.16,0.2727272727272727,-0.16
HttpComponents-Core,0,1,7,1,-7,-1.0,19,-37%,-0.37,0.18181818181818182,-0.37
HttpComponents-Core,0,1,2,1,-2,-1.0,59,-3%,-0.03,0.7727272727272727,-0.03
HttpComponents-Core,0,1,5,1,-5,-1.0,42,-12%,-0.12,0.5,-0.12
HttpComponents-Core,0,1,12,1,0,0.0,143,0%,0.0,0.8636363636363636,0.0
HttpComponents-Core,0,1,11,1,0,0.0,132,0%,0.0,0.9090909090909091,0.0
HttpComponents-Core,0,1,12,1,0,0.0,143,0%,0.0,0.9545454545454546,0.0
HttpComponents-Core,0,1,11,1,0,0.0,132,0%,0.0,1.0,0.0
Hudi,0,1,2,1,-2,-1.0,46,-4%,-0.04,0.8928571428571429,-0.04
Hudi,0,1,2,1,-4,-2.0,12,-33%,-0.33,0.23809523809523808,-0.33
Hudi,0,1,3,1,-9,-3.0,18,-50%,-0.5,0.11904761904761904,-0.5
Hudi,0,2,9,1,-15,-1.666666667,134,-11%,-0.11,0.7142857142857143,-0.11
Hudi,0,2,2,1,-5,-2.5,36,-14%,-0.14,0.6547619047619048,-0.14
Hudi,0,1,2,1,-6,-3.0,14,-43%,-0.43,0.17857142857142858,-0.43
Hudi,0,1,7,1,-22,-3.142857143,77,-29%,-0.29,0.2619047619047619,-0.29
Hudi,0,2,6,1,-18,-3.0,40,-45%,-0.45,0.15476190476190477,-0.45
Hudi,0,2,10,1,-81,-8.1,205,-40%,-0.4,0.20238095238095238,-0.4
Hudi,0,2,7,1,-21,-3.0,114,-18%,-0.18,0.5357142857142857,-0.18
Hudi,0,2,6,1,-18,-3.0,98,-18%,-0.18,0.5476190476190477,-0.18
Hudi,0,2,8,1,-8,-1.0,135,-6%,-0.06,0.8452380952380952,-0.06
Hudi,0,2,2,1,-6,-3.0,42,-14%,-0.14,0.6666666666666666,-0.14
Hudi,0,1,2,1,-6,-3.0,9,-67%,-0.67,0.023809523809523808,-0.67
Hudi,0,1,2,1,-2,-1.0,31,-6%,-0.06,0.8571428571428571,-0.06
Hudi,0,1,2,1,0,0.0,46,0%,0.0,0.9880952380952381,0.0
Hudi,0,1,2,1,-2,-1.0,16,-13%,-0.13,0.7023809523809523,-0.13
Hudi,0,2,3,1,-7,-2.333333333,39,-18%,-0.18,0.5595238095238095,-0.18
Hudi,0,1,2,1,0,0.0,46,0%,0.0,1.0,0.0
Hudi,0,2,2,1,-6,-3.0,35,-17%,-0.17,0.5714285714285714,-0.17
Hudi,0,1,6,1,-6,-1.0,79,-8%,-0.08,0.7857142857142857,-0.08
Hudi,0,2,11,1,-33,-3.0,159,-21%,-0.21,0.4642857142857143,-0.21
Hudi,0,2,2,1,-4,-2.0,17,-24%,-0.24,0.38095238095238093,-0.24
Hudi,0,1,7,1,-21,-3.0,77,-27%,-0.27,0.30952380952380953,-0.27
Hudi,0,2,3,1,-18,-6.0,50,-36%,-0.36,0.2261904761904762,-0.36
Hudi,0,1,2,1,-10,-5.0,18,-56%,-0.56,0.08333333333333333,-0.56
Hudi,0,2,6,1,-6,-1.0,380,-2%,-0.02,0.9642857142857143,-0.02
Hudi,0,2,2,1,-2,-1.0,69,-3%,-0.03,0.9166666666666666,-0.03
Hudi,0,2,2,1,-4,-2.0,27,-15%,-0.15,0.6190476190476191,-0.15
Hudi,0,1,4,1,-12,-3.0,20,-60%,-0.6,0.047619047619047616,-0.6
Hudi,0,1,2,1,-6,-3.0,24,-25%,-0.25,0.36904761904761907,-0.25
Hudi,0,2,18,1,-54,-3.0,538,-10%,-0.1,0.75,-0.1
Hudi,0,2,8,1,-24,-3.0,87,-28%,-0.28,0.2976190476190476,-0.28
Hudi,0,2,8,1,-6,-0.75,225,-3%,-0.03,0.9285714285714286,-0.03
Hudi,0,2,2,1,-6,-3.0,30,-20%,-0.2,0.47619047619047616,-0.2
Hudi,0,2,3,1,-7,-2.333333333,70,-10%,-0.1,0.7619047619047619,-0.1
Hudi,0,1,2,1,-6,-3.0,39,-15%,-0.15,0.6309523809523809,-0.15
Hudi,0,2,2,1,-4,-2.0,20,-20%,-0.2,0.4880952380952381,-0.2
Hudi,0,1,2,1,-2,-1.0,14,-14%,-0.14,0.6785714285714286,-0.14
Hudi,0,1,2,1,-2,-1.0,12,-17%,-0.17,0.5833333333333334,-0.17
Hudi,0,1,2,1,-6,-3.0,57,-11%,-0.11,0.7261904761904762,-0.11
Hudi,0,1,2,1,-2,-1.0,7,-29%,-0.29,0.27380952380952384,-0.29
Hudi,0,1,2,1,-14,-7.0,29,-48%,-0.48,0.14285714285714285,-0.48
Hudi,0,2,2,1,-6,-3.0,35,-17%,-0.17,0.5952380952380952,-0.17
Hudi,0,1,3,1,-9,-3.0,15,-60%,-0.6,0.05952380952380952,-0.6
Hudi,0,1,2,1,-6,-3.0,22,-27%,-0.27,0.32142857142857145,-0.27
Hudi,0,1,2,1,-2,-1.0,9,-22%,-0.22,0.42857142857142855,-0.22
Hudi,0,1,4,1,-24,-6.0,34,-71%,-0.71,0.011904761904761904,-0.71
Hudi,0,2,2,1,-4,-2.0,23,-17%,-0.17,0.6071428571428571,-0.17
Hudi,0,1,4,1,-10,-2.5,24,-42%,-0.42,0.19047619047619047,-0.42
Hudi,0,1,4,1,-11,-2.75,59,-19%,-0.19,0.5238095238095238,-0.19
Hudi,0,1,2,1,-2,-1.0,7,-29%,-0.29,0.2857142857142857,-0.29
Hudi,0,1,2,1,-2,-1.0,46,-4%,-0.04,0.9047619047619048,-0.04
Hudi,0,2,2,1,-10,-5.0,99,-10%,-0.1,0.7738095238095238,-0.1
Hudi,0,1,12,1,-60,-5.0,133,-45%,-0.45,0.16666666666666666,-0.45
Hudi,0,2,6,1,-26,-4.333333333,129,-20%,-0.2,0.5,-0.2
Hudi,0,1,4,1,-4,-1.0,290,-1%,-0.01,0.9761904761904762,-0.01
Hudi,0,1,11,1,-11,-1.0,51,-22%,-0.22,0.44047619047619047,-0.22
Hudi,0,1,2,1,-4,-2.0,8,-50%,-0.5,0.13095238095238096,-0.5
Hudi,0,1,3,1,-9,-3.0,15,-60%,-0.6,0.07142857142857142,-0.6
Hudi,0,2,2,1,-1,-0.5,35,-3%,-0.03,0.9404761904761905,-0.03
Hudi,0,1,7,1,-2,-0.285714286,59,-3%,-0.03,0.9523809523809523,-0.03
Hudi,0,2,4,1,-8,-2.0,24,-33%,-0.33,0.25,-0.33
Hudi,0,1,5,1,-15,-3.0,102,-15%,-0.15,0.6428571428571429,-0.15
Hudi,0,1,2,1,-6,-3.0,22,-27%,-0.27,0.3333333333333333,-0.27
Hudi,0,1,2,1,-10,-5.0,18,-56%,-0.56,0.09523809523809523,-0.56
Hudi,0,1,2,1,-6,-3.0,30,-20%,-0.2,0.5119047619047619,-0.2
Hudi,0,1,2,1,-5,-2.5,47,-11%,-0.11,0.7380952380952381,-0.11
Hudi,0,2,9,1,-27,-3.0,73,-37%,-0.37,0.21428571428571427,-0.37
Hudi,0,1,2,1,-2,-1.0,27,-7%,-0.07,0.7976190476190477,-0.07
Hudi,0,1,2,1,-6,-3.0,22,-27%,-0.27,0.34523809523809523,-0.27
Hudi,0,1,2,1,-4,-2.0,17,-24%,-0.24,0.39285714285714285,-0.24
Hudi,0,1,5,1,-13,-2.6,56,-23%,-0.23,0.4166666666666667,-0.23
Hudi,0,1,4,1,-20,-5.0,37,-54%,-0.54,0.10714285714285714,-0.54
Hudi,0,1,2,1,-2,-1.0,29,-7%,-0.07,0.8095238095238095,-0.07
Hudi,0,1,4,1,-4,-1.0,15,-27%,-0.27,0.35714285714285715,-0.27
Hudi,0,1,4,1,-4,-1.0,68,-6%,-0.06,0.8690476190476191,-0.06
Hudi,0,1,9,1,-9,-1.0,170,-5%,-0.05,0.8809523809523809,-0.05
Hudi,0,1,2,1,-6,-3.0,44,-14%,-0.14,0.6904761904761905,-0.14
Hudi,0,1,4,1,-4,-1.0,55,-7%,-0.07,0.8214285714285714,-0.07
Hudi,0,2,3,1,-19,-6.333333333,78,-24%,-0.24,0.40476190476190477,-0.24
Hudi,0,1,4,1,-4,-1.0,55,-7%,-0.07,0.8333333333333334,-0.07
Hudi,0,2,2,1,-14,-7.0,65,-22%,-0.22,0.4523809523809524,-0.22
Hudi,0,1,2,1,-8,-4.0,12,-67%,-0.67,0.03571428571428571,-0.67
Iceberg,0,1,2,1,0,0.0,12,0%,0.0,0.8292682926829268,0.0
Iceberg,0,1,3,1,-10,-3.333333333,30,-33%,-0.33,0.23170731707317074,-0.33
Iceberg,0,1,7,1,-9,-1.285714286,40,-23%,-0.23,0.36585365853658536,-0.23
Iceberg,0,2,2,1,-2,-1.0,26,-8%,-0.08,0.6707317073170732,-0.08
Iceberg,0,1,4,1,-10,-2.5,149,-7%,-0.07,0.7317073170731707,-0.07
Iceberg,0,1,3,1,-3,-1.0,44,-7%,-0.07,0.7439024390243902,-0.07
Iceberg,0,1,2,1,-2,-1.0,13,-15%,-0.15,0.524390243902439,-0.15
Iceberg,0,2,6,1,-18,-3.0,51,-35%,-0.35,0.21951219512195122,-0.35
Iceberg,0,1,3,1,-3,-1.0,25,-12%,-0.12,0.5609756097560976,-0.12
Iceberg,0,2,5,1,-15,-3.0,36,-42%,-0.42,0.17073170731707318,-0.42
Iceberg,0,1,3,1,-3,-1.0,3,-100%,-1.0,0.012195121951219513,-1.0
Iceberg,0,1,2,1,0,0.0,8,0%,0.0,0.8414634146341463,0.0
Iceberg,0,1,3,1,-5,-1.666666667,6,-83%,-0.83,0.08536585365853659,-0.83
Iceberg,0,1,2,1,-4,-2.0,26,-15%,-0.15,0.5365853658536586,-0.15
Iceberg,0,1,5,1,-2,-0.4,88,-2%,-0.02,0.8170731707317073,-0.02
Iceberg,0,1,4,1,0,0.0,64,0%,0.0,0.8536585365853658,0.0
Iceberg,0,1,2,1,-10,-5.0,10,-100%,-1.0,0.024390243902439025,-1.0
Iceberg,0,1,3,1,0,0.0,23,0%,0.0,0.8658536585365854,0.0
Iceberg,0,2,6,1,-34,-5.666666667,70,-49%,-0.49,0.12195121951219512,-0.49
Iceberg,0,2,3,1,-11,-3.666666667,63,-17%,-0.17,0.47560975609756095,-0.17
Iceberg,0,1,2,1,-2,-1.0,52,-4%,-0.04,0.7682926829268293,-0.04
Iceberg,0,2,2,1,-10,-5.0,16,-63%,-0.63,0.0975609756097561,-0.63
Iceberg,0,1,3,1,-3,-1.0,3,-100%,-1.0,0.036585365853658534,-1.0
Iceberg,0,1,8,1,-20,-2.5,83,-24%,-0.24,0.34146341463414637,-0.24
Iceberg,0,1,6,1,-3,-0.5,53,-6%,-0.06,0.7560975609756098,-0.06
Iceberg,0,1,2,1,-6,-3.0,23,-26%,-0.26,0.2926829268292683,-0.26
Iceberg,0,1,6,1,-2,-0.333333333,73,-3%,-0.03,0.7926829268292683,-0.03
Iceberg,0,1,4,1,0,0.0,50,0%,0.0,0.8780487804878049,0.0
Iceberg,0,1,4,1,-4,-1.0,149,-3%,-0.03,0.8048780487804879,-0.03
Iceberg,0,1,2,1,-2,-1.0,48,-4%,-0.04,0.7804878048780488,-0.04
Iceberg,0,1,4,1,-12,-3.0,30,-40%,-0.4,0.18292682926829268,-0.4
Iceberg,0,1,2,1,0,0.0,12,0%,0.0,0.8902439024390244,0.0
Iceberg,0,1,3,1,0,0.0,51,0%,0.0,0.9024390243902439,0.0
Iceberg,0,1,2,1,0,0.0,22,0%,0.0,0.9146341463414634,0.0
Iceberg,0,1,13,1,0,0.0,140,0%,0.0,0.926829268292683,0.0
Iceberg,0,1,27,1,-18,-0.666666667,77,-23%,-0.23,0.3780487804878049,-0.23
Iceberg,0,1,2,1,-2,-1.0,12,-17%,-0.17,0.4878048780487805,-0.17
Iceberg,0,1,4,1,-4,-1.0,21,-19%,-0.19,0.4268292682926829,-0.19
Iceberg,0,1,3,1,-3,-1.0,30,-10%,-0.1,0.6463414634146342,-0.1
Iceberg,0,1,2,1,-3,-1.5,7,-43%,-0.43,0.15853658536585366,-0.43
Iceberg,0,1,3,1,-3,-1.0,25,-12%,-0.12,0.573170731707317,-0.12
Iceberg,0,1,2,1,-8,-4.0,44,-18%,-0.18,0.43902439024390244,-0.18
Iceberg,0,1,3,1,-3,-1.0,25,-12%,-0.12,0.5853658536585366,-0.12
Iceberg,0,1,6,1,-6,-1.0,24,-25%,-0.25,0.3170731707317073,-0.25
Iceberg,0,1,12,1,-12,-1.0,87,-14%,-0.14,0.5487804878048781,-0.14
Iceberg,0,1,12,1,0,0.0,35,0%,0.0,0.9390243902439024,0.0
Iceberg,0,1,4,1,-4,-1.0,4,-100%,-1.0,0.04878048780487805,-1.0
Iceberg,0,1,3,1,-3,-1.0,25,-12%,-0.12,0.5975609756097561,-0.12
Iceberg,0,1,3,1,0,0.0,11,0%,0.0,0.9512195121951219,0.0
Iceberg,0,1,3,1,-3,-1.0,25,-12%,-0.12,0.6097560975609756,-0.12
Iceberg,0,2,4,1,-20,-5.0,45,-44%,-0.44,0.14634146341463414,-0.44
Iceberg,0,1,4,1,-8,-2.0,13,-62%,-0.62,0.10975609756097561,-0.62
Iceberg,0,1,2,1,-2,-1.0,12,-17%,-0.17,0.5,-0.17
Iceberg,0,1,2,1,-4,-2.0,22,-18%,-0.18,0.45121951219512196,-0.18
Iceberg,0,1,2,1,-6,-3.0,26,-23%,-0.23,0.3902439024390244,-0.23
Iceberg,0,1,3,1,-3,-1.0,25,-12%,-0.12,0.6219512195121951,-0.12
Iceberg,0,1,2,1,-4,-2.0,25,-16%,-0.16,0.5121951219512195,-0.16
Iceberg,0,1,3,1,-3,-1.0,3,-100%,-1.0,0.06097560975609756,-1.0
Iceberg,0,1,3,1,-6,-2.0,23,-26%,-0.26,0.3048780487804878,-0.26
Iceberg,0,1,15,1,-28,-1.866666667,226,-12%,-0.12,0.6341463414634146,-0.12
Iceberg,0,1,3,1,0,0.0,26,0%,0.0,0.9634146341463414,0.0
Iceberg,0,1,22,1,0,0.0,189,0%,0.0,0.975609756097561,0.0
Iceberg,0,1,7,1,-13,-1.857142857,34,-38%,-0.38,0.1951219512195122,-0.38
Iceberg,0,2,33,1,-99,-3.0,276,-36%,-0.36,0.2073170731707317,-0.36
Iceberg,0,1,12,1,-12,-1.0,36,-33%,-0.33,0.24390243902439024,-0.33
Iceberg,0,1,6,1,-2,-0.333333333,24,-8%,-0.08,0.6829268292682927,-0.08
Iceberg,0,1,3,1,-3,-1.0,9,-33%,-0.33,0.25609756097560976,-0.33
Iceberg,0,1,3,1,-2,-0.666666667,23,-9%,-0.09,0.6585365853658537,-0.09
Iceberg,0,1,3,1,-2,-0.666666667,11,-18%,-0.18,0.4634146341463415,-0.18
Iceberg,0,1,3,1,-2,-0.666666667,9,-22%,-0.22,0.4024390243902439,-0.22
Iceberg,0,1,4,1,-12,-3.0,37,-32%,-0.32,0.2682926829268293,-0.32
Iceberg,0,1,3,1,-4,-1.333333333,18,-22%,-0.22,0.4146341463414634,-0.22
Iceberg,0,1,3,1,-6,-2.0,25,-24%,-0.24,0.35365853658536583,-0.24
Iceberg,0,1,3,1,-8,-2.666666667,30,-27%,-0.27,0.2804878048780488,-0.27
Iceberg,0,1,2,1,0,0.0,40,0%,0.0,0.9878048780487805,0.0
Iceberg,0,1,3,1,0,0.0,9,0%,0.0,1.0,0.0
Iceberg,0,1,2,1,-10,-5.0,11,-91%,-0.91,0.07317073170731707,-0.91
Iceberg,0,1,2,1,-2,-1.0,24,-8%,-0.08,0.6951219512195121,-0.08
Iceberg,0,1,2,1,-2,-1.0,24,-8%,-0.08,0.7073170731707317,-0.08
Iceberg,0,1,2,1,-2,-1.0,24,-8%,-0.08,0.7195121951219512,-0.08
Iceberg,0,1,2,1,-11,-5.5,23,-48%,-0.48,0.13414634146341464,-0.48
Iceberg,0,1,2,1,-2,-1.0,8,-25%,-0.25,0.32926829268292684,-0.25
Ignite,0,1,5,1,-15,-3.0,50,-30%,-0.3,0.4166666666666667,-0.3
Ignite,0,2,2,1,-12,-6.0,40,-30%,-0.3,0.5,-0.3
Ignite,0,2,2,1,-18,-9.0,74,-24%,-0.24,0.6666666666666666,-0.24
Ignite,0,1,2,1,-6,-3.0,26,-23%,-0.23,0.75,-0.23
Ignite,0,2,2,1,-5,-2.5,26,-19%,-0.19,0.8333333333333334,-0.19
Ignite,0,1,2,1,-9,-4.5,9,-100%,-1.0,0.08333333333333333,-1.0
Ignite,0,1,2,1,-6,-3.0,7,-86%,-0.86,0.16666666666666666,-0.86
Ignite,0,1,2,1,-6,-3.0,11,-55%,-0.55,0.3333333333333333,-0.55
Ignite,0,1,3,1,0,0.0,18,0%,0.0,0.9166666666666666,0.0
Ignite,0,1,4,1,-12,-3.0,16,-75%,-0.75,0.25,-0.75
Ignite,0,1,3,1,0,0.0,13,0%,0.0,1.0,0.0
Ignite,0,1,3,1,-13,-4.333333333,44,-30%,-0.3,0.5833333333333334,-0.3
Impala,0,1,2,1,-6,-3.0,14,-43%,-0.43,1.0,-0.43
Impala,0,1,4,1,-12,-3.0,22,-55%,-0.55,0.5,-0.55
InLong,0,1,8,1,-40,-5.0,108,-37%,-0.37,0.75,-0.37
InLong,0,1,2,1,0,0.0,0,,,,
InLong,0,1,2,1,-2,-1.0,5,-40%,-0.4,0.5,-0.4
InLong,0,1,2,1,-14,-7.0,18,-78%,-0.78,0.25,-0.78
InLong,0,1,2,1,-6,-3.0,19,-32%,-0.32,1.0,-0.32
IoTDB,0,1,2,1,-6,-3.0,71,-8%,-0.08,0.5454545454545454,-0.08
IoTDB,0,1,5,1,-5,-1.0,326,-2%,-0.02,0.7636363636363637,-0.02
IoTDB,0,1,4,1,-4,-1.0,238,-2%,-0.02,0.7818181818181819,-0.02
IoTDB,0,2,2,1,-14,-7.0,42,-33%,-0.33,0.21818181818181817,-0.33
IoTDB,0,2,9,1,-27,-3.0,1335,-2%,-0.02,0.8,-0.02
IoTDB,0,1,2,1,-6,-3.0,56,-11%,-0.11,0.4727272727272727,-0.11
IoTDB,0,1,2,1,-2,-1.0,56,-4%,-0.04,0.6909090909090909,-0.04
IoTDB,0,1,4,1,-12,-3.0,61,-20%,-0.2,0.2909090909090909,-0.2
IoTDB,0,1,2,1,-6,-3.0,38,-16%,-0.16,0.34545454545454546,-0.16
IoTDB,0,1,3,1,-3,-1.0,18,-17%,-0.17,0.3090909090909091,-0.17
IoTDB,0,1,2,1,0,0.0,52,0%,0.0,0.8363636363636363,0.0
IoTDB,0,1,4,1,0,0.0,238,0%,0.0,0.8545454545454545,0.0
IoTDB,0,1,5,1,0,0.0,326,0%,0.0,0.8727272727272727,0.0
IoTDB,0,1,4,1,0,0.0,238,0%,0.0,0.8909090909090909,0.0
IoTDB,0,1,3,1,-27,-9.0,39,-69%,-0.69,0.09090909090909091,-0.69
IoTDB,0,1,6,1,-30,-5.0,234,-13%,-0.13,0.45454545454545453,-0.13
IoTDB,0,1,6,1,-6,-1.0,234,-3%,-0.03,0.7272727272727273,-0.03
IoTDB,0,1,6,1,-6,-1.0,121,-5%,-0.05,0.6181818181818182,-0.05
IoTDB,0,2,4,1,-20,-5.0,47,-43%,-0.43,0.12727272727272726,-0.43
IoTDB,0,1,6,1,-6,-1.0,161,-4%,-0.04,0.7090909090909091,-0.04
IoTDB,0,1,3,1,-9,-3.0,12,-75%,-0.75,0.07272727272727272,-0.75
IoTDB,0,1,5,1,-45,-9.0,59,-76%,-0.76,0.05454545454545454,-0.76
IoTDB,0,1,2,1,-2,-1.0,2,-100%,-1.0,0.01818181818181818,-1.0
IoTDB,0,1,10,1,-70,-7.0,118,-59%,-0.59,0.10909090909090909,-0.59
IoTDB,0,2,4,1,-20,-5.0,56,-36%,-0.36,0.18181818181818182,-0.36
IoTDB,0,2,2,1,-2,-1.0,165,-1%,-0.01,0.8181818181818182,-0.01
IoTDB,0,1,2,1,-6,-3.0,56,-11%,-0.11,0.4909090909090909,-0.11
IoTDB,0,1,2,1,-2,-1.0,14,-14%,-0.14,0.4,-0.14
IoTDB,0,1,7,1,-22,-3.142857143,61,-36%,-0.36,0.2,-0.36
IoTDB,0,1,3,1,-4,-1.333333333,29,-14%,-0.14,0.41818181818181815,-0.14
IoTDB,0,1,2,1,-2,-1.0,38,-5%,-0.05,0.6363636363636364,-0.05
IoTDB,0,1,6,1,-18,-3.0,234,-8%,-0.08,0.5636363636363636,-0.08
IoTDB,0,1,6,1,-18,-3.0,69,-26%,-0.26,0.2545454545454545,-0.26
IoTDB,0,1,6,1,-6,-1.0,234,-3%,-0.03,0.7454545454545455,-0.03
IoTDB,0,1,2,1,-6,-3.0,7,-86%,-0.86,0.03636363636363636,-0.86
IoTDB,0,1,2,1,-4,-2.0,36,-11%,-0.11,0.509090909090909,-0.11
IoTDB,0,1,4,1,-4,-1.0,61,-7%,-0.07,0.5818181818181818,-0.07
IoTDB,0,1,17,1,-34,-2.0,697,-5%,-0.05,0.6545454545454545,-0.05
IoTDB,0,2,3,1,-9,-3.0,38,-24%,-0.24,0.2727272727272727,-0.24
IoTDB,0,1,2,1,-2,-1.0,38,-5%,-0.05,0.6727272727272727,-0.05
IoTDB,0,1,2,1,-8,-4.0,59,-14%,-0.14,0.43636363636363634,-0.14
IoTDB,0,1,6,1,-78,-13.0,234,-33%,-0.33,0.23636363636363636,-0.33
IoTDB,0,2,2,1,-6,-3.0,56,-11%,-0.11,0.5272727272727272,-0.11
IoTDB,0,1,2,1,0,0.0,38,0%,0.0,0.9090909090909091,0.0
IoTDB,0,1,2,1,0,0.0,52,0%,0.0,0.9272727272727272,0.0
IoTDB,0,1,2,1,0,0.0,14,0%,0.0,0.9454545454545454,0.0
IoTDB,0,1,2,1,-22,-11.0,56,-39%,-0.39,0.16363636363636364,-0.39
IoTDB,0,1,2,1,-4,-2.0,58,-7%,-0.07,0.6,-0.07
IoTDB,0,1,5,1,0,0.0,326,0%,0.0,0.9636363636363636,0.0
IoTDB,0,1,2,1,0,0.0,31,0%,0.0,0.9818181818181818,0.0
IoTDB,0,2,18,1,-65,-3.611111111,380,-17%,-0.17,0.32727272727272727,-0.17
IoTDB,0,1,2,1,-6,-3.0,38,-16%,-0.16,0.36363636363636365,-0.16
IoTDB,0,1,2,1,-6,-3.0,38,-16%,-0.16,0.38181818181818183,-0.16
IoTDB,0,1,10,1,0,0.0,407,0%,0.0,1.0,0.0
IoTDB,0,2,2,1,-6,-3.0,15,-40%,-0.4,0.14545454545454545,-0.4
Jackrabbit,0,1,5,1,0,0.0,10,0%,0.0,1.0,0.0
Jackrabbit,0,2,2,1,-4,-2.0,24,-17%,-0.17,0.8,-0.17
Jackrabbit,0,1,8,1,-24,-3.0,72,-33%,-0.33,0.2,-0.33
Jackrabbit,0,1,7,1,-14,-2.0,61,-23%,-0.23,0.6,-0.23
Jackrabbit,0,2,2,1,-4,-2.0,14,-29%,-0.29,0.4,-0.29
JAMES,0,1,2,1,-6,-3.0,44,-14%,-0.14,0.8309859154929577,-0.14
JAMES,0,2,3,1,-9,-3.0,24,-38%,-0.38,0.4507042253521127,-0.38
JAMES,0,1,4,1,-12,-3.0,12,-100%,-1.0,0.014084507042253521,-1.0
JAMES,0,1,3,1,-9,-3.0,34,-26%,-0.26,0.647887323943662,-0.26
JAMES,0,2,3,1,-9,-3.0,30,-30%,-0.3,0.5633802816901409,-0.3
JAMES,0,2,2,1,-6,-3.0,12,-50%,-0.5,0.2676056338028169,-0.5
JAMES,0,1,2,1,-3,-1.5,5,-60%,-0.6,0.16901408450704225,-0.6
JAMES,0,1,2,1,-6,-3.0,6,-100%,-1.0,0.028169014084507043,-1.0
JAMES,0,2,6,1,-30,-5.0,138,-22%,-0.22,0.7183098591549296,-0.22
JAMES,0,1,2,1,-12,-6.0,44,-27%,-0.27,0.6338028169014085,-0.27
JAMES,0,1,3,1,-9,-3.0,21,-43%,-0.43,0.39436619718309857,-0.43
JAMES,0,1,2,1,-6,-3.0,6,-100%,-1.0,0.04225352112676056,-1.0
JAMES,0,2,2,1,-18,-9.0,36,-50%,-0.5,0.28169014084507044,-0.5
JAMES,0,1,2,1,-10,-5.0,15,-67%,-0.67,0.14084507042253522,-0.67
JAMES,0,1,10,1,-36,-3.6,74,-49%,-0.49,0.3380281690140845,-0.49
JAMES,0,1,2,1,-4,-2.0,13,-31%,-0.31,0.5492957746478874,-0.31
JAMES,0,2,13,1,-39,-3.0,55,-71%,-0.71,0.11267605633802817,-0.71
JAMES,0,1,2,1,0,0.0,15,0%,0.0,0.9577464788732394,0.0
JAMES,0,1,9,1,-18,-2.0,51,-35%,-0.35,0.49295774647887325,-0.35
JAMES,0,1,2,1,-6,-3.0,11,-55%,-0.55,0.2535211267605634,-0.55
JAMES,0,1,6,1,-18,-3.0,62,-29%,-0.29,0.6056338028169014,-0.29
JAMES,0,1,2,1,-6,-3.0,12,-50%,-0.5,0.29577464788732394,-0.5
JAMES,0,1,2,1,-8,-4.0,37,-22%,-0.22,0.7323943661971831,-0.22
JAMES,0,1,2,1,-8,-4.0,33,-24%,-0.24,0.704225352112676,-0.24
JAMES,0,1,6,1,-18,-3.0,41,-44%,-0.44,0.38028169014084506,-0.44
JAMES,0,2,4,1,-4,-1.0,31,-13%,-0.13,0.8450704225352113,-0.13
JAMES,0,1,2,1,-6,-3.0,8,-75%,-0.75,0.09859154929577464,-0.75
JAMES,0,1,5,1,-5,-1.0,15,-33%,-0.33,0.5070422535211268,-0.33
JAMES,0,1,4,1,-4,-1.0,20,-20%,-0.2,0.7605633802816901,-0.2
JAMES,0,1,6,1,-18,-3.0,119,-15%,-0.15,0.8169014084507042,-0.15
JAMES,0,2,4,1,-4,-1.0,94,-4%,-0.04,0.9295774647887324,-0.04
JAMES,0,2,3,1,-15,-5.0,33,-45%,-0.45,0.36619718309859156,-0.45
JAMES,0,1,2,1,-6,-3.0,74,-8%,-0.08,0.8732394366197183,-0.08
JAMES,0,1,8,1,-24,-3.0,82,-29%,-0.29,0.6197183098591549,-0.29
JAMES,0,2,8,1,-20,-2.5,47,-43%,-0.43,0.4084507042253521,-0.43
JAMES,0,1,3,1,-6,-2.0,12,-50%,-0.5,0.30985915492957744,-0.5
JAMES,0,1,21,1,0,0.0,47,0%,0.0,0.971830985915493,0.0
JAMES,0,1,26,1,0,0.0,57,0%,0.0,0.9859154929577465,0.0
JAMES,0,1,2,1,-2,-1.0,3,-67%,-0.67,0.15492957746478872,-0.67
JAMES,0,2,2,1,-6,-3.0,18,-33%,-0.33,0.5211267605633803,-0.33
JAMES,0,2,5,1,-8,-1.6,22,-36%,-0.36,0.4647887323943662,-0.36
JAMES,0,2,5,1,-18,-3.6,112,-16%,-0.16,0.8028169014084507,-0.16
JAMES,0,2,5,1,-5,-1.0,70,-7%,-0.07,0.8873239436619719,-0.07
JAMES,0,1,2,1,-5,-2.5,30,-17%,-0.17,0.7887323943661971,-0.17
JAMES,0,1,2,1,-24,-12.0,30,-80%,-0.8,0.08450704225352113,-0.8
JAMES,0,1,2,1,-6,-3.0,10,-60%,-0.6,0.18309859154929578,-0.6
JAMES,0,1,2,1,0,0.0,4,0%,0.0,1.0,0.0
JAMES,0,1,31,1,-93,-3.0,441,-21%,-0.21,0.7464788732394366,-0.21
JAMES,0,1,9,1,-47,-5.222222222,131,-36%,-0.36,0.4788732394366197,-0.36
JAMES,0,1,15,1,-45,-3.0,75,-60%,-0.6,0.19718309859154928,-0.6
JAMES,0,1,2,1,-2,-1.0,8,-25%,-0.25,0.6619718309859155,-0.25
JAMES,0,1,4,1,-4,-1.0,64,-6%,-0.06,0.9014084507042254,-0.06
JAMES,0,1,2,1,-2,-1.0,74,-3%,-0.03,0.9436619718309859,-0.03
JAMES,0,1,4,1,-12,-3.0,20,-60%,-0.6,0.2112676056338028,-0.6
JAMES,0,2,4,1,-4,-1.0,70,-6%,-0.06,0.9154929577464789,-0.06
JAMES,0,2,2,1,-18,-9.0,36,-50%,-0.5,0.323943661971831,-0.5
JAMES,0,1,2,1,-10,-5.0,10,-100%,-1.0,0.056338028169014086,-1.0
JAMES,0,2,2,1,-2,-1.0,22,-9%,-0.09,0.8591549295774648,-0.09
JAMES,0,1,2,1,-7,-3.5,7,-100%,-1.0,0.07042253521126761,-1.0
JAMES,0,2,3,1,-3,-1.0,17,-18%,-0.18,0.7746478873239436,-0.18
JAMES,0,2,10,1,-30,-3.0,72,-42%,-0.42,0.4225352112676056,-0.42
JAMES,0,1,4,1,-12,-3.0,20,-60%,-0.6,0.22535211267605634,-0.6
JAMES,0,1,3,1,-9,-3.0,15,-60%,-0.6,0.23943661971830985,-0.6
JAMES,0,1,6,1,-6,-1.0,20,-30%,-0.3,0.5774647887323944,-0.3
JAMES,0,1,2,1,-6,-3.0,24,-25%,-0.25,0.676056338028169,-0.25
JAMES,0,2,18,1,-102,-5.666666667,339,-30%,-0.3,0.5915492957746479,-0.3
JAMES,0,1,5,1,-15,-3.0,46,-33%,-0.33,0.5352112676056338,-0.33
JAMES,0,2,47,1,-221,-4.70212766,475,-47%,-0.47,0.352112676056338,-0.47
JAMES,0,1,3,1,-9,-3.0,13,-69%,-0.69,0.1267605633802817,-0.69
JAMES,0,1,4,1,-12,-3.0,31,-39%,-0.39,0.43661971830985913,-0.39
JAMES,0,2,3,1,-9,-3.0,36,-25%,-0.25,0.6901408450704225,-0.25
Jena,0,1,2,1,-6,-3.0,8,-75%,-0.75,0.2,-0.75
Jena,0,1,2,1,-6,-3.0,12,-50%,-0.5,0.8,-0.5
Jena,0,1,2,1,-6,-3.0,10,-60%,-0.6,0.6,-0.6
Jena,0,1,2,1,-4,-2.0,6,-67%,-0.67,0.4,-0.67
Jena,0,1,4,1,-4,-1.0,14,-29%,-0.29,1.0,-0.29
JSPWiki,0,1,19,1,-90,-4.736842105,200,-45%,-0.45,0.5714285714285714,-0.45
JSPWiki,0,2,6,1,-42,-7.0,54,-78%,-0.78,0.2857142857142857,-0.78
JSPWiki,0,1,2,1,-10,-5.0,12,-83%,-0.83,0.14285714285714285,-0.83
JSPWiki,0,1,2,1,0,0.0,4,0%,0.0,0.8571428571428571,0.0
JSPWiki,0,1,6,1,-17,-2.833333333,71,-24%,-0.24,0.7142857142857143,-0.24
JSPWiki,0,1,2,1,0,0.0,18,0%,0.0,1.0,0.0
JSPWiki,0,1,2,1,-11,-5.5,18,-61%,-0.61,0.42857142857142855,-0.61
Kylin,0,1,6,1,-18,-3.0,58,-31%,-0.31,0.3176470588235294,-0.31
Kylin,0,1,2,1,-6,-3.0,32,-19%,-0.19,0.5176470588235295,-0.19
Kylin,0,1,3,1,0,0.0,3,0%,0.0,0.8588235294117647,0.0
Kylin,0,2,2,1,-4,-2.0,16,-25%,-0.25,0.4117647058823529,-0.25
Kylin,0,1,2,1,-2,-1.0,7,-29%,-0.29,0.36470588235294116,-0.29
Kylin,0,2,9,1,-27,-3.0,79,-34%,-0.34,0.23529411764705882,-0.34
Kylin,0,2,16,1,-16,-1.0,171,-9%,-0.09,0.7294117647058823,-0.09
Kylin,0,1,39,1,-93,-2.384615385,303,-31%,-0.31,0.32941176470588235,-0.31
Kylin,0,1,2,1,-14,-7.0,60,-23%,-0.23,0.4470588235294118,-0.23
Kylin,0,2,7,1,-8,-1.142857143,73,-11%,-0.11,0.6705882352941176,-0.11
Kylin,0,1,3,1,-9,-3.0,31,-29%,-0.29,0.3764705882352941,-0.29
Kylin,0,1,2,1,-10,-5.0,31,-32%,-0.32,0.29411764705882354,-0.32
Kylin,0,1,2,1,-10,-5.0,48,-21%,-0.21,0.47058823529411764,-0.21
Kylin,0,1,4,1,0,0.0,17,0%,0.0,0.8705882352941177,0.0
Kylin,0,2,4,1,-8,-2.0,34,-24%,-0.24,0.43529411764705883,-0.24
Kylin,0,1,2,1,-14,-7.0,34,-41%,-0.41,0.18823529411764706,-0.41
Kylin,0,1,2,1,-10,-5.0,18,-56%,-0.56,0.10588235294117647,-0.56
Kylin,0,1,3,1,-3,-1.0,33,-9%,-0.09,0.7411764705882353,-0.09
Kylin,0,2,2,1,-14,-7.0,26,-54%,-0.54,0.12941176470588237,-0.54
Kylin,0,2,2,1,-6,-3.0,12,-50%,-0.5,0.1411764705882353,-0.5
Kylin,0,2,2,1,-4,-2.0,12,-33%,-0.33,0.25882352941176473,-0.33
Kylin,0,1,2,1,-4,-2.0,6,-67%,-0.67,0.047058823529411764,-0.67
Kylin,0,1,2,1,-6,-3.0,8,-75%,-0.75,0.023529411764705882,-0.75
Kylin,0,1,2,1,-4,-2.0,7,-57%,-0.57,0.07058823529411765,-0.57
Kylin,0,1,5,1,-5,-1.0,51,-10%,-0.1,0.6941176470588235,-0.1
Kylin,0,1,2,1,0,0.0,11,0%,0.0,0.8823529411764706,0.0
Kylin,0,1,8,1,0,0.0,11,0%,0.0,0.8941176470588236,0.0
Kylin,0,1,9,1,0,0.0,31,0%,0.0,0.9058823529411765,0.0
Kylin,0,1,2,1,0,0.0,16,0%,0.0,0.9176470588235294,0.0
Kylin,0,1,2,1,0,0.0,3,0%,0.0,0.9294117647058824,0.0
Kylin,0,1,4,1,0,0.0,6,0%,0.0,0.9411764705882353,0.0
Kylin,0,1,2,1,-6,-3.0,32,-19%,-0.19,0.5294117647058824,-0.19
Kylin,0,1,2,1,-4,-2.0,7,-57%,-0.57,0.08235294117647059,-0.57
Kylin,0,2,3,1,-9,-3.0,67,-13%,-0.13,0.6,-0.13
Kylin,0,2,7,1,-21,-3.0,65,-32%,-0.32,0.3058823529411765,-0.32
Kylin,0,1,2,1,-1,-0.5,15,-7%,-0.07,0.788235294117647,-0.07
Kylin,0,1,2,1,0,0.0,1,0%,0.0,0.9529411764705882,0.0
Kylin,0,1,2,1,0,0.0,21,0%,0.0,0.9647058823529412,0.0
Kylin,0,1,4,1,-9,-2.25,24,-38%,-0.38,0.21176470588235294,-0.38
Kylin,0,1,14,1,-42,-3.0,119,-35%,-0.35,0.2235294117647059,-0.35
Kylin,0,1,7,1,-7,-1.0,38,-18%,-0.18,0.5529411764705883,-0.18
Kylin,0,2,9,1,-23,-2.555555556,92,-25%,-0.25,0.4235294117647059,-0.25
Kylin,0,1,2,1,-3,-1.5,13,-23%,-0.23,0.4588235294117647,-0.23
Kylin,0,1,2,1,0,0.0,3,0%,0.0,0.9764705882352941,0.0
Kylin,0,1,2,1,-2,-1.0,46,-4%,-0.04,0.8352941176470589,-0.04
Kylin,0,1,3,1,0,0.0,3,0%,0.0,0.9882352941176471,0.0
Kylin,0,1,2,1,-8,-4.0,9,-89%,-0.89,0.011764705882352941,-0.89
Kylin,0,1,15,1,-15,-1.0,124,-12%,-0.12,0.6352941176470588,-0.12
Kylin,0,1,2,1,-2,-1.0,18,-11%,-0.11,0.6823529411764706,-0.11
Kylin,0,2,3,1,-6,-2.0,14,-43%,-0.43,0.17647058823529413,-0.43
Kylin,0,1,2,1,-4,-2.0,22,-18%,-0.18,0.5647058823529412,-0.18
Kylin,0,1,2,1,-2,-1.0,26,-8%,-0.08,0.7529411764705882,-0.08
Kylin,0,1,16,1,-80,-5.0,244,-33%,-0.33,0.27058823529411763,-0.33
Kylin,0,2,8,1,-8,-1.0,125,-6%,-0.06,0.8,-0.06
Kylin,0,2,2,1,-2,-1.0,44,-5%,-0.05,0.8117647058823529,-0.05
Kylin,0,1,2,1,-2,-1.0,42,-5%,-0.05,0.8235294117647058,-0.05
Kylin,0,1,2,1,-4,-2.0,7,-57%,-0.57,0.09411764705882353,-0.57
Kylin,0,1,2,1,-6,-3.0,18,-33%,-0.33,0.2823529411764706,-0.33
Kylin,0,1,2,1,-10,-5.0,32,-31%,-0.31,0.3411764705882353,-0.31
Kylin,0,1,2,1,-2,-1.0,26,-8%,-0.08,0.7647058823529411,-0.08
Kylin,0,2,5,1,-13,-2.6,80,-16%,-0.16,0.5882352941176471,-0.16
Kylin,0,1,2,1,-6,-3.0,46,-13%,-0.13,0.611764705882353,-0.13
Kylin,0,1,2,1,-6,-3.0,22,-27%,-0.27,0.38823529411764707,-0.27
Kylin,0,1,6,1,-30,-5.0,42,-71%,-0.71,0.03529411764705882,-0.71
Kylin,0,1,2,1,-6,-3.0,22,-27%,-0.27,0.4,-0.27
Kylin,0,1,2,1,-2,-1.0,24,-8%,-0.08,0.7764705882352941,-0.08
Kylin,0,2,3,1,-7,-2.333333333,67,-10%,-0.1,0.7058823529411765,-0.1
Kylin,0,1,2,1,-6,-3.0,32,-19%,-0.19,0.5411764705882353,-0.19
Kylin,0,1,3,1,-9,-3.0,67,-13%,-0.13,0.6235294117647059,-0.13
Kylin,0,1,4,1,0,0.0,19,0%,0.0,1.0,0.0
Kylin,0,1,4,1,-4,-1.0,24,-17%,-0.17,0.5764705882352941,-0.17
Kylin,0,1,2,1,-2,-1.0,20,-10%,-0.1,0.7176470588235294,-0.1
Kylin,0,2,4,1,-28,-7.0,51,-55%,-0.55,0.11764705882352941,-0.55
Kylin,0,1,4,1,-13,-3.25,27,-48%,-0.48,0.15294117647058825,-0.48
Kylin,0,1,7,1,-28,-4.0,83,-34%,-0.34,0.24705882352941178,-0.34
Kylin,0,1,3,1,-7,-2.333333333,34,-21%,-0.21,0.4823529411764706,-0.21
Kylin,0,2,2,1,-5,-2.5,24,-21%,-0.21,0.49411764705882355,-0.21
Kylin,0,1,3,1,-6,-2.0,10,-60%,-0.6,0.058823529411764705,-0.6
Kylin,0,1,3,1,-9,-3.0,30,-30%,-0.3,0.35294117647058826,-0.3
Kylin,0,1,4,1,-9,-2.25,46,-20%,-0.2,0.5058823529411764,-0.2
Kylin,0,2,4,1,-4,-1.0,89,-4%,-0.04,0.8470588235294118,-0.04
Kylin,0,1,2,1,-6,-3.0,52,-12%,-0.12,0.6470588235294118,-0.12
Kylin,0,1,4,1,-12,-3.0,29,-41%,-0.41,0.2,-0.41
Kylin,0,1,3,1,-9,-3.0,74,-12%,-0.12,0.6588235294117647,-0.12
Kylin,0,1,2,1,-5,-2.5,11,-45%,-0.45,0.16470588235294117,-0.45
Lens,0,1,2,1,-2,-1.0,17,-12%,-0.12,0.7692307692307693,-0.12
Lens,0,2,4,1,-12,-3.0,36,-33%,-0.33,0.2692307692307692,-0.33
Lens,0,1,2,1,-6,-3.0,12,-50%,-0.5,0.07692307692307693,-0.5
Lens,0,1,3,1,-3,-1.0,26,-12%,-0.12,0.8076923076923077,-0.12
Lens,0,1,4,1,-4,-1.0,86,-5%,-0.05,1.0,-0.05
Lens,0,2,4,1,-4,-1.0,71,-6%,-0.06,0.9230769230769231,-0.06
Lens,0,1,4,1,-20,-5.0,86,-23%,-0.23,0.6538461538461539,-0.23
Lens,0,1,2,1,-6,-3.0,17,-35%,-0.35,0.23076923076923078,-0.35
Lens,0,1,2,1,-2,-1.0,31,-6%,-0.06,0.9615384615384616,-0.06
Lens,0,1,2,1,-4,-2.0,12,-33%,-0.33,0.3076923076923077,-0.33
Lens,0,1,2,1,-10,-5.0,10,-100%,-1.0,0.038461538461538464,-1.0
Lens,0,2,2,1,-10,-5.0,27,-37%,-0.37,0.19230769230769232,-0.37
Lens,0,2,3,1,-3,-1.0,25,-12%,-0.12,0.8461538461538461,-0.12
Lens,0,1,2,1,-2,-1.0,17,-12%,-0.12,0.8846153846153846,-0.12
Lens,0,1,4,1,-4,-1.0,14,-29%,-0.29,0.46153846153846156,-0.29
Lens,0,1,2,1,-2,-1.0,4,-50%,-0.5,0.11538461538461539,-0.5
Lens,0,2,10,1,-25,-2.5,97,-26%,-0.26,0.5769230769230769,-0.26
Lens,0,2,6,1,-16,-2.666666667,105,-15%,-0.15,0.7307692307692307,-0.15
Lens,0,2,3,1,-5,-1.666666667,12,-42%,-0.42,0.15384615384615385,-0.42
Lens,0,2,5,1,-15,-3.0,50,-30%,-0.3,0.4230769230769231,-0.3
Lens,0,1,3,1,-3,-1.0,17,-18%,-0.18,0.6923076923076923,-0.18
Lens,0,1,2,1,-6,-3.0,22,-27%,-0.27,0.5384615384615384,-0.27
Lens,0,2,6,1,-10,-1.666666667,31,-32%,-0.32,0.38461538461538464,-0.32
Lens,0,1,2,1,-2,-1.0,8,-25%,-0.25,0.6153846153846154,-0.25
Lens,0,1,4,1,-4,-1.0,14,-29%,-0.29,0.5,-0.29
Lens,0,2,2,1,-3,-1.5,9,-33%,-0.33,0.34615384615384615,-0.33
Lingo,0,2,2,1,-6,-3.0,75,-8%,-0.08,0.7777777777777778,-0.08
Lingo,0,1,6,1,-6,-1.0,56,-11%,-0.11,0.6767676767676768,-0.11
Lingo,0,1,2,1,-5,-2.5,12,-42%,-0.42,0.24242424242424243,-0.42
Lingo,0,2,2,1,-6,-3.0,14,-43%,-0.43,0.23232323232323232,-0.43
Lingo,0,1,2,1,-2,-1.0,3,-67%,-0.67,0.030303030303030304,-0.67
Lingo,0,1,2,1,-10,-5.0,53,-19%,-0.19,0.5151515151515151,-0.19
Lingo,0,1,3,1,-3,-1.0,37,-8%,-0.08,0.7878787878787878,-0.08
Lingo,0,1,2,1,-6,-3.0,22,-27%,-0.27,0.42424242424242425,-0.27
Lingo,0,2,2,1,-6,-3.0,12,-50%,-0.5,0.16161616161616163,-0.5
Lingo,0,1,2,1,-6,-3.0,9,-67%,-0.67,0.04040404040404041,-0.67
Lingo,0,2,13,1,-39,-3.0,279,-14%,-0.14,0.6363636363636364,-0.14
Lingo,0,1,6,1,-18,-3.0,229,-8%,-0.08,0.797979797979798,-0.08
Lingo,0,1,4,1,-4,-1.0,36,-11%,-0.11,0.6868686868686869,-0.11
Lingo,0,1,2,1,-7,-3.5,19,-37%,-0.37,0.29292929292929293,-0.37
Lingo,0,1,2,1,-7,-3.5,15,-47%,-0.47,0.1919191919191919,-0.47
Lingo,0,2,2,1,-4,-2.0,27,-15%,-0.15,0.5757575757575758,-0.15
Lingo,0,1,5,1,-18,-3.6,29,-62%,-0.62,0.08080808080808081,-0.62
Lingo,0,2,13,1,-39,-3.0,73,-53%,-0.53,0.15151515151515152,-0.53
Lingo,0,2,10,1,-20,-2.0,53,-38%,-0.38,0.2727272727272727,-0.38
Lingo,0,1,6,1,-12,-2.0,40,-30%,-0.3,0.36363636363636365,-0.3
Lingo,0,1,3,1,-6,-2.0,17,-35%,-0.35,0.30303030303030304,-0.35
Lingo,0,2,8,1,-35,-4.375,110,-32%,-0.32,0.3333333333333333,-0.32
Lingo,0,1,2,1,-7,-3.5,12,-58%,-0.58,0.12121212121212122,-0.58
Lingo,0,1,3,1,-9,-3.0,31,-29%,-0.29,0.3939393939393939,-0.29
Lingo,0,2,2,1,-10,-5.0,16,-63%,-0.63,0.06060606060606061,-0.63
Lingo,0,2,7,1,-21,-3.0,134,-16%,-0.16,0.5555555555555556,-0.16
Lingo,0,1,3,1,-3,-1.0,40,-8%,-0.08,0.8080808080808081,-0.08
Lingo,0,1,3,1,-9,-3.0,24,-38%,-0.38,0.2828282828282828,-0.38
Lingo,0,2,3,1,-2,-0.666666667,39,-5%,-0.05,0.9292929292929293,-0.05
Lingo,0,1,2,1,-6,-3.0,53,-11%,-0.11,0.696969696969697,-0.11
Lingo,0,1,2,1,-2,-1.0,34,-6%,-0.06,0.8686868686868687,-0.06
Lingo,0,1,2,1,-14,-7.0,56,-25%,-0.25,0.4444444444444444,-0.25
Lingo,0,1,2,1,-2,-1.0,34,-6%,-0.06,0.8787878787878788,-0.06
Lingo,0,2,14,1,-54,-3.857142857,181,-30%,-0.3,0.37373737373737376,-0.3
Lingo,0,1,4,1,-14,-3.5,24,-58%,-0.58,0.13131313131313133,-0.58
Lingo,0,2,3,1,-9,-3.0,38,-24%,-0.24,0.46464646464646464,-0.24
Lingo,0,2,2,1,-6,-3.0,21,-29%,-0.29,0.40404040404040403,-0.29
Lingo,0,1,2,1,-6,-3.0,15,-40%,-0.4,0.25252525252525254,-0.4
Lingo,0,1,2,1,-6,-3.0,13,-46%,-0.46,0.21212121212121213,-0.46
Lingo,0,1,2,1,-2,-1.0,6,-33%,-0.33,0.31313131313131315,-0.33
Lingo,0,2,4,1,-20,-5.0,108,-19%,-0.19,0.5252525252525253,-0.19
Lingo,0,2,3,1,-26,-8.666666667,110,-24%,-0.24,0.47474747474747475,-0.24
Lingo,0,2,3,1,-9,-3.0,31,-29%,-0.29,0.41414141414141414,-0.29
Lingo,0,2,2,1,-2,-1.0,22,-9%,-0.09,0.7474747474747475,-0.09
Lingo,0,2,2,1,-6,-3.0,72,-8%,-0.08,0.8181818181818182,-0.08
Lingo,0,2,2,1,-6,-3.0,10,-60%,-0.6,0.09090909090909091,-0.6
Lingo,0,2,4,1,-20,-5.0,36,-56%,-0.56,0.1414141414141414,-0.56
Lingo,0,1,2,1,-2,-1.0,40,-5%,-0.05,0.9393939393939394,-0.05
Lingo,0,1,2,1,-2,-1.0,40,-5%,-0.05,0.9494949494949495,-0.05
Lingo,0,1,2,1,-10,-5.0,53,-19%,-0.19,0.5353535353535354,-0.19
Lingo,0,1,2,1,-2,-1.0,38,-5%,-0.05,0.9595959595959596,-0.05
Lingo,0,1,4,1,-11,-2.75,22,-50%,-0.5,0.1717171717171717,-0.5
Lingo,0,1,2,1,-2,-1.0,40,-5%,-0.05,0.9696969696969697,-0.05
Lingo,0,2,2,1,-2,-1.0,60,-3%,-0.03,1.0,-0.03
Lingo,0,1,2,1,-2,-1.0,53,-4%,-0.04,0.98989898989899,-0.04
Lingo,0,1,2,1,-2,-1.0,27,-7%,-0.07,0.8383838383838383,-0.07
Lingo,0,1,4,1,-4,-1.0,57,-7%,-0.07,0.8484848484848485,-0.07
Lingo,0,1,2,1,-2,-1.0,27,-7%,-0.07,0.8585858585858586,-0.07
Lingo,0,2,6,1,-18,-3.0,40,-45%,-0.45,0.2222222222222222,-0.45
Lingo,0,1,2,1,-6,-3.0,18,-33%,-0.33,0.32323232323232326,-0.33
Lingo,0,1,2,1,-2,-1.0,40,-5%,-0.05,0.9797979797979798,-0.05
Lingo,0,1,5,1,-19,-3.8,155,-12%,-0.12,0.6666666666666666,-0.12
Lingo,0,2,10,1,-30,-3.0,35,-86%,-0.86,0.020202020202020204,-0.86
Lingo,0,1,4,1,-8,-2.0,12,-67%,-0.67,0.050505050505050504,-0.67
Lingo,0,1,4,1,-12,-3.0,20,-60%,-0.6,0.10101010101010101,-0.6
Lingo,0,1,2,1,-10,-5.0,16,-63%,-0.63,0.0707070707070707,-0.63
Lingo,0,2,14,1,-42,-3.0,142,-30%,-0.3,0.3838383838383838,-0.3
Lingo,0,1,3,1,-10,-3.333333333,68,-15%,-0.15,0.5858585858585859,-0.15
Lingo,0,1,3,1,-9,-3.0,15,-60%,-0.6,0.1111111111111111,-0.6
Lingo,0,1,3,1,-9,-3.0,102,-9%,-0.09,0.7575757575757576,-0.09
Lingo,0,1,8,1,-40,-5.0,43,-93%,-0.93,0.010101010101010102,-0.93
Lingo,0,1,2,1,-14,-7.0,92,-15%,-0.15,0.5959595959595959,-0.15
Lingo,0,1,2,1,-22,-11.0,56,-39%,-0.39,0.26262626262626265,-0.39
Lingo,0,1,16,1,-16,-1.0,103,-16%,-0.16,0.5656565656565656,-0.16
Lingo,0,1,3,1,-9,-3.0,102,-9%,-0.09,0.7676767676767676,-0.09
Lingo,0,2,11,1,-55,-5.0,170,-32%,-0.32,0.3434343434343434,-0.32
Lingo,0,2,13,1,-38,-2.923076923,170,-22%,-0.22,0.5050505050505051,-0.22
Lingo,0,1,2,1,-6,-3.0,22,-27%,-0.27,0.43434343434343436,-0.27
Lingo,0,2,2,1,-3,-1.5,12,-25%,-0.25,0.45454545454545453,-0.25
Lingo,0,2,4,1,-4,-1.0,66,-6%,-0.06,0.8888888888888888,-0.06
Lingo,0,1,3,1,-9,-3.0,40,-23%,-0.23,0.48484848484848486,-0.23
Lingo,0,1,3,1,-3,-1.0,53,-6%,-0.06,0.898989898989899,-0.06
Lingo,0,1,3,1,-15,-5.0,87,-17%,-0.17,0.5454545454545454,-0.17
Lingo,0,2,3,1,-9,-3.0,143,-6%,-0.06,0.9090909090909091,-0.06
Lingo,0,2,2,1,-2,-1.0,13,-15%,-0.15,0.6060606060606061,-0.15
Lingo,0,2,2,1,-12,-6.0,92,-13%,-0.13,0.6464646464646465,-0.13
Lingo,0,2,2,1,-2,-1.0,13,-15%,-0.15,0.6161616161616161,-0.15
Lingo,0,1,3,1,-33,-11.0,143,-23%,-0.23,0.494949494949495,-0.23
Lingo,0,1,2,1,-6,-3.0,53,-11%,-0.11,0.7070707070707071,-0.11
Lingo,0,1,9,1,-27,-3.0,88,-31%,-0.31,0.35353535353535354,-0.31
Lingo,0,1,2,1,-6,-3.0,53,-11%,-0.11,0.7171717171717171,-0.11
Lingo,0,1,2,1,-6,-3.0,53,-11%,-0.11,0.7272727272727273,-0.11
Lingo,0,2,3,1,-9,-3.0,18,-50%,-0.5,0.18181818181818182,-0.5
Lingo,0,1,13,1,-36,-2.769230769,76,-47%,-0.47,0.20202020202020202,-0.47
Lingo,0,1,16,1,-16,-1.0,110,-15%,-0.15,0.6262626262626263,-0.15
Lingo,0,2,6,1,-18,-3.0,229,-8%,-0.08,0.8282828282828283,-0.08
Lingo,0,1,2,1,-6,-3.0,53,-11%,-0.11,0.7373737373737373,-0.11
Lingo,0,2,12,1,-36,-3.0,285,-13%,-0.13,0.6565656565656566,-0.13
Lingo,0,1,3,1,-3,-1.0,53,-6%,-0.06,0.9191919191919192,-0.06
Linkis,0,1,5,1,-30,-6.0,88,-34%,-0.34,0.4,-0.34
Linkis,0,1,7,1,-21,-3.0,28,-75%,-0.75,0.2,-0.75
Linkis,0,1,5,1,-10,-2.0,88,-11%,-0.11,1.0,-0.11
Linkis,0,2,2,1,0,0.0,0,,,,
Linkis,0,2,2,1,0,0.0,0,,,,
Linkis,0,1,5,1,-25,-5.0,88,-28%,-0.28,0.6,-0.28
Linkis,0,1,3,1,-5,-1.666666667,19,-26%,-0.26,0.8,-0.26
Log4j,0,1,3,1,-6,-2.0,21,-29%,-0.29,0.5,-0.29
Log4j,0,1,6,1,-3,-0.5,13,-23%,-0.23,0.5833333333333334,-0.23
Log4j,0,1,4,1,0,0.0,6,0%,0.0,0.9166666666666666,0.0
Log4j,0,1,2,1,-10,-5.0,20,-50%,-0.5,0.3333333333333333,-0.5
Log4j,0,1,2,1,0,0.0,25,0%,0.0,1.0,0.0
Log4j,0,1,4,1,-2,-0.5,25,-8%,-0.08,0.75,-0.08
Log4j,0,1,20,1,-40,-2.0,46,-87%,-0.87,0.25,-0.87
Log4j,0,2,2,1,-4,-2.0,12,-33%,-0.33,0.4166666666666667,-0.33
Log4j,0,1,3,1,-3,-1.0,3,-100%,-1.0,0.08333333333333333,-1.0
Log4j,0,1,2,1,-2,-1.0,2,-100%,-1.0,0.16666666666666666,-1.0
Log4j,0,1,3,1,-6,-2.0,78,-8%,-0.08,0.8333333333333334,-0.08
Log4j,0,1,5,1,-14,-2.8,72,-19%,-0.19,0.6666666666666666,-0.19
ManifoldCF,0,1,2,1,-2,-1.0,14,-14%,-0.14,0.5263157894736842,-0.14
ManifoldCF,0,1,2,1,-2,-1.0,8,-25%,-0.25,0.3157894736842105,-0.25
ManifoldCF,0,1,2,1,-2,-1.0,21,-10%,-0.1,0.631578947368421,-0.1
ManifoldCF,0,1,2,1,-2,-1.0,27,-7%,-0.07,0.7894736842105263,-0.07
ManifoldCF,0,1,2,1,-10,-5.0,79,-13%,-0.13,0.5789473684210527,-0.13
ManifoldCF,0,1,2,1,-34,-17.0,96,-35%,-0.35,0.10526315789473684,-0.35
ManifoldCF,0,1,2,1,-10,-5.0,40,-25%,-0.25,0.3684210526315789,-0.25
ManifoldCF,0,2,2,1,-24,-12.0,70,-34%,-0.34,0.15789473684210525,-0.34
ManifoldCF,0,1,2,1,-2,-1.0,8,-25%,-0.25,0.42105263157894735,-0.25
ManifoldCF,0,1,6,1,-6,-1.0,121,-5%,-0.05,0.8947368421052632,-0.05
ManifoldCF,0,1,6,1,-18,-3.0,206,-9%,-0.09,0.6842105263157895,-0.09
ManifoldCF,0,1,2,1,-2,-1.0,40,-5%,-0.05,0.9473684210526315,-0.05
ManifoldCF,0,1,2,1,-10,-5.0,27,-37%,-0.37,0.05263157894736842,-0.37
ManifoldCF,0,1,4,1,-44,-11.0,172,-26%,-0.26,0.2631578947368421,-0.26
ManifoldCF,0,1,2,1,-2,-1.0,8,-25%,-0.25,0.47368421052631576,-0.25
ManifoldCF,0,1,2,1,-2,-1.0,28,-7%,-0.07,0.8421052631578947,-0.07
ManifoldCF,0,1,2,1,-2,-1.0,43,-5%,-0.05,1.0,-0.05
ManifoldCF,0,1,2,1,-6,-3.0,79,-8%,-0.08,0.7368421052631579,-0.08
ManifoldCF,0,2,4,1,-6,-1.5,18,-33%,-0.33,0.21052631578947367,-0.33
Maven,0,1,2,1,-6,-3.0,10,-60%,-0.6,0.125,-0.6
Maven,0,2,2,1,-4,-2.0,10,-40%,-0.4,0.2916666666666667,-0.4
Maven,0,1,2,1,-2,-1.0,10,-20%,-0.2,0.5416666666666666,-0.2
Maven,0,1,2,1,-2,-1.0,10,-20%,-0.2,0.5833333333333334,-0.2
Maven,0,2,4,1,-4,-1.0,32,-13%,-0.13,0.875,-0.13
Maven,0,1,2,1,-6,-3.0,38,-16%,-0.16,0.6666666666666666,-0.16
Maven,0,2,11,1,-25,-2.272727273,200,-13%,-0.13,0.9166666666666666,-0.13
Maven,0,1,2,1,-6,-3.0,16,-38%,-0.38,0.3333333333333333,-0.38
Maven,0,2,4,1,-44,-11.0,124,-35%,-0.35,0.375,-0.35
Maven,0,1,3,1,-9,-3.0,13,-69%,-0.69,0.08333333333333333,-0.69
Maven,0,2,2,1,-25,-12.5,116,-22%,-0.22,0.5,-0.22
Maven,0,1,2,1,-2,-1.0,11,-18%,-0.18,0.625,-0.18
Maven,0,2,5,1,-5,-1.0,53,-9%,-0.09,0.9583333333333334,-0.09
Maven,0,1,4,1,-4,-1.0,27,-15%,-0.15,0.7916666666666666,-0.15
Maven,0,1,3,1,-9,-3.0,15,-60%,-0.6,0.16666666666666666,-0.6
Maven,0,1,2,1,-6,-3.0,18,-33%,-0.33,0.4166666666666667,-0.33
Maven,0,1,5,1,-13,-2.6,31,-42%,-0.42,0.25,-0.42
Maven,0,1,2,1,-26,-13.0,26,-100%,-1.0,0.041666666666666664,-1.0
Maven,0,1,3,1,-9,-3.0,18,-50%,-0.5,0.20833333333333334,-0.5
Maven,0,2,9,1,-27,-3.0,167,-16%,-0.16,0.7083333333333334,-0.16
Maven,0,1,2,1,-6,-3.0,43,-14%,-0.14,0.8333333333333334,-0.14
Maven,0,1,5,1,-15,-3.0,64,-23%,-0.23,0.4583333333333333,-0.23
Maven,0,1,2,1,-2,-1.0,22,-9%,-0.09,1.0,-0.09
Maven,0,1,3,1,-3,-1.0,19,-16%,-0.16,0.75,-0.16
MINA,0,1,6,1,-6,-1.0,58,-10%,-0.1,0.625,-0.1
MINA,0,1,3,1,-3,-1.0,15,-20%,-0.2,0.125,-0.2
MINA,0,1,2,1,-2,-1.0,32,-6%,-0.06,0.75,-0.06
MINA,0,1,5,1,-10,-2.0,49,-20%,-0.2,0.25,-0.2
MINA,0,1,10,1,0,0.0,107,0%,0.0,1.0,0.0
MINA,0,2,2,1,-2,-1.0,38,-5%,-0.05,0.875,-0.05
MINA,0,1,4,1,-12,-3.0,71,-17%,-0.17,0.5,-0.17
MINA,0,2,2,1,-6,-3.0,30,-20%,-0.2,0.375,-0.2
MyFaces,0,1,2,1,-4,-2.0,30,-13%,-0.13,0.6666666666666666,-0.13
MyFaces,0,1,4,1,-8,-2.0,24,-33%,-0.33,0.16666666666666666,-0.33
MyFaces,0,1,2,1,0,0.0,14,0%,0.0,0.8333333333333334,0.0
MyFaces,0,1,4,1,-8,-2.0,24,-33%,-0.33,0.3333333333333333,-0.33
MyFaces,0,1,3,1,-6,-2.0,42,-14%,-0.14,0.5,-0.14
MyFaces,0,2,3,1,0,0.0,42,0%,0.0,1.0,0.0
OFBiz,0,2,6,1,-18,-3.0,66,-27%,-0.27,0.42857142857142855,-0.27
OFBiz,0,1,2,1,-8,-4.0,34,-24%,-0.24,0.7142857142857143,-0.24
OFBiz,0,2,2,1,-4,-2.0,17,-24%,-0.24,0.8571428571428571,-0.24
OFBiz,0,1,2,1,-2,-1.0,8,-25%,-0.25,0.5714285714285714,-0.25
OFBiz,0,1,4,1,-14,-3.5,50,-28%,-0.28,0.2857142857142857,-0.28
OFBiz,0,1,2,1,-2,-1.0,16,-13%,-0.13,1.0,-0.13
OFBiz,0,1,3,1,-27,-9.0,30,-90%,-0.9,0.14285714285714285,-0.9
Oozie,0,1,2,1,-6,-3.0,16,-38%,-0.38,0.2777777777777778,-0.38
Oozie,0,2,2,1,-6,-3.0,18,-33%,-0.33,0.4444444444444444,-0.33
Oozie,0,1,3,1,-3,-1.0,21,-14%,-0.14,0.7777777777777778,-0.14
Oozie,0,1,2,1,-6,-3.0,26,-23%,-0.23,0.6666666666666666,-0.23
Oozie,0,2,7,1,-21,-3.0,64,-33%,-0.33,0.5,-0.33
Oozie,0,1,9,1,0,0.0,17,0%,0.0,0.8888888888888888,0.0
Oozie,0,1,2,1,-10,-5.0,10,-100%,-1.0,0.05555555555555555,-1.0
Oozie,0,1,2,1,-6,-3.0,13,-46%,-0.46,0.16666666666666666,-0.46
Oozie,0,1,3,1,-9,-3.0,26,-35%,-0.35,0.3888888888888889,-0.35
Oozie,0,1,6,1,0,0.0,24,0%,0.0,0.9444444444444444,0.0
Oozie,0,2,6,1,-18,-3.0,54,-33%,-0.33,0.5555555555555556,-0.33
Oozie,0,1,2,1,-2,-1.0,13,-15%,-0.15,0.7222222222222222,-0.15
Oozie,0,1,2,1,-2,-1.0,16,-13%,-0.13,0.8333333333333334,-0.13
Oozie,0,2,2,1,-14,-7.0,26,-54%,-0.54,0.1111111111111111,-0.54
Oozie,0,1,2,1,0,0.0,9,0%,0.0,1.0,0.0
Oozie,0,2,4,1,-12,-3.0,33,-36%,-0.36,0.3333333333333333,-0.36
Oozie,0,1,2,1,-6,-3.0,13,-46%,-0.46,0.2222222222222222,-0.46
Oozie,0,1,4,1,-12,-3.0,46,-26%,-0.26,0.6111111111111112,-0.26
ORC,0,2,6,1,-14,-2.333333333,32,-44%,-0.44,0.75,-0.44
ORC,0,2,2,1,-5,-2.5,10,-50%,-0.5,0.5,-0.5
ORC,0,1,3,1,-15,-5.0,18,-83%,-0.83,0.25,-0.83
ORC,0,1,2,1,-6,-3.0,16,-38%,-0.38,1.0,-0.38
Ozone,0,1,24,1,-103,-4.291666667,266,-39%,-0.39,0.18552036199095023,-0.39
Ozone,0,1,3,1,-3,-1.0,69,-4%,-0.04,0.8778280542986425,-0.04
Ozone,0,1,4,1,-4,-1.0,22,-18%,-0.18,0.497737556561086,-0.18
Ozone,0,2,6,1,-54,-9.0,124,-44%,-0.44,0.14027149321266968,-0.44
Ozone,0,1,6,1,-30,-5.0,90,-33%,-0.33,0.22624434389140272,-0.33
Ozone,0,1,6,1,-18,-3.0,90,-20%,-0.2,0.4434389140271493,-0.2
Ozone,0,2,4,1,-11,-2.75,73,-15%,-0.15,0.583710407239819,-0.15
Ozone,0,2,2,1,-6,-3.0,10,-60%,-0.6,0.08144796380090498,-0.6
Ozone,0,2,4,1,-12,-3.0,43,-28%,-0.28,0.31221719457013575,-0.28
Ozone,0,1,4,1,-12,-3.0,39,-31%,-0.31,0.27601809954751133,-0.31
Ozone,0,1,2,1,-2,-1.0,10,-20%,-0.2,0.4479638009049774,-0.2
Ozone,0,1,4,1,-4,-1.0,26,-15%,-0.15,0.5882352941176471,-0.15
Ozone,0,1,2,1,-2,-1.0,29,-7%,-0.07,0.7692307692307693,-0.07
Ozone,0,2,2,1,-6,-3.0,38,-16%,-0.16,0.5520361990950227,-0.16
Ozone,0,1,4,1,-10,-2.5,28,-36%,-0.36,0.2081447963800905,-0.36
Ozone,0,2,3,1,-9,-3.0,176,-5%,-0.05,0.8280542986425339,-0.05
Ozone,0,2,2,1,-18,-9.0,103,-17%,-0.17,0.5203619909502263,-0.17
Ozone,0,2,3,1,-9,-3.0,66,-14%,-0.14,0.6018099547511312,-0.14
Ozone,0,1,2,1,-4,-2.0,6,-67%,-0.67,0.06334841628959276,-0.67
Ozone,0,1,2,1,-6,-3.0,35,-17%,-0.17,0.5248868778280543,-0.17
Ozone,0,2,3,1,-9,-3.0,59,-15%,-0.15,0.5927601809954751,-0.15
Ozone,0,1,3,1,-3,-1.0,13,-23%,-0.23,0.3438914027149321,-0.23
Ozone,0,1,2,1,-6,-3.0,23,-26%,-0.26,0.3257918552036199,-0.26
Ozone,0,2,5,1,-11,-2.2,66,-17%,-0.17,0.5294117647058824,-0.17
Ozone,0,1,2,1,-6,-3.0,18,-33%,-0.33,0.23076923076923078,-0.33
Ozone,0,1,3,1,-3,-1.0,21,-14%,-0.14,0.6063348416289592,-0.14
Ozone,0,1,4,1,-1,-0.25,21,-5%,-0.05,0.832579185520362,-0.05
Ozone,0,2,8,1,-30,-3.75,238,-13%,-0.13,0.6289592760180995,-0.13
Ozone,0,2,4,1,-3,-0.75,94,-3%,-0.03,0.8959276018099548,-0.03
Ozone,0,2,2,1,-10,-5.0,39,-26%,-0.26,0.33031674208144796,-0.26
Ozone,0,2,2,1,-6,-3.0,32,-19%,-0.19,0.4796380090497738,-0.19
Ozone,0,1,3,1,-9,-3.0,30,-30%,-0.3,0.2850678733031674,-0.3
Ozone,0,1,2,1,-3,-1.5,9,-33%,-0.33,0.23529411764705882,-0.33
Ozone,0,1,2,1,-6,-3.0,131,-5%,-0.05,0.8371040723981901,-0.05
Ozone,0,2,2,1,-24,-12.0,39,-62%,-0.62,0.07239819004524888,-0.62
Ozone,0,1,3,1,-10,-3.333333333,30,-33%,-0.33,0.2398190045248869,-0.33
Ozone,0,1,2,1,-6,-3.0,36,-17%,-0.17,0.5339366515837104,-0.17
Ozone,0,1,2,1,-6,-3.0,38,-16%,-0.16,0.5565610859728507,-0.16
Ozone,0,1,2,1,-2,-1.0,9,-22%,-0.22,0.3665158371040724,-0.22
Ozone,0,2,7,1,-20,-2.857142857,171,-12%,-0.12,0.6606334841628959,-0.12
Ozone,0,2,4,1,-12,-3.0,156,-8%,-0.08,0.746606334841629,-0.08
Ozone,0,2,6,1,-19,-3.166666667,52,-37%,-0.37,0.20361990950226244,-0.37
Ozone,0,2,3,1,-4,-1.333333333,64,-6%,-0.06,0.7963800904977375,-0.06
Ozone,0,1,2,1,-2,-1.0,13,-15%,-0.15,0.5972850678733032,-0.15
Ozone,0,1,2,1,0,0.0,32,0%,0.0,0.9502262443438914,0.0
Ozone,0,1,2,1,-2,-1.0,16,-13%,-0.13,0.6334841628959276,-0.13
Ozone,0,2,6,1,-18,-3.0,50,-36%,-0.36,0.21266968325791855,-0.36
Ozone,0,2,2,1,-2,-1.0,21,-10%,-0.1,0.7104072398190046,-0.1
Ozone,0,2,3,1,-11,-3.666666667,24,-46%,-0.46,0.12217194570135746,-0.46
Ozone,0,2,4,1,-19,-4.75,85,-22%,-0.22,0.37104072398190047,-0.22
Ozone,0,1,2,1,-6,-3.0,36,-17%,-0.17,0.5384615384615384,-0.17
Ozone,0,2,2,1,-2,-1.0,108,-2%,-0.02,0.9230769230769231,-0.02
Ozone,0,1,3,1,-12,-4.0,54,-22%,-0.22,0.3755656108597285,-0.22
Ozone,0,1,5,1,-15,-3.0,74,-20%,-0.2,0.45248868778280543,-0.2
Ozone,0,1,2,1,-2,-1.0,22,-9%,-0.09,0.7285067873303167,-0.09
Ozone,0,2,4,1,-12,-3.0,128,-9%,-0.09,0.7330316742081447,-0.09
Ozone,0,1,3,1,-7,-2.333333333,22,-32%,-0.32,0.26244343891402716,-0.32
Ozone,0,1,2,1,-4,-2.0,29,-14%,-0.14,0.6108597285067874,-0.14
Ozone,0,1,2,1,-6,-3.0,102,-6%,-0.06,0.8009049773755657,-0.06
Ozone,0,1,12,1,-4,-0.333333333,30,-13%,-0.13,0.6380090497737556,-0.13
Ozone,0,2,3,1,-15,-5.0,35,-43%,-0.43,0.14479638009049775,-0.43
Ozone,0,2,3,1,-9,-3.0,30,-30%,-0.3,0.2895927601809955,-0.3
Ozone,0,1,3,1,-21,-7.0,30,-70%,-0.7,0.05429864253393665,-0.7
Ozone,0,1,2,1,-2,-1.0,9,-22%,-0.22,0.38009049773755654,-0.22
Ozone,0,1,6,1,-16,-2.666666667,166,-10%,-0.1,0.7149321266968326,-0.1
Ozone,0,1,4,1,-12,-3.0,36,-33%,-0.33,0.24434389140271492,-0.33
Ozone,0,1,2,1,-8,-4.0,38,-21%,-0.21,0.40271493212669685,-0.21
Ozone,0,1,4,1,-23,-5.75,110,-21%,-0.21,0.4072398190045249,-0.21
Ozone,0,1,2,1,0,0.0,49,0%,0.0,0.9547511312217195,0.0
Ozone,0,1,2,1,-2,-1.0,42,-5%,-0.05,0.8416289592760181,-0.05
Ozone,0,1,2,1,-2,-1.0,87,-2%,-0.02,0.9276018099547512,-0.02
Ozone,0,1,2,1,-10,-5.0,10,-100%,-1.0,0.004524886877828055,-1.0
Ozone,0,1,2,1,-6,-3.0,36,-17%,-0.17,0.5429864253393665,-0.17
Ozone,0,1,2,1,-6,-3.0,38,-16%,-0.16,0.5610859728506787,-0.16
Ozone,0,1,2,1,-2,-1.0,9,-22%,-0.22,0.38461538461538464,-0.22
Ozone,0,1,3,1,-9,-3.0,40,-23%,-0.23,0.34841628959276016,-0.23
Ozone,0,1,4,1,-4,-1.0,22,-18%,-0.18,0.502262443438914,-0.18
Ozone,0,1,2,1,-6,-3.0,29,-21%,-0.21,0.4117647058823529,-0.21
Ozone,0,1,4,1,-12,-3.0,85,-14%,-0.14,0.6153846153846154,-0.14
Ozone,0,2,2,1,0,0.0,83,0%,0.0,0.9592760180995475,0.0
Ozone,0,2,3,1,-14,-4.666666667,73,-19%,-0.19,0.4841628959276018,-0.19
Ozone,0,1,15,1,-38,-2.533333333,352,-11%,-0.11,0.6787330316742082,-0.11
Ozone,0,1,3,1,0,0.0,28,0%,0.0,0.9638009049773756,0.0
Ozone,0,2,3,1,-17,-5.666666667,25,-68%,-0.68,0.058823529411764705,-0.68
Ozone,0,1,2,1,-6,-3.0,20,-30%,-0.3,0.29411764705882354,-0.3
Ozone,0,1,4,1,-16,-4.0,45,-36%,-0.36,0.2171945701357466,-0.36
Ozone,0,2,2,1,-10,-5.0,14,-71%,-0.71,0.049773755656108594,-0.71
Ozone,0,1,2,1,-6,-3.0,8,-75%,-0.75,0.03619909502262444,-0.75
Ozone,0,2,10,1,-10,-1.0,123,-8%,-0.08,0.751131221719457,-0.08
Ozone,0,1,3,1,0,0.0,7,0%,0.0,0.9683257918552036,0.0
Ozone,0,2,5,1,-25,-5.0,69,-36%,-0.36,0.22171945701357465,-0.36
Ozone,0,2,2,1,-10,-5.0,32,-31%,-0.31,0.28054298642533937,-0.31
Ozone,0,2,4,1,-12,-3.0,105,-11%,-0.11,0.6832579185520362,-0.11
Ozone,0,1,2,1,-4,-2.0,32,-13%,-0.13,0.6425339366515838,-0.13
Ozone,0,1,2,1,-4,-2.0,19,-21%,-0.21,0.416289592760181,-0.21
Ozone,0,1,2,1,-5,-2.5,10,-50%,-0.5,0.09954751131221719,-0.5
Ozone,0,2,2,1,-14,-7.0,16,-88%,-0.88,0.027149321266968326,-0.88
Ozone,0,2,4,1,-4,-1.0,105,-4%,-0.04,0.8823529411764706,-0.04
Ozone,0,1,3,1,-4,-1.333333333,87,-5%,-0.05,0.8461538461538461,-0.05
Ozone,0,2,3,1,-15,-5.0,68,-22%,-0.22,0.3891402714932127,-0.22
Ozone,0,2,2,1,-2,-1.0,66,-3%,-0.03,0.9004524886877828,-0.03
Ozone,0,1,2,1,-6,-3.0,8,-75%,-0.75,0.04072398190045249,-0.75
Ozone,0,2,2,1,-2,-1.0,132,-2%,-0.02,0.9321266968325792,-0.02
Ozone,0,2,2,1,-2,-1.0,49,-4%,-0.04,0.8868778280542986,-0.04
Ozone,0,1,4,1,-12,-3.0,115,-10%,-0.1,0.7194570135746606,-0.1
Ozone,0,2,9,1,-27,-3.0,99,-27%,-0.27,0.3167420814479638,-0.27
Ozone,0,1,2,1,-2,-1.0,28,-7%,-0.07,0.7737556561085973,-0.07
Ozone,0,1,2,1,-2,-1.0,18,-11%,-0.11,0.6877828054298643,-0.11
Ozone,0,1,2,1,-6,-3.0,29,-21%,-0.21,0.42081447963800905,-0.21
Ozone,0,1,2,1,-10,-5.0,25,-40%,-0.4,0.16289592760180996,-0.4
Ozone,0,1,6,1,-18,-3.0,84,-21%,-0.21,0.4253393665158371,-0.21
Ozone,0,1,2,1,-6,-3.0,38,-16%,-0.16,0.5656108597285068,-0.16
Ozone,0,1,2,1,-6,-3.0,8,-75%,-0.75,0.04524886877828054,-0.75
Ozone,0,1,2,1,-2,-1.0,19,-11%,-0.11,0.6923076923076923,-0.11
Ozone,0,1,6,1,-34,-5.666666667,70,-49%,-0.49,0.1085972850678733,-0.49
Ozone,0,2,3,1,-9,-3.0,43,-21%,-0.21,0.4298642533936652,-0.21
Ozone,0,1,5,1,-9,-1.8,39,-23%,-0.23,0.35294117647058826,-0.23
Ozone,0,1,3,1,-9,-3.0,19,-47%,-0.47,0.11312217194570136,-0.47
Ozone,0,2,3,1,-9,-3.0,63,-14%,-0.14,0.6199095022624435,-0.14
Ozone,0,1,2,1,-6,-3.0,11,-55%,-0.55,0.09049773755656108,-0.55
Ozone,0,1,2,1,-6,-3.0,13,-46%,-0.46,0.12669683257918551,-0.46
Ozone,0,1,2,1,-6,-3.0,27,-22%,-0.22,0.3936651583710407,-0.22
Ozone,0,2,2,1,-2,-1.0,36,-6%,-0.06,0.8054298642533937,-0.06
Ozone,0,2,2,1,-6,-3.0,32,-19%,-0.19,0.48868778280542985,-0.19
Ozone,0,2,2,1,-1,-0.5,15,-7%,-0.07,0.7782805429864253,-0.07
Ozone,0,2,6,1,-3,-0.5,168,-2%,-0.02,0.9366515837104072,-0.02
Ozone,0,2,3,1,-2,-0.666666667,74,-3%,-0.03,0.9049773755656109,-0.03
Ozone,0,1,2,1,-4,-2.0,119,-3%,-0.03,0.9095022624434389,-0.03
Ozone,0,1,2,1,-2,-1.0,20,-10%,-0.1,0.7239819004524887,-0.1
Ozone,0,1,2,1,-10,-5.0,30,-33%,-0.33,0.248868778280543,-0.33
Ozone,0,1,2,1,-6,-3.0,15,-40%,-0.4,0.167420814479638,-0.4
Ozone,0,1,11,1,-55,-5.0,120,-46%,-0.46,0.13122171945701358,-0.46
Ozone,0,1,3,1,-6,-2.0,13,-46%,-0.46,0.13574660633484162,-0.46
Ozone,0,1,2,1,-2,-1.0,42,-5%,-0.05,0.8506787330316742,-0.05
Ozone,0,2,10,1,-23,-2.3,254,-9%,-0.09,0.7375565610859729,-0.09
Ozone,0,1,2,1,0,0.0,75,0%,0.0,0.9728506787330317,0.0
Ozone,0,1,2,1,0,0.0,35,0%,0.0,0.9773755656108597,0.0
Ozone,0,1,2,1,-2,-1.0,59,-3%,-0.03,0.9140271493212669,-0.03
Ozone,0,1,8,1,-26,-3.25,284,-9%,-0.09,0.7420814479638009,-0.09
Ozone,0,1,2,1,-18,-9.0,22,-82%,-0.82,0.03167420814479638,-0.82
Ozone,0,1,4,1,-4,-1.0,62,-6%,-0.06,0.8099547511312217,-0.06
Ozone,0,1,2,1,-6,-3.0,34,-18%,-0.18,0.5067873303167421,-0.18
Ozone,0,2,2,1,-5,-2.5,75,-7%,-0.07,0.7828054298642534,-0.07
Ozone,0,1,3,1,-3,-1.0,13,-23%,-0.23,0.3574660633484163,-0.23
Ozone,0,1,2,1,-6,-3.0,33,-18%,-0.18,0.5113122171945701,-0.18
Ozone,0,2,4,1,-12,-3.0,76,-16%,-0.16,0.5701357466063348,-0.16
Ozone,0,2,2,1,-1,-0.5,25,-4%,-0.04,0.8914027149321267,-0.04
Ozone,0,1,3,1,-9,-3.0,23,-39%,-0.39,0.19004524886877827,-0.39
Ozone,0,1,2,1,0,0.0,8,0%,0.0,0.9819004524886877,0.0
Ozone,0,1,2,1,-10,-5.0,15,-67%,-0.67,0.06787330316742081,-0.67
Ozone,0,2,4,1,-15,-3.75,25,-60%,-0.6,0.08597285067873303,-0.6
Ozone,0,1,2,1,-2,-1.0,10,-20%,-0.2,0.45701357466063347,-0.2
Ozone,0,1,2,1,-6,-3.0,30,-20%,-0.2,0.46153846153846156,-0.2
Ozone,0,1,2,1,-10,-5.0,25,-40%,-0.4,0.17194570135746606,-0.4
Ozone,0,1,6,1,-34,-5.666666667,166,-20%,-0.2,0.4660633484162896,-0.2
Ozone,0,1,6,1,-18,-3.0,90,-20%,-0.2,0.47058823529411764,-0.2
Ozone,0,2,7,1,-4,-0.571428571,87,-5%,-0.05,0.8552036199095022,-0.05
Ozone,0,2,2,1,-6,-3.0,24,-25%,-0.25,0.334841628959276,-0.25
Ozone,0,1,2,1,-6,-3.0,19,-32%,-0.32,0.2669683257918552,-0.32
Ozone,0,2,2,1,-6,-3.0,54,-11%,-0.11,0.6968325791855203,-0.11
Ozone,0,1,8,1,-24,-3.0,57,-42%,-0.42,0.15384615384615385,-0.42
Ozone,0,1,2,1,-2,-1.0,34,-6%,-0.06,0.8144796380090498,-0.06
Ozone,0,1,3,1,-11,-3.666666667,85,-13%,-0.13,0.6470588235294118,-0.13
Ozone,0,1,5,1,-15,-3.0,51,-29%,-0.29,0.2986425339366516,-0.29
Ozone,0,2,3,1,-9,-3.0,24,-38%,-0.38,0.19909502262443438,-0.38
Ozone,0,1,2,1,-2,-1.0,42,-5%,-0.05,0.8597285067873304,-0.05
Ozone,0,1,3,1,-2,-0.666666667,17,-12%,-0.12,0.665158371040724,-0.12
Ozone,0,1,2,1,-2,-1.0,15,-13%,-0.13,0.6515837104072398,-0.13
Ozone,0,1,3,1,-9,-3.0,57,-16%,-0.16,0.5746606334841629,-0.16
Ozone,0,1,2,1,-6,-3.0,6,-100%,-1.0,0.00904977375565611,-1.0
Ozone,0,1,2,1,-8,-4.0,15,-53%,-0.53,0.09502262443438914,-0.53
Ozone,0,1,2,1,-10,-5.0,10,-100%,-1.0,0.013574660633484163,-1.0
Ozone,0,1,2,1,-6,-3.0,6,-100%,-1.0,0.01809954751131222,-1.0
Ozone,0,1,4,1,0,0.0,21,0%,0.0,0.9864253393665159,0.0
Ozone,0,1,2,1,-5,-2.5,36,-14%,-0.14,0.6244343891402715,-0.14
Ozone,0,2,2,1,-6,-3.0,28,-21%,-0.21,0.4343891402714932,-0.21
Ozone,0,1,2,1,-6,-3.0,119,-5%,-0.05,0.8642533936651584,-0.05
Ozone,0,1,2,1,-6,-3.0,25,-24%,-0.24,0.3393665158371041,-0.24
Ozone,0,1,9,1,-45,-5.0,234,-19%,-0.19,0.49321266968325794,-0.19
Ozone,0,2,3,1,-3,-1.0,177,-2%,-0.02,0.9411764705882353,-0.02
Ozone,0,1,2,1,0,0.0,34,0%,0.0,0.9909502262443439,0.0
Ozone,0,1,8,1,-24,-3.0,82,-29%,-0.29,0.3031674208144796,-0.29
Ozone,0,2,2,1,-2,-1.0,27,-7%,-0.07,0.7873303167420814,-0.07
Ozone,0,1,2,1,0,0.0,5,0%,0.0,0.995475113122172,0.0
Ozone,0,1,5,1,-4,-0.8,63,-6%,-0.06,0.8190045248868778,-0.06
Ozone,0,1,4,1,-12,-3.0,31,-39%,-0.39,0.19457013574660634,-0.39
Ozone,0,1,4,1,-36,-9.0,36,-100%,-1.0,0.02262443438914027,-1.0
Ozone,0,1,5,1,-10,-2.0,23,-43%,-0.43,0.1493212669683258,-0.43
Ozone,0,2,2,1,-8,-4.0,74,-11%,-0.11,0.7013574660633484,-0.11
Ozone,0,1,4,1,-12,-3.0,36,-33%,-0.33,0.25339366515837103,-0.33
Ozone,0,2,6,1,-18,-3.0,63,-29%,-0.29,0.3076923076923077,-0.29
Ozone,0,1,3,1,-6,-2.0,15,-40%,-0.4,0.17647058823529413,-0.4
Ozone,0,1,9,1,-27,-3.0,234,-12%,-0.12,0.669683257918552,-0.12
Ozone,0,2,3,1,-9,-3.0,50,-18%,-0.18,0.5158371040723982,-0.18
Ozone,0,1,3,1,-9,-3.0,176,-5%,-0.05,0.8687782805429864,-0.05
Ozone,0,1,2,1,-2,-1.0,42,-5%,-0.05,0.8733031674208145,-0.05
Ozone,0,1,2,1,-2,-1.0,87,-2%,-0.02,0.9457013574660633,-0.02
Ozone,0,2,8,1,-23,-2.875,57,-40%,-0.4,0.18099547511312217,-0.4
Ozone,0,1,2,1,-6,-3.0,22,-27%,-0.27,0.3212669683257919,-0.27
Ozone,0,1,10,1,-50,-5.0,123,-41%,-0.41,0.1583710407239819,-0.41
Ozone,0,2,2,1,-2,-1.0,72,-3%,-0.03,0.918552036199095,-0.03
Ozone,0,1,9,1,-27,-3.0,234,-12%,-0.12,0.6742081447963801,-0.12
Ozone,0,2,4,1,-18,-4.5,116,-16%,-0.16,0.579185520361991,-0.16
Ozone,0,1,5,1,-10,-2.0,123,-8%,-0.08,0.755656108597285,-0.08
Ozone,0,1,2,1,0,0.0,52,0%,0.0,1.0,0.0
Ozone,0,1,2,1,-6,-3.0,18,-33%,-0.33,0.2579185520361991,-0.33
Ozone,0,1,2,1,-6,-3.0,75,-8%,-0.08,0.7601809954751131,-0.08
Ozone,0,1,2,1,-1,-0.5,9,-11%,-0.11,0.7058823529411765,-0.11
Ozone,0,1,2,1,-6,-3.0,29,-21%,-0.21,0.43891402714932126,-0.21
Ozone,0,1,8,1,-24,-3.0,74,-32%,-0.32,0.27149321266968324,-0.32
Ozone,0,2,21,1,-63,-3.0,365,-17%,-0.17,0.5475113122171946,-0.17
Ozone,0,1,3,1,-13,-4.333333333,21,-62%,-0.62,0.07692307692307693,-0.62
Ozone,0,2,5,1,-29,-5.8,62,-47%,-0.47,0.11764705882352941,-0.47
Ozone,0,1,6,1,-22,-3.666666667,166,-13%,-0.13,0.6561085972850679,-0.13
Ozone,0,2,2,1,-5,-2.5,23,-22%,-0.22,0.39819004524886875,-0.22
Ozone,0,1,4,1,-23,-5.75,46,-50%,-0.5,0.10407239819004525,-0.5
Ozone,0,2,3,1,-6,-2.0,76,-8%,-0.08,0.7647058823529411,-0.08
Ozone,0,1,2,1,-2,-1.0,27,-7%,-0.07,0.7918552036199095,-0.07
Ozone,0,1,9,1,-54,-6.0,276,-20%,-0.2,0.4751131221719457,-0.2
Ozone,0,1,2,1,-8,-4.0,35,-23%,-0.23,0.36199095022624433,-0.23
Ozone,0,2,2,1,-6,-3.0,97,-6%,-0.06,0.8235294117647058,-0.06
Parquet,0,1,7,1,-27,-3.857142857,40,-68%,-0.68,0.3333333333333333,-0.68
Parquet,0,1,2,1,-2,-1.0,14,-14%,-0.14,0.6666666666666666,-0.14
Parquet,0,1,36,1,-36,-1.0,1014,-4%,-0.04,1.0,-0.04
Phoenix,0,1,2,1,-6,-3.0,24,-25%,-0.25,0.4146341463414634,-0.25
Phoenix,0,2,2,1,-4,-2.0,28,-14%,-0.14,0.5609756097560976,-0.14
Phoenix,0,1,2,1,-4,-2.0,175,-2%,-0.02,0.975609756097561,-0.02
Phoenix,0,1,2,1,-6,-3.0,57,-11%,-0.11,0.6341463414634146,-0.11
Phoenix,0,1,3,1,-9,-3.0,37,-24%,-0.24,0.4878048780487805,-0.24
Phoenix,0,1,3,1,-6,-2.0,60,-10%,-0.1,0.6829268292682927,-0.1
Phoenix,0,1,2,1,-2,-1.0,12,-17%,-0.17,0.5121951219512195,-0.17
Phoenix,0,1,5,1,-8,-1.6,72,-11%,-0.11,0.6585365853658537,-0.11
Phoenix,0,1,5,1,-35,-7.0,99,-35%,-0.35,0.24390243902439024,-0.35
Phoenix,0,1,4,1,-60,-15.0,175,-34%,-0.34,0.2926829268292683,-0.34
Phoenix,0,1,5,1,-31,-6.2,44,-70%,-0.7,0.07317073170731707,-0.7
Phoenix,0,1,4,1,-12,-3.0,101,-12%,-0.12,0.5853658536585366,-0.12
Phoenix,0,1,3,1,-9,-3.0,19,-47%,-0.47,0.14634146341463414,-0.47
Phoenix,0,1,5,1,-15,-3.0,29,-52%,-0.52,0.12195121951219512,-0.52
Phoenix,0,1,2,1,0,0.0,0,,,,
Phoenix,0,2,10,1,-10,-1.0,162,-6%,-0.06,0.7804878048780488,-0.06
Phoenix,0,2,2,1,-18,-9.0,23,-78%,-0.78,0.024390243902439025,-0.78
Phoenix,0,2,4,1,-8,-2.0,31,-26%,-0.26,0.3902439024390244,-0.26
Phoenix,0,1,2,1,-6,-3.0,175,-3%,-0.03,0.926829268292683,-0.03
Phoenix,0,2,2,1,-34,-17.0,57,-60%,-0.6,0.0975609756097561,-0.6
Phoenix,0,2,2,1,-1,-0.5,34,-3%,-0.03,0.9512195121951219,-0.03
Phoenix,0,1,4,1,-60,-15.0,175,-34%,-0.34,0.3170731707317073,-0.34
Phoenix,0,1,4,1,-4,-1.0,40,-10%,-0.1,0.7073170731707317,-0.1
Phoenix,0,2,8,1,-40,-5.0,150,-27%,-0.27,0.36585365853658536,-0.27
Phoenix,0,2,4,1,-12,-3.0,29,-41%,-0.41,0.21951219512195122,-0.41
Phoenix,0,1,2,1,-4,-2.0,12,-33%,-0.33,0.34146341463414637,-0.33
Phoenix,0,1,6,1,-6,-1.0,73,-8%,-0.08,0.7560975609756098,-0.08
Phoenix,0,1,4,1,-12,-3.0,101,-12%,-0.12,0.6097560975609756,-0.12
Phoenix,0,2,5,1,-4,-0.8,101,-4%,-0.04,0.8780487804878049,-0.04
Phoenix,0,1,3,1,-6,-2.0,40,-15%,-0.15,0.5365853658536586,-0.15
Phoenix,0,1,2,1,-2,-1.0,33,-6%,-0.06,0.8048780487804879,-0.06
Phoenix,0,1,2,1,-2,-1.0,33,-6%,-0.06,0.8292682926829268,-0.06
Phoenix,0,1,2,1,-2,-1.0,51,-4%,-0.04,0.9024390243902439,-0.04
Phoenix,0,1,2,1,-6,-3.0,13,-46%,-0.46,0.17073170731707318,-0.46
Phoenix,0,1,2,1,-6,-3.0,24,-25%,-0.25,0.43902439024390244,-0.25
Phoenix,0,1,6,1,-42,-7.0,99,-42%,-0.42,0.1951219512195122,-0.42
Phoenix,0,1,2,1,-18,-9.0,24,-75%,-0.75,0.04878048780487805,-0.75
Phoenix,0,1,2,1,-6,-3.0,24,-25%,-0.25,0.4634146341463415,-0.25
Phoenix,0,1,4,1,-4,-1.0,40,-10%,-0.1,0.7317073170731707,-0.1
Phoenix,0,2,3,1,-9,-3.0,191,-5%,-0.05,0.8536585365853658,-0.05
Phoenix,0,1,40,1,0,0.0,114,0%,0.0,1.0,0.0
Phoenix,0,1,2,1,-6,-3.0,17,-35%,-0.35,0.2682926829268293,-0.35
Pig,0,1,14,1,-156,-11.14285714,211,-74%,-0.74,1.0,-0.74
Pinot,0,1,4,1,-12,-3.0,23,-52%,-0.52,0.08878504672897196,-0.52
Pinot,0,2,2,1,-6,-3.0,14,-43%,-0.43,0.1308411214953271,-0.43
Pinot,0,1,3,1,-3,-1.0,65,-5%,-0.05,0.8598130841121495,-0.05
Pinot,0,1,5,1,-5,-1.0,114,-4%,-0.04,0.8878504672897196,-0.04
Pinot,0,2,9,1,-45,-5.0,181,-25%,-0.25,0.3177570093457944,-0.25
Pinot,0,1,2,1,-10,-5.0,75,-13%,-0.13,0.6355140186915887,-0.13
Pinot,0,1,3,1,-3,-1.0,23,-13%,-0.13,0.6401869158878505,-0.13
Pinot,0,1,2,1,-6,-3.0,16,-38%,-0.38,0.17757009345794392,-0.38
Pinot,0,1,3,1,-3,-1.0,27,-11%,-0.11,0.6588785046728972,-0.11
Pinot,0,1,2,1,-6,-3.0,37,-16%,-0.16,0.5607476635514018,-0.16
Pinot,0,1,2,1,-2,-1.0,27,-7%,-0.07,0.7616822429906542,-0.07
Pinot,0,1,6,1,-18,-3.0,69,-26%,-0.26,0.29906542056074764,-0.26
Pinot,0,2,2,1,-10,-5.0,50,-20%,-0.2,0.4158878504672897,-0.2
Pinot,0,2,8,1,-24,-3.0,211,-11%,-0.11,0.6635514018691588,-0.11
Pinot,0,1,3,1,-3,-1.0,114,-3%,-0.03,0.9065420560747663,-0.03
Pinot,0,1,2,1,-6,-3.0,218,-3%,-0.03,0.9112149532710281,-0.03
Pinot,0,1,2,1,-4,-2.0,61,-7%,-0.07,0.7663551401869159,-0.07
Pinot,0,2,10,1,-30,-3.0,260,-12%,-0.12,0.6542056074766355,-0.12
Pinot,0,1,3,1,-9,-3.0,23,-39%,-0.39,0.16355140186915887,-0.39
Pinot,0,1,2,1,-2,-1.0,28,-7%,-0.07,0.7710280373831776,-0.07
Pinot,0,1,2,1,-6,-3.0,38,-16%,-0.16,0.5654205607476636,-0.16
Pinot,0,1,2,1,-4,-2.0,10,-40%,-0.4,0.14485981308411214,-0.4
Pinot,0,1,2,1,-4,-2.0,42,-10%,-0.1,0.7009345794392523,-0.1
Pinot,0,1,3,1,-9,-3.0,44,-20%,-0.2,0.4205607476635514,-0.2
Pinot,0,2,31,1,-122,-3.935483871,429,-28%,-0.28,0.2757009345794392,-0.28
Pinot,0,1,2,1,-6,-3.0,27,-22%,-0.22,0.397196261682243,-0.22
Pinot,0,2,2,1,-10,-5.0,20,-50%,-0.5,0.09813084112149532,-0.5
Pinot,0,2,11,1,-29,-2.636363636,127,-23%,-0.23,0.3691588785046729,-0.23
Pinot,0,2,8,1,-23,-2.875,120,-19%,-0.19,0.46261682242990654,-0.19
Pinot,0,1,3,1,-9,-3.0,104,-9%,-0.09,0.7149532710280374,-0.09
Pinot,0,2,7,1,-29,-4.142857143,164,-18%,-0.18,0.48598130841121495,-0.18
Pinot,0,2,4,1,-12,-3.0,113,-11%,-0.11,0.6682242990654206,-0.11
Pinot,0,2,3,1,-3,-1.0,92,-3%,-0.03,0.9158878504672897,-0.03
Pinot,0,2,3,1,-9,-3.0,30,-30%,-0.3,0.2570093457943925,-0.3
Pinot,0,1,2,1,-7,-3.5,24,-29%,-0.29,0.26635514018691586,-0.29
Pinot,0,2,22,1,-90,-4.090909091,327,-28%,-0.28,0.2803738317757009,-0.28
Pinot,0,1,2,1,-6,-3.0,20,-30%,-0.3,0.2616822429906542,-0.3
Pinot,0,1,10,1,-26,-2.6,107,-24%,-0.24,0.3411214953271028,-0.24
Pinot,0,2,9,1,-45,-5.0,119,-38%,-0.38,0.1822429906542056,-0.38
Pinot,0,2,5,1,-19,-3.8,49,-39%,-0.39,0.16822429906542055,-0.39
Pinot,0,2,3,1,-9,-3.0,29,-31%,-0.31,0.24766355140186916,-0.31
Pinot,0,2,4,1,-8,-2.0,48,-17%,-0.17,0.5514018691588785,-0.17
Pinot,0,2,2,1,-1,-0.5,29,-3%,-0.03,0.9205607476635514,-0.03
Pinot,0,2,3,1,-8,-2.666666667,25,-32%,-0.32,0.2383177570093458,-0.32
Pinot,0,1,2,1,-5,-2.5,14,-36%,-0.36,0.20093457943925233,-0.36
Pinot,0,2,2,1,-6,-3.0,54,-11%,-0.11,0.6728971962616822,-0.11
Pinot,0,1,9,1,-27,-3.0,113,-24%,-0.24,0.34579439252336447,-0.24
Pinot,0,1,2,1,-2,-1.0,34,-6%,-0.06,0.8130841121495327,-0.06
Pinot,0,1,21,1,-78,-3.714285714,429,-18%,-0.18,0.49065420560747663,-0.18
Pinot,0,2,10,1,-10,-1.0,193,-5%,-0.05,0.8644859813084113,-0.05
Pinot,0,2,12,1,-40,-3.333333333,142,-28%,-0.28,0.2850467289719626,-0.28
Pinot,0,2,5,1,-25,-5.0,43,-58%,-0.58,0.07476635514018691,-0.58
Pinot,0,1,2,1,-6,-3.0,39,-15%,-0.15,0.5887850467289719,-0.15
Pinot,0,1,4,1,0,0.0,68,0%,0.0,0.9626168224299065,0.0
Pinot,0,1,6,1,-30,-5.0,78,-38%,-0.38,0.18691588785046728,-0.38
Pinot,0,1,3,1,-9,-3.0,103,-9%,-0.09,0.719626168224299,-0.09
Pinot,0,1,8,1,-24,-3.0,143,-17%,-0.17,0.5560747663551402,-0.17
Pinot,0,1,3,1,-9,-3.0,103,-9%,-0.09,0.7242990654205608,-0.09
Pinot,0,2,6,1,-26,-4.333333333,127,-20%,-0.2,0.4252336448598131,-0.2
Pinot,0,1,3,1,0,0.0,6,0%,0.0,0.9672897196261683,0.0
Pinot,0,2,19,1,-161,-8.473684211,337,-48%,-0.48,0.11682242990654206,-0.48
Pinot,0,1,4,1,-19,-4.75,37,-51%,-0.51,0.09345794392523364,-0.51
Pinot,0,2,2,1,-6,-3.0,39,-15%,-0.15,0.5934579439252337,-0.15
Pinot,0,2,6,1,-38,-6.333333333,188,-20%,-0.2,0.42990654205607476,-0.2
Pinot,0,2,2,1,-8,-4.0,45,-18%,-0.18,0.4953271028037383,-0.18
Pinot,0,1,2,1,-6,-3.0,17,-35%,-0.35,0.2102803738317757,-0.35
Pinot,0,1,2,1,-6,-3.0,41,-15%,-0.15,0.5981308411214953,-0.15
Pinot,0,1,2,1,0,0.0,30,0%,0.0,0.9719626168224299,0.0
Pinot,0,1,3,1,-9,-3.0,27,-33%,-0.33,0.22429906542056074,-0.33
Pinot,0,1,3,1,-2,-0.666666667,27,-7%,-0.07,0.7757009345794392,-0.07
Pinot,0,1,2,1,-2,-1.0,34,-6%,-0.06,0.8177570093457944,-0.06
Pinot,0,1,2,1,-6,-3.0,34,-18%,-0.18,0.5,-0.18
Pinot,0,2,20,1,-94,-4.7,639,-15%,-0.15,0.602803738317757,-0.15
Pinot,0,2,3,1,-5,-1.666666667,82,-6%,-0.06,0.822429906542056,-0.06
Pinot,0,1,6,1,-18,-3.0,42,-43%,-0.43,0.13551401869158877,-0.43
Pinot,0,1,5,1,-5,-1.0,159,-3%,-0.03,0.9252336448598131,-0.03
Pinot,0,2,2,1,-2,-1.0,51,-4%,-0.04,0.8925233644859814,-0.04
Pinot,0,1,5,1,-11,-2.2,24,-46%,-0.46,0.12149532710280374,-0.46
Pinot,0,1,3,1,-5,-1.666666667,34,-15%,-0.15,0.6074766355140186,-0.15
Pinot,0,1,2,1,-1,-0.5,8,-13%,-0.13,0.6448598130841121,-0.13
Pinot,0,1,3,1,-9,-3.0,27,-33%,-0.33,0.22897196261682243,-0.33
Pinot,0,1,3,1,-2,-0.666666667,65,-3%,-0.03,0.9299065420560748,-0.03
Pinot,0,1,5,1,0,0.0,114,0%,0.0,0.9766355140186916,0.0
Pinot,0,1,8,1,0,0.0,167,0%,0.0,0.9813084112149533,0.0
Pinot,0,1,3,1,-9,-3.0,44,-20%,-0.2,0.43457943925233644,-0.2
Pinot,0,2,9,1,-45,-5.0,303,-15%,-0.15,0.6121495327102804,-0.15
Pinot,0,2,11,1,-27,-2.454545455,154,-18%,-0.18,0.5046728971962616,-0.18
Pinot,0,1,2,1,-6,-3.0,57,-11%,-0.11,0.677570093457944,-0.11
Pinot,0,1,2,1,-6,-3.0,54,-11%,-0.11,0.6822429906542056,-0.11
Pinot,0,1,2,1,-6,-3.0,54,-11%,-0.11,0.6869158878504673,-0.11
Pinot,0,1,2,1,-3,-1.5,3,-100%,-1.0,0.004672897196261682,-1.0
Pinot,0,1,2,1,-34,-17.0,34,-100%,-1.0,0.009345794392523364,-1.0
Pinot,0,2,12,1,-39,-3.25,249,-16%,-0.16,0.5700934579439252,-0.16
Pinot,0,2,8,1,-8,-1.0,144,-6%,-0.06,0.8271028037383178,-0.06
Pinot,0,1,5,1,-29,-5.8,159,-18%,-0.18,0.5093457943925234,-0.18
Pinot,0,2,2,1,-6,-3.0,21,-29%,-0.29,0.27102803738317754,-0.29
Pinot,0,2,2,1,-6,-3.0,34,-18%,-0.18,0.514018691588785,-0.18
Pinot,0,1,6,1,-18,-3.0,69,-26%,-0.26,0.3037383177570093,-0.26
Pinot,0,1,2,1,-6,-3.0,84,-7%,-0.07,0.780373831775701,-0.07
Pinot,0,1,7,1,-7,-1.0,245,-3%,-0.03,0.9345794392523364,-0.03
Pinot,0,1,2,1,-12,-6.0,75,-16%,-0.16,0.5747663551401869,-0.16
Pinot,0,2,7,1,-35,-5.0,221,-16%,-0.16,0.5794392523364486,-0.16
Pinot,0,2,2,1,-6,-3.0,27,-22%,-0.22,0.40186915887850466,-0.22
Pinot,0,2,5,1,-15,-3.0,119,-13%,-0.13,0.6495327102803738,-0.13
Pinot,0,1,3,1,-3,-1.0,52,-6%,-0.06,0.8317757009345794,-0.06
Pinot,0,1,2,1,-10,-5.0,18,-56%,-0.56,0.0794392523364486,-0.56
Pinot,0,2,15,1,-41,-2.733333333,232,-18%,-0.18,0.5186915887850467,-0.18
Pinot,0,2,9,1,-27,-3.0,115,-23%,-0.23,0.37383177570093457,-0.23
Pinot,0,1,5,1,-15,-3.0,211,-7%,-0.07,0.7850467289719626,-0.07
Pinot,0,1,2,1,-9,-4.5,38,-24%,-0.24,0.35046728971962615,-0.24
Pinot,0,2,2,1,-6,-3.0,32,-19%,-0.19,0.4672897196261682,-0.19
Pinot,0,2,10,1,-30,-3.0,122,-25%,-0.25,0.32242990654205606,-0.25
Pinot,0,2,5,1,-15,-3.0,43,-35%,-0.35,0.21495327102803738,-0.35
Pinot,0,1,3,1,-9,-3.0,37,-24%,-0.24,0.35514018691588783,-0.24
Pinot,0,1,2,1,-2,-1.0,13,-15%,-0.15,0.616822429906542,-0.15
Pinot,0,1,5,1,-15,-3.0,211,-7%,-0.07,0.7897196261682243,-0.07
Pinot,0,2,2,1,-10,-5.0,14,-71%,-0.71,0.056074766355140186,-0.71
Pinot,0,1,3,1,-3,-1.0,27,-11%,-0.11,0.6915887850467289,-0.11
Pinot,0,2,6,1,-14,-2.333333333,155,-9%,-0.09,0.7289719626168224,-0.09
Pinot,0,1,3,1,-8,-2.666666667,45,-18%,-0.18,0.5233644859813084,-0.18
Pinot,0,2,2,1,-6,-3.0,15,-40%,-0.4,0.14953271028037382,-0.4
Pinot,0,1,2,1,-10,-5.0,10,-100%,-1.0,0.014018691588785047,-1.0
Pinot,0,1,2,1,-2,-1.0,38,-5%,-0.05,0.8691588785046729,-0.05
Pinot,0,2,8,1,-8,-1.0,139,-6%,-0.06,0.8364485981308412,-0.06
Pinot,0,2,4,1,-20,-5.0,110,-18%,-0.18,0.5280373831775701,-0.18
Pinot,0,1,2,1,-6,-3.0,42,-14%,-0.14,0.6261682242990654,-0.14
Pinot,0,1,2,1,-7,-3.5,7,-100%,-1.0,0.018691588785046728,-1.0
Pinot,0,1,2,1,-6,-3.0,60,-10%,-0.1,0.705607476635514,-0.1
Pinot,0,1,5,1,-15,-3.0,159,-9%,-0.09,0.7336448598130841,-0.09
Pinot,0,2,5,1,-10,-2.0,51,-20%,-0.2,0.4392523364485981,-0.2
Pinot,0,1,2,1,-24,-12.0,30,-80%,-0.8,0.04205607476635514,-0.8
Pinot,0,2,12,1,-130,-10.83333333,216,-60%,-0.6,0.06542056074766354,-0.6
Pinot,0,2,3,1,-15,-5.0,19,-79%,-0.79,0.04672897196261682,-0.79
Pinot,0,2,2,1,-16,-8.0,82,-20%,-0.2,0.4439252336448598,-0.2
Pinot,0,2,7,1,-18,-2.571428571,160,-11%,-0.11,0.6962616822429907,-0.11
Pinot,0,2,5,1,-15,-3.0,280,-5%,-0.05,0.8738317757009346,-0.05
Pinot,0,2,2,1,-16,-8.0,44,-36%,-0.36,0.205607476635514,-0.36
Pinot,0,1,3,1,-7,-2.333333333,29,-24%,-0.24,0.3598130841121495,-0.24
Pinot,0,1,2,1,-6,-3.0,28,-21%,-0.21,0.40654205607476634,-0.21
Pinot,0,1,5,1,-5,-1.0,77,-6%,-0.06,0.8411214953271028,-0.06
Pinot,0,1,9,1,-9,-1.0,126,-7%,-0.07,0.794392523364486,-0.07
Pinot,0,1,12,1,-6,-0.5,297,-2%,-0.02,0.9485981308411215,-0.02
Pinot,0,1,6,1,-24,-4.0,32,-75%,-0.75,0.0514018691588785,-0.75
Pinot,0,2,3,1,-47,-15.66666667,53,-89%,-0.89,0.03271028037383177,-0.89
Pinot,0,1,4,1,-4,-1.0,107,-4%,-0.04,0.897196261682243,-0.04
Pinot,0,1,2,1,0,0.0,10,0%,0.0,0.985981308411215,0.0
Pinot,0,2,6,1,-6,-1.0,122,-5%,-0.05,0.8785046728971962,-0.05
Pinot,0,2,14,1,-37,-2.642857143,76,-49%,-0.49,0.11214953271028037,-0.49
Pinot,0,2,4,1,-20,-5.0,113,-18%,-0.18,0.5327102803738317,-0.18
Pinot,0,2,8,1,-24,-3.0,45,-53%,-0.53,0.08411214953271028,-0.53
Pinot,0,2,6,1,-18,-3.0,126,-14%,-0.14,0.6308411214953271,-0.14
Pinot,0,2,4,1,-4,-1.0,68,-6%,-0.06,0.8457943925233645,-0.06
Pinot,0,2,3,1,-15,-5.0,22,-68%,-0.68,0.06074766355140187,-0.68
Pinot,0,1,2,1,-42,-21.0,47,-89%,-0.89,0.037383177570093455,-0.89
Pinot,0,1,2,1,0,0.0,0,,,,
Pinot,0,1,4,1,-12,-3.0,140,-9%,-0.09,0.7383177570093458,-0.09
Pinot,0,1,4,1,-28,-7.0,113,-25%,-0.25,0.32710280373831774,-0.25
Pinot,0,2,2,1,-6,-3.0,37,-16%,-0.16,0.5841121495327103,-0.16
Pinot,0,1,4,1,-12,-3.0,53,-23%,-0.23,0.37850467289719625,-0.23
Pinot,0,1,2,1,-10,-5.0,56,-18%,-0.18,0.5373831775700935,-0.18
Pinot,0,1,4,1,-2,-0.5,28,-7%,-0.07,0.7990654205607477,-0.07
Pinot,0,2,6,1,-18,-3.0,192,-9%,-0.09,0.7429906542056075,-0.09
Pinot,0,2,2,1,-2,-1.0,48,-4%,-0.04,0.9018691588785047,-0.04
Pinot,0,1,2,1,0,0.0,10,0%,0.0,0.9906542056074766,0.0
Pinot,0,1,2,1,-2,-1.0,2,-100%,-1.0,0.02336448598130841,-1.0
Pinot,0,2,5,1,-21,-4.2,107,-20%,-0.2,0.4485981308411215,-0.2
Pinot,0,2,2,1,-6,-3.0,16,-38%,-0.38,0.19158878504672897,-0.38
Pinot,0,1,6,1,-18,-3.0,89,-20%,-0.2,0.4532710280373832,-0.2
Pinot,0,1,2,1,-6,-3.0,26,-23%,-0.23,0.38317757009345793,-0.23
Pinot,0,1,2,1,-6,-3.0,15,-40%,-0.4,0.1542056074766355,-0.4
Pinot,0,1,2,1,-6,-3.0,28,-21%,-0.21,0.411214953271028,-0.21
Pinot,0,1,3,1,-9,-3.0,27,-33%,-0.33,0.2336448598130841,-0.33
Pinot,0,1,3,1,-11,-3.666666667,59,-19%,-0.19,0.4719626168224299,-0.19
Pinot,0,1,3,1,-3,-1.0,37,-8%,-0.08,0.7523364485981309,-0.08
Pinot,0,1,2,1,-10,-5.0,37,-27%,-0.27,0.2897196261682243,-0.27
Pinot,0,1,2,1,0,0.0,0,,,,
Pinot,0,1,3,1,-10,-3.333333333,29,-34%,-0.34,0.21962616822429906,-0.34
Pinot,0,1,4,1,-12,-3.0,47,-26%,-0.26,0.308411214953271,-0.26
Pinot,0,1,2,1,-2,-1.0,96,-2%,-0.02,0.9532710280373832,-0.02
Pinot,0,1,3,1,-9,-3.0,119,-8%,-0.08,0.7570093457943925,-0.08
Pinot,0,1,2,1,-6,-3.0,13,-46%,-0.46,0.1261682242990654,-0.46
Pinot,0,2,2,1,-6,-3.0,10,-60%,-0.6,0.07009345794392523,-0.6
Pinot,0,1,2,1,-2,-1.0,5,-40%,-0.4,0.1588785046728972,-0.4
Pinot,0,2,3,1,-6,-2.0,16,-38%,-0.38,0.19626168224299065,-0.38
Pinot,0,1,2,1,-6,-3.0,14,-43%,-0.43,0.14018691588785046,-0.43
Pinot,0,1,2,1,0,0.0,34,0%,0.0,0.9953271028037384,0.0
Pinot,0,2,5,1,-15,-3.0,159,-9%,-0.09,0.7476635514018691,-0.09
Pinot,0,1,2,1,-2,-1.0,13,-15%,-0.15,0.6214953271028038,-0.15
Pinot,0,1,2,1,-2,-1.0,34,-6%,-0.06,0.8504672897196262,-0.06
Pinot,0,2,4,1,-12,-3.0,24,-50%,-0.5,0.102803738317757,-0.5
Pinot,0,1,2,1,0,0.0,73,0%,0.0,1.0,0.0
Pinot,0,1,4,1,-44,-11.0,113,-39%,-0.39,0.17289719626168223,-0.39
Pinot,0,2,4,1,-8,-2.0,33,-24%,-0.24,0.3644859813084112,-0.24
Pinot,0,1,5,1,-15,-3.0,61,-25%,-0.25,0.3317757009345794,-0.25
Pinot,0,2,2,1,-6,-3.0,32,-19%,-0.19,0.4766355140186916,-0.19
Pinot,0,1,2,1,-4,-2.0,61,-7%,-0.07,0.8037383177570093,-0.07
Pinot,0,1,2,1,-10,-5.0,54,-19%,-0.19,0.48130841121495327,-0.19
Pinot,0,1,3,1,-9,-3.0,28,-32%,-0.32,0.24299065420560748,-0.32
Pinot,0,2,2,1,-6,-3.0,22,-27%,-0.27,0.29439252336448596,-0.27
Pinot,0,1,2,1,-10,-5.0,32,-31%,-0.31,0.2523364485981308,-0.31
Pinot,0,1,2,1,-8,-4.0,16,-50%,-0.5,0.10747663551401869,-0.5
Pinot,0,1,2,1,-7,-3.5,7,-100%,-1.0,0.028037383177570093,-1.0
Pinot,0,1,2,1,-6,-3.0,26,-23%,-0.23,0.3878504672897196,-0.23
Pinot,0,1,4,1,-12,-3.0,53,-23%,-0.23,0.3925233644859813,-0.23
Pinot,0,1,2,1,-10,-5.0,56,-18%,-0.18,0.5420560747663551,-0.18
Pinot,0,2,23,1,-80,-3.47826087,437,-18%,-0.18,0.5467289719626168,-0.18
Pinot,0,2,14,1,-13,-0.928571429,202,-6%,-0.06,0.8551401869158879,-0.06
Pinot,0,1,2,1,-8,-4.0,31,-26%,-0.26,0.3130841121495327,-0.26
Pinot,0,2,4,1,-5,-1.25,103,-5%,-0.05,0.883177570093458,-0.05
Pinot,0,1,2,1,-2,-1.0,94,-2%,-0.02,0.9579439252336449,-0.02
Pinot,0,1,2,1,-2,-1.0,27,-7%,-0.07,0.8084112149532711,-0.07
Pinot,0,1,7,1,-7,-1.0,245,-3%,-0.03,0.9392523364485982,-0.03
Pinot,0,2,2,1,-2,-1.0,61,-3%,-0.03,0.9439252336448598,-0.03
Pinot,0,2,2,1,-5,-2.5,49,-10%,-0.1,0.7102803738317757,-0.1
Pinot,0,2,22,1,-66,-3.0,323,-20%,-0.2,0.45794392523364486,-0.2
Pinot,0,1,3,1,-9,-3.0,36,-25%,-0.25,0.3364485981308411,-0.25
PLC4X,0,2,6,1,-14,-2.333333333,43,-33%,-0.33,0.5,-0.33
PLC4X,0,2,2,1,-2,-1.0,71,-3%,-0.03,1.0,-0.03
PLC4X,0,1,4,1,-15,-3.75,97,-15%,-0.15,0.6666666666666666,-0.15
PLC4X,0,1,3,1,-3,-1.0,27,-11%,-0.11,0.8333333333333334,-0.11
PLC4X,0,2,2,1,-6,-3.0,8,-75%,-0.75,0.16666666666666666,-0.75
PLC4X,0,1,2,1,-6,-3.0,11,-55%,-0.55,0.3333333333333333,-0.55
POI,0,1,3,1,0,0.0,268,0%,0.0,0.5,0.0
POI,0,1,4,1,0,0.0,8,0%,0.0,1.0,0.0
Pulsar,0,2,8,1,-20,-2.5,364,-5%,-0.05,0.7437722419928826,-0.05
Pulsar,0,1,2,1,-2,-1.0,37,-5%,-0.05,0.7473309608540926,-0.05
Pulsar,0,1,4,1,-4,-1.0,14,-29%,-0.29,0.2313167259786477,-0.29
Pulsar,0,1,5,1,-69,-13.8,113,-61%,-0.61,0.03914590747330961,-0.61
Pulsar,0,1,4,1,-4,-1.0,79,-5%,-0.05,0.7508896797153025,-0.05
Pulsar,0,1,2,1,0,0.0,12,0%,0.0,0.900355871886121,0.0
Pulsar,0,2,7,1,-12,-1.714285714,37,-32%,-0.32,0.19217081850533807,-0.32
Pulsar,0,1,2,1,0,0.0,0,,,,
Pulsar,0,1,5,1,-15,-3.0,128,-12%,-0.12,0.5444839857651246,-0.12
Pulsar,0,2,17,1,-39,-2.294117647,120,-33%,-0.33,0.1708185053380783,-0.33
Pulsar,0,2,15,1,-67,-4.466666667,280,-24%,-0.24,0.2918149466192171,-0.24
Pulsar,0,2,10,1,-36,-3.6,115,-31%,-0.31,0.20640569395017794,-0.31
Pulsar,0,1,7,1,-1,-0.142857143,67,-1%,-0.01,0.8825622775800712,-0.01
Pulsar,0,2,17,1,-76,-4.470588235,344,-22%,-0.22,0.33451957295373663,-0.22
Pulsar,0,2,8,1,-24,-3.0,205,-12%,-0.12,0.5480427046263345,-0.12
Pulsar,0,2,4,1,-6,-1.5,102,-6%,-0.06,0.701067615658363,-0.06
Pulsar,0,2,2,1,-7,-3.5,12,-58%,-0.58,0.046263345195729534,-0.58
Pulsar,0,1,4,1,-4,-1.0,52,-8%,-0.08,0.6548042704626335,-0.08
Pulsar,0,1,2,1,0,0.0,24,0%,0.0,0.9039145907473309,0.0
Pulsar,0,1,2,1,-46,-23.0,55,-84%,-0.84,0.017793594306049824,-0.84
Pulsar,0,1,5,1,-16,-3.2,68,-24%,-0.24,0.29537366548042704,-0.24
Pulsar,0,1,2,1,-2,-1.0,13,-15%,-0.15,0.4697508896797153,-0.15
Pulsar,0,1,2,1,-12,-6.0,40,-30%,-0.3,0.21708185053380782,-0.3
Pulsar,0,1,12,1,-38,-3.166666667,175,-22%,-0.22,0.33807829181494664,-0.22
Pulsar,0,1,13,1,-36,-2.769230769,337,-11%,-0.11,0.5800711743772242,-0.11
Pulsar,0,2,8,1,-48,-6.0,364,-13%,-0.13,0.5231316725978647,-0.13
Pulsar,0,2,8,1,-28,-3.5,367,-8%,-0.08,0.6583629893238434,-0.08
Pulsar,0,2,8,1,-27,-3.375,486,-6%,-0.06,0.7046263345195729,-0.06
Pulsar,0,2,3,1,-9,-3.0,65,-14%,-0.14,0.49110320284697506,-0.14
Pulsar,0,1,15,1,0,0.0,97,0%,0.0,0.9074733096085409,0.0
Pulsar,0,1,2,1,-2,-1.0,36,-6%,-0.06,0.708185053380783,-0.06
Pulsar,0,1,3,1,-27,-9.0,70,-39%,-0.39,0.1387900355871886,-0.39
Pulsar,0,1,4,1,-44,-11.0,168,-26%,-0.26,0.26334519572953735,-0.26
Pulsar,0,1,4,1,-4,-1.0,14,-29%,-0.29,0.23487544483985764,-0.29
Pulsar,0,1,4,1,-12,-3.0,64,-19%,-0.19,0.3807829181494662,-0.19
Pulsar,0,1,2,1,-6,-3.0,12,-50%,-0.5,0.06761565836298933,-0.5
Pulsar,0,1,2,1,-8,-4.0,29,-28%,-0.28,0.2491103202846975,-0.28
Pulsar,0,1,10,1,-20,-2.0,113,-18%,-0.18,0.4199288256227758,-0.18
Pulsar,0,1,2,1,-7,-3.5,22,-32%,-0.32,0.19572953736654805,-0.32
Pulsar,0,1,2,1,-6,-3.0,13,-46%,-0.46,0.08540925266903915,-0.46
Pulsar,0,1,2,1,-6,-3.0,50,-12%,-0.12,0.5516014234875445,-0.12
Pulsar,0,1,2,1,-8,-4.0,16,-50%,-0.5,0.0711743772241993,-0.5
Pulsar,0,1,2,1,-4,-2.0,37,-11%,-0.11,0.5836298932384342,-0.11
Pulsar,0,1,2,1,-1,-0.5,26,-4%,-0.04,0.8113879003558719,-0.04
Pulsar,0,1,2,1,0,0.0,0,,,,
Pulsar,0,2,7,1,-14,-2.0,68,-21%,-0.21,0.35587188612099646,-0.21
Pulsar,0,1,3,1,-12,-4.0,32,-38%,-0.38,0.1423487544483986,-0.38
Pulsar,0,1,3,1,-12,-4.0,59,-20%,-0.2,0.3665480427046263,-0.2
Pulsar,0,1,2,1,-2,-1.0,11,-18%,-0.18,0.4234875444839858,-0.18
Pulsar,0,2,2,1,0,0.0,106,0%,0.0,0.9110320284697508,0.0
Pulsar,0,1,2,1,0,0.0,5,0%,0.0,0.9145907473309609,0.0
Pulsar,0,1,2,1,0,0.0,0,,,,
Pulsar,0,1,14,1,-96,-6.857142857,729,-13%,-0.13,0.5266903914590747,-0.13
Pulsar,0,2,6,1,-18,-3.0,34,-53%,-0.53,0.060498220640569395,-0.53
Pulsar,0,1,3,1,-3,-1.0,64,-5%,-0.05,0.7544483985765125,-0.05
Pulsar,0,1,2,1,0,0.0,11,0%,0.0,0.9181494661921709,0.0
Pulsar,0,1,2,1,-2,-1.0,26,-8%,-0.08,0.6619217081850534,-0.08
Pulsar,0,1,3,1,0,0.0,70,0%,0.0,0.9217081850533808,0.0
Pulsar,0,1,3,1,-6,-2.0,33,-18%,-0.18,0.42704626334519574,-0.18
Pulsar,0,1,2,1,0,0.0,13,0%,0.0,0.9252669039145908,0.0
Pulsar,0,1,2,1,-2,-1.0,37,-5%,-0.05,0.7580071174377224,-0.05
Pulsar,0,2,3,1,-9,-3.0,94,-10%,-0.1,0.594306049822064,-0.1
Pulsar,0,2,2,1,-8,-4.0,20,-40%,-0.4,0.12099644128113879,-0.4
Pulsar,0,2,4,1,-9,-2.25,60,-15%,-0.15,0.47330960854092524,-0.15
Pulsar,0,2,2,1,-5,-2.5,27,-19%,-0.19,0.38434163701067614,-0.19
Pulsar,0,2,6,1,-13,-2.166666667,58,-22%,-0.22,0.3416370106761566,-0.22
Pulsar,0,2,4,1,-1,-0.25,283,0%,0.0,0.9288256227758007,0.0
Pulsar,0,1,4,1,-12,-3.0,35,-34%,-0.34,0.16725978647686832,-0.34
Pulsar,0,1,3,1,-3,-1.0,31,-10%,-0.1,0.597864768683274,-0.1
Pulsar,0,1,3,1,-14,-4.666666667,62,-23%,-0.23,0.3238434163701068,-0.23
Pulsar,0,1,12,1,-84,-7.0,124,-68%,-0.68,0.03558718861209965,-0.68
Pulsar,0,1,2,1,-9,-4.5,16,-56%,-0.56,0.0498220640569395,-0.56
Pulsar,0,1,16,1,-59,-3.6875,208,-28%,-0.28,0.2526690391459075,-0.28
Pulsar,0,2,6,1,-19,-3.166666667,126,-15%,-0.15,0.47686832740213525,-0.15
Pulsar,0,2,2,1,-12,-6.0,27,-44%,-0.44,0.08896797153024912,-0.44
Pulsar,0,2,5,1,-4,-0.8,173,-2%,-0.02,0.8540925266903915,-0.02
Pulsar,0,1,4,1,-10,-2.5,79,-13%,-0.13,0.5302491103202847,-0.13
Pulsar,0,2,2,1,-1,-0.5,52,-2%,-0.02,0.8576512455516014,-0.02
Pulsar,0,1,2,1,0,0.0,26,0%,0.0,0.9323843416370107,0.0
Pulsar,0,2,2,1,-7,-3.5,57,-12%,-0.12,0.5551601423487544,-0.12
Pulsar,0,1,2,1,-5,-2.5,73,-7%,-0.07,0.6832740213523132,-0.07
Pulsar,0,2,3,1,-3,-1.0,65,-5%,-0.05,0.7615658362989324,-0.05
Pulsar,0,1,3,1,-11,-3.666666667,43,-26%,-0.26,0.2669039145907473,-0.26
Pulsar,0,2,2,1,-6,-3.0,20,-30%,-0.3,0.2206405693950178,-0.3
Pulsar,0,2,2,1,-1,-0.5,78,-1%,-0.01,0.8861209964412812,-0.01
Pulsar,0,1,9,1,-25,-2.777777778,129,-19%,-0.19,0.3879003558718861,-0.19
Pulsar,0,2,3,1,-23,-7.666666667,32,-72%,-0.72,0.03202846975088968,-0.72
Pulsar,0,1,15,1,-15,-1.0,30,-50%,-0.5,0.07473309608540925,-0.5
Pulsar,0,1,2,1,-2,-1.0,81,-2%,-0.02,0.8612099644128114,-0.02
Pulsar,0,1,3,1,-7,-2.333333333,9,-78%,-0.78,0.02491103202846975,-0.78
Pulsar,0,1,2,1,-2,-1.0,34,-6%,-0.06,0.7117437722419929,-0.06
Pulsar,0,2,3,1,-8,-2.666666667,100,-8%,-0.08,0.6654804270462633,-0.08
Pulsar,0,1,10,1,-10,-1.0,220,-5%,-0.05,0.7651245551601423,-0.05
Pulsar,0,1,2,1,-6,-3.0,26,-23%,-0.23,0.3274021352313167,-0.23
Pulsar,0,1,4,1,0,0.0,23,0%,0.0,0.9359430604982206,0.0
Pulsar,0,1,3,1,-9,-3.0,64,-14%,-0.14,0.49466192170818507,-0.14
Pulsar,0,1,2,1,-1,-0.5,15,-7%,-0.07,0.6868327402135231,-0.07
Pulsar,0,1,2,1,-1,-0.5,26,-4%,-0.04,0.8149466192170819,-0.04
Pulsar,0,1,2,1,-1,-0.5,10,-10%,-0.1,0.6014234875444839,-0.1
Pulsar,0,2,2,1,-2,-1.0,41,-5%,-0.05,0.7686832740213523,-0.05
Pulsar,0,2,3,1,-11,-3.666666667,94,-12%,-0.12,0.5587188612099644,-0.12
Pulsar,0,2,2,1,-6,-3.0,23,-26%,-0.26,0.2704626334519573,-0.26
Pulsar,0,1,2,1,-6,-3.0,34,-18%,-0.18,0.4306049822064057,-0.18
Pulsar,0,1,2,1,0,0.0,37,0%,0.0,0.9395017793594306,0.0
Pulsar,0,1,2,1,-4,-2.0,33,-12%,-0.12,0.5622775800711743,-0.12
Pulsar,0,1,2,1,-2,-1.0,12,-17%,-0.17,0.44483985765124556,-0.17
Pulsar,0,1,2,1,-10,-5.0,42,-24%,-0.24,0.298932384341637,-0.24
Pulsar,0,2,5,1,-15,-3.0,72,-21%,-0.21,0.3594306049822064,-0.21
Pulsar,0,1,26,1,-93,-3.576923077,385,-24%,-0.24,0.302491103202847,-0.24
Pulsar,0,2,2,1,-2,-1.0,65,-3%,-0.03,0.8362989323843416,-0.03
Pulsar,0,1,3,1,-3,-1.0,16,-19%,-0.19,0.3914590747330961,-0.19
Pulsar,0,1,15,1,-37,-2.466666667,721,-5%,-0.05,0.7722419928825622,-0.05
Pulsar,0,1,3,1,-9,-3.0,70,-13%,-0.13,0.5338078291814946,-0.13
Pulsar,0,2,3,1,-9,-3.0,108,-8%,-0.08,0.6690391459074733,-0.08
Pulsar,0,2,7,1,-7,-1.0,464,-2%,-0.02,0.8647686832740213,-0.02
Pulsar,0,1,6,1,-13,-2.166666667,132,-10%,-0.1,0.604982206405694,-0.1
Pulsar,0,1,2,1,-6,-3.0,42,-14%,-0.14,0.498220640569395,-0.14
Pulsar,0,1,3,1,-3,-1.0,16,-19%,-0.19,0.39501779359430605,-0.19
Pulsar,0,1,2,1,-7,-3.5,21,-33%,-0.33,0.17437722419928825,-0.33
Pulsar,0,2,2,1,-5,-2.5,60,-8%,-0.08,0.6725978647686833,-0.08
Pulsar,0,2,2,1,-6,-3.0,54,-11%,-0.11,0.5871886120996441,-0.11
Pulsar,0,1,4,1,-4,-1.0,251,-2%,-0.02,0.8683274021352313,-0.02
Pulsar,0,1,4,1,-8,-2.0,159,-5%,-0.05,0.7758007117437722,-0.05
Pulsar,0,1,3,1,-9,-3.0,32,-28%,-0.28,0.25622775800711745,-0.28
Pulsar,0,1,3,1,-3,-1.0,16,-19%,-0.19,0.398576512455516,-0.19
Pulsar,0,2,3,1,-15,-5.0,39,-38%,-0.38,0.14590747330960854,-0.38
Pulsar,0,2,17,1,-51,-3.0,321,-16%,-0.16,0.4626334519572954,-0.16
Pulsar,0,1,7,1,-21,-3.0,83,-25%,-0.25,0.2846975088967972,-0.25
Pulsar,0,1,4,1,0,0.0,168,0%,0.0,0.9430604982206405,0.0
Pulsar,0,1,2,1,0,0.0,137,0%,0.0,0.9466192170818505,0.0
Pulsar,0,1,5,1,0,0.0,25,0%,0.0,0.9501779359430605,0.0
Pulsar,0,1,5,1,-17,-3.4,67,-25%,-0.25,0.28825622775800713,-0.25
Pulsar,0,1,2,1,-2,-1.0,7,-29%,-0.29,0.23843416370106763,-0.29
Pulsar,0,1,3,1,-3,-1.0,17,-18%,-0.18,0.43416370106761565,-0.18
Pulsar,0,1,4,1,-4,-1.0,25,-16%,-0.16,0.46619217081850534,-0.16
Pulsar,0,1,4,1,-4,-1.0,23,-17%,-0.17,0.4483985765124555,-0.17
Pulsar,0,1,5,1,-5,-1.0,15,-33%,-0.33,0.17793594306049823,-0.33
Pulsar,0,1,8,1,-22,-2.75,98,-22%,-0.22,0.34519572953736655,-0.22
Pulsar,0,1,3,1,-14,-4.666666667,156,-9%,-0.09,0.6192170818505338,-0.09
Pulsar,0,1,2,1,0,0.0,0,,,,
Pulsar,0,2,5,1,-21,-4.2,110,-19%,-0.19,0.40213523131672596,-0.19
Pulsar,0,1,4,1,-12,-3.0,88,-14%,-0.14,0.501779359430605,-0.14
Pulsar,0,1,4,1,-36,-9.0,36,-100%,-1.0,0.0035587188612099642,-1.0
Pulsar,0,1,3,1,0,0.0,11,0%,0.0,0.9537366548042705,0.0
Pulsar,0,1,2,1,-6,-3.0,15,-40%,-0.4,0.12455516014234876,-0.4
Pulsar,0,1,5,1,-5,-1.0,29,-17%,-0.17,0.45195729537366547,-0.17
Pulsar,0,1,8,1,0,0.0,68,0%,0.0,0.9572953736654805,0.0
Pulsar,0,1,39,1,-145,-3.717948718,463,-31%,-0.31,0.2099644128113879,-0.31
Pulsar,0,1,2,1,-6,-3.0,25,-24%,-0.24,0.30604982206405695,-0.24
Pulsar,0,1,7,1,0,0.0,81,0%,0.0,0.9608540925266904,0.0
Pulsar,0,1,7,1,0,0.0,303,0%,0.0,0.9644128113879004,0.0
Pulsar,0,1,5,1,0,0.0,50,0%,0.0,0.9679715302491103,0.0
Pulsar,0,1,2,1,-3,-1.5,32,-9%,-0.09,0.6227758007117438,-0.09
Pulsar,0,1,3,1,0,0.0,8,0%,0.0,0.9715302491103203,0.0
Pulsar,0,1,4,1,-12,-3.0,79,-15%,-0.15,0.4804270462633452,-0.15
Pulsar,0,2,3,1,-9,-3.0,16,-56%,-0.56,0.05338078291814947,-0.56
Pulsar,0,1,3,1,-3,-1.0,235,-1%,-0.01,0.8896797153024911,-0.01
Pulsar,0,1,2,1,-2,-1.0,40,-5%,-0.05,0.7793594306049823,-0.05
Pulsar,0,1,4,1,-20,-5.0,97,-21%,-0.21,0.36298932384341637,-0.21
Pulsar,0,1,5,1,-18,-3.6,189,-10%,-0.1,0.608540925266904,-0.1
Pulsar,0,1,6,1,-6,-1.0,121,-5%,-0.05,0.7829181494661922,-0.05
Pulsar,0,1,2,1,0,0.0,52,0%,0.0,0.9750889679715302,0.0
Pulsar,0,1,2,1,-1,-0.5,23,-4%,-0.04,0.8185053380782918,-0.04
Pulsar,0,2,8,1,-16,-2.0,178,-9%,-0.09,0.6263345195729537,-0.09
Pulsar,0,2,2,1,-1,-0.5,38,-3%,-0.03,0.8398576512455516,-0.03
Pulsar,0,2,2,1,-4,-2.0,75,-5%,-0.05,0.7864768683274022,-0.05
Pulsar,0,1,3,1,-1,-0.333333333,22,-5%,-0.05,0.7900355871886121,-0.05
Pulsar,0,1,2,1,-2,-1.0,64,-3%,-0.03,0.8434163701067615,-0.03
Pulsar,0,1,4,1,-8,-2.0,168,-5%,-0.05,0.7935943060498221,-0.05
Pulsar,0,1,2,1,0,0.0,0,,,,
Pulsar,0,1,8,1,-8,-1.0,68,-12%,-0.12,0.5658362989323843,-0.12
Pulsar,0,1,3,1,-10,-3.333333333,30,-33%,-0.33,0.18149466192170818,-0.33
Pulsar,0,1,2,1,-4,-2.0,17,-24%,-0.24,0.3096085409252669,-0.24
Pulsar,0,1,3,1,0,0.0,186,0%,0.0,0.9786476868327402,0.0
Pulsar,0,1,2,1,0,0.0,56,0%,0.0,0.9822064056939501,0.0
Pulsar,0,2,7,1,-29,-4.142857143,97,-30%,-0.3,0.22419928825622776,-0.3
Pulsar,0,2,3,1,-9,-3.0,26,-35%,-0.35,0.16370106761565836,-0.35
Pulsar,0,1,3,1,-3,-1.0,156,-2%,-0.02,0.8718861209964412,-0.02
Pulsar,0,2,2,1,-24,-12.0,59,-41%,-0.41,0.11743772241992882,-0.41
Pulsar,0,1,2,1,-6,-3.0,8,-75%,-0.75,0.028469750889679714,-0.75
Pulsar,0,2,10,1,-70,-7.0,196,-36%,-0.36,0.15302491103202848,-0.36
Pulsar,0,1,2,1,-14,-7.0,32,-44%,-0.44,0.09252669039145907,-0.44
Pulsar,0,1,3,1,0,0.0,186,0%,0.0,0.9857651245551602,0.0
Pulsar,0,2,2,1,-3,-1.5,16,-19%,-0.19,0.40569395017793597,-0.19
Pulsar,0,1,4,1,0,0.0,14,0%,0.0,0.9893238434163701,0.0
Pulsar,0,1,9,1,-9,-1.0,367,-2%,-0.02,0.8754448398576512,-0.02
Pulsar,0,1,10,1,-30,-3.0,92,-33%,-0.33,0.18505338078291814,-0.33
Pulsar,0,1,2,1,-2,-1.0,19,-11%,-0.11,0.5907473309608541,-0.11
Pulsar,0,1,13,1,-39,-3.0,152,-26%,-0.26,0.27402135231316727,-0.26
Pulsar,0,1,3,1,-3,-1.0,33,-9%,-0.09,0.6298932384341637,-0.09
Pulsar,0,1,2,1,-6,-3.0,10,-60%,-0.6,0.042704626334519574,-0.6
Pulsar,0,1,2,1,-6,-3.0,19,-32%,-0.32,0.199288256227758,-0.32
Pulsar,0,1,2,1,-6,-3.0,25,-24%,-0.24,0.31316725978647686,-0.24
Pulsar,0,1,2,1,-6,-3.0,106,-6%,-0.06,0.7153024911032029,-0.06
Pulsar,0,2,3,1,-9,-3.0,123,-7%,-0.07,0.6903914590747331,-0.07
Pulsar,0,1,10,1,-22,-2.2,183,-12%,-0.12,0.5693950177935944,-0.12
Pulsar,0,1,5,1,-12,-2.4,150,-8%,-0.08,0.6761565836298933,-0.08
Pulsar,0,1,13,1,-13,-1.0,236,-6%,-0.06,0.7188612099644128,-0.06
Pulsar,0,1,33,1,-134,-4.060606061,560,-24%,-0.24,0.3167259786476868,-0.24
Pulsar,0,1,5,1,-8,-1.6,88,-9%,-0.09,0.6334519572953736,-0.09
Pulsar,0,1,3,1,-11,-3.666666667,54,-20%,-0.2,0.3701067615658363,-0.2
Pulsar,0,1,2,1,-6,-3.0,23,-26%,-0.26,0.2775800711743772,-0.26
Pulsar,0,1,15,1,-38,-2.533333333,75,-51%,-0.51,0.06405693950177936,-0.51
Pulsar,0,1,13,1,-65,-5.0,152,-43%,-0.43,0.099644128113879,-0.43
Pulsar,0,1,2,1,-2,-1.0,34,-6%,-0.06,0.7224199288256228,-0.06
Pulsar,0,1,2,1,-2,-1.0,42,-5%,-0.05,0.797153024911032,-0.05
Pulsar,0,1,2,1,0,0.0,0,,,,
Pulsar,0,1,2,1,-2,-1.0,29,-7%,-0.07,0.693950177935943,-0.07
Pulsar,0,1,3,1,-1,-0.333333333,1,-100%,-1.0,0.0071174377224199285,-1.0
Pulsar,0,1,2,1,0,0.0,0,,,,
Pulsar,0,1,2,1,-2,-1.0,74,-3%,-0.03,0.8469750889679716,-0.03
Pulsar,0,1,4,1,-4,-1.0,168,-2%,-0.02,0.8790035587188612,-0.02
Pulsar,0,1,3,1,-3,-1.0,79,-4%,-0.04,0.8220640569395018,-0.04
Pulsar,0,1,9,1,-117,-13.0,534,-22%,-0.22,0.3487544483985765,-0.22
Pulsar,0,1,2,1,-18,-9.0,42,-43%,-0.43,0.10320284697508897,-0.43
Pulsar,0,1,8,1,-20,-2.5,68,-29%,-0.29,0.24199288256227758,-0.29
Pulsar,0,1,5,1,-5,-1.0,984,-1%,-0.01,0.8932384341637011,-0.01
Pulsar,0,1,2,1,-2,-1.0,29,-7%,-0.07,0.697508896797153,-0.07
Pulsar,0,1,2,1,-6,-3.0,32,-19%,-0.19,0.4092526690391459,-0.19
Pulsar,0,2,6,1,-8,-1.333333333,129,-6%,-0.06,0.7259786476868327,-0.06
Pulsar,0,2,3,1,-7,-2.333333333,49,-14%,-0.14,0.505338078291815,-0.14
Pulsar,0,1,2,1,-2,-1.0,59,-3%,-0.03,0.8505338078291815,-0.03
Pulsar,0,1,4,1,-4,-1.0,691,-1%,-0.01,0.896797153024911,-0.01
Pulsar,0,1,4,1,-15,-3.75,82,-18%,-0.18,0.4377224199288256,-0.18
Pulsar,0,1,17,1,-71,-4.176470588,330,-22%,-0.22,0.35231316725978645,-0.22
Pulsar,0,1,2,1,-6,-3.0,14,-43%,-0.43,0.10676156583629894,-0.43
Pulsar,0,1,2,1,0,0.0,0,,,,
Pulsar,0,1,3,1,-9,-3.0,48,-19%,-0.19,0.4128113879003559,-0.19
Pulsar,0,1,4,1,0,0.0,50,0%,0.0,0.9928825622775801,0.0
Pulsar,0,1,3,1,-15,-5.0,15,-100%,-1.0,0.010676156583629894,-1.0
Pulsar,0,2,2,1,-6,-3.0,70,-9%,-0.09,0.6370106761565836,-0.09
Pulsar,0,2,2,1,-10,-5.0,75,-13%,-0.13,0.5373665480427047,-0.13
Pulsar,0,1,2,1,-2,-1.0,34,-6%,-0.06,0.7295373665480427,-0.06
Pulsar,0,1,2,1,-2,-1.0,21,-10%,-0.1,0.6120996441281139,-0.1
Pulsar,0,1,2,1,-2,-1.0,32,-6%,-0.06,0.7330960854092526,-0.06
Pulsar,0,1,3,1,-8,-2.666666667,19,-42%,-0.42,0.11387900355871886,-0.42
Pulsar,0,2,35,1,-35,-1.0,760,-5%,-0.05,0.800711743772242,-0.05
Pulsar,0,2,2,1,-8,-4.0,66,-12%,-0.12,0.5729537366548043,-0.12
Pulsar,0,1,2,1,-4,-2.0,4,-100%,-1.0,0.014234875444839857,-1.0
Pulsar,0,1,8,1,-8,-1.0,20,-40%,-0.4,0.12811387900355872,-0.4
Pulsar,0,1,8,1,-8,-1.0,20,-40%,-0.4,0.13167259786476868,-0.4
Pulsar,0,2,12,1,-60,-5.0,199,-30%,-0.3,0.2277580071174377,-0.3
Pulsar,0,1,10,1,-25,-2.5,272,-9%,-0.09,0.6405693950177936,-0.09
Pulsar,0,1,8,1,-32,-4.0,90,-36%,-0.36,0.15658362989323843,-0.36
Pulsar,0,1,2,1,-2,-1.0,17,-12%,-0.12,0.5765124555160143,-0.12
Pulsar,0,1,3,1,-3,-1.0,18,-17%,-0.17,0.4555160142348754,-0.17
Pulsar,0,1,6,1,-6,-1.0,19,-32%,-0.32,0.20284697508896798,-0.32
Pulsar,0,1,5,1,-5,-1.0,17,-29%,-0.29,0.24555160142348753,-0.29
Pulsar,0,1,3,1,-3,-1.0,6,-50%,-0.5,0.07829181494661921,-0.5
Pulsar,0,1,5,1,-5,-1.0,19,-26%,-0.26,0.28113879003558717,-0.26
Pulsar,0,1,6,1,-6,-1.0,16,-38%,-0.38,0.1494661921708185,-0.38
Pulsar,0,1,2,1,-2,-1.0,10,-20%,-0.2,0.3736654804270463,-0.2
Pulsar,0,1,2,1,-2,-1.0,10,-20%,-0.2,0.37722419928825623,-0.2
Pulsar,0,1,3,1,-3,-1.0,31,-10%,-0.1,0.6156583629893239,-0.1
Pulsar,0,2,3,1,-53,-17.66666667,106,-50%,-0.5,0.08185053380782918,-0.5
Pulsar,0,1,2,1,0,0.0,27,0%,0.0,0.99644128113879,0.0
Pulsar,0,1,3,1,-15,-5.0,35,-43%,-0.43,0.1103202846975089,-0.43
Pulsar,0,1,5,1,-17,-3.4,135,-13%,-0.13,0.5409252669039146,-0.13
Pulsar,0,2,3,1,-9,-3.0,51,-18%,-0.18,0.4412811387900356,-0.18
Pulsar,0,2,2,1,-8,-4.0,20,-40%,-0.4,0.13523131672597866,-0.4
Pulsar,0,1,3,1,-21,-7.0,92,-23%,-0.23,0.3309608540925267,-0.23
Pulsar,0,1,3,1,-6,-2.0,70,-9%,-0.09,0.6441281138790036,-0.09
Pulsar,0,2,2,1,-6,-3.0,165,-4%,-0.04,0.8256227758007118,-0.04
Pulsar,0,1,7,1,-15,-2.142857143,109,-14%,-0.14,0.5088967971530249,-0.14
Pulsar,0,2,2,1,-6,-3.0,44,-14%,-0.14,0.5124555160142349,-0.14
Pulsar,0,2,3,1,-8,-2.666666667,90,-9%,-0.09,0.6476868327402135,-0.09
Pulsar,0,2,9,1,-45,-5.0,82,-55%,-0.55,0.05693950177935943,-0.55
Pulsar,0,1,5,1,-15,-3.0,45,-33%,-0.33,0.18861209964412812,-0.33
Pulsar,0,1,2,1,-6,-3.0,143,-4%,-0.04,0.8291814946619217,-0.04
Pulsar,0,1,3,1,-10,-3.333333333,12,-83%,-0.83,0.021352313167259787,-0.83
Pulsar,0,2,2,1,-4,-2.0,100,-4%,-0.04,0.8327402135231317,-0.04
Pulsar,0,1,2,1,-6,-3.0,42,-14%,-0.14,0.5160142348754448,-0.14
Pulsar,0,1,4,1,-12,-3.0,79,-15%,-0.15,0.48398576512455516,-0.15
Pulsar,0,1,2,1,-10,-5.0,42,-24%,-0.24,0.3202846975088968,-0.24
Pulsar,0,2,2,1,0,0.0,0,,,,
Pulsar,0,1,8,1,-17,-2.125,103,-17%,-0.17,0.45907473309608543,-0.17
Pulsar,0,2,2,1,-5,-2.5,27,-19%,-0.19,0.41637010676156583,-0.19
Pulsar,0,1,2,1,0,0.0,11,0%,0.0,1.0,0.0
Pulsar,0,2,28,1,-84,-3.0,604,-14%,-0.14,0.5195729537366548,-0.14
Pulsar,0,1,3,1,-17,-5.666666667,54,-31%,-0.31,0.21352313167259787,-0.31
Pulsar,0,2,3,1,-3,-1.0,65,-5%,-0.05,0.8042704626334519,-0.05
Pulsar,0,2,2,1,-6,-3.0,22,-27%,-0.27,0.2597864768683274,-0.27
Pulsar,0,1,2,1,-4,-2.0,11,-36%,-0.36,0.1601423487544484,-0.36
Pulsar,0,2,2,1,-6,-3.0,73,-8%,-0.08,0.6797153024911032,-0.08
Pulsar,0,1,2,1,-2,-1.0,22,-9%,-0.09,0.6512455516014235,-0.09
Pulsar,0,2,21,1,-54,-2.571428571,363,-15%,-0.15,0.4875444839857651,-0.15
Pulsar,0,2,4,1,-10,-2.5,181,-6%,-0.06,0.7366548042704626,-0.06
Pulsar,0,2,3,1,-3,-1.0,50,-6%,-0.06,0.7402135231316725,-0.06
Pulsar,0,1,2,1,-2,-1.0,42,-5%,-0.05,0.8078291814946619,-0.05
Pulsar,0,1,8,1,-8,-1.0,18,-44%,-0.44,0.09608540925266904,-0.44
Qpid,0,2,4,1,-12,-3.0,112,-11%,-0.11,0.7604166666666666,-0.11
Qpid,0,2,4,1,-4,-1.0,39,-10%,-0.1,0.7760416666666666,-0.1
Qpid,0,1,2,1,-6,-3.0,38,-16%,-0.16,0.6979166666666666,-0.16
Qpid,0,2,10,1,-170,-17.0,172,-99%,-0.99,0.03125,-0.99
Qpid,0,1,2,1,-2,-1.0,17,-12%,-0.12,0.7447916666666666,-0.12
Qpid,0,1,2,1,-2,-1.0,28,-7%,-0.07,0.8541666666666666,-0.07
Qpid,0,1,2,1,-6,-3.0,6,-100%,-1.0,0.005208333333333333,-1.0
Qpid,0,2,2,1,-6,-3.0,53,-11%,-0.11,0.765625,-0.11
Qpid,0,2,3,1,-3,-1.0,129,-2%,-0.02,0.9270833333333334,-0.02
Qpid,0,1,2,1,-6,-3.0,8,-75%,-0.75,0.09895833333333333,-0.75
Qpid,0,1,4,1,-12,-3.0,64,-19%,-0.19,0.6510416666666666,-0.19
Qpid,0,1,3,1,-41,-13.66666667,44,-93%,-0.93,0.036458333333333336,-0.93
Qpid,0,2,2,1,-10,-5.0,47,-21%,-0.21,0.5989583333333334,-0.21
Qpid,0,2,3,1,-9,-3.0,23,-39%,-0.39,0.3697916666666667,-0.39
Qpid,0,1,2,1,-6,-3.0,16,-38%,-0.38,0.375,-0.38
Qpid,0,1,6,1,-18,-3.0,35,-51%,-0.51,0.25,-0.51
Qpid,0,2,4,1,-12,-3.0,48,-25%,-0.25,0.5260416666666666,-0.25
Qpid,0,2,3,1,-21,-7.0,45,-47%,-0.47,0.2864583333333333,-0.47
Qpid,0,2,6,1,-40,-6.666666667,90,-44%,-0.44,0.3229166666666667,-0.44
Qpid,0,1,2,1,-2,-1.0,5,-40%,-0.4,0.3541666666666667,-0.4
Qpid,0,2,2,1,-10,-5.0,37,-27%,-0.27,0.4947916666666667,-0.27
Qpid,0,2,3,1,-11,-3.666666667,110,-10%,-0.1,0.78125,-0.1
Qpid,0,2,3,1,-9,-3.0,20,-45%,-0.45,0.3072916666666667,-0.45
Qpid,0,1,3,1,-6,-2.0,40,-15%,-0.15,0.7135416666666666,-0.15
Qpid,0,1,2,1,-2,-1.0,8,-25%,-0.25,0.53125,-0.25
Qpid,0,2,7,1,-97,-13.85714286,146,-66%,-0.66,0.16666666666666666,-0.66
Qpid,0,2,3,1,-8,-2.666666667,65,-12%,-0.12,0.75,-0.12
Qpid,0,1,8,1,-88,-11.0,114,-77%,-0.77,0.08854166666666667,-0.77
Qpid,0,1,3,1,-12,-4.0,24,-50%,-0.5,0.2604166666666667,-0.5
Qpid,0,1,3,1,-9,-3.0,14,-64%,-0.64,0.171875,-0.64
Qpid,0,1,2,1,-4,-2.0,16,-25%,-0.25,0.5364583333333334,-0.25
Qpid,0,1,5,1,0,0.0,10,0%,0.0,0.953125,0.0
Qpid,0,1,2,1,0,0.0,24,0%,0.0,0.9583333333333334,0.0
Qpid,0,1,9,1,0,0.0,40,0%,0.0,0.9635416666666666,0.0
Qpid,0,1,4,1,-4,-1.0,31,-13%,-0.13,0.71875,-0.13
Qpid,0,2,6,1,-40,-6.666666667,75,-53%,-0.53,0.23958333333333334,-0.53
Qpid,0,1,2,1,-10,-5.0,10,-100%,-1.0,0.010416666666666666,-1.0
Qpid,0,2,42,1,-175,-4.166666667,508,-34%,-0.34,0.4114583333333333,-0.34
Qpid,0,2,19,1,-19,-1.0,241,-8%,-0.08,0.8333333333333334,-0.08
Qpid,0,2,5,1,-19,-3.8,195,-10%,-0.1,0.7864583333333334,-0.1
Qpid,0,1,2,1,-2,-1.0,12,-17%,-0.17,0.6822916666666666,-0.17
Qpid,0,2,2,1,-10,-5.0,18,-56%,-0.56,0.22916666666666666,-0.56
Qpid,0,2,4,1,-20,-5.0,104,-19%,-0.19,0.65625,-0.19
Qpid,0,2,3,1,-8,-2.666666667,25,-32%,-0.32,0.453125,-0.32
Qpid,0,2,2,1,-25,-12.5,119,-21%,-0.21,0.6041666666666666,-0.21
Qpid,0,1,3,1,-27,-9.0,30,-90%,-0.9,0.041666666666666664,-0.9
Qpid,0,2,7,1,-49,-7.0,121,-40%,-0.4,0.359375,-0.4
Qpid,0,2,3,1,-21,-7.0,35,-60%,-0.6,0.203125,-0.6
Qpid,0,2,8,1,-18,-2.25,64,-28%,-0.28,0.4895833333333333,-0.28
Qpid,0,2,6,1,-32,-5.333333333,63,-51%,-0.51,0.2552083333333333,-0.51
Qpid,0,2,3,1,-15,-5.0,37,-41%,-0.41,0.34375,-0.41
Qpid,0,1,4,1,-12,-3.0,60,-20%,-0.2,0.6354166666666666,-0.2
Qpid,0,1,3,1,-15,-5.0,20,-75%,-0.75,0.10416666666666667,-0.75
Qpid,0,1,3,1,-9,-3.0,98,-9%,-0.09,0.796875,-0.09
Qpid,0,1,2,1,-22,-11.0,29,-76%,-0.76,0.09375,-0.76
Qpid,0,2,2,1,-6,-3.0,108,-6%,-0.06,0.8802083333333334,-0.06
Qpid,0,1,3,1,-2,-0.666666667,15,-13%,-0.13,0.7239583333333334,-0.13
Qpid,0,2,5,1,-25,-5.0,203,-12%,-0.12,0.7552083333333334,-0.12
Qpid,0,2,2,1,-2,-1.0,63,-3%,-0.03,0.90625,-0.03
Qpid,0,1,3,1,-9,-3.0,98,-9%,-0.09,0.8020833333333334,-0.09
Qpid,0,1,3,1,-3,-1.0,23,-13%,-0.13,0.7291666666666666,-0.13
Qpid,0,1,4,1,-4,-1.0,21,-19%,-0.19,0.6614583333333334,-0.19
Qpid,0,1,2,1,-2,-1.0,26,-8%,-0.08,0.8385416666666666,-0.08
Qpid,0,1,7,1,0,0.0,24,0%,0.0,0.96875,0.0
Qpid,0,2,7,1,-18,-2.571428571,84,-21%,-0.21,0.609375,-0.21
Qpid,0,2,16,1,-14,-0.875,191,-7%,-0.07,0.859375,-0.07
Qpid,0,1,7,1,-21,-3.0,42,-50%,-0.5,0.265625,-0.5
Qpid,0,2,2,1,-5,-2.5,19,-26%,-0.26,0.5052083333333334,-0.26
Qpid,0,2,8,1,-24,-3.0,33,-73%,-0.73,0.13541666666666666,-0.73
Qpid,0,1,9,1,-27,-3.0,74,-36%,-0.36,0.40625,-0.36
Qpid,0,1,4,1,-11,-2.75,14,-79%,-0.79,0.078125,-0.79
Qpid,0,1,6,1,-18,-3.0,24,-75%,-0.75,0.109375,-0.75
Qpid,0,1,5,1,-15,-3.0,20,-75%,-0.75,0.11458333333333333,-0.75
Qpid,0,1,5,1,-15,-3.0,20,-75%,-0.75,0.11979166666666667,-0.75
Qpid,0,1,3,1,-9,-3.0,14,-64%,-0.64,0.17708333333333334,-0.64
Qpid,0,1,3,1,-10,-3.333333333,22,-45%,-0.45,0.3125,-0.45
Qpid,0,1,3,1,-9,-3.0,13,-69%,-0.69,0.14583333333333334,-0.69
Qpid,0,1,2,1,-2,-1.0,8,-25%,-0.25,0.5416666666666666,-0.25
Qpid,0,1,2,1,-2,-1.0,6,-33%,-0.33,0.4166666666666667,-0.33
Qpid,0,1,2,1,-2,-1.0,8,-25%,-0.25,0.546875,-0.25
Qpid,0,1,11,1,-33,-3.0,194,-17%,-0.17,0.6875,-0.17
Qpid,0,1,29,1,-185,-6.379310345,393,-47%,-0.47,0.2916666666666667,-0.47
Qpid,0,1,4,1,-4,-1.0,52,-8%,-0.08,0.84375,-0.08
Qpid,0,1,3,1,-3,-1.0,98,-3%,-0.03,0.9114583333333334,-0.03
Qpid,0,2,3,1,-3,-1.0,171,-2%,-0.02,0.9322916666666666,-0.02
Qpid,0,1,3,1,-3,-1.0,23,-13%,-0.13,0.734375,-0.13
Qpid,0,1,2,1,-6,-3.0,6,-100%,-1.0,0.015625,-1.0
Qpid,0,1,2,1,-6,-3.0,6,-100%,-1.0,0.020833333333333332,-1.0
Qpid,0,2,4,1,-4,-1.0,60,-7%,-0.07,0.8645833333333334,-0.07
Qpid,0,2,4,1,-12,-3.0,32,-38%,-0.38,0.3802083333333333,-0.38
Qpid,0,2,2,1,-2,-1.0,25,-8%,-0.08,0.8489583333333334,-0.08
Qpid,0,2,3,1,-9,-3.0,22,-41%,-0.41,0.3489583333333333,-0.41
Qpid,0,1,2,1,-3,-1.5,9,-33%,-0.33,0.421875,-0.33
Qpid,0,2,5,1,-52,-10.4,175,-30%,-0.3,0.46875,-0.3
Qpid,0,2,4,1,-24,-6.0,118,-20%,-0.2,0.640625,-0.2
Qpid,0,1,2,1,-8,-4.0,44,-18%,-0.18,0.671875,-0.18
Qpid,0,2,5,1,-5,-1.0,153,-3%,-0.03,0.9166666666666666,-0.03
Qpid,0,2,2,1,-6,-3.0,32,-19%,-0.19,0.6666666666666666,-0.19
Qpid,0,1,2,1,-4,-2.0,12,-33%,-0.33,0.4270833333333333,-0.33
Qpid,0,1,3,1,-15,-5.0,20,-75%,-0.75,0.125,-0.75
Qpid,0,2,2,1,-24,-12.0,65,-37%,-0.37,0.3958333333333333,-0.37
Qpid,0,1,3,1,-27,-9.0,30,-90%,-0.9,0.046875,-0.9
Qpid,0,1,5,1,-15,-3.0,24,-63%,-0.63,0.1875,-0.63
Qpid,0,2,7,1,-21,-3.0,84,-25%,-0.25,0.5520833333333334,-0.25
Qpid,0,1,14,1,-42,-3.0,110,-38%,-0.38,0.3854166666666667,-0.38
Qpid,0,1,3,1,-9,-3.0,36,-25%,-0.25,0.5572916666666666,-0.25
Qpid,0,2,3,1,-3,-1.0,35,-9%,-0.09,0.8072916666666666,-0.09
Qpid,0,1,3,1,0,0.0,23,0%,0.0,0.9739583333333334,0.0
Qpid,0,1,6,1,0,0.0,12,0%,0.0,0.9791666666666666,0.0
Qpid,0,1,4,1,-4,-1.0,18,-22%,-0.22,0.5885416666666666,-0.22
Qpid,0,2,4,1,-4,-1.0,205,-2%,-0.02,0.9375,-0.02
Qpid,0,1,2,1,-10,-5.0,17,-59%,-0.59,0.21875,-0.59
Qpid,0,1,2,1,-8,-4.0,12,-67%,-0.67,0.15104166666666666,-0.67
Qpid,0,1,2,1,-6,-3.0,8,-75%,-0.75,0.13020833333333334,-0.75
Qpid,0,1,6,1,-18,-3.0,84,-21%,-0.21,0.6145833333333334,-0.21
Qpid,0,2,7,1,-61,-8.714285714,84,-73%,-0.73,0.140625,-0.73
Qpid,0,1,3,1,-9,-3.0,21,-43%,-0.43,0.328125,-0.43
Qpid,0,2,2,1,-17,-8.5,68,-25%,-0.25,0.5625,-0.25
Qpid,0,1,4,1,-16,-4.0,24,-67%,-0.67,0.15625,-0.67
Qpid,0,1,2,1,-2,-1.0,48,-4%,-0.04,0.8958333333333334,-0.04
Qpid,0,1,4,1,-4,-1.0,18,-22%,-0.22,0.59375,-0.22
Qpid,0,1,10,1,-12,-1.2,232,-5%,-0.05,0.8854166666666666,-0.05
Qpid,0,1,2,1,-6,-3.0,14,-43%,-0.43,0.3333333333333333,-0.43
Qpid,0,2,5,1,-31,-6.2,53,-58%,-0.58,0.22395833333333334,-0.58
Qpid,0,1,2,1,-4,-2.0,19,-21%,-0.21,0.6197916666666666,-0.21
Qpid,0,1,2,1,-4,-2.0,12,-33%,-0.33,0.4322916666666667,-0.33
Qpid,0,1,2,1,-4,-2.0,12,-33%,-0.33,0.4375,-0.33
Qpid,0,1,3,1,-27,-9.0,30,-90%,-0.9,0.052083333333333336,-0.9
Qpid,0,1,6,1,-6,-1.0,26,-23%,-0.23,0.5833333333333334,-0.23
Qpid,0,1,2,1,-2,-1.0,16,-13%,-0.13,0.7395833333333334,-0.13
Qpid,0,2,5,1,-5,-1.0,110,-5%,-0.05,0.890625,-0.05
Qpid,0,2,4,1,-24,-6.0,93,-26%,-0.26,0.5104166666666666,-0.26
Qpid,0,1,2,1,-10,-5.0,40,-25%,-0.25,0.5677083333333334,-0.25
Qpid,0,1,2,1,-6,-3.0,16,-38%,-0.38,0.390625,-0.38
Qpid,0,2,18,1,-54,-3.0,145,-37%,-0.37,0.4010416666666667,-0.37
Qpid,0,2,5,1,-5,-1.0,54,-9%,-0.09,0.8125,-0.09
Qpid,0,1,2,1,-2,-1.0,10,-20%,-0.2,0.6458333333333334,-0.2
Qpid,0,2,2,1,-6,-3.0,37,-16%,-0.16,0.703125,-0.16
Qpid,0,1,2,1,-2,-1.0,12,-17%,-0.17,0.6927083333333334,-0.17
Qpid,0,1,2,1,-2,-1.0,11,-18%,-0.18,0.6770833333333334,-0.18
Qpid,0,2,15,1,-98,-6.533333333,190,-52%,-0.52,0.24479166666666666,-0.52
Qpid,0,1,3,1,-3,-1.0,42,-7%,-0.07,0.8697916666666666,-0.07
Qpid,0,2,3,1,-8,-2.666666667,75,-11%,-0.11,0.7708333333333334,-0.11
Qpid,0,2,4,1,-16,-4.0,35,-46%,-0.46,0.3020833333333333,-0.46
Qpid,0,2,2,1,-2,-1.0,82,-2%,-0.02,0.9427083333333334,-0.02
Qpid,0,1,2,1,-2,-1.0,7,-29%,-0.29,0.484375,-0.29
Qpid,0,1,2,1,-4,-2.0,16,-25%,-0.25,0.5729166666666666,-0.25
Qpid,0,2,3,1,-32,-10.66666667,101,-32%,-0.32,0.4583333333333333,-0.32
Qpid,0,2,6,1,-6,-1.0,251,-2%,-0.02,0.9479166666666666,-0.02
Qpid,0,2,2,1,-6,-3.0,20,-30%,-0.3,0.4739583333333333,-0.3
Qpid,0,1,2,1,-2,-1.0,23,-9%,-0.09,0.8177083333333334,-0.09
Qpid,0,1,3,1,-43,-14.33333333,51,-84%,-0.84,0.07291666666666667,-0.84
Qpid,0,1,3,1,-9,-3.0,98,-9%,-0.09,0.8229166666666666,-0.09
Qpid,0,1,2,1,-6,-3.0,12,-50%,-0.5,0.2708333333333333,-0.5
Qpid,0,1,3,1,0,0.0,52,0%,0.0,0.984375,0.0
Qpid,0,1,3,1,-9,-3.0,130,-7%,-0.07,0.875,-0.07
Qpid,0,2,2,1,-18,-9.0,57,-32%,-0.32,0.4635416666666667,-0.32
Qpid,0,1,2,1,-12,-6.0,74,-16%,-0.16,0.7083333333333334,-0.16
Qpid,0,1,2,1,-4,-2.0,6,-67%,-0.67,0.16145833333333334,-0.67
Qpid,0,1,2,1,-6,-3.0,23,-26%,-0.26,0.515625,-0.26
Qpid,0,1,2,1,-2,-1.0,6,-33%,-0.33,0.4427083333333333,-0.33
Qpid,0,1,3,1,0,0.0,16,0%,0.0,0.9895833333333334,0.0
Qpid,0,1,2,1,-2,-1.0,6,-33%,-0.33,0.4479166666666667,-0.33
Qpid,0,2,2,1,-5,-2.5,54,-9%,-0.09,0.828125,-0.09
Qpid,0,2,3,1,-27,-9.0,31,-87%,-0.87,0.0625,-0.87
Qpid,0,2,2,1,-6,-3.0,23,-26%,-0.26,0.5208333333333334,-0.26
Qpid,0,2,2,1,-6,-3.0,15,-40%,-0.4,0.3645833333333333,-0.4
Qpid,0,1,5,1,-5,-1.0,11,-45%,-0.45,0.3177083333333333,-0.45
Qpid,0,2,2,1,-26,-13.0,53,-49%,-0.49,0.28125,-0.49
Qpid,0,2,9,1,-51,-5.666666667,211,-24%,-0.24,0.578125,-0.24
Qpid,0,1,4,1,-4,-1.0,19,-21%,-0.21,0.625,-0.21
Qpid,0,2,2,1,-13,-6.5,44,-30%,-0.3,0.4791666666666667,-0.3
Qpid,0,2,2,1,-2,-1.0,69,-3%,-0.03,0.921875,-0.03
Qpid,0,1,2,1,-6,-3.0,10,-60%,-0.6,0.20833333333333334,-0.6
Qpid,0,2,5,1,-35,-7.0,56,-63%,-0.63,0.19270833333333334,-0.63
Qpid,0,1,2,1,-6,-3.0,138,-4%,-0.04,0.9010416666666666,-0.04
Qpid,0,1,4,1,-4,-1.0,41,-10%,-0.1,0.7916666666666666,-0.1
Qpid,0,2,4,1,-12,-3.0,19,-63%,-0.63,0.19791666666666666,-0.63
Qpid,0,2,2,1,-30,-15.0,35,-86%,-0.86,0.06770833333333333,-0.86
Qpid,0,1,5,1,-15,-3.0,56,-27%,-0.27,0.5,-0.27
Qpid,0,1,3,1,-9,-3.0,14,-64%,-0.64,0.18229166666666666,-0.64
Qpid,0,2,3,1,-21,-7.0,45,-47%,-0.47,0.296875,-0.47
Qpid,0,2,4,1,-12,-3.0,20,-60%,-0.6,0.21354166666666666,-0.6
Qpid,0,1,6,1,-18,-3.0,84,-21%,-0.21,0.6302083333333334,-0.21
Qpid,0,1,2,1,-14,-7.0,28,-50%,-0.5,0.2760416666666667,-0.5
Qpid,0,1,2,1,-6,-3.0,6,-100%,-1.0,0.026041666666666668,-1.0
Qpid,0,1,3,1,-27,-9.0,30,-90%,-0.9,0.057291666666666664,-0.9
Qpid,0,1,2,1,0,0.0,24,0%,0.0,0.9947916666666666,0.0
Qpid,0,2,2,1,-6,-3.0,14,-43%,-0.43,0.3385416666666667,-0.43
Qpid,0,1,2,1,0,0.0,16,0%,0.0,1.0,0.0
Qpid,0,1,4,1,-9,-2.25,16,-56%,-0.56,0.234375,-0.56
Qpid,0,2,3,1,-15,-5.0,19,-79%,-0.79,0.08333333333333333,-0.79
Ranger,0,1,2,1,-9,-4.5,78,-12%,-0.12,0.47045454545454546,-0.12
Ranger,0,2,11,1,-55,-5.0,156,-35%,-0.35,0.12727272727272726,-0.35
Ranger,0,1,2,1,-2,-1.0,8,-25%,-0.25,0.20227272727272727,-0.25
Ranger,0,1,2,1,-6,-3.0,118,-5%,-0.05,0.7181818181818181,-0.05
Ranger,0,1,2,1,-5,-2.5,62,-8%,-0.08,0.6,-0.08
Ranger,0,1,2,1,-2,-1.0,15,-13%,-0.13,0.4409090909090909,-0.13
Ranger,0,2,2,1,-12,-6.0,30,-40%,-0.4,0.09318181818181819,-0.4
Ranger,0,2,2,1,-2,-1.0,18,-11%,-0.11,0.47954545454545455,-0.11
Ranger,0,1,2,1,-2,-1.0,2,-100%,-1.0,0.0022727272727272726,-1.0
Ranger,0,1,4,1,-12,-3.0,25,-48%,-0.48,0.05909090909090909,-0.48
Ranger,0,1,4,1,-12,-3.0,125,-10%,-0.1,0.5045454545454545,-0.1
Ranger,0,2,140,1,-140,-1.0,3796,-4%,-0.04,0.7613636363636364,-0.04
Ranger,0,1,4,1,-4,-1.0,70,-6%,-0.06,0.6704545454545454,-0.06
Ranger,0,2,9,1,-9,-1.0,262,-3%,-0.03,0.825,-0.03
Ranger,0,1,2,1,-2,-1.0,57,-4%,-0.04,0.7636363636363637,-0.04
Ranger,0,2,16,1,-16,-1.0,457,-4%,-0.04,0.7659090909090909,-0.04
Ranger,0,1,2,1,-2,-1.0,118,-2%,-0.02,0.884090909090909,-0.02
Ranger,0,1,6,1,-42,-7.0,68,-62%,-0.62,0.020454545454545454,-0.62
Ranger,0,1,4,1,-4,-1.0,39,-10%,-0.1,0.5068181818181818,-0.1
Ranger,0,1,5,1,-13,-2.6,328,-4%,-0.04,0.7681818181818182,-0.04
Ranger,0,1,4,1,-4,-1.0,154,-3%,-0.03,0.8272727272727273,-0.03
Ranger,0,2,7,1,-7,-1.0,192,-4%,-0.04,0.7704545454545455,-0.04
Ranger,0,1,2,1,-4,-2.0,21,-19%,-0.19,0.3181818181818182,-0.19
Ranger,0,1,4,1,-4,-1.0,47,-9%,-0.09,0.5522727272727272,-0.09
Ranger,0,1,3,1,-9,-3.0,41,-22%,-0.22,0.24545454545454545,-0.22
Ranger,0,1,2,1,-2,-1.0,26,-8%,-0.08,0.6022727272727273,-0.08
Ranger,0,1,3,1,-3,-1.0,53,-6%,-0.06,0.6727272727272727,-0.06
Ranger,0,1,9,1,-30,-3.333333333,46,-65%,-0.65,0.01818181818181818,-0.65
Ranger,0,1,4,1,-12,-3.0,116,-10%,-0.1,0.509090909090909,-0.1
Ranger,0,2,3,1,-3,-1.0,137,-2%,-0.02,0.8863636363636364,-0.02
Ranger,0,2,27,1,-27,-1.0,931,-3%,-0.03,0.8295454545454546,-0.03
Ranger,0,1,2,1,-2,-1.0,62,-3%,-0.03,0.8318181818181818,-0.03
Ranger,0,2,34,1,-34,-1.0,657,-5%,-0.05,0.7204545454545455,-0.05
Ranger,0,2,2,1,-14,-7.0,30,-47%,-0.47,0.06363636363636363,-0.47
Ranger,0,2,2,1,-14,-7.0,48,-29%,-0.29,0.16136363636363638,-0.29
Ranger,0,2,2,1,-2,-1.0,21,-10%,-0.1,0.5113636363636364,-0.1
Ranger,0,2,2,1,-2,-1.0,21,-10%,-0.1,0.5136363636363637,-0.1
Ranger,0,1,3,1,-8,-2.666666667,41,-20%,-0.2,0.2863636363636364,-0.2
Ranger,0,2,5,1,-5,-1.0,111,-5%,-0.05,0.7227272727272728,-0.05
Ranger,0,1,2,1,-5,-2.5,11,-45%,-0.45,0.075,-0.45
Ranger,0,2,2,1,-2,-1.0,21,-10%,-0.1,0.5159090909090909,-0.1
Ranger,0,1,2,1,-8,-4.0,20,-40%,-0.4,0.09545454545454546,-0.4
Ranger,0,1,2,1,-8,-4.0,29,-28%,-0.28,0.17272727272727273,-0.28
Ranger,0,1,2,1,-4,-2.0,7,-57%,-0.57,0.031818181818181815,-0.57
Ranger,0,1,4,1,-12,-3.0,193,-6%,-0.06,0.675,-0.06
Ranger,0,2,3,1,-3,-1.0,171,-2%,-0.02,0.8886363636363637,-0.02
Ranger,0,1,2,1,-6,-3.0,13,-46%,-0.46,0.06818181818181818,-0.46
Ranger,0,2,66,1,-66,-1.0,2103,-3%,-0.03,0.8340909090909091,-0.03
Ranger,0,1,3,1,-27,-9.0,54,-50%,-0.5,0.05,-0.5
Ranger,0,1,5,1,-5,-1.0,111,-5%,-0.05,0.725,-0.05
Ranger,0,1,2,1,-2,-1.0,14,-14%,-0.14,0.4068181818181818,-0.14
Ranger,0,2,8,1,-20,-2.5,486,-4%,-0.04,0.7727272727272727,-0.04
Ranger,0,2,2,1,-2,-1.0,117,-2%,-0.02,0.8909090909090909,-0.02
Ranger,0,1,2,1,0,0.0,12,0%,0.0,0.9704545454545455,0.0
Ranger,0,2,7,1,-7,-1.0,295,-2%,-0.02,0.8931818181818182,-0.02
Ranger,0,1,2,1,-2,-1.0,72,-3%,-0.03,0.8363636363636363,-0.03
Ranger,0,2,2,1,-2,-1.0,23,-9%,-0.09,0.5545454545454546,-0.09
Ranger,0,2,2,1,-6,-3.0,22,-27%,-0.27,0.18181818181818182,-0.27
Ranger,0,2,7,1,-7,-1.0,502,-1%,-0.01,0.9522727272727273,-0.01
Ranger,0,1,2,1,-6,-3.0,23,-26%,-0.26,0.19318181818181818,-0.26
Ranger,0,1,4,1,-4,-1.0,51,-8%,-0.08,0.6045454545454545,-0.08
Ranger,0,1,4,1,-4,-1.0,41,-10%,-0.1,0.5181818181818182,-0.1
Ranger,0,1,3,1,-9,-3.0,36,-25%,-0.25,0.20454545454545456,-0.25
Ranger,0,1,5,1,-13,-2.6,405,-3%,-0.03,0.8386363636363636,-0.03
Ranger,0,1,3,1,-3,-1.0,158,-2%,-0.02,0.8954545454545455,-0.02
Ranger,0,1,2,1,-2,-1.0,32,-6%,-0.06,0.6772727272727272,-0.06
Ranger,0,1,2,1,-2,-1.0,19,-11%,-0.11,0.4818181818181818,-0.11
Ranger,0,2,2,1,-4,-2.0,69,-6%,-0.06,0.6795454545454546,-0.06
Ranger,0,2,10,1,-37,-3.7,123,-30%,-0.3,0.15,-0.3
Ranger,0,1,3,1,-3,-1.0,16,-19%,-0.19,0.32045454545454544,-0.19
Ranger,0,1,2,1,0,0.0,13,0%,0.0,0.9727272727272728,0.0
Ranger,0,1,2,1,-6,-3.0,20,-30%,-0.3,0.15227272727272728,-0.3
Ranger,0,1,7,1,-14,-2.0,92,-15%,-0.15,0.38636363636363635,-0.15
Ranger,0,1,4,1,-2,-0.5,30,-7%,-0.07,0.6409090909090909,-0.07
Ranger,0,1,4,1,-4,-1.0,138,-3%,-0.03,0.8409090909090909,-0.03
Ranger,0,1,3,1,-9,-3.0,227,-4%,-0.04,0.775,-0.04
Ranger,0,2,7,1,-21,-3.0,165,-13%,-0.13,0.4431818181818182,-0.13
Ranger,0,2,4,1,-4,-1.0,95,-4%,-0.04,0.7772727272727272,-0.04
Ranger,0,1,3,1,-3,-1.0,9,-33%,-0.33,0.1340909090909091,-0.33
Ranger,0,2,5,1,-15,-3.0,83,-18%,-0.18,0.3340909090909091,-0.18
Ranger,0,1,5,1,-15,-3.0,31,-48%,-0.48,0.06136363636363636,-0.48
Ranger,0,2,3,1,-9,-3.0,58,-16%,-0.16,0.375,-0.16
Ranger,0,1,3,1,-9,-3.0,70,-13%,-0.13,0.44545454545454544,-0.13
Ranger,0,1,6,1,-6,-1.0,114,-5%,-0.05,0.7272727272727273,-0.05
Ranger,0,1,3,1,-3,-1.0,63,-5%,-0.05,0.7295454545454545,-0.05
Ranger,0,1,2,1,-2,-1.0,10,-20%,-0.2,0.28863636363636364,-0.2
Ranger,0,1,3,1,-3,-1.0,17,-18%,-0.18,0.33636363636363636,-0.18
Ranger,0,1,3,1,-3,-1.0,84,-4%,-0.04,0.7795454545454545,-0.04
Ranger,0,1,2,1,-2,-1.0,21,-10%,-0.1,0.5204545454545455,-0.1
Ranger,0,1,4,1,-4,-1.0,41,-10%,-0.1,0.5227272727272727,-0.1
Ranger,0,1,2,1,-2,-1.0,8,-25%,-0.25,0.20681818181818182,-0.25
Ranger,0,1,3,1,-3,-1.0,28,-11%,-0.11,0.48409090909090907,-0.11
Ranger,0,1,8,1,-1,-0.125,84,-1%,-0.01,0.9545454545454546,-0.01
Ranger,0,1,3,1,-3,-1.0,18,-17%,-0.17,0.35,-0.17
Ranger,0,2,2,1,-6,-3.0,43,-14%,-0.14,0.4090909090909091,-0.14
Ranger,0,2,22,1,-22,-1.0,538,-4%,-0.04,0.7818181818181819,-0.04
Ranger,0,1,3,1,-15,-5.0,54,-28%,-0.28,0.175,-0.28
Ranger,0,2,5,1,-15,-3.0,82,-18%,-0.18,0.3386363636363636,-0.18
Ranger,0,1,3,1,-9,-3.0,41,-22%,-0.22,0.24772727272727274,-0.22
Ranger,0,1,3,1,-9,-3.0,95,-9%,-0.09,0.5568181818181818,-0.09
Ranger,0,1,12,1,-12,-1.0,130,-9%,-0.09,0.5590909090909091,-0.09
Ranger,0,1,3,1,-9,-3.0,100,-9%,-0.09,0.5613636363636364,-0.09
Ranger,0,2,47,1,-139,-2.957446809,1465,-9%,-0.09,0.5636363636363636,-0.09
Ranger,0,2,3,1,-66,-22.0,171,-39%,-0.39,0.11136363636363636,-0.39
Ranger,0,2,3,1,-15,-5.0,57,-26%,-0.26,0.19545454545454546,-0.26
Ranger,0,2,15,1,-45,-3.0,354,-13%,-0.13,0.44772727272727275,-0.13
Ranger,0,2,18,1,-54,-3.0,343,-16%,-0.16,0.37727272727272726,-0.16
Ranger,0,2,10,1,-30,-3.0,138,-22%,-0.22,0.25,-0.22
Ranger,0,2,4,1,-20,-5.0,85,-24%,-0.24,0.225,-0.24
Ranger,0,2,4,1,-12,-3.0,78,-15%,-0.15,0.3886363636363636,-0.15
Ranger,0,2,4,1,-12,-3.0,51,-24%,-0.24,0.22727272727272727,-0.24
Ranger,0,2,2,1,-6,-3.0,35,-17%,-0.17,0.3522727272727273,-0.17
Ranger,0,1,2,1,-6,-3.0,12,-50%,-0.5,0.05227272727272727,-0.5
Ranger,0,1,2,1,-10,-5.0,35,-29%,-0.29,0.16363636363636364,-0.29
Ranger,0,1,2,1,-6,-3.0,13,-46%,-0.46,0.07045454545454545,-0.46
Ranger,0,1,6,1,-18,-3.0,50,-36%,-0.36,0.12272727272727273,-0.36
Ranger,0,1,4,1,-12,-3.0,65,-18%,-0.18,0.3409090909090909,-0.18
Ranger,0,1,7,1,-7,-1.0,88,-8%,-0.08,0.6068181818181818,-0.08
Ranger,0,1,2,1,-2,-1.0,11,-18%,-0.18,0.3431818181818182,-0.18
Ranger,0,1,3,1,-6,-2.0,57,-11%,-0.11,0.4863636363636364,-0.11
Ranger,0,1,3,1,-6,-2.0,15,-40%,-0.4,0.09772727272727273,-0.4
Ranger,0,1,2,1,-6,-3.0,29,-21%,-0.21,0.26590909090909093,-0.21
Ranger,0,1,4,1,-12,-3.0,196,-6%,-0.06,0.6818181818181818,-0.06
Ranger,0,2,2,1,-2,-1.0,23,-9%,-0.09,0.5659090909090909,-0.09
Ranger,0,1,2,1,0,0.0,24,0%,0.0,0.975,0.0
Ranger,0,2,5,1,-5,-1.0,232,-2%,-0.02,0.8977272727272727,-0.02
Ranger,0,1,4,1,-4,-1.0,135,-3%,-0.03,0.8431818181818181,-0.03
Ranger,0,1,3,1,-3,-1.0,14,-21%,-0.21,0.2681818181818182,-0.21
Ranger,0,1,2,1,-2,-1.0,10,-20%,-0.2,0.2909090909090909,-0.2
Ranger,0,1,4,1,0,0.0,40,0%,0.0,0.9772727272727273,0.0
Ranger,0,1,5,1,-13,-2.6,405,-3%,-0.03,0.8454545454545455,-0.03
Ranger,0,1,3,1,-3,-1.0,158,-2%,-0.02,0.9,-0.02
Ranger,0,1,2,1,-2,-1.0,30,-7%,-0.07,0.6431818181818182,-0.07
Ranger,0,2,11,1,-11,-1.0,663,-2%,-0.02,0.9022727272727272,-0.02
Ranger,0,1,2,1,-6,-3.0,118,-5%,-0.05,0.7318181818181818,-0.05
Ranger,0,1,20,1,-20,-1.0,670,-3%,-0.03,0.8477272727272728,-0.03
Ranger,0,1,2,1,-10,-5.0,30,-33%,-0.33,0.13636363636363635,-0.33
Ranger,0,1,2,1,-2,-1.0,14,-14%,-0.14,0.4113636363636364,-0.14
Ranger,0,2,3,1,-8,-2.666666667,35,-23%,-0.23,0.23636363636363636,-0.23
Ranger,0,1,2,1,-2,-1.0,30,-7%,-0.07,0.6454545454545455,-0.07
Ranger,0,2,2,1,-2,-1.0,50,-4%,-0.04,0.7840909090909091,-0.04
Ranger,0,2,63,1,-193,-3.063492063,770,-25%,-0.25,0.20909090909090908,-0.25
Ranger,0,1,34,1,-34,-1.0,431,-8%,-0.08,0.6090909090909091,-0.08
Ranger,0,1,13,1,-65,-5.0,128,-51%,-0.51,0.045454545454545456,-0.51
Ranger,0,2,10,1,-30,-3.0,202,-15%,-0.15,0.39090909090909093,-0.15
Ranger,0,2,17,1,-56,-3.294117647,179,-31%,-0.31,0.14545454545454545,-0.31
Ranger,0,2,7,1,-7,-1.0,172,-4%,-0.04,0.7863636363636364,-0.04
Ranger,0,1,3,1,-3,-1.0,37,-8%,-0.08,0.6113636363636363,-0.08
Ranger,0,2,3,1,-9,-3.0,43,-21%,-0.21,0.27045454545454545,-0.21
Ranger,0,2,3,1,-11,-3.666666667,49,-22%,-0.22,0.25227272727272726,-0.22
Ranger,0,1,3,1,-3,-1.0,68,-4%,-0.04,0.7886363636363637,-0.04
Ranger,0,2,2,1,-6,-3.0,36,-17%,-0.17,0.35454545454545455,-0.17
Ranger,0,1,9,1,-27,-3.0,45,-60%,-0.6,0.025,-0.6
Ranger,0,1,6,1,-18,-3.0,37,-49%,-0.49,0.056818181818181816,-0.49
Ranger,0,1,7,1,-7,-1.0,69,-10%,-0.1,0.525,-0.1
Ranger,0,1,5,1,-23,-4.6,37,-62%,-0.62,0.022727272727272728,-0.62
Ranger,0,1,5,1,-5,-1.0,29,-17%,-0.17,0.3568181818181818,-0.17
Ranger,0,1,6,1,-6,-1.0,128,-5%,-0.05,0.7340909090909091,-0.05
Ranger,0,1,4,1,-4,-1.0,31,-13%,-0.13,0.45,-0.13
Ranger,0,1,3,1,0,0.0,18,0%,0.0,0.9795454545454545,0.0
Ranger,0,1,2,1,-2,-1.0,14,-14%,-0.14,0.41363636363636364,-0.14
Ranger,0,1,2,1,-2,-1.0,14,-14%,-0.14,0.4159090909090909,-0.14
Ranger,0,1,2,1,-2,-1.0,14,-14%,-0.14,0.41818181818181815,-0.14
Ranger,0,1,2,1,-2,-1.0,20,-10%,-0.1,0.5272727272727272,-0.1
Ranger,0,1,2,1,-2,-1.0,13,-15%,-0.15,0.3931818181818182,-0.15
Ranger,0,1,2,1,-2,-1.0,28,-7%,-0.07,0.6477272727272727,-0.07
Ranger,0,1,2,1,-2,-1.0,14,-14%,-0.14,0.42045454545454547,-0.14
Ranger,0,1,2,1,-2,-1.0,10,-20%,-0.2,0.29318181818181815,-0.2
Ranger,0,1,2,1,-2,-1.0,10,-20%,-0.2,0.29545454545454547,-0.2
Ranger,0,1,3,1,-3,-1.0,15,-20%,-0.2,0.29772727272727273,-0.2
Ranger,0,1,3,1,-3,-1.0,17,-18%,-0.18,0.34545454545454546,-0.18
Ranger,0,1,30,1,-30,-1.0,279,-11%,-0.11,0.48863636363636365,-0.11
Ranger,0,1,2,1,-2,-1.0,13,-15%,-0.15,0.39545454545454545,-0.15
Ranger,0,1,2,1,-2,-1.0,23,-9%,-0.09,0.5681818181818182,-0.09
Ranger,0,1,2,1,-2,-1.0,20,-10%,-0.1,0.5295454545454545,-0.1
Ranger,0,1,7,1,-7,-1.0,59,-12%,-0.12,0.4727272727272727,-0.12
Ranger,0,1,3,1,-3,-1.0,19,-16%,-0.16,0.3795454545454545,-0.16
Ranger,0,1,3,1,-3,-1.0,12,-25%,-0.25,0.21136363636363636,-0.25
Ranger,0,1,2,1,-2,-1.0,16,-13%,-0.13,0.45227272727272727,-0.13
Ranger,0,1,4,1,-4,-1.0,40,-10%,-0.1,0.5318181818181819,-0.1
Ranger,0,1,19,1,-19,-1.0,190,-10%,-0.1,0.5340909090909091,-0.1
Ranger,0,1,19,1,-19,-1.0,150,-13%,-0.13,0.45454545454545453,-0.13
Ranger,0,1,12,1,-36,-3.0,248,-15%,-0.15,0.3977272727272727,-0.15
Ranger,0,2,2,1,-6,-3.0,35,-17%,-0.17,0.35909090909090907,-0.17
Ranger,0,1,3,1,-3,-1.0,16,-19%,-0.19,0.32272727272727275,-0.19
Ranger,0,1,4,1,-20,-5.0,77,-26%,-0.26,0.19772727272727272,-0.26
Ranger,0,2,2,1,-6,-3.0,26,-23%,-0.23,0.23863636363636365,-0.23
Ranger,0,1,3,1,-9,-3.0,22,-41%,-0.41,0.09090909090909091,-0.41
Ranger,0,1,2,1,-2,-1.0,10,-20%,-0.2,0.3,-0.2
Ranger,0,1,2,1,-4,-2.0,23,-17%,-0.17,0.3613636363636364,-0.17
Ranger,0,2,15,1,-13,-0.866666667,343,-4%,-0.04,0.7909090909090909,-0.04
Ranger,0,1,6,1,-18,-3.0,75,-24%,-0.24,0.22954545454545455,-0.24
Ranger,0,2,5,1,-5,-1.0,50,-10%,-0.1,0.5363636363636364,-0.1
Ranger,0,1,6,1,-42,-7.0,93,-45%,-0.45,0.07727272727272727,-0.45
Ranger,0,1,3,1,-39,-13.0,66,-59%,-0.59,0.02727272727272727,-0.59
Ranger,0,1,3,1,-3,-1.0,47,-6%,-0.06,0.6840909090909091,-0.06
Ranger,0,2,8,1,-8,-1.0,215,-4%,-0.04,0.7931818181818182,-0.04
Ranger,0,2,3,1,-15,-5.0,86,-17%,-0.17,0.36363636363636365,-0.17
Ranger,0,2,6,1,-6,-1.0,264,-2%,-0.02,0.9045454545454545,-0.02
Ranger,0,1,2,1,-4,-2.0,16,-25%,-0.25,0.21363636363636362,-0.25
Ranger,0,1,2,1,-2,-1.0,24,-8%,-0.08,0.6136363636363636,-0.08
Ranger,0,1,2,1,-2,-1.0,30,-7%,-0.07,0.65,-0.07
Ranger,0,2,7,1,-7,-1.0,443,-2%,-0.02,0.9068181818181819,-0.02
Ranger,0,1,2,1,-5,-2.5,62,-8%,-0.08,0.615909090909091,-0.08
Ranger,0,1,7,1,-21,-3.0,484,-4%,-0.04,0.7954545454545454,-0.04
Ranger,0,2,4,1,-4,-1.0,268,-1%,-0.01,0.9568181818181818,-0.01
Ranger,0,2,3,1,-9,-3.0,25,-36%,-0.36,0.125,-0.36
Ranger,0,1,3,1,-2,-0.666666667,19,-11%,-0.11,0.4909090909090909,-0.11
Ranger,0,1,2,1,-2,-1.0,10,-20%,-0.2,0.30227272727272725,-0.2
Ranger,0,1,2,1,-6,-3.0,32,-19%,-0.19,0.325,-0.19
Ranger,0,2,28,1,-28,-1.0,498,-6%,-0.06,0.6863636363636364,-0.06
Ranger,0,1,4,1,-12,-3.0,304,-4%,-0.04,0.7977272727272727,-0.04
Ranger,0,2,3,1,-3,-1.0,227,-1%,-0.01,0.9590909090909091,-0.01
Ranger,0,1,2,1,-2,-1.0,24,-8%,-0.08,0.6181818181818182,-0.08
Ranger,0,1,6,1,-6,-1.0,114,-5%,-0.05,0.7363636363636363,-0.05
Ranger,0,1,11,1,-11,-1.0,182,-6%,-0.06,0.6886363636363636,-0.06
Ranger,0,1,2,1,-2,-1.0,16,-13%,-0.13,0.45681818181818185,-0.13
Ranger,0,1,2,1,-2,-1.0,10,-20%,-0.2,0.30454545454545456,-0.2
Ranger,0,1,8,1,-8,-1.0,84,-10%,-0.1,0.5386363636363637,-0.1
Ranger,0,1,2,1,-2,-1.0,21,-10%,-0.1,0.5409090909090909,-0.1
Ranger,0,1,6,1,-6,-1.0,90,-7%,-0.07,0.6522727272727272,-0.07
Ranger,0,1,4,1,-20,-5.0,50,-40%,-0.4,0.1,-0.4
Ranger,0,1,20,1,-20,-1.0,280,-7%,-0.07,0.6545454545454545,-0.07
Ranger,0,1,12,1,-12,-1.0,192,-6%,-0.06,0.6909090909090909,-0.06
Ranger,0,2,7,1,-7,-1.0,91,-8%,-0.08,0.6204545454545455,-0.08
Ranger,0,2,23,1,-23,-1.0,1263,-2%,-0.02,0.9090909090909091,-0.02
Ranger,0,2,4,1,-12,-3.0,61,-20%,-0.2,0.3068181818181818,-0.2
Ranger,0,1,3,1,-3,-1.0,39,-8%,-0.08,0.6227272727272727,-0.08
Ranger,0,1,19,1,-19,-1.0,544,-3%,-0.03,0.85,-0.03
Ranger,0,1,29,1,-29,-1.0,108,-27%,-0.27,0.18409090909090908,-0.27
Ranger,0,1,4,1,-4,-1.0,135,-3%,-0.03,0.8522727272727273,-0.03
Ranger,0,2,12,1,-24,-2.0,172,-14%,-0.14,0.42272727272727273,-0.14
Ranger,0,2,7,1,-23,-3.285714286,201,-11%,-0.11,0.49318181818181817,-0.11
Ranger,0,1,7,1,-21,-3.0,362,-6%,-0.06,0.6931818181818182,-0.06
Ranger,0,2,6,1,-18,-3.0,86,-21%,-0.21,0.2727272727272727,-0.21
Ranger,0,1,2,1,-10,-5.0,50,-20%,-0.2,0.3090909090909091,-0.2
Ranger,0,1,3,1,-7,-2.333333333,68,-10%,-0.1,0.5431818181818182,-0.1
Ranger,0,2,3,1,-9,-3.0,33,-27%,-0.27,0.18636363636363637,-0.27
Ranger,0,1,2,1,-4,-2.0,9,-44%,-0.44,0.08181818181818182,-0.44
Ranger,0,1,2,1,-2,-1.0,8,-25%,-0.25,0.2159090909090909,-0.25
Ranger,0,1,4,1,-4,-1.0,16,-25%,-0.25,0.21818181818181817,-0.25
Ranger,0,1,2,1,-2,-1.0,5,-40%,-0.4,0.10227272727272728,-0.4
Ranger,0,2,8,1,-8,-1.0,95,-8%,-0.08,0.625,-0.08
Ranger,0,2,2,1,-2,-1.0,55,-4%,-0.04,0.8,-0.04
Ranger,0,1,5,1,-5,-1.0,10,-50%,-0.5,0.05454545454545454,-0.5
Ranger,0,1,4,1,-12,-3.0,311,-4%,-0.04,0.8022727272727272,-0.04
Ranger,0,2,3,1,-3,-1.0,227,-1%,-0.01,0.9613636363636363,-0.01
Ranger,0,2,12,1,-12,-1.0,591,-2%,-0.02,0.9113636363636364,-0.02
Ranger,0,2,5,1,-25,-5.0,128,-20%,-0.2,0.31136363636363634,-0.2
Ranger,0,2,2,1,-6,-3.0,222,-3%,-0.03,0.8545454545454545,-0.03
Ranger,0,2,2,1,-6,-3.0,67,-9%,-0.09,0.5704545454545454,-0.09
Ranger,0,2,3,1,-3,-1.0,51,-6%,-0.06,0.6954545454545454,-0.06
Ranger,0,1,3,1,-3,-1.0,86,-3%,-0.03,0.8568181818181818,-0.03
Ranger,0,1,7,1,-18,-2.571428571,137,-13%,-0.13,0.4590909090909091,-0.13
Ranger,0,1,2,1,-2,-1.0,110,-2%,-0.02,0.9136363636363637,-0.02
Ranger,0,1,2,1,-14,-7.0,33,-42%,-0.42,0.08863636363636364,-0.42
Ranger,0,1,2,1,-2,-1.0,15,-13%,-0.13,0.46136363636363636,-0.13
Ranger,0,2,28,1,-28,-1.0,1410,-2%,-0.02,0.9159090909090909,-0.02
Ranger,0,1,2,1,-12,-6.0,56,-21%,-0.21,0.275,-0.21
Ranger,0,1,2,1,-2,-1.0,21,-10%,-0.1,0.5454545454545454,-0.1
Ranger,0,1,2,1,-6,-3.0,11,-55%,-0.55,0.038636363636363635,-0.55
Ranger,0,1,3,1,-9,-3.0,43,-21%,-0.21,0.2772727272727273,-0.21
Ranger,0,2,5,1,-17,-3.4,114,-15%,-0.15,0.4,-0.15
Ranger,0,1,8,1,-26,-3.25,295,-9%,-0.09,0.5727272727272728,-0.09
Ranger,0,2,5,1,-5,-1.0,353,-1%,-0.01,0.9636363636363636,-0.01
Ranger,0,2,127,1,-127,-1.0,3421,-4%,-0.04,0.8045454545454546,-0.04
Ranger,0,1,4,1,-4,-1.0,70,-6%,-0.06,0.6977272727272728,-0.06
Ranger,0,1,3,1,-15,-5.0,100,-15%,-0.15,0.4022727272727273,-0.15
Ranger,0,2,4,1,-12,-3.0,35,-34%,-0.34,0.12954545454545455,-0.34
Ranger,0,2,3,1,-3,-1.0,24,-13%,-0.13,0.4636363636363636,-0.13
Ranger,0,1,3,1,-9,-3.0,227,-4%,-0.04,0.8068181818181818,-0.04
Ranger,0,2,15,1,-15,-1.0,768,-2%,-0.02,0.9181818181818182,-0.02
Ranger,0,2,2,1,-10,-5.0,30,-33%,-0.33,0.13863636363636364,-0.33
Ranger,0,1,2,1,-2,-1.0,30,-7%,-0.07,0.6568181818181819,-0.07
Ranger,0,1,2,1,-2,-1.0,30,-7%,-0.07,0.6590909090909091,-0.07
Ranger,0,1,15,1,-15,-1.0,138,-11%,-0.11,0.4954545454545455,-0.11
Ranger,0,1,9,1,-31,-3.444444444,393,-8%,-0.08,0.6272727272727273,-0.08
Ranger,0,2,6,1,-6,-1.0,203,-3%,-0.03,0.8590909090909091,-0.03
Ranger,0,1,2,1,-6,-3.0,87,-7%,-0.07,0.6613636363636364,-0.07
Ranger,0,2,8,1,-8,-1.0,334,-2%,-0.02,0.9204545454545454,-0.02
Ranger,0,1,5,1,-5,-1.0,68,-7%,-0.07,0.6636363636363637,-0.07
Ranger,0,2,2,1,-2,-1.0,100,-2%,-0.02,0.9227272727272727,-0.02
Ranger,0,1,2,1,-2,-1.0,16,-13%,-0.13,0.4659090909090909,-0.13
Ranger,0,1,2,1,-6,-3.0,26,-23%,-0.23,0.2409090909090909,-0.23
Ranger,0,1,2,1,0,0.0,24,0%,0.0,0.9818181818181818,0.0
Ranger,0,1,4,1,-12,-3.0,100,-12%,-0.12,0.475,-0.12
Ranger,0,1,3,1,-3,-1.0,50,-6%,-0.06,0.7,-0.06
Ranger,0,1,3,1,-3,-1.0,103,-3%,-0.03,0.8613636363636363,-0.03
Ranger,0,1,3,1,-3,-1.0,65,-5%,-0.05,0.7386363636363636,-0.05
Ranger,0,1,2,1,-2,-1.0,25,-8%,-0.08,0.6295454545454545,-0.08
Ranger,0,1,4,1,-4,-1.0,76,-5%,-0.05,0.740909090909091,-0.05
Ranger,0,2,6,1,-6,-1.0,224,-3%,-0.03,0.8636363636363636,-0.03
Ranger,0,1,3,1,-9,-3.0,227,-4%,-0.04,0.8090909090909091,-0.04
Ranger,0,1,3,1,-9,-3.0,100,-9%,-0.09,0.575,-0.09
Ranger,0,1,12,1,-52,-4.333333333,266,-20%,-0.2,0.31363636363636366,-0.2
Ranger,0,1,2,1,-2,-1.0,9,-22%,-0.22,0.2545454545454545,-0.22
Ranger,0,2,8,1,-8,-1.0,615,-1%,-0.01,0.9659090909090909,-0.01
Ranger,0,2,16,1,-16,-1.0,183,-9%,-0.09,0.5772727272727273,-0.09
Ranger,0,1,2,1,-6,-3.0,14,-43%,-0.43,0.08409090909090909,-0.43
Ranger,0,2,8,1,-8,-1.0,362,-2%,-0.02,0.925,-0.02
Ranger,0,2,2,1,-6,-3.0,22,-27%,-0.27,0.18863636363636363,-0.27
Ranger,0,1,4,1,-12,-3.0,42,-29%,-0.29,0.16590909090909092,-0.29
Ranger,0,2,23,1,-68,-2.956521739,723,-9%,-0.09,0.5795454545454546,-0.09
Ranger,0,1,3,1,-3,-1.0,21,-14%,-0.14,0.425,-0.14
Ranger,0,1,2,1,-2,-1.0,25,-8%,-0.08,0.6318181818181818,-0.08
Ranger,0,1,8,1,-9,-1.125,30,-30%,-0.3,0.15454545454545454,-0.3
Ranger,0,1,2,1,-12,-6.0,30,-40%,-0.4,0.10454545454545454,-0.4
Ranger,0,1,2,1,-30,-15.0,45,-67%,-0.67,0.015909090909090907,-0.67
Ranger,0,1,2,1,-2,-1.0,91,-2%,-0.02,0.9272727272727272,-0.02
Ranger,0,1,2,1,-2,-1.0,18,-11%,-0.11,0.49772727272727274,-0.11
Ranger,0,1,2,1,-2,-1.0,9,-22%,-0.22,0.25681818181818183,-0.22
Ranger,0,1,4,1,-26,-6.5,49,-53%,-0.53,0.04318181818181818,-0.53
Ranger,0,1,2,1,-6,-3.0,11,-55%,-0.55,0.04090909090909091,-0.55
Ranger,0,1,2,1,-6,-3.0,6,-100%,-1.0,0.004545454545454545,-1.0
Ranger,0,1,2,1,-2,-1.0,22,-9%,-0.09,0.5818181818181818,-0.09
Ranger,0,1,2,1,-18,-9.0,126,-14%,-0.14,0.42727272727272725,-0.14
Ranger,0,1,2,1,-6,-3.0,32,-19%,-0.19,0.32727272727272727,-0.19
Ranger,0,2,6,1,-6,-1.0,168,-4%,-0.04,0.8113636363636364,-0.04
Ranger,0,1,2,1,-2,-1.0,22,-9%,-0.09,0.5840909090909091,-0.09
Ranger,0,1,2,1,-2,-1.0,14,-14%,-0.14,0.42954545454545456,-0.14
Ranger,0,2,2,1,-4,-2.0,20,-20%,-0.2,0.3159090909090909,-0.2
Ranger,0,2,5,1,-35,-7.0,89,-39%,-0.39,0.11363636363636363,-0.39
Ranger,0,1,5,1,-25,-5.0,35,-71%,-0.71,0.011363636363636364,-0.71
Ranger,0,1,2,1,-6,-3.0,43,-14%,-0.14,0.4318181818181818,-0.14
Ranger,0,1,8,1,-8,-1.0,75,-11%,-0.11,0.5,-0.11
Ranger,0,2,2,1,-2,-1.0,33,-6%,-0.06,0.7022727272727273,-0.06
Ranger,0,1,2,1,-2,-1.0,13,-15%,-0.15,0.40454545454545454,-0.15
Ranger,0,1,6,1,-18,-3.0,414,-4%,-0.04,0.8136363636363636,-0.04
Ranger,0,1,2,1,-2,-1.0,34,-6%,-0.06,0.7045454545454546,-0.06
Ranger,0,2,10,1,-10,-1.0,435,-2%,-0.02,0.9295454545454546,-0.02
Ranger,0,2,2,1,-18,-9.0,42,-43%,-0.43,0.08636363636363636,-0.43
Ranger,0,2,14,1,-42,-3.0,90,-47%,-0.47,0.0659090909090909,-0.47
Ranger,0,2,12,1,-26,-2.166666667,67,-39%,-0.39,0.1159090909090909,-0.39
Ranger,0,2,4,1,-24,-6.0,269,-9%,-0.09,0.5863636363636363,-0.09
Ranger,0,1,2,1,-2,-1.0,42,-5%,-0.05,0.7431818181818182,-0.05
Ranger,0,1,2,1,-2,-1.0,25,-8%,-0.08,0.634090909090909,-0.08
Ranger,0,1,2,1,-2,-1.0,12,-17%,-0.17,0.3659090909090909,-0.17
Ranger,0,1,2,1,-6,-3.0,118,-5%,-0.05,0.7454545454545455,-0.05
Ranger,0,1,2,1,-10,-5.0,26,-38%,-0.38,0.11818181818181818,-0.38
Ranger,0,1,2,1,-5,-2.5,62,-8%,-0.08,0.6363636363636364,-0.08
Ranger,0,2,6,1,-6,-1.0,75,-8%,-0.08,0.6386363636363637,-0.08
Ranger,0,1,2,1,-4,-2.0,23,-17%,-0.17,0.36818181818181817,-0.17
Ranger,0,1,2,1,-6,-3.0,21,-29%,-0.29,0.16818181818181818,-0.29
Ranger,0,1,2,1,-6,-3.0,26,-23%,-0.23,0.2431818181818182,-0.23
Ranger,0,1,2,1,-2,-1.0,16,-13%,-0.13,0.4681818181818182,-0.13
Ranger,0,1,2,1,-2,-1.0,12,-17%,-0.17,0.3704545454545455,-0.17
Ranger,0,2,14,1,-14,-1.0,273,-5%,-0.05,0.7477272727272727,-0.05
Ranger,0,1,2,1,0,0.0,12,0%,0.0,0.9840909090909091,0.0
Ranger,0,1,2,1,-6,-3.0,62,-10%,-0.1,0.5477272727272727,-0.1
Ranger,0,2,4,1,-4,-1.0,133,-3%,-0.03,0.865909090909091,-0.03
Ranger,0,1,2,1,-4,-2.0,14,-29%,-0.29,0.17045454545454544,-0.29
Ranger,0,1,7,1,-35,-5.0,118,-30%,-0.3,0.15681818181818183,-0.3
Ranger,0,1,2,1,-6,-3.0,19,-32%,-0.32,0.1431818181818182,-0.32
Ranger,0,2,7,1,-7,-1.0,295,-2%,-0.02,0.9318181818181818,-0.02
Ranger,0,1,4,1,-12,-3.0,125,-10%,-0.1,0.55,-0.1
Ranger,0,1,23,1,-74,-3.217391304,842,-9%,-0.09,0.5886363636363636,-0.09
Ranger,0,2,14,1,-14,-1.0,290,-5%,-0.05,0.75,-0.05
Ranger,0,2,7,1,-7,-1.0,246,-3%,-0.03,0.8681818181818182,-0.03
Ranger,0,2,6,1,-5,-0.833333333,139,-4%,-0.04,0.8159090909090909,-0.04
Ranger,0,2,2,1,-2,-1.0,29,-7%,-0.07,0.6659090909090909,-0.07
Ranger,0,1,5,1,-5,-1.0,31,-16%,-0.16,0.38181818181818183,-0.16
Ranger,0,2,10,1,-10,-1.0,556,-2%,-0.02,0.9340909090909091,-0.02
Ranger,0,2,46,1,-46,-1.0,1355,-3%,-0.03,0.8704545454545455,-0.03
Ranger,0,1,4,1,-12,-3.0,139,-9%,-0.09,0.5909090909090909,-0.09
Ranger,0,2,3,1,-3,-1.0,171,-2%,-0.02,0.9363636363636364,-0.02
Ranger,0,1,2,1,-6,-3.0,118,-5%,-0.05,0.7522727272727273,-0.05
Ranger,0,2,2,1,-5,-2.5,26,-19%,-0.19,0.32954545454545453,-0.19
Ranger,0,1,2,1,-8,-4.0,10,-80%,-0.8,0.00909090909090909,-0.8
Ranger,0,1,2,1,-2,-1.0,22,-9%,-0.09,0.5931818181818181,-0.09
Ranger,0,2,52,1,-50,-0.961538462,1276,-4%,-0.04,0.8181818181818182,-0.04
Ranger,0,1,2,1,-2,-1.0,93,-2%,-0.02,0.9386363636363636,-0.02
Ranger,0,1,2,1,0,0.0,12,0%,0.0,0.9863636363636363,0.0
Ranger,0,2,3,1,-17,-5.666666667,43,-40%,-0.4,0.10681818181818181,-0.4
Ranger,0,1,3,1,-3,-1.0,10,-30%,-0.3,0.1590909090909091,-0.3
Ranger,0,1,2,1,-6,-3.0,25,-24%,-0.24,0.2318181818181818,-0.24
Ranger,0,2,2,1,-6,-3.0,25,-24%,-0.24,0.2340909090909091,-0.24
Ranger,0,2,2,1,-6,-3.0,34,-18%,-0.18,0.3477272727272727,-0.18
Ranger,0,1,13,1,-22,-1.692307692,161,-14%,-0.14,0.4340909090909091,-0.14
Ranger,0,1,6,1,0,0.0,45,0%,0.0,0.9886363636363636,0.0
Ranger,0,1,2,1,-4,-2.0,29,-14%,-0.14,0.43636363636363634,-0.14
Ranger,0,1,2,1,0,0.0,12,0%,0.0,0.990909090909091,0.0
Ranger,0,1,6,1,-18,-3.0,105,-17%,-0.17,0.37272727272727274,-0.17
Ranger,0,2,8,1,-8,-1.0,371,-2%,-0.02,0.9409090909090909,-0.02
Ranger,0,2,7,1,-21,-3.0,150,-14%,-0.14,0.43863636363636366,-0.14
Ranger,0,1,2,1,-2,-1.0,45,-4%,-0.04,0.8204545454545454,-0.04
Ranger,0,2,2,1,-10,-5.0,22,-45%,-0.45,0.07954545454545454,-0.45
Ranger,0,2,29,1,-87,-3.0,404,-22%,-0.22,0.2590909090909091,-0.22
Ranger,0,1,2,1,-2,-1.0,91,-2%,-0.02,0.9431818181818182,-0.02
Ranger,0,2,3,1,-6,-2.0,24,-25%,-0.25,0.22045454545454546,-0.25
Ranger,0,1,2,1,-4,-2.0,12,-33%,-0.33,0.1409090909090909,-0.33
Ranger,0,2,107,1,-107,-1.0,3000,-4%,-0.04,0.8227272727272728,-0.04
Ranger,0,1,2,1,-2,-1.0,35,-6%,-0.06,0.7068181818181818,-0.06
Ranger,0,1,2,1,-2,-1.0,18,-11%,-0.11,0.5022727272727273,-0.11
Ranger,0,1,4,1,-14,-3.5,50,-28%,-0.28,0.17727272727272728,-0.28
Ranger,0,1,2,1,-6,-3.0,29,-21%,-0.21,0.27954545454545454,-0.21
Ranger,0,1,2,1,0,0.0,12,0%,0.0,0.9931818181818182,0.0
Ranger,0,1,2,1,-10,-5.0,32,-31%,-0.31,0.14772727272727273,-0.31
Ranger,0,2,2,1,-3,-1.5,8,-38%,-0.38,0.12045454545454545,-0.38
Ranger,0,1,2,1,-6,-3.0,24,-25%,-0.25,0.22272727272727272,-0.25
Ranger,0,1,3,1,-3,-1.0,54,-6%,-0.06,0.7090909090909091,-0.06
Ranger,0,2,2,1,-2,-1.0,63,-3%,-0.03,0.8727272727272727,-0.03
Ranger,0,2,11,1,-11,-1.0,211,-5%,-0.05,0.7545454545454545,-0.05
Ranger,0,2,2,1,-6,-3.0,23,-26%,-0.26,0.2,-0.26
Ranger,0,1,2,1,-6,-3.0,15,-40%,-0.4,0.10909090909090909,-0.4
Ranger,0,1,6,1,-6,-1.0,13,-46%,-0.46,0.07272727272727272,-0.46
Ranger,0,1,3,1,-9,-3.0,47,-19%,-0.19,0.33181818181818185,-0.19
Ranger,0,1,2,1,-22,-11.0,43,-51%,-0.51,0.04772727272727273,-0.51
Ranger,0,1,3,1,-9,-3.0,13,-69%,-0.69,0.013636363636363636,-0.69
Ranger,0,1,3,1,-17,-5.666666667,50,-34%,-0.34,0.1318181818181818,-0.34
Ranger,0,1,2,1,-2,-1.0,35,-6%,-0.06,0.7113636363636363,-0.06
Ranger,0,2,3,1,-14,-4.666666667,85,-16%,-0.16,0.3840909090909091,-0.16
Ranger,0,2,2,1,-6,-3.0,29,-21%,-0.21,0.2818181818181818,-0.21
Ranger,0,2,8,1,-8,-1.0,579,-1%,-0.01,0.9681818181818181,-0.01
Ranger,0,2,62,1,-60,-0.967741935,1915,-3%,-0.03,0.875,-0.03
Ranger,0,1,2,1,0,0.0,12,0%,0.0,0.9954545454545455,0.0
Ranger,0,1,5,1,-15,-3.0,27,-56%,-0.56,0.03409090909090909,-0.56
Ranger,0,2,2,1,-6,-3.0,118,-5%,-0.05,0.7568181818181818,-0.05
Ranger,0,2,6,1,-17,-2.833333333,77,-22%,-0.22,0.26136363636363635,-0.22
Ranger,0,2,3,1,-15,-5.0,27,-56%,-0.56,0.03636363636363636,-0.56
Ranger,0,1,2,1,-2,-1.0,22,-9%,-0.09,0.5954545454545455,-0.09
Ranger,0,1,9,1,-49,-5.444444444,49,-100%,-1.0,0.006818181818181818,-1.0
Ranger,0,1,3,1,0,0.0,42,0%,0.0,0.9977272727272727,0.0
Ranger,0,1,11,1,0,0.0,98,0%,0.0,1.0,0.0
Ranger,0,1,4,1,-7,-1.75,26,-27%,-0.27,0.19090909090909092,-0.27
Ranger,0,1,5,1,-5,-1.0,148,-3%,-0.03,0.8772727272727273,-0.03
Ranger,0,1,2,1,-2,-1.0,82,-2%,-0.02,0.9454545454545454,-0.02
Ranger,0,1,2,1,-2,-1.0,93,-2%,-0.02,0.9477272727272728,-0.02
Ranger,0,1,9,1,-27,-3.0,122,-22%,-0.22,0.2636363636363636,-0.22
Ranger,0,1,12,1,-12,-1.0,202,-6%,-0.06,0.7136363636363636,-0.06
Ranger,0,1,8,1,-24,-3.0,86,-28%,-0.28,0.17954545454545454,-0.28
Ranger,0,1,2,1,-2,-1.0,23,-9%,-0.09,0.5977272727272728,-0.09
Ranger,0,1,8,1,-24,-3.0,41,-59%,-0.59,0.029545454545454545,-0.59
Ranger,0,2,19,1,-19,-1.0,560,-3%,-0.03,0.8795454545454545,-0.03
Ranger,0,2,7,1,-7,-1.0,107,-7%,-0.07,0.6681818181818182,-0.07
Ranger,0,1,4,1,-4,-1.0,70,-6%,-0.06,0.7159090909090909,-0.06
Ranger,0,1,6,1,-12,-2.0,98,-12%,-0.12,0.4772727272727273,-0.12
Ranger,0,1,3,1,-3,-1.0,86,-3%,-0.03,0.8818181818181818,-0.03
Ranger,0,1,12,1,-36,-3.0,175,-21%,-0.21,0.2840909090909091,-0.21
Ranger,0,2,10,1,-10,-1.0,219,-5%,-0.05,0.759090909090909,-0.05
Ranger,0,2,9,1,-9,-1.0,408,-2%,-0.02,0.95,-0.02
Rat,0,2,3,1,-45,-15.0,65,-69%,-0.69,0.3333333333333333,-0.69
Rat,0,1,2,1,-6,-3.0,18,-33%,-0.33,0.6666666666666666,-0.33
Rat,0,1,3,1,-6,-2.0,22,-27%,-0.27,1.0,-0.27
REEF,0,1,2,1,-6,-3.0,8,-75%,-0.75,1.0,-0.75
Roller,0,1,2,1,-14,-7.0,14,-100%,-1.0,0.5,-1.0
Roller,0,1,2,1,-2,-1.0,10,-20%,-0.2,1.0,-0.2
SeaTunnel,0,1,5,1,-77,-15.4,121,-64%,-0.64,0.4,-0.64
SeaTunnel,0,1,5,1,-55,-11.0,61,-90%,-0.9,0.06666666666666667,-0.9
SeaTunnel,0,1,2,1,-10,-5.0,28,-36%,-0.36,0.5333333333333333,-0.36
SeaTunnel,0,1,2,1,-2,-1.0,6,-33%,-0.33,0.6,-0.33
SeaTunnel,0,1,2,1,0,0.0,14,0%,0.0,0.9333333333333333,0.0
SeaTunnel,0,1,2,1,0,0.0,11,0%,0.0,1.0,0.0
SeaTunnel,0,1,3,1,-9,-3.0,14,-64%,-0.64,0.4666666666666667,-0.64
SeaTunnel,0,2,4,1,-28,-7.0,42,-67%,-0.67,0.26666666666666666,-0.67
SeaTunnel,0,2,20,1,-140,-7.0,188,-74%,-0.74,0.2,-0.74
SeaTunnel,0,1,6,1,-30,-5.0,40,-75%,-0.75,0.13333333333333333,-0.75
SeaTunnel,0,2,4,1,-40,-10.0,61,-66%,-0.66,0.3333333333333333,-0.66
SeaTunnel,0,1,2,1,-6,-3.0,40,-15%,-0.15,0.8,-0.15
SeaTunnel,0,1,3,1,-3,-1.0,27,-11%,-0.11,0.8666666666666667,-0.11
SeaTunnel,0,1,4,1,-8,-2.0,25,-32%,-0.32,0.6666666666666666,-0.32
SeaTunnel,0,1,2,1,-16,-8.0,97,-16%,-0.16,0.7333333333333333,-0.16
Shiro,0,1,12,1,-12,-1.0,112,-11%,-0.11,0.7777777777777778,-0.11
Shiro,0,1,4,1,-5,-1.25,40,-13%,-0.13,0.5555555555555556,-0.13
Shiro,0,1,8,1,-8,-1.0,102,-8%,-0.08,1.0,-0.08
Shiro,0,1,11,1,-11,-1.0,108,-10%,-0.1,0.8888888888888888,-0.1
Shiro,0,1,11,1,-55,-5.0,108,-51%,-0.51,0.1111111111111111,-0.51
Shiro,0,2,9,1,-45,-5.0,124,-36%,-0.36,0.2222222222222222,-0.36
Shiro,0,2,4,1,-13,-3.25,40,-33%,-0.33,0.3333333333333333,-0.33
Shiro,0,1,3,1,-3,-1.0,13,-23%,-0.23,0.4444444444444444,-0.23
Shiro,0,1,2,1,-2,-1.0,16,-13%,-0.13,0.6666666666666666,-0.13
SkyWalking,0,1,3,1,-9,-3.0,22,-41%,-0.41,0.11764705882352941,-0.41
SkyWalking,0,1,3,1,-3,-1.0,18,-17%,-0.17,0.47058823529411764,-0.17
SkyWalking,0,1,2,1,-2,-1.0,27,-7%,-0.07,0.8823529411764706,-0.07
SkyWalking,0,1,4,1,-12,-3.0,101,-12%,-0.12,0.6470588235294118,-0.12
SkyWalking,0,1,2,1,-8,-4.0,100,-8%,-0.08,0.8235294117647058,-0.08
SkyWalking,0,1,2,1,-6,-3.0,20,-30%,-0.3,0.29411764705882354,-0.3
SkyWalking,0,2,2,1,-4,-2.0,17,-24%,-0.24,0.35294117647058826,-0.24
SkyWalking,0,1,2,1,-6,-3.0,17,-35%,-0.35,0.23529411764705882,-0.35
SkyWalking,0,1,2,1,0,0.0,24,0%,0.0,0.9411764705882353,0.0
SkyWalking,0,1,5,1,-5,-1.0,30,-17%,-0.17,0.5294117647058824,-0.17
SkyWalking,0,1,2,1,-2,-1.0,20,-10%,-0.1,0.7058823529411765,-0.1
SkyWalking,0,1,2,1,-2,-1.0,14,-14%,-0.14,0.5882352941176471,-0.14
SkyWalking,0,1,6,1,0,0.0,37,0%,0.0,1.0,0.0
SkyWalking,0,2,3,1,-9,-3.0,22,-41%,-0.41,0.17647058823529413,-0.41
SkyWalking,0,1,3,1,-11,-3.666666667,110,-10%,-0.1,0.7647058823529411,-0.1
SkyWalking,0,1,2,1,-6,-3.0,14,-43%,-0.43,0.058823529411764705,-0.43
SkyWalking,0,1,2,1,-6,-3.0,27,-22%,-0.22,0.4117647058823529,-0.22
Solr,0,1,7,1,-7,-1.0,78,-9%,-0.09,0.7575757575757576,-0.09
Solr,0,1,4,1,-12,-3.0,55,-22%,-0.22,0.5757575757575758,-0.22
Solr,0,2,4,1,-15,-3.75,58,-26%,-0.26,0.5151515151515151,-0.26
Solr,0,2,2,1,-6,-3.0,16,-38%,-0.38,0.15151515151515152,-0.38
Solr,0,1,2,1,-6,-3.0,17,-35%,-0.35,0.2727272727272727,-0.35
Solr,0,2,3,1,-11,-3.666666667,33,-33%,-0.33,0.36363636363636365,-0.33
Solr,0,2,5,1,-5,-1.0,133,-4%,-0.04,0.9393939393939394,-0.04
Solr,0,2,2,1,-14,-7.0,63,-22%,-0.22,0.6060606060606061,-0.22
Solr,0,2,2,1,-6,-3.0,70,-9%,-0.09,0.7878787878787878,-0.09
Solr,0,2,2,1,-3,-1.5,9,-33%,-0.33,0.3939393939393939,-0.33
Solr,0,1,3,1,-3,-1.0,11,-27%,-0.27,0.48484848484848486,-0.27
Solr,0,1,2,1,-2,-1.0,2,-100%,-1.0,0.030303030303030304,-1.0
Solr,0,2,5,1,-19,-3.8,56,-34%,-0.34,0.3333333333333333,-0.34
Solr,0,1,5,1,-4,-0.8,32,-13%,-0.13,0.7272727272727273,-0.13
Solr,0,1,4,1,-4,-1.0,16,-25%,-0.25,0.5454545454545454,-0.25
Solr,0,1,3,1,-3,-1.0,33,-9%,-0.09,0.8181818181818182,-0.09
Solr,0,1,5,1,-86,-17.2,180,-48%,-0.48,0.12121212121212122,-0.48
Solr,0,2,2,1,-20,-10.0,60,-33%,-0.33,0.42424242424242425,-0.33
Solr,0,2,3,1,-9,-3.0,45,-20%,-0.2,0.6363636363636364,-0.2
Solr,0,1,7,1,-7,-1.0,78,-9%,-0.09,0.8484848484848485,-0.09
Solr,0,1,2,1,-8,-4.0,22,-36%,-0.36,0.21212121212121213,-0.36
Solr,0,1,2,1,-2,-1.0,26,-8%,-0.08,0.9090909090909091,-0.08
Solr,0,1,3,1,-6,-2.0,21,-29%,-0.29,0.45454545454545453,-0.29
Solr,0,1,19,1,-19,-1.0,101,-19%,-0.19,0.696969696969697,-0.19
Solr,0,1,11,1,-11,-1.0,31,-35%,-0.35,0.30303030303030304,-0.35
Solr,0,1,3,1,-45,-15.0,50,-90%,-0.9,0.06060606060606061,-0.9
Solr,0,1,2,1,-7,-3.5,75,-9%,-0.09,0.8787878787878788,-0.09
Solr,0,1,2,1,-4,-2.0,20,-20%,-0.2,0.6666666666666666,-0.2
Solr,0,1,4,1,0,0.0,38,0%,0.0,1.0,0.0
Solr,0,1,2,1,-6,-3.0,16,-38%,-0.38,0.18181818181818182,-0.38
Solr,0,1,4,1,-20,-5.0,55,-36%,-0.36,0.24242424242424243,-0.36
Solr,0,2,2,1,-2,-1.0,73,-3%,-0.03,0.9696969696969697,-0.03
Solr,0,1,10,1,-40,-4.0,78,-51%,-0.51,0.09090909090909091,-0.51
Spark,0,1,2,1,-2,-1.0,33,-6%,-0.06,0.5333333333333333,-0.06
Spark,0,1,2,1,-2,-1.0,37,-5%,-0.05,0.6666666666666666,-0.05
Spark,0,2,3,1,-3,-1.0,59,-5%,-0.05,0.7333333333333333,-0.05
Spark,0,1,4,1,-4,-1.0,70,-6%,-0.06,0.6,-0.06
Spark,0,1,2,1,-6,-3.0,22,-27%,-0.27,0.2,-0.27
Spark,0,1,2,1,-2,-1.0,7,-29%,-0.29,0.13333333333333333,-0.29
Spark,0,1,7,1,-1,-0.142857143,45,-2%,-0.02,0.9333333333333333,-0.02
Spark,0,1,3,1,-3,-1.0,12,-25%,-0.25,0.26666666666666666,-0.25
Spark,0,1,4,1,-23,-5.75,52,-44%,-0.44,0.06666666666666667,-0.44
Spark,0,1,5,1,0,0.0,18,0%,0.0,1.0,0.0
Spark,0,1,5,1,-1,-0.2,38,-3%,-0.03,0.8666666666666667,-0.03
Spark,0,1,3,1,-3,-1.0,19,-16%,-0.16,0.4,-0.16
Spark,0,1,2,1,-2,-1.0,13,-15%,-0.15,0.4666666666666667,-0.15
Spark,0,1,2,1,-2,-1.0,12,-17%,-0.17,0.3333333333333333,-0.17
Spark,0,1,2,1,-2,-1.0,52,-4%,-0.04,0.8,-0.04
Sqoop,0,1,2,1,-6,-3.0,14,-43%,-0.43,0.5,-0.43
Sqoop,0,1,4,1,-12,-3.0,36,-33%,-0.33,0.5833333333333334,-0.33
Sqoop,0,1,4,1,0,0.0,36,0%,0.0,0.9166666666666666,0.0
Sqoop,0,2,5,1,-15,-3.0,61,-25%,-0.25,0.8333333333333334,-0.25
Sqoop,0,1,2,1,-2,-1.0,6,-33%,-0.33,0.6666666666666666,-0.33
Sqoop,0,2,2,1,-10,-5.0,15,-67%,-0.67,0.25,-0.67
Sqoop,0,1,2,1,0,0.0,11,0%,0.0,1.0,0.0
Sqoop,0,1,2,1,-10,-5.0,14,-71%,-0.71,0.16666666666666666,-0.71
Sqoop,0,1,3,1,-3,-1.0,11,-27%,-0.27,0.75,-0.27
Sqoop,0,1,3,1,-16,-5.333333333,16,-100%,-1.0,0.08333333333333333,-1.0
Sqoop,0,1,4,1,-20,-5.0,37,-54%,-0.54,0.4166666666666667,-0.54
Sqoop,0,1,2,1,-4,-2.0,6,-67%,-0.67,0.3333333333333333,-0.67
SSHD,0,1,2,1,-2,-1.0,20,-10%,-0.1,0.875,-0.1
SSHD,0,1,2,1,-5,-2.5,5,-100%,-1.0,0.125,-1.0
SSHD,0,1,3,1,-3,-1.0,44,-7%,-0.07,1.0,-0.07
SSHD,0,1,2,1,-2,-1.0,6,-33%,-0.33,0.375,-0.33
SSHD,0,2,2,1,-8,-4.0,23,-35%,-0.35,0.25,-0.35
SSHD,0,2,2,1,-6,-3.0,27,-22%,-0.22,0.5,-0.22
SSHD,0,2,3,1,-9,-3.0,52,-17%,-0.17,0.625,-0.17
SSHD,0,2,3,1,-5,-1.666666667,35,-14%,-0.14,0.75,-0.14
Storm,0,1,2,1,-6,-3.0,20,-30%,-0.3,0.38636363636363635,-0.3
Storm,0,1,2,1,-2,-1.0,8,-25%,-0.25,0.45454545454545453,-0.25
Storm,0,1,2,1,-2,-1.0,45,-4%,-0.04,0.9090909090909091,-0.04
Storm,0,1,2,1,-2,-1.0,26,-8%,-0.08,0.7954545454545454,-0.08
Storm,0,1,2,1,-6,-3.0,31,-19%,-0.19,0.5909090909090909,-0.19
Storm,0,1,2,1,-10,-5.0,11,-91%,-0.91,0.045454545454545456,-0.91
Storm,0,1,2,1,-2,-1.0,4,-50%,-0.5,0.13636363636363635,-0.5
Storm,0,1,2,1,-2,-1.0,4,-50%,-0.5,0.1590909090909091,-0.5
Storm,0,1,4,1,-12,-3.0,92,-13%,-0.13,0.6590909090909091,-0.13
Storm,0,1,2,1,-22,-11.0,44,-50%,-0.5,0.18181818181818182,-0.5
Storm,0,1,6,1,-24,-4.0,30,-80%,-0.8,0.06818181818181818,-0.8
Storm,0,1,2,1,-8,-4.0,64,-13%,-0.13,0.6818181818181818,-0.13
Storm,0,1,2,1,-4,-2.0,11,-36%,-0.36,0.2727272727272727,-0.36
Storm,0,1,3,1,-3,-1.0,35,-9%,-0.09,0.75,-0.09
Storm,0,1,2,1,-2,-1.0,8,-25%,-0.25,0.4772727272727273,-0.25
Storm,0,1,4,1,-4,-1.0,14,-29%,-0.29,0.4090909090909091,-0.29
Storm,0,2,6,1,-18,-3.0,92,-20%,-0.2,0.5681818181818182,-0.2
Storm,0,1,2,1,-2,-1.0,72,-3%,-0.03,0.9318181818181818,-0.03
Storm,0,1,2,1,-2,-1.0,26,-8%,-0.08,0.8181818181818182,-0.08
Storm,0,1,2,1,-22,-11.0,50,-44%,-0.44,0.22727272727272727,-0.44
Storm,0,2,2,1,-10,-5.0,24,-42%,-0.42,0.25,-0.42
Storm,0,1,3,1,-3,-1.0,35,-9%,-0.09,0.7727272727272727,-0.09
Storm,0,1,2,1,-2,-1.0,8,-25%,-0.25,0.5,-0.25
Storm,0,1,4,1,-4,-1.0,14,-29%,-0.29,0.4318181818181818,-0.29
Storm,0,1,2,1,-6,-3.0,12,-50%,-0.5,0.20454545454545456,-0.5
Storm,0,1,5,1,-5,-1.0,16,-31%,-0.31,0.36363636363636365,-0.31
Storm,0,1,4,1,0,0.0,10,0%,0.0,0.9545454545454546,0.0
Storm,0,1,3,1,-9,-3.0,25,-36%,-0.36,0.29545454545454547,-0.36
Storm,0,1,6,1,-6,-1.0,72,-8%,-0.08,0.8409090909090909,-0.08
Storm,0,1,7,1,0,0.0,83,0%,0.0,0.9772727272727273,0.0
Storm,0,1,4,1,-4,-1.0,38,-11%,-0.11,0.7045454545454546,-0.11
Storm,0,1,2,1,-2,-1.0,14,-14%,-0.14,0.6136363636363636,-0.14
Storm,0,1,2,1,-2,-1.0,36,-6%,-0.06,0.8636363636363636,-0.06
Storm,0,1,2,1,-2,-1.0,6,-33%,-0.33,0.3409090909090909,-0.33
Storm,0,2,2,1,-6,-3.0,29,-21%,-0.21,0.5227272727272727,-0.21
Storm,0,1,4,1,-12,-3.0,20,-60%,-0.6,0.11363636363636363,-0.6
Storm,0,1,2,1,-22,-11.0,22,-100%,-1.0,0.022727272727272728,-1.0
Storm,0,2,2,1,-8,-4.0,56,-14%,-0.14,0.6363636363636364,-0.14
Storm,0,1,2,1,-2,-1.0,41,-5%,-0.05,0.8863636363636364,-0.05
Storm,0,1,2,1,0,0.0,24,0%,0.0,1.0,0.0
Storm,0,2,11,1,-33,-3.0,155,-21%,-0.21,0.5454545454545454,-0.21
Storm,0,1,2,1,-4,-2.0,11,-36%,-0.36,0.3181818181818182,-0.36
Storm,0,1,2,1,-4,-2.0,5,-80%,-0.8,0.09090909090909091,-0.8
Storm,0,1,2,1,-2,-1.0,19,-11%,-0.11,0.7272727272727273,-0.11
Struts,0,1,2,1,-2,-1.0,4,-50%,-0.5,0.4,-0.5
Struts,0,1,2,1,-2,-1.0,6,-33%,-0.33,0.8,-0.33
Struts,0,1,2,1,-8,-4.0,16,-50%,-0.5,0.6,-0.5
Struts,0,2,6,1,-48,-8.0,72,-67%,-0.67,0.2,-0.67
Struts,0,1,3,1,-3,-1.0,23,-13%,-0.13,1.0,-0.13
Submarine,0,1,2,1,-4,-2.0,30,-13%,-0.13,1.0,-0.13
Syncope,0,1,2,1,-5,-2.5,6,-83%,-0.83,0.35714285714285715,-0.83
Syncope,0,1,2,1,-5,-2.5,5,-100%,-1.0,0.07142857142857142,-1.0
Syncope,0,1,2,1,-14,-7.0,18,-78%,-0.78,0.42857142857142855,-0.78
Syncope,0,1,3,1,-16,-5.333333333,53,-30%,-0.3,0.7142857142857143,-0.3
Syncope,0,1,2,1,-4,-2.0,6,-67%,-0.67,0.5,-0.67
Syncope,0,1,2,1,-18,-9.0,56,-32%,-0.32,0.6428571428571429,-0.32
Syncope,0,1,2,1,0,0.0,0,,,,
Syncope,0,2,4,1,-12,-3.0,44,-27%,-0.27,0.7857142857142857,-0.27
Syncope,0,2,2,1,-20,-10.0,56,-36%,-0.36,0.5714285714285714,-0.36
Syncope,0,1,2,1,-3,-1.5,3,-100%,-1.0,0.14285714285714285,-1.0
Syncope,0,2,2,1,-10,-5.0,56,-18%,-0.18,0.9285714285714286,-0.18
Syncope,0,1,4,1,-8,-2.0,118,-7%,-0.07,1.0,-0.07
Syncope,0,1,2,1,-7,-3.5,7,-100%,-1.0,0.21428571428571427,-1.0
Syncope,0,1,2,1,-2,-1.0,8,-25%,-0.25,0.8571428571428571,-0.25
Syncope,0,1,2,1,-7,-3.5,7,-100%,-1.0,0.2857142857142857,-1.0
