commit,date
ce27354da746c8975ec8990334ef87d9e4487249,2025-10-10 13:02:03 -0400
ed70b33b0ba5d7f10aa85c5dd3dc631d8afa5777,2025-10-08 14:44:24 -0400
a82e3abd0c90d34767be6fe5275eb3a64a2fc2ca,2025-10-07 08:50:11 -0400
8f1689e00abf55605ac844651b070d58a93c8599,2025-10-03 12:07:02 -0400
5a9aa0b6f0f38deb9cf5a6208a709afff566d2c8,2025-10-03 12:06:48 -0400
7104bfdab25032e5af7c013737a166df77951e57,2025-09-28 07:33:00 -0400
74d137711096a4b4e5998c9d560290ac2cff9e67,2025-09-28 07:32:21 -0400
5ae3c2e1151667877cbf77f65de9d1ab1fd81a1b,2025-09-26 12:37:35 -0400
9f6682f80b067054fe6a4d9a996419cefaf4abe1,2025-09-26 12:37:12 -0400
ddf0f445e971ddb52714111da69d240ee8ecfb0e,2025-09-26 12:36:54 -0400
8578d59d971354ae1084bd6ab2fdd47995b6d2af,2025-09-26 10:15:29 -0400
6cc4a6b0ca206a465fa36502a4a85c6e07d736eb,2025-09-24 10:15:25 -0400
dfb8029a3a68e2eea9e73cf6fdcda7ea72b4cf0b,2025-09-19 21:44:21 -0400
86f51e2c016d235015c7182d48722cc6e65a3463,2025-09-19 21:43:53 -0400
9c815c6df98ea4d48fc02d8553ec7f7289ecf5df,2025-09-12 12:28:37 -0400
47d25e0ace956e532fd2c07e95376e09d61ee614,2025-09-05 13:54:56 -0400
0721015a499d1848bdf5a524c0f8a4f3a4fbbca2,2025-09-05 13:54:05 -0400
4c3ff511d02fb23b0ce967930bb828e8e69ee25e,2025-09-05 10:46:53 -0700
e8def7e1947b1a2f24b0069bf882e6e51e92252c,2025-08-29 15:30:16 -0400
9341a80f2a0e1ae338d51729d4dceb83a14b601e,2025-08-29 15:29:41 -0400
711396c3118ad0fca7fa6fb97416367bce663db8,2025-08-29 13:08:08 -0400
8723624111a6505c74b2a45c6a98340d58f55664,2025-08-24 15:05:50 -0400
4f3df592dbb7902b3239c93e0ecaf02794f9226a,2025-08-24 12:21:36 -0400
1c3bf58ddd6e92a87e838a232fa1b2cafaae7085,2025-08-22 13:31:43 -0400
c6110f41090a2c84ceedca7e238de16a8e9d7ec1,2025-08-22 13:31:29 -0400
e174c6134bf1f53192ccb267674caed14c3c0107,2025-08-22 13:31:10 -0400
8c3dfb56f43eeeff431880c6d409018f5b8693eb,2025-08-20 06:53:30 -0400
28bef548a7801081e4e07fda85b6c3087ad1b21d,2025-08-15 12:28:34 -0400
48ddf29088371d4adab895686e0d861b28810c29,2025-08-15 12:28:22 -0400
51ec88ec969e94ebf226790caeeaf66006d0d37a,2025-08-08 13:17:41 -0400
f0aa8ebb85f2dcfd403a67fbd4efc2d4fa7b902f,2025-08-08 13:17:29 -0400
357c5dd60ca89982ebd097737021fbe8339df11a,2025-08-05 15:23:43 -0400
e29045452d359081f96012c8c09c1d4ea4dad788,2025-08-05 15:23:36 -0400
365d9e577ca1b1cc087fe62b07f52e2ba7238a66,2025-08-05 10:24:24 -0400
aefd84aaa726a1c7586dada1eae4619be0489f20,2025-08-05 10:23:23 -0400
c89d8c9faafb2e801029339b092477fdaaaf84a5,2025-08-01 19:14:06 -0400
1e7cac47948e1c5513278cff9d618fe69f36782e,2025-08-01 15:52:21 -0400
e40b57b6b69bd2c784f9e590d7c345b34d5c2717,2025-08-01 12:43:24 -0400
edb773db58d03df7938931f924697e258bae3db2,2025-07-25 12:51:17 -0400
076313b4949f15d7aa7d91bcdb80e2ec79d1f5dd,2025-07-24 19:12:21 -0400
b2d35da13b73052c427f8d9f8948902ea5c97777,2025-07-24 19:12:12 -0400
7c22f4d5a5004954b38de91ab338659bd52a93ce,2025-07-24 08:19:06 -0400
43a5113e31ae3b5539040fbd79d4d43f8d58a06b,2025-07-24 08:15:51 -0400
edb452c20f93d6ec8837dd184703ebeee73b6ce8,2025-07-22 15:28:01 -0400
0b3361e0852de9d0fdb2f14351c0082133794902,2025-07-22 15:27:55 -0400
85baf619090cabbb3cc6d1e66ca0769c0c19fc41,2025-07-22 13:34:33 -0400
e8fa7c5965013f5a9829c761d99dbd30df6c9cae,2025-07-22 13:28:59 -0400
5bae0f79930d85e0f7272566be2cfd60955f3df0,2025-07-22 13:22:33 -0400
bb5e389a2636f4d328628854d9f852519d909584,2025-07-22 13:21:27 -0400
b3e295466a54b0f0444ca9af3ec1327c3b7dfb9b,2025-07-22 09:52:16 -0400
b480ccbcba221cef91317cbd28cd1f8369a5ec63,2025-07-22 09:52:00 -0400
58874af96e2773fbee7003659ca4dcf2707b40d5,2025-07-22 09:51:32 -0400
3eb96c1b6e20f6ad24432378bd2ce9819356dc06,2025-07-22 09:51:05 -0400
3f8ab55c91c22d4e6989b2c8905f5da82516673c,2025-07-22 08:58:59 -0400
f98129e83b8e309346f6f012366aa1003546f8c9,2025-07-21 07:10:06 -0400
96766a864cc648d6e1cea238bda8aa2c939b869b,2025-07-20 17:32:54 -0400
75090a98b5468f79b1c4c94cb24c7f640987bda3,2025-07-20 13:28:12 -0400
f061c9d5fb1ab405373e1bbd53059ce9130b7384,2025-07-20 10:51:12 -0400
cbb04073fc8e9774ad748826b6c997346eea0b10,2025-07-20 10:50:52 -0400
edfb294c95ee83cc8a7f3edfe983433e35229980,2025-07-18 17:27:03 -0400
24059f37b9b050b8b7eb692d660777c7a582e74e,2025-07-11 15:11:39 -0400
9009d59339d15ac519ce82954a1bdf1c831d8e5b,2025-07-09 18:08:36 -0400
b3d2c0812c53984ff2377898c937862c4bac046e,2025-07-09 18:07:14 -0400
a95ab5502a5fc0df80e4a8fe9164068ba68eaf8f,2025-07-04 13:07:21 -0400
0ff6a967b1862fe3005d594cd2e592924ab5647c,2025-06-27 11:46:29 -0500
056dea0836de540141a41b1ce0b8cf7c6e7cd042,2025-06-20 14:46:18 -0400
e1cf81319334a783dcb0f965077c682df7c8140b,2025-06-20 14:45:36 -0400
77603d6e5272edd4952412936e174c60588bbeac,2025-06-19 10:38:43 -0400
a53e94d02537230434e9843f7188bd4270e503ef,2025-06-16 07:59:09 -0400
9c56a4e2a7d1638246529ade247a2186bfe6e9c6,2025-06-13 12:50:39 -0400
9a5fd8f4f77f1531823cfd173ced641135ff2fc5,2025-06-08 14:11:58 -0400
fd17cd18069e4a3c1b514cedae8720c3bf1bf5b4,2025-06-07 14:31:56 -0400
c0b578ae34d6b030ef8f39879cca023a2d705491,2025-06-06 12:29:13 -0400
100d36a17850154edae749b79f1c6b9d259a7f14,2025-05-30 13:04:07 -0400
fc3fe530c058258addf04337d86d51410d9e4011,2025-05-27 18:52:46 -0400
9a7fb06eddfb5938f1147e929b1ae3ebb7bda51e,2025-05-20 16:32:20 -0400
2b10ffbaf7680c4f812f91f8c25456f60acb4ae4,2025-05-20 08:10:25 -0400
da5148fef748d7cab1d6adbf130963fe0593116d,2025-05-20 08:08:58 -0400
dc7ed2f96aab18f4f6596fba3ba1186db3554ce3,2025-05-20 08:06:43 -0400
136102875fe9408cf46f9b92fe6fdcaba41fd451,2025-05-16 15:05:00 -0400
fa3c8f2419da8feab2123ff60db3da44173d5ce3,2025-05-16 12:40:53 -0400
67d27e3701337d9e303dfac85d567f96f5f8eb7d,2025-05-16 12:40:36 -0400
92f7f85ae83179d620f3585ef49111225ec581c0,2025-05-10 13:20:42 -0400
adeec3ef8afdf5e68e19212f233a9e9c978bdb2e,2025-05-10 13:14:05 -0400
e4439a8f90c8e702386f4094db206b89c2cf7455,2025-05-10 12:50:02 -0400
3ed25ec0bb10b7a6c020c40d28176f5ffb563d75,2025-05-09 12:48:45 -0400
02426093d00852698b4f2700d89feba00c4bcbe4,2025-05-04 09:28:53 -0400
a411545117ce4b4741a4a7f5b17e707894b303be,2025-05-03 16:38:55 -0400
0cced4c2f4beb711b8f4af5dd5fb2cd6d6fe7dcd,2025-05-02 13:17:58 -0400
6912bb8ea76f26da731ec7aa6352a9cb5d5e3a1e,2025-05-01 00:47:36 -0400
ed4f4589ee8eff5a7f8658ab9f2f757d0f4656d9,2025-05-01 00:47:05 -0400
a93ab1c9da20236c3d34725ce568713f6abc034a,2025-05-01 00:30:27 -0400
3312ad79b01f5681e75097a2d9af4c1004f0ab55,2025-05-01 00:29:03 -0400
1e6d73a785bacc8c6c250dbe0497003c7a1d2bde,2025-05-01 00:24:25 -0400
d2101a20e2b74ced47ae57dd3b6d1d90b03d409b,2025-05-01 00:23:21 -0400
b485cdac96378f862237a6ad2fe3c8f57ae0612c,2025-04-29 11:33:10 -0400
338a748154fc1a74d45de6e38d95c76bcac58dea,2025-04-28 09:22:40 -0400
6d0f104c7729fff04d0cb9fa092526917a840005,2025-04-28 09:21:47 -0400
98eca0e476f4c43a80c70c8dadaad8c0f8b726a5,2025-04-27 10:27:03 -0400
c86216de15bd2979b73d7c7f3a8e087b28ee0ae3,2025-04-27 10:18:39 -0400
752633d989239bdc186741fb9bec9645d60360b6,2025-04-25 13:52:27 -0400
0dc817d3d665bd8c6faee626cfc505d1ae527322,2025-04-22 17:29:46 -0400
bc42a4f93667abfb7a26bbfd5b78cb52d99b46f5,2025-04-20 10:37:47 -0400
8fdb9c00e1a7b596717ef9698d2a4e61dba72402,2025-04-20 10:35:59 -0400
8e945756f856284db9c2862cedf199267c46c3f8,2025-04-20 10:31:12 -0400
5a4bbce4315f485683ccf5b9e1ca79a22f76db59,2025-04-20 10:26:46 -0400
41cad18709e69ccc95bbe66bd4adb05ecf1e61cb,2025-04-18 13:07:34 -0400
59b5b54cd282ead0bb56d38605ca0426d76c7124,2025-04-12 17:42:02 -0400
a682961d55f071e9ce52cbb429d56fd799482626,2025-04-12 17:40:33 -0400
64d02f5827b37a0f7e056645c2fb1cbee55ee881,2025-04-11 20:44:58 -0400
4211c63dbbacfdb8e1a785b97f63686ae3925767,2025-04-11 18:23:45 +0200
57a6cffef08010bc136e5db3154c6e38b2eba0ab,2025-04-11 18:23:07 +0200
094ad3c6cc9395aa62649003a8135e0afabdf40c,2025-04-10 18:54:22 -0400
b99b92790e8dbd8f809ee00cea1eabf968d485bd,2025-04-07 13:40:53 -0400
4938df066196d5bc5ef2e4324affc8ae5b065a6f,2025-04-07 09:29:04 -0400
9c2aea75eaca3fdcf819027a54fa1e8aaf3393a9,2025-04-07 09:28:59 -0400
e53dd2b89f5a6aee4cc38a55fa9b9064754d84c0,2025-04-07 09:22:40 -0400
14db24a0ddc68dd5a896e97ee98d89b015734966,2025-04-07 08:59:28 -0400
24a2c539ebbf23257f955c9a9ae6aeb7baebd746,2025-04-07 08:51:29 -0400
112db4815e1a6960fc0f6aac84aac2c1f2391c9f,2025-04-06 17:56:24 -0400
4fb7fe34f2d830a22851fc7f042b74872ada6a26,2025-04-04 12:53:12 -0400
d8399fd82a49c59eac3c89289bfa48dc7618568d,2025-03-28 16:06:26 +0000
f799aad64f31e3000d7451a380f0fe95c4680d1a,2025-03-25 10:43:00 -0400
5d34e934e3073d5e5856a6590a2064fcd51ed3f2,2025-03-23 10:33:54 -0400
c45d05e6e1cab02344e2e318292110d2f5cfcf92,2025-03-22 09:30:49 -0400
06a51ea5c4a95958e62a6252a6f47723a2f8b37c,2025-03-22 09:13:03 -0400
5d0e3e0c3d7e71d321c2411f49dc9ebcf6585d9e,2025-03-21 12:50:33 -0400
725ec8f13db51be1ec55cd8d1845a8e51389b259,2025-03-21 12:50:18 -0400
22b2935a25f320409cc3e7726a245ab44640b1f4,2025-03-21 12:50:04 -0400
64e101f0093ff987a7b306ff82536096111f288c,2025-03-20 08:47:37 -0400
dfcbcc8cd2b51eb75e10918512ec6eac3f7e79f1,2025-03-20 08:45:40 -0400
1c584fea2b5d8d5d9c71e4167fc96f0e1ba0da86,2025-03-15 17:30:45 -0400
b1e217a3d5e2a5903ba77ad77038062b193a3adc,2025-03-14 09:20:17 -0400
8271422881c1894d8f04334ba4accb15ddb9b73d,2025-03-07 08:48:15 -0800
003450930449db2e080ff27fb37d271193ad36f9,2025-03-03 11:05:30 -0500
fb7bb4bf8bd6f3cab47a8c6fe11944e220801078,2025-02-28 13:58:41 -0500
8347bfbe9df7ced3b232c5a9d4255ef644ea2e74,2025-02-28 13:58:01 -0500
2c0bbc82f0368ebaa48924be280c0db110ad88ba,2025-02-28 12:03:38 -0500
c15c8028002690f942220c16b8752e76b5e152fe,2025-02-28 12:03:27 -0500
9bf4a42f07843d6d0f29b738ee91381041de5ee0,2025-02-28 12:03:10 -0500
c3e56d617ea3b69783c793df3bde109e77e22e5f,2025-02-26 08:48:45 -0500
8833e9da15f919958ee602ff012ddbfa214ae07d,2025-02-21 11:45:47 -0500
d43fe412dc4052b27e0cbe2b74fea7ae0876d4d4,2025-02-21 11:45:32 -0500
33232803cab0b4634dae91a67559c99d79af0a82,2025-02-18 09:51:03 -0500
b920b5e49527a240b4544bba496ffea968b54045,2025-02-15 09:29:53 -0500
f7211b4fab9b2066a5df494881c66495f600599d,2025-02-13 07:58:20 -0500
25c108534b15e6a2dfad80a41d5b513f37bedd6c,2025-02-12 11:36:16 -0500
6177b350880f0a4dcb9139e1dde901f4c4419e57,2025-02-10 10:51:45 -0500
82c3c1cdb9e246a9a4419d0bb7724d063ae171db,2025-02-08 10:33:24 -0500
b1676873957791e47339b933cc32fe600f70d099,2025-02-08 10:25:28 -0500
7bca6852e4bd77f18db04eecd6645c9aba29ea20,2025-02-08 10:21:33 -0500
33ae6f65a9e5ee7c842f04c4a940725368a40248,2025-02-08 10:16:18 -0500
2f9cc8c69cb08c86a8ea5b26eed0de0b88d1bdb2,2025-02-08 09:41:25 -0500
c47a4a4be1cab0a837d4d4f90dc7da5051de451e,2025-02-07 21:46:19 -0500
67e70314e4fca2c80ee382beba6d43efa75e07a3,2025-02-07 14:16:26 -0500
f946cb5e3c737c86378a963df1f8c72abb113612,2025-02-07 14:15:56 -0500
20e73c3d216f6931e6d526e3d1b6bf75bca4b0d8,2025-02-07 14:13:39 -0500
3fe906753fe33d614e0cb49ca4b95c50bb0023b8,2025-02-07 14:13:17 -0500
d13c6c144ee30901360def2945bca5ef1d5b0383,2025-02-07 14:12:46 -0500
44dedf5d039a1129e53a1434808beb5b591ab3b7,2025-02-07 14:11:28 -0500
8696391dac286725ad26e1ceb0b158e91ca67e0e,2025-02-07 14:11:15 -0500
376a850ebbe077d9ca55d3024ac039f28208f13f,2025-02-07 11:41:05 -0500
6374b2a9cf4f4ca0fadd9ffaf602e1df03a7ef32,2025-02-07 11:03:05 -0500
fd671f0cb86cf189ef9e9879a0e2317e7f6082df,2025-02-07 10:50:14 -0500
2102c20c2c28e9fe8eca7e33d044f568cf91fdce,2025-02-07 10:42:14 -0500
0a181c9d32142169b4d109d25c10e6b5ef09c783,2025-02-07 10:30:56 -0500
c377f031478053e0f0edb9dab952c4fc1c91cfb8,2025-01-31 11:41:52 -0500
f4ce01ab1a0d5e3bf839e8aa43d1c63cc93b7c4f,2025-01-31 11:41:39 -0500
9ea8efab495bfa96cd083b0addb584305df83848,2025-01-30 09:28:09 -0500
972b998291b26b5acf011c78e6c9fa3fbaa6f397,2025-01-30 09:24:29 -0500
0a44388d9b15ee0a68e14267fc118ac476eba5bb,2025-01-30 09:24:10 -0500
ea73ef5fa54e95493ca203bac0fc9f4ffa93501d,2025-01-27 13:20:04 -0500
ccd376e0183514036f48a3d7cd9c537bfceb34e7,2025-01-27 13:19:27 -0500
1a83c6ead9cf611d5693e91eeb7471f3297b3e38,2025-01-27 13:19:18 -0500
a7f97e13f3bb761a78135d78232f36c2bb37d64b,2025-01-27 13:18:15 -0500
cb7882c2ac62f4bf97c86264a5f62a2180fe1074,2025-01-27 13:17:31 -0500
380cc7b129790e6aaef0e11e980c010e8800285f,2025-01-27 13:17:13 -0500
07c80d605a440d3ce6489b8f674571a7ed5c4150,2025-01-27 13:15:53 -0500
aff804979f2776028a1feb2d784f7750195d916b,2025-01-27 09:14:55 -0500
d76b10a37a78fd0fc1561b51d06a277c52d981a8,2025-01-24 17:22:31 +0100
27c392d5e032d8b217f00a089e529feb4cf947c3,2025-01-24 16:18:24 +0000
e01a741e86192cdb7e04a7dcdce03c1050a43381,2025-01-24 09:00:19 -0500
c3b3866801f2ad580e15e205fb16e00430b16fb9,2025-01-23 10:44:06 -0500
172a0a91c9e071e1ed0ca01dd858e9d215b55d18,2025-01-23 10:03:58 -0500
ddd8ec07a3c28f566b39f8335fd534efad91ddc1,2025-01-21 12:05:43 -0500
c1f49f69fc5c3da321cba6ebb047210bd66b64e4,2025-01-20 08:58:47 -0500
76853aa0fd3d165efc14afe95baed12a0ab9e69c,2025-01-19 14:41:56 -0500
ef965f3e8c5c1999b932d947aac4dbb14b88ae7f,2025-01-17 11:55:40 -0500
1a4eb1179808b3a727ca5f8dfeb9424737636451,2025-01-17 11:07:11 -0500
6d372bd9c6bd3a4820c4c6e359d77e760b1296e5,2025-01-15 09:37:53 -0500
46cf72cce831d04cbaec60f427b33a2433764e84,2025-01-14 07:01:00 -0500
90e38fdff555a4ca78b5269bb3433b9861bf3936,2025-01-11 08:00:51 -0500
f3ae38bfb0fb8b1069af2f657971194ba7884873,2025-01-10 17:45:05 +0100
b4b673b862638738b1b6467bbae5175848530ca0,2025-01-10 16:18:35 +0000
1d41fa595c62dfc2c1a567d5f156975977225b90,2025-01-09 21:16:23 -0500
e72d977b07d8b0b4107cf41a8a2c5de835bbc01b,2025-01-07 09:15:28 -0500
552ce2935323137abc8fe0de276c9fb8389192de,2025-01-07 07:32:20 -0500
a07f67681190f63ef24980b29303fa30d89623a1,2025-01-01 07:53:53 -0500
d9f131a39ce10e1aa9799e09cd972fab66de801e,2024-12-31 08:52:00 -0500
a5395ad496cb296caf8faab9544df5c3062627c6,2024-12-31 08:51:47 -0500
87df46c51367762584d4347074168575b0904043,2024-12-27 12:50:08 -0500
c821aaa29fa289ed9d363e1360478315c63b95d2,2024-12-20 12:40:07 -0500
0d1b2015b26df79779518c5aa57ae5bb1d78354d,2024-12-20 12:39:53 -0500
2701aec1e76f02b5566536ae215ca5fb26e3c3f2,2024-12-15 10:08:01 -0500
f9f02846e600898ddd7c5063c44c5bac8e8462eb,2024-12-15 10:06:18 -0500
221f045cf013dce732fc344a0cca5d8087e882fd,2024-12-13 16:39:13 -0500
af5f14bf1600d84497f2458746cb5085f479c970,2024-12-13 16:38:12 -0500
a4c9b4785bcb8194ead47ea7399548db8168d249,2024-12-13 14:24:56 -0500
cefd397d8b51211efdd7ca088eee07e620668e86,2024-12-13 14:23:54 -0500
db1a0f1e761572938da883cd31c2d0f6f729ca96,2024-12-13 12:23:03 -0500
81bba1a67a1059ec53cfd4edd5848637a9c92df6,2024-12-06 17:46:29 -0500
3224835ca59e82467ac41084ef57ee19c89ed403,2024-12-06 13:28:04 -0500
12bdb99c55db949ecfc57a090e4ecdf524f87094,2024-12-06 13:27:30 -0500
2c19328bffb54a323f5b9063ae6e6b36572ef43e,2024-12-06 11:17:59 -0500
fb58f745458a8dce09e98c124f06948748d6d8bb,2024-12-06 11:17:44 -0500
ce6c0c4c80a9c48060274d296a0fc76a5573730c,2024-12-02 14:21:10 -0500
b92b012bb17af61919554badcd5a7b99ca9f781c,2024-12-02 14:20:15 -0500
2eddd3302bc7563982e037018e3e09e315c98872,2024-12-02 14:11:04 -0500
b16aea8e8a4da2355770c493b695c33d85ecf1c1,2024-12-02 14:10:30 -0500
53018a78b467f2b954727383addf7991d804904f,2024-12-02 14:10:19 -0500
d23bcf0e21f601cc6850435d342233f7251cbada,2024-12-02 14:09:37 -0500
4842269b4f37174e7c1e5fbe0eaf5677fae13c31,2024-11-29 08:06:45 -0500
64a4a812441cd69bb933ffb7ec365f5fb8091a09,2024-11-28 12:29:01 -0500
b1689890fe0565b7979adc652f7be8dbb780c5c5,2024-11-22 11:34:56 -0500
79083eeefb403d9bad0b524a8b20f9452d305094,2024-11-22 11:34:43 -0500
3dc4c65df90734505ae6e69095203d608a6f86d0,2024-11-20 10:30:48 -0500
b375b411140336ea6fce3a537f2255d332fcf9a5,2024-11-20 10:27:09 -0500
7f714b99ceb4bb52182b2ba70cf6df379fb2c7ea,2024-11-20 10:26:50 -0500
2b500d798f2d2c873b62592036880e229bfbf6eb,2024-11-20 10:26:38 -0500
e5042deaea75058e0a0f7fdc415fccbdb08f0493,2024-11-15 13:34:46 -0500
b714d4c44540c577b18e31f24166c72a04fef681,2024-11-15 11:08:34 -0500
5f21803437193131e2017b768999f2ce31b686b8,2024-11-15 10:21:30 -0500
e1d0b16dcde1b7d710c834d7263b76c68a06f343,2024-11-15 10:19:21 -0500
0b8c259f285df7de37e8d3472114559f79a9591c,2024-11-15 10:18:14 -0500
48885359de58fb7ba5c8671546cae8415ac1a6ea,2024-11-15 10:18:05 -0500
d11ff7b6135a326e3977f15992674cae07fdb71e,2024-11-15 10:17:31 -0500
7180554929ccc87e03cf150bf7b5d0793042a7b1,2024-11-08 07:45:22 -0500
9ed41ded1c08314400f939947343d0c0b83f6003,2024-11-08 07:19:07 -0500
3ffefdb50088e7eda25d2b5bf16259e1b36c9f49,2024-11-05 06:09:47 -0500
76fdca592114b9377b2e4d25c0acacbf12c4d62a,2024-11-05 06:06:26 -0500
43d110439748a95f4875bc843e19d8df886256b9,2024-10-28 19:56:21 +0100
7f5fbb53b9521d8d974c6789f59153f3c697d0c3,2024-10-28 15:41:20 +0100
3a81545a42666d2c60ede0cb870af9dfc6767d21,2024-10-28 15:40:13 +0100
4cd63ef58ae2f03b941d36852f0bfd1833dd4014,2024-10-28 15:40:13 +0100
3b2fbfc1ec2a8db6d5fcf8896d82d14cc4ed0cec,2024-10-28 15:40:13 +0100
058bedecd7e7683d34bc73b80100fef8c7e95c25,2024-10-25 12:13:28 +0200
720b5a9aa06994fd435b5fe589fc28a826ead48a,2024-10-25 12:03:59 +0200
3970e1ae1066c828a1cdabd5dd2443079ddc02dd,2024-10-25 12:03:59 +0200
38ff95873b4092db55c8bfcfb78e5732707ba04d,2024-10-25 12:03:59 +0200
7b434dbdc43851e23c9da7f23cc295470556227b,2024-10-25 12:03:59 +0200
f968113b43ad984dca2135e5f0ce852db7496f0e,2024-10-25 10:11:15 +0200
585224c45fff2d44197520f2a2fb49371882051a,2024-10-22 10:24:31 -0400
e9673203020e1e665da606f03d3aaafe0a63f8ad,2024-10-22 10:23:58 -0400
f6ffaef39d079ccb4d7ad9bb9f1180e470767916,2024-10-18 13:03:54 -0400
7febb6ca1b4fd5ec61e70f321ed35b919c2fa80a,2024-10-14 07:08:51 -0400
d0c84ee57a5804c506fb255b903bab620cdbda0c,2024-10-11 13:13:40 -0400
e18c50a8e85781a5c2050da544b4178f99c17112,2024-10-11 13:13:26 -0400
7b18b811c65f084275dfb208133519140e354e75,2024-10-11 13:13:12 -0400
710b0c8c0395e7260211db592e753ac2b9717b80,2024-10-11 13:13:01 -0400
91d47151e90c50ba0ea9c86b933aaed8ea687180,2024-10-11 13:12:51 -0400
faaeb7f0f7a0641b5445326f4f6134ab012393d8,2024-10-11 13:12:21 -0400
d4834db1b6e1bef0faaaec67b1aff6c638d938d6,2024-10-06 08:30:43 -0400
2cb581966c304db060b59cb5f5536ebf32c9acd6,2024-10-04 12:37:14 -0400
e55306eafc7e90e02c29bf81744a90e2094d493b,2024-10-04 12:37:04 -0400
67b7564d039a951231d18bfa95dbb7e8d52392f8,2024-10-01 11:06:01 -0400
607201531a4aae4955d599e97ab401d8dcbc8c2e,2024-09-30 09:20:07 -0400
f42e0e217ff41e9dc1f9029ec6a39e48f1c7dc38,2024-09-30 09:19:23 -0400
4e2de32ff022d66b6146e06a72898bebaf7ed7b4,2024-09-28 20:21:02 -0400
de6c04a5d1a31cea39f7e6e485176c84067e6f83,2024-09-28 20:20:32 -0400
a2f36295cd53cae878eb417134df3bb004c9e401,2024-09-28 20:15:17 -0400
2e4d40958e82f99571148ec0f4fd7b4ff6c5f884,2024-09-28 20:14:35 -0400
5e552bc278c0e345704f38c12e2e530ca4dbd42b,2024-09-28 16:19:44 -0400
fbe63afec2c6e41cd8571901c6f16d16abccdcb3,2024-09-27 14:33:21 -0400
a8f0d8aa5a4af7108f91d01ab36ac3457e836834,2024-09-27 14:33:09 -0400
d5abba4ff9ddb607a83e59ed116eb5eb6c0f57cc,2024-09-23 09:27:24 -0400
16a29bdfbe6b713c606e9b7a499b2390ca4a6fee,2024-09-20 19:57:41 -0400
d08d15f525136211cb91e8067818848c23a7f13b,2024-09-20 13:02:42 -0400
a21f7afacc5aaee87a869bef641b40ff6ecdc94b,2024-09-18 20:33:33 -0400
0aba3961042c080edd8fce79c43bfe9a92b830d3,2024-09-18 18:27:23 -0400
b42df84dedddc801e62e86cdbcc36309c890c0f4,2024-09-18 18:26:39 -0400
3cedb732709b8c5a1187a79456fa1c40db99e95f,2024-09-18 18:25:55 -0400
c8e892addec425ca036f153b56ea5af7c1c4bacb,2024-09-18 18:25:23 -0400
b0a0fb7b194bc305a6ccd319c4198008a054a2a4,2024-09-13 17:31:50 -0400
21e58d513a5e317c53b2ec9c4d97e6b7d7d712b1,2024-09-13 17:30:39 -0400
78f78eae4f610934af6e1a3fcf61c6ed39e2c8ba,2024-09-13 12:16:46 -0400
16ce97f1b1eb025797022f34e4257110e5f14f94,2024-09-13 12:16:33 -0400
dbb421bc5519afd64dd08b00d8a1975f14a7b093,2024-09-12 08:32:37 -0400
e4bfbd36b055a4054ba551365615a16ceb36fc73,2024-09-06 12:43:04 -0400
497eee717979f6758a703d34f6854faba5b20d9b,2024-09-06 12:40:39 -0400
a62e750d5063a5459dd8caf3ff224cf2c423ceb4,2024-09-06 09:22:29 -0700
724503d9a42aaaab9d49bc5d6b27e421794e7d1e,2024-08-30 14:01:54 -0400
786b009a59f2437ad804d1bc2218270101d45da3,2024-08-29 17:47:43 -0400
62199ffc94d4e225fe0fba01588b772d45070388,2024-08-29 17:47:10 -0400
f91065a476d566a30d307c6c498f78e134df4f69,2024-08-29 08:16:55 -0400
97c36f3110ad6adf5059a4cf94d61fe65fe1ae56,2024-08-29 08:16:26 -0400
2dd35aafc88f45f12c7eea052c3dfc515cbf3526,2024-08-23 12:17:24 -0400
b81c37d45db04d753c2342ce6b576b4814a40385,2024-08-21 09:13:43 -0400
dc85cd25bd6ea2be43d149997757f39d9d958633,2024-08-19 16:51:23 -0400
97b34a1cb1f8316fb2f7b1102c5fc8b9a9ffdfc6,2024-08-19 16:50:41 -0400
316043a9baddd4d2216dca984cacf5ec5afc0b40,2024-08-18 10:47:24 -0400
ca8b44f598dcb265eed3b01295ec0863447c9881,2024-08-18 10:46:52 -0400
e0981cea8795e460c4ea7efe9f59c05e3c137fdc,2024-08-16 15:44:38 -0400
e4695f4fe748f2a913d7ab644049b6c92bf2b51d,2024-08-14 21:20:34 -0400
fa0c305bcb5374ed5487c56f8d7ae6fcfb142e13,2024-08-14 21:19:59 -0400
c17a5b84a6c4e8d22931d1a5507eb6de82a581b0,2024-08-14 21:13:41 -0400
ff030e186032fa92224fd669ff4314816acd26b3,2024-08-09 13:04:25 -0400
92a81eb5bb8c767bc85811b16562a39f54330eb5,2024-08-09 13:02:59 -0400
c6775c448ddad0faad728efd10ae6b1c47eb4aad,2024-08-09 12:53:56 -0400
81f94cee18871e84227457adf536f50bde52bdf5,2024-08-09 12:53:45 -0400
6a42e03db4c6b7f81a2f5e89ec0e67eb26d3c5fc,2024-08-09 12:53:32 -0400
a15f44613fe07ee1a20549a98237284f80359fc5,2024-08-07 14:45:14 -0400
0fad03b5f1ae9f35f466b7a0f3dddc3bfa837aeb,2024-08-07 14:44:39 -0400
790b6c28f226e58008f405d912da1b8e1bb3ad40,2024-08-07 14:44:28 -0400
95b1bec5057288790129d5e18430a73b51a90356,2024-08-07 14:43:51 -0400
7188320f59aaa6b8b85c35328fde6a419b7f1701,2024-08-02 17:38:08 -0400
5b1e89a90d7e096fd624bd9cf9ddb716d2187f9f,2024-08-02 17:37:34 -0400
a8f777ae951199dd51a634eaf7c1ba3842b18624,2024-08-02 12:41:32 -0400
1f54dfeb5159d40e17b27d423ed2060a611a3aef,2024-08-02 12:41:18 -0400
5ae259af0b260e49b147d8283ea9482e87f4e5e3,2024-08-02 11:11:50 -0400
dc50853f1fbd291fd1fca0d106345004166b6d43,2024-07-29 07:46:56 -0400
d202a01751850a179745578c49c05fb4718eac5f,2024-07-26 18:03:41 -0400
09f8f226cbfc0ab8dc371aa6ffb9b343743623f6,2024-07-26 18:03:07 -0400
9df673275562d1d5dd02804d53762468fafc5c29,2024-07-26 14:04:13 -0400
d9ce0b9bd5a20463744572468260bdbf2ba1e5c0,2024-07-22 08:49:46 -0400
c5d70f85a3ab9fc0f028d9ace90e51253bca3d51,2024-07-22 08:36:28 -0400
97f9d8b2bf88b9c8d138b920c3ea41a7dbe61e5b,2024-07-21 11:26:01 -0400
3d80ae5558b398f4e7dbbabbc92374c4778ac5db,2024-07-19 14:01:35 -0400
8f2c28fd4ad54f475bfd2566d40d8bc5939f9d38,2024-07-17 18:34:54 -0400
34c9f6033548aa7d0e401f783fb23cd356892edd,2024-07-17 18:34:10 -0400
7ef70c4352d69ea55fcfd3bd07048ecaf968f790,2024-07-15 22:46:13 -0400
e42aec3e820b534561df47d7f0e8b689eda0f0fa,2024-07-15 22:45:26 -0400
f9a92c92db06aec7b0feadba2986942121dc2fce,2024-07-12 14:22:51 -0400
b42f4f654afd18b79607b4798497965a1525530f,2024-07-11 18:10:38 -0400
0a488eaaa4e4f316160cbcc95c2d2c7860fc6018,2024-07-11 18:10:00 -0400
3a75bac034f17bca16826671d4fe0f338433a627,2024-07-09 10:11:37 -0400
fdee0a7985991ce3c2d3a147e1c8f430a5c84746,2024-07-09 10:11:24 -0400
ed65e43878dd00c4fafb225e3693c34d59cf916d,2024-07-09 10:11:00 -0400
2ba48bb8fce703d2499c5c8c2f14a0a71225789b,2024-07-05 14:55:36 -0400
02926c80e1e00574ed0f10d568a4698a7b09c374,2024-07-05 14:55:00 -0400
aaf7aae03f8315e252ca6df52734f782fe22a2ed,2024-07-05 13:01:15 -0400
a2167528fcacdfde106c6af519efa65e98470b60,2024-07-05 13:01:03 -0400
688f77d5d9fad1ab591caa799789979d8eb63536,2024-07-02 19:01:24 -0400
c975c5c655009777e07e907e102cd689b22ce34b,2024-07-02 15:24:18 -0400
1955d01729cb58b389741a2f6a58d08e35526240,2024-07-02 13:02:23 -0400
272a5054800e97601cf5d990d062caa6aee6914a,2024-07-02 09:20:18 -0400
38be555c9d98ad51bbb32b1943d09f876e1146fe,2024-07-02 08:50:21 -0400
740f3ba525dfa4597f56548f99fbab4bc8a7b5d5,2024-07-02 08:45:40 -0400
06c09f0245266f0ef4cb47570b99f6eea3d16df1,2024-07-02 08:40:46 -0400
24a1baf929a44d210c80fb932d8275e506b41d46,2024-07-01 19:37:13 -0400
3463d65209e4a76da2ca70f78168363bcff5047b,2024-07-01 18:40:52 -0400
4d6d4b95b3678a34bd58d23a7f6a44d594f8e149,2024-07-01 15:51:00 -0400
0c7f1fcafcd25fcca2db8ade56c53356b77dfa8f,2024-07-01 09:48:29 -0400
b7533aaf0b08be8b084e2415fd21823c9f41747f,2024-07-01 09:46:14 -0400
b6bc2c29107e2d9bcf51a21ef6b047e661090df3,2024-07-01 09:41:57 -0400
0c3fd6d268bd76d0f8937653a4989369426017e0,2024-06-30 12:52:30 -0400
ee373e960098c6b43434342ca1d5f8054488c053,2024-06-30 11:22:39 -0400
d4dfc4695c0159572d4fe77c781da30c6a554628,2024-06-30 11:16:53 -0400
da007a352b11906e787e3002b2a4e5b7a35d2088,2024-06-30 11:08:15 -0400
95f8f0e3f70b5ac9ead79b3b960dc4c7d9e3e3cf,2024-06-29 14:27:35 -0400
716dcac6aeaaf393faa7812d5c29dc923b00626d,2024-06-29 11:54:57 -0400
a9b9804ab6df4adec72b6fd2e7e0227125baf541,2024-06-29 10:48:00 -0400
36bae57fe9c7026787776ef1a9c08fe589418b0e,2024-06-29 10:48:00 -0400
ab1dae72c483421755d4e9a5af4aa4c1df584c85,2024-06-29 08:10:35 -0400
1894310cb6cbf3ea7fd7f8aa04b686ead075bd10,2024-06-29 08:01:49 -0400
b0d4a0005a8f8a3346073287216ac31f7ffe3a26,2024-06-28 13:11:43 -0400
f48395d19dbda93bba18bf608204f4375f1363c3,2024-06-16 11:52:52 -0400
1cc64c9efcfff80a0b82b40d7b803c619cb41b2c,2024-06-11 13:39:50 -0400
cfc6b9bfb2f32667c4f2813ce7aa0e3db4824d8a,2024-06-11 13:39:36 -0400
3d50eaa4cff3775429595e5ec1774fb1609438aa,2024-06-11 13:38:49 -0400
1ec865a60dcaef2513e7e339237d62f9e6c49562,2024-06-11 13:34:46 -0400
f191ed2cee28c2e552881a4d1659851c4c2d75d8,2024-06-10 15:36:39 -0400
f32a8ac0cae23956d85a0f8bc703f676fd0b87f1,2024-06-10 19:04:56 +0000
cfce55ee3407b88d2d97b40cbbc4de608b070aa6,2024-06-10 19:03:01 +0000
f08666c29eaa8d256326e7e55325218eb1232ae4,2024-06-10 19:03:00 +0000
afba14d02d621de012b17847e34d61ffa24827bc,2024-06-07 13:01:04 -0400
f428261556f4cba56a6d49a4824803cff056fbed,2024-06-07 13:36:05 +0000
7c73ab21f0d3a7063c9f5229cfb4a27f17b393f2,2024-06-07 13:28:15 +0000
d982bb0730d440eb311280cb707869ae77fa59a6,2024-06-03 14:37:11 -0400
c2ed6df8c1576d1ee067f736a178c93f7b4962f9,2024-06-03 14:35:45 -0400
b57506d86dfe581b5ab3a75bbaf9c89a050a39f9,2024-05-31 12:55:14 -0400
0e7400d834cf29bfb62a7967d13eef806720c196,2024-05-30 07:45:21 -0400
99c7f7d8ed43bee7d7a13649f2c73f9b10903e0c,2024-05-30 07:45:12 -0400
128f08d84806fefd6d29515dd77eca59db315dd6,2024-05-30 07:45:02 -0400
158b81bead6c1232b73e481791f185194405c84c,2024-05-30 07:44:55 -0400
1cd93a2f3ab47f377490b530e91f5b093da608ec,2024-05-30 07:44:49 -0400
dcc6a36659e65945855df198ccccd93b7a25976a,2024-05-30 07:44:43 -0400
5fa7ced34088a1f0b94eab36ba04d53dec19a35c,2024-05-30 07:44:32 -0400
24694b789a666aa3f02116cf63f79d4e11dcb283,2024-05-30 07:44:25 -0400
c530fe6cf226ec4a407b8334c0cfd9b8fdfa6b15,2024-05-30 07:44:18 -0400
549eb936350c34cc336e39f6d7671eca634444c4,2024-05-30 07:44:03 -0400
d16dac08211a5780109af83516f7a60d72e854e3,2024-05-30 07:43:48 -0400
c030f364f6e096b33fd8a01291fec551c1449169,2024-05-30 07:43:37 -0400
e867a47451779fd848ce932bb4663e4b3dd45ada,2024-05-30 07:43:24 -0400
2ac784b64d468634afb856b2653d186d4378a44c,2024-05-30 07:43:10 -0400
4d57ed57240f235b1edb6cc7138260143399d8ec,2024-05-30 07:43:01 -0400
7ec99c3b41620adc1464a1e6ef13d889db024511,2024-05-30 07:42:54 -0400
b13368715974e40b6ee07420932cb1a45589d471,2024-05-30 07:42:19 -0400
4f1b909238fde652d4a23c33f8bd164c18102d73,2024-05-30 07:42:09 -0400
436f3a4871cebd3844f013de44cf15a06cf3fbad,2024-05-30 07:42:01 -0400
1f78b00121dc321b7bd756bdf808df83bf70d465,2024-05-30 07:41:53 -0400
57002dfa3c678da9401533be8f5b284d3390543e,2024-05-30 07:41:37 -0400
98437e8794422bec36b4a5d9738bbc10e1573ff1,2024-05-30 07:41:12 -0400
879b6746a6cdfd193a86032cc4c4d3f6ad29fdcd,2024-05-30 07:40:53 -0400
8075aa48a2618eb290ae3194f4a11544f60f4b7d,2024-05-30 07:27:27 -0400
dbf231f4a472c8e8f03969fc7e74d443d022a28c,2024-05-30 07:25:49 -0400
3319b182093756b77f583a79c5ff866d4bdc32ac,2024-05-30 07:22:48 -0400
15e6ec62f1b309bab0bffd139a4790564dc3ca73,2024-05-24 13:42:23 -0400
35cdb25af1490c1797a86e60545219ac33a3a71b,2024-05-24 13:42:12 -0400
8ca98b4abffdd731b114373512e94e28e4b8b8d3,2024-05-22 09:24:38 -0400
0ed63c252183c0331ccbbbe7303e25133d172f58,2024-05-22 09:21:34 -0400
aff03f1ec26723521b22faa0ae1d82908532a49d,2024-05-22 09:20:55 -0400
72e96717b0874d2e79a93cb8d596545da664958e,2024-05-22 09:20:08 -0400
8662c3beb0233e1fd448605b86cce31be9fa3535,2024-05-22 09:20:08 -0400
d5e64268f80e7e3233b75e176bba5e3594c4252c,2024-05-22 09:18:22 -0400
f5ca929dc7b1bf3bd71943feaabedd9915da3a5f,2024-05-22 09:17:37 -0400
b4dd0268db01b77acf80e40cc3e18dbc9861624f,2024-05-22 09:16:54 -0400
affa444ea1150394be9e3fd1ed27e2446055c15b,2024-05-22 08:13:31 -0400
d2815b6953d577525e9c15c17724fdde12717dbe,2024-05-18 09:45:29 -0400
23ab9726ef0850fcadaa165c868eb1bcdfafca24,2024-05-17 22:00:59 -0400
44de1fe099f5208afd05d55a35e1515630635a4d,2024-05-17 22:00:11 -0400
6cd2e6b4d8fcd8cb3c7bb34a474df0d55f5a336f,2024-05-17 13:22:03 -0400
42c0657e52179b77584131b454900943313842d7,2024-05-17 13:21:52 -0400
fd59cfad776505734223bb5a2ba4b716eac40e1e,2024-05-17 13:21:40 -0400
2fb56ad27ca8d8e318ec2c4a497973d22cb0e72a,2024-05-16 14:47:47 -0400
5f7f54cc3ff3ca05e8926206660bc8d6e8a6435d,2024-05-16 08:07:16 -0400
4e9473aeb6bd2116a622dbad9a283e4f2a28ded0,2024-05-16 08:06:31 -0400
bc4add641013811365d030dddbae3c1371b8f65e,2024-05-10 16:37:17 -0400
5e21a7a2c8de4d147621f5c7402da420beacd658,2024-05-10 16:36:20 -0400
2246040f20e1ba1349392b38f8650bf6489655e5,2024-05-10 12:40:24 -0400
0bc11508dd0f2441e57cdcc6de00e135c0b648c4,2024-05-10 12:40:12 -0400
dd44ab4c681a626256df412d170310721ad9aa55,2024-05-10 12:39:57 -0400
c12599f1daf2b423f9730e657c3af2efd7ec515c,2024-05-07 22:05:08 -0400
30a4d6bf307914eb47651a083fc9c7c521f33921,2024-05-07 22:04:38 -0400
63aef46584cc7b68235e2660dfbda66462daa4e3,2024-05-07 21:39:06 -0400
3c8104931ad343a6cb8329222dae797b32265f49,2024-05-07 20:50:41 -0400
38e553980d690b556dc0caeee0dd7dd44813f207,2024-05-07 20:49:35 -0400
a30a6037b0e0a1679a205adcadca428a59d0fbc7,2024-05-07 20:49:26 -0400
63435b214598bd7ed6c7b3f8f36fdc1feb7f075e,2024-05-07 20:46:17 -0400
4a6ba6dae26b43b71410ea655f94f272d30c0e59,2024-05-07 10:07:48 -0400
0d72b185e7f205823189d42ec13ffd904d7683dc,2024-05-07 10:00:51 -0400
8ab15861148fd15b93f7f4444162e96c9e197cdb,2024-05-07 09:58:56 -0400
73af05c1e2b42f6f16091d1742fdb6e6ad155de9,2024-05-07 09:57:12 -0400
de43676862e6436064492c0bc923ec092d536095,2024-05-07 09:53:48 -0400
bb883412c2ba4ce54c5e1ccfecdcdd170dbbde0d,2024-05-07 08:06:45 -0400
bfe908d6072e6ca98d13c78a4b213ea481310d1f,2024-05-05 12:23:30 -0400
36b274f71ef87390192954224848d7fe006f4a85,2024-05-05 12:22:14 -0400
512f0f27c4c2175f900be0ed83d4c4018d6165dc,2024-05-03 12:44:48 -0400
52e2f27053fb58390ce7c9eddccc3c2c2924f12a,2024-05-03 09:36:56 -0400
bbb5001fca1e584a61d3903dabba8d9315ed8da1,2024-05-01 10:41:44 -0400
fd036108e282e414fe215cad619c74426a59d750,2024-04-30 18:22:16 -0400
3d1db2fd0565e9e095558cec79defd8a61b2e658,2024-04-29 07:24:54 -0400
3bb8ca36d260672e14739a539a9765d0c89ba798,2024-04-26 14:45:33 -0400
20bc4ae5c84f66ab388f4348bf1414ce0e44aff6,2024-04-26 14:45:23 -0400
a4ab076138c509e164fd4ca9df3cba1168581587,2024-04-26 14:45:12 -0400
6bd98798af68fe83a3819cd23d9c18919f4768b0,2024-04-23 21:34:18 -0400
ccf97a5d4dd895523bda029d8a56c403f146ab91,2024-04-23 18:41:46 -0400
fde59a3b6289d30b8a66e55020c97bba07dea9ac,2024-04-23 18:40:40 -0400
8119b6bc2a5cbd6ef705669feeec5c81c1c2d939,2024-04-23 18:38:49 -0400
61a0370fba21067252542c272e716f5a4403d5ce,2024-04-23 18:23:03 -0400
54ed1a0ae267d11a3879a40f377c3d496e481c5b,2024-04-23 18:20:03 -0400
068568bd7f4d64c589bf34b45ef76c3ab004d6c9,2024-04-23 18:06:50 -0400
3453e9879de212af13b4317305969fc3ad5aa4d4,2024-04-23 18:05:45 -0400
7ed1c5f4035d64816756e9855023feb6d8604814,2024-04-23 18:02:05 -0400
f33137fe24103abe0317353b993a4026b40d9d15,2024-04-23 17:59:58 -0400
cc347637f2660be313acdf88c5df0961ad11a8da,2024-04-19 14:09:13 -0400
7999cefce8cafd7c8e05764ae4e173e218367b18,2024-04-19 14:09:00 -0400
490beba81b8c0dcb21d94c8ebfb32144d31a7252,2024-04-19 14:08:45 -0400
4e272e69f0541dbcb73ee73a5c6e362a6904dbac,2024-04-16 16:46:05 -0400
4ffe2da69b98a7bac5fe6a73c81f5b5130993155,2024-04-16 16:41:07 -0400
abbfa243cd51741abad4212681df641372ac7fb9,2024-04-16 16:35:21 -0400
04fbb07283157f056410ce5e161a5e018dc6d04b,2024-04-16 16:34:28 -0400
2427aacfdec5273e44d7758a9565a0dca5c70303,2024-04-12 13:07:44 -0400
40eed8786c1c3e094e29f4914cc6adb3de687a1b,2024-04-12 13:07:01 -0400
55f1e38048a482fc5c5564bb4f1509868dd904b8,2024-04-12 13:06:48 -0400
b17b8e9075bc1e562172688d06ee66ce8ee5017a,2024-04-08 13:21:54 -0400
70fd557a8d70f6625197688e241cbce0ea0b82a9,2024-04-08 13:21:20 -0400
d5317443c6e304ffe06004347406168168552984,2024-04-05 12:46:23 -0400
e1bd3e20c80bbbab6c57c17d62437d3b6705e904,2024-04-05 12:46:04 -0400
5d2b8657eaf9fcb02b6fefa96b618ac554d4d9b8,2024-04-01 14:10:51 -0400
24ac7f2a5e5bd40de5e376c4541c132b6fe4c65c,2024-04-01 14:10:15 -0400
777704d6b13430f60cd1f4b8f64cdb7f99ec09a4,2024-03-29 13:31:45 -0400
f8cf126ab281eb662669c8e12a1727e7206eae7f,2024-03-29 08:04:38 -0400
ec54b479b602d7434034aa2e68b441c6743a8f1c,2024-03-29 08:03:08 -0400
4a7d99f665f0ef50a12bec9d58a909fe51952834,2024-03-28 18:49:21 -0400
90b7152cf60041a47590777dfa76bf384b96a614,2024-03-28 18:48:43 -0400
c8386a8808287ec8577e1e763449fdcdf8940bed,2024-03-24 11:39:36 -0400
d0324ecd995742c417f648a8dabef2f3385090d4,2024-03-24 11:38:11 -0400
923a241abb9f6a350f0974389e2c2f83bcbd4a89,2024-03-23 17:59:42 -0400
92374d18d618382b43832184142612624c01f0fe,2024-03-23 06:32:25 -0400
807602d2f5c8d083a6858ee8848fc6d9915bcb5d,2024-03-22 16:31:40 -0400
15b3ddbf2f8fd2e4277b2a1f2a1edfc7bb5b9c0f,2024-03-22 16:30:37 -0400
bcd6b931b0fbc35508335fdba5c8a8d3121b0a9f,2024-03-22 12:32:07 -0400
4b7c014bb3a9d6c046fa6028a797fdea336d3308,2024-03-22 12:31:56 -0400
ee8410a4cc7d1326391b575504fd5bc4a8f0a6bf,2024-03-20 18:15:30 -0400
a005929e73119f2d035a3521a7b052c14003660e,2024-03-20 21:48:46 +0000
dde0d07143ccc6a512027ef9a37a26b925315313,2024-03-20 17:42:36 -0400
15d1ed22d8f48ddf2ac7a910af7ad06b6bb39f1e,2024-03-20 17:42:12 -0400
2db2b8894c2ba8fa9fe24ca413dbb034608cf5a8,2024-03-20 17:40:23 -0400
5eca1fbcac42dd05ea114e36e96963acb88f9a89,2024-03-20 17:37:51 -0400
0572d2c1ebd5c432be7f11dedd286aac6128b5a4,2024-03-20 20:54:14 +0000
ea1b3dc3d4949c7c1861118b7c20fba71db6fa02,2024-03-20 20:54:13 +0000
9c21b67a6cdaa5ab8ea5530a7a666673c7ec93ed,2024-03-19 10:57:50 -0400
1e284ae8252042805bd7801fdc95954d9d6bd373,2024-03-18 10:33:59 -0400
45294cb11e15648bb823528f13f1da36b5c4db0f,2024-03-18 10:30:33 -0400
2b5ae77ef77e9763d9298c78947537b9f2a2a1b8,2024-03-18 10:22:20 -0400
2cb2d6272468cb2664a1ed0e594af06dc24510ff,2024-03-18 10:21:33 -0400
9f9346341b1533189e3e3d847c6caece7ab52635,2024-03-18 10:17:24 -0400
ccd7c07abceec01293990551cc31968b1db001c9,2024-03-18 10:14:39 -0400
a536e716924008f56464ace64bcde632b27b68b5,2024-03-18 10:13:43 -0400
945efe95843b2f92d911cf9554e2372ed5ecbe38,2024-03-18 10:04:28 -0400
81573fa387435e985cc05356c33c49273fc4a018,2024-03-17 20:22:23 +0000
c2f4d78765e8dc9fe4ff7ff46f1bb95067ac1065,2024-03-17 20:14:27 +0000
23911807cfc8130518dbcbdc54056760966501f2,2024-03-17 20:11:40 +0000
7a6263685a86e3285295fa8d269887a3e9313f1e,2024-03-17 16:09:09 -0400
3fa633538bcab8f58127ac9ed64eca1a21e2f0e2,2024-03-17 16:08:26 -0400
e21bb4ee87463cd4a524152e9d38c64e43b069ed,2024-03-17 20:01:40 +0000
860d17b62801d3d6ba77aeb37ee30afbee8e8938,2024-03-17 15:56:49 -0400
46e549506fb033d0b2663fc48082b8c28c153e8e,2024-03-17 15:52:55 -0400
82bb3ac7ad432e0b839cd86279ecd88b51d6dec1,2024-03-17 15:44:21 -0400
033d50d9ba4f308bbea7786ee33d73df72f53cb0,2024-03-17 10:28:11 -0400
380d52a352a2ba5227d868d67a38d1ec11dfdd2c,2024-03-17 10:28:02 -0400
e90cc549ab87e1752dc0c710561f4d84a87a527e,2024-03-17 10:25:27 -0400
66a896dadaf751933f2fb4811793ceefcc25ae2d,2024-03-17 10:25:10 -0400
d28d992b11cac0e991c1176385005f3748a68617,2024-03-17 10:24:22 -0400
43f4dab021e9acb8db390db2ae80aa0cee4f9ee4,2024-03-17 09:23:59 -0400
a17775880e6adca1a4d616519d66a395d7d21c03,2024-03-17 08:16:52 -0400
06df1136d2d525daf00bc6bd4bd15f5ead217f46,2024-03-17 08:16:03 -0400
aeba79ef834e98ae09b8723f4960ae590746a931,2024-03-17 08:13:16 -0400
041094f820d1cfe0a2787c4ba194a3215d927b26,2024-03-16 18:29:08 -0400
7d7d399d0598cb0ca5f81891de34694178156dab,2024-03-16 18:16:32 -0400
15b07437fe476f3d6bc7a51dd0168fda86a4d6eb,2024-03-15 23:25:41 -0400
ddf885bdc4ae929439e1220650f9a12a965580bc,2024-03-15 13:23:58 -0400
8add1c72e73f6e494013ea7ed53c0d1999ed061c,2024-03-15 13:23:48 -0400
26f5435b492246ff40f46fa3b4fa2c7a5230c588,2024-03-15 13:23:38 -0400
c50f01f5be70e25e634a5cb717df95dfb1d692dc,2024-03-14 10:29:07 -0400
56b5c4dcdffbde27870df5a3105d6a5f9b22f554,2024-03-13 22:34:15 -0400
ea0f24c93ca50648b4990b74ae7b9d589f746364,2024-03-13 21:44:00 -0400
8647cd455d2b2c3cbefb69c60062ad40258e7897,2024-03-13 09:42:59 -0400
8b15be2d72e5e6d8e076b964efa7cef32e3bdcee,2024-03-13 09:40:50 -0400
8505dc3b548781ba9164bb93713b83b0bfb58339,2024-03-13 09:40:40 -0400
c147f2be1216dbaf7f8e97809d70259a5cebe7bd,2024-03-13 09:39:57 -0400
0409a97802d141fd74e5f8b7d8f2d14afd329bff,2024-03-12 23:55:17 +0000
67637998d398d79bf0cc6b830d72fadd8b53a355,2024-03-06 13:56:54 +0000
df9d3a362b17f978cd2291b8018185b70015373a,2024-03-05 21:10:31 -0500
40b19a0bc95f1b4ff634d135677284c8586d8ccb,2024-03-05 20:56:35 -0500
86ee997f713f886645e238b121979bba67529f3f,2024-03-05 20:55:42 -0500
e0c034409ec50b4cda369d03b031ef6b22d7a0f3,2024-03-05 19:19:42 -0500
8214ac80b7ade6993364c54fab0f54d0118e602e,2024-03-05 10:50:59 -0500
01b84bc2685038e187bf7f11027e084827f08edb,2024-03-03 21:33:47 -0500
0d042ac8c9590498772efb01791cb53bb8d74f21,2024-03-03 21:31:54 -0500
48dde31e65a864673c65120af47257df98006edc,2024-03-03 10:23:14 -0500
860587e91842b3b21cca346079f1e94f104c53a9,2024-03-03 10:23:03 -0500
7777c15c095bfe519a9eb7f537113e3af36bce16,2024-03-03 10:17:26 -0500
0b3504e4aea72e487b86c7455430b90211580ded,2024-03-01 21:37:15 -0500
6cfee55638858187eabb1258b41ddaa86c5ba22b,2024-03-01 21:33:48 -0500
bffd42d50cbf8e829200b80d815653bac375273f,2024-03-01 11:16:38 -0500
a8b4d0c83f1fb17cbeb3bc614d97c9e9281b344e,2024-03-01 11:16:28 -0500
2745865fa1183b82d8457c9c81b6df375cc756fb,2024-03-01 11:16:19 -0500
9a0de0849559c984d93fe2f65cdadd8204efcbc5,2024-03-01 11:16:08 -0500
f30e471a13715e914d827fcadbd56bd69e1b45c3,2024-02-23 09:02:59 -0800
00d21d57983b51b257151d1d5058d76158585e1e,2024-02-23 09:02:45 -0800
b4767cae962cf27cb8dd935134f165d738012049,2024-02-22 11:17:11 -0500
bafc7f7beb177e836bd2fe280a4ed30b4027ac51,2024-02-22 11:16:37 -0500
8e877d60bb8bbcdda269e9256527b485f344b434,2024-02-22 11:14:25 -0500
fca5961456637ac21de4bef40249cbf55ab05802,2024-02-21 12:33:13 -0500
b17cd44fd68ca9ecfe4f3475f0cf2b9819be8875,2024-02-21 12:31:44 -0500
075a2442af85daad0cbc49c06476ad07a667e45c,2024-02-18 08:58:16 -0500
e0fa816086e84dcd07e57d85e39f24ca58138c8e,2024-02-18 08:57:47 -0500
566b92f575dc81d93100a4a7dbebc51ce448d3cc,2024-02-16 12:27:34 -0500
968a6d455fe6ce4227117f1fb2446eb3ca691b4d,2024-02-16 11:44:53 -0500
ff1e58b3d0c6b9528168cdd5916ba4f39552a154,2024-02-16 11:44:09 -0500
106e6c0a72d67f2df80e8c5c424e5d5a59d11d1b,2024-02-16 11:43:42 -0500
d3f6f3798a975a8556ec9ee90462d181c0b052e0,2024-02-09 11:50:38 -0500
93c5817f5dfcdaaf2c3ca3c57d9e815159b57510,2024-02-09 11:50:26 -0500
bf43fc4e34a0ea31cc0284618c89236045e1d7ab,2024-02-08 21:17:37 -0500
58ac959c1ab9c905a3b1560dfd0014b728eae2f4,2024-02-08 21:17:04 -0500
ba2f05f82ccf51156097ec69f4e581e73e7a441b,2024-02-03 09:41:11 -0500
a42a21a8ba8245eaedfc4440c121d410990d607e,2024-02-02 20:53:28 -0500
767bd0b9aedcb8c049fe8c76657b40330dcf87ae,2024-02-02 20:52:58 -0500
d79e67287569bc1fdfe86a8c4b55f08029afe346,2024-02-02 18:21:58 -0500
1700223442ab2f6a446ad2261cfa590fbd0e8b65,2024-02-02 13:58:57 -0500
2c60443ae46d4658d9225b3b2fc894cb85831f3e,2024-01-29 12:58:20 -0500
0573544bafe759672656d3956c156a6498b85a35,2024-01-29 12:57:10 -0500
91bf05b362be2ba6357acee71f120c588fd97cf0,2024-01-29 12:56:10 -0500
c93fd42c5856f5e5659aae1d7700ea416444a092,2024-01-29 12:55:36 -0500
ad9eaa0199524c603bee36483f93b2b2431295e6,2024-01-28 14:29:23 -0500
72ba30942fdc3c253c20ca2cb6d08f9f1d23d01f,2024-01-26 12:40:48 -0500
a096a2396a2532119b3dd607a2afbcb248acb3c2,2024-01-26 12:40:39 -0500
86445ce8cb01ab6b3f621d59223ea95cb58da1ef,2024-01-26 12:40:27 -0500
37f54487ee2fdf2d792f68f95fe7212f57b91883,2024-01-20 10:46:51 -0500
ce4178565593ba2f4ae65ea7f9b18fd743fbb87d,2024-01-20 10:32:07 -0500
332bd09a14c25675de3815c49443c30e8bb73635,2024-01-19 22:11:40 -0500
7963e6cc050ab57a2578359f35616d4dc656769b,2024-01-19 22:10:26 -0500
44f54fef12696c5fe88395e796108223421d1e83,2024-01-19 12:21:16 -0500
0d299aeed60d13379d4b5f6ad582f5c18e0f8568,2024-01-19 12:21:04 -0500
e5ae2ddc23f00119835303b4654c9b8ecab91913,2024-01-19 12:20:52 -0500
641ad7939ae724059c3a777dea2b8ecf0a9c46b5,2024-01-17 10:28:59 -0500
2b4d32af86e77e87eff573a39a2b0b3c89183214,2024-01-14 10:58:22 -0500
16c8c3a395f487419d2ae77f3241b51d87c662ad,2024-01-12 11:57:21 -0500
6b05e52b5dac8e5ff74446271fe6683ce70e7da8,2024-01-12 11:57:05 -0500
1371b9058664c871a4a5eab7a418b16bb4a02408,2023-12-29 15:42:25 -0500
fef039996fe938d6bb538f5488081e9ba50b6fa7,2023-12-29 15:42:11 -0500
f7ad969105068894cfa6ed1f67e64d535faf7f18,2023-12-29 11:36:07 -0500
fa238f916757785f05d5efc46382faeb2c35f329,2023-12-29 11:35:04 -0500
401951ac26aba1aa32492219f5d5fb7c336ea4f2,2023-12-29 11:33:52 -0500
60b013da4f3c052b2d943d06e295437fd325236b,2023-12-29 11:33:46 -0500
f3a64c1b053d200fe72053bf81b7fee45070af3f,2023-12-27 11:31:20 -0500
d42d7723b44267718f6f6eed986cff3f08fbc5dd,2023-12-27 11:30:40 -0500
eb770fce16a7e6dbfd714b5a5b3ea15d85b5c0ad,2023-12-27 11:30:30 -0500
167fd1a01c2efc5fb9cd07bcc6e46f145ec67e90,2023-12-27 11:29:50 -0500
f0cb664566541b5aa1d2a0b6540e3a58ddf9b5fc,2023-12-24 21:43:32 -0500
111e1f4b3ff76e0d476d7b733ec762d97fc13003,2023-12-23 11:13:45 -0500
4cabe1046ca070d13bd628539ca19b3f760a55a5,2023-12-23 00:44:05 +0000
254e922ded23a17f4c5ce07a5504e5c0cbf88a5d,2023-12-23 00:05:05 +0000
d5801b48549959ab7b67b6e802bec70d03a5a3f4,2023-12-22 16:29:42 +0000
6b65ec6751a079058e9580f1fbe9ed452a8be50e,2023-12-22 11:11:06 -0500
8c88eaa788f9e6f7b6c8736a6204bbf5cb6cc24a,2023-12-17 14:55:07 -0500
c0267e809e5b379b8e220610c1dab04238843f17,2023-12-17 14:31:15 -0500
1106a726705aece46da1bc882ea2285b75f36e06,2023-12-17 10:18:32 -0500
3b01964befad776960708b54842cd221bd1eadef,2023-12-15 16:12:52 -0500
d0b7016527d3cf7590e4551644d15e73bef368f4,2023-12-15 16:04:23 -0500
845914f281e194e66f9211085d2229cc0d8f30be,2023-12-15 16:04:12 -0500
aea20410be1ae24bfbbfbf02094318ca5f715e9a,2023-12-15 11:39:32 -0500
d38ad256fe5c8008ca9a43f4279be425e1d0f3d6,2023-12-15 11:39:19 -0500
8c96d9a2c938397a13ed290d4aeec0e63736334f,2023-12-14 13:48:53 -0500
7a20cec474a46497eac2e253eefffbf0b5b022a5,2023-12-14 09:45:05 -0500
88be47be247b31b1ea523b1b6a9ca582872a30ce,2023-12-10 12:55:22 -0500
65a7b5c90b4b65a64ce1f6262ac95079f4330b8c,2023-12-10 12:53:58 -0500
4bb3c600d41815c507db2dcc25ada2e604da9bbd,2023-12-09 10:04:07 -0500
2cddc71d78055d318c129d2795acc604131e84e0,2023-12-08 11:40:10 -0500
d7ea172a7e0c7249be7d97a6e44c2a98342124b5,2023-12-08 11:39:06 -0500
c89dcbbf7672a515d9a275374c4de4f52ef20206,2023-12-05 13:34:16 -0500
a7917fb3ea764468170f5fa5eac4176f78381c5c,2023-12-01 16:39:45 -0500
f4e2d652256e1727f750a241f862844d368c2be1,2023-11-30 19:58:09 -0500
cf70f2fa0046e71fd39d9226253769369d53c57e,2023-11-30 08:10:30 -0500
f9b1dd5311e4b1e1b9d78a878667a587ca630a24,2023-11-29 17:43:22 -0500
5f1a5256a93cef5224d704b85a6ed3734121935b,2023-11-26 14:01:54 -0500
d579be45116f3451b2a0611bbdf862270aaff896,2023-11-24 11:41:19 -0500
ccf62992926ea1ca69bc25ed84392576057280f9,2023-11-23 08:40:13 -0500
22c1c065ee805a23c574bbf8997e26ad59eeb54d,2023-11-22 08:50:06 -0500
2d44de659165e57230cf5e53a3d1f249371f6527,2023-11-17 11:41:10 -0500
5f10eec2747d10a97101d37b358882e74b8fddd6,2023-11-17 11:40:13 -0500
e0adee6051280231260cc65972697cc6f1390eef,2023-11-12 09:34:43 -0500
4a9fe873947067c6b23811e5d966b20a586840d6,2023-11-12 09:34:26 -0500
001e9135a629fd1f611d6f368e1c541ce39377b0,2023-11-11 16:12:21 -0500
4747174391af5d7f6b492b90ffe4188b5b5b305a,2023-11-05 14:13:42 -0500
de3e535de1350a3b874403e5aeb32de5419522ea,2023-11-05 08:22:18 -0500
8bb08054278afa5a57ba8984e3d218eab97f8f3a,2023-11-02 08:33:12 -0400
130cdc0251af64d221ad9cbc98daa6bf2f2bb480,2023-11-02 08:20:24 -0400
1272d6e62b9be552c6836f0dc235396629644ec4,2023-10-31 07:02:45 -0400
5be6f30e7a63687d0f751a3bf2414f3351d1b77d,2023-10-31 06:44:30 -0400
76a6757e689e9c31632cc395c37036824368635d,2023-10-29 07:44:18 -0400
01c4610184671cff959a84643b82b8ff2f801bd3,2023-10-29 07:38:13 -0400
c00c6ab588893258678ec77e3dd69ba56d2efcfa,2023-10-28 08:30:35 -0400
b29481372cbbcd3ad61655333a7ebacc2ef99433,2023-10-28 08:30:18 -0400
ea75ab5c8a2a4283c5b2222bd8dcedfe7508d063,2023-10-27 12:41:21 -0400
3a23ffdec2ea2711f1e885c330d0e867d3a52855,2023-10-25 17:48:00 -0400
7dfe123e417be05977b5de1c9444aa614c0e0931,2023-10-25 17:47:52 -0400
4d01d7046df294c7b701419639f048df33c8ef78,2023-10-24 23:18:17 +0100
4f907f2500a92717a614916dfb8e79c74d815b23,2023-10-24 09:20:47 -0400
388ab01a1a7897e1940ec9cee9b4d19a9b415b3a,2023-10-23 08:09:57 -0400
d1b4d0ed4894a095ab602c6c2b3705a9faaefa23,2023-10-23 08:05:54 -0400
d73fb203d5c1437310a624bcad00c1365a5af159,2023-10-23 08:05:42 -0400
77ad67731e495f7aa0db1823d58b631fc04d8657,2023-10-23 08:04:24 -0400
117990a15aeb4611022e2223d69c501bdde1753e,2023-10-23 08:03:05 -0400
1b09bd3363d0d08e476c79f4272db3eda5bf94a0,2023-10-21 17:07:06 +0100
1594ff55865e319ff70ffd41b4f2bd9a6df52447,2023-10-21 15:22:46 +0100
01a206b54fe0f7b5098a46dfe95b41e8994ad4a5,2023-10-20 18:15:23 -0400
80144a8e0777fa3df1e264b862b75b7cbe4402dc,2023-10-20 18:14:16 -0400
2e9d7414ab6d25cc09736a1957fec3f27c565a19,2023-10-20 18:13:42 -0400
2037f5b3018c6191a6fd56d577f84fe4cdf54897,2023-10-20 18:13:05 -0400
0ec3add8c460de42cffb49e53b208066b935bb69,2023-10-20 17:52:59 -0400
75a610f5c8239aaa2731877245de504a0da79c03,2023-10-20 17:20:42 -0400
dd6660e07cea93d36aaba8675915c5b68f23f7c3,2023-10-20 17:20:24 -0400
6a0c1d22e801dfa7c0ef1749f8ab4875ccb6ed06,2023-10-20 12:59:56 -0400
27b7e61686749d71a10c67b039755f0498911fed,2023-10-19 13:25:14 -0400
76a6d8e264230af19e3738b6d17cdd27e6a5940a,2023-10-19 10:45:07 -0400
35e0ecf8d0462505f2386428e18b6ecad68ce4b1,2023-10-19 09:09:51 -0400
8e6d2493f72a8bec0fc591648ff74ac96c4ffa2d,2023-10-15 17:41:50 -0400
374194c227f9ab6749d3cecb7aa36c718a7cbd30,2023-10-15 17:40:29 -0400
42990b5806b5b2bd8bc41067726ca482d03222d3,2023-10-15 10:13:25 -0400
832f50d0ed17cad477cdbb6157468d0d89e9da32,2023-10-14 12:29:33 -0400
99960839b855a05296f8f7fb11fdb7b59545d20e,2023-10-13 12:44:51 -0400
872979eb88bee94f01c7b6563483b9784e369b21,2023-10-11 07:29:59 -0400
f9606cb22f4e99e938ece0a9a75b96bac340e9c8,2023-10-10 16:33:38 -0400
a262fe064163162d896871d0ebd173d04b74ecc0,2023-10-09 18:33:18 -0400
56f0d70c019711ab5e3b31445d8cda54cc731345,2023-10-09 18:33:12 -0400
b3ac322213f0562f393b833cd1d19e38ece4ab80,2023-10-09 08:51:40 -0400
9bd1107f5545a75a6df4aa8882b3bc300cf0d593,2023-10-09 08:51:15 -0400
898250f06b94d9b8b901d729ade2d44c55e980b4,2023-10-09 08:50:50 -0400
84b1a7ac9b0b866405c7e3bcf576df91f9e8a0b9,2023-10-03 07:50:37 -0400
f24984233762c520f5332a4f2fd070a73f16449e,2023-10-02 11:07:21 -0400
ed32b410e8f0b0ca020c3117c45292fbf34bb072,2023-10-01 08:04:51 -0400
35ffa22db3d5ff5ea1630a6f8d970f59208a8f3b,2023-09-29 17:32:28 -0400
854aac3ec9f403bc6c3ec840602e33a52df06a78,2023-09-29 13:19:34 -0400
1a2a81785219c8ff28d9203c02548c7ea6ad02d7,2023-09-21 08:00:50 -0400
bd253ed0117b967f8aeea0fa2f6857e56acebec6,2023-09-20 09:41:27 -0400
7ab8514ca3ab4187fd3c3cc4bde6f5f9feaf7261,2023-09-20 08:21:52 -0400
446b6fac047f2f4db2461cdab31af0664710b46c,2023-09-15 12:47:31 -0400
0dc7451e71f25de2d3476160d0f1c0eccc1fa02b,2023-09-13 18:39:23 -0400
b54454c3000e35ce47418ccf27bf0f657f45e7d7,2023-09-08 12:28:20 -0400
70cef5ae2239703ffaf933147a20aca420e05419,2023-09-08 12:28:06 -0400
0b4ce541e9574c448f18fc2615089038cf9e0059,2023-09-08 12:27:54 -0400
1e0961364e795ec30994e032a0122fad5ed490a8,2023-09-07 07:43:39 -0400
ea746c1ed2128f1d5b59a3903c3d07f47e4ad9ed,2023-09-06 09:58:28 -0400
11f1f29019f35ca0a4d095a0a9e43571d96d80d4,2023-09-06 09:58:15 -0400
a0b1a6e1c354ec6a119698a8279f43cafb6ac273,2023-09-06 09:43:28 -0400
5612ca4a747bb3597be210d4a980384c9d11457c,2023-09-06 09:42:25 -0400
72ce3b6a988c84b8861f381c7462dd28c36ecdbc,2023-09-01 16:01:29 -0400
ea8f898728d98b6541c31e46094422b5eaa218c0,2023-09-01 16:00:27 -0400
a96694d4b62e1c82d3a79bc9b372a49d30ae6fa3,2023-09-01 10:59:10 -0400
414cd6513b3232281464c6de6cfe43d1e832a71f,2023-08-30 09:45:22 -0400
16887eb8c9cff9b3360cc60c633938582a172720,2023-08-25 12:35:50 -0400
b1f40cf12c9276bc3361e296807134eaee37f000,2023-08-18 10:57:07 -0400
5ebcec12fe914db91e5bd8e40e72f306348e3462,2023-08-04 13:44:12 -0400
a54be4d22857a28988316f713a43ffa121aec5c0,2023-08-04 13:43:00 -0400
c13339a580ba8d4d4c1a6eba743cba6b02a0abdf,2023-07-31 00:00:02 -0400
88b128db3f37b6fe79ea31ab0b534467cb9f50a9,2023-07-30 23:58:12 -0400
3821b0d9fef02ac624a15edbf797d4edf1acc667,2023-07-30 23:50:25 -0400
70ae1237e390f7570f346902e36b421a3535883d,2023-07-30 23:50:05 -0400
80af90184c51804e54902943937e3492569e72e2,2023-07-28 18:09:21 -0400
acde1146da91d97c318eb031cd0fb9d5bc703a91,2023-07-28 12:34:43 -0400
7f9cd4add0ee4bc7fa2e91a30ea707e1f3ca3a12,2023-07-28 08:07:05 -0400
2f15262e60df47d81f19cfeea53441c96c372e41,2023-07-28 08:00:30 -0400
1c90072518497b761f88f8d26fb70869dd4772c1,2023-07-22 16:16:57 -0400
2927ab512cc4a5bb216ffadcef44358046a09ae3,2023-07-19 12:19:38 -0400
1bcf13ca9c9c7e147a41be0017eee6d2bf479385,2023-07-16 08:19:06 -0400
8f5cbe77fb46ca5df384a827a41b4b64588cc7b4,2023-07-12 19:57:59 -0400
3ed973dcc9259e407f9e3e0fcbfebaa1b23f9887,2023-07-12 19:49:46 -0400
0c3074832dae11b7cfa7943b23f962de6dac9669,2023-07-12 19:48:53 -0400
3621eb04197c4a806256cf07237ad17cfa46d5ed,2023-07-12 19:48:07 -0400
9243c8c0d4bc5fd2519f6d000089e5ed5c4ef567,2023-07-12 19:45:42 -0400
7ae11a3987c617d9619d7d9847c267344af8cfce,2023-07-07 00:11:21 -0400
134d9e8518a9aece04af736e4ce6f47c0c36f71a,2023-06-30 13:22:19 -0400
e237d4f558eac9b5d9838f50f921e6883689c1fc,2023-06-24 14:47:40 -0400
b4086cfa6b8d17077b6767e8d4fb8f1692042eec,2023-06-24 14:45:28 -0400
5f7cb155e3e2859b5b46d50474f542615c5116d4,2023-06-24 13:37:12 -0400
a6919d87b40c3e3f806d2b7653dae0728eb46027,2023-06-24 13:37:02 -0400
e813e708d8621c1a8dc386b6fc563ae22f33d25c,2023-06-23 11:32:42 -0400
f26b3b729975fdfb8dee857328c0e54557b4fea8,2023-06-09 13:10:57 -0400
646ee3785dab9d19783a0839c5900a078445938c,2023-06-07 20:02:35 -0400
1602f134ff4545ba4d9d46edebc182963298d171,2023-06-02 13:11:23 -0400
4ce784329680564a6f2a2523821cd80d5e64e6a3,2023-06-02 13:09:48 -0400
f3dbe09a96f82b2e1502f32326a13aa109204c7a,2023-05-25 11:22:17 -0400
d430a11888a446b4a89a18cea37767b1fb67ed4c,2023-05-24 13:26:59 -0400
99a306fb6be4c7bcb489253767db7ab262eced26,2023-05-17 10:48:11 -0400
80484156cd541c400d524860014f0ba9b96737e3,2023-05-17 10:43:20 -0400
663d2691bebefecde6f0aea8a5ea2e6495afc93d,2023-05-17 10:38:52 -0400
841312c99f8b077b9853defb04693f5cbd539fbd,2023-04-27 13:23:08 -0400
a371544bd2f02272c86df629fd6ce5fa26512812,2023-04-27 13:21:55 -0400
d1039da17f055458da42b5df706a8943d68faa0f,2023-04-27 13:11:37 -0400
2b7a6778483f97530405c006048376de7fdea0e9,2023-04-27 13:09:48 -0400
d448fcb35a79123c22ac5500a6edec3b38706580,2023-04-14 19:00:11 +0200
fbed5a925bd53eaf0b81fac9437b1d57dfbe4174,2023-04-01 07:10:30 -0400
a82253e87d550c5d74049f6ba35d27c1993f307a,2023-03-31 19:13:39 +0200
1fae60c34fda25139f33942b519ae7e53dcf78bf,2023-03-29 08:29:37 -0400
fe66042153ddff5f55189cda6d4e2fcfcb41b3ee,2023-03-28 23:45:48 -0400
1208fcf3697fc04aaff51c7fdaf15123e41db2a5,2023-03-25 20:19:36 -0400
507570d95796a6c40a72f069ca90f53b3ac0ed83,2023-03-25 20:09:34 -0400
94a6b61d13b29b004a35221607cd11ba011976f2,2023-03-25 20:02:49 -0400
12f7e646d740f8b78594ee0875271c8515bfd20b,2023-03-25 20:00:19 -0400
7c717fef7d5e5a584d2d8fcdb7fa079f5ee3dadf,2023-03-25 19:41:47 -0400
d5ffa439063c43c095058f37095b719304a03bf1,2023-03-25 17:35:11 -0400
e1b99f4e57bf617b6a833607effbc2c227048084,2023-03-25 17:30:44 -0400
d7eae1f8ba124b3ff98c2cf69fce421e83bceebd,2023-03-25 17:13:48 -0400
fb8bb2c8acae063cecb8b2e539f463901f6cc681,2023-03-25 17:10:41 -0400
4585d750ac9487bc56a3ffeea4e5d1343bbfd4a4,2023-03-25 17:10:07 -0400
c1d3b3ababe2d762623514e35fcfcc41b16e289f,2023-03-25 17:02:07 -0400
8cdd14089daac814372d242e7d71de9258049c51,2023-03-25 17:01:53 -0400
f37da720b0e0d9f6c67d152e2da04ed5cddecb83,2023-03-25 16:51:36 -0400
fbb20a27f508b8a98c93a9ea953949211bf218bb,2023-03-25 16:50:49 -0400
57e1b945584ea7055203e2d4702c8267f08590c5,2023-03-25 16:49:39 -0400
d6224a041b00537f096ada4cc81fc52447c368bc,2023-03-25 16:47:51 -0400
4f496190eaf6e629e70dcb0cdd38fd6a62758517,2023-03-25 16:47:05 -0400
42dbd4beb7647befd654194ff3218835d6e8f1bb,2023-03-25 09:17:59 -0400
7ee3818e63f0e63a192ba959ca733419556cfab0,2023-03-25 09:05:43 -0400
87623d4c37e831d097c94a64918325609deefc61,2023-03-25 09:04:30 -0400
f0cf3f495998a8db0b58e5fff1896ffb987cd675,2023-03-25 09:02:35 -0400
7fba0adae505a6410ebafa7f9f2d78d3dec3d450,2023-03-25 04:57:50 +0100
09c0f363ef4cfd2f82a625e2288574ffdb67d245,2023-03-24 20:03:32 +0100
68436909487079b8768fabe7bcdcb06dc294c4e5,2023-03-17 18:11:24 +0100
80d4100d537e4ec20629f4a7c2ff6cb25543b9e4,2023-03-17 18:11:10 +0100
aa80e0ce32b0962c1f9f6f97a4c0072845585fba,2023-03-13 08:09:10 -0400
09a3c72986ecd6bfb1f4e6e4276349971a0ec6b4,2023-03-12 17:36:57 -0400
cc897b14d5878aec060f84dfc0d1df031be7da13,2023-03-10 14:25:08 -0500
a5a28a1aa8f8b75d938dfa8c33be163e671f805a,2023-03-03 16:07:54 -0500
9f5b95253c5bf28446f9f7e5c03f8c195a6b7085,2023-03-03 16:07:04 -0500
519bf5466697943d47cf1ad34ff87e617f98a8dd,2023-02-28 10:16:37 -0500
a456475e9020cd102337e310810eb09ba34fc84c,2023-02-27 14:43:49 -0500
153d828c23b5fe0e401822898db7f28b3ba73671,2023-02-27 14:42:50 -0500
38918419388ea45faa9772dcd8c2e64c37948030,2023-02-24 14:45:36 -0500
be35a1eb580f55b384c177c1f1a6161363f50a35,2023-02-24 14:43:39 -0500
b7b8836b6e1d61c2866e2edd7d69116b32d092cb,2023-02-24 18:15:14 +0100
f20a9662fbcf5e86cac39bf25832313a5cfc8895,2023-02-24 10:09:33 -0500
2e98d9a76d19a21ea8e2d8401eaf127ac1ff7366,2023-02-24 10:08:54 -0500
e375af3bc15b37b6c65737d875d992481a1e04ee,2023-02-10 12:27:08 -0500
bff3e0f196bf6e8e76d9a6b00cc6fd9524bfb7d7,2023-02-10 12:26:51 -0500
f0a2f8d46b953bb31da44a7edf1fc6e01c3f13d6,2023-02-04 20:56:48 -0500
ad6ed996db6aa15f0ba8915b30c171b812589f70,2023-02-04 15:01:06 -0500
541900e8e8b41b4b1932e278b9b37edf8a8dafbe,2023-02-03 16:41:13 +0000
69ab41fa305bdb743e8e553d7261776984442198,2023-02-03 11:12:00 -0500
104fb16ef849131fa7d71c3016b7b9f1d1460912,2023-02-03 11:11:21 -0500
e1d5a08538824e0299cdcc008ab924d94f281d63,2023-02-03 11:10:44 -0500
3ff981a4e6e9f2f22f287f8c240a4983501b033d,2023-02-03 08:51:48 -0500
f130f316d1ad7fb4391cb45cdbb551bfef462a70,2023-02-03 08:34:33 -0500
4ef37596f86b22dd35971d1a224526bcdbefb65b,2023-02-03 08:34:20 -0500
b770731fe9e5ccb1b215faf67a35dfd07a422404,2023-01-20 19:39:39 +0000
c225c6ffe20b82512608ebf3db3d7d5a6af030b8,2023-01-18 09:29:43 -0500
7e959be6a0fa4ab2a7d3275d16bc64d01b20c25a,2023-01-13 14:42:12 -0500
eb339a7e457750ccec8304480e2cca62934715d8,2023-01-13 11:39:32 -0500
538a2b21ca48b14318bddd706b7c659140cb0d51,2023-01-13 11:33:36 -0500
3aae8ce714568a0c35fc5411d6342769d1a4e65e,2023-01-13 11:31:40 -0500
a1c9a585b1c2a3a6920962d77a57fed26cec28cd,2023-01-13 09:35:51 -0500
e2e68f8c64bac94fc15d8e788fb5842d25220e45,2023-01-10 13:49:53 -0500
eed582a907cd9f5191f9ccd27ea11f263103d59b,2023-01-10 11:31:50 -0500
01f33d7ab439aa8647eab872f9f0374a25de2b33,2023-01-10 11:24:39 -0500
d8e7e9643fa8c46d2f46ac1ac02150588b88fb39,2023-01-10 11:13:56 -0500
6bc907286a5975d54ed46dd02469b56885a01bf5,2023-01-10 10:55:28 -0500
ed7b59c0e8c53501febe2fd8fa326db78a097df6,2023-01-10 10:55:00 -0500
9a18efd5278ba5820d4eeaa3c6cd9aa73f2c8bdf,2023-01-06 13:27:37 -0500
f467ee26904207026fd77a5a3e47dc93d0fb35f2,2023-01-06 13:27:21 -0500
56869fc5b8a34339ba55664ae52a8cffdd54a78f,2023-01-03 11:27:01 -0500
ae6a6733d831be7f9dae43433730421e904a459c,2023-01-03 11:26:14 -0500
43765b1a11b73845a3fe1f440cbf4b9dc95d87ef,2023-01-03 11:24:18 -0500
b2f09986ed19b37ca1c0d0254abe52ab683d6244,2023-01-03 11:20:30 -0500
18c3c600230c30f4e3084b8ab3b2027d4720c1e1,2023-01-03 11:16:40 -0500
2aabdc0fae67ce800b43b4fa45a229a430ab9e1a,2023-01-03 10:37:36 -0500
be1a9fc84f22cac80b6abcec583e545885991841,2022-12-30 13:14:51 -0500
ecce512ce05682aa4371e5e160ebebb8adc32314,2022-12-30 13:13:34 -0500
de01e00f28a5fa34893ed125aec85692a3c3faa9,2022-12-30 11:27:55 -0500
6f3a4d34ba2b2acb776b8dca6a3259ee89604f0c,2022-12-23 14:18:54 -0500
74fd8225b181b10c1a5fd14096d52b14de60ddd3,2022-12-23 14:17:39 -0500
1f350b7fe7ca22c71ed99f328ae9af12eed4e4fa,2022-12-23 14:17:24 -0500
82d90b87c55f8c9c4175268af471bf69e35179d9,2022-12-23 18:37:55 +0100
7d8453f41c732e23c388db66ddaabf8a7f1fd716,2022-12-17 07:10:56 -0500
2a718e6462bc9b873753f02e108c69d4fdb0053e,2022-12-16 17:27:46 -0500
8109060401fcfbf79b74068afcca966d2e022c84,2022-12-16 17:26:33 -0500
5f2d471ef9727c26111eda63203150a53597b788,2022-12-16 11:53:12 -0500
e0ad379606fe49f39561d7e78122813388232b8e,2022-12-16 11:52:57 -0500
eefa888e8acfa79c2859f63f8b515dd82c147d9b,2022-12-16 11:52:42 -0500
3025ee06649b252bd0e9af263463faa402fce6c4,2022-12-09 11:13:40 -0500
ba6339f2a518dde5ab590f5e4e6827c92a549527,2022-12-09 11:12:21 -0500
0565f27ffd3dd54673eb83a1b41d33b48d73d207,2022-12-09 11:04:28 -0500
6e0632082f15471590aaa9f82caa98765f3e7cbc,2022-12-02 18:48:59 +0100
983fc516884dae2953d631bb878c24d952a2d1ae,2022-12-02 17:13:48 +0100
b5af32c2f0f7d346c0ffe665e105b5c0e8e8466b,2022-11-30 11:00:31 -0500
5dc92b4bea84b34228fa77436f0d81d9493f91f6,2022-11-26 07:38:37 -0500
ef96e73c86121e80d6f098ea70b336b14355f460,2022-11-25 18:43:47 -0500
5d10f5589533d19f70d9948612eead9915df79eb,2022-11-25 18:42:52 -0500
67f557cec070bded907a478220fc085fb7a6373f,2022-11-25 23:07:24 +0100
378d741102333b04e9750790d07e8bb5048b1b9d,2022-11-25 23:06:01 +0100
f23f67fba6d299ab393bbd8494f6e19f02f23b14,2022-11-25 21:53:59 +0100
0376c26e8d35230bbdad5a30856881920bdc1934,2022-11-19 17:53:56 -0500
1c291e3747b55b437d281bdd9d6f785d318bd182,2022-11-18 20:48:31 +0100
aff776e3d4d81f1f856304306353be3279aec11a,2022-11-12 10:20:23 +0100
93a94450ebbb5ac2251b29c98d3c7951daba39d7,2022-11-06 15:51:56 -0500
38ec00fb7a2742b7c2da61ed60b551af58ce710b,2022-11-06 15:28:38 -0500
d2b619328cdd928d1d80224d4f4c6834130f3238,2022-11-06 15:10:09 -0500
f01f557fe53b2e1acc383e87fdb9dc5bb911ef18,2022-11-06 15:08:16 -0500
fc9f5cd779e2327ed124d7f5400bd9cbb4c4cbd3,2022-11-04 17:08:02 -0400
1a594fc39e7fc825dc108fb7c30e243f655d5f13,2022-10-30 15:03:11 -0400
0885d244182ed000b7c25c8a10f69135e5bf85cf,2022-10-30 15:03:01 -0400
a360ab3c4d37712bf3869e1f2c1b8a7242888bae,2022-10-30 15:01:53 -0400
0e3ce1cb1e7191c32bdef39dea010514f6cb5fa5,2022-10-22 08:04:45 +1300
9ac98e7d9ef7500c21d5b1e822737404c44e1f17,2022-10-19 14:29:31 -0400
c761bbae7c1cd8f262fa7ea6779e967f833098ea,2022-10-19 12:34:37 -0400
a0091cfa5a0d14ab4927d52be208ec47417d7418,2022-10-15 15:55:49 +1300
e16ee6b1facb2904157671fb6a628ed96f853795,2022-10-15 14:50:55 +1300
a7fbf3244849ddd11c47c2901f5b809979ac126e,2022-10-15 09:24:34 +1300
692a766bfe7d8254aa8bc634ad1558fb63d5754e,2022-10-13 20:57:36 -0400
da83a3318f28b8f0e8bf44c5251303e7d7adbfd0,2022-10-13 20:52:58 -0400
e16fec6d5f2ed43e1c73a9c0574adc8fb8a176a8,2022-10-13 08:58:28 -0400
8d6ec415422af102a62f6991d267d3af14ad161b,2022-10-13 08:58:19 -0400
06a3c86d943d9a6f0bbbbe764a638491bcb81b9e,2022-10-13 08:58:12 -0400
3f4141d0d2baae2ae9276ee599a5e4896b683d7a,2022-10-08 15:16:58 +0100
aab66cd9fabc090fb266bece0c5f032757d779a8,2022-10-07 20:06:50 -0400
cca30c0a6182414909c16b4717aa1ab9b4496aaa,2022-10-08 11:27:54 +1300
aac8c62bcaa31678cbac90d6658ebe152ed02baa,2022-10-08 11:19:52 +1300
ecaa761638dc76ea993dff872d15a0ba750e8489,2022-10-07 10:39:07 -0400
ac2b989888515b44fb953057db5ef44256c9e56d,2022-10-06 18:37:01 -0400
5b3748dc35ce1fa59bc61f723d6283467cd78ef0,2022-10-05 20:45:12 -0400
17e800279013bdbacfca9b44da175dbd2956cf9b,2022-10-05 20:44:04 -0400
76162a82a2badc5bcb1c8571019f0f9b29a791b1,2022-10-05 20:39:50 -0400
4b1fa972413c60fe29cb076b3f1f431c327e5f58,2022-10-02 09:07:45 +1300
7bf6f17e19ae389953d880269fae12a0bd586886,2022-10-01 14:35:09 -0400
545852857be629c2415ec027c06435787cb8c4c0,2022-10-01 10:50:37 -0400
8f960395155021deec57d9f027384100353f80e7,2022-09-29 09:53:53 -0400
3e4a3a5eb1a3e9daa1d7404e5bcef498d866d546,2022-09-29 09:53:16 -0400
c0f3953d656c2fe1e7c4825ac7a57e4dcf9bafad,2022-09-29 09:52:40 -0400
93f27360a37ce91829b2e4a1351e3a438e0e37b2,2022-09-29 09:51:59 -0400
5e072c8326883e70a089dee30747d1b1a7b8ad4a,2022-09-25 09:54:37 -0400
0e41795b8861ed1e37ec64140d7b09cbfb4a7ad5,2022-09-24 11:29:32 -0400
7fff30721402ad0bb79634f5824944684c0b4e29,2022-09-23 11:47:28 +1200
958e79e317b868bf4562854b0dd2a1c457dff2f3,2022-09-22 16:09:09 -0700
20c84c0e20b3c8a62aa43b09ebe03851afda04bd,2022-09-22 16:08:01 -0700
5b2f9e74836aa4e000ff226346c4597110313a67,2022-09-22 16:04:46 -0700
7f63386cf84d47ab207703fbaff9b0cddd2996a7,2022-09-22 16:03:56 -0700
d7820d578cf6dfc983af78bcdc3700765b625ce9,2022-09-22 16:03:44 -0700
312c44a295248a022f4e063e65d67bc92d399942,2022-09-22 16:03:05 -0700
df6d875d27f220feb1a5c9cd8649b2a55c75ef43,2022-09-22 08:42:37 -0400
ea111bb1d3c8dd171d07a4089e1b1503bf506586,2022-09-17 11:05:27 +1200
a400698744acbcec97ec57017f2214a630145799,2022-09-17 10:50:49 +1200
7db282de4f8152ab3ddb70eab8ec83b1350b2869,2022-09-17 10:49:35 +1200
0c3ad3d56a382e5653d07b9cc5821b97581ee744,2022-09-14 14:32:38 -0400
1b9b84fde52ebf0fb184b520cbb1ea0cbddc7f26,2022-09-12 09:53:00 -0700
17bb74726e46bed31b61fafeea223aa45bb5735b,2022-09-08 07:20:42 -0700
501440bd86625ca47914ac7fe8553ff1a61cb1dd,2022-09-08 07:00:36 -0700
3b1218710d3b0db8f29555ae51bf53d38a00c564,2022-09-07 09:18:08 -0700
f48efd04e32c403e0615ad459b7ea5b8fb4e924f,2022-09-07 08:07:08 -0700
4117b2050ab011f131d5a81c824bf89ddde303d4,2022-09-06 09:22:21 -0700
17d7fb1227df4e1e4f37d79ff0d1835e15d31082,2022-09-03 08:18:15 +1200
f805f742b66a3046944c07c79e22c19e88449908,2022-09-01 10:35:29 -0400
6bbb45f756bfbb2215d535a6766858e097d4a081,2022-09-01 07:52:02 -0400
051424832dbe997b360a0102574c208247f16279,2022-08-30 11:11:03 -0400
a702b787138830a9f5c644207908a199dd8d210d,2022-08-30 10:46:49 -0400
408f1200b7be27566078a75b6184c8d6f5f7adbc,2022-08-30 09:31:43 -0400
6925abd6b6a82669ed817be60122626dafa8e0b6,2022-08-30 09:26:09 -0400
23a935d11680eda1f7aa51a2735ce581f90f06cb,2022-08-29 07:08:55 -0400
8d934be4c3c8c79437375d3e3d0f94f3e9cda3ef,2022-08-27 15:08:18 -0400
e7e704ec2dba0c9dc63419e3d0be3b301d24bcc4,2022-08-27 10:52:59 +1200
d9d89e1f5109dc96e6820cb14557bb3605282bbb,2022-08-27 10:52:05 +1200
7c17854c94ead4de47803ce2a892ac028901d7f5,2022-08-26 08:14:28 -0400
3c3fdf8ff75d34ddbb535be52a6fc4d22e5421c5,2022-08-20 08:45:20 +1200
6e2617f3e303dbcb9cf05a7fbbb5e94ed5c3fd16,2022-08-06 14:03:50 -0400
d933a5596e650d9ddfba3447bcfc982c9300515b,2022-08-06 13:52:05 -0400
a004612bb79d64112f5f79afd42fb7f5b6345c43,2022-08-06 13:48:06 -0400
a38e90c5834e53c6d69fe8d5092228a1315a5c0e,2022-08-06 13:47:45 -0400
84b0c49b5ff2a464f4256edf698212575a9c3b77,2022-08-06 13:28:37 -0400
0c1973f90f1dfe4d6b8866278811fa81e807e7df,2022-08-06 12:31:11 -0400
4a18c3ff2c195f51e25a15707bfb1106615b0cd3,2022-08-06 11:03:57 -0400
3726e06d823937f4b07792b9d5b9326896315fc3,2022-08-06 10:56:25 -0400
d8ce59fadcbee2b3475e8e452f88a2b32b1248a9,2022-08-06 10:56:13 -0400
c6151ff380dec6db3eadde715dd668e40ca5cc6b,2022-08-06 09:39:42 -0400
d492d263443e6d51491bedf019e80e3dab0e6c5a,2022-08-06 09:15:24 -0400
23fa208a794a14cea7de80fc7b745349edb349d6,2022-07-30 07:11:06 -0400
1a11da334025b66de46ffacb3da929787429cc12,2022-07-30 07:10:31 -0400
305776e3bcbba82cdf5377d3d8d6f910f5a0ddaf,2022-07-30 10:44:10 +1200
d713ca1a26d444620ebed48f7c08ec33da005baf,2022-07-20 10:40:25 -0400
933b92e37d6eccdbc4ad2ef20ce8afce6d7e5db8,2022-07-19 16:58:07 -0400
b37972927adbb9a44b57306acc8429aa5315a4f0,2022-07-16 14:41:41 -0400
e41a1da53942f7517f19ebc3bd3662617ee38288,2022-07-16 14:28:17 -0400
7fbac5bb4eaf19c036aeea0e9b69ce80f3fcd838,2022-07-16 14:26:19 -0400
6f5fdad793c5eb740376034cc658b30d7e1ec615,2022-07-16 14:26:14 -0400
58c89a9cd058493787ed12166b9f0bb63912f270,2022-07-16 14:26:10 -0400
5ea388ddf92ac7e042e167934e583121f5567444,2022-07-16 14:16:40 -0400
6717a78a31c50c67ae2f22958879028dfa238071,2022-07-16 14:16:37 -0400
70975eacf14048cce83228bb02abb3c187f2a08d,2022-07-16 14:16:31 -0400
57de54b518f8ad58d324467bca9dc20bd85ebb8c,2022-07-16 14:16:27 -0400
5df9ca2a3f900c42b6908f6105d072c42ad89b17,2022-07-16 14:16:20 -0400
3de3331040a5f0b4a942d75bcf6833d055baf34f,2022-07-16 14:16:17 -0400
67aec26a5e5aa239afb7a214af5324174e65a884,2022-07-16 13:56:35 -0400
0341c3af59be12f525138e21e5fe2ee02c5baeb3,2022-07-16 13:56:30 -0400
c3fe47bc724280040f17829344c2710ac7828725,2022-07-16 13:56:25 -0400
45134b320304ffb4cfa8ab92fa543f4994e3869a,2022-07-16 13:56:21 -0400
fc956641d628e541d95c82664fcf77bde22df8eb,2022-07-16 13:49:49 -0400
00146c490e4f1acc220cb01912503b879da5798f,2022-07-16 13:41:30 -0400
aa0fbc54227dc886cb01ee72124e58ec5ce6c7c9,2022-07-16 13:41:23 -0400
c22d6d13580e2acf4773d739d952337422f3cc2e,2022-07-16 13:41:19 -0400
86f15a89eb56a5911c6168cbd0114d8fb6d7a383,2022-07-16 13:41:13 -0400
0430ad92fd87430e19f6f320d624107db010bcf9,2022-07-16 13:40:40 -0400
a41b8b9b5d05b5d628487dfdea0266ce47498a0f,2022-07-16 13:00:07 -0400
89ef41555f98938408d0bfd4686b6b2e35efd1bb,2022-07-16 13:00:03 -0400
ade7178aae68a07e18cdf5aa642aa03891818418,2022-07-16 12:59:59 -0400
45b575f613d0000674446a2d7a6151592f111315,2022-07-16 12:59:53 -0400
db08eade7f7e7e7ae41cab1981c6fda717b71841,2022-07-16 12:59:37 -0400
95e357252cf209e17716bd80218a68c2697816a1,2022-07-16 12:59:29 -0400
7a127008ebbd070ccd4da0eeb74a91f3ce92d743,2022-07-16 12:59:21 -0400
85493000ea637a179e58c630fd79c020def76950,2022-07-16 12:59:15 -0400
271c2e90b2a4c93327c11581f7e9f460b88fb610,2022-07-16 12:59:06 -0400
60558d9b2346c15f090852b1fec1489784608079,2022-07-16 12:59:01 -0400
6bb7ab281331d83f92f7495315461f83934b151e,2022-07-16 12:58:51 -0400
306772894975d7f72e16c719005e1fe4c14b7e6b,2022-07-16 12:58:42 -0400
2e3e9eed4eabf52fb959fcc9c75492195c55f510,2022-07-16 12:58:36 -0400
445df99183fa950cdf24e970fea3bfedb71b648c,2022-07-16 12:58:31 -0400
468a73040d884d25c912a2baa9bc67aaaf5d3486,2022-07-16 12:44:12 -0400
026f29b0a2a9c1cd0e5489603ec70775f27c9456,2022-07-16 12:44:05 -0400
de1838bb99c0c0314b3904354c1f6a8b616f2b80,2022-07-16 12:44:00 -0400
0d169b3d7066849762aff6f39558109caa3e82b6,2022-07-16 12:43:53 -0400
ffbeccebe1c0a18f9ff3b6975eccea8e2b6542a7,2022-07-16 12:43:49 -0400
52522ca671f46be10cc7a8ffdf3c200b883117dd,2022-07-16 12:43:44 -0400
5f075940fa5618657bd562d75cba21240ac2b173,2022-07-16 12:43:40 -0400
5510c8c23180cd07c79c930fd870d57e1ea91845,2022-07-16 12:43:35 -0400
ed97373a5198055321ffb2203f1fa1c5ffd192c2,2022-07-16 12:43:29 -0400
da5ef9b22655c4450f353d25c4c64e7cb8e2499d,2022-07-16 12:43:19 -0400
e0d0a48210a331e5e4e83dd37f378264efa09c95,2022-07-16 12:16:05 -0400
3e99384b1a23b8cb8099d6c9e0d38d5e8438fa61,2022-07-16 12:15:59 -0400
4724706320c9029e8d087d8031a856227c38ef11,2022-07-16 12:15:53 -0400
ef74de2072ccb5c27f7d1de91a9c04c5c91563be,2022-07-16 12:15:37 -0400
086cd84e08fc98e82acf4281674e26b470c86b4e,2022-07-16 12:15:32 -0400
0d027e873adcf23c7a5dc570b0367dafef8e1be1,2022-07-16 12:15:26 -0400
1985f6bce3a0819e7287d3a9ae23cff4690a20b7,2022-07-16 12:15:20 -0400
79290904a0c9491ace93992463b83ed073e55706,2022-07-16 12:15:15 -0400
4a78daa425deb74d2699972b4afbec34b6dd4de8,2022-07-16 12:15:09 -0400
473cd97390731161967a1921dee2a9d9f54e662a,2022-07-16 12:14:59 -0400
0809670def4fee8c89fb9110fa5c8e3e0e357c95,2022-07-16 08:26:40 -0400
36ad0945b1f86d04c38fd00582ee3c71759aa16a,2022-07-16 08:26:40 -0400
24901b37011083797d6f946a95f14e9dd09ef1c6,2022-07-16 08:26:40 -0400
e5029984051e1d4dac51347bfcb293bd3badfeac,2022-07-16 08:26:40 -0400
319b1d07bae1667868479688ec7b2e646e7d4a14,2022-07-14 14:10:43 -0400
d1a7ea61ea26806b00b960e5c3661825044c7f7e,2022-07-14 11:03:29 -0400
5de7c48e4d591e638562672fbbe38db5d14e89b3,2022-07-14 10:34:26 -0400
c034d659aab642fcf0b29e501c39808149368212,2022-07-14 10:00:58 -0400
f289d6e7905ba84b4967d98ebc94e2390000ed67,2022-07-14 09:48:50 -0400
86d695f7fe59504ba64398b6de3faf10786076f3,2022-07-14 09:47:37 -0400
15f1ee1113fcd6efaaa548fedc3be80bff9b2090,2022-07-14 09:44:52 -0400
71539ef79d394e2c52d959627ec55de5b121d319,2022-07-14 09:34:08 -0400
eb6ee52eb93836f607db0684049e0be68447c3ec,2022-07-14 08:51:18 -0400
a32f514073e09f9bcd1f11c6cd0dd46ea244efe8,2022-07-14 08:28:53 -0400
92f13112f167d805e2117c0e98267d453dfb5cdc,2022-07-11 22:31:43 -0400
45094543274bbc8ac663ce2008697c0e7fdb7f1a,2022-07-08 18:19:18 -0400
a0ca294414e05bed4f9bc69c4f90f17b1f120b7a,2022-07-08 18:17:37 -0400
548ea040ac71f713f265da0417013b0e6b16d633,2022-07-04 14:18:01 -0400
8e1c7ad4b7be10217cbf2dc2151c9cdd3d2c8612,2022-07-04 14:14:04 -0400
7fe48ef91836ec610ff5b4d6a5f8ce98809360b5,2022-07-04 10:54:19 -0400
2671f5a51bed42946cf2dfe8439d01eecd1de1f3,2022-06-30 13:00:59 -0400
ac4ceda9c508ed6088e76ad7cc759a0f76ea8f50,2022-06-30 12:54:05 -0400
6cbd7720313bf8a8b36b2c90b5f909d2b8aeb2d0,2022-06-30 12:50:42 -0400
ca2809d86b7ce03305f7e46b8ffff3242524f80c,2022-06-30 09:47:46 -0400
5c1e10ef45c2d5836562399da0e16573f6d93a6f,2022-06-30 09:44:32 -0400
4976072bf1abba8399a8ab354f7d59cd6a32778a,2022-06-30 09:43:29 -0400
9b58b1528ee4c9010230f240c3ae7b6bf0e66280,2022-06-30 09:37:05 -0400
8fd0420cc2596703e9d0781cc4137d866eb1f656,2022-06-30 09:17:36 -0400
c1aa59c0b28a864797733f64c7e627f09cabc941,2022-06-30 07:48:13 -0400
265e1910575390d8900612ab61f74a4c69535134,2022-06-30 07:33:35 -0400
41823fe1509c84324a975297bc09e0d884e1c2e9,2022-06-29 23:35:27 -0400
fe09a3c6308da151526478f2192a5af240b2c347,2022-06-29 23:35:09 -0400
e1a07d866fdae5371eecdc804349d8867ef04caf,2022-06-29 17:42:21 -0400
c48c7a06348f9dd171d5849ce6b445c1fdbdc332,2022-06-29 17:40:23 -0400
3c2d55a9452c75e3b761b49a9e681e1daf5c26bc,2022-06-29 17:38:57 -0400
db62a50b9ffe67cc4cfde8dff3868e94ec9779d5,2022-06-29 17:36:35 -0400
fe1d62693a9a235e3d43a27fa24b9287fdc9bd2e,2022-06-28 22:38:30 -0400
01a360d064060ac1d74453055109ca9fbc2e84ad,2022-06-29 08:18:45 +1200
1b97e364871012f0b064b4881a2848f42e68caa9,2022-06-29 08:18:25 +1200
8493023af135f65252f91748c46f967e743a2f0c,2022-06-21 22:37:56 -0400
4f9a451f2a43b0481903d0d0bb2088d711c63252,2022-06-19 21:53:09 -0400
7768dc844517a32592460d87fbbe089150d9607a,2022-06-19 15:16:01 -0400
663e0d9e27ca96d4534aa1d2ffca2431f63566c9,2022-06-19 15:09:21 -0400
2e39ef6b3909425db1ccf6c1bb58d76f953b5f9a,2022-06-18 23:59:17 -0400
736fba9313dbce5042ca5dda5e9f2236ce5c6e0c,2022-06-18 22:57:10 -0400
93ef65742c044542e1858438c9955783d9a3702e,2022-06-16 19:00:29 -0400
babfa289aa2d6f0081f510e02ce29b98ae6bd727,2022-06-16 18:59:45 -0400
ffcf24b61cd987f974a08e0acc66c3a57ddc0942,2022-06-16 18:58:28 -0400
f8135c3cffae8850d7b20ebf01963f0266329449,2022-06-16 18:57:37 -0400
aac836f95282f2ab88c87e2b1c0df951ef141464,2022-06-16 18:55:35 -0400
54c52dc40ecedc4d3a8353ffa7d61129e615e1cd,2022-06-16 18:50:25 -0400
93af1327c8db4480e211f471e5267eb305ade4ca,2022-06-16 16:06:48 -0400
84205a8df7f76119b46559220102a83cb46ba42c,2022-06-16 16:03:17 -0400
6c44922ea7967f573e06956688da49377c8fb045,2022-06-16 15:55:59 -0400
a49bd6d51f1c2226fa01db63f6c2698e3fa72435,2022-06-16 15:55:12 -0400
0f98abb55826cabcd53395ac53c0dd7dab9a7e4c,2022-06-16 11:03:34 -0400
05624120a1d86cb3616ede155c3f285d141896ce,2022-06-16 10:55:57 -0400
6f8c8a004c7a1d2aa18936b56f07bee4aaf0fb5c,2022-06-16 10:50:04 -0400
c5c6227e1dc8fcc463c1b021fa49b942c54891fc,2022-06-15 23:45:44 -0400
4e76fd8c9e9139314ae83faa21c9da2aee786031,2022-06-15 23:45:44 -0400
9a828da194ad82c250b8af6d2c7f7b4fba1d0cbd,2022-06-15 16:11:40 -0400
40fcfa337aeef610b26bad88c2f489c6b6db1603,2022-06-15 16:11:06 -0400
278b472b98e15720dcd8d856aaafb2e7b5cb0ca6,2022-06-14 23:16:17 -0400
61c9f269409b14d0ce0467473cf1ddab675892fb,2022-06-14 22:52:29 -0400
48a38dea9cbb985a0279b550a5b2864a9dafbf59,2022-06-14 22:47:18 -0400
f025bc399e8125ffc7701ac74f09b833c5b5e152,2022-06-13 22:59:50 -0400
cad24f4a861acd38e9ea025f5d9ed742543e8a39,2022-06-13 22:55:30 -0400
079cf7176989fb91d622a6a06f1fb7023cb79a25,2022-06-13 22:55:30 -0400
b8e2c81209208dace796153a57c65ed96599b588,2022-06-13 22:55:30 -0400
107c77cc813b86491623f07ad81f3a4554e7f453,2022-06-08 12:49:48 -0400
3cbf4585e0963eff4a7d288c5498c0f4e4286c24,2022-06-07 13:54:02 -0400
c7eebb9e7f6c7d25ec69115f6f6c5510e37097b3,2022-06-07 13:53:53 -0400
1557a24c6b082b08e8b5a96e6b6ea902c4e0e7db,2022-05-31 16:31:01 -0400
f87adc117fe00afacfdad16d825257abc9ed1571,2022-05-24 11:09:44 -0400
9ef58b432b9fb337bfff1b4200a66cc75a7e1463,2022-05-24 11:03:20 -0400
686adb5f18a380d33ac275b7c308ebdf852566df,2022-05-24 10:59:18 -0400
d58a732f96d0396edcee53a086e9ff6e28ae2184,2022-05-24 10:54:45 -0400
de6a67d237124120afe5f099d900517ab03611ae,2022-05-24 10:46:57 -0400
db2c5280baf14ff9cb83495726b0ae24282f01e7,2022-05-24 10:30:28 -0400
650f0a9b1053a2ce5915fda590233671d86b3dd1,2022-05-24 10:24:26 -0400
0bb44223fdcd38472433da7213d47370697bbf4f,2022-05-24 08:29:19 -0400
a62c05b8094a7aff8c9ba38f4a26870926e0facb,2022-05-24 08:26:09 -0400
d4de1c4c6444234e606f77a7a12adf4591272433,2022-05-24 08:20:50 -0400
a4a6e7b015c503218874ad86b2696470b529bfb8,2022-05-24 08:00:40 -0400
f0e961a612b980a3ab964d8de0bb137bbff93ac6,2022-05-24 07:42:32 -0400
9c1b5fd11f6d09d0814870b40ba78e68c6328649,2022-05-24 07:42:19 -0400
7f288c065a84b7b64d1fb3aeda860e91763b871f,2022-05-24 07:39:19 -0400
196ec2eb35163921794d09dd583c33be2106e901,2022-05-21 12:05:48 -0400
d4f08763cf00633ea597a42bafd160017914a000,2022-05-21 11:57:51 -0400
62725cf975f286bf38bef5c44f6dab6a92d5f333,2022-05-21 11:51:24 -0400
8626140d882437edc8b9df5ea0945310d06a35a5,2022-05-21 11:44:22 -0400
06e89cb618eb15657f57da70eefe30513fbbaca3,2022-05-21 11:44:08 -0400
24b0ecd4dab94cd614d1f3f8e94401ffb0723dbf,2022-05-21 11:41:21 -0400
bb3ac7447d0e9a86adc3c953c5086eb3ac3411c6,2022-05-21 11:28:27 -0400
00a1b496409fc9943292a5568ebc8a945cafc71c,2022-05-21 11:26:47 -0400
26b7dae5a0fa2730338bbe1ca0611c2d5a16d5e0,2022-05-21 11:26:31 -0400
6cd9976733f36f15b134aeb7254126a74d835cfc,2022-05-21 10:35:20 +1200
454fa0ce34fee5f182e8dcd83af77947d5dfddaa,2022-05-16 23:26:34 -0400
c178d31292df1e408b5587a27ff98f8ec30f8dc2,2022-05-15 18:27:55 -0400
3d0411bdd2ecad549750eee70b4d8cb7f520eaf4,2022-05-15 18:27:44 -0400
8501e66463ec7344c13623dc896d1283f3373fc8,2022-05-15 18:23:39 -0400
eb055e7161f6e8b4df19717b0664b48b863c97db,2022-05-15 18:20:09 -0400
30b101831f1511a4844766c3b20b035e9e4642a9,2022-05-15 18:18:10 -0400
e9cfa9a50b02b486e1b702ce0521283243a4f17c,2022-05-15 14:55:33 -0400
f296a1d662636db181fa3fcc5f522ecb002e9a07,2022-05-15 14:32:20 -0400
16fa8099a886ea733f9fbc3560cef99205751917,2022-05-15 14:31:56 -0400
4bafe3cfbf3ad675b25226a5a412b569e21273c9,2022-05-15 13:32:57 -0400
94711d6c2f6352fa7a0bca1bcdcf884c4189dde6,2022-05-15 13:26:11 -0400
e37418ffa74aae509b751484ffc788278534954a,2022-05-15 13:21:09 -0400
6dc37c46e5645380841abad9c061f5c45529f2eb,2022-05-15 13:12:32 -0400
5d1197ce7dbeceb0e574ba412b46b2c935e2e91c,2022-05-15 13:11:19 -0400
f11ef63eecca75a0fa0c4ceb6dbb253725b99e48,2022-05-15 12:58:59 -0400
8225fd0031a14004570001939ae2cd2e04ad21e8,2022-05-15 12:49:40 -0400
21ba4f1b38816b838488f901c738f92bc85a07e3,2022-05-15 12:48:24 -0400
6ce330e889f6708669481e1211d9fa63fa9f18ee,2022-05-05 00:07:04 -0400
34191bac83f478809a3c4bcbd1fe3b1677d71044,2022-05-05 00:05:58 -0400
0336014defe13372146754a8b6e93094000e993c,2022-05-05 00:01:41 -0400
69260fa1e9c4f87b1abf1c301825a53a722b6007,2022-05-04 23:22:04 -0400
72c21135e773b543a597db8d4fc1b5f7c48a211d,2022-04-12 08:08:03 -0400
9ed034c7467dc424ea89fe46d23a4e0e120c8174,2022-04-12 08:07:45 -0400
f48bd83228a9277bde16e8a84f32997e9687eda8,2022-04-09 09:35:03 +1200
af1cef8c3492c9f0ee8dc9fe7e3301cc85405bf2,2022-04-01 13:50:56 -0400
0f2e7836876b22fca2f171ebc4b861dffbdf83d9,2022-04-01 13:50:38 -0400
46644948c0e567c2d6f3e600e33b180b7aafc21f,2022-04-01 13:49:36 -0400
6ab4eb59fad253daab85a1306a8dad3ddc78ca90,2022-04-01 13:01:33 -0400
c93b5fc4145e11bc49288633751c23f7e7af30de,2022-04-01 12:57:02 -0400
733056e8c45f9001e67f484ce01b2c03c7d463e5,2022-04-01 12:56:31 -0400
fef4c25f11820a6d464c57428eabd18e8d95f9d1,2022-04-01 12:56:21 -0400
4d46f10b4c35cce786b386f94333f9a37931aa2a,2022-04-01 12:54:52 -0400
332896a0503f8bae03a281a6fff7f6cecf49d3cb,2022-04-01 11:24:57 -0400
75deff930e3048d5db86a1729984d561ad9c873c,2022-04-01 11:21:31 -0400
ca346ad0b89470d2608ba6fb86af9d9b26beba1f,2022-03-26 10:12:35 +1300
71ab2a4026e2deca773f9e7de7eef54e2c4fead8,2022-03-18 15:21:35 -0400
4de29cfcd312bd9e0959fdc8f53326aefc501805,2022-03-18 15:21:29 -0400
f4bceb33dbdfa8ac765c534bb09f78d90006f271,2022-03-18 15:21:01 -0400
241fbb25cb9d6e27ac1c18b3472c67c1b5cf4260,2022-03-18 15:20:47 -0400
1825050ae299b418f8d631573642348205aca999,2022-03-18 15:19:52 -0400
2f104ff29f0d40964303c812edf4996137833929,2022-03-18 15:16:28 -0400
4c8d18941fb97dfb2eb23a3fda21836ecd86481e,2022-03-05 13:55:47 -0500
66164f098d7cd8d4d4fc61f5e4bfc7b7ddb75fda,2022-03-05 13:53:14 -0500
f8dcbfc875bf7cb13d192e1e59204c7cfa2eff12,2022-03-05 13:35:54 -0500
72174a68ed3f87c41730c1982960d1606295dece,2022-03-04 15:15:14 -0500
4a6142666876bf8d2db927046c92f08d5b4ce916,2022-03-04 11:16:55 -0500
880169d82d4b93e5f18355236540b63a31bb83c9,2022-03-04 11:15:38 -0500
b46dfd26a17b76e50aede6657ec3658ff5bb131e,2022-03-02 20:02:04 -0500
e4fff0ef324003f9c1912ff59132820e0f3f4398,2022-03-02 20:01:22 -0500
8d36e71b0e902cd34d4d44baf23ee19bd3dbf27d,2022-03-02 19:59:20 -0500
f2ca78fdc61db36354a7539b90ca58bb62bdbbfb,2022-03-02 19:57:28 -0500
b85373d876d2cb8f227543c76989c3ddab3d9629,2022-03-02 19:56:55 -0500
6aab991070ab20b10b268a18f2bbd5026785b6bf,2022-03-02 19:55:55 -0500
cf28e7546bc0ca658ffa9d7937e22a159d19657f,2022-03-02 19:54:26 -0500
fe841dcf8e0921bb0865550bdc47599c492be830,2022-03-02 19:53:52 -0500
0eec396a26ca810c2f4ebb1284b8299dd9524344,2022-03-02 19:52:13 -0500
3daa1ee2549c12afa806d0e35a0f7b831b340a84,2022-02-04 07:22:06 -0500
2e6112e089fe187bf03a58b66394eeedac224f4a,2022-02-03 06:57:14 -0500
1f7f438a3dc7b02078eb403dbfe665aa0f059673,2022-01-16 10:45:29 +1300
ea8f4f790904f6b1e78c86015dcf002b8484ba00,2022-01-15 09:43:11 -0500
e121b9cca5030f6d0169ba58b51774f153e55f86,2022-01-15 09:42:02 -0500
bd41c44bd5cab29af61597a342fe914dfe517547,2022-01-15 09:41:43 -0500
da68b628816984706f8a8c4e9538a0495feafce1,2022-01-15 09:38:21 -0500
4a57c13b9a5d9cb6f15388d4bed3828cbbc4adb4,2022-01-08 11:19:48 +1300
11867b8397c2af62edcaa9f53b68659d4f71b805,2021-12-31 14:43:52 -0500
5522f3d9cfafe80621b7bb583585a57e30acefb5,2021-12-29 11:57:46 -0500
2e54d62e32467ebbf1ba8067c642ae9ca4b08728,2021-12-23 08:48:56 -0500
956464030053f1b042ff2c89e41a136557c5c559,2021-11-24 14:02:49 +1300
0b0d8455f9144161596e6442ecf507d7a2ddb99c,2021-11-24 13:57:49 +1300
3f28d20c748da4219ec397f9a69eae6936be05a2,2021-09-28 11:05:21 -0400
d7fb711fce61c969864b1306ccec0d12b47e786b,2021-08-29 00:24:46 -0400
7e4b3faabb421f23340a740963e4795cf45fa0d9,2021-08-26 09:14:52 -0400
db81b5ee4652648d1f73d0dbd1ea70742d9f5ee6,2021-08-25 20:24:12 -0400
a490b325118a9f9e0614bf5737157748659f9872,2021-08-25 20:17:15 -0400
e9e0acd0a5dddc992ad1e2e7ed5f5a4287d091b7,2021-08-25 20:15:25 -0400
7a5d8d6b61ee3874dae7adb482be3a1e61ee0e9b,2021-08-25 14:36:02 -0400
01bae769673fbe8a2cbbf0591f4b455f7ca76d7b,2021-08-25 14:35:30 -0400
66b4f4eb73b276d041debaad80af3074ccb359bd,2021-08-25 11:41:46 -0400
33c47a0038324892446de0cc2ebd58575217a7dc,2021-08-25 11:15:13 -0400
04abfcc75a5c76be18c8f8174193904fbe1852e7,2021-08-25 11:00:42 -0400
c0bb46e271e08a8193d5e56cb29729e4466687f8,2021-08-25 10:11:57 -0400
94691c7bb045545a3cc5ec7744d50dc69eae8456,2021-08-25 09:33:20 -0400
799ca303058cce9e7c28e857896568f5dcde5706,2021-08-25 09:04:17 -0400
3425aa853e026a05c9b6d920efe230a869fee0b2,2021-08-25 09:03:28 -0400
eeae97a2141dbe1bec8eaab4adfc5338ee2cb38c,2021-08-25 09:00:54 -0400
674624c0f256464ab013f22eccaf5b9eac212147,2021-08-18 08:51:19 -0400
1b406c1746247c5df12131f318caab551b4f37f6,2021-08-04 09:05:22 -0400
3c9e6d10d71aef1068a648463af77ebcf29a9c5b,2021-07-21 09:41:49 -0400
70255c1f0fe2e312e64c38362c23e240021fc6f8,2021-07-21 09:38:13 -0400
1f43445e8725afef0a472736d68b92d1a3ac2233,2021-07-21 09:34:53 -0400
de1c0262386ec198fda3828feb496e78aea8f13a,2021-07-21 09:31:20 -0400
93da3d8d6c2843907ca17c0698f89120e4af4859,2021-07-21 09:28:24 -0400
5734027b678e4503669747578dc5e1a7c1bb50e0,2021-07-21 09:24:39 -0400
0e39e0e9df99c8708887e0ee92eb9f42c0fa1022,2021-07-21 09:22:49 -0400
f2e73ca7907a27ea01e35f2b669f76a7359cb76a,2021-07-21 09:21:40 -0400
4cc94ae92218f0d48e67bba01517f684b73a4900,2021-07-21 09:18:37 -0400
1b227feef2a2c5de3c1297b77ecd3d8723e5b9e5,2021-07-21 09:14:14 -0400
100636ec3b1514bc6778c7257c8e8aae8c809f21,2021-07-10 09:44:31 -0400
670fd2de65822486c32427d9e78b937a2744b785,2021-07-10 09:08:55 -0400
3fe43fde97d660ccc6e91b08c6321ebcb61e4dbb,2021-07-01 11:30:56 -0400
d013cf1f33d2240b87bb15ea2199f6e2193e57b6,2021-06-26 12:03:35 -0400
88cdc1a833127e775756ffbd72ac97d2e3c91c1f,2021-06-26 12:01:31 -0400
9c5721047d6ddffe5e5d642c3a5e21fef45bd804,2021-06-26 11:51:53 -0400
d1ed183b44239380b5620e41027a9c4a4243c2f7,2021-06-26 11:45:19 -0400
5c1d93018bb8c2ff2586312a6430a62f36d84e9b,2021-06-26 11:44:41 -0400
1c0b29209171b2bf99510a39bc80781819bcd9b1,2021-06-26 11:44:18 -0400
0dfa11ac5ec13136a4d9813fae7d7506b330a379,2021-06-26 11:43:32 -0400
6c60fef798dd04aee3c3f8dceacffbf422d72100,2021-06-26 11:39:30 -0400
1f28b869330685daa24d8f3ecc6e3df590165e44,2021-06-26 11:38:59 -0400
a5586fd36f11d9b62909a058bee61a3cd95c21b7,2021-06-26 11:38:01 -0400
dd82ef84397162b72b7b3196197066c5cd908494,2021-06-26 11:37:19 -0400
8bc64b9ae404c7aaeb71eaaaabcc133cfd54f323,2021-06-26 11:35:03 -0400
b9ba4a8e8ce5883db731aaf1aab4d9f06c532fb5,2021-06-26 11:34:16 -0400
d4fe31195285066f5ab9ae8de1a530147fd29978,2021-06-26 11:33:23 -0400
33da480e63bb9d75674d219e8986ea013a2a6937,2021-06-26 11:32:43 -0400
754b3b55d63a202f2206e2498cbbddda28ae4351,2021-06-26 11:30:26 -0400
891a6756d1551677fbb685f2af6d41c46b98fdcc,2021-06-26 11:29:52 -0400
f6abe30b6b235f8e3e8b521895606e79e8d07f47,2021-06-26 11:28:28 -0400
8d4c2741f7f4fa289433d3587f985c634d790639,2021-06-26 11:28:22 -0400
6adf321ba1eeacef853501880b0f033ebbd2face,2021-06-26 11:26:45 -0400
12959f66382b2e4fa5a22003aeddaa6f792755eb,2021-06-26 11:25:51 -0400
623741f43709c2cb6c43adc81b78784004794621,2021-06-26 11:25:44 -0400
671087b1909044c798d903be181e95ed2929f5f3,2021-06-26 11:25:11 -0400
dcecc02cd71fa435eac55a706ce60e95b3416aa8,2021-06-26 11:21:43 -0400
53364d199e52dcacbea4f73f3df398ac551a195f,2021-06-26 11:20:14 -0400
443f97983cb56f3607d0cd03b44a60da6e869884,2021-06-26 11:12:39 -0400
26de3d60317393388f3dae3180fd28812aa4c21a,2021-06-26 11:11:42 -0400
162bacc471baf6f536406c4e2aa254d0ba9966dc,2021-06-26 11:11:04 -0400
85acd31d2eac0d7fe469c5d855c6b5dbbcd54398,2021-06-26 11:08:49 -0400
ce484c08e6dc78745aaec2aa19263c1fd2886089,2021-06-26 09:45:05 -0400
f8049d27f4ecfe398f701c8d689a9dde839e080b,2021-06-26 09:31:32 -0400
bb70025e3d06e6dbe4693ba28d1e6b203483dba5,2021-06-26 09:30:13 -0400
e63eeaecae03c640790b89ff71897bb0dc7d639c,2021-06-06 10:42:50 -0400
2e03b5d2cc7859ddca4674f66c17bbf9b2043e59,2021-05-16 17:02:34 -0400
fe285ca10c91104fdabb75479f1f8c4e52fbe597,2021-04-19 09:12:41 -0400
a1ff8df5b08433c1f1119c3282923c91add8d783,2021-03-17 15:43:16 -0400
bc0c6e4753ddb00df5f5e0c3921829fd03b2da59,2021-03-10 09:52:55 -0500
dd7e49aab5b8d9bf3fb4335e1a07d1cb2e686e6b,2021-03-10 09:44:58 -0500
c3685456336792a6e22fa0036b1ed04210baeea6,2021-03-10 09:40:39 -0500
52342f41d1b9fbcba6d68a903eb4c66f21a0dc01,2021-03-10 09:40:33 -0500
097c187a78fc08cc584bdf58fd28c675997179d3,2021-03-10 09:38:59 -0500
f765efbc56721c41f0197eecc18e654aaaeb302b,2021-03-10 09:38:19 -0500
864c2e63093c488853fadf7bfd5baec9a7ea2d5c,2021-03-10 09:37:47 -0500
b8f60d08d9321815e8cbe495ef5e9c93c1ae9657,2021-03-10 09:36:41 -0500
5151c6a6df48e86151ddffd3638eed45a4cedd65,2021-03-05 13:42:27 -0500
b0839bd13fdb5aa663108883d96e71248ecdb680,2021-03-01 20:35:17 -0500
c6886ecec543b1f914f041ebfc7cb6da14150d87,2021-02-28 13:06:24 -0500
9857c5ac150daa95f7a904cd194ce0fd0d75354e,2021-02-28 12:28:39 -0500
12df410e8e4579e6f8539aaad82a40789c2ccf0a,2021-02-28 09:51:36 -0500
e2b0ff8288d54a71434b863ebf50a14397e33045,2021-02-15 11:12:50 -0500
7ec17b945966bc8dcd9586dca99fd3a95ce925f9,2021-02-02 17:28:06 -0500
150d7aac8d767d21064ef38557f4b9f4a59f79f1,2021-01-22 13:40:15 -0500
11ce2129c98a634b7efbf15c562297aeb6654c50,2021-01-17 16:43:21 -0500
bb73ab25c33f7f0ee1343ecbb28297e76c7a7680,2021-01-17 10:18:32 -0500
a7fea9cc0dfe78498cb9703fca1e4930aeafc685,2021-01-17 09:51:30 -0500
c6845cdd3a9d28de5ad03d4221e595fb6da8ceb7,2021-01-17 09:08:55 -0500
96d89f8159d10b83472329e3f5046ec9c63ca5fd,2021-01-16 22:14:35 -0500
ee9bbcd34619c529440fc9f2bb218ca75c62ed95,2021-01-16 14:18:19 -0500
dfceceea4a86f66f89104ce387efdc95cc894dc3,2021-01-11 12:16:43 -0500
3b45a039df61fad789def3a24e6afc59eb3e7850,2021-01-11 12:08:11 -0500
42dec0deb9f6b30921717736da6740dca553d84a,2021-01-11 12:00:09 -0500
4bab2c500b8a193c2050d19ae2dd92bd02f5f483,2021-01-11 01:27:52 -0500
1cce8c26cb621c0cd0fcae15d1c8a1059d2c7deb,2021-01-11 01:26:44 -0500
8c1ca2b8603b7e72d46d0f695b5314dce6a78762,2021-01-11 01:26:14 -0500
b0c9307c1c60086c91c108f5fbbe54ec809231f4,2021-01-11 01:24:50 -0500
ee8f3fe48940075a12567f79f2da6f8f99c67bd5,2021-01-08 11:27:36 -0500
6bf32202b88aec8892a1c3222a8b8e27035830dc,2021-01-08 09:52:01 -0500
f5dd55da1fefd41c97aaf0ddcbbcd609c8b04d77,2021-01-08 09:27:38 -0500
81115e49ac3b8faa3fae81fc4f3d29da53276634,2021-01-02 09:42:20 -0500
fdb261292318c026224ecc727ec16643a6d495a9,2021-01-02 09:35:50 -0500
5f5c63acb870f08683f7aec3f50a646da7c82b06,2021-01-02 09:32:20 -0500
e84d070887c6086cdb23b0e6d1161e6d38990a15,2021-01-02 09:31:15 -0500
54fbbed972e65e3e9e981c3bc8756a5443716508,2021-01-02 09:30:44 -0500
b0abf78e225aff46e038a17f2fbe7fe1c618744d,2021-01-02 09:30:38 -0500
843eff9a4c2787ccc4db646e688635e5f0afe49d,2021-01-02 09:29:58 -0500
0f8137ff6984e865875aa84549152c54392870b8,2021-01-02 09:29:38 -0500
c7cad027e6dd0cc95b46bf71da600ced6e7ed7d4,2021-01-02 09:29:32 -0500
bcf198795475731478f4d92195e6465bb47754d9,2021-01-02 09:28:23 -0500
9ddd9a9dde2f6714915c1c105b43d92faf66b3fa,2021-01-02 09:28:09 -0500
6cb3c8a1934b2a57909f63f2a8cf21d874008983,2020-12-31 12:07:32 -0500
d2ff68c9d019b844ca08f91d75277cc0db288a37,2020-12-31 11:26:36 -0500
7c0de120e75b8b62f6510e6d9b72a10b25bdd9dc,2020-12-31 00:34:32 -0500
49b7250005436df9035d428b15c0affcb5e00a37,2020-12-29 19:08:39 -0500
2587dc058de315ab664010dcc0159a49fd1ad91f,2020-12-29 18:48:43 -0500
f2cb1a38ee9e2cfd1ffb17abf2d1ca27c21c7249,2020-11-21 14:08:03 -0500
ffb85ec99eac4e431dddb369133b5dc91f4d8699,2020-11-21 13:50:45 -0500
86bf7e011269bc38957c20410524b1c11a74ac4a,2020-11-21 12:54:32 -0500
0de93ef2f8641903a45851c2f58303abfb66ca24,2020-11-21 12:50:53 -0500
0b72df8d9741c8a10ee9b3361c06314df341c53c,2020-11-21 12:37:28 -0500
e11f0b5f8cddd9c6996616d32ab33c0e6533041f,2020-11-21 12:30:34 -0500
9633f81fdd49b464b4c2206e16405b6045ac24fb,2020-11-21 10:34:25 -0500
aeaac81808292ca7f7d16ce8dcb64cfee158c150,2020-11-20 22:08:42 -0500
9599b57bb7e9a1e9df79ceb8e29625f4cd7523f3,2020-11-20 21:28:50 -0500
4935545522b18a96827252e6d28cf1b5774d732c,2020-11-20 18:53:36 -0500
a723678e82c46cfed968c3ff546864523e0f3720,2020-11-20 18:09:17 -0500
4b411bc96ef6e05b61ca2fe100c9c7c133fc4c3f,2020-11-20 17:56:28 -0500
4731a53b710dadfa95656df9d1adc8beb01aee8f,2020-11-20 15:25:40 -0500
d005ee4a4e3569c3d8a431f734c271c4fc1f8878,2020-11-20 12:55:25 -0500
14f8b0478e55386ca939afc99f52ed681858d35d,2020-10-31 10:44:24 -0400
44c6052d58c41ad1564016f8c9b2c22baf4597a0,2020-10-31 10:39:56 -0400
4fa25098e7daf937d2e352ba1e0c704da684eebb,2020-10-30 21:27:06 -0400
526c6c342df9a793ba9fdca04b1a48dd1d851928,2020-10-30 09:24:31 -0400
11817a41c32a7a4a8878f42477e9be543a133f71,2020-10-26 13:37:34 -0400
1b8bbda87fbf333cd96353bbfcf7bb8274ddd393,2020-10-26 13:35:30 -0400
9c7e93974938049e0769ed993b6a39b41e77cdcf,2020-10-25 14:35:00 -0400
baa65cd67dc4f0130880c46dd8e002751af3338c,2020-10-25 11:11:43 -0400
4c8a5f5ce53bf7761776c98167b797b9d327ffb4,2020-10-12 20:43:21 -0400
f1bf6519b3acc81f22b33f79a840f5c1fff71677,2020-10-12 20:43:15 -0400
d5aeb6e75cd50682f41dd2a93e5ec2ad87e832a3,2020-10-12 20:42:06 -0400
98d2da8ceb73d539ee3d3f6bc4cb2f3f92056ace,2020-10-12 20:41:42 -0400
6838f1fbfc6d39ba56c67653ca76919dc47527a7,2020-10-12 20:39:35 -0400
e0888d8afc1598a0e2b801d34023ba81ede32ee3,2020-10-12 20:24:34 -0400
1fe8029e656c7921cbbaea8a45b9368a82d69a6a,2020-10-11 11:47:27 -0400
03108732f9903793596179f54917b306bcf1bf2b,2020-10-11 10:27:03 -0400
d0e009a872a4afecb298cdd002d26d6b650a0f38,2020-10-08 14:46:00 -0400
b84a0ef5ad561e64e98f13e8b912003fda9f5469,2020-10-08 14:42:08 -0400
162cba62f35d3595344159bb7ab25049864ba1c0,2020-10-06 10:54:33 -0400
16bbe61bab6a513173ccbe351a2a3a5880570cba,2020-10-06 10:52:42 -0400
bf8825fb0f196cfd10f93757595538a72768e844,2020-10-06 10:51:58 -0400
c7eec8030e112cb2ac008abf1ea753c6cfde6158,2020-10-06 10:49:15 -0400
36a1b05f7f64b40edafb4d5fb8ccc049b6a6e548,2020-10-06 10:47:58 -0400
e1c9d7dc90eed942effbbc5fe9f03d29c89e4132,2020-10-06 10:46:47 -0400
9570fa26a403f3fe4df90a4158a4cfa971a8bbc4,2020-10-06 10:46:04 -0400
24fcdac5791152eec2707ceb4f14827c223d929f,2020-10-06 10:43:35 -0400
dd4193fe423a63191e5c263574c18978b5fd8b28,2020-10-06 10:41:09 -0400
a91a9466fd9c6e16a029972a19d7e82f442ae724,2020-09-29 08:42:05 -0400
e13ba28d77de0de461a95f286b57d4811afddc13,2020-09-28 13:44:26 -0400
ba8692bd0954d05e4a1eeb11f5efe18f8fdd2171,2020-09-24 21:21:38 -0400
26411e08f96db1b853ab00cf437331f08a193218,2020-09-19 16:04:20 -0400
17e76658d8e48ba0522897a71a876d7e4eca37f3,2020-09-19 15:43:37 -0400
cf1640dc906e5cc1b599a23ce130c6f00dcb7e16,2020-09-18 16:59:52 -0400
bc15cb565eeaf2825b3ae9f7235a5680dc3f0f47,2020-09-18 16:58:51 -0400
95744ebbea5442859af869e8d7169317ef4592bc,2020-09-18 16:47:09 -0400
0191351eddeeed91fc38c595435710d0bc1301fe,2020-09-18 16:45:33 -0400
dd735efced61e331c134627015177f095785e2ba,2020-09-18 16:42:49 -0400
34b7cdf5a8065aba904def85d4c4fa065caeb114,2020-09-18 16:39:55 -0400
b1e5a14e9110f5b1d86ba4d502ffb682e2a9cf85,2020-09-17 09:53:16 -0400
700d95708a3b20c7fca33c30f8571d11eaed9bb2,2020-09-17 09:52:15 -0400
1845dd874d7b7fc89d32149991dbe603c8539630,2020-09-17 09:50:35 -0400
98e189186f6a0a2b684911f162f0c8ec98a81c8d,2020-09-16 20:14:47 -0400
a87a9a0340cc095cfa84a907f53b9a57cd6bcae6,2020-09-16 08:48:09 -0400
828e45e662064d5148e1e9b6f7ce4dfc259b7fe6,2020-09-15 10:13:37 -0400
eaebda829fe7a008348a15428fc9ad2ee78fb9d3,2020-09-15 09:43:13 -0400
892918edd584439f8064f59bf5a8da1a6ed47ddd,2020-09-08 12:02:04 -0400
74c152b18b26b9559660623b32ee3ebda0cb0d34,2020-09-08 12:00:56 -0400
0ab147008e267c1bfa241d4c5cae2dd6e9fb2caa,2020-09-08 12:00:38 -0400
f5dfc2189b9317127cd7b6f7e0fa067367bef615,2020-09-08 11:59:33 -0400
900cc15832112fc6fe668ae01c29cab8893e11f3,2020-09-01 13:55:28 -0400
31c75d470a78f9c7e1cc9cbdd165d4180a1d2f10,2020-08-20 11:34:49 -0400
2a956ef5bd54a95afc6a68374779291e78be7d28,2020-08-20 11:25:39 -0400
110348ffa4e354455af8849dd856f84447d6a109,2020-08-20 11:24:05 -0400
0d0dfd5afd2daa93a3eda1170fa050d7d2149c18,2020-08-20 11:22:39 -0400
f9cbea242ba35a421bf25e91ae84421bf85be596,2020-08-20 11:20:49 -0400
1245639c45a229bd9325ced2e4784420ece7e50f,2020-08-10 21:13:32 -0400
89c925a4fd970afe0119e9bba6eb98b13a3a6acb,2020-08-10 11:26:56 -0400
61f1f4ee244da68872cada7b4fb228ee277f57f2,2020-08-10 11:26:08 -0400
6665b8110a2651088bfab572246f502430466306,2020-08-10 11:24:39 -0400
53dfad6518b22354f594ef5977a7839f4f09f924,2020-08-10 11:24:29 -0400
32f17b8ed2490599977aba0f23e364d87fecd3ec,2020-08-10 11:23:39 -0400
9cf1c39bd2d21aa20be27a425e82cf6fed808fc1,2020-08-10 11:23:13 -0400
9fd87360c61af4bdfb2e83546043d65919aec960,2020-08-10 11:22:16 -0400
8203c7537bb64d0feabdc3dcf4afeb37539b4242,2020-08-05 10:59:45 -0400
f14836a499392441c428d3fb2e02e6cf7d082064,2020-08-05 10:58:09 -0400
591b4dd0d0e1f56f5e77ef5df1fb9b81a58944f8,2020-08-05 10:56:52 -0400
37ac2d34ccd313f88ba823f9569fc4d10fbd2605,2020-08-05 10:55:30 -0400
ba6951e80b369bdf731f11d549f7fcc05e2af763,2020-08-05 10:22:22 -0400
05b46af6b9ad6895146d927ae125ade66528afa8,2020-08-05 09:25:40 -0400
76df1a509e209f604ecf9cc61d905b484ac74aea,2020-07-26 17:44:51 -0400
166d464d516ad2b6705f8a4c867047cfa2b3b208,2020-07-26 17:22:45 -0400
653dc9ad14772a0adab39758fc71fe40ff146353,2020-07-24 22:47:03 -0400
91ec92d5ef17d4532125f108ff1993d64545d851,2020-07-24 09:30:40 -0400
f65e54641058fe11c516435b1315be3b1a114c31,2020-07-24 09:28:48 -0400
f4751794e4b9aa38ca6d109ddca157d5d4a48fbd,2020-07-24 09:28:01 -0400
302807b456e42d5d9e14879745227b788ec41606,2020-07-24 09:23:58 -0400
623466ba76c6f1f2423d9e5601c9ff96cdd68329,2020-07-23 16:46:58 -0400
78fd48ee2557a919e396a5e24255a2c29b4797f3,2020-07-23 16:46:49 -0400
3bdef9de4c07b113b486da026e1b5f53535793f9,2020-07-23 16:46:06 -0400
ef50c7c8dbe3302b1abfb842728d42e1bb500afb,2020-07-23 16:44:58 -0400
403a9441c0d3f05441a0ff36ddffaecf22c51309,2020-07-23 16:44:20 -0400
7cbbba1778a9941d8b568be4065b9fc934df548e,2020-07-23 15:26:31 -0400
f6aee8a004758ea7c4abf72574e164b7b02955bd,2020-07-23 15:25:12 -0400
7308e386512b783252e6ced7ad3a4f948f23a04a,2020-07-23 15:24:48 -0400
d15eaa64ad5a2eae8ff3add1ad0b9df4d90ee303,2020-07-23 11:24:48 -0400
879cf575d0f4805a545a5580f7c4a642315274a5,2020-07-22 10:27:49 -0400
d460f1a92f71e81377647a0d4285efcaa51be2f6,2020-07-22 10:16:18 -0400
17b15adc70f9c548cb40d8c4ecd1c0ff770dbe96,2020-07-16 12:38:58 -0400
468f5ce0ab64a3b1b72c82e375a81b05c162674d,2020-07-15 10:57:06 -0400
535f99112a86639f4e08c5a82a33cefda522baef,2020-07-15 10:56:16 -0400
4c59baf1ca3a5e585662509d0ff39aee041982fe,2020-06-17 11:07:18 -0400
33d08b0f2bea417acf872ab6df9fdd1fb3dad28a,2020-05-31 12:50:21 -0400
07a563f02be3f0d6ee24b32858e2130f897edba9,2020-05-31 12:08:33 -0400
e67b678dde748e82c9abf0ec9480b647a9dd3703,2020-05-30 10:57:41 -0400
ee366fa280e282a2cf3241f0b0bbb90bf6518280,2020-05-28 15:30:39 -0400
a73ee623e2b15f42f285733a755463b79dfbac5c,2020-05-24 16:55:47 -0400
41fe67e6bb0ca91e0a9107baa4c8021384f0d27f,2020-04-27 14:44:09 -0400
3b8f9a357375a42390869510878540f5121cddec,2020-04-27 10:01:18 -0400
bb3862d70dc73c050475cda53b55867cfc4b51aa,2020-04-27 09:50:22 -0400
2a20bf267662b709958c3d3c77ad8c16ce3312b9,2020-04-27 09:45:24 -0400
283be499c8c0fee4a8ee85dd30105ff2178d8653,2020-04-27 09:16:49 -0400
dd3fd7827d4cb29c67a0c9e8d1825f5fb76080f7,2020-04-15 09:35:43 -0400
eb2a720ffe3d3fc278b759eeca9c644df4314c57,2020-03-27 14:06:20 -0400
f51c110725bdfcd29b20ba20412a75cd8fa0ae69,2020-03-11 21:50:31 -0400
4d5e94c0c88ae0e3591ea6b95c3fc3c166ef311d,2020-03-10 21:49:32 -0400
03baa3bfbe123972da39c23e52fcd2d458e805fc,2020-03-09 09:05:56 -0400
e15b662e0d5aea89bd7dbafe8b5750c97995ea14,2020-03-09 09:05:12 -0400
6bb7c21c14849169415b2afdfb2d2057bc2adb08,2020-03-07 14:39:09 -0500
5b4c971bd83c4e06b9f166e029ae84d67d559389,2020-03-07 14:29:54 -0500
96b71d513fd15584af4e521597582d81a5725c6a,2020-03-07 14:26:38 -0500
ec554433d6ef0465e990b7a4322b035ce665b2b1,2020-03-07 14:17:19 -0500
d9eaf98638031e7de27582c41d80a85f2297fcfc,2020-03-07 14:10:15 -0500
737c0a7124ddd96bf1703f7a1d56be5996b4bbb7,2020-03-06 21:34:48 +0100
7cc0e7af3bfe73135dafb3b9bbc035e50a9dc37d,2020-03-06 11:33:29 -0500
f5ad44e229cf79b1ffc860a539a843bb8e86bcbf,2020-03-06 11:22:36 -0500
aa71fce891154e2d3d0268f82683e91161dcae09,2020-03-06 11:17:40 -0500
97b7d9ea32f00304772bc27e18f4134a81df5802,2020-03-06 11:14:38 -0500
91106a7e31dbae77b1c1486dffd2dcf19000fa2f,2020-03-06 11:11:44 -0500
add7375cf37fd316d4838c6c56b054fc293b4641,2020-03-04 21:33:22 +0100
342f3b3be52bbbb188ad2fe81bb19ad688012123,2020-01-11 15:55:23 -0500
fa78bad277e25abdc979121608eda2f539c8b647,2020-01-10 16:16:44 -0500
d87e66e42f1aed6262a02981da2aa2d0efbe402a,2020-01-10 13:37:43 -0500
096bf269121edd0d2db5c05c829c62a60481edf9,2019-12-28 20:04:09 -0500
5e34fc06ce6bafa33be8f3eb2770a286ce8c7d8e,2019-12-28 20:03:47 -0500
91df9155974f841cbf1c235ad2888a9abbc0ee0b,2019-12-25 20:44:04 -0500
17f561af7fa5212490148de89f1c526814f8e349,2019-12-18 15:58:03 -0500
76849c9132dfdb0d0e9d63e9805fc77aca628ad1,2019-12-18 15:28:52 -0500
b773e0c309c5fbbe0ab4d36cd47370759589571b,2019-12-09 23:08:46 -0500
0b851caa28e1b4253b4f01c3df77f70eac8972dd,2019-12-01 15:48:59 -0500
61cca7868649e7c5739009fe453157c454ff8a29,2019-12-01 15:44:33 -0500
db6cfaac044ad3e714e12a06ddaff8bca096586e,2019-11-23 17:31:35 -0500
2b713967f68d2639c0e9f4b30181fe31d44aa220,2019-11-23 17:29:12 -0500
b004da35f2723d5845e05c0c0668414d849c2cec,2019-11-23 17:14:36 -0500
d8fdd25a00922ead530792e05e6762fd155881bb,2019-11-03 18:37:42 -0500
b9c56acbe14c7ab2bdba2a7884be7bdd39096722,2019-11-03 18:36:23 -0500
61fea43585c27f10ce94e7722dd6456a47b59a64,2019-11-03 18:32:21 -0500
3385643cdc97b180fc6bc8cf26a38b56dc98b69e,2019-11-03 18:31:03 -0500
4c9402eca4322e092ff59f855867eedbe4640462,2019-11-03 18:15:09 -0500
746821e2568246d8d7b09403f68930ab000a9592,2019-11-03 18:13:22 -0500
a76a3a65c4d2e3530c69c1fecc6e4fe6f2f221ed,2019-11-03 17:43:54 -0500
d4d39a187546c53586044e806453c9b0436b347b,2019-10-29 09:32:24 -0400
14c0de75518520d984c551278b894666822aaf1f,2019-10-17 17:28:25 -0400
936a11a7bf187cbff70bed24ef79c1cb3a5c7426,2019-10-17 14:27:12 -0400
e9942d8b0f6ba1fa25032f781cc4cfda1ed28fd4,2019-10-17 14:23:20 -0400
749e5c0d104f465dfbfbca532fdf2c481e14dd4a,2019-10-15 18:54:36 -0400
7fec69296899bc82b98e14b773e77944d3df575e,2019-09-30 11:37:50 -0400
8cdbecd1781a00b9f939ac4c9feec86692a795a1,2019-09-30 11:15:41 -0400
a17e1fabb925207a9a667bf7a0f0a22b617da010,2019-09-30 11:13:53 -0400
225ecd7d7ee11d01c8a88a8e7dc08a8018bea826,2019-09-30 11:13:43 -0400
e654529213071a178ca8803b8d83c252c1006bbe,2019-09-30 10:57:20 -0400
a758257bdac4bbb7e03c3607f835e5c8f535ef5e,2019-09-30 10:41:51 -0400
d008f8e95ca3d235691bdb644d61d9418e20ef12,2019-09-30 10:27:43 -0400
5973c0e2f15d1c354da37f46e10e80c9fbfa57ba,2019-09-26 21:54:17 -0400
37e24b352541cc5aedeec06ce2088daa80429b4e,2019-09-19 08:38:18 -0400
8e3e85bd50f7d3db9ea86eaa0e9778c8f154f0ee,2019-09-17 08:17:23 -0400
32d6be96f6b101dfd18d21d79788980ee08e5965,2019-09-13 20:54:00 -0400
8fd927abc1fe99160a44405a837200ba135e4b30,2019-09-13 20:46:46 -0400
11074667f23f689f26ab9b8e94ffa4f65fcd24cc,2019-09-13 20:43:57 -0400
7cab0cf4ec0ff69128be2f9cd3409e01299e35f8,2019-09-13 20:40:52 -0400
1089a243061dbacb9755e5a610feaf66d81d79df,2019-09-13 20:37:20 -0400
4a0e84e2cbde3c434ec769b71b8df771b7f4f3b6,2019-09-13 20:34:01 -0400
2872418aa3a25ae348e918a01c89b055153d30c0,2019-09-13 20:31:53 -0400
63bb3e88d13e6447f64bac47fcfd71b60c5a4c3e,2019-09-12 17:19:34 -0400
88c71f516ee5a3ee03e1eddd4e954d1356be6570,2019-09-12 17:11:06 -0400
d59b5612524a953c48c66fd7bbf6085f5dc3ac14,2019-09-12 17:02:39 -0400
5e007ee9a5d1f0745fb10c5659f16f129dae1e7b,2019-09-12 16:50:40 -0400
a53f995b14b5883259e51f0e856046e192129b0a,2019-09-12 16:38:33 -0400
1fc2c9c33d73ce1cfc8d3cc4cb7cc5d121ade9a8,2019-09-12 16:34:19 -0400
63386c88f07ffdbb237b84777c97916ca1746839,2019-09-12 16:20:15 -0400
a749b0a5c0f723ff66e4ed988b22d5c4246857b2,2019-09-12 16:16:54 -0400
d3c40d779168c09cacc22481c7b5b1bb69cf6c4e,2019-09-12 16:16:27 -0400
94a964deb3e24819a3c6b174fe7c0d793420bff4,2019-09-12 15:58:38 -0400
a3965076535f8673cedca093d11876eba76cac5e,2019-09-12 15:50:43 -0400
be4db737abe70be8989aa2169d27efe523cdbc18,2019-09-12 15:49:28 -0400
a2586ebdded4ff65917c303525f70d693305da17,2019-09-12 15:48:03 -0400
e1ad77b56f0cebf93ff63eb5002cdb4dc83e60cd,2019-09-12 15:45:33 -0400
6472d8410030e542cb38374379c38c0a6f1875c0,2019-09-12 15:43:15 -0400
ab299c160a55ee89054b07810549d3ddcc415969,2019-09-12 14:50:13 -0400
8b311965eb0c04508461a3e14169f79a1c065678,2019-09-12 10:52:13 -0400
3f1069f85e104f610106b58be24940a5e75b8d97,2019-09-12 10:50:26 -0400
72a29cc53d5ad99674fcefa4e3c4df7bb57e05a7,2019-09-12 10:44:31 -0400
2ec8f88aa090b3f0404b10ee1009b817977e3e21,2019-09-12 10:44:00 -0400
eaca4a3274f98a6c75b391e1791b794da68fdeef,2019-09-12 10:36:46 -0400
23d73a474f89c5461f2e0bd2f6d4cb5741e5f0ec,2019-09-12 10:33:00 -0400
043265261c086d84ba13f800ecbcbfbbdfdd3b37,2019-09-12 10:27:37 -0400
0e29fbee814514c2ea07de0168f70de03cc64fed,2019-09-12 10:23:33 -0400
0685cefcb742a8b78bc153b0f34fbd96c96c2e97,2019-09-12 10:08:04 -0400
f236248e64955c58d1af2cae2972b2278da6a304,2019-09-12 10:06:42 -0400
acfc3abaf9bb216d8d715f71218e5f1ebd102ec5,2019-09-12 09:56:14 -0400
b284d1bf8b9bfc9d12e4ba1271f4e4c83b17c351,2019-09-12 09:48:19 -0400
d86130481ef43d11489cd9b1cb5dd01f6f71d8bd,2019-09-10 23:09:07 -0400
eaa3434ece1bbde0bc0524d55b214db32f852532,2019-09-10 23:01:52 -0400
c876525fa58e757df28c905432b8ff44ec3863d7,2019-09-06 15:51:23 -0400
2f12936119328352faa21a3cc02dd2f0f727e460,2019-09-05 16:10:26 -0400
8858f93891a726ca4575f56e017389b7524d4b33,2019-09-05 16:04:44 -0400
96b3f4dd8c7621594a95c1e644efbfbafd65d499,2019-09-03 10:10:31 -0400
6b671ea0de8e3e0b1c5595fc35af331d4e133b08,2019-09-03 08:31:57 -0400
a0222b0d1f5e7dfab766c0e4340faa47e5be3597,2019-08-23 16:28:01 -0400
f0cf3dfce9a21d6510449841e0e58ddfa7aae912,2019-08-23 16:27:29 -0400
f766d101e8e2e1773c39aad70cf159421432c221,2019-08-18 08:15:59 -0700
6b2f23d223face310345747e5cb6a5cd787b53c9,2019-08-14 13:23:56 -0700
03e1def2d90850d97a68ba76d8cf82f604b5baab,2019-08-05 11:26:49 -0400
9bab62a2e6a2bffe32d2d664267c46daf5f73b68,2019-08-05 11:26:23 -0400
193140131452277d4f83ec51fb6812cd55da10ae,2019-08-05 11:23:07 -0400
af66286c84e0761ffbecea15a90c773adbd93ff7,2019-08-05 11:22:17 -0400
55d3122dc4ba3027ad461bd5d37ad30ba4fe97a0,2019-07-29 09:22:16 -0400
6bbd962475386da1597c181deadc3c4507cbd0ee,2019-07-21 16:50:11 -0400
29e616acb4ddf621b22733af9dcf2c8d842c896e,2019-07-19 10:13:21 -0400
7a93beaa3e006fd97f8bed6c4aa8189aa8fa977f,2019-07-18 09:27:19 -0400
0b90200cabcc7d3a8b42dbf656c75a1ef8c52927,2019-07-18 09:16:09 -0400
f3b9bb40aaf448e0ed84eb0ee33b4217ccbb48b5,2019-07-16 20:42:03 -0400
b455005601216a3a196e6142680d55b08620a09c,2019-07-07 10:14:14 -0400
de77ff792ddd7132e018f35bfa448a505027a6af,2019-07-06 20:41:15 -0400
2a34df18e402f1548aa15f993c2fe6074cc22bac,2019-07-04 20:27:41 -0400
8c06dd671fe2ce69ecf3ee572c14aa30aa303237,2019-07-04 20:20:51 -0400
2dffc1e31b216a4f41426874aafa6896367d7f93,2019-07-04 09:56:20 -0400
6108d46ede3c99b85bced3c65ea568f81bd1f472,2019-07-02 11:09:49 -0400
076809136106ba4abc3384391875de89a44ac519,2019-06-06 10:08:21 -0400
3d997c9626ec83a8de5b335890b1e7465cf1a847,2019-06-02 10:29:06 -0400
3155433a3218a5251e903eb34cb90b4c61cfe35e,2019-05-30 16:44:12 -0400
96720ced6f263462aaae7217392399267b1d141f,2019-05-28 23:50:13 -0400
f5daf70f5c00e585eb45813ef90aec459dc8be89,2019-05-28 08:08:57 -0400
457fa57a095dd2851165a4f36ac9dbda9bd74bd2,2019-05-27 12:13:51 -0400
ebe51bf20da4095cb309674b3f4b9c095651c658,2019-05-27 12:11:17 -0400
3ea04dd6132a78e8f494ec5dc8201d0eba39f798,2019-05-27 08:00:01 -0400
dc00a04783ea951280ba0cd8318f53e19acb707f,2019-05-23 20:58:33 -0400
78c4e894849a01b5256f13558fe06d6c598bf5e2,2019-05-23 20:57:21 -0400
f2a266ed9599723877689a959f8e002536c78cdf,2019-05-23 18:10:24 -0400
960192c84426e3836a0a578870eab464eaa7cbf9,2019-05-23 18:10:12 -0400
68e832c7c4f948436de01a3b43ca8ed213e882b5,2019-05-23 17:10:10 -0400
60b38833c29205039378c043fc3f1c10ec1cce70,2019-05-23 14:30:37 -0400
c1898cd7b5331931867b009f0c8905da57286512,2019-05-23 14:23:57 -0400
3a87e6e88a61bb41e7f08d89dd02c53665b914a5,2019-05-23 14:20:25 -0400
941905122b4d7fe2a5b934ae99618f72375ab5f0,2019-05-23 14:09:56 -0400
2b18e801cd87e4ba4ef6cebf099938df2ca5f91f,2019-05-23 09:43:01 -0400
d7ed9a855b29eff4fa55181c490add2a27268294,2019-05-23 09:25:34 -0400
1797df4c93e0fd0c648ccabebbba120cd0966023,2019-05-23 09:01:22 -0400
d62f2583ac1b2734239ab09708b1aa8e04fde6ee,2019-05-23 08:48:51 -0400
4c87423c2f5d198ac9a3da331abd604d1bc22bb4,2019-05-23 08:45:53 -0400
7aeb11a89a47b045689854f2833359e71b118896,2019-05-21 19:43:23 -0400
76abecc4ac6a6e89d58d5809247df8f3d4e03bcf,2019-05-21 17:45:18 -0400
bf7fd59cdb7867895a31cd897814da806384542e,2019-05-20 20:32:34 -0400
0f664cf065babefae2220e0e082d5827c4462883,2019-05-20 20:25:01 -0400
b5f39e0b3c5b0c03730206a0c2ef7de26bc12034,2019-05-20 20:23:01 -0400
11c939f40f3e7f794225c483cca582a5011e63d7,2019-05-20 20:20:29 -0400
75f028aee5670093ce5c5351a733d7732d19d90f,2019-05-16 14:04:53 -0400
a29202c5fe3bf40ae9023f7bf1a0851ec1d75503,2019-05-16 14:01:56 -0400
dfc2bea6b30f5eb16d6b1167e12ca676f666fa10,2019-05-16 10:04:41 -0400
f1bc85479ddd7ea256e5c5e4e9887230ad24355d,2019-04-16 09:13:31 -0400
4a55a5d072cc1c43afad25b5d05ff691229ca1ca,2019-04-14 20:25:20 -0400
486e0ab5998442aee419f1ddbb98737da75cfac5,2019-04-11 12:49:05 -0400
5ff4e26e79dad54829c21c25e444660b15b593a2,2019-04-11 12:45:58 -0400
19495e915b4fba72e624866d589e1cf6ab210f9a,2019-03-25 11:51:58 -0400
34357e075d63c3634310878636f9498847badcab,2019-03-22 15:19:13 -0400
42265e96e7f3fc0998facc890786bad18ea3014a,2019-02-28 11:23:58 -0500
330f88323c909014f50f471d40107b649969026e,2019-02-28 11:18:28 -0500
734b69b5649e569045aefa40c0a0defd93f70818,2019-02-28 11:12:25 -0500
55c4f033ab2c13bff49056403bf7a544c0c3adf7,2019-02-28 11:11:26 -0500
384ec55d1bae4710181f8a0bef7a86161c14dac0,2019-02-28 11:09:16 -0500
f04c4bfba9fa2ab7b40ab87aa83035540f9826f4,2019-02-28 11:07:32 -0500
549359eef155a32bf7e8a33510b3994cf37d5367,2019-02-28 11:05:50 -0500
6dad0c62bd0bae7a8274a90d09ddaf00deb380d6,2019-02-28 11:03:09 -0500
8db09477b55c8c2f099fbc003c7b75f7cb00305f,2019-02-28 11:00:29 -0500
17bf8fc7d293cf2c2379c3509acbcd22987b0bd7,2019-02-28 10:44:19 -0500
5b264b84670790fee8c82a258b1384bc7a989a76,2019-02-28 10:39:57 -0500
66e68416069c6d26d26cf187e876c13424424e12,2019-02-28 10:37:45 -0500
9087e4e67af043e44daac099062832940e9b3402,2019-02-28 10:37:25 -0500
e8b5ab667f37485ec11ec55a4e5c906e00b4a6c9,2019-02-28 10:34:09 -0500
f9e8b415cf9d3cf34cd911eac9d89c955fdd2785,2019-02-28 10:01:50 -0500
61732d3c65cbfae58d71e2dd55caf8760a9aa642,2018-11-15 15:08:21 +0000
6c0305e8961618d3352e38a0a0a49c70a6e3732c,2018-10-30 14:46:22 +0000
4d7f0d445d96a29739fcbeab92e28d26f791ba72,2018-10-29 21:49:10 +0000
8e2aef91d25beb4d615f83745ce3f8afb02de835,2018-10-29 11:52:28 +0000
6543cb0b6c283c0d4331dc0baee269b01db00622,2018-10-29 11:50:48 +0000
8822881bf3200be3d7b3fe215a6bb26a1aa97453,2018-10-28 14:50:06 +0000
33a318106bd9c7dd90db13d4a5f69f56830ef226,2018-10-24 01:31:57 +0000
d65373af931b274b0f4990c6516bda7f09f5a4e4,2018-10-24 01:31:35 +0000
4e4c3e5bf6fc82359f5e309a580488fee50904b6,2018-10-24 01:26:36 +0000
9478944e92bb15ecdfa00f3bda5c73d9364dadf9,2018-10-24 01:04:42 +0000
bbc291d34da85ecde1f9bce70f89a04dbd301b26,2018-10-23 20:43:23 +0000
ede4cb9b945723f10f377451b84963ae4faf5a0a,2018-10-23 16:54:43 +0000
1cab48dc046e9c1346d8c5ce9e69ca1b0e5fdb3f,2018-10-23 16:20:19 +0000
d0811118a16b919c84c82621e7692a98e2634a70,2018-10-23 15:42:21 +0000
e0d236d2002a7a5040aafc8c6a4fb21842b97c44,2018-10-23 15:09:39 +0000
b51cda7173b505cf3fdd581f938d4b8750ea2272,2018-10-23 14:46:15 +0000
a02125dbba860631cb03ea01ac68e0dd879ea55d,2018-10-23 14:27:08 +0000
c6263264ab2aebd0839d73d5d71e63a3555e3f54,2018-10-23 14:21:41 +0000
b9dfe4b6e627a4e1f841c49caea105771b587251,2018-10-21 01:14:24 +0000
6e3f3608794a7c184d7c431c51d1dee0ff03b8e8,2018-10-21 00:11:00 +0000
74bf2022376219b5f1fe4b48bed34ae41450c6b6,2018-10-17 23:38:26 +0000
355a19dad2c90e645cb8febd1d61d02d261c59ea,2018-10-17 03:27:25 +0000
287254724ea66841b932fb5f6d8cbe37b04eea81,2018-10-17 02:25:06 +0000
962128ce971b2edd3fc9e4a85b417fba01a0246e,2018-10-09 18:51:08 +0000
27ae87a59cb2f0d06ea21d4a886f3afb9a14247d,2018-10-09 18:44:18 +0000
4c55341a48427f7bc0ce30f0699c673f7e69f63d,2018-10-09 18:39:31 +0000
619aa9bff4055f51df04f5f837605785a998e9b8,2018-10-09 18:33:03 +0000
27df5e894a2133e122ca7e78c5de45d26f7210a3,2018-10-09 18:29:33 +0000
2645862ccff2183b731e7d6f1a66df6f2b04a99b,2018-10-09 16:43:53 +0000
15b5211d9e6b38e7be68c7b7881653144224eda1,2018-10-05 20:05:26 +0000
02b373073397b8e116d1e1c9289bcec3088feaa7,2018-10-05 20:05:16 +0000
f48cd4cd0668dd31f92e5fa5dcc10f7531d08249,2018-10-05 16:56:30 +0000
2fdea0d5f462d48a97aaca3b987a716ca2934f24,2018-10-05 16:15:40 +0000
fa6686b6faee872672dfa21d5e26de227a475069,2018-10-05 00:06:28 +0000
0b7369cbb67e46586e9e031c693564ce7ca583c7,2018-10-04 20:06:34 +0000
2eda4ff8be116717b05d8f390a056e51683d113d,2018-10-04 17:37:59 +0000
3751cc240688fe7f78b546338a7c71d4206b687b,2018-10-02 19:52:16 +0000
9200911bf40a2bad68477e54b0e9554e4e8556b0,2018-10-02 19:52:07 +0000
97c6c963e2045def1f19c650f638b304f6464c19,2018-09-28 16:28:34 +0000
47e13b0fa2ca7fb11e52abd429d538c3c9ab07ed,2018-09-28 16:25:25 +0000
ad56c3889328fed27f021bba3f071f676fc4ffe0,2018-09-28 15:43:43 +0000
dc565c4fc02421b58db9c0f0cb9bfe767d904216,2018-09-27 22:51:59 +0000
766f6b119d0075038c2704df4f1411e07522d65b,2018-09-27 22:37:28 +0000
5b743d5e7270fa41de8b4fd6ced0d82a6e38c38a,2018-09-27 22:32:53 +0000
e0fc7b4dc80a31bffc8c8f87a2fe4153e6cd0cfb,2018-09-27 22:30:20 +0000
64d53a62348bb18ece4383ad7d02338817680a6d,2018-09-27 22:29:59 +0000
fa5dbfaf68973a204dc09acb42909ff5bd39ff70,2018-09-27 22:24:23 +0000
d728087751d2e6f19504876d7a3f40ee7b1f4d28,2018-09-27 22:23:07 +0000
5fa1935c52f3866f0675e9fd64bd04d153b9f225,2018-09-27 22:19:37 +0000
801f4f4b10c788212d555729d5eed92ee1a02036,2018-09-27 22:17:27 +0000
788d9c34218e0aebe3932e412906d84b91f09a22,2018-09-27 22:07:28 +0000
d6d2307a9ca0ecf8c540b3bf7183de5d550ab099,2018-09-27 22:04:48 +0000
656abed01d37434d69881ca1292dee710209bf51,2018-09-27 22:04:05 +0000
110084e432a04d061d71768c23f500f283081e31,2018-09-27 22:03:35 +0000
f6dbdcf3acc3009f3ae17d607a2ac898e804395f,2018-09-27 22:01:26 +0000
9900d951d41ceb438be79b2bf1822aa6cfd1f37b,2018-09-27 22:00:50 +0000
e1f95cf67ba18b0973a1ca14bf9fa373652364f5,2018-09-27 21:57:17 +0000
c83d1cbbe638ef929c7f1978a14a59e7cf205f4f,2018-09-27 21:53:55 +0000
23abf132e666bdfae2b5f67839dc6f22449cab87,2018-09-27 21:52:36 +0000
e86a727936c0b8a89746f6e022820552bf980561,2018-09-27 21:44:43 +0000
76f12abd9d81587eda4c50e7816c75607b4b23ee,2018-09-27 21:38:47 +0000
e4b9b3fbfb1370fad556129b78034edf2f58f0f8,2018-09-27 21:31:15 +0000
50dc745767ac007ccd82893d96f63c9324b7fa7f,2018-09-27 21:28:38 +0000
774d1801e057326b61461bbc9cb479319145f811,2018-09-27 21:27:37 +0000
aa75d3aebeb30d1bb3ab0ecabd60201bfb3aaff4,2018-09-27 21:07:39 +0000
e0bc1afd7878a91fbc30e79941af8a797637ef22,2018-09-27 21:07:09 +0000
c50da916c252ab282d978da3f114b81d91ec2912,2018-09-27 21:02:57 +0000
f9dfa3fa6b9a28439f1226c202c41df9fe2e4380,2018-09-27 20:41:29 +0000
3d4233823d8b4de30ac2047c713e3b76dfdf40c0,2018-09-27 20:40:21 +0000
82cde14a4d72b13b5ff5e719f4c61b1673d643f6,2018-09-27 20:37:04 +0000
c38449afaca2d91f97e86c99f138253ec758e7ea,2018-09-27 20:23:56 +0000
3b4af1dc1218dc68cf3f2aba8bbd1f318fcd56d0,2018-09-27 20:20:04 +0000
d11f852b78e5e40421f034de2c416bade2777f0f,2018-09-27 20:16:55 +0000
881d893a2b16302d9fe4248cd83d9399dac87a8b,2018-09-27 20:13:37 +0000
9a2517c2578e0a1465f4aa96d230fc4ac76d2b72,2018-09-27 20:09:48 +0000
844b31f3bc1b8d45f8af5510a98f8099fa48f2e1,2018-09-27 20:05:20 +0000
e29492ac21649489f866237f30a38495e820297c,2018-09-27 20:03:51 +0000
a2bde0190da2e32a5925df5aae1f2c37a4498bf0,2018-09-27 19:17:02 +0000
454a82cb2ad2853544e641c8c80f5ed34bbeb1c5,2018-09-27 19:09:24 +0000
80e4a06124a712fde81bbee093ba2ddd71851c93,2018-09-27 18:43:37 +0000
a606523ee9b6715ad4d976c8a507fbff964638ed,2018-09-27 17:28:59 +0000
1061c797cd90c9096717383f13cf378444bce626,2018-09-27 17:10:30 +0000
4b7c4908277f5777b5495a83d2782ecf39306432,2018-09-27 17:09:21 +0000
543970edafd3f8e08d945612d09663060718ae94,2018-09-27 17:06:40 +0000
15b4031ba94a60f20b854e6ce2c7964d77086387,2018-09-27 17:05:37 +0000
3e438a80fc5ae21862125b13e9ada9b5c30d27cd,2018-09-27 17:04:40 +0000
7a4fc498fbe96e83af20c5d0576c42a761fe3d95,2018-09-27 16:47:20 +0000
a1e2a3f7685f37e62bed19e47b8c3f7e4c656fa3,2018-09-27 00:05:22 +0000
78e692c33d25e2da9a549235464e4b212f701263,2018-09-16 20:22:37 +0000
893a67efdf4fd2b02f5a7b1d6e3a22e10bf969cc,2018-09-16 20:22:14 +0000
cb6b1a406c6c8fa7118841a578b4c36caf7dd2ee,2018-09-05 15:29:40 +0000
6a85ac15cc0e4ef99834e68bf479c0dec545db45,2018-09-05 15:29:33 +0000
8c730205328cf080aa48cf1890c40ed16755e619,2018-08-21 14:57:16 +0000
5fba6aab196ba5e08174f237f869e84c3c4185c2,2018-08-21 14:56:40 +0000
20fed44715fcac00a168f92a475e1408e6a93d60,2018-08-13 19:59:25 +0000
b8a90ee0b92dc55fd6d70952c741b36283e95d5d,2018-08-13 19:59:11 +0000
3243ca601514ad5237c0ee8ad9718cd69724399f,2018-08-09 20:02:24 +0000
c00ec27a7ef115c66b4147e289dfbb72740262b4,2018-08-08 20:00:30 +0000
680da8cd2ee116fc66165fb9984fe751b36ff748,2018-08-04 18:41:25 +0000
87d11ef39e670393ac6baff380c3cca51324b66a,2018-08-04 16:57:54 +0000
057884e66dd856f2ca3caa61f03d88cbe7b8c52a,2018-08-04 16:34:20 +0000
20f6e3d6bb12c700366d9f009912ec56cb1383af,2018-08-04 16:30:21 +0000
f0b3a14d9f2055e980a97e6bc436b9dd64f605f7,2018-07-31 02:11:11 +0000
2c2b743634e610366c6c50e6ae5bb4af93e11282,2018-07-28 14:53:45 +0000
f5914de0fe3a4f4d88705f77693d6ad8f816c0ba,2018-07-28 14:53:40 +0000
cc98b00c15988a50b70bdff8083d5948dcd9c519,2018-07-28 14:53:33 +0000
bc9fc02ac3df6bad98f8a8a1f55aaf438ba3a014,2018-07-28 14:53:27 +0000
2a1e5626876ce7a8fb2ea1c0049d2a6024eee1cc,2018-07-28 14:53:22 +0000
930a97b1cf0009c8e4c67ea3e60560e64b115f4f,2018-07-28 14:53:15 +0000
ac114d2fc57319200607f7d88033fcb936ef5544,2018-07-28 14:53:07 +0000
bb05c55f91797501d1080ebfa0af754d6f51b864,2018-07-26 19:39:47 +0000
22d7269a06c19feb1f94539b2948e128418e4ae9,2018-07-26 19:39:40 +0000
55c4afa6abc98c0c9a728a7772c9feef0de3c512,2018-07-26 19:39:33 +0000
eb24d24b69443657def3c80e91eeba0a96460c8d,2018-07-07 16:36:12 +0000
a62135c8c5f0eb438982685f8b15ded9facdaf31,2018-07-07 16:31:38 +0000
40278aed817f53f2873366d4ad7e7260c1de57b2,2018-07-07 16:26:13 +0000
4f632fb42b89a9a4a984295c53c29902399f02b7,2018-07-07 16:22:15 +0000
2f59bc3121175cb4acce18c92a38d25ace46dd72,2018-07-07 16:18:42 +0000
b9b9eca350cc7cc159ff36dbfdcbe10c2834b186,2018-07-02 20:20:53 +0000
040c3b11a4d4e7a81292758d8854dae71eec4683,2018-06-17 16:21:15 +0000
a71932b9683e5f0fc36bdb67eee047d621e32905,2018-06-10 20:24:14 +0000
f503bad4805b3c0e6f38bb9e6c4888483807b292,2018-06-09 20:00:49 +0000
fe8f43befbdc5241d8c0c687d50114f4eb77fcef,2018-06-09 20:00:41 +0000
3df316bdb511cff31518b0f30143a033bac5e8c0,2018-05-17 20:15:24 +0000
11b374b0779e6ff3e67f0e03c940b4bac4eaab5f,2018-05-17 20:15:12 +0000
f38e17625bc7fc0f4d27e70673f1ec4f5cbe44de,2018-05-15 18:20:34 +0000
0d547db40d60ce790675ab94a66a97ee2efacff1,2018-05-10 17:26:37 +0000
5eda1d70605f3407bcae58a77f2c92266e91815c,2018-05-10 17:26:29 +0000
5303d7cdae954938e6aadc32d3e0c89a38c30463,2018-05-10 17:26:21 +0000
663521121083c36fbff550f23fa14bc74b73174b,2018-05-10 17:26:07 +0000
4073f7b0a15b6de7b760834d5acfc4c6d9d3ee3e,2018-04-12 15:52:49 +0000
31e761b1fbe4676523a87e9716eb2bf03a64cada,2018-04-11 15:42:39 +0000
861f6fc042985dcf07968f41b7a97155ef00fbb3,2018-04-11 15:42:31 +0000
bc69f94466efb770e78d1bd89a8a1bd460fc437a,2018-04-06 23:00:55 +0000
06af2ecaa5d65515972d5b67ec27cb873d266a20,2018-03-29 17:12:30 +0000
663028ff7cdf5ef713699540865a785250b3c0ae,2018-03-29 15:36:50 +0000
fd285c8985f7a7bd1e94b2561665eaf07c090d9c,2018-03-29 15:03:24 +0000
07b8b0acc21a6787dc71740d2923ba514b9ad16d,2018-03-29 14:52:13 +0000
e7e55de32052376b252362b7c09f4da4267e9be2,2018-03-29 14:43:07 +0000
0471658da03f5b01537153a72c0ffa7132709900,2018-03-29 14:34:03 +0000
e2ef69629ad0b8041582bcf03a3a48bc4f751589,2018-03-29 14:23:00 +0000
a486224a28cd082223b2681780f0158d4c2145b4,2018-03-29 14:17:51 +0000
998fb9760513dfb31370527e3ae6ad4810a957c4,2018-03-29 14:11:51 +0000
71a8f21bdb2e77ca69db50fb9654f4c5ce046f07,2018-03-29 13:52:28 +0000
4306f7bf5c072cc597156493b2f6997fa0a6013f,2018-03-29 13:46:42 +0000
488917f69da3fc754a02b1a32c37c8d93a42bb06,2018-03-28 18:22:07 +0000
be68400d3001b6ab81f1e6d2e957a45d8ee7de44,2018-03-28 18:21:55 +0000
e9a391fb2b83210b8bf07d1b86ab593b52a86e49,2018-03-24 19:57:33 +0000
02b1f0040f67e7817a2f1151360b3a7838aac870,2018-03-24 19:57:23 +0000
1d1a0e8b674736cc79cc43dc1ba6ebeed9cc4092,2018-03-18 16:01:29 +0000
742cf80acfc8eb4cf9c0f08275725b9bafde8d2a,2018-03-18 16:01:19 +0000
c591ff7478a67aee5f065e0ca93af1c4fefde36b,2018-03-17 20:49:26 +0000
21a0e874cf3d14cfcef60d20b97e4c81da581788,2018-03-17 20:49:17 +0000
c8230b04b204f90cbf916a02212f246700814ef4,2018-03-11 21:00:51 +0000
3bc576a7e41c5482dbfddefeaa99e696f34de50f,2018-03-11 21:00:43 +0000
a03197def3b910666e6014dbc501d0eed036313f,2018-02-06 20:43:12 +0000
cdcc45d345a6a1bdd93e1934d2eaaeb202a13361,2018-01-20 15:36:34 +0000
75151af924e4e162c0eba413a88f284894d5807e,2018-01-07 20:40:01 +0000
3597de16d92667eb7c73aec5efac1998eccabacb,2018-01-02 20:21:49 +0000
6fffdeffe114f022d8357ac876c9277b9ad3feb9,2018-01-02 19:59:19 +0000
b0db819eaf22c91a7cc914fa8c94f91143ececbf,2018-01-02 19:59:10 +0000
ee61bde4e14fe5d1f63e0f1b8e52011b5fb57ed1,2018-01-02 19:59:02 +0000
5a2555b72d8788462a3e62b4244a0a7f7b06dcb1,2017-12-21 04:25:06 +0000
f87653fcbc4d537b436e64d49d6a2ddce0cc11dc,2017-12-16 01:14:41 +0000
f2ef09ad67a7f6f0dacd60bb1e6af8be8e9761ed,2017-12-16 01:05:37 +0000
80f99f073ae80d89f3b80d745da18e4592564c41,2017-12-16 00:57:05 +0000
116e2c643d59c44840a869768a56a8ff95a5da5c,2017-12-16 00:45:47 +0000
9fdc448b893db4e9fba68e5aa89cd52c06611e2c,2017-12-16 00:43:28 +0000
95b0f708bab9309718247767f66ed685332b3311,2017-12-16 00:41:46 +0000
b88bf566cd71b0e297bd5fc90f7ea36eb2c932db,2017-12-16 00:38:45 +0000
be81c42ecd23815fed54e802c2a442c140e8c5a6,2017-12-16 00:34:34 +0000
a56ce4f20db01c3de9faabc5ee10db19113e83cd,2017-11-11 15:20:14 +0000
69e28b6ec8115f189e894066b822537169512964,2017-11-11 15:20:05 +0000
c2fc242bff7affc78c8aea30afb27d3b671f75fc,2017-10-13 15:23:19 +0000
ddd60019d95da247f42b5fa006f7a1c7fdf16bf3,2017-10-13 15:15:13 +0000
b648914aac3df1b6f688b27e474dfed6eee1fa07,2017-10-12 20:09:19 +0000
13f5ba1a0f732a58c6d03fd55cbe19b93bbdb57f,2017-10-12 19:47:43 +0000
cd3045e30d42220556013dcb83075f113faff096,2017-10-08 19:41:51 +0000
228f69b8bb63995e5a0df4660b8ecada6fd3d5f2,2017-10-08 14:30:38 +0000
312eea234e73c94e47eabe7286bdff247dc7ca59,2017-10-08 12:14:14 +0000
a14726e0deddcd135805be32060fda8d19253d7b,2017-10-08 11:52:41 +0000
a937c99c0682e9b5d3d49aca128f7454e3bdbcd1,2017-10-08 11:52:32 +0000
945c173a1e2770a6368b681a18d70b2a98751144,2017-10-08 11:52:24 +0000
a1bab9b28d28fdac606b13dd00f617604e40ff10,2017-10-08 11:52:13 +0000
d555a1c645382d0ce9e2219f6827f8a69fba74ad,2017-10-05 20:21:21 +0000
0c8683fd1dc970db3ebc3f4c412f1f8367d45507,2017-10-05 20:21:14 +0000
19de643c8839c174e19851de1e4a64dd86b8d266,2017-10-05 20:21:05 +0000
feb962488d8fbb628958cac1a754503591c4eac8,2017-08-31 17:51:48 +0000
0635f7f27ec605303b7f25182e091777d38c7955,2017-08-31 17:51:39 +0000
8fda5569b24cd3f5ea30fcd68b8459bcd03733b9,2017-08-31 16:03:13 +0000
4930140ec6fdceb7e15d31afa45243dee7d1e217,2017-08-31 16:03:06 +0000
e9dcc716af5014485846d28e174164c2a3720c15,2017-08-30 09:56:37 +0000
d9c5dd7ec5b991b94c32e47a8d325c69bdebf5ad,2017-08-06 19:22:44 +0000
cf7b8010a00acfae20666bc9a8bba240a6e7c782,2017-08-01 16:22:00 +0000
3644942d2fa6445b6a24b2123fb812d50611915d,2017-06-26 20:21:16 +0000
b23300b30326a694224d58a0278a212f512a86be,2017-06-26 20:21:05 +0000
9bc5305d95fe4b56ea4b4aa7443a40bd716049fd,2017-06-26 20:20:56 +0000
717800fc588389b143b5c8ac20a0289a9217715d,2017-06-22 21:54:37 +0000
ff9c1a7f94acf96a97c8b9c2199d3b823c0fb5da,2017-06-22 21:48:15 +0000
10ba8b0551c4b766064ff42a047610e13d219773,2017-06-22 21:31:40 +0000
7def88bf76487463b1b4f48770dab136e9191ef5,2017-06-22 21:26:05 +0000
64c476af554cced00a1bf9e819c48331e5817f1f,2017-06-22 21:22:58 +0000
053c945c6287f8e0f48ac633928e41b8d22b39ef,2017-06-22 21:11:04 +0000
b78ff858883341e1a64bb3b9cf509aac27d639ba,2017-06-22 20:43:08 +0000
84737c21f789f1da4650d1f8231ffc12c3115460,2017-06-22 20:38:35 +0000
5ae3f36a182936709022061917ebc6e040613bae,2017-06-22 20:37:44 +0000
30cf16572d6a491d164b604bfb1fc7dcf9197d82,2017-06-22 20:37:25 +0000
5c8340d715e60c87154c4cca085dbc6eba6644c4,2017-06-22 17:40:53 +0000
10e27180d7138b895d8ed6ca47abdd752e132083,2017-06-21 20:01:13 +0000
b24c25d64c52243ee92e34a886c5e4d041c20595,2017-06-21 20:01:07 +0000
bb17cd79c44c4462e2f3a2ed91dc44fc8bd3ef77,2017-06-21 20:01:00 +0000
f9d80e5b2960b3cb4f9fcb25b106eeda3a0c1f9e,2017-06-21 20:00:51 +0000
2522714052507ad525f01d6f95184476a7adb756,2017-06-21 20:00:43 +0000
e532c2a634be7155b8850332a4b637107ed4e2f1,2017-06-21 20:00:35 +0000
09e2fe28c098908ab80bdfc68f5e971d70c7ddaa,2017-06-21 20:00:25 +0000
f7a97bf0031ed93fe62820f52f709b5c0c77a35f,2017-05-28 00:24:16 +0000
4824774675ec1a2c9e7b1469dd93a6bd09854210,2017-04-27 06:33:08 +0000
6bb1b9a7bcf9d4d1aa0f4c12bb0cbb4cf4e2cc71,2017-04-27 06:30:24 +0000
39f6f7fd6333da2b983f7d9001a7a51f31fa9434,2017-04-27 06:23:04 +0000
771841e493ddd9839a4c029db6b217fe19968148,2017-04-26 00:14:34 +0000
71897982cb6df5b8217ec1526341ebd41cd44f9d,2017-04-24 22:12:25 +0000
389bd1618d63589f4e97105b5e90d4a807562447,2017-04-20 16:04:23 +0000
8196ab509d705c6ecd5e13b3e7f3e9768fd33242,2017-04-20 16:03:54 +0000
055cbd0d42dfec901c7b2532f7a71f937b1d4756,2017-04-20 03:17:59 +0000
79a4b2953ce279a4ba2ab4800676007c7f9533f3,2017-04-10 21:56:46 +0000
e385c4300793b60f482d8c16bae2ef99b08b6718,2017-04-10 21:49:43 +0000
78b8d323635b47f68a93da04f04d221f3412d9e0,2017-04-10 05:49:53 +0000
ef8eb3d269274d2e6e4915875d027ada1efa0470,2017-04-10 05:48:43 +0000
002e4de0d68ffab9af339283f02659472a1febe7,2017-04-10 05:47:15 +0000
d366597e5a9b5f43f24ae064c756efd60a82464d,2017-04-10 05:41:45 +0000
4dc0eb63d1e8d5e0c34dc1e81bb7e7df40424584,2017-04-10 03:39:17 +0000
141ca927e5ae8410890d14d108694011e9c2044b,2017-04-07 17:59:15 +0000
6eed45b023ff3c609ef423f28fc87b42d0614f79,2017-04-07 17:58:35 +0000
4ec3674e06fd98a10de28be7ba6c6036e64116fe,2017-04-07 17:57:48 +0000
79f997c1d6976f5327cbe5e80676a65245d961ac,2017-04-07 17:55:14 +0000
6215969d2a1f8d95667c208af868758c8636c234,2017-04-07 06:04:19 +0000
c0644b67eb771387d4052b45ac487ac7244bdfaa,2017-04-05 20:33:36 +0000
825419f9128cb7bd01ca31b0179bff96bf1a5ce5,2017-04-05 03:52:45 +0000
a04afd1f20290d0097b1ed9ef2a4f476e0b79ac0,2017-04-05 03:44:47 +0000
3a691849df12553680d6c37e94c718c7bc979448,2017-03-08 20:34:38 +0000
8309cfcc1a5abf48ddbee03436c0fd4f15ec4945,2017-03-07 21:05:35 +0000
5418638f92577ba6b22c35f9ee6a981b06eb5957,2017-03-07 21:00:36 +0000
76f63549524946005a34ff3eab3c30ae2a505e50,2017-03-07 20:59:38 +0000
fe183744bf259b2a70fe601a19f572b39f408060,2017-03-01 20:59:00 +0000
3791b9e31a48899a3aa8a317982bf1dc27a11662,2017-03-01 20:58:32 +0000
50eb275e703548f6e2544a726fadfb47529231ef,2017-02-09 16:25:32 +0000
be0a96d99fee8dd24c1780db0034cf20c176d610,2017-02-08 19:29:52 +0000
3fbf01d55ad80b90653ecdfca402f7ce1227c32d,2017-02-08 19:18:14 +0000
2ba48e9d6456ed72d7b324f4e24d76779ad70838,2017-02-05 13:36:50 +0000
406340b8e2093e825cc2839c6187e281cd6fed2b,2017-02-05 13:33:42 +0000
474a6d368aa5ee14249ce3a497af5deefd46a7c2,2017-02-05 13:30:15 +0000
e6009d846a5f4c5e66daa7926014b38b4c97d3e1,2017-02-05 13:28:01 +0000
dd0e79e8627f701f43dd6d266aea433f8348aa92,2017-02-05 13:18:32 +0000
171c905607da2590b7de60274a3a52ed75045dba,2017-02-05 13:16:46 +0000
a0ec05d7b780cfc01448301d57829e0dcbebac73,2017-02-05 13:16:08 +0000
eb161d11243cd1aacf146ae4d2adbe5fd370cd92,2017-02-05 12:48:23 +0000
98ae727a34e9460ef625bc072cbbd7f2b0471127,2017-01-21 20:23:33 +0000
6c8654a071cceab767bc7d9c2dba589209c75dbd,2017-01-21 20:23:11 +0000
96594ccd8805f150ea29596db8b5993f0e491f78,2017-01-21 20:22:44 +0000
8c3a9eacc52d8908130a29ea7675514decdecb2c,2017-01-21 20:21:41 +0000
6fe0136334d6466d17d01ee17e18f0be7c200231,2016-12-23 20:10:04 +0000
d7437c79bbeba415523c52488019cca0f5cbb7cd,2016-12-23 20:09:35 +0000
b3bb5648e1c7b47f33a1e06e5cc4dc2b8a2e67a2,2016-12-22 21:06:33 +0000
f21a3793d06495214fcc46c081ae0c663c272ae3,2016-12-22 21:03:57 +0000
42398893d7abfb2f2cee169465e2777eb698ae9a,2016-12-01 20:56:59 +0000
33469fe1be59affd9b4a7a9562dd1ff4862323e1,2016-12-01 20:56:25 +0000
a23dfda185b8414033aa2350c75fcd56a0911728,2016-12-01 20:54:45 +0000
a3e6680f935a0b6533563c0b58d41a217996aa93,2016-12-01 20:53:13 +0000
d8575412eb50c8758f64e9bb37363c974a0a36ac,2016-12-01 20:51:46 +0000
59877a43eb049806818386dedb072ffbcf694964,2016-11-30 20:53:03 +0000
9720cbf8b2b6595f79e08f2964c53e47c96324f4,2016-11-30 20:52:24 +0000
ae12e7318d56ccbb5273218b0ff8cd00c8ee51fd,2016-11-29 21:02:33 +0000
d407702e4a646e01ad81684afc9cc0c66551ea95,2016-11-29 21:01:57 +0000
51c848d04590dbe3b6355763c86302a61f31c3e4,2016-11-29 21:01:12 +0000
b0739e8c96625a7a8105e4c1262012184efddec0,2016-11-16 23:53:08 +0000
42956360e42e805d390a0d31ee031db029937bfa,2016-10-16 15:13:43 +0000
f8028c6ab2e29fb49f41b0b439fc78d9b46ed526,2016-10-16 15:12:41 +0000
e498bda4b550707acc8352bc65ab75a30ef88ba4,2016-10-07 20:01:10 +0000
a3fec41476ade3604519145f929e68a6cbef21ff,2016-10-07 20:00:41 +0000
859829da3fd4da1effcbdc3224ed383bd8ac515a,2016-10-06 19:53:05 +0000
3623d0b6a5dec35536c58762aaf1cf1a7505a209,2016-10-06 19:52:41 +0000
1c543973e93f01249a7e879cdc3f30c604895462,2016-10-06 19:52:14 +0000
ddacae3a48c04abfa200a3419f1dc19355a6ebe1,2016-10-06 19:51:28 +0000
6344ce7cc648c06a7f170aa1bbb17a1a790a54dc,2016-08-26 16:42:03 +0000
2e9734b128f1bee856bc73a5dea7e106c04442d3,2016-08-26 16:41:38 +0000
2062535c08d5552fe8685b418486c28d599d51cf,2016-08-21 19:46:19 +0000
9fb4ad80fd040935b117ccbafb2c286cf9a93544,2016-08-20 14:54:09 +0000
d14b48407146d7fc8159978f80dc37daa8ccee15,2016-08-20 14:53:42 +0000
53f9e5a9186f5d82979593d2648fcf3e70efe536,2016-08-20 14:53:18 +0000
6b70cd165d2d391115b24ff27a2e255349b88242,2016-08-12 17:23:24 +0000
982ebe93d85572f9eae20e053dd499e020fa5900,2016-08-07 14:09:55 +0000
561ed068f2f5c291e4a2472ed8140a247e169500,2016-08-01 09:01:32 +0000
afbaa957d94c850294a7e8e20249c18dc92f87b4,2016-07-28 06:56:05 +0000
6485eb72383b98949f7b943f036a6d27e965661c,2016-07-24 19:44:48 +0000
dbe87b57691f4005587a23b27db93f62c2bfb4e3,2016-07-24 14:57:58 +0000
bd09c878d8f631503573d6a00777c134bd5f1552,2016-07-24 14:57:34 +0000
849306df76a4357ba4da19f3bda104bdedf50723,2016-07-24 14:56:54 +0000
b3c7c41b0f8e218667aaa3ea547c56f2c6ce59e2,2016-07-24 14:56:28 +0000
0e1332c0fbc630c9f34ec7ee6f94e8c29d73eaeb,2016-07-12 19:06:40 +0000
57753e16dabfb23c415610dd37907b809b267c5e,2016-07-12 19:05:27 +0000
db9e5beada39ed968d166ded6d9b0cb89c4bf5c4,2016-07-12 19:04:30 +0000
e7294a6dc99ed5f2c438c71641dca4fdbfb77bbd,2016-07-10 20:05:48 +0000
05077ebc87ff764cfbec2be39fefdab7a149eeb8,2016-07-10 20:05:22 +0000
19abbba0d95840158ed7804c29a0acbe36dc6249,2016-07-01 17:07:23 +0000
f65eeb6335b384a26e5aa47186ab94f9305b1265,2016-07-01 17:06:37 +0000
4b01de88b979dee9a8ba3200cf489edb79b3c71d,2016-07-01 17:06:13 +0000
7064987a4dd476bdd21040b1cf660a8cfad92eb2,2016-07-01 17:05:47 +0000
404f5ed2b8d1da8fe2218ade19eb134f2c4ff0c0,2016-06-25 15:39:09 +0000
2ccca975ded63aacaf532065632b15fc01750f68,2016-06-24 15:49:36 +0000
5544b5af78ba07308f17e37915c2c919bb143870,2016-06-24 15:49:12 +0000
628813c02504c14a2033785d300c5e22ac573fb9,2016-06-23 05:19:27 +0000
0cb26ac6a67c0b72fe7c1e031792b9b23c9deacb,2016-06-22 22:06:29 +0000
3cc0a5daa0e09ca930974c00d8c1e98158ce48dd,2016-06-22 22:05:46 +0000
7344ddb46c70f689b45a0c31eebfc38d4c89c24c,2016-05-26 19:53:46 +0000
bea5ca1141531a4c2c14c4059ebfcf0b00862d42,2016-05-26 19:53:21 +0000
67407f284b52a672fc49db793f10e55cae20b90d,2016-05-26 19:12:33 +0000
edbe77e5df961c4f6e9cdcdfe00edc72481f7f49,2016-05-22 14:12:11 +0000
436ea0676ccf12166bf3f8d0f3169614eae0fa56,2016-05-21 19:36:11 +0000
b1d7b38a1d9e6669841b2d3ef2e844f8b89763c4,2016-05-21 15:21:51 +0000
d042d3592e7be9e7c0f9ebb0f1ac8f12db6419ee,2016-05-21 15:21:26 +0000
1761c73c6c3162affccc9879eec0d8af6ce27149,2016-05-21 15:20:46 +0000
f3a8208d7c69dca84bb2e9e7126831f83af3b1e9,2016-05-21 15:20:02 +0000
b29dcd586fcec75fc6cdaebc8013bbd95878d3c7,2016-05-19 03:05:10 +0000
85eaaf74477a0518f9c13702e0d390e535ac4346,2016-05-15 17:52:38 +0000
40741a9de6da39b6310ea0892f2098ec26cbc38c,2016-05-15 16:58:06 +0000
447baf8149da8259cbd275b9b2bdfafbcc40ef8c,2016-05-15 16:43:10 +0000
8d34352d3ca40ccee76e1473d3e132f7bd8d4a62,2016-05-12 15:09:38 +0000
3410aed6696622cb6b7b8bec088f9a92ea55227f,2016-05-08 18:08:08 +0000
00d9578b74a107e3811c407ecc3da2bcdb166f81,2016-05-08 18:06:07 +0000
cf9cbbdae44b88a7cc982765bed085b434f4816e,2016-05-08 17:48:34 +0000
1f207424031bd81af858ffc98e64152b3ce2f22c,2016-05-07 10:01:15 +0000
e4071db6dc7c12840dc262ef05d71cd520ba29dd,2016-05-07 09:41:40 +0000
8fc74a9bd95d58aa7e69ef8b64f86063a15b2bed,2016-04-16 15:02:32 +0000
75b2d209c5ab7d1cf3aec51254fe93056aee2135,2016-04-16 15:02:02 +0000
fc534100c4e4eef54a31806b59cfc81a6674a4aa,2016-03-24 20:05:16 +0000
d377fbbdd542165094f1ef986420106af1ca98e3,2016-03-24 20:04:43 +0000
89428f16b0c580a123f69391882024ffce98ed67,2016-03-20 20:47:23 +0000
be89269d8ca31e38c20bbc5038ded2a21472463d,2016-03-20 20:46:13 +0000
f2b1e491864325d89ed93c2c3270fa5df7c52894,2016-03-20 20:45:45 +0000
2816b5dfc792713aa793d7ba5e5d28ffb77a979a,2016-03-20 20:45:26 +0000
6b9fba77a48a0e7e8c8101be0c77448335fd2cac,2016-03-20 18:41:31 +0000
f0bc5b8fc20384c92b0800f76d8c417cdeaf3751,2016-03-20 18:41:13 +0000
60e0cbe87ad7038de3e47a954b301a00154b4ada,2016-03-20 18:40:47 +0000
09350716e2058aea0efc8da944584ec58b86a0f0,2016-03-19 15:16:39 +0000
482e8b98b379822d3e86b2de32735574ff38a616,2016-03-19 15:16:22 +0000
3fcb86a6e54cc608e03ae96bb54027c6f9cae2df,2016-03-19 15:15:54 +0000
3cee85bcbbd69253d86e1d94f8354909112b2c9c,2016-03-19 15:15:36 +0000
a3a70b4a9eb911f96388fbe4abff06657ed14b26,2016-03-19 15:15:10 +0000
1d22e7a1ad1b2e6cf162476674de1e8f5d4081df,2016-03-04 21:13:46 +0000
53434293b89633bba4b5731334dad1c94e58d803,2016-03-04 21:13:22 +0000
7856de78840d401c06f510b62c45746c78ea7f11,2016-02-14 21:12:42 +0000
efccb8e6ce576e730cd2cd2e72f6108c6f211449,2016-02-14 19:05:46 +0000
1e7e2b8cb2d5d8c2f4cce5535fbfd80d1147ba88,2016-02-14 19:05:29 +0000
df285b05e8c988ac20f685c7600c6e9469c6dcf1,2016-02-14 19:05:12 +0000
b5caa8e8c8821dd30bd3c95c62ed0a5ea14acb88,2016-02-14 19:04:31 +0000
fe7d944731edd714f7d37daefd6eea2f0a3dca20,2016-02-14 19:03:55 +0000
7f85fc5b987d69391d8530a2ecbfade130e9f55b,2016-02-14 19:03:20 +0000
cceda0d8eea21145c4ecaec7d69538e3bb08c177,2016-02-14 19:02:43 +0000
fefac9e889da2e7a01e88f9403035c647920c7c7,2016-02-14 19:02:07 +0000
36d421a57dafb2e8594792d0d3dd3ed37081ebff,2016-02-14 19:01:35 +0000
cff3fa5afcd61b7fee6f99cc8b1698ee39b3a2a3,2016-02-14 19:00:56 +0000
ef143df014ca39660005335d94e99120b343c06e,2016-02-14 19:00:28 +0000
8f98b4fcf487b264e02f9bfd09ce90feb22f82d7,2016-02-14 18:59:53 +0000
04c1bce1f91ff97aad65d353ed92fbeffbc061fd,2016-02-07 18:14:26 +0000
2d247017bcfba1d2565fe286b049cae5f2e6c950,2016-02-07 18:13:58 +0000
280347f1370951855f46ea58efc936836ea82e7a,2016-01-24 20:55:11 +0000
20aa1be7d78ef0d3bd0b42b1b596b2815b1560ac,2016-01-24 20:54:41 +0000
9712293bdafda3927b73e832d04ba8641946745e,2016-01-24 20:53:40 +0000
1fd040cef10b18a68c118464809502446f34603d,2016-01-24 20:52:41 +0000
26b125ccb96dff209fa84688042bf9b72565e15a,2016-01-19 06:20:07 +0000
50b8915841fc64be935a12a4f0a287bedeff1230,2015-12-09 17:32:04 +0000
788be0d8dc0f034cf5d761e7c2476b9a426d3c80,2015-12-06 18:37:51 +0000
7255dac1acff5ce88359ca340dde63d8fe167bcd,2015-12-06 18:37:25 +0000
41b8bfe30c56f7ac429a96731735a909b551b551,2015-12-06 18:36:52 +0000
c53b31eedc0623cfcfb2e326d4bdb961e7d1ea5c,2015-12-03 07:11:03 +0000
343eda5303da05e0782881f7112ac1642b52c6bf,2015-11-30 20:45:50 +0000
fad3eb294e57e45d2f31bb4d9c84a2073ef4cdd2,2015-11-30 20:32:41 +0000
d8e6dd32fcbaa9d39cd85042d11a8d772c6301f7,2015-11-30 20:32:15 +0000
0dca9e48860bcd3d3e4ba603838257ebecc41b2d,2015-11-19 21:30:18 +0000
719467d4d6265cb4ea41578d3c29806803fb903b,2015-11-19 21:29:46 +0000
ac0f393e4e9686a46e9b5adc8402ccff1b6b2420,2015-11-19 21:29:11 +0000
7faf03d28d12568afe44eb8a2ab981758a0a2897,2015-11-19 21:28:23 +0000
af228dff05d74103cd1667f30d892a9d0d0a93e0,2015-11-19 21:27:34 +0000
45ed315416acf549a1d0caac1ee14ee0b99f62ac,2015-11-14 15:53:56 +0000
003e712952fb081b7eaf1ea8579a20f7a6785069,2015-10-22 19:48:29 +0000
d277ba88ab4bd34e19609b21c2494b1fdcd680bc,2015-10-22 19:47:53 +0000
11ffbb9a156266551aa7e2d7ed1569c4a0700811,2015-10-22 19:47:19 +0000
76b15a177b49fd32aeda89bea24090f79d03375a,2015-10-22 19:46:46 +0000
07a18aea27165309f0e7c2c3cbfe3c328af52098,2015-10-22 19:46:07 +0000
4d9a5876938afc1b6e882bd4c340f433d25703c7,2015-10-22 19:45:13 +0000
2c85d5a6660c901b56652db7c4c7cb57a751d2ea,2015-10-05 20:01:58 +0000
52f6e7f2eec773f8fd94808d3e9bbae105cd439f,2015-10-05 20:01:32 +0000
8dddebf1cb559cf97c40b4f8f6da5e69bca9d963,2015-09-01 14:24:32 +0000
be9e92bc4439a6e0cc85365709370dbadbdb6180,2015-09-01 14:24:09 +0000
5062de5b7ea98b0b1b3a59d98d0099f1b93a9bb4,2015-09-01 14:23:29 +0000
4bbdb3b88c5f833dea35d6e611e66e43772f21e4,2015-09-01 14:23:04 +0000
999803b99c93292829194e2cdf5339594227cac7,2015-08-03 19:41:27 +0000
6b873e468b5cae08c073f7d7816912a78db40550,2015-07-25 18:53:11 +0000
764a02b8d743dc3ca1a8e70ad79f09d6dd7b3a1a,2015-07-13 20:18:49 +0000
e148346fb50e40cf4e0ba7c2b95603aeda740c29,2015-07-13 20:18:21 +0000
90e8706125cf00c2924357d7c9f58b56c9187d33,2015-06-30 09:53:30 +0000
43e729f1d275ae738b600944ba53ca75529643bd,2015-06-20 18:48:15 +0000
9ab0ebc93825d31f038dfce6fff62f80d8b2b22b,2015-06-20 18:47:58 +0000
aeea15121e2b7408719115b451e7a28a7f57fd5b,2015-06-19 15:51:32 +0000
620a30da02016e54a36e73c3178ce8ed4df494dd,2015-06-17 19:41:14 +0000
209fbf617e2d25c8804761831c193e37dc7f098b,2015-06-14 18:53:57 +0000
bb888c9fe658940fd0f4d0c02d06a279bdf74304,2015-06-14 18:53:33 +0000
6f3adaa2d68a11518c2145b93480c3ac6e07c7a3,2015-06-14 18:53:03 +0000
d4c4332c6b47fb1b8ac835c67970853153a3e8a4,2015-06-14 18:52:47 +0000
0774a8a0aca68bc29ca5232cba9a962640ef853a,2015-06-14 18:52:31 +0000
f4bf09af5f16697720f6e85989fd96afceaea01d,2015-06-14 18:52:14 +0000
4464a03dccdaeae55b600a8afeb36d2faa714a9d,2015-06-14 18:51:52 +0000
1f4c9d9108807e195749649ce8376e1ff556590f,2015-06-03 20:19:47 +0000
eed6cf6ba3ae22a8c9a1628b0fc6019e62a7e2fd,2015-06-03 20:19:33 +0000
01bfe7da04b722a1c70c1c89a612efeb00091cd2,2015-06-03 20:19:16 +0000
3b1e5c4a12845f33aa4f1caeb97a8c2599be3d2e,2015-06-03 20:18:59 +0000
94228aeb55ee1a3391f7dcf09503e1fbed9c9d4b,2015-05-25 18:03:32 +0000
0516bc683eff01ab32a09f7b6dab57bc5725579c,2015-05-16 17:51:34 +0000
75003586ef072357ae90ad8e921307b711b04b91,2015-05-16 17:51:13 +0000
01369f743585ab02231d06a47b1387a89bc36c2d,2015-05-16 17:49:56 +0000
89615e5f18ef058773255e47a6fd5ac3f6f59a12,2015-05-16 17:49:31 +0000
0cdd8c484f9a781b7ad240b7db847f610d518e0d,2015-05-16 17:49:07 +0000
de8261224a01777312856d75733e8e27b366814e,2015-05-16 17:48:43 +0000
1bed31286affda50a2b72ead85d4db80b22c04c6,2015-05-16 17:48:19 +0000
77326259a11c1441d12204aa1e246f08e69bd9f7,2015-05-16 17:47:55 +0000
282752f56bb1590c738a43f8a76262db93c2c768,2015-05-16 17:47:32 +0000
b7a7c28313dbc7077c55e4d776e16f04fb969e05,2015-05-16 17:47:09 +0000
690576fb8c0c45d0632adde067c5d36b25d94b2e,2015-05-16 17:46:45 +0000
b70af454b05b7081fea143d9e2475520a41b81c4,2015-05-16 17:46:21 +0000
4b0a1614a368e249b719b458598e733e6959b813,2015-05-16 17:45:58 +0000
252661b0cfc00c959d538b0a1874727d2726d19f,2015-05-16 17:45:33 +0000
6ceaaa3fccffa4ee32c2b2305bd429c3f280c28f,2015-05-16 17:45:10 +0000
f3b1b5659c3461dbcd5f85281953a20b65f5de03,2015-05-16 17:44:36 +0000
b591e34fb1a31e76af1d933ad76172efb911a365,2015-05-16 17:44:09 +0000
8713559815c8879987e161e304d943dd08ffac62,2015-05-16 17:43:39 +0000
dc4b1fcdf866186259e79b24f5a0a7f3a8a16489,2015-05-16 17:43:10 +0000
33e7e8756eedcd83f5127b72e12a3b015ca0c957,2015-05-16 17:42:45 +0000
32059bd6b63e22591c6180ec0d672899a88bf238,2015-05-16 17:42:17 +0000
fa3c72d21b7ada972ceec86aac462b7f10de07c8,2015-05-16 17:41:46 +0000
7bb7589191e34326a34032c0ac546211e62cdd28,2015-05-16 17:41:17 +0000
1b8bec0cb7982c1cd2144705c4359c3993c06380,2015-05-16 17:40:52 +0000
141257db7b003bc28ba9332f2d8320c51286ccac,2015-05-16 17:40:27 +0000
c589d8fd79864f8a1117110c058c355e74f514da,2015-05-16 17:40:04 +0000
815e09eacd11e34d5e78ee1846cf22b904ab4f1c,2015-05-16 17:39:41 +0000
0bd47e8ae0a984e81514b59701014991a2dda900,2015-05-16 17:39:18 +0000
99644e1f0f056958f9c3a1b1177ce289833b27c5,2015-05-16 17:38:55 +0000
529984f3e163562365edfbadafcbea57b58ebefb,2015-05-16 17:38:33 +0000
10949ac0cdad714aed6a1a2b2621ca16a4fb2ed0,2015-05-16 17:38:10 +0000
4f1d852f7fe509f14c82a147e6b13b7827ee98a9,2015-05-16 17:37:48 +0000
27ed32a7d3fd8282f395e51b4cbc916127370308,2015-05-16 17:37:25 +0000
59a7b0299b60d6af9e481c417a0bb7be58bd79b6,2015-05-16 17:37:04 +0000
0959eda1aa2856eed584f5ff1aed3cabbef99823,2015-05-16 17:36:41 +0000
90e3f942a7d4016068bf2052c193fc8320336e64,2015-05-16 17:36:19 +0000
30592bd9da60f76030a34852539ca3735bbe06dd,2015-05-16 17:35:56 +0000
38d0d5b9fbc3a620ea44ca75d6af1fc5b8c5ab66,2015-05-16 17:35:34 +0000
79c7bdb3feb7047dade46b69688c0d9c2a18c097,2015-05-16 17:35:12 +0000
fb8123c778925fd7fce210176d983f1f15b5dfea,2015-05-16 17:34:50 +0000
b818e8be136cc88f70c36f1982355ff867a7dab2,2015-05-16 17:34:27 +0000
a28b4aed14c33b4347a6da658787e4a8b1e67c82,2015-05-16 17:34:03 +0000
1cd1c09dd10a0f34b8946146830e8150a2c68c6c,2015-05-16 17:33:40 +0000
2b1671d4bb89c43b12d0fd7f3559e8d0b663c452,2015-05-16 17:33:15 +0000
6f54b5df2f260da8dfa9629a170bffea045b9f94,2015-05-16 17:32:54 +0000
29ac8c6331c9819b98e2f76a27017dd939fc4407,2015-05-10 20:24:12 +0000
dd157a51aee6f1ca5bcab03e08c1ac9854615c8d,2015-05-10 20:23:44 +0000
44de79b1ab7a21a88d6928d7a482ec43f69de8c0,2015-05-10 20:23:18 +0000
605f8233b6f2674032d929deee2afa1f6b1d8300,2015-05-10 20:22:51 +0000
0e56d20ea9718d9f74598f1f3dfeaa301f71d5e5,2015-05-10 20:22:26 +0000
ea76a05b00b46d47a28099154eb36509ecb19549,2015-05-10 20:22:01 +0000
0a0b9694379b74e49e66371104676757d159859b,2015-05-10 20:21:39 +0000
8c2acdda4b9b5d1e0cb2929f5369b511c3bb5e6c,2015-05-10 20:21:10 +0000
1da3452ab2710543161bbcee08f5c7dbcfa1e4e8,2015-05-10 20:20:38 +0000
d07ff5721890702b62fc0f327314b359f9ab2393,2015-05-10 20:20:11 +0000
d3cb4b9fcb0ed137e3d96d3e93bed54071aa4091,2015-05-10 20:19:37 +0000
f85383c4f567fdd51a99dbea14f2da0beafbd55b,2015-05-10 20:19:08 +0000
1b7dc86bc021caa391e578a81e99b089b30c341b,2015-05-10 20:18:43 +0000
9e399d4e16581a3ef32cc0ae2373128cba197a34,2015-05-10 20:18:18 +0000
b1b14eaa68572560f65781c2371ac579bcc45688,2015-05-10 20:17:53 +0000
c2d79d798c34620095ed02892f4d9162b45f95dd,2015-05-10 20:17:27 +0000
ba193d1e6b9d668849782bbbee7d0956c1776eca,2015-05-10 20:17:02 +0000
5d5e85f5ff9db8f8bc82fe0a8553855d890e031a,2015-05-10 20:16:37 +0000
a09b2760079b2752500d8077ceb832d6780cc3e0,2015-05-10 20:16:20 +0000
6f119f1cf67f01c8a4895ec2a0cc07125085d689,2015-05-10 20:15:53 +0000
76137770309d1ff3c0059d88378ef4ed55975b9c,2015-05-10 20:15:27 +0000
6dbc989762cd1d0a01c2c56c8e843d21ecd48d37,2015-05-10 20:15:01 +0000
b91505361004b229f30cd0f33d1fe7618ae7bb81,2015-05-10 20:14:36 +0000
36dad1bc2bc92930a2b8082f7c4bd9d7ef9cb108,2015-05-10 20:14:11 +0000
4ef026525bbf5784555254cc8d181d9c9ec0a1c3,2015-05-10 20:13:45 +0000
b9b966d59f5942c7e6a4b6beca34f58a8aa1da48,2015-05-10 20:13:20 +0000
8f59832d4703c759ea50521c34afbc129b6abe5b,2015-05-10 20:12:54 +0000
f776baf25bf0bf8aa1132b810f30fff0317682c5,2015-05-10 20:12:38 +0000
dbde558c4e1fed5e6366dca1169d98fc7cf4ab54,2015-05-10 20:12:13 +0000
694392ece7e84b75b05c042bbf2306b24e7f1867,2015-05-10 20:11:53 +0000
49dd2fde4339254afb866ffaa48b3f0cdb6bad2a,2015-05-10 20:11:29 +0000
d3d092e689d7543c0d22bc52122cd548669a4581,2015-05-10 20:10:59 +0000
103d2f753fdf5ebea497d1e20fe7594e54f722a0,2015-05-10 20:10:31 +0000
23e75147fb87cc95bc9e2ba7ae7177b4347a6711,2015-05-10 20:10:05 +0000
18d765cce74d0bc5abfa1d1512bece48fb906dc1,2015-05-10 20:09:39 +0000
8ae65923e3032165b0aefea5d18442901011b0a4,2015-05-10 20:09:16 +0000
1e879df46d5e93a4aa3b54968ba3252b78d4b36e,2015-05-10 20:08:48 +0000
46f6defad6eee69a7f1442fc6ae0e75e4fc60b60,2015-05-10 20:08:24 +0000
a9a1d1f779644830970bc1e290cdf6a0491a7a9f,2015-05-10 20:08:01 +0000
457104106870b1c1cf99c6b87fd9041eceb8489b,2015-05-10 20:07:37 +0000
ad08eb7ef257615742e8059b514acb2f218e1b84,2015-05-10 20:07:13 +0000
3824b5c6c63d86d3d2323cef9ddbfeb7709a268e,2015-05-10 20:06:52 +0000
274980771f17947a6378f7f456fe829e0a70dc44,2015-04-18 19:09:14 +0000
102a2dd7cf9b947100359af15f99d152998d299d,2015-04-18 19:08:59 +0000
13d0cd190180c7af98d81c9ed6457d745e2c7ae4,2015-04-18 19:08:35 +0000
0c6837581dd42a8b972be6a9b2a5c6364ec1d5d5,2015-04-18 19:08:11 +0000
9c3b1ac386c73ec6a99c84958b9ddef9e7d335b3,2015-04-18 19:07:47 +0000
eec9248006dd30d2a52e3ee47b5328399b2debc7,2015-04-18 19:07:11 +0000
4975496a3ec2c152fb48a7b681000447c784d336,2015-04-18 19:06:50 +0000
55f62e3f0a761ba60300f70285d10b038092c36f,2015-04-18 19:04:35 +0000
3af8e6e23b211cd7d564b4d32cd214987131183d,2015-04-18 19:04:12 +0000
997f50595fd7b2df1730c7d4f9a0332ae9aad9f6,2015-04-18 19:03:48 +0000
86c68c3a3f73a62e9a21d3f5cb692099d52f1fc4,2015-04-18 19:03:24 +0000
dcf38a0d2a49b6b96c557aa4475f734a6ab2dc02,2015-04-18 19:03:11 +0000
1f44ef2bec5a7ea3198e0ec0ee9616a3d84400bc,2015-04-11 20:36:41 +0000
321b6255fb626fb72e99c60f40424f20644d7586,2015-04-11 20:36:16 +0000
0f2e465e41e249e105dfb4a30242f1925988d6e3,2015-04-11 20:35:49 +0000
0a910006bd75f5198133565ab5bc5622c4a1e3aa,2015-04-11 20:35:19 +0000
3a34d53373b9f6ecb9510e063c58a277e6ce2bb2,2015-04-11 20:34:53 +0000
7212b10e611acbafd967fe281151ea3b93444e4b,2015-04-11 20:34:22 +0000
50227a7359afba0f475453a215424403b4ed54a8,2015-04-11 20:34:07 +0000
43b165b3c5e1cfb53d5f64037a3dda636f613765,2015-04-11 20:33:42 +0000
01d5fbf81c4faca84dad8f8df3ab59a286ab0944,2015-04-11 20:33:21 +0000
ad9c96e93d20162af900610a6dff60c4502b109b,2015-04-10 20:10:35 +0000
21e9b011982e28b6d2ab4dcd0f270942af75fc58,2015-04-10 20:10:18 +0000
3c9ac0c62a4370cdd5309a50393eadda9e69a0d9,2015-02-24 17:42:41 +0000
9ded033633d4c04b1a26a1145f7eec7e9ec04f9b,2014-12-20 15:35:27 +0000
24adc4dff25f59061dfe98fd01a9204cadd37603,2014-12-20 15:35:00 +0000
e0459e687c455a61e54f1befe231648e39fc2ee4,2014-12-19 20:51:36 +0000
362c72b628fd450ee7b3fb527a826e48ea3897f1,2014-12-16 20:45:11 +0000
e85463b4a0a505432afe8c8bb8e12ebcbfcdcf21,2014-12-09 21:22:41 +0000
0afadfe8e5e1e551e885d86ad8f0eed62cb281b7,2014-12-09 21:22:27 +0000
20b4dd316b34ef649c4c07d335c146376cd47e51,2014-12-09 21:22:12 +0000
fe1f1b110eb452bcfb9b3293d4f7244fc51e5826,2014-12-08 21:17:45 +0000
5465ec90e3428da4a9efbc1cd42461d593747e03,2014-12-08 21:17:33 +0000
723f592ec1958c241b346c15ff26ad2e81654c4f,2014-12-08 21:06:47 +0000
023620083e3bb96ec11254adf47ccb635c4466ae,2014-12-08 21:06:30 +0000
b7a88c79524a840d8733c6cbcd91e22a7f2f7d1b,2014-12-08 21:05:57 +0000
9d84f5ad707cc7a258d5b11ba3a0ea2615f92a13,2014-12-08 21:05:23 +0000
40ce05bcd36af111697b4421e00cab34d45c81ac,2014-12-08 21:04:49 +0000
9e28136f6f68b7e8f0dac8a8b03999af929afd01,2014-12-08 21:04:16 +0000
d2274baf423727ab95cfd07e6d8c8a20a73b49ad,2014-12-08 21:03:53 +0000
d68bef420a6d4043f9c63983541e93cd6de2d644,2014-12-08 21:03:30 +0000
6bd2ec752406b9ff8160f2f2904ed9a379054536,2014-12-08 21:02:57 +0000
0c883a3f6e449ba18b255b9560b7a2be1cb9a6a2,2014-12-08 21:02:26 +0000
303f0e2eafbffd14f3389af8b40fbde56ef38488,2014-11-26 21:22:30 +0000
0245d66f72e0645a448e2d03a7b957bcc18d919f,2014-11-26 21:22:03 +0000
3fa44b2abd64d9af0011b75e81e87e7b0e407cb4,2014-11-11 20:56:09 +0000
4ad5e031f9ad13f034745a04946c8a69f812da0c,2014-11-11 20:49:11 +0000
c06b4adc96391db296420cea75687720451bce6b,2014-11-11 20:48:47 +0000
9cd808291f752c603d3f87610cfde2f6eed86aeb,2014-11-11 20:48:16 +0000
8847d1c226cf80bd2163f4592e8068f5118e459f,2014-11-11 20:47:23 +0000
2754e2cf8a402b104c11e229234b3539bea10395,2014-11-11 20:46:30 +0000
301e60c29366209467458c4394519aaba6f430d8,2014-11-11 20:45:38 +0000
17eef65fbfd22c6a851c08f23c6e6b10cf41b559,2014-11-11 20:44:46 +0000
a6b025dc4873d164edadbbd0a2edfeace2b03258,2014-11-11 20:44:04 +0000
6a88c0046ac2c8f56edc9768013a40f9b35e0905,2014-11-01 20:59:08 +0000
2d84c19bebc3c8fa54ab3f11c58704670982de18,2014-11-01 20:52:44 +0000
fe80fffd7cbfa583d87c5f28844d8a8dedd8db00,2014-11-01 20:52:28 +0000
77d022ebf809753274bc365d657a505815441a3e,2014-11-01 20:52:07 +0000
3b610d3ab52bafca476d23ca4e58a3104ff20d85,2014-11-01 20:51:45 +0000
f329571a6754551b0a173598b707f73140fe58b0,2014-11-01 20:51:09 +0000
768964ad6f8a34151d0d9aa1a24235d2efeca901,2014-11-01 20:50:46 +0000
c7ebfba785ae7a0055b57373046b6004e5df6856,2014-11-01 20:50:22 +0000
48a42c69db4be8df22bfb14b431ee34b3c809573,2014-11-01 20:49:47 +0000
3f656057fe92c04644b19493d997e9963d5d8b07,2014-11-01 20:49:13 +0000
94ef347a55986d30dad3e2e9994392108af1bd27,2014-11-01 20:48:49 +0000
b38a7411945c7a3d9c907f23671d515bc2a510ab,2014-11-01 20:48:25 +0000
ab39c78cdbbde1a27176acc50353820540d8bf5f,2014-11-01 20:47:47 +0000
effd9c047ee58fbde47590f83549031d4f5c06fb,2014-11-01 20:47:22 +0000
12e82573cb59496b5f0d3b51ec21e6062cd89e77,2014-10-29 20:19:57 +0000
cc3c0a92368f8976ec3f611bd36184c37f14c15a,2014-10-29 20:19:37 +0000
9a8e5636d57c3d8813b962d0d7b5884e7760d3d3,2014-10-15 18:37:42 +0000
ea45030fe31a448e8054a840ac21e57d5593a221,2014-10-15 18:35:40 +0000
2a7a94907d05ea275c154f502c856326dd3baa4e,2014-10-15 18:29:51 +0000
52a66a117c074846353172b959d46a1b67548aa9,2014-10-03 15:43:04 +0000
0d5d143779597c97bf5351fac03cfb85af4f46d4,2014-10-03 15:42:14 +0000
a4ac2826cb9560d7da8457dd1713994f30fc7a2c,2014-10-03 15:41:59 +0000
89049471f407ca4ade6060d554c749ca5dfdafc7,2014-10-02 19:29:14 +0000
b6223c70179a7bfd877e13e55329df3941f5dc00,2014-09-25 19:49:14 +0000
3e75eb6777864d4d12c95caf31b06632a6825fa2,2014-09-25 19:49:00 +0000
1c4639f523f8559be174d24affe3a177f101a281,2014-09-25 19:48:39 +0000
89598348b417a3b9dd208fa9f0dc23c51137e588,2014-09-25 19:48:21 +0000
8d977a160ac2aa0d9fbf4dc5ea6332c5dd703641,2014-09-23 19:49:13 +0000
cf6102f12a8a57caa39b2e55b3b3f91f9a7ffe81,2014-09-19 20:03:22 +0000
d3a4e262f6734227186318d8f0e90065718005df,2014-09-19 19:38:32 +0000
76e5ee9a722ca84b11403e25e259a142fdcf42b9,2014-09-19 19:38:10 +0000
d4f6bac52008bc9bd2a1b9c4abc8b4c197b13b56,2014-09-19 19:37:31 +0000
409c9535df1b1f3834132d2b041cfd5d10780360,2014-09-15 20:32:48 +0000
01b61d68c42422d0f89b9b18e70f02b3843c11aa,2014-09-15 20:25:48 +0000
f0f112f241cb2d3dc6021508165030a8be48c274,2014-09-15 20:25:29 +0000
8f7ca0cf0061bfc8f7a7c4a53981b8ec663de2bc,2014-09-15 20:05:17 +0000
06ac3447285e50b9f4371aabccb18e11e009c8fc,2014-09-15 19:59:56 +0000
9726b433332dfbf243b1d4b462ec067297037fdb,2014-09-15 19:59:38 +0000
6cac1c9b1ecb5323ee686d6dbefe4ba297a5addc,2014-09-15 19:59:20 +0000
6266a56d1ae58ae3fc81c28fa08d6b6bd8348f42,2014-09-15 19:59:02 +0000
14e2700a20c792a6bb7f8dd3a72c115e55e1bde1,2014-09-15 19:58:47 +0000
71ec042187560a8f958dedb932c85715c781f998,2014-09-15 19:58:15 +0000
9e781ddd12b861f973bd70a5c40e36e3526308c3,2014-09-15 19:57:52 +0000
5a75d98ed9befcdda6e0bdd5cf760a48eb5a8c86,2014-09-15 19:57:33 +0000
658eb896dd60ba3fa08d9e53504df9bf2157e2ea,2014-09-15 19:56:59 +0000
855f297b259271217301b81512630626d1c1d449,2014-09-15 19:56:42 +0000
736db3296b738a4fd4a6e9a32d29640acfdd133c,2014-09-15 19:56:25 +0000
6609e27698768e6e051e4ef6a6e8f57a9571a30b,2014-09-15 19:56:04 +0000
9287adf612f874417c23a1d7d971a60164231d5f,2014-09-15 19:55:49 +0000
04025520074159caa5377ef305837231c171fc06,2014-09-13 15:48:42 +0000
626c8acfb72fefce5ec063f2a87156cf7ddc2de5,2014-09-13 15:47:43 +0000
a3533f91fc22d286131cf475de6bdad498a3c8d3,2014-09-13 15:42:14 +0000
8542694edb5472bc7537fd43d7d59fb513368f76,2014-09-13 15:36:51 +0000
f515bb0900977887ffab89cacb515e3b523cad5b,2014-09-13 15:29:18 +0000
49ae31218e0e21b31532758f8944ee5275bce02e,2014-09-12 20:27:20 +0000
846fab062c1d8750325b1cab596e23c9bd86938a,2014-09-12 19:56:57 +0000
732880e7a943cc6cf6e003daf697c4ec300e7e11,2014-09-12 18:14:20 +0000
b8fd462c3bbf44620da629ef9637a64969dcb252,2014-09-12 18:09:04 +0000
ba2ab0e45dc906dac749e5dcd258a3fae800ae74,2014-09-12 18:04:36 +0000
d83082267603f104319b540f0a01b4ed8842f30a,2014-09-12 17:38:05 +0000
b62beda44466a74116ddfe9aa73145352f89f649,2014-09-09 19:33:08 +0000
a216362a393976500b515efbe08e7d96c688600a,2014-09-09 19:32:49 +0000
9d1383a42dceb7155d7411a9682533761f856d03,2014-09-09 17:56:46 +0000
55595e71e145a7b63488751ffd6a485e1fd41ebc,2014-09-09 17:56:29 +0000
3ab9eac33a1dec0e98009d3f20b0b7ed41e3efc1,2014-09-09 17:55:59 +0000
742cbfb055ac0c0b7b50d81c9f326788ec12a0da,2014-08-31 19:35:25 +0000
182b8ddd6e53809e60b3e603da59b0ae9f6649f7,2014-08-31 19:33:56 +0000
a243755cd2cdd3451d095f89e919c512c44eea9a,2014-08-31 19:33:29 +0000
439052e16162d02d62b97f8e8ee978ef7d52089f,2014-08-24 17:23:38 +0000
f7caf2f340541f74330a2c2aeccea9d8f77a4b0e,2014-08-23 20:19:54 +0000
5b2dfced71f33b48506b8eee72fd5d87648580b5,2014-08-23 20:14:56 +0000
2f9f3deb35dfb65649a8e44b88ff3c406292cf6b,2014-08-23 20:14:29 +0000
c87c7108417e51741ac211bb64016c650bb9847f,2014-08-23 20:14:02 +0000
b87df7b80886394c704e3fe0108a5cf9d4745495,2014-08-23 20:13:36 +0000
84f12b2c8efdf9ade6b90e7ffc3e6c2a93eb8965,2014-08-23 20:12:32 +0000
d16ab84f5760893c1503594afa0d3424a50e2cd6,2014-08-23 20:11:08 +0000
e8ff825636f94375d4e26d1b9175e9f3642f44a7,2014-08-23 16:27:38 +0000
c3c65d36e3ef19082535c0abc6d2f67ac48cc160,2014-08-23 16:17:29 +0000
f33847df8df9ee5d392eae18a1e3209537052640,2014-08-23 16:17:10 +0000
cf9288754c302e9fda5ba9610e39bb3922903f28,2014-08-23 16:16:53 +0000
27fc044f7205c1f725080c4ea2d1ab73c3fa2314,2014-08-23 16:16:34 +0000
67dd3f13f1c46caddab00dc475af8c4a8f5a6cbf,2014-08-23 16:16:17 +0000
3268fb266c6318fb2266f9894ff42eea64ae0eb2,2014-08-23 16:15:52 +0000
af930e7aa4ecc1cc10f00d3ff48dc4d447d076bb,2014-08-23 16:15:34 +0000
9427d25130f1290814b640dc88812c77bba08e36,2014-08-23 16:15:12 +0000
9eda478847a6f2115d0fd2563048a3b975ce3ed5,2014-08-23 16:14:51 +0000
6bea75245e97459d7a16cce53a18e41076ed964c,2014-08-23 16:14:32 +0000
8e8f293916715ce94ee9072fa24b661a42c8bbf6,2014-08-23 16:14:10 +0000
8cd4f5c63eb7a79865b28c70bb7ac2656c22a9f3,2014-08-23 16:13:49 +0000
df1d7824af0c6e34dff8dc4ec2e9d08ed141c07b,2014-08-23 16:13:20 +0000
9b26c1495fa6f1ca13de03a1f2e3892972828feb,2014-08-13 20:20:07 +0000
76637bdadf3c5c774c42f281e92fb281d0bbdc77,2014-08-13 20:15:51 +0000
9fb7b91a1a032f6076a0bf8620f461a904a74136,2014-08-13 20:15:27 +0000
2f7b1a605feaa7f846e9a7cec7ac9cad9aa4b990,2014-08-13 20:15:04 +0000
4493ec15a72045bcea25a4c6c9b4858ad5448b7f,2014-08-05 23:56:07 +0000
a76743a390e6750a59f9494ab338cb1920bc35b4,2014-08-05 23:53:48 +0000
7f65af524d6b7fa43743a3c5593c3c57fee3e9d6,2014-08-05 23:34:18 +0000
6913193d33ed83bcb98cbdb94ce410069ce2513e,2014-08-05 23:28:58 +0000
da7e55cc7aac7cb806699d234dbb90a455c21502,2014-08-05 23:22:05 +0000
514525c6a44acc2c58cb0e3e62fceb9149ffe489,2014-08-03 15:30:05 +0000
9429d90eb68774316e9a714c67a71a9288040c71,2014-08-03 15:20:54 +0000
53a8e138bf9d3a7b6f62aaf953b0bbe1ab48dfcd,2014-07-31 20:11:20 +0000
8664d0ea0da38e000161ccdf6194f95bd8a5e48a,2014-07-31 20:10:55 +0000
c7433b2b803ff4092b1654cc40f04cdf30de2392,2014-07-31 20:10:25 +0000
8d738b2e00dbdbebeacc2bbdb6a426818db54c98,2014-07-31 20:09:56 +0000
388866ac8030f13bc878f42b18b9f2f028c67fb0,2014-07-31 20:09:32 +0000
bf90499fcb1535818f30757feb8f134ecdc10f5a,2014-07-31 20:09:08 +0000
0f5078fa738ff0366f67415db9dd6c79963bb241,2014-07-31 20:08:43 +0000
4d68f9fc446c494e24a1cc823c531a0b509e9da8,2014-07-31 20:08:15 +0000
e59c03ea61222307a653aef3c0f078cf54f85c63,2014-07-31 20:07:42 +0000
e4c1ba5d08674c750b07362283dd383396007c5a,2014-07-31 20:07:09 +0000
c7c5ed326ef3608c476d82057620f8197be27384,2014-07-31 20:06:47 +0000
280e0f23518ea87c53f62a6af0379a4232cf24a4,2014-07-31 20:06:24 +0000
4893097f6ac2144bb7741da3daa62dd7250b78cc,2014-07-31 20:06:01 +0000
58970ee18c2714ea3c53f7adec3450e3a614f089,2014-07-31 20:05:34 +0000
a0f1d58cbf23bbe1936de6a6cfaf8705e9f212b9,2014-07-31 20:04:58 +0000
cfb17c0fbd5db32b93915a8dfe16c5952c47e323,2014-07-31 20:04:35 +0000
54ee0b3ba45361c040ecba5974df27e96f60229c,2014-07-31 20:04:11 +0000
4a8632e1362b7d64c31b3239dfed64e4c5270d7f,2014-07-31 20:03:48 +0000
9e7bb57cc8e014089a6821f37d58c5ad99cd9f0f,2014-07-26 19:44:19 +0000
5e8fd9043aa975ad0e2cac3e26727a0a516de8a5,2014-07-26 19:44:03 +0000
0f944659a8d1fe08828c689904e1214b6e063734,2014-07-26 19:43:44 +0000
9d24217322f8c229624a798c6b15ac506b602451,2014-07-26 19:43:23 +0000
1a0351f5dc59cdadbed077c34750b253604e5f26,2014-07-26 19:43:04 +0000
f1a02947cc33bcf4ea7d3c78dbd3313a61645319,2014-07-26 19:42:45 +0000
9b63cfe4269c151de0d3c4c2c8d3cb9c229a1bd3,2014-07-26 19:42:26 +0000
372488a69eab27830835902d2d6bfc5e9d827947,2014-07-26 19:42:06 +0000
bf2db4e387e490b7a6bdf8e23ce14300c4565ad7,2014-07-22 20:12:49 +0000
b438b37119a9fa9636531994d22aea6b721e3b49,2014-07-22 20:12:32 +0000
0c031a1f897e322c0fad618728bb0ab964d12467,2014-07-22 20:12:09 +0000
55032d1d7027b9e66c36b17006c1c97767dbbe20,2014-07-22 20:11:47 +0000
7f573be1bcbccd4e3220597c1eed2a83084cdc62,2014-07-22 20:11:23 +0000
84061841f359d13264c90b208f024e658aca1a1f,2014-07-22 20:10:58 +0000
4377cf2cac81344dd9b3eaf93646faa2f38efa12,2014-07-22 20:10:31 +0000
821f876ab37c743e25462c4de32d08ca11a7db11,2014-07-22 20:09:54 +0000
16f6dcfac6e126f617f36ea3de1ad2912af2fd06,2014-07-22 20:09:11 +0000
e9011223d20acb1a441202d0af11fdc9c22467f0,2014-07-22 20:08:32 +0000
1ce0ae86f4284d340e71def34d2814e59f8d5a08,2014-07-22 20:08:09 +0000
7ac015c17a073ad3c16038d2b65afc6c1d6bd455,2014-07-22 20:07:22 +0000
06d226a91b3d6696c816f1612703804a4c3ee7f4,2014-07-22 20:06:45 +0000
d6d786a181cee72df79c36dc4305cbb16f734088,2014-07-22 20:06:08 +0000
fcc08bc79a3e0aae892852181fbd4ee264c1bda6,2014-07-22 20:05:13 +0000
5459cc9c9ed064025978579a635e42d3d2886c7f,2014-07-22 20:04:49 +0000
462c362144ce5f53d50eebe739666b0d118d737d,2014-07-22 20:04:23 +0000
02cd7b198af0774f58949d322f9ff4c1ac2a899c,2014-07-22 20:03:47 +0000
1610213557426151394bc46a75235e76fa855a80,2014-07-22 20:03:20 +0000
6368cc0b6e9baf91d1a5bb603f4ef637b23219f7,2014-07-22 20:02:50 +0000
c0ddf5102886da50e8e54ebad9b1e801a7645aa7,2014-07-22 20:02:25 +0000
376bf270296cf6a8d5ddb6e136879a31072987ce,2014-07-22 20:01:59 +0000
4fecd6dcb454b73a1e2419455320b4cb7361b824,2014-07-22 20:01:32 +0000
970a0a51e30d03b479f2f3e678a3444177cc9761,2014-07-22 20:01:04 +0000
881237af27ce4f7525470a7bd8b06e990f29e19a,2014-07-22 20:00:39 +0000
e63ef41e8cd356d46bd04f75bd1e51bdc4522b18,2014-07-22 20:00:03 +0000
485946e15ed24c69b0dfc2f384a30571e0509d83,2014-07-22 19:59:14 +0000
39f8ec0a00690367a887b17d3985cbad8a2e40da,2014-07-22 19:58:27 +0000
2f29c4d3b869c10fd73062a72e5ea7d13aaf0170,2014-07-22 19:57:47 +0000
b49bb6713e6f6ccf8a96d3ee2e08480e982caa4a,2014-07-22 19:57:08 +0000
e4b1623c37283d97319bb308c89914525e7d5587,2014-07-22 19:56:44 +0000
cbf42b56b7940e443156e50d3aa02eebd9395702,2014-07-22 19:55:02 +0000
b4812673982ad98866998f0b91f8bc49610894d3,2014-07-20 06:20:04 +0000
507917727d79d746d231251ccd19b43c0e0837b5,2014-07-20 06:18:54 +0000
bdab25f58fbbdb19c17e2eeb0d796fe2bf1e68d9,2014-07-13 20:09:51 +0000
34204555c0c33dafb02bb98cfdbb5cf9e2ca7572,2014-07-13 20:09:21 +0000
c86d19ed1f6c979ce953f8650085143c9854958c,2014-07-13 20:08:56 +0000
1f56a754c785f12d5992a8646a2fcea1863330d5,2014-07-13 20:08:23 +0000
761d859888d28aff2b88aff24b1d421c0591cda2,2014-07-13 20:07:59 +0000
a1ccb74de390d944bb83e14c6f7662db7a246c6a,2014-07-13 20:07:32 +0000
f92c68d98b90071f5091e254a074d035aa0c56d3,2014-07-13 20:06:55 +0000
facc73f8abec77294a660c54d2a495e7169cc790,2014-07-13 20:06:33 +0000
c96270c1ab7e5f2e7da77efa89fa34b400294b4a,2014-07-13 20:05:59 +0000
5e826b61cae5778e077d7474b323e13de6e1fece,2014-07-13 20:05:17 +0000
80059048841a8e5058e1e4b249c94b6a4b5c83e1,2014-07-13 20:04:52 +0000
e0faff9555dbd7720426a75336d018b9f214616c,2014-07-13 20:04:19 +0000
cfce62427386671fb8d29c4810bbf627fe79785f,2014-07-13 20:03:43 +0000
5a399d9dd4b0db1c67f286d1e62afd1ffacef6e8,2014-07-13 20:03:18 +0000
b90cd29f3c12ccc160c9ccd78d38e0e40842c6d4,2014-07-13 20:02:33 +0000
a887d014e70f4dbbfb5349658522f8a4de7c9e58,2014-07-13 20:01:47 +0000
8a49d020da51b457b161de75c2c4fa786ff63c75,2014-07-13 20:01:05 +0000
deb54fdc9f0453d42005c1b2d1702d1eedcb829b,2014-07-13 20:00:36 +0000
790b1d02406384de43461c179149e2c12cf079bc,2014-07-13 19:59:55 +0000
08f67d612fef14178aa5a3617c215eb23e0d98a8,2014-07-12 16:17:53 +0000
416132cf719d450d6abee8ec171ab0dc6e3726b6,2014-07-12 16:15:57 +0000
f30f60261ebb1e646a30ecde940569610b11d6ac,2014-07-11 20:36:35 +0000
87e198768339b82a74387db0d3546f509ac117e4,2014-07-11 20:36:05 +0000
c5142c38927a7321c4d3ae14b0e34975d51a784f,2014-07-11 20:35:22 +0000
17c42c3f19b81799e8c497551f3d52ab94128a8c,2014-07-11 20:34:24 +0000
66aeb1a4c4dfb635a394d9f84d44cb9341edd92d,2014-07-11 20:33:49 +0000
7756e29894533e1a143496297b9414ad1d53e92c,2014-07-11 20:33:18 +0000
f422e89f9243cb8d96bdd09865fc0e590bd809ff,2014-07-11 20:32:55 +0000
80e349bc1f2337e31c83f39092fcbdb3f517529c,2014-07-11 20:32:26 +0000
1bdb4f08c7587a002527f4b3e3db969edde84f60,2014-07-11 20:31:58 +0000
0ff0bba8387bd5e2237691be296ab93cd955aae9,2014-07-11 20:31:34 +0000
d03932d4cdd43ff06783028d8da2c463e38e72e4,2014-07-11 20:31:03 +0000
3b1fd6e9ed559254660adb634859466b3f823625,2014-07-11 20:30:34 +0000
f4f34a8bc81dff4922a027d67c54de3309ba6d83,2014-07-11 20:29:52 +0000
f571fe507adaee60b91a8f18a9a29e819bd93272,2014-07-11 20:29:06 +0000
2e4676f3a07f459462a3ce058b660b82750536dc,2014-07-11 20:28:22 +0000
12653b4dad46f5612270c89f048ff74ef348c666,2014-07-11 20:27:41 +0000
4d9e906a21d2f0428b57f95d473ad526edf43a18,2014-07-11 20:26:52 +0000
a63c727aaf66c154bb1590c5449470b38b8263bd,2014-07-11 20:26:19 +0000
e471ce1b2b5684ad376d5f4fb54d19c0a88d8c97,2014-07-11 20:25:36 +0000
c1566ae386d4198066220465c32a131c76c5105f,2014-07-11 20:24:52 +0000
b05f76a77b155ac2b0ba6de83af8873b56c024d3,2014-07-11 20:24:09 +0000
958b8eae6d3a9ecb21db8f16d579c4b1fd3132be,2014-07-11 20:23:26 +0000
586071e2d4bd1ace41e78cd89c4da0aece46f17e,2014-07-11 20:23:02 +0000
1370689d55a2b86e1c78a869fe3b38a11ddfbb36,2014-07-11 20:22:18 +0000
1170e40d193ebc027f4c21c6548c23326c70b465,2014-07-11 20:21:54 +0000
e8f28efc5da4334832e5f76c5cb3894f3180c09b,2014-07-11 20:21:21 +0000
37b133e015182287496a85cec1912f07c768db9f,2014-07-11 20:20:33 +0000
3a073ec934c6aab347c2838e30d575277f4020b6,2014-07-11 20:19:44 +0000
911bb2896267c57be1d584bf5057cd5bd1dad471,2014-07-11 20:19:12 +0000
b985d79f12b7110e9b1e13dd437b25ebd40be551,2014-07-11 20:18:42 +0000
f23d57eae35b5f0ff44109065e303a743fcff109,2014-07-11 20:17:59 +0000
981f8ffd4df34c7a3e0459b9105d4f8a05db120a,2014-07-11 20:17:25 +0000
015f1362ec11ec4c30c49514b42b25d862eac90c,2014-07-11 20:16:54 +0000
25123334009c01f8b7e1130e9f966e5c8232ecd5,2014-07-11 20:16:01 +0000
7e8559b8e3f84bdf1acad71e4ffce4a448a436c1,2014-07-11 20:15:08 +0000
036ecdffae37f5dcbbbe9e7f7626de5eaa9bd932,2014-07-11 20:14:23 +0000
c6eeedbeb8240cc9ccde667c61c3c5f8266805be,2014-07-11 20:13:34 +0000
8090863a37bdb89c24fe2a38c4ddcf4cd5dcb3f1,2014-07-11 20:13:02 +0000
82e3d6431f696403b2fc4363e7699ed0ef8c4a9c,2014-07-11 20:12:27 +0000
91d4a41281e7b4134ef8946bb693229301719115,2014-07-11 20:11:55 +0000
1946c07f8aeaa2307ff828943dd1d341c426d2f8,2014-07-11 20:11:07 +0000
004ce99853502341d572ccc952ad6627e7aef7e0,2014-07-11 20:10:19 +0000
3794d76fc988731e53e36954794c8dcdebc6b91a,2014-07-11 20:09:47 +0000
be4881fe7d983666a8766aa16646dda9e01bec05,2014-06-29 19:54:48 +0000
f4af86529dd72bf046a14d1ae3e871fe2e78492f,2014-06-29 19:47:17 +0000
41edd3fe866ed84011e1f5e5c2edef9513729dbf,2014-06-29 19:46:44 +0000
06b9c1c9fc4a87b97edf865827fccb725e9bc598,2014-06-29 19:45:58 +0000
870ecd661de26988c206c95ae805cb67f4850946,2014-06-29 19:45:14 +0000
b66ff17a80c4909609fdc6ae26ea756edfb2f788,2014-06-29 19:44:35 +0000
5e6c50f762e5962382c3facbe638c0bae5e94382,2014-06-29 19:43:48 +0000
6e800ab16e50eac2966f43ad653414683481dd0c,2014-06-29 19:43:08 +0000
366d7d5fe011b446e3c73d26e350897891383d39,2014-06-29 19:42:41 +0000
b84b6e87a667fc318c94b8a3af96ed0e6a92ef38,2014-06-29 19:42:18 +0000
667157e3eff609293b6cd10d3fcf5b7f28a07166,2014-06-29 19:41:54 +0000
a224e4115e937fd2b1ec311ebe4341dd2960f95b,2014-06-29 19:41:34 +0000
8e0780dece575f36050c866640cfa53bf9a216c0,2014-06-19 19:01:15 +0000
26e6df88ce7bd52300fb3379832ffc5886ac8461,2014-06-19 19:00:49 +0000
98d467455efde1154658fce4f167c8b0d8208924,2014-06-19 19:00:22 +0000
d38e655b40297b019841baead8dab939cfab666f,2014-06-19 18:59:40 +0000
4fdda0b59e174841c50674dbaebd33d0b35551a6,2014-06-19 18:59:00 +0000
e73630fc781a1db8e35125d70c922c9e52d8fcd2,2014-06-19 18:58:36 +0000
752fd637385274bf1d0fe468ac30da20f0f9a6ac,2014-06-19 18:58:14 +0000
bde828c591e695fd0bfe329ad341ba7d2e041fee,2014-06-19 18:57:49 +0000
104fdbcfdc8bf51d98c92dccc2154be8ebb56315,2014-06-19 18:57:30 +0000
a3dc5a0af3c951e78bbcc65a24280368d8f9df96,2014-06-19 18:57:01 +0000
c8d0a622fff050aa07eedc9fa887ecfb53c7c759,2014-06-19 18:56:21 +0000
e36edf93c3759561110185fe4c70828b2bc45570,2014-06-13 19:27:23 +0000
fae4d32f7b6707a976de975bf846a13f134abe9e,2014-06-13 19:26:56 +0000
24052f7d956b373c885fc87ee98fc50d53fc13f0,2014-06-13 19:26:39 +0000
4d0d6224beaf57d2ecd5398446801e21b580bc5c,2014-06-13 19:26:17 +0000
e2b5ec79fcafdaff9f017853620ca2a6ee224fdf,2014-06-13 19:25:52 +0000
be14171c38d4056a0ee6c0f3d9f89e980b0ab1d6,2014-06-08 18:25:47 +0000
4832020a4536cf042f0c57e391ac988be8c34786,2014-06-08 18:25:12 +0000
d362bb48ae2fa934576289b254bd64a3c756ddee,2014-06-08 18:24:48 +0000
38abde74d99c091f2802081ab89ddc3ea3a91885,2014-06-08 18:24:23 +0000
db7950ba9a79149d5fc61e0db8eeb7302e3f7313,2014-06-08 18:23:59 +0000
d3edf93b903ded9011eaaf3c9363379ea665a6e9,2014-06-08 18:23:36 +0000
7753e1c7b87c7346f9ac93cb0e10b143fd1f97d1,2014-06-08 18:23:12 +0000
f19db1851e1d38ea594b6c1ce842dc2678f36127,2014-06-08 18:22:51 +0000
075368d902a730a8376042b9605f91ecf9298f48,2014-06-02 20:19:27 +0000
28474f3b32011cc5d6b3131c2df55a18fb0989a8,2014-06-02 20:19:09 +0000
bae2a9df80747282968f58bf71442874b89081c7,2014-06-02 20:18:39 +0000
f76b81aa5fc7802cb6b617da7b9ee2c63354b1fe,2014-05-24 14:24:00 +0000
c9e638094e23adb3fa0c2e62fb41a56fb1d0f80a,2014-05-24 13:56:19 +0000
9a3628783a5ee6cf98733fa71b413474dbca9865,2014-05-24 13:56:03 +0000
84e6f4afea2c4c31e16b3d2650eaf57cddff9af9,2014-05-24 13:55:46 +0000
1d21bdef6d81eb2b645ca16667732fb362187e38,2014-05-24 13:55:27 +0000
a4786049821736ac31550988c20e61fc5ed47cb3,2014-05-24 13:55:07 +0000
32245cc39c025ce9a55b094dc90c2e07121b8453,2014-05-24 13:54:43 +0000
c0b20c88436ceefa62fa46d96581d00068ed82e0,2014-05-24 13:54:17 +0000
c967c45dda15afa1ef018ed262d4749d3cf7a1dc,2014-05-24 13:53:53 +0000
c955f95d6ce2b9e0d36bdb195c2271d0bc029795,2014-05-24 13:53:07 +0000
30c2c22befb1d46ee7765af8f9e73afd55c35107,2014-05-24 13:52:37 +0000
77b3faa8725c6f1d13a3333d09800fc4325b9bf2,2014-05-24 13:51:54 +0000
adb37b232e64de7b82562c2854f841ca2ea5fb13,2014-05-24 13:51:10 +0000
be25ffc6c1b69669e874d4fc8ff1e868530f5879,2014-05-19 20:00:14 +0000
30dc4ad2430f9eb91c7ea228d7d17d2528295a59,2014-05-19 19:59:50 +0000
d09e2198ae8f93d0c40e7f45f527f9eadc5ac748,2014-05-19 19:59:26 +0000
9b6eb5660c80892aa7baf2c7889f89f5c9273fa4,2014-05-19 19:58:59 +0000
211a0cd4a56974cb8f9e3b73965183632d163c28,2014-05-19 19:58:33 +0000
3a771aaec8b8c7f991bec11db5d6c7c572206550,2014-05-19 19:58:06 +0000
2b51174643eb61cb0ad5bf2bd6a8a3b43a4a3d60,2014-05-19 19:57:14 +0000
aeb78fa007cc8b075fc824000d359d4c7f515987,2014-05-19 19:56:41 +0000
5aaa012e40083d0ec59eeefe0e90aa9cec522ea0,2014-05-19 19:55:57 +0000
d6ebb0ff7176a1042001b1e8d2e6b6880f52bb05,2014-05-19 19:55:23 +0000
b8c7f5691dd97c9c013815a591068a58cd00d4a7,2014-05-19 19:54:44 +0000
79f49696acf4b1f70e1921c754be96e2765e35cf,2014-05-19 19:54:05 +0000
54366c29ae44cc825935ca74406bb1da5f3c0c60,2014-05-19 19:53:33 +0000
76e522b370ac9a0d6bc658bfe313ef1a77c8b236,2014-05-19 19:52:55 +0000
fba16eee9ef395ed4b98274707eb6797207fffca,2014-05-19 19:52:21 +0000
b27462a4dc82b5a19e45549259725aebdec9ce13,2014-05-14 19:58:02 +0000
dd628c1f78308cd64515456c99b5d0970ced508c,2014-05-14 19:57:23 +0000
31e43e887b8dfab92ed56d7a9a546ff74b38f265,2014-05-14 19:56:51 +0000
0f9da86994dfb5d1649e95b0121e4a5344fe5846,2014-05-11 17:50:37 +0000
dac4d4ba746acdd7360d8b422b52e7432394b901,2014-05-11 17:49:56 +0000
e9f8ec6380e4c445cd2659e80171fc10c679e80f,2014-05-11 17:49:35 +0000
293fc274e688044f28d76a3425041ed0eb338d61,2014-05-11 17:49:12 +0000
43cceb252f5fa6dbba2c4f5dc3bcdb44f6937ca0,2014-05-11 17:48:54 +0000
2098912ebffc7194053aaaa92e6d93329762f0ee,2014-05-02 19:58:29 +0000
5785285cb4b32ffae13471fa31d179d9005eda65,2014-05-02 19:58:08 +0000
b455ae759d4b40a029c4cb3010d0cb44e8b48734,2014-05-02 19:57:48 +0000
a8b4ea65596d03b5e245d0a0d7be2a00d53f7b3f,2014-05-02 19:57:30 +0000
22c1fdea5864f43fb88754f5683d08b7cc40961d,2014-05-02 19:57:08 +0000
ccd94a0483842f0dd99412e680719d38b97afc23,2014-05-02 19:56:49 +0000
e6d7069a5751a156b147fbf9b843ed95a289ec58,2014-05-02 19:53:56 +0000
55e3f8fc28ee1479c454b3644fbe3a1545712af1,2014-05-02 19:53:28 +0000
cb6f7e82bedc4dd68d15f8b8cf609f411662f8b0,2014-04-29 20:36:07 +0000
0db44b74a2565e2092324e0450b891e5a7ccf2fb,2014-04-29 20:35:48 +0000
a515e3a791afb0a2d290a349b9907757d99f993b,2014-04-29 20:35:15 +0000
1b734f6744f1ea778ac8b1bcb0c52fc3ddbde1ff,2014-04-29 20:34:31 +0000
b6b621dd4369eea7b0295edc9157de8ee4e3cbe1,2014-04-27 19:35:10 +0000
25490ca95eed4454827abdb972b9083353645cd3,2014-04-27 19:34:51 +0000
093b4ca3683679fc147b0339ce8b9e48dfb7995d,2014-04-27 19:34:33 +0000
71e7a2b7366d41381d747e0038a4001bbdf7467f,2014-04-27 17:35:02 +0000
9b444e87f14af09670529fe388c98357cb21f345,2014-04-27 17:34:44 +0000
cefb1711673a1580c844190c1d1cd4314e062a0d,2014-04-27 16:50:38 +0000
64e0c0fe372416bc7bd412d88e953f44dadf8a6c,2014-04-27 16:50:19 +0000
fd9529075ac220b02d6a0a02481a9a0624d94b35,2014-04-21 11:49:05 +0000
e7022b0791d91d77704d8d89d3eb83a004e3e26a,2014-04-21 11:46:32 +0000
33ac674062987d1c54b59beeb7acb977f3f25822,2014-04-20 19:36:16 +0000
c06375461998d40ceb07e4eca6e66afef5616dfe,2014-04-20 19:32:08 +0000
10c89ec0b23370a43098ceaff7ac14a7f95ea43d,2014-04-20 19:26:41 +0000
c722286d222a13a544aa6e669c08355009e945b1,2014-04-20 19:22:36 +0000
be98a28f0f47e51b605d43e33bd39ffdb38958d6,2014-04-20 19:22:13 +0000
4c83e29f5ee4073bf70b5fa6d31fa0feef8295c1,2014-04-20 19:21:49 +0000
af0b70c460213291e0780f10d5b8d4a7b7c2d349,2014-04-20 19:21:24 +0000
7cd69eb1663e27f27e76b3fb2181c3c37670606a,2014-04-20 19:20:49 +0000
bd6d480829b240bd41d3c40c8010e46bbb2ff14b,2014-04-20 19:20:16 +0000
f3cc2e3811bee275e4f7bdffce2c4c288b0855ab,2014-04-20 19:19:53 +0000
698327870c43f27e84111202d42d441a20ee67c2,2014-04-20 19:19:31 +0000
48192174a1d4745a1a530b8af2923c01c0b95cb0,2014-04-20 19:18:59 +0000
c089491c2be52dc76b2a818f09ba66f420c4c735,2014-04-20 19:14:41 +0000
0689bdf9ed51644a425004ff7597f4ba64324af5,2014-04-19 18:04:53 +0000
10a33f30954af3ca26ffd8eeaab1081cb0e8a360,2014-04-19 18:04:18 +0000
2b67dc48070b3a367e7be75206ea7ad25f26eb25,2014-04-19 18:03:51 +0000
b42fc94949b276c377da3aa95b1b3946f49edcc4,2014-04-19 18:03:23 +0000
2806e04d0ee3d0f2a7b4a80512c20ee76ecc4b35,2014-04-19 18:02:56 +0000
98a9af282c810d861db7603a8ce08365409f4955,2014-04-19 18:02:38 +0000
09f1fa70f40f3378da9d55350b5c496472e5d089,2014-04-19 18:02:01 +0000
e7027f831174aa5924885275854f0f1b211e8dfc,2014-04-19 18:01:27 +0000
ad7786e327915f5db7f0c7494f1ffe0692630afb,2014-04-19 18:01:05 +0000
62b3a361e02186479bd0f2ccda010595a8e5854b,2014-04-19 17:58:45 +0000
c1a83123c9efac54be29f79d32a7c7c93f8b15f4,2014-04-19 17:50:19 +0000
007ccb24ec4b6f9b8480ec0cfd9bc1894bfdee0e,2014-04-14 20:09:30 +0000
006fcd885a981242ba3a737ac3b5912f10de5206,2014-04-14 20:08:43 +0000
7b208516e571decf459b8f401172dc3f4a2db93b,2014-04-14 20:07:55 +0000
221ac9468eccd81a236c8353e83fceda2b8445a3,2014-04-13 16:08:34 +0000
0a48876e7398b8cfbf0e004f7eaabd9cd68319c3,2014-04-13 16:08:01 +0000
c52a50f251e1aa4b64d07cb00c5b7c6238c3fe32,2014-04-13 16:07:35 +0000
c3f8825c6b07812567c37c2901fd13851154ae85,2014-04-13 16:07:07 +0000
8fa56c7192bbefcc669e3a2f5d43626e28aeac6d,2014-04-13 16:06:17 +0000
d2743f983ac727155490bdbac8f53546d74076f3,2014-04-13 16:05:48 +0000
e41a1ef88c3c8c1faaf0aafd49c20fa753de31ad,2014-04-13 16:04:57 +0000
8dbd92c8adf4ec97c8d4acc9623303e52e9084c6,2014-04-13 16:04:28 +0000
ff3d35412f81428007e0b7d0f3e38781f5ecdd54,2014-04-13 16:04:02 +0000
ba18fc0c5c0bd18ea0641a206eab1b9e6e692347,2014-04-13 16:03:37 +0000
9544a2518c7c9877acdad6304880bec96455d8e5,2014-04-13 16:02:57 +0000
d2a3d097028d2c375352b62f141fb359edc21d28,2014-04-13 16:02:30 +0000
249a39f43f38e96a8690d88ef52690f28a2c46b4,2014-04-13 16:01:48 +0000
db857ff9d530157aa4c7816c71117a4ed6784f99,2014-04-13 16:01:21 +0000
9e007c9088d98e0ce0284e1d73c0433004b6fd1f,2014-04-13 16:00:42 +0000
38484825549ec7cfaa4766a11005210e57939f82,2014-04-13 15:59:58 +0000
6e99e2b23212a479ed16b58b452715a6e55a3e0f,2014-04-13 15:59:14 +0000
603097263eb59e8f62162fb15f9734df181ea519,2014-04-13 15:58:42 +0000
51b532b6cd8595fa32de08d1bc8749c2b6d79ec8,2014-04-13 15:57:58 +0000
a56eb3ae0aee6aa2493f082b6468c8ddf816aa9f,2014-04-13 15:57:30 +0000
b5c15f7a39cd1e159cf1f79bca917e51dc0ad2d7,2014-04-13 15:56:44 +0000
cbfe6a737e3c2bd9e514586c2e1bf9178ec067af,2014-04-13 15:56:02 +0000
08180ce3f51f9198a312c288491bcc1ad05222f3,2014-04-13 15:55:16 +0000
6f326621a699f1be1058f6f5c664e34e774c7e22,2014-04-05 19:51:14 +0000
72725d69fae691e98f3b4df324d9ba723206c71a,2014-04-05 19:50:39 +0000
fb26feeca2975766b1c3ca9f9f7c7b287dc97fe7,2014-04-05 19:50:06 +0000
481cdd186bdd66f08fbebc67d46ced468f063a1c,2014-04-05 19:49:29 +0000
5f566da0a07ab24d3bec19e27947d952ae1951e2,2014-04-05 19:48:55 +0000
f5652cb9f7acf381355fbbba1ef423c521db7ccc,2014-04-05 19:48:21 +0000
487366cb0e63ba314f175646eb14d3817691f941,2014-04-05 19:47:46 +0000
9553b0483af5a2b931cc71a23a1cdb5c4ecda1fb,2014-04-05 19:47:14 +0000
fa2e70bd9d8a9bd5635434855a2feab3189bc5a0,2014-04-05 19:46:36 +0000
5b7d3f5f4a40ad6e0ccf8ddde120219ba53cb3e6,2014-04-05 19:46:14 +0000
1577bba648d9ef79a1c085a9cb416008ce31779a,2014-04-05 19:45:40 +0000
ed480cabfd3cf3a79cca39aa76c7e8e4771cd60b,2014-04-05 19:45:01 +0000
517d2babe29c140ae465bdfb21c64f52c6c0d8a0,2014-04-05 19:44:38 +0000
aa52af555a9d721a37877f1dc706d221823b0907,2014-04-05 19:44:12 +0000
b1b238585f30c5d34bb3d2685c7b9343f461cc88,2014-04-05 19:43:49 +0000
a8c62dcb87bcbdcf76fb8ddbc0117fc145c68ead,2014-04-05 19:42:49 +0000
9052734032c1779e30a7cfc7a10b6ddb8294b56d,2014-03-24 21:20:10 +0000
dfa07ef7801e9e230424e82776bb3a2f50319789,2014-03-24 20:49:46 +0000
04ee466989af2159b920feca9d8f44d42f1b4201,2014-03-24 20:36:11 +0000
c658707339456404cf905ae7e9c78aae46994c93,2014-03-24 20:35:47 +0000
54e173b2702594d7af4d2401dfe951d5573de219,2014-03-24 20:35:24 +0000
3c2904a8e908d338ffd12343f5c0f12167fa51f6,2014-03-24 20:34:45 +0000
82d1f40a014abd0d6117558f8694610d64de72d0,2014-03-23 20:38:46 +0000
ecf1d3bbbbab327c5c2261b7988f6a30dab6bb29,2014-03-23 20:38:23 +0000
3ab8cda13025178c49f016a2d03807dff8babdff,2014-03-23 20:37:47 +0000
e268c746f27289e01ce3e49c6be6722818228c3b,2014-03-23 20:37:12 +0000
1c7450554b6dd5701e615c2795f6cc1234daa21d,2014-03-23 20:36:34 +0000
771f3799b422b67c85600e272df4898dd9fe3b4b,2014-03-23 20:36:00 +0000
a61899cded655854393cba39d504f77e66d8151c,2014-03-23 20:35:25 +0000
da6ad8aaed10a9a639e108c2a31fbef1ef792995,2014-03-23 20:34:52 +0000
a22a2c056d61e21dcb7427093e2861a5aa88de3f,2014-03-23 20:34:11 +0000
7490da206cb18ed3b54f5bc332ec10bf8732ff15,2014-03-23 20:33:45 +0000
877fa1370d5cd6f3f57e06904f89afd885bf70b3,2014-03-23 20:33:20 +0000
5035d291aafe4ddf3de657ac41ed4f68521c45b8,2014-03-23 20:32:52 +0000
173969736dde9756add52df5ab5814259e3c5ba8,2014-03-23 20:32:16 +0000
027dec06a325da9cace95b7c1db13e11a891a758,2014-03-23 20:31:34 +0000
553ef2040966547b9dd2d95483027de92a2793f2,2014-03-21 20:38:02 +0000
b09d55bd5bdc44caf38d188bbc52ad103ab2a96f,2014-03-21 20:37:29 +0000
2772ce9fa1b4e611b7e4d5ffdf8f4da4d359740e,2014-03-21 20:36:56 +0000
9b551758653dfae85728788666cf6bd5a0fcb3c7,2014-03-21 20:36:23 +0000
25821ea7fe21d2320e7f21c5654b60df7dabb0c0,2014-03-21 20:35:47 +0000
66f1498fce640c388096d3b5d04304b067775416,2014-03-21 20:35:08 +0000
cda4ce7f6394ac84e86693c0c634a85d7611d0d6,2014-03-21 20:34:45 +0000
4c9e3ae503013e5f117193dc28fa1ade61d061b5,2014-03-21 20:34:12 +0000
efabddc4dacaf3e371c3cdc5ac081e49d976d82d,2014-03-21 20:33:35 +0000
c67243a5a6eae47fa4811b74e0242b9096cfbe7e,2014-03-21 20:33:14 +0000
41dd283bb43fe7a6cd80783f159b80a67eecae28,2014-03-17 21:16:13 +0000
ed4754e5f8fb0c21755f2ee669167c63d0ba950a,2014-03-17 21:15:47 +0000
a6fe48d8c18c8a08db9157d30ca35d87237f2128,2014-03-17 21:15:01 +0000
2b86dadb8ba57d97be9e623823c30140737b488a,2014-03-17 21:14:24 +0000
415f34e0139fda421dc9e63f0cca938af4e8e336,2014-03-17 21:13:41 +0000
ee064a449f0d06cf411629d310fdf74654c66dc4,2014-03-17 21:13:14 +0000
accb17f7cf77f12d1f173547dd29d85a76b98901,2014-03-17 21:12:36 +0000
aaae125916e5a645c73b2d75d124a556addc943a,2014-03-17 21:12:13 +0000
9553e34922c1bd271e8106a0b9904b97daabcd03,2014-03-17 21:11:30 +0000
fae3213275ad6100bd49fa248ff4ca1438a25b51,2014-03-17 21:11:04 +0000
1bfbcfceda1295cf4ce8ab0aacf6f1ed5356e327,2014-03-17 21:10:22 +0000
4c2ec2991baf0de07d8bad6a55e1375679d27f87,2014-03-17 21:09:56 +0000
8fa406c6f078b1d0a808155d595674fa3d912088,2014-03-17 21:09:18 +0000
3be2e5f07bb6754554175a818efc9e81ab5e8ad5,2014-03-17 21:08:34 +0000
77b054c71a2587d67abfc9ffcea4aaec3d4e2618,2014-03-17 21:07:53 +0000
e7bd5fffcd4a46dd404b576e0c1290c905b7abd4,2014-03-17 21:07:13 +0000
bd08b474eab0b6ea881de145ebff03d5c7bf8457,2014-03-17 21:06:18 +0000
3450d95ffa0f56293a2ba6217504d0bc7b9bfbb0,2014-03-09 21:06:46 +0000
cd1ec7325f4c34c88eaf5da5297f991e1826a4a0,2014-03-09 21:05:57 +0000
f1fd8a31175b5e1c40bc0483bc456d4e4f4a5bc3,2014-03-09 21:05:08 +0000
22d94157a996b2907acb7f1c2d7784e77d3ff416,2014-03-09 21:04:20 +0000
44fadaf1b98e3d712c02d62bf0f7d09eb9419391,2014-03-09 21:03:34 +0000
cffc51180df3263ee3263472e9a649c8b1ad89a0,2014-03-09 21:02:47 +0000
ab199061c0d534c601e600cfe7bea79164aba762,2014-03-09 21:01:55 +0000
fbcadbf4be12acf12df1bf7b712737fd409cacfc,2014-03-09 21:01:04 +0000
0356bb1664f0f606e52b4e68ab91ec1416dc150f,2014-03-09 21:00:32 +0000
448a2c6b9e14a60c125093f8f06c2fba43064104,2014-03-09 20:59:39 +0000
d7141419497479bcfb130b3872e8b1a641509b50,2014-03-09 20:58:23 +0000
3b44eb68decf4cdbaedceceaa40b9f0b884cbfc3,2014-03-09 20:57:31 +0000
03b31c11b21337a0ab666aef2b70dc94dfb8fedb,2014-03-09 20:56:55 +0000
9a59bd388cf2908e15f00e8d860c8450789f988e,2014-03-09 20:56:06 +0000
6982013a443192344c0ac22c2bae5df3105d4ad6,2014-03-09 20:55:21 +0000
e614caf2b7ccf0d63c444706474046666630d44a,2014-03-09 20:54:51 +0000
ce91595929b08a8a159af0d73b5501cb4bf00222,2014-03-09 20:54:23 +0000
516a181591f33fe37b643353b9030f8ceaccffc5,2014-03-02 19:52:54 +0000
3d4a68dd4c2ac63f198cee9fafdfae17a59e911c,2014-03-02 19:51:47 +0000
9d31b7606faa7fbf9e6f6d6c2c9d504b89f88952,2014-03-02 19:50:03 +0000
3d12f9e3d103d8098a778f83334a50a3d737d3fd,2014-03-02 19:48:25 +0000
794b760b8b8ab607f8473bafdceded5f759882e7,2014-03-02 19:46:46 +0000
e6b0dc5162de9bcfdfdd9c53a5ff6cdaaba19d31,2014-03-02 19:45:06 +0000
a21c42c245914d78b826e1eb46daaff77c8deb1a,2014-03-01 20:20:17 +0000
f906f91727521862b63c7dc1edb2ad6d878ec58b,2014-03-01 20:18:36 +0000
2bcbef39494025db920db507cd2a3f99cdeaaa27,2014-03-01 20:17:20 +0000
5c34528b4fde9ab3b98f5b271eb8e77594d3672e,2014-03-01 20:15:31 +0000
eb25a7238dabac5401b2230547b9e697a9345b2d,2014-03-01 20:13:54 +0000
9dec478ab08530644ac4ad13a2c631322825baa5,2014-03-01 20:12:18 +0000
acf6e75f21c004eb498a7317e12c0bc3e491deb3,2014-03-01 20:11:09 +0000
a076dc897b8b875bc3b242c24b94b8a5fcd7314c,2014-03-01 20:08:55 +0000
674bfae8a3213fe5f13606ed1f716697b7b372ce,2014-03-01 20:07:46 +0000
e3a83dc35b1cf451d4260d5bb839879141d7e1fe,2014-03-01 20:06:24 +0000
d0ebc9e3611b8959c18b2691ef5dc71739d6155f,2014-03-01 20:04:19 +0000
dae3632588f653456185f8e5f16464bc28b44ec8,2014-02-25 16:42:18 +0000
b08d48b2d21968109ba71e74dfedb32a8d36ef2f,2014-02-25 16:39:20 +0000
c48f83b91e0ce9b4ce83f187039b80664d1c7e2f,2014-02-25 16:37:52 +0000
9bfa9baed7eae54427a142a6aba92abf78f1fd5c,2014-02-25 16:36:08 +0000
d361baa1fec1bf5dcf615db0fc6e3569ea0e6c2c,2014-02-25 16:35:00 +0000
d005746b19db7efde1eba6306bb8a103269e4233,2014-02-25 16:33:09 +0000
f31c7cfe0d6fbd093f36beec41159b7e4744444d,2014-02-25 16:28:15 +0000
da5f0b16f4fdbea61864661eff88140bff32ea9c,2014-02-25 14:30:17 +0000
479a8026cdf8d865ae459c98d170952731f342c5,2014-02-25 14:27:39 +0000
ce3f7ec2a3e1cb720e374c4f916ac6758aceece3,2014-02-25 14:25:59 +0000
f2ff5fbe875dddc51a85f0027a43a28a9879202e,2014-02-25 13:58:21 +0000
c4c78a0e0a3507f712c40f050a74ff6fcf85bda2,2014-02-25 13:55:41 +0000
7a2cbc3d08ff1bfad9d5f22ef691f5f42b52d887,2014-02-25 13:54:30 +0000
ce30aaad90b6e26685485f06de7c7fb693577a4f,2014-02-25 13:49:38 +0000
7f8fa32afb3082bb11a2f2319d9b82871536cb7b,2014-02-25 13:49:16 +0000
429d924c3032355bc8f8b146e47b49c56f37a923,2014-02-23 18:43:49 +0000
28d4be16d012305494dccf379ce7a1823ef640dd,2014-02-23 18:43:02 +0000
7bc8410d0679d24e40808774dc62baed30b633b3,2014-02-23 18:42:14 +0000
d52008e08fc60afe1283103045cb02b13edb6148,2014-02-23 18:41:24 +0000
ebe50b0c4203db92e74d2b504392a55bda314d47,2014-02-23 18:40:40 +0000
db05707f14109ae1ce854e6e000bdc15594bc2ac,2014-02-23 18:39:50 +0000
22c24d772f07d0ce31473c5f9e110c521508a146,2014-02-23 18:38:03 +0000
6096a224e79f363c936d881165721ed32a82794f,2014-02-23 18:37:17 +0000
008afde6824050d0dc43ab6aba20ceed1c5c81e4,2014-02-23 18:36:28 +0000
bc97b0a628554ccd5e6b898a2802c95984396e88,2014-02-23 18:35:40 +0000
5a06fc1ae78ddca60fdf798e6750fc5c8adee24e,2014-02-23 18:34:56 +0000
a8d1089e613fad3fe1efe4d04202091a7b567f60,2014-02-23 18:34:03 +0000
1ed966bfa09808dbc15fd8efe1e6afae52c30a95,2014-02-23 18:33:36 +0000
b20eedeadeaae74c62fe458e73d2417fa9aaa9cc,2014-02-20 20:48:45 +0000
c8f7b39f09c385e341c8699d6182c9dc899bd48f,2014-02-20 20:47:53 +0000
537d7f7c52ff019abda660cd08799da217c6d13c,2014-02-20 20:47:21 +0000
00edd1deecb1d3dc33ef46be9f101e5fbd105b3c,2014-02-20 20:46:46 +0000
78daddd860c8f6bef0b4f2bc233a09dd923d2bf1,2014-02-20 20:46:02 +0000
3cd755d850b1d0c415994bf0d84c6bdf2b57feea,2014-02-20 20:45:29 +0000
9d185626afcbae2052d42a669862209d978d4c0d,2014-02-20 20:45:01 +0000
b0e35b0963126f56d221f4cb6233913cec2d662a,2014-02-16 21:20:55 +0000
9c9a4a0533760e70b2c6c80fd1634a00d2c4225c,2014-02-16 21:20:09 +0000
b3fef37ef9e56f644d89564c19f9678b3494bbf1,2014-02-16 21:19:19 +0000
44a975d3ee18d118c67e24bda9afe33f7d67276e,2014-02-16 21:18:30 +0000
da2d2bd4e083d40de21562391d1c0451911bb7c4,2014-02-16 21:17:39 +0000
19989a19ae6f90687aae30f2a273a7f9345f3e69,2014-02-15 17:59:53 +0000
f1268bd1d055c28dfe6e5fb7787386bb2f65dc64,2014-02-15 17:59:07 +0000
df62049a02e97bcfe208bd8e07a8fd5e1428b700,2014-02-15 17:58:16 +0000
796ddd41054e9f22c0851d0f1ec73982400330e8,2014-02-15 17:57:27 +0000
23efed91aa14e568833ddc218ab2322ee342b50f,2014-02-15 17:56:48 +0000
9e81e74328cbc1c31109598b51314d506309aef2,2014-02-15 17:56:25 +0000
d664badcbea6a3e73a6b5ad2d48a397e7a7cf92c,2014-02-07 20:42:23 +0000
5889515ea1a6313898f7b9f5de4ff7b9edcc894c,2014-02-07 20:38:36 +0000
189a9713214b8814d9acfa68e3f5948d588dfd3f,2014-02-07 20:38:07 +0000
0f12db0bf08274f5060989566351e799069bc70c,2014-02-07 20:37:26 +0000
e15a7fefff1fadc24edb2df9f8210baa0575c73c,2014-02-07 20:37:00 +0000
edfe60f0e470b1746bbf3edeeca776f19c2f1f22,2014-02-07 20:36:22 +0000
ecb587e50ceeb52873e76b444042bfcbd5f98f6f,2014-02-07 20:35:42 +0000
fab114fa0c0dfff6c3541fb08de6c261dc5710cb,2014-02-07 20:35:05 +0000
addfbef22ae312c5630f4f7af1bdeb380c0d5df2,2014-02-07 20:33:07 +0000
951c75555511a50d1504ef3abbfa8f188e5fc3fd,2014-02-07 20:32:26 +0000
0f138c8c9b8db0ef4ee668035ecb7d237fd2d11b,2014-02-07 20:31:59 +0000
1054a52fab484e2ab0c54b34fb48cc37169b618b,2014-02-07 20:31:31 +0000
62b28cff4ae93c871d86294ef36c77bd0a27a67d,2014-02-01 20:33:09 +0000
97222c20da82f928fc8cdd44cf3491d35089c088,2014-02-01 20:31:41 +0000
5eb09fca2613ffa7732dd61829f7e6fce102ab14,2014-02-01 20:31:00 +0000
fb492112bb942f0a1c10d7c21c2b63d3d4c8ac69,2014-02-01 20:30:35 +0000
e9e41423ea1d9586b5d5e95bde49a64ee55f9696,2014-02-01 20:29:54 +0000
cd08b5581c3fddc39e54821aad53a896d0fa52c9,2014-02-01 20:28:58 +0000
f335d710ce1abd05881a6260486ddeaee1b5b64d,2014-02-01 20:07:45 +0000
e68a5b4127dcbc3f6db006aeea0a13ff061bab5b,2014-02-01 20:07:05 +0000
a715e494d4ecc8c6f88f9dc2c3deea3fba3781e7,2014-02-01 20:06:38 +0000
9801a39d660f040a65ee4b20c980e24c7bb1e7ae,2014-02-01 20:05:59 +0000
71899cf89abbe923cbe4ba064f1072b19dd21780,2014-02-01 20:05:01 +0000
42c597fc555d00ed3dc8586e316b636ae6b55938,2014-01-25 16:38:19 +0000
0d4cac1e6ee40dd5a8eac982914a1bd6dcc49228,2014-01-25 16:36:16 +0000
b7edcbf9ee3d9d11f9288ad5ffc4a688fe98167c,2014-01-25 16:33:21 +0000
fae65ad2dc3dd0ea293cfbd896c15d8623d2b207,2014-01-25 16:32:42 +0000
12444c43854b549f61314abc8247dcdab1fea205,2014-01-25 16:32:07 +0000
9e4b84aaff9ef2bbc4042a59986dd5205add69a8,2014-01-19 18:46:36 +0000
9b5a848b3d8caead6b121f009a7036c38741d2be,2014-01-18 18:03:01 +0000
cec74f1fe37f3f38173328be6c250952fbf3e838,2014-01-06 17:44:29 +0000
ad608cd543a2cd63f6745d1dfb01d6a2e4dd0aad,2014-01-06 14:59:27 +0000
d3f9c7067a3c82384dd340ec5d7f52ebcf916d36,2014-01-06 14:58:47 +0000
6a7fcb5328372c410474cc9e7aad6c717438d512,2014-01-06 14:57:15 +0000
ae0c1fba0f9c18257e5d3bc03ec440d66c66aa4c,2014-01-06 14:56:38 +0000
66ee76f2d73ba9f8f20c09d772d037fc44fff82b,2014-01-06 14:54:04 +0000
9dff4402ebe517bc5297e6e75c9f7cc9ab53a7cc,2014-01-01 16:47:47 +0000
b3981b7c73843e91394eb8e60dc00bf68c98cdc1,2014-01-01 16:47:22 +0000
1357b273b7e690ba9f9f5ab508b6e4b7b65fab5f,2014-01-01 16:47:06 +0000
830c864fd9703bb536377a4c9079ae0dc42acdda,2014-01-01 16:46:27 +0000
117cf6b7a2a8f63e7c678208d865b8185a50e67b,2014-01-01 16:45:42 +0000
441e3d3e7fcf85f76c6fbc1c64dc682ebd7c0c27,2014-01-01 16:44:00 +0000
9e2572bf57a2e6d22b40496b9937bc0cd4dee084,2014-01-01 16:41:48 +0000
5cd3ca8ae57ab66f01c3d0dc8351576e0101e83c,2014-01-01 16:35:37 +0000
ccbc8ab69d5e3a9b664be7c1233437da832f3dfb,2013-12-22 20:38:38 +0000
29e6a709ee1a543ed4533c298c3505d3bda69328,2013-12-22 20:38:04 +0000
7104442e63a882cf7bdd3de5f1ff533c41cb1d77,2013-12-22 20:37:22 +0000
b5ef1eb1a7dd34a06cf68dae4bfcada9e1121818,2013-12-22 20:36:50 +0000
a6c3230c837dc847a5ff2377d906c6e3fede05ab,2013-12-22 20:36:06 +0000
4a736ccc6a86953fc3a7766fc2919efd4d8670af,2013-12-22 20:35:14 +0000
7347aa282ee00139bbf7a7cc35e5c8224ed07ef5,2013-12-22 20:34:48 +0000
9c9afe5e533fbb920235a339debda381d1e1393a,2013-12-22 20:34:07 +0000
cf05f7401c345264520ce757c6a448b15d11111d,2013-11-29 20:58:29 +0000
80b53f344cdb722da087c10d0481b7360f3aa86e,2013-11-29 20:55:15 +0000
89facc95eeee6aea62679cffc1d77f53ee1b0362,2013-11-29 20:54:32 +0000
3b155433851f38189819df928e2948aed4a1359e,2013-11-29 20:53:46 +0000
3e7d1e18f38138ecdef97ec994de5d3fac2510b9,2013-11-29 20:53:05 +0000
71e54db9da7985ae947ea5d129238bbdbd0bf313,2013-11-26 20:35:00 +0000
23ea8cc61ef3b0bf3a2d76677a89d0078697d3a7,2013-11-26 20:34:06 +0000
fadfbd3fd12c33f2eaf646f17c33c861cca30139,2013-11-26 20:33:20 +0000
55e6182d9d0b615a92b2b28f105002a4299d2275,2013-11-24 20:41:02 +0000
8f99a056d0c4cd3faa7a7e3c286e20a01ac3e601,2013-11-24 20:37:56 +0000
e79b5106d6268622f977fca37e777f6c57a12d1a,2013-11-24 20:37:05 +0000
66b85cdde2b5107a58a36239a1823da2643ae352,2013-11-24 20:36:23 +0000
0ef01c3db0127bfcea9ff36f6ffcad50f6e98167,2013-11-24 20:35:03 +0000
4ec1aa414cfe0c0fd3637e179dbb727189e9e532,2013-11-23 12:44:38 +0000
fc0bd54974ad45340d650c764f3bb20f83cf95b0,2013-10-24 13:13:44 +0000
e304a3350d4ba636e321242560fa016d1ec53752,2013-10-21 14:57:21 +0000
5cb0099a249f4609702e707d5846aec761cf49ca,2013-09-29 20:12:54 +0000
2f60a82073b81ca990ac941a68fc5f2667b31706,2013-09-29 17:41:26 +0000
0c251ade81a728d178182ae6ca68411fcf484125,2013-09-29 17:35:28 +0000
5840b22a9049ca18258e0c685ab7f402f0b6470a,2013-09-28 19:46:57 +0000
6374d4b34601c5bfe12dd2743b58a95b46d54f9f,2013-09-28 19:46:30 +0000
489e623cb3341b909690d9fb66a15ec773b206cf,2013-09-28 19:45:51 +0000
bcf4d6ff755be9727079fc06f538fb7a5865d3ce,2013-09-28 19:45:24 +0000
b7c2518b6647af62345ab05d4bfc7e160117151b,2013-09-28 19:44:48 +0000
bd2b3623e3d268dd59474888052cbc6c8959aa19,2013-09-28 19:44:17 +0000
0b690f20407872361fa0f5273d59abe2892aa689,2013-09-28 19:43:50 +0000
8c7a96d61e9a2e1d286a4e110b0e70a879782758,2013-09-28 19:43:09 +0000
d496d7cf65ac5c21495e6c18ce601324953dbe06,2013-09-28 19:42:43 +0000
3aed966b3717eb9960eb6018da2c2f29d615930f,2013-09-28 19:42:10 +0000
0046a546910d9aa0d7a3e7848f479ba4eec5e5eb,2013-09-28 19:41:43 +0000
33a1702da24d1649bf1301db1b266e91a0d9c88e,2013-09-28 19:41:08 +0000
554ee0783544975b6e915361dfa2a50c9bdffc4b,2013-09-28 19:40:40 +0000
62586a11e4b4592de5887bc0b6dad6e8928dfc64,2013-09-28 19:34:17 +0000
0b40888c0db31b83792f8f39fc7f79c99bcc69c0,2013-09-28 19:33:50 +0000
2f8c11c352e376a0c54e4c58e6e88cfd770976f1,2013-09-28 19:33:24 +0000
4303fa8fd84b4e976602647f5a9bf3380342e2c5,2013-09-28 19:32:46 +0000
92852e9c536a206e7051f17c79c105d192fac7f6,2013-09-28 19:32:06 +0000
4bd316570449e50105cbee52c9afa272ae4658c3,2013-09-28 19:31:27 +0000
174d036909074e0fd4ae3b8fd335c6048fe42203,2013-09-28 19:30:49 +0000
e095a79dcab6d783032e5ba308c92f8fe60603f1,2013-09-28 19:30:08 +0000
169a75310ea021421d2f72a3cbf04dc7f615eac2,2013-09-28 19:29:32 +0000
2321b8fee7c940198ea4300bfdb1ce9d902e0189,2013-09-22 17:59:12 +0000
4e6e8431eb5e6128de6d3c31721476a2a21be3d3,2013-09-22 17:51:28 +0000
4d41223202b089be26e84642a0d298db474e56be,2013-09-22 17:50:51 +0000
ee516d6c6481ddaf99600608264a89408c543635,2013-09-22 17:50:15 +0000
571fb09706546d8f2dfa64451f608c5694d5155e,2013-09-22 17:49:36 +0000
65677df01f43fb8f2b97937ea66c100c941680ee,2013-09-22 17:48:59 +0000
cd92c7d169681cef8b0d91e20a3347b7710c6279,2013-09-22 17:48:22 +0000
0851ff85fc86e9ee2d31a49eab552cf7b28941df,2013-09-22 17:47:45 +0000
84e8caab1270bb66556f68ac6b2fb2dee9f36e03,2013-09-22 17:47:08 +0000
f2e8f5b2c6db8670663c638361771acf5271ee28,2013-09-22 17:46:34 +0000
23863226ef3e085e77438d3e80df548461f8b42c,2013-09-19 20:23:55 +0000
2c8024697b6cfe35b2a2316f59938d278821bfab,2013-09-19 20:18:35 +0000
d880d6db81e518ef06a70857c5a3125e5e8918e1,2013-09-19 20:17:48 +0000
004c170b12af4c089c35709b2820b9f860a66640,2013-09-19 20:16:59 +0000
0653e8c3e9945e10ae80de9161ce1267dba66a52,2013-09-19 20:16:25 +0000
5dce7b8948fb6fbc9951d2815ab07620ab77b1c1,2013-09-16 20:26:44 +0000
42f43a5d3663414e9394654cb66be8ec13894050,2013-09-16 20:26:02 +0000
16adc7368606a5f638d46ba2c2c81a75e7a27389,2013-09-16 20:25:18 +0000
aa94b73fbd7307fbc73208d0c1e46c129b04673d,2013-09-16 20:24:36 +0000
e878bc1df9cb2e8c82dc6e1da99185fe7ef02e9a,2013-09-16 20:23:54 +0000
60e232bdc6440efaf054086df88d353fc8a66bc3,2013-09-16 20:23:19 +0000
c764f0c2907e42129079769f75b24ea415beeab4,2013-09-16 20:22:40 +0000
5965281e440e8773606dbae92d1bf915ad8f04c6,2013-09-16 20:22:17 +0000
2c1c3ed90815387077b6e32da911e4c2634c73ec,2013-09-11 19:37:53 +0000
f650f3892e52d4468fa70d0a3acae84f2bfd06a8,2013-09-11 19:37:10 +0000
dda31173fed240eff03fa186f9983e0c0ebbbf02,2013-09-10 19:32:13 +0000
d0bffaf3c4af933f47a957456355dadb67068d0e,2013-09-10 19:31:15 +0000
6c12104eed098db68bf61898b21592869205d706,2013-09-10 19:28:59 +0000
d0095e1ae48bc18bb1df8855bfecf94f4ed33d86,2013-09-10 19:28:20 +0000
2522529aab89cd879ff1a07afcc86dcb396d7b24,2013-09-07 19:53:22 +0000
9d5c0c404b19af8301082db14103569de55e6868,2013-09-07 19:46:59 +0000
07c4928e9f770829ad0c148236c7ebbb13cf3bd1,2013-09-07 19:46:40 +0000
f4795d58950af80b22f6ed2f31ba353ab28ada2c,2013-09-07 19:46:03 +0000
cdad8821a22f60faff110be9a09fbfdab930900f,2013-09-07 19:45:22 +0000
0826bf67ba9adc91cc3ba32fcec5fb63c8798be4,2013-09-07 19:44:58 +0000
8d980822c064126c48bb56642caf2be0b6155dd8,2013-09-07 19:44:31 +0000
0346c07b86164f24e7d5cdac85399184ee914c08,2013-09-07 19:43:47 +0000
cdf590a05a302aafe8d59f97c849e565260ff81b,2013-09-07 19:42:58 +0000
fa5afe17855731ddc60feffb8e5d9d46c6f58180,2013-09-07 19:42:17 +0000
9122ff59cc9060ffc69951173a0dc1994984db68,2013-09-07 19:41:25 +0000
c32966412d1feee1ce6c385c3ad3ec29819e483d,2013-08-24 19:52:46 +0000
60e137f1fe01f5756bf288e778c161eb2b3d7773,2013-08-24 19:52:22 +0000
f24ab85add711b380a1d71f9fc22a7f3b83225f5,2013-08-24 19:51:16 +0000
45b2f0e7267dee61bfcb7e7c38e0656c25232c87,2013-08-24 19:50:30 +0000
1ba59997e3db8ecd047f7f843124d45369f88e46,2013-08-24 19:47:02 +0000
d578f402df55e2b52c51c0661e20d76d9da0d59c,2013-08-22 20:03:32 +0000
52e20c130f00d26141bdc7f49817cec06501716e,2013-08-22 20:03:09 +0000
593c0da150ef0725322b26ebc94a8743a76c6341,2013-08-22 20:02:47 +0000
fe2dcf38225a652ec1784d4d42af05dc663d323a,2013-08-22 20:02:25 +0000
9f684df63f7fbfaa0fdab857732a91775f4bfec8,2013-08-22 20:01:55 +0000
5d0135fa0e7e02f410696bea2df792bd01ac63a5,2013-08-22 20:01:24 +0000
1a547fa4c07f5cf51183cc8cc23879838b42a2b4,2013-08-22 20:00:52 +0000
33ddcbf37b5ee71ae15a1d4bd52f27d94d7b9820,2013-08-22 20:00:19 +0000
82c7256b626610186111bbc8b8f9aeed6bbc27c9,2013-08-22 19:59:46 +0000
43eccce1c0443e2aa05619f72c7ef532a9b11d69,2013-08-22 19:59:12 +0000
2cd86cf5b433144a5ab497a3c5d4257541d84961,2013-08-22 19:58:46 +0000
7e403f1733bbafe24047e9fa18dc48cc1bc00f81,2013-08-22 19:58:04 +0000
d10c5b92f862b7c06dae19d281096002f864f4fb,2013-08-22 19:57:35 +0000
bcbc29a607826bd91bd5abd39e399535c612270c,2013-08-19 14:35:00 +0000
c92cf00e66b8b5215636a283eaed7f519e0a8f92,2013-08-19 14:34:23 +0000
b8f73b2b6e06e6c68f132a26eecb69b76a2fe768,2013-08-19 14:33:48 +0000
6f3d97ed43d0a671c20ed66069bbcb6613767009,2013-08-19 14:33:13 +0000
2f493979071b0700490ff2e2637600f0fe079280,2013-08-19 14:32:38 +0000
8e06178498e88eda790dc068f0c3cef3230268bc,2013-08-19 14:32:09 +0000
6bd38add159cbccd950e0c2063e5be14abaae878,2013-08-19 14:31:31 +0000
9698a1e70d3107558e820834996efff83a39d729,2013-08-19 14:31:01 +0000
196a5d64b35540195adc13511c18bdd9269fd22b,2013-08-10 17:01:00 +0000
953a8b7b19afd6cb83e86d1f053ca291ee453c8e,2013-08-10 16:51:45 +0000
191c4fb8c4f0a0a05c9ea309109854a6524423ff,2013-08-10 16:51:12 +0000
a7e79bb52037f0619b6069873e347faad935300a,2013-08-10 16:49:31 +0000
a1106fccf283ce0f5a8a40156dffc8782b5ed83c,2013-08-10 16:44:04 +0000
877dad4e58f5e2110bce0d4dafbf370a09c844e4,2013-08-10 16:41:19 +0000
b91ded7812acbc010ac155eb26545535ab945121,2013-08-10 16:40:56 +0000
172425df010999a1b8407ef1d190ce0647081665,2013-08-06 19:16:43 +0000
ebe3da80013b7c9317fba09aa4965308df4490f5,2013-08-06 19:16:19 +0000
0d64a0f836eb0f5c9da2595b77b2026815c0d0c4,2013-08-06 19:15:59 +0000
0ffb875064a967fff15c7874ce0cf56d459c45a0,2013-08-06 19:15:21 +0000
c88169a5d00a8a8d9cd3ee80663738d790cee58d,2013-07-20 20:38:02 +0000
57f486fe9a8907a0330c5e79218f2308ad2783c4,2013-07-20 19:33:42 +0000
60629ba55e103d02ab692be389110ef9e90b02af,2013-07-13 19:46:19 +0000
2388c5689d8e5f5c8d45c53d258fe104b0819977,2013-07-13 19:45:55 +0000
f18b285a863ef2167d6fbebc90427d5eea8a89d8,2013-07-13 19:45:08 +0000
f96da38174cbf7141cae7effea68d523e3d1f0cf,2013-07-13 19:44:31 +0000
55fc6ea5d9a411738462bc0c73ee812b7a6e4f12,2013-07-13 19:43:35 +0000
5174dadf1e95e483518f082a82917a44efad4de6,2013-07-13 19:42:57 +0000
bc5ea090655fea3aef7b133df22642b0576227c0,2013-07-13 19:42:20 +0000
8bbdc341713f191eee2419a60707f92129df5a95,2013-07-13 19:41:26 +0000
afe0941500b5bd4288430ea4330e03ffe92cbd66,2013-07-13 19:40:49 +0000
27e38e4296fdc6c7bb95ee45518e84125259964c,2013-07-13 19:39:38 +0000
e733ab4d48badd7c4ebce80633898c6471649638,2013-07-13 19:38:58 +0000
7022e3caefece31b3fd20b09d5488e4806ab51bb,2013-07-13 19:38:21 +0000
3d5b00c00536391c533b6f8ea9549172c75031f7,2013-07-13 19:37:44 +0000
5434936637597ee27b3c339991dfe37f7c311ad4,2013-07-13 19:37:06 +0000
06e0f85137c0726143ba178fb7d8cc18cd1f23c6,2013-07-13 19:36:29 +0000
fe996ebcd4c52b6d1bce80f04af1116257123445,2013-07-13 19:35:47 +0000
415e4e314b7f6b9997b002aafc1db5ad83c864f0,2013-07-13 19:34:52 +0000
c731086fa1e6130c722e82b31494908478c2d7b9,2013-07-13 19:34:15 +0000
a35b51589b2a60b9280741dee9a3ffa993ec74e7,2013-07-13 19:33:20 +0000
7af1aed90705725024d3442163d0ea7290a19fea,2013-07-13 19:32:25 +0000
4839dde965cf7a55882cf6202eb95f7702f49c9c,2013-07-13 19:31:48 +0000
dcab42c9e5d07740ddd636b54c86a46b3ced67af,2013-07-13 19:31:10 +0000
6ae5b782f5a637b5c2db45b1ef1923bde96a0d03,2013-07-13 19:30:31 +0000
01091e9683eae600a23fc91a3e7a6379e3d8af7c,2013-07-13 19:29:34 +0000
8ae3cdf7dfc03c5f6d02cb83f9d054fc0c84c1aa,2013-07-13 19:28:57 +0000
e2ee9cbd43707e8d34248eba67f2c17fa25e05ef,2013-07-13 19:28:01 +0000
75f25e2d28e8255be69eddfa0a70b29b8f98b706,2013-07-13 19:27:19 +0000
781c0dc5b240b826155cca4e02b1f3e3006dc3aa,2013-07-13 19:25:36 +0000
8850d53590eab541ea2aa3b5a6e24de1d57d03f1,2013-07-13 19:24:36 +0000
dd4e7cf4ed97e22bf81a84d4f19d9a55be9f1d21,2013-07-13 19:23:41 +0000
fd19235ddf3b1e0290fa06e67ab30eaef2312cf1,2013-07-13 19:23:04 +0000
89379a7e4e5dbb2d4553d2d085a899b5a0769c7b,2013-07-13 19:22:08 +0000
9ba74b992dad3a3879e65730e085b8823d286199,2013-07-13 19:21:28 +0000
3414dedaef9f799d9bd108245829cc5b1fa499d0,2013-07-13 19:20:33 +0000
ee5885049faf1933fac107065874d54a2c6ceea3,2013-07-13 19:19:35 +0000
781d156f3cd0e117e9e2eefb36dcffe7cc93f505,2013-07-13 19:18:39 +0000
77c426e13799ec372b59f4ba07d3c35e9a6312f3,2013-07-07 17:02:33 +0000
998fc42b9a73b7cef079fcfe99b1f36da210bf6c,2013-07-07 16:51:05 +0000
cb4d5716953241722d75a5ccb7fb796de35f8a10,2013-07-07 16:50:29 +0000
e451fa6f5bc82b45028473b55e73d5632c491d6a,2013-07-07 16:49:50 +0000
7083136e0e386719aa7a22111459f55b12e55bf1,2013-07-07 16:48:44 +0000
8569fc6b3449c5e363a4d483656004bf4ff9aa48,2013-07-07 16:48:07 +0000
6f8bf27f557b776a93dea18dde895e187583aa53,2013-07-07 16:47:42 +0000
3b8981a900f1903a7a6c6ba512164491fcbc9c8b,2013-07-07 16:47:02 +0000
262490298fcac5d15220797e0796876197cc74e0,2013-07-07 16:46:39 +0000
d393b7d1d0450cafa205b07fd0efa9547f31e8f0,2013-07-07 16:46:05 +0000
2fd1cea2efb9076efe03ec5fd6fbbc49a9de59ae,2013-07-07 16:45:45 +0000
1de6a519e502c2b7f7f15705d2f74aa79460550d,2013-06-27 20:24:01 +0000
db465e82b5cbf29fefd4c923e8adb8f2db2bc2fc,2013-06-27 20:23:48 +0000
125b2261cec611c4a372f9eb4062ae1ce4cbd9df,2013-06-27 19:48:23 +0000
7be73506fe09e01094a87fa99e21285f279c710e,2013-06-27 19:48:05 +0000
60aa168c1257e3b0ea923e22840a1ff695c2ee1f,2013-06-27 19:46:36 +0000
6341396bf56c52ea1986f2b317965f013925215b,2013-06-27 19:46:12 +0000
255f42f8009c7c9ae147b3c490cb5af407b4e6c1,2013-06-12 20:17:49 +0000
db5ceca8103c900126d1bb68debe03bcaf95654f,2013-06-12 20:08:22 +0000
7a614a4489c4c75848f7dfae9825e549047045a7,2013-06-04 19:53:09 +0000
6000b1a1254d750926fd123362769c191579cd74,2013-06-03 20:26:33 +0000
95ee5732512aa6b8e548a944d869ba2aff7f765f,2013-06-03 20:26:18 +0000
233d290e74c92d45f011c89d741d026eb12f3336,2013-06-03 20:25:28 +0000
aacdca256f61728f49af4f97caf5ee86760d3221,2013-06-03 20:25:05 +0000
2745214dedc53ce89c62ba57893a67848613b652,2013-06-01 19:59:48 +0000
aef15bf69864bf958dff3711c82d3aef3e6df61f,2013-06-01 19:59:29 +0000
e3cfba347e7da9b717b629eb9a6c390f1f6f9b0d,2013-06-01 19:59:06 +0000
1c246e8a3baa6a6d1fff9c1c882d21e770f2a72c,2013-06-01 19:58:45 +0000
73cf07a0c1a8fd1d7b06178e50b47cdbed4f23cf,2013-06-01 19:58:15 +0000
8daad2502e8f68b4ee0d24bb5990f578b77e4368,2013-06-01 19:57:42 +0000
909856aedd3119b091ac684500e77617ca794e8a,2013-06-01 19:57:21 +0000
2d257bd2e7c89ac3067e1b440a9f22645f9e0f82,2013-06-01 19:56:41 +0000
019462f82da92d184c7e6a2b0ca5f8ecb6009e3f,2013-06-01 19:56:19 +0000
b584ffaa3c73d686ecccff9c0d1ac3c58b2a549a,2013-06-01 19:55:58 +0000
3ce34eb67026ad9311bbc014caa85351effb45c8,2013-06-01 19:55:19 +0000
342437cff683d53aa1155a4411b18b58e8c56123,2013-06-01 19:54:44 +0000
fb99dcac2d620ac5f277e33d09ba6577fb906d95,2013-06-01 19:54:27 +0000
aca71b7fe3a26e4adb4cd12b186b045d9cee4182,2013-05-25 19:09:41 +0000
5fab7a143dddba15d8f4eddc4e323956c7fc38ea,2013-05-22 20:12:47 +0000
582c40aa159efa0fa5b72d23f2d24671e9776fef,2013-05-22 20:12:16 +0000
d3891e97c46ef133be3b3d2d9c3a272c6526910d,2013-05-22 20:11:33 +0000
18c55d7c4fedd929486d317a8fcd2f8f442c6a5e,2013-05-22 20:10:47 +0000
a0b8f48fe6eeb4d03cf2ad069c2a518c3279dce4,2013-05-22 20:10:05 +0000
835629765d1c6297f6cb5dc6d350cce1cfbfab7d,2013-05-22 20:09:44 +0000
9f5468faecbe356c7c85bac7d987f8f4b9185d97,2013-05-15 20:06:45 +0000
60301da8eaba925045104231e3618d89bf8b6547,2013-05-15 20:06:06 +0000
ad356da0f6b10e4ab32c575f85b719d184ba32cc,2013-05-15 20:05:43 +0000
94aeffb3636ae371e8096a71156aeed02ff92091,2013-05-13 20:27:02 +0000
fb2cb222c5aa1bbc51882a79fba752b8008efecc,2013-05-13 20:26:32 +0000
e6f4229ef5f582df0969e7b9ab569ba3b7e9e7e4,2013-05-13 20:25:48 +0000
1807456d741a3f6d85b8d6f0916fc451237a8e44,2013-05-13 20:25:19 +0000
17ad6f251bd8555532dabb9ece30ddcfa75a1633,2013-05-13 20:24:53 +0000
5cb35f537b3a7ab36fe0936ad08e96f3f94c044c,2013-05-13 20:24:12 +0000
5d230ac1de25d1d293d338ff29906f4dc4e32955,2013-05-13 20:23:37 +0000
f421ccca7ce5ecf4701ddf789fc2d0330575a922,2013-05-10 19:16:40 +0000
de3246c04ebfff20b377e2df0780cc0e6ef33c30,2013-05-10 19:15:59 +0000
a8444950ed8cca1cf7df510e12cd2b0128fa1a18,2013-05-10 19:15:28 +0000
feb23ba576da1f9ce640693e20417728bb4ad35f,2013-05-10 19:15:05 +0000
edd27c7a9e822c4906ad7decf3a05f28929a73e9,2013-05-10 19:14:27 +0000
78a53b459d73cc5201a6e5bee98a9479e6fcddf5,2013-05-10 19:13:59 +0000
5131a4761e2d0a9fc5ccf3ae7d692556ba7361b6,2013-05-10 19:13:13 +0000
d115f5554e5e457d5cf60983e060d25d71a28e19,2013-05-05 20:26:37 +0000
01ab38cb36f84870471b53239e0ffec576135815,2013-05-05 20:25:34 +0000
11c6fba7f5ec596ef018c6fae1c12b1196117ce8,2013-05-05 20:24:25 +0000
176ae7dd4247d66c212dbd84fca23b357bfa5df6,2013-05-05 20:23:14 +0000
26ef86da314e3a92fa595df6aebea79dbd162949,2013-05-05 20:22:27 +0000
8afac364a9d2c21314b7432dd870afacb79ce0c3,2013-05-05 20:21:20 +0000
14b2000e7d066adae5357c33e10c60c720b27a26,2013-05-05 20:19:47 +0000
d3050f7ee8251d00ec513e729bc146342e102480,2013-05-05 20:18:23 +0000
eb661f92572fb892439b1d59e9b100a32479a414,2013-05-05 20:16:52 +0000
b4f3bce56bbefbcc42446edc4ef6f451933b40f7,2013-05-05 20:15:24 +0000
67f16f4496816da74afe8ba565722a942a1dbc62,2013-05-05 20:14:12 +0000
2744a575c107ac90599aa6b849d7b53534ec17f6,2013-05-05 20:13:12 +0000
8b5ce79910d3b22af590cd3d6f787379fed41b06,2013-05-05 20:12:03 +0000
3a6ec3e1cd09a6a1726bee2ebabd86ce2509cb9b,2013-05-05 20:10:26 +0000
a3a990bd85efee814022b733a46e322ba654cf73,2013-05-05 20:09:18 +0000
779548ec8ab1dfd7c025454fb5697c56bb8443d9,2013-05-05 20:08:37 +0000
883aaa7cabaecd7c1f1ec12729a4620bf8cd9c6d,2013-05-05 17:37:31 +0000
fa619ab65453dc480769d316f4a3823255dc1927,2013-04-13 16:23:07 +0000
3f794fb8e6b9d93b906b07fe77a248d5ecd8152b,2013-04-13 14:45:15 +0000
9ee2472c261de017fb0abb729611ee268c7d2b30,2013-04-12 20:26:26 +0000
3693b03c87238cc8bdfa81145942c2896b036a5b,2013-04-12 20:26:05 +0000
25d3a19a6646e2af5354f1078e2b125d8446788f,2013-04-12 20:25:24 +0000
43859713158eb9599657cf7663ddd9f6810dad62,2013-04-12 20:24:46 +0000
e468b28de55bc8475de6140080031cb4feec0287,2013-04-12 20:24:02 +0000
e22e2c1227f5d3173670294cbca3cbfde5a38a04,2013-04-11 20:12:21 +0000
a6bfb5ffe8c92f78877e5590aa70a5e0c32d25d3,2013-04-09 20:00:42 +0000
24213a7bb21672824d76a733775f8e1059568282,2013-04-08 20:00:35 +0000
dfc6dfa3ed711d08678fabf98fb70bdf1170820c,2013-04-08 20:00:12 +0000
c2fc73eac805ba7f580d3b45534cf51f54f4ab3d,2013-04-08 19:59:30 +0000
9e0e7ba226e05bd3ac42318903cd326102d5c7ed,2013-04-08 19:58:43 +0000
93ccbb1c37e8ddde4fb008ddda42c367bf29cd3d,2013-04-08 19:58:02 +0000
8c1ab0dbbe2ff8aa733fcfeca774ae0dacaa6ca8,2013-04-08 19:57:35 +0000
1a5fdcabe57feaf0098989cb7159309efb59a8d5,2013-04-08 19:56:49 +0000
2908e3caffbfae51ea195cb96fb55c3b14f5bfc4,2013-04-05 13:11:54 +0000
9f8259130143e9d35fbb904742d16d99e36f72ac,2013-04-05 12:20:23 +0000
5755533ee0d4c2a0ae42825978bb97a141823b5d,2013-04-05 12:19:59 +0000
eeee2761426556ece1fc95699c137b19980ba320,2013-04-04 19:45:28 +0000
537bbc3811a5180f564a3be0c97df9ad12a470a7,2013-04-04 19:45:08 +0000
029b53032cf0b0a5089b3fc817fb35c33b8dce7d,2013-04-04 19:44:26 +0000
456a8b8bd4a4e6f054278ab343104333278f6cb9,2013-04-04 19:43:49 +0000
0595560bc3f689af3fa40787d45450ee22536eea,2013-04-04 19:43:22 +0000
750474332b7225dc708cd3c733e5a4614119b8cd,2013-04-04 19:42:58 +0000
f561ac8c6d54e6aeda665fee6654320689a0d10d,2013-04-04 19:42:32 +0000
2d4e2e9577dfa5098ff2583968aee812a6ce6e58,2013-04-04 19:42:07 +0000
6651a33f96e4faca254b99aa6c461552d75a66c1,2013-04-04 19:41:40 +0000
21fb80f02c177a99cccd69899703424eab803c34,2013-04-04 19:41:16 +0000
3944ea87e35e532107feb0a60a30516648835c0a,2013-04-04 19:40:43 +0000
9330d70d16a047ddf2099e019b047d78b2257592,2013-04-04 19:40:17 +0000
ea5fae68705df1caef702ab75beca15c15498b4a,2013-04-04 19:39:55 +0000
a4a203837a8335046e5b52bcd0bd86979b70e129,2013-04-03 19:16:02 +0000
e24be4ba359b88639024804af8aed3e97a9f5fd3,2013-04-03 19:15:42 +0000
0632edb1519fe52f8ec9a2243a195878deda2317,2013-04-03 19:14:51 +0000
e1628b3e03b70ef1404104adcbf92ee971ee0484,2013-04-03 18:53:50 +0000
08d3d43008c1ea310738d0fc351cc896f8ee1f95,2013-04-03 18:53:03 +0000
337805911f4f24d10f9405065d2029437cab6dbc,2013-04-02 19:11:14 +0000
ae90d5695b7cb91c082410c39513282f694fbef7,2013-04-02 19:10:34 +0000
39e0246b9edfa9a9ce3a7b68d8663e415eb98ac2,2013-04-02 19:10:09 +0000
25853e108e0714bded1a87249122f0a8ce845dd5,2013-04-02 19:09:43 +0000
b0445482b2849017e046e851772634909c6799c0,2013-04-02 19:09:09 +0000
b9d9c15b12338dee2ee9e70c5e946b980c00c858,2013-04-02 19:08:45 +0000
66690ebb70b4c360b878ae961c26fb5b326066ac,2013-04-02 19:08:04 +0000
814cd0b6007aa09e6d157eb10fd37db0a8bdf71e,2013-04-02 19:07:36 +0000
31c49ea73ccf19709c22c33988f80179b196c883,2013-04-02 19:06:45 +0000
514cdf8f1ae0ebff29e600e4888928bb28b18345,2013-04-02 19:05:56 +0000
369a9ebc8de0d3324485c95576d8c984078109e0,2013-04-02 19:05:17 +0000
2c479488be7d259047e9c83a6a2d1201217f7615,2013-04-02 19:04:39 +0000
0b04604af89807554cd869f5862cb46922cd99c1,2013-04-02 19:03:58 +0000
01f91e9baf2cc7c082a1785a5218c236cf7b19ad,2013-04-02 19:03:39 +0000
8053a0ccb11bf1e5bb66f9ebb6e409587debdc25,2013-04-02 19:03:08 +0000
b03b7f48455b3b621a0947368c5544acfb258b24,2013-04-02 19:02:38 +0000
b98ab88e4b16d9ec5fa5b99a6faa36168341d148,2013-04-02 19:02:12 +0000
5ec67bc0f389e6dedf8516093df92be5615fe488,2013-04-02 19:01:44 +0000
46215a6c93189656c6499060706225b442de5bbf,2013-04-02 19:01:18 +0000
159cab5bba151ecf7bb9f952ab043ca5e68517d6,2013-04-02 19:00:53 +0000
5b50626f98ecaeffe3351ff4bf6181bad0962236,2013-04-02 19:00:28 +0000
f60f0f36d00b16e9b04286785c5bf58a8cec3a6a,2013-04-02 19:00:01 +0000
5129aa4b3c85776e0b9041a46487693381bb56b9,2013-04-02 18:59:34 +0000
0f1247700fa007e07113c9a8ff5149a16d7dce44,2013-04-02 18:58:58 +0000
6c99063261a89b5e8384d650a6750c10394094ee,2013-04-02 18:58:37 +0000
71b7db51fb428cc7187396cae8596c30485e822d,2013-04-02 18:57:59 +0000
05fa6003951d79985f16a88a03018734c8c90d1e,2013-03-28 16:22:20 +0000
6885cecb7c4a055ef4ad1a6606f9b3f4b6c17c70,2013-03-28 16:21:42 +0000
bebdeaef1b4704c1cb48f02b381bcd02ca388d9b,2013-03-28 16:21:06 +0000
73a5316ee67210b985cb9bde411132679e15a191,2013-03-28 16:20:32 +0000
36ffe625d400dfbacfa39399b2601ab7a61245f5,2013-03-28 16:19:57 +0000
2c35ca44fccbcbea1af55d3a6179960d63c13a13,2013-03-28 16:19:18 +0000
f754ff17eda2a6e7ea4869c0a592cc9923a58772,2013-03-28 16:18:56 +0000
a598923b9b761940e74a8592746fc4ad0cfecb0b,2013-03-26 15:11:47 +0000
d0dc0246cea1705c91f0522149fd9eb10d20b0f7,2013-03-26 15:11:15 +0000
d22c9670ed548f1f086e575e34a4e498d552ed83,2013-03-26 15:10:42 +0000
a9dd6b3d7f5c1bb9f50f7496ec9070b95a521910,2013-03-26 15:10:11 +0000
34c34383b57a20a2868620309b02c09c3d1aae79,2013-03-25 19:15:08 +0000
17af67920d08fa3b8a7799014a07af1c7361fd11,2013-03-25 19:14:34 +0000
314b529dcdc0015b18b3453c422d36f46883bc40,2013-03-25 19:13:54 +0000
966e52cb5c5f8e50aae78aaf8e5bee38bdc41bc9,2013-03-25 19:13:30 +0000
0ecb6ae6b4a574490e66cfb52f52cb0707b5fa71,2013-03-24 20:24:59 +0000
73374786bc6e05949c886a18e5fa12cd99c5da8c,2013-03-24 20:24:26 +0000
b6ab0e6641dc4cb58c6bf2b7590ee6cf825e66b5,2013-03-24 20:24:01 +0000
5a0540938e801850faa8d3e38f33669f636a7ceb,2013-03-24 20:23:35 +0000
a4aad006d717e90f376517017065aafe21c63317,2013-03-24 20:23:08 +0000
d96d8be57a20af9bdb57526d948d688695f68be5,2013-03-24 20:22:36 +0000
42dc3a878edd8af97eebc060a46a5990e4eebb4b,2013-03-24 20:22:09 +0000
f557adfe1a4ca5602814bac62971eb10f05fed58,2013-03-24 20:21:44 +0000
8a1cb8f6e6ff4620251dde1da756b300df136b79,2013-03-24 20:21:19 +0000
ff1d630ec4f90e2110f9a277138e60b5c9e4a804,2013-03-24 20:20:54 +0000
9a1cd8e7ab28679ded46cf837593d34257b659c8,2013-03-24 20:20:21 +0000
0402c04011af5208985a70787b443562c2927e81,2013-03-24 20:19:55 +0000
9610820d30f8fb37795be48dde43c0b0913f564b,2013-03-24 20:19:31 +0000
3265d853b4ba714841794628dd333e597f91529f,2013-03-24 20:19:05 +0000
5146063351bc9fa4e6f985825e05d0854e0fe654,2013-03-24 20:18:39 +0000
b729fc3a778327fde5f2874196a21be42c267431,2013-03-24 20:18:13 +0000
b6f42adaadb4a13a9caa7b9346297c3f495d993d,2013-03-24 20:17:49 +0000
e6b85b02c77ea6aee3b1e34ed8b0a615313099f4,2013-03-24 20:17:23 +0000
a293ad5e9f19f730cbc03fda3d91195bff15edbb,2013-03-24 20:16:57 +0000
c8b5d6fdbb19b3713882e2dfa2824f1eda295150,2013-03-24 20:16:33 +0000
3c2862a23bb5d3d988d1e8fefb3ad1e004f7e231,2013-03-24 20:16:07 +0000
5d23a96a09f7401ee5fdb9d5b1fa2588e8d6d2b9,2013-03-24 20:15:42 +0000
36d47e6516720a37838e78e3501ffb5d45695644,2013-03-24 20:15:05 +0000
50eda74b596278b5c09d9cf5e1a89c6472caba4d,2013-03-24 20:14:28 +0000
3a35c7e96f8fe24225179068f8ce4ac7d917fdba,2013-03-24 20:14:09 +0000
69960a803fc2335b340f0b0aadfa3f6c8e8440ef,2013-03-22 17:49:27 +0000
0505840adba71d82f41cd9715b193b541c0cdcec,2013-03-19 21:10:32 +0000
dc43aea033c5f3f4a38afe9ea92531a8105637b8,2013-03-19 21:09:49 +0000
95728ed600b8d4671d68b280b6d590d5d6386e41,2013-03-19 21:09:08 +0000
c7a92ba33a3fafc0dad8cc4d48d3c5058ff26570,2013-03-19 21:08:34 +0000
6d25168e90dbf88b6cd8975c7bd2a03581214ddd,2013-03-19 21:07:22 +0000
20bdbcac7bebe3577d2063cc0dc6503abd92901d,2013-03-17 17:44:15 +0000
6ea0ce4faab0239946a0282ecb34c8cf6e300deb,2013-03-17 17:42:51 +0000
d371c2cf006fd21a96adede348bda3562f83389a,2013-03-16 17:47:39 +0000
df0b3837f1118d1b97a802da85a6984f1ca223c5,2013-03-16 17:46:31 +0000
bd6a3f6a7476f7c16ef484bb2609aefc0c6f4830,2013-03-03 21:20:19 +0000
9feb4d598026a3b3003116e2a80dfb17a99402d0,2013-03-03 21:17:21 +0000
b8d719f9fb5b13511dbca62f1ee1fa74f8aa127d,2013-02-26 23:53:27 +0000
a9fdd61cce9ec9d99ca7c1944b85ee82ad90f2c4,2013-02-24 15:22:10 +0000
3bfcf546926f3a1a92365603b7ebb03881fde919,2013-02-23 20:22:23 +0000
b2bb9c37a73d5ff3623c937f591d58430db16497,2013-02-23 19:52:12 +0000
5254cac9a7911e02bf125699b8780663d2e8d8f2,2013-02-17 18:55:54 +0000
4f84013f4747a939099eb5d4e215fad38ee08ed3,2013-02-17 18:54:49 +0000
383bceb43f4e3bc0ec33ff20743993158af126c5,2013-02-17 18:41:51 +0000
34febd6747d5d84772f579f196d6e84915043a8d,2013-02-16 21:08:08 +0000
47f0f94bcc5ea87b4531cbdf17a1dbf5b8308846,2013-02-16 20:15:19 +0000
9c726bff5c2b0a165308520dfb2809900b119f56,2013-02-16 15:31:02 +0000
dc0210f95f5b1d557463e74283ef4dc7e68ae782,2013-02-16 15:29:40 +0000
29df6f68948664686f888ab31d57fbb8db6d7264,2013-01-31 20:18:09 +0000
9b806f58e85fea61ff177b67464d01bd5f8a57b3,2013-01-30 21:43:00 +0000
706304536444dddad81f8dd4e7dda6c84275425c,2013-01-29 21:05:49 +0000
49b293da97df9f759e8565254b976c2ea9c0d656,2013-01-29 21:01:00 +0000
ca0e71a8099c23ba2b1f7684e9b99bd0d566eeaa,2013-01-28 20:58:46 +0000
09f780b6949edc6b3f83a9a4abc40df51a3fc4eb,2013-01-27 20:40:33 +0000
18b019b39c3a6cccd294769facd44eb06ff78a1d,2013-01-27 16:29:50 +0000
5a73a0c8f66cd0dfe86e4debfb3179d9ce8575fb,2013-01-27 15:38:17 +0000
227c59b6ab60593ec4d61ec84ce7ecc970a0780b,2013-01-26 18:06:42 +0000
df05ff515d38fc8e0d92b8b3b52d940a3fe382b6,2013-01-26 18:05:00 +0000
11619fd9deac58c4467322430c4912bab7c026a4,2013-01-26 18:04:22 +0000
d1fd5c265f80fb4fa2b083a36497a750aba9099e,2013-01-26 15:35:48 +0000
54de5cc0525940d693bf8dc7b5485ba75b03e81f,2013-01-25 21:24:42 +0000
460f40e2d8dd8110687a3f61a47187b3b1a5cbe1,2013-01-23 21:03:10 +0000
e4601582be15def78a2de97072842bd1276e3dcc,2013-01-23 20:48:57 +0000
309cdbc5bb9ab9a8e982cd862e389768581cc1d6,2013-01-22 21:19:59 +0000
bd6a820f56e36f879bfa0669c652726373490ddd,2013-01-22 21:06:26 +0000
1d5cc8333591a88158fd4a63b0bb7518514dce1a,2013-01-21 21:15:01 +0000
fd40520c0a0abe377ff46589a875e47f7e58f62d,2013-01-20 20:34:05 +0000
7b3a57315cb5d5e7978b7a61a3f00f8d5609b565,2013-01-20 17:09:15 +0000
7b510be2c71bebb225b5548f3c32150a44756a20,2013-01-20 17:05:20 +0000
b493301d205c7c826998900c4607d86ae54e51da,2013-01-18 21:14:39 +0000
08bcdb0e693437e1ee6e2c84565e7b2e707aece8,2013-01-18 20:49:05 +0000
24907f050d7ab56f1bcc61725f47df25f3fbeaa1,2013-01-17 21:17:38 +0000
3b2860129773456422f7a0d8ebcde0afaa98c78e,2013-01-17 21:09:33 +0000
1f7719e9883fb768d0283ce1bc87d4aa227c0237,2013-01-16 23:04:54 +0000
de2501507dee1b0d3935b9767296865779e36afc,2013-01-16 21:05:57 +0000
ad1751069f8d2f139d8d7ad6c53c7d7f708fc5ed,2013-01-16 20:52:08 +0000
66a358d1e44b1290bbf2234055d82b3f8e21af6b,2013-01-16 20:44:41 +0000
cff825543077575c732388ab94ff2d4a2eedf42f,2013-01-15 20:56:02 +0000
f877e6fd8bf83117e225301d648f6d35d208868a,2013-01-13 21:16:40 +0000
35e66733437c434cdd99779bc82e5ef0096fa9e7,2013-01-13 21:15:54 +0000
b6401011c6f619b4ab0d9fc1acda21f83a19be83,2013-01-13 21:15:27 +0000
d0eb846a12950da9c0ad1d64243e3d110ce4b1d5,2013-01-13 21:14:29 +0000
f282e66918b3586255ee27331508ba2f3b2c04c7,2013-01-13 21:13:20 +0000
7e92e57d83eea1880994eafcc02e59ce82736b8b,2013-01-11 21:35:08 +0000
0efde604a26e730631ae8bece0d1e137dfcfb5ca,2013-01-01 10:47:07 +0000
1f6bebddb57b7365d51c808a737f661da894e49c,2013-01-01 10:46:19 +0000
0933dfe14ddfb5c46a0fd87c617e48fd3b093340,2013-01-01 10:45:36 +0000
bcd3653524fb38e0b6e85effec822f36d903b098,2012-12-31 18:56:21 +0000
210ecb5015a870f2501ed23eb7a896dfcfa981dc,2012-12-30 19:15:53 +0000
d0db7f2df94c68120e72de479c773dc77d359f14,2012-12-30 18:55:22 +0000
57d8db912f49a8a0550c63979c8d2c1403ccc24f,2012-12-30 18:17:11 +0000
61f0c112ec99ba00277fe3449e6bf6ecd66e83c9,2012-12-29 20:21:06 +0000
6e77b2fb8952c174536de2827f59d9a05fa0a144,2012-12-29 20:19:19 +0000
5bdd4dc1c46eb4949be1a41161ed12aac21b2add,2012-12-29 20:16:40 +0000
662bb261feed2d1bda060e017e98461f83aee1c5,2012-12-28 20:30:47 +0000
eda73a4e157e5032b61baded057274fbb7632619,2012-12-28 20:26:18 +0000
4edd352b6d879b86087aedbaf6da57a2fcf2be11,2012-12-28 20:25:44 +0000
acb7f6466058379d24260d5ef1fb22074a500aa4,2012-12-28 20:25:02 +0000
388b64d1027cbe0d29afd686eab62eed380ee2f0,2012-12-28 16:15:42 +0000
491ca99576dacb5c69d1212a548c8ebae81a1bf5,2012-12-28 16:06:11 +0000
00f36ab4814ce6907150dc360e84cb8a18a2b199,2012-12-27 20:51:24 +0000
c19d84eb377e9173e1ac7a57d1f52102632919e6,2012-12-27 20:33:16 +0000
a9ac5c6eaa9663026d4d984a2ecd5d9db65d87e1,2012-12-26 21:02:07 +0000
b03a1ca49bc72f4b34ee783c1303ccb49d3fce0c,2012-12-26 20:11:43 +0000
f10cb0ae4f7e395bff64990f94cf32ffa21b668a,2012-12-26 15:52:27 +0000
415a96730ddb913bf228d30c88a83687ed7afe33,2012-12-26 14:54:41 +0000
3b98bf44eba7958f12faa33cc0e5635b33fdf0b5,2012-12-25 20:14:56 +0000
76b8cbfb0dc7e343e1cfc8981acff8c68f9dfcbe,2012-12-25 20:13:54 +0000
0eb21d02ca4887b79bf46922a4000877272ea3b5,2012-12-25 20:13:20 +0000
1025a1aeb21ec60ce18d3de1782a09a7fad91028,2012-12-25 20:12:16 +0000
bd1b28cf5bf33d37016689ab5c5dada82adcac31,2012-12-22 16:38:53 +0000
53268179e0b9ca8e7c9691d34dbf63a8a5f028e0,2012-12-20 21:16:06 +0000
1b7528c5a76aea66ddb5b560a22fd35838b77b3f,2012-12-18 21:20:10 +0000
a25788d1da2657302f05eb89d6960af96266fbee,2012-12-16 21:13:30 +0000
ca94a2d775797531ebc4a68f3887404439c6ffe2,2012-12-16 20:35:55 +0000
725029a40fa65cbe951054201524793cdb25cfb2,2012-12-16 16:14:45 +0000
f9e56135abe8828cfca97fe2d5b1ca12ac20ecad,2012-12-15 21:03:25 +0000
1e45d11c95a98c7c8001dcbcba3a605834eb5cbf,2012-12-15 20:39:08 +0000
f0e0c6f782218264faeee9abd453b90a0d8289bb,2012-12-15 19:41:22 +0000
c1c4b4ff4bc25c7ab297ed4d947924169be1cfeb,2012-12-14 20:47:25 +0000
96a3921f80edd8751a288a2a57c2bd4f63b9a043,2012-12-13 20:41:13 +0000
1e2955c629ba2985717978ad9c0525e65ba144e8,2012-12-12 17:58:47 +0000
c196a317e5d5ac4b5e3be88c5a7b19e58d009fe1,2012-12-10 20:59:10 +0000
d6d5f143cc9968aa6e0a040fd374c78e9e355f1f,2012-12-10 20:54:38 +0000
a870e30347d0b2682366701f18f1d5db5665cbb5,2012-12-09 21:20:13 +0000
8aa6ae472136712d4f22672f7aa0f49df0834878,2012-12-09 20:28:58 +0000
a710f13cd2f041c6ecac8d35ef8f91f3ca16202b,2012-12-09 18:58:19 +0000
42e49a4deeee8aab4b1212998c3f0d70db19c3d6,2012-12-09 16:06:18 +0000
faf2e3a259351084520f7072164382591a176980,2012-12-09 15:56:28 +0000
26377555227b9b9c222e0145b55b7b6d1419130e,2012-12-08 21:15:23 +0000
d68a63055a8f131525443dd30827017de3670621,2012-12-08 20:09:37 +0000
7cba99c4f9a9bbf6c270c145af5bbf5796116a87,2012-12-08 20:07:32 +0000
ebf275d8c141caf967f248f3b2537934f352a1e3,2012-12-07 21:12:18 +0000
5c1c04e4160690ff2f179d33105984809a93ed4a,2012-12-05 20:44:18 +0000
2612035deb0c873174123b5f841ef6edc00261b9,2012-12-02 21:21:16 +0000
fe792137624009f17a3945daea475a1acc598e94,2012-12-02 21:18:13 +0000
102bcf36e6d7a4059eb774978ecafe16fea948f4,2012-12-02 21:17:09 +0000
7c4ac165e867a49b06c627d728fd39c46d31bab3,2012-11-30 21:50:57 +0000
7a7ca0e48a6b99c373276b5743ef04f4088ea3a4,2012-11-26 20:39:40 +0000
25be3a18bc2bd5889616c53b009e5b9cd77d54b1,2012-11-25 14:57:18 +0000
285a5831119748ebb6919be89cfcee1c59ab0d3b,2012-11-23 20:42:12 +0000
f231e9068e98f9d511e456fa2c21d1f53292f4f5,2012-11-19 20:43:14 +0000
1cdbc215bc91155e36af779567edd0e2be7d485b,2012-11-16 21:19:44 +0000
9b0ba25ea628f9a7a35f9c25e528c337bad9668b,2012-11-16 21:07:06 +0000
4ef33e6d76b2b74ffdfdc091a5b8ec5006f14d24,2012-11-16 21:05:28 +0000
674ba6513e0aa9a00dfc4888ba63658127dd4cad,2012-11-12 20:39:47 +0000
73463a6171e02a701479ad2b0faa9b6dbd0a728c,2012-11-12 20:39:21 +0000
485fc4610e4f791e610594c2ae13d971096ac7a6,2012-11-11 19:03:58 +0000
44252b87b1100be2b9945ca2284733a5a324cb82,2012-11-11 19:03:18 +0000
55cce81d795ae7155a09c3c12919961adc665684,2012-11-11 18:27:04 +0000
18e68fbff6cf00a5062275398ec3a365acb9454f,2012-11-11 18:09:24 +0000
19cbbe23ba5ca2b01b99ffa8abde33a189dfa85a,2012-11-10 20:11:33 +0000
dcb70962e164cb57d3eeabad6973395e3d7415cc,2012-11-10 20:10:45 +0000
8adeb8892439ea18234a3f6bf997dc9d870e0022,2012-11-07 20:50:54 +0000
bcbb162490a1ac9e960c996ab2572351ec423ac4,2012-11-07 17:13:14 +0000
9642e2426a9c6eb79289c63a1ea50e9c3d2da161,2012-11-06 18:32:41 +0000
77236f7e8345cb9cb705854edacf544dee365708,2012-11-06 18:14:28 +0000
9cba9091a185b467ec12bc00f2dcfdccd5937f5c,2012-11-06 18:04:49 +0000
ec56a4250eddaec8130ad8d2ba3ed8a8fd990ea8,2012-11-05 18:43:48 +0000
8c06e99a0d006c5b621692e65b46a1fea610be23,2012-11-05 17:30:20 +0000
88d3eccc6805ccdb122b0acd50891229646b5ec7,2012-11-05 17:29:01 +0000
ee00f48b5afb64ffc3bc0225d939b5e0bf491418,2012-11-04 19:33:08 +0000
b6ea5ca261037a5b2dcfb5ab6c1553f951354e74,2012-10-13 18:47:46 +0000
8a1cacae0ef2a58f205bc1c87cc39627fc10e4d2,2012-10-11 19:45:48 +0000
83ab9356f3025d565f1506f8f8e153ba306b613f,2012-10-09 20:16:20 +0000
87dab2b420958267c863873ce8699bbf966ded48,2012-10-09 20:15:58 +0000
109086a5c604d4d44073192ec2ad939ebf6d59f0,2012-10-09 20:15:26 +0000
857f04aa09b0104b377122f2d52276fb1aa1c55b,2012-10-08 20:37:12 +0000
0c4a9cf9344f5f39538499ade46187dd02871c0a,2012-10-07 20:03:37 +0000
541b9e8da93997be001b1a606cace92b6dd32c53,2012-10-07 17:50:46 +0000
730d54c1514c71fb03205c3d7b99c7c663c0a405,2012-10-07 17:30:39 +0000
7e7c106bb129fa3fc5eaf5c447b11bf4c847e9bf,2012-10-06 20:18:28 +0000
4edc806554ff0437eeabe54b0b911f5ae3b1ab95,2012-10-06 19:36:02 +0000
6a7171941c5ff9033ce80a538e86f62a13dd3161,2012-10-06 19:35:18 +0000
e90780669a7a24d9ffe88f9469410b1fbcd4066e,2012-10-06 14:07:31 +0000
56ec453a69bb5114419b35c6fe4fa65b569cb264,2012-10-06 14:06:51 +0000
6f934b5d9e9ca9a03d1d1d2ed9f553b7d1386806,2012-10-06 14:06:24 +0000
72f94a16a1cb15df69be24e65b7277eb497248c5,2012-10-04 20:18:31 +0000
81697f09581db8dba82cee6253a82ae911ba7f5d,2012-10-03 19:18:11 +0000
876d1c013ebd65b819b9abfbc74c06ac202e2d28,2012-10-03 19:17:06 +0000
4d6643c8b72bad1a7a9c4e9950edfd3fe5afc275,2012-10-03 19:15:51 +0000
d5f09c79df93b2de0ab2cef4f93d6845ba88f35f,2012-10-03 19:15:27 +0000
dd742ca8e7c3edbcae8a9c0cb89332931c6fccbf,2012-09-28 17:54:34 +0000
ca4eddad7a86f46ddb8a8102c182c55a6c490bf7,2012-09-21 19:09:57 +0000
bfbc68c3988bfd8e097fa229a29621ff93087cfb,2012-09-21 19:08:18 +0000
d9ba52121b7d666c34b35f8a643521947806294f,2012-09-20 20:15:04 +0000
f628e3a2779d471aac5abed576d7808f0ea624d6,2012-09-20 19:52:44 +0000
8fabac5f8af27be6eb4294b1ab1b4e9c47fcda0d,2012-09-19 20:07:05 +0000
a2a1d57bdeb3761c9a2914c99f2d876c30e368fe,2012-09-19 20:06:47 +0000
d142b6e48338ca9dbdfb12b3bcffd93a00433b24,2012-09-19 20:02:01 +0000
563a78fb352ccfaefc88a3baac9b155f9def4a00,2012-09-19 20:01:22 +0000
b43a1cdfceefec0e27290a25b58051d88355465a,2012-09-18 20:07:29 +0000
4664198b9430083507380e9e6b1161e89fe0193f,2012-09-15 19:38:11 +0000
8bc290db0913fb4f951e49da2748fbfe464f70a8,2012-09-08 14:55:29 +0000
793f9fea4a1b7a6817d30aea7162108ff6d4cfe3,2012-09-07 19:33:47 +0000
b7f0bcb4960f16cf2cea0802bf23de6717940893,2012-08-22 18:10:50 +0000
90f522ed91fd33317439035daaf8169e3f54950b,2012-08-21 19:27:25 +0000
4196b86e443079e8113a9e7ffd50a75f15621ad9,2012-08-20 11:32:37 +0000
aec3cc93863ca36e0044c046c961cc06d69e006a,2012-08-04 15:23:44 +0000
70918d3a66258734729b65bd8d1651b470859771,2012-08-04 15:19:50 +0000
900481b4aca6592bb142d39b51a1973c5605ec71,2012-08-04 15:11:13 +0000
3648846d06ac798567feedf46c64a4433e7883a2,2012-08-04 15:06:01 +0000
fec7036c52a8e1d8286114430efeb113c9576fe8,2012-08-04 14:58:31 +0000
3d32b88c1d1c975d71c16e05cf9195685097dbc3,2012-08-02 19:58:19 +0000
f5b751c8bd4512c942ad2a7f871f547efebcbfa3,2012-08-02 19:52:53 +0000
8f30e84c0495f0e6848e27ec13691a44c981865b,2012-08-02 19:48:26 +0000
0ad18f8dd5548e0086bf30fc95b5b02326446009,2012-08-01 20:25:29 +0000
2bcc8f94d6ad9088c3f4cd20399ed4a7626f33f0,2012-08-01 20:08:27 +0000
0130a3f20814ffdc6165fda25ce094cee4c5d324,2012-07-30 19:59:36 +0000
328d02a4ea56362a55ffbfc3e04929f0e3d4ed7b,2012-07-30 19:33:03 +0000
b5e5e702414bafb45037ccf3ddb211c904c38e54,2012-07-30 19:32:00 +0000
ba153f6812699df117f64b1a63423dc0181a876a,2012-07-29 20:06:31 +0000
270869c89c05082f393608c6e55d567911d007dd,2012-07-29 20:05:36 +0000
51ef19ababe4a149b72064379fea26f0d70d11cb,2012-07-14 20:35:03 +0000
2d24afad7338b42df51dfe5af4400f0574d882a4,2012-06-02 19:08:54 +0000
d04a18d643707e5d3926236b1a9fcc3ff1522bb7,2012-05-30 20:17:35 +0000
ec1d7200bcb98f54b1a89bf2a98abdaf79545afb,2012-05-22 20:20:14 +0000
3f40e72d83248832021c99f246cef372c18b0d53,2012-05-22 20:09:56 +0000
be8e1c3103e57da9a9c2f72d79e69194c1f1d0b9,2012-04-26 06:12:30 +0000
4ceac8f559965c8039ca9a90c8c2fd2edc34cce0,2012-04-25 19:49:50 +0000
2c58931ef3d1e4d0750291c75d2e385596d52071,2012-04-17 12:18:27 +0000
faadfaf9b04d266939fbb24df5ede182cc916567,2012-04-01 16:27:41 +0000
99a32cfb4521ee0d3cc409f8a02e2136c8cca08b,2012-03-17 20:43:46 +0000
a2e44c39ad81f8be44ad3e9056d7252bfb4d466f,2012-03-17 20:38:32 +0000
3f6a9b74fc9d7eabcc0ab2a8b4f050168eff48ff,2012-03-17 20:34:13 +0000
d16ef2e370d416e46a881da2a355fef567543063,2012-03-17 20:32:02 +0000
77a04efbd16811bca920e4e913808f394a93cca2,2012-03-17 20:30:39 +0000
1ba3aab80f3dcbce427b28a47d68550af05511c8,2012-03-17 20:24:16 +0000
787240695dba1c9789f206373bc45a2d4667e330,2012-03-17 20:21:23 +0000
57605ea50c898f0bc635876225c08a41cefcf2c8,2012-03-17 20:19:20 +0000
afda00350d550e3e53accb827e24a629d5484484,2012-03-17 20:18:02 +0000
821ccfacc717f823446f9801ea1c87e992b81a24,2012-03-17 20:10:46 +0000
92039af113100e8cebf8b80c09f8715f981c94e2,2012-03-17 19:09:08 +0000
cb2892918a925fe15746a6a49429ecb9081e13ca,2012-03-17 16:43:18 +0000
adb966bd63bc619c5f6a109edad6a0e8fe13c275,2012-03-17 16:33:19 +0000
94a668c31c96167b86bdd722ebb62eebd6ad1108,2012-03-16 19:55:04 +0000
578b581d9c5f70c6cec105bf65388fe314024fe3,2012-02-29 21:11:35 +0000
4f5f08f8084c6b69985b37ca9d4da41bf127a479,2012-02-05 16:01:31 +0000
f81ff1a28be4478a0fdbf1a0ff39e9b22cf46fe8,2012-02-04 16:10:32 +0000
883c9408a4590e2a0eed6f9cafc71e602045c0a8,2012-02-04 16:09:58 +0000
4b945d1b14c0b3ccd3ba7876a82c1cb83b4b08ec,2012-01-31 21:01:23 +0000
7dc62b26f6422230d18cf358265b0ee578389a11,2012-01-31 21:01:01 +0000
f88b3d80f299e3e1fa0363194016e8f1c65f7113,2012-01-27 20:36:36 +0000
8590d3d05ac34cfe9e02d5ea0de261c1c1052d8d,2012-01-27 20:33:17 +0000
536c3c15c8315676312380dc27e0798ecbabd545,2012-01-27 20:18:08 +0000
1dfc691a154c8eb824d7a64e55ffca234814de13,2012-01-26 16:59:33 +0000
00c752624cfcfbf7742e0d5b57bbeb89d1b8a95a,2012-01-25 21:32:07 +0000
2992c64730ba648e2e65c56c6f08781be2b75f8b,2012-01-25 21:12:59 +0000
5bfd4aa7fcce531a52d0424541604ce82855fa19,2012-01-25 20:59:54 +0000
c0ea9a132dc2beea0523fba4b8e3deb79bb9e9d0,2012-01-24 21:20:52 +0000
5bc364fc7aa4f73e9c865c317d743772f085efea,2012-01-24 21:08:20 +0000
95b344c32f3db260f77b7c0e71dd93cf8c2e207d,2012-01-24 21:07:56 +0000
6d284d0f6bf1afaa938be5967e34b4efb5fbe907,2012-01-23 21:12:15 +0000
7d349c9eee02df224e23df88ba9e706141ef90df,2012-01-23 21:09:09 +0000
168c35df2edf03f5fd73a7501951e1dd38acdf4e,2012-01-22 21:31:01 +0000
812c2679c9e6844ab991ad3b81ab08eae236dc8f,2012-01-22 21:10:47 +0000
480e241739e3aeec857020fe566709c06001965e,2012-01-22 16:32:40 +0000
aaaf6219c073428b2c72cb4a4101ec7da580b92f,2012-01-22 16:22:56 +0000
20b0daf48579f6103be49a7e9f5053977e31ac0d,2012-01-22 16:19:15 +0000
50181e11bb222bbc17fb871d4089db284bc65969,2012-01-21 17:30:09 +0000
95342de6b56d74c10eb3f496c57f16e8185cd62f,2012-01-21 16:59:48 +0000
4e1531cd799ef944250827b3f4950f0d3c84eba0,2012-01-20 20:36:04 +0000
6867d5200a26cea80b7494bd71000bf297919e30,2012-01-19 07:23:04 +0000
83c470f5aae45066665368574ccade62cccd709e,2012-01-18 20:49:12 +0000
e2549e94a9aa874c1ea576cd5a9003b4111ab9f3,2012-01-15 21:32:26 +0000
f42e8f505459ea61d48ff80403446905773ee967,2012-01-15 21:31:21 +0000
f5a740a7296046a7e9c2595e11815da0afb52de4,2012-01-15 20:48:56 +0000
b7ab626bf7bd8cf0a4cf17ba6320184428d47f41,2012-01-15 18:40:31 +0000
1fb28ba37daf96b35dde0f7ea7232d6384b1d4f7,2012-01-15 18:32:07 +0000
74ca3dad50d2d55874a961b49f05267df116fa00,2012-01-15 18:31:12 +0000
897a59b77262e58ab490332eb814d06ac649cfb0,2011-12-31 16:06:45 +0000
afe3981cff95443d6467be473bb584357129a4dc,2011-12-31 15:46:53 +0000
097e3f33f85a2aad109c25d426b90d59e8855a9a,2011-12-31 15:44:50 +0000
d7360da6fc49c3b5649807fdd6d32fb12e862595,2011-12-31 15:37:16 +0000
bd07a276c2ce3c8bf705419764039bb1836cc77a,2011-12-31 15:18:45 +0000
da79a88004311919adfe8894f1b5224470c1a680,2011-12-31 15:16:02 +0000
3a92fb427d9c64fe79944375409ce3cee21449b4,2011-12-30 20:54:47 +0000
7eeefc8f5979778216f8d72e0a2ac9c7a7ab2bf6,2011-12-30 20:42:09 +0000
c2036816355f00abb026bc809a0059ddced769f3,2011-12-30 20:26:36 +0000
cf10a8533dc9c84279528fea2f2ce5c8332511dd,2011-12-30 20:19:10 +0000
ef174783ebd05d04bc81c205b824df21d71fc025,2011-12-30 20:09:00 +0000
cc833757bffd945ed7886dca42ff62c576ef166d,2011-12-30 20:04:48 +0000
9844829775676dcd57ee01004e2ecf58a15b64ed,2011-12-30 20:01:37 +0000
44eb3401adf254af202c9f369b0ec65fab3c3998,2011-12-30 19:56:04 +0000
46270067d1bc35ae69f155920d511a3db637ab56,2011-12-30 19:49:15 +0000
b4452cbf442fb293787c6b4102f979ee60e3f6cd,2011-12-30 19:46:24 +0000
7f31e5e9d9d8d379403921c594d4dbe27e869747,2011-12-30 19:37:46 +0000
7e065621323ac0c33d3a18624f0cbcea87a925b9,2011-12-29 21:12:54 +0000
ce43ccaba38a84acfb1579411a45df0d0e2460d8,2011-12-29 21:11:03 +0000
1ae202888968c96bad4c5137998a79c2062787c0,2011-12-29 21:09:11 +0000
d951b39b12e408adfcfe0d4c1cde833b74b66bff,2011-12-29 21:06:26 +0000
c133ab23f21908c040661e8a2b3b00064b62d71a,2011-12-29 21:00:57 +0000
24e425bada0bc572816675e7ae9d5787080831ed,2011-12-29 20:55:07 +0000
ebfd74be1f23a4636a44ec6fc2ab75cc492d0dad,2011-12-29 20:37:36 +0000
c1fc5897d96de89c76b4589bb97029d3447a05fa,2011-12-29 20:31:38 +0000
ac45aa1d3b0b8e3f9eb4c4daf0fac0d0fed930ea,2011-12-28 21:36:59 +0000
924ce593370675ff70fc50dfa563e5d6e98ad94d,2011-12-28 21:28:23 +0000
4e6b01cc35df24041a253246868385ad52b1c6c2,2011-12-28 21:18:28 +0000
9d6f1726413a857e957193ba6a93c1c939e71688,2011-12-28 21:15:48 +0000
6a6ffcd56d3ba126b492b5092a3fa1c2200bb93a,2011-12-28 20:55:49 +0000
9176b0e21f58c797b54a1c0a10927fa7d9aac5a9,2011-12-27 21:36:23 +0000
3ee90815d196ec0ce045cfafebbe5ceb26c014c8,2011-12-27 21:23:22 +0000
ce10e2bc7a41b494a4a4fde2e0ae3567ffbaff60,2011-12-27 21:20:45 +0000
d6b0eeb395f3ae1b3809d20e18737cc6a5320881,2011-12-27 21:18:54 +0000
4cdfac24d9933853e6ee4afaecab9940ba238d29,2011-12-27 21:14:59 +0000
65d05f75c7a5e207aa8969bf5ecb6b95c55da871,2011-12-27 21:01:59 +0000
1abd3528a03a31f838ab820dfefa935d01839482,2011-12-27 20:59:35 +0000
a84058a03edf1d020c70de7db67b825727b199d0,2011-12-27 20:46:13 +0000
b04335bd665fe3210b3567121bfe294fef56634a,2011-12-26 21:36:36 +0000
75569229370ffa0f8ec94730d8eb2ab66a073fc1,2011-12-26 21:30:45 +0000
d0b83705e904260f8ed90d46fe5bd097e3b656b2,2011-12-26 21:20:17 +0000
3c5dd6325184084168d1b60ba8c94bdfb18d16d2,2011-12-26 21:18:18 +0000
997667dacdd8c6c393d9fdcb25892538d66f4616,2011-12-26 21:15:53 +0000
d9d16203969839dbe7f1b7e246444dfb7b800c76,2011-12-26 21:04:25 +0000
80cf8be67aa85cebba782fea6aed9163a3b82579,2011-12-26 21:00:55 +0000
62584ddb56d37543e54394bd4aeaf90feffc25da,2011-12-26 20:57:05 +0000
975ce4fbeddc541b6a1b378b1a6d646facfabcd0,2011-12-26 17:18:36 +0000
817ff3e15912e18befe95aa2347ab5bb2b939db3,2011-12-26 17:14:49 +0000
36a19eaacdb430eb5196791dae290a5efddbc169,2011-12-25 20:39:34 +0000
ce1a8227a4ba3a6d15aeb3d31480f42895f62c31,2011-12-25 20:34:22 +0000
bf1e7ef635c3b0fae44d7f2f4c806e48146469e0,2011-12-25 20:32:16 +0000
678ac19474a0921e5ed16422b541200384daac46,2011-12-25 20:17:13 +0000
83c7ed1134621d35e2ea988bea2fc1a5dd402286,2011-12-25 19:52:46 +0000
02137d48144c1ae99da922bc68b38c9264f4946f,2011-12-25 19:51:09 +0000
89f799705c6bac077c1391dbea64d99458c0c232,2011-12-25 19:47:21 +0000
6835986ca0082324a7635537ffe643ddf02f98b9,2011-12-25 19:44:04 +0000
93413d8c989b955372a785a2dfe956b1b08aa466,2011-12-25 19:37:54 +0000
03b6561e1a5a896a2928c0c371d8b17f696eaa9e,2011-12-25 19:23:24 +0000
0bda1a81b13231bf85a6d605b35641e9d0ea9830,2011-12-24 20:56:52 +0000
fc3d73b2c39446be38362a25c83a816772c8157e,2011-12-24 20:48:05 +0000
9e45ce2575adbbcde66e4406eac3c73e26f2c912,2011-12-24 20:41:29 +0000
0fe88efe20117efa1b543c62b16f3ccb15df34b5,2011-12-24 20:36:21 +0000
8dedebf5952aff3263c3715099e8982b59d903b4,2011-12-24 20:33:55 +0000
761371dc80741154565f59f0ccfa54fb0c1308e2,2011-12-24 20:30:45 +0000
52364bc38579cb613973af1938b321af06cc4309,2011-12-24 20:21:36 +0000
0cc25788438c1574f2813af0fbf0ffc9a1f111bf,2011-12-24 20:17:30 +0000
dc3cf666cc07662ec2a1c7294d112b331f809885,2011-12-24 20:03:01 +0000
8c247bdfe50a3a4f5d0975a6c7bd68135ebaa195,2011-12-24 19:41:41 +0000
4ea20d3f0d0d58461b6df41c1c559439fa7a72cd,2011-12-23 20:56:58 +0000
c78353c59cbc54c89faa1f9707cfeb8d692d1c8e,2011-12-23 20:37:22 +0000
ab2b5a05bdcce1d2f0641a97302fadc1bbbd3b64,2011-12-23 20:32:04 +0000
1e5f6b004f987b1779aa4b4b0aa78695a4cbcc96,2011-12-23 20:03:10 +0000
60a937eed1ae5a750f833f70f5fce4c1aa2ef015,2011-12-22 21:32:56 +0000
51678327406c28c1b3022cafb36aad4aaa6d70a7,2011-12-22 21:11:39 +0000
fdb9c943a7bf75bb990043db7885a64f19115129,2011-12-22 21:10:10 +0000
a543725dea0f57a6bb2a38bba798751fae883b32,2011-12-22 21:06:17 +0000
a54b781a7c4e35698be996903f18210842de58d8,2011-12-22 21:01:33 +0000
4b4fcba842c81be8056761c45781a9db7419af8d,2011-12-22 20:59:44 +0000
e9d0fcdde8cf875e44fba5dadd3deddffbb39920,2011-12-22 20:57:32 +0000
964bf33dfa1e22aa313897ebc60f01a0c04c1764,2011-12-22 20:53:47 +0000
234a5b8894ab19ecee1ad06d9fae5fc76ed20b9b,2011-12-21 21:34:38 +0000
06a5ec131bfbeb8c66928769f97f5002541f48b5,2011-12-06 20:57:37 +0000
a8d374cc8ec1b010843b7dd14364a5595f405a18,2011-12-06 20:57:19 +0000
358290b20bfdf38d92985dc00b83e07d3ccbe075,2011-12-06 20:57:01 +0000
f3ae1598a2582b976f4811ae11e7c8384a9f729d,2011-12-06 20:56:41 +0000
af1e349e328bb786e5b6efcc6e175463ad52aec7,2011-12-06 20:56:16 +0000
360272edd5fdedffdd7353870a69a2de8b63c751,2011-12-06 20:55:45 +0000
1944873143738d5d71d781d5e5f5db9109719195,2011-12-05 21:25:01 +0000
0bf017fad9a993386ccc3e0f98a97426764ec399,2011-12-05 21:20:39 +0000
39e36edb1bdcc57a224faa9d34f7c393b10cbe34,2011-12-05 21:12:12 +0000
894af8f4f0441ecfa908d2d40b0d0558ed418cfb,2011-12-05 20:57:59 +0000
3696f4063825e3c899fe74d0f60fb43a03620f03,2011-12-05 20:57:31 +0000
fde4721b9c7d5bf1f6fd248fbafcae95015b0575,2011-12-04 20:57:48 +0000
fab6c15ab1d6eb0d12c6ef9bead608b97eee0f42,2011-12-04 20:57:33 +0000
9ae8c2a394916405ae08296b01ffc2d5a830e9e9,2011-12-04 20:43:50 +0000
0a5effb1060f3491b865a25cab1cf02fadd46622,2011-12-04 20:38:19 +0000
4e8ea2814b215e0184743be7a2713bd88c8fc800,2011-12-04 20:38:02 +0000
5a3ac8bffbf41321e235471e4eb8de1f335ed7d8,2011-12-04 20:30:46 +0000
433af75f0b11ffa04987909a7b6e1896302940f0,2011-12-04 18:58:51 +0000
9afc3bd10dd64b77ee5bce104b69b390e6efdddb,2011-12-04 18:58:19 +0000
420c38e3c0ae9234675572cad078ef8345baf9b4,2011-12-04 18:49:51 +0000
cbe76d85fe645fe17331501f67abdf5e799e6051,2011-12-04 18:45:00 +0000
d9f5ef35a498d930e7f73533e12150540e3db5e5,2011-12-04 18:32:07 +0000
ee986193a81aa227fadf001d9dcab257e3a9f503,2011-12-03 21:05:54 +0000
241fb148dcd496e829c5f9671b884c0091cd9fc0,2011-12-03 20:54:46 +0000
666622b4cba683e8bae590a4f651b3cfb9d42aae,2011-12-03 20:54:17 +0000
f10d3eed80b537623215be6d0bb21437e64d6eb6,2011-12-03 20:43:38 +0000
7e41c82c314e8c120c1ef2e59b3d6b359bde076f,2011-12-03 20:42:59 +0000
01c674bce2984151541eaafd7831f4e5dd6c7cd1,2011-12-03 20:31:16 +0000
60618d6c4b2258b0a14dc8e0ade5fa3b84f8bf72,2011-12-03 20:24:43 +0000
1d1d68320d4518a27085d33a4d4cd21f38e1121a,2011-12-03 20:24:21 +0000
cdd4a973ec90aaa620760d2de2728c54343ee29f,2011-12-03 10:57:38 +0000
110009a06d40f67435f09debf71efb550fc48a2a,2011-12-03 10:56:57 +0000
690274b128f04c98c3eed5eb5a7476328ae7ae73,2011-12-02 21:36:07 +0000
6ab7775fae585b9620743a5decaa4d5ff2d6f79c,2011-12-02 20:47:44 +0000
8a0deb54b0ba05421d97d1ee9b576f16e132638a,2011-12-01 21:16:23 +0000
a8667e351df78e5d824272af68c708d9ade1529c,2011-11-30 21:34:29 +0000
4b4753dbdd60460932faa44ba628d04bd8c429f6,2011-11-30 21:34:11 +0000
c84e29df50b85ad4b5900eb94ce40be45fc1f28b,2011-11-30 21:33:33 +0000
9500c774da882a56b9cc2bf576433e91d06b7419,2011-11-30 21:18:17 +0000
afd1389ac69769192371a1690de9ca1f05df533d,2011-11-30 21:17:44 +0000
3ab83f220793697ae4b1a6f58062817870ab3939,2011-11-30 21:17:04 +0000
020e89145de35c025d23c7c93dd7d3238333a6f0,2011-11-30 21:16:09 +0000
5bf370e0a36b982511d4dac2dd2c08f21171250b,2011-11-30 21:15:37 +0000
4a24abd706843c65d73eb574e09c7ee7fef3099a,2011-11-30 21:14:59 +0000
a38b5860d964fc347d75332532f7f4f5e2bfda42,2011-11-30 21:13:50 +0000
afdfa1ff3c1f9ab3851d942db5210f973460a881,2011-11-30 21:13:18 +0000
dd5616b83b22cae246ac5c0e7a1fc236c6f8e905,2011-11-30 21:12:45 +0000
6c3aa1fef8e84f49e2f9c3cb1f6a4ed69fa17b36,2011-11-30 21:12:00 +0000
90c157ace5c6e8a72fe18c77611c568536c87ae0,2011-11-30 21:11:02 +0000
d10428e2c9aa31af3acd11ff959f62d588e9a410,2011-11-30 20:41:50 +0000
8fb554dc7cd874ced72917a9624c508f9d629a2d,2011-11-30 20:41:30 +0000
6920437b267bf352c12839ecbdc26cd5527460f9,2011-11-30 20:40:32 +0000
dc6a8fbd6b1ffd2c86d477e030d06e7bc249d8d3,2011-11-30 20:39:47 +0000
9779ae47e57996820c7fdf0b7f4d302646ac8e8b,2011-11-30 20:38:59 +0000
b9aa8fb0b6a6aa26867dba161294beb09867d2ce,2011-11-30 20:38:15 +0000
be2b4230d6db7266796089f0a850eabfd366831a,2011-11-30 20:37:32 +0000
6f852a255c139b65267bfe7411c89ba8d55354d8,2011-11-28 21:06:22 +0000
55ef3e32680024a137d03ead7bb6ec9b8736cbd8,2011-11-28 21:05:39 +0000
808b7a068bcdd18c7120932455b8f7e89744876f,2011-11-28 21:00:09 +0000
fac3b5417a96f6406f10637c24555b1fb902286f,2011-11-27 17:10:27 +0000
d66376e61fc530423db9f882247b2b5c32b6897a,2011-11-27 16:46:11 +0000
3797289bf47dfedef89bc66c777b9b328bf2d57d,2011-11-27 16:45:39 +0000
63c21bed9a965b4711050cb5099595663f07f8b4,2011-11-27 16:35:34 +0000
ea00dc3434164c23ee4fac92785bcd1a93913047,2011-11-26 20:31:13 +0000
ccc01b849d6a3d0e6606fd1ef6e7a499349060bd,2011-11-26 20:30:51 +0000
2e31cc23db7f863b0a25fcb7dbbe37ec1eade56e,2011-11-26 20:25:52 +0000
41a18129b26b17965c183ff00dacf992eb2f89c6,2011-11-26 20:07:52 +0000
69c0c7dab708130d821127c6ca86c8e8cbfb2663,2011-11-26 19:47:26 +0000
0f759bb454aafdbb8fdb25694b9c502af817c60c,2011-11-26 17:01:58 +0000
473de739f9ea8b5e403f4341bf82c35e2cda1947,2011-11-26 17:01:14 +0000
7e5b92947716c2675da357e62c4e7602b14f3f36,2011-11-26 16:56:42 +0000
ffd1c38b5d9a025ea2d2b6b60c085be77f0b2024,2011-11-26 16:52:16 +0000
98a36cb34c1a33d119ddc670d0a71bfd593cb0e1,2011-11-26 16:51:50 +0000
5ae889e4e12ab0cf56e57b0a65db3cd1fb772087,2011-11-26 16:43:03 +0000
1c3b142f3255a94650b7780031aacb8238b225b1,2011-11-26 16:42:41 +0000
9df73dbff9310cf6a9a85d6ed9834bb1812b78f5,2011-11-26 16:41:12 +0000
d7653974b7213181686e27eff6d6b103a13d3e6c,2011-11-26 16:34:01 +0000
f110e51769fcee5ebca1e9e65079f374060cd4c0,2011-11-26 16:28:58 +0000
95d53bdd7d8d599e86112f023c6187b094368653,2011-11-26 16:19:53 +0000
71bea38c57e2a443c2a9a30b4243e601e5789671,2011-11-26 16:14:09 +0000
7c7e4ee29835d171a0a9f248e31c167d1edfb6ff,2011-11-26 16:13:27 +0000
e07d35a30b00db7ab3bc19d8d5dafa558b2d414c,2011-11-26 15:59:41 +0000
bd0ae3fe40a954fc05c23354e966e7cfc5c97439,2011-11-26 15:49:10 +0000
3374fcdb7e00d8c0e269122c33a22b81d0ecdf6d,2011-11-26 15:47:08 +0000
6244f38b7ad231c39f31bc55801f84d118e0ed76,2011-11-25 20:50:51 +0000
02fb33f7617a0924468d9dacf5bc2406f2446cef,2011-11-25 20:37:52 +0000
12f08d0d2d89720b135e980a2e376d9b3573b74a,2011-11-25 20:37:28 +0000
31e52f305f60f01ec742bee6ab9c8c414c3d5d6b,2011-11-25 20:37:01 +0000
878e62cb8274e541672247640e1bc3e1150b49fa,2011-11-25 19:56:26 +0000
c649c3e039d50504879c87a8ac3ef53ba8ded6af,2011-11-25 19:43:55 +0000
25313c5ee6f2ba1275982143ed28ac135d5bf0b2,2011-11-25 19:39:15 +0000
9e59ee0f1553ebadbdf5cda0c50fe3500a6b14ba,2011-11-24 16:52:42 +0000
a08c971055cd19d3f685c1a3b995a7f3b1218c38,2011-11-24 16:52:17 +0000
9ca254c868291d1c78977e2610fa84a82c6aee83,2011-11-23 21:32:28 +0000
56143744fdf1c48ebacc2d772e5ff5ebabb4a411,2011-11-23 21:17:38 +0000
83c6156f0035e6627be371de0cec22a315337434,2011-11-23 21:08:33 +0000
d24ccd06f28cb3640a8d0193e42760dacb5c9a2d,2011-11-19 21:32:15 +0000
e16503bdac05002ac68045f3fc5d3d61b954df3b,2011-11-19 21:28:49 +0000
230446cdb522e3a1273e0025586110ffd966393b,2011-11-18 21:36:19 +0000
6a3b85ea4eb60c748a0f6632822b027f2864a849,2011-11-05 16:14:09 +0000
e95dd9c3bc185b35e7d22b0ad86da577ff910232,2011-11-05 16:10:56 +0000
b758c0fca8fcbe03082b71b63786d2e0ad76f9aa,2011-11-05 16:10:11 +0000
bb2fb6bd19bed8377445b4090f29e5dd433acfbf,2011-11-05 16:08:50 +0000
6d7460f740122a1fbe60c05fc6b75bad20e2168e,2011-11-05 15:50:57 +0000
7533cfdf6fb6c4d930cb70ebfa936f769c4a6aeb,2011-11-04 21:43:51 +0000
bf79a8a559fc640db6d999c9598a6503676071d4,2011-11-04 20:48:02 +0000
15c4fb525d464e4f0341209e75c69471283c9e28,2011-11-03 21:20:08 +0000
0a8f3efc525b0bd5b33717b16bdc6f9f0bfb8de1,2011-10-23 21:49:36 +0000
a08c2b6e72476a8dd7b7d1eb98838dc61e32f612,2011-10-21 15:22:59 +0000
ae17768075b590a004816688050273cbffca4ec0,2011-10-21 14:50:57 +0000
1130c0d445e2d7a4b8c04ca2f665a273e822909c,2011-10-21 14:21:08 +0000
42f292fe443127da279238d5ec8ab84759229b08,2011-10-21 14:02:00 +0000
48a50aeeb9b3f54986254f3d7f2afad9c0778caa,2011-10-21 13:57:51 +0000
8cd8f8d9be77144322137ca344d5b50afab0a29c,2011-10-21 13:53:01 +0000
03fb8a6cacd3f1887afa909ba1fe1cc98cb16062,2011-10-21 13:44:32 +0000
3074a153514c28f853e181f0667748fb22037119,2011-10-21 13:12:37 +0000
94c0a216f42d7445b106d3e3d0ae7c68c48af4ce,2011-10-21 13:06:46 +0000
58846d7fe68a2de92f31734838ff383c10576dcf,2011-10-21 12:38:55 +0000
b7ad73b36bdf59b59dd123d7b1395814e2adc685,2011-10-21 12:02:15 +0000
660a7552c629ea898d067ad15d6dfc276021bb69,2011-10-18 14:34:05 +0000
4a58e3a27fdb6ee6204d91132d131c3efd6bc8eb,2011-10-18 14:08:51 +0000
375475a3f05d397d2647ddb4173c39ae4d2948ca,2011-10-14 21:33:19 +0000
77eaee0e61e4a391497ae2c5bfccd36ef8218cd0,2011-09-29 20:07:37 +0000
05bbe46861ffa65221e2b92c17304152d9492d55,2011-09-24 19:34:41 +0000
b2a8c580d60e315b528380a6e01fd2e083b6ade8,2011-09-24 15:36:36 +0000
1ca9821f444804147dda67ecd54a4c03304e500d,2011-09-23 19:10:18 +0000
b52e0617f423d21d0543fa560b8984abe96681c6,2011-09-21 20:18:10 +0000
aba7502c3a42c9712294ca485ff4883587157173,2011-09-21 20:11:36 +0000
72f8606f3e4506b597a7c7052bf3faf21335efc0,2011-09-19 19:57:10 +0000
41102daa601da4ba396f70a4bae75d6b5f8775d1,2011-09-19 19:56:39 +0000
0c8069992c673a27743fa4405eb87134c14ccf29,2011-09-18 20:28:08 +0000
95f858bb0bee0449893bba57a39410f54033162b,2011-09-18 20:23:17 +0000
dcd03b34df318bd5dfffb7b2aec5449be4ba9204,2011-09-18 20:19:58 +0000
f9456b9074cb0788a8a685dbf39f8704b4e79789,2011-09-18 17:47:07 +0000
301079a96aa5541b8ab444b313c9b6882416f502,2011-09-16 19:42:42 +0000
8af499be07eae6cede95a79244198e78eef3fecd,2011-09-15 20:33:24 +0000
af1ee477ca2ec4814b2f1465be86eedd2fedb2bf,2011-09-14 20:11:03 +0000
123c9bde13a348b82887cd1900f34b1a56f0ffcf,2011-09-08 17:12:12 +0000
495c2043e51f918f138d3e8671a17fcca8aaf9a0,2011-09-08 17:09:28 +0000
5270237a5647c7b085a81dc7c85e857a6e45ed50,2011-09-08 17:06:47 +0000
436f6f028cad1cf1171545564540c79e8d6826e0,2011-09-07 19:46:04 +0000
64df6a1d9726af374e101e8a7f3c6ed36c6cab2c,2011-09-07 19:45:28 +0000
969bfe4c3d022dc2e1017b3ec7d45038bb703b08,2011-09-04 19:13:30 +0000
0d8ea65f003d499097bd8a07ebd5a3be0eca5f02,2011-09-04 19:09:18 +0000
c5005e379d5cf756b2a65ccdfd472153f565b751,2011-09-03 19:21:11 +0000
947a1467c1a2bd3264ff179d7935812b0feccad3,2011-09-03 19:18:07 +0000
c949cacff52566a8bac7c63b786860d9c60f4c18,2011-09-03 19:16:04 +0000
0b5d9a73d1b0058fd6153f45398a542803b608fc,2011-09-03 19:12:13 +0000
93bfe26d480941b4f366c246335b5bce46ef7e6c,2011-09-02 02:05:57 +0000
9abe6749d167c44c32b91c52d1093930e8aec0d8,2011-09-02 01:42:38 +0000
351dd9bb78c7ec3216333c13e78637a6fc599e67,2011-08-30 18:50:40 +0000
eded213c72c05758e298a3b89c7b59a03700f363,2011-08-30 18:46:18 +0000
030a3169ee27fa2909b9a392ce582b7e6fb66181,2011-08-29 10:20:15 +0000
17fa1a070868a705452250aa4a15608ca151381b,2011-08-29 10:03:03 +0000
21ad852b00114b2152636be874d4f636890dd870,2011-08-29 10:02:15 +0000
a81d9f318cf07742b6659f5f169af3031b63169e,2011-08-29 09:51:11 +0000
623aba040896557887a0f0588b137e8c26a659f7,2011-08-29 06:17:05 +0000
de9d0a00e49a138a17f06446e936382e350a0364,2011-08-27 19:34:23 +0000
888d14189e83177d75163f10710b3b1facca6157,2011-08-27 19:29:25 +0000
6a2904ccd75fcff0df6568948c15c8f58955fbfb,2011-08-27 19:14:21 +0000
e76f16e166f9fec0231ed1a1765efb8f681798c3,2011-08-27 16:05:20 +0000
7db6e1b1e18ae8448f37851955cfe92f0aa22649,2011-08-27 15:57:11 +0000
f96a35e1c2c3068a6674c7c916e95d4f9386ea34,2011-08-27 15:49:26 +0000
17777a24fbe3e34b74627989138ad69f5374525e,2011-08-27 15:43:42 +0000
4a332fe108ee37e9c886ad5b21bfc40dc609f573,2011-08-24 19:58:22 +0000
edbaf3afbbc4490d6aef066b0c510dedc74ed0a6,2011-08-24 19:54:07 +0000
0900112f2e9d0ec209c7136ffd61973f315fd7e1,2011-08-24 19:47:54 +0000
0807f343f6220572e1cf82ae3e16f79c5a0a7232,2011-08-21 19:53:47 +0000
1be2a245cc95af91341c8a243a18a6f5baf33f9c,2011-08-21 19:51:29 +0000
20d00b94b3fe741fcc7afc70799525879b02a743,2011-08-21 19:50:54 +0000
59208f2f388f257d255e4619db660a5717cee42a,2011-08-20 19:43:12 +0000
3d1a7d4cbe43d6b624d2d5574d7aaf952ea8cbbe,2011-08-20 19:41:48 +0000
f91f8693379e09f3a124b5ebffec8aa6d647263c,2011-08-20 19:36:05 +0000
a509f13be21b2f6e5626927988db8b6b18a0bb4e,2011-08-20 19:13:37 +0000
efd01b9f410ee1a4b87d02583f3df3ff62370270,2011-08-19 19:45:08 +0000
3443d1a0a5b36d0973714a5e6c56110b824f8107,2011-08-18 20:11:03 +0000
927a2411a5e5d6a967fa052520bd610a8feb1d25,2011-08-18 20:05:27 +0000
6e5b49f17e11db97309920b017e85b390d0ad883,2011-08-18 20:04:56 +0000
b73abd01219df5527b7ae8b4b65d44a0eb692c92,2011-08-18 20:03:57 +0000
70711edb07e3452f2ed08f1771393f9e89683a46,2011-08-18 20:01:15 +0000
b6cdd4d718a92b523c2a8cd158816c71f5008e81,2011-08-17 20:08:39 +0000
0b7e85e090bc34a29a7733276ed36a37824e13c0,2011-08-17 20:08:24 +0000
5e24ac00c7a9136039b3463f48967e83009113af,2011-08-17 20:01:31 +0000
4b0ef006d7815e998d5d3b9a4f424d34e04e7bda,2011-08-17 20:01:14 +0000
f9aee157cf859b7af362630ceb99e91bc37d8a4e,2011-08-17 19:57:01 +0000
c0d5a0c03814454491a9585e538a9c0f68746573,2011-08-17 19:56:38 +0000
af2d79bc9acddf3420683de2c63407ddabd07d30,2011-08-16 06:22:16 +0000
c651e3eebef4b183d2e28a4c04ed65e5371a2b37,2011-08-16 06:21:58 +0000
a778bed5e711626cd6d46f626f526cd1da1c89cb,2011-08-16 06:21:42 +0000
09543900008898fc114ca9701ce2595de4ed1d16,2011-08-16 06:20:57 +0000
8af314edc9cbcdf369d7b8fbd0b0f17ccc80e0b5,2011-08-16 06:13:22 +0000
b832cd9513e1101659e5d36328bd6682ebb2dc63,2011-08-16 06:12:57 +0000
8a6e3acf5bb3c31602045a2502bd14e0faa12a14,2011-08-16 06:04:32 +0000
8fc5109e753053970367862ce24a8adc9868db8b,2011-08-16 06:04:18 +0000
39c7f60fe302dfa1a5adfe5a22f46cf8c1ff4ab8,2011-08-16 05:59:54 +0000
066578a1cd87eb6d56bff876fbf6740a3991d796,2011-08-15 20:31:14 +0000
ef7e8ec9c67c062ad5f221b196a077f5ef0f0bab,2011-08-15 20:07:42 +0000
e38356616c8577e24c47c5d1501bf55f92109d2f,2011-08-15 19:52:26 +0000
463d82c085669c9f7617c7c12a74af55071c3afa,2011-08-13 15:58:39 +0000
008e87072908d1b8b35f4accce60f838a03b12a5,2011-08-13 15:38:08 +0000
0ce7869fe360e2ce253a93319b96e2eb42421dd2,2011-08-12 19:03:49 +0000
9b2c95172bc7b9101d3494a17ed326f1714752f9,2011-08-12 18:59:40 +0000
39b073d744fc029fdf0663f97a072a86d5276c3d,2011-08-12 18:54:24 +0000
513111ea9155dcf36ce8b395b03c2580b44ede42,2011-08-11 06:25:16 +0000
2a3bef75399da974468dcbffdef6a762d28ac18a,2011-08-11 06:23:25 +0000
ecced1c36676fcdb51e2856eab4c0701d1aa2a38,2011-08-11 06:22:49 +0000
eef31e37e3e8cf60f55bc61cb3d3e711aeef5bd1,2011-08-04 19:57:03 +0000
6bbd9d768fe6fe8ef8f95602cd19b534c227929f,2011-08-03 20:11:23 +0000
057b064b15f7a47f7fc104524ac1b865ab2876dc,2011-08-01 20:28:03 +0000
262560ed37ad1c6ed322ce8b3c39a33d89932109,2011-07-31 21:49:49 +0000
7034bab7e9cc36d3e8c7cbd8c2ec5a043f409e36,2011-07-30 09:58:58 +0000
a9a30b3c27d44ddd793374cc8aad90cfcb7a4298,2011-07-29 19:56:01 +0000
e69d76cf1654d0676a5872fa6884133d6b5ca7a0,2011-07-29 19:23:09 +0000
fc65d9b376af1fdd416bbc21ad6c32416c75929f,2011-05-09 20:35:24 +0000
fdeda1cf151e1b42628cd1e433a6ca54be155223,2011-04-21 19:39:34 +0000
4d81b134eed0445c79b713dd1f229bee73beece5,2011-04-21 19:34:32 +0000
ba2628e69e24791f9c8687ecfe8a65686179d40a,2011-04-20 20:07:31 +0000
79046307a3316c0fc4b7e680e36dc971a7fff667,2011-04-09 19:10:22 +0000
ab13a0ef40a9b35be0c63980a9157657d92f8526,2011-04-08 18:12:34 +0000
817b52dc5f79e241998d09d91e4a251f54ad3f51,2011-04-08 17:57:17 +0000
a09c139bb014303ed4e7152c9e18ae05407b9df9,2011-04-08 09:40:40 +0000
d6d3726e5e61ffeafa6181876c6af26da783bbd4,2011-04-08 09:31:07 +0000
a40496b96507b1aab90f0d84138ee11765e6c4c9,2011-04-08 09:07:25 +0000
f7d557dfc2ec22ca34b76d87c9441a1b5de5d7d9,2011-04-07 09:45:51 +0000
0a98144b0eb8f2fe1dcab07573f281c096a3d941,2011-04-06 19:13:31 +0000
80db06fc8ce257320004d0e770cd763284df4dd4,2011-04-06 10:06:24 +0000
ef86b1d6aef4dee4de1a74cfe30212c34583c19d,2011-04-06 09:47:36 +0000
0a07cc439d578d153c2ff9c28151d7f57b01b890,2011-03-15 21:27:47 +0000
7d2d829a66824c5308397aede91ee2651e9dbbb7,2011-03-15 20:20:25 +0000
756a93d3bba22bf6617f4a625f2d63902e8233b2,2011-02-19 16:12:22 +0000
ece268f3562bd35bcffd5a5fb354f045ae0a7c7c,2011-02-19 16:11:40 +0000
a2df45aba1727a53ffd4eacce4ee01f90bc6c79d,2011-02-19 16:09:54 +0000
ddd7350dfca8ea5b2ac71cc79fe1748bee90e56c,2011-02-18 20:46:40 +0000
a23b33a650d622cc0c3a3251fc628b6255fa4986,2011-02-18 20:06:08 +0000
0d2f28569ca16b82e7ea0ca1e050569e099f82e7,2011-02-16 21:47:41 +0000
e90170c9bd45728dd5e547385a930e84a7999e0c,2011-02-16 21:07:29 +0000
b731d0443e43fd4bc4c5ef481e87d194dd753a23,2011-02-16 20:38:05 +0000
4dec1b2fdb87223a3a595d8ddf47e77beff336ff,2011-02-09 21:05:00 +0000
2a0967ddc85c971b191585b1613bde379adcf7d5,2011-02-07 20:48:54 +0000
ae3aa5c5f16545eef7343be58a917c0bfafbb411,2011-02-06 21:24:09 +0000
c6c730023a5e2638f70c4f80c2a61de7d9af09da,2010-11-13 23:43:21 +0000
c73402b896b7411301d6244fd701a5bc5a0200d6,2010-11-13 05:51:27 +0000
188c1569fe487be743ed33413850497f81602171,2010-11-11 21:04:07 +0000
e6dff91bd3bc1702946655973fd89688936a8df9,2010-11-11 21:00:56 +0000
a1a27490c8adc641ad0e48d5fe45e334002c2365,2010-11-11 20:28:05 +0000
107622b48eb3bdb72fee721c94b8d6ae489c6258,2010-10-30 19:16:17 +0000
7ff27e54f5c56cdf68590fe2fcff88fecd9d08c7,2010-10-30 19:15:30 +0000
7b4e357bd7b6f88188f56eef7c899a96215bc8b2,2010-10-30 19:04:02 +0000
7cd14e8f8b7776f3495318e96d355f5b71d0f4b8,2010-10-30 15:58:45 +0000
453a722377687fe273bc5435185f42bcbdcb26f8,2010-10-30 15:19:56 +0000
49a5ae9554807aee369852394d3143bbb7551ca9,2010-10-27 20:26:06 +0000
16d0a2f9c47f9168f6bf06b4448300ddb72f7357,2010-10-06 16:38:08 +0000
e0d57fb9cc488d01a3a81b0893e8af3f30ebc4a7,2010-08-29 18:20:18 +0000
343e27c50587709d3b731eeaaf89a0b58a763127,2010-08-27 23:16:00 +0000
4503dc156a1b12c7ba0094071391d666896ccfea,2010-08-27 19:23:25 +0000
fcf1bf0756e013ef70f40acdb90af18af78fde74,2010-08-27 18:42:06 +0000
a4615c797c261b13b420ca3d90695690afd70343,2010-06-27 16:55:12 +0000
367399031cf216b81b1c112fd4d2c9f3f32f097f,2010-06-08 12:09:29 +0000
45743d41357518627dabcebc607ad83dda175ea6,2010-06-08 12:07:08 +0000
667f821e68db168342d8a9d66cd445dd489ca500,2010-06-08 12:00:58 +0000
2dbbc2b9303f75271d51e26f7dc843616bb696d9,2010-06-08 11:56:30 +0000
c346671137bac62e4af570bdf254040674006f2d,2010-06-07 20:11:47 +0000
1feaeb03ebdfad34715c0238effce75fa08b74f1,2010-06-06 15:56:47 +0000
24026c1569c7be0b543c9f2ae97edeeced8e3d28,2010-05-29 14:07:38 +0000
a78b1165ba9f22da3d54234d3a11114cb51718af,2010-05-28 20:24:47 +0000
b39d1347f493a68b9976307090097a8776c49896,2010-05-28 20:20:51 +0000
d2854f1b3755ea79e8765c0e626487b75c34ce7a,2010-05-28 20:12:56 +0000
8f6366c5834cacf6735ea551affeb8d8c6010a0b,2010-04-25 12:45:50 +0000
78626615114fa740c557bc279e16ff5c2b98228c,2010-04-25 09:03:42 +0000
a1175be6a717a6a0c7ae1fe43d7731e927912a5e,2010-04-21 09:29:42 +0000
9690c86749faba31eea24c2ea37e5f68973ce695,2010-04-21 09:02:56 +0000
400d146edef62a92e56e44183a843ebbef06993b,2010-04-13 21:35:18 +0000
fd3dade185498ad1fd5b11fb17d0f3c3b6b85a11,2010-04-09 17:51:55 +0000
9f5500b61483514ccd70f7fa79913188fd52cd20,2010-04-06 20:29:51 +0000
d322d2ecf133a443be0ca6ae1eb8099b1dd5a87f,2010-04-04 14:02:59 +0000
f9acd32e5396e4ca29afb7a9c524f44ab57a2813,2010-03-30 21:50:28 +0000
b0d0cfae58a8ef95e7acbbc752c7119e1278747e,2010-03-29 00:23:42 +0000
fe6fe8dd323598e89194237010354521b1700ec2,2010-03-28 23:57:24 +0000
f8a015b3aff8e66aa0539ad3b4e39edb090793e6,2010-03-15 23:10:18 +0000
272c9615501b7f0892deb727460088a8d760139d,2010-03-15 17:04:53 +0000
a7d9628c2ef6fb473047e62e868c0351c6f350ae,2010-03-13 21:03:42 +0000
af4e40635eeead48feaefc7a6cd8a2d3f7d08494,2010-03-13 20:45:13 +0000
0b08734954a0f8767e01a238457c321b583adf47,2010-03-08 21:35:21 +0000
7f5d00cf513c6f91a5c146f9ae6dfd88c1758fbd,2010-03-08 00:11:50 +0000
ef90308ad4316eae5529ed1cd23c6943f10bd5f7,2010-03-08 00:05:47 +0000
54e1392c26b3e54cfddc7d52ea81f0ea550a1270,2010-03-06 16:35:52 +0000
a6052e85ee234cd93863db009b1f6c1f6fe9af16,2010-02-07 17:20:44 +0000
b452786baf48c3c9cfc61c09cc929099b792847d,2010-01-27 06:43:50 +0000
fc70d537fc5337806426a9cb0e88f97b75344aba,2010-01-24 16:28:55 +0000
13074109e7dc147f524f1ea566f7cc3b336d5562,2010-01-23 16:10:47 +0000
78af337ef74e40ea241b90ced83fcc92a895eabc,2010-01-23 15:24:59 +0000
d4439999a304da1326922aa04ba29999b18e4e3c,2010-01-03 18:12:21 +0000
cc4a16dcb892db0b0fdc93bf9b3c5a7cae0b7c57,2010-01-03 16:11:20 +0000
b032f54b98ca780d8bb7d9e7b28d62430677027c,2010-01-03 16:10:54 +0000
117ec614c3ef68e7172f28725696504332a00789,2010-01-03 16:10:22 +0000
fa8701172476cc6c8feedc649070dc525996502f,2010-01-02 20:11:25 +0000
4cf8696afcc4c1ba68753d8e63f2a58a15fa471d,2010-01-02 16:46:38 +0000
82c8f13b4e7cdfdfd26bd3dea6bac8f04d4be113,2010-01-02 16:34:26 +0000
bf33e3627ccd4828f8fd3ff99c2e803540627d02,2010-01-02 16:25:22 +0000
e6fe096a7804c1a5dc1ec81ce7d2a71d4cbc3824,2010-01-02 16:16:01 +0000
fe286def056aaac263705b821ff1d55f25647c56,2010-01-02 16:10:32 +0000
7caeeb4ddb1e998a9e9f3da35ab0b0396abc5383,2009-11-12 23:41:18 +0000
e817603843bca75a1d29fa37fc60a65a3fde276b,2009-11-08 20:57:49 +0000
566a739015f86c5d88e80420361e1b61fc888329,2009-11-08 20:53:52 +0000
13a3ac7a7eeddf68b9106ec64c5a986cd5a12cbf,2009-11-08 17:38:19 +0000
9efdfe129de389d00346939dd2ce5e57e6cdc087,2009-10-21 05:41:59 +0000
1045d782c3a1b4f5abe3d165bc6f51f552a8b475,2009-10-20 23:00:29 +0000
fb95d304d675402012280842a8db7a03cc581e63,2009-10-10 17:17:44 +0000
6662bcbf6b789d2c291f9c63cd9c9204f1efd454,2009-10-05 20:02:54 +0000
d84f641eae39b825bd9bf36422337f02bea3b2c6,2009-10-05 02:06:44 +0000
6c301782443603dc0fe2e670b2b437e80c50484b,2009-10-03 03:07:41 +0000
b9ce6ba6d687c7a41a3304f4bc9a44fb4e88345d,2009-09-30 19:57:42 +0000
d067512c2b8efee925a8761f1a43b2dfca4ff0af,2009-09-29 23:38:52 +0000
02a28021041977904fba631de4014db04b1ded37,2009-09-27 22:28:16 +0000
5e55a95bf8108dbb6bc6e2a0df598838edb6e82a,2009-09-27 21:27:25 +0000
7067a02a7d15601c4476b78067352478322e2afb,2009-09-27 20:58:07 +0000
f860c9db1fe66d6f88415d2d17096d4c25d0fcfb,2009-09-27 20:05:50 +0000
b86627e489979648bad3a142426cd59c45298ab3,2009-08-22 15:13:31 +0000
84c0cf32dcbb7ddcde8b6d5437c3e415a0138d72,2009-07-24 00:39:29 +0000
ed27fcba843f1bca9a9513e62ced195f33f869b2,2009-07-23 23:57:40 +0000
b55fe5e56ffc3106992f4a0e70559da339ce82ce,2009-06-25 09:15:33 +0000
ed8738d5b3ad58d3ad8b225cda7d9be03d8ade43,2009-06-22 03:32:38 +0000
2127f4503501952df2c5e7fee4998247741dde8d,2009-06-21 17:46:56 +0000
b1987f221f0655811991852eb57472c4367ec1c8,2009-06-21 13:23:24 +0000
975b8b1686239685d46126329a59cb088f967d56,2009-06-19 09:30:44 +0000
c4dc191cf5d926b5c9959246bacff1117c24017e,2009-06-16 17:57:42 +0000
569c776e379a802b9868f0a0f42f5176d4ac66b1,2009-06-09 06:42:16 +0000
f8a1cdeff0c923481da6e8eecb8460dead7b1c9d,2009-06-08 17:09:24 +0000
d12b9362701e7b2c0a98812ef9a3401baa76f23a,2009-06-06 15:24:33 +0000
6a178837bd459f2713390091b0e91875d7618d60,2009-06-05 20:27:16 +0000
66699ecdadd45d090b7831ee46be16bb19b16b1b,2009-05-23 14:56:36 +0000
de460fcac6981f91b8d0b3d0a061c5b83d2b7d24,2009-05-05 00:43:06 +0000
559ea4d772eec49369fc87b5e7e991e124cac0a2,2009-05-05 00:04:18 +0000
7b007d5d9c9c8de9d82240bb8ebf5ef2f72ffa57,2009-04-26 07:46:18 +0000
96dc7e24b9a0d2260cdec53e62f4527945ca6c61,2009-04-23 23:32:02 +0000
b2d05641ab728879cabbd271f0747bf98db02dba,2009-04-21 23:06:54 +0000
38536058f7a5d24ed95524ffaadb4c125a3a2965,2009-04-20 23:40:06 +0000
01405ee64d3b7011850a537420275134c92b3b3f,2009-04-20 23:38:49 +0000
37d3eb581cd981b12e0b0a04010d0e37d75d7029,2009-04-20 04:44:15 +0000
a70e64f79dc18ff816158c3c2ebdfb4cfb17de68,2009-04-14 20:56:46 +0000
be80820a0104abf78bf1d8dac736c638a07b6702,2009-04-14 07:09:16 +0000
ef4f8d1c935572c1112330df6b760aa396bbf5a9,2009-04-11 18:35:08 +0000
97aa56076211ebeb80e0ed9c8c5dd83e9be67809,2009-04-11 16:15:57 +0000
f2d4acad2b1a2ae6a961ec3d27ec24c92bd7cdf5,2009-04-11 07:27:18 +0000
f2912d39d58e1fe873a2c31bffd563e731f1a707,2009-04-11 06:37:27 +0000
579763629f074055a4194d0c2c534dd048109627,2009-04-11 06:23:13 +0000
99d61cde230dd376d9f08485c450535c577f5f44,2009-04-08 19:56:10 +0000
9533aaf21afc60d78cc7374222e81e2f4a60e0d9,2009-04-02 21:16:59 +0000
5858ea7556cd9260e5fe194d002bbd45d9070da4,2009-04-02 05:42:41 +0000
942a1dded5ce454d05214789032d3f1f6e93386a,2009-03-29 19:57:44 +0000
c81af953036e3a529cdc597e8d48e30afa528c66,2009-03-29 19:15:36 +0000
d4a29234bdef67e7c31c819226044b7f3648d3f8,2009-03-29 18:13:05 +0000
b2b7eb53b5d3dcd5af4500f33cf59cf188dffca1,2009-03-28 20:27:10 +0000
111bab6ca4085ff0efdcf25a82c2fa079a994ce4,2009-03-28 20:18:55 +0000
b3e01ed27b1f811eb49000d1bbbacc751eaa9354,2009-03-28 20:09:30 +0000
0c11c704363de45039f24fb3892ac08f88ec78fd,2009-03-27 20:58:25 +0000
f3f17c2ac2f4d0c67624995817d9e28586df5249,2009-03-27 20:53:16 +0000
b726fc1f07baebf40801e9d3b27ae6a4cce9d516,2009-03-23 20:56:07 +0000
61b9b39ee34ca220a9ca4ed793348753c7080ffb,2009-03-23 18:05:25 +0000
e8f7638f870ab6f86b57feaf6ad157b76bab1d69,2009-03-22 06:01:01 +0000
c6f0132435d06d65cd46ddac3190a861b4fb1434,2009-03-22 00:55:25 +0000
2f2e36fadd7d04b78fd4f9d959632f1fe6c4a69b,2009-03-21 16:20:42 +0000
4fb922170892618096452011e330d61649d348af,2009-03-18 21:34:46 +0000
8f402440fff981b9ea2b499b95452300fd29df88,2009-03-18 21:02:56 +0000
f6687f5de10e62e8443918e2ab4236c72a5c7951,2009-03-17 21:40:10 +0000
47d66659a952d395480d7475dfceed9cbbb1f114,2009-03-10 00:55:40 +0000
e0560ad92a4b999291e93ace3a188804fdf99e8d,2009-03-08 19:03:22 +0000
3bdd4b8a4019bbf43d3fd82b532ef428d91198a7,2009-03-08 18:26:32 +0000
7665d33996dc1b878c122af6e746ee96b4870714,2009-03-07 18:11:02 +0000
4eead0a1dd257024dc5f1e009ce23cb17aa08646,2009-01-28 07:58:12 +0000
36479b72e26accb127b9e88a423f26a75ef0ef21,2009-01-26 18:40:43 +0000
325c8d36a479a062913db0c0408fdacd3890a2f2,2009-01-26 07:27:11 +0000
245debb9f0aece75f61c1be7d26db1a0a7b12aad,2009-01-26 07:04:53 +0000
597076184baefff976125a341ce242693ac894c2,2009-01-10 20:42:09 +0000
d20cabdf10cd743d8a842c7d5a922460b9dd25e0,2009-01-10 20:11:35 +0000
c241433604ebb835cc8893299466548f2f512a25,2009-01-02 16:37:12 +0000
f40d5fc2e529cfd55b48c52bfbb22e0d36bd52e9,2008-12-28 08:28:18 +0000
bdf6316d8841b71c7f426c7665c1156210195613,2008-12-27 20:10:42 +0000
c699371f9a0b8c37b5eb10f213f7cc237c48f88e,2008-12-27 16:36:20 +0000
7fe2ff465faef5eb31c52438ae3cf957838f54e5,2008-12-27 02:27:49 +0000
4b8a9c7dba18c3c6cb352d5f3aca7977a944edd3,2008-12-25 18:45:04 +0000
dd1fb0965b9a657f681edc3656140272350d8784,2008-12-23 19:21:28 +0000
6d291aa78e199019641c7b959e12ef31e6eac3bb,2008-12-22 22:25:59 +0000
4aff9a857e7ce5132932fda7aefa527c0174245b,2008-12-19 21:38:06 +0000
87a08a6be508c0401e523b6d75376a3f5d1d5f87,2008-12-19 21:33:37 +0000
9df2ff95a86fa7445db513c35bede62a52598f11,2008-12-19 07:22:52 +0000
ddf1a74b85cef19c9385fddd5f75afc5891acbda,2008-12-19 07:19:24 +0000
b1c9636197c0d70c23140b533c13ce5150f6a6d1,2008-12-19 07:06:16 +0000
f1c5a2c4634864a6c31c5a704e6e37d94d2ea3b6,2008-12-18 22:16:32 +0000
cfb1263cbf338bf78f64b7d7efb928c2b57f3c16,2008-12-18 07:16:09 +0000
99e885b63fb8ead66134a84c23aecf50d24adf31,2008-12-18 07:13:08 +0000
32081ef5c59bb7f3124b76cadd245686e0974b12,2008-12-16 21:44:29 +0000
73ac869e704ded44e5abdf55c88594000529dd66,2008-12-15 21:29:56 +0000
9f8d1c1fc7e227b4f65fa302274b5d6e9c255af0,2008-12-14 21:28:34 +0000
e748b4edd4abeefe220c8a5222a900feb09389c7,2008-12-14 21:24:59 +0000
405cbc1e222815542510f4c25830658785687288,2008-12-13 16:13:00 +0000
2a64d2339c20be0f46f9ea3036f7b1136a3dd8be,2008-12-13 16:07:31 +0000
19fd6e039f40f2c1b515aedada33410f31dd3455,2008-12-12 20:58:43 +0000
759f735b637331f1e2b7d82a0542011334efaa27,2008-12-11 07:39:49 +0000
42b1bc33d5b0dc751cdd7d0a0933302543070d8c,2008-12-11 07:15:16 +0000
7da9ea27b2501a9012dab95ae36572bb64c47ae3,2008-12-10 21:05:53 +0000
45dd194c4cdb045615518f3199c6cdee8beac0c7,2008-12-09 21:33:28 +0000
045470d9a744acdbfc87be6d3c4e447f2618645f,2008-12-08 07:59:31 +0000
008754fe7c221cd842757de29ecb0694cdb51d64,2008-12-08 07:52:28 +0000
8cc17db59dcd90136b8d544d9c95f19719a9ad35,2008-12-06 20:31:24 +0000
62f2a1c98e19b63cfdd542c126543cd4a9a48863,2008-12-06 20:31:04 +0000
f624c0347c9e9e94d88ca85caa07ab945969be0c,2008-12-01 21:28:31 +0000
d4221eee46da2e521345333fc2acf745f36861de,2008-11-30 21:08:42 +0000
7f66bef605a8e68aafb04c566038bf14a7e9383a,2008-11-30 19:48:50 +0000
7a4a93ae6afb5e878d12d618f747d27b8c059350,2008-11-29 20:32:56 +0000
69f057febef96389eee9960afba834ff139f73b7,2008-11-29 20:32:00 +0000
b9697a700c55addd10890466864341b085283261,2008-11-25 21:20:01 +0000
1cc8f22253c7d9d8d7472180dae3fcc1b5b49df9,2008-11-24 21:29:42 +0000
10d8ab1386dacec89b977c7bd966d74fc6074bf9,2008-11-22 16:57:36 +0000
c38fc8009e6211714014249680fdfedaad19f628,2008-11-20 18:33:04 +0000
36c92e79206d938ae2efa40ef4f2188daf7f5881,2008-11-18 21:26:15 +0000
6418c127360a1910a222ece005cd38cfbe36c0cd,2008-11-18 21:25:39 +0000
cddbf6a4c3c60d419880f8242d79ac05ccceb10c,2008-11-16 21:36:54 +0000
9fb296cd8998d69593947bbbeabfa2dd3faa4511,2008-11-11 21:02:37 +0000
d1f9b85bf6de868345a9f00d2f39aba683d1a49b,2008-11-08 21:05:23 +0000
47bb5716b6b1940fee8c854bd67b02012999a713,2008-11-08 16:37:48 +0000
c4490d74c2fb3687785e98b7c578bcf22e11c75b,2008-11-08 15:29:56 +0000
95fde08d7ff98666d724fada3358611d74357fd6,2008-11-06 07:23:41 +0000
3fb31853c408ac481a58b0dd84e5b143db03d3a0,2008-11-04 21:12:45 +0000
8e5c7f44c68044f00f0c691090349cab7ec10400,2008-11-04 21:11:36 +0000
999008177a1bb551c0cad9b6a665a1e346741df5,2008-11-03 21:07:27 +0000
e79611cd762654822d884a9cd481e80675fc7413,2008-11-01 20:15:00 +0000
1f61e04eb01ab94124afd0cee797e08b8a531abd,2008-10-18 19:55:41 +0000
f0bc45b22638eb192fcf55391d2ef6fc35d26872,2008-10-15 20:33:35 +0000
e194bd41a1655aef9747a03f1267b8a62cfa5fa6,2008-10-09 20:29:13 +0000
3a8af0e75839a44f8a50b430c611dc94d3b00c4e,2008-10-04 19:14:06 +0000
f59a8458d1265f0bab0cefcd040893d5fe078e27,2008-10-04 15:39:26 +0000
57792c06b7b802eaa0ce6e5bbbcd2d89e27ed5ba,2008-10-03 18:02:43 +0000
dacd73897e9ba29c1073b481e3e5942c9300e64d,2008-08-12 09:34:57 +0000
9cf06a0edef98aed9ec36b0c8b604f4209a66cec,2008-08-04 13:34:55 +0000
9fe86557e40842b22013195cbcea5619490b4cb0,2008-08-01 19:58:59 +0000
bddc7abc432175ef17c222111a03ba1314f17910,2008-08-01 19:38:42 +0000
cac58a6794206f5a75f62dd986bda394a7355628,2008-07-21 17:43:58 +0000
c7245660bdd643307b6e11f0c75fec37e5d5ad09,2008-06-23 20:36:37 +0000
066bca09da7a011b2ca8ac55833affb7ef67ef8b,2008-06-01 20:18:33 +0000
12f9978101d7f0e146940d389eb653a77bfe48a7,2008-06-01 20:06:47 +0000
238ec4c7c27a88810a34ae6d0891426cb8bb8aa4,2008-06-01 19:30:02 +0000
752e6507e65146542c443f6fff986a344ae6a41d,2008-05-19 20:28:21 +0000
c70bed3286d088cf1074a2a3079779b80d7a5305,2008-05-19 20:26:20 +0000
982df87ea1069fc7f54c0bf071b4c9bf622826ad,2008-05-19 20:25:31 +0000
b5c143bf0dd5dbc911d622d1d6a26c9b7e54ea12,2008-05-14 20:15:23 +0000
d31e194bc49f8c84886686b590f78a072693621a,2008-05-09 13:13:48 +0000
a9bb830e13794ee22028dff03e6f061c640b2a7f,2008-05-09 13:09:52 +0000
ee1f867e64ca2fcee89ba6a157e74f7bad80ebc9,2008-05-08 11:43:09 +0000
66f4109d462e99a819a8eb4f50e9260503e4ed30,2008-04-30 10:59:58 +0000
218de40b5f82600b012bf67d230eedfc81d4fdb8,2008-04-07 15:37:45 +0000
0af5a563cf3431f27ec43135a484eade7b796574,2008-04-06 13:39:53 +0000
424c02b3ea3c10724df2419ae82cd7f98a7c351f,2008-03-24 16:30:44 +0000
2f4fb3842ebf171b5124d9c23e1b319f79dc6e73,2008-03-23 19:28:59 +0000
68a33e20efd5ca9c3c0bd12ca34122686ca4945f,2008-03-14 06:41:17 +0000
f65afbec3e34a1793fb67ba840fc263f53c3deec,2008-03-09 14:21:48 +0000
51f88c4ed6a975677114745e3c92d6b9f49377fa,2008-03-02 21:00:44 +0000
e73f015ae81c2fad38bd46d96951080bbc28da5f,2008-03-02 19:46:00 +0000
89abc5c6325104bcd6831dca996612b75647f6b8,2008-03-02 19:37:56 +0000
0d744de2743b78cfd8481908a5736063ce23fe86,2008-02-18 12:37:19 +0000
af6a5edc743a8c30d164c39a84a253e977e7b4a0,2008-02-17 23:49:42 +0000
672dd563c176a418d69b9cff2abfaeb62f1fa3e3,2008-02-17 23:00:12 +0000
1628d29f0c14e9619960d60a6590dc0d98331c42,2008-02-17 00:04:27 +0000
4fe432305bb4b57e5f47d5261f31f0ad0cc77b28,2008-02-09 16:50:22 +0000
9b637536d59ee09c4f64f43d96715685f78564f2,2008-02-09 16:33:45 +0000
3f2c1cffe03f41c9f5b63bf7d314ba4180a5dda6,2008-02-07 07:07:50 +0000
b3f082cdd7587dac8b5f75beea1e48fd42e38f84,2008-01-20 04:39:08 +0000
7ae5f7319468b9402968dc94315a296b3805e073,2008-01-15 21:04:51 +0000
2d30e1aaf0372b23981e20ebbd1f07b19c3f2799,2008-01-07 03:15:46 +0000
a32f8b913901de4e6c5090f0fd33b0c9cda02ef9,2007-12-25 19:05:58 +0000
cfd2560843033325d5ed7001f363e93fd5294000,2007-12-13 06:51:15 +0000
7a5182133f90f7d5d9981c5f0be59c315e0828ec,2007-11-24 16:54:49 +0000
031838ff8465648e9d754b3f17143bee004bc6a3,2007-11-16 02:42:49 +0000
070a37d4cb5374fb0683aa069ca4e926c6c58838,2007-11-14 21:19:52 +0000
3cec8d91e2cfa8e1cf5bd23822e0e017602bb512,2007-11-14 21:09:52 +0000
5662f71b53aad57ce2ac5104594ced196c284d2a,2007-11-14 20:44:43 +0000
28529e053256c9ca94819eae0ea4606c68f6383b,2007-11-14 20:31:06 +0000
03ff742654f39ad483d4aa0a4cbb7def9e40da29,2007-11-10 15:40:31 +0000
f16638683f03df45dde2e6240d3344166cd64127,2007-11-10 15:35:16 +0000
160628e901a6482aea31236747e65842f1410e9c,2007-11-08 22:32:46 +0000
9bff58ad6c0dc366eca173517ccde6d69ed4f74b,2007-11-08 21:14:21 +0000
a686b3fe1bc93d54428b4be092f488d08f1942e4,2007-11-08 21:11:49 +0000
68690b5287a4c41f4b216b2d479e1ad0d67d1216,2007-11-08 21:10:09 +0000
b6fcb3c445b73253933b98a7e4361bd3439dac92,2007-11-08 21:08:38 +0000
254957dcc15da97a51eef9c5f3ad2b684087b0a4,2007-11-08 21:06:42 +0000
3dc36ca4ac78ba843871056bc2f01b37f358b324,2007-11-08 15:56:43 +0000
8adbf92783fa0aba14f55df2392f07381d98c91f,2007-11-08 15:31:10 +0000
aa4fcab57441bc5bf563704df8fcb2c6d93bbcf1,2007-11-07 21:53:17 +0000
d6888ecb29a15f807e1f1856059447ad50aa04d2,2007-11-07 20:40:32 +0000
913ab907d9c3d648aa378e0d6668c9bddf94e451,2007-11-04 10:21:55 +0000
7bf3cc18fd65fe991e904a202f7c1d491169e7fb,2007-11-04 10:19:23 +0000
bb637ad06cb40cef8d0b2883f3e16e95dab62c97,2007-11-01 15:10:48 +0000
aebca85243dd6cd989981497e2b7dc32e625bde4,2007-11-01 14:50:38 +0000
db72b9c82b410648f733440c5bb098e7bae6b2af,2007-11-01 10:53:12 +0000
8265f4945ad5acafc082a0397b52ed0874a80ee2,2007-11-01 10:28:28 +0000
422cba76a79ff93ff2d49d2507e8bd0b7e7b17ef,2007-11-01 02:35:06 +0000
a4a87e376fa9ec6876e62f1cb0ab375ea6727c44,2007-11-01 02:02:26 +0000
8a232024c82ff565efa1a424723fdfa7e654436e,2007-10-30 21:35:11 +0000
b8f02dfaea9f4e74d0aba01e7b62da6627019663,2007-10-28 16:56:25 +0000
cf033a2e5e157470efd8081126a06eed001f92aa,2007-10-28 16:37:35 +0000
b0e3654096cbe9d604eb10c19e677e9d8d7291d8,2007-10-28 16:34:09 +0000
097ec2390f3a50ec306e601017ed455adfcb0257,2007-10-27 19:25:57 +0000
06fe7b8706977ce4161e0b4239c01e6f3d4c10fb,2007-10-27 18:33:49 +0000
21ce0750b417ff18d05c22a470d748ca6a0e768b,2007-10-27 15:41:13 +0000
1ca655b6798b5f7310db7b89b1f267384b2de9bd,2007-10-27 15:38:15 +0000
1bbe760cc16272c637c61621a66bed730e4786d3,2007-10-25 20:22:35 +0000
eec5936b267c80eac7fbf077e88e0eb997f0c335,2007-10-25 20:01:31 +0000
63776cc09959f0a5bdd88304f6c94c6374d1bf46,2007-10-23 20:19:49 +0000
5a6f221003e4b257b4fddfccbcff976bbc6cf0bd,2007-10-23 20:03:47 +0000
2ceb46d976ae1f971dd70270072fc17e7524e93d,2007-09-23 16:20:24 +0000
ff876331711077ebe8c527f2c54382b0b040af9f,2007-09-22 19:10:48 +0000
c1ffa9e6841a5c6817866146eb92860ec125c874,2007-09-22 15:12:16 +0000
a5a95974374950b2fe862ef3d42cc15b5dffd03c,2007-09-19 20:29:42 +0000
3d8bf3eacbe35fe86407ab4653bb642d3b92ea64,2007-09-18 19:58:28 +0000
72e29848274366c1b07aee4bb1838cfd396b32f3,2007-09-14 20:20:35 +0000
24fb8a7f04031ff72635e22a6708265ea15b93a6,2007-08-30 19:57:51 +0000
89aa7f6234ceaf2a893967f88346c911ca0ed9c6,2007-08-29 20:06:15 +0000
595ec843fbf942552f717d893e0b632c74c93bed,2007-08-29 20:05:46 +0000
6ab5b4c54ce2590dc5e0cd53eb733d21a21610fc,2007-08-28 15:56:49 +0000
bc6acabe211277b26f7df43f691173e0d4b7320a,2007-08-28 15:55:50 +0000
cd62323bfff88610c966638f4d9ae5eb3f930cbc,2007-08-24 15:07:53 +0000
204ede6adb0c08f84ec2d1743c92b20af1001a99,2007-08-24 09:37:33 +0000
df34910866790342f1724ed627ca69cbe3db79b3,2007-08-23 13:38:00 +0000
559e62cf4513bab20c08ec8129bf60b23e423b73,2007-08-22 16:32:17 +0000
286b66c3ec20c750f8af75058e915eaf41243c0c,2007-08-22 12:38:26 +0000
1276f7009ceffac0f8150eedc7cd0bda2474e929,2007-08-22 11:50:58 +0000
e28922e42a32f3d0579f00f6b72ac3a077b31bca,2007-08-20 17:57:08 +0000
216ca3a5ba9a3755930ca4c3515416223ca4d54f,2007-08-14 17:59:46 +0000
bd0593e136edca76a28757ad1be3d9f90099bfac,2007-08-11 14:51:29 +0000
1ca01fb57f48351401f1005c97497fb3ed5548bc,2007-07-31 20:39:28 +0000
811e6533ccd5c2932ea47497f5474894e0d2b019,2007-07-31 20:22:18 +0000
9042afbe871da18d3e5583e8c9d9b81ec3a8f2ce,2007-07-31 20:01:02 +0000
5b79f2bf70ee201339471372266893d1604131e8,2007-07-31 18:13:25 +0000
7acccfe7a71607fd165fa3af12841c14ad1c7492,2007-07-31 05:50:09 +0000
3c54bdee840888df4cc2e6e95d9dae2c33e06551,2007-07-31 04:17:09 +0000
f3f53a911802ebd0ac44bab9accd59a8f9345b31,2007-07-30 03:57:33 +0000
1a49c3eca9523c2e46f06cacaa23adba007bc0f5,2007-07-29 20:14:22 +0000
b0e6d49093fef66413840b1e0dfab87824edc56f,2007-07-29 03:42:34 +0000
efcf7b83ccf9d73ed0c07210e8bc0b06d7550738,2007-07-29 03:42:15 +0000
4d44b8340c66019fb51d2dca27ca826af9a4013e,2007-07-29 03:40:41 +0000
0f8c0c73e8df1cd21dcec0fc616c38f98602f209,2007-07-28 08:12:57 +0000
1d0934ed4a1437a3a0f5af8d8bc92c7293db0354,2007-07-27 17:52:04 +0000
c6b7241fc57ac41db358ee5990e1908ac41f4b58,2007-07-26 20:10:36 +0000
3b74386d3d412594f2b34a9bc782fe1efcfb041c,2007-07-21 19:00:51 +0000
3e2a30071802d6780827061bcf49ef6f2ef6b4b9,2007-07-21 15:26:19 +0000
ee22fe99ffb101fb4ca0428ebe2ad0ba35603ccf,2007-07-12 19:59:25 +0000
15b093448cebcaf28bf7384257bd9208cc18bb34,2007-07-09 20:34:27 +0000
1c53281831611837de4358b6e75de594867f46b0,2007-07-09 19:37:37 +0000
497bf061d76b0235738ad939d3196004036b207c,2007-07-07 14:09:12 +0000
fd66310c3cc51f3b9902f095c566bd3cba1608ef,2007-07-04 18:26:27 +0000
58c3f3576ddb72ebd13a0e541bcf2ee6487dd3e1,2007-06-23 14:44:15 +0000
2f861bcfac177afe6802a3c2f826d60eb568339e,2007-06-21 19:57:25 +0000
9edd19d0f0f12457a9314cdc282875b525f3ce83,2007-06-18 19:55:42 +0000
7167a246f28411bbc3f116a121edd3eed5a41b29,2007-06-17 19:38:21 +0000
d8b362feefd01362e8cf62cb6d0d0fa946eb1272,2007-06-17 19:34:03 +0000
cf0d6a84f168a8066af620a38690b1c8339b8c25,2007-06-12 20:04:45 +0000
508e0cc43be9b617cdd4ac5415c76521d478ef92,2007-06-10 16:10:17 +0000
733b83d0dea8c45311e8a88cc44587abda4c41ee,2007-06-02 20:00:02 +0000
1318e3952d8c6aac1c34454583cadb02be9d0616,2007-06-02 19:54:37 +0000
f21f52c47f36c780ba6f1dc53df010d61431e7c3,2007-05-27 20:17:33 +0000
37e24ea445ac3f9df6e254afc3fe47b5d8cd8876,2007-05-26 19:30:54 +0000
273939153867def1768bb9b17062e582bcf64cdf,2007-05-26 18:49:26 +0000
d17f7d01787f67ee6d81f12cb67e5d961921d2aa,2007-05-24 20:43:18 +0000
838a7db4ae920bb15a90408651fb1767eedd735e,2007-05-24 20:03:09 +0000
ad8a4955cb3ddfed950d2b3c21256ed4b637c5fe,2007-05-24 11:31:25 +0000
08f0beaf018ac4f4dd0325674f17519f306b2746,2007-05-22 23:09:45 +0000
246027619978c15e31735bb671e04c99abd8ac59,2007-05-22 12:37:13 +0000
6e382c8128f48faaa84b1a56a9cb9a82adbfd215,2007-05-22 10:49:26 +0000
45d8717c3dcf3800cf007ee3eb42d38586f92d35,2007-05-08 20:55:42 +0000
1377b6e27cb94e187b441ac96ede9bdaa48931fe,2007-05-08 20:54:33 +0000
ab8534081cedfc9f3644e4da527516e8ea8fca6f,2007-04-26 00:40:17 +0000
2bf652bed1a60e8bd7c2e2e47b7d0d1bfd66df0c,2007-04-25 20:32:44 +0000
bad272b1b83dfaba0c7de16bb9bb3078535bd699,2007-04-25 12:23:01 +0000
1c720e531623ec940995654afd433769975f6dee,2007-04-25 11:48:00 +0000
0fdbd7e0356dd9dcbc035ae0c62bb1db85085d85,2007-04-23 11:18:22 +0000
2585da8d157bda7a41c316f58fc25e171f5895c6,2007-04-23 09:39:29 +0000
90b489dd33b07cc12fe2a0a52cccdce75dee49b1,2007-04-22 22:38:40 +0000
aaf311cd404e8458d995afbd9552defc1bdf4985,2007-04-22 18:54:57 +0000
44353c821b856bf20d4ef86710dd8a62cb5600b0,2007-04-21 19:03:58 +0000
17bd7e0ffd001cf1856c7a3d9e0c3c8b4c25541f,2007-04-21 15:23:08 +0000
b5a40037a452bcd390f005dfb245fce7b273fa5f,2007-04-21 14:31:58 +0000
62f8f9cf6e8729a5d72304e9f2b035f4d269e7b8,2007-04-20 20:51:36 +0000
16c4166cf30a42e62f98c8200262e2e86986c9c7,2007-04-19 23:56:31 +0000
a99e640b042b16546da17dffc3e3b96f687afcb5,2007-04-19 23:08:36 +0000
2779150d205e93d90ce4e9338f78074a0ec82981,2007-04-19 22:48:29 +0000
06fbd474c7befe30e52b1bf6e46bbd9d5e1a3f3e,2007-04-19 18:29:47 +0000
0a00676ca6c13ca97a9ca248d375f1e93a8608c6,2007-04-18 23:53:50 +0000
287a30307a5a94e337f923c053c1b872e2899734,2007-04-18 23:46:34 +0000
9e7e6d425cfb7ce15fa1bfa79d872b509f65c3dd,2007-04-18 19:54:27 +0000
a4d62a8fd97a4516f1d04320608ecef9025c1d03,2007-04-18 11:22:53 +0000
cdc9273c8bed26ca9e49da8082e4aa246321ffaf,2007-04-18 10:09:35 +0000
6aee14520f6b063fdfec339550a7a1d5f5905a4d,2007-04-18 08:45:48 +0000
c75a72c26e1a520c24037ce2ef7b90b2cc1f9059,2007-04-17 23:46:34 +0000
51a3d06e965de66859209ef5afd7ede70b248866,2007-04-17 19:49:51 +0000
be8d8be878f99d26ad4390ca9620d98babbeea22,2007-04-17 13:43:38 +0000
aa479a43705c4806109bbd054028085780e74003,2007-04-17 11:09:43 +0000
1abb6d1b2ce13586304945db001b00c5389464da,2007-04-17 10:42:41 +0000
3c5eac13c8220e4fd59fe47c2cd09fccf8d823d4,2007-04-17 08:52:41 +0000
fde01a68ef771384d8b552c4418718c5d34fbbab,2007-04-17 08:31:58 +0000
c85367ed7d145892a6926f8910872d72fe42775a,2007-04-16 11:54:11 +0000
0f544502f8329a4ed2c7804aa593558437a553e0,2007-04-16 10:40:42 +0000
6c9579e8eb46ab760c78bbfdb27fee44e8b3965e,2007-04-13 21:30:08 +0000
145fc82a5225e29c4302f32ff56ef60ca0eba379,2007-04-13 17:31:15 +0000
d6b9e46cb6fe103899decd462285a44e34a69675,2007-04-13 12:23:22 +0000
907c8a22f396f3561e2065ec57fee33cc2313bb0,2007-04-11 09:57:29 +0000
8b26e6e61591b88eca53c660e3931871f2e11dd2,2007-04-09 22:43:59 +0000
8c42aa996c2b964da9f9e664022c7136c18cd03c,2007-04-08 18:05:17 +0000
1aff81e002686c3c3534c2ecf0889a239e13c0d5,2007-04-08 17:52:55 +0000
1286b7f58ce30e11051160dccbaa8c7aee191116,2007-04-08 17:38:48 +0000
3e76637d4904ec3ceec671e0610a14a4d9c8e0fc,2007-04-06 19:35:11 +0000
6f7015fcf48dfbff75b905c8281aaed6044b6441,2007-04-05 17:00:09 +0000
aa875a9e96404a4e66bc1a5e2829d8c2997acc27,2007-04-05 16:53:43 +0000
39edd87d3ef0ad38c8672d0c9fdf843a3be43229,2007-04-05 16:15:29 +0000
e934546bbef5032a66bd387c87ba9c98d416dbd2,2007-04-04 17:09:05 +0000
b8bb90f7c98824d3202a928c0ed2f6eeafb94a76,2007-04-04 17:02:45 +0000
973c3655710e8f227b8b35d5bd9e671f6723ddc7,2007-04-04 10:46:33 +0000
fba63a2cc736c95381d31c26c9f85b28ee4e0297,2007-04-04 08:56:08 +0000
a07e216cffcd85bf5bc5ce254b69c1eaa7e0e592,2007-03-30 09:33:17 +0000
f9ed6d9585d348c85e1f849d87a79d951b525ea3,2007-03-30 09:14:03 +0000
1d4504253d7e4b836e35620bb99614062d7fb4e1,2007-03-06 21:15:00 +0000
5ea36c4310a778e152e3b4e2b01226aa00d9dcac,2007-03-03 20:18:14 +0000
a7e955d5e69507b99e0d73a6751e6dee407fe2d2,2007-03-01 21:15:07 +0000
9cd45201278c247ad490697a664e9f5f12eae286,2007-02-15 21:26:29 +0000
7bf2e34fae4ecb3c18224de2862202e5d9a48365,2007-02-15 21:16:37 +0000
8d3f62fae0379ea85c63f5834db74027df571e7d,2007-02-14 21:22:34 +0000
596555de034cf2684866d4609f717ae39d5df527,2007-02-13 21:23:56 +0000
8f6d85b0f3d7f8eb5b8691fbba9bb6882fc7255e,2007-02-13 21:20:43 +0000
9b37000b99273951216b878448db393cac5d14a5,2007-02-13 21:02:09 +0000
dca0034dd5dd41cc1345793615404c8b8d47893f,2007-02-13 20:54:15 +0000
d17d863ff96149df8112e51dcfebb8a9ce0d8e60,2007-02-11 21:10:33 +0000
e5adbf61d8a91e35add3b4958c5e65693f1aa42b,2007-02-11 20:43:08 +0000
72145bb508baedf7916516f2e406cf3e76690b28,2007-02-11 13:09:28 +0000
eaa8d53b49a79c769b9180f89ebffc791f2740f9,2007-02-11 12:41:13 +0000
786166b552a01918a7fcff7aa67404b23fd26357,2007-02-11 12:41:01 +0000
32727c9985e01f551194cd4fe8449f18ddb0dcff,2007-02-07 21:21:19 +0000
e9baf7029361e30788595347fe3b85fa1c227bc9,2007-02-07 20:40:33 +0000
dee4541045f02df23757d5738ff810cba58dda38,2007-02-07 20:31:14 +0000
153113604c7ef2f69c5e32bd9ee813c7025e936d,2007-02-06 20:40:55 +0000
086e10cf5b25a7df805919e9a5e1f2dee6ef0484,2007-02-04 19:40:15 +0000
28efbf18c26636576b07f17595482ec10057f810,2007-02-04 19:37:50 +0000
8a554902c4c1c73e0e0f0da38fd0a277c4b35c8a,2007-02-04 19:18:30 +0000
c60b5c2d691f110e1d252e40af2ddb719d2a5a2a,2007-02-04 18:38:22 +0000
a9e8b82ae1b840f2f38be59b38a9df9ee8abfbc2,2007-02-03 16:19:15 +0000
591ce433d0a3542e08d722f1827bd9f9c3ceea64,2007-02-02 19:58:27 +0000
7da6a4d9f2ea6ec356776939c3af0056899dbcb7,2007-02-02 19:55:37 +0000
9bc5d593758155be36847fc04a8dddb33fd0dea1,2007-01-31 20:57:04 +0000
e8faa3329ced19020ca50449813abbf35fbd558b,2007-01-28 17:27:28 +0000
4eec2d730944094b6a79747459744a8989b3706a,2007-01-28 16:56:13 +0000
2525bc9a8495fd3970a4a30be72f2f9ca2fc76b7,2007-01-28 16:24:53 +0000
677fe93e0786db5b1ff4c86139aec44415bc1c9c,2007-01-20 19:23:52 +0000
f3a95431ab4a6b88ace2b1a76f5cd1ca2f50a48a,2007-01-20 18:54:31 +0000
2e7912ff5068e21d4ebad02f5bdd5c57cfd3aef3,2007-01-20 15:48:24 +0000
51009ec09f87328192f850fb5a3eb1d83dc70933,2007-01-18 21:02:55 +0000
10497e9b171e6b659875aac206bad40ced4e422d,2007-01-17 21:35:28 +0000
4c0e3b5679dd1eb42e206342a488635d79ecb9e7,2007-01-15 21:23:58 +0000
b0239d5d3e1aa423da9fa318e0132812e80306d4,2007-01-15 21:16:16 +0000
99fc536e1fad03dac5823013fb8584c214f53055,2007-01-13 19:37:34 +0000
8b733422b896a8dcfaef235eec9067f67a65071b,2007-01-13 17:06:29 +0000
ca7adf55c3a69694e5be9867db36e4ccb9f344ce,2007-01-13 16:33:02 +0000
e49e7f45c23b02430edff66bf128e1ed52117b0e,2007-01-09 21:34:30 +0000
0081ceb37610eac65aed0207256bc0d16dacbbb1,2007-01-09 21:32:44 +0000
953b5b41b90597692854b37a741d4ef9dc6c84ff,2007-01-09 21:14:20 +0000
38b4f6c76cc4d4b16688e325a723b492d968a233,2007-01-09 20:40:02 +0000
a41dcf3ea723f6f95365182a9f40f0d6ff73ef79,2007-01-03 17:39:39 +0000
c79f6e3a24f9f2b308d2559e4c5113642144d2fe,2007-01-03 16:51:24 +0000
5a46b0dff7a7c175c29a26d9475552ac08ee7d33,2007-01-03 16:48:47 +0000
0554ec161bbf36d165d9bba1bf370dcb495548fb,2006-12-30 16:36:46 +0000
2a308869348edeeaeadbb1458fba2f8bac80c2fb,2006-12-30 16:05:51 +0000
f693b49374c50511f8d7835eec5c7050dfea7ae4,2006-12-30 16:04:03 +0000
62a882713d9c6757e311fb4764c5e7d00ff784a4,2006-12-26 21:28:04 +0000
c018578aa10c0f76b3a1007d79c52fdb1bfa6894,2006-12-26 16:19:07 +0000
d6ac7513fde77f91c58152b44e1ab27ee746386a,2006-12-23 17:36:12 +0000
fde223be37b02ea27ae3e6af337050d10b8c5f4f,2006-12-22 18:18:57 +0000
bd0692bb67430c246c12cb27986ddd948ff1c4ef,2006-12-20 21:32:56 +0000
f29d50ee49206d7672856db2dc1b7c1764d3db2c,2006-12-12 22:11:41 +0000
e78bfbf363447dc9b592040eceae32ae7e674c06,2006-12-09 19:58:46 +0000
ef208629a9979fb46495a7165d031f457b1dc4ca,2006-12-08 18:30:15 +0000
26299571bb08cb72b8a13ab2ae066859576f45b3,2006-12-07 20:58:09 +0000
bb986240f8a6246376abf463f870524bbbb0caaa,2006-12-06 21:17:35 +0000
1336752ec477d9c6e89d4913993a207265ad0ac5,2006-12-06 21:11:37 +0000
95266cde0d2cf848ae9c5873bde8c94203c14696,2006-12-02 18:43:13 +0000
76a78917670dfa794fea01ee1d27717295643bed,2006-12-02 18:20:43 +0000
c226b3002a957c80c02b070d1f2a4d0a44583834,2006-11-24 19:13:10 +0000
f9d2bd8a186c899404b3a512aba2ecf315896b72,2006-11-21 17:58:06 +0000
a7f1acdaad30de3edec743e4e17f257cd41e60b2,2006-11-20 19:05:19 +0000
4e434687389d9b2a7629661708b9b868fcede610,2006-11-09 00:26:31 +0000
1e1ca8e4a81b4bcbdf716b3649c84f8c08636314,2006-11-09 00:14:44 +0000
ae0fc6f6ff1090c515409af0a2cff4af57921480,2006-11-02 21:22:49 +0000
620ff7afcf73ec660d0f450d8c86dbb416e6a4ce,2006-10-30 20:50:59 +0000
a31f7779307e722d29258b452e09ee01a735eebb,2006-10-30 20:22:50 +0000
7e4989ff111562d9bc562200d0c5bc5b41af18b9,2006-10-28 15:11:02 +0000
7091bf722e0adbaf059ad262b33f548960ad6df9,2006-10-21 15:23:45 +0000
c671dfd5fe57d837fd966dbe0637198bc5cdbee0,2006-10-16 20:26:04 +0000
9a149978a2ebfebf0f480e9b6be6c2fea5ea69a1,2006-09-24 16:33:59 +0000
862f6516b5d5f438448f3fc6b96fbdd7c40b3d42,2006-09-24 01:56:38 +0000
9ad814be1988e88d6e103e91924c490865e7236e,2006-09-24 01:55:13 +0000
448a163cf0843a0b7692de3a4a6b015958958bc6,2006-09-23 08:34:04 +0000
a4cfc98a8494b56e9209891fee09e7b81483071c,2006-09-22 17:27:00 +0000
a0f92109ae84d76f01cc6a8dbbf5785ad8665ba1,2006-09-18 20:16:03 +0000
ab8224543bad3140d0754dfa8bff24a402547fa0,2006-09-16 15:20:22 +0000
7e9678798a56f03e36b5beca006f91ac4a06d93b,2006-09-13 20:04:01 +0000
cef9495e8cfb45b5e1570a3da255c908551bafa5,2006-09-12 20:03:18 +0000
b1ae51a7f42bfc8e26b9aeaf4201ece44193de19,2006-09-03 15:53:03 +0000
c18cf77a063936ab47f6680f84c9c91d8ede6030,2006-09-03 15:33:07 +0000
dba139a1503c271b3e72ae9bc8924f952f993c31,2006-09-02 20:42:10 +0000
9cf1c1281e82897bd552a73b9d2de843e196b9ad,2006-08-31 19:37:42 +0000
94d6e9fc10077249b0a7b7d18050b17f57f05b36,2006-08-30 19:22:42 +0000
7890b7a6b1fce045520c88542c6df016ae0f372a,2006-08-28 20:28:25 +0000
2ceb32fb8ae534918abb819eb10b62481807115f,2006-08-26 16:38:38 +0000
397e97d2b347f4fe326e95f4e90a0dbb0e446a42,2006-08-23 20:14:03 +0000
53289040e06ba2289764089c3729ae9202be6388,2006-08-16 20:16:26 +0000
62bf3b153b00c8d924edfee947c98e827fedf452,2006-08-15 20:29:17 +0000
6e52fa76927129f7e92e246f82c11d991ed5c7a2,2006-08-12 15:23:52 +0000
0da83016cc65932458c5e437d346b1cd9141aaa0,2006-08-06 16:06:42 +0000
748409bcf410d2d97fce1a81fabd4bfe35e94ad0,2006-07-30 18:28:35 +0000
70fb504942407267062db93236342d176a7c45be,2006-07-30 17:31:32 +0000
e1c0a989e105ebf19903ef0eb26ca5b8b489f1b2,2006-07-29 15:22:35 +0000
b24b7bed9b19eb774d1866dfec176fe505e01b1b,2006-07-29 14:52:31 +0000
3ac9d8b62e59b8a65d289ce607665f5495d15051,2006-07-27 20:17:14 +0000
fe6a1c262d4024c0c631ca4682333aeae0f9f6fa,2006-07-27 20:02:33 +0000
612ee44383b4b473f365d0dd9e4bdfa5d4bac4ee,2006-07-26 20:19:30 +0000
d3baf345a430e702adafe3065851715ee3fa814d,2006-07-26 19:57:42 +0000
c159418f68fe7f3c5a020f142c0262dc71a978cb,2006-07-26 19:50:05 +0000
c250d4769ddd193d867af92787b042ed135f267b,2006-07-25 20:44:57 +0000
211cb0b5578326b3f2d38460e8188c4ee5e43606,2006-07-25 20:29:14 +0000
5a8ffa37e4f5878dcdc57695b11fe3357666eab2,2006-07-25 20:06:48 +0000
ba1e8a25d4560033b02c699832262e5575ebdb84,2006-07-22 17:08:00 +0000
875e129aedfdc46c1c93d6eb45ca87173524416c,2006-07-22 17:06:49 +0000
23a9c2d78d157e2557504332e829b876a4e2e422,2006-07-22 17:02:38 +0000
d1eae9121f83276aafdbe2839cb5476e0002a887,2006-07-15 01:14:56 +0000
b41c9a75f8338df11f276939cd406e4ce452814a,2006-07-08 19:46:20 +0000
c5e57c8a2c0027c260c3b6a80ee5ea3a8eaf5608,2006-07-08 15:09:47 +0000
70555bc41ec72e213a8436df9fbd55600dd98339,2006-07-06 20:26:51 +0000
a17317ca414e6c46dd1d0bea0021c1227dfb6f6e,2006-07-06 20:00:28 +0000
66189aa839ac0b1c116ca1fc94d1bad3e3858b7f,2006-07-05 20:29:51 +0000
cfc861c36ef9a6ff59100b35958da86b25b325f7,2006-07-02 15:28:13 +0000
5041264df0d7c6b6d01303ccf9ad26fa3f078411,2006-06-22 19:31:27 +0000
e635cd103e1d4659aebd31e6f9ff804339676108,2006-06-21 20:37:04 +0000
9bdacca2e30a7b1070675a83c4a4e4965749ecc4,2006-06-18 22:01:43 +0000
a214577cbdcc1fa91f18c813abe7525bc36e7975,2006-06-18 21:59:16 +0000
59c03fc6aef888a59691c7b262828c195c595996,2006-06-18 20:16:16 +0000
a1f25b5a4efb1db4062c5c5bf3c57a61283e05b2,2006-06-18 20:08:29 +0000
566b219e16cff824e606235d65a1a80eca6e1307,2006-06-10 16:35:49 +0000
c64cb3358ca8c4ef6934f57f84ea7ac6ea5a0883,2006-06-08 20:11:29 +0000
599a1a5797272723adc0a089ab591ff2ba256317,2006-06-04 16:46:41 +0000
7d582ef08f84f2ef7caf8fc18a1831d5de0eb91f,2006-06-01 19:52:53 +0000
cc2b1046faba60fa25216b76b16db6ee6d2b9fc5,2006-05-30 19:18:14 +0000
b7ecc0fe29faa86a20f019771197b4362a5c322f,2006-05-29 19:49:19 +0000
892395b4e64318947457a717301933fcf992a585,2006-05-27 20:19:15 +0000
e1ac9694654d78ecf6ec2d67c7dec517ec0616af,2006-05-24 03:14:40 +0000
b986513ab80472b323a3218173e11dcb6022c8ed,2006-05-20 17:38:35 +0000
d6dcf2c5d41336f7df075ecb3cfaa0769644f99d,2006-05-20 17:37:41 +0000
56ef1bdae8d8233ea8273914f4736e7275f9f1a0,2006-05-06 15:05:54 +0000
0eeb14df7b49883b90df83fa0f4aed0cc2fd604d,2006-04-30 17:46:22 +0000
6883de108d53aa51a9212df4a0627e311ce74103,2006-04-30 16:21:50 +0000
3c6112ae9b43bd33897409d026f12c53c0dfa9fa,2006-04-30 16:19:51 +0000
51aaf0a003681804df1a5980ad6487f83401ad38,2006-04-28 10:13:53 +0000
48280ad7b127de5f848abfefefa35e07375cc215,2006-04-26 11:11:03 +0000
e5039a29450e869213e50e0b65b0be96112821e7,2006-04-26 11:05:50 +0000
c4811a7d97c023939bd49810a16e3e46c8e4d65c,2006-04-23 18:31:01 +0000
5be4a2ae3f35fce17bb851dd0a8c1e1bcd6c48a2,2006-04-17 18:11:19 +0000
b854d97e8e080454bce8c1328d857e4ebb4bfcc8,2006-04-16 17:56:48 +0000
b7599a99a9f2a0d7b24bdafe3d1df1d17022e3f6,2006-04-16 17:55:55 +0000
4b39bc80b9b73da41de39bb34426d4ee4f451165,2006-04-16 17:54:22 +0000
7318ae002023eb6c81a6449c134b41da21bd0e74,2006-04-16 17:32:02 +0000
ef7b2bbbd845d49b6070b0c557f38ffad9b1edd4,2006-04-16 17:29:10 +0000
1fd9fc959df2fc0f6e129c3a8d91f4717e676775,2006-04-15 16:53:28 +0000
a6d22a60896474d68f7c3a31204fe1080e5e50db,2006-04-10 15:53:48 +0000
66ec67322c6e78c265871d99281c2f43dde3ac0d,2006-04-09 17:59:37 +0000
85617629f0d3420c0e1e819d72790d569b7d1f1c,2006-04-09 17:30:37 +0000
46d2c68893529578e8d226d2d8f98d97f36bc034,2006-03-24 15:18:22 +0000
52d2c229bda22b3133717d9f9acc07ef0265c357,2006-03-10 15:46:45 +0000
56a5eb6e24a38b8a0a90e0eeebccc672bcb7c928,2006-03-09 20:22:58 +0000
070761c7f998176c35fc668b27546853b264e547,2006-03-09 19:46:11 +0000
6c51782fc09ed473639424a296dbf279341a961c,2006-02-26 18:57:49 +0000
3fddc933e70b69692ec8edba16d9a38bb994c40b,2006-02-26 18:48:48 +0000
9751014fabddb7806fed5540da6dc29b7287ebd2,2006-02-24 09:53:54 +0000
be62fbb682507df7263723f03e1d9be05d3db6b2,2006-02-23 20:24:00 +0000
79b2eb161db3d477079c8084ba05ed29ce32d795,2006-02-22 20:16:44 +0000
69baa7e4df77f42041da9f1d794b14f3df5217f0,2006-02-22 19:43:20 +0000
3e72c5c199350eb5a91d0429610ec52958e00af2,2006-02-15 20:17:24 +0000
7b9ca0b0e80c3dc156025acdcb82ed476e3dc7fa,2006-02-15 20:12:34 +0000
aebfd1d04a7cdf94a0ae642e33be3038a786a68b,2006-02-14 01:15:14 +0000
3f681aa5cc034fc3c64b1b1623825b9a2f757de0,2006-02-06 20:14:59 +0000
6625f979fa2aa53f04ca9f7dbb27e372091b7a52,2006-01-28 15:38:22 +0000
352ad0107b37c52a280d42bcea077187c74cc888,2006-01-24 14:29:48 +0000
8a583a40530cfae34e0db411481f7309ab1b2119,2006-01-23 16:12:55 +0000
0b82acc3807f5361bf5f6cb6402dd513b183728e,2006-01-22 19:23:50 +0000
f67ec4b522f6a69c1d07d297b2a85b9a7c25c305,2006-01-22 18:44:23 +0000
f42952f8aad267b98e55b5d1371ed09e2201b21b,2006-01-21 16:54:24 +0000
4b64b2489a52d1c0b35fae8579d613557c0b6b36,2006-01-19 20:02:08 +0000
a5d6efc3a0601cf617fb90b84c5b01fd5119419c,2006-01-17 19:37:58 +0000
667a55af99305af4784b96352b37e06fb0b3d72e,2006-01-15 19:06:58 +0000
2c9527cf7422652838b252ca61ab6fea9ec633f0,2006-01-15 19:04:56 +0000
29a9cafa91696cf42cdae8edc50d205a84c719ed,2006-01-15 18:26:46 +0000
940be1fef51d0e25ec202493803b3ab227cde3cf,2006-01-05 15:34:20 +0000
7b47fd531ba4036acfa73ca7010aa9da4c27ebe5,2006-01-04 17:30:35 +0000
03b05ba606ed4cc89004ac49c185645f628e9ea2,2006-01-04 17:25:55 +0000
69b2100ebb13f973f2d800c7975cc799e778f0e7,2006-01-02 20:22:49 +0000
e1265dfef806db233ead4f3ab360352761346b2a,2006-01-02 15:56:51 +0000
6ac1025e694527692d839116aba02b684d845019,2005-12-28 20:25:21 +0000
c8fe369e7ce573b7f326f3edd31e4d28b3d0196d,2005-12-28 20:23:19 +0000
d0eaa87938c64b151f93743d544c779eadcc7976,2005-12-28 20:20:17 +0000
5c97d1b64007723ead08f89296e7cc652be3f8c9,2005-12-17 19:15:33 +0000
27c1864fc256bfbe6c45671e1c6f230365d3128c,2005-12-17 10:15:22 +0000
48da60e5477f399183ebcc38724d95a082b74922,2005-12-14 20:19:55 +0000
ddbb09365e83bffc4e92ccb8187275f231d0d6a9,2005-12-14 19:59:07 +0000
8a0df343df9c7aa54881332133642f1cc1e0d172,2005-12-14 15:20:30 +0000
a06b38bc13d3da15d39c6f710c06c7b270bd447a,2005-12-07 19:44:19 +0000
c2efdf4f7c2e9b7049b1fad1db2d1646ecbf8584,2005-12-07 19:30:00 +0000
0c28709f4e16aa3b50da84238a5b8a5a289895f1,2005-12-07 19:26:50 +0000
ba56170cdef32565fbab23e81ee88d58dea918c2,2005-12-06 03:10:27 +0000
9ec89325f1805f253c0bea9534b2285238b3f38c,2005-12-06 01:13:13 +0000
9827f79ab40775511b5eb9e1385f26fe72934c47,2005-12-05 08:23:53 +0000
abe21f1547b54ff82ed13d6057ef29343e167dd0,2005-12-05 08:23:00 +0000
f58927e67ac66249ea160012366986a7942c81e1,2005-12-05 08:21:58 +0000
7d0b811a6069758a79dec0b59e96a5239ba11bf7,2005-12-05 08:16:22 +0000
7c80ff85f9d4eb51912b5258ef465ce09686fa4f,2005-12-04 18:53:43 +0000
880eb922b70a7377d73ea6ffb077a5e6bed458bc,2005-12-04 17:33:34 +0000
787719612246610d811535ceb14b15ce358d0816,2005-12-04 16:41:48 +0000
a0acfec72ea59e5ef35a41548f0520666f8787b9,2005-11-26 15:55:50 +0000
53f583542392642346f3fc56ede27a81907e5c8f,2005-11-26 15:54:44 +0000
b37e6f2a4393137a26d0d94933f7c1a6c18fedc5,2005-11-23 20:10:09 +0000
2c08742e0370e31fe6efb94cba5086f71d4425bf,2005-11-22 20:40:57 +0000
bc53e6fd50b09fc809d523b707860660a8c904db,2005-11-20 19:39:51 +0000
4eaedc74cd8656253d1f7ad01f8d932c76b55db2,2005-11-14 17:09:48 +0000
3faf91612fe048c803e347b043fa5df79fcc3a4b,2005-11-11 16:46:54 +0000
a8827053367f9358be18653ea7d679a75f1f0e77,2005-11-11 16:02:34 +0000
2d43a0fd2e03aac903a7516f83dfe941ba2a39de,2005-11-11 15:52:03 +0000
726a2a17ddff83aeff58f1b6001a279cddc5261b,2005-11-11 14:17:23 +0000
bec1eba3ac7361bc32292de7066cb30f5545f543,2005-11-06 19:06:44 +0000
da879024e27a17983dc681db24d7ac20c31b9809,2005-11-06 18:57:39 +0000
9dfe51c45bebb13ebe5b0b2860726cf04c119d0e,2005-11-05 18:58:40 +0000
4e4fd11a1bdd0ffa4a32584e51560bbdc5d3373d,2005-11-05 16:35:57 +0000
53de2ef51d941f0b97887eaf968f1be7922b49a0,2005-11-03 20:53:13 +0000
45d5b6dd5ef70da7df119137ba2f34a7aea26bb6,2005-10-28 18:51:39 +0000
105a049bc702227442201006e1cd365fa8705c37,2005-10-22 14:24:43 +0000
00c50167edf21b63635616a0c7e4fd17ec879cdb,2005-10-12 19:01:43 +0000
033b2bf04d4b9731ec85467d3636015657b00411,2005-10-10 19:26:46 +0000
97a1866570dddcb048f1b4dd61ae4f2484653a02,2005-10-10 19:17:15 +0000
0a233ae16ade7e1a4a8c285321f1cffd098101d1,2005-10-10 17:22:05 +0000
c6bcacb9dd55d327f83030d33355c609c10cf494,2005-10-09 18:27:12 +0000
51322ec94e168a4697790f325d1842875d317d22,2005-10-05 19:36:15 +0000
f07be667fceb6ad491340ee6c06b4e11c6c07222,2005-10-03 18:12:54 +0000
00ff530f64d954a82e3e838b2ed90ad0f127472f,2005-10-02 18:07:55 +0000
4faf54d524fa3c4239a547f48813acdb4346ac92,2005-09-29 22:24:16 +0000
b5e1ec7dacc451bc92441d310f85d1a87d955c7a,2005-09-27 13:06:23 +0000
292a648458d904363121189f1c6bd1c25fe3b67b,2005-09-26 17:15:28 +0000
063f42dcf66bc99f5fcb26978987815eda0cd439,2005-09-25 17:54:44 +0000
74122157336f20ea41143173997df99c707bc3cd,2005-09-18 22:40:39 +0000
a6f36d12f70b995cf97c9e100b07138173468743,2005-09-15 08:46:25 +0000
bf6638251bc1052b152c00d28af67883305114e9,2005-09-05 15:18:58 +0000
571ad8f8be037f02644b16a08d4cbd1912aac7e2,2005-08-31 18:45:44 +0000
33f1cdfd8804773ccd93b7e5dc3fc153f085eaf7,2005-08-31 09:20:41 +0000
cec2bd84700ff378661f2209b8a583da79f16766,2005-08-28 18:24:17 +0000
044a7760bc00aae4f5f4a92b1524417dde9d74c4,2005-08-28 18:17:05 +0000
9e7998f006ef4721aee38edddf77dd0a77122290,2005-08-27 15:59:16 +0000
4f408815fc9404dd7ff3c8841e3b8043d2fff986,2005-08-24 11:38:04 +0000
39bec3fa0887be50c1ec7a65919cf804b98b197d,2005-08-24 11:15:27 +0000
c7b5a868ea42d16027634fd3138bdc86b3d729bc,2005-08-24 11:08:23 +0000
5ab8cca9564e25aa413a2fc50a1b0a529b246cc6,2005-08-22 18:12:00 +0000
af17df840cd2b7c4424b30f0e474a45e7add0173,2005-08-21 17:13:01 +0000
61a4512d9368de669819c9b87d147e6edb10adac,2005-08-20 18:20:04 +0000
4201f28160bb6d6b36e2c9d26e71625f053d3790,2005-08-20 18:18:16 +0000
fee51bdad0227e23aaac1a6849fc664ef5fbae21,2005-08-20 17:00:53 +0000
97e542e3afed5e1045b64c983ebb428448e78d44,2005-08-20 16:57:52 +0000
36bc1584500da7fb876211d26cfb4f2c0420f88c,2005-08-19 16:30:10 +0000
df169c8f5bdb19e40dff95899d2be038b40593e6,2005-08-19 16:16:31 +0000
13874038dc0f9e52aef911a41768dbabc032a837,2005-08-14 15:23:00 +0000
252865b1d459185249669686f17787880f357589,2005-08-13 09:01:58 +0000
f868a81dbfb7e7f1a8ecf60bf727c240ca902403,2005-08-07 17:19:16 +0000
dccae903849d898436d62caccf42c8eb3e4f68a0,2005-08-06 15:35:14 +0000
cae6cf8403fa3fcd34815cff0df6e3d76f883a24,2005-08-06 15:26:43 +0000
ac301177d363629f82d8d19c2da376f4819fd6b6,2005-08-02 15:45:55 +0000
0ad03d786e663d104e20704690aac5b65252efc6,2005-08-02 14:58:15 +0000
02f668187000fc39100226e6a113e0d2a5b919c4,2005-08-02 14:43:20 +0000
5ef3cc42ea290447809302389e0d3fb8a158b5ef,2005-08-02 02:08:37 +0000
568c9e4a02f47b8bf9a9dd746ea58cd91b40ce7c,2005-07-30 15:28:01 +0000
8eed9931702042de50fd9d05604416a137ad5bd7,2005-07-28 18:13:27 +0000
a6d6048f5a1bff193ee7f4828bb0ffce3f969a7e,2005-07-27 19:05:46 +0000
4229631300135440f326699cccbd682852becec6,2005-07-27 18:18:32 +0000
6e850c2f338433e578b136b03ddd92931c854557,2005-07-27 15:36:40 +0000
6d0ec6e8c865bfc9be213d7df04f1ab25dc9208d,2005-07-27 14:12:59 +0000
751442fb3ec5aad3fadbf9204da9f87e91b26c48,2005-07-27 10:01:31 +0000
66e3d461bdf5d35b9e6c49bf206f0c765c79e9e2,2005-07-22 09:22:36 +0000
500c72a7474b58187b7ca476deee8769124a3d3c,2005-07-21 17:16:22 +0000
ca77ceff731627aa1cf6679326902133e85a129d,2005-07-20 18:33:14 +0000
3c391692ed59eeec54eb217031b0531096553013,2005-07-18 19:36:33 +0000
1e1293685ccd590bbae9ff2c9c7ac427714ec3ba,2005-07-18 18:36:35 +0000
60c3b1bac97562acfe382250a3230fdbd9eea824,2005-07-10 18:18:19 +0000
832d319ef3ccea3b9ec0396530e62217213d17ec,2005-06-30 18:34:18 +0000
3f506fbdf9a213f96141f5ea79d62a6f77756e50,2005-06-27 16:30:54 +0000
554973bca3a42fa8f6e58f8ad5f4c2b1736aa412,2005-06-17 13:40:50 +0000
1cd5727bfc626ee1240956683364541b0663dbce,2005-06-17 13:30:20 +0000
4f10fef4c9efbf49256bba7ebfca322178c6249f,2005-06-04 15:54:12 +0000
1f379cafe08d544b14fdf7b8f331e64552958e20,2005-06-04 14:21:39 +0000
0af7347d02bb6f0244a3e49ee04895bc8560c3e2,2005-05-30 19:50:14 +0000
7f482e5c0dbe57d01cef8c10551f9645e8f76259,2005-05-17 17:49:25 +0000
0cb4b95610b4790fa8975e97fd5e7177b74cba66,2005-05-04 18:46:07 +0000
10701cbd9f5c3f8c1d13d8123fbf4b2c8abfb0c5,2005-05-04 17:55:45 +0000
cbcd9791841034f7334f6a436eed567a9aefdbe8,2005-05-04 17:42:34 +0000
9220cbc305972374231133000ca4d4c457b34248,2005-05-02 10:55:17 +0000
64940c44646458aafdf8cccf9bbe29925114fad4,2005-04-14 12:21:33 +0000
9106e97a534855363c9a4e378ecead8b2da2bc92,2005-04-14 12:11:33 +0000
cc745b0057e6ca9aa4322a8063060d317351f364,2005-04-13 18:53:10 +0000
ed557bbf0ec73c35cb4c03bc56acbdbfcdf0aab0,2005-04-05 11:49:27 +0000
88891299ab4e47a8fef8c93de3bd86e751ae09b5,2005-04-05 11:32:14 +0000
b31199eb0e33b45e2816cc7daa42b464495ebcf5,2005-04-03 09:23:07 +0000
e05f168b3650ee3d650651c5164c02c06705e56f,2005-04-02 14:15:19 +0000
43fff3733d251bd413354516c028a121d92ff9a2,2005-03-24 19:31:44 +0000
e9840d05c60e7333a1d14d97852c939524312619,2005-03-21 17:58:56 +0000
3b1e5ebe067067d7f34e10fcacbfc09c69e33e69,2005-03-19 15:07:10 +0000
6462377651fa5e6dac48383013d2a5cc9d0c5e15,2005-03-15 19:38:05 +0000
2cb144b5d57bff99301cba456de5be3dfc22f5a4,2005-03-10 19:33:23 +0000
4844552b45be83e6c764922fac24abbe9d5aacfd,2005-03-09 12:50:07 +0000
fc7e371eb4af473e7291048b3b91dcbe01e274d2,2005-03-06 17:30:52 +0000
63b518021d358cdbc6237ecefa4284f80736d4e4,2005-03-05 17:45:50 +0000
f1f733bdd5eacbd92e6c854a7bdc14376b2a0d23,2005-03-05 10:51:32 +0000
6a522b3c80ae6e7a08edaaa089cecb86273b6dfe,2005-03-05 10:26:22 +0000
97fd449d39faad70c78fe75a8425fd7cc80ac688,2005-03-02 19:29:39 +0000
b950c91c5ad2a10dd6610655fedc494364648e93,2005-03-01 12:04:59 +0000
d7b4abac997fcc53359fc8aeba893912e3b8037d,2005-03-01 10:04:49 +0000
b7f93e561fc2b6819891574bc3f1a588f506f3c2,2005-02-26 13:43:50 +0000
cbcc34256033b294d1ab4dd90de24c908d17a1ea,2005-02-26 12:56:39 +0000
4abcbef832a0769719e3b9edf553751b85f0e512,2005-02-21 11:39:33 +0000
4f174c313be7fddbe424d1320f2e2498352efd7b,2005-02-20 17:37:12 +0000
e484dd7991778c427711430407b84f2a3b56efdf,2005-02-14 11:54:15 +0000
1e87e993d2f5fc09d452499f300fe70f5d70a5bc,2005-02-14 10:03:35 +0000
829f7235f26b51bd9b33fbffae4e6a6e9e0e4299,2005-02-13 17:52:22 +0000
80833679427d9f042e17e6650f402eacb9f37d2c,2005-02-11 15:19:52 +0000
8285e13a5d2409fa12094ab81a9b3527f47ab569,2005-02-05 15:41:17 +0000
6f54c41a1980a33dbb4b27a820c1640a74fc8066,2005-01-31 21:14:28 +0000
4023963f7be81944c7567163d74ea66feafbc814,2005-01-30 23:01:01 +0000
3e41314a9a5f1e463c26ac36d62495cde06d1399,2005-01-29 18:44:57 +0000
8d9894e0fac6d578bf5d6489497df85dde0badfd,2005-01-21 15:51:33 +0000
d9961d63118210d8ddde87f5bcd663f323659161,2005-01-15 15:29:30 +0000
d73ef0094f309196e9c6c5892b2898484bce45e6,2005-01-03 18:32:46 +0000
c4de8c6400973f5b2fdb23161400d0b743002951,2005-01-03 16:51:29 +0000
fb49240bc9049b4c28ae38cbca390ea7fdecf0ff,2005-01-03 16:35:05 +0000
60ff7aea39b562ab9b5e1f54743a7f0b76fde221,2005-01-03 12:42:31 +0000
e7625ec8ee89cc36c6766eeb88adb8bcd2139354,2005-01-03 11:58:46 +0000
acd9a7ed2a5a059036ee572ca0887ee75422e51a,2005-01-01 14:02:16 +0000
41fd4d44be874bcddc3056637be04f0d7e004930,2004-12-31 16:00:00 +0000
1fceffd775fe1c88728c4262484bb7950fb03836,2004-12-23 19:18:12 +0000
501ef5bbfa5c59fe2cb82f8b81c21acce8cccc92,2004-12-23 18:43:00 +0000
3aa8a5f121d2bf7111e52cf7109eef62301d2dd8,2004-12-23 18:42:25 +0000
cba3d8d38c850d36df9db98219581ab7c37b79fc,2004-12-23 18:41:04 +0000
07ed36929c306809ce83ea3d41be6189e67ca7b7,2004-12-23 18:40:21 +0000
386adfb440bab01c93ce76f60fbb30ceb05c0c7d,2004-12-18 16:33:03 +0000
8841fc2e64d12d46d07d9631196bdd778ccbb9d9,2004-12-14 17:03:51 +0000
f7c8a73fb284cd4b46c210575cccc94bbe58c898,2004-12-13 16:40:14 +0000
ce4a94f0c86cef33824fed37cdc18081a5e1f5f3,2004-12-04 15:54:55 +0000
b23b507013dbb219809de2042ae9ead4299780fc,2004-12-04 15:54:07 +0000
a8674c078c6194e3b31fdd33276ffa760e9dd21e,2004-12-04 15:45:40 +0000
be1c972af57b2dcbbd9e21c006ebd2d75b3a21b5,2004-12-03 02:07:18 +0000
2baad1b13065e818916a2b3fd2c0def2ffeec74f,2004-12-02 22:06:21 +0000
99a43351ad6b4769741f7a531cb93cfa48f3da8f,2004-12-02 17:34:18 +0000
6c1ef42e036f95e26c406788b6847c9796b2cd6f,2004-12-02 15:50:09 +0000
0fafe8d4cd99b68d9da3a48ecc10b00658420a8c,2004-11-19 19:26:48 +0000
8787ce584c299eb1b4bab01d8ea03c24bef23f68,2004-11-19 19:25:47 +0000
1eeecea8c1522c27fedaff0dd701f230ac9506f1,2004-11-19 13:19:50 +0000
648010d8821d106186a6cd1355f414275fb74017,2004-11-19 01:56:30 +0000
ae1b5ef251b44460e818c8c2b8125732c04b7f2b,2004-11-17 00:18:00 +0000
68a31adde52a310ab6d9e317ed2054b32dc704f4,2004-11-17 00:14:03 +0000
6d55ecfe1dd7047bfa3a92982fd57b514e71fd93,2004-11-17 00:12:05 +0000
6c189591e155ff6a875df3992accbed901a38ff2,2004-11-14 19:06:32 +0000
864a00382649bcea8f0bf2b7a04495c608922a67,2004-11-14 18:29:02 +0000
beb37272963a9b9ee3185894e358e004606d6bc7,2004-11-13 17:03:18 +0000
86198889839d3c5a2fbc70c41b3188adead4a165,2004-11-13 17:02:51 +0000
ef9f36eb85530a901383ca7699dcae0417ccc34f,2004-10-25 14:12:02 +0000
dcfbf027fee2d859f33f342034dfde8982161f8a,2004-10-25 13:57:29 +0000
42923a316e5a8377976ebc772d81f76ef2c9d618,2004-10-25 13:55:45 +0000
cd00209a83aa0a002547d0858f583a55b9c152ce,2004-10-25 13:54:08 +0000
e8610f9098469937c6a114f088d127460953b653,2004-10-22 01:40:48 +0000
75109265703baa71b3bffba171ec44c00982fee9,2004-10-22 01:19:52 +0000
5e3e679a401df387ed63120abffa023efa8695e9,2004-10-22 00:59:19 +0000
b9104e6fc9f7f6a396e508684887596d59114b92,2004-10-21 18:42:09 +0000
db4e5f37c11b4d83b7e808b8c9db947528bf711e,2004-10-21 18:36:14 +0000
fc5f9af40a20dd4c4744ab78bc1031b645a48eef,2004-10-21 18:02:09 +0000
9ce89d64ef4617665a46d4364dbd538b1161d069,2004-10-19 13:41:44 +0000
21b7a5cece5d1dafde30c12f1f172ab123261bdf,2004-10-19 11:44:31 +0000
726b87b11e5c9e3911cbcc85aca50bae21f231a7,2004-10-19 08:50:22 +0000
6b4ef85cabcda9cfb56fdae0efc60cc53da0dec0,2004-10-18 21:38:45 +0000
7733b49f5b9749fe446c2654fa983c306a647b01,2004-10-18 15:45:10 +0000
2153f687da18eec0dc4b2ed12cd20c6534ebaaee,2004-10-18 14:05:23 +0000
a03915fb1ac8bd414f3f1b9d168d87634883ab50,2004-10-18 12:50:42 +0000
3f0abe94efd4f80316c0632c6e088df5adbb5886,2004-10-18 12:32:06 +0000
94d5a08ac499eb849702491d7c62776e16458b24,2004-10-18 11:12:09 +0000
66a8aed44e2104d21f4043d90df2c1e7227264c2,2004-10-18 10:44:31 +0000
eaf4c7719422b4cabe1cfe656c22d117824b1180,2004-10-18 10:19:27 +0000
f3d272c8deea17a6b6fc8bf8ec1494a214dd8122,2004-10-18 09:54:38 +0000
f156a16ed0d1eabba36468a6161286a645fb72ba,2004-10-18 09:52:02 +0000
4466ad6bbeea0d865ce2aff8ef64c824d942c7a9,2004-10-14 15:54:06 +0000
13a77eb240241960cf12e3d0885e90789fd08d37,2004-10-14 09:54:36 +0000
3cd67aa59c132e56a4ebe9161cb3bd5cb76c70d8,2004-10-12 12:29:08 +0000
5cabd65cd62e65316b495ab954b5dd7e1dea195c,2004-10-12 12:24:25 +0000
61df7e82d99a71235dcf249c11ddbc9a1e5cb0bb,2004-10-12 00:33:06 +0000
81d1d08ea9e3b9612ab7f62d4dbcb16d72935f1c,2004-10-12 00:05:05 +0000
b1efdc8a26fe76516ed8eadfac321c9feba6fa8f,2004-10-12 00:03:16 +0000
614ecc0539c74f41f4ccaca172e80be1639f150f,2004-10-11 10:07:30 +0000
8406aee30261052d6b7d95137b2050d0d225fc25,2004-10-11 09:53:51 +0000
d7e16922474367f8eb0e95b70adfef8dcccaee89,2004-10-11 09:53:33 +0000
68cf209da4af44a7a1487b583ae768432919ceb5,2004-10-11 09:27:20 +0000
ddc59bbdc2562a80b9a8ec41b78c3a8a951737e2,2004-10-11 09:26:38 +0000
8f0b123102181680580e51e5381b1bb3e7520020,2004-10-11 09:17:09 +0000
e2bc3b4128174504324dda15951ebb375bac29db,2004-10-05 22:56:58 +0000
058f06fc7bd133a381bc324d7e90c96760b70359,2004-10-05 21:17:25 +0000
003035a3d9c663465e7c3ce374ba7b65e2e2ef1d,2004-10-04 21:45:11 +0000
eea0da2a2322a597c1db895ced36cf47b80f487f,2004-10-04 20:06:09 +0000
5d5dfc16948f0a5e3d8dfcf61b00836f61a420eb,2004-10-04 19:35:45 +0000
3f08416285ff17542a4815d014f0cedc644bff2e,2004-10-04 18:14:59 +0000
c479e7234253181b1438a89412524ed5623f2f3d,2004-09-26 16:29:24 +0000
bddb79d5c4535ddbe033ff35c5e6ca7930041a9d,2004-09-24 20:52:57 +0000
3f52937c3ef26096f1fb1d09c006ae43613b6adb,2004-09-24 20:36:26 +0000
434d5b71fb4a9d26e2d964a0cc82396ae8946f6b,2004-09-24 18:01:12 +0000
aa7867120c45f8a87c5c227d70b0512c4cffb267,2004-09-23 12:05:31 +0000
dabbc35dd112492750d3a7a7b155506ca1ef2b26,2004-09-23 12:05:07 +0000
84b5b913b492a98a42ba5c025e2d07cae689538e,2004-09-23 11:49:45 +0000
3576045d7d3b22064334f7ae093770be1fed9348,2004-09-23 11:47:57 +0000
ca1adbd7e62b3d6d2dcf01ae58b21d9fdf0115e5,2004-09-23 11:45:07 +0000
ed898b8ce9adea2e764f2ae5cc9ec89bfd584433,2004-09-23 11:43:27 +0000
e60089f064a77f21ac645e2eff1408b988455644,2004-09-23 11:42:00 +0000
8d653f419a4aa7341df0d82b22235b1b447165af,2004-09-23 11:41:05 +0000
3b749c83a9c38cdd20b68a9cc6a85ff70552ccac,2004-09-23 11:37:40 +0000
7367ff27044f268f0a86d1cb319722af84e46f62,2004-09-23 08:41:56 +0000
f8fb74107cb1409599f7a131bfeb7f2de02e34bb,2004-09-22 17:29:08 +0000
426d3dccf4a492e890ccfb71c4f5f35da5a37e98,2004-09-22 17:17:31 +0000
2cc1902bee8b26e6463827e7b648d8b3e565a40c,2004-09-22 11:57:28 +0000
2b06a6ad5a5a1e88205d4b95eb44e5351ef9c9a9,2004-09-22 11:55:19 +0000
79ea2d39f470edd808bfe81cd6ab61ccea913a0d,2004-09-21 18:14:44 +0000
28d5b78594092df5a2dc63514136c6c032a6859c,2004-09-21 17:58:10 +0000
6eeb8707fc8de62f611eb7aa6afdb5c04439b268,2004-09-21 17:49:39 +0000
bd9eafd34501517d95e8acaef8d57f579483a8b8,2004-09-21 17:18:27 +0000
435bab8b6ff1a2d229c380f89f6eb03ed2f69ed9,2004-09-20 19:47:20 +0000
3b75d0e614ec203a9412e8016ade53003705e089,2004-09-20 19:46:26 +0000
94bad0aa651999ec041e4a8fd1b73a3089e3c7e0,2004-09-20 18:59:15 +0000
35615bf2f601bc08f0b1d5d29fa676e2802d53eb,2004-09-20 15:55:08 +0000
edb26e5a69080f72534573b788c1976d8494cb77,2004-09-20 09:56:51 +0000
c0dd7b942055b4f7fe4991e9edd1619073723634,2004-09-20 09:48:40 +0000
e9b9f90c5f8f54381ccebc0fc9311c67a54a18e3,2004-09-20 09:37:07 +0000
8ca0eddb80d51aec7dfb12fcb250cce87073fd76,2004-09-19 22:07:54 +0000
705f9420b86d34cd78b2506aeed7b220f5eb6d98,2004-09-19 22:01:50 +0000
17efdaae57ff150ac600fdc703d1a04f0220c618,2004-09-19 21:54:46 +0000
54b9f4a17a0d334aa19f4a4b5b9887b9ba9709fa,2004-09-16 22:35:35 +0000
a848f8bfa49906fad9ea3d12c73775a1f4ffe254,2004-09-16 21:35:57 +0000
98aad9c8254a4265e203f0a19fd2bc1e7665f4ea,2004-09-16 13:54:15 +0000
395df4ba605209c007e03f52513b3e9893199c40,2004-09-10 16:12:20 +0000
3fa8d9c5bd0b4fe2d97c8652e716211b9c46d210,2004-09-10 13:34:54 +0000
9f977c8fc982b3eba4f3f137f0a812189162635c,2004-09-06 13:12:04 +0000
9a443e6bb34c1927122e0e69b2bb5a6a341ce44a,2004-09-06 12:52:12 +0000
08725e90f07bb99002069b57ae4244aab93ba938,2004-09-06 11:58:32 +0000
fc7db34c11272bceda6fee8a28607d31ee1f0782,2004-09-06 11:40:34 +0000
b9987345e00d42463328a978bf839e2e780e2829,2004-09-06 11:37:47 +0000
577e37abbb92e0ff8ec66033a1a8cdccf3af94db,2004-09-06 11:36:21 +0000
0f21978d9740a84f9c095b8e1c4322e3a99cc6ce,2004-09-03 16:36:21 +0000
9ed010153f3ba6cc9dac17c8c795e005e3f0f382,2004-09-03 15:49:21 +0000
4daddbd77183db145db237077d71ae9bd85dece1,2004-09-03 15:22:17 +0000
f08c8f514517711c28a6d6cf445e0250807ab673,2004-08-23 08:06:22 +0000
fed9a14f0f0a7dd4d3caae21989db23f2def724f,2004-08-20 15:49:27 +0000
4dd1d8b7abb23d0f39351dea1daab3a9e242caef,2004-08-20 13:55:42 +0000
112f919c046cd245ff845892387b46c287972597,2004-08-17 15:38:43 +0000
a6f3dac88fa825809a86aec7aee5353ce8c57cfa,2004-08-16 22:16:33 +0000
ca3145eeb73d2ea940f77d40d1998feae09739dd,2004-08-14 13:06:13 +0000
a116ccddb90780827d58cac0ef2d20676272fe75,2004-08-14 12:22:50 +0000
bec76bddeae735ebbd5d58a3a38ae44121921401,2004-08-14 12:00:40 +0000
625d0037f93cbba3e54374945a3d4c3e77940a49,2004-08-14 11:49:01 +0000
7cd070f2795a897cef114b1f5abc2f518539b852,2004-08-14 11:42:46 +0000
145f466343cb0754c5ed1ec8583c33d5f4e227be,2004-08-14 11:32:06 +0000
7917cd8ade270c9640d39ad2914fc4751f4ccd52,2004-08-14 11:23:14 +0000
96a44d5ecccc4fe0974f64577a82ce35dbdd3c9b,2004-08-14 11:22:00 +0000
f5ca5fd4a1e50043dd4f1dce5523af7b380ffb18,2004-08-14 11:21:27 +0000
a8fa2d02cd12c4379c18b53854518eb7cc92db0f,2004-08-13 12:36:47 +0000
fe041c9c125b24d31d18c104aa3cdb5f852c23e6,2004-08-13 12:07:41 +0000
255c0c388d143a672ca01d9d6b443d064e5759e0,2004-08-12 17:29:53 +0000
e521b42701073f8218d526d0ed1f0f95d2ffe688,2004-08-12 17:17:15 +0000
eef0ec3873b40f16bb4d23223a5cf5c0e394da95,2004-08-12 16:53:52 +0000
0b00104044ca4470ebba90ee9482941f14ac7636,2004-08-12 16:29:38 +0000
1e1122991c2cbbe262a7b9fc53f24fcd9bc46cc9,2004-08-12 16:06:01 +0000
a83c3458154e6e0fd6a2a4b10a86d5fef17479fb,2004-08-12 15:46:15 +0000
792bfa818f4cc1ba059fb8247218884fdb252880,2004-08-12 15:45:58 +0000
714a3313507d99400aa87dd0ef5e4d87eec96853,2004-08-12 15:45:22 +0000
3a73e3a794e8e003c38ebd38ded0a9d81b7da907,2004-08-12 15:30:36 +0000
72376ba7b6f6a1f59da640cdd27066b4e52f72ce,2004-08-10 09:00:05 +0000
941e022f6ec53feae199ce59f25ba7856f878275,2004-08-10 08:56:06 +0000
0d3affe74029c416e2228ea03766a598a32344c9,2004-07-24 16:28:09 +0000
030dd69e921e20bd0325d57363c5a38ecc3f0ef3,2004-07-24 16:26:10 +0000
bc6092ce982686252885e03bc78e6aef7eb65020,2004-07-24 15:49:01 +0000
b5c7b6dce1d6a9f88f43cb615cdeba426f80a616,2004-07-24 15:38:39 +0000
bf00ebdf211c5fa07e8904057e8b5a4ed9d2c29c,2004-07-24 15:21:51 +0000
1e3b810f09a89c2b9c8d030d59cfcae44543b89e,2004-07-24 15:16:08 +0000
529a94c45615382dc8f14b48c5ab298c36ebde7d,2004-07-21 12:44:41 +0000
7bffe540ca4700d70b8abe17f15a79252b0522ba,2004-07-21 12:38:56 +0000
9ae15fe41707b4c010b8d4d9f011bfa640fc03de,2004-07-21 12:36:27 +0000
8916bb4bab70d1604e313e547a9e88c7e220f688,2004-07-20 11:08:36 +0000
8cd9979acd834a5ebc662c94ee3170b421eec002,2004-07-13 14:10:06 +0000
dbc5ed4740945850b5ec09bfb14d09a0827fd622,2004-07-13 14:08:47 +0000
174ad9a32b85faad7e5a190ef8547fa9262c8172,2004-07-13 09:20:37 +0000
ef6627d9de7f2d926ee211110bbe46fcad163010,2004-07-12 14:40:54 +0000
d2f445fe15b4bcee24802885f3e09113dba43e62,2004-07-12 14:38:29 +0000
20c2c5dee69703a97323043d0e137d28348a6bda,2004-07-12 14:36:58 +0000
47b182896233758e358de5036aa9332eba3874e1,2004-07-12 14:35:29 +0000
da7e248aad915f3dd5b26d52887515aa165217bd,2004-07-12 14:12:22 +0000
5c1f16fc3f496fd36317cd2f771fffdef2eaff92,2004-07-12 12:14:38 +0000
5c9627963b0c74ac37f9611ba42afc0310c2ef9a,2004-07-08 15:34:20 +0000
500d39c88270e7366f8b436cc4401493f84871e6,2004-07-08 15:30:24 +0000
87a0b347e35f1a030f7865d72e0d47325cc457f2,2004-07-08 15:29:50 +0000
a7c2f11060bd7836158e7aa8fc3cabe837850a42,2004-07-08 15:22:51 +0000
c77b604c4dac18e9a9cd41d1aac5da3ab838356c,2004-07-08 09:51:52 +0000
9c8f5be95b6ebd1dba03ccab15712fa6c2442536,2004-07-05 09:54:17 +0000
11b46e87489c64306446c953b4aba9b3e70a9f10,2004-06-24 14:01:03 +0000
340c982c0c50ee2b5a4bbe80b95e506ad9e3b216,2004-06-24 12:35:15 +0000
873c00fbb352441e2348ae4befcfb6a6e917fbd6,2004-06-23 11:15:45 +0000
7b06ea4fa191c52e88ed0508614849ecf71d6367,2004-06-22 12:56:54 +0000
a99a0d325af82f43debc81f5ff60ad3691015668,2004-06-22 11:23:47 +0000
14160f6589b92c4688d4e10568a565b4c4e93480,2004-06-22 10:51:22 +0000
fe571d4cbd310394241ce394f50a15540e62e7bb,2004-06-22 10:07:57 +0000
4a30969e0d2fbd0a2ca7b01b5bbffbec85a6c23c,2004-06-22 09:56:38 +0000
6a9e475331b5d46cc07c33bc08b05b7507e5c3f4,2004-06-22 09:35:54 +0000
7c0f6b7858bd62c7a105ca5d803e1ea88a8e0f75,2004-06-21 18:44:30 +0000
37c9d178cb8df3e7c229dd915af14782969617fb,2004-06-21 18:42:39 +0000
cd73d9d1ec9cc73e944bba979e4c3e251440d261,2004-06-21 17:45:29 +0000
96afd1d40b70c43c9d5abbc6c1f496860401065c,2004-06-21 16:47:24 +0000
e31157b76587bc6c04c7c324daa46bf5c0379d28,2004-06-21 15:35:15 +0000
c4567ddcd8eeca0cf6bd3885205323460bfb3169,2004-06-21 13:49:24 +0000
869c6969fa0216cc2d9bf31d3e5346402ed25923,2004-06-21 12:37:40 +0000
a46c6839b1aab91df639a79008476773d006ccd8,2004-06-21 09:58:54 +0000
b59a1cf2ffa4e727406acf8583d7bdd7aad313e8,2004-06-21 09:51:41 +0000
850951c4859f0ae6b1f0515f4f0543b416ccebfe,2004-06-17 15:30:29 +0000
2c2f4e7fbb457df59c8c14c14e6193c1b0f1e153,2004-06-17 14:39:54 +0000
73d28d1302f49f27ad92652418c034abff508fcf,2004-06-16 18:13:53 +0000
75585eec3be288050a0f4c4c986fecf670df4e3c,2004-06-16 15:17:09 +0000
d6ed6c643f72fad2a1386485cf7c47751e64d98e,2004-06-15 15:53:58 +0000
463435670feee3795c80f96d86a2dd76749166f8,2004-06-15 11:49:25 +0000
d9235592cc61c197b7698d7df33eb82e379a4dac,2004-06-15 11:48:09 +0000
6264941eb5ff344162280cee565436e8bd49f238,2004-06-15 10:40:54 +0000
694f8c37b4d2badaea82ad1c20e6c728ab90feeb,2004-06-15 10:12:29 +0000
dd9eacd2115e96c748a43be0fd7e8d9158cda79a,2004-06-10 09:38:00 +0000
c814a3b55df5da22dc6d1a7110056942da74fc30,2004-06-10 09:37:08 +0000
35feeb12e5b78cc86a93bd1483090ba0f4c110d5,2004-06-04 12:58:53 +0000
0b262d4d1729ea74d4b36a855e9b561acfa650c2,2004-06-03 16:31:07 +0000
ae4d9066b08e7923780c1c666894cb8fec58ed2b,2004-06-03 16:13:32 +0000
eeb2e294d1c0bb37480c3f1db7052477df5a6dd4,2004-06-03 16:13:01 +0000
b859de8c36886203de356763b44efcb3f4664154,2004-06-03 15:32:46 +0000
ac6e3b2cd699f0126f3532c895fe4f59b1a80dd4,2004-06-03 14:04:52 +0000
8d91165f77161f98336ea916c8b94db9439081f0,2004-06-02 17:18:01 +0000
b83ac99e63b72387c8e185f654f2fdfd6ff79864,2004-06-02 17:04:51 +0000
672ce809338de0a6e53987855b74c231263056ba,2004-06-02 16:42:25 +0000
1bf1f1eb18a4d9d194dae3fb147bd8db95563bcb,2004-06-02 16:33:46 +0000
c2801fcd4372e4fc4a18cf6d2c163ddbb6e45054,2004-05-13 12:29:12 +0000
40de4d0ca818de89f29e8e7faeacba6076b0bfc9,2004-05-13 12:19:16 +0000
22760367515d6c23d71737c58a164f212cd6ed9e,2004-05-13 12:16:47 +0000
fd4264ed28eba3d731f2a7cbf892df1969a8e907,2004-05-04 22:27:10 +0000
6760b6c1591e4ed4541503efeb6f8876e7a9abd1,2004-05-04 22:15:26 +0000
406e9afda7d6f19424570cc99e19ca862daf805e,2004-05-04 22:14:29 +0000
92bf8ccdad173f1f5d4a506043d443fd0cac09a6,2004-04-28 22:58:58 +0000
a00e01ec90e284052b9ac30f8bf4f3ef44c05e95,2004-04-09 19:58:06 +0000
f4a384cf53af96083ff0817336c7d31ad0ac1bed,2004-04-01 18:43:04 +0000
6e11e39b62eea36d38b99c6a771b7fe510d4429d,2004-04-01 18:26:15 +0000
03069635acd1e6b6d0c320edbb5d9db5ca65ab54,2004-04-01 18:21:46 +0000
151e20e9e20b8a5e453a7cf24a2d87e11cc3f1e7,2004-03-28 19:58:30 +0000
709022101e7e415dfed881283ac8d5f5a95f0427,2004-03-28 19:56:08 +0000
456c932f23958080e3c32890420022b362fdf97f,2004-03-28 16:02:10 +0000
40d6c7c17857daf02b891c2ddd990f21699893cc,2004-03-28 16:01:56 +0000
317529cd6bf3b7055da624548a37a638756786c1,2004-03-28 16:01:29 +0000
91f74823c5040192f5cd893eb28ae034c1e470fa,2004-03-28 15:34:23 +0000
897bb294e6678fe7341c54d23f65ec367a566084,2004-03-28 14:44:18 +0000
f93941689d09b144f77f6cf8c3e45718a12fce31,2004-03-28 14:43:20 +0000
080833bb90059d4654f333db9fe9c56c22e5b36e,2004-03-28 14:43:04 +0000
39c31fd6d2014986a327b8de1538c2b6b8bc7fab,2004-03-28 14:42:45 +0000
4c3c484a1204754b3a7339465f48bc575b73f906,2004-03-13 17:34:37 +0000
2718adf60ed7a86a9726119c5c88d589364e8f72,2004-03-13 17:31:40 +0000
b4c90a1c2e9b68255b322635f05ad9ce7c434059,2004-03-13 17:30:42 +0000
789f79d61e7b85b6e59f944c7f5c8326791c61dd,2004-03-13 17:23:00 +0000
de405073e189aee98a92d4302fda5ea527485b97,2004-03-13 17:22:48 +0000
3692c8a0db770a2c7dc8425b7e6c18ae4a55cb3e,2004-03-13 17:04:04 +0000
ece9abfcc3420f7f1a6fd61936fc1765981d1d57,2004-03-09 19:37:31 +0000
dbc4e1d8455b2f2caa8b11e2f2bafab0e4122e9a,2004-03-09 19:09:01 +0000
9d76cf51e71a73a141a2d976b450a46f59114b2c,2004-03-09 15:34:02 +0000
992c588f5513794bc0adfd577eb767a604afdbc8,2004-03-09 10:31:31 +0000
8068ac3f787c06f403e1015e87024f95275cbe0b,2004-03-08 23:42:16 +0000
9a1585ec9bd2d803c1aa227068019bbd110cf5e4,2004-03-08 23:27:09 +0000
24a20ed79712caaa0dded0be8490eec5e1ea0906,2004-03-08 23:21:31 +0000
05405e9eac917eb99897822de0b743fe8c3e6896,2004-03-02 03:27:48 +0000
306a0b6d98478c1ab4f359bbc37529af0bf3cda2,2004-03-01 11:15:16 +0000
a190e4fa66aec33f858fbd89b83352a18f93619a,2004-02-29 16:35:10 +0000
baea11b7d85337a8bb8dc2615d167b67b1e1de76,2004-02-27 17:41:36 +0000
b16b9e31f3aea7f3110f1e9d84cd907784bc1a7a,2004-02-24 13:08:03 +0000
c4371b442a3fc21ec5f16eb62d6630edd2b64aa7,2004-02-18 04:11:35 +0000
22eda7aebcb9be3881de7f8ebbd00464f8106ea9,2004-02-15 16:08:42 +0000
ff0d207f047e8e781ac436bbcab462148aefd5bb,2004-02-15 12:01:57 +0000
977e5ae03ccfd698621e882fd4ea9b7360994787,2004-02-15 11:59:42 +0000
b76f502caa6c75ca2d642cac7b1d32d4b11450c6,2004-02-15 11:58:37 +0000
f3e059e3090eecd3989dac28b5f61c9757779877,2004-02-15 11:58:07 +0000
dd93d1af923ed564fc9e55bd57ba1bda033c7b8b,2004-02-14 20:06:23 +0000
5a02b95c716a008e2c4787ecd13f8c7ff6c2c375,2004-02-14 19:10:42 +0000
4d08bcdef406f38a1551afc4a65af3ed2eefebb3,2004-02-14 18:54:32 +0000
4594b718e65a428a13e16a14d929289d0fa0b744,2004-02-14 18:54:21 +0000
8127ef82b24cebc1f069436068c30d828d10425e,2004-02-12 12:59:19 +0000
118bae4bcf8998c0c1ac44b147d54827f26b90f8,2004-02-07 13:43:15 +0000
f239fd666d3c53207dc6c17935125e978e492429,2004-02-07 13:42:38 +0000
812ab7d363923fbb97df89abcad066da6e9ecc63,2004-01-30 14:53:11 +0000
e3a78bae2c9b21383eef65277bc23f56bc098935,2004-01-30 14:46:37 +0000
1fc4d067ac2da96e874e2863a37819d255a76487,2004-01-30 14:05:01 +0000
e40fee9ad02ea7fae5f77abc009837d324b3bbd8,2004-01-23 11:52:36 +0000
6775318e1fc17c52db56cefff48ab9f422c9babf,2004-01-23 11:08:56 +0000
ced71cef9fd1e20cc7fc17367be5ca66c38f6df1,2004-01-22 11:41:23 +0000
44805de067064ec82862790679c59e33444a3b58,2004-01-18 16:19:44 +0000
4d076062711d22942a4a316efda61b8df1745c43,2004-01-18 16:19:04 +0000
d5c44986f64ddeb8f2d3eeaf81e7a094beb07665,2004-01-18 16:18:56 +0000
69c2cd9e18e08ceba0ae0723aefc3f847e90a8de,2004-01-18 16:15:46 +0000
db8bc683700b6569db2d56a8bbf93c0a804cde0f,2004-01-16 19:24:05 +0000
7675275b8110c0e2f2f66098dd207e06aed07595,2004-01-16 17:59:04 +0000
a56ba3da82177a8590c2cd11bdb0d911b398552c,2004-01-16 17:32:37 +0000
7e2018414f8a31ae35f9e268e2816e86625499bf,2004-01-16 17:31:39 +0000
f1e46ccc764fec90abb56db9eadaa2e4a8f44aa9,2004-01-16 17:31:09 +0000
ba522be11b33d3857a34622a7ecf1c238764519f,2004-01-16 15:15:08 +0000
6002342fe6ad40c8261d96181be9329950f45e94,2004-01-16 14:56:45 +0000
2bde0cba53730f22c5f4d4117b0a57836cc85657,2004-01-16 14:27:57 +0000
800a00a6ab457ada83e133e5b3fca68e6b99d472,2004-01-16 14:23:39 +0000
743e1bb9f44ee4f6b5b7e242140ea80571093352,2004-01-15 06:34:23 +0000
c4b87f1e259565eabca8e4163766c0a51936a06c,2004-01-14 03:52:37 +0000
f9b1493f87d4f31a779a2efcb6335d51f5f53204,2004-01-12 04:01:07 +0000
0943255bf56e70bda99868d7c6751d64d594c07d,2004-01-11 01:25:33 +0000
dac806e8ed44eed0daa948d164e4b7c6321d1b44,2004-01-11 00:59:10 +0000
ea7822fe7ce1bb83d4f78c00e6d435b26e0786c5,2003-12-24 14:28:22 +0000
56a61854d03a6fa7dfb48572e0cdcca37a0b022a,2003-12-23 15:56:46 +0000
83a246aa05c9fc0d352ebe051106fba250d2b896,2003-12-23 15:09:04 +0000
f2c68bda0cc894a97409d0a842f287f86fcf311a,2003-12-23 15:09:04 +0000
