commit,date
2ae2460e2d26e8af265bc01b1727c29846f2ddde,2025-10-14 15:30:24 +0200
bb3adb39985fe31d4bbd44dcb90cc82f9880c576,2025-10-10 13:31:39 +0200
9165beb8b3e2b4b1178ae3fe52f20499aa3e5d77,2025-10-08 10:43:48 +0200
4a001616516877344936d327bb6a096586cc032c,2025-10-06 14:04:43 +0200
e9f86d137a61ed6bbda3ee264dc658802f853caf,2025-10-05 14:43:02 +0200
2698d5b1e8217955b3180981fe92a4f9872a8c93,2025-10-04 17:43:23 +0200
3c0c6cf9bcb4c3bf5b7a69cbb08448b3efbe1a92,2025-10-04 16:11:52 +0200
beb47d04b98694e9d64c7ca307bed87927a6ce0f,2025-10-04 01:46:52 +0200
3b0adab68de577a22338ba1749266aad21f347f2,2025-10-04 00:22:39 +0200
79853c030e351d11a7d10fdd8a7bfb58caa33678,2025-10-03 20:18:58 +0200
7943b497a9a9e432093913d99694ea27f1c32ad8,2025-10-03 13:20:52 +0200
9012aba7da5dae69f3b290726c37d9be32678bea,2025-10-03 02:09:22 +0200
c35db901746cc02a0a0aa00aad81178244fa8f60,2025-10-02 18:56:37 +0200
532283c034469b198c582cc7f2bc11a673dee865,2025-10-01 14:17:58 +0200
ff1845bcd1179f7282a91decd950260118cbabbe,2025-10-01 12:55:51 +0200
f677470b720f518351d8d197b65f0525c2ca9229,2025-10-01 02:01:50 +0200
ecc1ea404f6dca7f12b24b1d4f7c39f12c671647,2025-10-01 01:40:32 +0200
da175378d6e62ef6bfc22bc9a72e2fc6a80b3a58,2025-09-30 11:58:43 +0200
4e22bdf19b70a62d6791cad5ea6b3b409ffad66c,2025-09-29 08:58:22 +0200
f1e8392e9cb6d077c99df016a5d93e48880f8a0a,2025-09-27 12:31:08 +0200
097696cf2afea015c928ea40cfb77700616bda7e,2025-09-26 23:16:15 +0200
059faa26af7beb4806439a9fb8aba2a4829d0014,2025-09-26 19:49:30 +0200
7edb9b31988327f9d96e22bfcb2ff4e374bb6139,2025-09-26 18:56:00 +0200
53fa666e8e9802d53ee1b7fdd8777c9275189935,2025-09-23 13:14:37 +0200
00b7ea7c1a0a62134474e127b6f977bb17ca9961,2025-09-18 09:19:25 +0200
67233467442c23674fcaeab0b1eac9dcd478783a,2025-08-22 12:39:12 +0200
34b3f069000b7717caac5c23764d44a08a1f9345,2025-08-04 09:59:16 +0200
aba1c541a032cec8b2573aa9b58820fd0725f096,2025-08-01 12:23:29 +0200
df5970d7c56c77b705e86104b8d30c12b2e28490,2025-07-29 11:59:36 +0200
464bcda57adecb9165e66386f9a9d53d6252405f,2025-07-24 16:57:54 +0200
e16b3f1cdca051f3454f682979bc30c36c6cb998,2025-07-24 09:54:40 +0200
aa0841acb905a420022dcfd262c4253090efbfc0,2025-07-23 15:26:11 +0200
ebd47b0e520ee94c2184cc447add2d22e687294f,2025-07-23 13:43:25 +0200
33fbd9919bd029d3603cc7706fdc50e18ad2e266,2025-07-22 12:09:48 +0200
7d23009319d5fe7e0138767fedeefe949c36e995,2025-07-18 13:01:08 +0200
2719fb12000790d6bba1b1aecaa8b5835b19ea3e,2025-07-18 12:38:02 +0200
bcb18d4d5bb3014486b1ef523dde081e03f05842,2025-07-18 11:07:20 +0200
33a56dc7efd7ab4bdd746204c106fbe44a6e0442,2025-07-16 13:16:14 +0200
87460a2cc11415389e01bcc3e0e45c06bef66d9f,2025-07-16 12:43:40 +0200
1e7dfbd93ba6bab01769bdcdf76a751d7545c35f,2025-07-15 17:07:42 +0200
4c3c6d6135aa32fd1f921d3a39a3b9d6f062a425,2025-07-13 21:05:40 +0200
9b024b04d07e6215d9b67078f49f71afcabf048f,2025-07-13 10:43:24 +0200
41dba9ca80b4ba193a2a1a8707c44744e834f42d,2025-07-11 10:23:37 +0200
be1b6d2f840e2cf0bee2b2e9255d44ba3484ac8c,2025-07-11 10:18:10 +0200
546f38d14b29591a041c5ee642f6df148f7793dd,2025-07-11 09:37:07 +0200
ed5fb9c20082505127ca9dd5d99ce34d9bebe262,2025-07-11 08:51:23 +0200
4bc57ce77155b721dc91b5fdba18da043f7a0f27,2025-07-10 16:41:17 +0200
ca5ffbc81995e0304b90f90dcaa40f3686743c24,2025-07-10 16:41:09 +0200
78f6baccba65ce3a680615ca0ea734e2a08612fb,2025-07-10 13:26:27 +0200
3fc5b9f267ab62e2111e3f97243307ebc2361ccf,2025-07-10 11:28:36 +0200
5394ac41f3bc792f3625ce2682b1afe7ce81ffb5,2025-07-10 11:04:48 +0200
7b070d707265a0a4657f325f59981adbeffb362a,2025-07-07 12:28:29 +0200
d27b3ed01a630c547c6c900c74e3abeadc6e0114,2025-06-18 14:15:30 +0200
c542a236d66ecdd0b861375e0222c11b67715286,2025-06-16 18:29:34 +0200
5fa51e7565a2a258b4907d363b7e6acc0add39e9,2025-06-16 10:59:37 +0200
e41492a59d594fea11f430a51311c46675985f24,2025-06-12 12:47:40 +0200
2b1a558e243144b944860a30557658504abe57ca,2025-06-12 10:17:45 +0200
71a44f57a165f96dc3f15f3cc843b9e2cb9ca325,2025-06-12 09:54:55 +0200
6ab7a1e6fa8f05dc4af12f7c6901389aaa5688ca,2025-06-08 14:00:44 +0200
a54bdb1f8aef30c865b44e19d6168e699f32d654,2025-06-06 14:57:19 +0200
d354e279cb3201e3a05dc4a74ebae0f6ea55ccd1,2025-06-06 14:55:50 +0200
df0cdda14d5c6d1c001de592d5d6905f8c960da4,2025-05-27 00:31:22 +0200
2ebd8c27ff892fccab345edbc9ab7b9fb30bd821,2025-05-22 13:42:24 +0200
0edaa1602055027d5c5a347a93d61a071190da8a,2025-05-22 11:30:30 +0200
68e804ad11a88160872190be4e0733f8da3d2e3c,2025-05-22 09:05:46 +0200
d3348a437abbd25b82b8cd34a6c9946681432083,2025-05-21 22:59:28 +0200
47683b596b2401982e411a0028198d52e879e858,2025-05-08 10:56:20 +0200
abe3601d306c733cc5fdd5ba6bfbc399a29a3fb5,2025-05-07 14:06:14 +0200
b62b1bf5c27da9faf910d22efc2ddb2943a5aaec,2025-05-02 14:12:09 +0200
f45cc6dba15b18399c23c810f77b00181ebd0249,2025-05-02 14:11:49 +0200
79d54d4b24352b8ca0b8e9372c30272caf9029d8,2025-05-02 14:10:46 +0200
c0e18822347ea4ed0632511e55f5d99b987a4a41,2025-04-29 16:55:32 +0200
4e932b6cedce64c4cbbfe1bc84560923ec77ef0c,2025-04-29 09:57:23 +0200
65f6dccc57d7b69fa0aa1407fc15c68892946215,2025-04-28 12:07:04 +0200
b9793ba598d7ee0646fb979a1247446b2bb19a4c,2025-04-25 11:22:48 +0200
e0ca4c42974ed23daba59493200266e63efb492c,2025-04-24 12:38:59 +0200
30d597026c88a02ff070d77349c84c3090a12c99,2025-04-11 14:56:08 +0200
c47669757b2126bc18bb0c1accb92677f799a840,2025-04-11 11:12:03 +0200
5ba6bbd26f20013d087534dfb6fb03301e71efed,2025-04-11 11:10:46 +0200
b7667c6d83c1f54e31b43bc6f041b6e6f97d21a0,2025-04-09 13:30:27 +0200
9b0d567a88e33a6af7998cefa0f0e2e8976b8980,2025-04-07 10:28:37 +0200
447a9390ced93bafed896a2f70ab77c8ceb3a052,2025-04-07 10:22:40 +0200
0e83bf7944421d2c26f3ff1633e8f1bd48fce6c5,2025-03-28 11:27:17 +0100
0eccef95811d5693ce7953859e3832ab8cd2ee59,2025-03-25 21:04:33 +0100
662e49c60dde4a90c7888aefdf8665f1974db615,2025-03-25 18:58:58 +0100
9e87ea046f53bd43668c516edc9fa85e302176fe,2025-03-25 18:44:39 +0100
fed61d30f29f67d77f0134e546f906cdf07565b4,2025-03-24 10:36:13 +0100
902737e15703c0e4b674fe0e5f3ade79839d2a3d,2025-03-24 09:58:04 +0100
b3c7be0005074b8742bb497ceb294358a9438545,2025-03-22 23:21:46 +0100
1d59c8db69b599d8ef42620d4c85e8a3d21ed077,2025-03-21 11:41:14 +0100
3769626b04c07848cd3ad05af758ff10f62283bb,2025-03-21 10:48:44 +0100
a70745458863f6cc45c1319a6c5352c045d232aa,2025-03-21 07:58:07 +0100
13943507b322773d4e170c5b25040a91989ff822,2025-03-20 23:36:50 +0100
c46d8a23334356b33baf1b5b446e0ee7bb3b6046,2025-03-20 11:49:45 +0100
1d5942f022502510f28fae79d292622141a5d438,2025-03-18 17:12:00 +0100
c8b8347fd7deaa4388ce63909839db5ac289ec6e,2025-03-18 12:16:57 +0100
314c214ff3f2dd652cfed8fa9823983fa9fa65c8,2025-03-14 20:22:06 +0100
3ef9f5620a02b5ad567e245ca05ca6b53e46c06f,2025-03-13 16:36:01 +0100
1b0b1f40a6fd47b4ddefe43cde81a254dc8ca395,2025-03-06 21:55:23 +0100
ba95860de56fbd10c120760a29ce8a1627579dfa,2025-03-06 21:55:15 +0100
fd1d62322a84cffb1c6ba5d43bdf21ffc04410fa,2025-03-06 21:48:40 +0100
9dca19cc35670dbce57a50349f830d9c529e890e,2025-03-05 19:23:33 +0100
c50e671cb0c12c3ab08b6361db121a8e78538496,2025-03-05 13:17:47 +0100
a800c97ea79dc83763cc99a5ac54c02cdcdf7771,2025-03-02 15:52:50 +0100
65fb42a7deaa8673075f3561999bb08c8ff4aadb,2025-02-17 18:10:33 +0100
2e6564b5010a3523e63c8139e5bd03338cd56ac7,2025-02-17 13:47:18 +0100
723e8678fa6fe3886859e740a2f9023dec523e84,2025-01-28 10:46:19 +0100
990d66140b46d4a9a6e0da5ad4d3bdb45be67e51,2025-01-16 17:09:53 +0100
4ec2b7fa45daffa2ab62245a406df4f8df863085,2025-01-13 20:30:49 +0100
af59f111c9ae677195018a19ba412975abaad7be,2025-01-13 15:33:59 +0100
00221245ca17ef15ba4ff5c10d96feb7746ceecb,2025-01-13 11:01:16 +0100
16af47567e13fb63180ab1cf34d38969ba877b3d,2025-01-13 10:54:54 +0100
7f472b404bafae064f40d31109c9d2d41e0b6548,2025-01-11 13:56:04 +0100
4a192f0bcb8ef6932fed23b6d07cad21116c4142,2025-01-10 09:23:52 +0100
369e166979d5bdf4310543254c8e5ffb5404728e,2025-01-09 17:15:43 +0100
05207d3ebdddc078197b97e82af673bc65d4f23d,2025-01-09 11:49:34 +0100
91aff76b1fc2be0f947a5cd602cecb999cd1910a,2025-01-08 18:29:14 +0100
baebd5d3e5593142dc37abca6d74f5255079b76f,2025-01-08 06:17:34 +0100
2326a4e04d1a12d57616760c9d9159c7e9fda006,2025-01-07 21:08:00 +0100
a33d50ee2e145c8170519cee5cfecda6758ff690,2025-01-03 13:25:20 +0100
8931278c4333ca7d08df062a7b69b56778066f8d,2025-01-02 21:14:36 +0100
8e6589599536cff4925cea3dcd070787e723704a,2024-12-31 10:11:53 +0100
b411f488c76e93d2a36207bf6f42e7cc710e61ac,2024-12-31 09:57:31 +0100
99a4cae76bf4212e00979560ed8a6442b3174dad,2024-12-30 22:02:03 +0100
586fdb4d366bd22afec0450af569a71a25918cf8,2024-12-24 12:00:52 +0100
c7ee81b85cd26927b959ec3539366802a762ee8f,2024-12-17 21:30:17 +0100
2a8800ac3e8c2a7a2c3e7b803339af946140343e,2024-12-12 15:06:44 +0100
220233c8023c117854d8ee440b8fd6a10628d036,2024-12-12 14:11:38 +0100
5f658fb75f66ae5ecd2b08c75a2312f810dee76d,2024-12-11 10:43:49 +0100
0df7f01c77a7bcc389ed534ee1ead7aa81dd1415,2024-12-10 13:14:16 +0100
6971f2c8955172e98fe05b401aee4e6a36bbbcb2,2024-12-10 13:07:01 +0100
bc36559890f22e3df7084b145b0a98a7d1f1e337,2024-12-05 20:46:14 +0100
0d70258cd0e095037c8bb9a73e72c6c379e71750,2024-11-28 11:56:30 +0100
6e359ffd8f535983816b9e084ed1e36bffb7f6a6,2024-11-25 16:53:25 +0100
0ffa6a28b619a4fc556933a2cb8e08204df57bc5,2024-11-25 11:16:35 +0100
3bfc2906688399e0a22e3e918c8cae4ed03ed406,2024-11-24 14:34:36 +0100
ad198ded8fc0b5e917c8a5faf657830ae6f38a1c,2024-11-18 17:23:07 +0100
08d2bb3af917bf0c0bacbaec1042681a46d1c07b,2024-11-17 20:08:09 +0100
49f511092d053ad1e36b236cd391d107eab1a915,2024-11-17 11:33:42 +0100
216933a8eae2e557cd367b3c3b58ee7765fa084c,2024-11-17 11:13:54 +0100
14ab4071207800f2dc57e4d6bcf2de3d9590fa03,2024-11-15 09:26:19 +0100
c1f726c67d67c84d0913d2ebf74743a4762271ad,2024-11-14 22:11:05 +0100
3cf3b1ea0c3829478fa89c3655fe2f7e0252d782,2024-11-13 17:32:38 +0100
b628a6e9ae6818feb91b66ef345f68d79176b69e,2024-11-13 11:26:22 +0100
80db317d0cda47da0da76776c639d0adce7bea52,2024-11-12 16:11:40 +0100
da1e0055c6404996d584a40008b92a73eb0f33b0,2024-11-11 18:53:46 +0100
ef4929166d1131d956e756eb13ce2e2c19055b90,2024-11-08 15:58:54 +0100
b5b5c15c28199932e6f6e2f01f7d10672d559a1b,2024-11-07 21:17:55 +0100
affcba5ae3066766153119119225069b2cba8ad8,2024-11-07 16:56:04 +0100
44de7978eac6dacfda314898eb4f3bdadf10496f,2024-11-04 15:23:57 +0100
8a42edc41ceaf2cee215aac028eb91dc831c99f5,2024-11-01 14:18:09 +0100
e5d072b2c4831351cc2f3144a91fe9a4d8493c7c,2024-11-01 13:45:20 +0100
30fedd1c65aff360777dfbf9ee39422f4dd539a9,2024-11-01 13:33:02 +0100
d968476a30161f720e8dcb8ce7ac827d5bb4dd44,2024-11-01 13:24:38 +0100
a8e39021686016b1b5b31ece1b05989716ccb729,2024-10-31 22:07:07 +0100
63ecd504ec54eff85c6bc9f6be79bb9932635b0a,2024-10-31 19:43:22 +0100
1a76b1c250a623458d66437fd2f449d6b3af1dd8,2024-10-31 18:12:32 +0100
6167a349e95b8be75f319e0cc735f0de512e6429,2024-10-31 16:04:06 +0100
aac1ea004424b2add59527ba700e97a63b666e24,2024-10-30 21:23:43 +0100
6b7b6ed22957e640ccf3d9ec19acb5120d3e0b76,2024-10-30 11:51:34 +0100
1c084a64d5ec6c4a22873c1fb20ccd830b2a3ea8,2024-10-29 16:57:38 +0100
302b3adc55144703896e75414fae5df8504f93ce,2024-10-25 21:05:40 +0200
03011b08081eeeba99841ea6ce16cc99d64ada93,2024-10-25 11:16:37 +0200
078b8a34bcbca8900adbb8f781217cf672944114,2024-10-24 21:42:07 +0200
cd4f6fc82bcbbbb72a670e47b59b492fdf2a2bff,2024-10-24 21:30:39 +0200
c6166e8cc6811685122939a5445956241c938fc8,2024-10-24 14:47:58 +0200
969d806340d1b611a4bd6a81916eeb1a1038c882,2024-10-23 20:11:28 +0200
54c3642364bb92c3add1c3f6ea936025e317bfaf,2024-10-23 20:09:30 +0200
1c92935a0b5b2b2d55c8affb601cc637005a44eb,2024-10-22 15:35:53 +0200
9e92f7554cbeb53f628c4a3ec1f6412e01c6eae0,2024-10-22 09:17:34 +0200
658bae96da18d8aee284c300c97278b1792072b8,2024-10-21 19:12:54 +0200
b0e0e9269af1275c467d47baf4b679c971f129dd,2024-10-20 13:14:57 +0200
84a086078cb803e4fbabde34f8cc5d6d12275ab3,2024-10-20 02:07:28 +0200
36984b5f84259c6e94da1a8e0d52c47cc39637d3,2024-10-20 01:10:10 +0200
2ee72d70ec4ba3d47ea8c429b4c6311735449993,2024-10-19 11:46:57 +0200
5c31e5b6b3aad089a205abab8cf03de76ffd0efe,2024-10-18 10:46:21 +0200
8823d7f01fef7fe44d4919376257226d76faca58,2024-10-14 10:17:59 +0200
ecd3e469d99317c76215b7430aa67cb69d2f50e4,2024-10-14 00:13:43 +0200
aa3fc847dcd796c058258d860374fa57e4c1f0f5,2024-10-13 20:25:46 +0200
9e18ce3dc9aa132c15722320f1db02db9b707e98,2024-10-13 15:30:41 +0200
1cd015004a22e45a863c7cf71c6ef21255a90544,2024-10-13 01:30:36 +0200
da394f5bad64b2cc5ed651b3da8e98965f4a6bb3,2024-10-12 15:09:46 +0200
1044a39baf2c6f2f8757712654289cfc7d1e65a7,2024-10-12 13:09:27 +0200
a8bb32c57b18dfc05144e13dbb31108181491dcc,2024-10-11 19:38:20 +0200
8787e52a0fb83b3e19d52221a43a0321f28f4766,2024-10-11 18:54:08 +0200
7e2f5e3bce3d5633e4d6dcf4ac7290c6c7d65b60,2024-10-10 23:49:22 +0200
ee9df30771cf53c3bc748ad671bcf6b9182f2036,2024-10-10 14:09:38 +0200
314a3c9b671ea1c6d6f1e4c43585e48284f835e5,2024-10-08 20:39:32 +0200
ce89b334907b16cc0b9bfa204d4be0ba4a1a84b4,2024-10-08 18:31:29 +0200
11ee156c7c55d71ff741d8640fbeee759611eb39,2024-10-07 18:32:21 +0200
287f4c9afe23d70fac5678de3af5a956d017b2ce,2024-10-07 16:14:48 +0200
74a4b126ef7aa2769741d52f613075aa19bc5275,2024-10-06 15:28:09 +0200
184ae998c29aab740ba56344bdaccbe348dc58c4,2024-10-04 16:25:32 +0200
533cec8d446a51b8f924ea35e16d64024dc69511,2024-10-02 16:55:16 +0200
469828c64dd6a575332a41299903fa37030f68ce,2024-10-02 11:52:20 +0200
2bcbb01825c0764816cd7533418f1e1fd650251d,2024-09-27 14:14:30 +0200
8b51487a551657f76b30fb5a1f08d5a0f0adf45a,2024-09-24 13:09:14 +0200
67a97c9221f5509a478b1a8d77725ad31ea4dc38,2024-08-07 12:59:48 +0200
f690bfd65bc4352aabf3ec93203c168b4de51db4,2024-07-18 12:18:21 +0200
c0767f3b4ee1540bebad592d5c11414804706577,2024-07-18 11:36:50 +0200
8fe350001a49c580953984f7ac72072b1660e345,2024-07-16 10:47:16 +0200
65e3db88f568e2188564069527499a38e0d49dda,2024-07-15 11:10:19 +0200
1a6752f04a060637aa1a0a49a7f9f7dba0286ce4,2024-07-12 22:43:25 +0200
6d6c5d262385510e31369d9ad167756aeec9506a,2024-07-12 18:01:20 +0200
bf3ce913e0f55b8a16ac6d7c0e2d5516b132210f,2024-07-12 10:42:18 +0200
c903d13fe321f5927df2f3f16f9aad17c62c90de,2024-07-07 18:58:11 +0200
d672b9ad590e719d74696b461d2db1dd1a131df5,2024-07-06 19:33:15 +0200
08c9edab29e9a9a0266afe6ba83870c47af17c3a,2024-07-06 16:43:01 +0200
28402921ae9bd292e8e7bd51896193ac33835e1a,2024-07-05 14:10:53 +0200
5408f8ca7837d9c2bfc58d958a12aec0ba97553d,2024-07-03 19:28:12 +0200
661f8a593c3197b684f6992083674c8c59dcba85,2024-07-03 19:22:46 +0200
1efdcdc0d89a3d77cd561191664068ff7e1357e6,2024-07-03 14:24:15 +0200
0f8a3edd6f7732164d7e56418f02eab589285f0a,2024-06-21 16:13:49 +0200
2195e10982c98e50fd6489e3f0bd0ee1e4188c0d,2024-06-21 16:13:41 +0200
c8c277678aeb20dbbf3d1299993ff31ef8c0eb6c,2024-06-21 16:07:28 +0200
5b17b80e2ea18e3e4ede761e35f921bffa5e390b,2024-06-21 14:58:23 +0200
852d0d795d77d17bb12641e498b99db8916b918d,2024-06-21 14:43:18 +0200
aa9bf42315ee6cbf60df6adafd74f8e815a7b4c6,2024-06-18 16:39:18 +0200
9a75431d06c8274588d495fd36b8aea294cb0c7f,2024-06-18 14:09:59 +0200
6ded72701859ea429d49bea7bee8c1384058cf99,2024-06-17 15:41:53 +0200
32941a3a7e19f5a2e08e3f359f25a93224b5b57b,2024-06-17 15:11:59 +0200
5b55a31df323bd7c44f5cedceac3c8d02946663e,2024-06-17 15:08:53 +0200
883f6be5af177906d173e51b67d8ecbd5b9c6277,2024-06-17 07:05:01 +0200
c918f8c5c3e2bbe30b1d9c111ad541ef376d2298,2024-06-17 07:03:14 +0200
227ac74403e050bb2b5eec1dbcdd44b23d0f7be7,2024-06-12 14:01:16 +0200
1338b3033903441c3856a78c21ed30e9a8af0b42,2024-06-07 11:47:35 +0200
ed41ff241ed932537f2dc7522429aecdb332bca8,2024-06-03 22:29:38 +0200
c3be001f59564a98a6f4da44386fe2da7d764bc9,2024-06-03 15:15:58 +0200
3592cca0bcc95f4937852f3368f0763eb4f999c9,2024-05-30 00:33:16 +0200
0e103974daa76d22c50cd8251d59229942c841dd,2024-05-29 16:30:11 +0200
60e2a9d9eaf4a34d870e11e6eae114718dc04d45,2024-05-28 10:42:41 +0200
53862487e7ed797ed0c0dbe690e4418417c9bc21,2024-05-27 18:29:17 +0200
ab435c289768bd0c9b5de1b31edd17df9412fa2b,2024-05-26 23:28:25 +0200
f6c5588db12721d0eedb4f6cb1bd4ead7219c876,2024-05-26 16:18:28 +0200
b8247b605d329f292e4cbf9ed3aa472a1a1c4441,2024-05-26 10:43:25 +0200
ee82e3ee5433cc2d22683ac1c7aade87a2904676,2024-05-23 20:56:04 +0200
8240a625552451c81c41ba5a05b2e93c769babbd,2024-05-23 15:44:40 +0200
7fd22a5ae87983be64777f21ce71efff6518ad82,2024-05-23 15:36:49 +0200
19dff43e425f1dd15295749b98324ab038fd305b,2024-05-21 17:15:07 +0200
e854156e4b8c3a4b09189ea1ed2269fcd8c31f04,2024-05-20 14:00:46 +0200
7653223197f87507cb54f160cf5b63ae5ae71d8a,2024-05-20 08:44:39 +0200
18ddbf073ab022b0460086717f02071ee000e14d,2024-05-17 11:56:46 +0200
818b6637fe55497a223a0f4658b88d60d371945d,2024-05-17 11:54:56 +0200
9e71a63b3590caf0783af364d5bf0490e1d7db15,2024-05-15 14:35:07 +0200
57afce47a1d3c1ca8e2e4d06ef4b54da53531dc9,2024-05-07 11:43:52 +0200
cd14feeb7a96938e4e311347c3056996bfc7c89c,2024-05-06 23:30:12 +0200
ad12c220f93d68673457045a5645de3a80fcd17d,2024-05-01 17:03:46 +0200
424bca36d022d118f85ba5ebdd36315799c4d50d,2024-05-01 15:43:37 +0200
75a02e2c184e0d65e9040912ed5fef270791e0b0,2024-05-01 14:23:39 +0200
0b44c5056dfca03b988563af5c203571c741eedb,2024-04-30 11:36:06 +0200
a47b71dd9699071a8d1c10e27b205683e58c7259,2024-04-30 11:35:49 +0200
6f3ff5e3cd5d2d751ecede32e214639b9c720454,2024-04-29 08:39:51 +0200
2bafd59fb034658907e334a6aad2a6220a054fea,2024-04-26 15:31:07 +0200
827b471511a4193034a646b6a28628ed0167f4ca,2024-04-25 19:17:24 +0200
73908709417e5c0310880810446b1e3c909c16e3,2024-04-25 11:36:00 +0200
04dbc91674fc5d2c4ddf3972a2b77b2d5a50e938,2024-04-24 20:33:33 +0200
7ba873d8371dbf54bc495ec09f5e955df2c001d3,2024-04-24 09:06:06 +0200
89b2aae24c083504634b0a08da72b479ee34f895,2024-04-23 13:38:28 +0200
40f61fa5e3d725c8893054a78b1c6c516f2fd949,2024-04-23 10:59:00 +0200
f70e68e3a4d2519d79bbfd862992227473a386b0,2024-04-22 22:16:40 +0200
fdcf59e6002e908fd5b49876a6729a1d8c7f545c,2024-04-22 21:44:30 +0200
83ddc7b63cadc0ba7419a2a5116a8b87e533f3d3,2024-04-22 21:08:01 +0200
63c70c9affa93d1aff93b7f42d881d8d9bc61f3e,2024-04-22 19:21:59 +0200
378b48837bb502aacaae52cd493809bfdd6bcaf3,2024-04-22 19:14:31 +0200
494a6d1bffecc2da3e086952544a05e6a86e7df6,2024-04-22 19:13:42 +0200
387820e55e22d38668aa52d4a747e3207c101b14,2024-04-21 21:13:55 +0200
c3e4d26277f66a6208eb890af344bfa8a6a2c178,2024-04-21 19:18:24 +0200
86f214f1ed5e7c7ec14b4d6c330934db91fa0968,2024-04-21 14:57:58 +0200
8182dd9c5e37acace08aea075d4b9a07547a847c,2024-04-20 23:37:43 +0200
2506b5aa3b750d6c8a47573ca1f742e3e6d08904,2024-04-19 15:58:52 +0200
6216e8c68fd465d288c3ff4b8857aadbc75fc56f,2024-04-18 15:36:20 +0200
1adfefeaec3e613ee9063f859994e75cac84abc7,2024-04-16 23:25:28 +0200
d5f76a5bca7853eefaf48f86a0eb145f930d4e40,2024-04-16 13:48:28 +0200
d80467a055bef6c59a0aab9ce171367d3b6f3034,2024-04-15 18:58:07 +0200
d2c68a6005c8c206a5f335abb4ef4458574e5157,2024-04-11 14:48:53 +0200
3c05b35133d74fb22f91ab43f7c3f84c18b89d3d,2024-04-09 15:40:18 +0200
897ff3d39c5f7b3e79f3abe3f5d50657da08916c,2024-04-08 14:35:23 +0200
c35767af9386aee19f2310ff1a2009104b3d47c8,2024-04-05 11:30:30 +0200
0d3ec0431da6dd89655eaa8706702f9afa9ee2dd,2024-04-05 11:27:12 +0200
585c6cde17c1b221ad181dd87ef88c76071a8e1d,2024-04-05 00:22:52 +0200
61feeee90bf5475708f24a317a31d7a4e9cbbd3d,2024-04-04 15:06:13 +0200
e9603a5112f9ade8c55a51b560274107dc8298c9,2024-04-04 10:34:22 +0200
1c6269b091cd3d43691c426658e8fc3e10c6c3c4,2024-04-02 16:29:43 +0200
3693db720844581ade4902f29e473e0c376fe81b,2024-03-27 13:48:58 +0100
0fb293f1bde0eac08b68579ed57df4354266051c,2024-03-27 13:38:10 +0100
589d691312c1b514110c2c20e623baa338019c76,2024-03-26 21:51:18 +0100
f3ba21d4c0143eaf8f6e2c2731ed489b90c47a9b,2024-03-26 21:50:00 +0100
b63a18bc55e1a5e9752a4aad7f34bf843735c2f0,2024-03-25 22:30:03 +0100
b2df7a2c9b2e9dd565be0b98d6ac476ee9954937,2024-03-25 17:28:59 +0100
550c274f50f031e59494b4ae468201388592b3ff,2024-03-25 17:28:13 +0100
66601c470a9e0706997ca46418f8e22c3598b45d,2024-03-25 13:20:47 +0100
d30b42e1ede8cb74f3dc007570becb222f932d64,2024-03-24 14:48:53 +0100
7c8180a1edbffc158e3538b1e87c39986ee79d48,2024-03-24 12:19:28 +0100
fb6b6efd50843e326c35f5a317428e035d8dd6fe,2024-03-24 11:13:03 +0100
bf3f49e5b96e64273c02a4bf82e3dfffad7ee9cd,2024-03-23 13:28:37 +0100
65accae7e5e3b1cfea847f8f6a0de77bf076f0ff,2024-03-21 09:32:54 +0100
cff7fe9090f750fcf92f0d9acb9fadfbc99eaeb0,2024-03-20 22:17:14 +0100
8e0b805a64d4eea0d55cb26e5ac515377d854d8d,2024-03-20 21:39:50 +0100
a7e7aa690d51d943172d70f5c07f19b3772dd3ac,2024-03-20 21:21:24 +0100
2d9412e0ece5afda04b9237f428bc528cd7e39d2,2024-02-14 17:24:53 +0100
86ec931ae391761f04ebf24d5ec5aacde2d85f6d,2024-01-18 11:55:50 +0100
92fe2b72d6a71a436b5ecdf619137f695f70a4f0,2024-01-18 09:48:15 +0100
12cdaa75533f4e9a0a659b42d6a9f63dd25fe311,2024-01-18 08:35:28 +0100
2c219547955a7a0d1dcc4c521608d55e33afa33c,2023-11-05 15:34:00 +0100
7f44c42a538a3db0e79f792195caa5cd1c0225a9,2023-09-07 12:34:40 +0200
0c9a689b934321c7d691f4bcbb4c1a6c0ede742b,2023-09-07 12:34:40 +0200
0bf99b95f086a5ebd82762a43457a7a3e2578e99,2023-08-04 12:01:42 +0200
5869a3b8762353b2ab94ac40053300c2a6ece8ef,2023-06-30 09:44:27 +0200
d77aa42edda661d7cf209b9fc77a59ea958e5772,2023-05-22 08:11:40 +0200
173669acd81b968ece6a0577a47081d3dd15f2da,2023-05-18 12:03:54 +0200
499243a26fbbf0558a1e048f3a7da010cb8008d3,2023-05-16 16:52:19 +0900
6c6b966b23b9f9fb5bc77975ae352710e8796b0b,2023-05-15 15:24:50 +0200
93f65545c4b0d4e870a531f4f10d8fbefd32a6ab,2023-05-15 14:32:50 +0200
bc3685aac43325ad6dc667806df88615ec004258,2023-05-05 10:38:06 +0200
84b4fd2150b393e034bbca302105f3f02348f02d,2023-04-28 17:26:18 +0200
053f7829b1da45f3ad906a11f5f2095351081af3,2023-04-27 12:45:16 +0200
28647342469ac77f3d2b5ccb37177923b59f86cc,2023-04-26 18:09:30 +0200
3287cfbaf8ebdc3850f2270c72e620412d6ae609,2023-04-26 17:30:32 +0200
f4e6b8ec8fd3cc92dc6d7278947e943a21a03292,2023-04-26 17:14:08 +0200
0c56e3ba8956e98a6f264eaaba9c4db646ff2437,2023-04-14 14:55:19 +0200
56e4a4b9c89bea7534e1b3727d7775e4d34dcdd8,2023-04-14 14:55:11 +0200
01ed47c7088fd56dc5e837ba80b029477ccc4fcf,2023-04-14 14:49:09 +0200
ec2a4cf433abcaeea2bc64162c9bf1c0ba5534e1,2023-04-14 13:47:43 +0200
c57869b12619a638c9d61e65097541de6115ff1d,2023-04-13 14:14:25 +0200
e201b952c07ba3f6b4051cc6f8cbad35dad42013,2023-04-13 13:01:42 +0200
e4fdf35b18797e67cdbdb41c290d115a2922908c,2023-04-13 11:12:47 +0200
c61101665b3b278bcb7e150a9faab9aef83f0d8d,2023-04-13 10:40:03 +0200
3d22bf9be4bb80d621f35ab0e12c50cd0f048b3a,2023-04-12 15:22:00 +0200
8fe8033838a9ea984eba386fa7ab651cab7b7487,2023-04-06 12:23:46 +0200
a2a33b384d81da93ca3685e1b7d441b42fa507eb,2023-04-05 17:31:48 +0200
e1cb6c8ea549a6c78fafd848c297e7ad017f1fcf,2023-04-03 17:00:24 +0200
e34df79035363ee8016158e1ffb766eaba832bb5,2023-03-30 12:34:12 +0200
be87d39f3c386f022c8182c3060ca34e97271dad,2023-03-30 11:55:34 +0200
67c3cd591c61bd4821762717fd282b25a8b6ca21,2023-03-30 10:51:47 +0200
5e2f1e8ab233c26b4b199321c1a5a9ccc4a99aad,2023-03-30 10:34:34 +0200
572b4a7bfaf721cd0da5051f31a61f63f6b378df,2023-03-30 10:28:38 +0200
4be9417bee997415899384338962ed8624d2165f,2023-03-30 10:26:23 +0200
8b6ea38b8be0830fd61a1e7e6f2f250ec09f3036,2023-03-28 15:56:16 +0200
d2cca2266aef2acbef4eaf80a2f868f5eaaf85b1,2023-03-26 15:23:57 +0200
9efe9d4bced67e26dfce43bafc418100721545c9,2023-03-23 14:33:14 +0100
1dafbb111834172d36159d24a29b47e9457b336f,2023-03-22 20:43:25 +0100
4def8ab4aecd09ac9db824fd6137a029f105e67c,2023-03-21 22:36:03 +0100
51b667fe6df1733c569f109bcf7af677ba2a8640,2023-03-21 21:53:54 +0100
f6f9bcbc521d7dcf88b13d40428569d6a51f892b,2023-03-21 20:13:58 +0100
41295f863ec0abbe3c7635ca096a5a6feb474edb,2023-03-20 18:19:31 +0100
bd5d0d74ade022c0ca371dcdbc311b2e8cadcf8b,2023-03-19 22:34:47 +0100
499d2099d9bf49c19a2c30e74ef3b0e1c3bf6c7a,2023-03-19 16:09:36 +0100
1d6952d1bef6f640f344dae6b0f78c8528ee987a,2023-03-19 15:47:08 +0100
5fd23fd9c8afd017fcba28530b86e278004f282b,2023-03-09 12:46:16 +0100
9769b8a8d3bc2741fa2f5526c10f7a4fa6bef7f3,2023-03-07 10:52:32 +0100
ea1170aac7eedb3d0c29302ff7fe8b63d9b6400d,2023-03-02 15:08:39 +0100
4b1caf0435ffd9163a918bdf22e14b3fda1034c9,2023-03-02 13:01:45 +0100
53b21a7bb90787f14179bafd9eb811bfb2b82e35,2023-03-01 16:50:08 +0100
bedebaaeae964a7913d5c8ca5309ca97f3da14a2,2023-02-28 14:51:18 +0100
7910cf7cfdc5e850ce5e4f91f99fa32e04c8cf09,2023-02-27 16:07:01 +0100
e1c990d2e9aeb25647bc195881e01c5f62e8ffcd,2023-02-27 11:19:35 +0100
706ae9ffa9d7d94e3b983d87eb0c939adcfc6e44,2023-02-27 11:13:59 +0100
98fcfbc34b8139648dbdbd5939610a8b5c438a94,2023-02-27 09:25:10 +0000
310a1e4e51c95baae9e1d13714b5ca674be19357,2023-02-27 10:16:51 +0100
c2cde6f280ceeda79a7c68bd200d9ed1defb94d6,2022-12-27 12:52:39 +0100
d42b3433f772594e7b52d59b715525880936bb3a,2022-12-12 14:07:30 +0100
86624c4a78c3fa9c8581c6399e30abaef1b21e52,2022-10-19 08:39:09 +0200
40019a635c432251b7dce462402402aa41d8678e,2022-09-22 12:12:02 +0200
465a0b4d23b9bf06ad901d7c80c37f4415342c44,2022-09-12 13:09:44 +0200
35ab533eea9d07a05256f1bb2e002c5db2f8a16c,2022-08-22 09:34:35 +0200
a06fb6b3cb18eaae9d254d075a628a0b2d719e55,2022-08-22 09:03:44 +0200
56b6a8c74cae266ff3a63134a359010a130afec0,2022-08-21 20:43:03 +0200
0a54b99ab7dc660e172a412d26bba2a0d42359ec,2022-08-21 20:36:23 +0200
ea7c26f2ea8a468580c965bdb2a3b773da183f0c,2022-08-21 15:01:20 +0200
8c556ee5e525eca653838be4ecba906a7fd3f423,2022-08-19 17:14:30 +0200
5ae2fe6527edf2b19424870dfbc697f0ba5bea50,2022-08-18 15:06:27 +0200
1f0f5e1661979ff93279d60a38d590fdd7d09232,2022-08-16 15:50:50 +0200
e0007dfbc94e4d29336d712b50290ccfba0a67cf,2022-08-02 10:01:04 +0200
24974ceafa675509d86580ecd5c97ef2959094aa,2022-07-21 13:08:59 +0200
784884dd67ddbfd13162b45a7028d5f72f83661d,2022-07-20 11:43:57 +0200
ab94f21afc9fb41b350fd86e68ab93cebbdf1c7f,2022-07-19 14:24:51 +0200
c9eadf03c688554c4926316e4aecaf268e11e596,2022-04-28 14:04:46 +0200
14e101f284a1bfdd6c969dc3d6fa73105e6189a1,2022-04-17 16:34:36 +0200
0a8d0b368b6ea1f68d6f0ccc0670aa15fdc46336,2022-03-29 17:33:51 +0200
966cf3633db8805a9765da825eecf62a4e05402a,2022-03-29 17:33:40 +0200
32899f0c7c15b3bd4e46a7970e387a94ebf70cae,2022-03-25 11:03:14 +0100
3c24f8a1fea69df60fdb792140c9aad6ef12e32c,2022-03-17 17:01:29 +0100
878386fb29e81daabcaa421f453746b50b0fac4d,2022-03-17 16:51:33 +0100
e21c7d4657301f361f4d915752cb28cec5598576,2022-03-17 15:52:27 +0100
c3782f7fed8ab110cd3b2ec947941021cd9daddc,2022-03-17 15:50:53 +0100
d1837c0153b6902248b30b66db6a1231fc9911e5,2022-03-11 12:27:39 +0100
c59d1fa5a93b0edb898ae2e8dc541df2d203ae44,2022-03-08 15:48:38 +0100
cfb371df866e7cdf8c6d3f52780e789c467a3d72,2022-03-08 15:48:20 +0100
e3e8a4f8e98816635ba79283d51fe4f127651f09,2022-03-08 15:42:55 +0100
c305f203a7dd349c4577e51ad8ed62fe92274f4c,2022-03-08 15:34:24 +0100
6eb3ef5596d2e1439d54b502fed833366c497c41,2022-03-08 15:31:59 +0100
28f0d4c2353fb8b2d51de86bb6d799bb9aa5bbbb,2022-03-08 15:24:12 +0100
d709977823c2a7d4f37491e9b0f628ebbb0825f2,2022-03-08 15:16:23 +0100
a5c435e58182b07ad0e985dd1ca7f9d45a8d3dfe,2022-03-08 15:12:22 +0100
329c2f002fa0f53bb46b7b93a65a89e642580089,2022-03-08 13:07:35 +0100
271495de36a7883a1be0ce04cc3c90d683df8588,2022-03-08 12:46:35 +0100
8afc55604f14aefe627ae52cf4711ed13e274c43,2022-03-08 12:17:16 +0100
0c4a0a55c8ec655abd6bce273529d9feeee94f56,2022-03-08 11:35:44 +0100
aece78e63035716a37f52001d0236539486c5c79,2022-03-08 11:11:53 +0100
df5ae21f245c3d82139c8b82536ddbc5819c01c9,2022-03-08 08:12:51 +0100
25c69a49b22012df20d651973cc5aacfa7042c4b,2022-03-07 17:43:35 +0100
082221585184f37ba154e8fb9e0d7260c6db0b05,2022-03-07 14:22:48 +0100
aaae4148c8e3c9840ee1ec3e7fb2438f99173c52,2022-03-07 12:58:41 +0100
c80689836e131c1d3eee6c707937e86ee780313d,2022-03-07 12:49:00 +0100
2c3707fd73f9d0804b8ef70b19b9d942cd985d11,2022-03-07 11:36:00 +0100
75383e400c51f316880f445ceeaefa7c9ae05300,2022-03-07 11:11:00 +0100
af33059b1147c46826fbc7973d254701e4a4ed70,2022-03-06 22:26:10 +0100
70a193d4f782db541cc2b71ad243332038c75ce3,2022-03-06 18:29:18 +0100
802a5f63610025e76ebd1dcbc821d361fb4d5dc9,2022-03-06 12:59:28 +0100
54d5633cfdc21ddd1d7193e114dcc1f928bb80d9,2022-03-06 12:03:43 +0100
48b15664b516b0b6c30542cfaf08ec4f02bf0870,2022-03-06 11:29:20 +0100
36a82808ec21cee4df45c49172f52db4f04f7a65,2022-03-05 19:38:13 +0100
bc936af7ef3b7cb6e5da6e46715727e865364945,2022-03-05 00:52:01 +0100
2453d5ce0e0532354281ba95f43991fdf1c75866,2022-03-04 21:47:14 +0100
0d9706cdb5fbad5452905dfedcdce085803e9252,2022-03-04 16:48:42 +0100
512567a03026deb84aac394bbf427ad38cb61181,2022-03-04 15:56:58 +0100
c58136c6a59ce1bb46cac8d97afc378705044789,2022-03-03 21:48:58 +0100
6f706ec3c1f796ad5598b4ec2559a605b60f4114,2022-03-03 17:33:37 +0100
d394f0abf4cd210970572982018276b49577ae1c,2022-03-02 20:10:33 +0100
9fdc5d40e7f78d90cb836ad9fa6600b82b9fc391,2022-03-02 14:50:48 +0100
a9dbb9466135735ba9fe5cc7091e296a40e80513,2022-03-02 10:02:37 +0100
b47eb5c00fe63787f60efafc01920c14c130510b,2022-03-02 09:42:14 +0100
984b9b83716fe1f2adea92d79d913cd83309e523,2022-03-02 01:34:00 +0100
c3b9da0eac5661bd2edc8f17013d75fd85e350aa,2022-03-02 00:33:15 +0100
8ca9ca6901b9b0bd50e69f4cd3b704c15bb301f9,2022-03-01 15:22:39 +0100
602545e49b3aa53034c6c7d9f1a94da7c84199a0,2022-03-01 12:01:04 +0100
f1a8867abc6790ed1e3274ee4807cc6bf3d3f4a4,2022-03-01 10:59:45 +0100
dd5f11f4ee44b759a3b88561075ba0de59a8dfd1,2022-03-01 10:59:33 +0100
7fdf9fecebd63bd8d13c56f046576ac7018ab430,2022-03-01 09:49:59 +0100
ed1005144debdb8bf83917ebb6d4835df2e5dbac,2022-03-01 09:21:44 +0100
82fa77d16b43a5ccc5b618b29990e46ce2976bf0,2022-02-28 20:26:25 +0100
20ae33a52acae71ba5c19415cbec2bee1d10ae0c,2022-02-28 18:25:52 +0100
572b3f0d41f6e13c408c62735cf714cc7b63e211,2022-02-28 12:56:02 +0100
3f9f5984a2bb65e8ecf0e970ec9fb58cd66c74b7,2022-02-28 09:21:51 +0100
7604ed128265f04b4abf9b42adf4347c349ea9ea,2022-02-27 21:38:28 +0100
1d3600bb21fe7eb9b3c60d9cd4740c0c2bf66db2,2022-02-27 02:41:43 +0100
76ad06a32c98e9a0000a0b5ed3c2dae3430ca7e6,2022-02-26 20:12:57 +0100
7c671f47015660ea2c66a76d6ab83dc95c645620,2022-02-26 16:07:56 +0100
7de586461e1dbbf65b4cbceb441618135e263bfd,2022-02-25 20:37:24 +0100
3cc4f08e56f8ee66a757a1487d60a70408c60535,2022-02-25 18:22:48 +0100
2e71ca17e1a8ab4a95356e69fb4a5d26c7063c32,2022-02-25 18:08:18 +0100
13b67e3f05e7665b7f994fef9defcbf7f32d0d65,2022-02-25 10:06:30 +0100
69e9a48e1d4a49f1e864c462c075bde0cbb0587d,2022-02-24 21:13:23 +0100
e1829f5644c0f79d780ed3592ebcb17bc39c8ead,2022-02-24 17:28:25 +0100
fc7b248808e06b38105c55c63607c33b14b54a22,2022-02-24 16:32:00 +0100
d78dcea0b3aa820b3fdd0943b6ec2e150c869b24,2022-02-24 15:50:40 +0100
b2eeae0ecdc34b35d3a60951866b8ad096984bae,2022-02-24 10:23:21 +0100
04128d2d06910a4c376959fbd6f2c381702178ac,2022-02-23 21:26:48 +0100
4d05a799fa3ca3b729813ecb74dfbbbb26755783,2022-02-23 13:50:12 +0100
e3be16600e55314c8728a91740ca5551e3c17fe5,2022-02-22 18:34:17 +0100
98703f7d804f26bbf52f090cbc639eeb00c934ff,2022-02-22 13:40:20 +0100
d74b7976176a17a8bea5852db341e9b4ad2efcb8,2022-02-22 12:56:30 +0100
50d4b914983178bc2097c051cd9ef58d517d101f,2022-02-22 10:47:10 +0100
0cadd0e916e838b007aa3c4e3e5c2bf1396a2153,2022-02-22 10:42:37 +0100
1fae785f4d18b18c45e06a25b448f50df0119d8a,2022-02-22 09:42:30 +0100
9e4b0ddb3d0e619d06d623c8a9aae4b6c9436d88,2022-02-21 12:44:38 +0100
e7a4b518ebeaa965cef122f99e8be9ca832b9a28,2022-02-21 10:10:36 +0100
51b7f0e46fe43fe0e25033ba028aa5be73672f5f,2022-02-21 09:28:48 +0100
ca19470220707f9cbd864e95ed36e8e512d39d2d,2022-02-21 08:18:17 +0100
6d67cf8d9c1e9b5e1961092f461d1566795dcfa7,2022-02-20 23:16:13 +0100
bee7f303c8237ec37825cdcf6f472562a73811b8,2022-02-19 22:58:36 +0100
eb97e01a09557835ee6bba69b95158337aabe6c5,2022-02-19 18:25:15 +0100
1ea8395d43128180e1cec9b2b12067223e9a784f,2022-02-18 17:19:38 +0100
3d6ad87ee1f2c47699ff8ea80c311aff369c57e2,2022-02-18 14:20:58 +0100
486e2d49029afe1a8987f713fed72291bf37173b,2022-02-17 11:09:02 +0100
da90f3ca8185c665b38160e3ac4700f8256361be,2022-02-16 12:43:58 +0100
5fa85fc94265f1904dfd9e430ee8ba521f564988,2022-02-15 23:29:42 +0100
efcc6ff0b86811779af54b0d95d5d2e3382a23df,2022-02-15 22:27:49 +0100
1735d4de88bba6e50242ab2d8e17689df2446bd0,2022-02-15 18:58:19 +0100
f07247a130e7ab0d9d8e0638627e7ecbae99011d,2022-02-15 16:34:24 +0100
3f8270ecec88d22a2ae8dfaf57bd9524885e72bb,2022-02-15 15:51:02 +0100
aace24e3d0a73d0ab90280f10c31b144f0b1c5c6,2022-02-15 12:34:10 +0100
30aa2df16f467b5188d28aafb44cae7c67fed101,2022-02-14 17:43:15 +0100
823a920c0d82d67447ec3a2327a3a083b853972b,2022-02-14 09:48:56 +0100
2942514b5f6277c3923f39f613617701fd5efc91,2022-02-13 22:43:47 +0100
3301fe7b82f75b9f28ab7bd07d5ee9ac500a4dde,2022-02-13 20:59:49 +0100
ed1a9f285cd895ca74a4c0a971b874f21ac9613b,2022-02-13 19:56:36 +0100
95e590a1eaca01dd0055390ba6ebce385725b7d5,2022-02-13 19:49:51 +0100
39bf9f0a8e623f0c2e5287378d9ff2d072bf4ec6,2022-02-13 18:38:23 +0100
b5917ac811bbf81e16cf42d342bbf7f75f47e876,2022-02-13 14:22:45 +0100
a71b66b12b412029bfcd13ca55a659895e1374b6,2022-02-13 00:24:49 +0100
eb4192cec395c4a8694939af0522d29925e710fa,2022-02-12 16:34:18 +0100
1d882a132969da16a09300807e5f4fee3151898e,2022-02-10 09:50:25 +0100
280e148dc44b7ab78a3a78150c9fcd21c024ea6e,2022-02-10 09:47:00 +0100
6f734e5b8f2037e5912310a68405162c90e03644,2022-02-09 20:32:13 +0100
131306e85f1e4269c985fd1c0db8109b0a6a0be2,2022-02-09 15:57:36 +0100
d4afdf85a8f564c365a594e0b2db9103a0eefb6f,2022-02-09 15:28:47 +0100
d3863352bebb7319b84d157a72be9cc0a80dafc8,2022-02-09 12:35:47 +0100
70981c75bf12dfcbc031ce0d57caa79fe81052d6,2022-02-09 12:04:15 +0100
68648bc334cacb392d522558b1d0633595283f36,2022-02-09 10:29:16 +0100
d7a58f5dba67dbcec7e097145bf41fc83604ebee,2022-02-08 17:11:27 +0100
8d93807c0992f431eb06361acf73c516a0ebf22c,2022-02-08 16:44:41 +0100
f32080bf478bf7349f92a1d575efdcd332f445bc,2022-02-08 13:15:33 +0100
4784793d539bd53e73e64de4acf5ff3357c0da7a,2022-02-07 22:12:22 +0100
4b34d34101643dcdf7b3a19d8d896d9f519c266a,2022-02-07 21:12:24 +0100
e8dfec91f36dfa1217e4c1348f23ca8526c7477e,2022-02-07 16:30:04 +0100
cd75759ad0dd10f948d045cc8288bead139a00f6,2022-02-07 11:03:15 +0100
28fd06338c53b3b1825a177522868d80d4468d5e,2022-02-06 18:39:55 +0100
0a0809a00cbfdbcb2a70f95f4c698941e3ec474a,2022-02-06 18:19:19 +0100
507b2ac9d0f01b607ad1b148a5ec8afe6f313f5e,2022-02-04 23:05:31 +0100
3fcaa4539b943da25cd2f4a0ff74bb50c5321902,2022-02-04 22:04:55 +0100
e62c5a8c08ac243f37c6f9190719166eea09f0c7,2022-02-04 16:01:03 +0100
028559ecea6c2bd71693df14790d07e6022b5fc2,2022-02-04 12:55:00 +0100
18e03c37d9aa76d22852799693c79c055503ce3b,2022-02-04 09:11:55 +0100
55ec62b7fd04fa6c61072013d25d26db11c70543,2022-02-03 23:29:34 +0100
f7c82ad361006160a64ecbab16cce993a0365b9c,2022-02-03 21:55:56 +0100
d11c07fb7632f5730d735d9a085ac6415976a2a8,2022-02-03 21:46:32 +0100
aa14fa285e21bfb5779601d36a46fcbd0381b6bc,2022-02-01 17:37:05 +0100
db5c147d53f918b3b6e3525d5fe6d5bec2217e5b,2022-02-01 13:58:42 +0100
8163ec79fc865695d67345061d8cb2d974d7202c,2022-02-01 12:30:29 +0100
78b6d12a8899bf3fb272b3e99c948730f1ba8d8a,2022-02-01 11:26:55 +0100
a61d34860aa71ad84a8de95c25e5115806ead2da,2022-02-01 10:03:34 +0100
09c6388b3c20ab186847524b41bcf9f6a7d0c3c1,2022-02-01 01:31:57 +0100
6ce47689a23c8bcdcd32c3e6a065bfad14f0dd4e,2022-02-01 01:18:17 +0100
bd625af633a53fabaaa5aea8f9e02a6b194c5917,2022-02-01 01:02:37 +0100
03babbacb87143f6821ac9b3d48a209c2459f672,2022-01-31 18:04:36 +0100
3768b590906cc2573bd9399d9549b4d67f6ebbad,2022-01-31 13:48:41 +0100
017f72b9604d67b771cdefcf86d633e046d853fc,2022-01-31 13:24:44 +0100
485fd17bba1b25b76b7afed4bd6240511efed523,2022-01-29 21:19:14 +0100
d5c0464fdef4c7ed576ace84e8f2ebefb366b0ce,2022-01-28 11:15:51 +0100
ba3701c8fa4b9e45300db0b0965d525e7cd52f82,2022-01-27 19:47:11 +0100
2263ba4c7fe46be133b62c8a87f305d9a97d796a,2022-01-27 17:50:34 +0100
6e0742a85613330481fb21d83641540fefef1a0b,2022-01-27 15:57:02 +0100
d0af266387d4302fb774b3765cd8fc405c00154c,2022-01-27 15:42:03 +0100
cd505b506427e83a87a094b9f1bab43ab440535a,2022-01-27 14:09:11 +0100
72cc786b7f0251145500b81039aa7c9451ecb8ca,2022-01-27 10:43:09 +0100
98ba9a0a482601ba6690ab1f40b22b440c5b4afb,2022-01-27 09:57:50 +0100
baf7823da48f596c7f86d280f3fe2d4fe5336e66,2022-01-26 23:02:26 +0100
89f2e5207f90c7b9ae6406fedb5671d7d64b3401,2022-01-26 20:45:00 +0100
f86df708d17e39f4a7b2909c09cdf1365a9a5708,2022-01-26 19:40:04 +0100
fa3d23ebf3b5bce6b132358c30f5705f602c3de3,2022-01-26 13:51:20 +0100
8c3288d80b8a3c8c7e34f8b7d51bcb363b4f4585,2022-01-26 02:29:08 +0100
83113652da07cc756eeb0640867dcc7f722e03bd,2022-01-26 01:40:46 +0100
a9fcd0b9d80733f73cb4fee741b31938a9f1458e,2022-01-25 22:58:06 +0100
fcb3d3916a498e6deb2669c7122b85128cad659d,2022-01-25 18:42:03 +0100
d518b5737f7f2b5191cc60fd0348718cdcc0bc01,2022-01-25 18:38:06 +0100
e4d8bb703a3365914ab090cfa54c525371d033a3,2022-01-25 12:55:21 +0100
5550446e91c935547ddbab419317906c2b56be8e,2022-01-25 12:27:56 +0100
08f92b1b47b15a8251b07946348e1d7d0e5526c7,2022-01-25 12:11:01 +0100
bc01bfa004f6c802fd13c095c7f89bc2291e44e5,2022-01-25 10:56:02 +0100
21131f507a08fa22371da4e8c5f270dd2938d9c3,2022-01-24 22:54:51 +0100
86bd841cd0a26f140c061979a711d66f5125c4d7,2022-01-24 22:33:37 +0100
d5b73535e0613de06020d5e5cb59883e535d6bee,2022-01-24 16:50:15 +0100
8b2bf59de74943e00c0f1b8160273fcd231ba6b7,2022-01-24 09:48:58 +0100
512e1cfee3ee2b5cf96f5c33c99c4242155319e8,2022-01-24 01:03:25 +0100
b604d88cef324f1b3a7b938a990f7b22661196d5,2022-01-24 00:43:35 +0100
f3233f398cf1241fc880eef1ae6f0c6188b44b5f,2022-01-23 23:00:12 +0100
a13bb6172e0105900daa4ec865bd14eab75115b5,2022-01-23 19:38:08 +0100
cd6b35ac29dc0c395ae90097ff1b0477f931aba4,2022-01-23 19:17:07 +0100
afd29dbc6099861cf725a6ab00a9da9eb2ec5b93,2022-01-23 18:08:02 +0100
4daa56ef350a1a6e56bcb8f43b745c99f2feab71,2022-01-23 13:46:21 +0100
270dfbcd355ceb98d05acf066a042135a9133525,2022-01-23 13:43:36 +0100
1cd84a9676656c8976512698f9f3da3a70cf3425,2022-01-23 13:37:31 +0100
a75f00a74f07c4ef7491e794640f21abad604c8c,2022-01-23 13:10:46 +0100
67fc9a6501443f6da191484f4b9311da120052b0,2022-01-23 03:12:23 +0100
6a7a61a011e194a98c4f74d4570b564eb631fddc,2022-01-23 01:47:51 +0100
fc9244a93ef0e68cbb1acd6f141a721c07b386ea,2022-01-23 00:39:52 +0100
991ea24eb54ce571edf3beaa807ff8ce407121d2,2022-01-23 00:21:12 +0100
1992d318b06e636c1fd1d17c2d97036df616c80e,2022-01-22 23:27:01 +0100
d1b615242655eef2ac0042f31f03a213df7821c0,2022-01-22 22:34:43 +0100
e52a0cd6e0ac204362d28bf53ad94a52022f6a3a,2022-01-22 17:36:37 +0100
427263da3d8fe7621d148ff2744210e2226b211c,2022-01-22 15:02:26 +0100
57255a187930f9284d7264a19dbc482f0dad4d4e,2022-01-22 14:58:30 +0100
9181cbf6a4c8adbf0c45ab22a4929b4d20cb0ecc,2022-01-22 14:30:45 +0100
aaa23d6444a703a313bcd78700a5bbbbb451355b,2022-01-22 12:53:41 +0100
259115e42028c0ffaa9aa1ba4ee0fa3b7459511f,2022-01-22 02:31:43 +0100
76e915ae9282675d87257c6403566f1dd0483201,2022-01-22 01:34:35 +0100
709b0e5b348998fe5ccfd72387bd322b5e31161c,2022-01-22 00:24:48 +0100
892b911c234e893a2d801e04974d227253d2b6e8,2022-01-22 00:13:50 +0100
e8337ff2af837489eeba313dfb4fee7822d0e18e,2022-01-22 00:06:13 +0100
35b082bac388a3b0d6839ce812dbae4ad14e362f,2022-01-21 20:53:00 +0100
f8a21f02f79d5a204d2d2a5f7a5fd9ddb7f80375,2022-01-21 20:35:37 +0100
211b5a0c368969b94382442c8cf9c1540e331d6a,2022-01-21 20:12:15 +0100
65c7456d23acc3b3c697b7b0a3efe5999f97e61d,2022-01-21 17:57:52 +0100
d57204e15feeaff068c15fbcc7ed977f3b36e6ba,2022-01-21 14:01:23 +0100
51fbaf89200941490645e41dcb0b0a5a4e6d104e,2022-01-21 13:57:46 +0100
3698652f4e1e4f021feddd590a0d7178cfabd0e7,2022-01-20 20:16:34 +0100
433587020cfd575b0773d662452329f40e31271d,2022-01-20 19:36:15 +0100
cf04d721a1ae5537a59767e9172ede8d930336c9,2022-01-20 16:27:24 +0100
09006fdf5d772e80fad92c6d3c235f07300fa081,2022-01-20 16:10:58 +0100
628f43ca3530a53a6b587c0f18757efbf79e3ad4,2022-01-20 15:15:45 +0100
cc0802a6432fac2866a093aa9d528b42c3054dbc,2022-01-20 15:06:30 +0100
b4acc82a05e3dc73982c655500e02229ed074ced,2022-01-20 11:36:55 +0100
59e580794ef17fd2e01c0ce83328434d55153df5,2022-01-20 06:04:27 +0100
613335541f794482a2ebb5d63ff1fbc8f1e0c211,2022-01-20 05:52:28 +0100
6d7f6e07fda5a87bfdb69d327da2ea44b5766de1,2022-01-20 05:18:20 +0100
11c887ee7bf88d608153f1dd3935da81cbc2c0fe,2022-01-19 22:54:24 +0100
c335918172ff9f048f7396f3ddbaad9cf76ab399,2022-01-19 20:31:42 +0100
1bd35d1944e3a233211de5030fe8b10029ca7d39,2022-01-19 14:29:36 +0100
136f8dfd8aff7653a633e7bbc51dc36959c42679,2022-01-19 10:59:06 +0100
505a2631201213e0600b7147fee60429036ece54,2022-01-19 09:37:16 +0100
aef9bf9f1940800fee6ca8d649220f4841416388,2022-01-18 14:15:00 +0100
7b23e39770d417af85739c85a8ac819bd103241c,2022-01-18 14:14:28 +0100
b82ae83d5e492b5764210af0f0a497fec99ff85e,2022-01-18 14:07:34 +0100
649f3e97a58fe8456a70b4dffb3fcbed89b2ea0a,2022-01-18 13:26:53 +0100
5323031973cd3d87da1241b1512b584cb569731d,2022-01-18 13:13:42 +0100
b53bdec933f82219147759379ed106de84add931,2022-01-18 12:56:37 +0100
953bbff897c45eeb4f20c7a6bd44872c834a9234,2022-01-18 10:28:14 +0100
fd427ba9d50c94cfa5bb1206cc3e32e64eb6f182,2022-01-18 10:14:01 +0100
37f71f149064e69597d74c5f9a2c9f46ddded97d,2021-10-31 17:27:01 +0100
5b34b9356aa7d694e51545840db4096b48e370fd,2021-10-30 13:05:26 +0200
b48e02a53acd5e724fd2004169157352d9e5f307,2021-10-21 12:52:18 +0200
bb22c7ec0e5fd06cd811c1d43152bbd33799a376,2021-10-21 12:47:29 +0200
af800f4c9535c530b4ac9c019b27aab5048f881c,2021-10-15 16:03:55 +0200
1a188c92627429b0e4ec625603e45ff5a451cd47,2021-09-29 16:37:45 +0200
319697ecfb5972b8017d18db555202c8e697a576,2021-09-23 14:26:44 +0200
ac2ec6db9516f55520bbc808532b4bae917b994b,2021-09-23 14:03:31 +0200
e3cde9700a13a5079504cb7dc4cbd43de54fe802,2021-09-03 14:22:45 +0200
2ae930362bbdc7ab2d44ff2a5caa2bb473720bd5,2021-09-03 11:56:17 +0200
ef647eb004ba9a6ff6dc07af6609cf90bdf2bb22,2021-08-18 16:17:41 +0200
789487e8a5440cba7070e2c98e3f50ada90c5145,2021-08-17 16:05:01 +0200
95e64c05c7b426c9b9bc3f09995759a0d053be4f,2021-08-17 15:47:23 +0200
f9b05b64df7b54c53dac921ed085032179c047ad,2021-08-13 17:17:02 +0200
400855613017501230fb1b2afce33880af24ff4c,2021-08-09 23:10:27 +0200
3c44f5bade4a46d1c57c9eaa538c8ec90fabfe09,2021-08-09 23:09:32 +0200
4a4742946340c3f907c39935c12b3494c43d059c,2021-08-09 23:06:33 +0200
e868df126cc3d4aa28da26c216e37c7dcb6b8650,2021-08-09 23:06:21 +0200
d48a07d1381ddb828827b50ce7c24c577b53b322,2021-08-09 22:55:06 +0200
d931c8dbdd9bb19b7ea3166c4892c13b583b62b9,2021-07-23 11:42:46 +0200
4789de88ec937c0e0a29a947031e86fe421bc315,2021-07-23 10:39:48 +0200
3162f90da73b58e64bc433301c64a29977279339,2021-07-07 12:49:50 +0200
763e572fc31966ad96fdb8e09182077380c066ba,2021-05-31 17:39:21 +0200
e7696338af2dfa49b84e7669f92a83913f4004a3,2021-05-26 18:05:50 +0200
e3f235dfacb65fa128b1c3cf79e16fa62f8ec4dd,2021-05-26 11:01:05 +0200
b782592aaeef4a3c49631f8fbd28d019c4981798,2021-05-24 13:08:40 +0200
66478c7c2b30f302d4524539da308f5e220b8269,2021-05-23 00:14:25 +0200
74d89b9fc228e04305e7d71943c229baa22f27ec,2021-05-22 20:23:41 +0200
df759c8bb7b775e6ddf64bc0a3dd5f62610a9f4b,2021-05-21 21:17:00 +0200
da082cf5f3cb51fcd0c74c7fb4ad60699e584b23,2021-05-21 12:49:28 +0200
8db71d958f9c1c70a0ae002d294d8e5c4c7bbded,2021-05-21 10:22:52 +0200
9f4a1009492baf1d60cd1744d6e403a62c228f75,2021-05-19 23:49:51 +0200
d2baf68d27c2a1d0c210144a2f5cbc19eef2133a,2021-05-19 23:09:19 +0200
e4d6b4aacd1f48d88954de6ce114b626cdeb8399,2021-05-19 23:08:58 +0200
f761bdfba3f8129ca2b3510e8314981efd64c4d4,2021-05-18 16:45:23 +0200
c71bf9a9745b9ec48dcf02d2a448d31e4ddaac18,2021-05-15 13:20:56 +0200
98ab7bae4117af6d9a86bae9b11adcf5a927b875,2021-05-15 13:15:43 +0200
598dc64d1a476e1a91d40c584a00aa73403923b6,2021-05-12 18:52:48 +0200
ec8ff74048b1cf1b5a05e705649f6a1cb23a9db7,2021-05-07 15:36:43 +0200
4ddb599585ed38e08310d5ac45888c6b98df6e02,2021-05-04 15:49:35 +0200
d187aaf575daf2016cde321ffaef0bc47f0490a1,2021-04-30 16:59:09 +0200
9f677312d68da6953d15a8fcfd1d358877319f72,2021-04-29 13:47:16 +0200
0f542d6820323d42508354bf61fd739939d3c3db,2021-04-29 13:31:10 +0200
ec9994b68b4ccfa44b63ccbf8e646ef71608a4f6,2021-04-29 10:25:23 +0200
b814d53de8bf6fa9ba689e2916581d228403d0e3,2021-04-29 10:23:55 +0200
4ef4e89dcd63c97b2ad16c614c478bc129667df0,2021-04-29 09:01:37 +0200
80785bcd243a0c7aaae76fd865a8ede4ecd481ab,2021-04-28 16:36:03 +0200
409693f021f33540dbfa63ac134d417b9acdbee0,2021-04-28 15:05:44 +0200
9677055aac1356fe3f90b05837dbda298fa198d1,2021-04-28 14:42:12 +0200
db76b5688743eb264fb7d4b395ab2fa5c9b8ac36,2021-04-28 14:32:47 +0200
ab1076ec9bbffe3d1813cd3ce8da47b600e96ff4,2021-04-22 13:50:23 +0200
50ed9c2a4071f9ad601529c56d3f19a79034b505,2021-04-20 11:59:45 +0200
0df95e30f6ac0ecba70734e9deb4bc5a11a57d45,2021-04-19 11:54:01 +0200
3d919df48ba091a7676b85adcef9705f204213ba,2021-04-16 17:37:03 +0200
2b346ee3480357793af28c976a44a10019c44f19,2021-04-13 11:20:36 +0200
ac7a31e16f65d5683ea58a89ddffbf9090e63e95,2021-03-29 16:00:21 +0200
f13449c081d33c7645b76552432cc2a54fc267ff,2021-03-29 10:45:49 +0200
7ec08fb783ee95d21a447d1ab9ea8ec25b7da21a,2021-01-01 12:05:11 +0100
fd63d00293aee2522ba7bff11ba09b19a557ccc7,2020-12-03 17:29:13 +0100
1b7d76833317f41aeab18fd900cba9b6a081655f,2020-12-03 17:23:21 +0100
31b1ca6c7a8372bbf9c9a265fca7d4881cf46420,2020-12-03 17:18:50 +0100
ef77ca02614684714d32871aa427396385296cb6,2020-10-07 14:30:23 +0200
20a3b9de09c2a34ae18837b0d2f40367dbfe9195,2020-10-07 14:11:19 +0200
1a9e035950805acce6fc026fe19220edc520de45,2020-09-24 11:22:05 +0200
fbfa864a3d611280cc4478ef0fbb91d12eeae918,2020-09-24 11:14:49 +0200
1b1466abf494a57ced979ed471e60a02d9ee0a0a,2020-07-01 17:19:47 +0200
cfba8efe40d49fbf280d399c29ba4b80d0cd964c,2020-05-04 14:48:30 +0200
b88d326871012a62abec0fcfa14358946570903a,2020-05-04 14:48:06 +0200
707de6298d6f35c5360c47a958b2d4736df686ee,2020-05-04 14:03:31 +0200
604f0dd64b1f8f4a436550af9aecd7870423e153,2020-04-29 10:31:43 +0200
97d1394b798b9680c04e7ef104c9373d6e7a19a8,2020-04-24 09:43:41 +0200
a71d6c0b35cfd66f2bd6d4f7d71405909aad4867,2020-04-03 11:11:56 +0200
a9609be94a15c646ecb2721689b0e864dc6b45e5,2020-04-01 11:39:19 +0200
dcf799867ad97b6383b14ed1843d79fe22f15062,2020-02-26 11:51:58 +0100
4dde9f178ab937a3188205d8562134f1dba6a618,2020-02-18 13:48:41 +0100
c1ea08b5bcdbf0b8338ac88a1936b7147cc668eb,2020-02-18 13:48:30 +0100
28c4f65475ad807dfc1754d5757c5aabf3944867,2020-02-14 13:56:48 +0100
b8af903e685a171ec6dc1a5747c39fab83573d90,2020-02-13 14:06:48 +0100
c5e0e3e5f7dfa4e702ea2b2755152785d2f81c25,2020-02-06 13:40:30 +0100
7d2a78a26fc42529120721b45a5c8cbb4bd7e292,2020-01-31 17:42:35 +0100
9669bc39e0d071d031d82ef9a1991a51259fbbd6,2020-01-31 17:42:14 +0100
d95b26d3d19d12044c9ebdcdecd3f4ca0aaac4b6,2020-01-31 09:13:34 +0100
5d08f8b4f6d0a96a041b6e2ed1c0ee8f06dd2633,2020-01-28 09:34:25 +0100
af7f2afaff399183e8a195aebe6d1a7054c5c283,2020-01-27 16:34:25 +0100
9cf0fd2e541c7a551825e45e7edc99fa74f04a54,2020-01-14 12:27:28 +0100
7f0cc7d3aac2602d5ae96dcc903ce965c29fa2a7,2020-01-13 22:54:08 +0100
c1116669ff5ba123ebd6b3a6e3768a9c73ddba59,2020-01-13 22:50:27 +0100
866a16069da8cc92e695357931525e8c4f53059b,2020-01-13 16:13:03 +0100
d4b0992404e667d813e0b1c6288a7f4016be5841,2020-01-09 11:56:28 +0100
ef066cddd9c760b42045b8cfa114546c3923c174,2020-01-07 13:16:30 +0100
a52543c4fb75f02a29971b303a26b7512620ffae,2020-01-06 13:01:10 +0100
26d064a4d95768ca36158c5077ddbd96f2a682c3,2019-12-30 14:43:26 +0100
84e9971528bc19e5bdd83cc74bb7e726d21b2abe,2019-12-29 14:45:29 +0100
7726733c2940b76fad2ab920d65da2bde0a4c41b,2019-12-29 13:02:54 +0100
96a590b3a0c1a76155a7a792cf2de521e4db020a,2019-12-24 11:10:48 +0100
ed4d0a6fb6eb68cc4b4b7fd3cb8517bc506b7398,2019-12-19 18:25:17 +0100
8cbc7303f675c22cf399100aeeb3a0e1deb12b39,2019-12-09 14:10:03 +0100
69b809dca04b482d39f89a684f70c1df5f37f489,2019-12-09 14:09:40 +0100
e2ae15cd3b6720df44602fa30b9d95e82bbd02e0,2019-12-09 08:48:17 +0100
981c4e834abecd7509b6127b73368ab38019f64f,2019-12-06 18:04:59 +0100
dd6ee654d9cb6213042b1e3e4116cfede05e2c49,2019-11-30 21:18:05 +0100
e374d651996346dc5e338b0911e8e124b6ec01ff,2019-11-29 18:59:35 +0100
9c1d141f660c04febb3d950bcc0317a9f5435011,2019-11-28 18:39:04 +0100
f6d7b8be5435c70b51fd7feb5f8d171dc6a1a389,2019-11-28 13:46:56 +0100
77a3c91854fb7cd58e2789dfb8fb013e09baf33e,2019-11-27 19:44:13 +0100
841ea68fdd70d062bb9694d88b9242cb8d2e2d16,2019-11-22 13:04:38 +0100
a02d9f20ab94718160d4fa273c973924da3e041e,2019-11-22 11:56:33 +0100
0beefec77d107c041fc006eaa15fe8acf61e016b,2019-11-22 11:49:26 +0100
831e97aef1b6e56e482ac1d72eba9c0450a1c12f,2019-11-20 16:07:05 +0100
f38ae50a73e338be4b1f581ea6299430c1fce179,2019-11-20 15:52:31 +0100
255a099c545d6965a246cc2d07d3e3df52613af4,2019-11-18 16:32:42 +0100
131e60f7d41373e46aa455bcb5c6fcb7ec4513af,2019-11-14 19:02:23 +0100
a8b77256e8a96273e3bfc42a1937318f8d501bf7,2019-11-12 14:28:03 +0100
8e8485222809181ac3f435127fa5f288f2cd6ec0,2019-11-12 13:09:58 +0100
b181399f2816876f17cb24e33482ab2cce1ca85b,2019-11-08 11:15:35 +0100
c681b5b1c85325ea6469a24403da5fd114830429,2019-11-08 10:56:30 +0100
526cb2e7478da6314b6495fbffccf5d235a1a3d6,2019-11-08 09:24:00 +0100
10d96db5861d275fe5c007afa1bc20067b054b1f,2019-11-07 12:29:09 +0100
47b1c5dd7148ca9602d32d62bb7f1864d55c48d3,2019-11-07 12:27:06 +0100
d2b4ec25b7ea42525a8cb7720b768d0484be397e,2019-11-06 16:40:06 +0100
3b90b4c42b3c30e9a90ae9ac3e74be0e68af3a59,2019-11-05 19:52:03 +0100
d13a0cd2e1149a4ec095d53770d439e6f6f5a2a5,2019-11-05 15:15:14 +0100
4753d8ce4c781ceb6fbc2a516c3bbaffeacaae8e,2019-11-04 16:12:44 +0100
22ff2faf4516650eb1239c7e63665dada4aec1a4,2019-10-31 16:36:09 +0100
2477610325277916752c74a6f76c3d09297b8f24,2019-10-31 13:10:18 +0100
3fc969eaad936dd332f20d954d75785d1bcdfd4f,2019-10-30 10:01:10 +0100
8c2d74a81212ad7f1f6e75cdeaa6c34beb7fd9e1,2019-10-29 13:37:04 +0100
76df2c180be5ad56d6dc7e8e508a34282e713789,2019-10-25 16:51:57 +0200
312fca5e8b5cac5985eac08944f7155f0b2bb731,2019-10-23 17:22:09 +0200
4d9df8784d81bdf944b9cd3c87452efb38ed9728,2019-10-23 10:54:10 +0200
69ea1739a4c24785f2334d79a52e58999eda7086,2019-10-23 10:07:39 +0200
b5aa8144f43e99aab2ff9517e2dce3c9bea55d3a,2019-10-19 19:14:28 +0200
c91c45de441bbfe5d54907bb2aafb63b2b41c97a,2019-10-17 12:26:36 +0200
8b0ddc6427aa90ab42cd6bbd6cc8a36365902986,2019-10-17 09:54:15 +0200
c8dbebe64e1fc97f3efb97f4d528e349e40abbc6,2019-10-16 18:33:47 +0200
7aa9325adc96f57f3bebfeafa550cb8e4cb74d0d,2019-10-15 19:03:32 +0200
1092889bed9849d37d4042b91a9bf20a193a7391,2019-10-15 18:53:59 +0200
25ebfd37e929be2dd8223ded2cea0c42f98ee88e,2019-10-14 19:58:09 +0200
bc02a2952162ea57a22dd5a3e1324299a487131a,2019-10-10 19:09:32 +0200
2eb4ad0015cca9b2509a25e72a00d15d1d7b9673,2019-10-10 19:06:37 +0200
f9f095c5b31cfa9c33680de127298f8304327ab8,2019-10-08 08:54:15 +0200
699c56d99a8ed4ec5f62d295487b554a082d967e,2019-10-07 21:46:38 +0200
aee2fc4a33797863624f2a8746e3ff0be6070e4b,2019-10-07 21:17:04 +0200
88f451cea3f8034e6f304adbd7d66efe3035c96a,2019-10-02 19:16:38 +0200
7254b9ba2c03c0c41cbbd0ce071bbfbb778f8dbf,2019-10-02 18:41:29 +0200
d18c35f29fcc38c61a0902ddc590b1b382782d3f,2019-10-01 14:08:48 +0200
3192c1912a7806ac3e2a0227f134bdcb4b242280,2019-09-30 12:01:47 +0200
0d7d07f2ddefda8e712cae20ff5ee073c7bdbed8,2019-09-30 07:50:38 +0200
d2e734060ea69a2ff960787b7b1351babbbd06eb,2019-09-28 21:38:25 +0200
36fa1dc45056129c657d0dab882dc9dfd822dd0a,2019-09-25 12:12:12 +0200
cfdb2faa9e583593e629fd81e96079e7466c3c0e,2019-09-25 09:29:41 +0200
641fa7cb897d1bf10c06d0d94221d6cedb8396c2,2019-09-24 20:39:39 +0200
2beec355ce4923fa19b529b81459a3fc8c66acbe,2019-09-24 19:42:36 +0200
94395e913fe0c6b20cdcf0899dba938a06baec56,2019-09-18 12:14:23 +0200
7fd4e9c692a0ae3d10858f1d5e38a3f790225e0b,2019-09-18 12:00:45 +0200
55b16c652aae2e6bd614dddb1eefadd2b31ccb5e,2019-09-11 16:53:05 +0200
6fc1469cc7445569b01201310b4c226411dba23a,2019-09-10 14:44:38 +0200
5de5bfb2b15822e54342f8b790badf73f866f061,2019-09-10 14:20:16 +0200
a4e65f797f79abe444d4cabf4a63a8b85319d05f,2019-09-03 07:56:34 +0200
f843f2901c26d27d6fb189f25c3e64d5c81acab0,2019-08-29 14:47:01 +0200
2e3664b497ec75e11bb13dfd018e3bde3432821f,2019-08-29 12:28:12 +0200
7e6ee9b15da2614ef458e4afab6dc84380aa6a05,2019-08-06 07:40:15 +0200
a9098b5fac04bea19a1e9decc220074d3d101d77,2019-08-05 07:33:50 +0200
1a5dfd6687d879144b4e59826278b4b5b209c7d3,2019-07-30 11:10:12 +0200
6d256ef910ee73a28c56db8afe627f1a0565f1d0,2019-07-25 14:20:14 +0200
8a853d72b25ce12ee916a5bfbeb5f50f84b760c7,2019-07-24 10:26:45 +0200
90c3686e772e24969dd7ff9e61c2bd55ad322bd2,2019-07-18 15:54:42 +0200
a9f2110e04c636aae90ed2fda64174be3b931b1d,2019-07-18 15:52:44 +0200
fd21c54ec722d51ef626fbb3899999900455e54f,2019-07-17 09:38:39 +0200
312d21e7265bdea111d847de7d56f80f8422518e,2019-07-16 13:29:12 +0200
b786a419568a0fce81fbd476294155f8dff07bb7,2019-07-16 12:37:41 +0200
028ecd48aafcda7cd6c06c96bfbffe948dbeb3a0,2019-07-13 10:50:22 +0200
96bca5ecfb6f460c179d3dae0a4ba251e0a47273,2019-07-11 15:02:01 +0200
1eb6dd16dde3d1bf4abba01c0d0c6ff243d68b70,2019-07-11 14:14:46 +0200
8149085a339634d67dbdea2aea1df7bd63d1c59d,2019-07-10 11:11:02 +0200
abc06236a6480f88579a5f4278f78bde01340b16,2019-07-10 10:44:09 +0200
80e34b5157148d44415dd73cc629c9586855ae48,2019-07-09 18:09:30 +0200
b0fccc474bf5be7da3b1f05349d535817ae65408,2019-07-09 15:13:45 +0200
4dffdf5555cb634e8ae86848c2a878b5554e6989,2019-07-09 14:45:11 +0200
b7986f5b1956f1859f0d466b8d41d710bf6d6245,2019-07-09 12:37:27 +0200
3ef94ce6602afdc82c26ff4d2db507716e51327d,2019-07-09 09:54:08 +0200
c5325ec6b4fe4b36a8c2dbe7a7c578b1ea211556,2019-07-08 19:58:27 +0200
1b337844116b50a976a95cb024fa922aad653fa6,2019-07-08 18:39:53 +0200
4e8f30d93ce31a66819207c16ef802672636877c,2019-07-03 14:14:06 +0200
77c701f6289ed27668df3fdd64b28f6972d8617f,2019-07-03 12:45:55 +0200
d1568c6629a235b29083997c44bcfd1cc04e9d8e,2019-05-14 11:11:25 +0200
933dce5536fe157cd6b5e924a2c623acfb6cb083,2019-01-27 19:18:38 +0100
d468c797ca78bb649c3184df5a4dfaa1bf8b6bf7,2018-11-09 11:28:35 +0100
54a25279a3c1fb175927723e1646ad09df3286c2,2018-10-23 21:12:07 +0200
22587e92ff3c8b79b22df5fa7243ddf2992e4cd9,2018-10-23 21:11:44 +0200
f950481b5e4e65d1b8e6d176577ebd84d18db789,2018-10-23 21:05:24 +0200
ef584ce0a39dd0680224a445410f81cf34fa54b2,2018-10-23 21:02:57 +0200
5074041e2c5c9b325b20cf19ea8ab21d88dc7f38,2018-10-23 20:58:22 +0200
d011d07dc0c25dfa1390d81913ec510a4d73ad42,2018-10-23 19:29:19 +0200
358e220864de2b16fdb412fcdf862ca173c551e6,2018-10-23 19:28:56 +0200
167f46a2451b3f6160a45e047688de369794d2d3,2018-10-23 19:23:27 +0200
8da224272f733e5b097a7a5b1776bceaa78cc6f0,2018-10-23 14:54:00 +0200
0bcc7b1818afc3df95d26f17036d69bfe9d202d9,2018-10-19 14:05:31 +0200
12cdd70d543051d3f43094a446409712aca0f867,2018-10-19 13:39:36 +0200
6ac88b3bcfea352092781477ba0e1ecc465a30d3,2018-10-19 12:51:34 +0200
f33358fe11fd628b9463da17b35cb40b4dfc944f,2018-10-19 12:24:17 +0200
dcffe1319deeaa0f5e6d96dae13e5297f3ec5bd9,2018-10-19 12:13:17 +0200
6f424a0d3e6ae0d54b118492fd7f56a0d2ac7b42,2018-10-19 11:51:37 +0200
8d4db62fc8d46efdc3591a27c0807327f8dfb0e8,2018-10-19 10:41:17 +0200
2172b1ca6e55c38d2f25a7f743ab3169e4618bd3,2018-10-11 12:40:39 +0200
6ead32d88afbca60081c7c168f8bd209a266bc9f,2018-10-11 11:58:34 +0200
7809ca51f5e3bda0926ec6f641615b1395d8ee0b,2018-10-11 09:53:15 +0200
74bc0e11506494de0e6972cbcef4c8ab44eb360a,2018-10-10 15:37:46 +0200
fa3745f0c267dbdd7866883c983d2a21425cea1a,2018-10-09 14:18:37 +0200
d305a447567e11d878b9f3d171cbe8a8ca19f131,2018-10-04 12:10:36 +0200
f9a7d109168f8e796e33a8c5a552c7371ec576bd,2018-10-02 13:55:09 +0200
795b587bdb04e9026dfccb1933c24989dfa57431,2018-10-02 13:52:47 +0200
a48507d0b5af081bc266f11e07b0ef4da1b46b81,2018-10-01 18:07:25 +0200
26be0fd080438176a8d53e7276c296ad639926f9,2018-10-01 11:28:50 +0200
b2de3c7c2b3433804a9826cb1eba2220660b09dd,2018-09-28 14:34:15 +0200
878e45c204adb47d6e8a726854e1c471d2e2f9f7,2018-09-27 12:10:32 +0200
79b5e579079cd1a137bea69301d57294d00d0f59,2018-09-24 14:21:22 +0200
1cf16f6aa6c08a3b0c00f0aec45f21124ce4c07f,2018-09-24 11:38:41 +0200
94ed7e388322c9a1193f7e10b289b96e3d3799aa,2018-09-24 10:43:44 +0200
c27b15b1ddba60fc026e880ed8ca92351bb8673a,2018-09-24 10:30:41 +0200
03910a602fe9f6d3b6622b12f1276993034134eb,2018-09-24 10:11:44 +0200
8b07e507fe71620f49246e1b19dc046db939e13c,2018-09-24 10:06:15 +0200
5e2636e0e3ce4ce355f84ef7872cc7ef60324475,2018-09-21 12:15:14 +0200
b51167731b473ea2d9eac28bdb439de899e214eb,2018-09-21 11:21:12 +0200
da638a89d0846b8e8e6282fe17963380de0ce544,2018-09-20 09:46:41 +0200
ff674481a519bd1c2fc5a38fbf4bd7e0faee0345,2018-09-20 09:21:09 +0200
2ca089a20e7a90bdced26a3cb0b1194c277a99d4,2018-09-20 09:20:38 +0200
fd3e96f9005c9d132c2e74880797d6c5a0a5e886,2018-09-19 14:54:04 +0200
0a03d0f98c4f049a506b7dc1de38ace7c9a42765,2018-09-19 14:51:28 +0200
6288448952c763132d49da60142e2f37a7af09fd,2018-09-19 14:05:59 +0200
9c2c796122762738c33383f1d5a53e814baa4c2f,2018-09-19 14:01:00 +0200
b4d10ea834c2591c2975216e2d48b0f66221685e,2018-09-14 09:53:43 +0200
38d7d5d0a6b37d64267c4d2a5654c3f971c18149,2018-09-14 09:14:14 +0200
e7a8d320f32deae4726de75a3e1fe7b3fb684005,2018-09-13 18:47:11 +0200
06ecc04f1b763769c3cc4404c87b0de705e3470b,2018-09-13 11:57:41 +0200
3a7c6aa29c59358b20eccf26cde1aa8156029275,2018-09-12 10:03:30 +0200
2cf4590aa396e3d602cf46848bc29d38a4115971,2018-09-11 18:01:34 +0200
f6e918ff7353e4d2d52b829a242f1b5912633022,2018-09-03 17:51:05 +0200
4c7e1b69b41e4152b6c77f1bbdcf80feccdc2864,2018-05-23 12:24:09 +0200
f8168374f9d31429042f7fd23dd09f4fcda6693e,2018-03-20 18:33:06 +0100
d2a17f652dfe586a486e4d1d0c17269face73fbb,2018-03-20 18:31:50 +0100
4039c6a2a4c54ae137828e659788ad2ae512d5fa,2018-03-16 11:13:25 +0100
ae7c41f67168f8dbb09c45e3a2944b7d21c6731a,2018-03-16 10:34:31 +0100
8d92f214865e36cd78d4e164da62d3f803f1e20e,2018-03-15 09:15:27 +0100
98ee92047d762071c469b3dce26d87139b9b763b,2018-03-13 12:45:29 +0100
39eee27f8a78526142aeba1032353a44c3d66358,2018-03-12 15:58:44 +0100
7fd982eea5e0e7cfc0289820dc6ae65ba9cc820a,2018-03-10 18:11:05 +0100
805278fa4e05ee3ff010d8d68c1d1c5dde6b40a4,2018-03-10 18:08:03 +0100
1c06bd5c28506ac991abce98d8fb3ea029754abb,2018-03-09 11:34:02 +0100
4becc77164d1195ecb838c9546b22599b10d1bdf,2018-03-05 15:12:42 +0100
24d87e7a764a5691e44b2ac13a531d98ce761c57,2018-03-05 12:56:03 +0100
665861e24ed0f126eeddcb7dd9be4b8ad8d20a13,2018-02-17 16:12:08 +0100
ca565b0360f931ee34335cc2c927f0bb92e345fb,2018-02-17 01:05:07 +0100
8e353138767709afe8bae94ce9f5df4d8c0855b1,2018-02-11 11:33:13 +0100
2cf90b42be759f9429168007801032fa2c9777f2,2018-02-08 20:57:58 +0100
ccbf407ac2c1aead8937de201646693f110d2a79,2018-02-04 20:21:04 +0100
80f8b575457f4b8cd0377e68c3f16170b9acfb37,2018-02-04 19:40:07 +0100
caaec0de9a3bedcb41b32713884b07ba88fa10bd,2018-01-16 10:13:21 +0100
8dbffdbc57228fc45bf86a64a6c8c11bbc400bb1,2018-01-16 09:34:29 +0100
4f02a5d9909615760f1b01efa5521326d0193181,2018-01-15 09:08:39 +0100
704cdc40ac9c88794efdaa013c3aa0aa037832ff,2018-01-10 18:12:11 +0100
f9c4edddcf8dafbc2db8edd8d5c540ba3a8579a3,2018-01-10 17:39:29 +0100
0beb75c72d2155e01f61d486b23fa2a457815a52,2018-01-10 17:17:31 +0100
35a2ccd3fdb0938f1d742658ce3afc9b3c6d2dac,2018-01-09 22:28:08 +0100
f1b750adc303e37e95f564a525b01b4570ae3061,2018-01-09 18:29:41 +0100
855fefda25523d264ac2cdcafe94e386a31f4c23,2018-01-07 22:02:15 +0100
417ceb5cb00b76bb5fb0f0fc1f4d3830185893c2,2018-01-07 20:09:00 +0100
48be208a9d7dc23529eb19373342e3761234b58d,2018-01-07 19:00:23 +0100
686ef2199d767237df8e0917b99722095345c314,2018-01-07 12:39:34 +0100
0a8ae70fcb0fa399c72e067abfe6530a08fbadcf,2018-01-07 12:28:42 +0100
65f5aa094e410ccd8ec699785b40960130a5a4d7,2017-10-23 11:25:43 +0200
13c6dad6b74546525013e498a70962232e5f6dd8,2017-10-13 12:29:04 +0200
7f35a3514b5505257413a755a6ec2c74aa3bc77d,2017-10-13 10:32:50 +0200
f94e46389bb59388f411b9424d30d3aecba21675,2017-10-09 10:59:48 +0200
76e28f968dc460dd43b98c3ff38cfb6a27beb229,2017-10-09 10:36:45 +0200
ee8a32069647273c10abbf6112caf7a1b1a4942f,2017-07-28 14:49:57 +0200
f56a2dc5c2d2e3c6ef33491600a21f91ba06e654,2017-07-25 12:15:19 +0200
a5cb2785ec2a9976db215e599d1cc326b602210d,2017-07-17 11:51:44 +0200
b5e25f76df72ffdfe8c9fc9920d2cdb033439637,2017-07-03 14:34:00 +0200
6e30d877372d4f7b37865b3ff6ada8ac90270b20,2017-06-30 17:17:59 +0200
6f3cd47510893155bf810ef3eb40cb4ed32eeadb,2017-06-30 14:45:23 +0200
31cd18d44549689d9204b9a21b9b425efaafa74e,2017-06-30 14:12:04 +0200
0c4337e2a2dab8e6d9c04422fb5c062f044529b5,2017-06-30 09:28:00 +0200
6283adbbb9599434dba958b852f4beed5a60e978,2017-06-30 09:26:55 +0200
7b7dce0c3d1c2fbe8a7a31189982ebb3b3a88e90,2017-06-22 15:33:39 +0200
94c40819b346137fc61c2e9a4e3f3b383d411571,2017-06-16 17:01:00 +0200
c37be6cd32a1a7c7583690dacdd2c2db178708aa,2017-06-16 10:47:07 +0200
0e3ca59c2947d230a89b03b7dbbada8b760b4b33,2017-06-16 10:46:30 +0200
ca0192e898c7ba854c8553cbf6b99a3bfe256270,2017-06-11 13:35:32 +0200
6bcd642fbe362b939fd67db109a4cb27ca331a93,2017-06-09 16:17:47 +0200
98059be83b998d5ec482e04a65600cb24ccdefbd,2017-06-06 16:52:52 +0200
1458724fa7d3d63e05cc9fb192ec3dfe278454d5,2017-01-09 11:47:09 +0100
cb896c22a02274a3527ac4784333c42b7245d689,2017-01-09 11:46:49 +0100
5b11a1c269d66e2fadaac24de75a651f8db3f623,2017-01-09 11:42:07 +0100
1181d48b5b5cceb36a3fd965854265a61a42c097,2017-01-05 13:37:04 +0100
a7e5ff803ea677a3b28ccc9c32e8d966980eee57,2017-01-05 12:42:10 +0100
f446fc17e85879599babe45e9f6b69440168d279,2017-01-05 12:41:51 +0100
cfacfcdfadd8cdcde7bff339a60fb731d591ed6b,2017-01-05 12:33:43 +0100
1300f5c0eee4b08f058689abd127b89cb69ec9ef,2017-01-05 11:53:53 +0100
ab130552bea3b8f666cc25cd4c71b70d6f0d7327,2017-01-03 15:22:19 +0100
b0eb672d542629aec03e7444607f0b6ecba41a0a,2016-12-12 14:42:06 +0100
0d65af5a34dd39ecbe7aac839348ddeed5b883d1,2016-12-02 12:37:10 +0100
1ff38e379c12f7fc103439eb76dc5c3d2bb683e7,2016-12-02 11:20:16 +0100
9a45804cefb27c7628451532c1514d51d622da2f,2016-12-01 13:58:11 +0100
6e14aae470353760099bec6c9e6ce6fc9ba4a52c,2016-11-30 09:24:50 +0100
05ff572e450192f26cc1290b538b1ccd237de560,2016-11-17 15:35:33 +0100
4dd9b0fa31f5f108d8a36d268d01085ee9ad3ff8,2016-11-13 21:13:13 +0100
b39c6564def00fe527dfce4dfb4510b0f7928bd2,2016-11-13 21:11:02 +0100
d54dcaf79ab3540c88315bc089628c41ae5dcad1,2016-11-09 11:08:31 +0100
2ab03fe54973b8318d040a326b374250296b6f6c,2016-11-09 11:07:51 +0100
54edaff48b6c83a837dcc26d6827df76a5d9d98a,2016-11-09 09:21:59 +0100
f6c979e654e4dff051ed3e4c0dfd3fb3093cd5ad,2016-11-02 10:56:00 +0100
cc86a1fd7d80ffd5a81910e68a5fd07901a4786d,2016-10-31 09:21:30 +0100
f95150273651ca8ae74c0f1f04b121ee3f2f3538,2016-10-31 08:17:57 +0100
325e4223c0539e5e607109a078ef9004522a031d,2016-10-29 13:27:12 +0200
386368c916d6258ccb94b8e7e3ab0df51deec5d1,2016-08-19 09:13:17 +0200
e769f0f8600f815b6d3848ab06dfc103fa4bd15d,2016-08-01 08:23:13 +0200
9543cebfa0fa0cc9272dba0fa36ed41c3c95eced,2016-07-22 11:02:57 +0200
94d5807b9b4953d388a7cfb5618f400e577bcd9e,2016-07-21 11:00:58 +0200
335bfcc1fa4770c1427667011fc0f72a43f9e39d,2016-07-21 10:47:10 +0200
a0c6a6f456d548e203cb572e0f189111ecbf460f,2016-06-13 11:04:22 +0200
f0a4408bc78428fa85a468347111d7b54c62ab0e,2016-06-13 10:43:36 +0200
c5e6a060e4e8cca8a7612dbf7116f88ed3a9d20a,2016-05-25 23:48:35 +0200
7019c8edf12ad32d6716053b513f2628c9760b59,2016-05-10 13:12:44 +0200
e90ecf1fa4f66ee30a47f3232016480c93837770,2016-05-10 13:07:00 +0200
3566a97861768d6921755f089af7ad1a350dcdf9,2016-05-09 21:37:27 +0200
a812088bc78f7d98d19842d6abe0f4a7727deb83,2016-04-07 13:28:35 +0200
f5717af33b75e071da86ddd7a3e5557258672011,2016-04-03 16:45:46 +0200
1e83799fa0d0623e81eb52a005d1b11f0ae3625d,2016-03-25 19:39:33 +0100
af4a98c7f31bd2a4e2f35b2128e5313f76a29888,2016-03-23 08:20:50 +0100
527dac43cd92b767fc8bf164e7b63c9e9d846611,2016-03-22 19:17:38 +0100
6580f386e640c8d86a4d427ca6ac8aea1eef3634,2016-03-21 14:07:48 +0100
911dc38c195dc6c7b27c5a46f1b2b21e09e88a4f,2016-03-17 13:52:42 +0100
b487e638395d4670473e0cf0a114287a5ac7c486,2016-03-16 10:45:14 +0100
407f45d2026ca8683d459f1a91fcd21956bf04a1,2016-03-16 09:07:52 +0100
d3dd3fa184b834913f2ae6146be14e2748c39a7d,2016-03-12 19:00:36 +0100
59db7a5b08abfc1494149cd30d0e8dc14b4ce16f,2016-03-07 18:54:12 +0100
ffe2eb52acb952fb478cb5d39e2de2cc2357cf4d,2016-03-05 18:31:43 +0100
c2ec6bf429c55c1ec3c7195c25cac293f3379f20,2016-03-03 18:27:21 +0100
b98c979d1624f22257baedb7bbbc4bbb648d5951,2016-03-03 13:53:24 +0100
f679b306b26cfc71c1c1af0f6322f879776f870b,2016-03-01 15:35:42 +0100
fc75a0a31d17ecea0e1ebc0ab231a3f7aee3ad75,2016-02-26 12:22:22 +0100
5b88de4cc8d66f3ddb36146a11befc3dd49d75c3,2016-02-25 15:00:15 +0100
95a93b71ccbdba5021d9121ab6ba4e5d434355cc,2016-02-25 12:52:05 +0100
914c7698541070fe8295f652d5a69e28e24e1829,2016-02-25 12:49:45 +0100
7ae3c679cf0fc6f38dd68d30bdcb9b068e931209,2016-02-24 18:20:52 +0100
a09f6084a7716dbf21c6000bd9127583676f9ffd,2016-02-24 18:20:07 +0100
9fd060de868512322fc11f01c3a59068f3a932e6,2016-02-24 14:40:17 +0100
d511fc0c2043be637f4e9d660a30e5c89297ca69,2016-02-24 12:51:26 +0100
ab2aadc6985342c4a78cee42edfd6d14f4546355,2016-02-21 16:46:08 +0100
7be35dd50820af271db9b0ee5f10832345e9fccc,2016-02-20 17:45:09 +0100
4182161bb761668ccb1f9e83e24848720040ffa8,2016-02-20 13:20:06 +0100
5e314f54c77e46af4fa77902ee8f7ede31a8b1e6,2016-02-17 20:17:49 +0100
d1e69e2819a52c4180a3921af15c9e7024cbbac2,2016-02-16 18:20:05 +0100
0fba96742533224a72b13c6629443ea19798cedb,2016-02-15 12:16:30 +0100
54ee4d6dc9e5c8f758ae3ba3fa29a5629f46e5a3,2016-02-15 12:12:33 +0100
343ea12dd43738cd90666bcde744e427c2fe0aba,2016-02-15 12:04:09 +0100
04d02f75644c5cfccc72d512a41874f0900a29ca,2016-02-11 17:22:47 +0100
f57f8a57f6d3f99f455576e514ea7eac7d044f33,2016-02-11 17:21:07 +0100
873f699f89c6bd1aa9c85dc3bdd769f7b8a1dc7e,2016-02-11 17:13:44 +0100
269ce4f44a54dedf603d20565758546ae73ed90b,2016-02-01 15:12:25 +0100
9176b225f4c3816486b05146a22167e0a0d5b851,2016-02-01 14:18:21 +0100
1f1259b6165a519a0bedd1c1f81361f66966eac0,2016-01-28 17:57:16 +0100
bcff43b89e7d52d039b46c10365d69bc1cc391ea,2016-01-28 17:56:29 +0100
b2dff062ffe0beff4689c03710518365339b1a60,2016-01-28 14:28:37 +0100
1a095b4b44ea1a0f28427823c402a90bdaf5bebd,2016-01-28 14:28:13 +0100
eef9350d5851ab8116acd8429be832932e01a79c,2016-01-28 11:37:35 +0100
e846070effcb179dbb97f4c658fc10368dc4e68b,2015-11-08 16:22:05 +0100
7ac3454c455da17b01b562946d5986c2ffeb222f,2015-10-25 09:43:59 +0100
11ff2d595cf47842bcd078b7ba0e3219243a99e3,2015-10-25 09:12:28 +0100
c6f638498374cd86a6772e502cceb06f67c7e66e,2015-10-23 10:09:04 +0200
2945b5df2997867848211923148a305c5b6fbe4c,2015-10-22 08:50:01 +0200
d4079f5750a0bfc4b8f930b6a6ce186b07c6b63a,2015-10-22 08:39:25 +0200
0bcef5a81ebaa6a851dd1b5120d4cf2805a1e516,2015-10-13 12:05:40 +0200
69a7fc3bc189078cd4708a775d2505c4a6e54381,2015-10-13 10:24:57 +0200
06bd6f188445ab6102660c215797b02378797dba,2015-10-12 21:55:52 +0200
b1b1446dc96c4585ccde83b7fdab3be6f239a78b,2015-09-30 09:38:22 +0200
824151cffa0ebe37f8a22260915572586d6f4026,2015-09-30 09:37:15 +0200
26850838a60171a0d08ea13a91811923dd65b85d,2015-09-25 12:51:50 +0200
20ecbae8b347846cc9ba6c26324ecfac339af35c,2015-09-25 12:25:31 +0200
cedc9788e441be593c6fe4a6d6f06194ab72f1a9,2015-09-24 09:59:38 +0200
c6b771489fbf452c57d0955805ea9b70f1ff5c7c,2015-09-24 09:58:34 +0200
fd1adb557aec8b129ad59cba1aa347a189a41482,2015-09-11 15:51:32 +0200
1336b10685ed8390f4c0f6889b4c8c282e6f217c,2015-09-11 15:42:39 +0200
0e733cc45f081b33f6cc9e45fa9a91c9c817cdfd,2015-09-11 14:23:41 +0200
04e8aa377158922428e579d2dcd964179c622274,2015-08-19 10:49:18 +0200
9d64499ffef191bb1c49cdfd9773c5be7e57837b,2015-08-11 12:08:56 +0200
83c8fb2f7ed658aa788ccb49b3d3d4484c107a99,2015-08-11 12:08:12 +0200
312f74a52775f665be13d19f46f65b0f2f4bfcfb,2015-08-11 12:01:30 +0200
a9abee4ec8f7ca512c729c19c3a90919252af974,2015-08-11 12:00:22 +0200
e1b853a9786fae4bfb561fa9ff10fdb16ba0be55,2015-08-11 11:48:17 +0200
f0a1f3b5f567bb1a0261ca34a6591e0faa2441a2,2015-08-11 11:45:36 +0200
29ee4f13ef7451465e2e86a9777eaa8b671e0d59,2015-08-07 10:53:07 +0200
66e0feb89013eb01a1e87b8f7e1378ee59772225,2015-08-07 10:52:35 +0200
4be8756f7076b790799e8a822daa9b9c8eadd536,2015-08-07 10:51:33 +0200
71c48618caf4adcba38456b4ef435f3ea4ccd944,2015-08-07 00:17:55 +0200
7db8f03e3b2bf5931064ede578f5bda8c0aab9dd,2015-08-06 16:31:03 +0200
badc69e67bd9639eee250182e273064b1132db92,2015-08-06 16:27:48 +0200
012a316f3fdcf04054be046c0f25c25ef2dc73cb,2015-08-06 16:15:26 +0200
83302f0838c04027f034ca99d960d156a1cb16d0,2015-08-06 13:26:12 +0200
46d3e32e2d14d706192588773dc1a388d7e13e83,2015-08-05 13:37:28 +0200
ba1d8264ceb0bd5d8c7c069f8330302c8d1f390f,2015-08-05 12:44:03 +0200
fd54d22df84c208fe680bf0493a4807691043e17,2015-07-29 09:29:18 +0200
73f8c008efb046d8307634e9b0350715981d8bb1,2015-07-27 14:32:29 +0200
64e6d238df328261fb022a1902f2088fa182523e,2015-07-27 14:30:00 +0200
eb3c91179eb21a33f3c4a0b52f2d3b10cfdaff56,2015-05-13 15:33:15 +0200
80bf0b5503e41d32df9a9be13751bbe919010031,2015-05-13 15:30:51 +0200
30a6b7535fabd3e1e32e1903202f86787e86d57c,2015-05-12 10:49:35 +0200
016d85feb0d14a15aab2f88c0d0a7c7bceee6b79,2015-04-30 21:28:22 +0200
8911cc5deaafee958a881e29c2d651d263f31694,2015-04-30 18:07:15 +0200
9fb58953f2bd942c27f6cdd3c6e13cc3290317e6,2015-04-21 13:06:32 +0200
7261b42dcdefd7c4909c18e8591416b6b8ce6ab8,2015-04-17 00:16:35 +0200
29608684f127a6f2f146ba9bb2a97eaeb40457fe,2015-03-20 08:38:01 +0000
625bf72004701bf850db984e71e77bd635be47c9,2014-11-19 12:37:23 +0000
b820d95af3d9c96ff919792d2c57e4eec4cb4a75,2014-10-27 10:39:26 +0000
e01603a098e62f15a5939ca27e96d345fec1eb9f,2014-10-15 10:04:36 +0000
b3111aba8e006e273c9e3f1ca0f8a55a1a9e55a6,2014-10-01 11:25:55 +0000
0ddf19c0c1b1b7199f2b679f483c82dc922b8efe,2014-10-01 10:37:13 +0000
93e721066319cfa93e91afb7794d6541ba2ce11e,2014-09-19 09:22:46 +0000
5916f06ca3da146104068587835fcb069bc82ffe,2014-09-19 09:22:38 +0000
2b20ec9012d2d66b3bdca44cb61478c464b3a69d,2014-09-19 09:19:34 +0000
9a80bc70226e61cdc36f005aac1e621ba747e710,2014-08-29 08:09:53 +0000
f7f537b2122b7f455b1e3b4f0d11cefacbc2e534,2014-08-28 09:28:18 +0000
3a817e4255ff6984f1ed818678a25fa195710380,2014-08-28 09:10:14 +0000
ab7078025cfc23b8d60e7e8f73f1cdf0de1ca70c,2014-07-30 12:20:27 +0000
c7f0476e4e8ab608069f0f3ec5959e4ee5a04ba6,2014-07-30 12:19:05 +0000
17a9b9531e322b87d44a1a8aacb82473cdf816c3,2014-07-30 11:23:59 +0000
14302302556642a26702ef7c53a1029cdcf953db,2014-07-29 09:31:52 +0000
f04b68f7a1eafd2f6c8564e3a00e3a09f1a518f9,2014-07-29 08:33:23 +0000
b15791604668d8b82fbd28a8eaaa937ec81962cc,2014-07-09 11:20:48 +0000
ae974409fbfcfbaa0341a679c80fe33dcadfd63a,2014-07-04 14:27:47 +0000
c64e657553faac80a2d9af4f86ef5bcc1c600d51,2014-07-04 07:07:23 +0000
2bf6f88e9a36343ef04e9fb0a8977e002396dcaa,2014-07-04 06:55:19 +0000
154781878085eb969b6254e41447d0b0bd7e2f4a,2014-03-16 14:47:32 +0000
94b6c23bfb0265b5510000eefd27d0040d04a505,2014-01-30 18:27:08 +0000
9eb8d17e6cc9f583595fd3a079ab71c5ceb98e6c,2013-11-26 15:23:39 +0000
20fa4783beb5a9ae4d3f97b91df7d8a63e43686c,2013-10-19 17:45:00 +0000
145c2b820ebac97438017daa9faf832e702e6d9f,2013-10-16 15:21:46 +0000
15ca67a9a4e1a13c0ed8ddb047f2f8812adf1525,2013-10-08 09:18:47 +0000
1147ee983130ddc2de80659d7f8f1482879572da,2013-10-03 18:00:16 +0000
235c93d94d8527df58eb03d44cbf24cda335e8e3,2013-10-03 17:57:29 +0000
aafa72eba20a7e81dbcef418ffc44e03e7ed8501,2013-09-27 09:21:35 +0000
ca3be4b9bb03ed427812484aadcc5946c28c34a6,2013-09-23 08:17:35 +0000
b562af628d2abbcb59bfdd8868f2939a4117cb9d,2013-09-23 07:22:01 +0000
3496564983e5700e4d4c1742adce225c3f01e2fe,2013-09-13 14:00:48 +0000
ab00fa431bb5f7ad6547c5a320dd016314ce9ae2,2013-09-13 13:55:23 +0000
cfcd1bda30ff1de9c59123e4e454c3ccf1d9cc2f,2013-09-13 10:37:24 +0000
28b27a03d8061877bde866eab438c6481a331f73,2013-09-07 12:06:20 +0000
7457dbe0f6af2a6761616f039e1ff61729f2d661,2013-09-05 09:58:20 +0000
7bb9f422f8658cd10aa4735541ccfdcfd117c9e1,2013-09-03 16:08:40 +0000
c5369a9b317b57a1174ca61a25caadb5eada894f,2013-08-29 09:18:11 +0000
fa7350c2f89989450a3f21a9a9c4dbb4d8c1f031,2013-08-29 09:06:59 +0000
9ef8f13ef0542e76ce8eb523e023efcd061b2d1b,2013-08-23 15:33:28 +0000
899683a7e99b1b9c83829ce2c5e6735066157480,2013-08-23 15:31:05 +0000
55f52aa666d281646a67f9199c05bb21242b3d0a,2013-08-23 09:11:05 +0000
cd0c7847e6aaaad86a2d92ff1a56b997cc392b95,2013-08-23 08:49:17 +0000
14036759a0b554d238972b114470a6e27ca06478,2013-07-30 11:05:30 +0000
a9407eebb9de6a5743fbc7c8cc288c1ea0c4d30d,2013-07-29 10:05:41 +0000
1100050d606f26f06ee6d84029060550006b1871,2013-07-29 09:58:50 +0000
8d25aaec276da1b3261908129c2718c08a6632de,2013-07-11 10:21:38 +0000
c284a09f06ea964706cbb5a539d8e515fd9558af,2013-06-21 11:26:48 +0000
c74fdb39b3d67c0a5f16b2d8e78d19cefe39bca4,2013-05-22 16:14:14 +0000
90cfbfaab7f59c8cacaa38208a2679c467b98251,2013-05-22 14:41:08 +0000
be7a74d8d68f4613b866339f86b002baa4858982,2013-05-10 14:54:59 +0000
05f31f60c4a536346638e5006be5234a0893672d,2013-05-07 08:09:43 +0000
8021ba7f36996e86aedb67d5f55bdd209117f342,2013-04-05 08:24:19 +0000
4daf9e42da4a946ac2e24cc7f9a45b7c98bbf5b8,2013-04-03 11:35:25 +0000
fdf63aad34b2a1975edfc6d578997ee8bed49a1d,2013-03-21 08:22:26 +0000
a33f8d56034f8d949e6eb170f60ea996fe38e6cf,2013-03-20 18:06:15 +0000
ef348b09bdf70ee7c8c1ceeadc48f59a73af27de,2013-03-20 18:03:30 +0000
e3aa1c1d4ffce81c9b1e38c8d82b00cceef1da50,2013-03-20 17:36:23 +0000
2f03c57c498b8d37d24b4af7e106aec1e15a079e,2013-03-18 15:04:04 +0000
d79f9511481f82166a6f7d52dee56db46352df61,2013-03-18 13:28:50 +0000
8b275107af37f9ec08a7bd51865b0c99d17c4cd8,2013-03-18 13:26:55 +0000
c9510a9f8d12c11a0ec32ec92122cae21fce7d38,2013-03-04 16:40:35 +0000
5471fd80e8258cdd64d8cc354d41e98d036a7dbe,2013-02-22 09:04:52 +0000
23b490c1c25088977925a592736e843d366b1398,2013-02-22 09:02:00 +0000
317cfd427ca2712878ef973186ad991ce94892c0,2013-02-05 07:59:55 +0000
e0d5a33d173efd54c7ccf82a32bdc1363d97b8ff,2013-02-04 13:48:06 +0000
05f98aadf4d0c07ca536221c9923ec3550faad87,2012-12-04 13:59:41 +0000
d1ac7a7e42b44388be60712d1d6be01b621e5f5f,2012-12-03 10:15:09 +0000
1225b9d65c20dd31cb915fd5c2454990c6996a50,2012-11-27 12:09:53 +0000
6421f9013dbe422fb261535c16c90d5d93de4e00,2012-10-25 08:04:11 +0000
34add00e0f5eb7c968917102c5a1629cdc32bfae,2012-10-25 08:04:00 +0000
4c666ace5e7db1bbfdf76abebd4734770a240d12,2012-10-25 07:49:09 +0000
0868f646f7c0bc004867da6d2133aa483f8ec1a4,2012-10-25 07:45:46 +0000
a9367be86e329892b953bf8a4614d8bb663f8345,2012-10-23 10:04:30 +0000
c5fdbefa662217dd28ca681d5c1ee00d0dedbe03,2012-10-23 10:04:17 +0000
468e96985ef4185846712b4e8e0b699db55fa872,2012-10-19 13:38:03 +0000
b8cff48d409cdd2a6185fb4e3a5d36b504660a61,2012-10-10 13:55:47 +0000
640bf2260211b7efd8e66ad4c14290231dee5fc2,2012-10-04 15:29:17 +0000
adce9f9fe3ed9dbba4b4877dd9e644bc570642ab,2012-10-04 07:41:08 +0000
eae1d991266273f1d50869123f879079d359d526,2012-09-19 10:54:57 +0000
b4bcc333f49bc606179ffdc879c5fd1e333208fd,2012-09-18 19:13:12 +0000
ba2531ec862ccf2c831162a3891fbecd0e5521c6,2012-09-18 17:01:30 +0000
0ea56309c5d64b103c9aa4c58ba165a5813c4ed0,2012-09-18 13:42:12 +0000
3bcd4d614a9cebb3b36a2c0ea2b1f25f736270be,2012-09-18 12:29:55 +0000
5f13e4ee8f8d3c6bca93ab61f414ccb58d102210,2012-09-18 08:09:06 +0000
53fac054c488c1b925a8d55ff52b0a6ef10d9884,2012-09-17 22:29:29 +0000
c8a95c9ea284f45b8469f5befff95435b5787d8d,2012-09-17 21:01:06 +0000
76bec8ec27bdd7a12bf4fb23b2005fd4e4a32cc4,2012-09-17 15:32:23 +0000
92b2f78383a24fb41c91eeb0aeb97a20d054b252,2012-09-17 14:41:44 +0000
b0d5dac0107f2ce7594292457854c11ecf44b262,2012-09-17 13:11:42 +0000
dcef14e6d50aeb3bd1fed7bde9a12b07a747b501,2012-09-17 10:59:38 +0000
177b2f2ebd33f507f33de100083036705cf312c9,2012-09-17 10:12:39 +0000
28d986731d2cbd2508de1f8f15a5b5b55d4c1d43,2012-09-16 16:00:28 +0000
8e032b84a12558c2c418e607edf1c32a61c66910,2012-09-16 13:28:46 +0000
480c36db49b562d27e3f6ea942d6f97f5a46f9a7,2012-09-14 15:31:39 +0000
2e28e11736a4ed1bfd820d0ac64da4558dd6ac7b,2012-09-11 08:53:22 +0000
408b30ac1da9f1a16a19010cfe4091bcc636a01a,2012-09-10 20:21:10 +0000
9f6855787f34c0a503bba1fdd2264ec115727a76,2012-09-10 15:48:28 +0000
5d627b5cb32d76c42fdedb184986166f071dc0f0,2012-09-10 12:16:02 +0000
f06fb0ffe26ce9d0a6a8d4621bd08bec6ffe1db9,2012-09-09 13:37:38 +0000
c7365bc3fcf804f14ff1c985891a794f8c68c22b,2012-09-08 13:05:45 +0000
876f15f987dd66c404c3ab411019e9195e406b08,2012-09-07 22:01:47 +0000
2c5915d814ad1bca8622a36982fcd20cf5454657,2012-09-07 15:13:12 +0000
2c7b289862504b7a29f024d559c5b9c988a1f086,2012-09-07 12:06:18 +0000
806cc21a6835f6308de937ceb1a28136abd28f5a,2012-09-05 10:15:28 +0000
4c01fa56389f7c01f94ccf3415347a5835eebfdd,2012-09-04 21:04:33 +0000
02330e137ed33580afe5f174c59aa4cf15637ecb,2012-09-03 17:02:32 +0000
6300e0a427330f08c9fba80d52c603244979dcbe,2012-09-03 07:44:14 +0000
8f34e73e1813085c986969223bbb76961d9de622,2012-09-03 07:43:40 +0000
5031ae6cccf5cc85a0cdecdd2a660aaf4a7b7b82,2012-09-02 15:09:44 +0000
9288fe807db05f231a82691d535137b0fad5f390,2012-09-02 09:03:46 +0000
40b95a0ae9997fe77dfa5f03673697ff559fa5a6,2012-09-02 08:53:27 +0000
a23f57199211a0b98f5fa4533e7c4f14143a4eba,2012-09-01 23:10:55 +0000
8b72427cadc23a47605e6e68c139ee8dc95cd656,2012-09-01 22:29:18 +0000
efecaaea148d32cbf7fe2d766fc73f6e320263c4,2012-08-31 11:42:30 +0000
8aae87061b9e5895cf00127e332d1a08ca737040,2012-08-31 10:33:23 +0000
c0cee1f19c4f66297c5b159de18928875fa22c3f,2012-08-31 10:10:45 +0000
134d1a024d76d80b251532c53ae991a3732ef538,2012-08-31 09:36:41 +0000
d569d7aeca7a70f57dd10b9bb36cb55657c7cd8d,2012-08-31 09:30:53 +0000
6d692c31181bcf5571592dc950ed1d3347ca60c6,2012-08-31 09:28:27 +0000
8d965ec44f06da5fd33835e969633ee8890b0328,2012-08-30 15:09:28 +0000
7578b4f5a5b648ddb9f5c344618e60b41ae3b324,2012-08-30 11:56:00 +0000
54631668978e22137e5c6063b6e8be2af162bf86,2012-08-30 11:11:48 +0000
8dec354658fba967b3de16817bc344781dfdaa7f,2012-08-29 21:37:01 +0000
de308e035b37a5d79a9a65642874f100b83cc25f,2012-08-29 18:36:10 +0000
056b69f39b4d9783cd2797c38ddf2f8388d2e8a8,2012-08-29 17:08:38 +0000
7df4bde1db8dcf141cde7c2dbece0eac9ff18c78,2012-08-29 17:07:29 +0000
197d20297c02339051abd61b7053b28acfa06dd8,2012-08-29 12:49:46 +0000
2ba445f7480276bdacc0d05d6d8ae5b8c9321075,2012-08-29 06:40:40 +0000
7336e25b9fa5861715295de75c874dfde99dab3e,2012-08-28 17:02:34 +0000
47e8f136d0891d7253a28d7f399e042e8c37c4a8,2012-08-28 16:23:55 +0000
a25deff080574bb14412bc37591f975f77c0d8e6,2012-08-28 10:16:08 +0000
2d3b26dd5225b6d923b3fa74f364177dbda3d9df,2012-08-22 12:17:16 +0000
2cd496f9db1dec7419cd4f337996cf3c89fa2803,2012-08-22 11:18:31 +0000
379cfb87a69db2f2bda3614be8dbd289704865e7,2012-08-21 22:33:06 +0000
9efd37d01fc59062eeb8a7e82056a826e48b3273,2012-08-21 19:49:19 +0000
3b69f598c99080e5f7d4117291fe079eb239f1ac,2012-08-21 16:48:59 +0000
7081115966a18cf9846a77bb7e5bf37ec8ed75f9,2012-08-21 16:47:49 +0000
f754a8dba2d49529f7721680bdc8a23a8e36320d,2012-08-21 09:53:46 +0000
f3cd551c50c13bbe6643bbce3631551571a6aab7,2012-08-21 09:48:18 +0000
2990c75d1648d764036b153905538e2b94779135,2012-08-21 09:14:37 +0000
5e27f49780dd9aaff502756bfd8c018e28be43b9,2012-08-17 13:02:57 +0000
e413f0d9c48af477b84f48a34960732e261fee92,2012-08-16 14:21:34 +0000
79882ea1d1e234e6abbab6317854862729aff54f,2012-08-16 12:43:56 +0000
c587a22be8e3d4abb952b4777e1fcdf3d3ab00db,2012-08-16 12:31:16 +0000
0822101532d211b2035340def71626f38971066e,2012-08-14 14:11:18 +0000
97452b82bceb213afc40626fb5e799041a6e8307,2012-08-09 17:32:05 +0000
937ddb6f57ade94f18e2c293a1ce7d54861bc3d4,2012-08-09 08:20:12 +0000
d5c2b9f4d790ffe40b30a5beb0683de940fa9b91,2012-08-08 09:17:35 +0000
63d445c5f5c7176977309cd8d1be26a2dd7573f4,2012-08-08 08:47:14 +0000
d7846556d7463f9cfe3950e4e6b11e0cbd5c3e10,2012-07-31 13:11:58 +0000
4fc6a2d5b372ea7360c9c5a4721430009c96595e,2012-07-31 11:23:15 +0000
4c8c5d16d1b365b361aef44dcbf0a9c31cde3328,2012-07-31 11:22:55 +0000
ff646df7535f32c64be6a922e1f1fdefa7d6f387,2012-07-31 11:14:25 +0000
2d19d18d3cf2e52ce9fd17549773954330ba260a,2012-07-31 11:08:33 +0000
e132130aef94130bf2065f4f4ff372a6243a1025,2012-07-31 10:20:35 +0000
19017506620d156a3a97ff1bcf7227b72dc5845e,2012-07-31 10:20:15 +0000
9b2d50cf89c35e774b4bbe1a76c0d237ffb1ab02,2012-07-31 09:53:45 +0000
b9aab24a723f4461081b86ded850fe84b64d5bb8,2012-07-31 09:51:56 +0000
1611c57fefd6afc533db74f8a92155ad462e1de8,2012-07-31 09:50:33 +0000
22322015c70f0df9543590128bade196280de774,2012-07-31 09:16:25 +0000
ee0462a462495447ffb25028c16db046d7b6d5d8,2012-07-31 08:38:34 +0000
7bccce1d664c98416965b6ba7fc94b3a91e93783,2012-07-31 07:09:03 +0000
91abbbb3ca2e830d58480d1592186cff5c95deca,2012-07-31 06:59:55 +0000
733ca261329b18055708a1cda9b55f4942665c0c,2012-07-27 08:04:25 +0000
de37b92fc3cd58f09dd4465f6caac6320acbd97c,2012-07-25 14:41:32 +0000
fe74e6ab37e3b11263bcf57ae7dcff9be28a02db,2012-07-25 14:24:23 +0000
4877f4ae375ccd55f3408fe38ddbf264edb63bff,2012-07-24 16:41:49 +0000
4f53c6998e05a441dd29d6128b46c9ad186c7842,2012-07-24 16:01:45 +0000
a42fc76bb42b8c84aad2e393f02b5e73750fdbdb,2012-07-24 15:40:41 +0000
80069918588a022cd62315036c5fea3b6fefd435,2012-07-22 20:08:09 +0000
bd9d5a11b338fd1a07a3280cba66fdeb33e07c25,2012-07-22 19:27:24 +0000
b584a25d6b6885cf3481202b71a4193003d4ac53,2012-07-19 12:53:55 +0000
3c792b08a3e787dd21e5287648bd4288bf90a387,2012-07-18 09:48:31 +0000
7e8d7a4b853dab72ea8401c44f6715a74e037ff2,2012-07-17 21:07:58 +0000
1e593126916a0d826febfdd2dc864579e4b96526,2012-07-16 18:41:22 +0000
e2b8bb61a76b684697584465f4e77b898f6bc0c2,2012-07-13 13:00:25 +0000
07c07baf9c77ad94f3c3568439dd55c89253b908,2012-07-13 12:36:13 +0000
6ff03ef9bf2ac7f2151a1a380bdb0f825ab322ab,2012-07-13 11:44:31 +0000
5e59fb62aba68c3bd151f4a3d63af692a8dae0cb,2012-07-12 07:54:55 +0000
4b016750f502358bb5bd7760e7573483026c128e,2012-07-11 16:27:02 +0000
1c88d2eef90a7db684288dbd3e219709fb4c4778,2012-07-11 11:43:27 +0000
3f9236f6f41cfc157a588fe4741f822c66104264,2012-07-10 15:24:29 +0000
16ded46b6a39b80132da06dcb6be6fef4c86b67f,2012-06-29 12:50:03 +0000
c2fa50429da9334682e517f0e6fd110e77b256ed,2012-06-22 13:39:26 +0000
eb377670fddf63feaef6151a13f6d8b9665a86fe,2012-06-20 08:11:47 +0000
1335e4ee7193e113fc03209cf954aafb027c1e3e,2012-06-19 17:57:28 +0000
62d37a35d3734d36c2e8a4ed71db5fc6bc6b1983,2012-06-18 21:53:51 +0000
d37a5ad6604ef91f3af65cef5629741947bac71b,2012-06-18 21:28:13 +0000
fc5c5c6310d5e0f25a8eb24e2e8b2737ffc15fa3,2012-06-18 18:52:39 +0000
9f1d45defb6017dd2172137c9bb7355aa2433cee,2012-06-18 18:52:35 +0000
aec0913b5a58f7d32e8ef98ae7552874de1f1132,2012-06-18 18:43:47 +0000
ef170a834149ce9ab9cdab114bd2aed80bf2366b,2012-06-08 17:11:15 +0000
60c497607fe84b53bf53de9cb42eff0cdcf45071,2012-06-04 09:46:01 +0000
e00507e559ecca290a6fbfcbf6b2ce663d179f94,2012-06-04 09:43:30 +0000
3ed15c83ec2e2fa85f9b72ffc168b5655c3ccd6f,2012-06-01 17:37:22 +0000
afbfa376c744cb7eb9db878e6debb2896f6b5a14,2012-06-01 13:24:01 +0000
1b8f750274eaa613ad7ecbf82a93280cbfb23b2b,2012-05-30 13:44:10 +0000
364b07a254c3ca378935300df6a15b72c33dfaf0,2012-05-24 13:29:58 +0000
b8389fbdc663f70e8f56eca0eee5e370703120aa,2012-05-23 21:28:56 +0000
80fe33b347161f6c4a71b16fd1d9bf0389575c1a,2012-05-23 15:42:02 +0000
1a321387b71e3c553b2eb5fefbecc6a1150c39ed,2012-05-17 08:38:18 +0000
8a81ade58421b2a51ae3a34ad11478acccfe59a6,2012-05-14 14:32:44 +0000
e347d8696cac8fe27950d92f0f0c19c60bebb0c5,2012-05-08 09:06:52 +0000
5d5fed82483276bce0e24799d10e7e8205e09088,2012-05-07 12:35:05 +0000
b58410457f5d534a54e290e9b059e33a3d9694d9,2012-05-04 14:41:59 +0000
b9988453f684dd46484d6ec2980703bceba65247,2012-04-27 11:40:15 +0000
7183d9397b7be35fa2032dbb8c1f59294e2d1939,2012-04-27 09:08:06 +0000
fbcb30dd545d9dccfcc081ad14b92dc0adbd603a,2012-04-24 13:29:39 +0000
cf2229b6ffed2dc1a30ef354e5e090428ab9fcc1,2012-04-23 13:28:17 +0000
d16509b34585541ff434c166320c92afb7d24c62,2012-04-23 08:19:41 +0000
394072c717162aee8324cc500b2425b58be72c9f,2012-04-20 15:23:44 +0000
644e3496e37e4d27dfe43698c4ead03500931580,2012-04-19 15:18:51 +0000
5f3dae79db4a50ea68799097db77b4798596b786,2012-04-19 07:27:21 +0000
6e9ff410f6beb95967d18cc41dede9a38750cf06,2012-04-18 14:46:21 +0000
da5d6ba3e3d2ed66829b370e9d005c8d220ad506,2012-04-17 14:45:30 +0000
cd4d01dc4e4381b44377367a2356d2e16a7795db,2012-04-16 18:12:04 +0000
0aa755e82a92d60d2cb5fb0968a63c43043aeef3,2012-04-16 14:35:51 +0000
ac33cd6d7a8096bb323999aaec9e4e21dcb6d0d4,2012-04-15 10:40:16 +0000
e996d1f4e2aedab7cb046595227a7574830f3353,2012-04-14 17:59:13 +0000
b74d51ba5d003b9981c0063590922758dbb083c9,2012-04-14 14:58:09 +0000
b890846e17e74fb40f82b8170e38074bc2ea4b88,2012-04-14 14:57:28 +0000
f042dfa833eee6d7709f3ad017246cafbc8a3688,2012-04-14 14:50:49 +0000
480b479ac69b15854c0e60aacfda229c6cdfefc5,2012-04-14 14:50:03 +0000
a3b3f1bc7565deb6a9b94a22bed064408d3cfd60,2012-04-11 19:44:05 +0000
a30688991655838fdec7436ac10e02f519e12127,2012-04-11 19:41:12 +0000
ca3ca9ef655d6316921b76d54a96edd4dee59f89,2012-04-11 12:23:34 +0000
170ec459ed0e3de9be2d48dd5b63ea2287e7da90,2012-03-19 09:43:34 +0000
c641a1ea5fe45cf7924661e5a2d88f7ee6ecb9f8,2012-03-19 09:39:08 +0000
a5c710b19c768a6d460f1e21aeb7e5cf0569f83c,2012-03-16 19:56:55 +0000
316b2f7417f65917dae9d52b5adbf711dbd46eac,2012-03-16 12:22:27 +0000
cb3cb9fe7385a6cfcafa41927c1823caefaf4558,2012-03-16 12:15:54 +0000
8527cb6e58b7a392cc88c3ef4c381b852f4b2962,2012-03-16 11:39:45 +0000
668b5390c636d966ba311704021731a2a7781ccc,2012-03-16 11:35:27 +0000
6380f4b54960565fba1fd622f7fedb481cd9ae2c,2012-03-16 10:57:59 +0000
e5c9aa4f37533a2c2978dea11586e9c7076d4f93,2012-03-16 10:56:04 +0000
cb21a4e68fb97e03c82f71f68ac8b3d573eb86ae,2012-03-15 08:04:38 +0000
c6a56b3a2a41ef5df642857d046018118af8928f,2012-03-14 14:45:07 +0000
da6ffcd8b3fb4d1193f37dbb198ee48aed0a684f,2012-03-12 19:43:05 +0000
eb3e143a03fb9626cef5dff1cafbff47c954902a,2012-03-12 17:32:19 +0000
1f5c3968e1b5de3a5f87f021ae54164239f612f2,2012-03-12 14:04:50 +0000
bdb4646444d14c3b4cb31370a4678bb0b79acece,2012-03-12 13:37:12 +0000
3d101d85556b3e2d876563a3b46e434e31a4fd74,2012-03-11 12:38:02 +0000
62651161e91e7cb82cb339e953beb2d381cf2769,2012-03-11 12:26:19 +0000
7b24815b39e36d0db64a566032fd174996b954bb,2012-03-11 12:03:06 +0000
69841d8396bb981586817c44226f8abc1e0b193f,2012-03-08 08:16:18 +0000
cf28b1a60b117785ec33872e77a07a2f2338b4d3,2012-03-08 07:26:29 +0000
4c99c03903ca51b354767e2d6fc5299ff593e03f,2012-03-07 22:46:08 +0000
b774912d31d47ebd20ada6ede7356a70197868f6,2012-03-07 22:41:12 +0000
c3d18780908c0ba3cec6b4fe061b841d71d165a0,2012-03-07 22:34:38 +0000
d60bd3bdd92b80dfe2939b50354eb174775c9e4d,2012-03-07 22:10:52 +0000
9c40d6daf2261fa5f7a6a24f1d754197afb35794,2012-03-07 17:27:33 +0000
f11ebfcf0c4820d312297e366a4d53b373b3db8a,2012-02-29 23:49:40 +0000
ad0a1e9677e9590e1a3ebc922346221110c09a66,2012-02-25 22:38:53 +0000
54cc3f51ae49f4420538e4b81f88895a2a87d173,2012-02-25 22:13:31 +0000
114c0614a9cd11c8d40298db4f7f24aefca0bfd8,2012-02-25 22:05:31 +0000
77fcff1e60be65e349bdd9f5f39b0284af26491b,2012-02-21 19:14:39 +0000
028b4d17cf77d9109d74bac14e7e0fd6ec1a0d2d,2012-02-21 15:02:15 +0000
8651abd54bcad070bd58875c979b073608b6a71d,2012-02-20 15:41:15 +0000
6f064be94c4384b5ed231c0878ee519e82c5eb25,2012-02-15 13:52:10 +0000
3c39ce5d51d21ac311cdd58cae48a936653b1b40,2012-02-15 09:16:53 +0000
6786a30ea11c502322b1e4c1a1ef490a6d2f1aba,2012-02-11 17:57:25 +0000
5e2e88e7eed85bd50f9f53c3c56f0ea09e240ed6,2012-02-11 17:48:59 +0000
2309292cbad4cc0fce6900d8dc314a88d1a0e43e,2012-02-11 00:37:51 +0000
5686cd1430007df9bfe83305f8de14289464d6e8,2012-02-08 17:54:22 +0000
05b3749bd203bee8d2ef9f7f4a195f7abeaf3e9a,2012-02-08 16:47:32 +0000
ec568af2e7c8adcc8ac83faf67de6fc501d9f2e9,2012-02-07 18:25:12 +0000
c0192d8533aad24b322a37031d6358e85ecec786,2012-02-06 12:56:15 +0000
6fdb798ccc9d3d2a49581f5808da266ed761100e,2012-01-26 19:57:29 +0000
cb01cfb883b8d89a5b5b6b8d39c55c48277c8496,2012-01-25 19:00:41 +0000
e5bfc8b9bd5a4097f8448a8dbdc28534dc1994ec,2012-01-23 17:12:39 +0000
7bca1cac66236d47b429ed273296656f0eb4978f,2012-01-13 11:41:13 +0000
71c32617df2c76556e1005d6fd560f63392c1c90,2012-01-11 08:06:31 +0000
4d9996b30e53444320af041a5865605cf479b3ac,2011-12-12 22:28:51 +0000
13ea822ab2a2e4f5723442f903a9d4f9a1029f2b,2011-12-09 21:29:42 +0000
ed4b55f7d2c8e4656299d204863e9c54337618e4,2011-12-04 18:34:16 +0000
cc6dfc400e39ba2f2d6a4d4c6c5468ebea8df3c9,2011-12-03 12:36:34 +0000
258df913a274c00302d68a52733b7af98cf66b9e,2011-12-03 11:26:48 +0000
d1848bd2f4ced0a126e4e592d0606010c91c893b,2011-11-23 11:40:10 +0000
903501eee6d2700e4c851d40d5695f88c71e5ae0,2011-11-13 18:45:14 +0000
1d82ea3764eed60674f2e24025b5163adc8a8dae,2011-11-13 18:39:02 +0000
2270c092a982a5464cfd4025add40b3a887bd5e0,2011-11-13 10:04:19 +0000
dc9c69dfccf75394edf92c5adc7542dd6ada2d1a,2011-11-10 08:27:46 +0000
7c6db4249deb5c04832ce5051bc79901e7168e32,2011-11-09 19:56:00 +0000
a3fa68419f264e4be894538b45821d0738b0db78,2011-11-09 09:38:54 +0000
4bacdb37643a63b67ed4cf47132cfa55ca2da6dd,2011-11-09 09:31:08 +0000
88ca8ad631e13f56efc0173200fa428b0c815ddc,2011-11-02 16:37:55 +0000
2a38e9c4f87eed3638720a8c61389a026d37f639,2011-11-02 16:08:47 +0000
fc285d62429e381185233ea7303ad8d73807e479,2011-10-31 18:29:30 +0000
724e8c7858e90814cd281e0fb9a35f7f334c0f5a,2011-10-31 18:26:48 +0000
b4b4eb5f08d1c23f021cc95ef972c318797dde61,2011-10-21 09:36:51 +0000
571b9d7ff3b9166780fd888a683ef0e167aa2bbf,2011-10-21 09:36:33 +0000
8f7093449365b71f2b8cd95415c6aaaab4de8702,2011-10-21 09:32:11 +0000
f73196d0de731c477f1a723bd8b2e24a978b598d,2011-10-21 08:54:21 +0000
861be10a47462ef3478e881b86585a92aca74675,2011-10-18 10:34:36 +0000
096c7272531e6a557bbd533a8a7d0e4fd1304dfc,2011-10-18 10:29:23 +0000
9c0dc37e63d4508bee7bb79f386021a523bdddc5,2011-10-18 08:15:52 +0000
13fb8ceafa7d833e5bc942f1eadb05232099bc01,2011-10-18 07:59:35 +0000
53790682cb9947b06b4911aaa4d1f33a3549a6da,2011-10-18 07:55:17 +0000
bc04d04b93acd39b15402625b1583a29f929b786,2011-10-16 21:33:25 +0000
1dd67e4b9560e0d4f1fb4bec7fa666f9d1d9c5ce,2011-10-16 19:42:27 +0000
05ebffab58e963bda1a86ce508047cdf2e69ce30,2011-10-16 13:20:02 +0000
fd22e1feb26037c9f826160dc9f8d72afe22b0b3,2011-10-16 10:09:34 +0000
eee014e1f30073fc790367c2f1551bcd951baabc,2011-10-12 18:14:37 +0000
1aa85f97ada42d5ecff39d931019f5baac81e006,2011-10-12 18:13:41 +0000
99a775cbb039ac35e38131bd4412685e37274fa1,2011-10-12 15:33:38 +0000
c0b9c6991ec15efc0d171b18e9d280f8f899e428,2011-10-12 15:31:58 +0000
ba0fa6612abe529c2e849c7e5f5a99770ff9717c,2011-10-11 07:28:47 +0000
7353316de7b924e42c40ec6a92fb0f6c380120c3,2011-10-10 16:08:54 +0000
2d9a61cc7c1dfceda467a795b15b9f945fb60374,2011-10-10 09:27:18 +0000
036da2d058a54ef2311b962d1b1ca5b827dbd530,2011-10-09 22:29:52 +0000
e560a9cd3bdc8305ee38bc334d2b660c671b095c,2011-10-09 22:29:20 +0000
778518affa5abb6d4fc13ee62f7fd0fa5fb5cc43,2011-10-09 22:21:31 +0000
2c9ba3020bf6bafb7bdc704d3a0edf0b74637148,2011-10-09 15:36:13 +0000
e16cd354abbf5848b8d4cc3643b67e0d2aaffb48,2011-09-26 07:56:37 +0000
5909418e2bd91e7b42556b4c9a02e5f16b4900ff,2011-09-15 19:50:06 +0000
188b3abfd19966595ef5486edef63f6482c6585c,2011-09-13 09:23:37 +0000
e9c2485f1e60632aef4f309962f3b7c095251c19,2011-09-04 10:29:31 +0000
2f8e515157c7cf598013c47f1e568c24f1c6326e,2011-09-03 22:01:28 +0000
9bcbcd5bff77c30a22ee5799668646eb0ad608ef,2011-08-16 16:11:04 +0000
55939f4c5492a1438b305c3ce22aca4b8f6a015e,2011-08-16 16:06:04 +0000
6b2c87e5ff895b4e583e6c337db09ed1c7926b4e,2011-08-16 16:00:01 +0000
6e4a88e7cde32a59cc1b456878861d929ca511b6,2011-08-16 15:56:41 +0000
47c0b9e9b383f40f73ee8604632ec0dccc66bc9b,2011-07-15 08:05:04 +0000
2d1fcfa7016d7cc14af5ed9546f01043a7928d58,2011-07-15 07:49:09 +0000
59c24309fc01f50218a318114391186027116568,2011-07-04 09:21:43 +0000
fdd26ffcde0d788b81cdf264c0f47d00f77c9037,2011-07-02 16:23:03 +0000
7ce590759425ec06168a2cd40ea98ab925ef76ac,2011-07-02 14:59:22 +0000
5fec3ebc351927f311702b29ce40547aea09d366,2011-06-20 20:58:47 +0000
272f39953829ed3040a837d8928f9a6e5d3948da,2011-04-13 14:16:21 +0000
fea0bc00f982509a1c88f58d01ab6ffaeff3d403,2011-04-08 10:08:13 +0000
313ae8313feee1b88ca5973e20000723a3ba9185,2011-04-05 13:36:28 +0000
f97f583f44f849679fecd3902da96276afa615e2,2011-03-28 21:43:28 +0000
099751795367dc225156eef93fe3e9397a15836a,2011-02-27 18:40:13 +0000
c7b3c1036658373dacaeb2e40ff6918f6520ec1c,2011-02-27 18:39:55 +0000
c83ffabb4a1aecbc0e37156b594faa97d79e7bfa,2011-02-27 11:46:37 +0000
480e1b67f66dd9520ce8b2cffcdfc1f1849f1df8,2011-02-22 21:32:23 +0000
bbffc4c08c7fac71adfc363a4d624b629ff32c12,2011-02-21 10:27:06 +0000
91c13d95818c35291116b7a29980b1b77db991ea,2011-02-21 10:10:55 +0000
dbf24d8b8473e06b04b961307cf541fda5b3e0ad,2011-02-20 22:14:59 +0000
6fdcfb47b399a4e025aa2b9cab2dfa272aa41d58,2011-02-20 22:05:51 +0000
2143ac13c819fcecb1c4731cad94a8750cd82619,2011-02-20 11:11:54 +0000
e5efdabcbff3fb100e721d2553e3d169670f467c,2011-02-14 19:20:44 +0000
03fe24754d0ec052f560b8b71a5d4e404c4c07f4,2011-02-14 14:30:48 +0000
b04432d08bf58e3d684d3f7e626df95d4c40a0b4,2011-02-14 08:35:33 +0000
03992d05347a947a040dd5485adb790a877dc118,2011-02-13 15:30:28 +0000
259116d0af20f625de63ba3d2d25c8e69c54e8fb,2011-02-13 15:11:19 +0000
a37de1f3001d5fb8133871b5a1d7365618b4a136,2011-02-13 15:02:26 +0000
091d9c67b30fcb39e3337f3fd304554e7de34512,2011-02-13 14:58:36 +0000
209e94c2303505336016756f1870c1a1718c0c84,2011-02-13 12:11:52 +0000
16fada74a619db536cd5f25ebd2d26622f7da8d8,2011-02-12 08:45:46 +0000
5f90782263d9c081af128ee2b1f577ea984e34e5,2011-02-10 19:03:48 +0000
16562e1984b0af54024efd746a7ae48d623311da,2011-02-10 15:55:39 +0000
a412dd6e9819bcbd7651b149c064df07eeda8599,2011-02-06 22:22:57 +0000
bb86406dc14a58f507543ab9728637a23d51f6fa,2011-02-02 17:50:21 +0000
27c0e06de9c02f007c3c763e1eb68f3016e3eed2,2011-01-24 22:48:17 +0000
d7f762989ec6a64493d436fa97fd55ca0512257e,2011-01-24 16:52:38 +0000
cfb58c695ae55b592e3bc2bdbf91a6f21a1bb88b,2011-01-24 16:33:02 +0000
9148fa7c3352f6715854dcb2c623f4d29a221274,2011-01-21 20:07:36 +0000
d602ad858a9cd4a51a7e965b55a28679be7ee2f4,2011-01-21 20:01:53 +0000
135d5609c1c22a5373f86e3f46b742492aa2b570,2011-01-21 19:43:29 +0000
711a3cb49bcdf2a2f1ec8f3e68c87db26e389cdc,2011-01-09 23:30:01 +0000
fea3783241b9196ece0c1e13048504218bf384bf,2010-12-22 15:05:01 +0000
8fe2b98c6267487561350242d564d114a144a0b8,2010-12-22 14:01:12 +0000
1bffef03c760b186162462f77df0464b7fb995cd,2010-12-12 19:59:59 +0000
ecd617ce39bc8823163f464c612f61ae11e3470e,2010-12-12 17:52:17 +0000
af93d406d44e95a9b810199e9050c7f236a9dbfa,2010-12-06 23:43:27 +0000
9c49859dddf050356d067be8bcc735b8fe8f53b1,2010-12-03 15:13:44 +0000
a6b9abf1a60f27369ee148e1b7321398eb38687e,2010-12-03 02:02:38 +0000
0563b2cd704f9526f24492413b6dbb0f100e8520,2010-12-02 23:19:35 +0000
a5140dd67178cb5cde6905e6ea8558b614737ece,2010-12-02 23:06:48 +0000
f2d8a1ee88f9666b4fcea440bcdf7c4db678e598,2010-11-28 22:35:06 +0000
320bf1a57318aa36a25988a979ac4f012bcf73ad,2010-11-28 22:30:00 +0000
62acc3e26625f7f0f6f24743ebe51d6b2bac6a67,2010-11-15 21:09:09 +0000
f96bb586b80153ea79f66305627cd8e73693640f,2010-11-15 21:08:51 +0000
31d0d62cf2dda4a5293574b56969abe93806cc08,2010-11-15 21:02:53 +0000
fdc6c2c7c2b0c3c70313fd8951a06786848896c5,2010-11-14 18:47:13 +0000
747a87ec59661a701fc9cb96f69bf935b3485269,2010-11-07 17:40:13 +0000
a63010eda359cb4b36b279106ea6184f7fd9c8e8,2010-11-07 17:39:52 +0000
49c6c3858c8f09aaa91d1fc22f6486f0d789f31a,2010-11-07 14:19:30 +0000
1c85510ef1edd3c2525b56aa344fd17a01851ee4,2010-11-07 14:03:11 +0000
ec29307b247c6f9d8fd83d141a1cdd058f74676a,2010-11-01 22:56:01 +0000
20cf10527c8a1e04130a8ce1659be64ec57ccf48,2010-10-26 14:47:00 +0000
589fe15655e66410c1524abee2ace654958ce9a6,2010-10-26 13:32:04 +0000
601492dcedd861d78d3b722db554692987ff7a03,2010-10-25 09:58:39 +0000
f95d6069cb149b7c9186265e4b2fee9e11eee7ab,2010-10-25 09:41:06 +0000
5bede837f9efd0009067d0b5f44902d22c94a05c,2010-10-25 08:45:20 +0000
214b5336320e6cbf3023141c8c0381c9b7d581bd,2010-10-25 08:04:12 +0000
529f9fd243fd1c76891e052a38268be8f54a62a6,2010-10-24 21:35:21 +0000
416b3375fa31ea13474aba6be90674003827cb3e,2010-10-24 19:58:25 +0000
375d600633e4cf712a173d3d41db83de014a2c1c,2010-10-24 19:49:08 +0000
2cfb3c0df2a5018bcff680456a977c9774df619d,2010-10-24 19:32:30 +0000
d17e12327fa6915365108931e72925800063ffef,2010-10-24 19:02:28 +0000
98812ed6d83fc6f9ce523c739e17ec6284cfb423,2010-10-24 18:59:52 +0000
2d4820366e8a99ac344b448b0d0a00846f0031a7,2010-10-11 20:07:24 +0000
a518a14e3d27f42b395c68a44cdb308cd3419207,2010-10-11 10:00:18 +0000
db82542a527eccbb75052071ee74fcf8c319d8f8,2010-10-10 21:43:15 +0000
5e5a58b174768cc9a6e6b246b4e8e424dd2913b5,2010-10-10 21:38:57 +0000
376f61d29a6519dc4a377e34c3f6735e8d48e94d,2010-09-05 13:05:10 +0000
b64f26f9070014db5760325f07779d54a22a821f,2010-08-17 08:53:47 +0000
470f47ad7b9c7ceb5acbff7fbb4f4b398f53db8d,2010-08-17 08:52:27 +0000
158db210c16c8dc96138be6d7dc4f02e2704038d,2010-08-16 22:31:36 +0000
7a86f9932bf0f881606a1fc5e59e0496dbdb08d5,2010-07-30 15:57:11 +0000
2c284b48fed1959ec40eb0ef156baade5d3cbd7d,2010-07-30 13:22:23 +0000
7d88f8e58b9ab722efe2f54e4c0f6f52df5d09fd,2010-07-30 13:21:50 +0000
c4e462ab8809433797102b8e0cb47691d7878129,2010-05-22 08:10:25 +0000
60fe4f36844ec1a43025433edc8bbfd351b28a5f,2010-05-09 07:00:37 +0000
229af83dcdc3f06adeb3dbabd69fd0b5808ee073,2010-04-26 18:25:09 +0000
7b89c7367b8d75db3f75a037d7c2bd249095c1c5,2010-04-26 18:24:37 +0000
cb91910170c0d552cb9f902734b96b135d36fed7,2010-04-25 14:01:48 +0000
4b729a9e561581843f7522f736d8416445d7e834,2010-04-24 20:22:04 +0000
4c21988b92c7012dbf73c0d8302b81e6b747c2c3,2010-04-21 22:02:03 +0000
75e15b89cafd5056ffbee14340531257ae395a96,2010-04-21 22:01:41 +0000
de9c4ccd073552e17fcc24a60bb560149cb3bd4e,2010-04-21 21:56:29 +0000
57c65d39fdc8817d6636e9357d1f774f6a10ebe8,2010-04-21 21:53:51 +0000
0a3052284f0acd898b9124afb9a93147b5c29f7e,2010-04-17 20:29:35 +0000
0522461204343d83dfac3b7fa276599b84996d1e,2010-04-14 18:13:56 +0000
f6fcc1a022ac616d0f27c9f83229dce6f57c1248,2010-04-14 18:13:32 +0000
36705e46593471479636b4d5438fe6ee41083456,2010-04-14 18:10:09 +0000
7517307d4bece4eedcb8257c0070f1a0096f9f73,2010-04-12 20:21:44 +0000
2bbdfc97f5cd7826e60eb9858e70d740c0e0f053,2010-04-12 20:18:13 +0000
3ea2ead00a230505df240b5cc207ac8e85bfee48,2010-04-12 17:50:13 +0000
d24d425711a12d33f2a118e1bc8791c1d43be1bd,2010-04-12 15:14:09 +0000
db4370442438ccc0b47c7384be25a2c5f85e16c6,2010-04-11 18:46:33 +0000
d8d73b40320903be03c8a227586a64600b3b044d,2010-04-11 18:15:22 +0000
e494c6c00e683429a68c01133b5dd2c8d9a65cda,2010-04-11 12:14:16 +0000
d820e4a582c7d89aeb4d72c398d35df60464e533,2010-04-08 22:12:29 +0000
a5da776d87df3d7379189564e7c8eddb1e61aaa0,2010-04-08 22:12:05 +0000
3adc987cea7c3468f82bea825b48bd49f545ec7b,2010-04-08 22:09:05 +0000
62f43e062414411bfd05130aa9d846312aabfc6c,2010-04-08 22:07:32 +0000
cf4560fe15590456fac62defed339bf1018a435d,2010-04-08 21:58:13 +0000
83ec11dac4121b7e6917a2ff012093a97cadeacf,2010-04-06 22:04:29 +0000
9443714662aca12eefa68bb81e6467df6c1df550,2010-04-06 21:26:48 +0000
b505bad7677ae9d4fe0dc7a0e3d6fe5233bff377,2010-04-06 20:52:58 +0000
5e448a83b8d31c4062c7399555d5c719ec01dd6c,2010-03-30 21:32:50 +0000
256995c336dcb3869fd8a5a1c1f2514c57ec3c13,2010-03-30 21:14:27 +0000
582d285359ab340d80af4d08ab75f99a8c23304d,2010-03-25 10:10:28 +0000
dca30a44164e9b85ec07e8e4ea626f1b7140a0b6,2010-03-05 15:02:27 +0000
1a1df27e7754f6ab2b2633c303b010bf54218ba7,2010-02-21 22:00:54 +0000
436c4c36d50c02f485cb8e88be81c4aeec6f9c79,2010-02-17 21:43:36 +0000
20789da1164231e327311117bbad49c7de8d3287,2010-02-17 21:41:17 +0000
6cbf6582ab8832121de830facd31925870da23c2,2010-02-08 22:39:00 +0000
d4c7209f284d47eefef9cd81a7b1d6a9e0ff4d8d,2010-02-08 22:13:19 +0000
ce38925d7ddb50bcef1ab8df2ace5d1b48305c2e,2010-02-08 21:03:24 +0000
111b0d78e28384b7fcc352a5669e12a6ebe30be8,2010-02-08 07:34:39 +0000
995ef753de17f239088d6d992aa3418b44011396,2010-02-07 23:36:30 +0000
859a37bdf369d8119b4f4beb5a4a758b3f64f6f4,2010-02-07 23:29:52 +0000
01940f90f6ef03b3ffa4b1b34a18970e9abb4752,2010-02-07 23:21:14 +0000
961f43fde8f56900237650da260606b184616e2b,2010-02-07 22:49:09 +0000
4a4691d2976fb0951642542a75828edefdf2585a,2010-02-07 22:34:02 +0000
a3ceb1fcc72ab0fb69fade1bf878405d86b6f5f6,2010-02-07 22:22:45 +0000
0c413be7500247ea8706c03bacb326d71310bfd5,2010-02-07 22:20:38 +0000
cc259e937be9e21f42398dbcf77ede10466e5a76,2010-02-07 19:55:06 +0000
1e2f490395301bcf940fba994f692aa139ded57f,2010-02-07 10:39:24 +0000
a42fd06217c797ac7584ddbcd2700e2ebcf06852,2010-02-04 07:26:53 +0000
79e3257583422f789d3271f923c222bf4912a514,2010-02-04 07:08:17 +0000
040094ba70913c748415640a3f9f39d7b9c36c4a,2010-02-01 23:53:49 +0000
27638c848e8f212b693b8709241f16b15b2c85b2,2010-02-01 23:29:14 +0000
899dd521f6b4ab18cf4499e44bac3861ae94d433,2010-02-01 21:25:08 +0000
765cb028fd51a951cc64b8521a21e201a774f284,2010-01-31 17:43:20 +0000
696414bc01ca48c9d0d5d9772e6e2da4b3ec44e8,2010-01-31 16:45:00 +0000
bd0bfdb61fd88529133cd6051c17a393269cf6cd,2010-01-31 11:44:03 +0000
c9887ae60faaaf7b28303caeb400ea799855ead2,2010-01-31 11:17:47 +0000
77bd1ae54bb1166cb4882965af03ee96ac83a1b8,2010-01-31 09:39:30 +0000
8cdaa81828bb8d298aa579ac3f2d7fd2c7355c0c,2010-01-30 17:47:38 +0000
56306c53683cbcf6f7ac2afe72c0ab96cb8b4c23,2010-01-30 17:44:41 +0000
cc18715039f1eb341c228c3249f4f00a249348db,2010-01-28 21:40:24 +0000
56c5404ad28ab317d5f4c5bf29ded2ef795b8b81,2010-01-28 14:23:30 +0000
460c747c7e39cb0a18a771c15e2e37019d316988,2010-01-26 23:34:14 +0000
b960a9b0a834530743774d899a3ec28108f35d63,2010-01-23 12:15:04 +0000
d0f8c6a327889bc7a305f13656d34afb2fe78e21,2010-01-12 06:47:59 +0000
b1725da701d025c74d41978d926689e97f8b54d0,2010-01-11 07:34:30 +0000
6a6476115ca02a2155ab7c0d3b7bdd65aeb7368f,2010-01-07 21:51:56 +0000
514c1bf23d9ea10ab78807349daec742769493be,2010-01-07 12:46:21 +0000
179345fa100dd9488bf46ff204febb783191102c,2010-01-07 01:08:59 +0000
d57931c86a4e1efdce87b06e610001f9634d0b0d,2010-01-02 11:46:59 +0000
a4da3c5dc22bf6ca83173978ef59f182d35efd8d,2010-01-02 11:40:40 +0000
0aed4dde07e773738cddafdbd25077eb31b471c7,2010-01-02 11:38:32 +0000
78fa85d88b7c20e94fe2859d04aff31772c978a1,2009-12-03 23:10:46 +0000
0e73902522889c283933ea67aaf183b594610e0e,2009-12-03 21:55:24 +0000
b23fe9a8621912358598b20dea411a891de27004,2009-11-28 22:07:15 +0000
67ee1b7fd1034893ea783d528bd180b57d7497e6,2009-11-21 11:29:47 +0000
00a1f85bc62122748e68aa3f3addd1e03023a40d,2009-11-19 23:33:43 +0000
4f40068319900b594fdc4dd7e9833e8952800122,2009-11-19 23:03:29 +0000
c92fb7a9a73ec6a573216a696a4d7fb6b499bb57,2009-11-19 22:54:38 +0000
ccb88951bd701ffebbc1f475f09b60bd566127e0,2009-11-19 15:33:36 +0000
dcb1224034510ca111fbe5b7e21fabf8d1bded2e,2009-11-19 15:32:35 +0000
87941483683b07ab724e8599e01dcbd1c5e9c2dc,2009-11-19 15:05:04 +0000
303444cb687cc286c4b5a3c52179e0eaa2900e5f,2009-11-19 12:33:23 +0000
9b8322d02d1a60cc07f5502b9085f7df7dfebd58,2009-11-19 07:08:35 +0000
07b7c451f2186f4a45448337243b20e86dbb7897,2009-11-17 23:56:48 +0000
9aee148a42eebd5b424b4af73b4aea93d4bbb985,2009-11-17 23:06:02 +0000
2616575454306aa12424a7f6509180048708ec74,2009-11-17 21:51:57 +0000
015999763b768706b34ad4ffbcc2af6c744bb3e7,2009-11-17 21:45:03 +0000
e75318cf52c74b637e01111636254aba99b486c8,2009-11-16 21:28:34 +0000
fe644731b23e6078f2328566535502fe9b6b59df,2009-11-01 10:43:07 +0000
2bbde606923238b28b9f15b732aafb80798c6727,2009-11-01 10:21:13 +0000
3938057ac2b08dc113ed789b6775fec22383b5f4,2009-10-27 23:05:15 +0000
e60013e558c3934c9fc3cb6992822fd77d9e4b03,2009-10-27 22:58:17 +0000
8857541357cfa63b1d223423451d6e35651c2192,2009-10-26 22:08:18 +0000
efde4f614a74f417ec359e31e5e62e808f233ac4,2009-10-18 20:58:49 +0000
b55a254a92f679b2715e4fdb21adf31fda377986,2009-10-18 20:28:39 +0000
dc93aed4280379b7641d514df6290e92255d7a68,2009-10-18 20:20:10 +0000
6b9ee6041a8c75a0de1ffc44bd470aa37cf61e86,2009-10-18 20:02:02 +0000
a407fb2f0a2f5edf99c6371e0a381d56311b2d0b,2009-10-18 19:45:39 +0000
0e671e2e95f2a73a5d6097d33a36f6d7ad43c3ca,2009-10-18 19:27:35 +0000
396faf0e99172eab77751c0cbb461ad763326d52,2009-10-18 19:20:20 +0000
971714705e51b852584c0082489441b963873745,2009-10-18 18:50:40 +0000
fcfcb294e35bd00b0ece5a19cceb39a556b8f2bf,2009-10-11 20:50:58 +0000
753edfdb66cef3d878b6f7bf75705a9895a0653c,2009-10-11 20:39:36 +0000
9c18c277e50b8e9427a03cb51c64224ba4ef4d64,2009-10-07 20:30:35 +0000
4a05b16e71d0935d3f22274c8cfa574e70435242,2009-10-07 20:18:14 +0000
9e2e7d76160faffca9f8da2e9cdb2a49b1953ef3,2009-09-27 22:15:22 +0000
92a2723a2c1ac773259cd788a7162d3605df8461,2009-09-27 21:52:16 +0000
a445906819edb7d1a95387b6e87dab7509bb616a,2009-09-20 20:52:03 +0000
33ca760a360a378e4117b5dc397445320d194fb6,2009-09-20 20:49:09 +0000
d406eab1b9f64f51ba12478116b32724d4a019ca,2009-09-20 20:48:41 +0000
0008f0445352a9fca8daa593078c24ba91583509,2009-09-20 20:47:59 +0000
874644e9e41c6d349413585a4d17262144604e4a,2009-09-20 20:32:24 +0000
cd208fa0520123fb8969263f793d74586abbe7af,2009-09-20 20:31:46 +0000
68763192a450e97c273c3723e27f72605720ed21,2009-09-20 20:25:45 +0000
91eae437733cc7c901b2f3ce2100b036939a0257,2009-09-20 20:14:21 +0000
f28b515bca00d500bdc2aa130b41b06caaeebf20,2009-09-14 18:17:34 +0000
a14c6a29d8fc88eefe147c57f852a7957c589baf,2009-09-14 18:17:13 +0000
dd0fb626b117322aa03d5f8c66a54a1ff3876da7,2009-09-14 18:12:11 +0000
3d66be8d4ff4eb7b1ebdff549087cf6270453af4,2009-09-13 08:23:49 +0000
de5f7df68b38172b3baaebed46d9ea81bbd57f17,2009-09-12 11:12:54 +0000
1eb0b20a27b882b4cae60d6edeada6005cb715ba,2009-09-07 21:19:33 +0000
a9ecbf1f0a9e0d0e85635d7aa50b7da4fececcf9,2009-09-07 21:15:53 +0000
c8c123067c60c95688744d3c2fd3ed708ec73726,2009-09-07 20:41:47 +0000
2957647bdfe759a531556eff71b4d98b08801b3d,2009-09-07 20:41:25 +0000
19f4433cab92e731f7a55207a59531d239bc117e,2009-09-07 20:35:07 +0000
6725bd36bbba652cdfe2285d0fe46c0a261bc81f,2009-09-07 20:34:05 +0000
812078528ae64634105469f590933c08f4edb224,2009-09-07 20:07:51 +0000
dfd6fb2b9c79f6008a74887c6ea7d942f7717410,2009-09-06 19:16:16 +0000
e57cf5c045754eb31c4ffdf08ca0eaec8ac64f1d,2009-09-06 18:54:32 +0000
41607b469c09c65994b015de7f3b02daa20fe3f6,2009-09-05 14:04:45 +0000
ffd8e817c584ed158c56d1a2fb19a7464ade5fe9,2009-09-05 13:44:55 +0000
0dd3c87c60d11249e9b30250a38510c75b32b465,2009-09-05 13:29:01 +0000
de3c1f7d025ebaf22d3ce86d5649f4a1b1db352c,2009-09-05 13:13:56 +0000
f16046f4f7bf280cf73480a367f7a1504854b7ac,2009-09-05 13:13:35 +0000
ad5527b1b0f509b9b94d13546a400ca1a57ed5a6,2009-09-05 13:02:47 +0000
d3f567d7dd6a111f9758df1aea639bb1c6b06ef5,2009-09-05 12:54:12 +0000
8863e0b1e193ef04fe714aa7a47086a4371d9e05,2009-09-05 12:53:49 +0000
077374a5185e3c0854123e4f5bc6cd2297059b4d,2009-09-05 12:50:22 +0000
9b112e936d4762b5a2173d7135d214f2bb82d309,2009-09-05 12:39:18 +0000
3ae6e842be20f693af0abcf629ce28b8f6c78774,2009-09-05 12:22:43 +0000
c5f038dd482720049328fe72b75d01f06d2adcb8,2009-09-02 19:49:54 +0000
aab5a8171c24e9692d167a2fe95815194e58cd80,2009-09-01 21:35:18 +0000
4515349836a95b1ece828d6eaec7eee94d03bf4b,2009-09-01 20:57:44 +0000
317ece15f784d7e5e525051d0be4e47455959a0c,2009-09-01 20:53:07 +0000
a2f4f85e24219fca127ba4274bfd2ea3efccd5fd,2009-09-01 19:50:46 +0000
140bcf0368c667535cd27d8eb46cea4dc8b74a0a,2009-09-01 18:33:46 +0000
a395c24cc660f4690598765be2626d0843785c0f,2009-08-26 07:03:00 +0000
81ff7785eac6b390b47926a11d8969c06b676328,2009-08-26 06:38:51 +0000
8af4392978546cfd48b96b0f296ecbfe34960b60,2009-08-26 06:24:47 +0000
abb67a2e70caa13d8fcc587ec048dd8e1605d795,2009-08-26 06:14:35 +0000
92bd9350124a1d0fa65704c35c4f4d04ea480875,2009-08-26 06:10:55 +0000
f539f733831e13467e60e2aa7a6aecfbc3debf06,2009-08-26 05:59:29 +0000
50b71df6be3377f5fc16ef419657aaa927bc1450,2009-08-25 21:31:26 +0000
d6c50ba06233fcc5f1ceb1fe77859ddc41daa767,2009-08-25 06:08:32 +0000
cc807a881beaefa5f4535553030f7789a9ad63ed,2009-08-24 22:20:34 +0000
8bde9f7a821a39f4159958a4cc33652a9ee14dff,2009-08-24 21:33:27 +0000
69d726d118361f0c597d3fcec1a7ae09cb88a9f3,2009-08-24 21:15:22 +0000
6449b088b8a31574cb24c5657e3d9ab8ad09d30a,2009-08-24 19:55:43 +0000
1fce3575652313cc993e7762d5af8783d1105eee,2009-08-24 19:36:10 +0000
2ecd87d95cdd9f3543f6f4e39e8064f8e8df540d,2009-08-24 19:21:06 +0000
d62d058ec582eaf82ecbd02d47393712f76cf840,2009-08-24 19:20:36 +0000
8b3616fa5855724c1b2788cf18d33ee215b730dc,2009-08-21 20:34:26 +0000
99d4ad2a824270322578f1d3c673fab75d5de2fe,2009-08-21 17:45:15 +0000
3c9e91ed1be5f56d17c50638b78a45751af5acaf,2009-08-21 17:13:21 +0000
21df7e00b5f6337eff1cbbdab8873411fcb3326c,2009-08-20 21:47:29 +0000
118d58a6135b74527685e55cbf01a3602a7af545,2009-08-04 20:48:34 +0000
ec474ad464b381a1486aed09e285915bc6398020,2009-08-04 20:16:32 +0000
7f24be55963bd1c1cc2d58c1d1bb5724b13ae77f,2009-07-26 22:21:10 +0000
c802903aa9dde94da0fc3e9e1fd1f48151c4bf03,2009-07-26 19:50:28 +0000
7c8b73d154c8a4029d9623da3e8c6057a40e6719,2009-07-26 19:47:32 +0000
30f26b52f4ee0ab5b85ffa4a8df907271c3ccba9,2009-07-26 15:09:36 +0000
210758a67d3737518aa27cabd1a15f26018ddfc1,2009-07-26 14:17:36 +0000
843188478ca6f29afd8ef22503286bc458b0c7d1,2009-07-26 14:15:35 +0000
ecd8c54fa6b8b09c449dfa48cd458332c4e3d967,2009-07-26 14:12:56 +0000
21b092af88ac4be5023ab590dcf03d02daa3fb4e,2009-07-26 14:09:52 +0000
5267bd0cd7822e35b0e6bdfb51a5272dc0c66d87,2009-07-26 14:08:06 +0000
7004defcfa77880c562319c5a5121c3d697eb1d5,2009-07-26 13:28:58 +0000
b07e529b10e35d72aa41a4d12e9868220cd334b9,2009-07-26 10:07:00 +0000
21bd197996ab369e82bd1e3a4099fcbc97020156,2009-07-25 09:11:29 +0000
ab88c43a107c891cb1ca3be487ad465aee7a614d,2009-07-25 09:07:03 +0000
747d1a335577ca32878db1eb8c95481b253738d4,2009-07-18 16:50:28 +0000
5154eaefe0f3f1fc4fab892670031564104ede0e,2009-07-18 10:11:51 +0000
c47b8e6c7caba6f917afba2d19c546e58358ac4c,2009-07-18 10:03:08 +0000
8a1a348c47e99a59af78492c75570b92c7fdb168,2009-07-13 21:56:34 +0000
84830329df90a920cd7a2f5b181e4ef26fb00187,2009-07-10 21:27:59 +0000
9c8fa63138c405f928418fd055d6314449fc10fc,2009-07-09 22:11:33 +0000
3ed485f3a39d1189c7ea0db4ab93a951d97e6804,2009-07-09 21:56:08 +0000
e3da6d6da5d4f45ac8a35c15788e2c00909c9fec,2009-07-07 20:58:39 +0000
618442084afc30bf7351fd6aa3d06b210167570d,2009-07-07 06:51:42 +0000
95b403fdfcc39fd782496088e6fd877fd8c709de,2009-07-07 06:34:23 +0000
0e2ad75a9b8dad1d204750ea27ea32a34023ff96,2009-07-06 20:03:21 +0000
75c2c518a234ec47cd11e21decf84bf04e33ca11,2009-07-02 21:48:20 +0000
713bd81953ca80eeff227c443eb7a7d052dc72ec,2009-07-02 18:53:30 +0000
ef0d49dafefd99c5731603540ba1474ca7e5ec07,2009-06-28 08:23:24 +0000
7c8b6fa0b9e5c0c9920941d1c6e6fabc97cdabcd,2009-06-26 09:02:13 +0000
67cff8bc999fe8bde8c1a727111efaa488d4c3f4,2009-06-24 21:33:00 +0000
a78f7a9a0a76c34bd06f18cbdd78ecff66524df1,2009-06-24 20:29:13 +0000
3a68b3ea018bec87ba81295447f3740d0a1c82de,2009-06-24 19:21:35 +0000
3614ee69e1a18962fd02d59478a77126c52ebff5,2009-06-24 16:50:21 +0000
b94fa775c54880baed7874ab8cb20354a535db97,2009-06-24 16:38:54 +0000
14ca145defd2bc4a9e959cc38f87ea9d10b26de2,2009-06-23 22:56:50 +0000
cfed9340d11fd9a48d94eba7f6e22f2cc7b6d828,2009-06-23 22:23:28 +0000
9e515a2d1bded2950bdffcf36785594bf1ea600f,2009-06-23 20:32:18 +0000
316ad1f6f35c8b2308d1f66cb965f0384eff71c4,2009-06-23 12:15:48 +0000
250fb2e76b074060baa7c85b5e9b295a37798baf,2009-06-23 11:14:23 +0000
382af45402e4ce60ac3fd39879ff29b52c3d06bb,2009-06-23 11:05:45 +0000
c91e9b28762aa9c1781796f944d5c4ba8a909cfb,2009-06-23 11:05:24 +0000
0c7a4abcb6e3a6a2bbe3ea2863e2824a8076e0b7,2009-06-19 18:53:00 +0000
a79f2076c6b90ba36feff4204c25a85462ddcdd6,2009-06-19 18:52:11 +0000
5919d382f07e076c7a48bf75045446d89732ce57,2009-06-18 23:00:41 +0000
4b8f79b6c0d840d886ac2a6d697deffb74f5e28a,2009-06-18 22:55:26 +0000
fdb27196566ca26a12f61ffffb5df3df30441703,2009-06-18 22:46:50 +0000
49f2a69f1d17de278ca395233123a7f545980b38,2009-06-18 22:37:18 +0000
312bc3d2f90175510f9c463902549f390aa7ccfa,2009-06-18 22:24:24 +0000
db202c528f9c666bbaaee2c3f0b4f95419a0756b,2009-06-18 22:17:23 +0000
3929efe94e093c0debaad14df524a53526d9ae2b,2009-06-16 21:48:24 +0000
79bb58e4f8e3ca53a777b81b2aed593ef809f64f,2009-06-16 21:46:59 +0000
a9dc63078491facca85eef3f35b0921a514d73d6,2009-06-16 21:01:33 +0000
33071f86c75bee4ed1fd21efcf177c5374a9928e,2009-06-16 20:49:52 +0000
42a7c60df140924bc1d3442b838a1059a80f34f9,2009-04-07 22:06:40 +0000
008cdf28fecde19a4cd9b0cb31c1bf342a046d44,2009-04-07 21:43:32 +0000
65cbb3b6bf6c3caa4a2be7167d4ee3614114a3de,2009-04-07 21:40:49 +0000
849d870e538a349c7f53a986195791b334ed8da5,2009-04-04 08:39:43 +0000
6722566f0077c315096141e7afd6e02bb3b79549,2009-04-04 07:12:33 +0000
1b1af62803e90320ee44a29b23b3123f79fbd80e,2009-04-02 19:44:57 +0000
66e224b9f24ef2c00826ddb2badcbf9f2a7a6323,2009-04-02 19:34:56 +0000
762bc249e5cd60fb3a4478296c0bdfc9771fe7f6,2009-04-02 19:12:57 +0000
c648e244c985cf6e7c9d2f005dbe99694aa18f48,2009-03-30 16:43:15 +0000
0f76c936fca5be9ec81897e1124281be74d8c475,2009-03-29 11:26:01 +0000
ca9b46123bb805b0c0e17f34f40fd16ddd1744d7,2009-03-29 11:25:37 +0000
ca334c79a8f3d4362103f43bd0632e62629828ec,2009-03-27 22:54:01 +0000
a491cb01c765116d91a4ec3ac6b4aa9af9b39add,2009-03-27 22:11:44 +0000
b333d4799a4dd14c7e7794dea9eec593f005d874,2009-03-27 22:01:22 +0000
e57f446d2fad5239796b1389d0ab2a04ecb6d4bd,2009-03-27 21:55:24 +0000
a4ac6f671155fa29d2f96bc3662d5946be2e0b16,2009-03-27 19:45:52 +0000
a6bb54ed4fc7e025df35390d7f0bd17cab69cc3e,2009-03-27 19:40:28 +0000
48bd87911bc19a62b0f56f3eece8b8c38de38e1b,2009-03-17 22:57:13 +0000
209ffd72d21362ca8a542a39145eceedc4015297,2009-03-17 22:42:02 +0000
56de5f129fb3b329cfb137d18968e5e5582182d8,2009-03-17 22:29:04 +0000
120de166381a9d08986d2d2d90a148d271af3035,2009-03-17 22:04:28 +0000
3ee4fac889a888994b00f73d3a9722a0c718afaa,2009-03-17 22:04:02 +0000
19785e6e813e501df8fa377bdffe38a5cc272d54,2009-03-17 21:58:03 +0000
7f31c25e4be79cc55b81f33a4fbe71eac7310475,2009-03-02 18:22:52 +0000
a3591e35bd88952844fffcad9eb7fe05d93e8a4f,2009-03-01 22:28:36 +0000
2c16d793f43c5cb530795db69a68121bba57fe8d,2009-03-01 22:17:17 +0000
69d37670d19ae81beafb792c5ccff57ce1dbb0a9,2009-03-01 21:45:27 +0000
70d1fd6ac44eae41ed614b95cabed859496e4180,2009-03-01 21:37:46 +0000
e1ee1ee4fec188f04259c4cb8a09d64f5ffa666b,2009-03-01 21:20:59 +0000
114fba858818a9e985b4783b03ef6a6ea4858a9b,2009-03-01 21:16:36 +0000
e9d8bc320a9d851a4cde3bdbdb3d8209dbd19616,2009-03-01 20:58:02 +0000
330671ee7598911d238b9f08e588654c69ecd1fb,2009-03-01 20:55:08 +0000
8a0cf0bcf0f3775ae948de819994c2c53dc8807c,2009-03-01 17:24:22 +0000
96af9e600973820a020f0083ba624ee2759d0e85,2009-03-01 00:17:51 +0000
6ffd42988ef921d80db514c6fc428cb1bf5056cd,2009-03-01 00:02:35 +0000
7e02f0e77775373566a75b148fe2d62ac9fe4fd2,2009-02-28 10:48:49 +0000
d99d7088965b77cf54439a746bdc2ccf1ea410c4,2009-02-27 10:44:02 +0000
9c66129842afc5717bb65a38eee6bb3b8c22383a,2009-02-27 10:33:56 +0000
dbb6aa474d471232ea0caf953ca3b3276e670464,2009-02-27 10:20:54 +0000
b521f34912d6d5eb1834658c002817a68d5c6adc,2009-02-27 10:07:24 +0000
a393e9a834ac1ee2dfcc080e5f41a0a4c6ea7b67,2009-02-27 09:51:58 +0000
432fa78b8cdc66db6ab6ea6be9d261c3fc30e4a6,2009-02-27 09:51:05 +0000
fce7e4ced73e4db18116e7f83297c5576950c4e8,2009-02-27 09:41:09 +0000
26bceb73514935ca6abe97d8589bcbf9e0c1cd36,2009-02-27 09:37:04 +0000
c4cccfe2e835da20f42b6c296bdd102a319e073c,2009-02-27 09:31:11 +0000
945c39f8f13529fc3a9f4616910491a0c29f37a9,2009-02-27 09:26:55 +0000
9611eb82bfbb6f97d6db47cb3b079e07db3a1a8a,2009-02-27 09:10:00 +0000
83de926f3acc722c13b3bf3464899ae2fd8520d3,2009-02-26 22:07:09 +0000
b3480fb19352f85bd63a80a513e9fe16b0b04799,2009-02-26 21:47:21 +0000
6ec8a962ba45c5bd1b64f5cf71da325f2a89a950,2009-02-26 21:41:00 +0000
d0f4791c5eace620deae685298bcff537b90b558,2009-02-26 21:38:22 +0000
8ed185e8ec8f1b244fe72c688f12ea88cab25e56,2009-02-26 21:36:46 +0000
a5b2679978f44ea2bee456a8fa743fbd61044c8e,2009-02-26 21:03:52 +0000
b719a9804e65b44ab19d284b07d54a497236b0ed,2009-02-26 20:13:55 +0000
1d8cd42bdc678e6a00c654fe7e1f58a2f36b75db,2009-02-26 18:45:07 +0000
344e6a13fcbe324959d8433189b102b9c2eb30a0,2009-02-26 15:54:32 +0000
67d2e613c272c08049f8637584111348cc5ab3ff,2009-02-26 15:41:34 +0000
0429a25a32af09aabc0c22504a33575374c0ae84,2009-02-26 15:40:23 +0000
76201d89eeb621bf59dcb463b39659292648187e,2009-02-26 15:27:36 +0000
1d323edce428d9939c139a130937790ed0e8b665,2009-02-26 15:23:34 +0000
8c68b815eeedbcf4973f9b2a2ef2f89fed4223c3,2009-02-26 15:17:24 +0000
aa157ead4dcafbba986d0cfac28b7a08376a47de,2009-02-26 15:11:07 +0000
15c820cc42649131506517c2f60865ef029ba174,2009-02-24 23:36:14 +0000
ca890f676ee84b85f07256d0cd968a2445af8f30,2009-02-24 23:21:54 +0000
2fc8fd3ad7adef54a848960115e8025d0b9a5d9d,2009-02-24 22:54:22 +0000
94230da7041265ca8f42e4c0e74930f6b0fd0e1f,2009-02-24 22:53:34 +0000
23f36ff3c804aa18e3300b283b6ebf7b03e1055c,2009-02-24 22:51:52 +0000
16944ca77536f14276275a500ac8b0f132c1f4ec,2009-02-24 22:44:53 +0000
00c68393603f46a2518df3c4f3fef45de1a51ffb,2009-02-24 22:23:58 +0000
fe5deea4b41aae074f64d1ad711ec5180afa418e,2009-02-24 22:20:13 +0000
6542cd9227943f5dd3bf222eb392bac26d95f2d4,2009-02-24 22:09:26 +0000
d87ddcad6662cf597da1093c5e543c75849d4369,2009-02-24 22:07:42 +0000
3bd7e4e480ea203d6a66be1a12c9463339935df1,2009-02-24 21:50:31 +0000
b51a7039e47e2053f66e7f2f634f51a0b6a1457d,2009-02-24 00:02:08 +0000
6ca4ee454afd6b2a3f4c9716bd6145670a5c2d32,2009-02-23 23:38:34 +0000
fb7bc948c613ff7492dcaebba1902f1573b2f122,2009-02-23 23:32:54 +0000
a3e1c2dd292ce9eeeefd597c7c51740eb615df31,2009-02-23 22:31:21 +0000
f4359974e8a4a459036270a259a447f7f4685b75,2009-02-23 21:32:52 +0000
5944056ebb2591667f59a7f4fd7690ead4169365,2009-02-22 22:41:37 +0000
33773f5cddd51912f99583c49bdd9a59536e0ad3,2009-02-22 22:23:37 +0000
ec25425be393b7a78b98c05c39e804e191178b73,2009-02-22 21:33:08 +0000
91d4beabc5342ed01a66122c99eae2ff82c0da92,2009-02-22 18:10:10 +0000
ff7e4da2bb769121d92cc8ee7d61a592a5e966f7,2009-02-22 17:15:32 +0000
89d4ad1034f7cb0150748b674a34b4db673ad4ca,2009-02-22 16:56:01 +0000
0927eb2bd46b4182b5a4b972e8f3572a236a26cd,2009-02-22 16:51:42 +0000
d84c0765315ee2e66deaf837b0eceed2f357ce75,2009-02-22 16:50:45 +0000
7422bf15c0189f3c51e4a8d43815750906bf4a46,2009-02-22 16:47:09 +0000
4311029d3017ce4755fbe39bc1da55d8a840ec35,2009-02-22 16:32:03 +0000
d2e0764d3a5051cff224b64a17d5a3bf3f9fb9c5,2009-02-22 16:31:18 +0000
4d5346e6f827e64fd197c2feb24afe6c94987bb7,2009-02-22 16:26:29 +0000
194f2a21ac81e4325e95de92a1af07447b295bd3,2009-02-22 16:14:09 +0000
a4cd0aaf328fb1d2f7fbf3bf89ab3e1427f65109,2009-02-08 14:54:05 +0000
5455336d658c34686317f0b241b30072bcfcd5d7,2009-02-08 14:22:03 +0000
e5aeb22f023502eca0e1b88a8601319bbf5289a8,2009-02-08 14:11:24 +0000
0be11478bae7fd5a34dfedfae5b11335975b0817,2009-02-08 11:40:52 +0000
0d2095e5c116710dd4be726ab9f0f4aab73dbf46,2009-02-05 20:32:59 +0000
8796af8777d6dea3ca6331f858806787c7b5e75e,2009-02-05 20:04:56 +0000
4d5d851ce620812c7bb728f7e2c4274cc392d3ca,2009-02-05 19:48:17 +0000
4eb74d132848b21bb330be085b916190024b29f0,2009-02-05 19:38:00 +0000
904dee10b335a5224d8dac11530c2125813e6833,2009-01-08 10:12:56 +0000
52b661aac4767d7735bdba8d80a80bf8f2586e93,2009-01-02 12:35:23 +0000
6bb62c81b7d4e752be8a50a811a203b0501b0ddb,2009-01-02 12:34:25 +0000
3ff5941fcfa9019711bd04e947497b6a9f3c5f7d,2008-11-11 08:18:51 +0000
3fd3d07e3ceb50c98aae0eea68efc2236d10ab7a,2008-10-27 15:14:52 +0000
1de0c4a74a86cfbfb34234c65919a9ddfe76c38c,2008-10-24 13:59:25 +0000
dc168dce83b7e977eaf3c5d47377bc3173a74b75,2008-10-17 13:14:57 +0000
626efce8183370b0f34910ddd4d5967d187a2217,2008-10-17 10:03:06 +0000
de24d52be1d54865bc3f869e1871ade8451116e5,2008-10-03 22:34:01 +0000
1a9bd9731612521277d27c4118fa1ea39564bcfc,2008-10-03 22:33:26 +0000
ef5b4b4f1a3cab134026e434eb56d7025a023e06,2008-10-03 22:11:51 +0000
c43ff9d2836e03cf4c204ff356060bff9b1d292b,2008-10-03 22:11:38 +0000
caa3671a3c8a4f97189c97e927c261949d3037f2,2008-10-01 06:07:26 +0000
927e46a1fadc7fe32f98e63b967f83d4d75e6005,2008-09-29 17:17:52 +0000
c1138867652d6b8114a50251d23a326d4ff2d8d5,2008-09-29 14:55:45 +0000
f30c9d3d998d7610195218534752c4ac3a0fd9f6,2008-09-28 12:31:58 +0000
9768db2322941b92902b33f0f4482942340f2374,2008-09-26 11:00:21 +0000
1628eb56400740d03d53ce3df44fb8dbf23b86bf,2008-09-22 20:30:51 +0000
14551c749e744ff374dfc34f7d5d6decf6f04888,2008-09-22 20:12:32 +0000
4ab210157fe8d4c9bf4f9d93e6087817db4823f7,2008-09-21 20:47:15 +0000
31d0f2aa14136dbee827ab3dac3dc8df90ef0288,2008-09-21 20:42:56 +0000
d8734c75e20df85fba94eb224e5c4e0510c370d0,2008-09-19 08:45:59 +0000
8826d86fa7586a33238667e4fb1ecf567439c448,2008-09-17 10:38:46 +0000
36437741d7e7e93949682433517e755cde85b6c3,2008-09-17 09:05:18 +0000
dec05fe6ad916bb0f00631907fa0a2bc54412213,2008-09-16 23:15:22 +0000
da00cffc1d00ba7732e67e0d140d08d95b58c7da,2008-09-16 10:43:36 +0000
f3611fe73798e320455ea8c9a5d25dd2c2c248eb,2008-09-11 17:51:25 +0000
dbced7cdfeed584556676c29d253db800d01995b,2008-09-11 17:09:46 +0000
0933ec3a810928e7a359d332577aba3508c428de,2008-09-11 17:05:41 +0000
9031f88d25b4c9caae05f5d03db130ac1300b52f,2008-09-11 11:22:39 +0000
bbad54b457ad139e83334d42bcc37e94db282016,2008-09-08 21:34:11 +0000
78a26ae1c1477c9bc7bcce3bfc17bc4d616f0f30,2008-09-08 21:33:45 +0000
44f4d6ffb990ff4cd49ed450b8706a3aefe5f0e9,2008-09-08 21:33:15 +0000
695baf0a41610de8d990f29993b41a1ea0313f97,2008-09-08 21:29:25 +0000
8db1a0a7e6741f4ea41192c13271b34a70301bfe,2008-09-08 15:10:31 +0000
cd14e033ce9dde26672618fe98a912831766b0e8,2008-09-08 13:56:51 +0000
5490771420f3332dca1721595b8ec8b68b0baf45,2008-09-08 13:15:31 +0000
9a134f6acf026d5ef3be4f6da74490a3cc5351c5,2008-09-08 11:37:44 +0000
186181897ae9a5cc1c02ab69088a77eb1ab8f647,2008-09-08 11:13:29 +0000
0cf62c6b98dfa7cbc9020af65ac9f9dc04fa8124,2008-09-07 13:39:45 +0000
f7b8f1a8da2cf1c4efda2e4d3dd174ca4439a180,2008-09-05 16:59:07 +0000
b6bd7295799ae7e8cd841f4f20cb5ff9ce7a77e0,2008-09-03 11:37:27 +0000
65e4f0b44df1c79cdad5883dded736f17a99ac4e,2008-09-02 23:05:57 +0000
5951db9b2e16883b847e65bcc90d4eb6e045b8a0,2008-09-02 22:27:48 +0000
a5f92a7e2d2c843d695781097baaad055254e427,2008-09-02 20:18:55 +0000
bc7500a368bfa2cd7a0433a8a24b29744fa4136e,2008-09-02 18:06:48 +0000
5070d2b2ad6b9438f94f9a0eedb7909def3c7d34,2008-09-02 17:57:58 +0000
543e09f3e9e4e35fd7b4a46b7ee349f5f450c5cf,2008-09-02 17:55:27 +0000
760329c60f50e37144c3f24a4f33a9dd72b1abea,2008-09-02 15:45:03 +0000
2308aca874c9ef93934a652074a3abd0264c9210,2008-09-02 10:56:23 +0000
a9fadf3249ac3a4b5be1f8010c8e4bc3e6fc0f96,2008-08-29 15:25:33 +0000
f2dd1c841dce1ee82ac7aaa1b7a2abcd75840ae3,2008-08-28 06:45:26 +0000
c798d1b0af6c977f15d922a79573e140b52e0c45,2008-08-27 14:19:36 +0000
bbe0f9f29c3a3dd245d9bba03ca801f5d317b850,2008-08-27 14:06:02 +0000
b8c94111f2f8b71d9f4ffbd7481bed706a70772f,2008-08-27 14:04:53 +0000
858ffa03074e31557a1ecaba83b4cba11fbb8406,2008-08-26 14:08:24 +0000
bf5a872f61fcd62941d796d5e817e2488d45ba3f,2008-08-26 13:59:42 +0000
8593fedf545bf3f22316d67a349d0efcac32628c,2008-08-26 13:58:58 +0000
99692b13759c3cc518edfb1be584089473baaa33,2008-08-23 15:15:54 +0000
d2178589f37e3ebdb59dd8d28a8f53d95ad5610a,2008-08-23 15:13:00 +0000
a82a0707728cbf416b75888002d9669e2b0edad1,2008-08-23 15:12:45 +0000
47965c4703fe0c29e92016e443ff99e718a3e81c,2008-08-23 13:40:43 +0000
92e9faf0d275ec573cdfce3f43c52b9dd4e07036,2008-08-21 10:36:17 +0000
c60d92514e64d2214426398c8223e1ea80983173,2008-08-21 10:18:23 +0000
e944e48829d783b8fa9577d6b640303d4351acb1,2008-08-21 10:16:37 +0000
5dc716cef225e05a4ca92cfb2a590bf26eab2e21,2008-08-21 10:16:04 +0000
ac716639efbaa683c185654d8fad8ae3c2675037,2008-08-21 10:15:12 +0000
73ec45ebc3906d5ca9181c975937d312ca1cf386,2008-08-21 10:14:58 +0000
057d5d02e94a3dfc8d99b8a2bedd5801e8027dcd,2008-08-14 13:10:23 +0000
4e2b3822873b8e30ad2a25a52e3a884d8e5d5f7d,2008-08-13 14:29:15 +0000
0a045caee0c3d8271444f552cdb2b4b7800c80eb,2008-08-13 14:27:36 +0000
6ed6791c5b077cfa101741f498e75e405ef96e58,2008-08-13 14:17:17 +0000
e8420d096bc2b6be81a80a006c3728d3c71c740e,2008-08-13 14:16:43 +0000
66b16ffc03085e3532db27b64347945edf970957,2008-08-13 14:16:29 +0000
49bd9e0b75a5934d3af0d0bbccd30070ce5c8126,2008-08-13 14:15:44 +0000
dbfcd5e56a73a5b52ddc1a7df165bbfd12341701,2008-08-13 11:04:29 +0000
5b92a7b321d9abf8c3ad52f4ffb4ceab32481b7b,2008-08-13 11:03:58 +0000
f209913fccededd6faea50b6c63830a7b5ff8cc7,2008-08-08 08:58:25 +0000
2223356462fa0efdee2da1be219c79b021a3ae4e,2008-08-06 09:43:23 +0000
b60d34966976620ecda02cf6f0548fa235973fe0,2008-08-06 09:42:05 +0000
21378507bbf1e6eda6766e0e002c1a5527fb0fe9,2008-08-06 09:35:38 +0000
379b0032399ff46006efee621c5dd5d5b036f3b0,2008-08-06 09:34:41 +0000
8902ffb0b9a8b053f68bdcb363162c0c67e637c6,2008-08-06 09:32:23 +0000
1c796524467ddc85ac5f9cb1f08f7fadc6076c9d,2008-08-06 09:29:42 +0000
f8b3de162fb288cd66ce4ad75c099fb25403a5d2,2008-08-06 09:27:20 +0000
4a4e2c00d7af6b62aaf273d9e884cecc50a5c5c8,2008-08-06 09:07:15 +0000
449aae0652ebab7c4bda906ce98d4f78936d5470,2008-08-06 09:05:43 +0000
fe241404d9115d6a2cd7281eb663662b7ce64ba9,2008-08-06 09:04:56 +0000
291dbf6d48e73c76147f9167f2c81b12819d3619,2008-08-06 09:02:40 +0000
7e6457e1b039557c5f299ba47784f86179dd4d35,2008-08-06 08:49:45 +0000
768fbad5d57a7820113d25a179650aae53241a67,2008-08-06 08:47:37 +0000
ad14aa2c335540a3fe7475bd008e0e68c4196851,2008-08-06 08:45:40 +0000
e383b3dee335f09115ee54dfec3f7382171efc56,2008-08-06 08:25:48 +0000
5015bb71d51727e4ccd18f12c5538f8f9d2f8f43,2008-08-06 08:25:20 +0000
1c3c10e91d5cb7d6e32acc895aec11eb39e317f5,2008-08-06 08:23:27 +0000
e3045af4138d4d938617fc505f086e953ad6a9eb,2008-08-06 08:20:18 +0000
78a22570c4e028b339761ef53eb1dfe5811a366a,2008-08-04 09:00:28 +0000
180a589359c614f866d8ef0c9a2f3a44ed2736a4,2008-08-04 07:34:46 +0000
c11f3b0f8e34b537f5e2cce67ac2fb8f2db19421,2008-08-04 07:33:09 +0000
