commit,date
e24c57ededa97a24b5d123e78c3e565d7ad61f38,2025-10-10 15:00:45 +0400
647edf367a4844b1f46dad0f34cbf317528bfe35,2025-10-06 21:13:07 +0400
93e9681664459b0f77c4c3fcc5a213307f51b026,2025-10-06 20:40:46 +0400
3ac712d0fb8f2e857c3d9a7e6aaeafc8dda163b0,2025-10-02 18:55:32 +0400
8f17977878fd91d62987e5835f0d7fcbb932aaaf,2025-09-26 19:30:03 +0400
cb7cb666cfbdd8115beb8e517fc0814876bbfe17,2025-09-25 14:14:36 +0400
91055408430e680b1e7e172470693bf8f441bbc0,2025-09-24 18:15:51 +0400
aa5ef2223cd51c41e8eeab4ac63043e9e492e3a2,2025-09-24 18:02:15 +0400
c1b31fad12bbd991b07bc9345b4962a51850f01b,2025-09-23 16:01:02 +0200
a563b9782bbdcf50566c1d763d151df6942edb50,2025-08-27 17:48:33 +0300
e574e44bd026af341da5064404ca2c4559005f07,2025-04-15 12:03:35 +0400
7631abe55d47fe0176b6bed2c17fce0ca723c70f,2025-04-15 12:03:17 +0400
68a91fc1a6a21106fd0a1f92fee612860130de48,2025-04-03 18:02:48 -0400
59950405ef7f79fdc359d2961ab4186cb25a5bee,2025-03-27 18:03:06 +0400
2786abdf2e8906c998691504469a9b1f65072796,2025-03-27 18:02:35 +0400
7b74b3088d3df3d4f65ab19f99b75e43b8217f2d,2025-03-27 18:02:32 +0400
9ef9ecc946e614405de5d7a7773ad33537684bb2,2025-03-11 16:37:37 +0400
7fe25cd54e90f54c4514dbb52e9bac3a4f6235b0,2025-03-11 16:37:32 +0400
2ff64413d4a7c7d1f98ac59f74770e166545ed21,2025-03-10 16:13:34 +0400
bf344662776351b64deb1fdf0bbe0676db86c92e,2025-02-28 18:21:44 +0400
dc87bd62bdfbec0cf9a0a4ef14f429078d9d28c2,2025-01-31 17:36:55 +0400
438f884eecd562a0b895741630bcd9b5f019998f,2025-01-31 15:01:50 +0400
a3cf68b163d67352ae6661563d15a536cf38e553,2025-01-30 18:22:06 -0500
3e4e28b3c57225a859f9e6f921ee4ff0d3cc0431,2025-01-30 17:04:35 -0500
5073ebe48a28761f2aafb2bfddf1702dba1878a5,2025-01-30 17:00:52 -0500
2b283be167f77573096b115c0bc6c3d8f7e62f57,2025-01-30 16:56:00 -0500
1cc758b1a4da8918e271afd0c90313c2de10b9dd,2024-11-06 14:52:31 +0400
d6f3b3bf27a96daea977db90ddde699fc8a38135,2024-11-05 20:28:17 +0400
b6000d6d9aa0fcbc6ee659a4364ddd0b2ddf338b,2024-11-05 20:10:20 +0400
055ee4dcbca1df343f10a3ffbd283b39549af4a0,2024-11-05 16:13:30 +0400
cc56f6573655330994c3b0383114a75ae577bd9f,2024-11-01 17:47:34 +0400
7a4dc95737355c71b09d8e66eab63bc0ec6c989c,2024-10-31 18:02:09 +0400
31271ed159620877f7c2e041066d532ff8887bee,2024-10-31 17:38:38 +0400
b7d7f0d162421776cb3af6361cefa9c4896705a6,2024-09-16 16:22:06 +0400
80cd104c3e10589aa8121b5b030f3e4e3a82dca2,2024-09-16 15:57:06 +0400
073ac1939f96f8e9ddacd2e4dbcae2045ff764e1,2024-09-11 12:46:51 +0400
736461db4deabbec6f0c849da481856e4dfbdf59,2024-09-11 11:53:43 +0400
e2bf9105816ac47902b9fed9d2def272d03a5018,2024-09-11 11:51:12 +0400
4e806c6ab413aa50651b46b074e55d66c47465ea,2024-09-09 22:03:16 +0400
a657acdaadc8a4d01cf71fcac9828126dd33feec,2024-09-07 07:09:55 +0000
a036d3fcba885c31ab3a9fbf0244fe778075a00e,2024-09-04 12:19:18 +0400
2ae50e6e2e75e89da0d931043dc03de643b7f40c,2024-08-28 11:37:47 +0400
ee99c651c2f676ee5e3c05cf2e876ad428f54cfc,2024-08-28 11:37:38 +0400
11fca3faaecbecfccd046f17f151913e3f9e87fb,2024-08-28 11:34:28 +0400
37bcdb862ef950304b3eb7390a925b99faf7c467,2024-08-27 22:00:46 +0400
1ad567b293b8673871025ee2b981ee32573e58f6,2024-08-27 14:00:24 +0400
6178f533e45265deac87760f6e01862f0d3a733b,2024-08-27 13:57:47 +0400
b133964e1c35f051424836e1992e98e4c25b5f06,2024-08-27 12:34:39 +0400
585676d7203ec3f509b2cf9f309c7e7a2b99168e,2024-08-27 12:24:57 +0400
db450191df9d50deaf4472af0a64a405be46a972,2024-08-21 10:29:45 +0300
09528d27df93602e88a1d1cbfd8d56947b9c50a1,2024-08-21 10:29:35 +0300
e6d832f94ca9583cbeaf28b032b18c26bc2c4c61,2024-08-21 10:08:42 +0300
147fb51de7b8690104154d3141264b2ef98a9983,2024-08-20 18:03:39 +0300
1327d92924da9daf53822fb9fb9ff3758d9eba68,2024-08-20 18:03:30 +0300
1506dc466d101dd7f96aa029cb66d31657944c21,2024-08-20 17:51:47 +0300
99342341ae0ad84438c2749c842806a4c80d56da,2024-08-19 20:42:03 +0300
00e3f46dcef0bb8da4baf28c146e647566bb50cb,2024-08-19 13:04:23 -0400
0e59d5c69eee129de901c5eea8468c3edd4f9ccc,2024-08-16 14:00:41 +0300
cca99eae99f290adb67c44fd9ae66565ff7ddfff,2024-08-16 11:28:46 +0300
3c25126008ee01f01fccbcb1c29b5f93cb3e527d,2024-08-15 16:54:03 +0400
8ccb7eda7e8083bd482d03a9406ff4b240e73e43,2024-08-13 16:24:15 +0400
1ce7e8b7fd72b0a54ac8286fa2a6ad87a99b1410,2024-08-13 15:04:33 +0400
2349e6e5a77500fef7c2d8289e883b640dc67a70,2024-08-09 15:20:58 +0400
bb293ad47b1b485ecc916f3300a6392e2410ad18,2024-08-08 18:13:24 +0400
6634cb6c4644595a70704186c5de89dbeb52c5ce,2024-08-06 16:22:08 +0400
76a906721c7a0e1707460b7d89d7e471907fe6fc,2024-08-06 16:12:24 +0400
022f810e38bfb6c579893d1c1fa140b7daa7fba0,2024-08-06 11:57:04 +0400
0e7b701deac2cc608bd9849ac2e539dce0ab7be3,2024-08-06 11:55:51 +0400
018b2f869af55dadad4fdf869b349ae811a77273,2024-08-06 11:40:45 +0400
f5632b8a797ab6fddeeeea86c3dc592b2fa7757e,2024-08-05 15:55:57 +0400
75ed5a3f69854cca2e428e49c8f199e7d473b8e1,2024-08-05 13:26:28 +0400
cbbc5604a195687fe45de5487f2ff124987a7256,2024-08-02 16:03:05 +0400
69f1bf066ec1f846db8ed1af919d2793c1bac0be,2024-08-02 15:56:13 +0400
f47d38ef0f0306d39aa1219412557ff33f875a89,2024-08-02 12:58:38 +0400
7123e4ea67f6584e92649d7d5ad5c85c8c31f8be,2024-07-31 15:55:34 +0400
26aeaf7060ef779938fae4de3012f710fd4c4e28,2024-07-31 12:03:28 +0400
ed5ff7285c626d278b3f326a4c70363fb4ab61de,2024-07-30 13:55:38 +0400
d2169b442d4426de21315d50300b9ed24ca15fad,2024-07-30 11:46:58 +0400
208199e6a8acf4426f1cb72bc3f2a3726aebd0fd,2024-07-24 17:31:38 +0400
927b6094541ec58893a8842fc6bf74091a873547,2024-07-12 12:44:09 +0400
03206950e6f6e5a6b4972e046fe889b1110140ed,2024-07-11 16:29:07 +0400
fc376affb50c185d60d85797ce5966dcba52c53e,2024-07-09 16:17:18 +0400
f054efa42766c151f6eb24ff303eda858b7e537e,2024-07-09 12:15:46 +0400
3cef57c9612299a23baee3d68087833d6942cc25,2024-07-05 17:13:06 +0400
24ffdfd6fa738a32b1185d407f3e466f8d7652b2,2024-07-02 18:44:37 +0400
009c7535bc2a47efc89e1613d1bf42931531851a,2024-06-26 17:38:38 +0400
db9b55dcadb0c4172f67bd8864183f0147d86920,2024-06-25 14:19:02 +0300
eae363675c47910507fed0c351f0ede8802646cb,2024-06-21 17:22:39 +0400
647621ac4adea5eb7dbad66e9d6d382bad96bbd6,2024-06-20 11:08:30 +0400
506c731a72fb017eefb30fc3f54dd01f10e26b61,2024-06-19 19:54:19 +0400
5afdb92cdd861938444ae0b6508131983adcd09a,2024-06-19 10:53:37 +0400
25264972e9a4c32133c0d254fa6bbe133a165182,2024-06-18 17:12:20 +0400
91e768a9a4214b0e7ed790cf3c2600fb43ac1702,2024-06-18 16:26:57 +0400
3594cafd3a7243fe83b681dc897ddcc499af9342,2024-06-17 15:39:56 +0400
61720baea923a627fcb29cbdeb280674c4be2e27,2024-06-17 15:17:15 +0400
653efe20a008be0dc80680045309260b9a7563ac,2024-06-17 15:04:40 +0400
10b18e69b82428d6efaae6b02c26e5592a3927f0,2024-06-13 16:04:05 +0400
944e28005d9411d6b658d6a6924b211d1260d33d,2024-06-13 15:05:27 +0400
340d49d06be4b011164728b734c01ab12a80e6ed,2024-06-12 14:01:58 +0400
6cd241d03d8b19b881207c4d6a141fa0e3a5286d,2024-06-12 13:35:22 +0400
f9b76436f05b488af503dd7b25a8b699c7059cc2,2024-06-12 12:44:17 +0400
28a6aa594efcc6b717f30ab4c602ab72074cb9d2,2024-06-12 12:21:15 +0400
e33527a958caac90f3216a89474e16509b2cfcc7,2024-06-12 12:05:26 +0400
e60f349a109e555115a57cbd0ad03a3d7616dd40,2024-06-11 16:38:41 +0400
c2d89b4c74bc6978557a13b7444e40bc2ae0ee3b,2024-06-10 17:02:52 +0400
b625eaea19417f9ed7787450a253712e969bed3c,2024-06-10 16:36:01 +0400
c00d5d330b6d7f42022de12ca569bf455eeb4028,2024-06-03 16:49:00 +0400
8889fe85df45e21f447cf4f75bc862173eb98795,2024-05-31 14:19:29 +0400
1e7d25a27f2cad00aa6eee23d2bd3273e3ae3eab,2024-05-31 14:04:50 +0400
e25fbbda7777ce53a2b0fce404c1f726ee577f95,2024-05-28 16:17:02 +0400
29d6f75f034021f4f396980ef1c1a4dd1ddbb49c,2024-05-27 19:16:03 +0400
e9df41a835becf2d5d3f66267e2b2ad58007529f,2024-05-27 19:09:44 +0400
6938e5e546d2fe6e786d525e009a17668c052795,2024-05-23 16:32:47 +0400
e3a2293ace36c7ad13cc6d733a17018f112c026d,2024-05-23 15:25:32 +0300
c3617ddd469ce12fa07d480837e3d4e2ebe709a9,2024-05-22 08:16:01 +0200
996ca92bf4044ed235665cf0c3f6b714366fe251,2024-05-21 12:58:26 +0300
338920e8d4ec6f11ee302688ccef5555530e0c2a,2024-05-17 08:59:55 +0200
29daddaf1a285ec9915c2d3adcc1bf59ec487b92,2024-05-17 08:50:11 +0200
54840ca026e23281013e585cc14884e71cf2456b,2024-05-10 16:40:11 +0400
dd92536bf6cf301588fefacdd8d920510642af1f,2024-05-02 12:12:17 +0400
67c47df998fe506f99705bd9fd71b0091e6b8785,2024-04-26 10:31:46 -0700
b9d8e076af7b82b50e0488c03b8c2fcfc78b9d65,2024-04-26 10:27:43 -0700
0cb742916d2231f963975349e2e85a1a67c5b714,2024-04-25 13:56:33 -0700
064dc2a8ed18f562686ab11b3193d7ddf9bb1269,2024-04-23 16:39:04 +0400
d7c19382ece183d64daa1249cd0ee8e99d2b2310,2024-04-18 13:57:23 -0700
297d4c410c7162067bcb70a6c4d6fba8c34f8abf,2024-04-18 13:38:09 -0700
9143de911c29b2bd4ad2f1b674e3d209803ce229,2024-04-16 09:11:14 +0200
19f8a5e976721d35201f290f69ad6e66d09ee519,2024-04-15 15:33:17 +0200
e0a5d09a9e248519a5a3c3f372faf5ce79276b42,2024-04-15 17:09:40 +0400
229544fc44956aa474456a7cb2894367b0697a01,2024-04-14 09:39:53 +0200
58a6b2d97b091532ea8f847bd40a6380cb496f82,2024-04-11 13:46:46 +0400
56d014b831bb6c69d7e235db598c006f9d567b3b,2024-04-10 11:58:35 +0400
a1ee32d2e247f4922b673568e8cd72d8919b9fa0,2024-03-27 17:15:16 +0300
56342e4a0463aa0ecad9b10bd403de2ee9a36aac,2024-03-27 15:59:27 +0300
04fd7a6b19aada05a3c18fbdc420779744d5aff4,2024-03-27 15:39:21 +0300
b449bbdfc7aba76445a80fc335a5b65f3030ddc5,2024-03-18 18:23:49 +0400
d745efa595389c037f444e6da1010763b1473c33,2024-03-18 18:22:19 +0400
299d7a68cf5a1ca3f81e8993854d60a4ca369f09,2024-03-07 16:53:13 +0300
55acf42bcd29f3d663f5e343d20e8f681c856c43,2024-03-05 13:26:51 +0400
e60ac710be75799a735bbe1a458b4ba09704a5c7,2024-03-04 15:06:14 +0400
69baef29a18ef0ce58d3071d63e0d7a1777ca81e,2024-02-28 16:13:44 +0400
b0ab8e4cde1eb5dd059df96dd82d2de52058b450,2024-02-28 15:16:35 +0400
26e64b33b07d83ad07e783561beffda3f7b6fd8d,2024-02-28 14:33:39 +0400
3b0d1440b375da35437c25b2a1cfa2b13aaaabb9,2024-02-27 15:49:29 +0400
30256c9bae728f01437320723aa275527c98a153,2024-02-27 13:23:07 +0400
2bbe6cedd189c56f6e93c41eb8158c2eb840539f,2024-02-27 12:42:59 +0400
0ca71e2a797f69b5763ff8095fbf967a7f689d23,2024-02-26 13:23:25 +0400
8b58c6465ecd674bbf568173cb194af65553d4b4,2024-02-23 17:58:59 +0400
f8cc09b8faadcbf1f7b95cfb0db7bb20a1990d5a,2024-02-23 16:16:33 +0400
2944693c130cbf36c27a331cc368e187149022a7,2024-02-23 13:59:27 +0400
cdcf53982a695f35438cd0390fcbd4027f3bf040,2024-02-23 12:55:07 +0400
ae23480a98084ce9a78f02415c161aafdc865056,2024-02-22 18:34:26 +0400
9c7f4187a8fcddd87a29c56daeed6c92bf619bff,2024-02-22 12:29:25 +0400
5120491123afc847174126ea80b1d60c2c25a1bf,2024-02-21 12:29:02 +0400
f19ccc840aae1f05896a1e8d8707505dd804ec63,2024-02-21 11:56:58 +0400
e56ffd8a1c39aee62d9575a3041afc233636c4d4,2024-02-21 00:12:17 +0000
8faf7194df13967853b5598d1f1fcd09c3c37fef,2024-02-20 17:06:57 +0400
99138fbcfe8f23e67805557bfcbca5bb452d8325,2024-02-19 11:49:00 +0200
9dd8eae752ebe3d81bb0f3aba73482e46edd4be4,2024-02-09 12:12:54 +0400
49c8f562d37c163721ee9bf0f931cf439d54d0ba,2024-02-08 16:00:21 +0200
cc8f117dfe87523d2b05606fd283404aac156f3d,2024-02-07 16:43:45 +0200
0cb56279caad27b9ed928d021de746237b8a30a1,2024-02-06 11:24:10 +0400
2358f52a9c7728751ddc5aea68f973a84f1c8f35,2024-02-05 10:58:28 -0800
d43d29123b4b53e8bf00619183b368d0ba57cc40,2024-01-23 16:30:49 +0400
3469340fab759983f9b3ba8a5af251c9c8f9be88,2024-01-23 12:17:22 +0400
59c4f35044177eadc444cdcc2952f1e6f2f603ff,2024-01-22 19:15:27 +0400
9d6847c6c5a281a8412a68c86d37f41011a47d7c,2024-01-22 19:05:27 +0400
e1a7aced1691aef4528b8d3d214ffa429f90acbe,2024-01-22 18:18:35 +0400
7b716794e958b5840e258ab9534bc39664e7fcd1,2024-01-22 18:01:52 +0400
177bb615488678b0af9faf86fd2dbe2107a5889b,2024-01-22 17:58:35 +0400
7fff3112a12b4a74dd8548be3e63215a0bcc707f,2024-01-22 17:56:13 +0400
edcbf1711fbdaf5728b52cc883371e6210c1bd79,2024-01-22 17:55:13 +0400
fa5ef7e986bbd8f9e672fe6356a9134eeaa94452,2024-01-22 17:50:18 +0400
a750838b7a569d63928f6eaf5dc999cc34688892,2024-01-22 17:48:20 +0400
2142c2444a9c1a5918a8689f9b9a80557af66671,2024-01-22 12:31:55 +0400
a834883ff7cbbdaffc0dcee1cc0bb492ac7a1f78,2024-01-15 16:50:25 +0400
f82668a76cbee8033b220a1a16f3b33f6c48bedd,2024-01-10 16:34:45 +0400
4364861fb6d2afb001c55aac514fb19763f1e197,2024-01-10 16:34:25 +0400
3405e7f79dc65436a96be87ff6d05cf3c95155ec,2023-12-25 15:55:02 +0400
ec23486fed981d28393078c160277e91a7ce6a9d,2023-12-12 16:58:37 +0400
f81e3ee258d2db2c5b92764930f03394675060e7,2023-12-12 16:53:35 +0400
bd749b8cb038dba567f13a0149dd31d88ffdf3c2,2023-12-12 16:44:38 +0400
cc8211f8617ef27f3fed99604d619e014159525c,2023-12-12 16:13:21 +0400
48d796bf19f598679eba53368cf2bf28b604d7d4,2023-12-12 16:04:29 +0400
96e602d2376713e7501321ddd5f8342df6be7535,2023-12-11 17:22:22 +0400
9fbd968d3aabbfe883ec1170ca1ef41dbd77e2f2,2023-12-11 15:53:29 +0400
e2695ec6f2eaee26843454d99d3d105685dd1961,2023-12-07 17:22:35 +0400
e15b26097fd2513ef80994fca5f8aebbd220e42e,2023-12-06 20:09:57 +0400
2b06c400fd0a25c75eecc07f1b39687e7f4ad61c,2023-12-06 19:06:17 +0400
b1b363d2842ecdc3b653c471e968d8ceef23515f,2023-12-06 18:58:21 +0400
9044f156d7303979b4b2ab6070b843a33fab09f7,2023-12-06 17:02:15 +0400
68db09c218fef36b18594d885768e17339c7212c,2023-12-06 16:51:43 +0400
e8fa24a5c0e5d2b55b21f7e2d647c64f9f69db85,2023-12-06 16:04:36 +0400
beb5b43ea504d208b74b34e97f5bd33c19455779,2023-12-06 16:03:04 +0400
a7019be4850cee66ee3171c5f9927441e282267e,2023-12-06 13:52:07 +0400
4c6c726b17c8ede1760282d83891f515750402a2,2023-12-06 12:39:33 +0400
e449b08210395e271b4b50463196686a3edadccf,2023-12-05 18:38:51 +0400
715c74f867ed8391664bb4372462a815a708ff63,2023-12-05 18:35:08 +0400
9540d9fe52e466b9b4c95d554a0b217c45aaec60,2023-12-05 18:22:05 +0400
d8941d1a89a87ad8417831be2c021d3da758ad8f,2023-12-05 14:58:54 +0400
8ee1db6b8ab60bde81ca480d473e32b2bfda5b6c,2023-12-04 17:02:58 +0400
50ef0e481acadcd3671c3a4fad07a482f93c1fe4,2023-12-04 16:46:36 +0400
2d227715d44200b8d0bdda2a88173657c792f4a4,2023-11-29 13:02:58 +0400
4c68c6b4c4e70f4aa6ce102adfee200686575b2c,2023-11-27 18:10:54 +0400
0cffa0b4d7f429d3be68d2fa6d1ca0ac94d328b0,2023-11-27 17:39:07 +0400
cc82ab9534dc9a4cc37336017a7a968db78d06b1,2023-11-27 16:46:15 +0400
2ee755d67e0eb2ecae98dd0180b0e4b1a60c65ec,2023-11-27 16:46:05 +0400
e992f73201efe8bb6aaa80967166d215d0d4222b,2023-11-27 16:25:20 +0400
2abea162cbf08f3ef131e55773c86068b19bd128,2023-11-27 12:15:17 +0400
b7a0e22e2b6d082a7ee55756fdbddcb085df26e1,2023-11-27 12:02:52 +0400
74a27a41049aacade6ae8a577180fdd4de569d25,2023-11-27 12:02:23 +0400
6c75e99d3d7f3bbf02c688c5ba705ac176db1738,2023-11-24 17:08:07 +0400
4232ef3ebb27e1a8257fc05775211ca9caa36486,2023-11-24 16:48:46 +0400
64835b483c0333d366c9fd789385d6cc71de122d,2023-11-24 16:03:42 +0400
78aa381ed60bc137c55a9088af59f81c0cdd8ca5,2023-11-24 13:25:31 +0400
4eb3c403584695310d99aa47d0cf35855fccf548,2023-11-24 13:19:46 +0400
1f21255979a454a679c9c52dcdb6449b4e892714,2023-11-24 13:15:24 +0400
9f7ecc4f08ec32d2ff6e7fb480bd865cbcc8d41b,2023-11-23 18:25:11 +0400
47897777b5938eb8881c15db0a80e1c77533b14f,2023-11-23 17:55:37 +0400
e8eef1d4dd0e4fcf7b54fea0aa85ab2fdc79a1b2,2023-11-23 17:36:49 +0400
df4c02f516bceb24314e4a094dcb99354603c092,2023-11-23 16:24:26 +0400
bea82e4cb1067a52055369675794469d0776bd4f,2023-11-23 15:20:31 +0400
2b2bdd3093e7a26489446795220abf4f6a0e16cf,2023-11-23 15:18:10 +0400
d01654e3110dea3dcd06050a081843b2024f0fb0,2023-11-23 14:36:36 +0400
5c408c32f9fa99030d539748546df03dd4a4ed93,2023-11-22 16:49:09 +0400
1b05343356ac1ed0b736053ce0bb035bfbef020d,2023-11-22 15:49:16 +0400
4af9567ce9920b508f3c49df34658fbf3e7bf0c3,2023-11-15 15:16:59 +0400
b609c37bff85691d1dcfd426bf3d15f7bbec44ac,2023-11-14 14:52:41 +0400
b72b1f4f8be3ee22e09ae4300ff696af6081adf6,2023-11-09 18:07:33 +0400
b487051586e5f7859a92e735c5f5b0b6d3a11f74,2023-11-09 18:03:25 +0400
f6b08c747f68a1974579c1d44e9063df6660025b,2023-11-08 19:58:37 +0400
f402ba644bc6e83da9fbbc76b561685b5ce16394,2023-11-08 17:12:55 +0400
ab136bb436c222ac1f8408ba596abbac0c148d46,2023-11-08 16:55:35 +0400
24dfa6a561896ad45680fa7a4d68b2f6d4db803d,2023-11-08 16:29:06 +0400
43434a94e8ea076641955c6b46172e50bb2b3fd9,2023-11-07 13:40:05 +0400
3438ed9ffb30591e6661b55e61c1ba9d457acc66,2023-11-07 11:45:28 +0400
78883fc7f1918c0a1b77976031e9203b72d025df,2023-11-06 17:30:14 +0400
84c6af44391c764910e64c9d1bc56630e1053df1,2023-11-06 17:16:24 +0400
c0674e21af5ab1173ca3065e2552b61527f78e7d,2023-11-06 17:10:47 +0400
548e94cd405d0d6d88e650c448aafae88c63d368,2023-11-06 16:59:49 +0400
5a3ac7436f2223277496444404bfc55ea0e8993b,2023-10-16 15:12:57 +0300
c63c776f9c945e1183bba7ed4fc5a26c53c39ad1,2023-10-11 20:03:38 +0200
75c8cf92fc023601621978c7814dc4a7f2b44941,2023-10-11 20:01:48 +0200
789a1b74f37c4cb61d0526d0623c9881678db87f,2023-10-10 09:11:43 +0200
3337bb0523ebb5b2208e7e7d123c3a2fd45393de,2023-10-10 09:11:27 +0200
bc396185a4343dad829204123d5a7be33d4d0f8f,2023-10-09 17:44:05 +0200
115ab0514e0b85798067665155ed0a0bbc0af1fc,2023-10-06 12:29:44 +0200
9e4699f86bee29002ac1871d7b8108f35340366c,2023-10-06 11:19:24 +0200
5f5b304ffce8c3e95d23c1f65c861d7365433ad8,2023-10-02 18:06:34 +0400
322e9771b5eba8d1ad216466d90f28f555d53612,2023-09-29 11:41:41 +0200
465d5129e8266d7eb4155e5cd294e446ad44318b,2023-09-23 10:51:55 -0400
a40a9a41d538654fc79bb7d57bfa6d175ed07b20,2023-09-23 10:51:40 -0400
983c51cd1f322ccbaa0468afe693adf938c3c1fe,2023-08-23 22:32:01 +0300
abf02c66656438c243e1f50f38b2e82e2732c392,2023-08-09 15:43:34 +0300
18a78ba2afd86c0f238f805337515be761cdfc1c,2023-08-09 14:04:16 +0200
f87a1e83f983d5134c965f97d8abad801c38823b,2023-08-09 13:01:52 +0200
7b68d15304dfd0f67fe3ecb281b2e3bc9458e196,2023-08-09 13:01:52 +0200
10e6c35f44a3c7909de73a629c2e9c0e5e18d647,2023-08-09 13:01:52 +0200
605785b24ff025075b998b90707149f03dffd02a,2023-08-09 13:01:51 +0200
fbd828ecec47ed7da84a57da19f6e123e3ddd4d4,2023-08-09 13:12:44 +0300
a7cbe9b0f25868897a1b1b6c0c0b0f6ed05a739a,2023-08-09 12:52:11 +0300
7ea4341a1e8dedc6bcf7006d065b3a31e66a6001,2023-08-09 12:41:32 +0300
121ce8e39b405fd1f33efff3e7522fd41d4b59aa,2023-07-25 15:42:00 -0400
9d956d31f7f39f96602de48da06c97c390f5a5d8,2023-07-07 21:58:23 +0000
401695d344eae6e87f6aa32404757b8c701ce109,2023-07-07 18:42:51 +0300
3a5afb00e74189ff9d4746e395099b41c19f9de2,2023-07-07 15:30:10 +0200
4cd9fa751c33a7f863026bd8893557352e1a1d17,2023-07-07 13:00:19 +0200
82a4f7fce7f8627534c24541072810b11846e45d,2023-07-07 10:24:42 +0200
bcbea94152555a20de6d990b55fcd2677c7188fd,2023-07-06 18:17:42 +0300
24b397fd9852cea32ed28ac10b4e8595295434e0,2023-07-06 18:17:31 +0300
edf9a48e08b831c4f3039146841eb665dc240f57,2023-07-06 15:33:58 +0300
0e79a606d20ecd1d31dd9be4fad28da37c14f3a2,2023-07-05 18:37:12 +0300
94fc43d58aeb59ba740dabda388c38cc801334d1,2023-06-02 14:26:58 +0300
fb8df7e7c00fc26bcc5c617b74fa293fb15fb3b8,2023-05-30 17:25:36 +0300
e83fd7a24d2eecac56da0ebfe6c321a49ee941a9,2023-04-12 14:43:45 +0300
092971237cac5d5901725ea2e2eee376d8828aed,2023-04-11 16:34:13 +0300
e77da423b4894cb65d5d5cb2114ae92e9644dbdf,2023-04-11 16:23:42 +0300
6e3ba6c79c39c662486c7b157af2b981dc74a268,2023-03-24 01:17:46 +0000
1b295f4637558c78364cde0a3418aee681e15331,2023-03-17 18:12:24 +0300
a7fb6627b45c9d126f4038e5ef7d4e69af1b7549,2023-03-17 18:03:14 +0300
1ce7925288522776e1c78b2dee598389cf8b440e,2023-03-16 14:16:55 +0300
b7caf02465b992e4fda74c61b865aeac3b414701,2023-03-16 14:07:50 +0300
7bf2b62476ba2c9934670b25971790418b7d9a27,2023-03-14 16:57:50 +0300
9e5c094efe990200a4084994989beda39f208ab5,2023-03-14 16:50:43 +0300
e74e3b989ca25323105fe358bab49bf5182b66b1,2023-03-14 16:47:21 +0300
281e9b819740e983e19737ed97b0418d39a15726,2023-03-14 16:38:20 +0300
b4f4195fa26a5b35f7ace450c77ae2b943a4c67e,2023-03-14 15:36:07 +0300
a9716277ea1ed274e300c34e9467a68d1106ecbf,2023-03-14 14:10:27 +0300
6424641c56e934c0a43d3db7099417607482841f,2023-03-13 16:33:36 +0300
47a33de4d3b15e1e25b0410b220189adcd04ab30,2023-03-10 16:02:19 +0300
f85d52331c2108e452e82c46b7b8d8f401363ef8,2023-03-10 15:34:56 +0300
3872d8e177c2828e07774abdae0f817ce27deb10,2023-03-10 15:32:15 +0300
9e906a6f86af3904ac1db02be9f0466ef76add29,2023-03-10 12:32:51 +0300
f2c6c1cf08e999289c1563d302bf87f001f9d595,2023-03-10 12:15:30 +0300
b0f75aa083f022bc583e20b7911c2161a03e35a9,2023-03-10 12:12:53 +0300
c0e810e16682331ea13dda624393edb24310109a,2023-03-10 11:57:43 +0300
178c1c12b94da31b028aecf2a99dbf731fb3ad35,2023-03-10 11:57:18 +0300
aeb6f05922aad1e1ab828a7469202a8ab8d42ddf,2023-03-03 14:21:21 +0300
8a6fb9cadcb15edf35e9ef42f6b357aa89df0051,2023-03-01 13:45:50 +0300
2a8c24a704570a2e89dceeb2607d40b72c4276c6,2023-03-01 13:41:46 +0300
71c8a6ce564f899bbd2b9c5cbdc193b105a93cb9,2023-03-01 13:39:43 +0300
50d6802a03e37d8f2588968ab2202110824510aa,2023-03-01 13:38:49 +0300
dcc5b66ba1a2ad77af0c3ec03c49d9a2fd3f379b,2023-03-01 05:45:08 +0300
4b9dbf45b09695a9ec5434bdcaed31669aef9f9d,2023-02-25 11:25:12 +0300
c186704397be3ebfb3b8e02d983d0adc6f626d05,2023-02-25 11:20:30 +0300
e96dba89ed25e751b65e1d04a2eb8bc8f067e2d4,2023-02-25 11:20:29 +0300
ce54f59653bd6e55dadfda4dc9c54c63872e678c,2023-02-25 11:20:27 +0300
719be415b8a7af49e3c903471f2ac2cce0e0479c,2023-02-25 11:11:38 +0300
45de41b75e1729c1fe13dc18dcb787f247268415,2023-02-25 11:11:36 +0300
3bcea0f2a64c93bd1175c9af9416aeefa51dd52b,2023-02-25 11:11:34 +0300
500d28788589f073e33da41412447f9bb8c892c9,2023-02-25 11:11:33 +0300
9e8b851888b1732fcf7e14897134f7d3bef71d5f,2023-02-25 11:11:32 +0300
99ffbb7e6fda34a768ffc0922b08226976fc1448,2023-02-25 11:11:31 +0300
614924f44163ed78c2846b9cc9d883e146dba444,2023-02-25 11:11:30 +0300
6ad180b4c52cd585377dc1cc2e97b59872af6c2b,2023-02-25 10:59:48 +0300
e63628d511e7297733638ce6ae274df01c147eb2,2023-02-25 10:59:46 +0300
189bdb0f53d06dcaa8dca52f28fcbba73abf70c7,2023-02-24 19:51:00 +0300
747d9d5dbf38d6b01956c65fb12ad3cbfed99685,2023-02-24 19:50:59 +0300
c9e3b6b1857effcc15fa3e379602fab2a6059094,2023-02-24 19:50:58 +0300
3b22a65e58f95f78025ff13b480076448ffbdda9,2023-02-24 19:50:56 +0300
b8590e04168ef55bdecf12e5aced1ae76eb7cdef,2023-02-24 19:47:37 +0300
7e4c9a2ed41de4b183dbae3835613771d7b960ff,2023-02-24 19:01:24 +0300
ec1a16f6789ba4530333056300ad0f602dac6ad1,2023-02-24 18:43:59 +0300
3ab209c1ef5afb73714bf5bdc57330b1c638f77d,2023-02-24 18:40:01 +0300
cf644d8d231c54b8b110d383bd76a3138fc12ea2,2023-02-24 18:39:33 +0300
742fcc270eb1200168e23060c75e05d8e8e99b9c,2023-02-24 17:59:05 +0300
b58a32d056625229b4ff85b2dcc1854589dfa964,2023-02-22 15:01:04 +0300
efafc3c4e4e1bfe4aa23671b5b2fb67697f092ee,2023-02-22 14:24:10 +0300
27ab9ee26b9e2c489b4f284eece20f64542a01e6,2023-02-22 14:23:39 +0300
9953b0735341a9b7f11d49a6793fe2128cab57f4,2023-02-22 14:23:27 +0300
1fe9bfb50c9ee7aed62536b19fb27c44b3c7bf2d,2023-02-09 14:27:35 +0300
4c3bfc0cc64c797c9d399e955780e502ea11d3f6,2023-02-09 14:27:05 +0300
d200025c02cc7bf97b638d81a4cca1dd6300fa37,2023-02-09 14:26:55 +0300
824c6679f7899010ef195161fd180e33f5f52859,2023-02-09 14:25:29 +0300
403d729a70d5a6cf35fa64a8e506caf223d2f055,2023-02-09 14:25:07 +0300
472b2df591b7d1b524d206e28f0aa4b0ac2bbf9f,2023-02-02 10:53:02 +0100
4342d2cf5e8db4297edd3986ed41a3ac9bddf994,2023-01-31 16:07:53 +0300
c1c2dc7d4bcdf64208e08a3210574cff4cdfb29b,2023-01-30 13:06:43 +0100
5adac93557c20b9e872c34def6a85e918b07a63b,2023-01-27 19:01:40 +0300
0a6ab3672effb3f124e9abb03a3aabe303a861e4,2023-01-27 14:05:33 +0300
6325048a17ff3612cf16b2598a87b632f48af840,2023-01-24 16:28:22 +0300
a04e2bf7aad848904888028624ef6c7352a898e9,2023-01-23 13:29:26 +0100
60c3b16a8349c519a628505a5e5c791096e8dc5c,2023-01-23 12:21:31 +0100
62e6e44f0a5f9ccc26f914dce32677d38046359c,2023-01-23 12:19:46 +0100
1738a73aa850b8df00690454f8386db4af0cc686,2023-01-19 12:26:39 +0300
3442b7e6256a1def8211e67a4825deab7ff6ca64,2023-01-18 12:28:08 +0300
bde5c9713fb2ddf475631ffd27568e344cc850f6,2023-01-17 20:14:46 +0300
67a895bba48e22a9b0db475fe8301beb8eaf6a09,2023-01-17 11:42:03 +0300
6634ecba37d0a7dd07eeff7643b03a5207b93951,2023-01-17 11:22:45 +0300
27ddc72b493c3fab8e7aff9a24025e72ff3ff5c2,2022-12-30 16:59:13 +0300
7380a949fe66aa700db5ea9251b19f296e10f18f,2022-12-30 16:54:48 +0300
bdda48eb9e337f3f7d933a3af68d2f8520bca306,2022-12-30 16:44:02 +0300
2965b9a0cc8f24c52d4db5a6b684245bc852dc77,2022-12-30 14:03:15 +0300
d137904c0a977805d83835943c4bbfea1867774d,2022-12-30 14:02:32 +0300
7365715b5b2bb37fb6007ca765135225995ba06c,2022-12-30 13:49:57 +0300
0d23bdb534f74496deafce67592012068d2f31f9,2022-12-30 13:48:25 +0300
687e7af5ac93ef04b67fb827d3196f1d1392a4e0,2022-12-30 11:30:29 +0300
cce8944bcc088f59479d42d4c103606968898978,2022-12-30 10:59:13 +0300
217077e127bd1925bf6f5bfd0c29d3ef5d70680e,2022-12-30 09:52:36 +0300
394feba6a72db92e6543046308db4c68c43b447b,2022-12-29 11:27:24 +0300
729b06767b238fceaee854cd50552b30c78504ee,2022-12-27 15:12:44 +0300
69b79a7e06fa6bfdfb514323f7b23b204f09ee3e,2022-12-16 17:53:42 +0300
b43b7a4519fe643311fbdaa2e8d61d5bb7457e42,2022-12-13 09:51:30 +0300
bf3137da03b6ba3244ddd577c1d305033733f655,2022-12-12 18:30:28 +0100
5ab64af469a546a80e42eb411e1de1cc5cf2af84,2022-12-12 18:25:36 +0100
ca9fd0385138f0027ee14cb820b2d3590bda9904,2022-12-12 18:23:07 +0100
a41b18479e0ad74d8659bbe119f77aa985b18b21,2022-12-12 15:56:24 +0100
5b7aad7ba694e8f3be5ce1b9c5fa2a0db8f2510a,2022-12-12 14:14:05 +0100
10d86c36c3a8f3d3167c4ada0599adbeac96531a,2022-12-12 12:50:45 +0300
40eed24a3ffad2197e216fef06227809c84c1e75,2022-12-12 11:54:42 +0300
8725b265832a6c2d03ca5d866d5751cc1f35167f,2022-12-12 11:54:11 +0300
ea1d6913bc80229783ec5842ec50b4b5252e322a,2022-12-12 08:28:44 +0100
ba3671d7367eefc29afbd01c18c33d4f5d3cdf11,2022-12-12 08:25:35 +0100
fc020cdc5d6afceecd60acb3b362f99060684746,2022-12-11 12:45:26 +0100
48bead4c07af5f35ffb3c27b82897098c7071b9d,2022-12-09 16:38:19 +0300
fbd17e3e4c13a68469c4eaa0685660a48c25905c,2022-12-08 14:18:48 +0100
1858b4026c05dfa057b5bf475aa90175f85b83db,2022-12-08 12:24:48 +0300
d6376569c28c07f94e1d772139368b28610d365a,2022-12-08 12:19:22 +0300
c7835102a9e2905c529f5efc7aff7e6178df47e2,2022-12-08 10:22:16 +0300
bfafbab802d693a1eda611b98d3d1b334c48a295,2022-12-08 09:58:28 +0300
63bd7acb793b743aecc5fa622176898d498c0770,2022-12-07 18:33:22 +0300
8255d54054627ff48157ae6a0fc7e2ad30197f76,2022-12-07 18:13:45 +0300
6ebf49b43eeff411d8862aae46a360c224d63ccf,2022-12-07 18:09:26 +0300
f5f910e5ef942377e40d6750fcefff9523f5a525,2022-12-07 17:51:59 +0300
a4502115bd85fc3ec7d2f392b65c66f171beb372,2022-12-07 16:51:28 +0300
31a5664a3b57bce61c21706f08f53962078a2559,2022-12-07 15:14:24 +0300
2be41da52d17993550fe126a1bb0571dd45fbc59,2022-12-06 18:52:12 +0300
0730bfa2f36d366e3836a82b9a4c2cd808c62845,2022-12-06 17:51:22 +0300
4d16b401ca783e1063570fc998cb7e9af031b498,2022-12-06 17:46:30 +0300
78819761a5e83f40cd758ce86d3c8bfabbe981f2,2022-12-06 17:17:43 +0300
8c18c80f0f4e9823ce406578ad2fbacebef363c7,2022-12-06 12:09:51 +0300
bd0bf2687b373704bcb53997fc98e626f4a6c164,2022-12-05 18:18:47 +0300
ef315357edab4fada9758f93c40168c4a74c7c97,2022-12-05 15:56:55 +0300
e001e838116a0a6a429a2fccc400be40ce09d802,2022-12-02 11:18:46 +0300
c28a243fdda90b01021a85dbfb4b79bd308568f6,2022-12-01 09:39:41 +0300
9ce69b8cd9d3cfd325c28258f2003005bd4975ca,2022-11-30 18:30:16 +0300
60efd41ba8674f05e5ffac633357ce41b3cf067d,2022-11-30 16:52:51 +0300
5d3fceae22b6d8ccba684dc75858b5022b9e3465,2022-11-29 18:03:43 +0300
2b04d6c3ef3561a15d733d9f8f2dfa26df1743e2,2022-11-29 15:25:56 +0300
efaf243d3dc224cee74005830be350f49d39bd89,2022-11-29 14:57:22 +0300
0302d1198b938cf8af13c1ddc121d0bc1279420c,2022-11-29 10:19:39 +0300
9211fb7431f09fff4c24c8495dbda7d5843e0cb5,2022-11-28 16:36:50 +0300
9418af4280d3204a7e8b8b4ccdcf6a6141511401,2022-11-25 18:23:31 +0300
931462420524732d5a95db44fb1070bdeb188c0d,2022-11-25 11:26:19 +0300
e9c8b5c896d124b5166775e4212af5bc1fc00b57,2022-11-25 11:22:28 +0300
61586e3290ed38f6ca3e85fdebfe337f98cba203,2022-11-24 18:44:56 +0300
f732f18442179d66a45e62842eaa7db3a1009190,2022-11-24 18:13:28 +0300
348a13237783b4268dff321aa9251f5b16a416e0,2022-11-24 17:55:08 +0300
598eb371e69125b78d2f389c2676d3cbdc2cde57,2022-11-24 17:25:44 +0300
f95ed0b294a48f2c2415b8179be8e8c310258246,2022-11-24 16:54:47 +0300
a80f946735c00e43203a25d55828a3d885191594,2022-11-24 16:54:07 +0300
6ab2d90bc77ac7aa8298e7a88813d0116eb1d790,2022-11-24 14:20:17 +0300
9bacd60ed6280c5bf19c511127e62b94d60c46c0,2022-11-23 22:28:18 +0000
d15ba43350fa48bbefa84154798142bd58336592,2022-11-23 12:40:41 +0100
cfcced64fc0702379048c255ed46758edac1f7d7,2022-11-22 16:01:02 +0300
6d722aa7735b9da2b0ab0166873fbf82c004f6fb,2022-11-22 08:40:44 +0100
0b27fa3815f0356a44302f905146e533f2def6a4,2022-11-22 08:40:44 +0100
61c79de61fdcd94a3e49135f76711d296b5868e6,2022-11-22 08:40:44 +0100
9f0bc7c25ae17d65e52bdc559151cc92a5a958e2,2022-11-22 08:40:43 +0100
c07d6acd7f3a63e1ea922089fd1ad3690ffcf513,2022-11-22 08:40:42 +0100
7778f494e7980c5293e6bf73a431bf7a964bb469,2022-11-22 08:40:42 +0100
c359e97398ef5c857d3f75b2320485e7a80aaed9,2022-11-22 08:40:42 +0100
47777ea8c5a8bc18bd4fc9ccec87cfe92d855338,2022-11-21 09:56:12 +0300
69d754c24be25506fcf8f0ccb64d179cecf5e005,2022-11-21 02:58:17 +0300
749eea48f302caf92e2eac0e817beaed2456d579,2022-11-20 14:16:31 +0300
e6a2e87a6f82dc11339cc30a64b1a1618335d11c,2022-11-19 22:34:20 +0300
ebbeb2af4282c55d913daa6362bbe9390394677a,2022-11-19 22:20:21 +0300
3ffce18844e39e3801e6174929e71eda6d25efb9,2022-11-18 09:39:28 +0300
3963d7072b71b4c2c6901ed10e3fd08efce6ef77,2022-11-17 18:01:30 +0300
0888d36070870a8502863c67a62fdc9e4005741f,2022-11-17 15:44:17 +0300
e9f3501da40ea1f41187c823b3aa3643c77bc65a,2022-11-17 13:53:58 +0300
473e943e904b39bc87cf8a3e921242378f4257a2,2022-11-16 17:48:52 +0300
bd1b7bf0012089e5b80fe878cf618ff1a721abe6,2022-11-16 17:43:04 +0300
dede9d92169e3f35f2dc9ea2f72da387e66785f2,2022-11-16 13:39:00 +0300
e6b17d78951dbb404734cbe2038b5a9c89fafcfe,2022-11-16 13:16:18 +0300
11ea4681a14c743ce9294aa4bb78575cf472e1f4,2022-11-16 13:08:19 +0300
524a43f3e74fbe8afc89214cfd4161541d9878c3,2022-11-16 10:39:33 +0300
087b010127cfd82d72b46b296587de15d5826c7c,2022-11-16 10:33:10 +0300
bc30daed2e062596e0f7688781ed0499f5dc9bee,2022-11-16 10:32:59 +0300
11a54e9493dff0133110eaf5aada062910c45cd1,2022-11-16 09:23:08 +0300
2d6d99428954bd5b0181503fbd6b8728f88aed5d,2022-11-15 17:53:24 +0300
72ae13660e9c99b4b8978bc111317b218424968c,2022-11-15 17:50:29 +0300
f10ba77a97aa29f47a14f9e4ba57e3230a74c5e3,2022-11-15 17:48:54 +0300
6803646a2d0441b236765db2d1c77ae30a8a1ca5,2022-11-15 17:26:43 +0300
96c75bd5dbbced79122c8cbccbd20cd69b4d26ce,2022-11-15 17:25:45 +0300
25a45472c4b305f6366888a0074d4a5701c4227c,2022-11-14 15:19:22 +0300
9c094aa9c7d3270a76c168026770809942eb98d5,2022-11-13 12:08:44 +0100
ac5307ffbc35ff4e0c7e4d1a0bf5b8cc714f0077,2022-11-13 12:08:05 +0100
7bac798fb3893f19965a5f936b774daed920a98c,2022-11-13 12:04:03 +0100
48380c06867a185aa66febf4a8e8908257d16bc5,2022-11-11 17:03:59 +0300
94e6b9dd69e21b5131de365749c1e16c44776f1f,2022-11-11 16:05:57 +0300
7e447397f3f2c9c9779cf6ad5fec7624e0cc594b,2022-11-11 14:43:53 +0300
fc41a514369ea46eaf749c760b185c4d716e2f94,2022-11-11 12:58:03 +0300
91dc4a6eaa6d51f95efec8c31d7872a161f720ad,2022-11-11 10:50:40 +0100
253c24eb076689f11932d37c8bdccc9cdae233e7,2022-11-11 12:36:39 +0300
973da20cbeb6bf5d3c5408aa32d82ba4ebf6cb65,2022-11-11 12:36:09 +0300
fc4d1819d93d72b74d73472b75e26f9bd694caab,2022-11-11 09:25:23 +0000
eeef2a67f2fc39ff0f58d73a468b4209f6b8ff69,2022-11-11 12:22:44 +0300
f0c1efeedcf25f442fcfda78e621997e650d5642,2022-11-10 12:14:17 +0300
3f8d82ba5210ed382b21a85b3d31655c5ce976d3,2022-11-10 11:19:15 +0300
63f738d220c9c81649002eaeeef1869dc7d82277,2022-11-10 11:15:59 +0300
4198c1bcd5c9f06fa9dd71d8b43b28451ff1484e,2022-10-27 17:26:39 +0300
1a3b5617a7fae88aecad8f3afe584ccc185c03c5,2022-10-27 17:25:57 +0300
0d96b4a9686e3d587cb2785cd0b125ae8ae458df,2022-10-27 14:45:41 +0200
74147d6d6d17321715034ec2b3246aade0e0e59f,2022-10-27 14:22:33 +0200
2e73cfa41c4260c8a8d0fa42eaec1749cfe12c4d,2022-10-27 13:58:09 +0300
f5b6350155f08c7b4ae4deb8ee71c2a2ccc42f20,2022-10-27 13:43:54 +0300
62b84421d773075bbb3348992754c32a2efa857f,2022-10-27 09:58:44 +0300
0bba76134ccb3ebafa578c876524c2d7f7257ad2,2022-10-27 09:58:11 +0300
688c1978847ed9581d98f7acf4fa3f8bac804c12,2022-10-27 09:57:38 +0300
793ff087267a7453de4530f3e4665c7872094258,2022-10-26 15:32:41 +0200
f70fdff179ca66f94dfd460ac4d5015a446e89cb,2022-10-26 15:32:40 +0200
337ff19bf0708544597fce5215f4ecd9fc74bb92,2022-10-26 15:32:40 +0200
8875281778fa1403cbcaec9ea67fb09d2cff9c22,2022-10-26 15:32:40 +0200
5b728bf9ca15c8c6281c9ba30305db42278ad500,2022-10-26 15:32:40 +0200
2c120fa0b60eab43520f312eaf984934c5bcb054,2022-10-26 15:32:40 +0200
a737d973f13de798e70f212b2ba24f53c7d7b80e,2022-10-26 15:32:39 +0200
3b22257eedfc2c51b7c8b04de870daa3b23aa82c,2022-10-26 15:32:39 +0200
f75cda1eb072a8575931696c327d071907f30609,2022-10-26 15:32:39 +0200
ae0959776c66a4de9e249e4ef4e4bd7490498442,2022-10-26 13:26:48 +0300
239f0614ce192f990faa30b96c41b47105e8f14c,2022-10-24 17:01:07 +0300
6b1cd2a494bb4d6fbfafe34ab6c72d563be769e7,2022-10-13 17:53:46 +0300
cdefe9056551eda1bfdaac5f7e33836b2b884fdc,2022-10-13 17:52:00 +0300
ac7973a413d1e9f4eeca6fd2c8fbe964342b4c40,2022-10-12 17:54:58 +0300
3047b6cfc66b6a9ea7f30a5ad88b6147e7f4d71c,2022-10-12 12:32:04 +0200
317897267e1a08531c62c8145768108e0bf76f7a,2022-10-11 10:10:33 +0300
c528601feb2812a5f122a54d4227301d71861cb6,2022-10-11 10:07:56 +0300
dcd58c500d6674a1e28d14895a48892465725c2c,2022-10-10 17:56:43 +0300
b6ae60bf37c64435244a11e9d6480e73aee0daed,2022-10-06 11:40:04 +0300
f8149e307f6a5f644c18d5aaaee9444fdfa83177,2022-10-04 15:08:00 +0300
dc03cbba682f84456c0c37bd436f6bb2c6670fa1,2022-10-03 17:14:40 +0300
71e94612ec518e0286812809891132252b34dab7,2022-10-03 12:02:58 +0200
2c4be07aaa17e0d49a70e664fc81455dcc05e6a4,2022-10-03 09:37:06 +0200
3ead5d83f1cffa972d66a94704d94f0fcc2bc5bf,2022-09-30 15:59:51 +0300
1774c32969fcc73ef1cf42a585377877b3661470,2022-09-29 17:57:25 +0300
feb1b89f9d3578950310d400746c26980d2056aa,2022-09-29 17:35:28 +0300
9cdf378e1dace9f0964e2f4e7d15050ed6ce504b,2022-09-29 15:41:40 +0300
652ede9647d0db7508995b11304312d5b2cc4884,2022-09-23 16:35:04 +0200
9a3cd2f468bfe63b5795abb25370665f3033bb1e,2022-09-22 15:11:34 +0300
ea686b8bac351e48b26b01f715745580f8350823,2022-09-08 14:26:40 +0200
3b0e9a1fe57a7c41eedbe074e4a48fc5268d043a,2022-09-08 12:05:39 +0300
7b83a91b9bf66c64582354f054244ac2106d85ae,2022-09-08 12:04:32 +0300
294c725f89aba81fc64cbd02c1d75484acb813ff,2022-09-08 10:06:37 +0200
94c18625a9d37419130e2c2034472879684005a1,2022-09-08 10:06:27 +0200
61c2b4b3e9fe66412c0fffd88bb3ca9ad53093be,2022-09-08 10:06:14 +0200
2dcccec48f207e86cc59e8e6f0bec91d227aaad5,2022-09-07 16:45:40 +0300
66eeb6c8e22224e339c32e3dc31143ad7c1fcd85,2022-09-07 16:45:16 +0300
d405ac46cc310e18863f2a331ac530004898ef6d,2022-09-07 16:44:56 +0300
9b04dba4ffbfe4b4131c6e1864ca41c26050024d,2022-09-05 10:19:09 +0300
bf7953e910d5d47e6a25878a457e977c3d10c39d,2022-09-02 16:28:11 +0300
a08d54c9ca24e997b043ae23d1a8a199680d86f2,2022-09-02 16:27:47 +0300
6eda40e83b85e7f9ef21681a5e70b2e1a50b286a,2022-09-02 11:09:23 +0200
e6da55280fbbe9fbdf7eb905138cd504871499b2,2022-09-02 11:05:06 +0300
b2dc5f5f47ec3ffaab1227046155f73494ca3df6,2022-09-01 23:55:59 +0000
bd21694cb8ea3f956fd368eab31c915dcf75151d,2022-08-31 13:24:54 +0200
597eaaf604ddc5ea3d9c71d07d8c900f6ae5dfc4,2022-08-30 13:43:41 +0200
e7dda56c8365d0abc12011745d136618fad00bb7,2022-08-30 12:27:38 +0300
10f405f4d2377f16854a44fe97a483e5c24d89fe,2022-08-24 17:16:25 +0300
f021e0c771cf631b38316e601bab9a0e5061c6f2,2022-08-24 17:15:24 +0300
89370c5e72e872965315a4024b0e6f6e8a7e91ca,2022-08-19 14:22:08 +0300
68352c2b62fd61c2f2dda5f34df5307c9fb4dc51,2022-08-19 14:15:26 +0300
bfdcbb56d7ba1fd806c2d1fe4733b45664ae542d,2022-08-17 12:32:05 +0300
56d8520cfece65ae119563e9dab3f943876f1bfd,2022-08-16 13:38:15 +0300
72b5a62544fa2d9f80a2620d3a43734b9045bfd6,2022-08-16 11:08:41 +0300
9ae9903f3470e361a4654d0be06b1f9a4c974288,2022-08-15 14:39:14 +0300
d1bd7c5e8223150acf7316e1464c4fb5bf6f94dc,2022-08-11 09:09:22 +0200
0420c77342558bd6a11c794860a7582875303853,2022-08-06 06:11:40 +0000
188041973d8687da962626a32b81d1bfc6f13e2b,2022-08-01 11:04:13 -0500
1e1d528ad773378714c985d2d0c801f3a0082e3b,2022-07-29 18:29:07 +0300
1f64a4f328611a0a971cbe571ae4069d47f3a4ec,2022-07-29 18:27:25 +0300
2f14e51de9cb7c2fd35bf3a91d703ca1f4a254ab,2022-07-29 18:19:02 +0300
8d00eef0b40fc678ced18cf4658c2c0d05ae2d20,2022-07-28 16:51:14 +0300
4cf6bb5c7de4beaa8ae8d8d6a6b88bf2aa9c5269,2022-07-27 14:51:18 +0300
1af5ad353725c1a9d761d833517c1487d2afd536,2022-07-26 15:19:02 +0300
585a39a9234ed42d9650012e7dbb1ddd1e4ed3b8,2022-07-25 19:09:35 +0300
47fe64b28159b529a2324a964c7504effdb0d873,2022-07-22 19:07:46 +0300
cae3d6f34c01660d4e4c12add8a55fa7cfafd01c,2022-07-22 13:52:26 +0300
97ede0950bd9b9d0a97972fcf8aeb34b9ff2c320,2022-07-21 17:48:22 +0300
eacb52cd502340563774980ec7b8a5fdc926c649,2022-07-20 18:55:14 +0300
c39d93244c9d47fc2a8c37fd59211e43d73469ef,2022-07-20 18:29:59 +0300
3925135ca430a98b285da2832421e199603696d1,2022-07-20 18:10:35 +0300
011051ef3624d969bfef059de1ce71ae939274d0,2022-07-20 14:51:51 +0300
21e628fc08833c04bb8e6720e26e623cbd5592f5,2022-07-18 14:45:34 +0300
ab7fddb8a04eb06cbe79e50ca41a72a0159858de,2022-07-15 18:46:37 +0300
5bb9ad566d1e63b904b83ab434ea996197278789,2022-07-15 15:25:50 +0300
7483f00fdadf6de2b5fd926b2de94bf9cc75fdf5,2022-07-14 18:36:16 +0300
c1e3e91a0faf95166edc56001bde12c9fabdf805,2022-07-14 18:34:44 +0300
474de13531c7b9ecd4ab995b536c69195675cf86,2022-07-14 17:34:54 +0300
fee848de3895952a70f93ff4ec5f6ce3b27fa177,2022-07-14 10:55:05 +0300
f7a44ff1decce0f9eb7c2c616b0595c92f35806f,2022-07-14 10:45:33 +0300
1debe62f23a29027c9de55c4cdcce4b9b7661dec,2022-07-13 18:10:08 +0300
7823a87012a36ee8c0e3a844530a91977e499a6e,2022-07-13 16:26:19 +0300
45c75e3d99f292432c09853fd42e7bfec4bf5815,2022-07-13 13:28:21 +0300
e77663894e565699d337020563fd249129be0ac7,2022-07-12 18:52:05 +0300
39b3345363857a30172b838041fb1c503e85112f,2022-07-12 13:28:47 +0300
1bd88436c44077f1aa7f0a576b350d2f8f9530f0,2022-07-12 13:28:19 +0300
27116ccdd7604537f7891033526e6a983ffb0374,2022-07-12 12:27:07 +0300
b3c45f22eb339bbd211d9c01627120f145482452,2022-07-12 11:10:54 +0300
95a4d90ce463a9220e921c376aef7d6521498736,2022-07-11 19:27:09 +0300
b4df16bc5f4252fbad62b7241a11a92f69460bad,2022-07-11 19:27:08 +0300
f1b7993da4e01b79120982fe0a80bbe3cbd91581,2022-07-11 10:09:29 -0500
09e0879efa78bf89155544fcf87ccbaafb7b9d1b,2022-07-11 17:19:51 +0300
5a362295f6d35494e178c6cd1f627dc5bca9d604,2022-07-11 16:37:39 +0300
7272ad41171e8cf3ec3cc31b3ff14cb0113b19b3,2022-07-08 19:27:58 +0300
d363c21c9263993797b35f5f3ec8aa23331ff75d,2022-07-08 19:26:22 +0300
512492887de49c4d6f8c706c7397df66a071eea0,2022-07-08 18:17:49 +0300
59de5dac0fb985f968e0719ce0a59ca12b9b0629,2022-07-08 15:51:50 +0300
b0de688c1bc0861c8712cee4649234130053c974,2022-07-08 11:03:15 +0300
96819eb6996ce979e85c7504bd3d659beeece43e,2022-07-07 21:48:30 +0300
0280cd257dbdd42a637ccf8f7c2fe0d2d25b9028,2022-07-07 18:39:20 +0300
c1247afd2b60d02f0cf86a9ed7b4ecd24871dd6e,2022-07-07 18:26:02 +0300
220c4b42776bcc739cbd7eb057b8249350127aa1,2022-07-07 18:24:47 +0300
984bbf22bd00d42c0b86c12c3542b8f1e735f952,2022-07-07 18:24:31 +0300
dc23c45256fded9a6db038912c27b65ef8a5759d,2022-07-07 17:34:44 +0300
1a3d937975bf8ea50977f1e2ec4c5ca8736ea2ff,2022-07-07 13:31:47 +0300
3febea98b4d114131d421b369e252985c7f42420,2022-07-06 20:17:14 +0300
b69f5d1df253b05bf788204b838b21f8614de592,2022-07-06 20:15:47 +0300
c29949c5519107f7fe2088477aae1c88b915917f,2022-07-05 18:01:45 +0300
ecb0273c169572fd4a983fda4c20b9d0d069cad8,2022-07-04 16:51:51 +0300
cb0efc42fdcb5c3f7dc2d9df34b64a2776299ac2,2022-07-04 16:51:36 +0300
3c995f84f80ba046bda8cc1dbf8c591a06ab2bb1,2022-07-04 16:51:10 +0300
31800cfe97d03317862b1e7e57fcf60c1c047b6a,2022-07-04 10:47:54 +0300
4c2c51c293dae4c3f440ea059a93a3578d7ecf14,2022-07-01 19:22:07 +0300
acba82e8a59e3fff3ba4afebcb2d9f91136c35ca,2022-07-01 19:19:46 +0300
d2408475d53eb72cb15bfd884fc245589c15b5af,2022-07-01 18:35:36 +0300
36add985c22aa06b2334ec6b17d79f02fb1010f8,2022-07-01 18:06:13 +0300
e752587f3e7eb5b3afcc1ddbf665a109e5ab0c41,2022-07-01 17:54:46 +0300
409ed9564e1da0a61d5002891506eae5a3943841,2022-07-01 17:29:36 +0300
38f7f775317667747415b66a7e3f8403e6533ff2,2022-07-01 16:47:15 +0300
1679ad104d75b6786b21642ab7ee6462058f037c,2022-07-01 16:09:14 +0300
51ce6266e472695e3f5fcadc8a89c486ecc177f0,2022-06-30 18:28:29 +0300
963800f520e124a344b73f26d3c8b55d374ab004,2022-06-30 18:27:56 +0300
6e083bbc051af41c02e0f48e917b85beba24b6a2,2022-06-30 18:16:09 +0300
336f0e5297fe6ccdc3b1904ab4f6ee2c6d1ab9dc,2022-06-30 18:03:11 +0300
f3b5ccc3ef8a14a397a7c370847775c4beb7d71a,2022-06-30 18:01:57 +0300
4e1bd02c6c0a4ca42321b4d1f5688cf460829f92,2022-06-30 18:00:18 +0300
1c7e37aa9aa41804676b0c707a768e977c1ef7ac,2022-06-30 17:59:35 +0300
6dfacf996c34aca6a66a4f10a5a9c4ed6d0b436b,2022-06-30 17:58:20 +0300
83177d99df4d3988e4ca6ca72b716ee2fa41eade,2022-06-30 17:55:27 +0300
ade14fae6df34124e379ea3608500f2dafb0744f,2022-06-30 16:51:16 +0300
2e2e9a0db97e0bb37430747044f03d5dc245c747,2022-06-30 15:32:11 +0300
1df27fc08d407c025eb025b1dd2edb8b5e4466e6,2022-06-30 15:31:59 +0300
48717c915716e30185e3c8e984089045e76abf75,2022-06-30 10:12:39 +0300
2acfb152597ce0f5fff921ccc48b93d4672f2528,2022-06-21 00:52:06 +0000
7babc3d9b8fcd25efbc426df4770dec29a77ab22,2022-06-16 11:08:49 +0300
98aa6bd4667e1f3f6dca2b08a3511ec304ca5567,2022-06-16 11:04:10 +0300
e70a61a85ac21d9c757b8cc031f74efe37b8a662,2022-06-03 13:07:44 +0300
5e5ce45868544c8b2382913741f3fe39e907a4d3,2022-06-03 13:07:34 +0300
25c3692939f7854d1a7ff900232d573775965cca,2022-06-03 12:55:20 +0300
f18730bbee06ef8cb7abc96238ff7f254dd65c80,2022-06-03 12:00:00 +0300
242d11c1742bd17b0b2eb43257b77bad1cfbd4e7,2022-06-03 11:40:20 +0300
dbf88220c6ab8dd76d2d0faa48968f7cf8cdb032,2022-06-03 11:00:16 +0300
fb1fecea13743442c5393f473aff52e0412152ac,2022-06-03 10:47:05 +0300
a4c121836ddfbee1392a96cad5a6021bb032e75e,2022-06-03 10:46:33 +0300
dcbad18d701c077b89fcf228acfa332e8ace0f4f,2022-06-03 07:38:12 +0000
48c359c0d52f658fe00d9d9739dbee60c2c05a70,2022-06-03 07:38:01 +0000
c2ea0cde00e4d9bf6f6e0d8649e9a6dfe1548aec,2022-06-03 10:35:52 +0300
cbc9ab1a0acb230fbe97540866ab49cac7db9b71,2022-06-02 11:09:18 +0000
7cd4a228af590b8be942df6c61db4834e3b360c9,2022-06-02 11:09:14 +0000
5bf54f015dd3509f47a48afc81255d106da46d92,2022-06-02 14:07:21 +0300
5561cda35306e67784581da2ab471af556cfd6c6,2022-05-31 15:50:02 +0000
2cb94fbc841a84e8089627a623e35387ef01b988,2022-05-31 18:47:06 +0300
05c0d3e557f2be5032ae3277661c082edb5cf409,2022-05-31 11:49:28 +0300
cb4690d016095d658b6e7c361b4212488148dfb8,2022-05-30 16:56:23 +0300
4788099601de5b688dad982792c437df18895bd5,2022-05-30 16:56:01 +0300
aaae7b2b7476f43b506a0af09504b75d09e60e11,2022-05-27 10:01:24 +0300
5bad09f229d8c2475d3a5f11eb40e4ecfa1d81c0,2022-05-26 12:52:04 +0300
8b9aaec682fcbfa4e49550e5be4c60b9ccd8819b,2022-05-25 06:14:27 +0000
b8046c88c92f5a7617403c292efa8e177ddcafa6,2022-05-20 18:14:03 +0300
01c3b45a8d822793f99c0d14373e76a1538c97f9,2022-05-17 20:03:50 +0300
aeb9945246ec22c3a66dfc5c505b43817436b3bd,2022-04-21 16:34:50 +0300
bfb848e2d36161c4f14676c8e583abc2d9c2bb79,2022-02-17 11:13:24 +0300
94cfc16d26619f6bae35bcf57b426abc54be6f8f,2022-02-04 14:38:32 +0300
cca17b4615ed45e8cb2c54cdaeb21523210d6580,2022-01-31 18:23:03 +0300
3d380e3f0cd87857dce0c6d44baeb2339d0ed9d1,2022-01-31 17:55:19 +0300
b451078f7923db06b8818fdc4574d74af2ffcc5f,2022-01-31 17:54:38 +0300
47b5fab7db7eb7dfe141a170cad67ac4ab727579,2022-01-31 17:53:56 +0300
721ce2d9d011f059ee9ea524a1531a59720128bb,2022-01-31 12:08:45 +0300
d6beb87eacd9ef126c2ec6a1a89fb3b23dfb5912,2022-01-25 17:22:57 +0300
a54bea87af5520efdb975af5e59a27b8f72c2880,2022-01-25 17:16:13 +0300
1ed8bb639f7214862814be96d14eed710dd3778a,2022-01-25 15:02:10 +0300
1d807180ebdb038d2c87d559e2ff1e6deb55aabc,2022-01-24 16:41:20 +0300
4ae3756ab437b7266138030dc18f32c54ffaa26f,2022-01-24 14:44:43 +0300
13501cf6c5628386f6265890e46b4dac8b2018a5,2022-01-24 14:41:15 +0300
9aab299e447a0f84d4d8c8a4dbeee39480474f7d,2022-01-24 13:44:24 +0300
15529628ce27eff84888e95b14f8f882386573cc,2022-01-21 14:41:20 +0300
c0d59a85464ef1894d132bd4b6ab593430c85304,2022-01-19 12:28:07 +0300
1e21d95ef5bb8e4c193dcb57b36389c44b20b58c,2022-01-18 21:46:02 +0300
bc1929807b5db5f08258344db182e897b1c3d5b4,2022-01-11 17:58:56 +0300
76d31a7e1f86ac5edfb64ef445a83278abd8f180,2021-12-13 13:03:52 +0300
4c801b4531bcd0ef7e1a5b78209e807b460abb95,2021-12-13 12:32:25 +0300
2130c0e30c9ff2aecaa20a92f195eeb8a2193960,2021-12-10 15:23:32 +0300
1c07425e6c3241c84d5ac3e6e949adaada719105,2021-12-10 15:15:58 +0300
97591b837275b6860b5690b010a333687e6e6fdc,2021-12-09 11:25:35 +0300
8a759c92644e7e62f2a437a4feef68ee45b79f76,2021-12-08 12:01:54 +0300
9adb7b6fa35f1fb9eb3d4bda7175a910c78a1159,2021-12-07 17:22:08 +0300
0e56a4767e50a28bd0505eb5ebbe01ff407a9216,2021-12-07 15:26:06 +0300
3410d5564bfd4b720622eb72d03c85d7a6d97f08,2021-12-07 15:14:10 +0300
1f712fbdee9545b33be59ae29b8f9a9110932886,2021-12-07 13:13:23 +0300
8c7845e92fc37238cbcdf0d2e723ee97bde6b9b0,2021-12-07 13:05:28 +0300
d1c063ade411ebd31fce66b5850a6a30da3fb3b8,2021-12-07 12:38:33 +0300
f65bf950b8e1f1d66a1710c04b8aba7cbf03d988,2021-12-06 19:06:15 +0300
aedbb49f58dd94b68f59d8bcf0028420b8ba19f4,2021-12-01 14:26:32 +0300
990ac4712c3ffe9aa0f3a837b02425d1cbb0693b,2021-12-01 14:26:23 +0300
c22094c453354406cd1751cd3d0b6d69ea062646,2021-12-01 14:13:00 +0300
9dbf1404dc842001da1dd26ee35a20b54d36153d,2021-12-01 14:03:18 +0300
5cd2de8f59973dbd5113bf4eb11ebd5cd96c760b,2021-12-01 11:52:25 +0300
52e265d3142da81c6586f9944782c5f3737e1a97,2021-12-01 11:51:47 +0300
ed7968e1ccd724d208dda28eb6ed6d0ad7ce95a0,2021-12-01 11:12:38 +0300
ed4cd5d0e6b6615a21f904a6b579671ec642aac4,2021-12-01 11:10:19 +0300
b338026432f331cb48084708245a054f6a5a0986,2021-11-25 16:17:25 +0300
c291ab0524473e5ab93c3f6e0cd86cc9ca8a0d68,2021-11-25 16:17:16 +0300
051efb6e22a0d8ca1ef729d0ae65b42ea99e7a4b,2021-11-25 15:23:12 +0300
fda0ae4a720b33ec7163d7420d063b22e7b40905,2021-11-24 18:41:49 +0300
82be992e6b4ed74ab193f9f3c73292665386f43b,2021-11-24 17:31:56 +0300
adebe068731ecd9d085cdfc7b68bd2fa76ecc99f,2021-11-24 16:16:18 +0300
e63347e5f0acc41e0b9fc463bcff02fc3d57defd,2021-11-24 16:15:44 +0300
94503e596845e95b98087a5f946223cad6d34b6d,2021-11-19 17:56:55 +0300
cbd18b6de7cb54a3c6de14e4c223f4668a04edac,2021-11-19 16:54:52 +0300
cd8f404f6227e4b49b19503d5491152bdc521043,2021-11-19 16:36:13 +0300
2d74922db903723e997d6fe9b74654a078c3c2e2,2021-11-19 16:34:42 +0300
a1a17f91f0f2e06bfc230ed393d82faa38105c19,2021-11-19 11:13:25 +0300
f1bc36cfb52ba4fa11b029a28cdce8e02833eca1,2021-11-19 11:12:38 +0300
be8261e15ba8b15c48c2626f5bb82ce946662a34,2021-11-18 16:47:36 +0300
32cb848b566c7ba6c91bc6836de40a370776dda8,2021-09-13 11:52:50 +0300
444df33111c9bc30165275ed46137ef3c2daf34c,2021-09-09 18:21:38 +0300
4f9b591af0675fbea1bba34090a4452143823fab,2021-09-09 12:26:29 +0300
8e726be3b8f41e7f0a73a6cb77ac7f0af6117fac,2021-09-08 19:13:28 +0300
3c2175fc7dd9053ee186f19a38caab5f2292fb63,2021-09-08 17:45:47 +0300
47f444d5f3a8aab1f5c652f712fcb740144124e8,2021-09-07 16:46:22 +0300
d2685c1e5748c64d24a020257c67be20452ec70e,2021-09-07 14:35:21 +0300
642c6b17c8d4e357e3cc62b1797c59cdf70029af,2021-09-06 19:46:53 +0300
e44b3aafa98e568647c6445f0fa05db0472d429c,2021-09-06 19:46:11 +0300
ee4790da3419a041478c04091ed46cf3bbd3ccd0,2021-08-18 20:44:29 +0300
cc00981b7d68e57fa796bb25a3f579ea97b81077,2021-08-13 16:31:00 +0300
cf2aa1fa04b920b49818c57eda15e2826b076394,2021-08-13 16:30:24 +0300
7476c406286a5f256a4071122d605ab71fa33347,2021-08-11 13:01:21 +0300
d5fbfc855cef50c8f4e49b66ee43f884880e5db1,2021-08-05 12:01:51 +0300
5f9ab4f8b93a85cc460031d010875153c9a61b76,2021-08-05 10:40:44 +0300
9faaaddbc184128aed25a507e56b8ec95dfd6241,2021-07-30 16:56:39 +0300
24ee431e49068b3cad9f87a4388bfcfa27ccaf68,2021-07-30 16:55:35 +0300
8d6852452de03500dba8e8edf4bf5b5faad31dbf,2021-07-22 18:14:16 +0300
8f22799d13ceb9d4db659d6bdc30ecdd9388ec58,2021-06-29 15:42:25 +0300
633f07f7331c3d74090a044e30def48d77e58b17,2021-06-29 15:20:09 +0300
056ce2a1ec10578d163514728763ffb2cd37af6c,2021-06-28 11:31:29 +0300
65de49d46e97be837dd4d10d7526bf502fb6f961,2021-06-21 11:49:12 +0300
caeb4b457493495f8335de8a2db46162df0aa11f,2021-06-14 18:38:12 +0300
e4cf402cff93193c8e5ac42276307abbe4585cc1,2021-06-11 18:55:08 +0300
49b092d0d1c47b2bbbc2d3f598357f6786565d02,2021-06-10 18:07:28 +0300
f521188628273cd4c415d6657805223e70c326d6,2021-06-09 15:46:08 +0300
d5141f6f98cf58e6263604a5f4039781d77dea16,2021-06-08 12:23:48 +0300
8169b1fdbe8a0eae213e670b9859ed4dddc84161,2021-06-07 18:54:59 +0300
51f97f602ccded98a45750551ae329f639c05261,2021-06-07 15:34:08 +0300
d740e466c671ef8c3b70b908a77ccead5bfb3d26,2021-06-02 18:15:56 +0300
27f9d3500c7d46123673b95e97581983cfc8bb52,2021-06-02 16:59:31 +0300
05eb42e1bdf6825cdfcfdb0b91ca5cb6fa5c943d,2021-06-02 12:01:08 +0300
8af684a960a304049b0f6383e00ead7a47a5bfa2,2021-06-02 12:00:55 +0300
2ba9f341db00982a6506ad85c2d73bfe4bfeb337,2021-05-31 14:04:48 +0300
722a1fd3436fe4c3e377803c3d255575b7d08527,2021-05-27 11:06:54 +0300
0d29a32ff98b7af1a1149d47aba10bedec38024e,2021-05-26 15:27:22 -0500
2e11cd0e093b97b8f4dda023f92991cf4fb1b7d7,2021-05-26 15:37:24 +0300
6d20bfa5a61c974463ba09a9374059d3c8aa4282,2021-05-26 15:30:41 +0300
fc6565a671354391de23045f64719c4ee0a280bf,2021-05-26 10:50:43 +0300
c62d44169bf8b9ab362d326de9c6d388d928f031,2021-05-26 10:50:43 +0300
5e8ac71922ed6aaf1ba59089d1e57fe9f13bccf5,2021-05-26 10:48:26 +0300
3fb01e2cc847adb8519be32a5ab4830425dcdd74,2021-05-26 10:47:11 +0300
8d81ef96b65181cde3e040304301584377568dc5,2021-05-25 10:27:22 +0300
48206e7d45df34d1fd771e03ffb91738038e2ae4,2021-05-25 10:13:08 +0300
f499a7f54a2cccbed8cdb3e1a206bee66f5e88f5,2021-05-24 13:02:30 +0300
8b34b38763926d01aceb9c2a0ff2d7f329004b94,2021-05-18 11:36:08 +0300
c1b9f38d3a708d08894ad1892bd799d74bfa0896,2021-05-18 11:26:16 +0300
847ada1ebe897deddfe54a1ee2c4490d953ce028,2021-05-18 11:16:04 +0300
55e329aa32849eaee60a4006dbbf29b76321dd49,2021-05-17 10:43:50 +0300
31fdde835ec7c17a47b6f460313f45193da258b4,2021-05-17 10:20:22 +0300
4ecee39c4289f57f3686a5bae612f720bf7d5462,2021-05-17 09:51:43 +0300
8f9c98c6011321a33d37b565dbe14fdd9334a2df,2021-05-12 11:45:09 +0300
6637286f6feee7c9c7025d36c0d4a90e43ff6aac,2021-05-12 11:44:54 +0300
8f9844d18f66e0db76d2d360911b1a9228d3f58e,2021-05-12 11:44:36 +0300
6b584a412e0ca2a9dd0e1c41079fd3fbcd960fe7,2021-04-26 11:26:55 +0300
2416fc81cedae2e8fed947c48af574ede7b9b0aa,2021-04-26 11:14:43 +0300
aee5997f6afbdb91d734915739b71d2ac88ef165,2021-04-22 11:53:56 +0300
2cb18a1df022bbea2b77d2b7fd9f557d46972966,2021-04-22 10:36:11 +0300
54cb1f9be52d19a8627a477dbdcd6900f9058eaa,2021-03-30 12:42:24 +0300
16d61acf01fefd2e1a6f2d31440c10863406510f,2021-03-26 17:54:35 +0300
4fb34fe5c71e674754676fb5548f05cc928e1497,2021-03-25 18:34:09 +0300
54d7728873ac0f0646d07a794c97f1685fe5dd93,2021-03-24 15:56:14 +0300
b156addac1c8e4079fa88e977fee609210c5da69,2021-03-19 15:35:16 +0300
e8de8a5b2c79f23175d5af163c22ec6c69ae714d,2021-03-19 15:34:32 +0300
9a4e109def40c4f3f5bc19cdfe7c18b18979ee31,2021-03-13 17:10:02 +0300
1f9f96ff96bcb53ee8c9d8bba069d6ba73d278d7,2021-03-13 17:07:08 +0300
3544c675156a7beddad9bd8205ddbd49e0f40a95,2021-03-13 16:46:09 +0300
3691ebf1731514f0c711ed874d80584304ce428e,2021-03-13 16:36:29 +0300
65a6b7fb98e0b9c0d44aea21478d490a4ec6933a,2021-03-12 09:58:11 +0300
8d16ea8c9744f3f2c85d10c156915922ffafc90e,2021-03-11 16:42:54 +0300
21cda9370698e7223263c9269b5ce63f15bb3ffb,2021-03-11 15:00:23 +0300
85c0d6d995b0c29bcd7d703a7da8aaf67d476074,2021-03-10 19:31:34 +0300
22327d3891a70a27f83a396691a89fbbc476a536,2021-03-09 11:10:49 +0300
239ded1a43bbd6ccd806c78bbfeac5c54900ebc3,2021-03-03 11:24:48 +0300
3ba831280a77aeb5c5d701ee7480563068938729,2021-03-03 11:24:18 +0300
907b3cdc069cb2cf0862e2e76151afd99c55af2d,2021-03-01 17:25:58 +0300
37ee115185a3234c14d7dcf1bc6afc014e7225c1,2021-02-25 15:21:36 +0300
d839fb7871aab6ddb3590e5acff39b7d16c75c6b,2021-02-25 12:12:57 +0300
dda8c4870f679c10730673fa8d2eaa1bc401e3f4,2021-02-24 13:31:53 +0300
b9d0aa1da5151ecf787eee61fcc4fbf51f4ff1bc,2021-02-24 13:27:38 +0300
71a9ea9c38d3dd8cff65780a579cf99a760da663,2021-02-24 13:27:02 +0300
ed86e5d770867bf1c25c6462be1db7cdea510026,2021-02-10 17:26:39 +0300
c99680429a68ebd992d99f1f4988fbe739f1e7bf,2021-02-10 12:30:33 +0300
ed66f0e4e8aa73c5cd49fd6237452786b85db7e7,2021-02-08 15:46:18 +0300
68901e4c908e59f02c64115b5042f76ca71171e1,2021-02-04 13:18:47 +0300
0391752777fe403149a7c20238825db611b5682e,2021-02-02 17:40:07 +0300
85827c11448d7f516bdf309d2f026d7420a5b502,2021-02-02 17:32:00 +0300
7d8cfc97cfbc084d204eff458515924a3cf16347,2021-02-02 17:15:27 +0300
34d417e206a9d375cdbc6f4bc194395c2b7e1c21,2021-02-02 17:12:45 +0300
376beca6e8bb69fa41f5259d6624e94a4c55664f,2020-12-02 17:55:34 +0300
27b215959cccf318c5773c7fffa093a2287a7588,2020-11-26 10:11:46 +0300
5209b9f533ab5f2ac97d31eeb3d1dd2c4dbd64d8,2020-11-23 18:46:12 +0300
83ccec8b43dc0bad2ff9a5fd0ae15e8ffd811b0d,2020-11-19 20:51:33 +0300
d846a408ca432a533fbeaaeb822051f27e8cc32d,2020-11-19 16:37:45 +0300
b25e5acc2926933c9d07b6ef8fcadbcb5f9d0b92,2020-11-19 16:06:19 +0300
9b465cc034734a4816d873e9531349553c93dd84,2020-11-18 12:14:37 +0300
3b64f0c1b2583ab505f32e1a14569a199e00b566,2020-11-18 12:14:16 +0300
271e680af0378aa63730e8aaa79c048567c959f3,2020-11-12 13:53:55 +0300
3f614bc80254068b26679c12c3c27916248c8610,2020-11-12 13:36:06 +0300
c84f39435a91b8e98ec5e4cb2e199569ddadd8ea,2020-11-12 12:26:08 +0300
6715e35b20f4981b79b35520ba309997bb4a8ad3,2020-11-12 12:00:35 +0300
53cdf6e1164228adc7dc67c35de614d4ba32b9ed,2020-11-09 17:56:52 +0300
516b32b1ea00008c1cb38c068e7b2c8488485b6d,2020-11-09 16:42:45 +0300
62cff622f9f6df0ac40c6567b55985c6455952e6,2020-11-09 10:40:25 +0300
c90c58691a209b8aa1888cf27635aa5f76a5d4d0,2020-11-06 13:20:57 +0300
f29812d7480386bf6edfc183b92d53d7d26a8721,2020-11-06 13:07:03 +0300
db80de56b9f12bf7baaaf37f06f27d7523874037,2020-11-05 16:32:15 +0300
c5de542a0f3977dae9835262c898c983b49fbe3e,2020-11-05 13:14:42 +0300
5a6cd573cdc7df9af1deae279f7769f8a5e43fff,2020-11-04 17:21:24 +0300
a7b36294d0559ef7c3dd4b75055fd96d99c05db4,2020-11-04 14:49:43 +0300
814cce596681c606ce2f5725e00b47573c81f751,2020-11-04 14:46:01 +0300
1bc3ae2281d17a5a323b596e507ba6fb2fd71fe5,2020-11-04 14:44:51 +0300
2df25602c6e8b6c391386d45fed5dd5e2e4babc3,2020-11-03 18:22:10 +0300
b3ae66d55e54dcd01b93397e14cafeae032483a9,2020-10-30 16:50:40 +0300
5cf1b83e072e97ae8ad4d16de05d92f37ded4896,2020-10-21 19:13:39 +0300
d5dde6af44489ce8de7fca136eba1db358e073db,2020-10-09 16:58:15 +0300
6259e9d2b7cff5769eaedcd13db24fb425078e70,2020-10-08 18:07:24 +0300
40dee54def44221777a0be5bcfac474e583f5a96,2020-10-06 17:31:10 +0300
b4925f0d3fc9874f46fdac14e1ba6c33907b3b01,2020-10-06 17:24:26 +0300
c8c6e9928c48e6b1c68b8e01443fdc85964f37a6,2020-10-06 15:37:55 +0300
117f2f828db1d045db0d29257c19bb8a9bd9a3f1,2020-10-06 13:25:57 +0300
ef042ac76c2f146e549e0d36d16e94554b96d42d,2020-10-06 13:25:57 +0300
a35e579b7af0d3e8923763cb9761560f90ffff9e,2020-10-05 13:52:44 +0300
215c3d07221abb4e63d7eddd106e295bc217054d,2020-10-03 10:57:44 +0300
2625c45d978c6303c2d3506df950fe93e1aee437,2020-10-01 11:43:35 +0300
127f9ec08ec91a7261a99dda2d5ba5f7dbddc361,2020-10-01 11:43:07 +0300
d1d1612c34e03e805585f65f8a2adedac2a4f60c,2020-09-29 12:57:11 +0300
281f674f34a15558cb908e7e8225027531032aa2,2020-09-29 12:22:36 +0300
c1f9be0ca4688fa96403910fadbeb69f4d39abb9,2020-09-22 16:50:48 +0300
1cfd2dbbed4280ba75be29bab02fd6281f3c477f,2020-09-21 17:07:54 +0300
d4290e1fa00a24e9f00133dc3be4c06f1968e5f1,2020-09-18 16:13:23 +0300
cb3f65ddc5fb8aeaf690756c77566309e1acbe55,2020-09-18 16:12:59 +0300
daac9549791fc9d1e65ead5185c2b0c33257cd38,2020-09-18 16:04:48 +0300
34f537badf8563ea20cd4a142014169bf2271501,2020-09-18 15:30:58 +0300
8dd1c31e1fe6a7768bde636bb016c47de8949652,2020-09-18 15:30:45 +0300
c81b0134a9069510ae5d4a85ac3352a9282bb1c0,2020-09-17 16:43:44 +0300
32ba2af3ffb5846782ced628a79095d246d079c2,2020-09-17 16:42:34 +0300
accb1e25ae00f3f53ad756364c24bf70eb746d99,2020-09-16 13:29:29 +0300
7411fdf400904ccb6ecb1c1b47ccd52e297a65dc,2020-09-16 13:19:41 +0300
1d142840ca19520d8eeda25d58e9552257aaebb1,2020-09-16 13:19:41 +0300
33a64369c4cbb5bac4169f879361d8f9ce1316e6,2020-09-11 11:40:37 +0300
0ef8ed202f3a0df288125a7f3e6069c7f30509d3,2020-09-10 09:54:02 +0300
9934d683b484238d2a58da83fdcedf27580893cd,2020-09-08 16:23:45 +0300
3a107958b90a365c987a5e3f86f9105538c150f8,2020-09-08 16:13:11 +0300
d26306b66d3ebad34de1fa610115384513e7a2ac,2020-08-28 17:03:03 +0300
62e7548423b54e4e8e09a1f7eafcae1f28a52852,2020-08-28 12:44:27 +0300
18e67b09a8770af0aa6c0cb128aaf7dbbf5c039b,2020-08-19 11:03:58 +0300
281cc6497940c97ec9f405abf1a29c9080ddf131,2020-08-19 10:55:57 +0300
33059573867ea5fb34ccb45c5e9ae016e80998c9,2020-08-19 10:49:30 +0300
823c8ececf6eb8c00e6a33d8b5913c5e227076cf,2020-08-06 17:50:05 +0300
be9018ed653bdf3b1db92090a2acb43a3d23fdc2,2020-08-06 17:44:03 +0300
0e2fe3d164d568c872acfd61c512944b43e900a1,2020-08-06 15:10:04 +0300
dfb4e03f61780db62c9700625f0c28ea46f51ef2,2020-08-06 15:09:40 +0300
1ff6f1b0fe30d285b3433e1b30f4558a8f7ca21b,2020-08-06 14:25:23 +0300
b89faff8ee9b70ec1527b1b2cf9fb21c9910d053,2020-08-06 14:17:33 +0300
641a56cc0e59a39be13589d4f6906a1aa0d593fc,2020-08-06 13:54:09 +0300
19288dcdcbe069f564c6d43ea37b72b28c3f7e86,2020-08-06 12:05:07 +0300
0a66e5c52e7be0a0c1d58085314254931cc0630e,2020-08-06 12:04:49 +0300
62079147ad229d2f22dc1e0c53b220a22b1987cc,2020-08-05 09:20:12 +0300
be40937b481a16a4fadc9c59ebc51b06b878e92a,2020-08-03 12:49:48 +0300
8b5dbb9ba661d34cac7988244f24848f4d808443,2020-08-03 12:49:34 +0300
450b8755a2e0e52d604d9cafe555201f52839ebd,2020-07-30 10:35:15 +0300
b79f12e243151b75c2c6b7d42d268228449d64b5,2020-07-30 10:09:17 +0300
e49899f255ae46103ee4a15a3aa0d0691853916d,2020-07-30 10:01:55 +0300
c326e650af2409484a7fb72774a1126cae356647,2020-07-30 10:00:21 +0300
913ab43253ea257c33d5daeb17d55247a1c42ed8,2020-07-30 09:34:20 +0300
14aa49d560984223077928c5a02b7155abcd6cdc,2020-07-30 09:23:48 +0300
7d5f776cc95c45b409bde18b030191ac5585feb6,2020-07-30 09:13:14 +0300
dd57bcbac5af95262bb5115573b9bfd446d6dfe5,2020-07-23 17:25:34 +0300
daa362758b83137968ed79762fb1fd5d3a1ffc2e,2020-07-23 13:38:56 +0300
a694a4ed079a686872fd0ac4578f8df55943c7fb,2020-07-23 13:38:32 +0300
d8ffa4b1e174e81d7c160339cfcd8e99e81aa5aa,2020-07-22 13:02:31 +0300
94b4be702a4bb056cba2f2bd834be38ef17a9e31,2020-07-17 18:00:02 +0300
daf89cb3606889e16539fc9740acb5add0c363e3,2020-07-17 15:36:36 +0300
7f9abcf9b858c12dd7b4f0cc0f7bdd819623aa85,2020-07-17 15:36:35 +0300
ddb182c6811b1106752c49f79e2480d182aabf57,2020-07-17 15:36:35 +0300
1ee5532bfd1bae251660ad5d60b6a46ec987d807,2020-07-17 15:36:34 +0300
d15b1d673efc9d34d87ef77e5bee641a62598116,2020-07-16 16:35:28 +0300
acd5934a33d1069ea58144cbf8de58d02d5950cb,2020-06-29 16:44:08 +0300
666c8c2689ebb33e805050c0daeec867f42bf78e,2020-06-17 13:15:22 +0300
17edf6f2a3cd302d59abe8034c7b10dd6f8d2561,2020-06-17 13:13:20 +0300
4cffda9dbd9c589479c42689de45bf393001656d,2020-06-16 18:28:58 +0300
b072fe56dce9af218ee863239eb66eae8a9be649,2020-06-16 14:49:33 +0300
3de3378c394a56d9a8c332698a950370b4b7b2bd,2020-06-16 14:35:41 +0300
6333a4887d09a85ff0ba3b896a5055fef9822e48,2020-06-16 14:35:40 +0300
518c95e657a82ec26e9f48a4d00cffae8daea769,2020-06-15 20:34:13 +0300
4d6cabd77bd94e6c99ab4a285c7bf0127bb2a069,2020-06-11 14:07:15 +0300
078ebf4bcd617f64cd6fafeb4d624fde48ebb246,2020-06-11 14:05:22 +0300
7fda4bdc4fdac9ffd9cc19e378a5f85cef3f1f0c,2020-06-09 20:32:36 +0300
c2845b16d62db4c8e0cbfb59666906e97b72b7be,2020-06-08 17:45:01 +0300
bfd7b356fe2aee09b6fc34cf520f29ccb4f58a62,2020-06-08 13:57:50 +0300
e05b433632999123b58d5740d8109b69b5e0b7e5,2020-06-05 13:44:27 +0300
967f4d34387dd13b653813b798220b1a78cf46ef,2020-06-03 18:32:20 +0300
09b811af234ac1100de6536768f9cb65b30838aa,2020-06-03 13:18:27 +0300
18684c84cf538f531c84b01a2f33ab19b3349c96,2020-05-29 12:03:43 +0300
a857b9ea78fcbcf65a2fe3016d5e03ef7c34c16e,2020-05-29 11:38:21 +0300
5c291b01e374b7ee456033b78632a6296434d9ee,2020-05-29 11:12:32 +0300
30338ba484982ee26da6fdfc286d472361f158a5,2020-05-28 16:18:29 +0300
8353ab3040f9772bfec8ec97845b3fe059bde98b,2020-05-28 16:13:35 +0300
a6f80d058a2b0c80485f04f8175b75ef38f7c8da,2020-05-28 14:22:42 +0300
fd8eaa2a823a72d957cd111d54c64c492c59baf0,2020-05-20 18:11:03 +0300
6f96a5d651b92828f6fb1996ad3a69bbb4934824,2020-05-20 10:48:44 +0300
b1b7113ed6eb053c49a0f6bd9fc456528c423049,2020-05-19 14:45:13 +0300
6ab2dc361b431069ac7f65b0e4e1bc861023d85c,2020-05-18 16:28:51 +0300
90553be6dc187a82360e82c214cd8fe8a56dbd40,2020-05-18 13:07:25 +0300
2354e0ea14c60fe3306728a28eb91488a6c007da,2020-05-16 15:07:55 +0300
2977d5f25b4c859541b725d84a6fbf8ca3aae12c,2020-05-16 13:18:17 +0300
067b7fa9b3d2b22ab28ed76c4490e4ccacfa8295,2020-05-16 13:16:15 +0300
d02b0a43938b314b608565450cddb9b66e595e28,2020-05-14 18:44:26 +0300
987ef919f6bfbd5a753023f709eb77804c539211,2020-05-14 14:41:11 +0300
dd65dd8cb651f6f472cf0ba8967aa9552f71bf5c,2020-05-13 16:00:40 +0300
39256b9de2aa177cd28850eaeaa3f9a2fe6237a6,2020-05-12 11:12:29 +0300
6a4f0fa2f25f5c32e4671b53f0d63a90cdefc0d0,2020-05-11 13:47:35 -0500
aa42c769b12f05bb411381e0a4888e301059abba,2020-05-11 13:38:17 -0500
75407e69e586964b8392dd295924d0fc503df709,2020-05-11 13:38:00 -0500
5e03fb6f8f04ab7bcff23b7a19fddaded721e6b6,2020-05-11 10:42:13 -0500
fec3d6d1e854e411ce75c477166c61b4b5fb6459,2020-05-07 14:47:11 +0300
b0429cce309d3773c9ddd3be95da03c59f3d5593,2020-05-05 12:47:17 +0300
ebc80df8aa10e8a8672c705b87b4912101ace09f,2020-05-04 15:13:29 -0500
c26e5f9f7d11d1ffe6086797d959a2fbf6621ab7,2020-05-04 18:47:01 +0300
325ecff21a9327150b0656075b0f80086cf815f9,2020-05-04 12:17:50 +0300
bf311828c0e67aeae92822665abd503e4c8446aa,2020-04-30 14:06:26 +0300
70e52c85bcb3241b95ac5e32bada610f436488dd,2020-04-27 12:45:00 +0300
f937a356de192854ff694af85797ff0143445bad,2020-04-23 12:49:47 +0300
12a63da10671f758b3cd28e0e499ab03b73258fd,2020-04-23 12:49:47 +0300
945f1fb9c595a0c51f539b5aeda4aa02144810bd,2020-04-15 12:09:34 +0300
0d16ba8a2ba816a84462acfb364a35ab36e4b985,2020-04-15 12:09:21 +0300
45f4e5c62bd0952830feb907295bf690b49c4b91,2020-04-15 12:00:58 +0300
5707a1a0d545142ad8dcd9ecd637f082d3956b2a,2020-04-15 11:59:08 +0300
46be88621ace1eb0cd0f1fa02d089ba089d7f384,2020-04-15 10:13:16 +0300
cdc961b3c631bbe320b016b88e00399e3e71813d,2020-04-14 13:42:24 +0300
56a5226af964d514c878efe1f8310d479c365ed3,2020-04-14 13:18:30 +0300
2705fd2986373ebb9b34501147117f25f21b9d6f,2020-04-12 10:25:40 +0300
4ea002b4bafa3fa7d40f463307f2d2944d2e8f97,2020-04-07 11:27:13 +0300
0e50b42a6e5892fd72b2585badc928efd1a5637a,2020-04-07 11:25:24 +0300
f4868dc1c020d60a9a09c42c47eec5b0259856aa,2020-04-07 11:16:51 +0300
cef3401b42eec8d81f483715b3fd41ced1c3068e,2020-04-07 11:15:34 +0300
2c33550f41157a0bb187ee98bddd4e7d4bd2edf6,2020-04-07 10:15:01 +0300
14a35be4988fbcdf7bec206ed1158c2d532a9a9d,2020-04-06 14:08:43 -0700
caabb2d022c887838712f1d36d562b7bb284351b,2020-04-06 19:46:52 +0300
409228cdbe9fe67055fa4ac13f9a4966f773fc5e,2020-04-06 19:45:54 +0300
05ec056740646fdee69d15b3fc8c1e665794f9fd,2020-04-06 19:45:47 +0300
c946c1984590bfb331770cb781854a6556be769d,2020-04-03 11:14:42 +0300
114506341ca5c0b7982dff9952774b1f51509a06,2020-04-03 09:39:18 +0300
a04c024164efd649bd821ee7344ad0bcd92a3516,2020-04-01 11:52:35 +0300
592ecfb41b756cedcc4c3fe54d31773e557860a6,2020-03-24 11:57:22 +0300
3e8b7bb421cbb3064c0c7eb9d5ba9b0460d67b0c,2020-03-24 11:57:10 +0300
00393095583f06705191243bdb1e32940020b14f,2020-03-24 10:28:19 +0300
6a4f23ac655402f7e41c14f74e6180d8df26b191,2020-03-24 10:13:00 +0300
da1844904c840ffeda55293de157e20a059fcfa3,2020-03-24 09:01:23 +0300
672d51be3bb07a154d642b09443060edf2fe8b67,2020-03-23 18:23:21 +0300
e2e2fc91e5c29aa61f3164344ecc7527ec20ccb3,2020-03-23 18:22:28 +0300
ba5ee9486154326740e3017174636dd5d3f7a7a7,2020-03-23 18:21:28 +0300
c368277e279b16ac08101cc15681123491d7fd93,2020-03-11 18:00:59 +0300
1d98e63f9e034ffc38ba871a13c2af3272ce0662,2020-03-11 17:59:35 +0300
d8f47069cf904722c44c692eb515df770f2ecd83,2020-03-11 17:55:59 +0300
ece80bd3e9ec416719988f8903c4923593dd9530,2020-03-11 17:53:38 +0300
e76287c9fb22a06e0bbb0062e0464bc60fa5fdc6,2020-03-11 16:07:29 +0300
1f7e3addfbbecfb93b0de62f1d8ccd6f55eecaee,2020-03-10 16:02:34 +0300
7067c434c987680e43b25b3f3f5885724143e828,2020-03-10 15:46:39 +0300
9dacc77a74250cde5f85ef4afe97e5b1fb5ecbc2,2020-03-10 15:37:42 +0300
3451da78b8c05afc64c65bf6302e5405e918f349,2020-03-06 17:12:27 +0300
4a724b8ca821cdd1e9facad1f7b09542913b2679,2020-02-25 10:45:09 +0300
7d3b34d970ef980b39908c930f0d83d5a031ba51,2020-02-19 09:16:38 -0600
0843a6df2789677237cc7d249e58a3f9a68d1e82,2020-02-19 17:36:21 +0300
ee8ffd107b00b2c9a6e7a111b315ddf97f780289,2020-02-19 12:46:16 +0300
ae0aaad51317d38111192d2791ae719654c50a1c,2020-02-17 10:58:45 -0600
57332e865f5dabb9c7adef4bac9a61137f6828c4,2020-02-17 10:07:32 -0600
a1019c802b9f1d0df22850aeeca91606d861072f,2020-02-12 16:19:19 -0600
63a3918153563753d3b8b9febe41748b680e8660,2020-02-11 17:40:24 +0300
f8d9c6613da63586080391a192d64adbf6490ca0,2020-02-07 16:17:04 +0300
ac4cc3098dedc89478ce834894f12e4638fcf389,2020-02-06 15:48:04 +0300
067bf4147358f8088d858c7ddf600e61686998f9,2020-02-05 18:41:53 +0300
ea48435c54dc0b85cf72ea2e7eeffdc3d2f110ba,2020-02-05 15:10:27 +0300
7ea5988e5dfb64e13f166d40126e28403f51e60e,2020-02-05 12:33:45 +0300
6d92cbfbc09d9693c02e7517364b37d9f342279a,2020-02-05 12:33:29 +0300
9d38f7d862f74c76f5d58618ab1595d2ddfb69d3,2020-02-05 12:17:47 +0300
2ed52e70d8a25da64aff9683cf6daa8a5d14c47f,2020-02-05 11:27:35 +0300
5586c3fe358a610d9dd313ad84b97b2a2afc61dc,2020-02-03 17:54:14 +0300
a23c81ba4d1808133e7e4f7c37ee1466b96e338b,2020-02-03 16:11:03 +0300
454c9034c5db272fb722db47b108291da6ce1e28,2020-02-03 14:34:54 +0300
e2c204ee706f0acd43e80c82eff9997aa345743e,2020-01-31 17:38:19 +0300
0ff24bf8703902d0df6e60f2389e79c1653f111f,2020-01-29 13:59:27 +0300
cb3ae2e92f310110e7c47c6b19d2fa765413d64b,2020-01-29 13:45:51 +0300
af1a42daca29af11addb34bbabf217552093ae10,2020-01-27 17:48:42 +0300
569716768966087e1d5d826cce7b29d9f2a06f3e,2020-01-27 17:35:12 +0300
45c922bc03154767d083d542292d592562d3f5b0,2020-01-27 17:34:05 +0300
de139ab11126d77ca933bb08b92c4fba84c92570,2020-01-27 15:40:47 +0300
5a81bc8a43938c67fa8f0e3a075425f133f981dc,2020-01-27 15:25:00 +0300
e4809a008e3d084ad26c62e419eff35c8009b65c,2020-01-16 11:52:48 +0300
ff21bcf467831979df094b84aca1dacda50f8b1e,2019-12-30 10:11:20 +0300
c5225e055a5f1896241eadb183e0ea2f9b6bd9bf,2019-12-30 09:56:06 +0300
e6ef379824a82ae44221316f34a3e8cf6778ecef,2019-12-26 14:50:02 +0300
4720d65914fc474c2359c18d4e8414fe68022412,2019-12-26 11:46:33 +0300
e62c31998403d9d407aa372bcd4ccdbe4430b3cc,2019-12-23 17:02:54 +0300
89ecb41e0d23620be10dced778d6844ae5069a9c,2019-12-17 18:34:57 +0300
2b479e8eaccaf1c1605d9f83e8690bf2164faabf,2019-12-10 09:13:53 +0300
0726c7975c9308c8831a9b94a966d63c08607822,2019-11-15 12:14:31 +0300
00ac5392d4e3d4546a9f41b400c7d5e09bb11aee,2019-11-14 11:09:57 +0300
e7322b460c5984e149b1072a44cf07780a73e901,2019-11-13 18:01:27 +0300
22b4f01fedf595782bbc03916dbdf92cc09fc92c,2019-11-06 12:30:48 +0300
141539d73ba5508aea64888cbfb2fa5acb74d635,2019-11-06 12:07:51 +0300
29bea2eee432abba5391d521b1972d01c0a69b9b,2019-11-06 12:06:59 +0300
48b4c2d6913c648faa5c490e9a14f3533f6a330b,2019-11-06 11:59:44 +0300
426cd925cb62450c2ce78f99ad4892a2ccdd926d,2019-11-02 12:39:25 +0300
d814dca7dd97b03c21c7700407d4da22192d4d26,2019-11-02 12:39:13 +0300
cc72e5a7925d10feb563217054628f826a10f8f4,2019-11-02 12:38:41 +0300
9f99a34abdaa42153e1875d53d6c3e2f23f37ca2,2019-11-02 12:25:53 +0300
203ca11ac0cdab74c39dac0a4b564f4c017650fd,2019-11-02 12:17:09 +0300
c500c95e3edc63833d2f82c7243fc98ffa292e46,2019-11-02 11:24:58 +0300
20ccd0be88be1cb488cd89ee04723d2e0bd39f22,2019-11-02 10:51:32 +0300
4e1990d863ffabb12dea4b3fcaf4a7019cebceda,2019-10-31 11:23:37 +0300
e5bd34ea3438634a5d578d02caf2cdc4f67e0807,2019-10-29 08:42:55 +0300
d9daeac489381cfc7fb8f903a6d05e24a94a2d86,2019-10-24 18:22:50 +0300
6214c21e7f32ba4abd00b9edd2aa9f6e33ace679,2019-10-24 18:12:32 +0300
0744823be40be8764a010f9e2113d17a61a3c1ed,2019-10-24 12:04:07 +0300
9b534645e91c34b71a423744b468ee4ea23450ec,2019-10-23 17:04:54 +0300
b09275e26d06fa251e8150eb1edb89e841394231,2019-10-23 15:50:06 +0300
3e57de7da4548d0a4a31970162a6d6d73ce72de0,2019-10-23 11:29:03 +0300
3072cc8dade04f95a1f04b6c2503b35c79e8a689,2019-10-21 14:49:20 +0300
52f4cfdef7f78be2ffb242e555e6199acf66f286,2019-10-18 11:19:54 +0300
014fbb3d0185b6afa4173fc518133a15bb728671,2019-10-18 11:15:55 +0300
572c723ba53cb3365b67b0eef8dfbfc9eb31d1f9,2019-10-17 15:51:21 +0300
15240822bab0c110a34641d6aa65a755a728350a,2019-10-11 07:24:35 -0400
b2259c7c853536588bf6aea14c60918eeeb3239e,2019-10-08 17:57:16 +0300
57eeeff7ccb015b24280c18c29b9805e68f48d6c,2019-10-08 15:13:08 +0300
b981583f42e96bf66568ff1f99a24e6375aea2e6,2019-10-08 11:27:10 +0300
5a6972bd8c66ad3e88027070f07e7d2b91fca106,2019-10-08 11:26:52 +0300
9a6ab370ab8dfe11c94723c79b05c6bd6ab35bb7,2019-10-07 17:59:51 +0300
d8680a4d7ee5d09f7cbcabba5e3a9cd0f90d6d09,2019-10-07 14:26:46 +0300
71bd2b2565adee333e2439d9772deed53bc212f7,2019-10-03 11:06:53 +0300
a4de26cd02152030215a2cb508a7320388660bdd,2019-09-27 11:32:44 +0300
7d29a671da66f79b5c556b85298aec92dbd38036,2019-09-27 11:32:22 +0300
fdb9dbbdced2ce147f00f768e3d9d3f9868a693f,2019-09-27 11:29:32 +0300
854fb5432621a1cefd9ace2354e5e47689304f5c,2019-09-26 17:00:33 +0300
e2b49f4dd81986db1ce3034d4a1f77fced361d9d,2019-09-26 16:59:56 +0300
6a4c15a96cd8e84e9b18986a54c5fdc6431284fe,2019-09-25 13:29:02 +0300
044081ebd1f51b7998e34faf6f27307300e9fd4d,2019-09-25 13:27:26 +0300
73a101fbf89fccd45c80c5480d039d10dcd1587d,2019-09-18 11:00:24 +0300
b1fd084ddd096e20f9ba7ff2c160ba874051af42,2019-09-17 22:30:36 +0300
818cfaf7da409bf1c1383283b5c59c313eda0479,2019-09-17 22:29:55 +0300
a206d11be983c1ec1557f39c0de292d1b0a02eb0,2019-09-12 15:45:47 +0300
dca7e03afc152a9073e24aa58f441d0b4aab88bc,2019-09-12 15:45:47 +0300
90d1dfe864521d6e2670d8ffb77c38bd4ffaa8f5,2019-09-11 13:28:41 +0300
0ec693bf64dfd1c81868b3d5a974aeabc4895658,2019-09-11 13:28:37 +0300
39bde7c5bce57137c008bdedef11199961bdf6e2,2019-09-10 15:57:18 +0300
adf7e8ee93c9b8629acb0a2fd0696e6aa877a4dc,2019-09-09 15:13:23 +0300
a5190fb3e34ad8c7ac34a744c432099fc818304e,2019-09-07 10:02:14 +0300
4562b57a2a019a2288dca2f25f15173735a46191,2019-09-04 18:17:07 +0300
9ec1560b0d12e58aec9fd5c98565c063968cbd14,2019-09-04 17:31:09 +0300
792cdbb8af443b3a458d21153ec7bfa0ecdefc39,2019-09-04 15:19:49 +0300
901b10c37961cabb93a669b566a7c003c2d517b1,2019-09-03 18:02:01 +0300
424cbf86b7ec186fd08118aa049e3ba8d1c4957c,2019-09-03 14:25:02 +0300
bcdd5d91cb01a91a64c1dc66620a3216f5184729,2019-09-03 10:45:45 +0300
2cc6babef1bf8599dd2b5b33484b28ba3d1cc00c,2019-09-03 10:45:30 +0300
e29d2ec46e5d09a2abfdd185378626b9c0b22995,2019-09-03 10:42:05 +0300
28f963a4c8f3596f05b67a2fb77d50da3cd31091,2019-09-03 10:41:52 +0300
277cf0f9716a3aeac1b999c9d370d5943232bfa4,2019-09-02 16:35:06 +0300
e1cbbb734497d5d56ea3c7ee8907c12151030b4f,2019-09-02 16:29:02 +0300
392571551e2167170eeb0a64f15ae9abf6e75687,2019-09-02 16:12:51 +0300
76b2387342f04124aaa220ca816d440e5122bce5,2019-09-02 15:42:38 +0300
a216c7fec9785ffc1cffbf5d3419f33bcc8859fc,2019-09-02 14:13:31 +0300
93bcf442500dedda81bccfefb63f1ac8c63accd6,2019-09-02 13:32:31 +0300
b61e0e670108607cd45e8ed0df89b77cafd1881b,2019-09-02 13:32:26 +0300
6233d03052346700a996d05e3e0766814a3711f6,2019-09-02 13:19:54 +0300
2debe8ebc7bc27ea4140543c39ce634210f9ce90,2019-09-02 13:16:24 +0300
51958e19066a44dab72ceb7247e7edb3979a0e1e,2019-09-02 13:10:28 +0300
2d36e780e3c1ea8eb204f0a9fb5dd7ad8ba7a572,2019-09-02 12:38:05 +0300
1e587abe42a5d80308aa8ca76b9556da28a7b38a,2019-09-02 12:29:16 +0300
69ae784289e087fb42d780618ecd13bcb22860c3,2019-09-02 11:57:14 +0300
9fa986f437d0b257ce3ac853975bb1ec73c54a0b,2019-08-29 13:25:25 +0300
02ad8881dec2ab9de7578e34f4c4250d034ac9a5,2019-08-29 10:24:18 +0300
d379c72d3f1a6d5ddc9a08b429de6c60b7aaf831,2019-08-28 16:37:24 +0300
6e18d89728738e9a0f5bd805dfd9186d4b46722a,2019-08-28 16:23:14 +0300
8dd42e29982bd1fd1d45c93c8980d0616f39262c,2019-08-27 17:36:09 +0300
4656d18a109254d86081b8c509bba66ce5b8f7eb,2019-08-27 16:58:40 +0300
fdc03b94e66877c18fc04e71ec9235b533aa8c3c,2019-08-26 16:37:50 +0300
68eb7b1f2a2b7ce6917bd46f008cd1f4a9e93929,2019-08-26 15:45:11 +0300
6ed1a34f58a4ebe0ee2dc3655e4b65e061f0dd46,2019-08-26 15:43:22 +0300
b40c722ae5fa9faf2ca7ed5f878d2a926a6f8610,2019-08-26 15:36:13 +0300
be23f59f5c371d9eef02eb1550d8fe68d970da1e,2019-08-26 15:35:16 +0300
fee734289b2443518f8f6b884d411d25dfb87cfa,2019-08-26 15:10:35 +0300
7e89e91a4ea3f2784a97813666dc15e0cfb9a20b,2019-08-26 12:19:31 +0300
efc3834458874e42f60dd347c797f21200ccdd1e,2019-08-26 12:06:10 +0300
dc088800eab47bd6b8a34144ef051d6f8c155879,2019-08-23 16:18:05 +0300
285d75237d8b0659771c2f219562b57397f19f02,2019-08-15 14:05:42 +0300
fd1510e5088118da5723d7b82eb3e8306f2c9422,2019-08-13 12:17:56 +0300
e01993024bcd9a7ddbc686270d565ebcb5b6755e,2019-08-12 17:21:17 +0300
149c0e114a7d7e55e819d5cbeecbc381c317d9e6,2019-08-12 17:12:46 +0300
d4773daf340b789be28600d060cacb85ee6ac99e,2019-08-12 17:05:36 +0300
55cfd6e9e2bedba54ca60db9c56aa679bd3b1674,2019-08-12 16:45:41 +0300
4e4039989252fb350b9bc22b50e9a3c4be8f4010,2019-08-12 16:30:00 +0300
5376b2d3681b52824af4133900e93f26a0b5991d,2019-08-12 16:01:35 +0300
5d4161b7602a7b71e532bf0a65b71b9255627016,2019-08-12 15:23:53 +0300
c8c24637aa826478c4e053f1184834e566c9e4cc,2019-08-12 15:06:18 +0300
6682b8bb758aa0a5f8bbfd04acc760060ad35764,2019-08-12 14:58:47 +0300
d6cf456121a0f38a42a036eb6fab2aaa59533d13,2019-08-12 13:18:02 +0300
1a4128057372fbf16dff799c7c435f82641b6c18,2019-08-12 13:14:51 +0300
99f419557b9b127bab2e9494f97bff017463a2d9,2019-08-09 18:05:13 +0300
d3856d212d7c050c4185ede7ad0e7add56923fd8,2019-08-07 17:04:23 +0300
a8c2c79a01a72fcb56dafbbbd7f4844df4185480,2019-08-05 17:34:21 +0300
a405db945b3cb81d0ecd0f6a445b69d2041cc944,2019-08-05 17:34:02 +0300
c4d0ddc71b397873f7b32e10fe9c179a3c3da664,2019-08-01 14:07:59 +0300
360057366ce5788b677d80d300730033148fc20c,2019-07-30 14:48:40 +0300
942ba5786af9a2ed47be5a1881e390c7d7101250,2019-07-24 11:23:19 +0300
788b7004032f17c33b1284a656838de5969f30ff,2019-07-23 14:07:43 +0300
bdc5e935b9e0b2c76bdd38e0ec92b75f46e20c9a,2019-07-19 11:38:56 +0300
8cb1a43463d49c55bf710894c2d3bf5d020551c5,2019-07-18 11:33:02 -0400
cd9d744f1192ae677238ac112c54681da8e37f03,2019-07-15 15:10:11 +0300
0febc0b058c3934aeee1c382906f0996cdfd6a78,2019-07-12 11:23:02 +0300
400cabe27c23e9f82997fa56888fe0487f443b36,2019-07-11 16:32:46 +0300
ea1ed5da1f9b55d9bd25af0e43bc226097b70441,2019-07-11 16:27:07 +0300
3de516755efe436577db2882a3cb8cdc080b5900,2019-07-11 16:07:58 +0300
efce5f92c301a2b016c51d526125f8e6b1122656,2019-07-09 16:55:51 -0500
e60ce41fbe0b5bce0c6132dc25d3c5eda2516fb7,2019-07-09 09:32:36 -0500
5346def3d1f2b362ea42e81973fcd25fa0f13c28,2019-07-08 14:04:27 +0300
b2f8dafef10dbedddea1ed40e0452b553191a9c7,2019-07-08 13:40:39 +0300
f094d6bdb1216e48a0bbd041f418e952d4312ca3,2019-07-08 13:39:27 +0300
df3f1dbb7471e465edfde404fb5af8c8d6a4ff4b,2019-07-08 11:24:57 +0300
46ad6bc9e5cb0c66d994dc01ad0f59f67fc788c9,2019-07-08 10:33:05 +0300
552516a96dc14be429ea41ff8180870e85c1b4af,2019-07-07 12:37:04 +0300
ee18a5cb463a2d6658659d08967277196b74d16a,2019-07-07 12:35:39 +0300
7922069b71ed8b4f803cf0786537207d7a634cc4,2019-07-07 11:43:50 +0300
bc40fb5a6f825e4436eaf4424a17b326febcd658,2019-07-07 11:42:49 +0300
731794d5644a681d77e931947b400d997e836987,2019-07-04 17:36:00 +0300
1719ba07db3bd7cacb72963b5c362a543b256f73,2019-07-04 16:29:23 +0300
7d8eef1432505f27fc4a96620d820010ca29fcc9,2019-07-04 16:10:30 +0300
0527f5d5f5870f949aa3044ea677ceb9191c7d34,2019-07-04 11:42:30 +0300
e576e343b0c494db1f9d20b0bed4a3f1fd4b8ac8,2019-07-04 11:33:18 +0300
597376ae558b9a0c5ddc4390da188b9530204e3d,2019-07-01 09:52:39 -0500
e14d2c3b15e967ea22ed4fc6c5c1bec5be619702,2019-07-01 15:37:09 +0300
5e3813139de26b4fbf226d3b63860d8c07d50a62,2019-06-28 16:09:41 +0300
8d5f37cf1b73bcb7800dcf81b278b8a77a286201,2019-06-28 15:52:15 +0300
bccd53853cb5903b2c50c7f7aabb547ca40757aa,2019-06-28 14:59:23 +0300
2a8dbe7fab9198b486eb49364a66a0de9d3b59c9,2019-06-28 14:40:42 +0300
7257d0af94c69d669351805f52d287f20dae23dd,2019-06-27 14:09:12 +0300
734cae4d7cceb20b7c6182b6a2bd55d427636ec0,2019-06-27 13:47:28 +0300
4422aa56a64bbb7a0f4e88d339186b6187a88e89,2019-06-26 16:23:51 +0300
01f3755859d5933971a9941a0ae25a8780904ff9,2019-06-26 16:21:14 +0300
c7c8ef44b14257ae4fd7b35514b9349e9b874472,2019-06-25 13:48:49 +0300
acdfa178dc75e52be39540b2269ba41e2ec03f75,2019-06-21 11:28:14 +0300
7fc1031280998b3c7ebdf1e7fa49a34ad888e600,2019-06-20 16:22:49 +0300
a58466a87ffb48c2abc95a171c93c693f812ea24,2019-06-20 16:22:04 +0300
83ba4b3c73459e8a30253ff4f527c93d722f480b,2019-06-19 11:15:48 -0500
362c9bfa1e667ce871e1de83651fbd172995338d,2019-06-19 11:17:48 +0300
1ec001703a6cc1647d0ad8145b28877121798823,2019-06-12 15:21:24 +0300
d0df378a18440349555a565432810077a411eb82,2019-06-12 14:11:29 +0300
9e489dded596ee10e1ef32ba8124c06d456bc212,2019-06-11 10:24:46 -0500
e617af6c73c9d78f3e96687f453690db63552430,2019-06-11 16:22:52 +0300
7f02a3e3c14903d055b34173ffc59b78a5fc052b,2019-06-11 14:12:40 +0300
39d6c566b175367dc10d8ae158a12f123e3e6349,2019-06-10 17:32:07 +0300
a8f32e450f10ba5aebf2d5b111f2f3ea86dc6f59,2019-06-10 16:47:47 +0300
d79b9fa976a4949cdee6bc8f6b538b7641cac0d8,2019-06-07 16:30:05 +0300
df10b2399bf343e1575b992862180a6a7910c033,2019-05-28 09:04:24 -0500
e4530204a4b14e5e72bede44e747482b4f559ed8,2019-05-22 20:56:30 +0300
f5d86483128a12d5c0d7c760d1f512b3ca5598ee,2019-05-21 18:00:03 +0300
326f1de071cc871561891557baf5879bd1ba06ce,2019-05-21 17:24:07 +0300
21167714f4400ac6d4b3a905c595e4dd0f1c4450,2019-05-21 17:08:06 +0300
3b98f2d1f9c01d171fb76aedbcf23dc254991d1a,2019-05-21 22:36:28 +1000
1658d3d4877307e39004dad5f33a2530c4b6d61c,2019-05-21 21:50:38 +1000
ec35c178bbcdf0662823a37c0013fe85caa18e4c,2019-05-17 10:43:48 +0300
860eec49e9a6fe08661d9e51cb8f6e0dbab61481,2019-05-14 15:16:04 +0300
b0d23395aaaac413b5864031c546480cdbda5e32,2019-05-14 12:32:21 +0300
56d11983ede65c1dc9ce27c4a062f9fbe2330573,2019-05-13 11:40:33 -0500
0cff591a809e1e0722c93a906e6a1ab653a149c9,2019-05-13 09:56:28 -0500
21657b29e072598f0c622e1b074137501e9167b2,2019-05-13 16:17:02 +0300
7fb190639673d938d15ecb5212940ffc243200b8,2019-05-13 14:39:07 +0300
dcb4f1b742a91a9ff6bbb38e7deb72e6bd04783f,2019-05-13 14:36:44 +0300
efcba9bb11e53ba1b608dd11bee33b77fec3e3a0,2019-05-11 16:48:18 +0300
eabb7404c1ab9d706325c3860b70860ef17d7a1a,2019-05-11 15:14:57 +0300
672b638bdd101786f3bb4fbbebd0e6165453929d,2019-05-11 14:42:38 +0300
d2bb86a17babe849e922b9b6efc6b9598d7bdb30,2019-05-10 14:23:24 +0300
69269284c99066c3b38202aa5d9bac18279a8928,2019-05-10 12:04:03 +0300
91992935b9de28f9b5739b0b763b90520675c77e,2019-05-04 18:00:42 +0300
9ef777667da5bb33e308b80a2d27443e574e2788,2019-05-04 17:15:28 +0300
932037f80adade89f49df5e58f3f482a48b32bc4,2019-05-04 17:15:00 +0300
d72999e4b78cf2db70dfe4d79fd7953e21bca34b,2019-05-04 17:13:21 +0300
45877e8e7cbe51758120162ef83a72160332d9b3,2019-05-04 16:46:16 +0300
90c19b0c18614346eb110265da2780caaa84dc09,2019-05-02 16:42:16 +0300
c4c29ecbcba83718b2339a3ecf28cf6ad37b57b5,2019-05-02 13:49:57 +0300
bc3f09ab31cb5345bf6a3fc5bc6d774db126600a,2019-04-29 14:24:11 +0300
78ecba1c16ad4e6e64e18da763c3fc6bd9264e25,2019-04-29 11:48:39 +0300
980ba14d6c6c0cfdad0d8fff5a9458933b1d59d2,2019-04-29 11:43:48 +0300
bd5dd0247627e3789e1e620f9caa19b971514926,2019-04-26 16:54:36 +0300
29da0627a973efdc52aab1ba9c53f594c603d40e,2019-04-26 16:42:18 +0300
7557bc25b5cce35a3b56efe4fcd8a332611cfd40,2019-04-26 13:32:42 +0300
bd427e31bd0df375e1d179ef4d4ac5d635cad8e6,2019-04-26 13:23:47 +0300
8f3394436ecf355b6b7c324705fa3e0d8b47cb4c,2019-04-26 13:10:31 +0300
6cd9e91ea422e9e7ab496063ccd78b05ee77793c,2019-04-26 11:30:38 +0300
782a458a718099619608a07836861481b47bfcac,2019-04-26 11:28:43 +0300
1192a95c79a57db68d8e1c0b2e990ce95c6716e4,2019-04-25 18:02:35 +0300
cbb96b1e3c0b2bbdd16fcefcda0d1f6469b0f0a0,2019-04-24 17:53:27 +0300
c43a3bd7817f1082a349373b4bcdc8f2850ad76e,2019-04-24 17:33:58 +0300
74ebe54a88e20b733a67fd10e2a80a66f299be30,2019-04-24 14:53:28 +0300
eee3b88ef0922621fefb2b9e218cb0c7b861152d,2019-04-24 14:01:26 +0300
9fa1eb94cb598459a69256cd61dddfd65d4b32b2,2019-04-24 13:57:15 +0300
305611267b9bdb6870b3d3f794341f277c6f2d8a,2019-04-24 13:18:00 +0300
e7193b42e15dc3226e8da9b2eef88115463fab19,2019-04-24 10:52:18 +0300
1e2d9bfef2cd35c450562b918538eaea7723ae58,2019-04-22 18:05:24 +0300
d0b4244748b8e5fc579587b8711085c1d58de011,2019-04-22 18:03:04 +0300
99175f9042524a9314c64eab4664865a12750415,2019-04-22 18:02:20 +0300
f55efff11227671dc89ab2d5561858e9e2e75100,2019-04-22 18:01:56 +0300
933e42f40b3a09e074d5297fcd62d97add6efdca,2019-04-11 16:49:16 +0300
13f3a894407e7e9dd42278c00953f187b4291db9,2019-04-11 16:19:25 +0300
314a1bfc8950b8b5d5a8af7a64302eed52989400,2019-04-11 15:51:40 +0300
507665955543c56a228f1fd2aaca84c98bfda717,2019-04-11 15:42:47 +0300
8d953094d9ebab1a75f4cc662a3d00c11eb85bd0,2019-04-11 15:31:05 +0300
a768e4415fa34192497bfe2ab6ccf4a9b1f95038,2019-04-11 11:44:22 +0300
0f0ad864cc66777534ebe993e8b2bdf88600d40a,2019-04-11 11:40:26 +0300
9e3b9fdfadfd410ad737ee842e23f7bcf4e8c22a,2019-04-11 11:39:55 +0300
d3f29b24c3e004c4724a8e7741cda302d033b7c7,2019-04-11 11:39:10 +0300
5ac4bdf8f98a8b20b924dbb2eb49e5ac7dd069ad,2019-04-11 11:38:49 +0300
c0c909c6c6ce1939b78260dbd5cc91bb1e893b2d,2019-04-10 17:16:18 +0300
466f9aa152ae9956100d0687fdbed42cb432a94b,2019-04-10 15:04:05 +0300
0e9145dc57d57cf9bc80a33d6a709e6bca35b86c,2019-04-09 14:08:40 +0300
4e0f072b3cee7541218af05ab4c1373014453ec3,2019-04-09 12:09:31 +0300
1bc35c3f9cf95e10b57ccd126a331b487e4ec868,2019-04-09 09:57:16 +0300
366c4fc6474be9891a30bb0b910e6b4cf458f96d,2019-04-08 14:40:17 +0300
b2e4d32bf37236e13dc26d0d442ce7abaad87ca3,2019-04-05 16:00:57 +0300
cfaedd0f88c5f69647fadd664397437c92d019cd,2019-04-05 15:25:59 +0300
c2c96f91578ec3d564eb135f10e20d8fe09cba8a,2019-04-03 17:11:23 +0300
afee809eb04adf4ffe08e94516c57bad4df4f44e,2019-04-03 13:26:27 +0300
b170046d6e21cb8e6119d94db4d1533255dfedd0,2019-04-02 18:00:43 +0300
55453f38f33aed0df835fe60625070672a20dc30,2019-04-02 17:50:00 +0300
a5e525ee13b1183458a7cd41068985d0affb19da,2019-03-25 17:55:01 +0300
e561eef80b18aadc2b91b2b23977e3d288e0d95d,2019-03-25 16:32:53 +0300
bae34a606e7717b7a1bda47fbdc9b11028ebe833,2019-03-25 11:52:19 +0300
0b4990f52f1041bb0268e76b27cf5c864e29a7ab,2019-03-25 10:14:26 +0300
5be5235ed1c02589b6300e9729cf3c308c0173e8,2019-03-22 11:26:47 +0300
6a62561a808fc23184afa770bb011c8f6df33a93,2019-03-21 14:51:11 +0300
05bb9ce1b22711d2e0c1ce31bc4c3de769452660,2019-03-21 14:09:52 +0300
b82d0ef07fb63714b22cdd1ec6825027fe90f0ac,2019-03-20 15:24:52 +0000
0f900adfb72bdccb6bc8ce3ed3bd1fa3bc163155,2019-03-18 14:21:01 +0300
77ba4b7d0906bf47e2136a8cbe0c0f128ecad6d6,2019-03-15 15:35:57 +1100
e6649cbf1d2bc250f1176f8767932f881fae0ea8,2019-03-13 15:56:44 +0300
6a6268912174638fe131ad69d41c4866e888fa70,2019-03-07 14:20:36 +0300
961cbe1aae496d66519a05e4aaaf8ec0084b0525,2019-03-06 17:53:46 +0300
e5cd37a11bdfa43557233408c1f01aa94e00f213,2019-03-06 11:57:25 +0300
55f653d76fd1b3f3834b38363554999839d3a753,2019-03-06 11:56:41 +0300
7024368368e1a74be580fbdee8398563bd1a3505,2019-03-06 11:51:21 +0300
40b991b14a7633a87eae4955ccae65c22550120a,2019-03-06 11:40:57 +0300
45beebd838b14a3fcfce665435b1b5f6ffc2abaf,2019-03-06 11:40:06 +0300
40a2298356b1552f49d9fe6dcafc6bfc46cb86cd,2019-03-06 11:36:44 +0300
e7338cc9d1aabab9adbd2266a7d9433b2b18bd8e,2019-03-06 11:30:44 +0300
a40a080c05418bcd6b73299e79b0078b712775d7,2019-03-01 11:24:15 +0300
653ba7ad454974db3c026d44382ddfc2d3ea42f0,2019-03-01 10:28:05 +0300
7e7e75c2095f3572b2fd02b01b3b360e5ea0fd65,2019-02-28 17:11:03 +0300
76cd99e36a286d33e818454103a5e717b9c445c1,2019-02-28 14:33:46 +0300
fc8cc0c7bc0896beb8efa275cb2e11bfb5e07523,2019-02-25 13:02:17 +0300
efa12550f597c5b728ad8bb1d7c8720ed94f1391,2019-02-21 14:24:02 +0300
66942b6be70960fa64c2d9ff586cfca04e5b928e,2019-02-20 14:37:50 +0300
da793eb55b8278764f4e8fe6d9e8f84d3a8ed9f8,2019-02-20 11:42:40 +0300
c7cfdeab3e87c3bbedb972a9ba7be3f6844f8e8b,2019-02-19 15:49:27 +0300
c7a33dad83a5aaff755646958b63e8b28c4d8ee5,2019-02-18 16:31:17 +0300
56e15563ade026a4c8445ce6016b04dcd63c1497,2019-02-15 14:44:11 +0300
68cd011009ee71ed2e27410f7cd0b1cb0f06f873,2019-02-13 10:40:28 +0300
9e302f841377545e17ad8f51cf3a64e92e20aab0,2019-02-07 15:34:31 +0300
eba14f0b02451ada47d4f86b01b24bc015fa244d,2019-02-07 12:08:51 +0300
060b02df847a3aaa171bd7cfb5bfff0309e498a2,2019-02-07 11:52:25 +0300
c7739c47a3dea1b20e8d0d1e71a6fe246904f08a,2019-02-07 11:52:15 +0300
46ed9d1b7b4da328f97090ef206954c732c71173,2019-02-06 16:28:44 +0300
9e720f759f92565c99880cc88bd3340f8ad27f3f,2019-02-05 17:34:15 +0300
a4c6d99ec59d65f1e43d4afb889f4e235115689a,2019-01-22 17:39:11 +0300
3542b9ab347eb2be6c10470a9b35e637bcdcdea8,2019-01-22 15:48:35 +0300
5b71be0a7875f14bcedbe03dcdd634baddd80945,2019-01-22 15:47:43 +0300
c5e0f0099a49b0aa287b523146367f59b6477f53,2019-01-21 14:33:15 +0300
290b2e6e18c0bb82f4ddaccbf5722c857aafe4b3,2019-01-18 15:51:30 +0300
905a1c9d9c40386718f4b0586fcfe21934353bab,2019-01-18 15:50:11 +0300
77d67e724a1c112fed161d14202947229776d80a,2019-01-18 14:18:03 +0300
d6ae2beb34dfc93838888274d2ca888d6ec039e2,2019-01-18 13:54:05 +0300
c59d3078d0320dbfe91900e7c0475b09153f843c,2019-01-18 11:58:07 +0300
ea35fd40a18ebe9d7848f88be3da663285297dc4,2019-01-17 16:53:37 +0300
41e09ac01334c99e7016f338fa63300229a72dde,2019-01-16 17:26:12 +0300
7a8d130c368de6ddf0453c3988f006abe3bc4035,2019-01-16 16:26:43 +0300
4e313341bea61e4c0a4275e80562b794165bf265,2019-01-16 12:12:24 +0300
1a295863ecc465509504a67774d8ce105c348432,2019-01-14 13:45:37 +0300
26769e966c48382775042813294fa839acd911e4,2019-01-14 13:35:35 +0300
6bb83bbee58254caaa0749c677a673ed84ef85ab,2019-01-11 17:09:52 +0300
835d1d451b57e9c5ce848ed315ec54463bc631aa,2019-01-11 10:32:00 +0300
0cc27d6f20a8523dcf8f394895106531d7122bbe,2019-01-10 18:59:43 +0300
0b1ab617f36bd5912eef7308afecbebdfc0f44ad,2019-01-10 17:27:54 +0300
4d42e267980035b3c3985e7fd4dc5808347b6e48,2019-01-09 14:09:40 +0300
30b95678575e3fce71298b1cc50082000956b16a,2019-01-09 13:14:49 +0300
60c55667568bffaf92f738289a6ca7b2f2b2bc68,2019-01-09 11:43:12 +0300
1f10c920dccc7f0a1b6e6611dd27d612c6b435a4,2019-01-09 11:42:18 +0300
f6b2dac9667343928324cd7ce364ee6e5df17275,2019-01-09 11:41:46 +0300
eb0373e81434743fbf76cb3ea96854e3143d40ce,2019-01-04 17:26:25 +0300
188a0a6a0b70741c2399ca61158576ad38702564,2019-01-04 17:21:32 +0300
89439015fc7e3fd88e8a4846bea953b43f003717,2019-01-04 17:20:44 +0300
c1272b17b5b96bb55f8029c8ef1186bdb1a10199,2019-01-04 16:34:03 +0300
988937524528f588464df42a4cbd1482452d9643,2019-01-04 13:40:23 +0300
fa1efbce67608a5267660d606cc9fd1169c363c5,2019-01-04 12:08:52 +0300
e996e8001658698ecd4ccc56f41aafd4e04b0924,2019-01-02 16:10:45 +0300
008e77d1ec2a79b327b84f0c433ab58dd5167dd3,2018-12-29 17:57:43 +0300
fe60ae0aa955db68a6267e4340e14ed37070611f,2018-12-29 16:34:08 +0300
02d32683e31b7a3120e82134b355119627331eba,2018-12-29 12:21:53 +0300
2707ee81094c80c82325eda624fcc2f0be219751,2018-12-29 11:55:44 +0300
27096f1b2a2248ff062fb28f50754a88b6ac14e6,2018-12-29 11:24:12 +0300
cf11a7ef3e335f9e0eacaace48b41786b3aab5dc,2018-12-29 11:16:15 +0300
2cca2445f8e607db11e227385ed57aa3f2ca1844,2018-12-28 15:38:15 +0300
63a32d8248301829617ef6cac3fda2313b281dfd,2018-12-28 14:51:58 +0300
56b64c35e51174c2872712690fb5790e21df854d,2018-12-27 17:37:26 +0300
c98d835e8274734f9ffc46779d6916e7b5d28a9e,2018-12-27 17:02:35 +0300
9934fe4601ae40c4a4822eae631fdde2ae0ec4c0,2018-12-27 16:43:05 +0300
a45cf9510ebd8c4354465073a1f49b6e353938c4,2018-12-26 16:26:40 +0300
96da6d5358730a74fc3360e13c3d2db53e7641f6,2018-12-26 15:54:57 +0300
9ea878c02d760c42424588821828161d8f481ebb,2018-12-26 15:00:52 +0300
2050c2e1fade582edf37e75bff2b09ffc9de4ead,2018-12-26 14:59:22 +0300
bf7dba998110875528c74d63b8ab2ab577d47c23,2018-12-26 13:22:05 +0300
0554aa26d274763edb947cd6e07f99f7ddd3a764,2018-12-22 16:40:15 +0300
7d88ac5458b7fe9d2f5256f2317337e890012ef5,2018-12-22 11:24:05 +0300
38e55658644851d903076a93bbfc681fd8597dd4,2018-12-22 11:17:03 +0300
05e42311bec681987e0a0ba9244d97be819a9c83,2018-12-19 13:56:01 +0300
fb051bb7e7dabedb46c92fe461675eb2ecbe0973,2018-12-19 11:00:25 +0300
e30abdc70ad25603613a16be425b5d8982a1adba,2018-12-19 11:00:02 +0300
e338bbaf356060b1437e2bd3dbf0c7ca10c7efce,2018-12-19 10:58:34 +0300
4724ab3f97869620397e8801f97f9b88be8d972d,2018-12-13 14:11:51 +0300
54b3f81107f16ed90d9b24277b19a69114094ae9,2018-12-12 14:48:55 -0600
55c91f99306da5e1d97d8f25fbd62d67d001b62b,2018-12-12 14:48:55 -0600
220e1cb0189e2446214473959c8174c253eb6053,2018-12-12 14:48:55 -0600
c8557ffa86b52b16dad6b5473b0d591b8434d964,2018-12-12 14:10:49 +0300
90b872ecf15725ea15f46b7d1257604b48718881,2018-12-12 14:04:28 +0300
89be0cdff8655ff2583105e829a3c66c4aa76426,2018-12-12 13:35:55 +0300
82d1c06d51815676eede98bb2eef69cdc2a023b1,2018-12-12 11:03:19 +0300
cd15b43f86969b793602f5d73fcf1ca4ea1ebb20,2018-12-11 18:23:54 +0300
371cab36beed351bb788255a31e2dae36de40dcd,2018-12-11 17:30:27 +0300
3d3332d2edcf98ff5450d7cb8fb6e781decc3029,2018-12-11 16:20:52 +0300
f41f1e9e67d84a13dc6bc893984ff835b0979e66,2018-12-11 15:29:38 +0300
39a1f7e39d62f1b48da4d514bb4809d231ad3568,2018-12-11 10:26:22 +0300
c0c14636b9b4eb492a316cab56cb73f769c5123c,2018-12-10 11:55:23 +0300
89f5e9860dcebad9af634e4d4cf6953e7b48b5f9,2018-12-08 14:37:12 +0300
8984621bb5c446aedf107555c8d4414cff4ed9b7,2018-12-08 14:33:39 +0300
a25c694b52640cb3f8ebed2e4be8e266e99b7c1c,2018-12-03 12:48:02 +0300
34ad5252c13541f62dbb25d673d59769b58b9e17,2018-11-30 17:51:09 +0300
18ff80ccb063fb023ea5746dba44c36c5190565b,2018-11-30 17:43:56 +0300
45da5a0d1432c5c9a698734f3c917a9598789f2d,2018-11-27 12:21:22 +0300
14d1aeec5c9b6f3ee637b9d3e1d1a2e83d15750f,2018-11-26 17:28:30 +0300
560086e249408bca4c5d429a3c437ae9ba9d5394,2018-11-23 12:00:35 +0300
f5d9807e611c15fa4ea5683bad5b726443f3e20d,2018-11-23 12:00:01 +0300
baba4a6119f46ccd5a160266cc2ba58d3368c5b1,2018-11-23 11:18:15 +0300
9bdc6e90f4181f76950da60e2808e027cae5ea80,2018-11-23 10:55:24 +0300
b39292b8900cd1a5490420a2ea5a54fce08f1438,2018-11-23 10:18:17 +0300
86396c9f400ceffc1ae8c3e99b667fe21eae63db,2018-11-22 16:58:59 +0300
5fd1aa19c02cfbf78edbd0e422c468b3ed27c8d1,2018-11-22 16:55:31 +0300
aa8f88ce30d3d08ccc332298739c4208e3f95e60,2018-11-22 16:53:51 +0300
838b21ab41cda1161195a97ef666411f3db3c468,2018-11-22 16:09:48 +0300
781dcce21249b99dcd01323c4a73c60193e2350e,2018-11-22 12:12:00 +0300
a6c678bfb48aa5458f884ca385eb7eee842b0f96,2018-11-22 12:11:47 +0300
e6ba48c490d8d79ff231c7a8c9fc6d392e8098fe,2018-11-21 18:40:11 +0300
5a0b4a76b8232a8e85f8505c0ceb64fa11f9ea6c,2018-11-21 17:49:11 +0300
9ac7a2292b8ffdb3d30764679be8cc7345e1675d,2018-11-20 14:08:20 +0300
c339c308f327243a9294f00ee054ab0b8df2a10d,2018-11-19 12:19:51 +0300
2cf132bf2ffbf1c30ac0a865595efcfde08e4aba,2018-11-17 16:13:42 +0300
0c335d5e4dfd31fd43ac5ce4db841e6688d1cff0,2018-11-17 16:10:31 +0300
71fa8dc810564494b5cef3fc76cf60a733e2bc4c,2018-11-15 14:43:01 +0300
8523da7dfda429ac72f5c47d8022b18c857def04,2018-11-15 14:09:38 +0300
a42bcd7e1409e0c38a922b9f025f34c1b3b40689,2018-11-15 13:58:59 +0300
e480d7134391e2549c268c6e588d2d707693cb08,2018-11-15 13:44:00 +0300
c4f4c99721037d3f9ce9b6a20dbe034caa6753da,2018-11-15 13:32:31 +0300
4ba179cb98e195d200173d6b91764f9720b7e876,2018-11-15 10:45:38 +0300
2ee1782cad651e355d2653030a47a4e01b6d00b7,2018-11-15 09:32:17 +0300
b580bdad32875bec793b6d46bed3a75ac661641f,2018-11-14 17:12:29 +0300
d20a03f88c3b0f40d12644ae2a66d9a93aadb63e,2018-11-14 17:09:44 +0300
51803e43be67029f97c47a0d03ae395795ed0d07,2018-11-14 16:52:10 +0300
5128e66e36433839ec288296b8cb22d80cb90845,2018-11-14 16:07:07 +0300
a40e8eb69f40607615b0fa2031888c309b015f36,2018-11-14 15:38:31 +0300
60c5a6a681d8306e913daa275643afed4330d57e,2018-11-14 15:31:31 +0300
8e3d8c5c6204960f476abd2cfe1ad7ccd9c89ecd,2018-11-14 11:10:53 +0300
c19f235874d345f440e254e789c53cf0cd6aaed1,2018-11-13 17:57:32 +0300
3225c39e18631e663395fea5a59b399d6fbc77d0,2018-11-13 17:20:53 +0300
397d29fa98d1c74ac37732b9243d5cc1366fd98e,2018-11-13 16:27:56 +0300
1edb4ee4c2ed4fdace413f384975b5bc0177ec3f,2018-11-13 11:16:18 +0300
c813e7679de1b4d1f65758dee2faa2b52eaaf583,2018-11-12 17:41:56 +0300
ac6819f330415205cb6ccacc6bdf3013937ef13e,2018-11-12 16:01:26 +0300
dd9bf2ecb9d88687d9b5bcce5c5553f33a7299a9,2018-11-12 15:08:14 +0300
3ae49734b044f611912a0bea5c69b0dd4d2705d4,2018-11-12 13:31:13 +0300
a268083cce35a9589d58a38094339e3c460bd50b,2018-11-09 17:39:49 +0300
e5b3b461d1adb59dd3b22a829e9cae9f25ad9cc0,2018-11-09 17:37:14 +0300
0070ff549ab5fb37484be586e9a865fbfbbc3011,2018-11-09 16:55:54 +0300
340148f94cd212bb0540226669dea969e97a34da,2018-11-09 16:45:50 +0300
b30e5eb5d9e22f7ff0c7d3e8763d9b990bd8cb4d,2018-11-09 16:40:51 +0300
a5c2ceb9a010c9376e81d7d13352127fcf301315,2018-11-08 17:26:08 +0300
52ea45b5d72b5a6b1466e7779e03753c74ebaf3b,2018-11-08 17:08:08 +0300
8f6cfd7966ab09166fc6c07b18cc4ed6eb624e10,2018-11-08 17:03:08 +0300
9451c9a8339971d1ba0877d1867efb1982eb37e3,2018-11-05 17:26:58 +0300
dd5c8fcc37eb4ed25e2a143a37f09c6365686529,2018-11-05 17:26:25 +0300
50d04b380ee73e80d4ccac9a7a443214e7e8e667,2018-11-05 16:43:57 +0300
c18c0e31fc86ccb9063ebe2f648860a7ef05178a,2018-11-05 16:25:35 +0300
2729e895f1b3d53ea85b664248ed2a3378e31400,2018-11-05 16:18:59 +0300
34bd8a6c9f7f7736a40a8bdf99b7a1dc15703071,2018-11-05 16:11:36 +0300
c5c3d79b597cb27df7943c912ccdda26bcccbd4e,2018-11-05 15:55:24 +0300
ea120536fccc0e84fdc3f97a84d7a47b7cbadcde,2018-11-05 15:52:59 +0300
aa62c101e7748a2fcd5162c7be1f99fc11ab4e35,2018-11-05 12:17:10 +0300
fb7f004a8a4518ffc672991547f42aa95fec851f,2018-11-05 11:10:28 +0300
ff95457be3b409f44eb52a0b225297b92c15142d,2018-11-02 15:31:06 +0300
f89836f5cd431aaabfc320671903aa28835a916f,2018-11-01 16:56:38 +0300
62bf6c4f914da4ef1714217ca122f82f4efbcd19,2018-11-01 16:47:52 +0300
5ae8ffd1f600a67edd35ff8800f9a53528984ec5,2018-10-31 12:06:53 +0300
6a43436ab12017594762210c18dd508e2f2ded9d,2018-10-31 10:51:32 +0300
b9d9378a406cc72523444567ad24859bb753ceb5,2018-10-30 17:36:44 +0300
438eec9b9f3f1738bfff843526474e58e1d284c1,2018-10-29 15:21:49 +0300
98541384b35f5a70d9eaf8e8d50d312cb9d77098,2018-10-29 10:50:33 +0300
65d76d90b1b0c517a3518d9e56fe8fbe7820a611,2018-10-29 09:37:34 +0300
aa22c93c536a6ee82e1bdd4e364113473f77135f,2018-10-24 13:47:32 +0300
93da6be17b9b8cd5ad9c4cb5184565b426991393,2018-10-24 13:44:26 +0300
d9db6e3123eae9e2863058c88d455837a244821c,2018-10-24 13:44:24 +0300
b10cd803a005065ed55f07ba57eb9dce3b5addbf,2018-10-24 13:42:16 +0300
e41f1e44e801ff80640983fa621c84f0049a1113,2018-10-24 13:41:41 +0300
0e19c96147992fcbd10d285d13d3b029cc013f7d,2018-10-24 13:41:33 +0300
b85a090025c21e1cbe781f47c58737fefb67e892,2018-10-24 13:40:57 +0300
d489f2a5b45be473ffd7a07a6a18bc971940e1bc,2018-10-24 13:40:16 +0300
8119ffaa88f70787590df6b23bc86c031337b921,2018-10-24 13:39:05 +0300
b1f9ad5b333442e6e51286fa1a3379f83919411c,2018-10-24 13:23:25 +0300
18c72d34710646bed3c51a6b64285a597a56c2b6,2018-10-24 12:04:14 +0300
831442cb699da149a90d613f9026285a6596d07b,2018-10-23 16:51:27 +0300
a620461a4169e961d558e0bfee3c05967ff4b917,2018-10-23 15:59:25 +0300
45d5228695d5541e1a59017fa988d4c8bd00955f,2018-10-19 17:07:00 +0300
b1e92e5969ca08ff2abf90da4dea83703c241142,2018-10-19 15:41:53 +0300
da720a59ce90e8b1cc7e8d7b344b5d143e3bd8ea,2018-10-19 15:29:11 +0300
7b5d73e4e92f2eae5230b87142c4ae4e5a0a6b9c,2018-10-19 15:23:10 +0300
904753b8a0ee62e926de30f2655ac6847bdeef89,2018-10-19 15:10:55 +0300
0420a2a592b4b29069a13884e251115c1e3a86a1,2018-10-19 15:10:29 +0300
8e75733bf652c5d2d59c7532c3ebabd2d89bcc3e,2018-10-19 14:58:23 +0300
c0a619004720a1126ceb226d11433edd221ca66d,2018-10-19 11:31:43 +0300
7694a64d3b83175e3e2ffd2db315e78c1bf0813f,2018-10-18 17:29:52 +0300
a4ad4b6d0d38750a0d9dac3c193c2e3d73989e14,2018-10-18 17:14:13 +0300
5855ffc71869661d6efe01105934ad81be97ee7b,2018-10-18 16:50:32 +0300
23dc84b66f7150bea336020fb90000cc6c82a042,2018-10-18 16:30:08 +0300
adf9a80b2de93d743c3ce31197a494a2b0a05a98,2018-10-18 16:29:36 +0300
f8dfaa0c5fa6104ac4eb0b876283c4bd38832ed2,2018-10-18 16:18:42 +0300
c6342370cb822aecc45f99efb8ddf25107e4aba4,2018-10-18 10:05:58 +0300
97e7baadf6f74b3de5b8ef1d057cbc1cbe5d0e90,2018-10-17 13:45:22 +0300
4dbcfd31879aaa1ed070ada9d423f9166f9f8b4f,2018-10-17 10:57:42 +0300
553de2669f314c8c4dda4f989b5818145baad1ef,2018-10-15 16:16:44 +0300
6ff6434a9bd81c48d0de3bb54dd68caad088a91d,2018-10-15 15:22:06 +0300
52df4e18424965ed4947765be88461b560b2ea52,2018-10-15 15:13:33 +0300
d8d2ec5de67e0c203ee73a85bba7192fe0ba86f4,2018-10-15 12:37:29 +0300
a07bba5542a79f534b80bab28de2b1354a52d593,2018-10-11 16:40:30 +0300
35cdf4e994bf6731b860eca4d168d30f6c208ad2,2018-10-11 15:17:15 +0300
a043a19d2cd1b6cfc2fde166510b1349bc243e53,2018-10-11 14:11:55 +0300
46f5e094e933d3a9561a8d74df828cd6c734354c,2018-10-11 11:46:14 +0300
1c0b7ba69c88a648bda29dae4cdd4b62e54c1d0f,2018-10-11 11:45:34 +0300
ed5018cd3edd80a69528160cd164abbcd5c6c48e,2018-10-10 17:01:22 +0300
cefcc9229babb893626426c2c8ecb1483fe33e6e,2018-10-10 15:54:45 +0300
eba4b720efca0275e0949641fd0cee0cb583ac68,2018-10-09 10:50:49 +0300
20b166a260797a527afb6b637bde98cb590f9faa,2018-10-08 15:58:27 +0300
33cfd6ccc42cf7a5eaf1d3dffd1f0345a8191124,2018-10-08 11:56:27 +0300
89eb529f455a1bfdf54ab37b682d0111758f1ca6,2018-10-08 11:55:52 +0300
4a4e16a17e2433f14559ff1b392d325ffb7d8247,2018-10-08 11:53:37 +0300
23849538719c1575bd2f42d37a5b68b10b43c64b,2018-10-08 11:39:47 +0300
2cc6317118f43ba4ea201586e1c70947a3f92e45,2018-10-08 10:39:12 +0300
7d9d2c00fcf8bc358d9cd197e50ef67c38d3c738,2018-10-04 16:38:15 +0300
a3937f055bc7933a702bdda0ac5b90e48ad1840f,2018-10-02 09:23:18 +0300
a8162dadfdb5f4adad79eab905d32d09b411a731,2018-09-28 12:34:33 -0400
dfde4a4af52880af746d47a39eab52995e62d25c,2018-09-28 12:30:38 -0400
fe9bcc7849dbcb754ac688871247c584ab32cd32,2018-09-27 13:36:44 +0300
9f9cfd4b4390ed506471f365839366e7771e6b80,2018-09-25 17:16:53 +0300
199f516a26aea9e0e940a93e39ccfaa9e931eef5,2018-09-24 16:37:27 +0300
8d3e021c97bb298494458d65f4d50ffe96670a43,2018-09-24 16:26:35 +0300
2de98ce8a19421794b3146e2c2c471b8aa17c623,2018-09-24 15:00:18 +0300
fd8dbc6dace607a3df2cbb68b3a9577a895d8200,2018-09-24 12:42:41 +0300
c93531476d70e4236ed6e67f87442543db2420d0,2018-09-20 17:08:08 +0300
37b1ea9b1cab3d6f62525690f0ae79d49bdfd116,2018-09-20 17:03:45 +0300
3124d1717f72d39868f13931c815fdafb9c6f0f0,2018-09-19 14:44:22 +0300
feafb1b542c87dca1723fd2a05178982c4b02ba5,2018-09-19 14:13:59 +0300
adcbf1322b4ae1af24ed772d28f1645c18153ba4,2018-09-19 13:57:14 +0300
3ae677a10c91618368a95168a093b7f1185be5b6,2018-09-19 13:54:11 +0300
538b76d09982a7927ac489ff245c9351e7d3a5bf,2018-09-19 12:21:39 +0300
2e3760218bdbdfee9d7ff56ee8ac9aa138fb4657,2018-09-19 10:29:59 +0300
b88ecaf5b7c5a8bc9dc7ce641d184295dc807bb2,2018-09-19 10:17:42 +0300
200691d1cadaadd24655b464d4bad358456b9aa8,2018-09-19 10:14:05 +0300
417f176a61642634b29fb7aa8cf0869a0256b58d,2018-09-19 09:51:14 +0300
ad4d2006aa1a4b454cf1835ee311340734cc5a32,2018-09-19 09:49:23 +0300
3b90c6816356fbe3534b2c5bd6e976da21bd6847,2018-09-18 09:58:57 +0300
6249a07bb6122f80a595ca8c90d8be604f34de0e,2018-09-17 17:22:04 +0300
debbf986d72c85a6d071d4b1ecdde5c058859ef0,2018-09-13 17:45:29 +0300
d9f208fe8d533443413fea5708807553900c98f2,2018-09-13 16:24:20 +0300
6221d5ec6070fa496357867e569fb1f0363f9e68,2018-09-10 18:04:45 +0300
eb863c9aeb5b7376e9ed831171f2ecd3f4ac4d44,2018-09-10 16:16:05 +0300
1fcb8cd898f8816da8e61e62b53b7d13b7aaa126,2018-09-10 15:24:59 +0300
e89e99e6e6dd497e3eb5a0d41e7ac53814c6deb7,2018-09-06 11:56:31 +0300
4fd50392e74a90f781d55d23354d4eca5a63fd64,2018-09-05 15:17:33 +0300
643a889b58996cbf2776cefa601f68348c584881,2018-09-05 13:33:37 +0300
8047c588442692992c752bdf5ad5710f32eb18b7,2018-09-05 12:22:41 +0300
b8b4e00abab2f177a76978d5d4ac779bb44bd892,2018-09-05 12:02:23 +0300
9c39fa7b53371a24740682234e99945bf232889d,2018-09-05 12:01:37 +0300
399fc83ce20116ac3c271e69b30e33d1ee482e1e,2018-08-29 14:49:03 +0300
5361c9f563dae2c4ffd41941bf691695426d3a33,2018-08-28 15:04:36 +0300
57e39c57b13ac6a564e365521614df18740d7fa7,2018-08-28 14:00:19 +0300
dba94b25dd6f602c60c5fe26d136114f275f44dc,2018-08-28 13:55:06 +0300
0a084ed6b2445b04d6408b314134311bc75d326c,2018-08-28 13:00:53 +0300
f7c8accab3133b0be19f03a6f771bbcf7ba3de5e,2018-08-28 12:59:35 +0300
d357da501ddf68d1e76e69e48a10c7bc5ed4aee4,2018-08-28 12:32:51 +0300
c20c66c5f3d22797a5beddc3d990bb8ecb28aeaa,2018-08-28 12:08:11 +0300
c58fced08d6e49fe895a887153843f482c099050,2018-08-27 18:21:14 +0300
e0d0c686625b02a80fd47415fa3b03c3a7153d5d,2018-08-27 17:33:16 +0300
c04fa437ace90918656a598b463a66208d85d98c,2018-08-27 17:26:36 +0300
ec58009b7eba8524489c1cff2520cd4e41a130b0,2018-08-27 17:11:22 +0300
3d35395958137c8fdabc827e81101c819c3fa871,2018-08-27 16:54:48 +0300
8d6629622fdb2fe419f016b44042ebf0335fb245,2018-08-27 16:53:36 +0300
5a4507ea454967a12a9a57bd48cd0160f9584a4d,2018-08-27 16:48:51 +0300
f048b0e459120b93ac693dffc8f38eb15ad1213e,2018-08-27 16:34:41 +0300
762dfa386c7b73391b6391b314f1ae1c953df8da,2018-08-27 15:54:55 +0300
584d52c5d5d1a5cc3945276f6f37c0cbf5b62ab8,2018-08-27 15:54:32 +0300
b16ac50ddf53e2435c9ef0cdecaf091042cfc99c,2018-08-27 15:47:08 +0300
c85255d661e78d908003b31b4f46149c8330c949,2018-08-27 15:46:52 +0300
b3b600bf9fd02ea54d6cca68346b138d5042e5eb,2018-08-27 15:25:02 +0300
798663d6b07789ee847773ffe5395dcc34ded54f,2018-08-27 15:24:06 +0300
f3e64db17a3581d3a442d745948b640fa8fea9f8,2018-08-27 12:48:36 +0300
85b879bf983320bdf2fa8671b25a00059198b55a,2018-08-23 16:04:06 +0300
7c29c3d0b294e879448683cb6828ced4f4e82e12,2018-08-22 16:38:17 +0300
69b731bf4bfa90f975b5982bfec2147515f9b4c3,2018-08-22 16:01:59 +0300
5541c3eddedd8066783e3eaa3c4ea9c9402f3629,2018-08-22 14:54:41 +0300
59ef22bf3f7e362b62009d426f5dc54528b42f12,2018-08-22 12:42:30 +0300
da6d9611f6d5a9543893e2b86f81f6a906ba9841,2018-08-22 12:29:33 +0300
2f8dcfab2334a7f3a607658439af8be52a1d8ce8,2018-08-22 12:14:35 +0300
2a6dde2b115db8943a91f8f857daee640378f443,2018-08-22 11:33:52 +0300
1befbe6722abe7baa127a6ee23909a11ce8d114b,2018-08-17 22:32:29 -0500
36faff5750169a914b4d08c25ebf6b8186c17277,2018-08-15 15:17:57 +0300
669b60dea0b66e43fd3a7f7681c11f0da9736b93,2018-08-13 11:11:18 +0300
63518b81c6d8455a70558255cc160f91a26ed46d,2018-08-10 17:32:09 +0300
c9d0fd32bc14dd6efbafc62928e0bcf91d14229a,2018-08-10 12:08:44 +0300
c9f5517f529be0d360bdd74fa42184e5f77c6bfe,2018-08-08 15:41:38 +0300
0afdecb44c06edbcc545bc68d48be59dcef006d4,2018-08-08 15:40:03 +0300
b919e3ea691b9378079873285dc88887e8c02a57,2018-08-08 11:30:51 +0000
abe62d3ab900f23a3d7ca01c075c1b99f07eec96,2018-08-08 13:19:16 +0300
0129ce4f5788275f29c7baa009b1dfd3b0c95d1e,2018-08-08 13:04:30 +0300
c9093b7eff1cd5f43c819eab2f746b49b6721fc6,2018-08-08 11:03:17 +0300
097276917ca17d8d114a7a47d0655e7f8e504ac1,2018-08-08 09:58:17 +0300
e616dc140150e016c486cb671998e35e632ab606,2018-07-31 15:08:02 +0300
d7acbe82926ca4b01aed2b331fcedfb20817c116,2018-07-31 15:06:11 +0300
06ab9ed58ee30ad2b89684aa7794e2e391f5f331,2018-07-31 14:55:26 +0300
0a83ab70a386933a47d749f09dd52fab2d664a1b,2018-07-31 14:55:00 +0300
36e23224dec8c85064bc6d209b06e069b3d86381,2018-07-30 11:55:27 +0300
bdcd78a9067d221919d9731b5228789b2b1328eb,2018-07-27 18:09:41 +0300
8339c19959aa9bc6e0e05b1536af5622b13ae670,2018-07-27 17:30:13 +0300
28af933fb4bf1f76c698e30ee346dfb1365e8e5b,2018-07-27 16:28:21 +0300
c659ee05d70ebc4f05c4e93f0d05a6cbcf317b72,2018-07-27 13:36:24 +0300
e4f58f9822d63654167e0e7df6ae63593a6bd422,2018-07-27 12:01:41 +0300
dd9b2485cda751b1d4e368b9ac10208eb88b7482,2018-07-24 16:49:16 +0300
e95faeee36705ba8d84e8abf2e2854d8509ba5f3,2018-07-24 11:20:15 +0300
31f55861800de702b225840472c43d2fc805c51c,2018-07-24 11:09:35 +0300
9b4f9e5eef5877ad8b16fdd04ea0d2b288c38a3e,2018-07-23 18:46:13 +0300
91e53aecf58f1e00c704b97b26fd12ea8fb0336d,2018-07-17 15:34:01 +0300
c5dc05c7a792bfa5a2dee983f56f9382c7a1d915,2018-07-16 18:17:52 +0300
e07cb2c7030aea94215d784ce43d31440e8f1abc,2018-07-16 17:14:12 +0300
064b3130c4203871103bc4c063d17b1a3b304586,2018-07-16 15:14:32 +0300
7e1f8f2d5240024248644a3e9602fe6767d98f8a,2018-07-16 12:56:47 +0300
2b88aa230c70d2a6e770992f8b2bdf0f12ff3ecb,2018-07-13 15:43:33 +0300
90a0fd48b549f0c14d29fa5b487a3ec75c482e0f,2018-07-13 15:26:52 +0300
1a9fd2adafa809885e12f7fb2104442e69da96ff,2018-07-13 12:49:09 +0300
805c004049567770bb621b369d4095e743eed2b5,2018-07-13 11:46:49 +0300
514ae7ff502e7fa7ea15d0195e463b2d62c96d65,2018-07-12 18:36:46 +0300
98dc75f5dc6c44d2d90b684952b47b413a9c6154,2018-07-11 17:30:23 +0300
58eb3c3654c88dbb113dc92ebfff141c16160643,2018-07-11 17:30:13 +0300
327eadc7d9f27dbb5034f01d7f5b6dc9f1e148b5,2018-07-11 17:18:50 +0300
2085a76df39f4da6ff109e8f3d07522857744c71,2018-07-11 17:11:24 +0300
10d9772f44fcefdf4891f8f3aa3113637a569d45,2018-07-11 16:34:03 +0300
7a3189b5f0fec6d05242776de37a76318efdab0b,2018-07-11 16:33:54 +0300
59db53af550bc1446b4dc7b74c2890ef7568d090,2018-07-11 16:15:00 +0300
fcdd5fd5c515f62b9c28c9843062c40e0af96fea,2018-07-11 15:23:18 +0300
d5d336003c1e811e38756510aa10d8e3a4f94331,2018-07-11 15:01:25 +0300
ae957c22db1692c3e855541316fa866115026055,2018-07-11 15:00:41 +0300
df85a7a8ad2697c3fa7252a0dd5b8e4065ddd0b5,2018-07-11 14:58:57 +0300
a639980d24dda39c6cac42237d7a7422f199f81a,2018-07-10 16:48:04 +0300
ee33e55604e2d4b196ace747ebcbed1ab8accbba,2018-07-09 16:53:24 +0300
df5d38f7a0a321b7f407601b666387eec61321ed,2018-07-09 11:36:07 +0300
6fc896b65ed871be33dcf453cde924bf73cf83db,2018-07-09 11:16:45 +0300
0b1f5af0f4b4349a8266c97d6423f44058101b65,2018-07-07 18:11:10 +0300
01112fe600f70747ae7c9f34b47a1978fddeffd6,2018-07-07 18:10:04 +0300
54a9706615b1478fbe9a407fa097a70c49f91620,2018-07-07 18:01:16 +0300
525a9890a5eed76b0090b3c4a25d8383f86ba0f1,2018-07-07 16:29:05 +0300
e980ed19955e824a8a6b2a210cfffe569b4276d6,2018-07-07 15:53:03 +0300
30041fe958bbfc2a417732d22396081bd201621d,2018-07-07 15:41:37 +0300
0bfc0f5e8ec1c0d83d17e1b76ba12b58c20abcc7,2018-07-07 10:09:20 +0300
e452059bb7a56e66bf3c2ee5fa202f66dbb7de5c,2018-07-06 16:26:13 +0300
b2c611036a154e4c3e1a3c5488e459188479d56a,2018-07-06 11:01:41 +0300
09fa17190509b1d03818776950e9e45fdb5692b6,2018-07-06 11:00:58 +0300
5bd1ff0d53ce26491e02b72e1eee8b873ea5dcf3,2018-07-06 10:59:09 +0300
b2d3b393610652ab3d51bf88c43c80b324ef0820,2018-06-08 16:18:39 +0300
7475b4e09159e5fc5af8d9dadc1243bfb84b61aa,2018-06-08 16:18:26 +0300
22c2e789e381113e069336357df9acb41420ffe2,2018-06-08 15:54:59 +0300
5aff25c9782c8fbabeb7b0b61d7eb73dbc9f3fd8,2018-06-08 12:48:36 +0300
eb250373afd9f7c555577eab13fdde42396b8b8e,2018-06-01 12:32:41 +0300
db8a4a577e89326824ae3a1f76c76ad52e29be40,2018-06-01 11:59:50 +0300
85805afca6ac26fa725e80c7cefc46b382445976,2018-06-01 10:43:59 +0300
bc3acb1fa3ef30538fec0620c963e6ffcedede5f,2018-06-01 10:41:16 +0300
6ea7f3958119c2d5f5a3bdfd3a863335705def4f,2018-05-23 12:21:54 +0300
26dc6a268f64dc8f6c4c700a0dabbf09c877b93f,2018-05-23 10:18:00 +0300
872f231a1984033771867628b1e4f660dfec2b28,2018-05-23 10:17:32 +0300
57361b635f58afe0f06c332f8f57449dd2963836,2018-05-22 18:07:42 +0300
c24c8b9ffef4837697cf8717fd6c2287526d62b7,2018-05-17 18:08:09 +0300
17ad5f839e2e3dc73c1d17696b8d27c35a8b67dd,2018-05-17 18:07:48 +0300
b659b69d518ee5d1469f5716137b23f94b52877f,2018-05-17 17:27:37 +0300
5505164e9091e0b20399ab53ea3f5961c43be844,2018-05-17 17:21:26 +0300
0349c974fccce2d18dcb3a865260e67c6c2a376f,2018-05-17 17:13:57 +0300
bcd83417174c587bf008bc0124a6be9b09e35392,2018-05-17 12:44:03 +0300
a0b06f45f3cf834aed825ff3b96e9ac651517b25,2018-05-16 17:43:47 +0300
b3170261823f5a9a74574852a4d98f0db57b6643,2018-05-08 14:39:02 +0300
bcbec5159c5204bc42f28d8a273bf35a923f1f6d,2018-05-08 12:48:52 +0300
0a0f98dfb335e90bd12937a24ef40ae7bf3927e6,2018-05-07 17:30:45 +0300
dcde4195a219a6711d12b96a1de5b6de292d450e,2018-05-07 17:03:42 +0300
f0b2ed009e0ffec167f002ed046bc9228e11993c,2018-05-07 16:55:14 +0300
feaa5da08dc2bd3d8200ade66f1f38306de1fbee,2018-05-07 15:25:24 +0300
15b7f696be1a0d70273674bbba56ae069f638b1a,2018-05-02 10:16:04 -0500
cac0527eaa813bbb15a56aff9d91ee75774ee034,2018-05-02 10:16:04 -0500
20d20c71ddbe6cbb81ec482c3f907f07ca017db2,2018-05-02 10:16:04 -0500
240c815501851d1b7a287ab04114eb04a3b07ae6,2018-05-02 10:15:55 -0500
319e589709f5378b41d7d3a4ec683bdf0f3c8276,2018-04-27 17:58:10 +0300
f589fc12ae18314d75d4172c766b4a97debaa290,2018-04-26 14:17:12 +0300
fed6bcb95dba8f0bfed1a24dff4375ad9618eb9a,2018-04-19 13:06:43 +0300
07611d930163d346bedb596cf9b6d8e0d1d65625,2018-04-19 13:05:58 +0300
cf2a1a060444a3717bf8c8f1d1dee1163e5dbbed,2018-04-19 10:35:29 +0300
d2fb2de463a19a0e00f076547d3a7f630505ba9b,2018-04-18 15:23:00 +0300
cacea3671977c4eb72e4c2ea80641b7ab48721de,2018-04-18 14:52:17 +0300
faa8a2b89b2592c5c9289559eae77414ef864244,2018-04-18 14:51:07 +0300
c3270a262015daed627923e0a4392b561755b911,2018-04-18 14:34:29 +0300
2e15d522634fa978b19e4dabc0ef548f4dd82562,2018-04-18 14:14:49 +0300
dd833a6c6c8adb519c643ae8400d2d9952b323f8,2018-04-18 12:57:35 +0300
3a1712abaf0dce27c1ef698abaf824e7c4e38d6b,2018-04-18 11:13:31 +0300
631111b0a89884ddea1e0e172588ae653489bfdb,2018-04-15 21:13:20 +0300
c3ab801129d2f513752af4957564af1721c0bec6,2018-04-15 20:54:00 +0300
08597065f41fd7052f9e02018723b39f56f60035,2018-04-15 20:38:47 +0300
b2f80261b32667cbf5ccdf9707f40c04994535a3,2018-04-15 20:23:19 +0300
aa83a2350ee35ff4e2fdddc7d7df68daa238ac0f,2018-04-14 10:08:08 +0300
115bc003740c6bfa63f9cc5bd2c91c4a42059d13,2018-04-14 09:48:55 +0300
17063b89f1fe8fb28c5790e2db74b50f3c48f03d,2018-04-11 15:32:24 +0300
813f206ff71fe64363dd1d573838903ee4a972ef,2018-04-11 15:11:42 +0300
e1b6b63722b81d46968add4b2822369750cacc6d,2018-04-11 14:50:04 +0300
3a337d5d86490bf314927ad00e27e7ff08bba48b,2018-04-11 14:48:20 +0300
9dce81b8bca9c67d71457d08db59d416dc84c56a,2018-04-11 14:42:25 +0300
4314caff293fcb1a7333fc9ab89f33d0edc7d0bc,2018-04-11 14:41:50 +0300
6bdef0c5b6b89c557dfa2c61e4281830083816d6,2018-04-11 14:38:31 +0300
5f510107bfd134ed15fbd9aa771fcda9c2c8d6df,2018-04-11 14:16:01 +0300
f713940e51d25dd849ebef204ebde7fd8aa0177b,2018-04-11 14:14:24 +0300
125a9a8130844de322869cbb0f5a9f626d5e5d8f,2018-04-11 14:13:34 +0300
2baef9ec9a25f833e9c2ce3587a4073893fcc086,2018-04-11 14:12:06 +0300
f9b6126a3070b9203c1597eef4123f67b19754b4,2018-04-09 15:11:52 +0300
123c2fbeba451ea1fdd1d0ed88282e3eac9e38be,2018-04-09 11:47:24 +0300
a316ff4553e4a7f4d78161d3eaf4ce6c0de4c800,2018-04-09 09:51:24 +0300
8ac6029c2a803271117f037e14bbd134988ad7da,2018-04-06 12:15:56 +0300
c161a439ddff9fc5c1897f79d20e8ca8affb5618,2018-04-05 17:34:49 +0300
67aad8a98b112a1cb00274196261a3903a49a8a6,2018-04-05 15:49:24 +0300
fa7e3fac78beb2ac08608ae397b808a2fc654844,2018-04-03 14:15:57 +0300
dbd75f97e58fcec7e5b0d19dd83264fea18c0589,2018-04-01 22:51:05 +0300
e587bd579cd490eca5d68fe660a570883aea7603,2018-04-01 21:14:05 +0300
70880cabc771b12a27efcec6a0450d72758d3d3c,2018-04-01 19:42:04 +0300
ac111c6b742cc678c6d50d20e5383556a031ae21,2018-04-01 19:22:24 +0300
929b6cb45285758c042ebac5ac818b858f8e2448,2018-04-01 00:19:04 +0300
061ca8ac60f1bfbc2089251b22a7b7ce1add9b94,2018-03-30 11:58:47 +0300
4aec5a878e993e6cd531534d324dd2842a20a2c3,2018-03-29 18:03:04 +0300
c1b1b2904989fb2eeecbe9f6f2c72d188d6de973,2018-03-29 17:58:50 +0300
593bae39fd140997757941d6e82f0d1f78279288,2018-03-29 16:56:15 +0300
3e3ad4ff20653bd0d1b03526f9a20dde52e5c53a,2018-03-29 16:54:08 +0300
4aee557cc7218a4e2ddf473a5b931bb6183cecbb,2018-03-29 15:45:53 +0300
4cd1bea28d246e3f820d5887572eb30876f29c94,2018-03-29 12:07:23 +0300
587997fe4a0ba94325c3ecb90f1a86708f61a826,2018-03-28 17:55:12 +0300
3da70e282965cb4735c53f74f2ebc62e21d319d4,2018-03-28 17:43:44 +0300
d56d9a6a3ddf88af53278e2e78ac4c6950242ea9,2018-03-28 14:06:36 +0300
dbee2d15c48ac176e804e160a1ebacb28f2b5575,2018-03-28 13:57:51 +0300
da66ff90e834ddf4335fc90ccc9a0d78ee3b83ed,2018-03-28 13:57:32 +0300
e158372a08a7c8fdeed3f7fa86992abc7fe0089e,2018-03-28 12:33:14 +0300
51289d1c00dd3476beb705088798b86cfe495597,2018-03-28 11:32:33 +0300
8462e6f15f0e1daf4d6e0aadfe5f626c67b5d919,2018-03-28 11:27:16 +0300
85316fd29ead42f527f0d0f6f12004582ae79fd3,2018-03-27 16:58:34 +0300
bddc400b93eb4be199c766705514b297b28f14f8,2018-03-27 16:55:19 +0300
36322d2953fe6469ded4fcf63005f9f78760ca56,2018-03-27 16:52:27 +0300
2a6b79cc7b241f4bd56f3a88696b2f7c64390c65,2018-03-27 16:34:50 +0300
8c8a2f0bea2679cab65d9a1de05d5a72e883dcb7,2018-03-27 13:06:22 +0300
2ead78b63c8ad1701f09b3a8d3b6e5ca39a20d5b,2018-03-26 16:31:05 +0300
23c3a8c5d053a7c43859424ea34a9194f725b10d,2018-03-26 14:30:33 +0300
2733a9f09eb2ec63340a5c7e45615b80463eef6c,2018-03-25 18:41:52 +0300
284151ce85e8a91824c1528a245b64b9a2075ba7,2018-03-25 18:31:55 +0300
23732634d0db1e1a4ea1578e6af51318e44c6c8f,2018-03-24 16:01:56 +0300
a985d7b85addc6c130738ee5a38fb51617999a70,2018-03-24 12:47:05 +0300
c55e46f0c7cc95432e1eb6c1bdee8f749470b6e5,2018-03-21 15:05:01 +0300
3512f8049018b65219255ac9ee84ead3a48346b6,2018-03-10 22:58:37 +0300
8d38e1c3493be8c11970846873341a2108259870,2018-03-10 22:39:25 +0300
e608894905e86ff6e28f4f33c45bccb56aa73b87,2018-03-10 22:21:48 +0300
87d7e89b90f70a71d740dd22ff3d7c7064289de3,2018-03-07 15:00:31 +0300
bd8f5c0013d8976507f946d4fa60018ba6fe6e3a,2018-03-07 15:00:13 +0300
739d02ed5f143148b4437894febfc3ede9aff7d8,2018-03-06 17:43:29 +0300
9c07e1826e48df4a86de9110b553bd98388ac581,2018-03-05 11:59:55 +0300
ec5df09b76d0415985ea50a9b29ab77f22a4304e,2018-03-05 11:10:25 +0300
c6a44ccf4aa8a77c23f5f0b4bbd69b01c6983297,2018-03-05 10:52:34 +0300
927b068b46923b00c355f99f1c76f26b45fa8674,2018-03-05 10:52:08 +0300
7758dbf420b1cb611d0710a26304d7d2c34227c7,2018-03-05 10:47:08 +0300
f86af37f6293494baa2616f67b8447429639724d,2018-03-05 10:13:29 +0300
265636c8c9843c3f62f97cb4e2219e32e9f2ec16,2018-03-04 16:37:55 +0300
b18329b5e32270b2fd275d898dd12ca92dbdd6d6,2018-03-04 14:35:46 +0300
fd0d06ec99713d1cd48e9e3367d3f8faf8066a4d,2018-02-27 16:05:47 +0300
b3e513c47efb75e1da726b21dba3b73be2bbdd91,2018-02-23 11:41:00 +0300
193c6aa4f6221efc7ac9d436fca50e865d63c229,2018-02-20 13:08:03 +0300
8b48c7c6f327e22877a8ddf9b547dea6179fba8f,2018-02-19 10:48:28 +0300
6b804098fcc0f7f674a6c4cc2ae506fedad558f2,2018-02-15 17:59:23 +0300
31befb1b98cbd99402113ff49a128de37037a736,2018-02-15 17:21:27 +0300
3b07f37cde7afe0f369312d60517ed30fda2d9c6,2018-02-15 17:01:08 +0300
3fc569ec6358e5da93f58726d0a13118a218e0fe,2018-02-15 16:59:52 +0300
3d90d21edfc69b9593e3c30a587e7cd1fd19f23c,2018-02-14 16:34:08 +0300
0ca73a17a6972e66a384e436dcccba11ff943183,2018-02-14 16:33:29 +0300
9d4f6a44dd9ccd811ad100716ecf88a487fd2092,2018-02-14 15:56:47 +0300
9183314a9e1d361e14c13cd5f208a71533b5fe8e,2018-02-14 10:30:37 +0300
7a2fb98f9ea7dc91cd206cd023ad5aa46f5b2954,2018-02-13 14:42:18 +0300
e9406153f19d2101f316966bb6f8d1614cb4b578,2018-02-13 14:40:24 +0300
42bcdb67b363cf74ce20cb01491aa9bdefba62cc,2018-02-13 14:36:48 +0300
1525bc740fa0f61b77ce7f865be28aa7b0a576dd,2018-02-13 14:10:24 +0300
90e97a341449370f5257033c2e5933304c10276a,2018-02-13 14:10:11 +0300
d7eb7a98dc129ebf03142333ce6e2640a61c906f,2018-02-13 14:02:38 +0300
40001f6c2ca0273db5422ee7bccfa3bffa02ff01,2018-02-13 13:07:38 +0300
edcfb7b1f46624dc9bdc6133a4e87d410076c23a,2018-02-13 12:58:28 +0300
8dd8b1d1aa2cb4ad01762a6c1c4aec7029a577eb,2018-02-12 17:40:26 +0300
90e527334502558528da8b1910c42eb0b740f778,2018-02-12 09:04:54 +0300
a43c1e6a297ac5440d646f8f11ba54fe7c292509,2018-02-09 16:06:29 +0300
b7189498dbbee1edb11d92183223d451b0f48b11,2018-02-09 11:37:08 +0300
ac25d877ce8e8391e51c71d750a8a7df7b9ce026,2018-02-09 11:04:51 +0300
1469e6262c7e37a04cf36fb4789749566e87d60d,2018-02-08 16:04:51 +0300
162d06e463691e8dc9ecc59ff5964180b97d3f7e,2018-02-08 14:41:13 +0300
bc8441a06e9331fcd167c0c77acc18c6e652e493,2018-02-08 14:40:31 +0300
7ae85329ca368523db1656e155f15094cbf87aa3,2018-02-08 14:39:48 +0300
4a8a8425e210d79055344ba2925991cdd23d153e,2018-02-07 16:42:08 +0300
c11adead8319b8fb62e4bafcc24284913144041d,2018-02-07 15:13:07 +0300
e8cae770ed781c96bb949737a805b84e29bf1536,2018-02-07 14:55:42 +0300
383cfb0d0f77273dbe007a4f3220a53464bc36ac,2018-02-07 14:48:36 +0300
e88edcf58864c9d5457de484903958eb8dbf6f83,2018-02-07 14:47:53 +0300
234d97980a75bc70e822b6b0762049c50ba361a7,2018-02-07 13:32:37 +0300
e591f4d1fb897b6e173822696ca68773d296f20a,2018-02-07 11:37:00 +0300
5cc51157dee908266f8e7b715acf5536ec8452ce,2018-02-06 17:46:12 +0300
40bcac77a03e7a7ecb8df930a0aac6017430bf3c,2018-02-06 11:50:34 +0300
221bed687134243da14e220daa8df3686bdb183d,2018-02-05 10:33:49 -0300
750d3d551913f5c8cb325f6075853627668e5f55,2018-02-05 12:28:29 +0300
6378c41f7ced5961c892e132110a357872f3fb58,2018-02-05 10:01:44 +0300
efee1d3fabd543d3a257162ab187b087147e9e3b,2018-02-02 16:25:22 +0300
d8a944b0b67fa2ffc2dddb9430a65dd18d3f3fdb,2018-02-02 15:53:40 +0300
d1c214f4c3c00738648f262f951515605722b65a,2018-02-02 15:36:48 +0300
96914de4667db32abab2b3d84c7bc7a2ab5629c9,2018-02-02 15:25:44 +0300
ab1fd0bf471954b94aba1aeda0c149175de50929,2018-02-02 15:24:03 +0300
8a3b43c3973838462404383e93fa3f94aefd491d,2018-02-02 15:23:04 +0300
d549a2f15189b59dc64ab8a3cab1f8b298bde379,2018-02-02 15:17:34 +0300
0a05318297953c3fbebf225c5a0d6025880a05a0,2018-02-02 14:48:27 +0300
763a188075587572028c63b77b93b16de88b603a,2018-02-02 12:44:07 +0300
50bed162eb59bd78f6d9fd65a3d50a898b7842be,2018-02-02 11:53:13 +0300
023547e6a0faeeb7f151cff3028ff1552c7158c1,2018-02-01 12:37:40 +0300
05d279d8e61ef55e2db1ec0858d5d7c67d95ee69,2018-01-31 16:02:54 +0300
9c25d0c3effb077e92859833815997d14b0ba9d1,2018-01-31 15:47:22 +0300
cc025e40a8ea81cd290b7dcc4a669d49b8e27640,2018-01-30 16:33:21 +0300
4517505ba5218f0d0bec58dea97648f679fc710d,2018-01-30 15:51:01 +0300
f9b725a567d7de58c6fec5e823d9bb8a107ca310,2018-01-29 17:45:13 +0300
5cbb4f0891a55a9c48206582e8142d90d6f72b5b,2018-01-29 17:01:34 +0300
29ef71cd6ad72a80c9e1ef5a0b11b4a85dbb2586,2018-01-29 16:58:20 +0300
9a33f10e369f608141be32ff650d84b4842d04cf,2018-01-29 16:47:27 +0300
7f6908c74d9241fb5e68d82a3793cab267629493,2018-01-26 17:55:01 +0300
5923ad08fc43c87b7ea379153e34ab32c9c9e93c,2018-01-26 16:59:43 +0300
97664e916f38ffe4535d8d4cefe22e06d51560cb,2018-01-26 15:43:44 +0300
0b01512b8e72abe136d1b55e96c5be48de87eca5,2018-01-26 15:22:15 +0300
b83cc3e6d4e7134944ea4eb75a765aa739d83f1f,2018-01-26 13:41:10 +0300
ea745fd6d261454b6074c7b42a56fe4d62ab8c85,2018-01-26 12:14:56 +0300
c47c03d011a951b4225af13d6f1d9283eb5068e5,2018-01-26 09:05:35 +0300
87c6ccc894ab8d57b393f6478e42419765621c56,2018-01-25 13:32:19 +0300
78f2f90a86f942ebeea8ea5b09383663bd20e1a7,2018-01-25 10:42:19 +0300
93510a7dec00427154697ad1f16ade4f6d1c1327,2018-01-24 16:45:15 +0300
f5321be3fb4192ddcf3a2e5dcf05d0c703a5e01a,2018-01-24 11:35:10 +0300
c0e9d0ad6b4a99b9768bdcf5da5fad7c1dec9608,2018-01-23 17:44:49 +0300
7a47d7236fccf4e41753f7f171a61b993528592e,2018-01-23 17:42:01 +0300
fcb490c2af20ea45e331ef693b3be9c6cf42d08b,2018-01-23 17:35:57 +0300
334d9cc48b1fca561773dda648463f537f881d70,2018-01-23 17:08:53 +0300
c4b110043e89e3ad74f28d74d272ab3c56e4ba16,2018-01-23 16:18:48 +0300
8c3c49a4db576234968dd5baee9e4ea167b1ed0e,2018-01-23 15:59:51 +0300
14f1753652906fc5e2c8b3e0e23126397826937c,2018-01-23 15:58:01 +0300
f46a30428041431a7d7ef7fe35f6dd156018eff7,2018-01-23 15:10:58 +0300
ab67522cae0a3a82e0f642ef0b4e3c9177c2a9df,2018-01-23 14:36:40 +0300
2945e1a02c8391545742abb477ce6b6474462644,2018-01-22 18:14:40 +0300
a0c63e46bcf3cf5d412634225a88fd5d4fdb438e,2018-01-22 16:05:58 +0300
54bb53ae7edb43fc961cbd94ce1a4e98882aeb55,2018-01-19 17:38:44 +0300
f894fb5e39af03144af02bdd37a8a219b392b279,2018-01-19 16:25:16 +0300
d3b546a37bfe629a285f6d1a3ba6e44efa014560,2018-01-19 15:52:03 +0300
174898d5af5acc9f1242bdb2c4b108094d7b1307,2018-01-19 15:33:01 +0300
84687a7874b4cf0107809d0feea82c394a826b46,2018-01-19 15:27:37 +0300
8d66f55b4ef919ca1ad937d43b535011c7dbf5c8,2018-01-19 15:23:55 +0300
3fa68189fa90883fa4f0ecadf2da3f76408e2107,2018-01-19 15:21:30 +0300
a37df6b2dae6102c48ef50f73e0a6265080be5ec,2018-01-19 12:02:16 +0300
1e8ed89f96b0854843149f56a7e621ce0ba70d6b,2018-01-17 10:45:58 +0300
8f67218f45038b668e520c949c1bbfc920a2d215,2018-01-15 17:01:57 +0300
66af8b36f9a4881ecf6b5896e7ce862cccd365db,2018-01-15 14:01:52 +0300
8d79f4594a916415d1776d2011b2636712fa4ae2,2018-01-12 17:31:04 +0300
a52592cdea8e6f86b0c10c2fc8c51eaa3ad06b3e,2018-01-12 16:06:54 +0300
af167bdb72441b3b01ad6385778c124ebfd5fd54,2018-01-11 17:40:22 +0300
cde79c1173bbc6979350dabfbd6e65d08fe6abc6,2018-01-11 17:38:37 +0300
8b33a3eb3d8a40440475bc1dc0dc2c18fdaab179,2018-01-11 14:07:21 +0300
fcdb1643ed19885870172474163d565d1041ee82,2018-01-10 18:25:04 +0300
e34fc180a19fcc1d96820b4d7771e2fadb2242f7,2018-01-10 16:20:24 +0300
d02a888425564bb798d8f98f853642e73f95d4f5,2018-01-09 12:21:52 +0300
5adac63ad325fd25df6a8f6b3d8f17ac511a9939,2018-01-05 11:42:54 +0300
df1324e407d19287f0bc22a02f18f495bad1b517,2018-01-04 19:00:13 +0300
41dd56c5af47c9d9afb8e259727dfaf4dd9a6cca,2017-12-13 17:12:01 +0300
38f37d79aa6539913b83235fd4fff4ed6f826b85,2017-12-12 15:52:43 +0300
eec08b7effe3f5a88150597d4412d3056913822a,2017-12-12 15:51:27 +0300
bf97267a0c55aec8aeb6ecbdc583a4e57da1d6b0,2017-12-08 16:42:49 +0300
eb82a0f991576606730a572d89412c9772906acb,2017-12-08 16:29:51 +0300
74ff3fdeb06c4f0140f27e4852f8fd4ba86ba57b,2017-12-08 11:38:25 +0300
e0b9ebecc873a17baccba9f0e850dfdaddbdbfec,2017-12-07 16:05:13 +0300
c98ec8112905309aceecd3f01c71a2c0c6588920,2017-12-07 15:48:29 +0300
fe1ee5f7d1d6a542f5795d9e8185dfdb224b13cd,2017-12-07 15:42:43 +0300
2e077dd3b0220436a040b69c47190cc333cabd03,2017-12-07 14:10:08 +0300
ab6ec9eedb5ff22a6c7e95b92245cf6aec8a32e8,2017-12-07 13:46:32 +0300
f95604505a132df947b7bdda5a822c2ff8c3edcb,2017-12-07 13:09:14 +0300
07111dff6aa83e63b5a9e4ee3ed2590211446a36,2017-12-07 12:25:31 +0300
9e768dbcb61521ee9858792b52af8d96bbf3c857,2017-12-07 12:23:36 +0300
59d93045f023a77a1a4363c26885475009a1a7b6,2017-12-07 11:57:51 +0300
db8eb3da1ab57bab74886dbe1cd4e927076d5402,2017-12-07 11:20:25 +0300
6b299bc5d62c20fbca9625458842c83a2f75ebf7,2017-12-07 10:35:40 +0300
e2e2684f960ae0224ab65b70cc92276e92299347,2017-12-06 13:03:01 +0300
01815158c9577e43318a808f78e359557ec3131a,2017-12-06 10:14:54 +0300
fe43288bec33ea6176cc01c0523d78f03b947e7d,2017-12-06 09:52:43 +0300
a941ea7b0d6518ea6e90bee4b57c2f142633b790,2017-12-05 22:42:25 -0500
f181099ba03f61308aa0b055147f22d7c055f534,2017-12-05 22:41:23 -0500
2d0daeeaf9c4d60b59d6a309a4f2462cb5f084ed,2017-12-05 22:38:53 -0500
c2200fc0003a859dc65955493a0fa87996fcd4b1,2017-12-04 09:59:30 +0300
ed8577421b644f81ff022342ecbfbd34d8a63230,2017-12-04 09:56:28 +0300
6c2d490de4920082774f01e076a63042d4292d88,2017-12-01 15:23:50 -0500
201ccc2ab6a65ffc2c08e76f6191a47ed82d49eb,2017-12-01 15:42:56 +0300
9382e47338c65d0208f731a153d571c7a2789faf,2017-11-30 12:03:25 +0300
f7e3bc614704018830b439fee321a9ece354e2f6,2017-11-27 12:08:30 +0300
01da0e4148cbbf5533cbe09105df2ba0c4e54d16,2017-11-22 10:58:19 +0300
32a17ff004abb4d9cc171088f8ecd3665d2e2021,2017-11-22 10:41:24 +0300
80416411a7027b1e7b67bd4c42269edc141a40f8,2017-11-22 10:26:13 +0300
37dac62d895de491ba39a8405b8e7e8d111046ac,2017-11-22 10:23:24 +0300
24b45fd479a65cc48c1ed129c65174408c7f9897,2017-11-22 10:20:07 +0300
b3a065f27bc27f0e2f30a9518cd7c31388c9a305,2017-11-22 10:10:19 +0300
066d176f457e54c7af6376b2ccacb71d3128cbc0,2017-11-22 10:07:40 +0300
4977177da360f1c468966113f9dedd5b1da195ad,2017-11-19 11:57:41 +0300
62056c6bfb192cce28bda826fba711b2e430eef4,2017-11-15 11:35:09 +0300
97a518866d7d32bc401c9bc274cd045810622c99,2017-11-15 10:27:48 +0300
2849f5c8eef3046c40a234a709d2536981b4b97e,2017-11-15 10:27:48 +0300
ad9d9347cca4afb3fef3f0f42872dcc8096e9d59,2017-11-15 10:27:48 +0300
72a3a52710f2a34e70a6db04b1ef79566cd26202,2017-11-15 10:27:48 +0300
f98da6900c062c09cea800bc1d3b5cf22db05cb0,2017-11-15 10:27:48 +0300
4cd3d7a59d11f4b79febe966ae700d45f8a76671,2017-11-15 10:27:48 +0300
5904907e10c907b495f8f7daad9d3975550d3e87,2017-11-15 10:27:47 +0300
060340bf6a4ae75e5ff1643e04437a38d8231014,2017-11-15 10:27:47 +0300
47a8795fd2f8b396bb67ac61c0423681d581ff24,2017-11-15 10:27:47 +0300
a10d4bac8f05f9fb76527348f189da4f14695fab,2017-11-15 10:27:47 +0300
44dec79f53084f61ec19dccd41baaceca950a902,2017-11-15 10:27:47 +0300
185646f8463188c6cc3df4489cf3ae54b0e66c22,2017-11-15 10:27:47 +0300
6b4640381d4868864f61efc8ecbc3f6b09ddb3e1,2017-11-15 10:27:47 +0300
ad04fb80819446a3476e73aa82d720f51a1f099a,2017-11-15 10:27:47 +0300
98a2d238a39b5d758491d0f447255be8e3231aad,2017-11-15 10:27:47 +0300
4af8de54d6b7bcf997e03cf7981a0790151e8509,2017-11-15 10:27:46 +0300
5a912add56882ed87d24566402c4894847d39053,2017-11-15 10:27:46 +0300
c470d3723255676ae21363954da6355fb875cdc4,2017-11-15 10:27:46 +0300
7c09e7f25d763a23367defa7145a8a745c7cc13d,2017-11-15 10:27:46 +0300
cb1ed5d65de53f4b311d8786b9ad9ee06a37b97a,2017-11-15 10:27:46 +0300
13056c18c415682c3ea58e1b4595a1110100bf81,2017-11-15 10:27:46 +0300
0ece129d908f0a0d783413d4a3780edce459e47f,2017-11-15 10:27:46 +0300
ad4d5bd42bae6fd27393a85beb0290134c41c089,2017-11-15 10:27:46 +0300
b3f7402c5e81177c613f760599bb886ba21cbcb6,2017-11-15 10:27:26 +0300
036439587b13e04a2c501bda894e971d4b7003d0,2017-11-13 17:19:05 +0300
d0f462f54e387e54fb06a541fc71a2571366e146,2017-11-13 16:46:49 +0300
ea44dcad1ef97317ca4a866be2db44472c751ba5,2017-11-10 20:49:06 +0300
0327a100288f1b3315eb8b20fb1e54200c8db50c,2017-10-15 10:03:58 +0000
8f2435671d91528b73a121e3c627b8111fc0012e,2017-10-14 17:24:17 +0300
0691651e65d11f17ec95b0acb6cda6411a3d2368,2017-10-14 17:10:26 +0300
2e52a429447aa67442fa90ee93aa81d85397adcc,2017-10-14 16:57:41 +0300
beabacefa5464dbfda353461ad6306bb8aafba64,2017-10-13 14:43:57 +0300
cf12122dbc1c8fb58413c57def8624a36283e926,2017-10-13 14:36:11 +0300
1957e9ddec279aa13ccb7ccddf39edf6552d211c,2017-10-13 14:34:44 +0300
f731a4a3f353c03c2d3728742c7b34b93deb9526,2017-10-11 13:33:40 +0300
d226eeeb390d840fa53cbde79f24910bed1518e2,2017-10-10 12:40:26 +0300
4637acdf55c55b63073bdd700c7854434a1c11f7,2017-10-06 12:07:41 +0300
59235902b57bc836b480d813f05c0d5f42ffb36b,2017-10-06 12:07:31 +0300
7e6b2c7ddd162513a0f2e573181401951e6e04e3,2017-10-06 11:56:56 +0300
2568f02f85ddec9125d98adcf344198f6547a9ce,2017-10-03 16:58:21 +0300
b0e2171877f2e000be95c85b1db88787cf424263,2017-10-03 14:18:14 +0300
53ece1e5ad56b00d58b954c6f8f43b245b99c7fb,2017-10-03 14:17:03 +0300
90327afa5676c7b4f454a70f2ab0a6494d074b07,2017-10-03 11:58:40 +0300
bfada3f1f516817b1c29a73ed1fe456ed5f8a580,2017-10-03 11:54:30 +0300
0a78a598c3fe6c710823583cdecc936929d95401,2017-10-02 17:21:05 +0300
59b12b3942cee7a1547ef7f394df186ad8a7f262,2017-10-02 16:22:08 +0300
253887b2daa414fd2e89add8813de7cd2863ffff,2017-10-02 16:21:31 +0300
7ba05f397eb601b2eb6fd817eab787d31593d01b,2017-10-02 16:20:42 +0300
9867ff21e2f7104e9adb5cbd1709066eb772ab16,2017-10-02 15:56:34 +0300
6c871b3f68294a909b5feb573e237cd0fada753e,2017-09-27 14:11:04 +0300
4b48a002dde2527ac71b3b06485288bac3b18d97,2017-09-27 13:19:49 +0300
f61b163b99733c14ffd7530eb2f3d0dfbdd53960,2017-09-27 13:05:25 +0300
75d126490827e71db1c6fa707256218c3c951840,2017-09-27 12:16:41 +0300
0c9098138cae58eb1f6c52554ac8002d1ea1aadb,2017-09-26 17:52:21 +0300
b34c76b24a73355fb4c1085dfc10c4741668ea60,2017-09-26 17:31:39 +0300
8b4e3bc60d7c04d0489d1c85af46b121be3187e2,2017-09-26 11:38:01 +0300
5362bb396786880129fc7dcb1c1a4a860329d74b,2017-09-25 15:43:49 +0300
f29c5ab1e853813e0f87dd27263da080c28f2783,2017-09-25 14:48:29 +0300
19958fdc8b075116c0a41ab3e80b67ee6ea568cd,2017-09-25 14:31:45 +0300
3fc0943160e2e238e688719397b259be393854f3,2017-09-23 22:47:44 +0300
588c237443cc5e18031a62c233707b75612f717c,2017-09-23 19:00:06 +0300
84358ab8f1f458fb896bf23c337e099e1cff8eb5,2017-09-22 15:40:59 +0300
c7d0ac7a0401880a9fef1df6093172e0836db736,2017-09-22 15:40:49 +0300
72e9ba60cf2c6a125146ce9bd7108a0f9ced6e08,2017-09-22 11:43:45 +0300
dda1a899558bc365f6a7a345b03a01d77c7f4d96,2017-09-22 09:44:24 +0300
1d5861932025660e0c958bf117c6b8de64ed72ce,2017-09-21 18:52:31 +0300
6c17c0216fa533d54eb77aa619aa263363a75dce,2017-09-21 17:27:05 +0300
f4627713c8d4c69fb03a73304664a3c30d1f5941,2017-09-21 17:00:49 +0300
76818df3b69f87e8a0c91aef48a8957720edcdea,2017-09-21 16:05:33 +0300
bb9f8cdcbda33c01ea9bd6d00028812556ac4536,2017-09-21 16:01:07 +0300
a4075721b0bfe0838c14bae4e5c0776e967fea04,2017-09-21 14:31:59 +0300
9f410575bfe6fccb53cc9de6224b979c580dd4da,2017-09-21 12:17:53 +0300
a60b09b153d4c488d681c5840837f537b42b3417,2017-09-21 10:47:23 +0300
a971f44c82b6f14ef8e4533ebcf46dd5de270bbc,2017-09-21 10:27:54 +0300
b5c56b64cad01473d440dc4589dc09d3e8b89cb2,2017-09-20 15:14:35 +0300
d682f076663b20fc0f661d5e3bf927432550466f,2017-09-20 14:53:20 +0300
2449c6fb664e66aaf15f02627c6766d7f4c408ca,2017-09-20 11:00:52 +0300
73c4f76403c087a8127d9490ef87866b90ef6301,2017-09-19 10:41:03 +0300
4a6241641f66a55b83f65e2b4c124e0f74d95121,2017-09-11 14:04:03 +0300
518eb2fe495a5dd22c4b95958fba79f7821d49ae,2017-09-11 12:53:41 +0300
cb3f9f4988bcc63820872ec5e7392f1d121902dd,2017-09-11 12:40:55 +0300
4a8eb1b06197ae828f2740635e7b5913c68a429b,2017-09-06 16:02:14 +0300
b073b48bf9788d05f282464af6e027dee14bebdb,2017-09-01 14:38:26 +0300
d166a6abd76c1a295741d95ba7177f275451e613,2017-09-01 14:17:58 +0300
62ba8fb28d357a7f59ceb06f4702522d50fe1b47,2017-08-31 14:00:09 +0300
64dad5641cbd7297eb0b76071471ce707f1478ef,2017-08-31 12:53:25 +0300
66e2727e8b6c3481518d6fe7450530924d566ade,2017-08-31 12:21:16 +0300
65ebda996b5dff7b9887a45fc1d5c5759192f8e3,2017-08-31 12:20:49 +0300
8452d41def3796502d297456043d97822665e3b3,2017-08-31 12:19:33 +0300
e44f2fab57b4958c805e024dc65b1f11b63df6a5,2017-08-30 17:39:18 +0300
1a30c7679a953d1211e7e283442fa3fccb509932,2017-08-25 11:39:12 +0300
a1c9e2dd2489164dc4e3411753d43866efc1b8da,2017-08-24 12:48:08 +0300
0101fc1ca44ec84eebc40d937a590ac4909e583f,2017-08-23 18:23:08 +0300
4684f56b4df9463d2e2d09592af318cdb3b2328e,2017-08-23 18:22:10 +0300
863c23e66b84a616188adb8c7d18d5e3e2436636,2017-08-22 11:50:11 +0300
d189e5f2cb369251b27ad18535106881d2ed2968,2017-08-22 11:49:35 +0300
ece8fc2e4ddad222b1a2eac002087a0392563465,2017-08-21 14:02:58 +0300
eb512d58fbf7a22bf07b6b602f7d50ddc695d5cd,2017-08-21 12:35:50 +0300
afb42ed4c9772d81cc5f5c768ae02d0bb4ab67a6,2017-08-21 12:20:53 +0300
790f1987cf358b49f20d12d0afb7d44eb9f20b36,2017-08-21 11:57:29 +0300
93fb331746da20f8b8892b16cb21fc78872e2ba7,2017-08-21 10:28:51 +0300
b425e5010e3272f1d60890a9103330d6fe833897,2017-08-18 15:24:39 +0300
2bcefc21c2777926ef3a5797f082b744eea7ef47,2017-08-18 15:03:31 +0300
4eb6a05534f0faa77310789397e0ea15c9e57a75,2017-08-18 14:58:53 +0300
b332610abdc3e4f0ec7743982c6f3c84b3436dde,2017-08-18 12:57:56 +0300
3c215ef168b93d2185e3fae61e820ab20ec28b1f,2017-08-17 12:44:46 +0300
7f7aca813d3eba5eedb9c75567d7f42320a1529b,2017-08-17 12:41:58 +0300
bc7399a313b4fa55f3f083106cbe2012c9397e97,2017-08-17 12:41:57 +0300
4e623e32eed2142ac332a7aca449896e1f3c13f3,2017-08-17 12:41:57 +0300
e70c5a51174e63e4a36f83fb6aa877c3f85e0729,2017-08-17 12:41:57 +0300
10e070695d6ecd60976e3812630df8dd38b219cd,2017-08-17 12:41:56 +0300
fddb229d616d9cc29ea46da2a4b1994c73528755,2017-08-17 12:41:56 +0300
de0969a08bbb0ed1a0f834ef3a409f1ae03d7856,2017-08-17 12:28:01 +0300
50801e66d3072e5cd6b6e2d7a9915c293d969685,2017-08-16 18:43:58 +0300
d249aa37d8523fd3cfe1b7aa809b12f8eb36b79c,2017-08-16 18:35:56 +0300
86f418cb7f719b6a552bf8c60299a31ee9ab4ba9,2017-08-16 18:30:17 +0300
38ca7283955f4d7c756c16c4290f09bd19bf904b,2017-08-16 18:30:09 +0300
f734851f4f7ef71eb95d78c8432c94035f1d9e20,2017-08-16 18:30:02 +0300
54feb9762ef0356edc20def754bca65749451bec,2017-08-16 18:29:54 +0300
e45f41f4c56a958763ac89bb5e21f70689a37a96,2017-08-16 18:29:45 +0300
040bfbce6c2e79b1686f392964c6204477ec3e59,2017-08-16 18:29:35 +0300
55e3c975bfe3195f5bb87900a207c88878b799a5,2017-08-16 18:29:23 +0300
a6c5efbcd70d45ba89712968b180d66e0dbbf814,2017-08-16 14:52:58 +0300
5135846b367e77378948dd2f2f1fc772796c1898,2017-08-16 12:08:28 +0300
818e3175a7d2174c83162592eca315274c064820,2017-08-11 13:48:03 +0300
7f278e001c68a8588658e0071b418c07b304c66c,2017-08-11 13:13:26 +0300
7b762e9a3182403329ca3f428553dd13ca6429f8,2017-08-11 10:44:16 +0300
caaeb99bf75fcc1fa50ade5d14d43c3e1aa642c1,2017-08-02 16:46:02 +0300
f16810a20a3afbb7b4b3230f6c81890d62efe0c2,2017-08-02 16:23:56 +0300
c1ec14440169ca72d086332d8cc783cbf91ea268,2017-08-02 16:23:56 +0300
13ead3f8180d213dd28b079fb29c11335425aa44,2017-08-02 16:23:56 +0300
3939efe42ab7fd8a3745a45e0d6721b9b789e519,2017-08-02 16:23:56 +0300
78b0a653bf42d9ba6bbe8287a1a995285727f6ce,2017-08-02 12:14:29 +0300
5adbd4f17430e061da540f4531b070a4417878d3,2017-08-02 12:13:48 +0300
6896b935a93eaf2c75cd5eefe17b3c1990263de2,2017-08-02 11:42:03 +0300
ccdaeb8bd7dd7491c7ef2df7362d73293d13b6c8,2017-08-02 11:41:41 +0300
8ed4db601270680bb1943285a0b970a0965018ef,2017-08-01 13:15:46 -0700
162bcd3d2f83eadd91fdda1e007a838ddc648071,2017-08-01 13:10:58 -0700
ba6d053fe8f042568bdba1af40d44876e7008041,2017-08-01 13:06:51 -0700
f4866e58976576670deb7cb14b5eb6be702e2fec,2017-07-26 14:40:51 +0300
3f375f38443ce06d15d7024d3408b59a509f7b77,2017-07-25 18:51:46 +0300
11b916f85700a770a86e1ba652c71be82f605242,2017-07-25 15:54:51 +0300
61985550230f529c1db5e28e856224ab99f9ecb3,2017-07-25 15:53:56 +0300
d608777a919f3807267c16dc3db0f70fcd24328b,2017-07-25 15:00:13 +0300
70ca3567cf6c53536e9f7b3a9f795964058b2c29,2017-07-25 12:59:45 +0300
aab05f3c0e591f55aeeff3a7eb08cd50ca5a5256,2017-07-25 12:42:46 +0300
38553b1603b9622a6eae691131a4106591649556,2017-07-25 12:39:56 +0300
c58b6f406e81de4d90abe888b763a1292c77feb8,2017-07-25 12:35:50 +0300
2c9896cae739c556a1f27b8bc34a02cf9cfeed1d,2017-07-14 16:58:08 +0300
60b8acc402ad6142f31a2c84a0abd098ef9ac5c2,2017-07-14 14:31:15 +0300
1ba6f5ece51343b22cb8252022fdaaabc146f46a,2017-07-11 14:58:43 +0300
f3a350e1b380cbda8d51e8d468989b8af1dc5ead,2017-07-06 14:05:50 +0300
4d315fbf7d08c63baa6997af0888fee689aac37d,2017-07-05 18:06:11 +0300
544aae0866e8fb1712f07f00794ea3263a4c95b5,2017-07-05 16:08:04 +0300
f7ef3e40911055e22464de700fa454483085aab5,2017-06-30 18:08:32 +0300
f3b90506a1386c3af246ca9c3c1e6a7efff31bf9,2017-06-30 18:07:45 +0300
055cb4130d70b561cf738bbbe187c538127b2c32,2017-06-30 18:06:03 +0300
244bb45695381a88faccd0be419954cf971bedb8,2017-06-30 18:05:29 +0300
8712d98b8160d4babb217e436b16e21a0cceb8fc,2017-06-30 18:01:13 +0300
3eb9affcb03655391a7c613160f77da58eb13a8a,2017-06-30 17:45:55 +0300
bb70d83a096cbf929a3088d3e02908f05ec78564,2017-06-30 16:17:22 +0300
fed246bbb4330efa95dfa2d0613172d6306b0105,2017-06-28 10:12:54 +0300
531f7f654d80b45293258bafdc5829b93b1f18d8,2017-06-27 16:36:53 +0300
33e9b4b927ad6f62a2dd8230612427799b0302c6,2017-06-23 10:24:03 +0300
05a79b5e761f495052759a292a9948f782cbd166,2017-06-20 15:23:45 -0400
19b909a628cfb9b973b63bff2f36f3f356ab33ee,2017-06-20 09:49:27 +0300
11f829f783bd63e81e66e1305ece8c4a011eaa58,2017-06-20 09:38:37 +0300
584ed2892558b91ac300cd78bbe820db6f7fedf8,2017-06-15 13:55:52 +0300
64ef2a5a5d8619ea79fd9da1dcf8f84b5a6c8d49,2017-06-14 20:33:14 +0300
4cc7ce90bc0e7b10f9fa8abcdd024c9f897a4306,2017-06-14 16:46:31 +0300
bb44f9a9cbb3fc1334e191053711098385ff668f,2017-06-08 18:13:58 +0300
4f64cb76e2b7d17223e2e4114b0aec8d59c73ff2,2017-06-08 12:41:39 +0300
6a2eb660f48dd5c7bed0eae0cf64d67ff5e51c81,2017-06-08 12:10:20 +0300
2c301a93aa66e6336af924cddd2001daa7f8135c,2017-06-08 11:27:28 +0300
1b91a9053cb3e74096aabeb86e2979a0c233c674,2017-06-08 11:22:25 +0300
079df57a19bcab89e8f5e403fdc1ab34061a7490,2017-06-08 11:18:52 +0300
347e504ca40e07fceb466cc87bb2e01c04ac4d1d,2017-06-08 09:36:46 +0300
d8ffcdf070226bfdf6e05a9bb1e6b802338a0a54,2017-06-07 18:28:12 +0300
bf520cffb0ad5ea507feefd92bbe28a0b7851ea6,2017-06-07 18:15:04 +0300
272b6e67b3201ec67769fde6308af2aef23a0efd,2017-06-07 18:11:40 +0300
0f948b3bc9df9c826e1a5d90ddeb6e196f7a12d0,2017-06-07 17:58:29 +0300
34e960981f71840536e75519491c9ba3506f2f53,2017-06-07 17:56:53 +0300
e37312da20cd8f049dd0e4307a48aee82d583093,2017-06-07 13:50:41 +0300
45ffc1f4c9c93f6f05c5c2c1bf4c58819fc233ee,2017-06-05 13:27:24 +0300
73af7f8064b187dda8a9c0102117a8a6d467055d,2017-06-02 17:51:10 +0300
ff8d34fedd4f0e1d9a21ad77a060bcf1ffe7bf7d,2017-06-02 11:26:42 +0300
0e09f224126de6e7872f01dca617e557dd80263e,2017-06-02 10:37:55 +0300
a663fa5269976b777bee3e785b45e0610a5c67f6,2017-05-31 14:10:47 +0300
97396d454b31c8263079ee34626ad82a548fa0b1,2017-05-31 12:35:09 +0300
82afc7b82eaafc4fbed62e8c2b743de4a43e608c,2017-05-31 10:43:13 +0300
d0244c26d9e1b08684a76d5d2164b9d5718ff9f2,2017-05-31 10:38:41 +0300
0912bb06de36fe4b29c29e34fd87c22e115413ee,2017-05-30 18:04:12 +0300
f7420763921ef4cc1f27336c0a9ee604688c714e,2017-05-30 17:56:10 +0300
cd41bec98aea90b71dc5eb1fb0a7a7319960839b,2017-05-30 17:54:58 +0300
1ef5d29d706c84af48bfb4a5da459a7824fe2865,2017-05-30 17:35:57 +0300
a416533cb06a684af9422ef45a97617dbad8a81c,2017-05-30 15:16:20 +0300
960ec01efec458d53796ca0948537daeb55fa4ac,2017-05-30 13:53:31 +0300
835d3dc24291ccb692cd10fe58510e291839d6f8,2017-05-30 13:40:42 +0300
c1334ad16757c4dc40c582fe62b134541de3fdf0,2017-05-30 13:22:27 +0300
35f3de0d96e5d0107f34f8c881f7e1f11f64ab7b,2017-05-30 12:22:02 +0300
fd418f9aa2d57b084b054ff646673c89f713e983,2017-05-30 12:17:37 +0300
66699bf0d1ed66907910a33519049859cffca19d,2017-05-30 12:17:05 +0300
258047b44c68761c34e3ab97a5f0a8997893583b,2017-05-30 11:42:06 +0300
cdf5f61d54272a49e3841562fa30bfa9f147c716,2017-05-30 10:15:47 +0300
5aed626121d9ccc4c365c393a75a5138cadcc698,2017-05-30 10:11:36 +0300
882ae38720a89fe3beae220025e79b62ae3292e0,2017-05-30 10:02:12 +0300
78102cf383fa8677afe41ac486a1180ffdf63c55,2017-05-30 09:43:26 +0300
543a8f7a2f86ae581fe9eb37f514353842d947b6,2017-05-30 09:37:01 +0300
ccba4316b0621ca944a43e08caa84b61613e6c71,2017-05-29 18:57:29 +0300
ab6554dc6412dda640ebfcd6a4797cb0a1193f5f,2017-05-29 18:03:09 +0300
c7f5a699fb5a692876587f9c8cf1273a3ed48898,2017-05-29 17:59:43 +0300
175ec07f69446ea89c8ed8ec338b29d45f95821e,2017-05-29 17:51:21 +0300
45ca61a0e750ee885a600ec9471af022f0be368c,2017-05-29 17:37:36 +0300
717889955e490ff98045fa4989288ce5fbf16707,2017-05-29 16:50:31 +0300
eb9a25a4a1816e1a53ebce8522c5f31b4cf1ec5e,2017-05-29 16:30:06 +0300
c59789bae943969b9962d33d7dda51b8d4ddb81e,2017-05-29 15:43:50 +0300
32fd73575c4c1c0597bdfd128799e05694f5aa72,2017-05-29 15:31:23 +0300
b7f1724b335cfa4e198d67ea307352aeab89440f,2017-05-29 15:06:27 +0300
f9e38f223efd334b121089402a075aa9f4751148,2017-05-29 13:08:52 +0300
ecdaab452576a420748e3e1618ab736a63ed21f9,2017-05-29 09:35:57 +0300
c2998127275bba3d41ea0fd6dcffa7727516fe3d,2017-05-26 16:48:45 +0300
eac1f31073045fec6eafef3f3fd6cb05f0201994,2017-05-26 14:50:40 +0300
95f11997f1cba0a0d5ae508a362f071450070d1f,2017-05-25 19:00:15 +0300
f3f01263fc69c98ab41b3d106ca48def6bb5286b,2017-05-25 16:00:13 +0300
65a1fad6500612a3b750f52756e67755c42969c1,2017-05-25 14:40:48 +0300
629937f1466b6aed91b7e1da51c2db9da258700e,2017-05-25 13:48:39 +0300
f318fe4ab6d6ff4ef78d77a10bb9c1ebf2271ef6,2017-05-25 13:44:34 +0300
2501a314d5998270b511b76e97811e02dba05bd7,2017-05-24 13:21:18 +0300
cbfd67830163bd7346bbb37434f058e36307ee3a,2017-05-22 16:58:03 +0300
32f53663e07a5fa838f6932e16024ebdd8c5c61a,2017-05-22 16:57:44 +0300
ee6f5d9614b20d1f12ec3cffc17cdef4b5e6bb07,2017-05-22 16:36:52 +0300
4557c68c708d7d6eae2e3f5d6181f5a55b9ccc9a,2017-05-22 11:14:32 +0300
26f17ef35b4f9469f603fadeb485919f73d68c57,2017-05-22 09:54:21 +0300
070df463e093c7267405f633c7bd25621b781a62,2017-05-19 17:32:31 +0300
6030bf00018ca29c9a7403b1aa04eda89a234c86,2017-05-19 17:30:19 +0300
d0f685dc6d6c14453620eb9bfd9ea4754a6d75de,2017-05-19 16:16:14 +0300
947ddc6c1fddf02f16c18051a3067f22fdffae94,2017-05-19 16:14:20 +0300
16ddfc6ba5805f8505ad3cd9a110c49b1e22cb89,2017-05-19 10:40:45 +0300
dfa70bf2446a5d6263cc92a7c555c13fd4b85175,2017-05-18 16:34:41 +0300
981d5d1b8c48026ece0c708ca5bf60ab73a18623,2017-05-18 16:08:42 +0300
78efdc3f99f154eafc35c60b3142c585262eef2c,2017-05-17 16:41:52 +0300
c3648c17627b5592ebb43840c539c4f122bba87a,2017-05-17 16:29:51 +0300
cfbe5903249f4644f345190693830d6af9fa6603,2017-05-15 16:51:06 +0300
9d2dc7d0a7cc945c6eeb3e5dc1c9b696d18e34bf,2017-05-15 16:21:33 +0300
47222e41c5528d2ecf14a0cc4c2d43bcd5687a45,2017-05-12 16:23:59 +0300
0a9131ee0d6089240cd1d61294129e55c7be40f9,2017-05-12 13:20:19 +0300
965cafc796d15f281335c7c61cdf0e412e8fd431,2017-05-12 12:18:42 +0300
d8bba279ee7a066cf53863afbfab4953e8b48fad,2017-05-11 17:24:10 +0300
95ac4623c243436550528853b14c8a10dc37b93f,2017-05-11 16:38:10 +0300
045c96223531da1e816ee54ff1d26c1320ef10df,2017-05-11 15:46:54 +0300
6341923090c8bfa24428d26332dc84d9bc40eee0,2017-05-11 15:46:35 +0300
e0fe307317bf905980ed0e48d78bb53beb576b9d,2017-05-11 15:38:40 +0300
1a00b57733965ad3133281f83992a01453b43dad,2017-05-11 15:37:07 +0300
17ec08c618490964cf89d590f3e30765eb55f454,2017-05-11 13:08:25 +0300
a1fccd3d7b88d7517a7df13eb67bfa8c5a65ac71,2017-05-10 17:44:20 +0300
09b0fdb0097448c8a04049984ff37cdd2d6e6989,2017-05-10 17:17:23 +0300
652004ed2ec09d917cd7be2e5389091e8f0cb807,2017-05-10 14:37:45 +0300
0ce74ab7914eaa2501e5d5aa9bdc966240bd7938,2017-05-05 14:56:57 +0300
d65baae37c54683156abe23f095777bc13270d84,2017-05-05 14:55:16 +0300
45ac1993f66e8ae413d23fc20fb76f84dfcad3fa,2017-05-04 16:49:23 +0300
1c73a0463401b5c1d10bec4425ae02a9e90c3cce,2017-05-04 16:43:16 +0300
93414bed750b168ef504b22a9beeb7a91a9ef8bd,2017-05-04 14:48:52 +0300
2e0acfef6c829ac722d6f7ea0d49f1288645eab5,2017-05-04 14:44:59 +0300
c04206edfab7a01b3ccbabd332a3d131e338ec06,2017-05-03 18:19:51 +0300
a20830220b62a3f58cba16cc4d0a1225d684f08f,2017-05-03 18:13:54 +0300
9d022051193296e581b883032d50146d4de363e0,2017-05-03 13:55:45 +0300
a2e0452d66a056db75295124a06534f9ac56916b,2017-05-03 13:07:04 +0300
bf689bfd0a13dd1be10ae7f58ce00669b2978c2c,2017-04-29 12:17:25 +0300
f0df0dfebc4c795b09c37eac3a1bcfb673e6abc7,2017-04-29 11:10:49 +0300
bd1b109a943307a83078399c7a4d6aa53631a065,2017-04-28 16:55:34 +0300
87c9c8f4b080f28b09f7b1ea65a89d3e3c2a5748,2017-04-28 10:41:32 +0300
231069ac975775a6caaa1567cc4930e5738a1faa,2017-04-28 10:36:12 +0300
3b22b4757f68bd94a36c312723a794194da2850c,2017-04-27 16:51:31 +0300
38a368f709b0879b117bc674760c34e8d956cbfe,2017-04-27 10:16:30 +0300
a8960c55971cb349d10bf41f37a2172ab3cdbd9d,2017-04-26 12:57:37 +0300
e1cd8bc4b2072a524291e13d231229b4e342ad77,2017-04-26 12:18:52 +0300
a6f272bd2ef9e33b847fca6f0859250ea70ad10e,2017-04-21 14:47:39 +0300
72889dbbc4191bef2dce7cb405ab41345c578eb4,2017-04-20 16:07:47 +0300
0e6f0df1714216e3b615e7ed6718693439175a10,2017-04-20 15:00:27 +0300
4e268e756d4b74fa5bcf8ba5e89817b1102caf3a,2017-04-19 18:21:50 +0300
a60b88f88c768f920e9440b009c0df7f45b6b4e2,2017-04-19 16:31:03 +0300
3d55765cae68f90d65cf0b3ed205240b765bcd5e,2017-04-19 16:20:47 +0300
0ac7dd45562444f653b799875ca28cbb42434923,2017-04-19 14:57:53 +0300
821d730e5f0b738de9f22c4d67fd65468baad68e,2017-04-19 14:51:54 +0300
47d0fc5f88b9a4023df738c0cb99bb82b4825656,2017-04-19 12:40:58 +0300
11154a873a7efb907877f08caa11d5481ef443d4,2017-04-18 18:28:56 +0300
70ace3001afeb48b981e98f26a252a09dc0c6c85,2017-04-18 18:27:44 +0300
8f2e886cdfbe597cdea47bc25b518cd896a6ee6f,2017-04-18 18:05:19 +0300
42be874b7f2ec82fbf6fb23c5cd02c048a698265,2017-04-18 18:04:28 +0300
1c69c88c960a3d8380104c2b0b8130d58817fc3c,2017-04-18 17:52:02 +0300
5a42815c653a83559ff5d720b2e165f77f9304e4,2017-04-18 17:49:54 +0300
da3bcddb5151ccf2b80a81f3d08015e697ced7b5,2017-04-18 16:25:30 +0300
4fe20ec554a4997d9fc9f85e41bc387e3dc532f5,2017-04-18 14:37:12 +0300
1f17edbae73402ca0336e919b50f8b8f8c3ca1d5,2017-04-18 12:16:34 +0300
04ab1bf05565b1cfcc400518a0012efa4494851b,2017-04-17 14:16:19 +0300
67c947e0b8a702cab023032ae0a721d13ac7abbf,2017-04-14 11:08:07 +0300
6cb249b61c7f1d310148f4f4812b60922ab26edc,2017-04-14 11:03:59 +0300
ef5e5d84f97db58badbac975ce7a3c617ed10dfe,2017-04-13 11:04:31 +0300
a35a460271f0c1f322cca9f9e5d3cd4dabb17124,2017-04-12 13:02:34 +0300
15c49552ac733b4ab80f8757daae34921fb9999f,2017-04-12 12:58:44 +0300
00ef6135976eb2481e7c2afb47b60b1b1a9d4b94,2017-04-12 12:52:47 +0300
620f76705be0114beb91f6635b5ac2604e3fc4f6,2017-04-12 12:20:16 +0300
4bc4dd116cce7ff5fac5c3f4e2694c40580f407d,2017-04-12 12:17:54 +0300
9c9a35d4ec4abc55541a3c69c94771cf4081cef9,2017-04-12 12:12:04 +0300
af0a2fc1a1aa6b24e49c019a5ea6dc3cbaf2a6b4,2017-04-12 12:09:53 +0300
a9b4b3d23eafd16c3d97c5ce8afbde25045e3082,2017-04-12 12:05:56 +0300
58e67ec8f684f03c0ed5a10fd435625a984792b4,2017-04-12 12:00:28 +0300
9744f637c43a62093c6a932c2e39eb05b103dcc2,2017-04-12 11:38:51 +0300
35833cde0a6c3ffe3b80ff9bc5c0a0bd31b95df4,2017-04-12 11:27:03 +0300
01b0414da4d1733cdfb5e5d50153bb44bd800d64,2017-04-12 11:25:54 +0300
0aa789b06eb6da92cf27f8f98d2eb307739461a3,2017-04-12 10:43:37 +0300
c2110ef3d6678226b4cc87af2cd0cf595b367d14,2017-04-12 10:08:44 +0300
0312b96d326063bc204064df1a4a1e83573b0ee4,2017-04-12 09:12:58 +0300
fec6ede4025c6264c7c06c896a6ecfb8f43f4ec0,2017-04-12 08:46:17 +0300
cdf7144b5a4d716271bc0cfab1b9618f86c33686,2017-04-12 08:52:29 +0530
115b13874d7fa46149af46a0923bba1f929d7d9b,2017-04-12 08:48:48 +0530
8403df6944fc79aa51953c6ad2cb3a43ecded7ed,2017-04-12 08:47:07 +0530
c9c7cbed641fe1600181511481e191a98da61ae6,2017-04-11 13:02:01 +0300
0bf39d05e23c73f1c48d94ac6d0536d6413d5490,2017-04-11 11:50:20 +0300
aa0904ef44200e503a4eee89f2449e3b671c75ff,2017-04-11 11:31:14 +0300
52b2ebb721482350d9daa15cf5dc8ed9bd4cc176,2017-04-11 11:23:43 +0300
6b3f1b43821fce4b8b23a66323dc41c75a8d92ba,2017-04-11 11:20:11 +0300
c9ec6e78fe112eab559561d84047b8606efd5f7b,2017-04-10 17:08:36 +0300
e926e7a5f1da84e9220fe3322361f943686f9cde,2017-04-10 17:02:52 +0300
c6686098399bfb21be8200fa390ebe764f4f99f5,2017-04-10 16:45:49 +0300
af5ae7856d0281c3c04eee8bf72abf7fd5ff3f68,2017-04-10 13:40:42 +0300
8f3ac8b6add0ce755ecbc65f974e9baf36c669c4,2017-04-10 12:39:22 +0300
770e3b579e1ad9b06c09a538c38a89867551a4e7,2017-04-10 12:28:06 +0300
4dc4650c69d52778537509ab31435c391fca9ed6,2017-04-10 10:55:23 +0300
44665ce78eafa14fbb9bd644b40de92ec0805d54,2017-04-10 10:47:55 +0300
814f82a4325e525aec252bf188bfdc49556ceff7,2017-04-10 10:41:32 +0300
5c419e108486b19c3e372eda7e96793fd27fefc2,2017-04-07 18:49:34 +0300
9839c3e6ff0a7ec47c62e00e5f32a7562a8a80aa,2017-04-07 17:44:28 +0300
b451beafb7599964e71089c557c1925ab171bc7b,2017-04-07 17:16:02 +0300
c56019336812e2ab3527b0c48c7c71bd2a94b4b0,2017-04-07 17:14:38 +0300
51885206960971aa8edcd3ab01b77efe5503c5fb,2017-04-07 16:15:40 +0300
e7e31905ddc6e74ecdd3a1317f2174574068cd4b,2017-04-07 16:13:11 +0300
297dcc28ea2879280aa21e7815160ee4101ec575,2017-04-07 16:10:44 +0300
21832ffa9db0e31dee077399a8257168c43aa596,2017-04-07 16:03:07 +0300
a2c5210defcd756274c884cc28495b5f718ec7ee,2017-04-07 14:35:28 +0300
6888884af04180c77c77f7a77715458df923cddf,2017-04-07 14:28:22 +0300
7215827bc3eb4677caa283dec946ccfdca70a53b,2017-04-06 13:49:42 +0300
e8a1f2453191142110d9a325ba1dbdbef3d12188,2017-04-06 12:27:50 +0530
5008dcee24b70c3ca061aa3677cbffc10c9d00f2,2017-04-05 13:28:42 +0300
70060936645b9aae100e8a3b75a26dda3664ac09,2017-04-05 12:41:09 +0300
4ff5e0e71409ef62d48616470a166f736d3bf11e,2017-04-05 11:36:45 +0300
b3b6e03cf3a0973f69728fda84ee33ea2c8e752c,2017-04-04 16:32:15 +0300
27637e16b322a34bf9f3b90a23381dc0b4fb89e9,2017-04-04 16:08:32 +0300
2c569603f5be99731a95cb8d426dedaf5a28b195,2017-04-04 15:41:10 +0300
ba4ff3057bd17fd3927f8812d55b8b5aaf72d32f,2017-04-04 15:28:11 +0300
8926738cd2af3d17fb1431c319b12c2288563039,2017-04-04 15:19:56 +0300
074ba5eb54afd8714d620c42128cdea50040b406,2017-04-04 14:33:19 +0300
4a6dbf1b12aeb10009abc41079a403fe422571fb,2017-04-04 11:42:45 +0300
d71bfe1b2ca47dfed034a5f51058429c338bf835,2017-04-03 15:49:18 +0300
67225b387a3e5e92a8f81a5059bdd9d27a6c0ac8,2017-04-03 15:17:57 +0300
5e9f0e0f6dd23f34fb755dc5eef966652f1d3ded,2017-03-31 17:01:56 +0300
4911ad11de89ea4753d61ddba54375e7eb1530d3,2017-03-31 16:03:25 +0300
2b6d3507f0231dc63c78cc64b2b1cf1db8af6b9b,2017-03-24 16:34:28 +0300
2be06d62b2626dea132d6eb891e6242983dfd16b,2017-03-24 14:56:41 +0300
873314765ccf3daf70f98d5ceb3aa1d1661e2fe9,2017-03-24 11:25:54 +0300
663e9ec19239a805413bf7eee5433f530cf043a4,2017-03-23 16:24:47 +0300
8a4eb6a6f1b0a5966c80300df02b819a5eb0ff71,2017-03-23 13:09:31 +0300
bc0429d9e5b5827f131042c24af37feadc7e8668,2017-03-23 12:39:45 +0300
e0ed681703654a4675261d60c80ea820d73e5c20,2017-03-23 12:13:28 +0300
a0ef5ad2411f05c23ce8e609a7eabe686b642be3,2017-03-22 18:11:18 +0300
c4e8ef895a147614c69c6f888124cbbada1ecb9f,2017-03-22 17:35:47 +0300
9cc58c63fd1243d982dac4f00ac0270ba3b9efce,2017-03-21 16:14:57 +0300
7901698c9eeb4b92d92ec89eb84cd89bee92d7dc,2017-03-21 16:03:54 +0300
32bdcda545077bf6867fbc7e856109ae14fc01b1,2017-03-21 15:51:33 +0300
8c4f1ad0f5b2dea0bc02947aa197da6e2592f5d8,2017-03-21 15:27:30 +0300
e098f236032ee8cdd695993f7b71d1b44388318f,2017-03-21 11:58:35 +0300
05a77250221c23aede7267835fb55d997560c5b0,2017-03-20 13:00:23 +0300
e56a93f4fd7514d267613edc85b85f5ca1e3ffc6,2017-03-16 16:09:38 +0300
8ef8f12218c48487dbe711a8e5cfe831b1c96a9e,2017-03-16 14:44:12 +0300
17db3b1400f2986500e9bcaa206719bd9604be06,2017-03-16 12:21:48 +0300
e68d4640f2d500f70818ce195633fa8f98b79a2c,2017-03-16 10:14:27 +0300
f8bb127708c652ace34ae20d23e40f2ecd8dfcda,2017-03-15 14:59:25 +0300
f95a813cfe84088297f078641037e3073e41830b,2017-03-15 12:29:03 +0300
46450e7513b17def75737b97232fa6167182b5f7,2017-03-15 11:11:47 +0300
daaa20381c937d17a4b4f84b6320bc1c28a066bb,2017-03-14 18:02:35 +0300
ba3c7eadff7e49afc453c2d757bff7bf687d80c9,2017-03-14 17:31:19 +0300
52e7ede9dbeb2c3efb8b8fc987e0ed980b96489b,2017-03-14 09:49:23 +0300
611e96ead591060b882f66b58174c82aebb7b62b,2017-03-13 15:02:29 -0700
dfa3d87d88ee9c6eef07ec7db338f2154f86b416,2017-03-13 16:42:51 +0300
982b1541049a479a01b480cb6c1d2ad2d65a9503,2017-03-13 16:42:25 +0300
dae15ceeea25a70fddeb20ad1bad83022cabf07d,2017-03-10 15:54:44 +0300
03136ff1eb6dab04896d7e80dee4d5a56e369042,2017-03-10 15:54:44 +0300
a4cba4e0c12e7f77de6b3454e3940444cdd1f64f,2017-03-10 15:54:44 +0300
9c32b7604b4a826b3e4e32ea72a071d3118c5907,2017-03-10 14:39:06 +0300
3ecc08ebe816e0cd1456637dc491f31df74071de,2017-03-10 11:06:28 +0300
cf9d83b4a3b5bda505f0021c971af6d1b8c6f4af,2017-03-10 10:26:29 +0300
c90bc93f3324eec9295742caf91f3b503a378893,2017-03-10 10:06:25 +0300
458fb96b4c878ba029730f4e8d8abb26b164596c,2017-03-10 09:56:19 +0300
1cffda80aa6676b57317adc2d8467cad4735e2fa,2017-03-09 20:50:11 +0300
007dc276e3ecfa2f5dbee2be7b832decc7e77477,2017-03-06 12:03:02 -0800
448c540d4ad3d1eee06238bf6b04e244f17eace5,2017-02-24 10:45:41 +0300
1b910c13ac1e2c7848224dc135c3c15e217c90e6,2017-02-24 10:45:33 +0300
b51bf8ffe696fad029a3e57ea8e326cae5b1ca48,2017-02-24 10:22:14 +0300
91eb2c0aede06162de39ab27f73ccc467b14fc6e,2017-02-24 09:56:29 +0300
0c3e3b68cebd005a060eac0188799ff846de83ab,2017-02-23 10:52:26 +0300
e358948840344faee6a9394442952eeca8056404,2017-02-23 10:52:05 +0300
5a88d72c1cc21af0eb6091a553587e0fb6161d31,2017-02-23 10:30:16 +0300
c4e7522745087cf144a2952676f62da75e354d57,2017-02-22 17:24:30 +0300
a08ab37101c67c3357176d9608be87a23c81a0d3,2017-02-22 15:45:21 +0300
7b90a487997c05ade6db6ce199d1aafe66212122,2017-02-22 14:05:11 +0300
cd83358e738c96db6f40b257efd339229950f6e1,2017-02-22 12:40:29 +0300
d5c47dee6d7a2c70e4220640ab8fb8ed12d6c25b,2017-02-21 19:05:36 +0300
a5acacc2b4e1b52d215c1139af6cc1217b6ee95a,2017-02-21 18:48:45 +0300
f2438a359d8cab6672a3e0226c3706f180d2d5de,2017-02-21 18:34:55 +0300
4caa3900a8ee11595026bf577d8b7fb34b5fe13b,2017-02-21 18:32:55 +0300
e1823c3e2bdd8ee998077e49e7de3d1a2a3aae5f,2017-02-21 11:32:45 +0300
5502c691dfbd3dc533892e413c1d7f14a26b84de,2017-02-20 16:22:38 +0300
c21fc6896397970a6bcb7448e04277db19e293c6,2017-02-20 15:41:45 +0300
103a2026fb867528bc1e252b4281fd28ab744479,2017-02-20 12:54:40 +0300
eb794546858923026384fe19f1a1601df7b253ea,2017-02-20 12:20:15 +0300
4f4ade0eead7ddafc59b21343d33abc5ffa5ae5a,2017-02-20 11:43:17 +0300
3d2b091b6cb327ddffe874078e2c5d30279a8074,2017-02-16 17:20:07 +0300
e909b5abb6c7b150188522b0750ad41291a2cbda,2017-02-16 16:47:56 +0300
2667f0126a6a2a3abafbb174898998aae66e8a80,2017-02-16 15:49:52 +0300
5c805019a21c10f182e86ca98bc5063246e36851,2017-02-16 14:42:40 +0300
51a3399d42f8325bc8baa3138923e39879201c47,2017-02-16 10:58:47 +0300
daee122c5e2c49b628b88dc30dbffb58c7bb6023,2017-02-15 17:31:48 +0300
03e7024fc2be8a31cf2052e2bdbae1f4bc50a07a,2017-02-15 17:15:10 +0300
dd1745ca858acc9772c5a4190fbe75e01ef5f6f2,2017-02-15 17:04:04 +0300
8a570a9d2ebe7b53e1c8ad5616bf86e308624035,2017-02-14 16:52:14 +0300
62ef511585fc6bb8d41568a80e0c6b557f8cbbd2,2017-02-14 12:18:04 +0300
f75229be48e21668640f0f4eea6386bf90d4d80d,2017-02-13 17:44:17 +0300
86d306474c39346f75b297ada8b0e01d252c89f2,2017-02-13 15:29:24 +0300
fd8234d3534487e689b6d739ecccf4de8f85c382,2017-02-13 13:13:19 +0300
dc943e1d795a279b200fa4bb65a091517a46b238,2017-02-13 12:08:18 +0300
bf046a22d92972e2293266a772c60d777c23d352,2017-02-13 07:54:43 +0300
871574bcc0d2778c5421a677959eaedb8e19c58b,2017-02-10 18:19:03 +0300
4e54f8e2eda6789a390bfd9f21d8aaab9fa987f5,2017-02-10 17:52:35 +0300
274d192be3227ea4c0017612c64ef2cd98d02665,2017-02-10 17:47:15 +0300
4365a8f948ab1d74bd547153b203bc1d5b9dadbb,2017-02-10 17:32:46 +0300
00551aa28efcd29f49ff66594f4e3d7e6debad34,2017-02-10 16:19:15 +0300
478ebac32f90348a8b2966ca616a8714822eac57,2017-02-09 16:54:13 +1100
7ac90718218fe62df81b7c355adf1dc27b52173e,2017-02-09 13:02:37 +1100
72aa17ac8f5381c18e94d3414eb2e19683857ebd,2017-02-08 17:25:49 +0300
27fb5716a0bd8b690591bc13096d2da6a8873e43,2017-02-08 16:41:46 +0300
b2957a69ded318b6fa03036b83b4fb4bc123d687,2017-02-07 17:25:27 +0300
47d5eaa022a42740127be5fef9cb7710a3948412,2017-02-07 17:13:58 +0300
29428fcb57630241fa58dc6afdb9371016612ad9,2017-02-07 15:15:22 +0300
8e43461e4e473ae3137e5b263d50df3e2448206c,2017-02-07 14:25:50 +0300
c2d815dd0f9b894e4b2b0b676c108260dcde0475,2017-02-07 11:53:54 +0300
323771a2ef8acb95b14800d42f278a04aa63ea9e,2017-02-06 11:13:56 +0300
15308e5dd273244facfd7bf8337bdd83493862ed,2017-02-06 10:27:20 +0300
e3704c2878273d339cb3b792d085a65e1a639ec8,2017-02-03 17:23:25 +0300
062e8525944d59ae165797c58c95a9925010c4f5,2017-02-03 13:36:06 +0300
fa85eb60f6f6510bfc4d4f2bcd86192615a8a64b,2017-02-03 13:22:44 +0300
ce3ea42913daf9ead2c61da07b63183a48be6550,2017-02-03 12:40:35 +0300
99f4f21c179da1abdaa8da2876f4da3991002b30,2017-02-02 16:40:45 +0300
67282fb6d79e18267021d718a467f7ba22938ae2,2017-02-02 14:27:16 +0300
4920e53c1d31882641fe4cf93cc41b973a2d0c35,2017-02-02 10:39:47 +0300
cbca4bcc7aa93ad8d0b4cb3f9475841fdaeb7fca,2017-02-01 17:53:53 +0300
a0cd93d69b2bdeb155f539de74eccdd963faf208,2017-02-01 17:46:36 +0300
a636fc1552280a91025017747ee6d8a4d57f372f,2017-02-01 17:00:51 +0300
c63b6be2f27e1bad203d22cab950a87b4f514b38,2017-02-01 16:05:31 +0300
660dd4b28635edea0f52a279c51f1da34d198ecc,2017-02-01 12:26:29 +0300
67bf710b7d7bca1d9256a4721cee6b4ff9a98ed0,2017-01-31 18:40:10 +0300
bbd7f62f1448d5fb36ed9359859ed369f68a04bd,2017-01-31 14:02:14 +0300
2cddff91a9ec6d86a9de510a46118780e2131846,2017-01-31 10:35:33 +0300
a148a289523c817fea9cdc383cb265ca1b206539,2017-01-30 18:03:17 +0300
5d7507f640627aa058fe2e2756296eaf459e3fdf,2017-01-30 14:09:29 +0300
f7849741897bda066c517c97dcb246e4027dc036,2017-01-27 10:28:04 +0300
6d7dbf01e0472bb90242711c416a7a5c6e0afaa7,2017-01-26 16:21:31 +0300
19e2974f042be3dd4e55d25406b4f86d6476e589,2017-01-26 15:06:15 +0300
c21831862a47ea3e064e91e02184604db68b1df3,2017-01-26 15:02:44 +0300
44bad641295010807ecd47e6fe5cb7d904f8177a,2017-01-26 11:13:38 +0300
3f8a8f196ed2aca1a07470f33ae51d66251bda38,2017-01-25 17:17:24 +0300
6f76f057a1a32af2d09e4f5e0ba11ca8cfc51a40,2017-01-24 18:05:03 +0300
27849ce595b291989aa830fdbb8f0f77923d71e8,2017-01-24 16:22:52 +0300
0161822270ba51844073fdb292330af6ed742256,2017-01-24 15:08:03 +0300
e6585efdaba30565dbe51c7a64ca314b40654783,2017-01-24 14:37:20 +0300
ee021067a7cff12092be8a52b75dea50e621bb01,2017-01-24 14:23:44 +0300
bbb746caa9a5dfc5ca0f1527294a75c91c7342f6,2017-01-24 12:20:01 +0300
c24bb767ecdab5860bc3606711f73f7ee805d31e,2017-01-23 18:07:37 +0300
0cd154d4282e16d80094482fbeb8ef84b18540ff,2017-01-23 13:17:27 +0300
e9e1e73a9b5c39aae649a062996787a29f01070c,2017-01-21 18:16:02 +0300
b99c2b4b1200a4acfb6a44fc7312b020dc3b1e25,2017-01-21 18:16:02 +0300
efa48e5c26e38768ca6d719221b270ae5ab1757a,2017-01-21 18:16:02 +0300
da222d24dbfdd51eef02dbed7629d4aaa51eaf75,2017-01-21 15:48:12 +0300
44f3076ab3e713938c2d6f9ea5a0985c0fbd75c0,2017-01-21 12:12:08 +0300
48f7e411cc013cf591e3564157f53d95d2decdfa,2017-01-20 17:35:50 +0300
0a9430f34660c13631251ecc8a57af5f439f31aa,2017-01-20 12:40:59 +0300
c44ccfde3a2e0c85eb3f0853a257cb990568766a,2017-01-19 14:31:41 +0300
666c96de112d07a688aa10cf5fa7d285ebc9db26,2017-01-19 10:45:07 +0300
ed0604a2c4c812b82b9bd0f04c73dd01c3fca02c,2017-01-17 17:54:05 -0500
607e8c032fb97f1afac78b8693fa0ba2a193a551,2017-01-17 13:04:53 +0300
5303c23328ea4265cb5dffc98509b4f1b88b1961,2017-01-17 12:00:53 +0300
1a3e8a7a9291d2510efe5c2da5b16e293cf0d046,2017-01-17 11:57:53 +0300
c4109dbe1dcabb28b6536ee5b89faf81d2ba6811,2017-01-17 11:02:51 +0300
e8ef29608a83af6bda9a9f611a4ea6c38476dde4,2017-01-14 16:37:15 +0300
0bb9a571639e647b56db92b0111954dc2d1fdaac,2017-01-13 20:43:56 +0300
cde608b11627922553f573ce65752b879e29f629,2017-01-13 11:17:08 +0300
4f860180dbcea9ea9cf04edd3da1e4166568c97e,2017-01-12 15:46:21 +0300
ba64168d3ea1f5b1a22154f1a8f64a0f1f07ecfe,2017-01-12 12:52:43 +0300
ebad94237a76fcce0d1f5e62d0e341f574517dd6,2017-01-12 10:46:44 +0300
bb25705a62544db53c935668636a7dbd3981fbcb,2017-01-11 15:43:28 -0500
55e4c5d10fa0a67f030905e783c9e0c977a4f4dd,2017-01-11 15:42:21 -0500
50fe31c934d3fb2e50ab0ca5ae29676ce949b368,2017-01-09 16:51:44 +0300
80d0287af6116dd699153df2e5171b43d71f1c26,2017-01-07 18:37:29 +0300
8102c7c20df82b5e6a490ffda9851cd7f36682ad,2017-01-07 18:37:20 +0300
9374d402e642a77fbed2e30ae0ddcad15be48489,2017-01-07 18:12:35 +0300
b2d210e695d3bc121bacdc2016a7b4dc40f4477f,2017-01-06 12:51:14 +0300
ae1c562b9c721da8c8acc66f9f4a8960ecf0ac79,2017-01-05 16:10:43 +0300
803166c03395194975d9ac32f0e9c8c634dfde74,2017-01-05 15:32:28 +0300
50d4fbf50047e87a99b67a3ac4d9e577e9522a87,2017-01-02 16:54:43 +0300
36e70f4e72de3506f4ffeeeeeb6702ab3fbbba16,2017-01-02 15:50:49 +0300
cf67e00825da2fcf3a747ca5044f54d8908ebb36,2016-12-30 14:49:20 +0200
0e574ea82b788d476d62970c7cb84b8cdf755c12,2016-12-29 16:10:10 +0200
9a679a66cd49841925e190738bb2592d71c439c9,2016-12-27 11:15:17 +0300
af0f2e1447426124173ba006ab816490d6f2c0cf,2016-12-25 16:05:15 +0300
f771c9bb90737a4d45cecf2e570efdb8779998a6,2016-12-23 15:12:19 +0300
5b58ee3faad49e52fc75f9070fc0ddddbadd62e0,2016-12-23 11:48:10 +0300
fb7f54fa80bbe526a608a3fb5c83bd9e0c205dad,2016-12-23 09:26:02 +0300
63cbe33e8c0c42219cb62ee7b2ca0c8b3807826f,2016-12-22 23:19:54 +0530
ac00b99f61af05613168419bb5a6a52a8e32456a,2016-12-22 16:39:23 +0300
b2460d6cb6f98fdfe6adf7b8b8fb819595d2a505,2016-12-22 16:18:05 +0300
4d14b7182dad5389c80721c64fefd5895d5290b5,2016-12-22 15:09:35 +0300
65233b24df5bfeb8363edc41182f794c23394c32,2016-12-22 14:21:31 +0300
c32288d510935fa4ae54b5c325125dd3b9b40b0c,2016-12-22 14:04:32 +0300
89d37a51c2684070967d1fb22a68776e65cebf34,2016-12-22 10:53:27 +0300
2c8ac51df36846b3806dc5cd7fe7bb4046fcdf32,2016-12-21 20:54:36 +0300
d6d4251647bbafe202ebbda5b2d7c8fa19311ec2,2016-12-21 18:44:35 +0300
d01cc37aa892ee9809f772ab72791fe95abc52e0,2016-12-21 15:10:10 +0300
48d9d7bfc5ad1752522f32fbac2a54a480795946,2016-12-21 14:55:31 +0300
fdf3a89bf5ea05aa51a53688b9aae4c83ed1fcd8,2016-12-20 18:12:52 +0300
3ad0f4a2298bc00097cb825359a30a0a2eebbf09,2016-12-19 17:51:27 +0300
8ea40b0ede74db9bf58ff97da51317f0dcd1d20f,2016-12-19 17:05:56 +0300
1fd28cb468c3ba982f5cca6c8b95c07b14c2a170,2016-12-19 15:38:27 +0300
d8106a46f1cbbbc195f7eb21853112aa47cf206d,2016-12-19 15:24:39 +0300
d9f916b0167769a56e48637ddbaa5e1b12567688,2016-12-19 15:23:44 +0300
437bc348e98a9d68d3bfb4f733451032ff1fab69,2016-12-19 15:11:10 +0300
62652ff7731109d11cf239b796bc579f6b49167c,2016-12-19 15:02:58 +0300
63ce5710303480c73fbf53249adcf8170c787087,2016-12-19 14:47:03 +0300
27138761c90564ce772b9370ce9bb4f5a222156a,2016-12-19 14:45:45 +0300
1a647b252c8dd41a77317d5bd2bbd728bf0033be,2016-12-19 13:35:58 +0300
078ae39f822b936342560cb1bb863c6cba3cd34e,2016-12-18 22:16:31 +0300
cee0b77d8a7d92588d614e3f93a5233e9fa8324b,2016-12-18 22:04:26 +0300
9319337c60eb882051b846e7b81df9cb155ff923,2016-12-18 21:30:30 +0300
a24473ad80c3343538d51ca9dc56e058fa88c139,2016-12-18 21:20:45 +0300
a9d22d3afd6d0dfc5b203536afcc72cb0d75f306,2016-12-18 21:17:10 +0300
aa962a89088867a73db9dbc47874538d06cecd94,2016-12-18 21:11:25 +0300
1510b054dfe4d0505ca56a88a146b41a43846bdd,2016-12-18 21:02:09 +0300
5042973c1a640f07d0f591958d3ed496f24852d8,2016-12-18 20:54:34 +0300
92616348ff1f7f15548b6191b2331746badee667,2016-12-18 20:44:14 +0300
48a350282612d0ae9769fb11a86f938a89a0c0c6,2016-12-18 20:23:28 +0300
bb981ae14325ec1a46ac0cfdab6bab6ca0eb9051,2016-12-18 20:00:33 +0300
832401b3265895818cf709634fbec16f88340e40,2016-12-18 09:50:52 +0300
f3856f3cc6d5de754a9797e1c5f5d510b04647cf,2016-12-18 00:58:00 +0530
1460aae0f7e57174e31eaf9d6d2945b303a28300,2016-12-17 16:24:16 +0300
544375feb3f54921e0f74cc1744585d2b6117689,2016-12-17 15:42:11 +0300
cc5c5ae438eebcce7efb0168986673924d856dc9,2016-12-17 15:31:47 +0300
3539f6633e8b1423fb3ae9290241ba808999ea73,2016-12-17 15:22:08 +0300
87609c1a10cd4952dd66c01e94f52711b33eaf69,2016-12-17 15:18:49 +0300
7b6774835da47b2216d2ac2c0ca38af38af850cf,2016-12-16 11:49:23 +0300
82944a4f9a45e6eb5e782c0430b6e9d9c4452646,2016-12-16 10:28:15 +0300
862818dcca219a02ec0bdb29a889ceeef69d8425,2016-12-16 10:05:33 +0300
fb4db81d2808b2baced1d0a1417ce3e8cdc0435e,2016-12-15 20:14:54 +0300
84f7f2dfafb81998f1dd29bf2121c7999fcd949a,2016-12-15 20:11:51 +0300
a026d83049b9b6918f017a6acea1ee4d2a557b16,2016-12-15 18:13:08 +0300
802a5258bd5d6556fce220dfcd644064058a497e,2016-12-15 17:41:51 +0300
67e951ba5982229b55e8da1640e8b0bad5d795aa,2016-12-15 16:44:49 +0300
a1f10f42e9da3fe7df3c91c14536a25526f3c691,2016-12-15 12:11:25 +0300
06c918302310430952ea145d2f046d0210b6dc19,2016-12-15 12:10:00 +0300
163a871542e1cd54c929961cdc52f6fdf6a477ac,2016-12-14 22:50:00 +0300
391c564be288412898c3861bc08305fabb1403b8,2016-12-14 22:47:27 +0300
d8b17c1004108973fad34fa9435d85c6f9aa78a1,2016-12-14 22:20:04 +0300
25ae44a20023d8a756a161e5914b370e4b9763bf,2016-12-14 22:08:32 +0300
badabfdafae254574e4f39d1bef979da22738b83,2016-12-14 22:04:40 +0300
ebc71c82311a53311a9401d03c46d2f4a5e97687,2016-12-14 22:01:25 +0300
e187caa435928ec953181e615e3d8abc3c8cadf0,2016-12-14 21:43:02 +0300
836399cba584416b129f75a55bdb6dc11b442acf,2016-12-14 21:25:22 +0300
62029df7fa4fefe1babb39a7e447979d7e7a9301,2016-12-14 21:11:56 +0300
1f6100db28b3a04bb09e369eafca6d622ff3133b,2016-12-14 15:18:51 +0300
190ab7c7b72eb846ed39c7c80e4fa9a51046adf1,2016-12-14 10:56:59 +0300
7da0e8975da0eb266962ade0162f245b5dbc4978,2016-12-13 18:15:02 +0300
487a410ed178904c74a4daf4b865a743d3fe5c7d,2016-12-12 17:57:38 +0300
725e6ae94edf35a6d0340ecd5d09a91da4904dfc,2016-12-12 17:35:43 +0300
7cd1b2004c175193555873b858df619e9658b649,2016-12-12 13:12:43 +0300
d5707c75203cae33c7c0580b59effd7dcb1b6f66,2016-12-12 12:59:58 +0300
17053f9ca430658a9b8acc86cd04f5a2b877f941,2016-12-12 12:40:02 +0300
41515467c4a0804dcb35d99070046ea0ac44a6e0,2016-12-12 12:34:14 +0300
e68c72c245c1799b725a52d5821850b9d89da01d,2016-12-12 11:38:13 +0300
25d673df4c42639d5b48b29582f82175e828a5d2,2016-12-12 11:17:21 +0300
c86094f07373649f48cfd4f99daec1e98e6c1fae,2016-12-12 11:13:34 +0300
34ae195ced669e4dc3300505c624ceb5637c458f,2016-12-12 10:00:51 +0300
43b308038ee727da0ea57fa0330db0d31eb8fcb6,2016-12-11 21:51:34 +0300
2511b201b9d70b11601c6e1f1f5f6de3320b788a,2016-12-11 21:49:38 +0300
f6a58d6873979db2543da648929e9b62ecc3e114,2016-12-11 21:27:29 +0300
4e90ad4e8b0bc6fd8b2184e5390b00688e6c9a37,2016-12-11 21:04:51 +0300
2bc717d28d80f3b025bc2b52e4cefbc8c5d839f0,2016-12-11 20:56:05 +0300
302ca65c6cd31f00033517e9ddfae127c7bd0578,2016-12-11 20:50:15 +0300
374aab3d9c68f9f5fc5b07dcc485f8a9573bb5ab,2016-12-11 20:39:52 +0300
08fc9f42740b1674b2546c0c2e5bae8c24fcc76e,2016-12-11 20:12:48 +0300
29c640e8c027373a77cebb068fbf8414104de116,2016-12-11 20:03:20 +0300
c0c1c5af79ad04df192da2b3232c6b0c384ef01f,2016-12-11 19:54:42 +0300
0fbc62280cedae6f5ef27fc7443fc5b29f308640,2016-12-11 19:41:39 +0300
ba59e95eaf440b1c3cc7c01ecc32dc88f1c5d86d,2016-12-11 19:19:51 +0300
3dc06bd78c39509fbab4a88791507d0ec66921a6,2016-12-11 18:40:28 +0300
2fd200b03196cf490c94acfddf3792e8d466c52e,2016-12-11 17:39:01 +0300
e2624ed774fd1ce7b93384c33f39abc1dbd4dd3a,2016-12-11 16:12:33 +0300
bd0bbcdc2e42c0e1a97344f0026a158f609db0ab,2016-12-11 15:53:31 +0300
1ace4e728d00a17792db18e258ee08c29fd58d3e,2016-12-11 15:48:24 +0300
50bee8408d9cd5d8cc0f82448488c1a322c56f6f,2016-12-11 15:36:48 +0300
22f6bd256f8a1838fbec9f4c3080be3d5823dc03,2016-12-11 15:13:30 +0300
67550ecdbd52f6c15b2b05fda5c4dab856fa92fd,2016-12-11 15:10:10 +0300
2a2de3b48238153037bd9078e9561698dec334d6,2016-12-11 15:02:26 +0300
1cab1bb79954e97abdc228b84075a70d5be3ec2f,2016-12-11 15:00:59 +0300
850eb19a97ab2e3f862b0e0fd4a3b936bc9a320c,2016-12-11 14:49:30 +0300
dba3dc4b43f13ee2a4b9834599bc3224a08f412d,2016-12-11 14:39:15 +0300
f72430e0074fc28fe1f3a3a61a52cb4d43373661,2016-12-11 14:35:03 +0300
15d6d2fdc020626253f6757525055c0606c46b26,2016-12-11 12:21:45 +0300
83571185859a9588c40917f98a54ee8b67402454,2016-12-11 11:18:15 +0300
94d4d839ce8b3193970c4f4abd008ceca4040439,2016-12-11 10:41:49 +0300
bff0e0026706ba319a51b7b3b3685d25d3b94ae9,2016-12-11 10:37:57 +0300
242cf25342a9d23dd91c7b945d5a340e554cde8f,2016-12-11 10:11:27 +0300
46c8ded55629f1a91764491e6a9a255bd0ae783f,2016-12-09 18:17:40 +0300
8c273022330129b87f502a30864e94b0281afc4b,2016-12-08 18:09:29 +0300
6caca2f61b4e3bc37703e37ff37d2cba4a388a70,2016-12-08 11:14:23 +0300
bfdc4156e21bf6aa5ed821ef432a876b3060a7bc,2016-12-07 12:51:08 +0300
2c2516c93252dbd59366842e9d548c924daf3361,2016-12-06 22:19:39 +0300
9e20c550ca9873fd54af7068009fbaa9048b79b9,2016-12-06 19:34:45 +0300
55e585ec077044e290841becf514ec817881f936,2016-12-06 18:39:48 +0300
4d1d721c44bd7c68ec2da4bf1afef363e6a2af1a,2016-12-06 17:53:22 +0300
d5fa54288406c82d856900c4b86b830ce025ae7a,2016-12-06 17:49:12 +0300
4b5fcb29428d08dd166ca3f66a0230783dce07d2,2016-12-06 17:47:11 +0300
1e01dc871983f8d97fde75d1a15e09d30ae43dd9,2016-12-06 17:03:54 +0300
ab130b5cca88a62a521f555be825019267889da0,2016-12-06 17:03:08 +0300
01a8a536d370a52c9cf1635cd6058bc07c17ae47,2016-12-06 16:45:01 +0300
3c3c95c735a5dea09073ecc7cb71f88883a71941,2016-12-06 16:41:39 +0300
71f9944786f08367978459d08c595a252ed14953,2016-12-06 16:15:51 +0300
ca0ef28245a38f2174246146fd7ebfe2ba1e75a8,2016-12-06 10:32:42 +0300
6e92d71c39e93a0f4ec0b4afce74435fc209986e,2016-12-06 10:29:09 +0300
54d75251bcdce5a85ba2c0abbf38c78450f7008e,2016-12-06 10:24:57 +0300
77c59c75e018715bbc7594a71e3dc22b936d978e,2016-12-06 10:22:46 +0300
32399f9a26ae46e8afcf7ae63fa4613f36578f84,2016-12-06 10:22:46 +0300
0ce3fdfd8255166352550fa423f847f0e45a7953,2016-12-06 10:22:46 +0300
34be65a0175ddd4919d681b19a52c3d8490f4ec8,2016-12-05 17:52:20 +0300
0c20dca5173f8aa069fe7dbca193a9016065ddd5,2016-12-05 17:18:13 +0300
268809194224dbce10df5eb5d207e759bde67896,2016-12-05 14:26:32 +0300
e71732b4feee8a532c7d3cf99bd1a36319c3992a,2016-12-02 20:06:33 +0300
fee9eb4fc320faa2b64f629be989a15d45cace25,2016-12-02 19:59:27 +0300
263ac1c9e4203ee646a801ab59ffbb078b1aa06b,2016-12-02 18:17:33 +0300
865ee2bf5c95c772ade0d4dd22e8401061b707ce,2016-12-02 14:28:34 +0300
391409dd79562fba018517339556bc918aee36cd,2016-12-02 13:01:02 +0300
860c80f8542560ee1665fd0ce65d2d0dfba34704,2016-12-02 12:35:24 +0300
ff1c1af4cd27d4df0760f5fdc96973b32086d908,2016-12-01 10:40:49 +0300
fecb67f2dd27d5b50d7a32f26fdaa811b5b80af2,2016-11-30 20:47:47 +0300
2265e4cc2d5a816d07359d02ff02622ea6cbc5a6,2016-11-30 11:28:49 +0300
52acbefcbf931ab83ad19add8451f6760dba2cec,2016-11-30 11:25:53 +0300
1d7d0cf17e40cbcfd2d6ff484899d3222917061f,2016-11-29 22:14:53 +0300
ba17f227291ce451be1732f8863a8332aa1b63d3,2016-11-29 18:30:28 +0300
1bbc93ed8f52cc5fafa0dcc1ea1d2dcce3ce32e4,2016-11-29 18:30:28 +0300
66d44c2d266b0e0a227593e422dbd714bb734b4a,2016-11-29 15:49:22 +0300
04ca4330cff02f8afb5a7cf678ae2cac7b86062b,2016-11-28 16:17:09 +0300
949e3831a534a33b576ba43ae1c4e44b8d6ac679,2016-11-27 17:22:15 +0300
2656dc804c8c8e22ad7f63debffa3bf05c17d902,2016-11-27 17:15:27 +0300
e73365ab581ed6afa6aec3e890179e24e8da7f56,2016-11-27 17:11:16 +0300
47887fb813c543a7d4777d4b4993e50cbe33ab2f,2016-11-27 16:51:21 +0300
8355d729ca1ef73208fea511c291d4b60ab548e2,2016-11-27 16:49:40 +0300
0e3a07c1ec1f97938b7d0d9c67512dbd4a75f86c,2016-11-27 16:36:44 +0300
b21731338ae3812db1e0906be9c9c604474a5729,2016-11-27 16:03:11 +0300
1b56fe6f6781889691852d68314d80a5d9af8d32,2016-11-24 18:03:20 +0300
31f8282588d901e8266b163058f099fcdf3c0589,2016-11-24 17:54:41 +0300
00b8d32046a68c6880e1c55f998d0e162fa9a809,2016-11-24 17:46:56 +0300
ac1c8c5d7492e72842a97e06a0f19c2bd16a5448,2016-11-24 17:31:50 +0300
12820498ebd83fc330dc899007958cdf01dfda62,2016-11-24 17:25:08 +0300
8e5dab5763f68ff762d175a76511c3dfc0a83084,2016-11-24 16:05:30 +0300
bd522367354b0943178a9fc3a77be9ad0381f3e5,2016-11-24 14:24:57 +0300
7cfd28624c19a76907cdc9e73a509b0929ba12d8,2016-11-23 14:45:38 +0300
17da69bc3e59d72b14ae379222e4cb6735e4c0ea,2016-11-23 12:20:56 +0300
2bf86e9fadbddee60a42c298abe99fdd848f5267,2016-11-23 10:36:09 +0300
7fbcc016c6425d539dc33a25165992d9b1f31cb6,2016-11-22 14:14:48 +0300
f527275176b650a50737cbc3d618838a6ebd3b4b,2016-11-21 12:54:06 +0300
6818800aa84fbd2857cc15ca9ccf032cbb177442,2016-11-21 11:12:58 +0300
aae4e82a93f25d7c44cd86d020ddb0fd283c1242,2016-11-18 17:10:39 -0600
a11769410261056bc21d018b85a0176acf999974,2016-11-18 18:34:11 +0300
2df9ae8f69a4f50d597f2afa58a205783882a21d,2016-11-18 12:33:33 +0300
0cf662e3440e97aef621cfcdb9f72385fb7460ab,2016-11-17 18:34:17 +0300
ead663e62596c0c3f814c0c32cc15f851e0eaff8,2016-11-17 18:30:33 +0300
b0d0faff0890a1ef33dd35304c3d3aaf4eb09b9d,2016-11-16 21:49:14 +0300
e308a16f7b761d50c7529459609e562075c8dda4,2016-11-16 21:47:15 +0300
74e5e2f3ce75217c1ddefd32cef85a8ef473059f,2016-11-16 21:39:38 +0300
4f89f55df8d26a1ebe1c7a5b22f54b0dd5ff9e0a,2016-11-16 12:06:35 +0300
eeebf0087779d1f1d7140eb51fdfba7aaf3136a9,2016-11-15 15:27:51 +0300
d2f440440249eada0dd5bac6eb5882a4bd8516a1,2016-11-15 14:30:50 +0300
4bd2cad0c06c4d444b51f5417b9bfb22aefe2075,2016-11-15 14:14:20 +0300
627a67334ca8da09ffc5ed22920b227ae2c97ff3,2016-11-15 13:55:14 +0300
a551e01d72cb651a375745f5fe359c2b4d1e8835,2016-11-15 13:52:58 +0300
e77e278b296525364c43554c14a681daaf5b4c0b,2016-11-15 13:52:45 +0300
416c3699b0cf4513ebf0047fc6f83335a48f91e5,2016-11-15 12:12:59 +0300
1462b2db3c6127615fee1dc9b0f3540462000517,2016-11-15 10:44:56 +0300
8c5985ee2f938d03b9ce55c5a24eec9485a7d54b,2016-11-15 10:38:57 +0300
2eb2172fd0fa807b35907f06df22385474a18feb,2016-11-15 10:30:54 +0300
5708e3530cbbea0b3c39739e71e9713f54d6dad5,2016-11-14 22:19:53 +0300
cb41151fda1fe7e4f6f0af7f548a034e53491c04,2016-11-14 21:03:48 +0300
29d6439269cbe7d1c09e92a78c88093e32ae51ea,2016-11-14 20:19:27 +0300
b85f87d0c37fd2b358f9f33ff82d74de425dc45e,2016-11-14 15:02:29 +0300
c81cb742642f990d6a4b7bb0d91860fdbf9e0373,2016-11-14 12:31:17 +0300
56906f07a87fd04e897e9b25f21435ad824d641d,2016-11-12 17:10:36 +0300
349f83d2bba426a134f0a2d219593cc7d5f48d76,2016-11-12 17:10:28 +0300
b67f8f1fca29ec520bff5ee883218b3286e30d04,2016-11-11 22:08:44 +0300
94dfec08d5b9d678804c4ede39ac48a18694f52f,2016-11-11 21:51:43 +0300
db6aab4ff5f3da71bf4e003894c8a4bd90c1861a,2016-11-11 21:45:03 +0300
b013ca16738490960d99de8727d843bcec8a0e86,2016-11-11 21:42:03 +0300
5d8471a8358a46b704ea3e7f37d53ecb1f8098f5,2016-11-11 21:39:25 +0300
9df92ec27efdf5fbb9317f6643dfe04259aa7bbf,2016-11-11 21:35:40 +0300
1e25df75d0e235d64b78f5e4f36235be8980b599,2016-11-11 21:15:02 +0300
a3ca56f936a51288f6caecdfb623daf5078831be,2016-11-11 16:32:05 +0300
df1ff56d8fabd0f19bc3af052e11b81d3011c8f4,2016-11-11 14:31:14 +0300
5bb62a05a7bb29b3fe042338e83598182b2f71b6,2016-11-10 21:53:31 +0300
740a6e1aa562b7100d45cea3355a449d259efb5e,2016-11-10 18:30:37 +0530
0a1278d9a938f02cc0cff3a55345a3eeda32f79f,2016-11-10 12:39:36 +0000
f3fb4c2ccb1ac87ee098f8b59a3138a8095618ec,2016-11-10 14:43:16 +0300
fa5e89163cd77bad64643d2b31ff73268c18cae4,2016-11-10 14:41:20 +0300
0837f99b4426d50d4e671e408902b822d3542503,2016-11-09 13:34:59 +0300
cd10285912bca48fe12a432624f7b4494dc0eec9,2016-11-09 13:32:23 +0300
8c625cfd7362b780d71ef0707c772399b55475b7,2016-11-09 12:21:40 +0300
80f7207030a6f9a034fe6df504c2d40c6782a426,2016-11-09 11:24:31 +0300
8e8348a27b85c913f81b3d4d559fcddecbd07084,2016-11-09 10:45:22 +0300
bc2c0ec9ec3ae3d87d6cde973e9973a4a273e264,2016-11-08 18:00:31 +0300
f5de1f2a07835d153ea5579ea564bb1eab0f576a,2016-11-08 17:19:18 +0300
8718ee95e320b62a271e720ca4bee57bbd5a0994,2016-11-08 15:24:06 +0300
2b7a21b5b94826dc53ec2748929508086df42dd0,2016-11-08 14:32:01 +0300
88613547fc7bdabfc24f77632ca44f6bd68b4274,2016-11-08 13:46:50 +0300
f3a4a58256cf619e5aa4b5538a688f4c1c185215,2016-11-08 12:02:16 +0300
3c79d4ad842b17b077aac973a07220590d13edb5,2016-11-05 13:50:35 +0300
cfb5171da33dcaf78b06e4dcde641b5b3141b463,2016-11-05 13:44:29 +0300
72dc1a3b419540bf424f5b4d6ea8707dc2a919d5,2016-11-05 13:32:07 +0300
5461647f180e54f9c0482eb4d1393d55cfe10f1f,2016-11-05 13:18:47 +0300
c95cbc7e0727b8d7201e5cf087b06c398141aaeb,2016-11-05 11:12:27 +0300
705d5b6e9bb91201f8302b9a80bd73b0b37ccf3f,2016-11-05 11:08:15 +0300
b1b48514cd3bddce103fa446033a298c98e65c54,2016-11-04 18:39:55 +0300
65b5568d9e76f51b71693a179ef74146e9c3ba9d,2016-11-04 18:33:32 +0300
b946381051c3dc976f3eb1523c034880c2a825a7,2016-11-04 17:32:27 +0300
d2d9805664d2d92b49d6185d428c4c29cdb6237a,2016-11-04 17:25:54 +0300
b9f832c651edd5324927376ee3dbd22afcbf06e9,2016-11-04 17:25:08 +0300
db9a49da9dd4813bb87db3a2d41477dce2db5904,2016-11-04 17:24:28 +0300
7293ed6b0fc0bdf871d8ce3c6958224e60252ddc,2016-11-04 17:23:45 +0300
21675e4df8520ce9785c199f1e350e63fb48778a,2016-11-04 17:20:48 +0300
f2842b90ce4cf96998c81b2db04c83302eb04703,2016-11-04 17:11:27 +0300
9102ddb46a6fe321b5334cdd0814332885b118b4,2016-11-04 16:18:57 +0300
2dc30c8a133f9f84429290f46df10d13ca6bd2ab,2016-11-04 14:11:45 +0300
f0c0326f33a3c911635417ef65cd575fc3f892dc,2016-11-04 12:29:25 +0300
a30d9a7577201b0006a96ee043c71d83774fa688,2016-11-04 12:27:20 +0300
915f1c2b6902ebbf88bf9c6f8d371c6e98c12385,2016-11-04 12:17:41 +0300
9aeeab3fb3f1bc6c8ac1321fc3f560b8196c6be3,2016-11-04 12:14:38 +0300
e67194068e36c63bc1b6e16602a36eede83bc099,2016-11-04 11:59:29 +0300
b297a076b10fe51797771b78d06325164c3863e4,2016-11-04 11:58:29 +0300
ffa43caaf1ad22119678f8fa7eec197990bf4b00,2016-11-03 23:37:37 +0300
1c9ed97a1d42a11d8f3f0736444ec93e9040cac5,2016-11-03 23:35:59 +0300
c4ebfa5d45ae874496c7a407295bb6f425190e62,2016-11-03 23:20:15 +0300
7e971729b7c4cb720a232d06ec0779e6abee4c4b,2016-11-03 23:19:36 +0300
469bacb44b3c47f4912d40977c6f3cd83ff85f24,2016-11-03 22:56:41 +0300
ba54dc8b8bfd7a8427079cb7a793c48833a7371a,2016-11-03 22:55:57 +0300
15d1e53465deb5abb56f2fd152e2de829e003ce7,2016-11-03 22:54:28 +0300
963077f3b6d52cc3909976f46d5e916a31801ee5,2016-11-03 22:54:28 +0300
374fa272b7fbc52abc4e4a41fe5be9f1a44fc83c,2016-11-03 22:54:28 +0300
55f7a2319900a407aa7676710c701ad127803a4b,2016-11-03 22:54:28 +0300
78a9c9b6f6b810c8c5b00fa7659d5a56fc5a67b7,2016-11-03 22:54:28 +0300
4d7433bff239e99089fe3c72d35f1361450a4255,2016-11-03 20:49:53 +0300
0e1912c2027b51b8b8173fd79387e19994358a11,2016-11-03 20:39:03 +0300
cd1496a6a6ae0af27e7c209f05a4be1732deda99,2016-11-03 20:27:27 +0300
2a06041df8f39485a8ca3c31a6439c7c5a182e1d,2016-11-03 19:19:27 +0300
30f92797404abd7e0743485d1cb887efebe6eddd,2016-11-03 19:03:11 +0300
53a33997836ff7b060e6116cd5f9e4c65f2d5dfd,2016-11-03 18:11:13 +0300
f4907c8cf357e2598519bf0fd62ef0871b58bec7,2016-11-02 19:21:41 +0300
1b58b2ed000ee5bdc5f6ecd1b02bdf1386e589ef,2016-11-02 19:04:47 +0300
6c5d9dbed87f748988ee5d7daa721ef21413e5c8,2016-11-02 18:37:57 +0300
b292c42c7886373c802549d2aebe9710d1d57583,2016-11-02 16:04:08 +0300
45788d3196099786b382b522d937c41b94fcb7d2,2016-11-02 16:00:38 +0300
988835afe6c102bd87e96d5641fe9cc2ba863f83,2016-11-02 15:59:01 +0300
c80ab6e3272e3e787348fa158d768336320a8196,2016-11-02 15:35:23 +0300
5cbbda0a56ad7833ac445d165dfdcba0b7af3585,2016-11-02 15:33:32 +0300
ebeb86fa0fed7184d93ca5caa042416ef6e6c7a4,2016-11-02 00:06:20 +0300
63a42ca04f90aaefe12c68aaea2b0e627fdb9373,2016-11-01 22:02:11 +0300
5ce43b74df1970726fcb147150244ad2b23fdc60,2016-11-01 22:00:45 +0300
6b7a053a8c42a5d474434371842552f514351c98,2016-10-26 14:48:18 -0700
a851bb6c02d8391f63d874b650998fcd50fb2b33,2016-10-26 14:48:10 -0700
513acc4c0cd43e1a56216a323de996012a44fbf3,2016-10-26 23:13:00 +0300
6533ec416330fd97b956144ea562d4f633b8ceab,2016-10-24 15:11:07 -0400
b8dc1128d057199930c26d0434803c6b89a20e41,2016-10-24 15:08:04 -0400
60fc4d2678b3d57f7dd896e9c8d07b7029cf3572,2016-10-24 15:06:01 -0400
c430014d195183543cc55eb0041e7cf5509671c3,2016-10-21 10:26:24 +0300
aa2b3f31acf02384e7e92286605162d74bceb09f,2016-10-21 10:21:18 +0300
cb79996d9d8091033dfc0e3388306b2cc4606a09,2016-10-21 10:16:45 +0300
b0739e1b6969eef75252040edc9a5e8488c80f5c,2016-10-21 10:04:46 +0300
f72210ccbd5663b71a0aee49ab527cd108bece3c,2016-10-20 17:49:09 +0300
aa6efa42ccc36fdd5cb517b77ed09ae9c8bf34e3,2016-10-20 13:49:42 +0300
82a984a8f93a0732740038d7b2b29cc5de1eb73a,2016-10-20 12:57:44 +0300
29671e75b38620811c2bfc6c0f2b0af01d4942dd,2016-10-20 12:53:11 +0300
f7ad0cc176e6d22462e39576db3af2c1ce8de121,2016-10-15 09:13:03 +0300
ea948a09c82b7de266d97ac4d6972c0a2e015231,2016-10-08 18:14:31 +0300
5611ca2aa24de41184e876bc80b2ab4151130eb1,2016-10-08 18:10:31 +0300
377a1ef27d0e32b8deeb336866b8826a977d6b16,2016-10-08 17:10:26 +0300
5a76895d01dda45568f564b0f254b637d7f5b239,2016-10-08 17:10:16 +0300
42e7b897b919994f2fe314ef2503a32cda7eb4ac,2016-10-06 10:28:30 +0300
53395c6292de628f77ab66071372a3064797608d,2016-10-06 10:19:44 +0300
39804098a4e508453778a46d3d15b83f264f83d0,2016-10-06 10:13:40 +0300
1455622fad83db8d181e2dfb0ba5f6efeeeae37e,2016-10-04 15:45:16 +0300
0ab79480cf00bfb5b67bb101b27626fec92b8550,2016-10-04 14:18:38 +0300
09917c339e9b5c3376ea6dd4d5dd06040ef687d9,2016-10-04 14:12:28 +0300
7884a8fa6caccf94528d77eba84117f0cff4622d,2016-10-04 13:59:37 +0300
3a5f31d17e2a1cd2e108aa1b43ce8cbd468b421c,2016-10-04 13:51:07 +0300
6a1eb0fff4bc1e5ce233e985df06c7a0c8a80a7e,2016-10-04 13:33:45 +0300
cd411abc8e117afe8e1a2b1b5d539af1721fefba,2016-10-04 13:32:29 +0300
6b849c737ea877438774f7d472f2f842ed8c1e66,2016-10-04 12:05:23 +0300
b2a3bf5753677786398686b594358d38240ca394,2016-10-04 11:51:43 +0300
8abd632c242df3ef5d99847b73a9fdb3da0ebb5a,2016-10-04 11:48:13 +0300
1a80b4d0ea14d395d5b620d67978f374660bb47a,2016-10-04 11:43:58 +0300
ecbacdf00c3ab2db548e2e39f2a90756484ab8f6,2016-10-03 21:34:20 +0300
756e06b3382bee8bcf4012dc938d5f86b961f724,2016-10-03 21:15:13 +0300
83b2712754d61df725b208540545b021272cb45b,2016-10-03 21:10:37 +0300
1d81cf6123f13bc31974e838130b8a691ebf5fb1,2016-10-03 20:55:17 +0300
616ec62ba45fbb956518d20d9043362c012e435a,2016-10-03 20:14:22 +0300
a811b44e5cfdc8b659f0f8a493150ff40a45a07a,2016-10-03 20:09:05 +0300
d6aa91449139388063fa14da32abe7d3712609f2,2016-10-03 18:50:06 +0300
07f535bed0b68744667ef7e607262a43974b712d,2016-10-03 15:32:15 +0300
ac04c11b09f6f314765e5848c864390175548745,2016-10-03 15:25:50 +0300
e8e2f733c6c6122d0068c4c40a28d57e9592aa33,2016-10-03 09:35:46 +0300
b716b7be714ded8950d73bb60ec7457747a8a0c5,2016-10-03 09:30:25 +0300
9422b9802aa125ef6ce329d6ed83fd751dc30119,2016-10-02 21:51:07 +0300
39b70d1bfa3cec6f91f0889df0da347f0c851485,2016-10-02 21:50:13 +0300
413c720457f60275296e1834736a542e97b76b49,2016-10-02 21:40:50 +0300
38e4e7fda64c3793f3fd4fe6c0ca8dc29211e1f5,2016-10-02 21:27:04 +0300
827056e815b67501d23c5c5ea0fee84469b6e6dd,2016-10-02 15:52:11 +0300
8ac060fce87751bd6fcac2c5bedb7001f9c06494,2016-09-30 22:11:39 +0300
5a031305ce0ddfca21b96e031bb710ef4fa4b824,2016-09-30 21:52:10 +0300
49a6ca3909b5d17d09edc6c9dbd55175bafd8336,2016-09-30 21:45:31 +0300
603117cd75b45cce71e5cfad1c6d7bf2aea76044,2016-09-30 21:38:20 +0300
ad9447556dd5e12b5e7f94a517bab1df7f50a5d3,2016-09-30 20:58:07 +0300
2df9f66d8d56b201120cd984614a0e00b0aef4f5,2016-09-30 18:24:56 +0300
633303cfac84cdffad50420b0ce5967e95771ca9,2016-09-30 18:04:04 +0300
3e03bc1155555a364b3acec06442442d760c1048,2016-09-30 17:53:47 +0300
fc27ef7ae6dbe296a7974da45a5738d10e923cee,2016-09-30 17:45:59 +0300
041cb78f440248be5ecb982f60c76d431185897d,2016-09-30 17:45:50 +0300
b809bb07c76bbe854cc49a223f706f2252a85c49,2016-09-30 17:40:37 +0300
236b0102dfdddc69355391e1ab98b6cf6c4d09f2,2016-09-30 17:28:14 +0300
ec0d6b2ca18e30bd77e24b24b3ce23e0204a1086,2016-09-30 17:23:27 +0300
e9e81a6ed886428c118e0b03af89d1fb104e3a6e,2016-09-30 17:16:49 +0300
ab6c204f3f7cfca715e4eba58a20d9f95e375fc6,2016-09-30 15:36:19 +0300
f3d737435953330c176023a9ef7b69314ea72518,2016-09-30 14:55:48 +0300
2ba43b064ed3fd0e6d7b058014bbd474ec5ca53a,2016-09-30 14:54:38 +0300
a98f0a083395c6d17fef06d1c74dad74c2671c16,2016-09-30 14:05:59 +0300
cf172fc97156897203aff30698ab98a41b1024e0,2016-09-30 14:05:59 +0300
7296d1fefd67cdfd77087d2777404cad4885cf60,2016-09-30 00:54:47 +0300
c093be34b75a275f27df7ee1921777bfceeee791,2016-09-29 22:09:47 +0300
184d455fa7990d506d6973c7c49a4376475ed882,2016-09-29 21:54:05 +0300
2f7b1d53388883a2e341e9156bddd8d694f7ef88,2016-09-29 20:38:29 +0300
8c7bec0f471bdce2d7fb501c622060d63d97e970,2016-09-29 14:32:19 +0300
76ab7c770112328ca2847ad0cf12a23deccf3daa,2016-09-29 14:30:57 +0300
a851b9f44fc2968739427b06d4953aab866b346d,2016-09-29 12:38:25 +0300
70062304838f569c56ba2c6195b4aa8e743b238e,2016-09-29 12:06:30 +0300
2a205976f8805ef375beddf14433c999e0232453,2016-09-29 11:28:08 +0300
dacbe043f6309f847bb91ba1fdaf3470b37fb7d2,2016-09-28 18:50:41 +0300
f7f33b5570dc704d88322e2ac08bda677050a174,2016-09-28 18:02:35 +0300
d58f7221f54fd4ec4b692e8172ebad700df6e66d,2016-09-28 17:12:10 +0300
43978ffcc4eecfcf58bb5dc017efd630d14475dc,2016-09-26 00:39:51 +0300
23eb17ed5448618fd444625551479c25979f5ccc,2016-09-25 23:28:43 +0300
42eda59bc1fefddf4920830aa0f142f95c995b23,2016-09-19 11:23:04 -0400
8aaf787bfe41674f163f03fdc617530d90d0127e,2016-09-07 04:18:32 +0530
300083c852a5e2dee7534e37f6940dab5fb2c52d,2016-09-06 12:00:43 +0300
43a382ee04a4689050c7e46942ad6b759b1e8b0f,2016-09-06 11:59:12 +0300
5838101e5f43beba92dd20d2cd1fd42b42229a6f,2016-09-05 18:04:25 +0300
64ae0fb11432d69c7477fbda41ab1e752bf8d2b4,2016-09-05 17:58:30 +0300
66d3f0a95768890b4d1aba0fbab2418b323b41be,2016-09-05 17:54:37 +0300
574eefb97b3785053b7e1c8db18e20aa00d20316,2016-09-05 14:37:19 +0300
d8e5afec9236bfdda3469ba0eb69e33d8fa28a62,2016-09-05 14:37:00 +0300
03b0d270db3ae4dfd81b08ed0e0333a9e88765d3,2016-09-05 14:17:38 +0300
9a86dc50653abaddfdefe3b5f1d76c57226b053f,2016-09-05 14:14:19 +0300
aecf9aa318484ecc1e349c00f717add94accb9f8,2016-08-25 12:46:26 +0300
37c7e0fbd382456acb361c1f49fe7fbc3ee3323d,2016-08-25 12:45:36 +0300
023d5f18f8fb97f66b23bc13accf015c6d4f11b4,2016-08-25 12:43:59 +0300
3d96be6237382993a06c35a1071403cb5bd6cad7,2016-08-25 11:54:37 +0300
a5b833d5fb8524bcb3cf194f58c1524905bc7a5e,2016-08-25 11:29:29 +0300
c7276d67d48877a7b86933d341d275de0f5074f6,2016-08-25 11:27:06 +0300
888a852ba90f6cca2af99a3ad226b3fea050cef0,2016-08-23 13:54:59 +0300
e7978a4d34613af4b44115a8ae510e7fe47ff105,2016-08-22 15:19:02 +0300
a97fc4ebc4125c13bd45ddd2279497a9b10fe794,2016-08-22 15:14:35 +0300
938fbb3915c8d423bae3ccb0fa6e86254228f585,2016-08-22 13:46:17 +0300
320495e1e67a0347d8ce5bb99a5cc634b30b4843,2016-08-19 16:10:52 +0300
865f04f564f182ed295450b16300795da0fdeacb,2016-08-19 15:04:56 +0300
756497d02a71bda30e584dd28ddbdfaaafc1178b,2016-08-19 12:01:59 +0300
759254901f43ef1fbf82c0fd5f983d986b599929,2016-08-19 12:00:27 +0300
12d340a53ee318afe73f79c9b9392ff88cabbf18,2016-08-19 11:39:11 +0300
30a7b53556ad8db41d0909bf27c57d1ea4782e55,2016-08-18 18:07:29 +0300
5a63265345b1ba83418f89a8f59d903a71d295f0,2016-08-18 18:01:35 +0300
d9f64a7cc0ec99bfdb3284d78c7e776d80b8133a,2016-08-18 17:42:39 +0300
c7ae3e1eef487452b9be908ec1d76c247c58a27d,2016-08-18 17:42:31 +0300
09f01c00706a6d28e93c24fd11f21ae11f6b5a47,2016-08-18 17:42:16 +0300
1095966a27f744f5f15415c4ffb11cd71b72b531,2016-08-18 17:12:57 +0300
e91e11a44277e6a755636a514c43691b9f2755f1,2016-08-18 16:04:25 +0300
fa605bf300f95f916e6339c3be3b0f514dca9341,2016-08-18 15:44:04 +0300
30c2c6f122f2a0590ef4fcd52f2010a65d6baf80,2016-08-18 10:41:01 +0300
0933c1944e26d5aef9520895d19a707cd02b6801,2016-08-17 18:28:26 +0300
0b8ec63aa4a52d978c47b8eaa315fd2111c0d36e,2016-08-17 17:37:34 +0300
ed2f6c038e540cec5dd47009a414a79d13caf2af,2016-08-17 11:31:01 +0300
5869e40f61e547cb33285803eede286a780cb0f3,2016-08-16 10:24:52 +0300
21acbdec1b89082a615506f76ef71b0028bb41d3,2016-08-12 18:06:28 +0300
c94690352cbbf4f97b73d0b6bd2c698d5b1c73ca,2016-08-12 18:05:34 +0300
c6146910620e540633e10790c9be98cd74d883d6,2016-08-11 14:21:59 +0300
6a9e43d9112ccab2de998b639db2d7942b61b4b2,2016-08-11 11:57:04 +0300
c208ae6a170dabe1a4a9cf3578aa61e5de03e744,2016-08-10 17:17:18 +0300
3f7dd721e0dd26a7d4ce1dfe8f25bb860dd9d318,2016-08-10 16:57:56 +0300
3591c2626b61357f0b3f589ab69265bda312ef9f,2016-08-05 15:58:08 +0200
bc4f9a3608b9e80ab03ea0bc46bb15cfe395e1d3,2016-08-05 15:57:01 +0200
697f38e5127852a144b13e7640787e57ac3ebba1,2016-08-05 16:05:53 +0300
ee22c10da10c672e2c19b16c7f3a36d27025d18b,2016-08-05 13:58:10 +0200
8e6ba19405d12d8554cddb4fb51fd1f23e22820e,2016-07-27 09:57:39 +0300
c44ca2a22f4717c911355e67076c2de7906b1524,2016-07-27 09:52:24 +0300
b1b216863a11a8052fb4c2b0680a2087a6e88548,2016-07-08 15:33:56 +0300
34646fd5baf3640208399b2f21afc7afff6def51,2016-06-28 14:59:07 +0300
edef6ae759ab45a132be2972e60e94e3f325bec7,2016-06-27 16:24:12 +0300
44b03809cf526afa63e4558a9f3ce3fb6cf1a462,2016-06-24 14:11:21 +0300
81f99c3b552328f54eaec49cf0bd1d5e6536363f,2016-06-13 11:26:40 -0500
85852f92ee05f5e1ae70dae7315beda32f2b4077,2016-06-08 17:58:42 +0300
f5ae597e9d48185d8f6e77223be05d44f7cf1c49,2016-06-02 16:32:41 +0300
5943d5b03d840d1223c4586cac9f30945c389411,2016-06-02 15:46:51 +0300
5047d9ab8ab2362a9f920210cb0510e2de614bd6,2016-05-26 10:55:05 +0300
bb83921a17c376a35f36545fd2a02e483c85138a,2016-05-25 16:51:51 +0300
917928f55019c7e78ebf6fed1844c6e353a69785,2016-05-25 12:50:54 +0300
4937cd00fd36bd167d538c5f8faaf93f747b081b,2016-05-25 11:39:13 +0300
abdfb1935f7cffaaa29b46e4b719f84110a08c42,2016-05-25 10:06:53 +0300
8513d1988b94b98b3a9da69a7e578d2a41a573bc,2016-05-25 09:51:14 +0300
cd219b2d483c4cf47b40c1e75e8e63af69d7bb9f,2016-05-24 18:42:29 +0300
d0580bf1887b8f675144efc042516a77134dce59,2016-05-24 17:43:02 +0300
d66188ac7a5b1f2da25557e570e0040636028b48,2016-05-24 12:27:26 +0300
89a46e1aaf20f65a9f6dfe84df01838126534487,2016-05-24 12:26:48 +0300
51e7223660a79f7c624366e58a52cd021a53737f,2016-05-24 12:22:26 +0300
4dd396e4928b4b252b54700a26a7c5e2710bab65,2016-05-24 11:29:43 +0300
4715d6f52c8927437145914e384a7c349ca285da,2016-05-24 11:20:26 +0300
894eb8e24c8d8decaa06195a34e46625ab5f1ff2,2016-05-23 17:45:26 +0300
9d24d06ce68935013e6b572345761f0d2ebf1b4b,2016-05-23 17:23:08 +0300
5ce1af220f4f91e9366920ebefe7c6ef1d58b316,2016-05-23 17:23:08 +0300
0c26497d120ad13dc5bef81f0653621dc85b675b,2016-05-23 17:23:08 +0300
7783be1ffbdaa6ccd1332d3b49fab8a4cf7b565e,2016-05-23 17:23:08 +0300
c117eb1e50b43d892a44ecdf02c196bc54900795,2016-05-19 13:40:29 +0300
579160fa1b6190bd6fdfc94a49698255a2c75e44,2016-05-19 13:32:28 +0300
8b63e2d30b977ddc3d9b6357808fcd9e0564ce6e,2016-05-19 12:50:23 +0300
4d76a54e3361e980803f617871a0053a437d9d46,2016-05-19 12:50:17 +0300
69ea6e2eb19c38390a9d4333adf380fc568e0752,2016-05-04 14:52:56 -0400
d31b0146637733a21e37c079c254f3388c5ee17e,2016-04-27 16:45:50 +0300
de67c5ae8c352bbfc9e7df124b527878b17e810e,2016-04-27 16:45:50 +0300
1223c54239d57f761ff9225ef4b9adcea687dd74,2016-04-20 11:32:02 +0300
0bc4476d05546d951d6fecc7eb3ac6bc210a1fea,2016-04-20 11:30:33 +0300
60bb7614d0a9bbdabd83d0f9b37a1de2e54d71f3,2016-04-20 11:25:47 +0300
2e6a00afba36db430ff87c5ab6350b944715d7a4,2016-04-20 11:25:15 +0300
00d2386457f1b798eef95a4cde90dc98f922348d,2016-04-20 11:06:47 +0300
9a959583ae8238d8b9f3929d38f9a9b8559954c3,2016-04-20 11:05:53 +0300
a7fbadbf5a55779aa6d2606b52509af265803099,2016-04-20 11:03:43 +0300
3a7e93142be5532fd89da06007e9931fec9f5bfa,2016-04-20 11:01:17 +0300
6e5a60418b071e4bbe53d247bdc091774cd38ea7,2016-04-20 10:41:07 +0300
18d2521dc57a32e679b69972393a1aee25fd0872,2016-04-19 10:16:30 +0300
f1dff680220998109ce897ead73ba01d3184b2b9,2016-04-15 18:11:21 +0300
d0c4f486ac35bd035cbd68561abb1da5b26cbade,2016-04-14 16:54:24 +0300
8d7f801e692fc438889e862e98ff57599676d037,2016-04-14 10:04:03 +0300
5043d7bedfb6ffdee98d7a826c5af9112c37bc25,2016-04-08 22:47:36 +0300
f48fb182d76dc3dbb5d807bbc03999a1749d12bc,2016-04-08 14:01:15 +0300
b4514739903d2a228c9c6605fbbd05d23651f575,2016-04-06 21:14:51 +1000
27707018964f76d9bc66c52ed4cef17c7a6f92d9,2016-04-05 12:01:47 +0300
46b45279e5c6fba5b352c777927388298e73f9c3,2016-04-04 18:29:20 -0700
cdf40e386e7d50feb1653c7a204c65ebacae134a,2016-04-04 13:10:45 +0300
4bdff812c3e77a8822b8892b63d3cc91e13a080f,2016-03-31 12:07:22 +0300
139dfe7a83e78ba743c43a1b3ff9a5606c1f01dd,2016-03-30 13:53:33 +0300
6c8ccbc29632e7607b9ed0d9b5ebc3c3edcb4df3,2016-03-30 13:48:52 +0300
3056dd33033c70e7819f30a7b0e80bb6ddd2f4e9,2016-03-30 13:40:23 +0300
ef3c93889acf2fea32036d030e614094eb0f5d53,2016-03-30 13:19:54 +0300
4c25d8320d70c18f2ef66fd763d41bc10521e1f7,2016-03-30 13:16:11 +0300
2a953f7f7dd798deb674dca3149df9842f3ff84f,2016-03-30 20:56:39 +1100
23069cd4d6978753bde220821245ad004d76c9d4,2016-03-30 18:54:50 +1100
a0513f43b752cf1dfd41b869a404c16b520796bc,2016-03-30 09:41:10 +0300
8e8576497558ae8c680e892b3383bcfd1a2ccff2,2016-03-28 11:31:12 +0300
5c5aa6a402d45f88d849348363d48f0fa388a57d,2016-03-21 21:49:06 +0300
b0631deb251f036840d1ca3aee6d4ae50f2441bf,2016-03-09 13:28:54 -0600
0a9974bd1674857ca492789b46858ec3eb8249f4,2016-03-09 08:52:55 -0800
ab6faeaa609b4e8e975563f1b519114a605097e5,2016-03-09 07:53:05 -0800
2bc74c2645c71acf22125ad1e24d82728fd8f71d,2016-03-09 07:49:10 -0800
0e0da8064cde5499b48858bf9b47dc5169f5782c,2016-03-05 16:07:27 -0800
6ad05a09051ea710546d413b86b24d90e9ad7bd2,2016-03-05 03:33:51 -0800
08fbf1e08c8034121c648dda3231dba58ac8599c,2016-03-05 09:14:31 +0100
5bff2d599ed4f1c1e5b9a55baeb5d40507d27b24,2016-03-05 09:14:31 +0100
2d3f999b0360936d25a9f08d7eea7e2dd07dbe04,2016-03-05 09:14:31 +0100
360d6426c2627c6c8944b0f85990a68de4b548f5,2016-03-05 09:14:31 +0100
bfb4747d5cd0022ea1d59ba493cde38272094c9c,2016-03-05 09:14:31 +0100
3579ecf572b8301fdfbd5b7c67ade78cf40a864f,2016-03-02 17:52:42 +0300
8fef94bb8b55c8804ee29e6e529667493558aae5,2016-03-02 15:42:06 +0300
f9a7747c52caa9778e3461ed2d445a367a7f0715,2016-03-01 20:08:38 +0300
a0e324fcc5df0c5ec4d2ddf05741e8a3b795ff24,2016-03-01 19:54:01 +0300
812b1d837c152654a9d1715e95b624abcc758b45,2016-03-01 19:22:35 +0300
10c07901573cccb1922256dc916ae54e5cac4443,2016-03-01 19:18:07 +0300
c2e5d6deb4075f949e965fd88c94829595cd6d0a,2016-03-01 17:29:26 +0300
2c3719c0d52f400a27c54cd1db855b0a8273e013,2016-03-01 17:21:04 +0300
0e13274ceae2733ceec963863633a897514c39e5,2016-03-01 14:10:20 +0300
d96ddec1c6860f93e4a1950f4554cdb2d05cd837,2016-03-01 14:10:20 +0300
1d9c26b1204adc8179ee4586979ab9772e4631ec,2016-03-01 14:10:20 +0300
fadd1d1e73d883f949f4676f15a37cbe44a30ed1,2016-03-01 14:10:19 +0300
c775dc495f42afa23887af5a0b55f7a13f59cc46,2016-03-01 14:10:14 +0300
7cfb4c7b01e8fcd8908809b530a5be8169613f21,2016-03-01 12:49:03 +0300
83185f2558f764cf60b137a2e2eeda47d366a17f,2016-03-01 12:49:03 +0300
f72db8b20f636ddb5a9f438c85eb3d16b0f59c38,2016-02-29 18:20:09 +0300
29f00435eaa8c327c0158b3e8e6dc55d41a58e2d,2016-02-29 16:29:06 +0300
be6ca841228a0667dfca5c83d729d829dccd5c60,2016-02-29 13:21:32 +0300
5ebf8eac0e54de7782b083e3b1d827ed38bec554,2016-02-29 13:20:50 +0300
b296059bb91c663cc02698b98d8b85fb7f64c774,2016-02-29 13:06:39 +0300
bf001f56c00284aa355b8cc3ef99ca330f38daba,2016-02-28 22:51:26 +0100
80f26f064ae397581dfb7d594c69bf89f88453cf,2016-02-26 19:11:07 +0300
f0782d260d0f42037c176352d34e47624e97f86b,2016-02-26 18:55:18 +0300
fdfeb3ac45fbf81551c82bcc6b2478372fb215d8,2016-02-26 11:38:58 +0300
b5bfbd5fede8c0919c7657a0cf137475b17524e0,2016-02-26 11:38:57 +0300
fe82b47e79f281dffec189039ce2e1e734c7c10f,2016-02-26 11:38:57 +0300
7ff0b873d791e0e71c2187bac6758b7137bdbb42,2016-02-25 16:39:05 -0600
bb0c8c777404bd177c9601a5fae2341ff4ffbde6,2016-02-25 16:38:50 -0600
2f104817e91e0ed436aa8bb1647d2cd5d2da3079,2016-02-26 00:40:58 +0300
f93c39ddd6cb4a197ea5b519af0a4246ab4ef405,2016-02-25 13:37:27 +0300
338448275d3f9f4eb8aaad6420deabda2065b6ff,2016-02-25 13:31:55 +0300
758b0fb0e9a489d479aeee977c0fe7e29c214d86,2016-02-24 13:58:09 +0300
4b0e4aa53c0c68d5d8971daa8445e95cf209e524,2016-02-24 13:15:41 +0300
212bc53ae988c547ba3eed778c594a12c0b9b2a0,2016-02-24 12:15:27 +0300
c052cec39261f207ad01133367d1a84d5ef3428a,2016-02-22 11:33:53 +0300
a6c438354ff1d80e8d9a60e50df76f7c9af644b6,2016-02-19 16:58:02 +0300
20e435dc70014882e07265ea9c31ff23aa9ef941,2016-02-19 16:57:57 +0300
3e2b0649ce503671dc9fd4809d97226f5ddffb42,2016-02-19 16:57:52 +0300
aeabc69e5bb735367300ca9bece60d506efed37d,2016-02-19 16:57:47 +0300
74f65f9756ef49b2d830fe1ef19f18f74547387d,2016-02-19 16:57:36 +0300
7a43168dc468e8a0afeb266576248ed32dd7f0d1,2016-02-19 16:57:32 +0300
2880ed95004d96b6a8b9cc7f1893d0f0d919a4e0,2016-02-19 16:57:25 +0300
8049c9682793fc5bb6fa75482c56699fcacd5a3a,2016-02-19 16:57:19 +0300
e099a21362c2999212ebb56101c85d5b57b3d1a9,2016-02-19 16:57:14 +0300
bc00eb210ae0b0d5e961e29c3eec1caeee7374de,2016-02-19 16:57:02 +0300
a265b3aba5f8c2d0b4a8ef08d7d00b80a82724ab,2016-02-19 16:56:38 +0300
faa35546a70faaf3d97ef7971e88af97a69a7856,2016-02-16 22:31:38 +1100
fd7fc87b79362eb20200dbb667757a80c636d401,2016-02-15 19:11:30 +0300
92b6dd517eaabc26ea3a2b1557a499c0dfe4e649,2016-02-15 19:04:06 +0300
f8a8a67ec6da4cfe92ad63a4a553b29a3799b54c,2016-02-15 19:04:06 +0300
2c35baf72b30b08b0d41a55aae59047c5e330f20,2016-02-15 19:04:06 +0300
76846d92d2b88714f264fe226cfbf57931053c0b,2016-02-15 19:00:20 +0300
874a80de834bd5472941edbb78f32d3453ecb647,2016-02-15 18:56:35 +0300
c91f2f75096814ecc8ed5176a9f862246b7ac3f4,2016-02-15 18:56:35 +0300
f559c05bceb0d6bc5c0fab51d9e77ad1a389bdd6,2016-02-15 18:56:34 +0300
60a66d813139f2f47c2504d993b180462ab6129d,2016-02-12 10:34:58 +1100
dd32f1d079e54ba4d39ff3d1eb39b943eb8b7c7f,2016-02-12 10:34:24 +1100
ff38058ea5a86b2ca99de7c1c104ec81779fe6ac,2016-02-12 10:27:16 +1100
5bc55aa8d6d0960bb299360be126b0b1d8e37445,2016-02-12 10:20:51 +1100
4621beffc1b3168ebba68e5a4e8f6b8a2ba22987,2016-02-12 09:24:05 +1100
9aba7ec6b8cb924b97eebcfba867d796f585b323,2016-02-06 18:05:13 +0300
422c2562b9688873b7e983197a491303eab463b0,2016-02-06 14:35:52 +0300
c019809ba1960574962f5ef68f813e60fa1ee3c7,2016-02-06 13:40:33 +0300
fdeaf74a8f1520e54462ebf53f8005294167fff4,2016-02-05 09:36:42 +0300
04c84752d17bb51b2859cb77712086661fd7bd52,2016-02-05 09:33:11 +0300
5d3e141a9635dc28ce358d048840e74b76b2b0fd,2016-02-04 10:21:07 +0300
bd4e2a9e422e051a351517beb70173d24784ae79,2016-01-25 13:55:14 +0300
2b61d2f3f3ff9e8aa3c3217f6b20f8ca64c0e09e,2016-01-24 13:26:42 +0300
9c4ae9fc1096440a42a91921f30f0a7fa504af00,2016-01-24 13:25:03 +0300
45b0ee105c044f0c56ee2418550f13ff0c9652fb,2016-01-24 13:21:35 +0300
b0be7f77936f8f59aa6c8036d744623b0271d3ec,2016-01-24 13:05:14 +0300
bad8d01fe99fb27b18511bc2d227fa2641d5b06c,2016-01-24 12:45:41 +0300
099e4f86c9cb7f4ed12f62a5864e9e5226e9cc6b,2016-01-24 12:36:52 +0300
a72b4056f4b19a97120a72ecd17d20d8b2052cee,2016-01-24 12:35:19 +0300
244dc6cd9fe215696899d97b5495bfa7119c2ae4,2016-01-23 00:47:20 +0300
763a42f6631c2a09aafc81337e259249176c319c,2016-01-22 19:01:35 +0300
9df1d96f54929d889d95072446ee0204db2bea9b,2016-01-22 16:39:16 +0300
aeb0a91a3e868470b5290b02fea19f0383e34a7a,2016-01-22 16:20:29 +0300
b19de9836a216def38270ac86a3b4980f8ae9e03,2016-01-20 16:32:55 +0300
ea750528a23acec15dfb7da4bf02a03e67edfdc0,2016-01-20 12:40:26 +0300
c07db4b3486a53bb03a84dc7f9df10dea85b2376,2016-01-19 18:23:38 +0300
5d23f9b5df271189d758c3c99830df89a2ae052e,2016-01-14 18:39:24 +0300
8735d6588cc56ef9e17c362a301be3e79ee117a6,2016-01-14 18:38:38 +0300
e48da188ef85a38735a22505ad97ac19069845ab,2016-01-04 15:32:44 +0300
fcecf580143bcf1dcf49788296873ac783d681fb,2016-01-02 08:35:41 -0500
f8156e4077d764d3377f76dcb4398da40ba27caa,2016-01-02 08:35:29 -0500
9e081e61b665c2c1fc8f57d76304c8d9363f2fc3,2016-01-02 08:26:14 -0500
c05ad576c8b8f76c7026b9e8679476068baa4f29,2015-12-31 09:43:25 -0500
fb198542248c07cba6e632d96d7257c2c651a23f,2015-12-28 09:31:25 -0500
3be7554dc0362c3042904619425b73a5eba188ed,2015-12-21 14:55:04 +0100
349fcde6ca971c7451af9979a9830e0a4a4ab111,2015-12-21 14:54:03 +0100
f7c02d1163d637029687175a5db4782316deec73,2015-12-17 19:35:13 +1100
1448a194c6f81b566950d54189d379cd96c45fca,2015-12-15 16:42:29 +0300
16ee52034887dbd0739df6943fa3f5908b190829,2015-12-15 10:42:20 +0300
c52fac637206fd053c1710bf777ae88d6f3eb9c5,2015-12-14 16:15:13 +0300
7e8e07c71d5e1fb15d150a08042048f9ee753ab3,2015-12-09 13:30:35 +0300
9baef19b7b460aecf669a689552d15fc62eb5560,2015-12-07 18:27:13 +0300
b444b1df065004a41edc5f6bd13aab7788b1c7c2,2015-12-07 18:27:13 +0300
1d1bc9359d992848225a7bdfb0c58801d4654e04,2015-12-07 13:21:41 +0300
8367f77a52c910a2dc56a49668b068edf402e713,2015-12-07 13:21:41 +0300
681a1fac58559ef9f315da02903c4451d227cffd,2015-12-07 13:21:41 +0300
7bf68c6014ca93043edccadaccf414e357e1af28,2015-12-07 13:21:40 +0300
1358dad4e3ae2cf2735aa223b869e4b85f18508e,2015-12-06 23:04:41 +0100
ee4f50658c24cb2fafd1ed69e6b97cae6f0b241b,2015-12-04 15:33:45 +0300
89251d0627472954d9787018c403df6bb1412b1f,2015-12-03 16:49:06 +0300
5bb12cd36f0d87e3b217cdc20c22a0f6dc9613f3,2015-11-30 19:05:28 +0300
82c2ed5917041fa47a2f2046d6569a44809501bf,2015-11-30 16:30:14 +0300
fcc9d922da006365557d03325a2259d24acafd45,2015-11-26 19:06:32 +0300
9cee90a276e56b64a3ca7da81e91d877c028baa0,2015-11-25 13:41:22 +0300
4e4e08694886458cb8a25158f985995c47e7a9f1,2015-11-18 21:36:19 -0500
de2507b7148a3bf4a12a6cbe99231777b2214e25,2015-11-18 21:33:42 -0500
b9a79b74008348bb4ce57183becdd0084c4d8c21,2015-11-16 18:08:29 -0500
1c7fd384b632c6cf22535c8c159eb0f5838fefcc,2015-11-16 17:51:47 -0500
ce0a34d07b131a715ed3c5e5c492846cd7f107d9,2015-11-16 15:10:47 -0500
d252bf37bfb4a0149ae8b72bf438fe55ad9427c1,2015-11-16 15:06:49 -0500
46aee48280e63135bae7548b4623448a144057c8,2015-11-16 14:46:54 -0500
80de06e8f0424daf7145ddbd95c3dd7a0cfeca2d,2015-11-16 14:37:26 -0500
e0caeacb1db20ead138ff7bad08cc48b40417ee6,2015-11-16 14:37:25 -0500
bdd8d903ac88cf50890cdfeb126fdd636b98563c,2015-11-03 13:19:12 +0300
9ddd0c92b9441d88a8543b43c16c30f6b1518f34,2015-10-26 12:50:21 +0300
28c7db937a767a2b8630b8c5d29614ac988fa302,2015-10-23 16:12:53 +0300
f038678734bb68164830bc7090e467c8f99c579b,2015-10-23 15:12:35 +0300
b746d0671a7e33dcf20fef49152778be98fce1fa,2015-10-22 17:52:59 +0300
cc1eea87870edc5ef46bd1e13dd1f3934f0e1853,2015-10-22 17:37:27 +0300
ed288811f8fd645a3d17e5ecdebeefe843e4e8c3,2015-10-22 17:32:47 +0300
c14b3751588828d1195fd3f17346e4bee734e2a6,2015-10-22 17:31:07 +0300
fdfd6385195b96a79b1808844c0d9a7f2a73b5d6,2015-10-22 17:25:39 +0300
57eef9ecb66eed3875f7ce0badf20cb976582663,2015-10-22 17:16:53 +0300
055eaac646b97aa07ec9e19184810d3560cc1c77,2015-10-22 17:10:41 +0300
455b9c006878d73828c4bdc12a5d3f19e0b72ab0,2015-10-22 17:07:25 +0300
456f41c5e5f1bf90c730c83808073e3d2f5d627e,2015-10-22 13:54:19 +0300
8f2cc7fcc3ceb512191a2310946f1c02e737e7ba,2015-10-22 12:36:02 +0300
2df3c91a5748f1e960b0e6ad451b49ef3ffcb162,2015-10-20 15:08:59 +0300
0428fb11e121c8abd86bb9a1c3c2cdd97ad0f5fb,2015-10-20 15:05:29 +0300
3cdd4872e7efc8cfdcd36d21bbcdf208af930c9d,2015-10-16 16:19:18 +0300
7d10d7a1bba44c786115ee012a2d9174ec4482ce,2015-10-13 16:42:02 +0300
42f4ebbd7fb6ef034c349cd08829fef4a9ae686f,2015-10-13 14:26:38 +0300
0ad40964e95194ce99b26c12c0ab9d2086f09353,2015-10-13 11:42:57 +0300
727f9de4d60f3a0fdf103d4a47d6abc70a6c31b1,2015-10-12 22:21:21 +0300
1196d0bfe05682e7c6667adfeafe815c62a4a8b7,2015-10-12 22:12:55 +0300
3a412a4aadd9e2ac8d341fb8ce3ce91deedcc631,2015-10-12 14:42:25 -0400
e00a641b82013dad61c3a01a7a868792166eac2a,2015-10-12 14:42:25 -0400
58c7c3b37c1d774a794dfe335beb48327de7e08e,2015-10-09 15:42:14 -0400
7decb6ce098ed89e64c204b5c9c725074a6f479f,2015-09-26 20:54:49 +0300
43a0af870efcb5dfef197e41bc75519c36e078ab,2015-09-15 11:37:37 -0500
de8a52b2eb9b44656433d11991bbb7cc6c5c2d6c,2015-09-13 14:59:49 -0400
1799395a91f68b7ebc91828bee1b59772b8eee96,2015-09-13 14:07:42 -0400
38afed5ebf25a7f0d9d236ba1a9f938fe469f847,2015-09-13 14:05:54 -0400
058baa9059bdf422daaadb218dd6d7b76d2cb08b,2015-09-13 14:04:04 -0400
f339691436656bf623787ef12400aeda1d145199,2015-09-13 14:02:00 -0400
2ee5979133e92f0828dc0811a8202bacb32c6325,2015-09-13 13:44:25 -0400
521abec97aa96dbc054498e2748164d65d7e0310,2015-09-13 13:39:17 -0400
8bbd3af45ecedf17fa864cc9849437da595b9a63,2015-09-13 13:36:55 -0400
46d1069c7b470f0ea2ee54e77ee17fb66fa726a1,2015-09-13 07:01:09 -0400
13d0da532b8b1c2051ed931b8d214bedfc14d334,2015-09-12 13:37:07 +0300
e9dd773b592ae3616c27cf0d8c8774d04ff6c4d8,2015-09-12 13:01:53 +0300
e1157f3a69661adccadc671ab36f6c6a314874ea,2015-09-12 11:30:06 +0300
26d8434d9d79e2e9756c3ec158da9386a8bfa817,2015-09-12 11:23:04 +0300
cc9ccc30065c888f15d6d219c26b760ed27fe0ad,2015-09-12 08:56:24 +0300
9e5adbf9613284fc5c6d2126a48913b73008c3b0,2015-09-12 08:52:54 +0300
84a83fe1e8c3b1b95ab2a31149980549f493130c,2015-09-12 08:49:13 +0300
de6b03879e16f72784e5e1a6735d54eba83a7d59,2015-09-07 09:16:39 +0200
40320f03663f1a5aca5aea1c56f874764e56715f,2015-09-04 14:19:31 +0300
60479b71fdd3dd145e7f97ec85964a36c74363f7,2015-08-12 17:59:44 +0300
f9e918daa7bdce5bede82fc8c077364cd8df3582,2015-08-05 16:04:22 +0300
eb471c65fdd29a8ae4fd5211d3d1d7928fa695e5,2015-08-05 13:36:03 +0300
2a8f822cacbaf6a833f2f78a61b4ab6d7e88233a,2015-08-05 13:24:07 +0300
7ab7e9061587929d673d99b1fec92f34440e9607,2015-08-05 13:22:08 +0300
257dcc6036da094e3c970f031a48a239e9540e13,2015-07-29 11:44:06 -0400
9b94f2d791bc7b3d07eab3ac1ddc8bdf0820d244,2015-07-04 13:35:11 -0400
1ce240228c7e176709f9badb1eee1dc0cf529359,2015-07-04 11:58:51 -0400
0479e2586b4c29a7ce85ef4d87156849e4f09d31,2015-06-29 11:34:53 +0300
34bdd84dca4b0dd89a53f2bf582dca7bd11b2e0c,2015-06-24 11:38:27 -0500
faa48a481f57c85c0cbccc9ad3fe260b16601faf,2015-06-23 21:46:36 +1200
ec150004d0be944d1112af87a33834c1f82eb4a9,2015-06-04 17:35:56 +0300
b9f15e7fb5e5b38aea7de29f4141a07a38667c07,2015-06-04 13:50:44 +0300
64a4171f1b79743791769741da1ee45c32c2253b,2015-05-27 16:14:03 +0300
1de0edfe75b71d76992adca96e5c21a1b73f055f,2015-05-26 14:05:06 +0300
0aad4a810669d12e744106a4f2858af10dd97259,2015-05-23 15:44:12 +0300
19d42daba36d43a77bc324e3cb36901fdfc46472,2015-05-23 15:40:48 +0300
47428da03e4ad08d431a37cf0447cb90a5093167,2015-05-23 15:33:04 +0300
81e879e126d33827b9649617179ed0b3e694fa61,2015-05-23 14:45:14 +0300
333ff15babb34c99b7ccb7ee9faaecfb047ad3a3,2015-05-23 14:04:44 +0300
979860558d08b90ab2ca8ed09be11b7724e231bb,2015-05-23 13:57:16 +0300
8ec337b152dc614b802069d2962aeae60020beb5,2015-05-23 13:56:25 +0300
5faca1c3a48e291022c6f7516b6d6afdf0d543db,2015-05-23 13:48:24 +0300
069b8fbb277e4cf2a3c11324e26fec32d02fc3ee,2015-05-23 13:43:53 +0300
debfa94e611f838e1c1103d15cedfc43fae758d4,2015-05-22 15:20:02 +0300
02c2d0a9c062de9bc0ee16fbf61c322ae2878e34,2015-05-22 15:04:38 +0300
f559a73f8896287214a3d6ad8cd2d475991b7258,2015-05-22 14:59:00 +0300
645d0c0cb1538577233321204d9a38904dcb7b3d,2015-05-22 13:07:43 +0300
afdb2b46dee18bfe3f0ae0957afb287065f9fc79,2015-05-19 14:55:23 +0300
0ac54cb05ab550cfe22956a4e73ec80668bb3cd6,2015-05-19 12:37:51 +0300
17a6893790ace78a40798f5b991275f27b255a3e,2015-05-19 12:20:24 +0300
79a66d803f0f74b58a67cbbab45bb46a97baa0e9,2015-05-19 12:15:50 +0300
246aae96461601fc388bfb24be0e783235b2503d,2015-05-19 12:07:04 +0300
e3eb315a451abcb74557cfb140300c2b5e91bdf3,2015-05-19 11:49:05 +0300
3aa0af9a0630b4d5b9f1775769deae532b05be09,2015-05-19 11:24:27 +0300
92ecdfe6d3076fc89aba7aacc2f1f6c02ea14ef3,2015-05-19 11:11:29 +0300
4116471c1990df2829eaf0db9fce2a634a9c3e73,2015-05-19 11:08:03 +0300
19e42c1b1566520dee781cb648106f4e2751230f,2015-05-19 10:44:16 +0300
12e83f21b1cb2d6e3c629e4fc0028552372137c1,2015-05-18 16:42:43 +0300
00dc7211985f4d6c84c3aeabde346ad35afa9efe,2015-05-18 15:11:26 +0300
6b79b8256add8498eb98ae0cba37fe4eb4845e41,2015-05-18 15:08:15 +0300
6a4d83f63b205e4f64fe90516b5eef9a11e9ca1f,2015-05-11 07:03:05 +0200
200ac46e7076a6425a752204991ecb778c2680ae,2015-05-11 01:53:44 +0200
73bff1001a56259b27aeb7aaa38cea80e8888dbb,2015-05-10 19:43:05 -0400
4f8c1142a9134681d589333b714aab206ca2e05f,2015-05-10 19:20:51 -0400
741ad3be2b8c5fb75698fabedfe95330ea3e7e78,2015-05-10 15:49:55 -0400
51ce4ce850f4cc4b6ac703366c191f9f8f59ad97,2015-05-10 14:43:30 -0400
09b93d0ce32c5ad9b6c1f1282d4b23da7bc5eea2,2015-05-10 14:34:43 -0400
55ea394a6ad8dad5b236a0f7b4b2d2d52144395f,2015-05-10 14:25:44 -0400
beb07ceb5d293e864221061692f3cd543fdb5682,2015-05-10 14:18:13 -0400
05e55337ba297ec08275f14a9f4b11f50a16918a,2015-05-10 13:42:42 -0400
5d75b690744b552c0ef6c580ce41477fd664d1e5,2015-05-10 11:46:31 -0400
f6197e8996d45aa77f58a615468e58cfae314bfc,2015-05-10 11:44:20 -0400
a87a55f4684bbc79fde0a5ebf48ff949902a4144,2015-05-10 11:36:58 -0400
9db82246d32550fa06929ab97c6bd3b523de0867,2015-05-10 11:26:03 -0400
8a444d194607e819277e010aeeabdd37037cb7da,2015-05-10 11:14:23 -0400
c3c7d80246e8ecd600630041e183daf14e4e37fd,2015-05-10 11:12:12 -0400
09d0461dabd41c8116752ae8b38c94928c3622f6,2015-05-10 11:06:09 -0400
6716f6b88dfbf1081702a6f803ed93cbd1f0d069,2015-05-07 14:20:21 +0300
ba8167e88be3686aba2e8f801b9557637c90b00b,2015-05-06 16:45:41 +0300
d37f217f7af5351bf481b0f74f3914a44d9f8c93,2015-05-06 16:43:40 +0300
6d7bc02dc06b33c91c1ee769b1e7344141df72a4,2015-05-06 16:32:03 +0300
bd38bad4abac6d9a667b22b6f799def859a38322,2015-05-05 00:29:27 +0300
02ab8df2c83e7535a8bfa31d59d2a38ca6852582,2015-05-05 00:28:51 +0300
9d20977369be924a77e4eba10d83e63954f0c116,2015-05-03 07:37:44 -0400
99b282838bd2b59b28c1a4ab8403827cbf3512cd,2015-05-03 07:30:55 -0400
e784c10537e0d268fe9d41e3bbd62a2d2ec1301a,2015-05-03 07:27:41 -0400
30e892c68f2d11fd524019a832bddfa90f7d5fb3,2015-05-03 07:10:29 -0400
69be1dc00d619a715a96b528769fb7e3d555a285,2015-05-03 07:10:01 -0400
57a04d20717b2f83b3ea9743683dee0e14849fb4,2015-05-03 07:00:53 -0400
e1a3d978891dad12a730dd7bc5cb0c284378abce,2015-05-03 06:13:21 -0400
c2ce2dfa6c3424093205f726ddbb59fb285ed2b3,2015-05-03 05:29:07 -0400
517df07b7665fb7786b4ffd519e8c9a2f3855ff9,2015-05-03 05:15:06 -0400
d28c03635c56de7f3bc07da125fd456a1792be90,2015-05-02 17:46:14 -0400
933c2c0d095b27cacb78f359513ff21829246ea9,2015-05-02 17:45:46 -0400
e8f62a686f43e2c0b034d736c9419f930aeb3d81,2015-05-02 17:44:14 -0400
4e9352e4f5c6811d8ccf8c177336b6dab22a3aad,2015-05-02 17:34:42 -0400
a559f20fdc5c209f5b870c444063b3af45605835,2015-05-02 17:33:26 -0400
8b54c052d6e54a5218c049819e35d718b4049af0,2015-04-30 18:46:25 +0300
5e037fc73ab8b55c409d697f2b33138f4a72397d,2015-04-30 13:23:20 +0300
34a3dc04906ef50dac95f0e2ff9c2ace21b421c5,2015-04-30 13:21:16 +0300
7ca6164bb6553435d676cf4fcb1a54184e54fd78,2015-04-29 16:47:04 +0300
412cf30f269997b2acebc886d9a3835acbe5305b,2015-04-29 13:47:43 +0300
317f81090d450abe5d58dd28feeedd9e46faa6e2,2015-04-29 12:31:51 +0300
3cfce77cb40e345d4cf54557f5aa2aa9b693bdb5,2015-04-29 09:21:59 +0300
41cdad749126298d118d712f87cc029e4bca86e1,2015-04-28 17:38:34 +0300
a6d153a282b51d0c911efd16ccf6100b1400cb9e,2015-04-28 12:44:27 +0200
81f4fb50b75895fee1c0a1b73b173ca97634abfa,2015-04-28 12:43:55 +0200
a6b55f792930ff79e85d8c0f3a3fecce393d3f8b,2015-04-27 08:08:52 +0300
50174debb4f8a5d4c68344b1618820ef94b7dc89,2015-04-27 08:07:53 +0300
cad4e03f0ff40059cb86425f04cfaf5e4c1645c7,2015-04-25 16:12:33 +0300
09c6da925df7ea651394e6cc33251b4c20a93aa3,2015-04-24 01:12:01 +0300
cd4e9eed2a8dd99a4a63716424708d5657fee5a1,2015-04-24 01:08:17 +0300
f438729f19bd9a3c90d78e251413421e24bf4ec2,2015-04-23 18:20:54 +0300
2782e8ddb0eb02936a68467bbb2e326033be0fab,2015-04-23 17:27:18 +0300
fceecc42a93759ba3b35e6bc3f2ac061d361cd48,2015-04-23 14:41:39 +0300
2c41b0a8a285f1eb6dff9af62abedba83fb6d4a1,2015-04-23 14:05:21 +0300
397dd9524fc1c58e5f32e4984d6508e60933e664,2015-04-21 12:52:14 +0300
5ad9e9ff82f608b22901ecc0ee19a874766e2e6e,2015-04-21 12:45:22 +0300
27a99fab4fb06725cba3e71d2a05d9fad129b260,2015-04-21 12:38:55 +0300
8ae86ba9d74aa4f4189f4107a3c508da864f16c3,2015-04-21 12:19:16 +0300
66495119f9a6f63b667221f7246127a940ca4adf,2015-04-21 12:14:45 +0300
a9b5facf2f3f1baec7bbc6698750182050f1f526,2015-04-21 12:10:53 +0300
0796fe223d79de383a749c3237eecb8d59c79931,2015-04-17 14:50:35 +0300
1f514c4b151cc66673d1445cf88844473bce4942,2015-04-17 14:21:32 +0300
2888668b11071e4dae0082f13d324aae53b805b2,2015-04-15 18:12:16 +0300
85a127bd3c8f9649554460207c94084f60e9ae89,2015-04-06 19:27:37 +0300
f75afb0db4b31e894aaa47b78865db5ce6db7cca,2015-04-06 18:29:45 +0300
39d58487cf16da839f609a05d83957ce94263be5,2015-04-06 16:47:56 +0300
44fdc8454b949d665e1b79068e0f31d4967c8d6f,2015-04-03 18:27:42 +0300
c38a8e6b8eb9881dfd5c086be570be5716bc6ab0,2015-04-03 15:55:05 +0300
de147692ad6808c3aab928ecf1ad94e3e94ea6fe,2015-04-03 13:44:27 +0300
3f0c7f98459c18928ce9118d8f6850390b8cb179,2015-04-02 23:21:55 +0300
ca6a9b3aeccbf4635fbfcf933fb9d52e9cabf46b,2015-04-02 23:21:35 +0300
edc8975c5c94db3a9b8e2b393d75b7cb3f3741ab,2015-04-02 19:07:08 +0300
cc3dba58ac86d44709780bb7184311035a7e9667,2015-04-02 16:28:31 +0300
4bb5c912d52010aca52c3367d46362fb01c6739b,2015-04-02 14:53:29 +0300
8a5165edfad0540ae214f0faf8c5baa9ed840f36,2015-04-01 13:07:00 +0300
9777372dc3dc4f0a40994b1fa3ae30783589b866,2015-03-31 16:49:33 +0300
f19da189cbd0443d62523c2d0c9abb27d3b7f4e6,2015-03-26 16:38:36 +0300
9c7f93140a79c9098acc6822908f50c652c638d0,2015-03-26 16:32:03 +0300
469ad0e41f02d23b1a60d2e01c4b172280f34e16,2015-03-18 21:40:41 +0300
01a50fd76dbc1bfa3914919581b08fe92b8e4847,2015-03-18 20:38:39 +0300
0aa3781615804b2098fd362429c112942d6d2a43,2015-03-17 14:57:13 +0300
41d362b0c40fcdf31e4a3ef1d6df9e96b9c61f8d,2015-03-16 09:11:11 -0500
5bbbd9217ecf51d277906469d68e4974f0d8b3ab,2015-03-16 16:52:45 +0300
4ff768966b05a46df96e0e1b60d3d9881df8eed0,2015-03-12 16:25:43 +0300
9b1b9669649447d760f3887328df30bf4e50c5ef,2015-03-12 16:15:00 +0300
aff4f1c08ef474ca27f7e022e6d62ee9ccc22ebf,2015-03-11 17:05:01 +0300
b32a7df26684cea4b9e0419e5e07353db6137bce,2015-03-10 14:05:10 +0300
bc4933dde64cb28edae9de8e7b1413e1f5f15339,2015-03-10 13:58:44 +0300
9039b8a438490f75de9381988c733c3879319c1d,2015-02-26 11:15:09 +0300
f1138a0b05565e14e0124183ce84e289a41d35c4,2015-02-26 11:14:59 +0300
7ff822663517f671c434ca0e767d6e36c90976e7,2015-02-26 11:06:20 +0300
161b1469fecd28462ee84ebfd1f4e981ba640070,2015-02-26 10:47:37 +0300
9b9b5e0f9dabbbdd5c1904b3cb7a0055ad18df18,2015-02-26 09:25:25 +1100
1d949be4cd04f51f51f70b47e82c2766fb1faa67,2015-02-24 13:11:29 +0300
66026f7486f275c3a9e547f13313bce20e0e2882,2015-02-24 13:11:18 +0300
6f53c87bbc7733fd061e3055f66df8a9ada2a3ab,2015-02-24 12:53:56 +0300
7cbb57c92049d67912313157200c01084d3b7b1b,2015-02-24 12:13:12 +0300
5ff9ac4dabf5063b21064956fc662976d019ed21,2015-02-24 12:01:56 +0300
6fa5de23b8ecdabf2a981beaa05abe85473e8cdb,2015-02-22 15:36:08 +0300
fb4123a51761486187454087e84072a74dbe08e2,2015-02-22 14:43:03 +0300
7096da3125fb37557d8faa456bd52ed8817a4243,2015-02-19 21:17:20 +0100
cb17347f7d57c9c7b3feb6afb6458eb6c1df1c81,2015-02-19 17:22:00 +0300
8be4ca1afdb087510cab9f4bf3138a9a202f9660,2015-02-19 17:21:49 +0300
0cfd17e839d6bad636a8491914193a6c268c3e5d,2015-02-19 16:56:09 +0300
c110454f1445a46260a1da2a2bdae633faf56c75,2015-02-17 16:32:13 +0300
3ac0046b4bb785b04c34caebd3ed1d7cfef42e90,2015-02-16 15:49:33 +0300
a9f43dbedf88d8a86f1daea87f5aee5b6b5e3846,2015-02-12 16:32:07 +0300
4147cb4c5a1a1a85444afee411ff97ff9dd73453,2015-02-12 16:31:26 +0300
489acb329616cad9d268d99b0012f47fb9fcc491,2015-02-12 16:29:24 +0300
07173c5db80f7e47a78aaa6ebbfca06d9172fb67,2015-02-12 16:28:40 +0300
fb8686d40e2f7790937aa8758b70d60627e6e9e2,2015-02-11 15:14:01 +0300
257b1eb565c7b6d0762610ae417f0abb6b9980a3,2015-02-11 10:55:45 +0300
d96dc300be339d034c33ec4d70add5f7526208b6,2015-02-11 10:41:20 +0300
e14aea35eed951d0bd8b3f14fdf4c939983282e7,2015-02-10 22:40:35 +0300
a7b549a5b34422092e676d760bc6fe70468eed3c,2015-02-10 19:42:32 +0300
3e3f0f5f6b622f5878e0a57ace7f767acfb59004,2015-02-10 02:01:03 +0300
78bacdc661fd1a76825d3b654e49ab0785e3cc0f,2015-02-10 01:55:04 +0300
28f24e37d798c800382086ba1f2e08938aa7558b,2015-02-09 15:05:29 +0300
5634e064d8606d7ac991a921f3eba6b0857d95d7,2015-02-09 15:00:22 +0300
532684df9795d0adc9443a9ccb62f30627b44d22,2015-02-09 14:50:20 +0300
667331fcee26ffeb0ef42c46fe02540219c182cc,2015-02-09 14:34:54 +0300
660dad38c15ea24eeea0337876f59a2e08b223a8,2015-01-28 12:59:48 +0300
299d39cf2da8e1beefa921fe85c884117956b51c,2015-01-27 18:35:19 +0300
4357557ddf9da1a271195502137fdccae346611c,2015-01-25 16:42:35 -0500
30220d8d62309b0064ea49fa7a14fdd676b2e361,2015-01-25 16:21:02 -0500
88361d20d6fb1c72da7271f9957a152b52dd82fd,2015-01-25 05:48:14 -0500
e8346f3a86dfec04de415bf824b22fcad428647f,2015-01-24 10:56:45 -0500
9f92e34602d41080b4d832371466df73829798d6,2015-01-24 10:52:06 -0500
ce73165992bb45f275015a07d5621d0a248d20a4,2015-01-24 09:58:21 +0100
be29a6d680431157d48fc28c43b72134eecd95d6,2015-01-22 11:54:42 +0300
c725bf09fbbf15834947cd45ba9e7c136902fa90,2015-01-22 11:50:48 +0300
3b63842aee6e636828a7e917c0e1b1d19a9374bf,2015-01-22 11:38:25 +0300
8434e5f2d01d4a052d6816e3a317830c46e698a5,2015-01-21 19:36:33 +0300
3b619d4e03e1c788d49f79c9711d81f3ec1a85ba,2015-01-19 17:11:27 +0300
01d29ecd7011a107957e57d67b51943eac857fc3,2015-01-19 17:10:51 +0300
54997aa6dcad98a3c297faf9eec936c198ef6fa8,2015-01-16 14:04:29 +0300
c8ff4355fa0d33480f80f341d3c593eb6794a2ee,2015-01-16 09:43:11 +0300
e2069efeb92b1684c548af50aefa508942b5d3b8,2015-01-16 09:36:29 +0300
60f3f154fae265e971eb6c040bb0508ab86fc2a0,2015-01-16 09:19:09 +0300
aaafe117143e256a7b48692485b22c9d10538477,2015-01-08 20:49:26 +0300
44642ea5840e0fd4d46da63d9106ece3acda3261,2014-12-26 18:04:44 +0300
84dd1c98215601343fc28929a0b72e5157f2fea1,2014-12-26 18:03:50 +0300
ab23e9ceeae8eadcfa55d94e50cecee5b552cbce,2014-12-23 14:57:01 +0300
21ff693b901c8c388dc513da9620804dcc906d5e,2014-12-23 11:49:19 +0300
82399d53969f68f6336c9b9a145b2d1ec7fef03c,2014-12-23 11:47:03 +0300
472ffe1d3b6eb244f40648a314f77548504bdd00,2014-12-23 11:43:26 +0300
dce000351bdd0a87659f7920860ca2a8428c6073,2014-12-23 11:42:29 +0300
bf821340838e9dca714e1b72b6cf19c3beec2164,2014-12-22 17:34:07 +0300
be2db3eae0b4c291ad5c87dea6b89d2e5de8db4c,2014-12-19 17:03:11 +0300
7521c67d3d9e6364951be25d84e612766f906089,2014-12-19 14:05:29 +0300
01d0b24e086fa8ec8251d63a29197ab4938355d2,2014-12-18 17:15:17 +0300
2666793f03a3b810f07bf8b30e26f8d8be974f49,2014-12-18 14:17:37 +0300
f8d9a780cb4e777d70154a94142059bb8ef0feb0,2014-12-18 14:13:10 +0300
49f4083ea14abdea268e983dc151436775962945,2014-12-17 18:38:59 +0300
8eec5d4ed3b5cf852441fe8bfb33af9b3b64c466,2014-12-15 11:15:42 +0300
a31ae3b7dfc6d0a1716e0054a22bf8741756bd34,2014-12-15 09:32:24 +0300
78558aaa4866006995b6f54c78026849fcace925,2014-12-12 21:36:59 +0300
470e6b2191f62ce96c126152cb4c59800dfd5721,2014-12-12 14:52:59 +0300
26e22a3fddfd9278e04c66cdd25df6107e1edeb1,2014-12-12 14:36:25 +0300
75d49a95cc1a3c66e10c3374d50337838fae86a8,2014-12-11 21:05:13 +0300
b8ddcdafaf891e892bf7c014aaebaab01d9124c6,2014-12-11 15:19:56 +0300
60ed6905382a44a38b52aad89bb0d259c2533df9,2014-12-11 13:43:54 +0300
4ad9e8c26c5d20d938fa12135e997d6afd80d519,2014-12-10 21:11:49 +0300
233918a976524505eda5b6418e3bb2b6cd6aad72,2014-12-10 20:20:12 +0300
80c848c205ec0f18b9f4fa7bcf5a85b19d5edd1d,2014-12-10 18:34:39 +0300
dd6920c9f1e6fbf7d5d65228c413aa051a079795,2014-12-10 15:45:09 +0300
3eaed4ae6a89d17f9f3df61d6e9b141a37e48002,2014-12-10 14:41:02 +0300
2a6ef007b32c250d825725214073f4ab7c854502,2014-12-10 14:11:03 +0300
2894d5ffa04df9b01e5bb3acd097be23a2c9d438,2014-12-10 11:30:22 +0300
0ffb210dd5f0b4a1b47651b9f8cc7540bd0522bd,2014-12-10 11:14:07 +0300
6438dc7e0845d505dc8385d0e45835a83b6845a0,2014-12-09 19:45:29 +0300
053b0c2228682328c9142a158bc9793f8e61d2cb,2014-12-09 19:35:25 +0300
3037c5e56becf6ea3e2ea825d04192b58fcce6c4,2014-12-09 18:42:10 +0300
e2734bfcdb1b0f9a1b4422e84a6dbea4311365c4,2014-12-09 16:55:47 +0300
4e08de86bb83913f672a1e7f2e6b3c2ba8bfa5ed,2014-12-09 15:50:46 +0300
4649832faa0e9e6f98477eb0ad003cf52e54e27b,2014-12-09 14:59:59 +0300
c9793921b1bbdc7b26f808d7bdcee6085226b6ea,2014-12-09 11:21:48 +0300
4e88f9afdc089a83776e24743a03095f706d26a7,2014-12-09 11:07:49 +0300
c401537c119e35ff65894004607c1a5a59c2d839,2014-12-08 20:18:53 +0300
f3457df851a9432b4476245b5674342777414a32,2014-12-08 19:52:31 +0300
840592cf502d2446d52522c49e3f6ff5ce89ee73,2014-12-08 15:29:21 +0300
0b2acf6ba375930ebb6c184b3a874e8b6fae9d2b,2014-12-05 16:39:58 +0300
20c3e9449b732e2af834227d5456358cbbcdea3a,2014-12-05 14:49:23 +0300
2d8ffba391fa9d44d7e48e46f60fd05be9dd6d39,2014-12-03 17:42:34 +0300
54efa1a5cb21c2155144dae635d9e284afa6f4e6,2014-12-02 16:26:04 +0300
0dabbbf48550a7a025937b7c406e0d88983589ad,2014-12-01 21:53:48 +0300
bfe3ec7017471deb6fc7c03a2a76c4471955e27e,2014-12-01 21:42:10 +0300
1ab1caa9fd999ccc1abbffb3b1d42bc3e61573a2,2014-12-01 17:26:59 +0300
2c06db649f7a4a19c463c33cf7ac2f42ff92eb87,2014-12-01 10:18:34 +0300
464c548c46881a11616403f06099df87fca9ed3a,2014-11-30 22:09:10 +0300
0398bf4da4a91ba26c42cf6419d62bbb745189d9,2014-11-30 19:31:52 +0300
eefbc9264c869db5f04d073df908a5c640e1a1d8,2014-11-30 19:08:09 +0300
80948206778de641421fefd91f04bf6c5274fc8e,2014-11-30 18:43:39 +0300
29d3dec5b39ad0a4d8861160d46ceec3d2a35027,2014-11-30 18:39:00 +0300
32e5d9f90ffbf5557dd29058b175580b396a29b6,2014-11-30 18:22:00 +0300
4cca7a8b0177b8f2809e64bc58c3a226f4727f36,2014-11-30 17:30:18 +0300
57ea7055054b9f851b71280010fc4b2ec148fda5,2014-11-30 17:29:53 +0300
a27eda27f71ce17607f3359e484e3a45f7792b61,2014-11-30 15:57:04 +0300
f14c79c71a4e2ca71f9223f42e80dca63ed868d4,2014-11-30 15:56:06 +0300
5734d01789c4313f197edef3cfadc452250dea7d,2014-11-30 15:45:56 +0300
c450a1c1de1a2582e0a05201b80339b23aaf3b3f,2014-11-30 15:37:40 +0300
cb8788992a7c0fa46e993f27ff356ed40c8f7d4e,2014-11-30 15:37:07 +0300
11d8465f41bf7f8811a7fa537a297538c64373e9,2014-11-30 15:32:03 +0300
47c4c014f1dabf5f72a7e54667425002b24a5d3e,2014-11-30 15:30:50 +0300
35c2a085eb50d4c66f4f07168934a62f708ee013,2014-11-30 10:55:17 +0300
cce22ae065ce2437b69b73d6e7a2bd76272d0e3b,2014-11-30 10:54:21 +0300
56f0b5ddef8c66a7c6e12186af13cdd7ed481095,2014-11-30 10:52:08 +0300
e976355d0f5c1b31e759f4d34d7debe2d0383194,2014-11-30 10:43:15 +0300
2b6ef8ea23f750b575c7b9394ffbcb9b671d5e27,2014-11-30 10:18:21 +0300
924a6696a9a28201d80b367337514e6d851ac07d,2014-11-28 18:27:53 +0300
a6fcc2eeee94c2062f8acb1577d3b9236c95aa62,2014-11-28 18:25:48 +0300
5331b8c5cad581ecfe71bed41f7d671b548bee7d,2014-11-28 17:19:21 +0300
047a29477202b145b9f14e0bd7aea312500a6e10,2014-11-28 16:58:38 +0300
16e5513cdd2982c5aed1a0da7c1dba62214e70a1,2014-11-28 16:32:49 +0300
a1eaded223c3c397169a8c4c7d775280c77b14ba,2014-11-28 16:31:26 +0300
f1ce0a11be8c62a75edfd113c2b952d5b157b8cb,2014-11-28 16:25:14 +0300
e4fa56af60bee81bb96e30cfa9dc08b91f016fb8,2014-11-28 14:30:48 +0300
e9e82bdeee1cfee4bc32bc7b891887ebd84aef56,2014-11-28 11:17:37 +0300
98a32fd77d732da16598d037cbcf941988691df0,2014-11-28 09:32:28 +0300
a7d680574c03ae2f908d2666d63b0794c2c62a96,2014-11-27 10:18:15 +0300
e2474202c009f33d1fa29dc0176ddecb0af78b42,2014-11-27 10:12:07 +0300
acf54ba62abdca8bed155373d4379ce85e97ca4e,2014-11-26 21:47:35 +0300
43da4cc943b128e16e6f3c764c63b9146445f9f2,2014-11-26 14:36:03 +0300
14b5e145cdaeea9aeddc06597bba155fc82ed354,2014-11-26 13:27:30 +0300
09c924cff91e0cef1ddeff6085a12e100e896d45,2014-11-25 12:20:03 +0300
3c166f9bf597c7943fe73c9831b008c52365941d,2014-11-25 09:41:03 +0300
511c9a456fa8e01ef060bc74e872ad834cd8586d,2014-11-24 22:32:12 +0300
3d8264792c1ac0ed1a1a2ebe2c8b76edf01ff673,2014-11-24 20:36:29 +0300
ccb180ebd8a013fdb21365bfecf05d0f97305f8b,2014-11-24 20:09:32 +0300
dcaea3fb4ae9bd68602b6060ab051fa25b221510,2014-11-24 16:36:39 +0300
447dce9dadedf027aa8257878c5b991093b66856,2014-11-24 12:11:37 +0300
fba700d3609657c414a34ffdaaf6389f03f12cc8,2014-11-22 19:18:11 +0300
6cdfdbbcb94f217b1e486992561f6b8febda5f84,2014-11-22 19:05:44 +0300
15297ccafa761bddb89eac98b35806d777cbbe74,2014-11-22 19:03:31 +0300
3c51a773ce64be713295157cf77d8fa72379ab91,2014-11-22 17:58:06 +0300
5ce09a7b7b708a6310e96ae4b18a887fea8baa02,2014-11-22 17:47:13 +0300
84b751436a84d432fcd8b884f9c52cb2e00a72b4,2014-11-22 17:43:29 +0300
5fe569112a0fb54b98a4da4c8559efd3d2c85776,2014-11-22 17:39:19 +0300
a0d54aba704c3dee919fb2980db6f7fd0666ccd1,2014-11-22 17:36:05 +0300
7aeba71b31bc513fda6b3678d81a4b9393aa772c,2014-11-22 17:31:22 +0300
9587d0475b3c3f44150fcf8fc50ea772e9ea40ea,2014-11-22 16:25:50 +0300
f11fc5ca384e891bdc248c3a040c5fea9b6be95a,2014-11-22 14:46:31 +0300
98bd4974ec11794b992785698ff08a288d792f6b,2014-11-22 14:15:48 +0300
d791b51939a77ce3832883917f49d1190d1648e0,2014-11-22 14:09:34 +0300
7e36c932cef7233044af83a5f878c43f9c9f0956,2014-11-23 00:01:16 +1300
177a25bd8f6ebb9323fa6918a4c1364f04ba8f35,2014-11-21 14:58:27 +0300
62d137cf71ca740a852007f90a5631618866f81d,2014-11-19 18:44:00 +0300
a5559d7d4b7e55725e15b64068f2b41596060075,2014-11-19 18:03:30 +0300
df3494b6b57adf5c92dd4c061e8c243f0d7c588d,2014-11-19 15:44:11 +0300
583df135b3ee0c3a758a586678252979852ae3f3,2014-11-19 07:27:29 +1300
4207ebea2e6510ffeb1cb123e87ecad35ea9239e,2014-11-17 17:12:58 +0300
368b4ac5d659e6659480a7c4852957b23333f00b,2014-11-17 17:03:33 +0300
a0f941a02bdc3320e38fd830983b5f034a4a306f,2014-11-15 13:25:11 +0300
5f7b6ddf4abcd284d33251c6eabecbfd796445f5,2014-11-15 13:05:58 +0300
7c852a5af9abce2f98432903de368f449e942f67,2014-11-15 12:59:23 +0300
8ed6a07b2720fdba06d06bc862b936c6eec56b1c,2014-11-15 12:58:07 +0300
e787265f8964235a9b78ea75acd62d0c6ff59311,2014-11-15 12:07:21 +0300
f9c7d647c1f2b4add5132c78aa3fdb69ac79349f,2014-11-15 11:16:55 +0300
cfbfb688702187d0cad7ba3ad61fbb7582137db6,2014-11-14 12:33:04 +0300
486065aedd40d3fcbdc44ab5807bbfa788e101c3,2014-11-14 12:02:49 +0300
535ecb881e04a644f585aaa3adbcd39556c3cdac,2014-11-12 18:02:46 +0300
d7178a8b45629cec8a360374e7ba04b2c03e9e81,2014-11-10 17:39:00 +0300
0b6a42405d96ec44c718fc088999a309628f32fc,2014-11-10 14:59:19 +0300
4baf598da2b258ef4f788b15f9b324680a874596,2014-11-10 13:49:38 +0300
4d8b2e1a6a6db08bd68ffab227381eb981111893,2014-11-09 21:24:50 +0300
fb8660e76986335b9c77ffbe3cc15b78e2d7be96,2014-11-06 16:37:15 +0300
49dd104101b00e9d113326efb8217c437504b6bc,2014-11-05 13:55:13 +0300
8990e65545d4d65773a0e5d1350a9e602a0d3d77,2014-11-04 20:21:01 +0300
2430e941dead66cbe8c8f8ed7508d48d098e84dd,2014-11-04 20:14:00 +0300
e2a965ff040cc1ec91fea258b702398b5f1ff068,2014-11-04 14:06:25 +0300
b62c9d018a1b98f47e25a683a7f1c9f748f4e098,2014-11-04 13:42:28 +0300
e1ad29f9029deb624348fae05c4db0a07bba3104,2014-11-02 23:42:32 +0300
0c7ba3f1cbfb8380a10df122e2f7655c13e6d2b9,2014-11-02 23:31:57 +0300
8f16b60728ac7bb0b54497053d91c6cd5c566359,2014-11-02 23:17:15 +0300
14e9dc3bdad37e841cfa6bf00f17f80f6eab86b1,2014-11-02 22:59:04 +0300
2584967e7868f99877f5c67fd8b5fe33f92574ec,2014-11-02 21:30:42 +0300
617628c7f50c544718f9b3d8e66cdd3ad408a38a,2014-11-02 18:33:45 +0300
5aedf54ed7b420e3c92bb6add3fcb9619aecce5c,2014-11-02 16:51:54 +0300
c870954210bbe2838b49acd13ea3f4455c4e44fb,2014-11-02 16:10:21 +0300
d3c5b72d1788e41c5b4b8af594ccb68027057b59,2014-11-02 14:25:51 +0300
6e982b5a69b5fc0e69f419ebba87fdaedd9f99aa,2014-11-02 13:44:31 +0300
f24b81b173669f19eb9e3854479d2552f9ccdb95,2014-11-02 13:21:01 +0300
77bd5b7f321a6bacfbc75f00940902cdb02e212b,2014-11-02 12:55:29 +0300
777b1d6501e6a1e54d1afd59be50eb188a05c216,2014-11-02 12:32:46 +0300
0bb7946d903c7643de93fd8d98b9ddcef1b661cf,2014-11-02 12:30:07 +0300
eb1f28ca0d37c681696c676ff28f3e51d303aadb,2014-11-02 12:23:52 +0300
da38dc638b4c3ecdc0de3e45b332a572c78d3bef,2014-11-02 12:09:48 +0300
dd009c6d9db3270ea6893783f1ec993043e1047b,2014-11-02 10:33:02 +0300
5fdb08035500ba073a33aa67dbbab550ec752d84,2014-11-02 10:28:15 +0300
4fb3e9e7e1599499118ade12e8a32e249606f930,2014-11-02 10:17:27 +0300
5043aeb29bc78e8dca67b756302f54da39c3d04a,2014-11-01 14:54:25 +0300
43999a6601abc6af9ce511ac6f83965640563c84,2014-10-30 18:20:25 +0300
fcb1d5364154294525f1c2087f280cc5d38879f3,2014-10-30 16:41:59 +0300
ec5c3cff658aa7b8e2720f0f875b668433151483,2014-10-30 16:41:29 +0300
5b6b60c9b7ae8193457e93739a307416cd338db8,2014-10-30 16:01:29 +0300
5be9a2eb4810e5e67b90e132e21aa15127813e5c,2014-10-29 20:54:22 +0300
f6640dd9033330cb863fb425160492f4873c8319,2014-10-29 14:04:32 +0300
e42c376cd4a7652fde01569650217ad8ca25fc2c,2014-10-28 12:11:18 +0300
b14e9d82a854d37f8fee03a662735e2e4c9365f3,2014-10-27 15:51:11 +0300
fca0df5c7c0e1c7a524eb3125a6bce6b995f059d,2014-10-27 10:42:26 +0300
af2b65e00dc2d0c14f1e6dcc4762a0a11eb1bdd8,2014-10-27 10:38:23 +0300
2f758a1589512c9679c710aeb1125aa75ee5056b,2014-10-26 16:15:07 +0300
9881a08402de431b1525d29a2cd377ff4f6bc08f,2014-10-26 16:10:18 +0300
f94dd05ef200f966451b46a53099a89f8ae1de4f,2014-10-26 11:12:40 +0300
1a722e5a5af61ac63b5cd7ed6b77d986a7a51a02,2014-10-21 11:05:18 +0300
76af157f9793ae983aff5b65859fcad7e25f8dfa,2014-10-18 11:07:34 +0200
8da6e38c86243f2be54a7dc4ed9c522dbb523327,2014-10-18 11:06:09 +0200
153a85985a39cc1fbe73d893794ca89725a00d63,2014-10-18 11:03:08 +0200
43ea055e24d767235157fe1d6a3b3983deaefac2,2014-10-18 06:21:31 +0200
bc637841269e1b66fae2d0d179c6bd06571ced0a,2014-10-18 05:54:03 +0200
bc57e8662b2bca499183aa28decfe4eb454509ca,2014-10-18 05:27:01 +0200
40091ac8e3deac76b937da907b3ac3480eb89a5d,2014-10-17 19:21:02 -0400
d0dc5c2db174580edf7ebbdfa43eaca0bc7a413f,2014-10-17 19:08:01 -0400
6ef32a77b2cf369a6f0857c9946eb637b8639f5e,2014-10-17 18:38:24 -0400
48cefc651aad518db971a1f1b64651f420339705,2014-10-17 18:25:10 -0400
10b64e876ebd62bb9ab0927ba6bb219eea45ea74,2014-10-16 20:05:57 -0400
ee0b240947c3114d32b25d48f80e4656a7cc1f33,2014-10-16 20:04:22 -0400
1504dfd5d4fe41a2779ee3cb0cfa5f74a0b3ea94,2014-10-10 09:17:06 -0400
24da417c39a5448bd0e15bec93de31776151b2f8,2014-10-10 09:15:37 -0400
31d59e0c4aa8af61935413984a452f1788105187,2014-10-09 20:04:47 +0300
5eff639ca7736dd8e861d33d43b7195637a8d560,2014-10-08 11:16:57 +0300
3b1d6efaf0e199b7ad8294129c53a1d875b57634,2014-10-05 13:21:50 -0400
868d0d05705c3348c441472cc9e5008c9df4e5b6,2014-10-05 10:36:34 -0400
4c04f4acfa344ad396426227bed220ce5d53e3cd,2014-10-05 10:33:54 -0400
4ea494937f1a6b938ac9e515876115fae963077a,2014-10-05 10:29:19 -0400
2f9550b1e9df5f7bb0d8634ba6e3fde1c6a4b909,2014-10-05 10:24:56 -0400
ac8f830812c30c873eb8db57e087763095b7b3dd,2014-10-05 10:03:37 -0400
6e0d13bce4cd19759b37fb2ba554b50e979d7cf1,2014-10-05 09:42:02 -0400
e3efe54d6ad48d963f5107b753d4a512c4c90a52,2014-10-05 09:38:44 -0400
b2e30bd556885540f1cd02a8b22ab016807388ea,2014-10-05 09:31:59 -0400
311518aca80b1ce456a6fdaa18d05e9fcdd0d69b,2014-10-05 07:57:48 -0400
98496f5e20344da5c3ec3f1025fd0da335d40542,2014-10-04 17:40:08 +0200
e05ae7b8aa6dedf5c0b47fc044befc85ba197076,2014-10-04 15:14:43 +0200
f657579b4c7fb2065f9e6cc61ee681d6aa595b74,2014-09-24 16:43:38 +0300
9bcf2980564108c4bbd1d41ef5f196d9aed06609,2014-09-20 16:43:13 +0300
0dfe8e2f43c5a319cae1cb9b3ce264296a145135,2014-09-20 16:12:01 +0300
b0ca20fc94e54a09f63663a5368288f0835669b8,2014-09-20 10:50:22 +0300
f8e6eda32beb8af5311c79a6138ee42149c23e11,2014-09-20 10:05:46 +0300
7293153fa24e6693795023e622a51bef060d778e,2014-09-12 10:11:14 +0300
9dbcbc8708def6ce8425d8850c7ca1fb9a39759e,2014-09-12 10:09:28 +0300
3a0635de366b04755b07c711b198517a98a99ca1,2014-09-12 09:49:15 +0300
7318e0feb328ef4aeef1fb2c0e8fded6ba51c65a,2014-09-10 10:10:22 +0300
abea45d7c1127eeb0db68b17d8c26f0f2b7dde1b,2014-09-08 09:29:49 +0300
2a5ebd09363a8b6c9be1452264200be0a61db0cf,2014-09-07 19:17:33 +0300
e0962f5c27ffdb2365197d8368c3dd0e2e4868b6,2014-09-07 19:11:38 +0300
a54e9b3a2d4c62e830652f7fd0b877e267d0c799,2014-09-07 19:09:45 +0300
9310e78dbc9ce7109e679df39725123a7f03b366,2014-09-07 18:55:03 +0300
5438bce8bee873a92c9c33be52db6e313c36c72b,2014-09-07 17:24:03 +0300
4b8b33711a761fcfdadee6f9b44d7852590d6068,2014-09-07 13:27:23 +0300
66aba16ac55cc0eb331b0faf394274197c51d6dd,2014-09-07 13:19:14 +0300
21620bb081dc51d0b522d7742403ed7e8cedea30,2014-09-06 09:47:30 +0300
4188661a4cd36b3b5e8b6f63ddea8af8f4c6343d,2014-09-04 22:42:52 -0400
e4261e0d1a13ce00f29b44b5e948bd7fb0ec0467,2014-09-02 17:57:39 -0400
9dc34cb8fbb51e3c70e2b9e5685bf5e823c994c5,2014-09-02 17:50:42 -0400
00da6a4e6f34a5bed9682d32fc0ea1a450828977,2014-08-30 13:25:08 +0300
6278076470dc0c7822e8d08a5045442a55208c10,2014-08-30 13:21:14 +0300
c669b95e3c33e9c639ee05ba124ff7d5a8ca5ed7,2014-08-30 12:50:15 +0300
00374efc9f5d2128d99c86d81b80590760d061dd,2014-08-30 12:25:40 +0300
eaee95d333dd38a09c42d2a39faf75dae92bef14,2014-08-30 12:20:28 +0300
2310e25740115b240f9fd8c1353a4076677faef7,2014-08-30 12:09:07 +0300
86175ef2e14697c91085cf8b106c3181ac2504aa,2014-08-30 11:01:35 +0300
271b040cced408b698cee51663a978d5a0b917c4,2014-08-30 10:52:13 +0300
4a880d799ccbdee7ad9b74995b037b94565cb2f4,2014-08-30 10:50:50 +0300
a71e2aeff164e9fcecc99668483fe33f04a2210b,2014-08-29 10:34:30 +0300
f65d762f6272468f9d6ddd1babc78673144bfe18,2014-08-27 07:55:06 +0300
6326965580af0890b7203ee1a6b040868c267f72,2014-08-27 07:54:30 +0300
c4cf22f9eecfeea7e51b1418318ff99ecdce45d9,2014-08-26 08:33:10 +0300
417e65ac3e61bc160092731a01be7e6f3e4a8af6,2014-08-25 11:06:20 -0500
fcbe83a2444506688729f8593ba1d9db354fa839,2014-08-21 09:48:35 +0300
3c4f37432a711e97a7355758485495ab14b48036,2014-08-18 20:33:04 +0300
7d3ba506fcc53de5a06fb72443af6245e11358ce,2014-08-18 20:26:46 +0300
1454f65c71bd011f93ac7db0d4cddd5e863556e9,2014-08-18 16:45:06 +0300
90de78de01b25c2d62bfe7e431e10aa12cb07d15,2014-08-18 14:18:54 +0300
bd22051d26ca2062e7983561f1c137ef4ec03720,2014-08-14 20:50:48 +0300
a2451dcde6344d23912142ddb6e6de1ee6edb49f,2014-08-14 20:30:02 +0300
174a4fb300e201290abffa7364c7fbfa9e3a5c67,2014-08-07 15:03:59 -0500
609bc7b0b104bd6b4f47d97c7ae35a134427af37,2014-08-01 21:39:59 +1200
9eb1f32305ff6d232ae938ea91a9eeed9c9ed584,2014-07-22 16:37:37 -0500
47d809497ba45e555ee9fa7460fe315d8c9412b1,2014-06-23 13:49:46 +0300
5d3fc614cabe83da4bfef392beaa2af3ba2a9035,2014-06-23 13:40:51 +0300
4f04e7fa4944d5fd7fa2ff44224ba8f56cea5c0a,2014-06-23 13:36:48 +0300
0ec7033c5e56e7c0ddc42c418571e1efa8d23b2d,2014-05-22 21:28:44 +0300
ca4285091ac1e2f3575e553316c065b60e13d8f1,2014-05-21 10:03:16 +0300
585b244498839a188eded6340792e74797bd5958,2014-05-21 10:02:46 +0300
34e2f78f3834aecc4b2dbdd831f4ab153b187f9e,2014-05-21 10:02:01 +0300
74ea60068f7e6abb986d01843dbd4b13955a2f60,2014-05-21 09:33:15 +0300
c0141c67e599d408e596ca837e69ce3dd46b62e1,2014-05-20 09:30:17 +0300
ad90cfbfe798fd6d075afc736de78925a5ee4ce9,2014-05-19 08:55:28 +0800
dd9a81388eb87ec2038da4f73d4e92830a6064b5,2014-05-17 19:29:28 +0300
edd6a835608660f84deafb0357f8e9be6a90c454,2014-05-17 19:25:27 +0300
34184620603f023b1b633f35a842978bcebd0a86,2014-05-17 19:24:33 +0300
3dbc92cd2a775e200c0ad12e64b414b795673dc7,2014-05-17 19:18:53 +0300
208066a86a7b856c395d08fa9bca1dc876771936,2014-05-17 19:14:37 +0300
167f247a9758ba4f555a781b4863381054bc675f,2014-05-17 19:06:55 +0300
81847e91d083396022b3307934b0178a93157833,2014-05-17 19:06:24 +0300
1a39391f4c17ac70e469a546678cb760c033d8c2,2014-05-17 19:04:57 +0300
55a4e4b2ff0774b4afef85a290f6d99406473c47,2014-05-17 19:03:54 +0300
78af1b4687705b87d1192a60a3af01b79ab41f71,2014-05-16 18:44:47 -0400
a43a6456ab3bfd2a176d9e1aa11d9a98a075f528,2014-05-16 17:54:44 -0400
ab9bc205e017b9e7d3fda19c1ba9491b373c9d31,2014-05-16 17:53:06 -0400
e1644f5fc246e43b13f16749507e381982066bce,2014-05-16 17:34:04 -0400
5d27974b4515ef844c3aae603adf975b6eaa241d,2014-05-16 17:33:23 -0400
85c0536985cb39bd390837b2681d62f17aed5e14,2014-05-16 17:29:43 -0400
7977a06340d0d4748f132c28c6b3156b78189344,2014-05-16 09:49:41 +1000
bce4f61078d12d79cdc1a08c3ec4512f2032512c,2014-05-14 20:07:55 -0400
a910b9f6536a18795ac5de864bcc6be7bff4c629,2014-05-14 08:03:38 -0400
027a30bd3307e0125512a553710f8636f360a293,2014-05-13 07:28:22 -0400
058f2f9b98bf69fa8d36cd0bb36513582410f28a,2014-05-13 07:25:18 -0400
27fc609215719a61236cb1c8264fca59106c4967,2014-05-04 10:54:44 -0400
761de58685b292860c613bc26f5be464a994a4cb,2014-05-04 10:53:43 -0400
73ede8db9e380663edf2c99b1d4bc1ec43bcdfb0,2014-05-04 10:40:57 -0400
38912dbc0ce05aa9da3141de40ad2dd8429573e3,2014-05-04 10:40:55 -0400
7b2981f90079dd8cd7d7e1eb393242dfb69e65a2,2014-05-04 10:40:52 -0400
d9eac543fd320a0dfa77f3cbced08cba2769e7bb,2014-05-04 10:40:28 -0400
749f5f532c55a042900ab6a104d4b0a0e48474e1,2014-05-04 10:26:59 -0400
5fe40a64039ae1358d948b1098c355a7255326f6,2014-04-17 13:55:48 +0000
05b53c8a52024e0182071309cd9575950ba2c283,2014-04-17 13:55:34 +0000
69eb61802c392dd8f32611842cc1df22afc400cf,2014-04-17 13:55:20 +0000
662d79fabe7676cbbc25a00b2312efc7b6db388b,2014-04-16 06:57:09 +0000
94a99380097f6b50cd77df319278993beda26ed7,2014-04-13 19:51:16 +0000
ef802fcdb10e240f83b708a8e7b260c9459f385b,2014-04-13 19:49:12 +0000
000ca764aa09d18ba7381beb8d692aefc6f0f005,2014-04-13 19:48:58 +0000
a8cf873780e6b43710938172685a2d4cb7c35c57,2014-04-13 19:48:42 +0000
ccf756e26dfef1e011243310899c05c53284e259,2014-04-13 19:48:30 +0000
1bd07c05e566aadf2089f39fc87c726b64d5d67d,2014-04-13 13:28:55 +0000
4f588c886910180a22a87c0a2e92808a8e7cc58f,2014-04-13 13:28:44 +0000
5ff636bb9905e4cf6dfc33093485027d16da7a04,2014-04-13 13:28:32 +0000
38607a98aa1c92fe7f6a2a05fd427a10e0c95bfc,2014-04-13 13:28:20 +0000
0b3a7337cd9645fd1bb2943ace24d94b8eab3f65,2014-04-13 13:28:06 +0000
394fcd04fffef86e4b1062ebd719ef4b1bef7f72,2014-04-13 07:54:38 +0000
764b5b6e424d94bca84b3e35f6bbef5f6a99658b,2014-04-12 12:13:31 +0000
b65ebb51ed047f0b804f0c302dd4e651bc8f6766,2014-04-12 11:17:17 +0000
08b103b5bf03f36e7540cd669d8fa02096f5b317,2014-04-12 10:51:51 +0000
01ab2e13aba6a07f6f6597b53af8025790701678,2014-04-12 08:09:29 +0000
7146eccf903ed90357b3959de2262b204e163058,2014-04-12 08:06:57 +0000
76fae5f15acf753b9a5cbedddc2ffd2cb9d7d338,2014-04-12 08:06:34 +0000
4f69f1250d5157c0d633877d53edb51e0c7e1ef2,2014-04-12 08:06:22 +0000
266485c73a4b2875ac2a60d28e799b93658a6195,2014-04-12 08:06:13 +0000
b559479ebc532971968250a1706c1ceffa466257,2014-04-12 08:05:54 +0000
639bd1bce213beeac120042f5a98c5ff03979a7c,2014-04-07 07:33:09 +0000
dee75c9a4418a8fe552636762380b96a51b39ebd,2014-04-05 15:34:11 +0000
c1b3a327e3fa8385135a786b23fc717764149496,2014-04-05 13:28:52 +0000
37905501a0b1220b44596cbaf03397feb4c61822,2014-04-05 13:27:04 +0000
cf2d30a4a44725ed5bad236d4aa982ec25707202,2014-04-05 13:26:51 +0000
ea68561a1fccaeb0399d05eea534e532421e6e63,2014-04-05 12:53:26 +0000
65cfaa0a0ae95d9789e7777671ab43c0d5ad1d46,2014-04-04 13:42:49 +0000
ff4ca0ee2b6f7e2088757d2da2ff541668e4700d,2014-04-04 13:41:46 +0000
a55a39b5c988754c7f248bb06226354550fa72eb,2014-04-04 13:41:39 +0000
3a5b5a97adfaf6543c35000d0f0ebd5b8db9fda3,2014-04-04 13:41:33 +0000
f41e61883768f9e2a6b21f1f1aabab61177a2493,2014-04-04 13:41:26 +0000
85781e9e3768471ed3c56cacefe38a56d6c41471,2014-04-04 12:04:55 +0000
9ca860db98c5558199a028eb89a8abed4698d9b7,2014-04-04 12:04:41 +0000
467e5eef7ec605ff6c7a2e798b0f21aed14319de,2014-04-04 12:04:30 +0000
b9f23d331c2a97fbd7f16d75f4f5427cdc9ab213,2014-04-04 12:04:11 +0000
6ac16e367247500226469997a76e60a94c4d63c3,2014-04-04 12:03:50 +0000
9e6ac67d61653afb4ce7f62ebac515e619429ba5,2014-04-04 12:03:42 +0000
035e5754dcd43890dc9f5a19e23d4dff93c5ebef,2014-04-04 12:03:32 +0000
93bc0cbbeb2a86a44b646fb46e22c8f8bcf357be,2014-04-04 12:03:21 +0000
767843f60f4460d5c4509ed09d86f2ac1c20e643,2014-04-04 12:03:13 +0000
71f42b89e01d94c6af57467b1fc8983848410ed9,2014-04-04 12:03:01 +0000
637113c71b3044af1d47dcab0936750a78a49d31,2014-04-04 12:02:43 +0000
e28339afac5fcace14ece76ea4556b9ef775984f,2014-04-04 12:02:22 +0000
491e363771b69c3498994c68e0b8ae377c4f6e33,2014-04-03 11:03:51 +0000
297e345dd7b49b8239884daf97a12362dc4bd664,2014-04-03 11:03:33 +0000
ede2e41dbe942ec0ed3a6eebc0060815920ec02e,2014-03-30 15:05:30 +0000
733a2ed32d6f13021a909796c0d37a2c9546d905,2014-03-30 13:25:01 +0000
67e1295d8d8985d4069a36a6fe648e95ad1bc63e,2014-03-30 13:23:34 +0000
c0ed8d91adc71880a1cb510482e2b6c7ebc5eb5e,2014-03-30 13:19:25 +0000
670896961c492663814a1618019e2bf407799840,2014-03-30 13:19:09 +0000
6214723a72349ccb3e6941fa5c63dfb062700c12,2014-03-30 13:18:53 +0000
d9e79497200169988cdb6b8847b88bc6b1e1b3cc,2014-03-30 13:18:44 +0000
db7520dd566eb60d4ed68b2d1b2c2bc980122e73,2014-03-30 13:18:35 +0000
a2372b80872a583ad49a9e758787e3051f711ca8,2014-03-29 16:32:04 +0000
30e2809296b6e610d0101ea97475152f71b724d1,2014-03-29 16:31:45 +0000
92e0f0ec239592b3770d4a6679f0dc96bc114466,2014-03-29 15:45:07 +0000
fa7ba52d3ed918fa78761fca8c5fe622b490d654,2014-03-29 15:44:52 +0000
430944c0142366a08a3e2d55ba7204a115c5b8b2,2014-03-29 11:27:15 +0000
eb3a58300a028e608bb0e063e9c766d360de9cca,2014-03-29 11:26:37 +0000
ebd5ff272368adfe1a35346c1c2847f5827e555d,2014-03-29 10:29:23 +0000
7158ea70a01079eb37d9eed941b47df59d8a00ec,2014-03-29 10:29:04 +0000
7a8725f7a98f86a0e20e89de8fb499ce8e7378f5,2014-03-29 10:28:48 +0000
ef4c7285813a36b5f44c5706b81bedd1f62c5bec,2014-03-28 14:56:46 +0000
fab35f37bbad0baa97d0b0d7b16419eae8de559a,2014-03-28 14:56:32 +0000
7e416500ebcc9ca4c0453a153c9dd9889dc25b81,2014-03-28 14:56:12 +0000
b12bc6a766843384ec94a54ba39e3e0bc0d0bc56,2014-03-28 08:07:26 +0000
c535ccb817919efe891dfa6df3f6ed093ae15902,2014-03-28 08:07:09 +0000
25afee4da7eec5c92182dd500561f2311619e87c,2014-03-28 06:39:44 +0000
7370a7cb8a945f3abdeb0e4aed1bd5aa2a593674,2014-03-27 14:30:50 +0000
f830e8e43b6e8d4c321ed88b0356bb04e667894b,2014-03-27 14:30:30 +0000
a16f755e5427e9d282e7956dcdb8bab0d92d5900,2014-03-27 10:59:44 +0000
00b7f85e71beab6234184df1bf32048a2c04955b,2014-03-23 12:20:12 +0000
6c357c2c2e088cc72bf2422ae2dc71a00ce7d520,2014-03-21 16:09:37 +0000
c53b7cc934f5faeced4f8b1c2d5817582d66ef11,2014-03-21 14:30:28 +0000
df6b7e9835133dc9255f079ddda16503867bd800,2014-03-18 20:11:14 +0000
cf7b427d2eba64a95bb2f77d54008008145a3736,2014-03-18 06:06:25 +0000
92d12fd5d0f949ec04390a1f951bdbf0b3855886,2014-03-17 13:49:32 +0000
85d4ae1c6f2319b3611ec741e9b7299b6bc2300a,2014-03-17 13:49:27 +0000
2cce067e144466e518530105527649fdd50966af,2014-03-17 13:02:53 +0000
2ab0265e46c62e2d7da554d4f2f45e4e7d359903,2014-03-17 11:49:09 +0000
8775033301a1ef343663138aa5dcd75621139e55,2014-03-17 11:48:56 +0000
e9adc2eeace9ab8209e6640072d28b0937428dd5,2014-03-17 11:48:44 +0000
9ce8b2cc30b61a68ed9ac141be939711d8d8fd90,2014-03-17 11:48:32 +0000
a32084a78d268c568a064090f11668e822d629c2,2014-03-17 11:48:19 +0000
097fe3e4f1ea1526f966e27e9acf510129f3de7c,2014-03-17 11:48:05 +0000
81d9e8db5ab8136832a029b559aa77955ecf8485,2014-03-17 10:59:00 +0000
ad7c81ba54bc1565ae77037eebaf618caaa5c6c6,2014-03-17 10:58:40 +0000
a2430f3fe8fd556e27419d79c553dcf64c9c81b7,2014-03-17 07:35:34 +0000
d1572028af5e1748a296e21a926e605ed5567371,2014-03-17 07:35:27 +0000
5bd00085d40e81133c9f0ef0c2d98669ceccc0ee,2014-03-17 07:23:54 +0000
d83ad3b22132184d8ec453547690adc40a489e64,2014-03-17 07:08:30 +0000
4310bd996eac94182b040e76111418f8f6834511,2014-03-17 07:04:28 +0000
9ef496115620976ee0b80ed0573340d64e428030,2014-03-17 06:55:12 +0000
d53b1f5248da62b3f61ad8a15487478e3d27fe01,2014-03-17 05:43:45 +0000
84b94f3d028cc8aa8f666a4c8d361929e1002098,2014-03-16 16:03:07 +0000
d96c75e84b9083d02dca076011068782c9c27414,2014-03-16 15:39:52 +0000
73486c77a6e6297de911ffba9fecaf081e371e3e,2014-03-16 15:02:43 +0000
f7b0f7a6cc7da7a770176d57ee571a76d3bc9091,2014-03-16 14:37:30 +0000
730505b17f2e8f7fda5164c83c50632f6ce7b603,2014-03-16 14:08:59 +0000
3b2e2b3ab6fdafdac50a6b0691f7a594fbad03d2,2014-03-16 14:07:57 +0000
96f2f044ae687813bf3a6e452ac994051da62f07,2014-03-16 08:52:01 +0000
24ce8ee590414133239ab070921a3a0442bda93b,2014-03-16 08:02:06 +0000
b42c2b68848eb328cd199b12673d88e4b5215e9c,2014-03-16 08:01:29 +0000
32e1d1d62a5323f531e1921bd172534167d9769f,2014-03-16 07:58:42 +0000
1309f1a9d61b39076cceb36437893d5bcb5c2e70,2014-03-16 07:10:15 +0000
367057b1fb0e24c02bfec54d5a7d04fbebdd60c6,2014-03-16 07:10:05 +0000
96c591276737ee6f900b007c58149dc9cd874adf,2014-03-15 17:41:34 +0000
0632dd7595a2b7a41f07e29f78d3aad09e82ff0f,2014-03-15 17:41:26 +0000
fd93615df977e990b9c263942014c92c89877023,2014-03-15 16:42:21 +0000
71fb29ff596bb2a9f4f8fce0f93472c5476b04b5,2014-03-15 15:26:05 +0000
76013069b56e700b7d9036780cf1d014a39e17c6,2014-03-15 15:25:59 +0000
17e6ece5fe9cd581852851f4b0702ae9501471d6,2014-03-15 15:25:49 +0000
ad260ae98b75e50081bd5f8bf6298027dee99150,2014-03-15 15:25:34 +0000
1d0138c21402bc2b75b5f027693d50fa66e0c1d7,2014-03-15 13:22:45 +0000
32cff99a5142cb8e30c921a4e75f53e446b885d9,2014-03-15 13:20:55 +0000
acc3655a1d4c95da971dcb5440ec8a84cc98c20d,2014-03-15 13:19:57 +0000
814f65b33c15274b537dbc37da6a007bbb48637a,2014-03-15 13:17:41 +0000
eaf21f8267f60840b44bf4d1d8c690d661c4234b,2014-03-15 12:29:47 +0000
2e2ce85f852ebcc1bb2490fca7149f90e354eb4f,2014-03-15 12:23:08 +0000
73ac63b9592f9b397fb2ddae744348a112080bf6,2014-03-15 12:22:29 +0000
81396d68c4bd66edf795132b541d9659bd72569e,2014-03-15 12:18:22 +0000
4cbeff79c624f57feef6f2ade7ae1914dd9ecc8d,2014-03-15 11:55:45 +0000
c94d4d4c3b11fc9fa35cd9a40b605c7c05382d25,2014-03-14 16:12:09 +0000
d345688f9aa672a667c076519c072ad39c6f9b90,2014-03-14 16:11:04 +0000
3c4c61fde70b23a48fd0b43ef0202a8df28b2b24,2014-03-14 16:10:54 +0000
06a0f32f127dc33f0dbdb8f3866b3453211f6e26,2014-03-14 16:10:43 +0000
07ab7cc0c56ab87c3fabd0bd0f1ad193f393bb98,2014-03-14 15:43:15 +0000
de0b3dd7d95b651913f47b79d4790dd8e19e7511,2014-03-14 15:22:44 +0000
fdb4cf891fc634509c1088e4a46559c78f0f6c65,2014-03-14 14:35:04 +0000
1cc0f6e27f5089c90c42db97a888ac0474bab5c0,2014-03-14 14:34:31 +0000
4a87da9533009eed83266e8781d14ba8f8a7f030,2014-03-14 14:32:07 +0000
dceb6752dc85381d9eee7173434d3cc5585b6d3a,2014-03-14 14:04:04 +0000
776b60ed1fd83ff14b2ad9bfa77a6c2498e43c12,2014-03-14 11:18:43 +0000
175843aa80738677b4df697bcc46a3b14489b3ad,2014-03-14 10:43:24 +0000
990a399d961255a992d9d0cd4374af64bcc3a847,2014-03-14 09:59:57 +0000
8085a8f94a5823195c98ae9f2cdcb294abf6fb2a,2014-03-13 13:58:05 +0000
73061b94742548015565dab7ccb121c0c2b2e44b,2014-03-13 12:26:40 +0000
75017f4f5a46721d9855c1f38902f3c7844cad54,2014-03-13 11:56:04 +0000
d0d5d0911646f5c300545446640892884242821e,2014-03-13 11:45:50 +0000
13d18a94a46aaeb6981940ae9f35c4d7b19de3ff,2014-03-13 11:09:15 +0000
1a7aa380879380b4532c614fdc08fc02bb61da53,2014-03-13 11:04:36 +0000
b6b63a636f9ddee51d4bef6870bd80db398ea24b,2014-03-13 10:10:30 +0000
49e670d6077fa966280c755b0d65e2fd2e3b14c1,2014-03-12 15:15:15 +0000
447ed724fe03552fcae6783608c07862da2a547a,2014-03-12 15:14:17 +0000
5d787b6161891cc6ff43acd2675b6e7d2a0cf36a,2014-03-12 15:13:51 +0000
6a38e0902c8a8321c804958a6e6a8753a31b2cef,2014-03-12 15:13:41 +0000
09805699a86837286fbd6ba30ad4a7184288dc1c,2014-03-12 15:13:35 +0000
404ec1e7f4b8950403229729702ac5b60628fa83,2014-03-12 15:13:29 +0000
272cb249273dcabf53b11a6d847718a8286fe760,2014-03-12 15:13:16 +0000
05b518992b5140716e8c71c0a3c94b6ba920d0f6,2014-03-12 08:11:43 +0000
41f53278554fa8b20e8b4459dba372faccfbbfc1,2014-03-12 07:45:16 +0000
da736ac62c98291bcb4b33daa7ff686a8e225d9f,2014-03-12 07:35:28 +0000
3a45637a9a7dca7e8ce2e4db25bda5bb766e3753,2014-03-12 07:28:43 +0000
45b957b9d69c4716c0f31be49b98de8140ffe917,2014-03-12 07:25:28 +0000
f93e70888dab894142766935e94f3a093c3cc121,2014-03-11 12:11:23 +0000
4680533dd55e89bc332b5acb272de1cf2921ea64,2014-03-11 11:53:27 +0000
36f4b6ca29ab4aa82ee24ac96f1f48834ad8d4e3,2014-03-09 18:13:35 +0000
97f504abee1c66da6856dd02d63b718e46a7d2da,2014-03-01 08:33:14 +0000
535eb607a5f4114cff94da442fc6a18df3942e3c,2014-03-01 08:31:43 +0000
b6125ac5f84b97960c0ccc98f8ba05a40438b939,2014-02-18 19:58:41 +0000
8b69ec5082392ae4ae2eca6e390a8e0d25f948b5,2014-02-15 10:34:58 +0000
72912bf7b45eda6f21df8d56be11742572c31f2a,2014-02-15 10:34:02 +0000
12b8b34ab11de6be74094a08cf338c11c14b7c63,2014-02-15 10:33:24 +0000
b2f5f2b8cf1d5350c77b6b0de0d2517ba7456a40,2014-02-15 10:33:08 +0000
dbbab6045ee94c6b2f77affba71ff810d905f50e,2014-02-15 10:22:41 +0000
cfe74a0b9ce7f985c2ff826d92683c2baa7d6dd6,2014-02-15 10:22:24 +0000
91bc73426199e82dddf8bca7efbd4fb91f575feb,2014-02-15 10:18:36 +0000
8bc21fbe858a4a623bb2adfcc5d0e4a3b4a8b325,2014-02-15 10:17:50 +0000
6c13764747c633729f84b3d543ff595d2cb014fe,2014-02-14 20:27:59 +0000
e1db409460135d50e1162b6b885a0af85843dce7,2014-02-12 11:50:16 +0000
098fc6c001749f67f12cc8fe041e8ed774341bb7,2014-02-08 21:25:16 +0000
c08dfeb3eb7349d65b076dd9f9441473277f1957,2014-02-08 20:36:03 +0000
bb071e35987f177d2d20f4416041cfce85d6185d,2014-02-08 20:03:08 +0000
d09d6dafac57100da11bd5b68362f12951fcb2c9,2014-02-08 17:50:04 +0000
4bac4e4b2c6f3af2bdf824a27d6bc0af7e815e51,2014-02-08 17:50:01 +0000
98591ac2f163a41bb8a5ce46d0418057e1019281,2014-02-08 16:58:37 +0000
8fc79be3a38c2e8ad4d588cd39ebf3e968a2174c,2014-02-08 12:55:28 +0000
eaafdf3a9c1070f46cd0d22044716087ea35c553,2014-02-08 12:55:24 +0000
b6e4f1aaae717ff6b6355ef730149179254ba5ed,2014-02-07 13:18:08 +0000
b7eddca80217bbc0a7f29ddcd08271b8a38f1178,2014-02-02 14:02:23 +0000
7b7dcc2c3561d098e0f2042886e65454c4f287fa,2014-02-02 14:02:21 +0000
d21bac455d4b4deccb1d03e98427b31e41412775,2014-02-02 13:09:32 +0000
f712c4a304518b2617bdb7d8f0241095a94d27b6,2014-02-02 13:02:03 +0000
01a6ca9dd086c7881127aa28e4ff4e92dc3460d0,2014-02-02 12:55:26 +0000
290e10474273f8aea17f48e4e3dd40d60557ced4,2014-02-01 10:07:03 +0000
38ae7baafd72ed21176112e2c0c83488bccab4c5,2014-01-28 18:13:03 +0000
fe7a6940113e9791f83940a87ddd20296b3063c2,2014-01-28 10:44:48 +0000
cde795219dd42c8f7a314ea69e4f6f83d8cab613,2014-01-28 10:44:11 +0000
2de1a231f8a74c0d62fe28b44f25babda7d6edf0,2014-01-26 16:28:23 +0000
0c10a11a090ed2ac2b0c2197823865babbf29616,2014-01-26 16:28:10 +0000
4a84e628c78c34d84dcbd89fc0df5c9f8ecd7090,2014-01-26 16:27:23 +0000
8c074bf45cf0f87196e222d8d0facd4702299737,2014-01-06 12:16:18 +0000
4551a149c82c26fc6eef874e97fc52ea37c5ab60,2014-01-05 16:12:54 +0000
608bc1b46a78379c67db1c4966810a46035f31a4,2014-01-05 16:12:36 +0000
5b37c59f888f66fd027b3933a655916990bef075,2014-01-05 16:02:10 +0000
0d16ebcaf86c9cb4a322bb167e865c9d90f134ef,2014-01-05 15:58:22 +0000
cb9f685e10c2424d19d941cc77589e87c9ba0541,2014-01-05 15:35:14 +0000
8dce99120476f4cfd555fb26bd2e60e6d6e6b366,2014-01-05 15:34:55 +0000
7ddd1f966da6bcb38f1b89dcabaa9bf3dcf85c20,2014-01-05 14:05:38 +0000
e080e1047a4ce55e50aa1a9d54e1bf7c49cf5fe0,2014-01-05 13:50:38 +0000
b8a49a314930607d7c9a54ef903f1d57bad8f2ac,2014-01-05 13:34:11 +0000
58a9f8aef37661a031f0f83c89f015ecdf6faea6,2014-01-05 13:14:16 +0000
b452b6ad5bf8e7eeb96d03983ff172cc4edef093,2014-01-05 13:13:45 +0000
0ad1eef21905c755d84906d391717485c854526c,2013-12-29 15:56:03 +0000
ea5c80d3b6fa31704b1e085b2ca51c338ace18ea,2013-12-29 15:37:25 +0000
483e25854bbdad63b2386549d3c70f9b7ca3ee3c,2013-12-29 15:35:46 +0000
8671a920fb4051fa422589a1420a4983534745d8,2013-12-29 15:25:59 +0000
d5f8c49268543a7874b78a24b425b31674c58300,2013-12-28 12:06:34 +0000
0b124afd9eb5d1d4d146e53c3840d644c5103f9b,2013-12-28 12:06:02 +0000
012104574fea79dc887b37d8186047a4f4b62974,2013-12-28 12:05:51 +0000
f5d1859748b4b508b9d353fddd9cd0e958c100df,2013-12-28 12:05:39 +0000
dc98da8d8b87fecb9727a6d3d172e28c20008d3f,2013-12-28 12:05:26 +0000
c599b4f9d2c68443e3372fadef60e84a367eae6c,2013-12-28 12:04:37 +0000
e98371ede625351a4a40ffdf2adf68b83f5df8ed,2013-12-28 10:32:52 +0000
052ff88c72feec8c0dde9b765743f4014aa529ee,2013-12-28 10:32:35 +0000
13ab1b4f160ce757b87c0a2ff317596b91d50bdd,2013-12-28 10:31:33 +0000
068d004d988b49787fbba8ac73a6a4019706879f,2013-12-20 17:56:35 +0000
35b5db5466326a60df243305476ae0eaf4d7c87f,2013-12-19 23:17:15 +0000
448ddd8131de1ade7d8daf7ba623b53ce52b9e01,2013-12-19 17:18:23 +0000
b17046f31c8bb43b0e2c1acda4fd807804119cd2,2013-12-04 20:07:29 +0000
09b31e5fc6a81e51cb116623e8a6cf0f5a53bade,2013-12-04 20:05:43 +0000
54ee296282689d6eed8a0791673ddeb0523813b3,2013-12-04 20:05:00 +0000
30147f341b091e1b36d5c30e6c573c25fdc9d461,2013-12-04 20:04:47 +0000
620c22d63c2fa276ba83cc3e3d9c46274ae2c088,2013-12-04 20:04:21 +0000
120e24f7f017a68e980ed1f47dbadb1113493744,2013-11-30 16:52:09 +0000
e31bcf9de5e028d61eff25a7035eca71051c6432,2013-11-30 15:40:07 +0000
b49acb97690a6f8dc4ea00e74d5dbe06e1e1f6fa,2013-11-27 18:38:43 +0000
945efbaa3df760cd28ac5bd69048bf5c14dfd151,2013-11-27 18:29:16 +0000
3dc57e7b4588b71dc0ec7817b3d5b2d70f8efa09,2013-11-27 18:29:01 +0000
2fc459b6800284dcae904d0a6780741d15c7c112,2013-11-24 16:05:53 +0000
1b061e3a2d38c4944c37ee752b7f553e4ee70243,2013-11-24 15:24:49 +0000
871dc1460022f6751f44aca4a25d4c2ec2dee0e4,2013-11-24 15:23:54 +0000
cc1b65a33adcb7c0bd32b40d8b6f963e39650783,2013-11-24 15:18:06 +0000
003c3c84eb5aea1545b6a11e521f1de1d7aec355,2013-11-24 15:17:38 +0000
3f5a462509440a367ee956164a6222ab88475565,2013-11-24 15:13:02 +0000
45ae19a37111a56c194374ca16440ff2f3e66ac2,2013-11-24 13:27:36 +0000
1e8dc23da029e62c4aafcc49a11ee25401941924,2013-11-24 13:26:29 +0000
19ae82e2bcebbfba9417126a3d6cbbf245fa74e5,2013-11-24 08:50:28 +0000
e60b090e4391142c2f2fc79a01b4b9f24e0bc76e,2013-11-24 08:50:07 +0000
a86a2b6720edc72b06901f235901758253a2a059,2013-11-24 08:49:48 +0000
c71502720e76f4d1deca27b03f9e8eacf8303483,2013-11-24 08:48:50 +0000
4c292d038c1f79816eca41db9905401ea2f9cc27,2013-11-23 20:15:12 +0000
3bf6b03ef2f5b5214f2c0d6726f442a440d8fb7f,2013-11-23 19:35:58 +0000
b9a18330b963cd7a862f674259f1d2f685a65f55,2013-11-23 18:00:39 +0000
a47e78da8516d5beb7c51f6a64747e35404203b2,2013-11-20 18:36:23 +0000
8a96d7802428356fae62d2763f787a5c97963604,2013-11-20 16:59:28 +0000
bc7dcdccfa18136e33f2c061dcb5040d4b46fe4f,2013-11-18 19:56:53 +0000
9adc771442ed1a658aa818d9da5f8dcd32d9dfe3,2013-11-18 19:50:46 +0000
42dff0a71b29f8c07893c369cd4b26cfe3ed9010,2013-11-18 19:25:02 +0000
9a84ebc529ed2ff068001f29b8121efe23b07c48,2013-11-18 19:24:02 +0000
2ba4825ca923d29143bdce3945f65a85890d6074,2013-11-17 17:16:21 +0000
74cbd7e10d90c1c312c254ee53f51ab95fa9adba,2013-11-17 16:34:28 +0000
fbd9d4468014264303cb0ce406e071204b3a39d7,2013-11-17 12:33:29 +0000
451f576cd6b32e0c9e37cd58032f9727d19cbd07,2013-11-17 12:33:04 +0000
314f68c74b09f175b5e2fb850458d7ffca2018f3,2013-11-17 12:31:26 +0000
ee49ac6227765a1c846ea0792c1a410057b7b82b,2013-11-17 10:23:24 +0000
eecf0dafe8f076ebd52f2c716ea3e0c44b705597,2013-11-17 10:01:14 +0000
14d23b5e999b1d03efd8731067cb75766dc4953a,2013-11-17 09:53:21 +0000
9f4854e4934b4bd21c4aa328217295ce6f5710a7,2013-11-17 09:46:14 +0000
075bd934546bec90138653fde11589ad353c05f2,2013-11-17 09:43:32 +0000
a088bb4b41163ceaabdd3dcb7b91f593961bcf6d,2013-11-17 09:37:54 +0000
144937dddec32bb9d63299b4aab26fc66df5de9b,2013-11-17 09:36:30 +0000
9fc20bfd8cbc03900ef579037c7c2441b5d521ab,2013-11-17 09:36:07 +0000
b24fbaddaa5f6e46f878fb2f2f84d2900cc49a39,2013-11-17 09:05:20 +0000
f943ae823ae3524e7f302ab83e9bf5d4367fbffd,2013-11-17 08:31:56 +0000
af99372bc63732d084446e03199bee7b817d0ffe,2013-11-16 21:43:33 +0000
b407d89a64f496ac493c9d201ea484da478be2bf,2013-11-16 21:33:13 +0000
66026f16ea169d543b434da4c1265cb1e2727913,2013-11-16 21:24:04 +0000
4e4ce7fc4f4818deb5bd05e7a2e94c7f0ddaf356,2013-11-16 21:23:50 +0000
43ceb57af39e80b15acb73b02ef5d8a94a22627a,2013-11-16 21:23:31 +0000
54d42b05c98e6a9185749aeaa09f2b5ef95876fc,2013-11-16 21:23:05 +0000
fb0437ebc45e9acc42224b3b7245babb586e096d,2013-11-16 21:22:50 +0000
e2ddfd5e1e1e97d633a5a690b3cb701e54a80d5d,2013-11-16 21:22:27 +0000
25b983ffa6a46643d7ef6fc4817bdc894c788897,2013-11-16 21:22:13 +0000
8aa49edf207f62fdc825802ddf43d4b867380131,2013-11-16 21:21:48 +0000
7a4dd7d4923fa49c88d6e24ddc6267f9307d193c,2013-11-16 21:21:24 +0000
eb568b805be87738db858d4b22723965e435de1e,2013-11-16 21:21:11 +0000
a5ca4059642ef1eea5487910dd7727975de7dc14,2013-11-16 21:20:52 +0000
c57b5430722a0c849ea1e51cc3c67632fc381e43,2013-11-16 21:19:58 +0000
b404e1800c0b8937812d5a24f4c2330deeebc497,2013-11-16 21:19:29 +0000
a35f9189c09c47eac3d72ae7132f8f26afabfc27,2013-11-16 21:19:08 +0000
313599a8de5730ae2aa0b35523776f312f76fe0e,2013-11-16 21:18:42 +0000
2d0a9f71f4e27616f3afe178c67e0e86ec33cdb0,2013-11-16 21:18:29 +0000
f153f74cac24454d212e6c05cae22fba17038566,2013-11-16 21:18:14 +0000
7a5faaf9d83fb9d59a8420ea267a559a4136ed40,2013-11-16 21:18:00 +0000
228c84b0ebb27bf49b43557341dd52131df25898,2013-11-16 21:17:44 +0000
4d3daed1a7ad94541a26722d21c0689a4355d377,2013-11-16 21:17:22 +0000
ae98b6c41f62c32388b8d28df85839b3b1b34973,2013-11-16 20:56:30 +0000
44ba86d36c173c04d88b18a500d5ed66c373bcfb,2013-11-16 08:48:24 +0000
be70a62c4dba368449e64810dc66ab415fbf3537,2013-11-16 08:47:21 +0000
95218241da04c7ffeaf6207efba04164adb89d5a,2013-11-16 08:28:07 +0000
969cc8dc3cf70905743609945ccddded451d2ffd,2013-11-16 08:27:35 +0000
29a04c9567ff2a36ec5ffe6a393aa7a7158e9222,2013-11-16 08:26:33 +0000
0bae678b9ed322432083504edc5db64d41129f6a,2013-11-16 08:22:41 +0000
39f03411847c546d82287c9e02c05228e05ebfff,2013-11-16 08:15:02 +0000
7b1402533d80d30e47924dfd59a1711a3ee942d7,2013-11-16 08:07:16 +0000
06eba681dcb79504e5eb904d0b973edd6a7d1b07,2013-11-15 21:46:57 +0000
a801aff8f98ee26fd283febb3cc161053b4c5d59,2013-11-15 21:35:38 +0000
b6514a320b804e1212e80349394bd980add29383,2013-11-15 19:26:15 +0000
6ecb3b3eb563f79cfe20441b197d3651a4445dab,2013-11-15 19:19:39 +0000
6e19f856f3c07213cd3d3a70386c0b1901fb391d,2013-11-15 19:17:11 +0000
c89148b8ee2de517c4dc0c03d74695a635b1ca9f,2013-11-15 19:15:21 +0000
e3ada2236f7274c0eaded2e6f4fa0401aa40e7ee,2013-11-15 18:29:59 +0000
d4bace43e6163e02f9f3a2a9f23aae2b8e3dbb57,2013-11-03 21:18:27 +0000
fc5de25f422e7a8a9494a593638073215a752eae,2013-11-03 21:17:38 +0000
be2551db3d5f61920ae1b0e56ce437e1c1c7c36c,2013-11-03 21:12:29 +0000
937fe7ed720f704aed54e00385c0edfebdc8d8d0,2013-11-03 16:49:27 +0000
7b621bb80af9361d6f6024e3e3a05d6b28052e35,2013-11-03 15:31:04 +0000
153031ce4195167c9fcc095637bcb4c1d436558d,2013-11-03 15:13:23 +0000
002a6edf76770701c59d385ab2bbe8b47c2ed42e,2013-11-03 13:45:56 +0000
68f2955a1089105c1e55652338f73eae4c6d41f0,2013-11-03 12:34:15 +0000
dbd5071bc198391ced851755e61a55e81d9eee0a,2013-11-03 12:24:28 +0000
ab35f081d54cdc0569564f7488dbfcd1d47e7591,2013-11-03 08:32:56 +0000
e412be654567ce0ceee056c115e24cee66067a4d,2013-10-14 17:36:24 +0000
22267cae848cd62edae25110be382bcc272f16b0,2013-10-14 16:13:44 +0000
aae545fcd87b367cfc7f62a580dcb422254b95d8,2013-10-10 02:46:39 +0000
e8ccf3b9512c00c23639d3a3c521931899b67057,2013-10-09 17:52:55 +0000
051c5d4d2d4aeae2a3f6122efee69312cf1237fc,2013-10-09 09:17:23 +0000
b7d14a25d9830e665f954e15023bab01a03a3081,2013-10-09 09:14:02 +0000
c79188b5e1c972ffda39a6c3d4c33ae3cb251105,2013-10-08 22:01:31 +0000
d9b8b6f12ba6ca2dd680a538953f8250631c4bcb,2013-10-04 21:54:42 +0000
6b01124e80557e56cf4a6bca3cdea204bc88473b,2013-10-04 21:33:12 +0000
60c025e8fd5212a21a33f10e057105bc539e4e01,2013-09-23 13:37:25 +0000
74e9c14364a78bbee606f172c16d8252194aef0d,2013-09-23 13:37:08 +0000
fc969b0032530adecb6494f44af5d863e7adf6e9,2013-09-16 15:44:02 +0000
12eaf99aba118c340e9e1855fb2e8af9061c0f7c,2013-09-13 17:59:02 +0000
8734fe63af17e39eb52b641f001ca6807482a1be,2013-09-13 17:56:38 +0000
1553da89cdd3801a89bb8a0946cc92dfc86c77c9,2013-09-13 17:51:37 +0000
1996c925dac4cb56fe55459a43f5db2be0e1e58a,2013-08-26 18:09:56 +0000
93778107f71239164816c7a05c0713e6d8407570,2013-08-26 18:02:20 +0000
9b720eb13dc4bf3a0e8a7564d886135d50e846d5,2013-08-26 17:51:11 +0000
abab7ee25282a4e826e925f3471987a1df5a5ca1,2013-08-26 17:44:49 +0000
c240edbd5615714ce929ca545932ffa43ce921e2,2013-08-19 19:24:32 +0000
5d83c8a3de837b79486e5283272174647ad0f876,2013-08-19 19:23:55 +0000
32be14b94644cd60ea42b1c8ece7c052f41b47c7,2013-08-19 19:05:10 +0000
ae0e379f64f93b0f4fefc3d04d99116fb792f2a1,2013-08-07 21:39:22 +0000
45e07e0f2023e87b05eb8476ab36acf159d7a1e7,2013-08-04 19:31:30 +0000
f4948347898177d643b7618fd488873ed517f719,2013-08-04 18:59:03 +0000
eaa6c768cea3acad7ea9f857babb783b2734e371,2013-08-04 18:48:27 +0000
065dccf0d6824c35248ca1a6053a6891ba3269c6,2013-08-04 18:48:01 +0000
a62f5ada766a7af85ca194ac51ccd7b0f1966db7,2013-08-04 18:47:39 +0000
b10191b44829207fbd176f5e37f2dc0614074030,2013-08-04 18:47:16 +0000
902f22ec9263eb26c388da66e210ec10a86b5675,2013-08-04 18:46:50 +0000
949b11076ac9d4b19e98daa3b56fbaff5815da8a,2013-08-04 18:27:08 +0000
11266d6b24b0f368741111f48b9848abc0153182,2013-08-04 18:06:22 +0000
dd189ce9c40259893b28ad8a127a5e3094e076a2,2013-08-04 18:05:29 +0000
6053215e65b1e6fb2584d8451398ec9850077d52,2013-08-04 18:04:14 +0000
2d35e47b9285000b102b45e4748ad04f982b7e8e,2013-08-04 11:56:27 +0000
f336ba9497ef7f8e8b1798094bf645149b43760d,2013-08-04 11:01:09 +0000
65fd9c597da49570d2bee8055925f33f9dd5fbe7,2013-08-04 10:58:38 +0000
b2382721191c8f0bc0ad9e8675998aeefa7bd823,2013-08-04 10:52:34 +0000
630db4b1ac19224f8b5ce7a5511ea413e5c9e6dd,2013-08-04 09:51:54 +0000
0c46257c1abee24936c1a661294f41a78ac08b70,2013-08-04 09:41:00 +0000
c7f34eabe278c6b556d8fdadfa7b53a45a2d07d2,2013-08-04 09:27:28 +0000
9cf67bb830faf0a60c709e28f679b57b56f9969e,2013-08-03 16:24:36 +0000
6d74ece5a7ed7390edf8046616f92c81d59555a6,2013-08-03 16:20:06 +0000
056b4e44a58e4a56cbf4862515d4491d15b54159,2013-08-03 16:19:48 +0000
5b5e1325c016d0425b813c1017e2ccb3f38e0551,2013-08-03 15:50:34 +0000
d834a55585f17db8289e0ab491b456d0689901d0,2013-08-03 15:50:01 +0000
db5cd4a2be8bba594e721f21ff9eb65031eabb04,2013-08-03 15:06:44 +0000
3e41eecfd1990574147e5673c1bef40f8962084f,2013-08-03 14:45:57 +0000
ffe6a9cdc4830d8962239efbf06485c2af708022,2013-08-02 18:15:59 +0000
a34d9f1410ef890c567c64625bb5e7b3c2f7b589,2013-08-02 14:00:03 +0000
b039427f09759f849a75c129ed4b240dfd4668e4,2013-08-02 13:57:00 +0000
79a5bfb4304fef68afb47277ed1ac1e09fcf6687,2013-08-02 13:56:48 +0000
80901268d8d077fb75c1aca6d22e2b32888fd8c4,2013-08-02 13:56:25 +0000
efd15c859c8190c6b0bdcf5b3773e22e1d2580a1,2013-08-02 07:34:11 +0000
03e563f73a813f83a8d1cc3d4bc9177566cc4f4f,2013-08-01 18:36:51 +0000
5381f2e559c8bc834cb48acdf5f78388827c6550,2013-08-01 18:31:48 +0000
e62b27b0fcd20d0910270df41ba94e58e1f20086,2013-08-01 18:31:07 +0000
0c67667c6faeaa8712a6e2010bc9dabe4d209652,2013-08-01 18:23:33 +0000
e2c191dbab511738b5e80e99a4369a1a1d237ab2,2013-08-01 18:21:01 +0000
88375a3a83a8dd27e3780f791d3ba78771a7e0be,2013-08-01 18:20:41 +0000
9dc28268af66703aa67bdf54f1406b1f13a75a5a,2013-08-01 18:00:42 +0000
7e2ffc0833a4b08899e0bba1f6bea35ac7ffb692,2013-08-01 17:59:56 +0000
dc5427a4f398a08db8a6cdc33ab062477f65fe0a,2013-08-01 17:27:22 +0000
3419418569afdf7a81721b985f1da7343baefdec,2013-08-01 15:03:33 +0000
d9d8a66e9bafd24b85ef664185bc510ed4a721a9,2013-08-01 15:03:27 +0000
c8f984eb4faaffac3c003b51b5bb2c156f7b7900,2013-07-29 21:42:17 +0000
5a87500396e68198010c22405263674db2a074c5,2013-07-29 10:06:31 +0000
5dbfea0e4e0c255be6ce87e02d0af178868419fa,2013-07-28 18:28:45 +0000
9e9d532bfca7050d305a7082179806ef894c0004,2013-07-28 17:22:18 +0000
97da6ed676b976310eed1b3d762d3bb09989152c,2013-07-28 17:21:27 +0000
52357c9d5a0decb3212608aedf3fe02af2a0effa,2013-07-28 17:20:12 +0000
c74249d0db29953b4213f7f03aba34aa0a077ac2,2013-07-28 17:14:48 +0000
7b9ea5d25cf7a3a72210db290e4b0db6b89ce2af,2013-07-28 16:43:52 +0000
311b8fda2b2d704cacfbcaa0c14c83669a7264d4,2013-07-28 16:15:48 +0000
769c8843ff024f326909e8196851b8911e23aab8,2013-07-28 16:15:25 +0000
5cdb4d992ba1551fd25fe08ce70174855b425561,2013-07-28 16:15:03 +0000
44d9c660e78f509c66021706e20c8b41215cfaba,2013-07-28 15:34:11 +0000
abbdca76dfadb7aa01d4ba7e43ccad22ff6f828f,2013-07-28 15:26:48 +0000
4b5c1487ee9cb0eecf835dd2186f7b75f74e895c,2013-07-24 13:59:31 +0000
bc8822b351a3d92e4dad4a3d12bf41a13934b7eb,2013-07-23 19:37:29 +0000
06c17c63776b4afaaf229e0924f165853afd24cc,2013-07-23 19:37:11 +0000
3225162b9daaba3d7cc35ace6cb6bceafcdb142e,2013-07-23 19:22:40 +0000
420fc7d2059e06da3b187c2b94f4aca3305ff315,2013-07-23 19:14:42 +0000
3f3e6c5cc2986bff05e2976f67ef14b375a6d1ea,2013-07-23 19:14:18 +0000
1217ceaea6368aac9de43d097bfa53e7fe96dc33,2013-07-23 19:13:49 +0000
9f1ac3840f8b82fccd725e420c65a22743a5fd41,2013-07-23 19:13:27 +0000
76c4cca745cc4ed9ff3f2b268164389dacf0d5df,2013-07-23 18:25:42 +0000
10b5a4873389f479cfcc001b91dd8f6ce7475819,2013-07-22 20:13:20 +0000
31906ab87432d3452a28ade96bae6b45bfb2cd8c,2013-07-21 17:08:28 +0000
b8773546789e9f44e42616c15cd419cd877c3c74,2013-07-21 17:07:13 +0000
8697f04832271e3da702d1d0c2c04e8028ccfd87,2013-07-21 16:58:09 +0000
72d9093b56c9cf307eda55920118798a23d9ba00,2013-07-21 16:54:10 +0000
64666f87677691be4278c85e14812f8ed3f02d19,2013-07-21 16:31:42 +0000
326003bc44f4e8a6481d0d66576cc62ef850a451,2013-07-21 16:05:38 +0000
d99031cec19a7572728f57f220634e0321d99b24,2013-07-21 15:45:23 +0000
9a700bec76443cb62636831a1d5d9b648cda63f9,2013-07-21 15:42:20 +0000
96546f1d49b0abdc07a6e2d53b269e80484394db,2013-07-21 15:36:15 +0000
d138bb9b52dd532a9c849513101c6891841c2d2d,2013-07-21 15:26:03 +0000
7f2c8194bf10175cf7408401bb15cd26eb8554b0,2013-07-21 07:21:08 +0000
05d5f844cf3a41e62dc805a60a4caeda36627af0,2013-07-20 09:50:16 +0000
f8ad4121533221ad72a1da8115c27322078e1591,2013-07-20 09:49:55 +0000
965674b83c197a34351ad9dd8c85e0b19cf67be6,2013-07-20 09:49:41 +0000
453f27404cffd1532a124f0644d2574bdffdb10f,2013-07-20 09:49:20 +0000
9df3614b3931dd442ef26dff854fc673a16833bd,2013-07-20 08:19:30 +0000
ddccbd3758bdafc91dc8541c5e4dfb00c641f2bb,2013-07-20 08:18:02 +0000
46f7f6af7cde47849d1e0f53a9231a2bc90a6a1b,2013-07-18 13:44:18 +0000
c44734b31a6bbadcb4ec9568632b593686b58e9d,2013-07-18 13:43:15 +0000
7cf012015c5ff1def98f0b11a5ac13325c18f284,2013-07-18 13:41:36 +0000
63d50b8f7299b255f0758f8e757d8a60cf50f9f0,2013-07-17 19:32:11 +0000
9f661f82c48bfa232882889e819ac9acd537ab40,2013-07-17 18:22:01 +0000
50040d1c36cc0903389969a3a7ffa23b533f4721,2013-07-17 18:21:25 +0000
bf44a24e9677591968bc6afe996fbd9c0870a626,2013-07-13 16:47:23 +0000
f76e1a8486e52e82e47abff6ba8a30247bb3d2be,2013-07-13 16:12:58 +0000
b8294b3d79a1266260d09010802f7a91a11b850f,2013-07-13 09:24:16 +0000
5d0fcbba1fe936d52fe9d0f462c88fdbac4dd299,2013-07-10 16:12:57 +0000
78c34ee211383480ddd33f1f8af5db4fe23109a5,2013-07-10 15:39:43 +0000
659e7d7c6f68d84389fa4ed0101a8ac3f3c9a9b7,2013-07-10 15:39:30 +0000
3f6e0980754dcf4d02dc224fda194ab00012bc8d,2013-07-10 15:39:14 +0000
1b8b29352a2bd8e00e13db39f1d376a63863a032,2013-07-10 15:38:58 +0000
897e72255875ae2defca3431d1c717c0c3d1f83d,2013-07-09 20:14:37 +0000
6cc54bd141a2fcc9022aec307dfec978bed5a95f,2013-07-09 20:11:30 +0000
4e5ffe70d09dfe953abe90cf4de2795f8432aec8,2013-07-08 11:12:19 +0000
b3f8b3bef6b8e38416c52f38d758db555d05b41a,2013-07-08 11:12:05 +0000
4c6a6f90159436f4d9cc067cf401e52f9f470004,2013-07-07 17:58:46 +0000
b4c1d54b7af3e9e797175e4d0a8f19487c70d9be,2013-07-07 17:50:07 +0000
8e135e3f1004abdd5fc263d1cee6eed192e3291d,2013-07-07 17:49:39 +0000
1d9a243872c387b37bb317d549d3a7b9a60ecead,2013-07-07 16:13:51 +0000
4e1c2a489a86f94813f2fb0ac6c98ab5881aae23,2013-07-07 16:13:27 +0000
2a9f65cec98d0e4ad132b137a3acea23b4b73b11,2013-07-07 09:46:31 +0000
c56f67721fed2f092ad04321e2a5d1721b3d5e7d,2013-07-06 14:37:21 +0000
16aeeef006e87379caae667c816918ced0db3872,2013-07-06 14:21:20 +0000
38de4bbe750a0a5255df173e2c995b6346b19af6,2013-07-06 14:11:29 +0000
4efaa74e2fd50da817c223e4d32dbeba9ec742c5,2013-07-06 14:06:21 +0000
8264013f2372b840eb14e159389fd2814d37d3c5,2013-07-06 14:04:40 +0000
e89f274e1223ca820ec7ed37fa53cdd25f972c99,2013-07-06 13:30:21 +0000
5b5749816f70f1c0cf76106c1fe149191b3d9b61,2013-07-06 13:23:04 +0000
cf3c8c63df25633bb385e3087126206a7735ecf5,2013-07-06 13:21:28 +0000
e05853e83d2b09eb73c8a862093554ea633b9c93,2013-07-06 11:32:45 +0000
7d0a97f8361919ef6115c6375c909bf70b1f9d12,2013-07-06 07:38:58 +0000
f0c2712441384a2c388a60405825ea536521bde3,2013-07-06 06:48:50 +0000
cf0f0626f14d3846f252daa0b49ac4141499e424,2013-07-04 00:01:59 +0000
bc4ba19396765347e40fda7bb5a5a1defbca0f10,2013-07-03 05:19:59 +0000
ae891ed8e27634950f356b8086d20b704e88b91d,2013-07-03 05:05:53 +0000
d8fb07539866b4f1120c4127be6e114e1c02261c,2013-07-02 16:29:10 +0000
857749735c731962150b3365ec3c4b882028f83e,2013-07-02 16:28:48 +0000
8dd2e0dbdb09019319c4e7f608b7733a1cda2428,2013-06-30 13:56:47 +0000
0d3c2423e56620d89bd06d3c13c0d784ac5eedb6,2013-06-30 13:42:43 +0000
71df632691989113bc4ee3907fa35deffe6c3de9,2013-06-28 01:37:42 +0000
00026d6aab68205ad7aa08fd760fca4d5f1fb57f,2013-06-28 01:37:30 +0000
65be9cb271776572a1c6e358c56f6a1daece3768,2013-06-28 01:24:02 +0000
55ea63ff73adbc494e564f760d85195b8d5cc7ed,2013-06-27 23:20:27 +0000
c10776a3c9ef767eaa7b3cfe2f7871a2877376fa,2013-06-27 23:20:16 +0000
b9b2450a60c3cde8b2dad996e08f7e8fece77ad3,2013-06-22 19:49:45 +0000
a00334921813098ab7ee4305f2a1bda7e486aaa8,2013-06-22 19:46:16 +0000
a54532bde61b2a0aec51632657a2f5990de8a9ae,2013-06-22 19:37:08 +0000
ad6dec1fd4c89c2833e0695a7f5acd448ae64178,2013-06-22 19:36:53 +0000
79f977a9b78d9d89d581b67279b37ff7a174f646,2013-06-22 19:05:17 +0000
8355ad596a1bf6413f2506c9cf7a04ee939205ce,2013-06-22 19:05:05 +0000
fd8cd5ca3d47d8e6d17ea4337a1729d4f45f5d94,2013-06-22 17:23:55 +0000
26da00ac2974c8a713ca5c9107ff9fcc5ec011f2,2013-06-22 17:23:45 +0000
e57e2d350828082618fe3244be3d3051f40a904a,2013-06-22 14:40:00 +0000
93fb899f49c0a85a088e3813150d6a38d8be5847,2013-06-19 22:49:15 +0000
f9c29a47f4084ba2ba9301eccc6f8119504a1cb8,2013-06-19 22:29:37 +0000
cd0a0a82c3c93d65172f16d8d0753125c6000b88,2013-06-16 18:17:29 +0000
ec862c6e07646107ccc0d4f39c90b7c72d058206,2013-06-16 18:09:12 +0000
29fb535a54c01df07c7611689f4ef1875ebf3882,2013-06-16 18:09:05 +0000
fed7e37a503a1af31933928410e13ec59db7868c,2013-06-15 22:34:29 +0000
c859ce194f3e0f136d9cdb200b5763b0c0f9c99c,2013-06-15 22:34:23 +0000
e2a9c978a9aaf81370f8c791c0becfd827955288,2013-06-15 21:09:30 +0000
76bd18197738a9ed230feb6e909297e21b6b1376,2013-06-12 20:13:42 +0000
34175d0ce60a25055b430f15f7c26b65304cdc81,2013-06-12 19:04:40 +0000
4dc5d39cb454df03220130a900d380c918d8d46e,2013-06-12 19:04:23 +0000
7aa93dcaffc7171c4af751bfcadb6efd77a87a3f,2013-06-12 19:04:01 +0000
2b9318c5e2a700d27498f810329a0e7f28e31b62,2013-06-12 18:38:15 +0000
46555f2421c72f375fd6e721c5d9ff024e6b3801,2013-06-05 20:07:51 +0000
ac4825f16b0f969a406d55ffad8ff99827d72be8,2013-06-04 21:25:21 +0000
cc581be121870184a0b177ae1b8eebb16c6de8fc,2013-06-04 21:24:00 +0000
8a4175ba0b7a67a53c27da31e44376896e815b1f,2013-06-04 19:47:57 +0000
d6880ded61ba90579c04aecc2d09d0157b5662a5,2013-06-04 19:17:06 +0000
5e3e89dcae6fe3010f0ae02538522c471dc8b2dd,2013-05-26 20:33:43 +0000
0bf8309a004c0dfb7d4b85b2cedd35ce4bf97305,2013-05-26 20:33:21 +0000
6e260204dfbcdf5eba09dcdfbff25fe7fa9ff4ca,2013-05-26 20:33:05 +0000
931e60b29c0535fc076fcdb3b7b7be0836e027cf,2013-05-26 20:32:27 +0000
1c3edbe75745ef887217fe4a1c86426b70971788,2013-05-26 20:32:09 +0000
3b8bcd86bf89c88a757ff2ef74e18f9aa7e4d442,2013-05-25 16:34:59 +0000
d397c1158f4ce12dd2551826574bd3e9836fc27e,2013-05-25 10:56:38 +0000
ada6b77a8134ea6bdd49d4f97c66e28b00e43abc,2013-05-24 19:34:07 +0000
61fd9c460a94e85299805b45a9d2631184183ac2,2013-05-24 19:33:50 +0000
b29111a662d760af1ef9c832ca3bc917e150b9d5,2013-05-24 19:26:50 +0000
bb71975f11c228428fc2330d408d3813ace8911a,2013-05-24 18:32:08 +0000
b4dbf76209451aea905a9485433267cfdbb80248,2013-05-24 18:31:54 +0000
3dc7787a7a4efa9133e602722972f76697468fb4,2013-05-24 18:31:38 +0000
9751283098154fcd9052a902f14ec5f704affaa9,2013-05-24 18:31:09 +0000
ca43e458fd1c2e9132d3ff2eb9a8ca79a5fc6839,2013-05-24 18:30:26 +0000
04f5ebf8c42e1fff1d85bbfde21ec43d45106f2e,2013-05-24 17:41:56 +0000
d8dbf75f1d24b9036b5a1bed5341a6a6b52b4f46,2013-05-24 17:31:14 +0000
741bf14bbc73aa21b0dc450c427aa4080b274794,2013-05-24 15:35:02 +0000
2f36f3e22ba4a409db2338ee4b12663565b16119,2013-05-24 15:34:18 +0000
86f1024a3af80fc975a6cf0116e66ecbe4a7a8ca,2013-05-24 10:51:06 +0000
2e3d193ea0a3a7ec1963f296940521ee0e8b1155,2013-05-24 10:50:53 +0000
ca133166c9fcfc91f788c377c91f0d5a2bb525b9,2013-05-24 06:33:20 +0000
fb089762f8462420eb2ac1373897a6f3aa32e81f,2013-05-24 06:30:21 +0000
7902d1bf5b19e6fbb9a4b077de117cd38e48ec9a,2013-05-24 06:15:25 +0000
97a8656c446b12a9aebc6b4ab0d768d0b4777fa8,2013-05-18 14:04:18 +0000
b5b01579c85a78ba3e5fdee6714cb24367ee9341,2013-05-18 13:32:34 +0000
4de6043a3a53ac42fd928984a44e25bc62d25942,2013-05-18 13:29:47 +0000
c2cef0534e5465d9c4d630b82b91ebea90f100bb,2013-05-18 13:23:02 +0000
2186103cd7c3c4d7fdd7b054b61c188321065df5,2013-05-18 13:22:48 +0000
b2644aaf6d44e3776e7b0b3fac29cfa256dd97fb,2013-05-18 13:22:30 +0000
aad2a081274ed9352ee88b27734c964e01d51bb1,2013-05-18 13:22:09 +0000
234aaed60cafaea87daac4830a65ad71b5fe799e,2013-05-16 17:57:15 +0000
be74aaa8df4ba70fcecfd0bbe48624b9e5301176,2013-05-16 17:52:24 +0000
cbb20e52316c050c4376aa01fee74a5448d336b7,2013-05-16 17:51:35 +0000
ab8a974cdf1d7d58324d5a18d32778c1bf276bb0,2013-05-07 14:39:56 +0000
12eba14f9bd7ed9125931e79a6f514df6dabc01f,2013-05-07 14:39:50 +0000
0764e630bf61d6ee6e83d46ea57fb9c54e719f3a,2013-05-06 16:20:21 +0000
d1304d266c7333236e9dcca52064a321f472dd4a,2013-05-06 16:19:27 +0000
e32dd4a3ed8d246265d4f2969a515b2ef233ba01,2013-04-29 10:19:35 +0000
9416e36a44285359483fcbb03af44cd2729a9272,2013-04-16 13:41:44 +0000
0e1c82a10118529ef6f3863779d70072d5bdf8f8,2013-04-16 13:40:59 +0000
982e853cd11b342bf4604c72419298b185515f31,2013-04-11 18:52:12 +0000
5dfeae57ca4970e0a7b9e477f63c3721a5bacbec,2013-04-11 18:51:46 +0000
15c572ef1a91f7d118c411d9a209c5e09f199ddc,2013-04-07 22:41:13 +0000
786a36782a5bfe616ec8c28f17f6002f6970c86f,2013-03-31 15:27:09 +0000
b3a4d1fe796c67cbaad04e759242754d999269b4,2013-03-23 07:46:56 +0000
dc2129afc52ad40ce1ba15adbaa64258dba1e86f,2013-03-23 07:45:53 +0000
33ed8d661c980d8e181dece9861289f7c8a84b6c,2013-03-18 19:33:57 +0000
e50201389d2258a13e9589aabf2b8f1c99271e0f,2013-03-18 19:33:10 +0000
c133f1ae5c26fa1c1c326694413288fdbc43d47e,2013-03-18 19:32:21 +0000
7a48d9dbb3b5ee7c1e015cdd7240fc7d5714ce2d,2013-03-18 19:30:55 +0000
e498be76247e5a6b60573cb05391765252ebabc2,2013-03-15 18:29:58 +0000
3b32631ae31bc67a79f3aa2a10f630d248fcc786,2013-03-15 18:29:39 +0000
143391f09e4b1b0adc59c05022f81844c7cca914,2013-03-15 18:29:23 +0000
0d287e99c6e8b46ff06aa24b3fa0a1daaa70d86a,2013-03-15 18:29:05 +0000
7acb40fa629e0e839abc67212e5924105564d38c,2013-03-15 18:28:40 +0000
34fff0dba4a6355a94250875b3ec023d61fdcf19,2013-03-11 18:31:27 +0000
6236fac1713e1920691070c0eac548e3ef3ddd86,2013-03-07 17:02:28 +0000
fdb2abc82a3e49d8d01cb7b08aebb620d4b7af26,2013-02-24 17:15:20 +0000
dc87feac22616f98882856c619f703ed1b6e085c,2013-02-24 13:05:33 +0000
60089a7cbc1c331ffe81b2e66e4870117f180dae,2013-02-24 13:05:14 +0000
464657f85f6cade8e10202310b52966ba76afde0,2013-02-24 13:03:25 +0000
00da3570190f37a53ab56e491563d3a52942eddb,2013-02-24 13:01:16 +0000
05e07cf9db7c4d96a7c34316e86a005eea901bc9,2013-02-24 12:33:51 +0000
947ed3b8794b4893afbc7d7b9016b586b07e1be6,2013-02-24 11:53:37 +0000
9c647ae1c04f973d5ec1edf75b70b7058488584e,2013-02-22 19:00:43 +0000
20c43bf14a4e316997bd58fcc8c4b5bad1d4c229,2013-02-21 11:52:03 +0000
4ada54acfc94688bf6726d82004c746acb33b399,2013-02-21 07:02:44 +0000
674247d5b2f1af15b0dc6c4a45409c1dedf21060,2013-02-21 07:02:27 +0000
c5bed35ee0985190b17164283916441bae6fd044,2013-02-19 17:17:45 +0000
fe47dc672fc6a651cba8ff2f830c151c2d3db2af,2013-02-19 16:58:18 +0000
875b931ff1aa3f25fe646807ead8dbeeeb112368,2013-02-19 16:43:43 +0000
15d5f5b3ae810a6e7bf1e85a54c0ec5419b4d765,2013-02-19 13:22:30 +0000
78e209fea1ba4c49c3914b164dfd2e9119380dc5,2013-02-19 13:19:02 +0000
295f3798fcd602f4515bb78c21368aaf5627fbbf,2013-02-19 13:18:08 +0000
fa553a263293716ddac87cb577c1e0344eb98bd5,2013-02-15 15:55:35 +0000
e5576f70f751039c9dacb90a8c99550b673bcdba,2013-02-15 15:54:49 +0000
aaca0333e5d9ee39e47fd8f2cb7b5d35aeb1cd0a,2013-02-14 16:20:07 +0000
c134327a520fd1e6f4097ca0e01615a59c9f499f,2013-02-14 16:19:07 +0000
bd37fd29a9c59dcaadff3ff2bbac4d8f9c4a6f45,2013-02-10 00:21:00 +0000
8eeccf0beb75bbfd2a9eaa20f9f29dbd9b74f7bb,2013-02-07 20:20:48 +0000
0f37f9ee73e20e659ca612d59457f10da7cc48dd,2013-02-01 13:14:12 +0000
9ca25c7043939ab2ac1996339deee91c7f195f6e,2013-01-12 14:27:17 +0000
bd0c3bc2bf34d32eac5971f6daaaea34e437c161,2013-01-12 14:26:38 +0000
a31901dc2835e6200ede811044c6c6102a2be0cb,2013-01-10 19:58:59 +0000
407ae795944b82fba818d5e88372e9aaa8446b9a,2013-01-10 19:58:08 +0000
318b033faf054371657a77bb7b25740f35b327e2,2013-01-10 19:55:01 +0000
a9a64eb14ab2ac8b015db50a101bfb3f7e4fe94d,2013-01-10 19:02:26 +0000
461da0250cb8ab42da9b8291d3b008a18bc1b5dc,2013-01-10 12:30:14 +0000
51a4b2a0d742e8a0e8f89fe56ffcef1ab30ea7ed,2013-01-07 20:18:31 +0000
7ddb82bccaaede3f6be7aefcd440f51ca382f9c9,2013-01-07 20:16:35 +0000
ce8cedf7bd3e4fed0f90e1ee4920e335114f2090,2013-01-07 19:00:47 +0000
22347360d6adbe434aac28cbb31c6b41c8fb8ad1,2013-01-07 18:44:56 +0000
1448928e10dbfb9fe899778c7c93a63cf7b15e22,2013-01-04 17:05:21 +0000
3f7ded8b99efc58421aa2eed68ebbdb70473e954,2012-12-26 20:52:44 +0000
00a46bd76478406bf2377916ab744ae559b11f1c,2012-12-26 18:55:53 +0000
4e7fc5bb87094dae4ef2bb89753493b4d3d672f1,2012-12-26 15:13:31 +0000
6528cf7291e077f7fbc07f2fe66e729f250adc36,2012-12-26 15:13:10 +0000
7f2266eee2cfb1ff19dcbae1d1c65219f6ebd13b,2012-12-26 15:00:25 +0000
bcab2eb85cb42aa21905f3cd0268c6d9c04ba152,2012-12-26 15:00:02 +0000
5988226093d1ba78d5aed6edf5fa6ac96f8f90a2,2012-12-26 14:59:16 +0000
d3c2a0dd794bcd51157765bb2f38bc52dc4da038,2012-12-26 14:15:33 +0000
77781078a76f594d15618df8a13f4dd26421bf48,2012-12-26 14:14:52 +0000
9d5968c79cd08ee20a5b26779d81d5e557d88aad,2012-12-26 13:31:44 +0000
4ca71a625be9e5216fa8842bfcdfa4e86414c4c7,2012-12-24 14:44:00 +0000
df6658ea065042701f320653d9e20aa84a39d12f,2012-12-23 05:25:51 +0000
8f45fc36d462dc844dc905177c3f6a8ab765527a,2012-12-23 05:25:39 +0000
e5430931dd9f9a575e7b2a87623c6a0f82154b87,2012-12-23 05:25:33 +0000
1afb4c4f2c404721ade5a280f06429ffea457f61,2012-12-23 05:25:20 +0000
bf0a0ff15831096436f1f7b0414d74e243d66fc0,2012-12-20 08:06:37 +0000
32b8d8a12a5a5fbe16ff36e43fb63b0260457796,2012-12-20 08:06:26 +0000
ce0f01c5275f103d186a5f43cf35ccd19900a0cc,2012-12-18 17:19:55 +0000
827118f6e6f1bb6b314f7d53b375010828f2c5b7,2012-12-18 17:19:45 +0000
a4c69a62d67574120ec6e8a66769f37309bf6d4c,2012-12-18 06:41:35 +0000
b6b3797eacdb2be8459fde7359bca8f132281f4d,2012-12-18 06:40:29 +0000
148260a6fccc8841bab312354f1e1231ff79d102,2012-12-15 19:29:57 +0000
5ac5322ec04e3fab564cb08d0bb85cb449bb6782,2012-12-15 13:10:05 +0000
ceef33669ffd21074088824b7a2bf819de2e9ed3,2012-12-15 04:52:07 +0000
95cd479c19a3020ca4d08a74838e97a987594bf6,2012-12-15 04:50:00 +0000
3929032a1372c34649b301db6341a7f3c3c5812f,2012-12-12 22:10:29 +0000
62e0684f9b8d721ee2a6562090eb0f2dc06e9717,2012-12-11 18:23:55 +0000
79ecb1722192c2c8f7af680e72e81c461b268110,2012-12-11 18:23:27 +0000
7a1411951e32cdf5c285b2b133a4997850c05c48,2012-12-11 18:22:35 +0000
11235da65ba63639afc98e6bb5c8d5af55ce256d,2012-12-11 17:23:37 +0000
c473ee8f8144366e1e3be0610f6da8198191fbd8,2012-12-11 17:22:41 +0000
3723b39cf8387131a6b5eb5b27258886a229bf20,2012-12-11 17:20:58 +0000
2ec2d09946de8f908ef7609246ea2aef000eec45,2012-12-06 16:21:40 +0000
c3ac52f5ac3d3b814142c13e30a57a2718fa5eb0,2012-12-06 15:43:02 +0000
aceb8457e25c0cf6b64cf5e1c2362e1f57af79ba,2012-12-06 14:32:28 +0000
98d2e3b0e5c878920b2975fe39ccc8feeaf711f6,2012-12-06 12:05:52 +0000
dab68aec47726d5f55771f93a1420ef3f79cfe44,2012-12-06 12:01:03 +0000
1a78d24b99ec261e22c0e9ac6e734e303faa46c1,2012-12-05 17:08:39 +0000
c128cd4ac75efc7e0160fda9b07bc8392cf024c5,2012-12-04 17:56:38 +0000
91a7bb4a6dbd0e5885e83636281a1ab97d07bb62,2012-12-04 17:51:57 +0000
c9eab8fc43be881ad2429b216e07b2e42189e921,2012-12-04 17:51:37 +0000
0dc8da3f5ae6bee001203ef757738444b634ab1e,2012-12-04 17:33:44 +0000
fe23390fad88d8beb284dce78183a6104425e8eb,2012-12-04 17:33:26 +0000
a5927f82f6aee79072f7fca379a6a95679ad41cd,2012-12-04 17:33:05 +0000
cf951e59ab1546a32196bc18e3af81e6041f76bf,2012-11-22 11:14:34 +0000
8693bead71768e8a481e5e61f58b45c32bca20ec,2012-11-22 11:09:57 +0000
35666aec5102f3735c72c9e6c1622ce10eaf894f,2012-11-22 11:09:43 +0000
a68ddb2e11c2e1cc1a9d2b218df58907e3d8f532,2012-11-22 11:09:26 +0000
be8dc6dda412176b917b0f6a9a7efe0339e80b04,2012-11-22 10:28:28 +0000
ef7bdf535a8ab4e65ce43faf380426cd75fd5748,2012-11-16 08:13:46 +0000
93c4fd05b0b33863ee60f715f661c3528e93bc30,2012-11-15 20:13:59 +0000
c23595e90819203219a990c329004fe2f1256ac3,2012-11-15 20:11:33 +0000
21d9f0c09b2616c7339be2fbe1854083e1fa82c1,2012-11-15 19:54:55 +0000
95749b0cc126bcf7e226aa83cd79f39ec34872d0,2012-11-15 19:48:02 +0000
9d03522e78498e0d7888a1343b3832b510519631,2012-11-15 19:43:49 +0000
d7348906dff5cf5538f1207489b00fe2b5b23ef7,2012-11-15 19:42:54 +0000
157eb86c88b34c5d836b2ac605195ee886373b3c,2012-11-15 19:42:15 +0000
308d8d272279423195f8c8a9e790d4fb69615337,2012-11-15 19:40:07 +0000
71634acdc519f46179ff7547020ed334f3d251ec,2012-11-15 19:37:53 +0000
58be1fb4a3b8a1ef7e41d27ae9004eb3b4221d0a,2012-11-15 19:37:17 +0000
15fa132e6e3d6e3c3b994114d35e608367751ec4,2012-11-15 18:26:37 +0000
f31d6466cac68a120992877321c2a90f50be4e79,2012-11-13 19:50:35 +0000
2583eafaa9718a40467b46d06250e5bba8b407de,2012-11-11 14:32:02 +0000
e5a72ef04affbd99eac0dcf3c728c903bdfba8d4,2012-11-11 14:31:29 +0000
355165135250c7737e62a9fe53cb20b6fbf5c78a,2012-11-11 14:30:04 +0000
b6c9abec9a0fc19cfb2c74bfd10d00fdd9de5704,2012-11-11 13:21:40 +0000
c3985703b4cf42653bece322280208530ce9c5ad,2012-11-11 12:37:55 +0000
90d2ffb55734de7a2b2d5f8fb31b5c96eb7f8a39,2012-11-11 11:59:55 +0000
b2ad0be661d669f34b4e130f5dff95864b4eda5d,2012-11-11 11:55:08 +0000
fa7ee7bddaec9b10397e700092aec91b1713b009,2012-11-11 11:54:33 +0000
11dc22c3a3f80524e24ef22976b1a9010bfc7dc6,2012-11-11 09:13:25 +0000
73a225f4ab69767851aa041042130e41d6588a25,2012-11-11 08:46:38 +0000
b1c63f675308d234cad86a878618d1c539297072,2012-11-10 21:29:42 +0000
cd74650fe14b637814db3660d0c3df510c423734,2012-11-10 21:25:12 +0000
d875bd388e7589a07c3be0a6b56733ed8c4e31a3,2012-11-10 21:08:43 +0000
4e887c91a5e6a84fe2bb30119dff96ec1133b790,2012-11-10 21:08:26 +0000
33761413a98ee14329275816a7b120000cf40b31,2012-11-10 21:06:36 +0000
c805801e2b91e499bae473b071d38c2fc5ba8b4b,2012-11-10 16:41:39 +0000
df47c7c6090cd28b7ba518ef36233acb680192ab,2012-11-10 11:46:34 +0000
4af332cfa0ef6b3da5cfcc5f42501e70d13f89c7,2012-11-10 11:45:24 +0000
dbf5632c81b638010c705a5eefd72665e1190bb8,2012-11-10 11:40:44 +0000
2f75b7660766a2767bc6a60fb495fbec5296b5c2,2012-11-10 11:40:08 +0000
63690c908b706a91f2e35f1ec3d358e52b6b58e3,2012-11-09 22:59:38 +0000
fc082fffb8f170b333cd5ec1509e1fc3523f430e,2012-11-09 22:03:57 +0000
6b672d7cbdd1687c51bd051c48167628f7f800de,2012-11-09 21:31:31 +0000
24391570d8d8c40db3ac54cfd13dd4c1aae1c486,2012-11-09 21:14:52 +0000
498611b9db244e6f38d422afe77011fb4af90eaa,2012-11-09 21:13:37 +0000
29dbe3777f25c7710be00e734e57e80dd2c18c76,2012-11-09 21:10:41 +0000
e1f6540e02e36e5731e2498f0143a5f45c32e25d,2012-11-09 21:06:34 +0000
449e0cc43d06992ce9bd4abd15b338beccb59c4c,2012-11-09 21:03:49 +0000
812e4ba9fe56acd0c2d759be0eaa29258948b83d,2012-11-09 20:05:42 +0000
b5d8743810920cd7d2849de634223ece72ab6bb4,2012-11-09 20:03:09 +0000
1dba4800dda61470532f327f73e5f0edc772c3cd,2012-11-09 19:52:20 +0000
dae5406c8174b59eeeb983091c56974641ca2357,2012-11-09 19:51:27 +0000
3bba61e1bdae3d4ea2f0c14fad49118c1f0653e8,2012-11-09 18:59:36 +0000
4091bd6dbb2c499045516d906b7d1440d62c629d,2012-11-09 16:02:39 +0000
88b48a64dcd26b4bf87e03b46e4afe37e101c574,2012-11-09 15:33:51 +0000
82f8ace417a3a7d78d0c84becca1cb32fb8db34f,2012-11-09 15:30:40 +0000
83f99b80745e2fbc942024f2056ab69582aa6d5b,2012-11-09 15:12:57 +0000
b78f94ff20b6660068a890e7c4ed950d0a0ecd94,2012-11-09 14:40:31 +0000
1c07cef8da320e7e11d65fa969a6c1eccdb81215,2012-11-09 14:40:16 +0000
e784449fa186394fb46cfa8a4957383d02912311,2012-11-09 14:39:50 +0000
1d8694a38324d4040bfcd3c13262e33b13c115e1,2012-11-09 14:39:32 +0000
4f64e17173cf5846a011d81d5e3041f8b719e816,2012-11-09 13:49:18 +0000
aafb4199f173712da2716011ba3b4c2f75faa5e4,2012-11-09 13:49:05 +0000
99f2bb9517884ba3b810caa984ff58150385037b,2012-11-09 13:48:44 +0000
a7e0009f9d49f302de7974c4bacb734e858690b0,2012-11-09 13:48:27 +0000
82d30a73c675d28a3467e057b2d68d180b694642,2012-11-09 13:48:05 +0000
b1d202d6be14714fd6a85e8df9a041e803f66e0a,2012-11-07 13:21:21 +0000
98a79972c736adc0ec917e24eb1d47acba5c64e8,2012-11-02 18:08:51 +0000
c5060d9c63bc012a5bcaa3c49c11d0f435bf1b94,2012-11-02 18:02:03 +0000
f871abb388f6128810c8a112b59d3ad2619fed39,2012-11-01 21:57:32 +0000
ea45e801e57348c42b789ee7a954b2b79d8f898e,2012-11-01 21:57:12 +0000
3d1ce30b93d29d41e283989d6ed5b5b91f137943,2012-11-01 21:47:47 +0000
016622109a535bf01c0831ed29cab2e191faee2c,2012-10-31 19:02:53 +0000
4420be9264708dfedf8fb7ae8379db6cc716c964,2012-10-31 19:02:01 +0000
7a37c3140762ecb5dcb559ca60c9eb9378d297f1,2012-10-28 16:05:11 +0000
592b026e609db7dae0202d3933ae8ea70cd91b16,2012-10-28 16:04:54 +0000
cf2960a9acbc1b4f69437e806975dee8efe816ac,2012-10-28 15:19:01 +0000
0698aefb0e15aeb5e42185c5683fe6923ee8fddc,2012-10-28 15:13:15 +0000
f5deea160b5abec10ff914511a13f1be959c7a60,2012-10-28 15:12:38 +0000
d9a3b5fa47a7247dd723c65949f87b8faa159f4f,2012-10-21 18:44:26 +0000
ef85f32230961f0364b793bd89b096de03bcf9bf,2012-10-21 14:37:41 +0000
bb7b9a35eea0378d32a710964f596952e54a61a9,2012-10-21 11:11:56 +0000
c60814f59c3cb395f2bc44aba84cde59b406836b,2012-10-21 11:11:35 +0000
964af1425c9f75e719f7e2390650ceebb6a341ed,2012-10-21 10:50:29 +0000
3a10640fe4e03a4b2d1142dd4ed9f29265e9b259,2012-10-21 10:50:15 +0000
c9352cb62267b0630dd997f10733897a27b7a27c,2012-10-21 09:57:21 +0000
371ef75eb23739f18afb6170945e9054fecd577c,2012-10-20 23:53:33 +0000
4ec1991d32a0734e871f79dd3504b4a8a678f95c,2012-10-20 23:41:00 +0000
c2c4cbf44a55c4a98937654f2e0461bdb1936748,2012-10-20 23:40:35 +0000
ca9347a4b281bde6d6198e06c7b982ae5995f4e3,2012-10-20 23:40:15 +0000
3be07dbfa2cd64de74a21b27158eaacfe5268ba8,2012-10-20 22:39:43 +0000
00eae218fdd6b1f95dafe65183e4b696e7e5a9e1,2012-10-20 12:52:41 +0000
a36ad20b642e55ee255091b0da92b26a7acad8f3,2012-10-20 09:51:02 +0000
49fc855ec4f5436baa802d907b15a2d0a08d9a13,2012-10-19 12:11:08 +0000
367990346ef40d8ff0531ef1ccc70176b96f010c,2012-10-19 12:09:37 +0000
8881a321d685a5f169936ed43d3be1298f789a89,2012-10-19 12:09:16 +0000
c1d21cedd05018cc83f9206a774a6b39f8d736ba,2012-10-19 12:08:51 +0000
8e041d6899ef349d39f9b25805b8632c5a1c0161,2012-10-18 06:56:27 +0000
6d141f3e378881d066e103434821f582bf1bf849,2012-10-18 06:56:14 +0000
6b21e674a68515bdbbe056fde97cfca022834d25,2012-10-17 20:31:18 +0000
a75dec7d5860f245fdb86bff7fd8b1d87db37dd2,2012-10-17 20:04:34 +0000
d2674f3264b4b97973acfbc99f5546c4dbc936ad,2012-10-17 20:03:02 +0000
bef9b1246b4426e9993caea85b0a9a8cd8fd146d,2012-10-17 18:46:30 +0000
465332143e5dfc2bb12a80cc64880d64aa9561c5,2012-10-17 18:45:58 +0000
377facca86ccdc76b6918c0cf882cee209f5884d,2012-10-17 18:44:30 +0000
4a1512484bd56032c7b900941dd9046194585161,2012-10-17 18:40:29 +0000
141f12cac59457aa8b8d06e09be352b69bbf4cd1,2012-10-17 18:39:03 +0000
04503a93e7d0ebe055f3352aa6a098e967070f84,2012-10-17 18:35:49 +0000
7678e3153959914115450f23ca2b9ccf053425de,2012-10-11 17:54:04 +0000
6fe05ffb9bb4e456c2d30392575fff8e8e776bed,2012-10-11 17:31:48 +0000
98881de7d833e2a7c83a89786b9b9ba08c6dc747,2012-10-11 17:20:18 +0000
c1524171a50a20d0abc4ac15c18d19c84eaa7f6f,2012-10-11 17:15:53 +0000
4c419889fb0c472455ba0ce4afb47beb39b01b4c,2012-10-11 17:01:04 +0000
ef64a549fc7d9ef3565a419a04f371c6ae157ebc,2012-10-10 18:06:01 +0000
f827982d45db4b9184e08ff0b100ea8b28fd6cb1,2012-10-10 17:54:47 +0000
5aae0ca923ad3f5eefaa631078a0a9d84c9742a2,2012-10-05 11:50:54 +0000
c9f59df24093f820d27aba3314146c7f07d1d6a2,2012-10-03 13:53:52 +0000
2689a9aefe6ac6b286370e088e05a5530dee9a38,2012-09-23 07:45:11 +0000
ecd71078a2e910219f24c3ce5406e4e31fd31eb1,2012-09-18 00:35:08 +0000
2d5c7a7f18ef5448bd305303666579fce1c49ffb,2012-09-16 15:16:52 +0000
f808a6767346123e73c0b2acb05727813ae584e9,2012-09-16 15:09:16 +0000
4b4a1a9b5f03fc0822e974e412f9098fcc87d244,2012-09-16 14:57:41 +0000
757853b1f5ca900f0816ae7d1d541fbd71f98336,2012-09-16 14:52:27 +0000
3e04cda7fa14c61f051d1713d08b6e4578d23368,2012-09-16 13:16:51 +0000
87ad03d4769e2dde5acdda544649756a5448d9a0,2012-09-16 00:09:26 +0000
75a2ce42a4fef5006374d80bf8ce7b91d8f0d803,2012-09-15 15:49:01 +0000
00cb908a9d2e57b778273662a2c6678415167015,2012-09-15 03:07:34 +0000
43d1ff2d4b1b2a45215929f2753e05780294d1f1,2012-09-15 02:08:46 +0000
bec360d6629fd15d7462ef25fbf4670d7eb300d8,2012-09-15 02:04:57 +0000
0069f81e6077489c82958c22e6f96f2d4fc93242,2012-09-15 01:39:32 +0000
6cbfb2f64965003a929bc915eec1d4bbd2825345,2012-09-15 01:26:02 +0000
0285dbffb8e5262511a5c566fc54dcd387cc36fe,2012-09-13 12:20:58 +0000
4abcd6a4a78508c993824cad67beeb11fdf23d79,2012-09-13 12:20:32 +0000
47bd2849f674e4048582092886218cb562d912c2,2012-09-13 00:54:35 +0000
be633bcad37939a964e130e8ef62924e710f6dff,2012-09-13 00:54:27 +0000
592eaaae389a21effd1464bf522d27b896ea2925,2012-09-11 01:32:55 +0000
c4bee785e5b91edd819e70af8f0c159bedcb6d24,2012-09-11 01:32:45 +0000
653784285d9522c3cc3c4bdb1edd246be3737220,2012-09-11 01:23:49 +0000
4b4455541330819c6b362897469acf4d03c029e1,2012-09-09 17:06:40 +0000
b07f0db7b1980f78ebf665baec8208a76ca049b6,2012-09-09 14:33:30 +0000
251ff873284dd6de5fe353913425402e2607a58f,2012-09-09 14:33:07 +0000
e06dc8aa1a14779b074e22d7e2249ddd67b91eb2,2012-09-09 14:32:28 +0000
cac7b110f28e104d926b08dfe2999f16feb92733,2012-09-08 09:19:45 +0000
034bf89bdc6fd6bbd32ade82746b6439c93e9a2d,2012-09-08 09:19:23 +0000
4dd1776051f1f394600e0dfc920f456324f12dd0,2012-09-08 09:19:09 +0000
65a0a8b6b594ce3264c6a8b6b783053422813b23,2012-09-08 09:18:50 +0000
b404af889b032392ddebd680ad0a3ee99c42dd5f,2012-09-08 09:18:28 +0000
093e3a17239016c7964667ccf123f9f3985bbf68,2012-09-06 19:19:29 +0000
412febc197f008c68118a09bf25b299580f0f4bf,2012-08-24 12:30:52 +0000
d09e7a3ef16da232d916d3f61c32dd1923e17c80,2012-08-14 20:47:05 +0000
c0ee6a35730bf6b9aecbe991eccb38c8da9dda54,2012-08-14 08:11:21 +0000
49d706a78c4820633d16972ebbde718e953a5cb2,2012-08-08 17:49:45 +0000
473da69bbd41c6e2bea0f06212d0a4580107cdad,2012-07-22 08:51:12 +0000
43a5844263cb93b0a1aa9b038be5c155ba0bf5d7,2012-07-21 13:44:08 +0000
f92f78f5298716053424a83bad0ba3edb4fa5a45,2012-07-21 13:24:11 +0000
12a234dcbe9cf7c51b8d1ea095ec2084c84eadc2,2012-07-21 13:21:27 +0000
c15cfaa3a314eed227f9b6a6741cdbf2e148f289,2012-07-20 20:25:10 +0000
d4d0467384f1ec44de90fecd3b32a36d668303a1,2012-07-20 16:39:41 +0000
5ee8f7bff8c9815a40b26559e1b827d2efa1e24c,2012-07-20 16:39:35 +0000
ec9498cab5d295f7476eb22a1639c628978c7aaa,2012-07-16 19:01:27 +0000
a10072ea3acd3ce9c8024b70bcf62526e543c804,2012-07-15 20:16:43 +0000
207856c60d72def983ee053f0c5df9350a390566,2012-07-15 20:16:29 +0000
f5a5ea265147f2fbdbcdc7c8d92fc418a853002e,2012-07-15 08:20:50 +0000
84aa98d4fda6b008a9404a55382e74f547c7cfb1,2012-07-15 08:07:27 +0000
e330f1e430bc560ca941aa763571bd62b2d92637,2012-07-15 08:02:15 +0000
d7e099ba0e7692dfff12972cfdbe8fe5e736a204,2012-07-13 22:37:58 +0000
eb95637ade3c5bfbc32b30ac1a2b0ef6e6f8a711,2012-07-13 22:37:43 +0000
6b5b134e43b544288d6f366b4521da14d705c211,2012-07-13 19:59:38 +0000
04d67fdc9645ff22c0c306b1bbfe49e4b6ebbfec,2012-07-13 19:59:25 +0000
382feb7699136b85fa35463ade6242e70bedd278,2012-07-13 19:59:05 +0000
c4bd3cdc373fb1cb9b07eb65e9836decf81b2b73,2012-07-13 07:47:13 +0000
a63f96ac46ae5eed08caa7db32c43b94e3209bbb,2012-07-13 07:40:30 +0000
a13331bae6a0d87381f2649dcae31783421059a2,2012-07-06 20:53:26 +0000
66c13d81f95c6e9a06bf2d77472ce9cb990cde89,2012-07-06 20:53:14 +0000
ea4e0fb695196db3f94b7924b35d0f8a7bc8e0de,2012-07-06 20:49:17 +0000
932b64bc8058dfcf0947813f52fd0977bcab362a,2012-07-06 20:48:47 +0000
809d21bb9d5e6d16ade5e97305ed84cc65c80a41,2012-07-06 19:45:17 +0000
fb373c4841b742cefac68c8695bb730fdaac1ebc,2012-07-06 19:44:20 +0000
59e3cf44aa93da47f42d80f09b88116cee201ce4,2012-07-06 19:44:00 +0000
1b7567f5dfc3c7a9315ad93fb7601c62d2d92614,2012-07-06 19:38:47 +0000
b464708e7c3de12584fecab804911852c1778b72,2012-07-06 19:33:07 +0000
56a48bfaf82bfa27b31ba28e32af0d6d31b32811,2012-07-06 19:22:48 +0000
ad349f04f4ae542751cebb2540d1d68a3a9bb8c6,2012-07-06 19:22:33 +0000
2cfdc6975e81464d84e2a8f664d9da903a85769b,2012-07-06 19:13:39 +0000
f4c8b5ff02e41b0dab68fb3ac9807055b7ba4e6f,2012-07-06 19:13:22 +0000
02d7f629f5993ec5652931e59945eca6741acede,2012-07-06 19:13:06 +0000
c24d23810d803ed35051fc213cbbeb54445ad8f2,2012-07-06 19:12:37 +0000
116d2a44cb2dd1ca72ccaec5d545453a057e97c9,2012-07-06 19:12:04 +0000
9a5ff6abb9b81bb82781f6adea69e1a8837d7681,2012-07-05 20:49:12 +0000
ab418466aab7ef03a9b89f7ccb17ab1c0199a20b,2012-07-05 20:48:42 +0000
4d53df30ef5cc8c0c77143202d0a958cc5e0844f,2012-07-05 20:47:10 +0000
6b29666ae880b7aeb49998e7b14b4109acaf6c5c,2012-07-05 20:45:01 +0000
5fc819488c7eaa15af0385aff97e5d3c9c1c1503,2012-07-05 20:44:40 +0000
571c7c0f9cb7121aa5cdf78459568fde83840d86,2012-07-05 20:44:22 +0000
f95052687b5f63ebe347967b644feef337cc4f83,2012-07-05 20:44:07 +0000
2fd1ffce4e5b073222cd7a4c8f20008981e76338,2012-07-05 20:26:19 +0000
86abdcd38202efcebeb0e52819a1ecf93c6f75e5,2012-07-05 20:25:59 +0000
8569e31e9ddb027139673dd93820d8f6b50d8a9a,2012-07-05 20:25:43 +0000
ac887069b1b83b1b72a429f14cb13145290ecc4e,2012-07-05 20:23:36 +0000
e130f84d3930eb6e828287539e0acadfa3b890a2,2012-07-05 20:16:31 +0000
c5a81620245eea682892e1babc9eef97efa6bab0,2012-07-05 20:09:21 +0000
147f852fb95a3d00cfa2f52d4c0dd7293a31339b,2012-07-05 20:09:00 +0000
05f94c85253d9035a4d22848fbe548fe5fc61da7,2012-07-05 20:08:16 +0000
4b3a43a7f2ceddc066221b7c4e05b063e83881be,2012-07-05 19:16:11 +0000
bd346526e645e9af865801d67018916b6c9c519b,2012-07-05 19:11:11 +0000
4ce923bd4b434551a906af240cf027a87ae5b20d,2012-07-05 19:09:43 +0000
de29bfda32e7c6ced44ba41a0180bb3b59e6a5ff,2012-07-05 15:57:00 +0000
16df72e7782dabefc65f0b86e2aaaa9135c0887b,2012-07-05 15:26:33 +0000
dbde7f82d1e2fae7b5e8a3c731540ca437d9468c,2012-07-05 05:20:03 +0000
6fa6e0c9de7b528417c9af56fd888ec5898c90f0,2012-07-05 04:57:06 +0000
408d22fc8f62bc3c9c7804e4255fa116237b3211,2012-07-05 02:09:53 +0000
7b35ce4f7626c02e36757a28ce8a4ea4657491e0,2012-07-04 19:03:34 +0000
623ccdd0f77216e84e6b2d9e33e7ff0f12519c9b,2012-07-04 18:57:11 +0000
24560a2adcae34fabe6a782f9da90c12bd59a95b,2012-07-04 18:56:55 +0000
8bee210045a1233348ee8b8a2d57f004c5170cb8,2012-07-04 18:22:08 +0000
4c18bebe863faa945dc9e63b32802c0902f4d902,2012-06-29 13:29:55 +0000
70f64c770ede42ce4236a48a91cf34b49ef9334f,2012-06-29 12:17:49 +0000
298aa5c05cc21709190c51032ea4afe2595549fe,2012-06-13 21:29:23 +0000
5b09d06555a4b6aeffc64a860a1611c46c7a6026,2012-06-12 13:41:57 +0000
4029dd48eb8a3838beabf0eac4479317c3ea6694,2012-06-11 00:20:31 +0000
05ca83c42bbedf37bcd294a72c7c53466198e902,2012-06-10 10:57:04 +0000
a439b58886cbabf32be477a0cc225b07ead2e446,2012-06-05 07:54:38 +0000
867be20f625cd75ef65e0a1e6a82cbf3e631153f,2012-05-28 21:54:29 +0000
d7f08ab6be3e20574d0440bc43d725b861316920,2012-05-28 17:33:07 +0000
6d60d229a388e42ae3e19043467986c61bdcb286,2012-05-28 17:32:37 +0000
b0b7770e6b56cd11bd35a69388bd42d08a9b28be,2012-05-28 17:14:59 +0000
efc36f4092654befb0bb7da0bbcd08d2f36b231d,2012-05-28 14:53:46 +0000
dc86c2b89177419f7d06cd4f5d289faa5e277713,2012-05-28 14:41:48 +0000
51e45fe799e70a105892261a95f2e8996ad52cf0,2012-05-28 14:41:11 +0000
e87c49e23d76032ee323a25a11c2a3c09e4417b9,2012-05-27 20:50:39 +0000
29776db0225466f2d36ddfe0a3bec724920c23fd,2012-05-27 20:50:15 +0000
134d1caf48925ec4b0767def2c9d849aeedec4f4,2012-05-27 17:51:48 +0000
2ecd869b4953a6a835a3c96ee3225669e7a6b3ab,2012-05-25 20:04:13 +0000
7afc301aa0c5b5d1bc3b996c3bc5f9716e77941b,2012-05-25 20:04:08 +0000
6fe8a8a2c63570a1c5b153f498c6bbae015abe30,2012-05-22 06:52:27 +0000
4c74d9e3142ddf847a5975f424d6c29c789da9a6,2012-05-20 13:51:06 +0000
716c487ac109609f37c6d0884917f05ce5d3ce52,2012-05-20 13:50:56 +0000
aba6bb112ca152ea10c9864919fc751ad189500a,2012-05-20 13:50:26 +0000
a1efffcdd0d1505315299b7b2869de4efdbfcf5b,2012-05-18 01:44:02 +0000
e438c19203b4e8af90b324b2103d869c570c17d3,2012-05-17 05:12:38 +0000
bc402c2d652113cfd0330772d5a00a88ad2ad1eb,2012-05-16 08:10:30 +0000
88f35ff1e01bf116059179977cea037eabc0bce7,2012-05-14 15:49:44 +0000
c58a7935d0c7ad61a3e4c9af92775d4da1bbfe62,2012-05-13 12:59:42 +0000
344184e5597240a4080d00095e14b14e1033fadb,2012-05-13 11:12:16 +0000
c57d86a4998b20488e9b7003f64b51346528e4d4,2012-05-13 11:11:40 +0000
abbb9ccf1512cd11cf7f864de2428df047302efc,2012-05-07 07:51:18 +0000
00b12138cccb709640c457077c2d545134d76658,2012-05-05 11:57:34 +0000
cefa29319fe7935671498f5c8a7c22fca8469521,2012-05-05 11:49:38 +0000
1b23dd76980bd7f4ec812a50ddbc5492bf7a694a,2012-05-05 11:20:44 +0000
6a886a09e539ffb2e64057e7e452f2d65f5ac519,2012-05-05 11:05:04 +0000
0062bb88f5cb33d1447d84385268a42b68a9b96c,2012-05-05 10:56:42 +0000
3295dd0f45e1de67c63856c43f539a5bd387b644,2012-05-05 10:48:40 +0000
19fe1c5975d06faebf28ba5428b38c43e21f09fe,2012-05-05 10:29:59 +0000
a5419cb16acc6ab3701171c391222d468fce2ec4,2012-05-05 10:07:28 +0000
5a1264aff332df4dd08d9c3ed3c9fac4e681e84f,2012-05-05 10:01:37 +0000
fde8fd60395c82dceb548410166e69a312ee8476,2012-05-05 10:01:16 +0000
64c7652eefe092fd66d88ebac0c240c9b17ed0a6,2012-04-30 13:01:32 +0000
cd6a8f2fdb869fa15b21c7ae09c7f02733f93e70,2012-04-30 12:01:42 +0000
613617310faff15cfd5a15c4145d512a70f709ba,2012-04-30 12:01:12 +0000
7bd5813f754e381ee5be67bd78923958f5294bd8,2012-04-30 07:31:05 +0000
f7108711574eccb33a9dbdb373718be577de2dcb,2012-04-27 19:11:42 +0000
e142056fc0d77619a5cb6ac418fe9419a93cc93a,2012-04-26 18:06:58 +0000
11372695b64f2646d0172ee8ac0d8cd21f79c0d9,2012-04-26 18:06:10 +0000
53a5466ffd4edbdc76a42e48573b9c93894410b5,2012-04-18 17:31:49 +0000
6ed2e1847931a4de236d8669355bee400552917c,2012-04-16 18:25:23 +0000
0ea4157ee3264c7472de76942b3838019e656c9c,2012-04-16 18:10:29 +0000
c646afcd92c94f62e9cae7b0fdc5fdca95267e7f,2012-04-16 18:10:03 +0000
f65e33f75c53f94a4ba16f1c1667c6ccc53a8da8,2012-04-11 17:16:26 +0000
d322c94cb7e296de142b94c2faf3e89758a68c85,2012-04-11 08:13:35 +0000
71ff978e19bd845335a865384176a9b8b4586e84,2012-04-11 07:11:09 +0000
0e51ce15473360bbd1a4c61ebea995ebef2e4ba3,2012-04-09 17:06:26 +0000
cec2acfd9ed9c9a01dcc9f288c6ed06442b5004c,2012-04-09 17:06:13 +0000
bc7611c7454c9e58c31da903a52b1604ff30ef78,2012-04-09 17:05:32 +0000
ef2d76131faf7d90699e8761732ac5e7219c1952,2012-04-05 15:52:32 +0000
c49333926154be7999f27ca3edac1c1e5824fc7e,2012-04-05 08:32:26 +0000
8c2050952eed30d87696cf6e0331de435502a00a,2012-04-04 19:32:24 +0000
1b0daad76b2e2c0e03aa3f5346332b291dab254f,2012-04-04 19:32:06 +0000
97133d6707bbb22ce0c0a52e6b08cdf76944278a,2012-04-04 13:46:51 +0000
b5e4c215ee661a45721c9fe8e3567064e07fb792,2012-04-01 11:32:37 +0000
aa3d0c4ebf25831c5c96aabae7ee487e7638818b,2012-04-01 11:32:23 +0000
cee4da3726826f1307b98e892122e57f7b2c6e12,2012-04-01 11:32:09 +0000
e3e8417d76941bfa43e0534faff5f1036c0a58c4,2012-04-01 11:07:05 +0000
b0dfc3dbb3d46ffd4671d255794b8a55d788c9e5,2012-04-01 11:06:46 +0000
826487e88ff9fa233ea8faa5ea29371378499cb9,2012-03-25 09:34:04 +0000
23dab1c9872d6556a3b303b1a6c817e8058d974d,2012-03-19 06:29:23 +0000
eb97a63c1c1442926d6517206188d0dd154e0f3d,2012-03-19 06:29:11 +0000
e9c4e1392c289757623cf0a6c9ae1135817f170e,2012-03-19 06:28:42 +0000
bc4c1c34fa36af6519b8d74b1f90e11ed8da58a8,2012-03-19 06:28:26 +0000
09634ea45b88ee0c782dec49e0febf7b9749a862,2012-03-19 06:28:13 +0000
24f6e452f039d9d86497154b2d647ef351ce12b1,2012-03-19 06:28:00 +0000
d9d2d0a108b807d2e83dd550cf081d5e8f38a307,2012-03-19 06:27:48 +0000
0e79c043028e456b8b5308ff2c2f9806f0eca8bd,2012-03-19 06:27:35 +0000
2fb7fee56b9fd539e4528907b5f2fa41a68f9dee,2012-03-19 06:27:21 +0000
902341e12daa5b7d24930f3d2257d33f61b6e5fe,2012-03-19 06:27:03 +0000
b3517bf10d8d141b5edcbca2f3a913d4228f5b4b,2012-03-19 06:26:45 +0000
6274a2bf4d3c45d277bcc0023a10ee4d6b4b2d96,2012-03-16 11:32:01 +0000
be3a89d9a02157e19a6258a00047dfe134913de5,2012-03-13 19:17:28 +0000
9b9459043622f38d1232d9f1d6850cfb91d475c3,2012-03-13 15:46:44 +0000
7fbb477e4517bfaaa983a672ab20e7b5a07d349f,2012-03-13 15:25:55 +0000
7888f640a3cba7d5f13713bbfd2e4d09726867d7,2012-03-13 11:08:39 +0000
6d6d35f17a097554ec295ee04a65d9a7e2a452db,2012-03-11 06:42:25 +0000
a87c267849c8c6900fd854d69784ec416545f376,2012-03-10 20:16:57 +0000
3f8546b19e0a7ef8799c2b106b3abf66f3d9098d,2012-03-10 20:13:05 +0000
d6a81ae0498fd7c2977648218988dcbfc89ba6ec,2012-03-10 20:12:58 +0000
34bfe3156f8ab30f6eeb27a63628567cb0e6af93,2012-03-10 20:12:49 +0000
d37ad63e84591ad8544f055e96a2030e1e45b631,2012-03-10 20:12:34 +0000
175dbb4a72744083ac487acfd7e8596f6de0b232,2012-03-09 02:47:25 +0000
82d32301d8e622435c5f844b1678df47da984e53,2012-03-09 02:36:26 +0000
fcd2f99136e9139c01ca1e9cd78f139b6c24896e,2012-03-08 13:01:33 +0000
eac12125e8289e574e31ce92496ad567ae0aab16,2012-03-08 01:57:16 +0000
cf7cd4fc5e82c6da810030bfb3dff99fefae3016,2012-03-08 01:54:43 +0000
ca2855fe8eb0f6713b4cfa23517a0d495303dd37,2012-03-07 13:18:45 +0000
0c6948c1f9a3aa49b6c2f29ae64a2d2f275752d7,2012-03-07 13:07:42 +0000
408206281c5b79dd02066787b2442315053c90f9,2012-03-06 19:49:49 +0000
8c4d955215f7a2cd8069c12e6b8af1de4467898a,2012-03-06 14:56:37 +0000
2acbb6999d532c8057079b3450eacfce56dde7ff,2012-03-04 19:31:27 +0000
839fb6a0dc09b6b000df9a3c3945e958488466f1,2012-03-04 18:23:51 +0000
fbde496600a4f7945dad2e788ddf1ee5d868c76e,2012-03-03 18:55:37 +0000
ce4dbf5e89d3ee0cd58546d2110d0d8db28c1561,2012-03-03 15:55:37 +0000
8799d9563d556c92676369461e768752fd6c36db,2012-03-03 15:55:27 +0000
b73e5d3b9e5ffa592153779342097fd586e9a699,2012-03-02 10:53:19 +0000
7c163cc1e3551645f053ff13e3671676011f62fb,2012-03-02 10:52:04 +0000
7f226fd531be4dcae5d021cfd4f2b2376230b946,2012-03-02 10:50:32 +0000
cb4153cc9ff534e8e7054ebbca8f97317004a779,2012-03-02 10:46:41 +0000
a63992f06622ddacdb5474601fe07d6eea7ba2d0,2012-03-02 10:43:00 +0000
e99646dc8a5ccc4538c36c7a0a2890d38ac5fddf,2012-03-01 10:20:23 +0000
bda9970e30954c95bf18ba5553df2de427be8755,2012-03-01 08:30:11 +0000
f1dccf2761c4e200505fbfcde34a862c194f4d84,2012-03-01 08:26:39 +0000
5382b728e0e2a41678cf13db82300b2a9e084bc6,2012-03-01 08:23:55 +0000
e55eb993005ad8dcd9147c6e35b148b419d114ed,2012-02-28 12:10:45 +0000
2eee411e565a88b5e4bd945683b7465c0a906171,2012-02-28 12:10:27 +0000
23aa7799c9bb4945d16655ce80cab18c7361d772,2012-02-28 12:10:12 +0000
5ad70d30cf2b33aba0eb83e881694174f235e8eb,2012-02-28 12:09:57 +0000
2fa6f0b936249f370fd49e071ccaa8811e4bc141,2012-02-28 10:55:12 +0000
3208ad234a9a7e2e3fd899d41bbbddebae8c476b,2012-02-27 14:56:52 +0000
93aac519f1d42653c21d40904427f9cd11c1171c,2012-02-22 19:46:01 +0000
038b6c396adce1795e6ebd06efca7890fe088c58,2012-02-22 19:38:27 +0000
5ebd805d8e0a1a8296931f8b7f86c249b0344d3c,2012-02-22 19:35:24 +0000
8f49815ab48f8a8385cfe2d7a73d97ea73118a2b,2012-02-22 19:30:21 +0000
600fd524f84a3ee4cbf39a05a02bedfbaf3f93d7,2012-02-22 18:34:51 +0000
556a30806711b7b397fd456e5648feae78776f20,2012-02-22 18:33:14 +0000
cdc2239311759f998a7a23466b6e5c17548cea94,2012-02-22 18:31:39 +0000
20e3f19c626fdbd9edb65b4fc23388d0a064e1d1,2012-02-22 16:53:16 +0000
c4104e5a31d33e201ddebe8e512542ea1aa6b45b,2012-02-22 11:55:12 +0000
35a9370b77a0950fcdd3599e0b643b325ea0d9d3,2012-02-22 11:24:18 +0000
d8ff6e231ab9e4c2e0a9ef22701ad8b277c23df0,2012-02-22 11:23:32 +0000
f61f57a3d604e4dc45f96f506d60b12ca00eff4b,2012-02-22 11:22:36 +0000
d2add10d490a04a107d05a95379ca885ffd1efcc,2012-02-22 11:17:45 +0000
eaa51449cc87b0b7baa2201e09e576ccf373e793,2012-02-21 07:37:13 +0000
4ab11a4b82507260a50b38a25f6435ab6dc368cd,2012-02-20 15:28:46 +0000
47a0e835a94a69ad7cc325915909789c74d64815,2012-02-17 10:22:43 +0000
5b0f3e3f3d88aaef777dd37d1abdfdb5700f9a48,2012-02-17 09:04:41 +0000
5d035b09b02a0c6bb4fa280302880dacf13a3536,2012-02-16 13:29:08 +0000
ea38e6ca7736b501cfd1bfb1865dbaeccc17f58e,2012-02-16 11:39:28 +0000
86dbed4c6f772a0aa145a3201709048526672cea,2012-02-15 14:30:32 +0000
9ec69391e97adbefa8c2a860fd1ecb41b8410997,2012-02-15 12:35:45 +0000
18046d75c1488720fb19eb3195fea537afa669c2,2012-02-15 10:58:59 +0000
8902db145dd88300a0d1f76e05e8de8ba00fe307,2012-02-09 18:29:11 +0000
3782988ddcc18dee80be292984c25a158de3132a,2012-02-09 18:21:10 +0000
725e00d83937e8f3ecf546ae7f19f755dacd16ad,2012-02-06 12:35:03 +0000
96911ef0f2ff1ded2b2d84748c96f984c7d058ea,2012-02-05 20:26:58 +0000
09cb03a2e081cd5799620f1f3f27f80ba1ee82a9,2012-01-30 16:23:33 +0000
9d283b1dc0f97aaf428d8dfe29799ee08b141a7e,2012-01-30 16:17:54 +0000
900133cb86a23f918da6e83e0429c017597e1911,2012-01-30 15:59:28 +0000
9c49af740c31a8cdd22ded7e12ed37ddcc212be0,2012-01-30 07:40:37 +0000
cc49ad59d6e6557a408fa801e0f72887753a4580,2012-01-27 09:07:22 +0000
de2a86568ba7a2837d0ebca9419283ae4ad03455,2012-01-27 08:19:50 +0000
8b020712147434968b503883f634e643e47778fd,2012-01-26 10:11:20 +0000
2da02bf402e120f6535c1a2b39fb69d940ec7937,2012-01-25 16:12:39 +0000
9153f90c80c8181d992b68ad3a6d40caf6260d7f,2012-01-25 16:09:10 +0000
9832eb40e437b558e3d09182a4673e314ef56a81,2012-01-25 14:19:01 +0000
ee364b5b183508b4dfb6c5779e2ba385a451e878,2012-01-25 14:07:30 +0000
ee04f6a6cab48d42826d1c87fb027ae356722b02,2012-01-23 21:03:48 +0000
d80f105f8939dcb5d97d4abe811af0f27595d326,2012-01-23 20:26:40 +0000
1b2578c70ff0c0cdb8c74ca79728408babd71b04,2012-01-23 19:01:55 +0000
a5e153e8fb489d27b60c21ee5c2d0646c490312e,2012-01-23 18:56:52 +0000
dc740b3c45d8cc1dd4a0a56c26185c188c3d6008,2012-01-22 08:13:33 +0000
876a857ed0957d956ca40572e1ac87e608fc5551,2012-01-22 07:08:28 +0000
f40861cf01fa30bc3f336ee6a1de32f72730b485,2012-01-22 07:07:26 +0000
a509e18798bc22acc4279c9ef46de56e0a51ab81,2012-01-21 22:32:02 +0000
0e19a9cbdc1cd08489a09b3ecb141ad39e99b0c8,2012-01-21 22:01:25 +0000
6d6a7b1820d08255b707019034ca381fa12c1c1f,2012-01-21 21:17:37 +0000
917d825046fd84f6be2cdee0bdc154928baf1345,2012-01-21 21:16:54 +0000
c9719ae878b8e5ec2f2fd61d972ff714a855831f,2012-01-21 21:16:15 +0000
41febd6172557d3d810dd02254082be36f9ea950,2012-01-21 21:15:43 +0000
68f20bd377711c1a6c1fbc90697ceaf1328f8ada,2012-01-21 17:09:02 +0000
2e9b0bead82fc173a52d2cc9e005945fda2fe3c3,2012-01-21 16:22:18 +0000
7a0fe7554e6514ab7942dd099654dc88af313f50,2012-01-21 15:53:45 +0000
b74172bc7eb276a1338196201eb02d1912675009,2012-01-21 15:40:23 +0000
40d49dec11ce5acdafb0a9b9379cb96f575fcbee,2012-01-03 19:11:35 +0000
f67643d211a87d9a7ba7d59a711a1fb4c9a408b3,2011-12-20 11:12:13 +0000
ef46de2f3b0ea556136d506ac4aca28700aa26a4,2011-12-20 09:07:50 +0000
835b7fd515121c16df491960948f6c57e43097a5,2011-12-20 09:03:30 +0000
9a912ab1e2e71428358b2bee4408b791b640d75c,2011-12-19 14:34:04 +0000
efac3f8d9d033da4ed60463b735ed198024bae52,2011-12-19 13:44:27 +0000
75dd60143352adebc1c660e5014b03286aa26b98,2011-12-12 14:36:05 +0000
a777b7cf22fddf69a47ef2048ad8fad560638be2,2011-12-06 05:03:00 +0000
053bf26fe6c8c7312175007406723438cbabf4f7,2011-12-06 04:42:25 +0000
be13a35dfced76190cd11f9b57e93e44af00acee,2011-12-06 03:12:31 +0000
05b2ca1b9186480b181ca47eee2ab393ec4bbffa,2011-12-06 02:48:13 +0000
876f16d40cfaa04fad57ac42b26d0ecee0dacaa8,2011-11-28 12:40:50 +0000
b5d0c2d6862ad6f6b442049a282677a3431fd438,2011-11-27 23:59:59 +0000
acbcd580002b0013621564543257b19da22f9d74,2011-11-27 20:16:41 +0000
05a1fcdc70f19841bcffc1b0bc62a20401f9d689,2011-11-25 07:09:35 +0000
5b1b45f26ef7fa581df218be3dc78074a0990e07,2011-11-23 08:56:01 +0000
3404321014c602fbf7e4da95be97a9e24b824360,2011-11-23 07:13:09 +0000
103145fb134730f3d655a77a79dc10fee44a238a,2011-11-22 07:58:09 +0000
a9314ca511d0eff718094d720fe5d9a8a6dbed71,2011-11-21 11:27:11 +0000
0f3e04d012070f4c2be85cd73bb85ec95f50e6cd,2011-11-16 17:05:56 +0000
8046cb1acfd8d7b64f18ae985ab595d46cddbee3,2011-11-13 13:49:35 +0000
ee3a28a7c63cc83d254d6785f6c8afff4a12a937,2011-11-03 06:47:21 +0000
5c30f5c497c0697010f7e36dd8b6ece748298223,2011-11-02 17:46:18 +0000
1d76310f681824c2849c4f5b17588620284ed77d,2011-10-17 08:55:36 +0000
5cecfd74f7d5c7c567e0292bf94a3657f4b86f7e,2011-10-12 08:28:45 +0000
58936696f633c979ece5e1ac59396ea8823a5f40,2011-10-12 08:09:18 +0000
493cc771d117af0ccceaf84c6d70e2b30aae24e0,2011-10-11 12:59:14 +0000
934f85f963d350ff2b10064a584fb2713fd26483,2011-10-11 09:56:28 +0000
fc8e7b6e40007809d4c8da36b37d86c5713f32cb,2011-10-11 09:19:19 +0000
a5976acdca6f7d9670a0abd46459ff37fd631936,2011-10-10 15:49:30 +0000
853a330c7af743f888962b594ec4cbfd071fcdcd,2011-10-08 16:40:49 +0000
3227ff07a779bd7dc06ebecc255947de41a195e6,2011-10-08 16:39:20 +0000
4b055f3a2e5c827bbe9820032f0c58921a372ad2,2011-10-08 16:38:36 +0000
7ad29dad3373e90357ba0526c759362e015dbb86,2011-10-08 15:24:56 +0000
f52ad24c3d930bf657a29772fca1292048e27f37,2011-10-06 07:59:02 +0000
62f33fd4f4e01b8b1a9e299b20310cfc6f3ec40c,2011-10-05 11:20:42 +0000
5f0f8dd5601355ef656d645d3600d65302aae610,2011-10-05 08:35:05 +0000
106894ebcfa70cb47283cd6ecc79214e030579e0,2011-10-05 08:26:15 +0000
ef0569a6195e816decc9b2a7a5bcd7ab149aa5d1,2011-10-04 16:01:08 +0000
9e129ee888e8584fa911d115942cf14e9420e917,2011-10-04 15:03:26 +0000
ffa449fa47a10bf112baacc8709dff80a3b16db7,2011-10-04 07:57:40 +0000
72d90f33d2add8f42e863a70b01c0880ec722d67,2011-09-30 08:15:04 +0000
0acebc9fda844039a760e213a92e8aa88b320a12,2011-09-29 15:11:07 +0000
1bff859d30219b91cf749dce79c5130cc07052b7,2011-09-29 15:08:47 +0000
01ba4760404927e29e754312777d57f2ca36e0bb,2011-09-29 13:44:13 +0000
4cd9ccca0799dd8bbf2351abb5951eb83843d3a1,2011-09-29 09:07:24 +0000
b81e7078a2f6d0285195ae096f2f149ae94e2725,2011-09-29 08:06:05 +0000
c3595eff4d075ae91913e05b1cfac7bfed06f912,2011-09-29 07:53:18 +0000
1effc6a2886e609f9c261378b46ce008d84edb3b,2011-09-29 07:24:39 +0000
b79c7de448d7105095bb9783defa3a25df40087f,2011-09-28 15:51:40 +0000
a713d0a796007d12b184d3e52b6b393a7481348a,2011-09-28 15:44:09 +0000
871aba4348217d16c9483e6992fba87f3701ba04,2011-09-28 15:30:22 +0000
13846895d1ce817004ecb2e2791e001e9d0ec07e,2011-09-28 15:25:11 +0000
ac381e2c619c3907600259de44d46d05d3e73d1d,2011-09-28 15:08:12 +0000
47192013eab9442ca01cd08a3827687a50f93d32,2011-09-28 13:54:06 +0000
a9c0ec4fdf9e5161eec08ef6b1ea5525e5256980,2011-09-28 13:49:13 +0000
3f9a285e200b1a2ef608f1e9c3485ebd916eacea,2011-09-28 08:46:21 +0000
d393491ede5a17268270ec4603f419ed9b999858,2011-09-27 15:31:24 +0000
6f71bc79b64db187240c8cf98953345edf76c8d2,2011-09-27 14:25:37 +0000
05016d7968bdaefebf09736d897e7265336be1e2,2011-09-27 14:23:21 +0000
40aebbe9b42e0f12f5dbbc3eb1d25c9d2864a75c,2011-09-27 14:13:17 +0000
c5d6627de41c7aa4b31cba6444961d8a4209e638,2011-09-27 14:07:35 +0000
e3323b41d37132042cb500c7536f09440f17be05,2011-09-27 07:01:48 +0000
35b374af950a7ae66b4c2da7246886e2d04b3ce1,2011-09-27 06:09:26 +0000
7924243b0752751481a699caad473cd5f000302d,2011-09-26 15:43:08 +0000
7eb4d3d081ab00f74bfb088a50b0a33eefdabb4b,2011-09-26 07:02:24 +0000
7498b932d0ca7662f68627d4459cc0409ec68829,2011-09-19 06:27:27 +0000
5c1b294ee673987a96b93525a525c9044d650d98,2011-09-19 06:27:02 +0000
9db209352331cac8e1204c3de89bdab1475aab7f,2011-09-19 06:26:40 +0000
b18f7b9626538f22359993318caf0c97e6fda1f7,2011-09-19 06:26:17 +0000
54009552096382f123be9cf58424b76297429ddf,2011-09-19 06:25:48 +0000
c20a94e18e59ce60e9e94da20fce9c7e3b611b5b,2011-09-19 06:25:01 +0000
5814b9fb2aa2cd9b3b50d6187b82b1f8b5b4f6b7,2011-09-19 06:24:16 +0000
b5cda3807c5c5eca3e0fb00de47d7cef0ef93d04,2011-09-16 07:16:47 +0000
366065473d7fa89ca0db3d513168927e814d2d1d,2011-09-15 15:36:07 +0000
aede461d8c1d258eb2ed37267641bffd6c4e6029,2011-09-15 14:42:05 +0000
e5d9ac296d7e8555dcc8f6182475a968e2368a00,2011-09-15 14:39:40 +0000
743d7348b4bc45ec17b7f05ec280728f037e7056,2011-09-15 09:12:40 +0000
acde1869a44bd833fc996c494aad4534ec6be8e0,2011-09-15 08:27:28 +0000
29d6f70705988a2799c2df88166d0ab56d4f6ab2,2011-09-14 19:10:37 +0000
993278374c6705364b6bd591a3119f76fd913f5f,2011-09-14 16:41:03 +0000
028ba466faad511d061e4d8ee5151bfb9a891e36,2011-09-14 15:28:00 +0000
43f06431efd5b25e2ebab28cdf6c430ded2bdb33,2011-09-14 10:29:09 +0000
6e71151f8ac4186b11130326a7825838e91e2c2e,2011-09-14 08:50:35 +0000
62852650501bb8e38ce8b83e15d8d7d218b1a004,2011-09-13 10:02:54 +0000
38d47598e8129f0ef4154315bb0b3db23ff7f852,2011-09-13 08:01:30 +0000
a08936b9c8b77e6a2766b4dd69c383ef1e92f6b5,2011-09-12 17:48:41 +0000
9e3caa50ab800c4d2deb1750e22c4ab0014f5c00,2011-09-12 17:46:34 +0000
3df6239a5cce5a4e8abca8a569db062eabe3bb1d,2011-09-12 10:58:30 +0000
f22ceb9cff4b924d7e02a13a5d48fcd0ab77dc30,2011-09-12 07:40:33 +0000
722d22e2e7afd3c1776546e31d458badd390cc5d,2011-09-12 06:56:11 +0000
8bfa4bc218c06063368c676f1fb7a2428faabb18,2011-09-12 06:54:52 +0000
fa32f274e8ef66bbf14dfefabb4458876e14f186,2011-09-12 06:49:54 +0000
278d620117b42673ba419ed9b8a6ea54aef49772,2011-09-05 09:04:56 +0000
7d135da126c679ae68033b4424bb24af51c9bc5f,2011-09-04 00:55:11 +0000
cfd8f24b20cc051031af71bd285909c5b264dbc6,2011-09-04 00:54:53 +0000
653a839e31ee3d23335f5339087707bdb26c33de,2011-09-03 02:01:04 +0000
849b3eecfc432a0c65592bbb7680c33f7ae4f828,2011-09-03 02:00:53 +0000
ee9cf88ddb14cd63671d13e742a5b966582d561b,2011-09-03 02:00:32 +0000
5c06762a34e0b22bb3f5e8fdb04bc86f06a7eae1,2011-09-03 02:00:00 +0000
cefc0402a4be991b7af0e817022886a0f4f796b1,2011-09-03 01:59:31 +0000
1bfc23217115ff44fad5613fbdf9713f15e80911,2011-09-02 11:59:00 +0000
9b1c8bf8e965a79b778df0f3ed440211cca0fdbd,2011-09-02 08:13:10 +0000
bacd75967646498dab12f77a61272cd12ed2357d,2011-08-29 21:23:44 +0000
46fdff91195c446443f745f8f89c7e6731b3846d,2011-08-29 21:23:31 +0000
2c16e4f35ed0ee83038025a0a49c702f11b6d968,2011-08-29 12:40:20 +0000
e98ca08df7a954ee982b7464c8c9ff7b5ed1bb6b,2011-08-28 14:04:31 +0000
7f868e35561961b0e49dee327d297e56c5f78558,2011-08-28 14:00:57 +0000
b64e9d4012a5b6f7dd356d8235283a10ae989d67,2011-08-28 13:53:59 +0000
ec6a5c8c2c3a9c4047931b75015fc707ca26612a,2011-08-28 13:28:19 +0000
a9b5ecaec9b60e47c1d3705c44fee2f84d8b456e,2011-08-28 13:26:11 +0000
4e39b9ca6074d2673710e0f0435cbc01fe4b14e4,2011-08-28 12:57:16 +0000
9d0e49de6282469c3c2fdd91c70890eae0219589,2011-08-28 12:56:05 +0000
d51bb8ce9d148fc7264d4c83e022c87f64109d74,2011-08-28 10:18:23 +0000
745cc2011b9276ca2afe0b2c726402e20c1808d6,2011-08-27 12:55:30 +0000
6c7d6e56e30f72a0c1700e2dc1016004a2dbc267,2011-08-27 12:54:40 +0000
4e5861509a97116933ad0068ac19f38f7fa3cd7c,2011-08-27 12:52:53 +0000
fb6d89cf5493f09daeb5802e7b49f4f4e96b5ede,2011-08-26 13:21:07 +0000
d513692435e319777daa62e3cf4ce3ba1c44fdfb,2011-08-26 13:06:28 +0000
e4017210c7973c82a7f3bd189b3547ba83a14b4c,2011-08-25 13:27:40 +0000
bd23deeb812e03d32a233d0a8c5b86de39df591c,2011-08-24 09:30:20 +0000
8a5a200a34d1267e477c905ba2afba82eac734fd,2011-08-23 15:32:44 +0000
adda52b5a7d4fb3630704c9e6d67f98a20c6c283,2011-08-23 15:01:46 +0000
9a5e89c67db8b2959bb68daec880bedd3367386b,2011-08-20 11:55:32 +0000
a7e4e46a7c29eddfa4da7d9f38f321744bdaeec1,2011-08-20 10:32:45 +0000
947a180d4ab39e18dd4d6d0262033124d32b8f8b,2011-08-18 13:54:06 +0000
331bfd137afef5e4ef9a981b2f314c3597416bcd,2011-08-18 13:43:18 +0000
c563da20e590dbaa3db2e0e3df84f9bb44e7c84f,2011-08-17 12:50:31 +0000
c21f5100dd7fbbc94d0ef453b86deba15bdc6e4e,2011-08-16 15:10:40 +0000
9baa9cff9c8f95197d2641435ecdb9d3d6f8d80e,2011-08-16 11:53:54 +0000
4e0e58b7ea36205db9d88b26650211ba8bdce6bd,2011-08-11 16:13:04 +0000
e1e2590a255e48f61c347235e571bf913d9ee8ad,2011-08-03 11:15:24 +0000
38b028c4e36f4df17a5b2a2023bcd9a52ab9e616,2011-08-03 07:54:53 +0000
91cb867f292a098ec6651c2bd2de509115584d78,2011-08-02 07:37:10 +0000
19fce348c0da56ff25397d1555313c508ae49a8d,2011-08-01 14:15:36 +0000
1bb63b2d2570e14b019a66a2e120a8f9e1cba881,2011-07-29 21:22:12 +0000
8d6c9abbc3e15ab2ea1762030a29602b68d9b765,2011-07-29 21:19:06 +0000
9aefc3d2cd34247a331637837e252481868d81d1,2011-07-29 21:15:54 +0000
e66c715221a7aed2ba37609aec2e2d3c6f77a35a,2011-07-29 20:53:31 +0000
01b1187499a939e0ab5025648ba906d9563e6c0d,2011-07-29 20:29:54 +0000
81ad0921d63087c1a09d2b77773e7ac9802092d1,2011-07-29 19:54:10 +0000
9d939416a58bb6c13a60de9e532211e9077f0a17,2011-07-29 10:31:11 +0000
59c36c1ee44c67c37a887a8d13787eabe7a0550c,2011-07-28 19:49:33 +0000
4fd656e50e7be25187d7c403190e00ae27320899,2011-07-28 18:50:36 +0000
c73d9a3bdb2df281fb913ae09e0bc93d5c50bb35,2011-07-28 18:49:43 +0000
52c69f457dfc04eef4b3ff4f70461e1828a2333c,2011-07-28 16:43:32 +0000
dbbb3eb5eee54d7639afb66e894a5712ce694607,2011-07-28 14:55:26 +0000
143e8ff3fa7cf2aa6bf0536495165560c628e8e6,2011-07-27 09:08:13 +0000
0b2a3a881774323452c3b26d77000b929277072a,2011-07-26 15:17:44 +0000
1949f507ca1fd36ff39a495c71f691f3229b2d76,2011-07-25 12:01:18 +0000
bae2c569abd9f06abd429ae20a392f31341f5ec3,2011-07-24 17:37:24 +0000
d570340f14940e79a6181b418b0eccde795e5807,2011-07-24 11:07:46 +0000
e516efbf9a4042ef89231d856eb8f22aa36c3198,2011-07-24 10:23:28 +0000
d1047a840c5722c4d685308ba91aca9f9752919d,2011-07-24 10:23:14 +0000
21a1b17f13a942f83b8656eae85808b32714a468,2011-07-24 10:22:57 +0000
c37b1c185ecf0a539052493677bacf86d48e1d4c,2011-07-24 09:40:10 +0000
365c8d2ecec8d1535f268a8cb8827e8e4d3d7aeb,2011-07-24 09:39:56 +0000
ef735964315c0d459519e0123fe85c5d2024a42c,2011-07-24 09:39:37 +0000
9c788685ef2a58da25bc12c589f9d2f77aeb9a60,2011-07-20 19:47:59 +0000
81152bdb4d3d1bd46006f8c156eb79c150955d3a,2011-07-20 12:16:43 +0000
a6f27587d87601004569771d0c863b5e9c5ff4fb,2011-07-17 10:18:49 +0000
a00aef1981bfe7ce55b8276469d62497a0979ce6,2011-07-17 09:34:20 +0000
48dbd3642011febf0f0395b94fb72d4e0190d47a,2011-07-15 14:48:12 +0000
2fb0fe8e0254f83789b7b8bde4481669527896ae,2011-07-15 09:59:12 +0000
774243258f17bb6a4cf0129b908be941022794ff,2011-07-15 09:45:11 +0000
7f05022ba93ffa5ea613be0683aa7b65626a8cca,2011-07-15 09:37:53 +0000
674171549c56c317c019dd6f8260eed2ac0862a0,2011-07-13 16:46:20 +0000
f8d740ef7d3b88ed986f1be8b042f1430d899f18,2011-07-09 20:29:33 +0000
a4683006712c7d35ec4fea2556d03886bb2566f3,2011-07-09 20:29:02 +0000
ec6b554e257c560163354ac62746edb40d7e8f9e,2011-07-09 20:25:51 +0000
1cb4c1c8db99d5ca5f59bcb92dc36c8aa439e09e,2011-07-09 20:06:20 +0000
35f69ef402cb80a6b08e53b55c11b24b9a69b043,2011-07-09 19:55:57 +0000
830d081ea694a5e4aa94188d94b404cec3f74c72,2011-07-09 19:55:09 +0000
57cf3e25c96523d27343f308224ce3bc7c730332,2011-07-09 19:54:19 +0000
dec79298527f6c17d30e0df3681e47a9b30aa5fe,2011-07-09 19:52:41 +0000
480e119f6d4f5b691db643fe6427d9e76a44a402,2011-07-09 19:50:55 +0000
7197206233aff406a8fcca7253e734f3fbef583b,2011-07-07 10:04:11 +0000
3a9a8f8ec67baa481beb36e2a0e5f83e2e524269,2011-07-06 13:44:55 +0000
fe92f9bb2877c1ebf9a87c88ed78104d9c4b187d,2011-07-06 07:00:03 +0000
f99a634a33abb448d2598dd7f9204f51595f3184,2011-07-06 06:59:52 +0000
66c9a7f6e3794798dbe18a5e24280cffb188f759,2011-07-06 06:59:32 +0000
7d1ab7ec08eb97ff0cfc7a0487548056f2ded01b,2011-07-05 13:53:01 +0000
b05fbb9dc2bed2fc7bed000d5863007dc3f28e75,2011-07-05 08:28:40 +0000
12e74e9857733a6d4e3f6d481fc9a42860def49c,2011-07-05 06:31:35 +0000
244e09f744e834dfeff4b8cfd8f224e9eff706c5,2011-07-04 13:42:22 +0000
e5fd7fbdb117057a66d08c330814f798af0a0269,2011-07-04 13:13:14 +0000
5515390e47cf1fcb1b7c5bb5226ddf09b8b927f3,2011-07-04 12:53:01 +0000
7a33b9375cc48e93c43dcdf3c76e447853d226a4,2011-07-04 11:53:44 +0000
48623481405fd08944200264e890fe7328accff8,2011-07-04 11:05:27 +0000
a50b55090ee8d832de3903137b8a2895fdbcdf1d,2011-07-04 09:02:43 +0000
21adf335e28c103f71e7c6a368941239cee344cf,2011-07-01 13:37:43 +0000
db914ebdb968ee1050c2c6c490d5822ef854aa62,2011-07-01 08:37:58 +0000
be695087a93481ac6649bebb4f490cd2ab8eee88,2011-07-01 07:36:43 +0000
87bef692c7ceac94767ad15c566d2bb2a6cd1b16,2011-06-29 12:40:10 +0000
8be5f83c7dc4a949d04d4650baa13c29703706d7,2011-06-28 07:14:03 +0000
13c70ac4497b9de6b70d12ad7e655a7ffaac6cfb,2011-06-21 18:03:44 +0000
153c240051eb7752c5e5f8e605ea129217a606da,2011-06-05 16:26:43 +0000
dbceef4f4326acb65809190f74cc58370f41ea20,2011-06-05 14:40:03 +0000
c477a177220ffdcc005f53bba88b25d8e8ae33a5,2011-06-05 14:18:58 +0000
f46dbcdff3f48c91933d64dae2aac8ca72757365,2011-06-02 16:15:54 +0000
3105549899064ad1e3985b12a8b6414a4a15d0ad,2011-06-01 07:40:14 +0000
1989d0806180bec851a645cb18863502324e5c8c,2011-05-31 20:46:03 +0000
f0b837d96cfa4f0e684832ca1756709783bbbc87,2011-05-31 18:48:09 +0000
8454dabad2bc9fcebb4551dbeea614f7d3a1191c,2011-05-28 17:48:45 +0000
983a28bf712747305bd836ce3ce8b9a4318255cf,2011-05-28 17:46:31 +0000
87e3b1523871d3a04a6d133205805d5d86d552c0,2011-05-23 02:30:25 +0000
f6019c7ef90eaa84058e43f86ec7cb2bb2bdb923,2011-05-23 02:30:14 +0000
0c04b90f76874313fd9a663365a411cc98f0d969,2011-05-23 02:19:18 +0000
492f88df982580381af47c6cc4472a77c22ae777,2011-05-23 02:18:46 +0000
995bc1931f065144d439a2600b9683b91372465a,2011-05-23 00:04:46 +0000
3d70f3361816d65052f0141e42114d3f24c5dc01,2011-05-23 00:04:36 +0000
877ca08a2b52275fcf93fc02fb9e9574b768c10c,2011-05-23 00:04:26 +0000
60eacbad447d4673f96c5ae4fac840abe79ee718,2011-05-22 22:53:07 +0000
fda299740364a05811166d28470fff7945564425,2011-05-22 22:52:57 +0000
21121519441c0faf4aa88faf37faecc7ee354376,2011-05-22 22:52:45 +0000
62953673bf5922060145b67712d5bc270c013f02,2011-05-22 22:52:35 +0000
88524c09403399783083c9efe1886f90a27aeaeb,2011-05-22 19:26:59 +0000
e3b9e5886c15aa2fa95f794e83681d59a7484d3b,2011-05-22 19:13:13 +0000
74fe2541f33f2319148a416d327d9f56eaf7d4a4,2011-05-22 19:13:02 +0000
c4331bfeff1a0e9000bddd2032547f44c9b81d62,2011-05-22 17:54:07 +0000
bf2a7bb6e33a4d09c793177175562f0751f634b5,2011-05-22 17:53:58 +0000
f5488a3b63fd2523ec65cd1cf88d25d291b91db2,2011-05-22 17:53:49 +0000
f6f775dea51ee3a86552e17b32b30349eacbeda0,2011-05-22 17:38:59 +0000
6a39acbc73585395210097ae3638d9d437323305,2011-05-22 17:38:51 +0000
792b1f6c0b046d61723a2a6d9d0b21cae76c09b4,2011-05-22 17:38:44 +0000
56c1710a3147bb68d280df34617373987f655245,2011-05-22 17:38:31 +0000
231b6cef3e8e7dc49bed65e062b4fdbb178ef099,2011-05-22 17:38:21 +0000
4cb29119a23b9799268f261298ec0556c76d2c52,2011-05-22 17:20:31 +0000
80749575c063663d1e58d6d77357cbc53bf883a4,2011-05-22 17:19:40 +0000
d0bdcf7957bcd2fb9c818c574f2f72d2121d6f43,2011-05-22 17:14:08 +0000
fdd3dddad51145e40ba80c29373d9225abc37690,2011-05-22 17:09:15 +0000
4b3c566ba335622c7d688d0ffbae3ef8d65b0b55,2011-05-22 17:07:25 +0000
98fa32601416e1339ff675179949932ade228711,2011-05-22 17:04:45 +0000
847dc3b10ed09649c2238b5d4a6a6178cad90681,2011-05-22 17:04:36 +0000
8d8e4a60a4a6636d3c4fbfa5a8bf7520c584e400,2011-05-22 17:04:28 +0000
54e9c7485552dafb0545c286619ff91ad5ce9acd,2011-05-22 16:45:21 +0000
4450907de54387591543590b70e3a6af38dc25d0,2011-05-22 16:39:42 +0000
0c61b92ac17e84a1d36ebba50bf882f2b372c6ec,2011-05-22 16:39:33 +0000
617d5eced3884d609b0e3fa103f37738ebe4c6e8,2011-05-22 16:24:44 +0000
727883f755f3761338cbc89d71d3c85def7671ea,2011-05-22 15:08:40 +0000
8c882af543877a222a7a81d0253132ac02f86e17,2011-05-22 15:08:30 +0000
cdde1478e5e4a122c72f367bdafe0be6d3fddc5c,2011-05-22 15:08:17 +0000
0dab12ed995b50210068fdc885d992920f42d438,2011-05-22 14:55:36 +0000
5c3e7a62c92a1d30970afe3448d6a6e1fdeb8397,2011-05-21 22:42:47 +0000
8aca0453aa8fde549098aea826605673b8e6d5a5,2011-05-21 22:27:59 +0000
46c98d2e7d827ab22f1c092a80f4d6636757380a,2011-05-20 03:01:26 +0000
58a7df85d1ee664bd4bf254dbb2a733a96596a50,2011-05-19 23:03:24 +0000
daad0b0988e085b9db616f8317fcc38d8922f436,2011-05-19 01:48:37 +0000
880cabbddbe641863943cb61511d57a73b422b8d,2011-05-19 01:48:31 +0000
5c78f1a663f12a62e240cfc53374920783df0e1e,2011-05-19 01:48:25 +0000
c326f758bca2031eda732280d712a915f70052ca,2011-05-19 01:48:20 +0000
ea9e1242631cc274acb6f25c1306dd82fe836d91,2011-05-19 01:48:13 +0000
38feb6c8facccbb9088f9901a3c87c2a07789ee0,2011-05-19 01:06:47 +0000
6709f96d82457f859d6b123c9341614015ec6c7e,2011-05-19 01:06:41 +0000
e026b3748da78d213467b1914778ee3ecfb2edcb,2011-05-19 01:06:35 +0000
ace1d16ca632098d8cfe80bdb63d7d84f92d064b,2011-05-19 01:06:25 +0000
e7746f56f2ff429c2a187f9f79bb5a8becf3ad77,2011-05-19 01:06:19 +0000
978a6093bc7a6b906f827c6e6f3d26676ef4ed7d,2011-05-19 01:06:13 +0000
e6d200aeb76170550f644291d9b82e72851df004,2011-05-19 01:05:11 +0000
0535609c2dbe6d23d63c0c1ad60b87365e1f2590,2011-05-18 01:32:31 +0000
00dbc2704a32c2d5ca9ea4799247eb4c43616428,2011-05-18 01:29:17 +0000
79288584dac68a548036d3e1fe9866ea999853b6,2011-05-18 01:27:54 +0000
bfc79674eb79a469b010e95ee59351cc96e3f110,2011-05-18 01:23:34 +0000
de8123a21442283ed9d10dbd4e6c3c1a4ca46ee2,2011-05-18 00:57:53 +0000
5ee43f8c3547eca33ffdcc09102c1e9567047166,2011-05-18 00:57:46 +0000
c01c4d3817d74e4a71b56ca649723de54cec93fb,2011-05-18 00:29:49 +0000
cde3c167b3473c52febf1dbb765b02d303bf1b78,2011-05-18 00:26:37 +0000
443d3d20820b901456127c4750ea9b3a24bdb258,2011-05-17 12:43:54 +0000
7e924e5d0fe9af4472c0d3bfdebfd5301b8cb4d2,2011-05-17 12:43:48 +0000
1aeb81d98a0da94783ad490f8210540e9fcd96e1,2011-05-17 12:32:31 +0000
e1cd53c1dbb9f314350723b3a0b36144027f5052,2011-05-15 14:48:05 +0000
f382e577d4eb53ff61b80be4889357172d4a4852,2011-05-15 14:47:58 +0000
1353049b0527f44200aff265932b643310e9bf26,2011-05-15 14:47:51 +0000
115973b95cbbf166fa7829d74d40dc2e426097e8,2011-05-15 14:47:44 +0000
a48a185727d8f1bc3b753abaa102c66f8c65d95f,2011-05-15 14:47:37 +0000
2e086664c2847afc13eea20485b656c1231352e6,2011-05-15 14:47:30 +0000
66cc3cf93112443b17f85ded1f30286620a13c38,2011-05-15 14:47:21 +0000
ea088f481eabceff1b575bec6d3ffceb041fffa0,2011-05-15 12:43:05 +0000
b446636abb92336798626608d3e739d99dbf43c3,2011-05-15 12:42:58 +0000
da3636706344201dc93e8c633340b38f6a817532,2011-05-15 12:42:51 +0000
19e33ebf07b6a00aaee27b1b0ac4db21227fe76b,2011-05-15 12:42:44 +0000
197f8fecdbfa4c301621091870a26efe05bc9988,2011-05-15 12:42:37 +0000
a7066fdf1cb9e0549ecc617a17d7dc6ddd63c398,2011-05-15 12:42:29 +0000
d8aad7315e761c5b9fc0670d671a3c2f8d412d6c,2011-05-15 11:23:02 +0000
b48431d54f287af4e46796f2bfff7a7a182ca72f,2011-05-15 10:00:04 +0000
bde3613e8c5d809322a44af6b2133afc8468c27c,2011-05-15 09:59:57 +0000
68cb4b565b9c13b9935c0cdfc17737649461b841,2011-05-15 09:59:43 +0000
22720f3178c673c8a1a1fc0d32fde4b37f900576,2011-05-14 10:54:17 +0000
8f78d352492b10d9e00087f2e17132317b91ae04,2011-05-14 10:53:03 +0000
4f997264aba18db02b5d70a1863433923952515c,2011-05-14 10:52:41 +0000
197bc0c01b69f3eee3fb97cc7a6e043de3a2e18e,2011-05-14 10:52:16 +0000
25fbde59197c4915c9eca000e1523354941ec938,2011-05-14 10:51:48 +0000
2c403b528cc921fcbe9618b0ee587738560122ba,2011-05-14 10:51:27 +0000
8a36694bd44d404f5d46bbc6ea926b130f0b2876,2011-05-14 10:50:48 +0000
fe93535ed6e6dd7f737aa55fd2ea02e3b54b89a3,2011-05-14 10:50:11 +0000
340ece76ab8549b1324d8c61cfcce7a161d0800a,2011-05-14 10:49:44 +0000
b27e7cdaf806ef7cda0548ad113e640ab6a39531,2011-05-14 10:48:51 +0000
d2267e3f7ce0689b795c1de8c10206288ec2e3bc,2011-05-14 10:48:21 +0000
b3839af16ba1678b9344bddf2c12ff7ed6b88b93,2011-05-14 10:47:45 +0000
67d5100ad943543e863a7de9dac4430019d4bea1,2011-05-14 10:47:22 +0000
ab20159b341e0a69de990b3342d4471652112e74,2011-05-14 10:46:53 +0000
54b9cec9b9787a4a289817d059abcb581fcf50d9,2011-05-14 10:46:32 +0000
15e035367034b991c1b73c0949490d5d9bfd2048,2011-05-14 10:42:47 +0000
7668dc7784f4b5a4e8e39350b33ff4260115c2f2,2011-05-14 10:41:50 +0000
2893683f97e8b39a9b03d1b87899c1fdf525478e,2011-05-11 05:31:13 +0000
2ae0fabf46cee1ed07e243899cf916d7a88811d8,2011-05-10 19:19:54 +0000
98224959c548fb9dde9b36874e65c337f9ee2138,2011-05-10 19:19:30 +0000
fa3afc3b0fb8b0d8b584e0b72d49dcf9bc38e6eb,2011-05-10 19:19:08 +0000
9c7f661a53e4bd874428407bed1aed1ec04c870d,2011-05-10 19:18:44 +0000
2a17656972e533254ab46489f59e2a2358569877,2011-05-10 19:18:00 +0000
667dffb5ef0e664a41728ea9b694311d9e9187ef,2011-05-10 18:41:10 +0000
e6ef07432cd166cb6ca10f99a30170530ae7bb87,2011-05-10 18:39:21 +0000
1804da7397816b138fbd71123a79819ab432ff2f,2011-05-10 18:38:42 +0000
2e4279717738fa82066f431f8a447344ef6279fe,2011-05-10 18:37:36 +0000
e92655784d64094fc075c715e6c9126d8f5f0872,2011-05-10 18:36:54 +0000
28b3f587b38ac1c93f9a30942350bba8253caa86,2011-05-10 18:14:12 +0000
a54957284d43e44cea5ade1b261541143355620c,2011-05-10 18:13:09 +0000
f93c01ae1b48d9af678f55ce6c62c450be9fb818,2011-05-10 18:01:45 +0000
8048af19f17f4f55b812826cf01c29e57b04aa92,2011-05-10 18:00:52 +0000
3d9f434a95732e2bc1db297b87d838b3971269e4,2011-05-10 18:00:18 +0000
e2efa39717ad79f5ba4c16a0006d6df7e27fe9c8,2011-05-10 17:24:03 +0000
1085b565b9b1318ef6d896d2e6ac3428532bea1d,2011-05-10 17:22:10 +0000
ab74682d619ba888351fca3bed03c02443c45a2e,2011-05-10 17:21:36 +0000
6455c5dd69f3bbc35373b281a48552dbd88c84bd,2011-05-10 17:21:02 +0000
121c1e51340fa4d090299cd09aebdeef9c22e23c,2011-05-10 17:17:43 +0000
651fa4f13db17b6ed33adc3dea43d3b879791eb2,2011-05-03 19:11:45 +0000
f6a74808568dfa3bd137c844f1dc96349c1565c9,2011-05-03 19:08:50 +0000
c721f9876cebba569a3d0de30e8aca5f24c6c2db,2011-05-03 18:53:01 +0000
30592425209d93f5c14fa92d5b8350d386ce9a0c,2011-05-03 18:51:02 +0000
8fe59afc41ddeb9c4601eca0d863788969637064,2011-05-03 18:47:09 +0000
5d01a2c6438c7802a6d9f97f890982a0bcac2aa4,2011-05-03 18:45:01 +0000
b2d582ea20fb865e1b58900307921061ce6838a2,2011-05-03 18:41:09 +0000
f3fbcddad4623bc405a7b934944e9ad98525e221,2011-05-03 18:36:33 +0000
5dd56b1c30f9fd3c0d2c697683085ef70086a847,2011-05-03 18:35:56 +0000
d8414bdedf8e5501fd7ed06df001696f42290b3e,2011-05-03 14:38:50 +0000
14cc4942aace909671ea464c3b776efbcd7a2375,2011-05-03 14:13:26 +0000
a76ee8976cbc6e39e86dd4f4c9e48d7f1ea48128,2011-05-03 14:06:18 +0000
7924f02df0e2fb000771741b01915f9f455de5fc,2011-05-03 14:04:04 +0000
9e070a5702a3287e9d0efd6cad2ca5f77ebfb97f,2011-05-03 13:59:36 +0000
d6aa234d8cb80e9e4e1add9c5602e5f17d7d83d2,2011-05-03 13:55:07 +0000
cb8ec8461ae2af5f04eb28725ee0d26c633e62a3,2011-05-03 13:53:07 +0000
ece39c166f43f69cc3ca1c7080494ed545c07929,2011-05-03 13:52:42 +0000
b6926452b333e3e2858c309521e7193e05c22b88,2011-05-03 12:02:58 +0000
af1d8126e79b6a4b877307cfde4044a20e2e40e0,2011-05-03 11:55:43 +0000
8cb3ede66e3a7bb6ef9c31d94f03e4cfb57395c4,2011-05-03 11:53:37 +0000
974acf4d343c1f72397573c13252872340387fc3,2011-05-03 11:48:49 +0000
bbd24f70c55ffaa96b447db4b0ca4e5f1d72633b,2011-05-03 11:46:17 +0000
106c143ecc7d87b8615daeaa7066aefd5d8cfbfd,2011-05-03 11:39:46 +0000
66ce5d451f2208cfdc6bdbd504379b298d5a55be,2011-05-03 11:30:52 +0000
28e45bb331f717cd9b1ea93aba979e2bdcc6f8b1,2011-05-03 11:28:32 +0000
28901d863ddc06f7eaaf15cb79c41553394c5f1f,2011-05-03 11:15:18 +0000
4aa9f2cce5c586607b68d0f97369cd25e444d5a2,2011-05-03 11:13:27 +0000
71d44b1555fbd3b787ce0c02583d0c8e621c518a,2011-05-03 11:10:51 +0000
fdc31259b0aa5cfe43faf73e8790e47cea5ece72,2011-05-03 11:10:23 +0000
95ac68de7564464961dbaa000d3afdcdecd962a9,2011-05-03 11:09:59 +0000
b8cd5d13c146631d51556328a500822eeff104eb,2011-05-03 09:18:41 +0000
4948e7f72ed58a8a02c213fdc007fe8efe89d9ad,2011-05-03 09:18:14 +0000
d7d4b9ed0beb716a7e269329510f676c2a3dfafb,2011-05-03 09:17:51 +0000
5b78629c44ea121bd3ac1a4ba701c1dc6a4b9306,2011-05-03 08:56:42 +0000
ace11173f5c2160c25929e98d880141bfb0d6fe1,2011-05-03 08:56:11 +0000
fec3facfbec1164c04546bf6370bbad43022ed21,2011-05-02 19:16:33 +0000
30b8ae28adfa6b6a68cce5d5322ab33f560aa5d6,2011-05-02 19:15:20 +0000
e203823e4ae00311cf2f5124d612f06ef9370036,2011-05-02 19:14:24 +0000
510f309221f8bbb995f069130ab1051222b34baf,2011-05-02 19:13:17 +0000
0a87e31b6eee1a15196256816af8d12ae8bac790,2011-05-02 19:12:07 +0000
6c1183b44b71fb79b47657ba6993881d44188cb8,2011-05-02 19:10:55 +0000
24f61c45fefb792b413c9b86fcc1ff98b983e337,2011-05-02 18:09:17 +0000
95d521f97e24e65748fb998c118f9b77f1774ffa,2011-05-02 18:08:18 +0000
b253bdc43916f26a09d2c0b2ba14f67c4b6488b7,2011-05-02 18:06:44 +0000
ed99932b26c9edc91a5beb0b83f1510aba8ae3d8,2011-05-02 17:35:21 +0000
114ffb61f5c74e2a2bcf229cf8c554a18cef1cad,2011-05-02 17:34:51 +0000
bb01d5805575c41782ea4195d87b8652899f4b5c,2011-05-02 17:34:11 +0000
da9194b9b6659b423fc0818c184b0845e441eec1,2011-05-02 17:33:35 +0000
52d385340074406f3676a31f6225521013418d0b,2011-05-02 17:31:44 +0000
00e0c2abadb5c07f020aeb3d17d11978235ee1a2,2011-05-02 14:59:47 +0000
bcc4d79400b1370f87c279c86e989927e8084e09,2011-05-02 14:59:06 +0000
dd5831fc0bbbe90a6e7bdbc83a0da19637aea1b6,2011-05-02 14:58:24 +0000
acc8a64186dc774e0b86141876fb4b71d49c1dc0,2011-05-02 14:57:20 +0000
827cea5065f9b17774c75e6a0082002c7d392660,2011-05-02 14:56:52 +0000
2d6799a696c53655f23d40893eabd3c5734492a9,2011-05-02 14:56:24 +0000
e1fca932af5f994632ce448eb176e2ef7ad6975e,2011-05-02 14:55:48 +0000
175045a02396fa93ab15d14284549fdf06e378bf,2011-05-02 14:55:00 +0000
51de6a71e862c6a3082dd013f1b7a086f7d4e362,2011-05-02 14:52:51 +0000
951055102fc59c52a2c4c585dd6d3644142c930d,2011-05-01 14:07:02 +0000
73e44488470e47f9b1107a9de30e5c357cdbd350,2011-04-24 17:06:00 +0000
6712244acae1cefc4c6680ea322445db783e6c5a,2011-04-24 11:32:19 +0000
acdac4aad0e53c5508916b4359eca42725e2cf72,2011-04-24 11:31:47 +0000
4ace1034508a44b0ce0998b3e6787352710fb9e6,2011-04-24 09:53:23 +0000
37d42ef815b491a08ad3697fb0f07898901274a8,2011-04-24 09:53:04 +0000
de106876bca3715220bd84f2847d101480aa4ccc,2011-04-24 09:52:46 +0000
d0655f0bbad8f3b08043a38201baa7e1a5dea986,2011-04-24 09:52:26 +0000
17b669d703b140dfa6ddfc484e79d83b79d18409,2011-04-22 21:05:43 +0000
1a7988bc224f6a55dbd3f0cd7accf3b50a36192b,2011-04-22 20:16:09 +0000
3012150d2ad5b7829f73f3897e61e7d855cb07f9,2011-04-22 20:15:29 +0000
12b1f6f513830ce1ed0201453fd3c307db8b6cec,2011-04-22 20:14:31 +0000
6ec9a6234d7abddc96f9e38211ff66ee76cfa1c7,2011-04-22 20:12:24 +0000
22d18abd7b59d37cf758cb59a5c1370919066927,2011-04-22 19:30:24 +0000
dfcf8e2078c993ebeec8bddbb6b304ca3a411a4e,2011-04-22 19:29:54 +0000
ee2055e105dda92ce1a946ce6c8295c11512125f,2011-04-22 19:28:43 +0000
f7bf4bd866089228969dcf8d817cae8f03d47c1d,2011-04-22 19:27:41 +0000
0c1fb34c847382e7d5dbbcc1326db5383e54f82b,2011-04-18 19:36:21 +0000
5513229fa78311c5ad8dc703fa6cfcaa780cec88,2011-04-15 08:25:13 +0000
9fe33c9dae80eedca5469ce4bde74da9063ba2bf,2011-04-13 18:26:14 +0000
9d5a156b4c5cf57dc7951814bc7f47cead3ecbc9,2011-04-13 18:25:23 +0000
6ed8240d2f03e0cf238953de99529eed470de7db,2011-04-13 01:59:48 +0000
5fa5fcf348ac3fcf42a5e5e09ad7433bedc552fc,2011-04-12 19:06:32 +0000
c83acc26a98271473844af955a9bf55b6faf22ff,2011-04-12 18:59:30 +0000
0a713db634fc45e251bf1677da4ea1bb82fb48bc,2011-04-12 18:50:32 +0000
f9e33cc8ac5b8dd1985b1e6016846ec3d1dc5192,2011-04-12 18:34:51 +0000
a0b72a20143e808b9cbe8176307ef58a95dcd2a5,2011-04-12 09:56:45 +0000
613f3d38b7d61f61468cc51142f9837728e9069f,2011-04-12 09:43:58 +0000
5b920c9cbcd7cc61e0c06505a8307dcf0e446db5,2011-04-11 23:04:08 +0000
7e9ae879b79a033a996d96c03ff1c916d1e2a121,2011-04-11 11:33:14 +0000
aff319c6aeadb9bb73236072c0ffc3bec6f84f59,2011-04-11 11:29:28 +0000
79c05f6d773035766a4f7131fecb6c9dad1df989,2011-04-11 11:26:40 +0000
bb2ad5ddee3dbf4347d2700a7420309df382498f,2011-04-11 07:07:07 +0000
2589e30607864043e051ca09a625be4f0958520e,2011-04-11 07:01:36 +0000
f46a067fb3c9efd19e4306d5c9a761250308b719,2011-04-08 18:31:11 +0000
40ced0025dcf96abf800d6bca0efc6505054038e,2011-04-08 05:45:30 +0000
6d832a862370f2064b11cb212c2563c05527b239,2011-04-08 05:27:13 +0000
48525f1759b7685b738d0c074acf99c38a72bed3,2011-04-01 07:08:30 +0000
fab1ca0f571bb86575803d8f3900ff68f36a31e2,2011-03-25 13:42:56 +0000
8a743532aa51beac38cae7035f0d389f32e93d73,2011-03-25 13:34:19 +0000
ac3feaf89a4bec54bd84b842513e3962ec4eff79,2011-03-25 12:08:47 +0000
d37bab46045fc203e74013305ff1b13f095c7c52,2011-03-24 18:22:28 +0000
6967f6b9ed4893e285faa3e0fa436bd640505685,2011-03-22 09:27:20 +0000
b0b77897d1f48a0884fd0cdef314bc3741dc6234,2011-03-21 20:27:22 +0000
3b0de8fa852691b88cd63ff78d01fee486e6ba18,2011-03-21 19:22:13 +0000
bf302470f904fddcb49ed62fa619fe7400e00d38,2011-03-21 19:19:56 +0000
de6a3323b374c45a6058171b2d1c23ee5621125b,2011-03-21 19:17:30 +0000
3bfb5863ea1c0c7e0a838c15a11eeff0bff13670,2011-03-21 11:59:55 +0000
82de3f4a5de5c6f1cb46135ca07eae4ab33e27ea,2011-03-09 21:17:42 +0000
da5cd75af1fe64f02d4c5f02975d654e9e421a3b,2011-03-09 21:17:19 +0000
3c1daff7ae2b77d813e626c1330c60a2e4e1746f,2011-03-09 21:16:39 +0000
6f4a6c095959f458fd534be6be3918cc42b4f582,2011-03-09 21:15:48 +0000
81cbf50e2954088f4084ab3ee521aeea2f21bff6,2011-03-09 21:13:51 +0000
bf1023feff612c40e2f7834b7c44a8c1fb1bd694,2011-03-09 21:12:47 +0000
a6ad8ad44448c00d87f9eee567f38bee52492d77,2011-03-09 21:10:50 +0000
a462b62ff0ecfe906defe919f40fdf369d72e162,2011-03-09 14:11:01 +0000
e1febbd53ab553bc6f7ee7defbf2f53a797bfaa9,2011-03-07 13:19:09 +0000
db7aa9cb19e29f6a703ff2a790b0a6c3bd01347d,2011-03-01 15:54:34 +0000
3225dbe2b0252e1fdd6156695f8d756334b0088e,2011-03-01 12:29:57 +0000
0cbe537cdd5f61349c8e7712f2d6584739ef7823,2011-03-01 11:20:59 +0000
8f60a6f33b60bfb33dc0fd35e7ec8ef88d0460c6,2011-03-01 11:17:35 +0000
adb03657103ee13f8e0b42c613f67e23565ff424,2011-03-01 11:17:14 +0000
bbb42071c8c363dedc4dcaf2a2ddd732802dcdf5,2011-02-28 11:23:24 +0000
0112acc06ecdc692c9f0d6704be909b0ffced890,2011-02-28 11:21:27 +0000
8f6a72b4ecf1e082b4d03e079b3e3aacfb7687e8,2011-02-28 11:17:19 +0000
6895ef551162c7571108c8750a7df6d866db130d,2011-02-26 10:59:20 +0000
322cedcf0b573fc9ac553d562a6d4c1786cbf22d,2011-02-25 15:15:42 +0000
ed7dc6603759b87036b33d71e79fdc2130412bce,2011-02-23 20:46:06 +0000
32547f4fbaeb57aaa8d2ab0b8e3a3b807a84fb07,2011-02-23 20:45:22 +0000
51413b70ff51474b36a54722a56d586ad5fd6cae,2011-02-23 20:41:14 +0000
2f3654be3f64301bd2ce02881b1c7a16d7997b77,2011-02-23 20:40:36 +0000
2c4681189383db549c14fda187b58fc1b8d3102a,2011-02-23 20:39:34 +0000
ea2a4123effa741d2f58bf3bf5bcb9bb29be1de9,2011-02-23 20:37:45 +0000
04701ad73b6274a3f5768764d9dccdbdb136e9de,2011-02-23 20:37:10 +0000
d602e5c15fd60f1e7c551975fe1bd9087b425160,2011-02-23 19:54:44 +0000
6196954b0b339af843e04f622c1e410462ff2f3d,2011-02-23 19:49:53 +0000
9316115d219b897855d8e8da16690fe723d6d926,2011-02-23 19:47:40 +0000
959709ca61d3a433836e32a173e011c6968ffe16,2011-02-23 15:25:39 +0000
b4f7f73f8d4e0a0ed67bef7420aed5658d8f539a,2011-02-23 15:22:44 +0000
2e988432880dc0603651c1b76664bbd14d4792ab,2011-02-23 15:19:13 +0000
b1a80544624004b59101963fa5e5791cc045c635,2011-02-23 15:11:51 +0000
8d8473b58ae59b7bbff6e8e3334367b9f30fcf60,2011-02-23 15:11:33 +0000
77ed87c2aeb2caa05b3e8276bc1a3036015a537a,2011-02-23 14:13:48 +0000
f4fbee080dc0d44a6de0718ae939bc0c9abdbea4,2011-02-23 13:58:49 +0000
cb24e553414553c9123d8899f9fdfadad2253b14,2011-02-23 13:56:56 +0000
631cd3af27c96ddb413e864c66fdee65aa733706,2011-02-21 09:22:31 +0000
e064bc9934e0a44a6fa61ac7d2b3e0ce9f0b1a73,2011-02-21 08:47:20 +0000
7cebf7257fc493209bca687db1ae4c47ed3f6352,2011-02-20 21:48:19 +0000
7102334b0c8cda266cd8624ca66fd91958640bea,2011-02-20 17:21:02 +0000
67a072a195602936da1613c32fd35bef0ab8877a,2011-02-20 12:59:13 +0000
a252082e48d76e0417533ecb746293b4da3e51ee,2011-02-20 12:30:15 +0000
b5fd139280fd41ab403057268ecd9b92ecb9108a,2011-02-20 12:27:22 +0000
4c0b0d40332a629fcb1d508ea363c3f3374bcc67,2011-02-20 12:26:51 +0000
daabf000be24be704dc6addb98f7cc5237fb4bed,2011-02-20 12:26:03 +0000
3f2e5563b0bf591a88919adbc3174b664a7e3111,2011-02-20 12:23:02 +0000
69b04b4f948faec4e01fa88f46d29cc0c4c25698,2011-02-20 10:46:14 +0000
7c60ffc068dcd3254659e5c16584cd18f47abb23,2011-02-20 10:39:54 +0000
e9e7ac94e30e6748c3ba2c396252f9a9324c4c2d,2011-02-20 10:23:01 +0000
3d5a0b52c606048f818dcc51d082bc8051aeb36a,2011-02-19 21:01:32 +0000
1841cef62a314f6c1b8ba264ed23a50bf25468e6,2011-02-19 20:37:12 +0000
4025a18e54b3ef871d87b579e9600e98b7b99a53,2011-02-19 20:36:24 +0000
460f550aac74b5f558a54f686480c0b57cae293c,2011-02-16 10:49:56 +0000
6f1e09225e21e2526a984265f644645156b4db90,2011-02-16 08:56:55 +0000
c3bd45b8157dcf5ad1ee0fa9ed23acf80dbc15c6,2011-02-09 14:29:21 +0000
e0cf778df5f900691943050fb70aea50e350ee38,2011-02-09 14:20:00 +0000
53bcfd7f153dd6f27eafd4d15ce3eb6d312f954b,2011-01-31 18:29:34 +0000
3ad4b9daecfd6f222f49567535e018519587dadd,2011-01-30 11:09:51 +0000
3d0e0eb12a0b64308c3b523ebd3e8c3ec9f25d1a,2011-01-30 10:32:33 +0000
2d859d68cbecb2dc53315021d71afd046fe80f87,2011-01-30 10:24:05 +0000
4463d78a8c1add0ba0a7276e8ac89d76d37ec399,2011-01-30 01:50:27 +0000
cef4151bc135ba303f0a30f4c4f7913089f03f42,2011-01-30 01:49:57 +0000
8d8640ef5e7fd4f6632adf419c53559d0173d9fd,2011-01-30 01:49:08 +0000
35192bd759e0341217dc76ec1ff1fc4c152b00ea,2011-01-30 01:48:37 +0000
8618f7e33bac94a5416b1502825478a4da36de5f,2011-01-30 01:46:13 +0000
46140356d95e67609715de40058fd16ee43ba2e0,2011-01-30 01:43:31 +0000
ab9559190ebe496b02a74f31c84ba40569b276c6,2011-01-30 01:43:20 +0000
fd52f93d37570eb758495262098a87b413744da9,2011-01-29 11:52:59 +0000
934d9436fb49b26064ad153c5bcf1e823a0f3e11,2011-01-29 11:51:52 +0000
23002db2cc331c44d2abff8e492fbb5d83ba324c,2011-01-29 11:51:26 +0000
54c8bdb203e6128b98392a78e77f18b29c8da2c3,2011-01-29 11:50:57 +0000
f3af70c1c6fdb4310fc9d879c112a52ad19c38ed,2011-01-29 11:49:50 +0000
0095c27f32a8d91646550f420a9931412b1e2639,2011-01-29 11:45:24 +0000
65a0c42b8eabb69f6af03d2c0d7d7f8a7245d93b,2011-01-29 11:43:43 +0000
696a2cc7464a4efe3a08654c2caf409aa1d31b4c,2011-01-29 11:40:40 +0000
c6ab9f666cba3f389cf17f49b56833332c823101,2011-01-28 15:01:25 +0000
9aa9075bc9465c119cfcda4bec6cac49ddc749bd,2011-01-28 14:37:26 +0000
b200611d7d1e6ae335f0cac229706d63bd6d25ec,2011-01-28 14:35:54 +0000
0184f571ef4322bf4fdc2d43e790402f8b6fa3ee,2011-01-28 14:27:36 +0000
2843612b2060f30fc76bfd000a63bf88e7fc7a90,2011-01-28 14:17:21 +0000
6fe863ea16a4d969ce8636d8cf48ab4f5538d685,2011-01-28 14:16:35 +0000
08229c1957eeb8c4e57bde93a43491028c96966d,2011-01-28 14:16:22 +0000
861257e1964ca72a06b27ba1fb1b463441562c1d,2011-01-28 14:16:03 +0000
c898ea1c543cc63969194e962308970ee9f53099,2011-01-28 14:12:47 +0000
a92afae64f98b138d1fde3bdc372318e7e51899d,2011-01-28 14:09:21 +0000
79375559594fb867547d0fe08bcf64b92819182f,2011-01-28 14:09:09 +0000
7e38d453b0f703b1f206b2dba830b1426b8dd77a,2011-01-28 14:08:08 +0000
930ecf0e0f5fb2886e19f6befaf531ec6d6f17a3,2011-01-28 13:54:22 +0000
c76e8950a519b7dd94fc0ce4bf174767d4d68679,2011-01-28 13:27:19 +0000
bd2ee6076f87b0bf678311efc47d6d9e020bac97,2011-01-27 19:27:48 +0000
6d1ea43d80552d742ccc043758d9133fed9413c2,2011-01-25 14:08:26 +0000
3a155d333879af4e857cc57177fd2019e925735d,2011-01-25 14:08:12 +0000
f16f55ae5aa50548b5c9a33f659664f52cd41c1e,2011-01-25 14:07:42 +0000
1f4ea2f23dd42024c144f5c1c4f2ea4b337879db,2011-01-25 14:07:14 +0000
c02e194c4c94479637b39897fc9cf65fb9ac1c99,2011-01-10 10:47:31 +0000
703e5a5a9dc277fe716e902ccdd0d6fd5271d2ca,2010-12-31 10:04:34 +0000
307b7669f50738a49500df98b2cd3fd735d5060b,2010-12-30 16:35:44 +0000
efae238a5eceb90574885ced4dd3a5a2aeea5739,2010-12-30 12:58:23 +0000
54fd783060b694fe53a18f4e9e6112ed20570819,2010-12-14 08:40:28 +0000
a99810fffa91d89b494459ba9439dab2cbfdb624,2010-12-14 08:36:07 +0000
7752803dad18c7db3a11e48dc39da8a26bc2bb1d,2010-12-13 14:07:00 +0000
c7977656f914f03c1454d3d613272e6a97052359,2010-12-13 14:01:07 +0000
06a4e70e26d963daa2deed6fe68cd6a9d6f21693,2010-12-08 15:41:18 +0000
26941c724f5c62b7adcf2c5b38b08218869dc662,2010-12-08 15:36:32 +0000
a1e0e9a041e89eb716dd76b0452d275b0819295f,2010-12-08 13:45:47 +0000
ab4f921f9781d59bb239deef4d8e45c557a3951a,2010-11-25 15:35:50 +0000
bb3603f5a945efef24583136282f61644c4ff297,2010-11-22 16:28:37 +0000
c956a169fb6c7d76c689c5532b7ee5f6cc445e6c,2010-11-22 08:10:41 +0000
351e946270b874a2d32247ba2b6efec218a14327,2010-11-20 17:24:21 +0000
558c58b0e183183eaf9bd732cd69c03d7cb2a4d0,2010-11-20 15:05:49 +0000
ab12b099cabe94ffdc882edbad74aa9381132bf1,2010-11-20 13:49:40 +0000
136af744e7f313f97b69b6650f247bafaa98a8a2,2010-11-20 12:40:23 +0000
9d9e75eb61d95efce7024ed8c6b45cce15fd8d86,2010-11-17 13:01:55 +0000
68305a0336cfdd4febfbdf29852c925988f053fb,2010-11-17 12:53:16 +0000
61c3f6dc31a5ad9936b4277d8e368de3caddd2fb,2010-11-17 09:22:54 +0000
dfa2e85b88cb4c05201d7d954f594d5fdbdb0ec8,2010-11-16 16:40:10 +0000
ede0e0ee7391db729d57d2e7525f2b69524a6e0c,2010-11-14 09:51:47 +0000
953a6886bf9925552c7fd32efe46eba453454bb4,2010-11-14 09:46:11 +0000
5852d15c01bba59e2fe760e976658b5525348e91,2010-11-14 09:42:40 +0000
9340ee1ca037bbe6cf9037c04177e4a4f2cec709,2010-11-14 07:05:50 +0000
ad420a3ed4eb720d462bd1475f279152a97f3d17,2010-11-14 06:02:46 +0000
f1847f2d8a1bf523ce470b6b23b544e75a163891,2010-11-14 05:59:42 +0000
771cbe6fb1fdd6f410d907734795f152a36e4597,2010-11-14 05:57:01 +0000
f2ff636d6beb4c49a6063e8951077b8dba36ff75,2010-11-14 05:53:19 +0000
c06340f2fca283bd3ce74910a4f2f46474c7553c,2010-11-10 21:32:08 +0000
10cf63567a1c0505ffa5afbbb721c2d74eb211b8,2010-11-10 21:31:59 +0000
3e1be92bcbef332cdc6dc2c9c57a99bd65a4b3de,2010-11-10 20:43:28 +0000
bcef7f861358059ac7b069634647b3635321871d,2010-11-10 20:30:23 +0000
1a251047a1d7803a1bb67036500cfa945ef1c8da,2010-11-09 03:05:30 +0000
95fcc630c6233abb0c3b4d429ffda76b28a108df,2010-11-09 02:37:41 +0000
1e676a07b0c76c404a39864777dae098df7f1778,2010-11-09 01:51:18 +0000
85d6d10c1fa14d051d5796d2b1a8700c722f3516,2010-11-02 14:14:26 +0000
bcb932acf55466928323e2d077ed96e7dfc78dee,2010-11-01 14:01:19 +0000
81c5819fe8c68062bc2be4ebccc94be9a3b52c08,2010-11-01 13:57:56 +0000
84e4df343db86df6fd7214871b44310fe9c9134b,2010-10-21 17:53:10 +0000
15875523fc872f9ae2efa28f68225821374b0408,2010-10-21 17:38:05 +0000
70eed622fa6503db69ee3d0df4946b92a080bf43,2010-10-19 11:49:19 +0000
96abee5549f0ec9e81b3479865ee7504e2f3b4ff,2010-10-19 08:07:21 +0000
e2eec03748a4c150102a5b384dc8c27941b742a1,2010-10-19 08:00:50 +0000
e8c447aeeb490d0ab2e509ffbcddb1e3617c9ff3,2010-10-19 07:37:08 +0000
da5da0d1d5cee6c8ea4d5a8f403bfa7798d3ecde,2010-10-15 16:01:20 +0000
3ab4f518e24eb7594954dd2bdbde6f3c8c904405,2010-10-15 00:53:53 +0000
9ba5ada30e5c519893e6ebfe3e66cbfd98e1dee9,2010-10-12 18:50:49 +0000
46b0ff712e8821bf97d51ac84b31215908dee958,2010-10-11 14:38:01 +0000
0935899b062a473ce082ccea0fcf53d0b7029091,2010-10-11 14:37:48 +0000
e9479e513657def2b09ddf1360f15154dfdf1937,2010-10-11 13:07:58 +0000
e537938109f350c9fcc0088293a42a62d070b2b8,2010-10-09 16:04:39 +0000
5c0f81dcb39ab347ee834d9cfa0be7971e5a3049,2010-10-08 23:36:30 +0000
fa2ef54314d79cad138e3defb313d2680207b05c,2010-10-05 16:25:07 +0000
82fe579f3a9f43dd8fc48cf1ef9543828bd75cd9,2010-10-04 19:32:53 +0000
85d46ceea2ae64a3550d3aa956ee89b950452cc9,2010-10-04 19:31:21 +0000
25f049e83adf166d705c43efcb5562d0018fe3e6,2010-10-04 19:26:56 +0000
9ea23270f498e48f68d9e24b6a38edd291218dc1,2010-10-04 17:29:27 +0000
d213f112644d4c05f75514b164cc68d051a75ed1,2010-09-28 10:53:56 +0000
9538eb560213b8332ad48c687a1c337ddbe96cdf,2010-09-24 19:32:58 +0000
8870cdd8ae2dd46788a6a49da55d12120a4dd705,2010-09-24 19:32:22 +0000
ac36f1193c7b764a96f4c9e83b39e4ac161a51fb,2010-09-24 18:52:22 +0000
85cf2abee1790082b28c36610fd13de2ae2fefea,2010-09-19 09:14:28 +0000
b1df8ada20618c7c953d104248f635378386f6f5,2010-09-17 10:34:02 +0000
382ece9912d5a2d20b63896de1a5071591f9dee6,2010-09-17 10:30:09 +0000
8b56dde6156ddec7a3a72837542e4b392d9bbf94,2010-09-16 16:39:22 +0000
b7bb7ddee06e482c1e593c9725e6df0e2fb522fe,2010-09-16 14:04:49 +0000
58044877092f3c929367cc7aaf6d7b08b0f4252a,2010-09-13 15:53:30 +0000
16df12630dcd6d59911b0d87cf5728a089dd6579,2010-09-13 15:50:16 +0000
1668d068d9a481554bbc559365512be526799252,2010-09-13 15:49:27 +0000
1629063125764e7a663cb1e7aba53fb5f1a7aaf8,2010-09-08 11:22:51 +0000
36aaadfb7b84bb012189abdda248d9e56372c5f7,2010-09-01 07:06:18 +0000
5a71b39a0aed06142b997f91d3764cc64e972d0c,2010-08-31 18:44:00 +0000
969f6a784a8f3cc4878415531c9a884427c82ce6,2010-08-30 18:10:26 +0000
734efdf0c4d8e28d42a137fcb7569c27ae24423b,2010-08-30 16:49:58 +0000
78eb8411eb7f8a269a7ede1a3888fb8e8f9f0064,2010-08-30 11:52:36 +0000
cd49e85498825bab7d42dc138eb18bb27857f562,2010-08-29 14:03:22 +0000
553bb286236a17d477c1b727875a39c26ed7131a,2010-08-29 13:58:03 +0000
ae082f62c60d702c5c0d20614d4c4001bd8fe5d3,2010-08-29 11:26:53 +0000
aef609647466f85b0251f33fb77655dfdf4a6c45,2010-08-29 11:26:38 +0000
b084e438868dd5bde4162e3add39eddc5c490321,2010-08-29 11:26:18 +0000
303d17deec8f92c45d63e302396bace1f47d6d5b,2010-08-29 11:25:38 +0000
5ea6f9cef319ab8aa2dd9fd4c61d2599e926d083,2010-08-29 11:25:17 +0000
170fb12a6eae0d9b00041ab24f80169888d150fe,2010-08-29 11:24:44 +0000
b341ca76f62310b4253a8a18ee65b18df8983040,2010-08-29 11:24:26 +0000
64055265740ae71dfe86b7fcc9743b1ddd9d7d3a,2010-08-29 11:24:10 +0000
8a242558dd1a56761aace09f25c0884bd9f4dfea,2010-08-29 11:23:52 +0000
378e32e8116e0845744fa11a4b4abc61ebd49bf4,2010-08-29 11:23:32 +0000
a2ad658b37acc89563d0e25ff283de78fff33dff,2010-08-29 11:10:40 +0000
4f22d80cff400e867795017779572349c42142f3,2010-08-28 16:45:13 +0000
df61b136fb177da2cd7df1b4ea691c2d67e7fbb0,2010-08-27 07:10:06 +0000
5429802c3df4e5000758650881bff3cb25702b0e,2010-08-26 17:21:29 +0000
45c432277dd26cc89e48b86d8e97190d020b0901,2010-08-25 13:49:12 +0000
6e369ab64d127d92b7c851b0c6ad0dae988613d8,2010-08-24 15:49:50 +0000
c11dd46f36d026d049c33627120083d5498926a8,2010-08-24 15:42:52 +0000
9d34ee2c31052206fd6e22e73574fe6c8644388d,2010-08-24 15:36:43 +0000
79fabcbc25bed14e07262756936ba54ee8ef40b7,2010-08-24 15:35:57 +0000
9262fe5733ac192aaeeba7a25afaa4b678cc769f,2010-08-24 15:34:18 +0000
02ef7d70787ce631dc266c6c19f1965d607f122c,2010-08-24 15:32:21 +0000
b5a572bceea46bf66b9b14a15f34ecd2bcec6adb,2010-08-24 15:31:24 +0000
ce797cf58e1cb0a209159a71f38d6452ef0b3234,2010-08-24 15:27:07 +0000
73b3d0cf6b535f502f0da080804131d2f1b97a8e,2010-08-24 15:17:45 +0000
3084af2dccdd8f7bc15f740a68b1571bb2cbb624,2010-08-24 13:34:35 +0000
9d4304ea739c511edb65a7418b4665aba36fccdb,2010-08-24 13:28:04 +0000
82d515985d075bce437fa732c6c94acd98f7c56b,2010-08-23 13:05:44 +0000
415e2c1dadb71f782b61d0479d9e7b76ebd99fc1,2010-08-23 13:00:30 +0000
d6d255c7985788f9b6af6ffe81769926b12eb0d2,2010-08-23 12:57:31 +0000
8f62e4dd07cbff6959719c8fcea72cc9067ecea9,2010-08-23 12:54:53 +0000
3033b31c81005b18271a51545b6a67664040934e,2010-08-23 12:07:32 +0000
ebd94841b52e9819d7b83fffaa29278d3e9cbc9a,2010-08-23 11:37:04 +0000
723dbd0521112bbd581a77e3795f7b29140ac5d1,2010-08-23 10:06:41 +0000
a216bf104cb167578ad8cad976dd67c473c0874f,2010-08-23 09:53:17 +0000
aced523b614084936e6ac3c1da5f1a12c4f63c52,2010-08-21 13:07:55 +0000
ad340a09a407e16a3e4615403417ee1715f62615,2010-08-21 13:07:11 +0000
747a9177403d4003a28f5025dd5d3c397b0c1452,2010-08-21 10:38:24 +0000
5095cc61bb196e4ef80a2dc7201f12508b836c18,2010-08-21 09:34:36 +0000
db7f280c4111dc653979aaf860d038dd0cb7e7cb,2010-08-21 09:08:08 +0000
a392def218ae5ea84579feca50169d68c882aae6,2010-08-03 08:40:27 +0000
b702aff648008902fcbdef0be042772be3f40538,2010-07-27 12:12:44 +0000
7ec0ec6a6885b3ef6f3905077b1655f3c668d188,2010-07-23 12:19:24 +0000
6e86134c643212cf84102fc2535367a9cef9b233,2010-07-23 11:59:23 +0000
1a09912463f53e1d28a12c8df4e6a4cf483c52d3,2010-07-23 11:54:00 +0000
2793d07e7592c7bea0102178a079d3f6f3f17197,2010-07-15 18:46:30 +0000
f06636a731de507cdd1279f0dd8f1674cecf2e75,2010-07-14 10:57:53 +0000
d34fed697eca22b3fc708ecea86f21a0dd670f32,2010-07-14 10:41:46 +0000
115abfd9cbb162711c6c3a8a7cf6ee81df13bacb,2010-07-12 07:51:46 +0000
b06fa5e97eba79e1765c06dc475bb5f747998cbc,2010-07-10 09:34:36 +0000
3b7fa9121867214f8d8aa77b3f4270cf8542a16e,2010-07-10 09:31:36 +0000
ac3329c4349b9f9ea27fff5312be23ba6e3e6971,2010-07-10 09:17:07 +0000
0df75a8b9360af9adad175783fd2ac00ea3a7a90,2010-07-09 20:28:08 +0000
d52e523283ffc5069e6cfe82933a8a1a743e7d4d,2010-07-09 20:24:54 +0000
01347139d2241dc902048652d3f585deee869371,2010-07-09 20:20:44 +0000
833c7ad77ac1c1f75b142ad378d36ceedd230085,2010-07-09 18:57:57 +0000
81e86e6486f9ac09cafe99439f8747d914c96ebb,2010-06-30 07:51:44 +0000
92149dc3ca87f71ac652882ab2cec9ab06df8f2a,2010-06-29 08:09:55 +0000
e389b32a943262d7c37c9a514cbbbe540d1660a8,2010-06-29 08:05:47 +0000
07657499d0d4bdb93b0932f2f2e93d9c44debf22,2010-06-29 07:55:26 +0000
ff031243e0b3328e1cf136417146c94ee320c65f,2010-06-22 21:00:59 +0000
9bf65181ba2c9696985713d1f514e9d5b218b1e4,2010-06-22 20:42:43 +0000
13e377baf6d511fa2943a9ca686a9f1d199b99af,2010-06-22 13:43:22 +0000
016b4d22b354496d578402ccf7df763d1a9be76a,2010-06-22 13:19:40 +0000
b0ed6b052db5137130b49611e92cabdaff2f461f,2010-06-21 07:37:42 +0000
8041a054b71501ab93ccf0d331e69bde0c753a4a,2010-06-20 20:11:30 +0000
52e12c4975552af826f824bc37583a7525aa2d04,2010-06-20 15:18:34 +0000
34f4b9e0716bc91081e91df56b38fb313e030345,2010-06-20 13:06:46 +0000
4163e5a6fed7051a79880a69f1d2e262ee6aee89,2010-06-20 09:27:37 +0000
d994cee25d26bee30897ae8bc0210127d5cd8834,2010-06-16 07:38:40 +0000
eca83fe2c99ee72d9f4f6d19791a2725db6b36c0,2010-06-15 12:46:01 +0000
c5d44946db9cc8e926350228804d0480b27a63d0,2010-06-15 12:42:49 +0000
8270217f07c445c21d88c4e767a67ef7d02baf37,2010-06-15 12:34:17 +0000
4c194937b97c19214f07bfc025cc0c0eb0d4a737,2010-06-15 12:32:11 +0000
ba609806d63da0068ed6a663f94621ad54804c1e,2010-06-15 11:13:50 +0000
ed8f1e9c3b843f92de44615be9ff0ea53f6a5315,2010-06-14 13:40:50 +0000
8aef3928117192955ea336c55b9d9ced885261dd,2010-06-14 13:38:25 +0000
163e370ed29d5a1c110fe1f5f526777ac8b24054,2010-06-14 13:35:32 +0000
c4213a84b60b9129a357c72ea9982821a0f89685,2010-06-14 13:26:51 +0000
b437c97b267f527a5dfdf62ba93a4653e095892d,2010-06-12 22:51:11 +0000
2fe7710ccf3c8d4fd2c5791e51614ff6b2fe1390,2010-06-12 22:45:31 +0000
226111e459981f4f4d3e9c56044d13c81ef6df81,2010-06-12 18:09:02 +0000
8fdeb6b85d26d6820de929df1b603f736e353e63,2010-06-12 16:38:43 +0000
7f2cb9f37e7396d96e71be07d7a372aa64b2060a,2010-06-12 16:36:10 +0000
06dd09f3365bc41a1dc6090e7977f708c9dbc36d,2010-06-12 14:32:52 +0000
9c24695002b7ec781604356dbe883e695f55f2eb,2010-06-11 17:17:09 +0000
d4ca5b9ecf03f57cb0930a9cdaae9ba5a1442368,2010-06-11 00:38:07 +0000
0eeded716b0445bf351e10c2c259633fc336be5c,2010-06-11 00:32:06 +0000
45ae2f6c40ff1589ff48c3a8c5293e66de8b8dc3,2010-06-08 17:51:07 +0000
b1e7ce2a797f2b02e8e474326d420ba95768da7c,2010-06-08 15:35:26 +0000
8a85e2d5b457d52fa7c65f5d3b03dc059e3cd31b,2010-06-08 15:35:18 +0000
f820acff650eaa0325862efb89d316353501096f,2010-06-08 15:35:10 +0000
a2d23035cebd67394f14274d3e1097b69d2dce1e,2010-06-06 22:11:23 +0000
4884d234020e29f83d1e3c972a935a4f131e24e5,2010-06-06 22:11:00 +0000
170fb8bfa0b3452ed2ac3481f0796d9efd5ecf5f,2010-06-05 19:57:28 +0000
2a7282b67191ea8217907efe347663ab99319117,2010-06-05 17:26:41 +0000
d528735ae4065f9c3c4de44b6509af90a6fd4efa,2010-06-05 13:06:22 +0000
b1c64acbacc2ee49651af9bae9baaf2c45e4e6e0,2010-06-05 01:09:43 +0000
f0399c33e0b6fdca2c087e46e73dacc4e8428e5e,2010-06-05 01:09:19 +0000
6e83404d97df77eb35d0a00ba42e4f6dc29b6a8f,2010-05-31 11:25:12 +0000
1479c039e0b586c1f1f03f139f8c11526e1233df,2010-05-31 02:05:52 +0000
4e10848fa234bf42a3155df7cc5742a09ffb5816,2010-05-31 01:34:26 +0000
7eded0da1b1b2098e6a7418169c21c063e458d58,2010-05-30 23:44:00 +0000
73bf16261f6b12abe8849b763f05bbb82d9fd59d,2010-05-30 23:43:28 +0000
267b27c53b568a35f8ada04bac7cc6ff9f74faff,2010-05-30 16:55:22 +0000
7675a037ab5c3d02caa605c82be2fa0816ef5faf,2010-05-30 16:37:30 +0000
461f603c3c331866c3834f602bde33372500271e,2010-05-24 20:09:02 +0000
189384fdf1adb6f5bd5e971e661532b113a73c5c,2010-05-24 20:00:57 +0000
66129d856c543a88766447b32fd6cd3581cf49a2,2010-05-24 16:10:03 +0000
d2e679370ff0c149992722e730e74f9485219a15,2010-05-21 20:36:23 +0000
3abd812735a17ccedc95fac0aa70ea82049cf200,2010-05-21 20:31:59 +0000
5325d5cf9bba7204b6a65d9498bfedd91c470f20,2010-05-05 08:28:06 +0000
521735545613b52e3091ec179721aa3941234e6c,2010-05-03 03:36:59 +0000
7089724561fe6925de20e93acb2daecfc249f546,2010-05-03 03:34:14 +0000
82b63b2d4ead247a44a7d7e6522b60219c1c0c2a,2010-05-03 03:32:29 +0000
fb7600670d19801146adf9356a29adb61da6fd8f,2010-05-03 03:30:00 +0000
dace7a7ab6f407f851d9ecd3986ba5d39d6d7608,2010-05-03 03:28:43 +0000
22f8856a092cf74232f53db08e164252a2b0e1bc,2010-05-03 03:27:24 +0000
f89ec40f7b2fc05dc15aa07568a483a1e9c02d78,2010-05-03 03:25:46 +0000
65c1a738737ea5b3f753a7c0d02ecb808ba4e39a,2010-05-01 22:28:05 +0000
ef79fc9ed78fc796ee51dc8e5b747d1c190e3e55,2010-05-01 09:49:48 +0000
1c08d1c8b5f64f1550937c667d99c08ebb907a64,2010-05-01 09:15:25 +0000
02ef17a2b17f2480e0ce724ae8b5a5be3b31bc37,2010-05-01 08:56:40 +0000
ccacbba53c40827e150847f914511acca9918a1d,2010-05-01 08:55:15 +0000
2f220138687b9811e1384ab414e8b610691b4662,2010-05-01 06:28:34 +0000
b43ea10878f049d11f05d7164bbd4b44e3e2e0c0,2010-04-27 11:30:43 +0000
5f46a35fb1e650b2b953976ff6e11c646c5f6369,2010-04-27 07:52:16 +0000
dbce403be70ea6efea256ba3cba692af3a22ae13,2010-04-26 09:37:19 +0000
e05bf5168dd22dbfed2e517f98edfb99c534bde8,2010-04-26 09:05:12 +0000
5dad7dfaf44f8b0d2391aad0fb7d185cb0aaf037,2010-04-25 14:14:12 +0000
ea4d42346e5fe09e501e585cf8f25ce0a9036445,2010-04-17 16:46:55 +0000
c77e973f30decc9211a53ad42f38156235a53f18,2010-04-12 08:36:57 +0000
2f58bef4c9d8a6a97aaa1a8a61056ee0f696090a,2010-04-11 21:33:00 +0000
65ba92f4144acb500863e31dc5199820819b46d1,2010-04-11 17:48:31 +0000
429a53dace2d71e3e7620d16b13e9f7816fa4183,2010-04-11 13:58:30 +0000
677c7fda15336c0d1855b81ac972c1554dccfbce,2010-04-10 09:19:20 +0000
97bdbf8a55b367dcd32a90a1ca37bae37545688e,2010-04-09 17:16:15 +0000
92f90de47b8375330d795f2dbdedbf3a70d20ea8,2010-04-09 16:44:27 +0000
eef3bb557731a8ac5d1f3829654bd182178474c2,2010-04-08 13:29:03 +0000
4b4d5c5d666af1f5be46e1c522f0c982b9dc9146,2010-04-08 12:38:46 +0000
3d1f9b50dd46ff66531d0204e9ff5f2614b7a4d2,2010-04-08 12:35:05 +0000
284a22abc2596a8651fb8d293097ff7643f7f762,2010-04-05 14:58:47 +0000
21c085d2d3db969bebb341d708d5e74d79694013,2010-04-05 12:12:26 +0000
0411bf9a157af4493574a1a55d209098174d538b,2010-04-05 10:36:41 +0000
74876f61e6e9d700bc9ee2d1b43b7009bf7338f2,2010-04-04 20:14:30 +0000
5eb067793c572bc49aa73f97d28ebccd328145e0,2010-04-04 16:24:38 +0000
05dc51bdc39c95e9beb34f6fc0763d54f919121a,2010-04-04 15:39:17 +0000
369310fb81bd36f2771e1798735820d8475c0499,2010-04-04 15:27:22 +0000
4b9f37a006b64a4ca39ac2feebcb1fa84d343e0e,2010-04-04 15:24:49 +0000
a3fd66d2e7665ee0ff5df65ce9f3924fe1cf2c4d,2010-04-04 13:47:31 +0000
3795f36c3dadc884d5682713e15af00be102bfaf,2010-04-04 13:46:30 +0000
67a0a6de1d7d8f3b7eb7d333ac40b18bf32a774e,2010-04-04 12:57:46 +0000
059b34d3bd76f28ebf6eb5f79664065f85d65e4c,2010-04-04 12:43:29 +0000
bc8f634a514d9b064fd9df881cbe3d176c62bff1,2010-04-04 12:31:58 +0000
b9fd26799964a7d0be4c4eeee311ac6233c9f097,2010-03-29 06:27:48 +0000
5d23acc60390441c0897bb5e370b61177d630f70,2010-03-28 20:50:23 +0000
0e960bdefbbd481394ebd12e9fc3e915cc34c244,2010-03-28 19:54:48 +0000
51e130fa96b774175633a4226cdcc2c8a3bc8a2a,2010-03-28 19:12:30 +0000
7b0337475e418307a4705e12a0f9d66a82f0348d,2010-03-28 18:45:48 +0000
f09ae4b530edc8aaccfab4efe327bf2d8d6f448c,2010-03-28 18:40:32 +0000
6e5ae03cbdb2bdf5bf9684ddea6f2f4ea7b51d00,2010-03-28 15:12:44 +0000
27fae18586ee73e8589975d10aa4510845ab0bbe,2010-03-28 14:26:45 +0000
a9a9d27657c0aa6b994b5027631cb7428a376e64,2010-03-28 14:24:22 +0000
9e95edda922345ee98d96d18d53553dd7fb89ab0,2010-03-28 14:14:57 +0000
333f88a875d299978b4048c99448ea80da451940,2010-03-21 14:30:57 +0000
71730f490664112be67f8fc8fe79375487ed4031,2010-03-21 14:30:02 +0000
894676a3f4d27756fba3a7e9e959bcebb9bfc15f,2010-03-18 16:23:48 +0000
9e0159691e74675b3d677f1860574b084e991e80,2010-03-18 15:20:31 +0000
8149c36bf445ca5e80ceefd5a9d287b530037ca1,2010-03-17 15:03:54 +0000
09cc8db22e33a3a0ef359879d0c96bf3b87c09f9,2010-03-17 14:53:46 +0000
b231de616b8085c426c9cd4e63b7629fcf6486ff,2010-03-17 13:11:38 +0000
59678b2906e79484764641f9e5f28df6c37ec4af,2010-03-15 11:47:36 +0000
27ea0b72f980eb16d222225bf4ee0528ab0f7ef9,2010-03-12 13:46:56 +0000
a8f5776f90bd324846d9e7b66bb21a11d1ac6a9e,2010-03-12 10:46:12 +0000
d49084a3d4d54fdb1019a95dade411c474eae24c,2010-03-11 15:31:12 +0000
bcbd6197b7891aaed2f0fec940583b8af2b240c7,2010-03-11 14:21:30 +0000
0eddfdf077d6a025121a8a99d0a20b9486885207,2010-03-11 14:19:25 +0000
53112967a06b6584c61a2d9c79252b84190c104a,2010-03-11 14:17:30 +0000
1086f2934d0a91f089ee0610f4f1143d26ef3da1,2010-03-11 14:15:16 +0000
d8f13b98cd55c01724a50a5c16c07c7b0239c9e4,2010-03-11 14:13:03 +0000
cfec43726b018ac7fa65ca8415ed37fdd21a3c7d,2010-03-11 14:05:17 +0000
4cb85291d26e7eea1a727e61b3f31b80cf2a8056,2010-03-11 13:21:09 +0000
f0379749e2a6b4dfa75cbc935b3c2f0c902feeb2,2010-03-11 09:24:08 +0000
285212ed5bdea538ce031d3582a456b1759ff24b,2010-03-10 15:18:00 +0000
77f976a73a2fe42c332190228a5ec4b13aa3caea,2010-03-09 10:47:52 +0000
673866db6b5d23c6a47403a6d5568b240ab2e72b,2010-03-05 19:15:45 +0000
0e4e75472529ea3654d5dc400c3c564e47caafe3,2010-03-05 18:59:25 +0000
177d8f2eb9634947ab7874296c17db275cc5fe74,2010-03-05 15:37:08 +0000
e5a74e7258184b46e4f1739a0e028fae1c5a609b,2010-03-05 11:24:22 +0000
56510a9ac685b8458b28abcf4b9b08ebd1028795,2010-03-05 11:12:17 +0000
9973f212787cc56702dcf795b3692d76ea4aaf39,2010-03-04 15:48:37 +0000
9dbbf55091203e54788b07621f345de7dcb2f2fb,2010-03-04 12:26:31 +0000
5a44294ca98a1281974ab74c9da2d611a622b9fc,2010-03-04 11:58:57 +0000
e8a104665ae5cb651e5eafe2d8d8bef52e82d8ac,2010-03-04 11:56:11 +0000
d28679b5707e6d7a2dc9c5e7ccd8d5c0d98e66fe,2010-03-03 19:19:24 +0000
f29f018b8e837f84338635c4592af4dcc4b43f3c,2010-03-03 13:41:08 +0000
86cb003c6460faf955934a2abb691e12c236408f,2010-03-03 13:26:27 +0000
c2db7026a9d423319622ab0e6e8fb20366a3e6d5,2010-03-03 13:19:48 +0000
3217f03f4161b399b817b0cfa7058cdede750bf2,2010-02-28 13:00:19 +0000
68863b4fa0a6e7d8567639bbf3c8612328701270,2010-02-28 12:54:54 +0000
17d1c642a6d635d8c6c558661faef8bb7cb9e8ef,2010-02-26 12:34:31 +0000
a4c43006b212d727c99c9202b99442418303124d,2010-02-25 07:04:58 +0000
e0efca1f75d4470570a6bf2e08f03af95b3563b2,2010-02-25 06:57:18 +0000
3c6eb06d11295705ff4d1c8446402c1639b65531,2010-02-24 12:31:25 +0000
c87d9ae7976e6bf7f57b0abf657ae7249608f8d8,2010-02-24 12:26:16 +0000
3fc151aac724bab6f240f2499c1f885667daebc0,2010-02-23 15:07:43 +0000
1b1bd00e6437cab64eea8e4cfb0d8eb04202ae11,2010-02-23 12:13:49 +0000
f7ad6bff4244cb5f30c38b885b77b30783cbae2c,2010-02-22 15:16:26 +0000
b98eb07a04431063d3df0a835fe5bf996818eaf6,2010-02-22 14:30:51 +0000
12cf85ad5f777ce4d66ba57fa2cfa10941f8f24d,2010-02-22 14:27:27 +0000
0e66be4708e1aba57c8d6b0600f2dc08b4fed1dd,2010-02-22 14:11:19 +0000
79d1048979b151c867a2d710d824f8c41cc9de2d,2010-02-22 10:28:25 +0000
50924f438c5d9645aedd2df4982189665d2f60f9,2010-02-19 15:17:32 +0000
07c306fa975533cd1f9a85afbc2ed822f3968652,2010-02-19 15:00:50 +0000
f95fb7b8a4741ea89dfa61b8b13a154c6050e6f3,2010-02-19 14:09:02 +0000
2d40d0b77c28cb14e607d8713cfdfa3567793437,2010-02-19 09:30:39 +0000
3d4e9b1126224ef96dfd0a20666fb195e8f37ec7,2010-02-18 16:45:54 +0000
aa1e74c98fcc64b56cff48e42be99314bb59ebe2,2010-02-18 16:32:52 +0000
9b03c9b78da21c8983e91c2d1fd43702f10e9989,2010-02-18 16:09:42 +0000
3512f4ce5dfd9b4091e5ffaf5f5aa2f001ba78a4,2010-02-18 15:03:38 +0000
0af40adcfede588335728bd43c3a9ec24394b14d,2010-02-18 11:35:40 +0000
052adf6321c1cb19f8510eebcf4112ec16121a93,2010-02-18 11:31:15 +0000
a3fb681ae2f0d2b1c5ba511100a673ea04a7faa7,2010-02-17 14:55:13 +0000
b362bcc07f15718f14bfad67309f6e3d1acc7fca,2010-02-17 11:02:10 +0000
89462970ec987b918d50673319afcaa453ee8b34,2010-02-17 10:21:36 +0000
44fbd46cec87be68450cc3ee3661f9bc200e2b33,2010-02-16 14:43:30 +0000
9efb4719a5e7afe682dc34b7710253156f8e24c3,2010-02-16 11:33:09 +0000
266ec0e53093676363e56a4be962bf480e9b2aba,2010-02-12 13:33:47 +0000
3889a2c7bae5557d3c63cce1c680498cd6fc21ac,2010-02-11 14:43:27 +0000
048267fad533becc113c2c0fae7e8a9b54655d6d,2010-02-10 22:21:37 +0000
71269ef3fa1a818d6020852924aa494202fe6e80,2010-02-10 22:07:51 +0000
2487c5eb9597005d956ab108ed9ea3924ac0f326,2010-02-10 15:35:06 +0000
81a9c3eb679848f8204e6f2d337da0d382bed6b1,2010-02-10 14:41:56 +0000
8759f5f2e1f973de4974d2084b2e36883a532d99,2010-02-10 12:20:58 +0000
d0cd72967394a3b73835aeec24cc4d9eaf789377,2010-02-09 15:34:50 +0000
1e2cb2da07a04999e29a51f776d4449bcaebd675,2010-02-08 16:24:57 +0000
b97267a4901acab6b1bb0140cd6f65d072238d4a,2010-02-08 15:59:29 +0000
50faafdcb31c0326e44303c1dc286dfe9307eccf,2010-02-08 15:49:02 +0000
63b19853b0c932b8635f56b6a03a5cfe459b1f77,2010-02-08 14:28:42 +0000
c591878a77fe97f29fb13694964cfbce1992bba8,2010-02-08 12:25:27 +0000
62f664698c52e7a00c5e98fa41fe3e28bed65ed2,2010-02-07 17:36:43 +0000
2e4ff355c9bdb622889f5c4b97c1dfec041df33a,2010-02-07 17:35:18 +0000
815f68034415ced853b2da621cf6b9dc9dd71518,2010-02-05 15:24:56 +0000
d399a19c0cfd54279466f99e62e60ea931d1df26,2010-02-05 11:25:21 +0000
94ddff85d7a146d0eb1e292b57cb3bcffa2b6658,2010-02-04 09:08:20 +0000
95030196102ced07146f30fac4f3c1fa9288cba8,2010-02-04 08:59:58 +0000
374be155faf5c89a9d72ac7aa9f785d662cfe06b,2010-02-04 08:16:22 +0000
24892086105954cd28b7671d2e7a811525080a95,2010-02-03 20:22:18 +0000
56a560fc162a75832d19bcd5e1d8bca15c24acef,2010-02-03 09:59:45 +0000
fd119ef316f82b59a65f824154d2d6d86f4bf670,2010-02-03 08:22:20 +0000
9da81cd72ff30339a77dbcac2e9eefdbe7c61380,2010-02-03 08:15:59 +0000
07580fb980d741b9467f31a423023de0f36a18c1,2010-02-02 15:58:38 +0000
42c1a9da5d82418ddbfc3127a8c8f8bbef1966b2,2010-02-02 15:50:25 +0000
dff3c31fb2a21b15f15f666047cc57d0e52d4443,2010-02-02 14:37:12 +0000
5f99230855c711fc70ee1c584968ffc930606ec1,2010-02-02 14:21:47 +0000
7a0fe9014406afc06a5a40493e9c72f20ff31a92,2010-02-02 13:06:56 +0000
63776e8ab48e73b19b3045027bcba48488127546,2010-02-01 15:09:41 +0000
acf5c574d22742699eabd1b6d5d9029dad4992c7,2010-02-01 14:48:03 +0000
799122715e541ba4c234b39a21584c5e26adbbcd,2010-02-01 06:49:19 +0000
71e58b284a88ccd63d291a37895a6eae7f529542,2010-02-01 06:45:10 +0000
faaf4e7bcb7acd67fd309940d25dca4263767ab1,2010-01-31 21:27:33 +0000
f0bfc6432cf8dc8d51b0d8a66191305513b350ca,2010-01-31 20:12:39 +0000
23049a1d7c1c47a21d66d9b241c8fd3fa2af51a2,2010-01-31 20:10:46 +0000
a56908102ab773a508e1ca62e7ceea4b0a37f1ad,2010-01-31 19:24:31 +0000
0bf0d881341ae1d88bcdcee03ffb4af55a354be6,2010-01-31 18:48:03 +0000
34ff2981377a7d0b88af8ba3211dc3c9b68a2fb1,2010-01-31 18:46:17 +0000
b09485f96bd9f2a5e59814ca25cc3d5acbf86ddc,2010-01-31 18:05:26 +0000
88bc20f47245f4194b4278d0c991aaca9fe9406c,2010-01-29 15:45:27 +0000
6732c41717c549373021ec775f627c4a42338b9e,2010-01-29 09:40:06 +0000
0df840e4c3ae210e6187d68a9635bd8e4266223d,2010-01-28 11:16:52 +0000
ec095a08208312de79617c59032107494ca7e286,2010-01-27 16:05:53 +0000
c435fed6b72524c416065a3c338bdbbab4520800,2010-01-27 14:37:43 +0000
16943db10c52e23cb4045710b0e31e03f9a5b04d,2010-01-27 11:59:55 +0000
398e24adc1e1b544205349363df6c97b9b55adc2,2010-01-27 11:43:15 +0000
0a684a24d97b08f37090390ab033cf5080b0949b,2010-01-27 09:50:38 +0000
27cfb250841e379aac4df0eca9ea8439b1586416,2010-01-27 09:41:55 +0000
047dcbeee3436fe53d41a21de57aaa9027489e57,2010-01-26 11:21:59 +0000
2e974846db767a6de27077df8aa1ecefe2b1ae13,2010-01-25 18:46:47 +0000
988c81f8462e583fb505f85dea489931c3f3992b,2010-01-24 12:26:55 +0000
45b4cef5936371f44a099f367cce614948e77fcf,2010-01-23 15:13:38 +0000
4d8c5a9176ee7067bd60d19391b9304c0f62991f,2010-01-23 14:48:28 +0000
fb8dcf81f8f19818d48c5ca28f097e5acdc1495d,2010-01-23 12:50:59 +0000
4da5c3df5cbfe488ab98680bb2cc291ade747446,2010-01-23 12:50:24 +0000
c14a5fa83879ea6e9380a0c86cf77c9aeb3e6210,2010-01-23 11:49:11 +0000
c8e93f623c627cc697ae9ebaab1d84cc0bc9178f,2010-01-23 10:21:29 +0000
334b3dcc6b4659d34faf7ffc8db23d88dea8e344,2010-01-23 08:04:01 +0000
d6f468b65beacf543f53702c880e756deef1e7eb,2010-01-22 21:29:04 +0000
76f65bb2b3bf27b0fd55e9da04b434aba3938700,2010-01-22 13:59:22 +0000
b1cb25f823a2803328d1b9bfa2929804c4ba586b,2010-01-22 13:38:37 +0000
782524fa7e37d3c9f2c62c39e72f29577d387356,2010-01-22 09:40:47 +0000
0ead5c48e3c34e5bd6a970861a694d8f08e91e28,2010-01-21 22:19:44 +0000
a2a543e67e89f7635b3142780948d8312912f972,2010-01-21 09:58:38 +0000
4509ca3b7593bdb2782a7a78443709f1a1712f2b,2010-01-20 22:04:29 +0000
98c2afa84335ffe533d12198804f858f28475566,2010-01-20 20:55:48 +0000
d9d199c527693ebc05fba95fe781e2a7c7b0e430,2010-01-18 01:10:58 +0000
0232fa0806dc5f153a671ccec05b3c3a45bd2589,2010-01-17 12:40:16 +0000
8b91ecb2b42e7cc9ee068c78c1242b088d3cf6f4,2010-01-17 12:26:12 +0000
a154bcdc6dc6ea3386abd331d77086f74af31585,2010-01-17 11:56:30 +0000
941aceea070b5c72258cf44da6495d5a25a059b7,2010-01-17 10:53:57 +0000
948455599d9a3038b39052c8485c81a8932b887d,2010-01-17 10:32:58 +0000
76c07aa0906191fa14b1c0a8c23526aac7e542d9,2010-01-17 05:06:52 +0000
c5191fe0bb42344318ca91c2d0ce0767835f9695,2010-01-17 05:04:28 +0000
550a421962b71e8e33f44360524a1b535830572a,2010-01-17 05:03:19 +0000
ad26112f4958d0f1cd8dddfa0b9a3045e8de7e19,2010-01-16 19:14:30 +0000
a1250429517f61ecdcd721b41231f0395ddbdf7b,2010-01-16 16:49:35 +0000
df53c2b236100204d67a0ff024b0a65b5a0be960,2010-01-14 16:48:29 +0000
9710c9d411bd222f5620a7fbda343cb45701ea55,2010-01-14 16:44:36 +0000
d39ee3795ead0d36adf9ece92e16792848404ab9,2010-01-14 16:42:52 +0000
9a9b0b7de85ef20dc582ebf82060d87a0a9a8bbc,2010-01-14 16:21:02 +0000
ce192cca47ceff56d8528f493f4f6c850e0e8ac2,2010-01-14 12:54:51 +0000
fcca1ca072145725d8fd4052686d55a017168e7c,2010-01-14 12:15:15 +0000
baa57c190f6cd71d4cac815080a0751561368dff,2010-01-14 11:27:51 +0000
ecf38451e2e584b1ee0d1b4ef25037adbd0d6c0d,2010-01-14 10:14:55 +0000
4c12ed234fbd68c5aabed4acdca7d5e767b1490c,2010-01-14 10:04:22 +0000
569f6ea880ae53b4dad359f665cc6ef5b1d88e62,2010-01-14 09:59:06 +0000
614b7f449f78a05f9282bc0be7a95516e7841539,2010-01-13 12:40:48 +0000
6a75dcf3d0a41d78a3cd371c33dbe4b0f3462d00,2010-01-13 10:49:31 +0000
e610cad92876b790679e9708219c032e4ee2e51d,2010-01-13 08:15:47 +0000
702e6dbcf5f75adc6e381934d5ade58642e829bf,2010-01-12 15:18:44 +0000
9e6c27ba798839f5dd3e26f36e89b8bb8bc297d7,2010-01-12 14:59:35 +0000
3f75d8c80be1566d9020bbba647f6c112528bde6,2010-01-12 13:31:05 +0000
516858951a17b43d70282d40dd39b3a05367e5d8,2010-01-12 12:01:23 +0000
adf35c130a0eaa941adc777bc412cbdd3dd4bb81,2010-01-12 11:42:37 +0000
5d3d7898c5a813e2d6744a3f63ded869ed306b64,2010-01-12 11:40:40 +0000
03abe5c3318a54df591ee3f5505ae2cf750aed07,2010-01-12 10:43:33 +0000
9b91f6d2a150d83918acf8999442f2bb120f2ce6,2010-01-12 10:38:13 +0000
55c3b8a79f56eaae09503de867dcf4dee9eac139,2010-01-11 18:26:43 +0000
cce62f427560d4ad894d1fb494ad8a023b753f6b,2010-01-10 17:42:49 +0000
08585ae4edea52418e9b2419e73335e398749fa8,2010-01-10 12:41:50 +0000
498cfe86eaf133b4ab7ccc006413918c506016d1,2010-01-06 09:42:35 +0000
111bc0fd6abe8490a22f1e7cd791040ef86ceeac,2010-01-05 18:42:04 +0000
bc323074548ca21d9fcc73ac7f861cc5a1e9c66f,2010-01-05 15:08:48 +0000
67d6fa7145b1d264b87ddee46ec40ac6432b660d,2010-01-05 14:21:36 +0000
04dc3662356f608c730d4c1f4f560653fc501101,2010-01-04 13:52:06 +0000
e27dbea87e2cd76dcd47ab5ff5acfdb28e033963,2010-01-04 13:22:20 +0000
bbbbd31ee734cbba1eda6bb2a80648ed62138e67,2010-01-04 12:03:08 +0000
8e61a56443d8079ad949a4ce65f16b7fe78248e6,2010-01-04 11:56:24 +0000
7ee29afd8f1eccf9f4ed9e4402ca8547fb765383,2010-01-04 08:59:10 +0000
97d7225c4071dde485c4d2a65933a40293d3f239,2010-01-04 08:04:52 +0000
0c2c43986ecbcb95e2db642d86a305f4b3c57aff,2009-12-31 08:20:39 +0000
669686cb168f623320ee7eaaa1344ec76f1dd85f,2009-12-30 16:21:53 +0000
4df39c697eeccffe833126faea1317d36bbd68d9,2009-12-30 15:07:46 +0000
a093cdbaf7dabf50732cfc50ff3c9cfdccbdac7f,2009-12-30 15:06:08 +0000
19914a83c9c111638fb9cbce3091ce29bd993719,2009-12-30 14:55:22 +0000
559e02b93da54309c36860f5552a99d2d11ec93a,2009-12-30 14:46:34 +0000
b575c14169b8eb0f8065fdee4f081cb5fb217e12,2009-12-30 13:11:56 +0000
d539501ffbe8c3d5cd529c0898fc51006b97e48f,2009-12-29 16:33:26 +0000
cb39caf490bf2295195e59dcda4b0cacdacf9937,2009-12-29 16:25:47 +0000
ac5ab42ffac1200c155dde1276a8cfd251dcc2c1,2009-12-29 13:50:11 +0000
596a2dee4fbe443a095cb784c2cfd67cc8ad1e19,2009-12-29 13:44:12 +0000
3508cd11e33891978088c898981ce0df074ce300,2009-12-29 11:27:07 +0000
1ada81adaf43f525c5725f2d1b806e13d5323b6d,2009-12-28 16:14:36 +0000
609e2219a7ad1644c103837d9b54f479eef488cc,2009-12-28 12:21:51 +0000
a4cb73317698eb756f2892b28a35ec1f3b7d0e6a,2009-12-28 12:13:46 +0000
29a8b11d1666f944ce281cb1b883c6119b30f154,2009-12-28 09:05:49 +0000
e8f9419fb8dc8d76eb202c40fd9298466b707f83,2009-12-27 17:54:14 +0000
66f3795cb9b4fefd8efd85573639903f2c7617ff,2009-12-27 11:37:00 +0000
a1cde8259fe4afd690fb4a91d10809b04a44281f,2009-12-26 15:17:59 +0000
fcc7b21fa37ce6c0020cbc7a3dfe2d68e4d3c777,2009-12-26 15:13:02 +0000
1c8168ab8823e1648eee48b112ed6b9f11af7e11,2009-12-25 21:56:44 +0000
cb176ed5fec9a2fea2940fcb5dac1d4047b81de3,2009-12-25 20:26:42 +0000
f4dfb9b142ad63cb3f564056691721ea3015aa6b,2009-12-25 19:37:04 +0000
f0731d4ebc95582de4990a03d71ce06a5819600c,2009-12-24 19:32:03 +0000
914db92cec337429e82ee01051bee7d3ecadf269,2009-12-24 14:27:01 +0000
a15dff92fca3dc88c9ebf62fd12e8aad91fbdaf1,2009-12-24 12:52:05 +0000
9704745fc27a0f1eebe09efc2feac16d19b1049a,2009-12-24 04:31:02 +0000
7c46caaf6866b32f3852e15aa4867c907086b134,2009-12-23 23:18:35 +0000
ee8bfa406a75dd1b3dff480805034c49aafcabc9,2009-12-23 15:46:31 +0000
e8b097fc5d32d729cbd39c2291db6e0cd19277f2,2009-12-23 15:25:07 +0000
40c396c2047515ffd0e7f628138296b3b41710a4,2009-12-23 12:40:34 +0000
37f6345a0723809aab713bdc191f4d1fe632acd0,2009-12-23 10:32:36 +0000
0d866be8ac7265bb5ea835f0f4edb3a2c2da375a,2009-12-22 13:54:25 +0000
7f25be22423f8d80370730d650ffe632fc142f0d,2009-12-22 13:33:50 +0000
71260e2df5862f1d06751f249f8de4bd2729eaf9,2009-12-22 13:30:30 +0000
37ce78b1ba195a1b2578cb9b91cedb1f06d8aeb1,2009-12-22 11:49:21 +0000
16543258d65e7e782d9c12b18d837177239b1217,2009-12-21 10:47:03 +0000
0cee1f26d5aa14dbd9290de9ad3082fdebecd09c,2009-12-21 09:17:55 +0000
278fc6ef36caf3a3279b1b5a6d680d19611b13f1,2009-12-18 13:53:44 +0000
875e9bf2e62a2e884407f9588c9ab25c41be8587,2009-12-18 13:42:17 +0000
42fe489dd5da3cb088ef5598190356c7f1d5b3f3,2009-12-18 13:39:45 +0000
41b37fde42c3a87462d4c9f39de8de09a1cd268d,2009-12-18 12:11:27 +0000
ce1d87cbf8b118c62d9b2264372c90fb79f17d39,2009-12-17 16:21:45 +0000
0f7b12b8dba1cbe564c34cea568d0c8a4e648f47,2009-12-17 15:47:31 +0000
30d98cd98d7315b18d57fea2cfd341efe5def095,2009-12-17 15:45:38 +0000
f0e8e1cc9fa826b0d26f821e5113ccf79366633a,2009-12-17 15:32:53 +0000
57021f0d970d49fa35a31cc0841e1e63f900a0ce,2009-12-17 15:27:31 +0000
690142d34a8e2de8b8bd129ee259ee0ec2f6d2df,2009-12-16 14:42:24 +0000
77d488fa446e41746d55a7716e907b21feaf3266,2009-12-16 04:11:57 +0000
873519c0cf70442e4dd1b3dc6267d2ddf1318dd7,2009-12-15 03:34:21 +0000
c4b94fa5a11b1b61dc8ab1e6f18781a1aeda8546,2009-12-14 22:25:45 +0000
e39a394e3564d7eac9203ead9b8ea12fdb02c503,2009-12-14 20:07:37 +0000
bbacd8657fffd07fd3908d07fa4948fd86b86538,2009-12-14 20:02:17 +0000
08af13c2e098a52ac0ff00c62358d1b4ce3d08f7,2009-12-14 15:44:12 +0000
b2ddbabe53aed4aa58e5dc445d43608e55528bf1,2009-12-14 14:41:07 +0000
d34dd33ebc062503dd82f22a807e0a44cca93b23,2009-12-14 14:10:31 +0000
e570c35e93e7be92ab87554799291f17c245c58e,2009-12-14 10:15:22 +0000
c45f69b4b2cfa328ac8887d9d2265372ab91c670,2009-12-14 04:56:50 +0000
a2c60cc3a0a507fa1ac18ebb4fe01e40429de26a,2009-12-14 00:27:08 +0000
d75c00b318465542c2c0af9f3f0d9774c23e8e3f,2009-12-13 22:22:13 +0000
4edff0f7acb9707f16413b39f0f2659c1ed25e0f,2009-12-13 22:17:19 +0000
2f8d94882850a47116b3d4483aa4f56310cd7345,2009-12-13 15:55:28 +0000
0f3b507a28e74fa7cb1c11b0c8e49ce7a572ac3f,2009-12-13 02:12:30 +0000
a4607651094e2817dc3a89e4a7d8f4b014d9a5da,2009-12-12 18:59:33 +0000
0fe3f113235c60e2c129fac7943c115d209f38d7,2009-12-12 17:54:57 +0000
49197c1eae2a3811854d915dd6feb2c0c12c796f,2009-12-12 10:17:42 +0000
9e5ba037917a8882b24c5964fb20d1a9fcdfa325,2009-12-11 23:27:54 +0000
4fdbcf9a31128c50985959ff776d0e144760680a,2009-12-11 14:30:07 +0000
3989067fa3e15069519c68586e51e6c2bf8c74bf,2009-12-11 13:14:13 +0000
3d0d2119fecb05048c3e3e9fe914fc259eb2b45f,2009-12-11 10:19:19 +0000
046af5a7e179d116c9b1c305c5ec43f478a812a0,2009-12-11 10:14:43 +0000
e5ca55e566884a33104324d64cf98c2096d775e1,2009-12-11 09:45:12 +0000
6759faa4e85e4e1f4c45318535052708eff057b5,2009-12-11 09:31:03 +0000
3a1e7821918946598e0380bdab0c9621a6400b32,2009-12-11 08:42:03 +0000
a2f21a783e65d6e99af49df40de626380587a5e1,2009-12-11 07:30:04 +0000
1476bbcd7922e53d3a8d77245edd3912de711754,2009-12-10 18:13:01 +0000
3a19dbc950c5a96c95231d444f23a96e1db8de3f,2009-12-10 18:06:09 +0000
fb388ffb16efcdd5dff372f75fd950d6058ae255,2009-12-10 16:46:17 +0000
5b898f3273aa91ad3620608f1f8da32c4c82885a,2009-12-10 13:37:12 +0000
4d7a08336a8c7b3ab829ba9fffa329a7622a7c19,2009-12-10 12:35:52 +0000
88bd6bbe154386515e38a1d7bb78577f58b82b7b,2009-12-10 11:01:03 +0000
705fa742fbb21707f883d4cb461caf24d9b315cb,2009-12-10 10:24:00 +0000
d24cfbc1a8f0bfb14ba71cdf76d5e8ddf5e91a71,2009-12-10 10:09:39 +0000
4fedf9eba0b740a17aea08222d56379dfee372ec,2009-12-10 02:46:49 +0000
4195cc51cbbe1a04314d00cb61da51241bb9d65e,2009-12-10 01:51:33 +0000
a267e8b44dc923a4da525663bd1526c3e3dbb269,2009-12-09 18:34:07 +0000
caeb71991255699d8166124d968ae3c9a0d0c591,2009-12-09 17:08:40 +0000
c6105811ca00f399ab4d3f43b2253cbb8e2280cb,2009-12-09 14:41:26 +0000
c49c3a084dc4e8fa67a601b9f6031377061823c9,2009-12-09 12:48:39 +0000
beb709cffbdeba8b4be2ce10d92268dcab420e00,2009-12-09 12:27:09 +0000
ef34285d817bd97f05f0be83bb2badfa255fdfd9,2009-12-09 12:16:58 +0000
59107bc48591b428c0c6c833ad84bee08e0392ef,2009-12-09 10:20:49 +0000
5c601e234a805f33dfabdcfb69f795d90fb5eaff,2009-12-07 15:19:01 +0000
57656fe853619f9d366962cfca585ed92078a314,2009-12-06 22:48:29 +0000
480c9d332a315ae59f27b02dbb4a49a3608f6e66,2009-12-06 22:33:33 +0000
2c8defdba5c738d4d95a4a081f7e46294580a92f,2009-12-06 14:14:42 +0000
55cd281ef2bb55482feecffb8915ff33bfa9d827,2009-12-06 11:23:18 +0000
ffc709c32d9e6aaa0b9e57b790422ed783ec1e5f,2009-12-06 11:22:19 +0000
269404258587c094d067a44d791f7e9fcd92ba12,2009-12-06 11:21:11 +0000
484dfb0753b1cefb1d8bf915478a75e7f16ca0ec,2009-12-03 19:21:56 +0000
858381ec07291a37fc2e994812a8ad768eb66580,2009-12-03 13:14:59 +0000
3f69ca89f9542ed73d9c8eb79d9ed5be5435cc9f,2009-12-03 12:41:09 +0000
3b5c8c3b1857471e0154dde8d3094fdf9ddb3c92,2009-12-03 11:22:11 +0000
f92e0fadc914552fe4ea9a8fe113fc93e95e125f,2009-12-03 11:04:42 +0000
671a02105cc70c4c78021283e53d43a84c513a2e,2009-12-02 14:37:42 +0000
98b46038afa20b404e81197356fab5913c51dbf6,2009-11-30 17:00:41 +0000
a83d92e150003c88e8000f52154233e98b488a60,2009-11-30 15:54:09 +0000
6223ee78870b79a8bd876dcab6850f73acfe537d,2009-11-30 15:43:52 +0000
477b6cb903ea329ca5026bfa6302d642878b6aab,2009-11-30 15:27:29 +0000
f5cdef0c8c72b71924eb6b697afec72d3e4565b7,2009-11-30 15:26:59 +0000
2b44554bddcb7ae09aacc1b094a9233b28eb909e,2009-11-30 15:01:20 +0000
10b7a9b1ce2db27f14c961a2b1e6a20fd51d6d53,2009-11-30 11:47:03 +0000
d5b4ee55a2655364f385e830d36dc0aaf96489e0,2009-11-30 09:59:43 +0000
dd46798a42dc0fca513b3a81f463d14d9f682b85,2009-11-30 07:17:41 +0000
022322282f4b2abc78eeb6648797b4b6056b7d18,2009-11-29 18:57:34 +0000
86f7d40c6ec1aa06404052730a321da4dfadda1e,2009-11-28 12:40:45 +0000
dbcc92a40400886e10951cadf6f53616f5fcba75,2009-11-27 13:41:05 +0000
d1d7b50873a5f38c2ed96fe3cc4b9673774f6ef6,2009-11-27 12:29:45 +0000
e210a8be3ded3ca4c6d61979059948fb221406cd,2009-11-27 12:04:38 +0000
11dcc38cec85ecd0f00622798764f9e50d7b3b96,2009-11-26 20:31:46 +0000
d80aa2bf65dcdc481b7897949e16df4e80a7255c,2009-11-26 20:31:06 +0000
81639a7182a1cae7995ced04c079e801a39abbef,2009-11-26 20:28:35 +0000
ee0562b4244a7324240006f5644e6cc4910270a3,2009-11-26 16:37:25 +0000
bfc961bf077ae4687dd997ace4f8d61ac2d3cf93,2009-11-26 16:26:17 +0000
d25227d88c5ee5523f6df425065ce38163cac369,2009-11-26 16:23:41 +0000
e14569b8ffde4adb98beed69852f9d9cb877dd46,2009-11-26 16:17:43 +0000
79ab138c8d47856ebbcde542aa01f9af4c640bc9,2009-11-26 14:00:52 +0000
595946ae21a2063472a79d7eb6d27612cb6833e9,2009-11-26 09:07:57 +0000
5d571ae964a9eeb8cb29c609b96e57c797c1810f,2009-11-25 16:53:39 +0000
e96f808bbbecb2f0c7100fe569658bb05e410d85,2009-11-25 15:17:34 +0000
92c135d46f48e2a98ce5fd14b8866e43ec802d68,2009-11-25 14:06:59 +0000
bc621c1b23af507ae09acfe95b0642da7a564a8c,2009-11-25 11:27:57 +0000
f61268adc73593248860582184d11758342c1d36,2009-11-25 10:45:46 +0000
76cf16d6fecf2746c2523ab99848c34ec12e0ed4,2009-11-25 08:36:41 +0000
af891b463b1eb7d2abfdb462dd147daf3e73b30a,2009-11-25 06:49:45 +0000
d4bc00f14a4760f588f0043bd12e838e03835f50,2009-11-24 20:58:03 +0000
4e6b3323dce398a6f744e70fe711361f5c48f28f,2009-11-24 20:29:54 +0000
27cc76351c74b49082f3177451dc04cd942c3ff6,2009-11-21 13:50:48 +0000
a490ab3480df68d5479f8846056a58be86dfc7be,2009-11-21 13:47:42 +0000
b33f0e0c00ff90e1f51f69bd849c5a6ffc9aa650,2009-11-21 13:44:42 +0000
434adc5437f39934419a17f033a0287cb1d6f674,2009-11-21 13:43:44 +0000
963a28cde1b54b9923acc56abf190aa8853ae0e0,2009-11-21 13:42:52 +0000
64b541b4268847176b3d818cdaf0a92971330f02,2009-11-21 13:42:12 +0000
a0a474ef3883832fcdf2a2d2f165f56695245b56,2009-11-21 13:41:08 +0000
37ca9e5ec1e35ab6770e55fda96adad400ebd9aa,2009-11-21 13:36:23 +0000
5145134de1f3d7b5bc90ffd92aa620c69d57b72d,2009-11-21 13:34:33 +0000
b9d240431d096af11afe94fef943ae3b5471e8b3,2009-11-21 13:19:10 +0000
62b3782359556e2a01b0f395ccc1ff330c86f102,2009-11-20 12:11:09 +0000
72b303145fb9f826b8e49e85fecc10361218e351,2009-11-20 07:33:47 +0000
d3ba7c1b0d6fe01bb3d9aee114ecc5f5b92aafe1,2009-11-20 07:30:44 +0000
b56c87e4ad0a543e6944ba0222bf8a86a576d1b1,2009-11-19 14:37:28 +0000
61bec66dbacaf3072233892dc3fafa292445c79b,2009-11-19 09:05:56 +0000
03bd2044e7a24e721604755af22bb93b5799b2b1,2009-11-18 19:11:11 +0000
b78bad0dea12bb597bb2da62873b41d1cac605c0,2009-11-18 12:08:20 +0000
88699bfeefb2edd7a79bdec0a17f36930f31771f,2009-11-18 10:20:31 +0000
6094671c19573c88c6344a59666ddb5670e82c63,2009-11-18 10:06:12 +0000
0174d143aa425464f9efff180b9c32488649c95c,2009-11-18 07:45:11 +0000
191cbacb7396a5d3dc6a8d13e82c43cfc5eb3162,2009-11-16 22:18:30 +0000
b4d88f10ccded588de4744e2527188c91e5c01b8,2009-11-16 22:06:17 +0000
b0f477bea1ca39dba0069655340207643c41a8d8,2009-11-16 20:06:12 +0000
b19dc287202d07c4867706c89b03fa807b36382e,2009-11-16 13:23:37 +0000
207110f407551f8fd3245e2038d5e8b868d136c5,2009-11-16 12:41:26 +0000
99cdeb4a8c78e6bbc25a24d470ba2152b90048d6,2009-11-13 17:13:01 +0000
ba5b67bbdb545eae90468048782e83429b016cea,2009-11-11 08:03:12 +0000
3dc1808e012a4ed5f9a48c22bed180948298b356,2009-11-06 13:30:58 +0000
b3732bb02f2efb7646f4542ccf35282de3523f32,2009-11-06 06:11:54 +0000
d69c2ceded4ee43c070e1c91aa9b4252579a3985,2009-11-05 20:38:46 +0000
f3c422f0792ea2fdcf54519e6edbc3c827de8ff4,2009-11-05 19:05:15 +0000
4b947ffa5292d84e47bb10a41f0123867959dea6,2009-11-05 18:49:49 +0000
8f3cad9e0e2c57129e286de73b81b92fdfc669d4,2009-11-05 15:46:04 +0000
d47bb404a69326d28a6a6ddaa909cb884480222a,2009-11-03 18:56:28 +0000
2ad1bbab4de6a00d5803c3e42a74718a08b2d5d2,2009-11-02 07:03:33 +0000
666a77b3339a50a1c96dc50ac900bf68e5be53c2,2009-11-02 06:57:28 +0000
e2c92b6075c00864039958b79a8a3e5748721892,2009-11-01 14:01:10 +0000
c3f1a0838fa2a4b4e4276cfb768d4f3898dd8438,2009-10-30 15:55:32 +0000
daff973f533d77a0043081c58396379546927e63,2009-10-30 15:33:32 +0000
3669ad6d142b93b724e54a0be202e261be2d84af,2009-10-30 10:11:44 +0000
336039fb05a90e6cfa6c1680090f6aa0f2dbf272,2009-10-28 14:08:40 +0000
b98e5e79ce26ff7821c87cd9f3869d696aa08da5,2009-10-27 10:24:58 +0000
cc73d03f56b771329a1106577aad01d2e9e496b2,2009-10-27 10:01:50 +0000
931b1111de85b4ece1874977bd41136fe82ed06d,2009-10-26 17:34:21 +0000
8c2a8095a9b014e88c4c667af9495dda2e462a9a,2009-10-26 13:46:45 +0000
49823996da18f76c59d526d5d7e8987d962fac8c,2009-10-25 12:43:09 +0000
d31afa81273c6cc90a013407dc662e36d5bce005,2009-10-25 12:06:20 +0000
6a2ebcf32590320e062ea2924af1e4a62f44c1d2,2009-10-25 10:06:52 +0000
4260fee84205cdbc96f0a3104b81488bf60df6a4,2009-10-24 08:02:57 +0000
5aff47aacc9f52698662fec930e2414b8b671751,2009-10-22 13:39:45 +0000
6d14ede475ef29e39adf9e4a4d74f1c19c096efe,2009-10-16 20:27:46 +0000
5e3edbad2f3d7e92d90803fae99144bd579e4979,2009-10-16 20:08:25 +0000
58a83b434631391422446982a2a6beacfa7a5efb,2009-10-16 18:42:55 +0000
d596e2e795c1ab8954050501d0c1d7485bd56d16,2009-10-15 18:24:19 +0000
551b9c49cb72d26b413bc064ce1c28c6224c5b5a,2009-10-15 18:03:46 +0000
a54a49a29401735fe7c2612f637f2376b2da8151,2009-10-11 19:53:21 +0000
f642be93cb17808c221f8148f1d9d7cbc7e9e6b5,2009-10-11 18:23:21 +0000
09d6f132b2111316fe78eab4127cee4b774262a0,2009-10-11 13:59:36 +0000
991c94261ec14e83466eb64d7e5af32b069782d7,2009-10-11 04:51:13 +0000
22ac86afe1b80cdd979c63c251c648c984a8b98b,2009-10-11 04:44:39 +0000
dbaba45fb7da76d290965b1749d6a5d969d1f1bf,2009-10-09 18:38:51 +0000
5f423949d820cc5e656392bd7f5880fc5515ab5e,2009-10-09 13:56:46 +0000
0e7066d034dac699a364bac80e5d0eca5a096de9,2009-10-09 13:51:01 +0000
9a625bdfbf70d108c3168c2466f41e4dd483ab34,2009-10-09 08:08:23 +0000
c1e0b7add64473540fcdf7436f3eb552d781d768,2009-10-08 14:45:35 +0000
e58dcdf73e2fafc483fc9512890b97000530400e,2009-10-08 14:30:59 +0000
27d0c5297ec94b97892e26984684ef0c16e42a51,2009-10-08 13:57:13 +0000
37f56d102d2310fddc0e0bd6eb74f18bd030d307,2009-10-08 09:14:16 +0000
6a48027b968f45ea1559e89912c93704e3023f23,2009-10-08 09:04:49 +0000
1f3370d0af1fd8bd867d87059ac9348e5b7b910d,2009-10-08 08:51:26 +0000
ac7eeb0073e3b6d5f7443d3d843bd3f8710771c5,2009-10-08 06:44:15 +0000
9351b67e5d0205ba4ebe854622871c3941c0702c,2009-10-07 12:42:39 +0000
7f9d64c95fb573e484b485d5c63ff30fd0c7d11d,2009-10-05 19:10:27 +0000
0461b111fc5d97eee40700af3b05038bd5f8ee51,2009-10-05 18:58:00 +0000
4ed7d522a1e20d6317979d6f7742cdbd3ee82bc1,2009-10-05 18:40:25 +0000
95a5cbf938c2488afc21c93ca3ef84e1e44bd920,2009-10-03 14:35:28 +0000
5cafe7658ac92c9bf336af3e2c02652851923c1e,2009-10-03 14:32:22 +0000
f17f27f25c76599fd3f094b7817a0c3e4cf550e8,2009-10-03 14:31:19 +0000
26238363b53e32a2e52ef75bf582e628eedcbb8e,2009-10-03 14:16:06 +0000
e56fbdbdba79a6286e264f01f991f270f6b2e83f,2009-10-03 13:45:21 +0000
0b49248f3d0f16c39458a87e6e88b409b473272c,2009-10-03 13:38:39 +0000
2d371bbd35e636e6292c66e219fe6cb8bb7b1aa6,2009-10-03 13:30:55 +0000
e983d7659d23a5b360b8e530734303174bea83fb,2009-10-03 13:09:11 +0000
c199f230b2c9b45e4b922f825646cb5b25f1cdd2,2009-10-01 13:11:58 +0000
5f796cdbb9ac0498443e4b6a71625dfac81029f3,2009-09-27 13:13:17 +0000
65b80ff12840c1e4e71319be9ad011ad1535c189,2009-09-27 13:12:23 +0000
2ad2d63ac17ef58450a6dc33a4ade17548421bfa,2009-09-24 08:29:37 +0000
578927c3ae91da6e444f4bca3eecc5503a330609,2009-09-22 20:33:06 +0000
dba89913dcb9ea80b4c12ce4f094d84c42d77434,2009-09-21 12:35:50 +0000
bb9fd650101f533931b636493e1bc5586d9b635d,2009-09-19 13:44:41 +0000
5b92e1c37f496ee0c9ef63155cdc07f03f2f1240,2009-09-15 18:47:02 +0000
54d9c2e86bc35b273d434f66ab744e9d5254b9e5,2009-09-15 12:18:20 +0000
581ce51b24661fc06800dc0a98d6a91061336fe2,2009-09-11 03:36:52 +0000
086b4aba0916b401203d61142c7c868eb075141a,2009-09-10 19:30:09 +0000
88f5a1700c73169317723c29bc1874bc077bfa8b,2009-09-10 18:20:13 +0000
8bec0c544644d6d3385863717f17678844d995c7,2009-09-10 16:00:46 +0000
83a7f04a3c3fd70c43c1cc45042591d1ce09a27d,2009-09-10 15:47:12 +0000
ca0614df36939a9f1c63ba1124460d573928d554,2009-09-10 15:43:48 +0000
005902b23fd6693806c8a3edc4c25a06b46fbd49,2009-09-10 11:42:23 +0000
fb10ea10253183d2fc078f144e7449848f87640e,2009-09-10 11:40:57 +0000
095ee6e2620f06dfe52bd78bda2ae0d080a58b3a,2009-09-10 08:58:11 +0000
960ff634d5cdb55514dbabd76b9d62a66b700daa,2009-09-10 08:36:57 +0000
7019ade828ce8977ecec1cba20dde78db3d08ed9,2009-09-10 07:57:06 +0000
a61c5d80ea92aa4a0b92076f655ec64618d6890c,2009-09-09 21:59:02 +0000
5ba4e6d8722bdfaf54e7b1cede8554b6ab7d385a,2009-09-09 07:04:21 +0000
8d422c61078d95d5880d0513ef40ba9c35fb8b41,2009-09-08 14:05:53 +0000
09b2281bda5375eb4752e7b4d839688703814855,2009-09-07 23:48:10 +0000
642df8a30a54f5962e54d5393155f49e439e11cd,2009-09-07 23:47:01 +0000
8e6d611f1a0194c19f4821f375944222745691d2,2009-09-07 20:50:02 +0000
4fad2066dd05f32fba2eb9ad44cdc7116b217eb6,2009-09-07 20:48:50 +0000
6e1011dc4debf0e7215a9c71e335dbe19240822d,2009-09-07 01:24:56 +0000
e06d9e0dbd059640fa1dce28c32a0bd1945b0cef,2009-09-07 00:33:46 +0000
0afa26f60e86f1ecc5727854fbd076c821ae9bc2,2009-09-06 16:37:25 +0000
f619b9ad8b96291e0f4d1368405e36ffb0a4cd78,2009-09-06 16:36:25 +0000
b974c8475de3c1002ed7cec5ae087c67baeb2d8a,2009-09-06 11:15:06 +0000
bb487b35511f4f80ba23d50877907455659900bf,2009-09-02 09:02:31 +0000
23cec1b11dddcc2a01d799451ad49b8289b37b39,2009-09-02 08:56:44 +0000
3c2da4b068af27c122d6d3a4fe2f4f79ed4d3088,2009-09-02 08:52:39 +0000
0bdf0ffc645e8a4092b48eee3011c6c6e5d6c7d6,2009-08-28 19:36:02 +0000
bc74463529361837888d77161eab2823319e1018,2009-08-28 19:32:24 +0000
94ff54ab5b8915a087484dc06e14e67731d5e461,2009-08-26 20:35:18 +0000
e478d6c2e23760294a04d2ec09f53c7ab16f13ea,2009-08-26 20:32:15 +0000
54133b258283725339a2eb618f17a5dd295ab44c,2009-08-26 14:42:06 +0000
d835d44bdd4ac80b4531782b0b85d6b4ef77295a,2009-08-21 11:47:15 +0000
e58f9bee9908f18bd2475d1d04a34b0d151093b0,2009-08-21 11:07:57 +0000
00debd5592907018b83049624863f82548bacb1c,2009-08-21 10:38:29 +0000
7d45580e842f5ef1fe25b40fe40910f80a8c2e15,2009-08-18 12:48:34 +0000
c656af162b3f125a6292effd2b8b88e9fc800fe3,2009-08-18 12:44:20 +0000
3c0763306cb3af6a1adcbf09f74a54c53509de3c,2009-08-18 11:50:30 +0000
6301b9b2a116af5bfe091eaab858013cede2bac2,2009-08-17 18:27:50 +0000
d9ca2f50eb63f8d124de8528cdeafc3ee4a85a95,2009-08-14 12:44:39 +0000
5ccd14791ddedb3d77f878a5e8ab5c87ca6d8f65,2009-08-14 12:23:14 +0000
4c42d662fec109c13dee043453a008d4ea843ea6,2009-08-13 14:03:55 +0000
2102fe2d6eb233bdf30f2f1429055690baaf4eac,2009-08-05 07:47:45 +0000
ed2f1b7c331d3ef04eb0e9fe2827c9255ea0eaa2,2009-08-04 13:12:50 +0000
2448e233c56d57d7f1eb6fdbe879b4a4b78f944d,2009-07-29 07:15:51 +0000
b91842125b9dee06fa8cc6b6650228b7d77de26e,2009-07-29 07:15:16 +0000
872bb553a9f853f492858fb13daf90355ec89414,2009-07-25 19:06:16 +0000
ee7027793f5a66a1fc1353173b62610d03883872,2009-07-25 19:03:36 +0000
f86fc6a2e86c6d6887a74e3f776b6bf586136229,2009-07-16 13:58:48 +0000
cb9bff73d79590910be3d2e0fd7b2c802e56be0e,2009-07-16 13:01:20 +0000
29882d7222a916d77c65b28cc410bca5aa9ac3be,2009-07-16 12:50:34 +0000
4c9aafc4bbdac07a3c73c830b4e680c773689ec9,2009-07-15 08:58:29 +0000
5b358978f097e40dbe543a9b8576232f9889e4aa,2009-07-13 08:41:50 +0000
fa4bddd4c1f6081f4d4f604f5c19826416387244,2009-07-13 08:30:01 +0000
af557c5d6f0d1c88a5d24848249e3e7f150d0fc8,2009-06-28 09:41:28 +0000
3f460dc91b44628b9e4e75048632046772c01a63,2009-06-26 11:46:19 +0000
42ba71d5758180013e92969ffff1ab316f058f3d,2009-06-26 11:28:25 +0000
8ecb2714364674bb0efbcd720fc7c38110131c38,2009-06-26 11:25:15 +0000
6f0d89027f3e6c8975c052e73cf104681335e33c,2009-06-24 11:09:26 +0000
225098e825372f5326f65507df4f3cbb1a44b748,2009-06-22 09:03:42 +0000
37bbc8471a8c6ab27982c544f3c210910cbeb2b0,2009-06-22 06:29:19 +0000
90d112727bf2eb0469ac23037103d64df29d998d,2009-06-19 12:37:11 +0000
3bbb3d0c063a5fb3cdf6bea022e9577c782f7a32,2009-06-19 08:21:59 +0000
9045dbac58639f6ad43ee9ae22b26c13ab822da4,2009-06-18 12:14:47 +0000
fd656c7cd0e8eb3215e0cd5ebad7497c61990a1b,2009-06-17 15:24:54 +0000
cd5ecde4617be640e0ba276a3ee0deeffd06c43a,2009-06-17 14:52:50 +0000
d72c9ae008d2f164101cbfdd16a72b6ceae283f6,2009-06-17 14:52:11 +0000
897cdf8f5570eecb39a7a9d70c6a6daeb0094ff7,2009-06-17 07:40:55 +0000
600a4f7fcaefc4a25890199747e09250c58be362,2009-06-15 07:10:58 +0000
b60416262832298640c048665899d3d2ad52bd87,2009-06-15 07:08:08 +0000
ba76d0ef03e5d6d86255139d8e3d9ac8ac66ff5f,2009-06-11 08:39:38 +0000
088d8389df4b51f1a0f33cc446c571112379a39e,2009-06-11 08:36:46 +0000
a10c925dc4666265e0ea786c4b2eb50227a48a76,2009-06-11 08:33:41 +0000
6b2e3b0fc4f9a7366bdfb1d1719c39ad7b89cfc4,2009-06-11 08:32:09 +0000
5861d192c8c4b9e3bc5626c35adb2912e8d2bb77,2009-06-11 08:31:13 +0000
2c68043260f9d55dcabc7c82050a5de4ecf707e3,2009-06-10 12:13:55 +0000
720b5a0f82c52cee0815dd21932a81e5b1ba2b8f,2009-06-10 11:40:53 +0000
246e5473f74e15ac9c250a545013004a0a18c458,2009-06-10 10:03:45 +0000
bc194020552aa4e52c289db178fbc04758f1ea61,2009-06-10 08:22:27 +0000
f20c6dafe1ca4a8a024990bc9534a2c5458a9bd5,2009-06-09 14:47:18 +0000
b477a27de170d2bea7b10e098e550909419f1f42,2009-06-03 15:25:51 +0000
4e9c25f40c7c5e806a74efe25a6cf7c3687c5a87,2009-06-03 15:23:22 +0000
ba85c19693ea1abfa61001281e8ad702e4da4ad9,2009-05-25 19:06:24 +0000
774001c593cd54fc87d63acb643fd18ebedd8e65,2009-05-25 07:08:37 +0000
5b54e36edead0f0f877706fa5571c2715299a38d,2009-05-25 07:05:27 +0000
f511f39893a5feb29392630daad71d85e1ac7078,2009-05-25 06:51:01 +0000
1973541110244f6502e4d0557a70d6b2bc611075,2009-05-21 13:29:04 +0000
5968f7646dab51a833b69c3ee1e958e1e5da760b,2009-05-21 12:39:56 +0000
611037a52a9d494e35400986963eaf58f75d9cb0,2009-05-19 12:58:40 +0000
114548b2ba33660f580e085798bd43b9ebda40a4,2009-05-17 20:22:10 +0000
4480520c510eb096bdcb87ca40ad3a0378d11d34,2009-05-17 20:19:10 +0000
d80dd4e0d0714d0c4e8aa84e0333fb206d96e741,2009-05-17 19:48:15 +0000
d88b6b765567ad3989e6f3a1fcfba1835bd75dbe,2009-05-17 17:27:49 +0000
fea224e1b6d4d0197860ad5b9a4eeb323ff0b6e5,2009-05-17 13:54:22 +0000
0997ed60d5815571ddf696858e9b1c740bc19d60,2009-05-17 12:47:48 +0000
61a4fe4725f75e6e12188c0c25dc1262567cc1b2,2009-05-17 12:29:56 +0000
2acabb094200ce6c64a740e69bf91928a916ff3b,2009-05-17 11:58:16 +0000
ad94d7e6577bc5dbe00d91bd10a7afc9905fcf23,2009-05-17 11:56:16 +0000
acef1efa6978e7ba583ee571767ccacfecf3408a,2009-05-17 11:55:19 +0000
d970b0b87ff5b179142128daedb732453c3a7818,2009-05-17 00:31:35 +0000
dccdab8f727ff1c004708ec6465dccf45d0e7394,2009-05-17 00:16:39 +0000
e711ca053c21764136c5a01170bfc17b07d38fce,2009-05-16 23:20:02 +0000
18d569f95e757033a4a20e6ea116e980bc45e147,2009-05-16 21:43:47 +0000
5a2f9c24e869ff34f7d4ede44279dc2852732c35,2009-05-16 21:33:48 +0000
c245017315ae4811f7918936296cd902a97d726f,2009-05-16 19:42:43 +0000
14993819db06836bf77871c11254a4caea21c4fb,2009-05-16 13:53:09 +0000
1776b69512ed08e5d5e772d00a7deb6e0abd181a,2009-05-14 13:35:49 +0000
54ffe0a52fe00d4d868e5943825ac60d95c3f1e1,2009-05-12 03:08:21 +0000
6a9c8a194efe45f066ddfe40b83ebcb50f611af0,2009-05-12 02:41:03 +0000
e559a17d0cd05a29a0ce458c4f20d6151ff29fa8,2009-05-12 01:13:04 +0000
2a3cda32cde4833314c6d4f74879d14aaf767709,2009-05-12 01:11:32 +0000
38c0f4d2f250c50433df0ef2f638fcd7363bb0d8,2009-05-10 01:27:10 +0000
7e89cb7ce63db98820a5e2507b2631896fa95a76,2009-05-08 13:50:18 +0000
853ecaddf57775de47ba6e719f00428a8736bdad,2009-05-06 12:05:34 +0000
a8b8da04ca06e1bdf86b0e78e64fec847f5ecbe3,2009-05-06 11:49:46 +0000
16144952c7df227bf8273d1d809227692191b4ca,2009-05-05 12:28:36 +0000
2567b3dcdfa6a8fff5d05f366d47b7f483aa19c4,2009-05-05 12:27:24 +0000
a78fa474136de93973819377acb0a6d179de3759,2009-05-05 12:20:05 +0000
35c11b2da6875d2230413cce57dec9aa34967c27,2009-05-03 14:04:43 +0000
36df7efc2153b547ca92ceffd2b173bb7db24230,2009-05-03 13:50:46 +0000
65c466cfd87486f7536c5fa0ef6cfc7eb9cd5f5a,2009-05-02 13:29:50 +0000
69de477ae3a4560a88c37035d455537a2d20b440,2009-05-01 22:59:15 +0000
b005dd63ae0e1dbb641b05ddad5a9d832cb9ad76,2009-05-01 22:52:21 +0000
3c1bdd055185197efad7221c003ea93cf1b6bc33,2009-05-01 22:51:50 +0000
6639e44b4a0a854a6c91b547182bdb9e546e7ef2,2009-05-01 22:51:14 +0000
9972037f24f6ebc70ca07cba3ab32d467fa94c2c,2009-05-01 22:50:30 +0000
04d35725cf432c57541a424c40288d66ff1f09ed,2009-05-01 22:50:00 +0000
1be8fde32713725dfe3712444de69d8f7fbf6b39,2009-05-01 22:44:35 +0000
9d8d05bfeb91fc5822c6de1fadd3941639ef87c1,2009-05-01 22:39:29 +0000
7bd8f48ce3f3c0717997dedba3c0885302acfdce,2009-05-01 20:07:03 +0000
12e1bb1626e6d0cca8ab12ea36cfbf7ef20873c6,2009-05-01 20:06:11 +0000
954a563dca0efcb67b59ee6c747e33bc380cf059,2009-05-01 20:05:02 +0000
a69bf918697419c7c2c6fb6f74cc54ece7d0f79c,2009-05-01 20:01:46 +0000
a4b942d3f518619ae17f5fd0819c0368e13b11ca,2009-04-29 02:00:43 +0000
34ddc056fb6561fde9e1b7423f10daf455ca9a29,2009-04-29 01:59:31 +0000
ef7ceec91af3dedbd7890203ec3016fa93b0dd19,2009-04-29 01:58:32 +0000
9b3e87e13497839612264d22a7898cbcf1e159df,2009-04-29 01:57:04 +0000
73dd8898c241fe008ab8b41dbcc02d1a7e70e862,2009-04-25 20:14:45 +0000
591d91ebe2c14f2b97963b89f1cb03e99cdcab68,2009-04-25 19:52:05 +0000
20161024126e81b53f8116738f93fb95752260c3,2009-04-24 14:59:40 +0000
c84527e2567750bdde305327ce7b660ef51bc756,2009-04-24 14:14:35 +0000
ea29d8b9e8f5fc5ab77f377b6118b4d5fdef3aa1,2009-04-20 23:20:41 +0000
1381bc3b03ee74fc7f2be8a963e737241acf36e4,2009-04-19 03:28:49 +0000
877a44666bb89a108c9a587ab3310bffe49b31df,2009-04-18 23:18:55 +0000
5af25d2b2515f31eae0b41797457d054429aa92e,2009-04-15 23:17:35 +0000
44acd01cf17ee233a5d39caed55d2eca77df46c2,2009-04-15 22:04:57 +0000
ed180ee6046bb7074dbd1a0fbb2e28c9d2e94ba3,2009-04-15 21:50:18 +0000
4ac35a0ae9e92f93469a94053b74b9e53dea0eed,2009-04-15 15:52:36 +0000
e8dac90707c31284fd74731ca3405456da92d8c5,2009-04-15 15:35:25 +0000
53d32f4af04a6a81f77939533c2a50852d492cc3,2009-04-15 15:24:15 +0000
2f8c009a811599a6bf247ac890f88cc69ebe969b,2009-04-15 15:12:51 +0000
690459a4da561359511ca8e437b0304453cf46ea,2009-04-15 12:39:51 +0000
72fe09607084060ebbd2f14f845ab34b111f06fc,2009-04-15 05:55:34 +0000
77a86a172b81cb599ed737e129fdcb94cc3ddfb8,2009-04-14 15:25:42 +0000
7fed08b638831a9700c42ebec0f2228c4f280398,2009-04-13 19:34:54 +0000
d3aaba8e25ad8998ec5a74014b9ecb26b3951350,2009-04-13 19:21:56 +0000
a802761aaf649b47b90a30444ab802d9fadd53b9,2009-04-13 18:54:27 +0000
53d848d1d0dd48f2a7025de25740301d0dbacf53,2009-04-13 18:49:00 +0000
c6e1b82f2fb6c11afe1b6d95e6fff1977c721b0a,2009-04-13 18:32:23 +0000
804d1e16f17fd865b1633a8f17958bfc96adb33c,2009-04-13 02:04:32 +0000
165bb772e89edcfea5cb2e01834fe6ca6d9ee9f5,2009-04-11 20:54:41 +0000
21f31012470e149ebb1e4c1512493f7e843f40f5,2009-04-11 20:00:21 +0000
b0f3be41eb228eebc9f6d621a5a212b79a7ff75f,2009-04-11 19:03:22 +0000
60ff90246b11202e07fd8b906c86209ab6b02001,2009-04-11 08:43:27 +0000
288c9e0e1eab4aeb2922ed1c9f43864901f54195,2009-04-11 08:39:11 +0000
25efc936b1721f2874f7421c4aa8c5f4222e723a,2009-04-11 01:35:18 +0000
bbc60f92af4ca522ad27625f3c8f51bd8cec549f,2009-04-10 19:49:55 +0000
afc6b1baf39ffb4c89299610d5236cb3f87218aa,2009-04-10 19:49:16 +0000
3b18929e9d627e1a3573cec49a008999dd3aba98,2009-04-10 19:48:45 +0000
c8882f946a7cb7717bb98704a4166715d0ebfc3a,2009-04-10 19:47:59 +0000
0fa2d35325ae37405746a05acb9e58664907946c,2009-04-10 19:47:16 +0000
420f5286bc81d8c681b81af00ba02da1ec1d66b4,2009-04-10 19:45:40 +0000
5f52eab1a29f933361108ec3f7272b13b273286d,2009-04-10 09:57:32 +0000
51316482fb0972384561ea845c3802fb1f3ec44c,2009-04-06 07:51:38 +0000
577579daf7fbbfc80ba2809cbd9023986b9213a2,2009-04-06 02:16:17 +0000
4e3e4696293fccc44bf104927c859a61f686ae50,2009-04-05 22:57:12 +0000
3f57b4c3318ce178c63b6d1aa225b7ff2b2ffffe,2009-04-05 16:44:11 +0000
cab3c8f87f0a14546d5810a15858ed6ec4933d12,2009-04-03 07:22:34 +0000
03c4676b20b651701cc75b11ab9136ccd4708396,2009-04-03 07:18:56 +0000
a2f2fdb60779ed802853cea62bc4ffb52a4a8f46,2009-04-03 06:35:48 +0000
c28eccbeb2eb089ae38fa7858b05226692fe527e,2009-04-01 09:27:49 +0000
0f70000fc6d497dc12750cdd41c6bfbfc13d6adc,2009-04-01 09:25:42 +0000
a9d9b0093ece62077f463b450b31934e05ad2555,2009-04-01 08:31:22 +0000
63a98413188e98e638f8ba0bf139db8c91826775,2009-04-01 07:27:38 +0000
93042c01a44f70eb8c444b2acd470834d288323d,2009-04-01 07:22:48 +0000
f60ff78dd6584ee195a11a091d5e41020b349408,2009-04-01 07:14:39 +0000
5274ab1f1a2dad090e5fa68ab9805f98160e663f,2009-04-01 06:54:12 +0000
ffd095e2f1cbcc82587918fb46e21acf712149b7,2009-03-30 08:29:50 +0000
0abc7fb4609ae54a4074a32aa060da735960130a,2009-03-23 07:13:00 +0000
e31bd415175bb6073257cb836ce54c0a6033db63,2009-03-18 09:05:03 +0000
d7c5db8c24862c361aa00b49899960a196c6e996,2009-03-18 09:03:47 +0000
a33b40d37c18c7983ceff9c9b722c3b2eed170a0,2009-03-17 06:14:55 +0000
1b713040e2ff356b7684ff5ea7b5b161f49035e3,2009-03-13 15:07:35 +0000
6aa32d76d14035244e21604a6e9dfaa87efd5367,2009-03-12 23:34:58 +0000
added33275d17bcadf809380ea21d5ff238e4a95,2009-03-12 10:22:47 +0000
392d59702016741af3096c13063df7b0fd0bbc57,2009-03-11 11:56:50 +0000
c1ac896582b5030a29917e3cace988b97dca61ee,2009-03-11 03:34:55 +0000
43e65d1a1f857d4af95a31eb6665d14e390ec2ca,2009-03-10 18:14:03 +0000
a58775082b49126afdd75aa666187f5cd929ad57,2009-03-03 21:02:43 +0000
8098b440c92fac96e151f3fd50aab3aa75d36c2f,2009-02-24 09:20:19 +0000
5e7c15cd00a584a4634fa7ab85d0b496a155ef9a,2009-02-24 09:03:35 +0000
7e168ddce17556ff446a8487e8deea2fcb0f59e8,2009-02-24 08:38:41 +0000
99e344b8bb947dda883b29c7925ef63159518445,2009-02-21 15:12:30 +0000
5870e0910689ec3983b72ed5fb30bcbce9e2387c,2009-02-21 15:03:46 +0000
fd687d1f9e1bbf8dfd2a5e4888d031b893870de2,2009-02-21 14:57:04 +0000
07e2de9e25349974acf3870a547e76576c3640d0,2009-02-21 10:56:33 +0000
acffd35d7759b65e38b807b5f8524929d255f97c,2009-02-20 06:53:18 +0000
2f77506fbe4a517a623aafe77933586c91983318,2009-02-20 05:20:48 +0000
5f633c4de06791a70fdaf1d127daf425647d189f,2009-02-19 18:48:44 +0000
d6e5ec5f5bb43ef9b19a1868b8312547952833b7,2009-02-18 16:13:35 +0000
795aff984a49c28aa6f3dbd6ce43e497acfd8d51,2009-02-18 16:08:22 +0000
15e717f2a5e396e201ed9f328a6d883a804f9f5d,2009-02-18 12:17:12 +0000
f27a2bdc659ff92e709f17f744bbcc180aa35b8e,2009-02-17 21:17:45 +0000
a59a71a0deb351a3905c3966fdac6bdd4d931de6,2009-02-12 11:58:48 +0000
803fcff02a8281df9687e87f5edf0cac27f5423e,2009-02-12 11:56:42 +0000
5692a6a7ddbc27600f67d2442183d14e6ed637d6,2009-02-11 09:56:37 +0000
ff59c130e2565f6a480d5461462fac4d4d30b543,2009-02-10 14:08:28 +0000
92709de7ed1275f3f8028fea2cb6fa0495e645da,2009-02-07 13:32:02 +0000
f5723ea421a9b5fc106139130771aa1cc8614cdc,2009-02-04 10:44:08 +0000
3c847a26c5bc8fdc3108869f4f866171e6eaae91,2009-02-04 10:19:19 +0000
fdb98f5f903cec619506afc42261889aa2a26576,2009-02-03 08:29:04 +0000
4f8473d8bb087e0430aca995981f92d864dda2d4,2009-02-03 06:44:40 +0000
2ec6a5dc01b5e04f7f35038134a802261a1b8ff4,2009-02-02 19:45:01 +0000
e1ba05defa8cd4bd78ac27b64976440680586682,2009-02-02 13:08:33 +0000
bb3cb3abc76ec7082b1fec29fdc2105021ea0124,2009-02-02 13:00:15 +0000
fbaa604775acc18d9506eab60314b3ab3be51497,2009-02-01 14:04:01 +0000
77f800ed5ebc51be9ddb8ed0d42891811cda40a1,2009-01-30 16:49:57 +0000
0185dac558775ad673c992be2863a58a57b7f8e6,2009-01-30 16:46:56 +0000
2d7904cd7fbb86c1205d13eb4654193e809067a3,2009-01-26 15:11:53 +0000
c95dbc75dc0d7ac539a54873603f54978a870621,2009-01-26 15:09:41 +0000
c82cabdb2653c91443e406fb88b065686c2509ce,2009-01-24 11:51:20 +0000
e84109379065e1bf1f333e8ed6b0d4c9e535b2d1,2009-01-16 12:39:19 +0000
9dbfcafc37f13dfe28192741b4f05b249b75c3ac,2009-01-16 12:32:46 +0000
b97da27e327bb69c36b4607bf0a677845b3d35fe,2009-01-14 19:47:05 +0000
6701c6ac824df17f06117ad85b3c340d5bd6e1a0,2009-01-14 19:46:39 +0000
e251004a348c89c4f65b8073a227e38e9cd16fb0,2009-01-14 18:21:05 +0000
c5bebefba1954869b4b5a7c2fff782dceb616d25,2009-01-14 18:14:35 +0000
46471ec01595ef6458e5db214fd09823b04322ca,2009-01-14 18:13:42 +0000
674bdcef36a66c6a5155dd04b100faaf937e95f6,2009-01-14 17:37:07 +0000
a83e587ccef56acaae379506b90cac8a9eca80e8,2009-01-14 16:14:44 +0000
3dd0ccbf89beb3eae5604bcd6c96ccf6d3ffb88c,2009-01-14 16:11:16 +0000
9c1e9cb1d4a21f7e909e3a04a8fe5ffdea4c6af7,2009-01-14 15:46:33 +0000
a84f830d451b6704c4a047cc26a5852561e83874,2009-01-14 15:15:35 +0000
a321780f8e182676de0cc61297041be468976f78,2009-01-14 15:12:57 +0000
2e427e8cc29d82a1759107a28690a2b7f93a171b,2009-01-14 14:27:01 +0000
fbefab3d69430deed61eb9222b39b7608e4b166a,2009-01-14 13:46:39 +0000
90b874414e91fe47542fce651a6f299688e56287,2009-01-13 00:58:53 +0000
9441793e0085499cc8471b7627d077282eebe5a5,2009-01-12 19:59:30 +0000
57a75751993720e7a10bb214911cd673908f2e5c,2009-01-12 19:11:28 +0000
2008eae6f920cda402590b9029a7f727e0465cdf,2009-01-12 16:27:22 +0000
d539606a82259c7958dc42b84228cb4962185fe6,2009-01-12 15:34:46 +0000
2c1ad751202f66f1a3de5bb1ad812cc453947f38,2009-01-08 13:16:47 +0000
759130fe9747a291fc946ec26455481d81fe5baa,2009-01-05 17:27:07 +0000
5a1d60a08c26f9a46e594e99f3f124ac6dfb2592,2009-01-05 14:52:45 +0000
24d5bf100857cf75fe86bf310d6f80754851ab74,2009-01-05 13:54:50 +0000
4c2640258f0c8904676fffebdfaf79b60ec8ddd3,2008-12-30 16:34:03 +0000
f38c377b1fb0dd81b95e8c8ca8dd2c37cdc87a45,2008-12-30 16:28:28 +0000
304bb017276b9073da257dfd3f6c16a7c6b9e858,2008-12-30 16:26:38 +0000
3edd70c202adade5d5aa964b368f8c7655b4d02a,2008-12-28 21:48:11 +0000
dd48ea53450ac825f12d4736b60b8ff6aac9b280,2008-12-28 21:47:31 +0000
acd25baf5a2e70cde70c94d6240395191c585ed6,2008-12-28 21:46:31 +0000
a933f2ba91f1cb1b02e517fd5f82122016c40740,2008-12-28 21:43:59 +0000
80fe94e235719cbb7ae7866db186e58285bc9b16,2008-12-28 21:41:54 +0000
4fb74d6fe840bde43bf02eb4cae2267b750881a9,2008-12-28 21:36:12 +0000
428d1066e4f19f9f850d6b5c24bf1b09fa508c55,2008-12-28 00:10:59 +0000
1cf941b67b9798e9cd0fe64334e99f9b4d1ffc59,2008-12-28 00:09:24 +0000
e14baec8ccbe74877e72d4cd4291f2e5ed3aadc9,2008-12-27 23:18:20 +0000
8074811c82410ce06661127cb4c405f1f3f02359,2008-12-27 13:36:12 +0000
4abf39b20b8c16920a8d319279ff2874e2f145e5,2008-12-26 11:50:31 +0000
3d772337f83fa750b35f4574682686d20f30caa1,2008-12-26 10:30:04 +0000
e78018a245ca9784cf358c94e20d06fa7bf021a3,2008-12-26 08:09:32 +0000
35ce3b202eb67efa3fc6ffe06bb2fe475fa6cbce,2008-12-25 21:38:26 +0000
8b93fe50a5efeb950e471b24850f101d7488cfea,2008-12-25 19:51:15 +0000
a51cf51b2c0175f435a80cce805d95b6d0a445cf,2008-12-25 19:50:21 +0000
4a52c375991bf59e1f5c9ecec7bba68705d5ae44,2008-12-25 13:29:51 +0000
a83658f294681d60129cd88095c8067fc055466b,2008-12-24 15:11:59 +0000
196a9c2c0cc77a75d7f742dbf0ed7b615a0e0fd9,2008-12-22 13:05:31 +0000
26810f52ef9f10a218a8976d007df6bf84d70362,2008-12-22 12:06:46 +0000
10bde3a33c94f2b76cdbf5ae7bf26b3a943fd23f,2008-12-21 18:17:28 +0000
b5ef68a6c24dbb66385b363ce607fa86af9ceede,2008-12-21 10:37:39 +0000
47f8a742b712ff1472ac5e9143daea0ee3e7c537,2008-12-21 10:36:39 +0000
c3280cfb2ce135dd2199bd0a2ede4cec6576c393,2008-12-21 10:13:03 +0000
5a5dda74a7b4877bdc39f7f33e2c19b67aa9d79d,2008-12-21 09:53:49 +0000
0e6e6297fb188a74b400d5f427981033fdcad46a,2008-12-20 21:51:12 +0000
e0350e3aa36dd6a25fcafdd4ce602e4a6a8d5961,2008-12-20 21:32:25 +0000
4f66a4e46278484fd7397e35ddc527d059b9bce5,2008-12-20 21:32:14 +0000
8f719eb9a44401c04d8059c3ccd5b626ba93c52c,2008-12-15 10:36:47 +0000
8a8cfdd1b8d1629a1f08c6bcdb185128d114b42a,2008-12-14 11:23:43 +0000
17ff31038a0a4d0e92f3bdc3caaffcdd6166409d,2008-12-14 10:47:37 +0000
7ac959c1c1973fd3cb8429569a04059ad2767814,2008-12-12 15:42:48 +0000
c467784aa249cc3b053e7a20c12e0453da1ee37f,2008-12-12 15:22:34 +0000
4c9efdd3d4f5bbe45c6851e57f43ce19cb7088fd,2008-12-12 15:21:24 +0000
ab5527c575430fe5591b8b23054c324cffcc8271,2008-12-12 15:21:03 +0000
0321592610652964750d7e425eb4f0650ddb4be2,2008-12-12 14:41:54 +0000
ef4c68872187132eb87d3bbf675f2491aff80f33,2008-12-12 09:33:53 +0000
0de95b4a703c30cb21a9347fffd5b4a5d5589e9e,2008-12-12 07:49:03 +0000
40b8572732ba458a5a74c951c50f9d3f57961eab,2008-12-11 07:36:43 +0000
0531a584540bfb9ae2287cfedc737d763ddb084a,2008-12-10 12:12:44 +0000
4d9ade952ffa5f034e62190e7e0dff55223e4b9d,2008-12-10 12:10:50 +0000
8790bc56adc723c13a3c1469f395e66410097fa4,2008-12-10 07:08:35 +0000
31c6f9d8533c29e5e39b564580e6591516e35154,2008-12-10 05:57:15 +0000
5d774dd347fac70d83282a7ecad74c689e1ef23b,2008-12-10 05:55:44 +0000
addcf7faf808dd35d5ca625039172e3d9770e049,2008-12-10 05:05:32 +0000
8ee645a3d3ef4397c35f6420b229442bfde3afd9,2008-12-09 20:09:55 +0000
12b0920d56cacd68426df5387b47696990f15b6a,2008-12-09 16:52:25 +0000
e74a30d716259aa2d2608e3e769ae8036f0b2e68,2008-12-09 16:39:56 +0000
ab87743dc88a80c0fd276c8a719eef49ea054b5c,2008-12-07 16:22:30 +0000
8711960c19958cf08de204713708b74a78bb3e8d,2008-12-07 13:35:40 +0000
47eeb525a6f6e2b2548b2ce0cc86e9114b24eece,2008-12-06 18:36:12 +0000
70f7872afbea7f228e7d754e11926364752deb06,2008-12-04 20:29:02 +0000
ef186a3caeca9723ceb3ea40a720a63c4bd95983,2008-12-04 15:16:36 +0000
8b51c18a81e3a8d35ca08a32df68da32ce09014d,2008-12-02 16:33:24 +0000
8179e945e57424fa8f4f08fcbd2f158d75b9b1e1,2008-12-01 19:59:55 +0000
e89012e17de74da40fa006c444dfac15e502f53f,2008-12-01 10:18:51 +0000
e6c22d5b4ad1d1212d1242a7360356ee8f2d42b0,2008-12-01 10:07:27 +0000
b3b5e342e81a6c9a887d0dcd8885d485d9544d7d,2008-12-01 10:06:04 +0000
685c5371e964653c4e89f636e368a6e8c8726df3,2008-12-01 10:02:35 +0000
7bc71bec6568470a25da18a9a699d92256bd5901,2008-12-01 10:01:44 +0000
146d8b25506f873fc22ee8dc5d9d0ac7bf4f0c14,2008-12-01 10:00:29 +0000
7c7bdda86eccd4cc58161485931ab351e19bb105,2008-12-01 09:58:11 +0000
04af2fb5b58346c7659a33f69b30258b0636b92d,2008-12-01 09:55:29 +0000
2d2b7024423c0a047f91a926abb03f85c740c899,2008-12-01 09:52:50 +0000
e48e0b1e1d9f7c09f28c9107b43cfe9c48b02d43,2008-11-30 14:26:58 +0000
ca8f3b3bce7e89d9c7fb719247f4713824ad50fb,2008-11-30 14:21:34 +0000
cde45ebfefe3e25d14c30fcb2720280311ab4358,2008-11-30 14:18:39 +0000
4029e9276755a7e86bb67f9d4014b5040e7629f4,2008-11-30 14:15:36 +0000
ea2976d8a6495ee9cffdced75a67d52a3634004e,2008-11-30 12:03:57 +0000
2887f275348b073693bf71063f3307ecdbfda400,2008-11-30 11:56:24 +0000
6e176f6c0fdef2ec9f86010b25ae72a610e8f348,2008-11-29 16:26:58 +0000
a6ddf1e35ae12e394ab473e632e3a91e13c76073,2008-11-27 15:08:03 +0000
51184ec02c081067789beb76dbc8415487478fd5,2008-11-27 08:22:46 +0000
bc686d84c9ebdfd89ae72c986fcdcf5473e2d3f2,2008-11-23 13:51:43 +0000
3b4da1a5eb4ceec4a92a6d1e06846d13c33227a6,2008-11-22 15:47:48 +0000
d111a471fb97e2bdd139ad369f71a31974099972,2008-11-22 14:06:15 +0000
bc79c73585eec77c1fc80fca3eb6f451a746d384,2008-11-22 13:53:33 +0000
3eefbc64496f72721c1fcb5a0c2cefc45b9bf2cb,2008-11-22 13:10:35 +0000
425320298e91e774c16e5588a98feffa0d6fd9d4,2008-11-22 12:54:37 +0000
2767f543a50d6b6ce752f779f19f713c92f1c10b,2008-11-22 12:42:38 +0000
cc9f95e70910f8d1c34ccf71b79bd4da0c3e351e,2008-11-21 14:39:19 +0000
a57dad66d28348a56f358fd495cd3452c5687d44,2008-11-21 07:37:10 +0000
723f954d5bdf72adc8379d143268aeb54ed3561c,2008-11-21 07:36:38 +0000
be694ba47e6ae798c8943e4e11a02d3f48141c73,2008-11-21 07:34:53 +0000
0e8f6ddc2f374272696832478dd18ac3cf234e69,2008-11-21 07:07:19 +0000
ead1d671bb1543e259e696057d5674fee958b090,2008-11-21 07:06:43 +0000
6fe37a5b6a12f981f8d1a15c0f627c5796d8e9d0,2008-11-21 07:04:35 +0000
f37883b77a72939b535dea2b1b74088a0ccedf43,2008-11-20 20:38:35 +0000
116293094f1f37a4d586f84b659b7feb4831f262,2008-11-20 18:01:20 +0000
e8c8e9e0634630f372cf5cab32816a9f876a0f5b,2008-11-20 16:58:31 +0000
3d484375dcf6fd2f7944998e6f3d8ad0f881fe9a,2008-11-18 14:17:56 +0000
34c00d27b479cb92c8bd0660d400bc6f07906c5f,2008-11-18 13:54:49 +0000
aad0c40a1702463a03cf1620169d3da749651571,2008-11-18 08:54:43 +0000
7458b31f00db2ba753cc712bd949042a57f3b1ef,2008-11-18 06:36:35 +0000
103f48cb34edf47e725ce98e1c5296bd1c6aea0c,2008-11-18 06:35:39 +0000
dbced59720755ca8d226044ea1ab8cdd5e1f44af,2008-11-18 06:34:59 +0000
e3fc03925551f965e083ee54e2c15947a666e519,2008-11-18 06:34:32 +0000
969bf4fe7d6b6ec441ab295087d72643d3092f0c,2008-11-18 06:33:50 +0000
387a520dd7d54ae3497ff86a1d1c654f1dd90510,2008-11-18 06:33:22 +0000
808e73d20565f5e9762c54d35ec49d14960820b1,2008-11-18 06:32:31 +0000
70bef40aefc001cc2ab8e896a9146c69e53151cb,2008-11-18 06:31:54 +0000
c8857f22fb14fc10f60198485de3079bd93017bd,2008-11-17 17:46:24 +0000
75653e3413e1d3e4305cf7ee2582aa8a917469bd,2008-11-12 08:46:01 +0000
6a6f180b90ef3217439a95fec95ab7ddec1a9316,2008-11-12 08:20:59 +0000
a4daf5f2b4f7bf2ca6d2f99f7bb7ad79141f12ed,2008-11-12 07:22:26 +0000
292c2984a92815eb6624e2f6d2b61688dfa9725d,2008-11-12 07:21:05 +0000
357f421c0d7f75e979bdfd378a562001e25db66a,2008-11-12 07:20:24 +0000
8a76ebab2314a46c11ee542abfc430dd8d086ada,2008-11-12 07:19:50 +0000
171d34708a6e3e259427b84856643a0bb5bf08d0,2008-11-12 07:18:53 +0000
94e09d46750f7ec98864efa3b85b18c5a3d00aab,2008-11-12 07:18:18 +0000
532a1b7ede4f8fa2d386d6f0c5fa3ab0853d9562,2008-11-12 07:17:53 +0000
7964f5a27960e31306e569b823c49548d296f86a,2008-11-12 07:17:11 +0000
a896ecbfbe4158b0eba3f75daa999be341bef575,2008-11-11 11:22:19 +0000
c7cc7aa8635290dffbfa84cd2749b97a0e6fb029,2008-11-11 08:39:11 +0000
2b41b3b99419da7dcec5f2efdea3347e685c87a7,2008-11-10 15:23:31 +0000
6f1638506a385454b7d2f0af41b88a08ba02af2f,2008-11-10 15:22:44 +0000
47fb5a68e635e9c02719e5fe04a14eda436cc488,2008-11-10 15:21:59 +0000
91e3cee14e92aa6b820564920db70c6d0b226de9,2008-11-09 01:19:58 +0000
cb0242d5b6cea66fdc4cb7c0afaba4bcbdfb3485,2008-11-08 18:49:50 +0000
c51e39706999ee9aa1bd8570b0f94b173e884c74,2008-11-08 18:45:32 +0000
887ecd07ae398aeb3915ecd01dec9d3305619987,2008-11-08 18:44:26 +0000
a151350f1b4602ff0808afbcccdc474f780bfbcd,2008-11-08 18:40:19 +0000
7aab162b538aaa670ae414fbfaa789bd41c0991d,2008-11-08 18:38:23 +0000
16d2139e77a5a9a36bd86454a21ff8cdcd73ba3a,2008-11-08 18:02:52 +0000
04d1f33de88c5463345e22fe393535e1b1d72fc7,2008-11-06 15:29:51 +0000
92016abef0b45bfdcdaeb20019ee34aff9e73fb0,2008-11-06 15:12:43 +0000
0fcfd9b29256f68f43a787e026a07d78a482465c,2008-11-06 15:11:29 +0000
838efc8c9939cb5110d77817f59a5ff3e1f59d6a,2008-11-06 15:07:27 +0000
b82e74cc00ca846ad57e60c3197dbb32863563f9,2008-11-02 21:01:00 +0000
b572f159398e38c3b83000bf750e39ffb8d0517d,2008-11-02 20:59:47 +0000
42f7cec3c25b8842251c7b958d517344033ebd76,2008-11-02 20:58:46 +0000
3b9cc773a24681b1fd6728fdc7cc8e887c3abec8,2008-11-02 20:58:18 +0000
ebad3f84bc115206ca2eab7fa473d0395916f299,2008-11-02 20:57:51 +0000
010f09f407928659d2ac800c6eeee887422ab5d2,2008-11-02 20:57:17 +0000
e192b0be2d998d20194d713627bb1d27d361697d,2008-11-02 20:55:47 +0000
a8f31b812d7109e59cf2d035dd021b1d8c9128f2,2008-11-02 20:55:10 +0000
7fd1a39bffb35449e076afd64b6b55d5d64fc40f,2008-11-02 20:54:40 +0000
6dd876259894074b901ef8f5ce73223e235cc365,2008-11-02 20:54:02 +0000
40dece98ecac2cec95bd580b47c49bf28171d94e,2008-10-25 20:49:35 +0000
0bda601286ee85624a9a3b5a3a29399df3a54689,2008-10-25 20:49:01 +0000
20cb3dc87e973d00a878652eccff764c125e1b64,2008-10-25 20:48:19 +0000
944526d4ef7b41c65796ee2b70ff9dbeb144e248,2008-10-25 20:47:35 +0000
767a5a8768daca6b962c41d695cbe185ec801b8e,2008-10-24 07:14:10 +0000
97dbccca8441025602a1f950abb9f9aaafa3351a,2008-10-24 07:13:36 +0000
af112794737d79b0768dbd890bbbbee48838f328,2008-10-22 16:28:19 +0000
568ba7d8e7f5222b56ad7a0e570e2d4c229f2815,2008-10-21 15:31:32 +0000
9c8cec9cd836999d962264b7186fd1dfe48032b4,2008-10-19 20:56:59 +0000
3da7c00cc2ffa3c951b659fb75ee47349d0d4585,2008-10-19 20:55:37 +0000
fe66f8f4ff181767726fc636440a680c105c7230,2008-10-19 20:54:42 +0000
e789518a9bda01909a564823bc9811f544543934,2008-10-19 12:32:40 +0000
9083e870e82a82fee931d06d0d4095fc4dc59ffa,2008-10-19 12:28:54 +0000
ad38d1584f2bb0b8859863df96436439f61343b7,2008-10-19 12:23:10 +0000
79b3827522a2d758b33da1eab6aad43193cab224,2008-10-19 12:09:01 +0000
883e8dc4b8a9a59b3b4cb64b426176702c63ced1,2008-10-19 12:07:51 +0000
40c8234f1fefd930378896034b24a94c87906b66,2008-10-19 12:06:07 +0000
f2cc21532573fc5670854ffef1d5498cecbe2f61,2008-10-19 12:04:29 +0000
24a8102af5911dd8bec6e3b39cf143ba0bed40ae,2008-10-19 12:01:38 +0000
cb2858b0d546d9f455c7c7cedde8d61286ea4366,2008-10-19 12:00:35 +0000
7e7975c5dd27427d326a5a81b6dfe9395854f41f,2008-10-19 11:59:01 +0000
81fc14f318f35c936205e54859451763d1cba4c8,2008-10-19 11:57:09 +0000
d6ee2dd391c988edcaf06c64f43238a3caa18f45,2008-10-19 11:55:00 +0000
cbbf3a737177e9980a465c567c7e7a92d2d82d46,2008-10-19 11:53:26 +0000
727a837f3bcc7b3016a63e4ee6e643f483b76686,2008-10-19 11:52:13 +0000
b96e418335c5dfc9f5b6ff2f629b8ad54c2f0d16,2008-10-19 11:48:40 +0000
948f121be842dd22069d13087c5cb947f8dc9193,2008-10-19 11:48:11 +0000
b382801a402dba921d96b514abc0aae6ec8c88b9,2008-10-19 11:46:34 +0000
922d61f817d2d3c609884f21a891ca909bf7e295,2008-10-19 11:45:50 +0000
6e1c48ef70d4aca63d2e02092a31bfcf31cbea70,2008-10-19 11:44:50 +0000
d2df0ecf50edcc604fdef874b659314463edf6c5,2008-10-19 11:41:39 +0000
a1d226bd6d9fd92bc164fbed3edf2e2d130c5365,2008-10-19 11:40:46 +0000
eb526f106b99f240f399509d1a5873ab54727ab7,2008-10-19 11:37:59 +0000
d7b6bead33108e7f0b515fdac2788e95ef615e7d,2008-10-17 13:32:09 +0000
47f7b920a5e2a62e6941218abe9681fa5b3db5ae,2008-10-17 13:31:11 +0000
3c5aa163a7db9de230c12beb64ba36f967fdd7e2,2008-10-16 18:56:51 +0000
bdd3812c5c71b212f8850f84e378abfeb0ac5eb1,2008-10-16 14:32:17 +0000
9893d6ba1b2a5f4caec42c5d92d62a2b8bd8563c,2008-10-16 14:25:18 +0000
63be9685f13ca46ba34d222564d6162d2899890a,2008-10-15 12:42:53 +0000
b114491b9a1729aaff6ab0cd4be2b41e3b7e2502,2008-10-14 09:56:10 +0000
0d4777a2933604e76a7202bb282174c22f06083b,2008-10-13 14:09:41 +0000
ce84765131c68bd2de94a3bad209ae80c98c54a9,2008-10-13 13:05:39 +0000
dd1bd69587f2ec18a1444328b584aeed74c7037a,2008-10-13 12:55:25 +0000
7f9e0c28aac5027a0eee90e28b3c73fb5a64bf6d,2008-10-13 09:50:10 +0000
5c648d2a48bb9787364e00fced762f73720cf592,2008-10-13 09:48:38 +0000
f6c754a1c1663ed406a70764f78a12f11b226536,2008-10-11 20:08:22 +0000
6df823927be589bda68ebdd2d50c1ef4e0215113,2008-10-11 18:39:09 +0000
af323c7cd94448307a44e5043628aaf8d54e8894,2008-10-11 17:21:41 +0000
b23ea13815d8b457deb1d2491829494af358cb79,2008-10-11 16:25:45 +0000
1de10a77bf4439fabb27d98a7460b9ee2a2563d0,2008-10-09 15:33:00 +0000
ba6ff44b8c4bb46db4476b2d2b2177911b9d1169,2008-10-09 15:29:30 +0000
3f0f15509bad07eefa40f6d33e75ca9dfc42c249,2008-10-06 17:49:15 +0000
754948fc83c241f26a668bed725a7bb2f3ddae6e,2008-10-06 17:35:39 +0000
9cba52a60c41606d15330d587d3d6dcd0fb11a7d,2008-10-06 12:11:39 +0000
94a3a1f15e2e30333a2d2921571b40b385b5e654,2008-10-06 11:54:12 +0000
69829f78491e19f4312bf9f5f78374c63c9f4231,2008-10-06 11:44:42 +0000
813cbe85ed48d6a98086b208d10e4ee76c7281f7,2008-10-06 10:03:35 +0000
7fa663224b1ef87de5a81ac484ec770a916471e1,2008-10-06 10:03:09 +0000
5e62d11d94f31414e4800ac4d9af5f4ab6f03aa2,2008-10-06 09:58:59 +0000
39e1e41e4475ed5bc73366a0388b8f4fe5135fe5,2008-10-06 09:58:54 +0000
df342295d6c05532f1abd41640e016badcaf8ea6,2008-10-05 18:07:16 +0000
807713f42150d09ceb65eb18e01fc6099d794813,2008-10-03 15:16:34 +0000
2f751b3acbca024470113a557ba4a04fe4a18bfc,2008-10-03 12:01:38 +0000
5dd40d527582d1a86426009bd514d82d0dd16b8d,2008-10-03 09:27:51 +0000
ee413323cd726305e8af537d51dd842883c25285,2008-10-03 07:16:24 +0000
793cf05d6661f80dd8650413f0446854c92f2265,2008-10-01 20:05:27 +0000
4fb03c3c43ceea67020bb9f3f6281e1dfe4110b5,2008-10-01 20:03:49 +0000
c588d310cc9b64aa489ab933602f409115e3d806,2008-10-01 07:43:34 +0000
b8e9cc49ad099f791e6f62c543241686184ddfe5,2008-10-01 07:43:23 +0000
aa60e10995ea10d785cb54ee53906892beaf1325,2008-09-30 12:32:27 +0000
cff991bd6d762d85a81147c55564747376c1ce1b,2008-09-30 11:48:12 +0000
4e9ff9dd530f853113552ebf8b225435eb4e29a7,2008-09-30 10:38:16 +0000
98567c834103a31338a6639ff4b3dbfa5502a0d1,2008-09-29 11:22:46 +0000
394c07c3be94c96b047fe08453a8d800925aeacc,2008-09-29 11:17:40 +0000
5f729aa2c71a84fa56af8348d2064b4058cf8c85,2008-09-28 08:19:21 +0000
4829d5b3218a05f6f65809d97c10068907967334,2008-09-27 22:41:56 +0000
e5c37ce336f5d5032132be3939fe4e9c38464516,2008-09-27 17:46:48 +0000
018a44af5acec1bf378205fb208b935ac0d37d75,2008-09-26 11:36:15 +0000
d4200c5e3c42c48f9e502d6c9183d5c84a946849,2008-09-25 20:51:50 +0000
2253f61617a88dad922d3c51ee54db9d0bad73e9,2008-09-22 11:44:20 +0000
4d3216c394ade7d79bd09caec17564ea5afd5197,2008-09-19 15:38:46 +0000
271813ab14e749591562e1472a6215e9f3d4486f,2008-09-17 20:55:09 +0000
1a35be7807d6ceaf5efbb6adea200fb91d2b3be4,2008-09-16 15:02:23 +0000
d85ccc060b230791db7d7dd918ddba01c9e2ff57,2008-09-16 14:24:11 +0000
1f0c4d16ed2a504f6d1f026b893993690a85839d,2008-09-15 10:12:06 +0000
0a2512014133aa81ad53f1be7a782a9304c96ff7,2008-09-12 20:32:21 +0000
108bbffa034e41cfd9cfcc66be99979fbffa3977,2008-09-08 07:13:17 +0000
ae98d0c0d7e97b1b119c12e64e0b258db082bdcb,2008-09-08 07:09:30 +0000
394e82bc4bdf2423d7fd79c1efb02ca19abc6778,2008-09-04 11:46:24 +0000
b8bdeba59f33eefba13a424f114667d45cfdacdb,2008-09-02 13:41:33 +0000
63b460b5ff92831a56c4c2e8ed53399442c39754,2008-08-29 08:25:00 +0000
e56704960b6ba75fe86072b5a52de2be63fbc2b2,2008-08-29 08:24:11 +0000
f72a3f81c08028a0a367e29bde02abee08153345,2008-08-27 19:52:23 +0000
3c265b7fccf1f698d70f9f4a1197ba2fd05e2d9f,2008-08-27 01:57:27 +0000
2f5ac28fafaf09f7c8faf8e82d0a2e689dd18c77,2008-08-27 01:21:55 +0000
db85fda17f0a63c15cce4203dfa508ea4f950d84,2008-08-27 01:19:50 +0000
56119fee7bd2dfdf1ff0b028ebf77c4f4d5628c2,2008-08-26 20:49:57 +0000
898a8455f10fe449099a049689ab501aa48b7dfe,2008-08-25 14:33:09 +0000
ad8bb22107f2ffb4422f277206e5603c9a99f4c6,2008-08-23 15:56:23 +0000
52ebc64fdaf39064fb5c58e91222ffd51dcc2e4d,2008-08-23 15:54:24 +0000
c9eb6d26ef0afd00a5940dab4af83e7a23380f06,2008-08-23 15:51:26 +0000
3588177bf2c3dd0e377d3dabb07a314df42e4b92,2008-08-23 14:15:46 +0000
4030d148ca43d2e189dd3dd20ccd142fd06e39d5,2008-08-23 14:14:47 +0000
d973891f10d8e839bca3c3ce7e42cbfef1b925cb,2008-08-23 13:54:20 +0000
7efda9e09d03bf94ac15b42f85f73cb360fe6dfc,2008-08-21 20:26:39 +0000
fd7125266198562304733be56e086bb1b3c033c2,2008-08-21 18:39:00 +0000
1eb1a5eeca519e5e7fb67ac60e1b3c7ea70ae290,2008-08-21 09:35:42 +0000
87302989fafb1c218105a4ee6d0512d12aec81d6,2008-08-21 09:32:59 +0000
38f6bb3b7860248576601e28b116e0c650a4ba9c,2008-08-21 09:13:31 +0000
8b85c1ce92771745c956352549d8b217f7776c2d,2008-08-16 19:09:26 +0000
2246b1d2b94b405112ffbd2be0dfcb150604334c,2008-08-16 19:09:00 +0000
439476e6d07986e120e3f83c48c37274ae0a37d6,2008-08-16 06:59:25 +0000
10153ee9b02e3c1595574ed309f92bfb37504871,2008-08-15 19:02:28 +0000
7971d3c0de9ab3bba5cca337d09ef38ea5b98144,2008-08-12 23:50:51 +0000
57badc36615c5b11cd83c8889c39a20791de290c,2008-08-12 23:43:15 +0000
e07490f9b363b56bdc3589cdf69694f3e6638180,2008-08-12 23:41:02 +0000
cf518624673e702b99fc2a4ac66d1a0474bbd9e4,2008-08-12 23:39:42 +0000
a65e213f9fa3b206154ae5c80689942711cd66ad,2008-08-12 08:06:55 +0000
4a50afe60e7a929ca40ba40ecd96eaf3d5a3c6c8,2008-08-10 03:20:17 +0000
027ee9299630665bf89ddb2350f972a28bcf46a8,2008-08-10 03:02:49 +0000
b85dc6a50238113dc2a758a558cb0371c4f8f886,2008-08-10 02:47:44 +0000
c5840ed496d7708cb3ebbba0033f603f88c7417b,2008-08-08 18:26:19 +0000
a5b7e65f987d3289e1104dcbbfaf2ec0d63d063b,2008-08-07 14:19:51 +0000
a1f9793cc866e8f53877c8526d950944f37590a5,2008-08-06 03:00:13 +0000
00742c90352ba1ca663412ea82067e4ae9e6a9c1,2008-08-03 20:28:47 +0000
2140374cc40aa1c77e73c0fd6e0783f6b30a5888,2008-08-03 20:02:43 +0000
f50a616186dcf49d3c8336ae5aa72f3e05d5e2af,2008-08-03 19:50:28 +0000
8aec3c114879a1b5854ce628c419174b8f7b3c35,2008-08-01 18:42:55 +0000
fb2fc622036faf71f743dccedc2aed6438181ada,2008-08-01 11:48:23 +0000
81f39a8e3db72bb0d2db62ed3502a9ed60309ff9,2008-08-01 11:48:12 +0000
b7d685cd813b2c25cd95205e49275c94f34eb545,2008-07-31 12:12:04 +0000
fcd5663b55dcc7f00f38fa11c2f24cce0e46d0df,2008-07-25 17:37:54 +0000
535059f75ebd3d28fe3aace71793290a389bcc48,2008-07-25 16:29:00 +0000
4ac2bd447cb53f5b29f8e09093bed250d35f67e3,2008-07-13 19:05:03 +0000
813a92485d6dfce470c3bb1ed5a3832992592020,2008-07-13 18:46:55 +0000
1729459a880df4a3a26ff1da3e3b87b26583f417,2008-07-13 18:35:29 +0000
e808f32c2a5a5e5cbfbabe8f47d7a033d125e1fd,2008-07-13 17:20:13 +0000
f2cecd7ea2c1e4a1e8d7ae6103c4e1e8be421bb6,2008-07-11 13:41:25 +0000
c3f911d98736cabd629613448de6c5be1c49ad81,2008-07-10 12:18:42 +0000
b08a6ac2758d15dca5cc6622634899995d7e3c4a,2008-07-10 11:57:36 +0000
b9988a83e364b9b470873dff8996dcf401d08dc4,2008-07-07 14:52:05 +0000
5d351ea375f2b8d4ca0ae40b887392915983121a,2008-07-07 12:31:47 +0000
2bb54cc863c9c599e316ae5da7ba1a77f42e9402,2008-07-05 18:54:27 +0000
68b851d2adbbeee6014d1c37b9c07fdb4fc6820f,2008-07-03 20:21:40 +0000
e6c057bd6a04ec286d4ac4da5d2a82696868b937,2008-07-02 00:12:36 +0000
7e5a5c7e3bab469287f261774b9f797fe64a579b,2008-07-01 19:02:34 +0000
ec6811f46c0ea135d565f5b2476c134c19fb6fff,2008-07-01 18:17:04 +0000
a3e5cc4cf539a744997284f695841c59b80236a4,2008-07-01 18:16:28 +0000
d10db9655d5c8dd4ba3391a55f063f4034450927,2008-06-26 12:56:27 +0000
c319d30a038963eebd7916457d0d22dfd9d23cd2,2008-06-25 13:47:56 +0000
645a7a6d9287eef969b35b2119acac38e6ee647b,2008-06-25 13:47:56 +0000
34bc37a3ca9e863360cb3c2ed68b6aec6c4e15e9,2008-06-25 13:22:58 +0000
c787a2a9ee54f4b9e604ae652c8805d7d5d43388,2008-06-25 13:07:31 +0000
6ba4abf25c2b49941d98ff8ee3cce0c852403759,2008-06-25 13:04:54 +0000
bf79a51865463a54d816210d60deb754ce475c9d,2008-06-25 12:35:52 +0000
5f49442c4c5c0e79177772ca253c715fb642d955,2008-06-25 12:28:23 +0000
4d5f2edc4e983e726f20aee69480c08c421ce307,2008-06-21 21:42:41 +0000
ea1f2dc8a02d9631a5085c3219b2863605674458,2008-06-21 18:27:12 +0000
2ea3cff60819dffb0115c2d41c1a52a45261fe18,2008-06-21 18:25:29 +0000
0e7682dea6e8e081f815ae54a1b7332959cad82d,2008-06-18 17:00:08 +0000
323633df04b6c6fab8e3c9dd6b771fb89535994b,2008-06-16 16:25:28 +0000
e8fa5aa70b308f0ff6985f3897af43d212c07114,2008-06-13 12:49:03 +0000
175f6853108e64c7800a41266919981a5f9764d6,2008-06-12 17:11:34 +0000
3054f77ec5b689ab1db887d2290be9b4a2d78870,2008-06-12 16:05:47 +0000
3d9e80501a218d24afcc9bff379a3b2e398f15fa,2008-06-10 12:05:27 +0000
3b23c6ea4319623cec84eb1442a44467388343f6,2008-06-10 12:03:47 +0000
5a3ed40437dc54e7ac4d70d0ae4117136311027b,2008-06-10 11:35:56 +0000
c76f14d8a766cc38d0a5542289c6c40a031be8d3,2008-06-10 11:08:27 +0000
67e68723483d388d25c00384aaec789a93147f36,2008-06-10 01:02:50 +0000
f33fa6a3ba2bc7f5883a2409e9adc571b626be7b,2008-06-09 10:44:16 +0000
995751a2270dc857fe0eac063979fc53794f8032,2008-06-08 17:07:41 +0000
b034ddfb5491ef2533bfda266c002142389641b9,2008-06-05 21:10:00 +0000
f939e47bc7dcf4b6b14fe6f31ea4b255f7f7ea69,2008-06-05 20:39:47 +0000
6d6e338814d7cac1ffa1964e14716f55be48a0c8,2008-06-01 17:41:32 +0000
f379166a5a99b6bdc6a8899324307449ed224cb5,2008-06-01 16:44:13 +0000
677fa137cb0887125de78499a1ca0c8699e9d2e1,2008-06-01 14:38:40 +0000
b8eb8659b79cd3dc31dd5b7b81c5040cb089c70b,2008-06-01 14:11:19 +0000
2b7b87202c574db93a44be91fc2dbe68963e2798,2008-06-01 14:11:02 +0000
1b40fed98b4afe8d8f7759a5ea396ab549010a42,2008-06-01 13:18:56 +0000
d5c6e27b70c0110a53eddf8fc4245c7d3d8257dd,2008-06-01 12:08:26 +0000
2ceb09a85f5473cc3eb4dddb344ed0472fe22350,2008-06-01 12:06:30 +0000
6c4cdf50dc7557addbcd3cba2502e7b7a5aebcfb,2008-06-01 11:55:19 +0000
4c10b8446099ca8df5407dad426c4235a81d6586,2008-06-01 11:17:54 +0000
aa8a290a8acd905a7e06ef9d680f2905fd14103a,2008-06-01 11:04:39 +0000
31a3017ad9ae6bab21574b8c02e303aae83390b1,2008-05-31 11:31:42 +0000
076655cc2f1233332409277ac733a043e86edc5f,2008-05-29 00:56:54 +0000
1eef6b650f6a7ba6aa8778642a2730f0ca16c6d4,2008-05-29 00:51:17 +0000
9e9478ed9e106cb5305f691af45b42dcec5679db,2008-05-28 20:03:08 +0000
6ca0c783debf957efedce8936484103324956111,2008-05-25 19:03:08 +0000
89ae884b59d7a12eae15de5f65f0b2b4fe591303,2008-05-25 14:14:10 +0000
538e1402ed9727fd24b0047f631ab20d8924d29a,2008-05-23 23:38:46 +0000
8bc40b329aba5c7afc5964c8e76cdd438a6f2f6a,2008-05-23 23:23:37 +0000
4e160c59184cf0b16a491b0993c27263844bf245,2008-05-20 14:20:49 +0000
55486d1a41a358e0deec319875dba947e63bb2a5,2008-05-17 18:33:16 +0000
df6ca033d87388a1a39a85ef2a8737c3a03e7e32,2008-05-17 18:19:49 +0000
87552c233c57996e59d8b94af9e22b0a0ca913d3,2008-05-17 18:17:50 +0000
d70af0e12f0e8155113307d4a0d772361ecf19b0,2008-05-17 17:50:27 +0000
da7efe48ffb1f152e45bd611b06ce05aa3aecd34,2008-05-15 16:33:26 +0000
333d88a231a1110471852971e9671dac78eeef94,2008-05-15 16:06:28 +0000
782e694dc7c8834bf684aa2961d6315756684eb6,2008-05-15 16:02:08 +0000
6fe615b11c9c77522107230504ec8d77166bedcf,2008-05-15 15:55:02 +0000
242bdcf4ee255e672718577e7e048e1d4d7b644f,2008-05-15 15:53:51 +0000
bb3c54990a800b82fa165c3687912f2a204ecf0d,2008-05-15 15:40:31 +0000
7351260603df87493cf482866f8b680cee5d13ab,2008-05-15 15:22:15 +0000
9207fa0a893734c79b94958eb51870b5b32c120e,2008-05-15 15:16:04 +0000
dbaa42ccf1e25bb68edda565a142e640b8347317,2008-05-15 15:10:22 +0000
94888aa9b81757b3a05323261f5f6d2a6518fc13,2008-05-15 14:54:04 +0000
d8962d930551fdfb0771ae121aa3c2dd98261156,2008-05-15 01:05:40 +0000
f4c004b65f93894aba13bd3efbaefaa09ac9c2a0,2008-05-15 01:02:13 +0000
543ef0917073f00e7854cda304712db151a32aed,2008-05-15 00:33:42 +0000
fb076b458c40b5e8bd2a923ee7696f2d49e6fdd7,2008-05-14 12:53:17 +0000
5b629eaee017f711c5922fb6c613825ea7e65711,2008-05-14 00:11:02 +0000
592d055743425b93416fdae52df9a73573918881,2008-05-13 22:21:22 +0000
60771f74d64622008907693ebd52ae4eaaa7ea71,2008-05-13 14:47:54 +0000
ba8f296339c451dacb99c63928f97b7bb0cd5e39,2008-05-12 15:32:20 +0000
1312988c178a82327a9eb06e2a0d8ccf2e1ee37a,2008-05-09 17:34:51 +0000
6e8b0049c9ebf03498b4987a0757f8ea72e7b6ca,2008-05-09 16:44:26 +0000
508054b1c024c144b4d01575e46adbb0c055e983,2008-05-09 15:31:09 +0000
b2793e4872c989ade489a4fa7f611d9895c36d21,2008-05-09 15:21:39 +0000
36d4564db58dbb6038f78c2ce98de28a9644d99d,2008-05-09 15:04:54 +0000
3744ec0e8afe3ab013b8b31f07288c0a53b08e99,2008-05-09 13:49:17 +0000
8077865296b198bd30ea1289dc46168334cc7dad,2008-05-09 13:49:03 +0000
9fe159bf020c708275b7fc8e8b1b8dad972ce012,2008-05-09 11:11:43 +0000
e6e6533a66f73367692c39a1c7d296bcb79eeed1,2008-05-09 11:11:18 +0000
a1717b497dc07532dfddc574b39f54a2b1c531ac,2008-05-09 08:15:19 +0000
91761ecb4350cb1f5893804375dd69e8c0fe0077,2008-05-09 07:45:40 +0000
6680c375ab35848dc4288aa5de4bf26cf1354188,2008-05-09 07:37:01 +0000
faf3afd501fd75691e65456414c04892bfbe4e9f,2008-05-08 15:32:30 +0000
7e97b9939d21d6c96386df0205cb46e367e5b3cc,2008-05-08 15:31:57 +0000
72d7e8a06d3a4d0dc0871223cf1124c45c1a30a1,2008-05-08 11:00:04 +0000
ef20b7bdaaf0e09328449d1496610020e598d027,2008-05-06 21:04:01 +0000
cc33c9699f4b4bee842826c5ffce4ba0275025b6,2008-05-06 20:44:20 +0000
1e23b417ff4ed58ed8c2bad89ac679490817a19e,2008-05-06 20:43:43 +0000
c99f6b96373d8605736b44c2b1bb222031cd8812,2008-05-06 20:12:18 +0000
65174830f55ee74c72a748aceceba33c793b6948,2008-05-06 18:04:41 +0000
575878219a01fb05d772d2f9f9d5e0c35bb21769,2008-05-06 18:03:36 +0000
bfc4155e9f66d19f4a01c74e4da273773069c2ab,2008-05-06 17:57:56 +0000
7f0c9478dadc0b090d4a7a221b1784b7f89a8ba0,2008-05-06 17:51:57 +0000
af2cc5bba3422e8822d8b01de03fc251a6eb1b1c,2008-05-06 15:13:14 +0000
b80f68f95c10cb61d16423692a957913fe6ac73a,2008-05-06 15:12:15 +0000
8833b57fc1d2181e6c475768e1e2501013414de6,2008-05-06 14:51:54 +0000
b0fcf35f6f8bf19078faf8d3831dc8a305cb4337,2008-05-06 14:33:22 +0000
b776bbbdc2285112885a7baf7adc13cea2840f76,2008-05-06 13:31:03 +0000
e55d1c81a45b7a404d4009e4e3471112e0163fa4,2008-05-06 12:17:03 +0000
20360ec7889a86ea42506e7ede07576ba08d8dec,2008-05-06 10:55:04 +0000
6825483eacd9613fff0d605fd8dcadd4d8109a39,2008-05-05 13:31:19 +0000
0feb8b26073f324739e84c2cd0be70dde350d3fe,2008-05-05 13:26:13 +0000
d428751da08b48fe987e57ce1bb9289c467aa5e4,2008-05-04 13:59:59 +0000
ef53c9c41247a00081168c244442e488787ba6d7,2008-05-03 20:56:25 +0000
ad3dbd7849fd9c30df8919508aa0f6ff45a4833a,2008-05-03 20:39:32 +0000
afc0045da11e9e13033c46f90ddf8f904222bc99,2008-05-03 19:41:49 +0000
ec4155f07f8e81ba3ca276d949d3424be05fab00,2008-05-03 14:25:25 +0000
0f65fb331c085edc93a87aefb6ca4d66292e823f,2008-05-03 13:36:10 +0000
f8cbc746f4226c538226e2de8a010d366c710c2f,2008-05-03 13:07:22 +0000
0748bd09b3f898e16ae96f7e091bd86569ae8de9,2008-05-03 12:23:18 +0000
2dcba315fd4c61d614bee30e01d4fbe4c3693479,2008-05-03 12:21:36 +0000
706ce955db4fa00b455c3556691d455e7b2e7088,2008-05-03 07:01:38 +0000
c525593686ca14330d1ae21a33bc3b77bf7b238f,2008-05-02 19:43:36 +0000
f3ed2e00cd0a78aac51847759a2f3d6750126a71,2008-04-30 12:58:41 +0000
8056f253eff78436aa2281df95ffe7ff60b0fd30,2008-04-29 21:36:43 +0000
650a781d3dc5d2b5dc4dc8bc79f37be6c75a3396,2008-04-29 21:27:24 +0000
58d26d5a41c2b7c8371c70b1ff52c5277db43bf4,2008-04-29 21:26:45 +0000
09e0bab4bd9e72d7f79fe887a96188af195e3a46,2008-04-29 21:25:24 +0000
5a130f49d07d2064b151efd6a28873bc734a2834,2008-04-29 21:24:55 +0000
3287bc98370ca628f73e3722857cf0901cf65070,2008-04-27 12:41:59 +0000
f8188846a5796972f925a8bfd72540bac79071ea,2008-04-26 17:18:00 +0000
fafd7fa4f0a64bf11700787c0eb3003a66635128,2008-04-25 20:32:01 +0000
315f3b2190c33499fdbdc47ed72546d12fb43424,2008-04-25 20:19:33 +0000
94bf6e9b874cd09c1db6ba4d05b201edf6495680,2008-04-24 20:54:30 +0000
e6f62eac8299c27b14a4900dc985b2443ea06a98,2008-04-24 20:48:26 +0000
3f34f7f73fb669c4100998c0180f6162b29ffbcd,2008-04-24 19:57:00 +0000
d07e0fe98843dbf8ffe83b7f1032dd5104538fb3,2008-04-24 19:48:37 +0000
42f1c812fc114f1255a84d1b0af85b91c66ec506,2008-04-24 19:47:14 +0000
a77bdea974337b13e33beb06a7f889017a003560,2008-04-24 19:18:46 +0000
92c00e33b8a544984336312a0ef3805ba5f3afa9,2008-04-24 16:18:38 +0000
374eb93c715266f1c9f6b5838687a9be9746cb64,2008-04-23 12:54:08 +0000
18c02f749c5fe12c5b8107d48e35d7a67648b636,2008-04-22 14:14:01 +0000
1da1324d3a4e5b97da381067b227a9134fea4190,2008-04-22 14:08:37 +0000
50961b3b0074a65b4f3f9055c20fb97a86e9a69e,2008-04-22 14:08:01 +0000
03cd8c9e66e9e7499f67d960ba2ae528e95cd5cc,2008-04-22 12:53:22 +0000
4efb1457eb0c210e6464545369d8bb9cbce3be27,2008-04-22 07:44:02 +0000
4e782565c2af7e7b7e36e1db5208b37a2d0af812,2008-04-22 07:40:58 +0000
baa891d6c3524c1fd947da2e3ac0629ceab8e5d4,2008-04-22 07:35:19 +0000
c14658ef2e556d338a3e195a6dbd409d54bff907,2008-04-22 07:34:37 +0000
031136849e321d1de2d4025f0d758e606752fc14,2008-04-22 07:04:28 +0000
a805c2d5fc63465fdbb3d1875d0abcbb90d845f0,2008-04-17 20:51:29 +0000
e9e86728f9400260ff6528bed936e5b520ecfdfa,2008-04-17 20:50:02 +0000
f866b5ff8024b139e1b269e4da90ffa932507f79,2008-04-17 20:38:06 +0000
f491bb905afeaa8e41234ee862925e56e74609b1,2008-04-17 20:18:55 +0000
4348ff35d40f8362e93f32423f2d390cf21d6984,2008-04-17 19:45:05 +0000
04a3c1704718ea4294f52ce04c6cb13bd7f467dc,2008-04-17 19:37:20 +0000
b1bff2154b230205713c79eaf87bfe91767fd90e,2008-04-17 19:22:22 +0000
53ca9046d1de055fc33a7a0ff8f75e47a73bec88,2008-04-17 18:36:42 +0000
612f48d9024f8cf6937faadf633b556dd4dff7e8,2008-04-17 15:57:20 +0000
741b5ab4ce7d682bf35321a88ba932a7941249c9,2008-04-17 13:26:17 +0000
74d13898e760e4b4705c519543263201bd8bb601,2008-04-17 13:08:11 +0000
83997a3cbf917ea1b2bb11b8da6130de49b3a14b,2008-04-17 13:03:19 +0000
2a3505c14f69997dedbf6d1528db23a25c3f5c02,2008-04-16 21:23:17 +0000
e6eea7b072c84b47654585e7af6c631953432d00,2008-04-16 21:11:57 +0000
220d5996037f94166bde460a869bc74dcb321cb5,2008-04-16 21:07:21 +0000
55a22f9284a4744e25896980f7644bd5a654ef74,2008-04-16 10:39:02 +0000
a1059d859b87e480604eee642976e0cb56ed3aef,2008-04-16 10:18:08 +0000
531764266c26e8324dedd4b16e2469a09c3db86d,2008-04-16 10:03:15 +0000
6cf673142f05488c3d97fae7488abce0dba9f00f,2008-04-13 18:12:28 +0000
395fbd8b85842446f87fdbdd9ae226db2aa08099,2008-04-13 18:00:42 +0000
298c8d5b2a0f9a76bba7175c5909c5b324634065,2008-04-13 17:52:03 +0000
2f1135807d0af438a953ab70068e8a09222fda8a,2008-04-11 22:07:06 +0000
5ef7c54ba634f1dadce0755d13e3f74c277b7f5c,2008-04-11 21:53:13 +0000
f74758230782b9f1aeb433acb3ea3942d93764af,2008-04-11 21:44:25 +0000
7ea0e43957d0ed3ca0191d661aee08f549bf04af,2008-04-11 16:30:39 +0000
68b9210e0b930bc456b96a3c6146f675dde193a8,2008-04-11 16:26:11 +0000
95287095c340bfb9cb86c4e26387d6b67430e312,2008-04-11 16:09:39 +0000
2c7951264feef30cc2de19dc23525897d1e0064b,2008-04-11 15:21:50 +0000
8fb45120206cc22de9f78e71de8e84beef46d43c,2008-04-11 15:21:28 +0000
ba00e3d50003f5e6f548ce19f5f17f8a80197405,2008-04-11 14:57:02 +0000
1ef75dd2cf61b5896267d89fb6528a02e546a7d4,2008-04-11 13:31:44 +0000
4937c72e8b17b538520d1cf3647ee2e343bcac22,2008-04-11 13:31:17 +0000
1be0ee0810cf8a52c4eda8cffb836133a4bc4bec,2008-04-11 13:10:28 +0000
68cbabd8f2d8d19d7220c3be620a2f630a228835,2008-04-11 12:57:37 +0000
199fd28a4d457cbc71a117ce6fe3370369814b4d,2008-04-11 12:51:08 +0000
d07c80c459c0968d8db2ce382213b6e10a5e133d,2008-04-11 12:39:54 +0000
16c86d34750e052849db6ae0250a38cc53c3535d,2008-04-11 12:14:47 +0000
5f84cefbe9cccad241a2cf294bcc0b1ad5fa7459,2008-04-11 11:46:30 +0000
3285b5f7520c24b5957005be885887339b6e6008,2008-04-11 08:01:17 +0000
8ef34d7626f0e324aca07c3b8c60c9b5d6d76b99,2008-04-10 15:09:01 +0000
47ece715c9c4f69d0ba14053564d01b5929fcf2d,2008-04-07 11:20:46 +0000
05b8e901ed8ba12735a08ba493d5d41e8ff7924c,2008-04-07 11:10:39 +0000
601ce02e8f68de932b8d937b5b11139be1b7c89c,2008-03-31 01:14:03 +0000
61032ecb07d23c5b05f91905edd5673cdcea03af,2008-03-30 12:14:10 +0000
6c03c67dd7072812aeaca78d4c37f4245c72290a,2008-03-30 12:03:31 +0000
1bd7077d65c90583ae35e92d6d28223dff7ceacf,2008-03-30 11:43:05 +0000
1ff4bfdd97641a4630e67994ec65dc7e6e7ea1db,2008-03-29 10:44:47 +0000
336fa6a9cbbddc85f170fa2400bca6f0ba52a5b8,2008-03-28 16:59:22 +0000
0c28d9b5e5f67e967eea8551f5826340ef209aea,2008-03-28 16:56:55 +0000
bd6bcca36377df0bdc0c07a30cd7e3c97baa294e,2008-03-28 16:19:21 +0000
a532c18b0e3e7209b2ec6a1a888a46153c51d23e,2008-03-28 16:14:53 +0000
84ce2f3f4ad35dcdcd82c568268213c578887358,2008-03-28 02:35:28 +0000
f78a0e99a05149dbdf69c51d58491196549c6c4c,2008-03-24 22:28:20 +0000
2175203abe49692ee16fb151a8a4bc6dcd543f05,2008-03-24 22:23:12 +0000
f12f596c4fb6e9317755671cc61d3eb5fc047fa2,2008-03-23 15:48:14 +0000
212e380c9b03f8936f71a3451a38a221e47fc2dd,2008-03-23 15:45:41 +0000
71be7ac34c33328d1d24d4bf1e7567e53b86e6cf,2008-03-23 15:04:58 +0000
7cdf5d8c82497ecad9f752ef324846b136283c2a,2008-03-23 15:04:00 +0000
a7a0389fece2d8f36718c2edb0ca6dd38b40ab60,2008-03-22 21:31:30 +0000
42bd9f94027f3dd0fd7bdd801974b92f7d6b5bfe,2008-03-16 15:31:54 +0000
54208e88fe09c6023b31f75d9ad8a8f103786c6f,2008-03-15 20:57:56 +0000
b44d77f1e30876d23f2e768d40fde6dc47af3517,2008-03-15 17:31:22 +0000
82a0924e6b5066d2a02c331759fd6fd3f4ce083a,2008-03-15 10:45:45 +0000
aac9d22b6c1181926a51c8f3ff01fa4833ec1e1a,2008-03-15 10:44:43 +0000
4fbea4cd22dd17fdf4f29f89176de2676841249e,2008-03-14 21:14:13 +0000
1a2a95cbe9362d5659a461bd5d31450d7428844a,2008-03-14 21:13:46 +0000
f368f8b8cbe4233ab3ef499ee923836daf9c0604,2008-03-09 21:35:17 +0000
6011bc09b6a47f31c6916e2c52b633e5365b6844,2008-03-09 19:14:27 +0000
b206c5171758c123068ae37746b10ad7fb71f115,2008-03-07 09:53:10 +0000
04b7d35b228740914289dcc6a6eecd9b0da9066e,2008-03-06 13:17:22 +0000
04de690280cfd93fc983e6c259b205a1db1f8a9c,2008-03-06 13:13:41 +0000
46140e5fec4c6e4036b14df321f92e820e784ae3,2008-03-06 10:45:26 +0000
60a88db7cae61545d9443f572fab05413effcd66,2008-03-06 10:25:41 +0000
58d0778168984cd9674a3af63e3160ecea6e3c7b,2008-03-05 22:21:58 +0000
1fc2073cec273532a4f39dc55c6c96da7aee233a,2008-03-05 22:21:01 +0000
f1f234e6c251896a2f679a037f65fe39f4037e0f,2008-03-05 22:18:44 +0000
a7b357f6c64b9ce7e54670a43c1b4a38c8bc6939,2008-03-05 22:16:04 +0000
53606e1fa01979c1ee4637284ebab01d02e60bbe,2008-03-05 21:33:06 +0000
83d4dd995cb4749bea82c1e285cf3724b786fcfb,2008-03-02 18:19:22 +0000
f0662fc764d3b2c12a8e6a3bae43ef5debfb340c,2008-03-02 18:04:00 +0000
70719888e88d56eaa65f4648a8224a0f5bbe8339,2008-03-02 17:22:01 +0000
23ad08275613416c511f8bb6be952824cdfd4e88,2008-03-02 16:05:54 +0000
c7e47f1f4a6cd8d32849db29f3aa7482861b1867,2008-03-02 16:02:38 +0000
428f230a90b3de333b4fb427321a52c743eabbed,2008-03-02 16:02:00 +0000
fb89ca27c38d9f53c0d9fc1ab14fc8413f658a60,2008-03-02 15:35:34 +0000
40d66682771f087aa57021b3c81c611723d9054b,2008-03-02 14:13:19 +0000
f8e14eef43bc85d495c5262973466a55b25ca1fa,2008-03-01 17:25:20 +0000
d88740847f461a33eb10c8bd999c7fe4318079d4,2008-03-01 17:24:37 +0000
9efd9bb1697e70fafc544abb723574c8e59808d3,2008-03-01 15:47:26 +0000
2f02fba29e72fedf4ab2b9c0538d0e13721411e8,2008-03-01 15:21:32 +0000
487000ccffdad4f0e47039226c34efa866fe0256,2008-03-01 12:29:25 +0000
1b0241ab26b4e6d592b70824fae4229b9f235526,2008-03-01 11:51:07 +0000
733479f9859c6d35ba44e2097fb8bba9bc7299fb,2008-03-01 11:41:24 +0000
0f28e0cc139ba817fd3bc4e5385e556b85fdbb39,2008-03-01 09:42:00 +0000
d0cd95956f09ea1b09bee298476b9072c2e99b81,2008-02-29 14:26:16 +0000
5a9a83e428e99eb896de11839f3de62c40feafea,2008-02-29 10:59:48 +0000
32fbb1473eb1e789554cfd9b1abc0b263bed9b61,2008-02-29 10:42:53 +0000
c9770d526af3795a4beb182ab36f2385045a8bbb,2008-02-27 21:11:57 +0000
537616416644176fc0e7e99297e684ab7cef7a94,2008-02-27 20:49:37 +0000
8bb6aa3018013368f16e3e634cd9412521a0ae16,2008-02-27 19:58:43 +0000
9dc19824aac55997202aec44110829e42847a2e3,2008-02-25 17:15:09 +0000
c3bb845e2a525712f8f6bf1cea4b1368d6ca092f,2008-02-25 17:08:22 +0000
6e40537d5bbf1f25664cd97ade8549f22ea63fb6,2008-02-25 08:47:22 +0000
c15a35961f81e1a4356187d7e41ed5e0629fec38,2008-02-24 16:06:44 +0000
50034649cd3014157ddccf71e5512e0526ca86b6,2008-02-24 12:05:42 +0000
a7c3b3ce7144e2229132f42c3bc4849458b61f7e,2008-02-24 11:58:16 +0000
3965162fb4550872dfc67808a33591ded66ba409,2008-02-23 17:19:14 +0000
ed71fb96dca06bd38ce7d6bccd575c0fbed42202,2008-02-23 17:16:32 +0000
43791c321f671e3a4dbd8e74d0a0b2727079a0e6,2008-02-23 17:02:06 +0000
bda6b73b71b4ea032b220723d5a915db66bb72be,2008-02-23 16:09:45 +0000
75c72451b53514de2e2dcef3f549e409541b407a,2008-02-23 15:34:17 +0000
117bd88d9d3efe717a7d1ae313206746f15582d8,2008-02-20 21:17:34 +0000
309bd80a5147083753a4f8be3544a046ae11506e,2008-02-20 21:16:58 +0000
91649256480707171238f4e4d9a652eea0ba8b28,2008-02-19 00:02:53 +0000
a46ad33cd9ec4442f2fcf7c024499c0506ad8300,2008-02-12 17:06:19 +0000
fe67a6b917fa6122d885d41ef77d980b01c55233,2008-02-12 16:49:31 +0000
3b50173904d63237da5d3edabe0f88fa6dc56124,2008-02-12 16:30:27 +0000
695419fb42775ae5fef47d99a12651ffa2b20eb7,2008-02-12 16:30:12 +0000
5b4eb3eef591f9aacdf227863bce614ce3390d3e,2008-02-12 16:28:32 +0000
c94a0f2359fdeae6bcc00abce515d982ff833b47,2008-02-09 14:11:27 +0000
5fbea77ca20c96880c4db8d544da093cbc86284e,2008-02-09 14:10:25 +0000
84ab0b78d33869165f8da5f6339ed6ed0a9644ae,2008-02-09 14:08:54 +0000
7ffd50f38b5b534ccb028210e05a337333adc60a,2008-02-09 14:00:47 +0000
e057628475c3a172b9c207cbb6dd1c02ea67a584,2008-02-07 12:19:52 +0000
ff70edcb491d94589c91c1c2d384c482e624e214,2008-02-06 21:58:55 +0000
b5bc20be375487eebab8f201e71dfa0e3f2b4753,2008-02-04 12:58:26 +0000
ced78c2bb9875bd8bd610f3c632445d0d61bbaea,2008-02-03 22:51:13 +0000
5730477e4279663d4020bda33e92499e9c671c60,2008-02-03 22:42:14 +0000
f52ed1ff661cb8e950de462989c50d7bef9eefcc,2008-02-03 22:04:28 +0000
d6b67d0ce8289a7f9bdb8a2882e38dd5f605bcf6,2008-02-03 21:42:14 +0000
e9fc52eafe9bd838c937e311d122997f4b06aaca,2008-02-03 20:41:16 +0000
104c6c693c0119a31c9b2e47f49a94c304faf7b3,2008-02-03 17:01:39 +0000
72dc89120d40cb5c77ff05fa5a86c3794cae1948,2008-02-02 18:28:43 +0000
ebdd8029b4425c8f30bd786c201cd69b7714fc73,2008-02-02 12:23:38 +0000
d41423d9c1c42f3602759f31526d207b86cf380b,2008-01-30 21:33:21 +0000
12bb4da8fb1848619ffc016889ee3d0f686859db,2008-01-30 21:11:03 +0000
0bd721e46057c1c6a0b1dd9ca83d6192207a6f53,2008-01-30 21:05:04 +0000
3a5de0188daf8ff00426e27be1e9034c01c2437d,2008-01-30 04:47:07 +0000
8529197fe00daaae1ae8c7f8a573b25a0302cef8,2008-01-30 03:41:48 +0000
84507b5614733bdef6bb61202dd3a8d144043887,2008-01-30 02:13:21 +0000
00a99d6e2249be346790b4eacf6a209d4741cb68,2008-01-30 02:12:39 +0000
1c6401aba228bf6fa77a40e107a736ceedbbfe35,2008-01-30 00:57:42 +0000
b0c12f0903352ef47b5cd7c4005f9372128b6f87,2008-01-30 00:04:37 +0000
61358431081060fbaf648a8c5a11279f99abb2cf,2008-01-29 23:29:58 +0000
c5e4da088c9e0f72710b51c647db798ba655149b,2008-01-29 23:29:29 +0000
f3d3a8d1e50e3e9540554ecb72ecf1feb2edbeae,2008-01-29 22:07:06 +0000
eb611586bf27aff8730b5f8f51a5b8b88e3153bc,2008-01-29 21:56:09 +0000
d5aa2859ff46ef2c0ebf2572b91f0e4e2afb47c5,2008-01-29 21:39:14 +0000
6dbd9ad9a076a1bca2ffeffd4611efbc0583ae62,2008-01-29 21:31:26 +0000
4bcdb69e1fdef33acf9f9c3954d4795e71b2bce9,2008-01-29 21:21:03 +0000
75f092a363c97cd98e4518f2e1779cb4123fd82d,2008-01-29 16:17:55 +0000
fe67cfb3d56c8f052b58fb9bdd00b24ee01cf666,2008-01-29 16:17:30 +0000
e7086b26c7dccc8357eb3c8019a473d839cf8059,2008-01-29 15:18:35 +0000
f64e4759a25c5afe2a2e811a00f3fa802e2d5b3d,2008-01-29 14:37:08 +0000
656d94a45a7b4b5a53de44441112464ab62eaf48,2008-01-26 00:19:06 +0000
04a528440a90fd9846f9e1bb3c679e59c30f4ff8,2008-01-25 23:55:54 +0000
22f361488fdb23e9072fecf7d72a16d7146122fa,2008-01-23 15:09:21 +0000
6381a3414905ab87e9d8ffb3ea65e5a802ac6f75,2008-01-23 14:31:01 +0000
ae775efd1c298e9dbcd0892b8a3373762de0a7ef,2008-01-23 11:08:39 +0000
f734cabc920359f9ab3563a9538895703476d261,2008-01-23 08:24:22 +0000
d9ddb8b4be2b367ceeb68e8578deac053322d507,2008-01-23 00:20:14 +0000
c206b577d06dccd0e24fe2db96b3c06f53dab7d0,2008-01-23 00:00:30 +0000
ddf9469655c288e670c3ccbaa1974fe3a5949446,2008-01-22 22:15:28 +0000
a1da9aeebd90b055c1cc1d99bdcd640dcd97e12f,2008-01-22 14:59:20 +0000
a4ba29368d9909bf921207b46178ef1ef4e8a017,2008-01-22 00:45:06 +0000
2c89496c87b3d5d02683c426ff5492893b3232a0,2008-01-21 22:12:08 +0000
cc4c23b432c49bed53545a0ec5b03a076e015016,2008-01-21 13:37:26 +0000
060c3f056f7fad0c3f364895bf3c4d6613aab65d,2008-01-21 04:20:44 +0000
51a0592d00effef6880dc77769e692bc04e6a19c,2008-01-21 03:56:30 +0000
73722af5e3b969f1395cf78958e30258fc783223,2008-01-21 03:54:40 +0000
c5345b2ce37b9f84e2074589364e7363d1582435,2008-01-21 03:28:42 +0000
0c5f4795056284604244f30dc4c5b2e522e3087c,2008-01-21 03:27:26 +0000
7263a235fac03fdd95a04f34f6839c2eb171d5a6,2008-01-21 03:23:05 +0000
7391a02d4bfa17e1422429d218b8c141544455ae,2008-01-21 00:01:05 +0000
025c832d8cdd1071347d57b502974f9259ad678f,2008-01-20 18:24:41 +0000
5d944dfe85a7dbbc1198faa52c83acdc3e953728,2008-01-20 17:24:46 +0000
f1e467982af37b65bff1cb628269c02c5251d0fc,2008-01-20 17:24:36 +0000
139fae38f2338c2730b1939ebfc4bed3fbff3e09,2008-01-20 01:04:27 +0000
a7b27a9f7a185fc7b8351b13d50e9cd53c3ea145,2008-01-20 00:42:35 +0000
46245252933442327d4ff1086e0d239c671cd525,2008-01-20 00:34:28 +0000
628e02d8f87a50a5f649c1de1f5a60cc0330a6d0,2008-01-19 23:29:45 +0000
e33d8c5a934c6fb158d37331bde7ca6178989842,2008-01-19 23:08:54 +0000
bc7b7035f8f4c65bbe9e573d6db6271828c5bf96,2008-01-19 23:06:50 +0000
09a398a45d99fc30cd84909fc1f5e434b7500899,2008-01-19 21:20:52 +0000
ec4f496b82c37a7374c11c240239a8080c98f8d5,2008-01-19 20:09:46 +0000
dbf93b703b76dacd8166a70961d5b3e829755d2c,2008-01-18 14:23:57 +0000
09778888be4a59b68e8029ce4575f8534f3ead55,2008-01-18 07:40:01 +0000
d95e840969aad5723487a1eaa574b61c20829074,2008-01-16 13:45:24 +0000
86c38c2a825d4612908da6b19859f0d479532031,2008-01-16 13:13:29 +0000
138444786bb9bfc99d76ae13212a861acc1968d3,2008-01-16 13:00:40 +0000
63967c549003be7045300658feefd846bcfa7737,2008-01-16 09:29:22 +0000
ccd7abdb6955162f437e3b1c07a8fdaef304f7ac,2008-01-16 09:28:26 +0000
f7e9c6c37f5fb7ae3d489c39a4f9352c10080f97,2008-01-16 08:17:08 +0000
73d4e41b82dd7c48edcc0626aa7696d39f1c6c66,2008-01-16 08:13:59 +0000
f4e724d8fc335cd3316dafbabc81752c8207f557,2008-01-15 22:23:49 +0000
8975dbcde7f7925d3397680519ac4a6bf9824e13,2008-01-15 22:22:25 +0000
4036a932124846bf4a203e64c94a29eecf7546ff,2008-01-15 22:10:46 +0000
af254a8f28d885600ae3c315f106433452f97d2a,2008-01-15 20:23:50 +0000
e3ae5f3c046f997763ee4a685687284865a7859d,2008-01-14 22:04:39 +0000
135222c9fdd119f0c6764b225268c9dd2d282e05,2008-01-13 21:35:44 +0000
01193ddc40d17eea877995f053358867b973e38b,2008-01-13 15:48:49 +0000
77f52d7a7287c55cafb7b93b2492d0c2b95b4382,2008-01-13 15:47:39 +0000
92d6173d07feb303f18b1c28a800824b4bda09e5,2008-01-13 15:46:28 +0000
40e9995dc340910d09cda241680be0685d08202a,2008-01-12 09:52:01 +0000
2a2c820fa9ceb1c8ec2399065150ea7a60c7312c,2008-01-12 08:24:25 +0000
51ccb7ac485ccc986d606819def099304d6754fd,2008-01-12 08:15:00 +0000
593f317ef6fa8881447cacf6a3f8ea4ae2d6c926,2008-01-08 13:05:52 +0000
10337468ef4b615d49385c6c205df913e1a0bea9,2008-01-08 12:26:23 +0000
1ff8895bd574972de6b5ef2ce07c8eba41144833,2008-01-08 12:25:20 +0000
001e90b7b754d4bc7003bf9e63126ae8a63fc072,2008-01-08 11:29:47 +0000
26ab7c7f1ca16909b759af3af642c1097592fbd6,2008-01-06 23:22:29 +0000
73ae69bf4b3464c5fb0f3623c4617fc6e2256960,2008-01-06 21:28:35 +0000
df06a6a401ef6756ff69a07cadc10316d18f3ff0,2008-01-06 21:26:59 +0000
667e69b615edf9519322b8608c8f6172be40a868,2008-01-06 21:06:00 +0000
54a449fad25dc91e17ef5fc163378413a7a3c5fc,2008-01-06 20:27:08 +0000
74902c1621f981aee45fc540a3458d66bbe8ed94,2008-01-06 20:06:25 +0000
a4e425f2c4617a72a8eff644a560237fc03217d1,2008-01-06 19:03:19 +0000
6e180c352e4cd91d84d580e91d62f6ab5cc13625,2008-01-06 18:56:45 +0000
53da75911cc2534c2c709a1ed5c97082391484eb,2008-01-06 18:40:13 +0000
3c1e0ea7d18950ebdc7dcd0180db9e0a20e223d8,2008-01-06 18:14:43 +0000
f853e3a5c2ab8f0df89cf7612c09222d99c93217,2008-01-06 18:10:22 +0000
321bbad1efd2fb69c4976d10dad77140b89aaf8e,2008-01-06 18:07:59 +0000
b155c1700f8716eaf6854c729e27f478bc399fe3,2008-01-06 16:50:09 +0000
8750a09dfe9816fc72c0329ed62bd461a780f0e2,2008-01-06 16:49:51 +0000
8bb8ca95a68b074c35ca959e9c7d6c057c6b8c81,2008-01-06 16:18:47 +0000
026d4d463cd6aca6e19965122768d49858c93602,2008-01-06 15:39:07 +0000
7c808f10097987f2addc1bd1b20a2da6da88c69a,2008-01-06 14:49:09 +0000
5aa7d6b086e7a20839a387aacb5d4e15f5193001,2008-01-06 13:23:55 +0000
4316bf3eea2557312fb8024352945e3fc34a5bc1,2008-01-05 23:48:06 +0000
665da2457f625b248e5b75ed119f52a2f5b87546,2008-01-05 23:16:04 +0000
1534ce3495b9b1bf25b397d9b729c19739148948,2008-01-05 22:26:18 +0000
2ad184e9aeb5aae412489385b5cc9b08fdc58b16,2008-01-05 22:25:17 +0000
ebec087192a96c152dc1ebbbfd86c87d04dd5a44,2008-01-05 21:44:16 +0000
f5853be8abf1b703833604405f5de09759c2aa7a,2008-01-05 20:52:37 +0000
4818593c2a7c381627398bd18272a268861d0395,2008-01-05 20:37:48 +0000
cb818cbef1b94a42057eb38b577c699abe2b9496,2008-01-05 20:33:03 +0000
f559ca67c742bd3a64a325c2a482a1361ef7e84e,2008-01-05 20:17:50 +0000
a13652b29f708cbce073e2e27253938521bdc9e6,2008-01-05 19:22:45 +0000
ff9ae6b28697e8d59a881ec0b5fad10c279f7182,2008-01-05 17:18:57 +0000
eb2260b8bd6ea038c99a910b747657c8a9d6a8fa,2008-01-05 17:09:52 +0000
e0af302b8914a991e4043ed5ad941aeab818a280,2008-01-05 16:32:12 +0000
97946457e952c102e97f1364d2d5a30e7a898f94,2008-01-05 15:56:34 +0000
b96f669dbba6b870119fbab0c365d14bf258d894,2008-01-05 15:46:16 +0000
23ea3a1cfe70df80ad5d7b2af88615f6f04f877c,2008-01-05 15:05:15 +0000
bee07f82755c5e6a2b8ce60c0430b644c9d320b9,2008-01-05 12:40:57 +0000
16fe91d707cd4c79d305ab571a6220959691a165,2008-01-05 12:34:44 +0000
7022ccdc1f0d9563db0990ccdda6a628f05b3f10,2008-01-05 12:24:05 +0000
6427b0c80014c4a8f5e456c1c2cec9e330002552,2008-01-03 09:55:36 +0000
060b3d478374c28fffd4eec99630c3c461a2202e,2008-01-03 09:47:38 +0000
ae52d6dc302f853aff060e84c9871eb569d7437e,2008-01-02 23:10:25 +0000
14da715083990b7e4a79c2f6ce5b4f4d29389a6e,2008-01-02 21:26:15 +0000
a373cbb001ab4147fdb97538bf88f5318ca6c610,2008-01-02 01:03:52 +0000
aa91aeda4ca25fc60303638af78f58df8a948805,2007-12-30 21:02:36 +0000
95375eb89a0232a931d370ec08f9aa02adfa23b9,2007-12-29 16:07:06 +0000
63e89b7dab238c2b3fae6893c51b0830ab71096f,2007-12-28 18:08:56 +0000
d6803b1a70c51aa2ed55fbe623cfbb1d3f5b6a5d,2007-12-28 18:08:29 +0000
1b1fad5a5d41d1de10758a258ceea26a8cdd067b,2007-12-28 13:09:53 +0000
ac266e1c25e34b0a5b0e0e237bdcc25c429f18fe,2007-12-27 13:37:01 +0000
895a4e2a1da578b306c981b10c65b77b7bffedc8,2007-12-27 12:16:05 +0000
d15f6f20ba533e9ca9302359ff7ea26a7a4492ba,2007-12-27 11:12:03 +0000
491438f8893f33d579a4485055c48d757f68079f,2007-12-26 12:48:34 +0000
c44e782857ebce6cf5f9bb5fc99ffa73107da2f4,2007-12-26 12:14:35 +0000
0cab2b2baf617d65ce7f47cf0a52508af18cca3f,2007-12-26 12:13:31 +0000
d0cace2e05e6c870ba15aeeff03423b83ecaeb69,2007-12-26 11:55:07 +0000
9e06f00e60db86e28d0b5bfd7d7ff9470dd300b7,2007-12-26 11:40:20 +0000
7dc26e5c66d4ed2b974fce74311e122478e8f09e,2007-12-26 11:38:00 +0000
035de2e49e7241a8914966883ad17c8a2c13c518,2007-12-26 11:31:24 +0000
242d2ba624994721a9f1d72fa0fa837720bc5dcb,2007-12-26 11:11:44 +0000
05e147da5bd240fed595610daa1b1d87cbbc1f55,2007-12-25 22:46:49 +0000
0399913e72afca054d1797db13979ed89d9afcff,2007-12-25 22:11:40 +0000
4f8466c92f8cfad1a2a15acf3047c4d3c4c1c255,2007-12-25 22:01:59 +0000
537658e09646566c162838cb0c9e5592cdcbfe03,2007-12-24 19:26:51 +0000
e45d8d67a5e1fbe9f633231caa223ea8c78c442f,2007-12-24 19:21:56 +0000
45363432cc8e16c87513468506ec7e6adf924dde,2007-12-24 19:10:08 +0000
5481154925eb982a6abe66b2c2c0191b0e4c205e,2007-12-24 18:33:30 +0000
9dc1bb027696146271c72637f2be7c0b8a44b757,2007-12-24 18:05:00 +0000
16f1dc15ab2272058cc31df5a501ef6869ab338c,2007-12-24 17:35:24 +0000
eadc577b596deb921c1ef6cca1be5645be2f9f4c,2007-12-24 17:17:27 +0000
30899b14c2ade20c5ac0c657cb3aef81ab1e34f4,2007-12-24 00:08:38 +0000
41f9d64206a857aa5432c1423e9411fad935bfc7,2007-12-24 00:04:45 +0000
0d6c0bd53e1ce8332e0fbf7515492a68109b5d88,2007-12-23 23:49:37 +0000
f25c226931716f990edb6e3f4750ff1c2bd98beb,2007-12-23 23:48:44 +0000
ac423eeaea94ade4deed7eeb4e3be109cf3f404a,2007-12-23 22:12:07 +0000
b37eba0a5cbb10da336519e6b0eeef88e5edcf75,2007-12-23 21:10:57 +0000
f11c76c9fdf5cb6763165ec9d23e83ece9f4ff63,2007-12-23 21:08:13 +0000
04249985b906d9bf2df6d98f08a3dfc4e4479d1c,2007-12-23 21:02:04 +0000
2011d29150aba4e2d04406900a9d97822187a914,2007-12-23 20:09:36 +0000
9a7040989a8400f615d84a0809adceb0fb25ede7,2007-12-23 20:03:54 +0000
2966f462b04f79aa3585c2684e7c4766896b2392,2007-12-23 20:02:47 +0000
fe4f097c895e652e5dcf80589e3079a5ba3913d5,2007-12-23 19:51:08 +0000
7b38a6ee98ffe39496f1f20932ff7f4a913310bd,2007-12-23 19:34:07 +0000
c5a3c9ec628b7292e97b472d84d7cabe5cf44af9,2007-12-23 17:29:18 +0000
e4df23c3166854438db1941d6c536c860095da3f,2007-12-23 17:14:52 +0000
bb32b90ce428579ce28571bf1cbd9d766bd7e1df,2007-12-23 16:47:47 +0000
92da0de22329676dfd30abf4a1485d30be07051b,2007-12-23 16:34:56 +0000
22e5c985b53bfa1b62d7c874fa0900f07674e346,2007-12-23 16:16:10 +0000
35a68c439bc48cda4eb82ab628f973f1a657a635,2007-12-23 15:53:51 +0000
b04bec1923679259b4b98c94ddcfe09cc72775a9,2007-12-23 15:44:26 +0000
2d73f5c266b17e30e95b4d4283f2f87a180a48ff,2007-12-23 11:07:03 +0000
92b9301352bb634c98d98938eca4ecc87ddf741c,2007-12-23 10:56:20 +0000
23042b4c1d9da59c64b0fb6ff086ce12963e5581,2007-12-23 10:41:55 +0000
9d2e47b6cd44abac7fed67f412bd70f43eb89c11,2007-12-22 22:00:20 +0000
c65a950338355128520a355c253db3d152d3fc17,2007-12-22 20:46:24 +0000
cad222df5973e6fd751837e2baa3a573d982c689,2007-12-22 20:24:22 +0000
ceccc0b2fefcb3bc02c0a31e48e365b6d883c8ea,2007-12-22 20:14:39 +0000
231407c4ad6dd0e0b45f0110f4f30cbdf45ca1ba,2007-12-22 17:41:15 +0000
3f1f281ff53b864f6e252075a310d8d4671ebf1c,2007-12-22 17:34:28 +0000
bed11a196a84cf575fabe9e7cf50e1f3019583c3,2007-12-22 17:33:16 +0000
136394c2ab1cdeda0643dcbd6bf3bd44bc933984,2007-12-22 17:30:28 +0000
613c08f425f41577037b74b7911301ab5fbf88c5,2007-12-22 17:15:04 +0000
c9de4b06de742b5fb36f62f9398b8c0513371df8,2007-12-22 17:13:43 +0000
8d4c8b73cd78faa086727812fa11a77c6ae6a1d0,2007-12-22 16:45:23 +0000
26d960ef1470af8a25f13b0171e8c0eea9cb36af,2007-12-22 10:27:22 +0000
316f95271bc1c676b49d6a11015093cb661d77ae,2007-12-22 09:26:13 +0000
c3c9a171fc90912e16e1490b3603b6b4dc6a0f68,2007-12-22 09:08:04 +0000
fd7ea84ae14da28416d11b6b82abb3cac268b025,2007-12-21 13:43:17 +0000
d963e0bfd5bed5685183ceaf010bd8b63eb8785a,2007-12-21 13:29:05 +0000
8d91f634d0d3d2a89a3bb6c6b78afc8d137098db,2007-12-20 18:36:50 +0000
a32c04e9bb09b3a20992ecd89ee07eb572f13c86,2007-12-20 18:06:56 +0000
2a19ec7cd22ff47a39b0091a3dad4efeb1fb25d9,2007-12-20 17:48:22 +0000
c64680b4b166971f57a06c490a0e3c17b62e9b2d,2007-12-20 14:33:45 +0000
7578a85ac08f6effaa0b2cb059abc4d904e1848b,2007-12-20 14:27:34 +0000
8e76073082ec2704802fa45dd9e48d320afb9536,2007-12-20 09:58:50 +0000
86ab919679eca9572e67d445234680eae6c63cf8,2007-12-20 09:44:30 +0000
c2b1897b8aca13ebe44fa7745f85aedbafdeafd6,2007-12-20 05:21:47 +0000
00f338dc930da57f75f74a0fc1d2f9ae59571bca,2007-12-20 00:09:37 +0000
732f62a3e5a3cbcad58f9c25b66ffbd137040447,2007-12-20 00:08:08 +0000
856ea1ee641f97061275b87bd3d97795e8498269,2007-12-20 00:06:27 +0000
9420b4f70a1276701a8bbcb51674f5b38ddb6f29,2007-12-19 22:14:21 +0000
f903536ae741c61fa22abc448af6d94186708f5d,2007-12-19 15:54:39 +0000
9bfb34298b9560ef771acb967b4a7274a18169f7,2007-12-19 15:15:38 +0000
42c3b44d81b9bdcc5fd4ebaf73c964e9c8645b63,2007-12-19 15:15:11 +0000
09fbada530cba12b9d0b5d004c38e2333216064a,2007-12-19 14:53:20 +0000
117f336591d130f31140c1401241665db8b0c8ef,2007-12-18 20:27:16 +0000
aa07ccef35c0d4d36c323c88daad2ca46559c4fa,2007-12-18 12:57:39 +0000
44dcab4d6965231060eda4d1dc7e9b3fe480ff93,2007-12-18 12:03:09 +0000
148c7522e336c21fb8f46485efeff186151526d1,2007-12-18 11:01:13 +0000
9442c0b575f058c57dc40db5f4f09b501b413c62,2007-12-18 10:56:55 +0000
b2cb6bc53ca6b77da4e42fb630dbc0542f852e45,2007-12-18 10:56:04 +0000
d79d08e4087b5bdc9831a09f969398b426240075,2007-12-17 21:53:16 +0000
2bdf66de732e37fb96ba09a59b0222042f921b30,2007-12-17 21:51:58 +0000
f47583d617de015015ed47b6281a16d632e9fb01,2007-12-17 20:46:04 +0000
a80762141d92037bc4ffcabb6f8fa9f7b731ad25,2007-12-17 12:51:42 +0000
551e569198e7f568c7dc8e559d5ed981219bc0ac,2007-12-17 11:52:52 +0000
e6888df57baaf8a1d902db7044fbb1d5ed48918e,2007-12-17 11:33:56 +0000
28b5274706305c65dac805ad18a61805ea620ee7,2007-12-17 11:11:32 +0000
fb438c59a04abb36e6b0b56f9b65b99485a9de74,2007-12-17 09:46:14 +0000
7703215d6f4dc665315f6637834d81e6fdc5571f,2007-12-16 23:28:23 +0000
2cb98dfccea208dc18f48b1a8f37a15d21f3f73f,2007-12-16 23:25:01 +0000
0a9b8cc3cf2a05365b829954724defcc6cd4c8c1,2007-12-16 22:38:13 +0000
ba62b2a6558c1679fb309c334ee681458c0761e1,2007-12-16 22:19:40 +0000
738ef4c71c1ca9dc959b994c2d355dfe1ed02db2,2007-12-16 21:55:10 +0000
94a078972c1ffcf29359dc368671936c8819650a,2007-12-16 21:46:43 +0000
e1625d4360446907b5cf0c6cb0563aaf5412a204,2007-12-16 21:32:53 +0000
040edffbd9e969e917ffe78ae450fe39a58621a0,2007-12-16 21:16:56 +0000
fdfd7e46a478912d22c3e6ddfce0e659ada973af,2007-12-16 21:15:33 +0000
15ae586a132ef195aece8ec2cd001c4986dac302,2007-12-16 21:09:52 +0000
f68c8339507057a74789a32b85cdd6ef83519767,2007-12-16 20:59:36 +0000
6f574bea7708f394b2947ee832ac1354aa9cdcc6,2007-12-16 20:09:53 +0000
d644d13d19a0f481cbbc8e0695735e34ac7887c8,2007-12-16 19:02:18 +0000
ec772ec6095533373baad7be8edfd2966382679e,2007-12-16 16:50:04 +0000
9d98c72a726f1e1453ac4d7fd7b17abdab2b1dac,2007-12-16 16:42:39 +0000
07cb4f4eff84a656b07cb44d9c4d57b2293112cb,2007-12-16 11:58:47 +0000
2029433135d8539e0d57f31530f5498042955049,2007-12-16 10:37:39 +0000
deddd919fd46af896e90af32c044e03631be6af5,2007-12-14 16:27:43 +0000
2c55f099cbe3910a8b83feac7fdabda34470d2a6,2007-12-11 15:40:28 +0000
37bc4a3c2725448bfc51d1137fcf6961e281383a,2007-12-11 15:38:35 +0000
c0e2cf236d213ed58ea89194c9f011d2a52892ee,2007-12-11 15:22:59 +0000
4580a9649e71be0bdf0e57aff97962ac53b26ac0,2007-12-11 15:20:48 +0000
98d6bab7c76e23deac6600fb7cf3a4d87679fbab,2007-12-11 08:01:38 +0000
8347ddaa315da8650440f2998e84de40c794ae2a,2007-12-10 12:09:39 +0000
24cb3fd2f99879839f6bd3f582469e56142c9e0e,2007-12-10 10:12:21 +0000
f85b13b53128d1ef12754d855947c321f2ec3cd4,2007-12-10 08:42:53 +0000
c8e52caf74d0be8867bc7592581cf4ac6baa80f9,2007-12-10 08:34:15 +0000
0365c253401fe7ed7a76f6ae2c6a64740f85a28b,2007-12-10 07:38:56 +0000
adb060a8a1200ea61221a36b272c11076c5fa220,2007-12-10 02:56:46 +0000
22fe86228b7196358848f68e5d756ecb2dba2ebd,2007-12-09 23:49:16 +0000
c6436b493e1048a93a7f179dd8d127b733c37f79,2007-12-09 23:46:31 +0000
62480a1699804b5a405e20e1d8917717fa7ebd24,2007-12-09 22:59:44 +0000
35a0ce1c4b070045e92d804b9d6834b5b682b5a1,2007-12-09 22:44:09 +0000
e7f7a3ed1af67436b401a40a7c3aa69af7eda0c0,2007-12-09 22:35:51 +0000
6e89e31ad473d3f621d0657760c8fd682509fb18,2007-12-09 22:31:26 +0000
9356d909822738dc77be70bea0f423fc68717191,2007-12-09 22:30:30 +0000
c2094acf8366dee7c00eb3d9f123ff3c3a219e12,2007-12-09 22:29:12 +0000
31c6f29f13bdb089ccbd1b48c56d83495a44b87e,2007-12-09 22:10:17 +0000
db639555daf351ac922eb88951d48bc7530f307a,2007-12-09 21:29:16 +0000
077f091efefe6f546c98cfe0f9901c1194f498bf,2007-12-09 14:27:06 +0000
0308115caaa6f73583992783ef2dc2d6759406ac,2007-12-09 14:03:42 +0000
8778b9547a90d7fee4824dab6ada36e3e8f055fa,2007-12-09 13:33:43 +0000
5955e887322a9738341b646919a67d089fb9db0c,2007-12-09 13:02:45 +0000
f5759b98a551a058e7132cff6434d756dbd36216,2007-12-08 15:32:40 +0000
54b534c27ccf0593b2d954056539c82aa259ac21,2007-12-08 12:52:51 +0000
e8e42844678bbfeb5517b30ab7b1e594a0155abe,2007-12-07 22:37:09 +0000
8bca11a1c99c8801083b28c9809bf10991aaa0eb,2007-12-07 22:26:10 +0000
5c98ca035e07e39210581470b1d8f7ffcb867030,2007-12-07 22:22:00 +0000
89f4fad8a2b8c140db146f9651dafef3d5289d17,2007-12-07 22:13:38 +0000
8bcbee2e58b458ec1e61d0729af4a0202942dbce,2007-12-07 21:51:37 +0000
bbaea9f68f76f6e5bba13dcaee3400deeac82f37,2007-12-07 21:45:17 +0000
fb488358ff75d4ad11266c2bb20ce1d00fa3ae24,2007-12-07 21:32:12 +0000
70ebe24a9fe34e062123943ce8fd5ca2ab57cb18,2007-12-07 15:37:07 +0000
c4b37a7768cde833ea66a37f5aa99257a585e837,2007-12-07 12:04:17 +0000
64c4f4fbe4988d659e6b5cbc7d71cfae20dd022b,2007-12-07 11:54:18 +0000
588c1127f89b22bf4197f3afa95c7a4fac06c7b4,2007-12-04 22:43:22 +0000
4a84cec6af318957efc2fece878f2ddae735b251,2007-12-04 22:28:59 +0000
7132c705748da5845f2c806095d3ec6a17b1b5df,2007-12-04 22:24:24 +0000
b8f6a89125db5454de3ac8ff080d8783c01df80c,2007-12-04 22:23:44 +0000
ae8cdee67ff0dd05533f1d61fc18a4abb55f9cdf,2007-12-04 20:45:29 +0000
f5c63d8d668ba5f5f8ae79a6690f96ffcacf813f,2007-12-04 20:43:59 +0000
2665ab7f945cf66a8f6f7603925d28ddece79d83,2007-12-04 20:43:28 +0000
3b5e111d612f6e13db95fbd29765b3b2ac97f834,2007-12-04 20:28:09 +0000
bbfe71e97476f48f6ec0dbfbbb99cb6e18e3c337,2007-12-04 20:27:33 +0000
1316549f5aec4750870e9a17c4997a99538fd375,2007-12-04 19:58:55 +0000
ceaec26448e6353077eea1730c8cf8050e9756a2,2007-12-04 18:50:21 +0000
f0e443ff951f5dcab6fa5229b0547c4f85fbc86a,2007-12-03 23:08:46 +0000
59f68994856cfc4265bbf63c1c26e856b2819990,2007-12-02 23:58:59 +0000
073cf778bdeb222a2b70c4c23a3efc6fe6b38498,2007-12-02 23:58:29 +0000
2c7b6046afc2d62ee60f47e23e244b55ac61023b,2007-12-02 22:55:07 +0000
e4e322a1f22f60d4b9ba52b05fe3e0da2d69934b,2007-12-02 22:44:53 +0000
385410db4212c26f87f178b85809ee0fe45926b9,2007-12-02 22:19:53 +0000
e4df5175448ec77493ef60ed83f24deb6438b9be,2007-12-02 19:26:09 +0000
924643fde7a1530b53553690e706a045410cbb5c,2007-12-02 17:47:31 +0000
734315e668dd2bdfc6ce3d7dff753142129b9e02,2007-12-02 17:15:25 +0000
0716d66ebc872c4ed4f0de4bbc20da5b70f7a4f1,2007-12-02 13:16:16 +0000
dfb08fb6757c5e32014059db03137144f80ea190,2007-12-02 13:14:48 +0000
8bc4f973db4b61d3146227a324b54e2d7869f507,2007-12-02 13:13:13 +0000
abbc8ad094537e7efa496ceba3e155ddb8926034,2007-12-02 13:09:56 +0000
ced9480ddba52c8606e9faa83507860d60105843,2007-12-02 12:51:43 +0000
175c6b3ba84154e6bd8165452e456215019bff27,2007-12-02 12:40:57 +0000
11135b1a67dabfcd5d950fbeee38f0cf262e68f1,2007-12-02 12:36:47 +0000
8d089a528b1dc5a65ceac2b73e0c30f4baf688e8,2007-12-01 18:12:18 +0000
f124d30e1301547e01d77332f31bc58b7f30a2a1,2007-12-01 16:49:22 +0000
1ca295ed9e6c69b9165ae5e6dd5d51bf8689c89d,2007-12-01 16:42:05 +0000
19eecf392186f5c71af24ed5b93f65c3bd12ef1a,2007-12-01 16:18:17 +0000
e0a037e5c061d827e77921174775ff19e6f0a349,2007-12-01 16:12:05 +0000
889bd9c45e92b40aa95b722c135ddfe3c10cf293,2007-11-30 19:07:26 +0000
73cd9cfe5fce1a3440c4d7d6d5cad8f8a9a7b494,2007-11-30 18:56:14 +0000
340459362b1e934755eaa6bc8030138ffa16ade0,2007-11-30 18:54:46 +0000
ae0251f88abff50024cb0b59068a789413497dc7,2007-11-30 18:46:51 +0000
b3a6243e92dca15505b4841e51042ff308a89338,2007-11-30 18:35:15 +0000
f1b866a12d288d5152b030c4e5fdd74814e2e391,2007-11-30 18:26:20 +0000
4c191be2d6459b540d456b49a860b468a70a1941,2007-11-30 02:36:15 +0000
87be1559a1976a8ef410f8fa486fb66d53550544,2007-11-29 10:06:07 +0000
847646353f2d2c3dfff0d902c6308243054b5bbb,2007-11-29 10:03:21 +0000
de0e7bf96913d9a471718ec2dd1f2e7e9e9afce5,2007-11-21 08:37:26 +0000
5822aaebfaafc5868b426d4a1683b4dc4b7e2fed,2007-11-21 08:36:35 +0000
9299f395ccf3c475098eac978f214573eb79fed7,2007-11-21 07:52:09 +0000
ee39c180e63be33ca9ceb452a84eb80771644ce6,2007-11-21 07:29:05 +0000
32b720e3a310645b2447451e8603728f5d386766,2007-11-21 07:06:59 +0000
a8bc0c62de5e00a6b41e2bded481dec8cc7366f3,2007-11-20 20:51:04 +0000
4f0a56311a1e1a04f4f85b0665452276e3c2ab9a,2007-11-20 20:26:36 +0000
6ada44e75b6a7a8d9dfe3fb7390277f20dd8a3f2,2007-11-20 19:43:12 +0000
135c22b0a8587325442c869d2f9603d473dd1c79,2007-11-20 19:35:16 +0000
6ac90bfbaa3a3d9e64d500b998f5eb0b3494f376,2007-11-20 18:30:37 +0000
8c8a7b46fc5a05affec86b47732eaa04791e1ac6,2007-11-20 18:30:02 +0000
5a9dbbd5698757de385755faedbfba9b97bbb64a,2007-11-20 17:58:57 +0000
3d96c00acecb3b2cd5fe56a8f10b9b136fdc4c80,2007-11-20 17:57:34 +0000
64154d491b6d28c07cde8eb18bb907b1f75252ae,2007-11-20 17:57:12 +0000
4bf8273f564422386083d67d629fe920a089565f,2007-11-20 06:26:11 +0000
a7d81209f92154b5a0025e18e41a5de83ccdf918,2007-11-17 00:25:14 +0000
52799e98e01e49fb00acc1863f883b9ae62c1330,2007-11-16 23:51:44 +0000
ede1b49d75eb85bf7652718af45334b99c4a8257,2007-11-16 23:49:46 +0000
4dabef2781b3105715966df3e00acbdeee97090b,2007-11-16 23:24:09 +0000
0f359e78937176607d3c420afefba437fb20a669,2007-11-16 23:09:42 +0000
e57689fa7d838b46624530219b941320c896890e,2007-11-16 23:07:45 +0000
fa187445d19ed2d9e45fe42f845fc990586c55c7,2007-11-16 23:07:42 +0000
535869ef948eadf240f86f11f083754ba351bcda,2007-11-16 23:07:30 +0000
0f0dd4fa8f3952e32dafd4de771684cfc6efa3da,2007-11-16 23:01:02 +0000
2eccd3724378b5b9b25221cac3c1c203e1d5afdd,2007-11-16 22:50:53 +0000
b64ee593746f3a303d0fe8c1769614354d04794b,2007-11-16 22:50:31 +0000
5311d7cb9340541bda54fb49fa5dcb6ce6e2dfa6,2007-11-16 22:50:26 +0000
bf2c2a9f447007ea4cb7d62ec74ba6fb4d072e86,2007-11-16 22:45:49 +0000
4e25fe2c130814240665f4abd3276fde3a47530c,2007-11-16 22:09:11 +0000
b0c7350b91190618d84f153af2bbedabbe9823dd,2007-11-16 22:09:05 +0000
6977a5d647c1a5d252e1d37f8ce6b9bd26122064,2007-11-16 21:54:57 +0000
329904d73d56ee2c515b98dea8eb6226343de7c6,2007-11-16 21:26:48 +0000
d62552f2384959387e5a4e38c40471c2251337be,2007-11-16 21:25:58 +0000
bf15edeff52465a343b028e8c728fd7241d8a8cf,2007-11-16 21:17:57 +0000
162b93a3d67378787049c0c98bb53d442d4cbde5,2007-11-15 00:33:43 +0000
6d854ca99edaf65579c80db77938cca32cf8fc92,2007-11-15 00:33:20 +0000
6d45b3c5b530e05f604113e82d9fcc0790986db6,2007-11-15 00:26:26 +0000
aae718e0869e061fed60c4d0d31cdc516d2d43b2,2007-11-15 00:04:10 +0000
49e400275f124c797e0d0d4a14867a7169202836,2007-11-15 00:00:18 +0000
3455a63907d77b2fe3b86415c409457f3cf5b6fb,2007-11-14 23:56:38 +0000
a2677fa97da145296a0b770a997fab8c0ae829e5,2007-11-14 20:15:59 +0000
46f3dd93316ca495c8bdc446c6afc9e31d6da339,2007-11-14 19:56:38 +0000
04a0522a19f03277f6305c260b5d95a7a5801913,2007-11-13 19:38:51 +0000
658814d73bcc0d5e72ca941c6c8475e7a2464883,2007-11-13 19:38:37 +0000
f2a11618519bb6574e3da221f29f149d7ccb4fd6,2007-11-12 22:26:16 +0000
c868998791783ea15a19a7843a5ac5c0980cc4db,2007-11-12 15:28:00 +0000
02d25bb8a2cb1b7d35414abd5ab5aafa753a96a6,2007-11-12 13:41:32 +0000
8d4dffd89890981a6ec8593d0adae6a8d3f0fbf6,2007-11-11 14:49:18 +0000
0dcff8cd4b5ee0043b9ed72a21928b17fd28e7f3,2007-11-08 08:52:01 +0000
ec1b3faa0e20fb5073572d0fdbdd0b54515b72ef,2007-11-07 11:24:29 +0000
f7a05c14164369cceb56a050e6f3faa203801031,2007-11-07 11:19:57 +0000
a9c14b079097df2c972deee6f7cf347fb94c8936,2007-11-07 09:27:28 +0000
d45140105345d892317fc75d71d1cc069ce5c132,2007-11-07 09:22:50 +0000
365d79ac6899780516acf1d435e3648c35a9969f,2007-11-06 17:55:12 +0000
a20d5c456a1e527901c51648a8ccf83d6bb35077,2007-11-06 17:54:52 +0000
a10a3892aa6ce60faa7e1399faa8cf7cc20e05cb,2007-11-06 14:15:16 +0000
32ba3e55d826f1a1bbfb80c84dea47216ac0bb62,2007-11-06 14:13:20 +0000
757554f7a780681984a2e21df579b6c65303d1ab,2007-11-06 03:25:20 +0000
88c0ae5c5d79b8e97b815589cf0025d64d3c5d72,2007-11-05 10:19:35 +0000
05304a61a06aa19336d96a67b879cdb0aba18994,2007-11-05 10:18:32 +0000
439f00e0350735c70f06bdf84f917d527f4e5cf5,2007-11-05 06:30:42 +0000
2bc7c358a9fa236714a8d673af6a0b6d6c0816ba,2007-11-05 06:15:06 +0000
25ed5a432943ec1b478c4a243f35f69b64442fde,2007-11-03 13:17:35 +0000
1e7110933607dc3e3e2226a1a4154df5da17d53d,2007-11-03 13:17:28 +0000
73ada832974d66d99af1ca5f5535476058f687d4,2007-10-31 09:29:36 +0000
883b03c7a6ac356d6f9f10734558eccc003dd638,2007-10-30 14:16:59 +0000
c068d1d92a834712d8ce8b06c200546005fa84e8,2007-10-30 13:57:59 +0000
85f3ab42efc12c667056bf15e96c2e46eb03f913,2007-10-30 12:57:14 +0000
0bec6765dda9f49c89fb77d586566ae5f2e5f6b7,2007-10-30 12:56:03 +0000
6eb836f4cc22d87d84d8bf0ae43fdb088edeb4e4,2007-10-29 14:58:33 +0000
d336b08b56ece152abb7db71e7f1ce7dbca320cb,2007-10-28 23:20:24 +0000
5328455555d3671ca3b91d4d8d0f52248fbba128,2007-10-28 20:40:28 +0000
992fdc8a7a2c8ef863ef6845e8a69c4058295bea,2007-10-28 20:39:53 +0000
2f02ce7e38f0cc94789a37719408386597ff3ed5,2007-10-28 15:01:07 +0000
e56d7e8cfdd8aa30b3ad4b8a3cc20b9b33079ec2,2007-10-28 14:39:34 +0000
2efebb85505e651cb07051e0d03a1ca560a02d7c,2007-10-27 16:48:11 +0000
23dacb0053a7f321c4a99b7abbacbd577bcde0f9,2007-10-27 16:17:39 +0000
f513dffec068988cfdf1ebf09f0e536507465324,2007-10-27 16:13:24 +0000
30d1e58a371eb33594612eb19c774c73a24d1381,2007-10-27 15:20:34 +0000
c7cbce8f19c71590436b7d63f0496f3016612ae9,2007-10-27 14:56:48 +0000
8a1a7745e30125b9b50c06a56c90d9a5352e6943,2007-10-27 13:46:15 +0000
768f53ba8ae177d99a4b2e9e1e4ba27a4f50ac0b,2007-10-27 13:15:50 +0000
12b417ac9660633968e1d915bf7658d32d9336ec,2007-10-27 11:38:56 +0000
67563e1c95c25b68d6e5f0e3f2ae66447cb127de,2007-10-26 18:48:43 +0000
00bfda0491505911bf70d7ba857598f0fa403e9d,2007-10-26 18:08:10 +0000
f313fe87bccbca5938e420796e92ee8021202fa4,2007-10-26 11:51:53 +0000
01e4d21cc6f538dc1a10a2199fdffacaa7009692,2007-10-26 11:47:40 +0000
3e03f1646dfbb03002012f6bd558b411dcc067d9,2007-10-26 11:33:11 +0000
99278aee6da8a0400ca7b70c9bedffd31aa40adb,2007-10-26 11:01:06 +0000
9158b3f6569128e5ee47951c3b9400d7e5367bec,2007-10-26 04:15:12 +0000
54eb12974e4d716000988c9ec142e54cba633c62,2007-10-26 03:33:33 +0000
c35c90d6a34d1fe9df92cffeb8b21ecaa584b892,2007-10-25 20:10:18 +0000
3a058951c64f638d7304f028ed4a966b11b915d5,2007-10-25 17:53:24 +0000
efb6b3cac90b70ae36f26c8a2d1f090f7b49e33c,2007-10-25 17:53:04 +0000
e05661feedaa1fff9d2505e034b918bdb21d9414,2007-10-25 16:35:41 +0000
39708a9eaea4511da045022ee7cdcc51ce95e355,2007-10-25 09:14:44 +0000
7f415a102113b23bcb16af28e95a6083c0fd9942,2007-10-24 15:53:31 +0000
594dd42cc95fdcd4ac6373d0eb576f3c8d1f2fe3,2007-10-24 15:49:09 +0000
d8fdcf5f0c215c356199cb1b914852735e06ed60,2007-10-23 13:22:36 +0000
f7310489a3e932572211d5db80f75f59740601a3,2007-10-23 12:44:40 +0000
4927a3b90a3b44fbdee3d569d828cb29f7a1f902,2007-10-23 11:28:12 +0000
c7127974af86293ab33a30c3a91a6dc70c3de74f,2007-10-23 10:31:38 +0000
5a00095b7267f97903da014b931e0380d820f078,2007-10-23 10:27:53 +0000
5d57ec144eb59cb2ae55cd96bb9546342401b61b,2007-10-23 02:28:02 +0000
8e3c9b38dc5b231e6949f09635298b5a074b252c,2007-10-22 17:50:01 +0000
22ccaa637d2f1089f7760a6a627c3170215515f6,2007-10-22 13:20:54 +0000
6268d4f4af7e2068796d322c2564df42463f61ef,2007-10-22 12:43:54 +0000
cb0639b1edb06781dd2f06245ad4350154a3be65,2007-10-22 07:57:31 +0000
2438953db2e6a7c1b5a3606944f4b1c5a7833c6a,2007-10-22 06:41:31 +0000
1ef7704a8106d1088e541461adc15f1b0e78919c,2007-10-21 20:03:24 +0000
a422190fe8d5b1691d93c74523fef6584612135e,2007-10-21 19:33:21 +0000
153283bbe87cee170cb4118a99e9e342222accbf,2007-10-21 19:17:29 +0000
e849fddc78af8b21fdc21d13946720faed4c13b6,2007-10-21 19:03:11 +0000
b685d0b139109ba9f50272dd828bd812529839bd,2007-10-21 18:39:10 +0000
7555b9d0c5df9f6f7285ea3a50e0749811097cd2,2007-10-20 19:37:57 +0000
662f2b54a01a3952475328aff5eeb8cb40805bbc,2007-10-19 08:23:54 +0000
903cd5cba319e0d4c1de9c6bf130b867622192ed,2007-10-19 07:21:44 +0000
b7d1bf29ff544f109915d5484ee03c7a1f7a98ff,2007-10-19 07:20:15 +0000
20616104fe25faaf014b23180fb8a40a6d93cbad,2007-10-18 20:02:09 +0000
65034566dbb18db834b8cdd3238f40b9a5e7f636,2007-10-18 11:01:21 +0000
5ddd4fc3eaffa3f84e349af54808c0f31efd02c5,2007-10-15 08:27:55 +0000
e8cf429a218ae2691deaf27dd091ae3fb164dc40,2007-10-15 07:59:53 +0000
57e14625d92b4d4986e3a9e366933a8137c3b8b1,2007-10-15 00:13:13 +0000
b32305f28aaa5b4539092c92dc64410f244a6ea9,2007-10-15 00:11:22 +0000
0d75651c941fdc42b5a70589e8b7a3ee90570160,2007-10-14 21:45:50 +0000
1684612da7dd07f44f4584de530bf6a3cd4a3607,2007-10-14 21:42:57 +0000
1a074b6b866f1ea3a6cd9fd9f9d01a1a4d44dec8,2007-10-14 21:40:36 +0000
a7c9f8523400a46da4fead5378c0fdb0a7ca0c34,2007-10-14 21:33:10 +0000
21171576308bc7998c90619a13aa812ad4e59f00,2007-10-14 21:31:52 +0000
06ad022a59d3475a6798619e1e55e9bef1d9a475,2007-10-14 21:31:00 +0000
f82d87cecef5f0e54145b5332183344de14436b7,2007-10-14 21:30:39 +0000
2a41d5d9ddaefe99983625c438dd9624b5d3687e,2007-10-14 21:27:59 +0000
2b5c5739d3b34e27687f26e8a21b430b47ccfb3a,2007-10-14 21:06:59 +0000
655249ba78ab5fb7e36972afb97710845d7d4d27,2007-10-14 19:34:23 +0000
09adedf15969be629ca834f7bdb93e2d1bb4a0d9,2007-10-14 19:32:47 +0000
813b4e6f53fd6fd93bd07f5e13664a914c9c46a9,2007-10-14 08:26:31 +0000
a2b48431e1cff0079404fb760a5666738b246bd3,2007-10-10 15:23:00 +0000
f95438106ab4c3c40bf2e6f8030ba43eedbea2e5,2007-10-10 15:14:20 +0000
ddca55bdb313e7418874d8e0a3461ee9596c16d5,2007-10-10 15:04:42 +0000
77bf1a4c645b5438e2d941023a9202f44a8c9c35,2007-10-10 15:00:48 +0000
3a0321207f88e6b914263332f88538474661eeee,2007-10-10 14:55:29 +0000
791c7b81316336870261c9a5ecbf13cf49ad616b,2007-10-10 14:03:24 +0000
03fed000876e961d696b41bee5fc0a01c7e8cb96,2007-10-10 09:06:55 +0000
073326f4ebf931c2a46395eef7066984d1ad05de,2007-10-10 09:05:15 +0000
928d7008f771206a6781c38ee91e5674762d3a04,2007-10-09 22:36:03 +0000
4bcfd722c91cdc08e25060c9edf44017616f4dce,2007-10-09 22:07:50 +0000
86be6e2029c33399dc7ea79530d0ff5983cc38c3,2007-10-09 21:53:56 +0000
7a201cac31960212985e55c2206c98a004398e49,2007-10-09 21:47:42 +0000
0c9505988bb2bb6b650f6d32771747d8d9bfc4ad,2007-10-09 21:39:33 +0000
c9d2450d0db9aab6c1620265b53af54e20ea2dd7,2007-10-09 21:39:03 +0000
85848eb8f5dcf938208ac5509af37751500a9d74,2007-10-09 21:19:25 +0000
03185db003ef560961ae460c708633183dbdf5f4,2007-10-09 20:52:40 +0000
56b1277f71ce4b96331269d6a90d111e01183c19,2007-10-09 19:48:39 +0000
51332a3ad8fddbb2a1638d4b70728f544d131276,2007-10-09 19:28:31 +0000
6c20ca1b82d501276bffe7a44f588095bf57838a,2007-10-09 19:21:30 +0000
eb967204242d66d45888f1ad73c34308847b3dfb,2007-10-09 17:47:26 +0000
3164f1d3e21790015c380cd12357411265376e52,2007-10-09 17:20:44 +0000
4c5a5d9b692d64de8af4c9f905573f4010bc9056,2007-10-09 17:19:36 +0000
47f41aaaf54ecaabd6811d6571cc5d8889542f96,2007-10-09 16:58:44 +0000
569fff9828515c583630555d1ecb9c642e997531,2007-10-08 11:03:32 +0000
21574b6f7de66aa38f81ed4e93e8bb899ff7c3d4,2007-10-08 08:29:00 +0000
80b678796bebd4d3a459f1371efbfbafd8bb26ab,2007-10-06 14:22:24 +0000
1a027d2d282962a994964484904f8bc3f40ca9fd,2007-10-05 16:09:13 +0000
af0c6cb2b7f3a9ff27fc2cefc0bcb317291973cb,2007-10-05 16:08:24 +0000
3102230ec3b4ea58e45ed6a2b089d231a2d89dcb,2007-10-05 16:02:03 +0000
407f1e0b5adf14db0bfd80f29299823ccba768ec,2007-10-05 12:33:18 +0000
655579bc25d5806863df632a50d5adeb3a72c0c4,2007-10-05 09:51:36 +0000
ce68c88744241e8b374848bf96345fd8acda3423,2007-10-05 09:51:04 +0000
5b3b12f512a2713a598fc34b5c58ba155d5ce687,2007-10-05 08:32:25 +0000
31ab80f66c0f3af9edeb0554e2f88eee3e1c6eb3,2007-10-03 10:15:20 +0000
b56e78aa2074aa6c3657f01ea3c9071420755cf1,2007-10-03 10:14:08 +0000
fb11afce6dd0b082c16c92d666df5c129684faa7,2007-10-02 11:16:54 +0000
4d21c63091135654900340daac624a7815116d6f,2007-09-24 14:12:25 +0000
ec3128f70b89baf328107d99cf544470454776b0,2007-09-24 13:01:59 +0000
47dd3622c55653aaa8dda0b4b9ed8647c1d67991,2007-09-24 12:54:53 +0000
b10df4c8a9d14751d2f8ef7688f12d13c1f2baf1,2007-09-24 12:53:44 +0000
b375d2c7d551a01a0c2f1dc6ec096efead3f2951,2007-09-24 09:06:29 +0000
4ffbcfe4e68553082967bd206b59cc40eb434425,2007-09-24 07:51:40 +0000
8e8ad4eaadfc6507536017e3856e323dff3ca44f,2007-09-24 07:38:54 +0000
1abdd3ec24c4d5fb6d0092501c6620b49156655d,2007-09-24 07:27:11 +0000
aa72d9905090c892e06e42ace6a75b74edcc9f77,2007-09-23 17:43:38 +0000
9e186b05adf0b799de0c787bdb0f7b109efb163a,2007-09-23 17:10:37 +0000
4ace451ef0daa5e9d0d4010e2dbe5a730968d09f,2007-09-23 16:40:53 +0000
095140a45e8184dcd2b1049d7cd77e5896715c01,2007-09-22 10:11:14 +0000
7ef83b82f182b7d55c4a18f94b86a3cc21975034,2007-09-21 15:35:11 +0000
ac8e65c5904e2f929b046f3e1ae8a2ad0cfb43ab,2007-09-21 15:07:52 +0000
70a06690c84df7df403ddb4282dcb49f30a3806d,2007-09-21 13:29:00 +0000
91fad4f9bbe5d6b8ece506588e353aa4f9e1ad41,2007-09-21 13:23:04 +0000
77e358c87f24898ae9f85a4c43562b0c1d0b9990,2007-09-21 13:21:47 +0000
157e7c320158e2418887b3c97c04928e747926f3,2007-09-19 20:00:29 +0000
4d6dee60c1dcf502b0fa14f153f9543074ba20f3,2007-09-19 19:27:12 +0000
644c1ea735671b9ba4087d00d511b61c9367449f,2007-09-19 15:43:14 +0000
a1b103279d3a7979ccb9b1c6e708d82b70e540a2,2007-09-19 15:42:57 +0000
939ca7b4b3da60b54518a3d141545bdb68e4344c,2007-09-19 15:42:50 +0000
06c60c8ee6b6c5d5dde548d390b701772d1708ac,2007-09-19 14:32:09 +0000
0683fbc52d6811c52317205199c735938e9f68f6,2007-09-19 12:41:24 +0000
3b68117b7559799bb32994feabe0242510bdd033,2007-09-18 07:55:38 +0000
9eefb5d9b3b2d258b2d12c93cec8c56a86a28bde,2007-09-18 07:51:19 +0000
491c078c5bcac9fcbf0a0c35c69adb12ac948606,2007-09-18 07:40:18 +0000
51207214c0e212c9519b8c33f326b02ad290643a,2007-09-18 07:30:41 +0000
6bf7ebe575c92c5abe43ec687b6a0a40a0a8d39c,2007-09-17 12:09:17 +0000
b21ddd6edbf5786dbbff222d402ea011c813be9a,2007-09-16 14:33:22 +0000
6c2566980c001edf6c4a32177478b4ee32e20586,2007-09-15 16:42:01 +0000
ce79d9ab620c5b6fbcc54cca5087dda23a5f5a42,2007-09-15 15:02:47 +0000
e2ac467af368821a0d01775559dde6b14be1c511,2007-09-15 12:20:33 +0000
39684b6a39a36ae812baa4e5e710c6f13ea7afe8,2007-09-03 12:42:27 +0000
bee9c2f6dfc85e2bee698a7a0c6813c2d63f3d6b,2007-09-03 08:34:03 +0000
af51d674fdd2f8fb1b525913ea8795dbd422c943,2007-09-03 08:33:37 +0000
e0ca6028585ad5c5cf22b335e1d3d761a23e7e8d,2007-09-03 08:06:57 +0000
74f202dc41c621bcbf85c1023aef034a7326e308,2007-09-03 07:57:07 +0000
745fe769d63927a64898ed3b613bfc556104c2f9,2007-09-03 07:37:04 +0000
c8c47675985a47cdc30c403ebb77fdb1726c67a7,2007-09-03 07:09:48 +0000
24903761ae4b21bc38dfc728159f1bcb7fbcd4c6,2007-09-02 21:08:18 +0000
c2ddc893d435279b804d061ac0a09313ff1318a5,2007-09-02 20:57:52 +0000
39dc6e1d8743a9ab7bcc0cacad7a58b230feb68b,2007-09-02 20:51:53 +0000
0739a170ae7c593d5499b28627fecb3c6aa726dd,2007-09-02 20:41:29 +0000
230137d24b867f104d3ddb7c02a20ed023f8cb37,2007-09-02 20:33:06 +0000
4683fdea848d5fe9429fe6e53261c4672c247737,2007-09-02 20:19:48 +0000
40217f33b35bc0b9a84e679cf13ac7b2e988193d,2007-09-02 20:12:28 +0000
51d8f8772a49614001cd02248e9a2263215575af,2007-09-02 20:09:29 +0000
117d4f53edc942727774a97dcd5d84c59d014360,2007-09-02 19:48:12 +0000
4476fea95c749b389d17e78bc89c4995a1f9319c,2007-09-02 19:22:58 +0000
2dd0bbaf01a5f620666c4671db4d48957ef1db9b,2007-09-02 17:52:39 +0000
5ddf947a34a62697d788a14ec29fe7decba7a37b,2007-09-02 17:52:33 +0000
171b420cab8419f3be7d2e94d98f4a2be0812385,2007-09-02 17:23:17 +0000
8a4b0ef02d6d6e531b5219dfe1baf1024ee42b91,2007-09-02 15:42:05 +0000
14b5906579d95cd8273a56a86aac94fa88656496,2007-09-02 15:36:26 +0000
9a53bb2b2689f85921c0dd77137278b10bd90669,2007-09-02 15:35:28 +0000
fb3f7e1943b1542b72c558a30dec70b6e41ab9f5,2007-09-02 15:35:23 +0000
2b8ad034199aaaa2fa22faa0c31afa7f5ea48e6b,2007-09-02 13:54:18 +0000
08264a74e9412da0588ff4b763eca3b9395ac3ab,2007-09-02 13:53:33 +0000
51cab8db452545878f2bd8d78dac9d71d7217b67,2007-09-02 13:50:18 +0000
2aeabab0f503ccb574260ebceb5ff5357fb9c18b,2007-09-02 13:49:53 +0000
7b3e8efc0725d5e549bc985ba28a72fdd4ee2e00,2007-09-02 12:05:23 +0000
4dcb1571068b9e0363dbd091686d6eb9901d16c5,2007-09-02 11:04:06 +0000
f9e7f1439fcc207e5eaf374c4cdc27ea41f668be,2007-09-02 10:49:52 +0000
dedf848eac3111fbf60d6f9ceb0c6c814154d66f,2007-09-02 10:43:56 +0000
bb15832d3c343cb16da6dae4363782570c49bdd3,2007-09-02 10:27:50 +0000
34e7cae5a4994ea0b53b415c19241c776fa0f512,2007-09-02 10:21:50 +0000
b89c808f87d485a4f464c9a3399c63a28246bd38,2007-09-01 15:35:46 +0000
3ee174253d5b380f36e3a48ece2d3cdbe2acf453,2007-09-01 14:09:30 +0000
1465ecd8208020b98775e37f6c1bb0df6f8fdbae,2007-09-01 13:44:03 +0000
17f7da0776a76fad83ad63eea891c8a91c5c6370,2007-09-01 12:25:40 +0000
e48d013533df002a1a8e5446d9fa4dd935b40848,2007-09-01 12:09:21 +0000
7bc63a081daef221ea0e029b85d06d8a3a2fa8a6,2007-08-29 08:09:13 +0000
48e7c1b2571852e1309284da337a0c913266c16e,2007-08-28 18:03:34 +0000
6d6043cd4123a0f3544a0bb432c4da0bb3cc943e,2007-08-28 17:46:51 +0000
6ce864dc4d948140710a6c199cc50bb0f0724711,2007-08-28 17:45:22 +0000
b3013f506119a989933ee799fb1a7e8e80d59257,2007-08-27 08:21:59 +0000
232450224fdb3cc3ae8e101fa52a918b18a70425,2007-08-27 07:34:00 +0000
667923e304283f37e17968b5df7c04daf394a188,2007-08-25 13:49:19 +0000
42a4bc2bf77e6ec539063de5e0f31b253a399b73,2007-08-25 13:47:59 +0000
f717e6a5f501f3fa2604583f00c8ff10c5fa6ab4,2007-08-25 13:47:54 +0000
fec465c4e1605062e5d83b7ce4540c92bdc9fbb4,2007-08-25 11:45:24 +0000
9183027c4cdff26d3e171e2589169c20e1d5aa5b,2007-08-24 10:10:17 +0000
c62c9d57f294d505ad5735f718d50687bcfff131,2007-08-24 10:09:34 +0000
9c8c7095174e2863908926c8735e138e76090e59,2007-08-23 18:01:50 +0000
a8854ca04cd591b61cfebcf189c48d8417944a0e,2007-08-23 18:01:43 +0000
aa7575454f3c2851d7d3fe3fd9d393919277a71f,2007-08-23 15:29:05 +0000
2bc3cad36e8459182a8f278f516441be653b3e24,2007-08-23 10:47:00 +0000
d25891c9c91a52f52d24feac180f40185a8909b4,2007-08-21 13:32:12 +0000
0d5a415fd34dd17c31d3f2a23b819510fe7fa055,2007-08-21 13:31:04 +0000
c21b652be37187aa141cecf180dd33b785eb852b,2007-08-21 13:26:38 +0000
b4fcc5db3a1355893279bd9bf77692a9e8a7b03f,2007-08-20 17:13:16 +0000
2f005016f68e01b0b421a01bc210000e43a314aa,2007-08-19 14:15:54 +0000
c0fcac07d109b655b15c7bf6f3ca085114af2412,2007-08-17 12:27:54 +0000
3e1181ad3a5d7b69b4085e041ecd7177365f0f68,2007-08-16 12:41:23 +0000
2c3d231882f497f91e685b9c769125300f61a047,2007-08-16 12:26:48 +0000
ac074def630468ab764dd73d716e7d88e7223285,2007-08-16 12:05:44 +0000
1411139ea94961f41c8bb00d91c0e78d2df0583e,2007-08-15 13:35:11 +0000
aec512af3209cb57a20cea5c0152eaf5ad40d9a6,2007-08-15 13:35:01 +0000
68129b7daca921472c615ebd5312422d6f5b9922,2007-08-15 12:49:43 +0000
34173bf6b634bffe83c892d982e6f9f093151883,2007-08-15 12:36:27 +0000
adf0378560bcd2937d42db8277ec842d319e32b6,2007-08-14 21:57:19 +0000
2914ea930f6918e4a0860b84b50f1432519e0453,2007-08-14 21:56:22 +0000
3c556849d832f44c5304d765fa86ac5b1db039b8,2007-08-14 20:37:28 +0000
bf11dd32fa4ff49bb99d96759191e2746c723b3f,2007-08-14 20:37:05 +0000
2cd6bd93340a4087681b88a370d28ab1ff4931f4,2007-08-13 14:25:56 +0000
86ae748b711d069f336cab162160b5141358f52a,2007-08-12 18:53:15 +0000
cb5af57ad12b2a7d52137a171e809f780bc6b1f1,2007-08-12 18:48:06 +0000
7df5d3eb67adab7c73c5800dd36ae0349ecbad30,2007-08-12 18:25:06 +0000
582e4bc867e2ec4904250a6c80b113d171f8520e,2007-08-12 00:51:13 +0000
5098739c9689e634726264fa544a2f271870fb83,2007-08-12 00:48:49 +0000
3828775bf806deef9181602d2d2eaa2c9f3577fb,2007-08-12 00:32:07 +0000
0d60931d7904968649842e9e4bb9bff5709f67f0,2007-08-08 15:04:41 +0000
0e9bf1f949e7054a8db8969ba9034b4e8753aac5,2007-08-08 14:57:47 +0000
a85da13b71748001c8f766aae9492072a1800079,2007-08-08 14:30:15 +0000
d5c58848f6c8818579302dee75171385baee73e2,2007-08-08 13:57:08 +0000
d30b8d39987570a1cf7b65574258f7b7b0c9a99c,2007-08-08 13:53:50 +0000
b0fcc56499f2eded0eca9bc11f93f0e0d2a7b796,2007-08-08 13:51:45 +0000
782271d81cb742ef8416168ea30e80befdb8cf42,2007-08-08 13:51:29 +0000
c1f22a86b1ec82c4308fc715f5fa62efc38ee83c,2007-08-07 17:20:23 +0000
550da535e0c5b737716f108a9a24622a8cf04ab9,2007-08-07 17:03:13 +0000
b87303dcd82921d77bbf57f8400768d5e40b24bb,2007-08-07 16:54:30 +0000
a9cb151a9f7574e2d8d8531945fad8ce63b00ec4,2007-08-06 21:07:16 +0000
2e8feff0e17356d0848bc8490f3e4f7e84a399ef,2007-08-06 18:02:31 +0000
2551b86d2d50f81da00ba833ea99e86b00686105,2007-08-06 16:54:11 +0000
196dd00159f795ab354b888d07e8feeefe0ef717,2007-08-05 21:38:42 +0000
ffb074b4b611483ad2412b98d4be3692db3bf7e3,2007-08-05 21:07:54 +0000
78cc5e059cad1e45d348d0aefb3e3d9ed7624bee,2007-08-05 19:29:25 +0000
82d364b453c1098cafed0fff560bf3520150bfff,2007-08-05 19:28:34 +0000
79ebd7e973c0c0d303795a37d91cf2514b28a9f5,2007-08-05 15:22:37 +0000
7fc6daf6d63172e53ead5bd512bb5699f014d897,2007-08-05 15:00:45 +0000
fdd0470b033d2e5523618de57923e12ed874ac67,2007-08-05 14:56:11 +0000
fccb6ddaca360e5f6cc3810aa722ef1af5d35c1e,2007-08-05 14:25:13 +0000
1cd811afa5772b02d0237a7e4e9c73286fd7d746,2007-08-05 14:22:50 +0000
d59f29a834ccaacb626d34b75e4ce73e858473ed,2007-08-05 14:17:47 +0000
1d8b3b16310c79503113bf54ae70e9e958b0aa70,2007-08-05 14:15:33 +0000
e0f22609c1095f0b006dd1a21262557ca26792f2,2007-08-04 20:34:05 +0000
7ac13a942e161b4b7630a8489f42569acaa0b3e8,2007-08-04 20:08:00 +0000
767401929ec0adf0270e0c621793df36eb7e38d3,2007-08-04 17:56:49 +0000
dcd2982c21f11dc143e6bad3d11176cc1cea64ce,2007-08-04 17:46:32 +0000
d276e70f21ec73d70951221d723550c3cd8e91c2,2007-08-03 07:17:39 +0000
088e097551fab6f0e6c3e8b672166548cd155497,2007-08-03 07:16:03 +0000
60c67f97a47bf6ab7b698501536e04a423f2dda9,2007-08-03 07:15:30 +0000
56bfbca6c89ea3c8bdfe5f671f32bae12dee57fd,2007-08-02 22:26:49 +0000
7eee15261daa18cfcd16a6a8561abaec47a5ee1d,2007-08-02 22:12:38 +0000
09b9d5ac2593723d1fdc570bdae4bcf4472546da,2007-08-02 21:43:23 +0000
a21e4245c8ac6a497329d842cc36e8eeff1db745,2007-08-02 20:20:37 +0000
52243511094a6b302a7ccafcf4ddfdf5c9351d54,2007-08-01 21:17:25 +0000
015394afcbf81b13789f739fe5132da3c01842e4,2007-08-01 21:15:37 +0000
7e90894f3d49c633f3623f2e740a61f3f57303cf,2007-08-01 20:49:21 +0000
41141c8bae5eb3027654ba9d3516917f232ba52a,2007-08-01 20:40:56 +0000
f37fcc2953d0c3cdba3ea2d999a51087e08b207f,2007-08-01 19:42:44 +0000
522d91e2ecfb17547c4558e4e9982d745c30ea6a,2007-08-01 19:37:40 +0000
3a9020f95539b293bba7c6607562e4c57049b153,2007-08-01 19:35:02 +0000
ee8c1726efb61962040c21855e1cc58c3e8baacd,2007-07-31 21:18:31 +0000
4c24f8382d886e27b8e611b4c987e5b7b7328d8c,2007-07-31 21:00:03 +0000
83647f5b1d2fd046c8880296b8809e1c72a3d0bc,2007-07-31 20:46:45 +0000
7925afc798cd69af22261fec1629cda0dbe8bd42,2007-07-31 20:41:57 +0000
0013318b8505a70bc21f000fc6b4299c3c37d3cd,2007-07-31 20:37:14 +0000
be57a7507987577511d83adf65f437f3ebdd4430,2007-07-31 20:22:43 +0000
c6806a4b458d77d475ef7f36249529b7b0bc1912,2007-07-31 19:24:24 +0000
36216f70b086d678ef0348eaf3cb7da1a4642d5b,2007-07-31 19:20:17 +0000
da240d387236c0e20d028757f4d9159347d4c0b7,2007-07-31 19:02:00 +0000
eb7e82b072404e47fbb213cedb48a2f60229c252,2007-07-29 22:28:53 +0000
462f74c877cd9ccfa85f62a84fce8206c57e100c,2007-07-29 22:27:57 +0000
a7b49a9b9ed2f86fbbf4f3262a1e4ddf7dd109f3,2007-07-29 21:34:44 +0000
a432c0ee0133b77f9fe67ca326dc59ea9bd072c6,2007-07-29 21:28:22 +0000
45078a1c509d26cd82d6760dcfc427d8cd92ba6e,2007-07-29 21:23:51 +0000
08bc81c8a3f1dfa486d2aba4ecbdcb3b0779a0b4,2007-07-29 21:12:24 +0000
1c091113798fbda68e8588cd54c509cfb65ea6a0,2007-07-29 20:49:06 +0000
cd07511465bdf328645ac41e28195433846796ed,2007-07-29 20:44:21 +0000
c352b18ef434a9a8c969d008b4c121360feee78b,2007-07-29 20:22:35 +0000
6d031e9c4b5be4a20df9496653775c68b16d5445,2007-07-29 20:21:19 +0000
8c35d17ac2a40c4e669159d636e47aed100fec8e,2007-07-29 20:07:36 +0000
897a18489200d9baa6a44ecb9c65cdde85151c73,2007-07-29 19:31:55 +0000
d3f885b044922de8927e4b97dedbefe4a5d701e5,2007-07-29 19:31:22 +0000
b8d88ab6d64655c51c9493475c23b6339d70bc5d,2007-07-29 17:38:43 +0000
0590a0407251b73a6582ca699e91711e932e2940,2007-07-29 16:58:34 +0000
97cf2994a8c1fe510863a1dadc7172f123513660,2007-07-29 16:17:18 +0000
837b4a6f5bb263e762f1f1e637878d60b52ac5b1,2007-07-29 16:15:51 +0000
06d572d11acd640ebc8667a85efef7ef9800bda3,2007-07-29 15:57:52 +0000
0e85ac91b8c3ce01c3e5b36522140c6e15c26c6d,2007-07-28 17:55:27 +0000
4fb117abe5fcdd746d94ba9d084359693d608c70,2007-07-28 17:54:59 +0000
53f91be0ddc25483053231f02f49601a138de803,2007-07-28 17:41:50 +0000
d44a3f3b4e00e56b4fc67df73f561fd33226ee36,2007-07-28 17:41:14 +0000
53d745652bf3c0ebf63136e0b9e74895b11e678d,2007-07-28 17:21:19 +0000
fc7509e160eb60dba0f5d5f3c7387f6c24190b65,2007-07-28 17:20:08 +0000
9bf6396e1585b6f178d543e0c0ac9722f02b70c1,2007-07-28 17:18:37 +0000
7013e81e3c11aec29ac6f56f7380fe4f3badf0cf,2007-07-28 16:32:34 +0000
98cc4ebf22eec7084255fbd7ffa54d3d3d54026b,2007-07-28 16:03:21 +0000
25894eddc5e5a234575c58b556180ef55a412936,2007-07-28 16:03:01 +0000
529bcb43ebc888f11254de1c85ac84ec9191b822,2007-07-28 16:02:22 +0000
199bdaa31982fa09a57121389c2414c160aea4cf,2007-07-27 22:04:24 +0000
74ee04a018f3d50dbe6f73a214ae11b4cdfd0da0,2007-07-27 21:54:50 +0000
b9ed6d64bb402a0765ab9490ac7f2b2a3c8dbf4f,2007-07-23 14:52:55 +0000
6c5daf9932935dbed4c641205b8841b77d146ed7,2007-07-21 09:37:27 +0000
99230235b2e9a72e63ec3a4c201a4101a23b862d,2007-07-20 18:42:37 +0000
90ce52088ba820dfccc3a8cc2411ceb6d409da1c,2007-07-16 21:16:42 +0000
703d8e92c183639e5f78e97e24b1d826bacdead1,2007-07-15 20:55:11 +0000
0b2d7d7c9dd86aeb5d587275895d65309ef43ff9,2007-07-15 20:46:43 +0000
30fd1e8354a223c5e12d6f2a9451802c8bb9e12b,2007-07-14 21:20:10 +0000
446034ae56f72fbd4c95f5561e4ca893c2b75b67,2007-07-14 21:19:06 +0000
4c983420c786c19626763bc0e2e53cc2e893bbfc,2007-07-12 09:38:50 +0000
6f8405ae55463cb7e8c8b0099c8a75cc808aa3dd,2007-07-12 01:15:08 +0000
4be713526048fe28b0ea4443ddabf9eaf2cd8252,2007-07-08 19:23:45 +0000
5ccd6267f686dc9173e02da9b41bf3657387d356,2007-07-08 19:19:39 +0000
f24a79ce3c31ec5690f65477d72ff845e6707b36,2007-07-08 19:11:31 +0000
86b8f65b63b8f1a7364f5c9be59553af75efe66d,2007-07-08 18:40:14 +0000
81382d0cb851c30dfe12b349bc3da8cfe6209e7e,2007-07-08 18:30:41 +0000
f1f305a5d1cd94d97044a38c3ff297b55fbc8aa8,2007-07-08 12:33:47 +0000
fb67e2639e74c60568c2325eede0365071c98855,2007-07-04 10:36:45 +0000
4eb104857702f40b759a08456ebc5a851b3a2191,2007-07-04 10:34:47 +0000
b94b2044c9e74cdf4b5b61b57d617ba3636b5a2a,2007-07-04 09:39:26 +0000
8c8312bb717e237c7356704b2e729e94daa34dcb,2007-07-02 17:09:47 +0000
cd1b48c9f1318f7c9009423e120072cb57ea58e0,2007-07-02 13:36:24 +0000
c812af3275920d2e3031037aeccadfc5310e40a6,2007-07-02 13:30:55 +0000
8d13437b11696087f5e756b587c35aa05ce09537,2007-07-02 13:25:39 +0000
ccc71313794b9db28fbd7ecebf87c696076571f1,2007-07-01 13:46:00 +0000
46e4a2159db16caa317a0381d9c7a6e3591a8685,2007-07-01 13:44:09 +0000
a29e4b450cdf0bcd4702baa364e11be35b4e9ac5,2007-07-01 13:31:27 +0000
f94165d7d2a6b0a39f32d4a273d2a701ded91fa6,2007-07-01 12:43:51 +0000
3c92d8f89477d0cce5fc13be751214fb299043e1,2007-07-01 12:15:33 +0000
6fc799f8991d4e59f8cf27137211e4fbadbc66ba,2007-07-01 12:14:43 +0000
01be6d1ee844c9d3a1537fd2835e13bb170cf67a,2007-07-01 11:27:42 +0000
1ba35f857be49d2c38cdb0a07e8a715480b67cc9,2007-07-01 11:10:23 +0000
6edab779285dc4624e2682d8d75ebfd11009cd70,2007-07-01 10:45:35 +0000
31b3271926d631f34d0ce44dd2ee8fe0ca1f6d2c,2007-07-01 10:42:58 +0000
9193484ae56b5175541ec9a421bdd16f9ce04dfa,2007-07-01 10:40:01 +0000
4600fc1f246a11f3c5ff23ebf51c2a219f828fb7,2007-07-01 10:39:13 +0000
c9dd0c2c5ee4b5b6342c8063096788916678cdf0,2007-07-01 10:28:02 +0000
2335a9c15b9420381a5c0d4f74c14cb9b450029b,2007-07-01 10:26:07 +0000
b777d4d5e449efdbaa2547ce67b4526a3a453b24,2007-07-01 10:06:17 +0000
f4bf3fb04e6ae3be8c1470b76a2412229e7ac555,2007-06-30 18:13:11 +0000
7894ed4f6ac96b5cced45507cf70c55beef819eb,2007-06-30 18:07:49 +0000
1559d64906c8658d66ddee1b20118aeb1ed52853,2007-06-30 18:04:52 +0000
8749b98a91ef682e6ace8a1c814e9576614ada78,2007-06-30 17:28:21 +0000
9728dd74379584c016a84bcc200d2a65abd4ec09,2007-06-30 17:17:59 +0000
5a8d1d20137132b75a5f2ca1bb485ffa1e2858d2,2007-06-30 17:03:54 +0000
18f882f7a6b2439cfd805f97c8247ccfc4994ccb,2007-06-30 16:00:20 +0000
0dcca07d2d3c44582d2ad5dfedc81137dac45863,2007-06-29 13:11:53 +0000
e902c229ac1b6593acdc10bb1d7c61bcf045fe91,2007-06-29 12:40:30 +0000
2808553b66aff8aa03a3ddfaeef1cde81fca9773,2007-06-29 12:05:49 +0000
1cc05f50492b3fbf1b8c39e63e13cf972ba12b5f,2007-06-29 11:12:08 +0000
3355757d6c86e6359e6ee25902816b7e40079e70,2007-06-29 11:09:48 +0000
9d292a0b94f4e79d6e67c98adc47564666450b97,2007-06-28 20:39:41 +0000
a9111e367d9ccdd8c4b9e6264084e9011e6cfcb8,2007-06-28 18:06:55 +0000
86a957e7a1286f87c9de7beee1e1a30221bc0e99,2007-06-28 18:06:34 +0000
5b31e2c7fd3999cc4b5702c86b77936245c6d48a,2007-06-28 17:47:30 +0000
c77c74305793f4fda1b346bb9ff062353a47cecf,2007-06-28 12:15:05 +0000
03a032beba5b154f7ccfd9f9046fc4abd6a780c7,2007-06-28 08:11:58 +0000
c1260b80990b2d0e48a5abe957463f7826a82729,2007-06-28 08:08:43 +0000
8c28add279f386ba1796893d245cb1a147703cdc,2007-06-27 21:20:29 +0000
e63d940988494c40739ec772fb1d1db35fc2444b,2007-06-27 19:58:13 +0000
540a282fa8014b94b5746d2c0cd228051db1a60b,2007-06-27 19:30:49 +0000
78995ce3198af4d19b67f8293be1b54f165e863f,2007-06-27 13:29:46 +0000
719009938d24adb66279186511eeae3eef5c9782,2007-06-27 12:55:25 +0000
e22d500c0ad2786b9ed69434a7171bab860e0f01,2007-06-27 12:53:05 +0000
f8e1566e10dfc9ec624850d9f24de23dba6cd087,2007-06-26 21:29:05 +0000
d579ee26ac1ff5233f20e8944730c6a38bfb8ab2,2007-06-26 20:59:38 +0000
1a282a8e27b769a540b929ee967ac7ea7ecf4c98,2007-06-26 20:56:57 +0000
12a95390d29ebe2c2ef627309103401dc48d74c2,2007-06-26 20:54:14 +0000
9d48ee28fdfb9381230b3136ca3ba4593f5e9c0a,2007-06-26 20:39:31 +0000
d1ee5c97cf7ad9057bd6ff4c1f033f3dec43f3a1,2007-06-26 20:35:05 +0000
f3d0274cdbcafee1de4229a151741eb375e8507e,2007-06-26 18:15:32 +0000
a984220ca57e17160fb62213a4d0458cd3f281bd,2007-06-25 11:47:48 +0000
59437149a3f7de37f1d71950ea63aa0f701ada68,2007-06-25 09:23:23 +0000
dacd4c4c81bc27b546f233eed131b4e47b81899e,2007-06-24 14:55:08 +0000
14a81a25260e25e7064913c2d976dcdd1a3080b3,2007-06-24 14:25:45 +0000
fb9c7e5ebe211411a8070cba776f855d01918aef,2007-06-24 14:17:40 +0000
e7541e97f70ee3474f18b02236bf3bcfec3fddb3,2007-06-24 13:47:55 +0000
5a745349e58fa1ab87911df97637c66421f4ccde,2007-06-24 13:39:42 +0000
8df91e485eec379013adf2c1205456973191c599,2007-06-24 11:06:54 +0000
e6540652ddac597a839d4ef626d2cc745d733cec,2007-06-23 07:37:41 +0000
fd3f8f828b707572dc2f5dad4dc6b24a5ea93104,2007-06-22 13:11:58 +0000
a658ed79e24a29910713f7deb11f457d553e3361,2007-06-22 13:07:56 +0000
388a52593d682dde5587be5a887604d4155f0f67,2007-06-22 08:11:35 +0000
924658bbf088bb181ae77b833f5cb8c593d8f5cf,2007-06-22 07:50:24 +0000
5f58d26fceda6b5f8621e45688d2a1f388c7f2b3,2007-06-22 07:10:51 +0000
53047cab7596b95496ac5c3fd216ab8cd003d7e4,2007-06-18 19:02:39 +0000
40cbf22f087d4ed7b208bbbb3e52c913b33c13aa,2007-06-18 14:56:15 +0000
c221c1a12793b33086b539b31508360e6a1ff21f,2007-06-18 14:01:31 +0000
8af42cc97328843771082128d1ce50e81f0f182c,2007-06-17 20:58:02 +0000
eb7972104144cfe11bc59e52b29ffc1e3c73f557,2007-06-17 06:58:52 +0000
3b31a8e7560edda14499427fcef4ae548b9129ac,2007-06-13 17:17:00 +0000
0649424516bc63993a0e18bea00b2467210160ef,2007-06-13 17:02:33 +0000
e9cd3cff986ee13f57a25bec20230ee8ed9fe259,2007-06-13 16:55:32 +0000
b9a80c45979e05bd744111b93ad33715526b2ba0,2007-06-13 15:23:59 +0000
255d506c34336489857553b5a70415a36196b6b4,2007-06-13 15:20:57 +0000
7106a471d9cf5b78ac5910e1ceae51403dedf127,2007-06-13 15:15:39 +0000
70eff3c138ca12d56fd7f2bb645009924cf627ef,2007-06-13 12:00:33 +0000
8abb2cf9332ba9f0ccbbccbbf3f28e86c0f446d1,2007-06-12 20:34:47 +0000
303bb2d54f0be9a53cf6fdbb339370df1653419b,2007-06-12 20:33:45 +0000
f2e21cf5dc072e7f605c5cf80703e46d64012442,2007-06-12 20:27:51 +0000
babed280132ffd8371fae3d52e41b5db290ecc0e,2007-06-12 14:49:41 +0000
cbe25c56ecd5d3a47c73fd78ce61d229c3dba151,2007-06-12 05:24:36 +0000
53225c95def2f736693420b72ecdf4465b89f5b8,2007-06-11 20:23:00 +0000
37f9c6f47f8ac81a73c6fa4b6603d6689b7f14b8,2007-06-11 20:14:40 +0000
e2dcdc29c0fe5446b66e9446b1f9954993ad0794,2007-06-11 20:08:06 +0000
42946e3a07360224ee3a06e6dd4368229f0c9199,2007-06-11 19:47:49 +0000
d0443bc4626565801922fa1d8fd9d2542eaf0a2e,2007-06-11 16:37:32 +0000
a0494ae816dcbc00f25bec18f51d184d9d374b7b,2007-06-11 12:38:04 +0000
795a70219a936a2bed835226b212883709565cad,2007-06-11 12:04:30 +0000
8743a31503b258f2d2c4d2533de8066fba144c1d,2007-06-11 10:20:06 +0000
b69346f87de7f57baa16b2ef56930f9052f8828b,2007-06-11 10:18:35 +0000
d5b42f2269fa1e565611a31a92d859a6629b4726,2007-06-11 09:54:50 +0000
cdc5431d90446fc8e24c6eee13ddddc826bde230,2007-06-08 20:55:00 +0000
ca7e8f5607cf2703ba515371a507332243172bc0,2007-06-08 20:52:51 +0000
0b77794546830669d39902532f141b29bbac5acf,2007-06-08 20:52:45 +0000
1bd7eb1c29e20bb6b3f08965c06af00e09927b34,2007-06-08 19:29:06 +0000
2b117eea6d085407373ac7ac7d5eb550742c8093,2007-06-08 18:43:10 +0000
02888dd29fff61eb4e11f3553a62ddf0fa0eee50,2007-06-04 11:41:57 +0000
a6242d3f2ee1bc68992cb617761d39c5b5e536ed,2007-06-04 10:23:04 +0000
24a525f06038dac5b97b61c6faad96bca7c79468,2007-06-04 06:23:48 +0000
bc5c09ed573ec81362b0a6ee02a86dae16fae453,2007-05-31 15:24:41 +0000
b18ddc99679aff3bd078cccc080d6a31f6829f9c,2007-05-28 07:15:21 +0000
f9c9c941f7dbffb6e239a9c9931814559a5253a4,2007-05-25 09:26:52 +0000
639547f99aa4f462c46e9de3a2589f82a2756228,2007-05-19 20:22:24 +0000
524a069d693693b5795119efda3b1b26b864b30d,2007-05-15 23:44:44 +0000
87901166d65536eb49b27a40dc5a8fbe4c87259b,2007-05-07 16:13:27 +0000
6a54b7de80da17fc6a56b1aaf93841ce8257c7e7,2007-05-05 10:03:19 +0000
f29e6bd3adaf27e4d7a2016f2b85fb3dc8be0d52,2007-05-05 10:00:37 +0000
fc783e526afb645cecfd8b77203ab40c46e118fa,2007-05-04 18:59:19 +0000
0b50f45a7b37acd1d963b8311c4fc71a81106765,2007-05-04 12:53:45 +0000
edc50627b482f89950d06e72cabfc78c51030687,2007-05-04 12:31:44 +0000
50ad548686a01d25e118cd99dd2e2d2a75672362,2007-05-04 12:29:45 +0000
c46235cdf1949d8d288bff74de3f47b7cbfe8f2f,2007-05-04 12:18:11 +0000
49ab93c7c265c6a20bbb15266631f3df21d131e5,2007-05-04 11:52:48 +0000
44955f5ade6df28e5581a0d8b639c55e0109995e,2007-05-01 00:02:40 +0000
53cb23a2f7a849d67f83307c67853ca771ebb869,2007-04-27 17:27:44 +0000
d1d6dc28e5e4af6624f63ee96fa02850c035552c,2007-04-26 02:16:38 +0000
2840e8dbc0f018e2cd185e0d37b3637de542bdc3,2007-04-23 20:50:59 +0000
e45e8e7167ef798d889784debe03363db9b7a138,2007-04-22 15:57:18 +0000
c97c84abb6bf1a0c32aa25f27fca02f4411968e7,2007-04-22 15:57:04 +0000
e90e53ae3027f11033d21d79157bcb73220132eb,2007-04-22 15:51:03 +0000
9fc072bb9b72c05f8c3be282e44c0cd0f3c57b93,2007-04-22 15:47:17 +0000
dbc7baae3e85ddac303f54b37dbfd8fb86edbfb6,2007-04-22 12:41:45 +0000
260e77ca352172dfbbb9e9193f5124ccabb7d48a,2007-04-16 23:34:48 +0000
e73f990c99b7700a5ca16917adb095bceed3113e,2007-04-09 10:03:25 +0000
56c58ba1dfe3db3cfc5f981ea9a8ccd47140282d,2007-04-09 09:59:12 +0000
17889c3bd698bc43bd73e22715c65de6b26f224b,2007-04-09 09:54:53 +0000
5276c8f8fe8285c961d8d3319b7c55e72fe8017e,2007-04-08 18:55:58 +0000
d9a3b437de0446edc8a849ae5a798cd126dca322,2007-04-08 13:55:28 +0000
c285cd63e40bee3bdb042e7ef0efce1d9303bf91,2007-04-08 13:35:32 +0000
77bf13447072733f0e4561e862079771c8fcf24a,2007-04-05 13:10:39 +0000
1838016b78d690939f4864aecc0cfded9b819d9e,2007-04-04 23:37:03 +0000
4bbc561390c61a5cc333b56686f01cd0a9c98a85,2007-04-03 15:09:09 +0000
9e414c5aa661760618531a889e33a46719df1663,2007-04-03 01:45:56 +0000
3be5244e7cc79137c059631330dc923b989e84a8,2007-04-03 01:45:26 +0000
2145902d9aac5a281c917ce3998cdb33e90c2384,2007-04-02 11:22:00 +0000
9e8407c3f4a6ccdbe986437f4e051920e9644817,2007-04-02 11:12:26 +0000
e4a92c07c549adc2aeba016a9c642026bd934bae,2007-04-01 13:33:06 +0000
a9049367518ba1c9543c86a406573b7074fe96a8,2007-03-30 13:25:01 +0000
dfb4eaddac6a9dd5a55d1aa54936afe4066fe3f6,2007-03-30 13:19:42 +0000
ec13a5dea2c487385b7cf1660e38e65cec83bcbf,2007-03-29 09:36:13 +0000
41d941c82288abdf9b536427cfb29d8b6578b19d,2007-03-29 09:22:06 +0000
cf370ffd25d0517fe9f93d6ae8a712b8e8d794b3,2007-03-26 09:30:37 +0000
ea81a28ade5cbc3afe2ac1a38113db4939fb214c,2007-03-21 12:58:37 +0000
e05c87b2a022b89309d73c0880dc7581e5ecab2c,2007-03-21 12:50:46 +0000
de6340317dffecc03c4a6551a5574311389d07a8,2007-03-19 03:56:32 +0000
c8b4e04f1ab17790a2958c331b897d4687838579,2007-03-15 10:43:12 +0000
770a960d251b42dc323a87b2cdf4cef844777a31,2007-03-12 15:28:57 +0000
14bc43a6a4eca1a83cd4667296ba3e7cc75adac2,2007-03-12 09:02:22 +0000
1a634f92d71e96e8a50c47e16c1294aebf03bc6c,2007-03-12 09:00:29 +0000
2a8acf70fc536298fdbde4996423173d71e81e47,2007-03-09 12:38:17 +0000
40f0535450da2f42d567baaa4493d0868ce56c29,2007-03-09 12:37:51 +0000
09a2a267a67b38b5a7f5b14c1fa7312fc67c5947,2007-03-09 12:36:27 +0000
fa5f7734aa45a448463d44ec7474326f978710c1,2007-03-09 12:34:12 +0000
6044e64c46033377d72c5cf1b3342b376df0cee7,2007-03-07 18:21:33 +0000
7b5ce0ab4a442259a4274de9e73c5c1bf4a5aaec,2007-03-07 18:10:05 +0000
c3bc6b0a63393166e97d0bcdf9f2778307d8d21a,2007-03-07 17:58:21 +0000
06c06ce6b484f7da4f8c4ad8174e9c4c824703b0,2007-03-07 17:56:24 +0000
552b9117dba3cf831812daf302c199002dbb982f,2007-03-07 14:15:41 +0000
f46935f715ccbc62693098c86ca3beb6b99b476b,2007-03-07 13:48:31 +0000
d96a32bf9b2a61f998f15fd811758e5d302845f9,2007-03-06 16:35:59 +0000
b2742f81ec1f6229e005fabbbd27fd9154e33b48,2007-02-28 17:30:02 +0000
94a7a74b9882e8341e7d81e3bf80c8431fffebbd,2007-02-28 12:30:21 +0000
f5daa8579249636bf5d7e56f69e117103e17de2f,2007-02-28 11:11:57 +0000
b23de5e2a6320664b783fe8cb95f15ed0459efc5,2007-02-28 11:11:15 +0000
57d458eba939d68464b99cd616649daa9db12766,2007-02-28 10:44:37 +0000
256f82857a11a7a3e857cdcdc1380183c40a1ded,2007-02-28 08:43:25 +0000
3011471e72ff431e9720a88476178618947db810,2007-02-28 08:43:15 +0000
ccc76db15bf23dab24baca2de56721795a6fbfa9,2007-02-27 16:47:52 +0000
39ea37eab98b9b16bb6e2075707e47878c9f1c29,2007-02-27 16:45:06 +0000
5e891b8f3d0849ef04eeaadb09fa1ca5d7c7a087,2007-02-27 16:19:30 +0000
d86fc490e97b6c522fbb2e0b8af58119be45ec20,2007-02-27 14:12:06 +0000
10f955da8611d6742c2ce1466011be2cc35ba63b,2007-02-27 12:40:42 +0000
c8c1ab688bd7334c3f4cf0f4e62f33d3b87c969f,2007-02-26 17:53:25 +0000
33d7d64d942199e491e8dabfc527a5d85b964d76,2007-02-26 17:49:25 +0000
e27ea81a4569fd32e380a6240dbf944fe0c2fb49,2007-02-26 17:40:02 +0000
bcf990b824ec09efd6c550d695d18d5beb1edb18,2007-02-26 16:30:43 +0000
635828a0f42b7b46a153d77c01d4733216f4217e,2007-02-26 16:08:36 +0000
72614cf98c768d21b62a9420d1b7c92bfe8a065d,2007-02-26 10:39:40 +0000
e3647bbd3d2fdce50963175f5ccfeb7758e44e69,2007-02-25 14:04:55 +0000
890e4a63fbf329cdd598c5f8325ad926a402c611,2007-02-23 11:07:16 +0000
79acc576a0b75951b299efecf09355233cc3f26b,2007-02-21 15:14:37 +0000
e6ccad90dd9f41e240bd4a040e2df2177bb62522,2007-02-21 14:54:50 +0000
acf5bfecdebe38caeb7f20638f31db9b997bb580,2007-02-21 14:32:11 +0000
83e9fb0fede7026cc2378bfb0cbfc22508d60af5,2007-02-21 13:46:57 +0000
52a4af908c413cd5d77c6ae202b4925a49e6b86d,2007-02-21 13:31:21 +0000
f2c5ed1550b2ef0b666f04895ffc50bf1f1cc067,2007-02-21 13:31:03 +0000
6b932f699eb537ea655164660c2dbb389f0a32e9,2007-02-17 21:08:04 +0000
8bb48e9d1070022e3761c8926f3b361d7597c6d9,2007-02-17 20:27:31 +0000
ab3748865ac68bc37ba4949ca33cfc00ebb485b1,2007-02-17 19:52:00 +0000
6357a550b792edfe157bd7710c26a291eec7a6ae,2007-02-17 15:25:10 +0000
822814c287444b35121525e95b0cc103cafdcd3c,2007-02-17 01:56:47 +0000
3fca135a38bc2e961b9b7a75d9aa2ddff208b71a,2007-02-17 01:21:13 +0000
5f364c585b9fc39e02d271747f30447c62030ab2,2007-02-16 16:24:21 +0000
d2fff2f09a5bb97c53128172ce69ca5bf27efc3a,2007-02-16 14:32:32 +0000
62db940af16ce1937deb9b6465ded2b1b533167a,2007-02-15 14:49:16 +0000
1a1bc6106330ec68e3e52170b8d2b4f0017a5518,2007-02-15 14:19:57 +0000
05a975a380a8b314aef92ef3d9efd67a97596e1f,2007-02-15 14:16:29 +0000
3fe516492456ac4ed733ac010d6e5aa1fcddea6d,2007-02-14 18:48:18 +0000
c4014979cfa209d04b266e48787c2a923a812c02,2007-02-14 15:38:33 +0000
74591beb2806b5387fe151bd6283a30ba4368eaf,2007-02-14 15:33:38 +0000
cb05b2545d82eb44219a789fb86a98cbd64ae358,2007-02-13 14:53:26 +0000
b7109ab5d4d47833c79102263d64180f154931f7,2007-02-13 14:40:59 +0000
cd97a75c4cd0a054d9205da3bde7307c5cf1db67,2007-02-13 13:41:42 +0000
0fca20ca191480a9911fa68c8b869c7ea9beefc1,2007-02-13 04:14:20 +0000
8bc30f50b7162ffea7bee0ce01bbb853559c46f6,2007-02-12 15:35:51 +0000
e9c9cf851c97ec787b95d7ea25cb6a46faa9c21d,2007-02-12 15:33:46 +0000
3199be2da0b9844347835a5d59718b62a1af5af5,2007-02-12 15:27:49 +0000
191e1cb92cb494309b29407928b59ef75ae8d04f,2007-02-12 02:21:54 +0000
c1d245399814ad033b429a42f1aaea24531a1327,2007-02-12 02:08:58 +0000
fb6a4c7b5fd26d3188c8726f461dce9a06482e76,2007-02-11 14:02:48 +0000
da2b3c9f4b37d109b7cb74b84310cc799636b8d3,2007-02-11 13:57:30 +0000
da88e19c8e229d15a1232a79c562119bbd753ea5,2007-02-11 13:54:53 +0000
30206d965b57ba958b3f4fcbfd9a8af1bbc32125,2007-02-09 14:55:41 +0000
0735e9ad9250b735c12de941124667ac08c8c07d,2007-02-09 14:53:12 +0000
78bbda89aa1c435bec72b4cbf70a70be4a7e2e7c,2007-02-08 15:11:48 +0000
abcce29f55ab99cbd0699e6a1fd44ed8479a48f2,2007-02-08 14:29:23 +0000
52725d5f9d7ff660fd89d0727a3f239a8d1a3ab3,2007-02-08 14:28:36 +0000
dd86fc01259b1cec7aa712569909ffb2f41f86ff,2007-02-08 14:27:29 +0000
aa27adca8d71a84ed76bf0bd327e12b8b9a60e76,2007-02-08 14:22:17 +0000
98a8e1a4df3e32d57e1af2cfeb95870897edec22,2007-02-08 13:56:12 +0000
500d8a9940f5a5423f23f3f0557d84a9a157c64e,2007-02-07 14:13:36 +0000
1d966d7e7eae3f98b24499c33c762fa2bc3ab8cb,2007-02-07 13:58:32 +0000
8ad4a44a6eaf3ca0213f953f084d56ee87e32760,2007-02-07 13:58:25 +0000
eace82b2bc3d9eb27af54c720c308020a37c8a9a,2007-02-07 13:19:40 +0000
f691ba3210cfa5ab977f5757d9e0dc31965c4a21,2007-02-07 13:18:05 +0000
811a903cc26245cf01be5f263fbbbbcd9a57bc82,2007-02-07 13:13:38 +0000
6fd86d711823df276b4a5a2f73125f62c8032030,2007-02-07 12:51:01 +0000
4c394a002b37ff9b826fc2a21b40c4ad43c882a3,2007-02-07 12:50:56 +0000
aaf21db6036f644cfad7e7e7744fcd9139cfd4b2,2007-02-07 12:30:11 +0000
4e80a7a54718a2d982a6d86f9007a947d00c4e31,2007-02-07 12:10:38 +0000
21dcfc35036316dfef7b6b0745a7b63e3c0b0220,2007-02-07 11:57:44 +0000
e485da45821a20f2fe57b6a47a0c276d1331c334,2007-02-07 11:21:17 +0000
a4d58da372e373bcdce2288611555abccae0bd88,2007-02-06 10:11:50 +0000
33b2639cb5c52a14a3985eb62b64379724c888b8,2007-02-06 10:09:57 +0000
02b8c63e8aa6a9dcc4f0bca598777d27ad93e6ed,2007-02-06 10:07:44 +0000
e2e3b2371e150a9407659b77b11a463c0a70cf0d,2007-02-06 03:07:26 +0000
6bd83f8f1d44a531d45c97a26e9b205ba6e73518,2007-02-05 14:07:51 +0000
1418694a34e130bbd3aec1cdfc0ac82eb86ab34e,2007-02-05 14:02:38 +0000
39a8585ab138b8ca00680226e02c2c559a0d3742,2007-02-05 12:59:45 +0000
b4857e57b409b93b74220338138c177090acc523,2007-02-05 12:59:39 +0000
9ab530bd3d48175f436dbf4622df42bef86f02f6,2007-02-05 11:28:06 +0000
ec0bf0d8c37c47bd6532982e876a1152911ed5c0,2007-02-05 11:17:01 +0000
90a9c088eb240a955a34443974032f670f620d1b,2007-02-05 11:15:16 +0000
cd926c0e72abac5638b48b3a038651ca3d6dda61,2007-02-04 11:48:54 +0000
65b0a18dc58e75a07356ea277ec9188b0d4b30ce,2007-02-04 11:46:54 +0000
5d95eb2ff68fbe721905691e413542d54abd0641,2007-02-04 11:46:19 +0000
89a8ee9347aaefe991b514232191a6d98e16af97,2007-02-04 11:46:00 +0000
dcb615ebd8a7349d44fc3ad5c4203e5fba765d58,2007-02-04 11:31:14 +0000
872ad99395820eefaa90a5daafb797c5754e589b,2007-02-03 14:44:07 +0000
8547edc47e130148bf45df1475f778fb7fc00b7d,2007-02-03 14:40:54 +0000
f4c6d0e666c63b6153cdfac1f2c85a32aa07e7b4,2007-02-03 14:40:31 +0000
a3c48fd12015844b404c91016bfa21cff67e99f4,2007-02-03 14:21:26 +0000
17367371105b400aee629c2b1f8fb64ad6dddb4d,2007-02-03 14:11:38 +0000
7616254e033a1f11c69bb9e674f95957ac35e0af,2007-02-03 14:11:20 +0000
71ba609f0a962fa10832629cce6e72fc134346d4,2007-02-03 14:06:40 +0000
599ad4eb4bfd3e742663a4a676fe49370f599fc0,2007-01-31 17:12:23 +0000
3bc980e999a0364bf2d68c7d27a2ad1f6c2cb244,2007-01-31 16:28:56 +0000
740c7701847f7dbfc9853da91c3a6d79c80ba972,2007-01-31 16:27:50 +0000
8009f86e337f2cd7d7c070cc0d1da0ced5148cdd,2007-01-31 14:23:45 +0000
23dbd954583b7722bae6f8c07f745f1612a26578,2007-01-31 14:15:43 +0000
2143ec37c052833d8151678d25a38232deadc290,2007-01-29 14:21:35 +0000
0d234e2df77ca2067695faadf00939bffd766bb4,2007-01-29 14:02:03 +0000
707dcc4114a2f1fbaa9d0050f976a4ddd8b7f5d0,2007-01-25 13:39:49 +0000
63189efb5f953deae584064836fdbd2fd1884608,2007-01-25 13:37:04 +0000
4c799927d0e9e0ec71ab489b956550f4657ac47e,2007-01-25 13:36:25 +0000
1facdb82019db6f79ccb45f215f51bb883d177b1,2007-01-24 13:45:07 +0000
a795d69a890baa98738ba32aa3bca3123552c90f,2007-01-24 13:43:50 +0000
9e05905ecafb839438b5b2bf49821a68b663ad4d,2007-01-24 13:10:47 +0000
20dd395635b3603865271557566c4c1fd4b2959c,2007-01-22 13:34:13 +0000
18fae2c370906151c58ba619c9e0293cca7b64ac,2007-01-21 13:52:02 +0000
06ce29b218834bc2f270941002072f8f83f7c830,2007-01-21 13:36:16 +0000
623365116e8906e437e1948b947ae2db5d94020c,2007-01-21 13:28:09 +0000
529cc85c5ac9ff585d1d6b89f9c5830ffae29053,2007-01-21 13:23:59 +0000
3c70437e1a0c8f59f21211746ef44697516e06e2,2007-01-21 13:05:59 +0000
c628196193dbcc3608968168e5cfaa2731e3c2d0,2007-01-21 12:57:56 +0000
929424d2af98e8eacb1669d675559c48f42bf83e,2007-01-21 12:51:59 +0000
11f9b396a93db56377d4d4bb268811de3d548564,2007-01-21 12:37:05 +0000
8e260e9a2cdfd6786c11ca24a4c122211a786b33,2007-01-21 12:12:53 +0000
852294684c46eeb71ee4fbeb022210ce909c2fe2,2007-01-21 11:55:51 +0000
f6786007caf4cb9606cfcb32456c6e94fbc02e8f,2007-01-21 11:51:56 +0000
bc233eac48e26387f256731229195c1f85522bc5,2007-01-21 11:47:34 +0000
874e62478377638c66a3cc6a1ef5cdba2b3e3132,2007-01-21 11:38:30 +0000
d3d41b00d988734e0b1d812f1cc0d9436212ffe7,2007-01-21 11:21:21 +0000
0e48658056deae4141d79f920266fa51092619e6,2007-01-21 11:21:00 +0000
b0ec0470d94897a0d88953d81b9886b64637bb6d,2007-01-21 11:20:24 +0000
a9c48f8f0c830e0328e7c6dd86c8320b1f7b688c,2007-01-21 11:19:48 +0000
7319d6af13895e2ed436e000aac909a66466435b,2007-01-21 11:18:52 +0000
4be70572844f3fa9b18971ab278371bbc423b192,2007-01-21 11:18:13 +0000
56d93dcdec85240157a95d418722ce974f4f7e26,2007-01-21 11:17:01 +0000
4b45e9bc68ff76bf0730407541224a5fece5cb2b,2007-01-21 11:15:51 +0000
40a7a4de6e2fb51c76b18194a0317d26ea27a9a8,2007-01-21 11:15:32 +0000
6f8365b78de6c5dca83a9b2f54a119072e9c8e76,2007-01-21 11:14:38 +0000
e463112fce75abc74ea500709c109f7a21abb1c0,2007-01-21 11:14:06 +0000
c4b528b30a0e284ff69f93b43527aecf5cd3d6d6,2007-01-21 11:13:33 +0000
1d6568674ba2205448500ab134778e990aa69c96,2007-01-21 11:11:49 +0000
fc186f50392bf8c804b1d314971c92efa5f52fc3,2007-01-21 11:11:02 +0000
