commit,date
bde9ff2503ae71c4ef03b212577a1a8be673123a,2025-09-17 12:29:19 +0800
0621ae6fce446c00f5becf0c81744bd8f9ec1c90,2025-09-03 10:21:28 +0800
5870922754b9585f7d3592dcd0714a4da65d9d80,2025-09-02 12:26:50 +0800
2789316c18e12cbb6d17fa4a023410dbad6593a0,2025-08-21 14:20:26 -0700
c9b893f58fe200776f237110514785848a4cda80,2025-08-12 11:38:43 +0300
417ff1651fed3d37abc4b3d4e57f8eac950dce9e,2025-08-12 11:37:25 +0300
e80d0318cfdebbc79f37d9120de8df28c8c1c13a,2025-08-12 10:18:44 +0800
45f7a9202450d7c2093e3dd47fd51ff1519c20e8,2025-07-13 07:46:54 +0800
4e6583dd0cf16b294523e72ce8614d7285f88809,2025-07-11 18:24:53 +0800
3bb2401eefe5fc381f643eb53dbba9c0f3e7b564,2025-07-11 17:07:32 +0800
487be9751d5e2975117c9a2f958d5d6955b607ff,2025-07-07 21:16:58 +0800
f2f6f5648a5a928e3c7665990ee64307aa76eb2b,2025-07-07 16:11:34 +0800
0f6e8595fdc41fdffb724205941b34fd6f3fa746,2025-07-06 16:45:09 +0800
3942f25be79ca46a03c122e8add3f06f5e327edf,2025-07-06 16:40:27 +0800
17b4ddc733be04f0a63d86ffc3229c7c8176f95a,2025-07-06 16:39:01 +0800
75ca02ff01ca5a4f760c38a1ffd17702f52010c9,2025-07-04 11:47:00 +0800
43b58ca145dad1a673aabc04cfbe6527cb2a4764,2025-07-03 15:15:49 +0800
23289b749c050594ca89b55cb90d12874f7e0d7b,2025-06-06 09:29:08 +0800
87ca7f33721592a12e86e0bb7151980249aeceaa,2025-06-02 14:12:51 -0700
7a29abf7acc88fa8c5c9970196c0ce5d9d3c05ee,2025-05-30 10:39:47 -0700
1ba40429098632af22fef5adeb750660ec819498,2025-05-30 10:10:16 +0800
37b63c927a8be55e17c3e31dded44d0f6221ce5a,2025-05-28 10:07:27 +0800
5b0ae75aae268172ac015e9ce72fc11a67f708b0,2025-05-26 09:39:15 -0700
0816a3caa6f3a45be916be88f7e4f25c2262398c,2025-05-16 19:11:35 +0800
e47926bc71c8f4b9fc548646b2abb46700923b37,2025-05-14 09:37:52 +0800
22c45f925a174be3fde0c4ce86923a3751a54cc8,2025-05-06 16:58:21 +0800
99eb63a5a417e9fdd7a7df4a5974491d51893c8e,2025-05-06 10:39:19 +0800
39e7a9173359bc5a75929651f590f5f40b672eb4,2025-04-28 11:44:29 +0800
f42c9150fd2425fd4e4320f4e7445a61943f645b,2025-04-27 10:09:05 +0300
7fbb8d89f880579035b5ba2752caf8583d34611a,2025-04-22 12:37:55 -0700
cdd854f23fe27a670cde126a5419fd9c222ad482,2025-04-22 11:45:19 -0700
fabe44b7212310109b9645c5de69974ae01bfb84,2025-04-22 09:04:52 -0700
25326dcf0e3c51bab4a3e82c1f6f90b064ef6783,2025-04-21 14:20:08 +0300
4424ab798c25c7d4f70059d586ac122ab5cb27bb,2025-04-21 08:39:21 +0800
95277b646d97846668bcdcf2aba5ed47303b3289,2025-04-17 03:56:23 -0700
2831ed3405069f2212e2c6204f645e503319ba69,2025-04-17 01:33:04 -0700
1e59ae015c524992ccc603fe65fe66e961585ae7,2025-04-17 08:47:00 +0800
02d7f9fb35ac9799e7c62a31d089762f6483fb2f,2025-04-16 06:29:41 -0700
bcd6b52fcaa9b82cd60dbc3a8583df4ca60796e7,2025-04-16 17:42:57 +0800
b10aec21bf35eefb73b96e95028eab7d759209f6,2025-04-16 02:36:57 -0700
3fea440a94d502420caa2114a26eafef64cab3eb,2025-04-15 19:10:54 +0800
c7d7fc5992a440daccc6f8ef127dd53cbb9f2f1c,2025-04-10 14:33:40 +0800
c64dc8ab3ae50216a284a6d1f95e417c1a68bc71,2025-04-09 19:00:01 +0800
2b5b992491e69a22933a2a9cde5f4e871b88b75a,2025-04-08 23:59:45 +0800
9d73d38ed9bc6eba39da2fd94ad55ccfc13f899c,2025-04-07 17:24:06 +0800
5bf02318ccd4596cdfd92aec69454e0dd5b3dca6,2025-04-07 17:23:57 +0800
6946ac6f9035dad47708f49eea6a89840e62beea,2025-04-07 17:23:44 +0800
beb8712e9f0a23372d1a42c9e638bf5465724dcd,2025-04-07 12:24:56 +0800
f34455b2dafb7ce164b5f81db8b252a7b5cd1a7d,2025-04-02 09:43:00 +0200
4d8b927945a4f235c4a91b3fc7387fa7bf939c0d,2025-04-01 22:58:10 +0800
ede1ba972cf0458ca1dc00338b5feb5b0f617aa2,2025-04-01 11:53:36 +0800
64abf31a299a1aad02d4b6ead3fcf24a1cd73025,2025-04-01 11:49:35 +0800
5cfd1bf567f73a7ee6b6d9abe18f0d720be22162,2025-04-01 10:09:12 +0800
bdc08bc2ad62844f0a33fd43563b3b43e45e432c,2025-04-01 10:01:13 +0800
a12943df277e698a1621d33c245913365d031257,2025-03-18 19:26:02 -0700
149d0554efa86c340934a8134c191bb3c039943e,2025-03-08 16:41:33 +0800
606db747eae9856fed0aeb3f16ef01e7c9254e26,2025-02-18 09:41:17 +0800
b8082f61c87e1b9b6bcfbd367aa3911eefa5ba5b,2025-02-17 10:16:31 +0800
f3f6956969a1c4c3393dcba39a0daf7bbb18e067,2025-02-17 09:20:10 +0800
54bdc0d60b32830b513089167cee67f52f4735eb,2025-02-16 08:07:02 +0800
07de650ea03612fb9b81647c2a55fd538d0cda3a,2025-02-16 07:17:49 +0800
7855518e3245cac71ba71441859baeaa0b331a2c,2025-02-14 09:31:38 -0800
55d274bbb3f4dc119db6f454aff8ae4022f3a74a,2025-02-14 16:19:47 +0800
0df3caf530dacc41a48fa45f0ebfd8efedf81f95,2025-02-14 14:15:32 +0800
b71446f393718e0819e1c296dfa48302a019b99b,2025-02-14 09:54:03 +0800
a3e3668fbd1c5bb024a3ce793867248546f9ad75,2025-02-14 09:42:44 +0800
175e29407ece25fbb50d52afbcca384f2182e058,2025-02-13 20:41:21 +0100
6ee47c43e52a66c6ef75b993e16ad9224bab6570,2025-02-11 10:47:48 +0800
8508b52e1b4562f8a599735d639c2df8d56552a2,2025-02-11 10:12:43 +0800
3e8ca44adfcada68fb007408b4b67d5d93deb092,2025-02-06 13:21:07 -0800
1e2c6ef082b53742fa4d7a405f2ab952e6e3df88,2025-02-04 08:28:29 -0800
0748423e3228f7cf61d2e1f2ab11e354ed84c0df,2025-01-21 16:20:56 +0800
f419b8b6de4f2725aaff99683f63a3850264bd6a,2025-01-13 13:14:39 +0800
3732f4b33f919f58d299dc890f34dc4e42794354,2025-01-10 21:38:07 +0800
edb06724d2a30ed44edacabaa8f27ac903097814,2025-01-08 14:27:00 +0800
09bdf257746df8a5f6c9382482f2139561425d5f,2025-01-08 14:26:28 +0800
96c6dc01692208fcf1d4dfd8407b0407305e0144,2024-12-30 14:13:24 +0800
14f2ae55865b34bfa827334c2db67967ec8882b8,2024-12-30 14:12:28 +0800
b6607263910cf3850c510272c833675b852d9c6e,2024-12-20 15:40:46 +0800
e9b1949a9ab06a855482d4895fa492cb1557df84,2024-12-20 14:44:59 +0800
b372e9031e3f43adc831947332a6852680e750db,2024-12-02 09:09:27 +0800
d873ca4e0c775b0e61c3c63fd98bdfcb09d33d6d,2024-11-19 08:12:08 +0800
f119d07b8c9de85720e703f6ce886bd6defca8d4,2024-11-18 15:24:36 +0800
0df224099b2872d413307ea1d9dc7705b351b37f,2024-11-17 11:15:29 +0800
f3c3a92abbe13a879a4262a98b396d75062855f1,2024-11-17 08:13:01 +0800
8035796f97da1a506d35bb584df12ce6368a1da5,2024-11-17 08:12:02 +0800
c6f27f0240b8561501f2d2203473062a962b158d,2024-11-16 16:45:17 +0100
af8baa18ad9f5d079400f65d8f686a78bf93c393,2024-11-13 07:29:25 -0800
be499be2a274b08a19dea47acfa4fa587aa232bb,2024-11-13 09:13:51 +0100
0376bdce03257def64b95b787e466dac6a9de588,2024-11-13 09:12:29 +0100
f148f6334d8810f0fd0fe76cb9541d126a770fb1,2024-10-17 04:51:34 -0700
101f59254383f6e932b76b9c4624dc0a5e2e1a7a,2024-10-04 07:40:28 +0800
0229b5d7cfd93850f05a16f20172f0d39492672f,2024-09-25 09:32:45 +0800
222345f6339490a7d69992b97f71ce489fee1545,2024-09-16 05:43:09 +0800
47ef48e074df42705bc0bf14bac5b3cc05c5f0c3,2024-09-13 09:01:55 +0800
32115b6b88dac8723b64d81ee679341d178b4b20,2024-09-13 08:17:31 +0800
57f9e025d91fda3116df7d0e909cec0292d0bbf9,2024-09-13 06:39:52 +0800
d0adb60fb718b75f7935933952b5ccb7a5ff20c1,2024-09-12 15:18:00 +0800
1f1df813b9b4efd410925caadfa45cfb17b811ba,2024-09-03 08:19:09 +0800
42407f7f2eff82f168a172b1645389cf8dffeac1,2024-09-02 21:14:44 +0800
2bcf41c31f09e64dcd59edcf0e47d344d842c550,2024-09-02 10:29:45 +0800
9e25d312cb869c9a25d33ad939872ffdc123c68f,2024-08-31 09:14:15 +0800
a1a7c3a4a0caedb8502af2fbe3592be5cbc9ce56,2024-08-30 22:11:57 +0800
818b187d1f47b58efe10846da447e6f20f9d51db,2024-08-30 21:58:05 +0800
d107f66aa8b05119fb026952346c6ab34bc7b8e5,2024-08-29 07:08:53 +0800
4936d39d9c77cb0901d940dbb917adc216e4c1cf,2024-08-26 11:28:13 +0800
7c41204506122ed6904289f4814d4130274874aa,2024-08-21 06:57:15 +0800
f048e7a3b127cfa3a7e9761d589225f078d6712c,2024-08-18 15:56:40 +0200
a569a4932c1cd8e534f70ee75bd0c7b71a5ceb68,2024-08-17 23:40:44 +0800
8c7dea6503a635707e36f4392ddfc44d2ccb9b54,2024-08-16 03:43:31 -0700
999cd0f2ab14404be4d6c24e388456dbe56bb1a8,2024-07-31 11:16:58 +0800
7ab29e6a7a12921d87604744bc26ae85c8fde351,2024-07-29 17:10:19 +0800
56625245d53ce37525fc3f8eb4f3274beecf52eb,2024-07-29 14:33:02 +0800
e5c418e06e1cdba1c4681159c7266a43fa403cb1,2024-07-26 10:11:01 +0800
d92bd204ddc27e4a3b931c59136c1436364f5dd4,2024-07-26 10:09:25 +0800
4ca020a5f0805a748a1e8d983015e5221a534fd7,2024-07-21 05:48:11 +0800
15b106c7610f11dfc091c8f73c28d1666113c25f,2024-07-15 14:25:46 +0800
4d50a445553a3a5d4af3aed973ac64bcd4132789,2024-07-10 14:07:29 +0800
772b162e4a610918403e45fbb3ad358dd6a01ad3,2024-07-09 09:44:45 +0800
fb7138329ff2faaa3e10fb4f2028e2aaac28843e,2024-07-08 17:17:08 +0800
a164bcae6462f0f7078372cae3549d91989f7383,2024-07-06 09:12:13 +0800
123316beca36e15d6742121bc2a18805264c00b7,2024-07-03 08:04:59 +0800
243b085c7cff4fe8701ba818e6176ec9bc5937eb,2024-07-02 07:51:16 +0800
e96cf7e37cdf796c3a1dfc18f4ef66b0c72aba06,2024-06-28 12:09:55 +0800
d1cf1db77a870b328af9737e7ddfc953d3da6b4d,2024-06-26 17:37:11 +0200
0a5187865d2dd1d847e67e3b2601a447f42d41d9,2024-06-26 15:16:30 +0800
755988d69e390f87cc7d91326c9ac4ef504ae576,2024-06-25 23:55:27 -0700
759470502dc52c6f5c77fea0f02d2884c6b8ad82,2024-06-26 13:59:41 +0800
e200aa3c6eead0f59b816dbaea43e62ac5623677,2024-06-24 10:08:26 +0800
bb24a498d9381e35804eb8898bd7e09af252afe0,2024-06-24 10:01:18 +0800
af830607cdd9b9d3ddeee9c16502a215afb81ef7,2024-06-19 11:47:00 +0800
c2cfdf3cb61b0952adc36833190a6c5095441aba,2024-06-19 11:41:06 +0800
21060e419e023167e737b5a19eb78dab42b57081,2024-06-19 07:28:00 +0800
969367e525b7186de954041f948065ec1d45cdca,2024-06-18 16:06:56 +0800
d0b4ca6786d75d043f28a0eae7f35bde72b5fa73,2024-06-18 09:49:05 +0200
53807f0f11cf8b6476b85ffe19313d5598b32a90,2024-06-14 05:27:57 -0700
ba5debb88e425d390f095ff6901d129118b4981c,2024-06-14 05:27:32 -0700
c8e2e2831f410e522e0ee707c33b6780e981a9e5,2024-06-13 16:57:56 +0800
a95f6982c25bf1114c1a2262067e45b45f6d7102,2024-06-13 15:23:50 +0800
f9364947ae1e673fbebdb76a2a9d3a936bb23ee1,2024-06-13 14:23:49 +0800
f3c22b60cbcc8c8455be6f7bab727a50b33b5077,2024-06-13 07:41:06 +0800
ac2f8a2696dc0fe00734d417d95377a7b39ab94f,2024-06-12 10:32:57 -0700
88bcdc981f8daf42a1a011f0e2db72a134b86218,2024-06-12 23:08:31 +0800
7c9c42960ad85760fbf0a3d6b30f9faceb16948a,2024-06-12 16:13:40 +0800
bba0017fc3542f3c56d1b2dc61fb6524ecac5722,2024-06-12 15:15:38 +0800
02788e69175a2dd1944405f8bdee712d408b6f11,2024-06-12 09:06:32 +0200
43b5ccc5adb3ac2a0f96f22740e745c799095281,2024-06-11 07:41:10 +0800
fd2c7c6f632deb0130b9c8fc506a6b66ac02b341,2024-06-09 11:45:29 +0800
9656202f628e309ea2f14ea02b570cd3723b5bdc,2024-06-05 13:24:02 -0700
896137d6fbd005d6eaf000af2820f1746d5daf45,2024-06-05 07:57:32 -0700
f33d40dd35e473f1682d2d9fb61a994cbbe9ecdd,2024-06-05 09:54:19 +0800
5ee9ed14168be73f286b4cb0228521b2cc5c595f,2024-06-04 08:00:19 +0800
f67e370a993f49a42ab60119a128711f82ff0ad8,2024-06-03 11:13:24 +0800
94956e039f1ca24121fa2ca8deb4fc14c826e986,2024-06-03 11:12:16 +0800
d7b2df47452cc296a1b3c0b6a9d018d3dd3cc5e9,2024-05-31 11:45:50 +0800
15a5b49c4334598e983188e618b626aaea780bd8,2024-05-30 17:58:46 -0700
3c5123d0a7d18f29c929e28dfdc0123e4332a87d,2024-05-30 17:29:23 -0700
350b07e06b1db44d5422732172dbc038b0081dd0,2024-05-31 08:28:17 +0800
df823a2005a2e7d6c7a5bce6182bbe383d548222,2024-05-30 16:53:18 -0700
f6f1623353d697e4922cedacd5a9cb1539a731f8,2024-05-30 16:52:57 -0700
f78187ae6bdd2656e93a6dddefffbe26ddeeb211,2024-05-30 16:16:01 -0700
9b15963748966ab32a13e7fde0bff2fc6d4f386f,2024-05-30 15:22:26 -0700
728b8f665276ff086d3af16f83cb9925cc92ef23,2024-05-30 15:21:04 -0700
b8cc1fb10a45073ad38ca26b566f01afb3a31f99,2024-05-30 14:51:47 +0800
3ab57592dc274ffeffe9dbed085cc948cc0aa934,2024-05-30 14:10:34 +0800
5f73147a2803a5147d9d9ba2d28eaa6c79c998a3,2024-05-29 08:49:18 +0200
2970aef9d072566a06cf3fd9646e742192ffef97,2024-05-29 08:08:48 +0800
b934fa2fd85d46f47bc9559a6422cf8dbc8420a7,2024-05-29 08:06:45 +0800
f81dcea37d25a0da53206d533f11b75a8ea4982d,2024-05-27 15:34:04 +0800
2eb70b1f8216b2c6621d0e57cd491a2067824316,2024-05-26 11:23:04 +0800
45e4328ac5a39897d08fcac6fc5adfd05705293c,2024-05-25 20:22:52 +0800
e5300a0a2cbee6f50e20e24e79d1927d6500652a,2024-05-25 10:30:23 +0800
4d3c0e01127cf7b134fc0c76db90e2acf75a7678,2024-05-25 08:25:38 +0800
84fd25505abced9dbe5269f421899f8c6499787e,2024-05-24 19:07:00 +0800
0ef2f997ffda66dbc98fedaa21f99f0c4f5cb1be,2024-05-24 10:56:15 +0800
0982d888eb412f7a5117e32d4020916359b29749,2024-05-23 11:48:15 +0800
1d82b9278cc8916ca4410bd38f8fea50bfc41aaa,2024-05-22 11:23:51 +0200
4e00c8f29eff60cca463da54483ca9cf3e4adea9,2024-05-22 12:54:25 +0800
0b5b90ae08a767391dbf4935a92ffd62d907193d,2024-05-22 08:23:22 +0800
b20c48a7827c295cceb2aab9e1dfd72aae64abd3,2024-05-20 09:27:19 +0800
f8eb7a06a683e690e8a70b5bd72927e4df70aa51,2024-05-17 15:08:17 +0800
c2e8037baa5ad2beaab29c519a5a54a893d00585,2024-05-16 16:12:41 +0800
c1cac074fff6a49b62956acb90fdc1cefc2f7241,2024-05-16 15:56:42 +0800
2c625676871c82fded636a49a564546186eb8962,2024-05-16 15:16:35 +0800
e2e8f34aaef47c576bfbca356e2f7472195ae451,2024-05-16 15:10:26 +0800
8bad6ca0daf88e8dbec14d591e2cc93833227305,2024-05-16 14:03:53 +0800
be65a8abc9d7d0c8e64f5d5e16f0a75f1b6b94a3,2024-05-16 09:56:41 +0800
6ea81a6c0c7b7ca2598072a9e0fa41fb77e80aa3,2024-05-15 15:36:15 +0800
974540267b0f7191a0166772af2cb581bea240e0,2024-05-15 08:41:20 +0800
7c0e16b160eba2a4d6a39c50c67790e6a2588377,2024-05-12 09:31:05 +0800
8ea264b324305aca173844ecb141475dc072e953,2024-05-11 22:45:17 +0800
a51f94dbf015c69efad9fcc4b99a88efda443e3c,2024-05-11 20:39:44 +0800
d89dbc87f2995175876d445393f87b2b45569d04,2024-05-11 18:18:10 +0800
0f4dfcf91c8046651466c2882f12374527c39c5e,2024-05-11 10:55:14 +0800
431b6d51c3a8ccc82a8fc00c21961a7ede987e88,2024-05-11 10:46:37 +0800
4ed58ab00703072d29cf9e3c96d0dfb4ef4bbbd8,2024-05-10 19:24:04 +0800
bd3ad505c76e52b637fc18ab0b5135223a8a2546,2024-05-10 15:47:33 +0800
5b3cd8d580dcfb6feceac7fd6105ea023d0d11aa,2024-05-10 15:47:06 +0800
163046a161f54570d61194c42510437cd348acbd,2024-05-10 15:36:45 +0800
d2e0e5b65c7dacbb1fa73cd0d4d7669c9c34a731,2024-05-09 19:06:01 +0800
c87be5a79ee0baae74c29e372b3c3d1bf47bd79d,2024-05-09 19:03:54 +0800
82a7dd3064bafbdc5be5fedd2bb99b77b814f5cd,2024-05-09 12:00:25 +0200
f030b65185024d806e5e51f1c1e2f48036ebb270,2024-05-09 11:58:31 +0200
c2df54d0992c577d02cc8772e2b2f1e735cb9b2f,2024-05-09 11:58:02 +0200
f2fdb5b5f7bd9c1b7de416450d6251180b400c32,2024-05-09 14:29:23 +0800
d001e3241d6e66e26d10448923ccbd345a29ead4,2024-05-09 14:16:19 +0800
f66e9623145fd54ddca5f6f6a6e31a06f7944fda,2024-05-08 14:28:37 +0800
c20213228e76e78c018664ce3e2440ecc5741eb1,2024-05-08 13:17:46 +0800
c4fa8c20131fb5e52b7448ee6ee1491bf9e870fa,2024-05-07 19:33:26 +0800
1ae4be04e20eca4490b52da474d455a2414168b4,2024-05-07 07:46:57 +0800
de5a4f21fb0e03e5aaa13ee24987f5a990b8b011,2024-05-06 19:06:10 +0800
b4ffa20a1f39b16cb7a91cbf8524a9ba2acd935f,2024-05-06 16:03:16 +0800
5daf4a470b34e25fcdadbb0c2824ff42619aae2d,2024-05-06 15:36:06 +0800
b38b1717a7431d35f30439d2f47e4751be342357,2024-05-06 07:27:06 +0800
e5f7a45727673a69156bff0a0440b825c48be150,2024-05-06 07:22:21 +0800
ba7f988f7a27b80f8d607b44b155978763678713,2024-05-05 14:29:35 +0800
9b4599b0f4ab33c91548adb902ffc7d8dab3a76c,2024-05-04 20:42:47 +0200
eee9492f2d3d7983911c50f13f7589e845c80179,2024-05-03 09:58:27 +0200
c2defe2538de4ce88708eddcdc5f7fda8e5b499f,2024-05-01 07:53:55 +0800
09a38e5192bc487ce67c7b041bee7235f79b575c,2024-04-30 15:16:36 +0200
fe5bbfe6b12621cdb5b7433acf320c1e5f20b745,2024-04-30 15:15:46 +0200
3ed93a0342ccff8c30ea472d731a7b593b4d32b0,2024-04-29 16:08:29 +0800
d7328a5b9b8319af01aee8f846178531bbece109,2024-04-29 13:48:07 +0800
1d9e35dc1f27af8e615e16e5e4a8ef979382e013,2024-04-29 11:13:34 +0800
ad374501f4e06f8595a437c183d849b03938d093,2024-04-29 07:42:56 +0800
e4faf25724bc781757537d6cddd38291193c74b7,2024-04-28 15:02:48 -0700
459d440fa02170b757528311d41cf4a880f4ecb9,2024-04-28 15:40:23 +0800
e16ea8f8f3eecd4150f7a810e98c73142ff90eaf,2024-04-28 15:40:00 +0800
d52e9e1d9a61013d16da2979aa6603966870c03e,2024-04-28 10:17:02 +0800
99776d43e28a7aa49e5b3633824ed94d2cf1f7e0,2024-04-28 09:09:35 +0800
4362beb21500bdfeb1a73edde72b311f5d51a0d1,2024-04-24 16:05:29 +0800
01c91493b4d3425d5d0b28b40040948d343b5256,2024-04-24 08:30:47 +0800
b8129121533da7aad7bfd5b1d41ea95418825452,2024-04-23 18:38:03 +0800
9f202b0dee50e41bd78e53e6e06995eabb17a771,2024-04-22 11:28:13 +0200
55ffbd77d2447dda1ac96f34d7d38b1e9b684bdb,2024-04-22 16:50:09 +0800
945cfa138f2b64f258d5b53a98505264085500f0,2024-04-21 22:36:33 -0700
65b9d12853e5b2580bc0cdd2b6d927bfa5113250,2024-04-21 22:35:44 -0700
bd5218a3b790bfbe22d2d7c84765858352a49b04,2024-04-21 14:00:34 +0800
c618db24fde824d7417c550fd942e70cadf76d03,2024-04-21 10:31:38 +0800
f62a81dda4f1f782a3fc50067bbdffd5b6f438df,2024-04-20 08:13:58 +0800
2b25f45e083ae8c925b06498e02dabaf3f36eaee,2024-04-20 08:07:06 +0800
f6a1c01d456db0bca14a5cf8b027b15175b98cc8,2024-04-20 08:06:31 +0800
e2b5e1a2d0126ab506902dc0e35f4e816bd43eac,2024-04-19 12:23:03 +0200
beeaf1506333b31cb400f2f6fc88408a0e920b12,2024-04-19 10:45:00 +0200
f3800f11b007e2e17be6ee3bedde37c7406f05b7,2024-04-18 14:59:03 +0200
01fe9567a27fb3253792fb3ad401fd10bc1c1499,2024-04-18 14:58:40 +0200
cafc121b93859e861ccdb34a10706794af35b0e2,2024-04-18 11:48:18 +0800
1694d67713496a67efdf2e3e076cf798713346c8,2024-04-17 15:37:29 -0700
899bc36e70f71fa7bf3a8b256f903b4e3d81723e,2024-04-17 22:52:58 +0200
a9aae83096f44813961f2f656831c0ab50700164,2024-04-12 11:01:52 +0200
f37145e2e2bffa9926d19bb4ae6403581c09cbf1,2024-04-12 11:01:10 +0200
8516d0a0f1dbd352d3ef6455c2d41c94661ce1ce,2024-04-11 23:23:31 +0800
e6b415402861ff8d4965f48a656844a058d304fe,2024-04-11 22:04:22 +0800
8c17f71704cfe718b074a0e3fe384f7dfb52d116,2024-04-11 20:48:52 +0800
8a4f935c17f23d4d92bb7cb6e2116f353655a036,2024-04-11 18:13:54 +0800
73174354005194beeee6b31e4b4917677dedf483,2024-04-10 17:17:57 +0200
130f23fbed216c5ed78279886e2e01818eee05da,2024-04-10 16:02:44 +0200
ac904374936b755f9003c8fcc9cafb0fa3b5f376,2024-04-10 11:51:53 +0200
5ce9e62e9cfef0e3d3f810e47ccd055bf49dc4af,2024-04-09 20:02:01 +0800
da18c3cc73e00d6c5e76c7a7bd4470842559e70f,2024-04-09 19:21:19 +0800
8fd32b52f175e9b87be0367c94ac6dc9dcf2c119,2024-04-09 18:41:50 +0800
c70a1bfa5a5d96ab3440e4099af5f0e990a48b46,2024-04-09 17:36:29 +0800
3a898e4cfa1a1bfc5c3d69fab7654e44452f02ce,2024-04-09 16:53:37 +0800
75dcd6fa274d1f981be4a3593ea9d7c76c9e8cb2,2024-04-09 16:39:06 +0800
d0fdcf4fabeb0802bc9222acaa510a8dcfcb5050,2024-04-09 15:27:28 +0800
b24200245eada4bbb59b5ce24de3545bdd750a58,2024-04-09 14:48:03 +0800
15a38405bcd527cfcdd926ad356d0ea682a9a9be,2024-04-08 16:24:16 +0800
8ca4118d51989ad301bdc517c7552f05e6fdd4ee,2024-04-06 11:35:27 +0200
959572296cbb1e683dd504f82a78bc79a63a003b,2024-04-04 20:40:10 +0800
bee9b485e0b86f94fcdf5d96650162a9abbb25df,2024-04-04 08:10:42 +0800
07e3df9b3a054a0c699c9972872bce67a6fea80e,2024-04-03 09:56:10 +0800
5571779402c1cf2724bbd0422fed9e7b2decee81,2024-04-02 07:44:34 +0800
84274427802a8861638abc560844a3ddee739e47,2024-04-01 19:39:19 +0800
703aa1b97a55bd6b26a3703d929cfbef174729ab,2024-03-29 11:24:44 +0100
d3a0a0730718caccada03cc28deaeb322f847e49,2024-03-29 15:22:02 +0800
792dcbefb1bde3a3fe1e2ea53dace0429611ac7d,2024-03-27 10:47:26 +0100
15171e1904f7196d8e9f4116ab2aecdf582e0032,2024-03-22 08:51:40 +0800
726dc5215d5d14488338e0ec83e5d89b53fdb959,2024-03-22 08:51:19 +0800
37708ade69129db1ff05bfd82d1f4f5b75593053,2024-03-21 17:12:02 +0100
47bf54d5f281ec8b386f13b0b7300a07baf22f81,2024-03-21 14:28:29 +0100
5abb87f2705d8f4fc784cc2a27182e8022f384fc,2024-03-21 14:17:52 +0100
ca98a7e482987a3e6daaf9763c0794dde1753598,2024-03-21 11:01:50 +0100
382184e71a02c122c4eb88495d10b4895dc9578e,2024-03-18 07:40:44 +0100
ad06dfb2c0658d15a46e1837a669cc05702e5350,2024-03-18 11:03:42 +0800
bacd9ac44b79788123c1539f36f40f16de5777c3,2024-03-18 08:54:54 +0800
74e193c90e4956d1a51506e1aa83730510c23d2c,2024-03-15 11:13:21 +0100
298093553e2617dbd8c6d1dca241913854180bcf,2024-03-14 08:51:37 +0800
4a55cce848c7d782d3693a12f35b4016c13da66e,2024-03-05 15:42:14 +0800
b5b518182b7cea448273dbfad1e307460d782423,2024-03-04 08:13:05 -0800
34d85153f7387a5e1012f31d694ce8956eeed275,2024-03-03 20:08:41 -0800
48b7d1ebb1138074356da9790fb20f3219c887a4,2024-03-03 20:07:49 -0800
7576f224bcb1866fc2cadd48ccf51af4866e7bcd,2024-03-01 10:16:47 +0800
34bd4b38fa13f105608ae4e7b4c749124c271e1e,2024-02-21 07:39:28 -0800
a79a4e21e838d595e63b9e62b53951dd34a89c66,2024-02-21 12:09:09 +0800
e25c5487aeb4797bc4f86753428c4b5c319a4b25,2024-02-21 10:53:40 +0800
eb27e6ed3ccd1ee46f372ae6fd0a53ccea81908f,2024-02-20 10:14:12 -0800
978414fdbfaf440289caadc084d374abb4d46163,2024-02-20 10:14:03 -0800
ee56a953fe0f7ff5ea5ecc2c1afd57c5376ff780,2024-02-20 10:13:16 -0800
ef4ce1385f8f59fe81cb9f47d72777356a99969d,2024-02-20 10:11:12 -0800
745997e93ed91a45bb63d87be69685ecca91216b,2024-02-19 09:48:07 +0800
f5e4a983e48f90e40dad4115be43505d47434e0a,2024-02-11 17:20:14 -0800
bb9da9b8e1a215f2e7f575af68e867868d2eec88,2024-02-08 11:42:32 -0800
7bd91a7edc2b2aa1ebf8527db732a79872077b69,2024-02-08 10:55:35 +0100
6fd8778c7e4086c7fc409c5d2580f01dcd1613bc,2024-02-08 14:31:38 +0800
27377dcb53cb9f224a729ecee8b552afd3bca73b,2024-02-07 14:02:45 -0800
9c373f7e7b5b62d57dc5d295039229c2461ae518,2024-02-07 10:33:00 -0800
22097343ceed1312964ad077cdcd9fbd7e3e026b,2024-02-05 16:58:38 +0800
e1d72cf4ece2ac15e88cd025aa347125207ed8cc,2024-02-05 09:42:39 +0800
dc2bb1dfed38d7f9ad7a29fc92bd907e51af5b21,2024-02-01 14:49:07 +0800
1eceb5dd2180ab57e5b21be968206292bb825177,2024-01-29 20:19:44 +0800
7b1912f11c40978d6ee5920785dac69b0b85ea0b,2024-01-29 11:43:48 +0800
5b0aaf1acde6572e2db2c5883d11ea954158c593,2024-01-29 11:43:19 +0800
262be78a6127b285ca41a07c47aa9ddde227c8c6,2024-01-26 11:13:10 +0100
0b0504fed09fccfb4e71c19ea29d97b8bcb6a416,2024-01-24 10:59:24 +0800
92e41c14934cf2bd8eef470ad35f0f9660886737,2024-01-23 10:15:06 +0800
c3748dd0bba8d8534ecb443213c287cd9b8736b7,2024-01-18 16:04:06 +0800
113d40ac5057709b3e44b9281231456b4ef81065,2024-01-11 09:21:41 -0800
54168b5d6441f7cbe0b478867d8301a6eee0b891,2024-01-10 13:50:48 -0800
bdbb5ec4a69ef18db871f9ab2eb82b91cbb66099,2024-01-10 11:37:05 -0800
c40f756d1af87a5b4e7b20a9ea0f70c8d40b3f72,2024-01-08 21:50:53 -0800
af419cccba9a945b407018e2e2962a5680d38219,2024-01-08 18:26:05 +0800
13e7efaa971cd3613b065ac50836c5ee98985d13,2024-01-08 12:26:08 +0800
62ea072854d8de5b0dc363d3e63909bf6a7f2aea,2024-01-08 12:18:14 +0800
f2e85f796c2b96d4db2ca6303df2d9f245f8e212,2024-01-08 12:17:15 +0800
cc1c2e012f052d63f585be41c74beecbef71334d,2024-01-08 11:59:10 +0800
5fc3eefcb7ef4aebc5a09b4c4457fdcd08fc20f7,2024-01-08 11:50:06 +0800
24464ba428d9c93a18c3edf74be5c32759bdce1e,2024-01-08 11:43:07 +0800
787d9b23018d7b10e40a307032eeb0d3fc5287d0,2024-01-08 11:41:47 +0800
eb233b0e45623c9ff64387fde4428df57fff2344,2024-01-08 11:39:18 +0800
70e11c96f7a77035c4da4c01566c05b5f56bf9c6,2024-01-08 11:36:53 +0800
8b572341306ecc634a0f3f761c75b499e381947d,2024-01-08 11:36:26 +0800
381510e4591231775d761d0bb3bfc6b06eed2e94,2024-01-05 11:06:41 -0800
031069cf314f12427f62fa63a287535feb38c2ff,2024-01-05 11:05:44 -0800
f88f4378727a107a524c60812f12c5fa4076839b,2024-01-02 11:58:58 +0800
d189c20ba0a5a937c2a0e883db277aff00c31933,2024-01-02 10:10:15 +0800
5dc5f498acad1be2ed6a70502ec9e50475135946,2024-01-01 20:02:52 +0800
9dab13911c3b9c6917a3a19328250e343a5c212a,2023-12-29 10:08:51 +0800
1e3efa112b66aa597def7cc247a1ffa9e7732301,2023-12-25 10:32:46 +0800
bce832e389c7cc385f9f32cd79189e35965a0fb8,2023-12-22 09:13:00 -0800
6f5d75655066537ff51f6bb0b56831242ffe7363,2023-12-22 09:12:26 -0800
d370e09507827e16d2dc515e9939b4b41c4f7e34,2023-12-19 14:50:12 +0800
9aad0453f0f17f45ea673e82fb63762156315e8b,2023-12-13 08:37:09 -0800
5be03cfdfb4dbe4ad37bd2502fe514d9b347cd26,2023-12-11 14:21:29 +0800
a8d97f68099c74bb135ab91e0a388001800f8cf6,2023-12-08 11:28:44 +0800
be1749c3db4374b5a222b6f8312813da8433dc40,2023-12-06 21:49:32 -0800
11ccebbe6096cfbc65fd5b1e59dce43ac013a232,2023-12-07 08:58:05 +0800
a842f3e92cbe7c9a99f72567af19b8f7c4ce7e82,2023-12-04 11:46:02 +0800
2c2c583d6dce5942d97e8e1377ced5ace3db1000,2023-12-04 11:13:35 +0800
7a5f8912c8916dd0f07d1ff42881068f46c91c08,2023-12-04 10:47:00 +0800
b3662b7a235fea08c11c28a5381b497961916609,2023-12-04 10:44:34 +0800
c1b7f76d77267c0ac10e8a0e80a2890191aaae84,2023-12-04 09:55:00 +0800
c07e72aabd68abec18ac761e61aec289814390c4,2023-11-20 09:39:52 +0800
acde49c349b6856f25ab0b00ef50412b844182a0,2023-11-09 19:05:21 +0800
192f88bb470cdec1d731b99a0d85fb668cf3dec2,2023-11-06 17:41:52 +0800
bf9a5cf3ee457797542701f0f336bede227c7fbd,2023-11-01 22:36:26 +0800
61c03adab754d6c7763ba9330e2ce02866879a3b,2023-10-26 18:06:25 +0800
85d7bb3ecf14301f36a51225d5ecce42b614bc44,2023-10-26 15:50:56 +0800
230fc2634e791dd5cc2779b0b17e113578074f1b,2023-10-26 08:59:30 +0800
65dfa8a17340099a92aa6d5d8bb7d3bacbd67877,2023-10-23 11:17:59 +0800
a8a25a2cc6d0e316ea48f387580cf6d8d6c00dee,2023-10-23 11:11:49 +0800
342063a66e931848b22843857b08cf105c8bba4e,2023-10-23 10:50:10 +0800
b33a0c9571d82149edd807e05c49c01d486d60a3,2023-10-23 10:46:55 +0800
3221aa30924825cb4c1a5b00fb68dec44712946e,2023-10-18 15:49:00 +0800
907c273431a7d4bae7a7ee22bc03f366328a5dd5,2023-10-17 09:01:42 +0800
95320f41cacd148dbfa83a64960d1a05e43aa292,2023-09-20 17:55:12 +0800
abb5981676a870c2d3b17b62d5b96f3a3f4a4d55,2023-09-20 15:14:25 +0800
50e30db96ab411135202d5da56e2f7e171d32193,2023-09-18 10:15:24 +0800
9156276f86f050c15409833d05d85ce823dff28c,2023-09-15 09:49:55 +0800
056fe7b554bb66279c373df346495fa37d781584,2023-09-12 14:43:30 +0800
1942cac687cfa0fbf1ededd9a2551108dd03a38b,2023-09-12 08:05:54 +0200
e8da8eb6cb7c8ef52336a51d4f7348ae07986c26,2023-09-11 09:38:15 +0800
09aec9ca520af7164fe5de378413e63d0c3889f9,2023-09-08 09:48:23 -0700
1666d820a3d98ee6702e39c7cb0ebe51b1fdfd32,2023-08-31 22:20:10 -0700
104f3163f84e4033577938e629fec98b734ad777,2023-09-01 12:16:34 +0800
64bc9878c67771efd90dba41bc5d743293f3ac48,2023-08-31 10:17:27 +0800
2e8be78ab8ac1011646e40b3e4bb299fd5b3ff1e,2023-08-30 13:24:16 +0800
84a80f5998363aff10b8f294c2b639aa80f334e2,2023-08-29 16:37:44 +0800
69f27b71c6a6ef051b5aba718cca0c209e9e17db,2023-08-29 14:59:27 +0800
269374fe5318a435c0591cc462af63ead61f3f8c,2023-08-29 14:53:29 +0800
0b0fe0bb42b535c9b447b6ed95b961899832f76b,2023-08-29 14:52:16 +0800
da1d8eb7c0626850bb921f770a4c880bfdc0a0f2,2023-08-29 14:51:16 +0800
5a47c1d3a0d4357272776c3131bac896e60be5fa,2023-08-28 21:39:21 +0800
ba3127447630315c97594822b1510ecd509f7671,2023-08-27 09:22:54 +0800
5b5c05331757e7356579076970e61f119f5d34ae,2023-08-21 11:10:08 +0800
f30ff4f2ad4778f1f73b29872e2a95adb22ca116,2023-08-14 09:36:05 +0800
ad0ed213c0d3abf971441c7160334af99d94159c,2023-08-14 08:49:27 +0800
3bf08fef12979bf3cff49ee953899f26c6281ad9,2023-07-21 10:33:46 +0800
58765b0bb17b190eeaf5f16e34eb0bd24c1309d5,2023-07-14 16:21:19 +0800
843df32d2bad9b380a7026a367b98708aafdcb5f,2023-07-13 20:39:10 +0800
d85e99057bbc99deb083f91ebfc27d817079484b,2023-07-13 08:15:20 +0200
4ebb34e77ede31f619d7d5d7e887b48ed4b08f60,2023-07-12 10:28:04 +0800
c967299dec5a29da3544bdb77ecc0fd295d09eb6,2023-07-10 10:30:19 +0800
528f373aac0afd5bfe71baa2922cbeab4fedf4ac,2023-07-10 10:29:19 +0800
fb0d3d6faab3f9703c7f63b280f1f9c2e18f966d,2023-07-07 15:14:24 +0800
a99f2e1a43b5d03b8e3aecd0dade9db2cf894b9e,2023-07-05 10:49:20 +0800
52e780f326c6cb5f303b51aa6ab5363c8e94b074,2023-07-03 11:06:28 +0800
9eb14b07546db66417b7472a011ef44b1c7e54ef,2023-07-02 18:49:21 +0800
1fbf791ae891ca9f696f52596f03b5bccd6a8630,2023-07-01 11:16:53 +0800
147b5bf846189584d6a9b4e20ac9a73e6e617255,2023-06-26 09:09:21 +0800
8a76703ee44b1f5af9eaedd68a53368dbf5855f0,2023-06-25 17:58:57 +0200
23c83a341f352a59081eef1010c50f19d85292ca,2023-06-22 13:57:18 +0800
ffc8e8bec19e54dc76710c3de133401248f243d6,2023-06-21 11:09:39 +0800
e188ed82d39705132a2b4848a240dc60c50cd72b,2023-06-20 11:33:49 +0800
5ca8d83aedf3f300c029eda3ec0f64bbffbbee8d,2023-06-20 09:11:30 +0800
8085f66ecefbc6159ba3e8cc2fc04ac5dcd56d72,2023-06-20 09:10:41 +0800
5e9fdc2f81a7add645bba43f90ef630dffc1993f,2023-06-19 13:40:50 +0200
2baee3629f8d0bde1ae66fb3cade2ed0326a1d88,2023-06-19 17:06:25 +0800
bf06642c820f84978aaaf8e162d7a6e0a992c402,2023-06-19 15:08:31 +0800
eff38e45e317b90eb1cd456bd5d5629dedc1fd5f,2023-06-19 15:07:05 +0800
945df0ce3978f1dc64b4ffe7e44bc2f659866f9b,2023-06-19 11:12:19 +0800
1809e69c6d4eeced49e76b76e979e9da96942231,2023-06-19 10:19:15 +0800
b062e9ed7e9fe0b0413b1f330f74a4860f0ba19a,2023-06-16 10:41:13 +0800
c8c593ee6d3e1f8970bc90b4b6785ff405c81cc4,2023-06-13 14:30:42 +0800
7f64246ad38981126cc8dd929ff448805a738b8f,2023-06-07 12:03:00 -0700
50bf016ecdcfe41602d2f99595334ee2c994e571,2023-06-06 08:35:38 +0200
f8d81f7eb861235d5516f7781f6eac70702b3c69,2023-05-31 13:43:20 +0200
808b909edf597254aea212c287fe17fb6d808198,2023-05-31 12:10:13 +0800
e93a7f1f9b2cfaa171e46a21b8e347c9fd3b0921,2023-05-31 12:04:54 +0800
575a81c79e90e256e919287ef9762bc14d15789a,2023-05-24 17:18:01 -0700
c924cfeb509c4e65e33a82ae88ad423017edb669,2023-05-22 12:21:46 -0700
a122b6b9ec21fe92e389fae42236b7daef84cb52,2023-05-19 09:40:49 +0800
8309b1895c240a7fba8719cacf551b2cc4abda42,2023-05-15 21:56:35 +0800
5beb8948baa0f287e597ff2a29ec672ac2cb1220,2023-05-12 19:07:24 +0800
551b2d5117672aecb3f41def6d98e7055f00bb91,2023-05-10 11:05:27 +0800
3b99af9aac86834339d066631d128723c7f2668e,2023-05-10 10:45:47 +0800
53c3e2a79c1a6529aca71aaba7b539b525c57433,2023-05-10 10:37:34 +0800
1fead36861a62fa052330edc5b3026ce3626f6b1,2023-05-10 10:34:01 +0800
b37403f978b5e0219146f11c898d05d91680a317,2023-05-09 14:02:17 +0800
bbea67b09566002b9393a8b8f256988ea9755cc1,2023-05-04 09:00:22 +0200
16282e71dfa88c5b29356a263a2a78669329bdb5,2023-05-04 11:47:03 +0800
93fc91742d532815ea12e125c49bcdcf899fd912,2023-05-04 11:43:47 +0800
fffcca08bd1829b968b66439029b8e4f57f1e49e,2023-05-04 11:43:17 +0800
efd3457d6e1b585b2439782687b75c153f8497b4,2023-05-03 09:57:32 +0800
73e7bb402dc7b59fd60ea9fb6b4aeb101e8c3f19,2023-05-02 08:40:17 +0200
6f1b2b0bc14a7e175c062a003086dd20a5b29bb3,2023-05-02 13:08:33 +0800
c765aea600fde1a8ac7cb8a53a1157a372026894,2023-04-27 13:38:50 +0800
3a9fe1b2874dd238766569895175ce2e9cabcabf,2023-04-26 13:54:24 +0800
2364621870bfe8365c3166b00926c6ab9fc92c5d,2023-04-25 07:17:26 +0800
2645ab90f5b27b539b551266d3ee3a0765d68d90,2023-04-23 20:30:07 +0800
cad143637547a556a25bab4950c78e630e9b38f8,2023-04-22 10:25:27 +0800
ca33b31d3918d04bee63fba54b81b531709a6536,2023-04-22 10:23:52 +0800
b088df620a154ca0f01d729212686ed6852d157d,2023-04-20 09:31:10 +0800
94e15b3dc0286de1dda1bd3989fd8b9de12e8d05,2023-04-17 11:28:47 +0800
df4492012cc03682534cbc8dd68dd81163b0c947,2023-04-14 14:22:12 +0200
35e9da9b55b5d44459d3421e8704be47afc6f914,2023-04-13 21:34:38 +0800
912896deb2e748389e15e74c37539b2ff36302c7,2023-04-12 07:37:52 -0700
f5455f01584b1b0a592f020eed49d3cb774da0a9,2023-04-11 00:08:50 +0800
ceba60565cf7cb438e9be4ab7416a2808b9168a1,2023-04-10 09:23:27 +0800
f1657eaf4cbe7257a729ab784ddf2b002e989300,2023-04-07 18:33:19 +0800
04e572b9bccd1502c0f2c4a87f23d760d4d0d9b5,2023-04-07 15:08:42 +0800
a6387d191f28a59af72f6613b633d6898980a0b0,2023-04-03 10:01:22 +0200
0171a408e21a51eb74e18a07df1b0ea71b7638ff,2023-03-29 17:42:05 +0800
164417afc2474cbf4ba51e7cb57206b0eeb7d424,2023-03-29 09:44:45 +0800
e440132802ad883216453642820e407db00baed3,2023-03-28 11:02:33 +0200
ee1424456bd8b9b2d70157ee4f2d518605482075,2023-03-27 09:05:03 -0700
cbd634dbe0c894474a934fab6d8711588ad94114,2023-03-27 09:27:15 +0200
8dede5933265cc666c795a124b7b5d449f94db80,2023-03-26 10:27:46 +0200
5deadcc2411d225e5bdf5dfbf25469fef6adb3b0,2023-03-26 11:11:20 +0800
e3bfd80653d9837cd916045958137ceb76a09f5e,2023-03-24 08:59:00 +0800
97e3bb1962ad253c683494a7f5c362a4f974511f,2023-03-21 08:03:28 -0700
9fe07bb1fdba0b9a8f26b79e547e23c99d4b7be7,2023-03-21 15:48:15 +0800
e3c24ae1381c6fb20b0e4580ce0f3962fd1a856f,2023-03-21 12:04:39 +0800
b3aca10deacf71cdca49c9939d54e8efbdaa58ef,2023-03-20 10:59:18 -0700
234b817cdb4e054887ffd5e42eaed25dc02daf63,2023-03-20 10:38:11 -0700
e19cb9d822c316a13cbf015fd4a627fce44172be,2023-03-20 09:42:57 -0700
dda42a3a33546907a63cd6efa1f89aa3ddcb6717,2023-03-20 09:39:56 -0700
c3e5bfe431c1d0c6b0dba6d56b6b1b19dec0ecdd,2023-03-17 10:02:14 +0100
a633ec4bd8d69dc991148099ce4dbb6fc802ca88,2023-03-16 11:56:34 +0100
ed542b963621907361ee518ea5fc3c27cb3aa41c,2023-03-16 12:21:28 +0800
2fad33bfcf24a72f7fdf103969ed4b0aa26778a2,2023-03-16 11:28:48 +0800
8aee66a2f767f346265be7391d887254923e1ab4,2023-03-15 21:43:13 +0800
915deb035b618a50915e438be2c2a0bc08a10323,2023-03-15 15:58:24 +0800
0fa39b6236fb20f5ff527d62300e0988ca9c5836,2023-03-15 08:56:32 +0800
ea04926a0a6fd4b6ac96e0f4d8d75fdacb14beab,2023-03-15 07:06:54 +0800
8ea5590e78eea980306fb633e791aa8887a38581,2023-03-14 14:45:36 +0100
5542afe6b642e4af8896a6219814533221ee09b9,2023-03-14 14:54:17 +0800
0bc178513405d274f6b7469e3a26ff15bc903083,2023-03-14 14:10:36 +0800
ebf3108d54774f01934ba1c5bfb177dc94c8169d,2023-03-13 12:38:35 -0700
caea6c94517b1923904d8547a7ec25dd8a307fe2,2023-03-13 12:38:13 -0700
1a8d84251b0f7bf00db66412926edc43203c91b3,2023-03-13 14:25:24 +0100
263d8cc32ea26cd5074e7fdafb06f79260ce4439,2023-03-13 15:44:38 +0800
06c3cabde7e311666837598c2b8ebd1a8aa00efc,2023-03-13 09:16:57 +0800
cd43c91addb252f139cc207fe10adbb9344f9590,2023-03-10 08:30:29 -0800
3a488150e939b2980bbe2169a6c83f4f570d5e6a,2023-03-10 08:30:04 -0800
0a21dd53877ca284d907856cf51f590fdc1ace46,2023-03-10 08:26:09 -0800
caddb6ee5bbf1823dfa6cae6cb419159f7327aa6,2023-03-10 11:14:24 +0800
f9313195f017ce47f3cb1900d4db6ad8b261ad7e,2023-03-07 09:50:29 -0800
09365dfdd8aa20c603d7a134d7333b907ce50d24,2023-03-07 09:50:00 -0800
57031323166bd55004aaf50e3f46611dbb7eacf7,2023-03-07 08:07:06 -0800
d6748f915d4801e90f001bc09d65918df85b305f,2023-03-07 11:55:41 +0800
08c3138aeb7532a6b0582af12080253707c8ce29,2023-03-07 08:16:36 +0800
73c5a0e0111754690e5cd74fb030ee64a2f829d9,2023-03-06 06:35:11 -0800
1bd1745742ce920a6bc015e086b78cc1aaec6357,2023-03-06 12:26:58 +0100
bf5a6aabb69d4898a261480a867b0a15416a6b88,2023-03-06 16:55:54 +0800
3844bf128cbd07ffd0f77eb8ec9dcedc163a839b,2023-03-06 15:02:44 +0800
3199fbe4d60cc392f58850e8a572d0211c296d9d,2023-03-06 15:01:56 +0800
128c52eeffeb0d009aedc3b92e8bd30852332a09,2023-03-06 09:02:57 +0800
dfde3d6836094cc39d8a3603cb268ca0f633350b,2023-03-05 09:43:37 -0800
b4112dfdbf29c16da89d914d44faaa8c821723a8,2023-03-04 08:26:38 -0800
20aad8006e7bb21f034dfe61bc68a38968428d1e,2023-03-02 07:52:10 -0800
227b166018242d26a5299b6ed338e12632ebe780,2023-03-02 09:14:48 +0800
7852db60591aefae9ae170ec4990bcb3de59f574,2023-03-01 13:15:08 -0800
3dcd8d58692a55a3c95184d4692d5d4f2e65c11b,2023-03-01 19:01:34 +0800
73294ce00f039151f484dccf5c3d03114c852c73,2023-03-01 17:34:27 +0800
a96317e3537abff1d5759356ee27fc1044740f44,2023-02-28 17:54:01 -0800
fbd18aeecaf8089c4a15676fea0dff3b32615293,2023-02-28 17:52:40 -0800
b70d128ad00b99d9e9771d20e4a50bc3b129a00f,2023-02-28 17:47:44 -0800
6d003367280b0a761d02dbfc8c8d6ab8b6637e73,2023-02-28 16:06:07 +0800
0ca4fe26978c231c81796f4cfd52ae8fa3b2fc29,2023-02-27 16:47:19 -0800
ade30bda1996df747a2fe48948ec1a53413ae3a3,2023-02-27 16:46:51 -0800
e0ee70826974dd02c24133565bb1d81c30a753f1,2023-02-27 16:46:36 -0800
284cf9611a2e569616a7ecca30fd93fd90af721f,2023-02-27 12:30:10 -0800
c389b96f12cd8dbcb654acc84234afe3f981f698,2023-02-27 11:02:17 -0800
6f09c60d2c29cdce3be7f784b0f1f7cfd7860e70,2023-02-27 19:20:47 +0800
1e028534855a4dc83a74432f9de9a062c94c9984,2023-02-27 16:00:13 +0800
1f8de8ffa2e63bb748b096c1427f58e6b07e5c5c,2023-02-26 20:44:34 -0800
f65b72d54bff677adb273c509d84ada7f93727a9,2023-02-26 20:41:28 -0800
08ef6491a61cc3fbc3d055eb56b75eb221f986ec,2023-02-27 12:02:38 +0800
7f263fa8f41924ef0996f84beffdf008480075d8,2023-02-26 17:00:02 -0800
8d922634c71ac96daeb2fa7db7692424895df722,2023-02-26 11:10:52 -0800
80d3aac30f69d2a10f06dca4f9c2a62b8d01220a,2023-02-22 10:10:57 +0800
58cdd499c6b398f4bc5f94c66d4e139a6a1a00b0,2023-02-22 09:19:52 +0800
9ff295443097cc85903d8d9f0319ec582fb601bf,2023-02-22 09:08:19 +0800
c295f1880f6c9c18ceb9bc985db9c88e636b9171,2023-02-21 12:52:03 -0800
5fced0d4346f851b5698f1bdd3f7a06ee62a7fcb,2023-02-21 09:53:40 -0800
6b6ea7620157b600ded505b38dec472da824fe17,2023-02-21 09:52:54 -0800
e0fd93a4bc248e438fabcc06255d885b8a21e4f2,2023-02-21 11:27:55 +0800
13ccc4caf8ad80e84279e88edae0e71b8a555e09,2023-02-21 09:10:06 +0800
5726e8f1c03a6687c74678004f069c093eb0c94e,2023-02-20 16:43:23 +0800
10daf4cd4d3ccf6b74b98609e321b5fe58bd1fe2,2023-02-20 09:44:59 +0800
2381d9b65a37b6e58ffc9c7be2aba35fd37874b7,2023-02-17 15:09:36 +0800
7f8c31bdad3bf7261e795feafd7f969f871baa82,2023-02-17 10:12:49 +0800
1162512fd8929266a0b38b4929d105698d3fd446,2023-02-16 11:40:29 +0800
c217385ea4a50fc3721b4750f5625fbc7355e853,2023-02-16 11:39:20 +0800
d6d9212a64a6c9dabd69a646082718929c43b4f9,2023-02-15 15:15:11 +0800
6489a7d4193ca96379578a8c82b14e780154c6ef,2023-02-15 15:13:39 +0800
b9a82c54c75108662d35c7bfef075e8e971cb2f7,2023-02-13 12:02:51 +0800
591ceb971a7eda7ce5252f88c5cf694f3f4c30b2,2023-02-11 09:20:52 +0800
cec8267682202dfb77342db4366fef07ad7632d6,2023-02-10 17:26:34 +0800
3068b2ae923e9122af562248ce23c9c051622e35,2023-02-10 09:22:28 +0100
7303cf1af3ae66aace8fd795dc1c5a8695224c7e,2023-02-10 09:00:54 +0100
b85ac48e8b61748300206646ab9dd1fc16ed1616,2023-02-09 15:30:52 +0800
4ca4b4e4845ec1a3d5b17c96c99e97a62b5ec6c7,2023-02-09 11:22:30 +0800
61c553b9a892612721c1f2c508a3660b9707cfcf,2023-02-09 11:15:58 +0800
700d45f43566f49299f70b7d2c64e05bfd05b25a,2023-02-08 15:15:54 +0800
af82d14cb1da6a97b563b80e80b5d2fe462e2c4f,2023-02-08 14:53:11 +0800
02e64a4b97e03afc9993ab227f82a5956965c03f,2023-02-04 06:53:08 +0100
901f76ce4c4f9f771363424dbb60da4d590ad122,2023-02-03 10:34:41 +0800
f6a7c0617c9c5b566671234c98fa84e43655631b,2023-02-03 10:32:28 +0800
accaa6966f17cb9bf6c7d74de3deac49b758c01b,2023-02-01 17:39:54 +0800
c7cc668230b7a2d5f114f37709d01a1449caea12,2023-01-30 09:01:08 +0100
dbf682d76c368c9a805a1689cfc134e3f78ac9c0,2023-01-29 09:19:13 +0800
a2b0709627f642c16bc13e370394095ad3c58532,2023-01-28 17:39:49 +0800
8ea223418330b55ccb890a223aa166f5c2ad8372,2023-01-28 16:18:05 +0800
e7636086ed0ad8615fd30807da1ea740ed400756,2023-01-28 16:15:39 +0800
7b5b6b240ca7551da266903078f2dd2ba2906b96,2023-01-17 10:40:40 +0100
9e8cda30d4e63371ff9ae12e64189aee47ad8000,2023-01-11 09:43:17 +0100
2536a580dd60442d4846be4c7fe6779ee3786500,2023-01-11 09:23:26 +0100
b5f85e0d1d17c5e29ac7b378f93a3558ed843eaa,2023-01-11 09:21:57 +0100
4fd5f814ddac4a1c6c11f31256a942871b00e3d0,2023-01-11 15:49:04 +0800
49ca9fe3b13d0b4f82579e5023d98928a4f4bb74,2023-01-11 15:34:51 +0800
c64dbcd305df4bd2cdd33cc7c7cf8831a0a10aaa,2023-01-11 15:08:12 +0800
ce229a4ce078c9541f80df2bc5021c007efdbfff,2023-01-11 09:36:46 +0800
05378442f776febf9f8ef49f10779a9e39438bd5,2023-01-05 09:29:17 +0100
03ba1883df998ce6848200d11fd141fb801d9382,2023-01-05 09:23:23 +0100
405e72acf42bb1104296447ea8840d805094c787,2022-12-27 20:47:53 +0800
032aef7e75f6b3487a6611a2b8af8306b9a3f7bb,2022-12-22 13:22:26 -0800
1ce1bedfbfe645ff39b611bd92ae07dce5ae59c5,2022-12-22 18:08:05 +0100
c31e3997ba012d4860bb8150952d17b2a4cae482,2022-12-22 16:35:27 +0800
700c5281e8e74dbbe2660eb9fea1b52c1e035400,2022-12-22 16:35:09 +0800
5194c5bbd62783dfb6f0b9c3a521194b4092e670,2022-12-22 16:34:37 +0800
dd80e967e7d3dc6873231a7bc04feaba83be54c3,2022-12-22 09:48:52 +0800
44edbd10b79f6d573d147758a84007d9499e30fe,2022-12-14 10:50:21 +0800
c67dfb973333d7a02730e472216b78b300fe27e7,2022-12-13 10:24:25 +0800
004dfa86bf9dad829088472f7df838ebd63c63af,2022-12-11 20:36:21 +0800
4e37cf68d1af0ad6754720a34db958a3d8ee4f0e,2022-12-11 20:35:50 +0800
a71c7a7e681e9908c04245d3d719d8f1c0a79176,2022-12-07 19:48:50 +0800
a19d849a370d0b3eed73bb90f329b47f00730146,2022-12-07 10:30:17 +0100
5a38080ccfd4be051d5c276283e0f24c21ef938d,2022-12-07 08:52:08 +0100
4574ba02333308ad648c9b78963a381ad83ea564,2022-12-07 08:50:09 +0100
eda9c4284d434cdc4d94637f6257a1c6bf179745,2022-12-07 11:00:01 +0800
394ff12dc180c351227f28ce31031e74b96f4352,2022-12-07 10:20:05 +0800
e13ff85234dc9b78e0d9897b483b0db0e1209595,2022-12-06 15:22:22 +0800
7ae5a04a83984f1731781c7892613e8932d2f62e,2022-12-06 15:21:21 +0800
9d8b922708162549f2977c75fc9b63a0712bffce,2022-12-05 11:07:58 +0800
542926c1637c2dc295d4ccea16d9e266d1328cf4,2022-12-05 09:43:13 +0800
324b8d43ab47f1a9bf681abaa8ab486c00d331a5,2022-12-04 19:32:11 +0800
f186d2a0a2e8149672c44aa1eb51b863b0d31395,2022-12-04 19:31:46 +0800
ac7e9092aebe9fc7e7e16832ae3fc1d2bbd91fc4,2022-12-02 08:19:22 +0800
01232c94c91759a175345e8c055951e5cc6091dd,2022-11-30 09:34:43 +0800
8fce024989ea0427877cb8981fcb94f7afadc3c7,2022-11-29 08:07:12 +0100
25f03a046b65b1f3db61bf8d23b5611fea3f33fb,2022-11-29 08:05:18 +0100
109688c1b460621d636d601580a407b721ca282a,2022-11-27 21:35:40 +0800
dd8ba477ee1f7b376869777ecf37463e8d2edec5,2022-11-25 12:28:08 +0100
aa6d3f9efe75d52008f4624df89444c5461863de,2022-11-25 11:17:06 +0100
381af55b698c2c6e2ba691f43864434af7568fdd,2022-11-25 14:27:44 +0800
145ab158944fc28c1b4c3aaa5067d87e846d1fcb,2022-11-25 14:27:15 +0800
c2e59e14115d1e1b67e0fcbad4d44ee904be27cf,2022-11-25 13:23:08 +0800
7d44414484450dd73d2b1ef067c135284950dbf5,2022-11-25 13:07:10 +0800
221cba4ed32980e6e3109e9b9cca7e380b64ee65,2022-11-24 10:53:12 +0800
948d94fb652d33e714eea39820a8fbf64080b261,2022-11-24 10:51:03 +0800
034e8997ab43850d2968d8780abf9bb6e57dabd5,2022-11-21 15:47:17 +0800
696919cccb2a4d030dab8e7d91e4b72f9a69d302,2022-11-18 16:16:22 +0800
a3401a2139a554a8fbe52c8a398eeb4e51a8dad1,2022-11-17 14:20:38 +0100
e4ef0ef7f4f989e46f854c92ac7684325f050a60,2022-11-15 16:48:32 +0800
fbad323775f72ae2e8154892b489801305860bb1,2022-11-15 16:29:14 +0800
17dbd5029611de4a9554828272613c1698204e1d,2022-11-15 09:53:27 +0800
0f37dd8756ef357081e8b2e6ff0e1475721b79a3,2022-11-14 10:50:15 +0800
0d2fbe434ec2412a166103ebf7fe9c28ecfc48f6,2022-11-14 09:27:55 +0800
f8b9e1886d1f6a806150e450cc525933f6c9063f,2022-11-14 09:24:16 +0800
a9d40822afd48e5e84988e0a41b6140923fb304d,2022-11-12 18:32:43 +0100
830116280ff6fb04ef330a1f01e0a009060ae507,2022-11-09 17:19:05 +0100
94f247c5a3f042fa45823c0bb2eee3c688ff82a5,2022-11-09 15:59:25 +0800
74e9ef4d732622fba6cf023cc26ce9a07e066af0,2022-11-09 09:09:26 +0800
8357e4b00f0b2244dbe7648302dd02d930e5ecb7,2022-11-09 09:08:59 +0800
43bdfb35317d9a69840d17df94c5c801a4cbba62,2022-11-07 13:48:58 +0800
860d40d58ca0eea1eaca2ddb81b43cb80447ae73,2022-11-04 15:00:41 +0800
5724bc8434a4d6903487221d39713f39a4bcb6b4,2022-11-03 10:04:43 +0100
396ec12dc747fc21105d65f13d2dedace247d1a2,2022-11-02 10:42:51 -0700
b82e2247e67d6a2b3f2f8cb76bc2b0a7c733b5c5,2022-11-02 10:31:02 -0700
2c5d98ebbe1ff8e935c4efd29aa92f37341452ec,2022-11-02 10:30:51 -0700
9843ad62c95cc6d975da8a0be9bccc8e2850bf3f,2022-11-02 08:40:58 -0700
6e7ff78e7c24d71a17508144354f244c96150a69,2022-11-02 07:22:13 +0800
e6722848e0a599f215e68e1340196c9dfe8e906e,2022-11-01 11:19:05 -0700
faaf041ac5422ab1d4e46c123084202f48ea6aa8,2022-11-02 00:24:35 +0800
02be9d2ee28cd7c4a1895fc8494db96381484a20,2022-10-31 21:05:42 -0700
96b2446b3521f83932239df64d546819519df566,2022-10-31 14:42:30 -0700
9efd606d1cf1a2f4573606335490548f59b083c2,2022-10-31 14:01:37 -0700
75a293b77ccc878036318a8a2d50ac8f9ed9dcc5,2022-10-31 14:00:10 -0700
ca922fed05dc0d4cb11e936f61c400fe967eab7f,2022-10-31 10:17:53 +0800
8ac28db16118e5415c041f8da8cca73777971ce6,2022-10-29 12:12:31 +0200
ef31c7a37415c063b2f485f63198ec28e8f9f0fa,2022-10-27 15:06:26 +0800
ace4f8a4a3ff271148ce2fa608e8a553759db17d,2022-10-27 15:05:41 +0800
5a9fb5ff44cfd710f2d60e0978e774d08455713f,2022-10-27 14:36:39 +0800
520c3e441996f58a31351692b472f8189e26aa21,2022-10-27 12:36:16 +0800
4c79215af5ec02bd99729f4964d87e70755bcc67,2022-10-27 10:01:52 +0800
b7af1e9240d1430366c05de11963d41d91885064,2022-10-27 09:50:27 +0800
e50cf06ce208989c3c295a518f3e0a2da8e5abc9,2022-10-27 09:33:59 +0800
da4583e9390352d3414cc1b954591926034431bb,2022-10-26 22:43:12 +0800
3a4af4a806821eb6a4040458332bb8e98b1cb4eb,2022-10-26 14:47:08 +0800
e169cbd3f5785d107beff115056ce2068e0e45ba,2022-10-26 12:04:31 +0800
1704ca43d6be0a49c7a311e9c42cd696f76c59ff,2022-10-26 10:52:43 +0800
ec79daa6c7c55ce0f1f50a8231aea18b80787937,2022-10-25 08:25:47 -0700
a58f11ff13b7690fbb1e7da92be4b65cded5d4bf,2022-10-25 10:20:30 +0200
c97b57635bb65551ebf149ba458a73a056129bb9,2022-10-25 11:28:29 +0800
cfc6b9770f2189b17ac9ce61c763b4ce6a2d7e55,2022-10-25 09:49:44 +0800
9d17efa431f1fbc5a4ffab15cb9dfc3394d543c3,2022-10-24 15:50:56 +0200
1966512a2168c27a07836c935821b9aa9974e9bd,2022-10-24 13:00:06 +0800
c76e549fc93efb290adac9f7e295f44145772670,2022-10-24 09:53:27 +0800
d5e86038d88d176ee4afb99d73ba84e9d696bec9,2022-10-23 20:22:34 +0800
dff6d03a59b293019a3c1144515e6f931986f82f,2022-10-20 13:24:21 -0700
16a4365d7dcaafb2b0fc5ae6d43b4bee0af78b98,2022-10-20 17:12:03 +0200
255416a8552f34e5fd50231bbeed77e0945b63e3,2022-10-20 08:36:09 +0800
3083412b1ce8baa9ae03ecdef4f80bad72478657,2022-10-20 08:34:33 +0800
dbec4e91eca20566a4db1673e9db1d728f659960,2022-10-19 14:30:48 +0800
2e1a2f0acd56e7f327e7fddd17d8a39d8f8fdbdf,2022-10-19 14:30:05 +0800
5c6e78f5f477673338df09309b3b1f95c75458dd,2022-10-19 08:51:44 +0800
b63cca8bbb0208afa235abfdfc5f8dafd9eda2dd,2022-10-18 17:03:26 -0700
30bdedc25a59aa7d4df3f5c0962095a574f0d653,2022-10-18 14:21:54 +0800
7f1842bd6693904706d96fdf0c2977a4e3f49761,2022-10-17 21:53:34 +0800
e313f60d482d45faabaa6f66e21f90a7282f22c7,2022-10-17 09:50:56 +0200
c9055c40e3c09d6eb3be7c4df9838cec79f7fe94,2022-10-17 09:25:00 +0200
cbb74eab4f1f464c0e4760acf9304af2289acfa1,2022-10-17 12:37:29 +0800
62155369d199f36720938e913541b223dab8b047,2022-10-13 10:42:01 +0800
570bb1d61a508a2f52d84786d448a530e6f0b255,2022-10-11 10:44:25 +0800
6e43c0a8c6447ada7b1cf46243396ea1abfe01b9,2022-10-09 11:47:29 +0800
2b981bd63a15714bfd3cf3267e2f487c244a1a48,2022-10-08 15:34:12 +0800
bc87bfbea5816b382a7fe54639d71b404736ba62,2022-10-08 10:24:28 +0800
2734e8bcec6371cb139913624fd30953fc6c1def,2022-10-08 10:20:27 +0800
21357087f08b57a530c94591121b9803b5a486e5,2022-10-06 14:00:14 +0200
1294c00cdd53abac6f64ecbce431cd6775ee6c3d,2022-10-04 14:18:23 +0200
21560fb9afd9da61231a709c0b86a1a7b2d0f8b0,2022-09-29 15:39:24 +0200
74a87e260bd0cf9eca2d229cc181638741b5f575,2022-09-28 12:18:12 +0800
1e387f8ef3fdf2c9ba9efcff4f781ef9f17ad75d,2022-09-27 11:02:54 +0800
112f232b36800d9cb008229f13a7b6a3727a4cd3,2022-09-23 16:46:53 +0800
7004d994938e914561d8343a96d9d75ce98b2837,2022-09-19 08:59:57 -0700
1313b8e2e7964a0bbf2e221f49fe30a1fd812d31,2022-09-19 11:57:51 +0200
fc85ce0bbe9e1e33a6e92a6eebab432eadb4e34e,2022-09-16 08:49:47 +0800
d14d696b13dcac47880a947f16c3f6c5594814b4,2022-09-16 08:49:06 +0800
6fc2e08d534159fc078022a6781e94933b7268d1,2022-09-14 22:09:57 +0200
ef89ff296a6338e3fddf5ae6ff5649553788f68a,2022-09-13 08:23:15 +0200
2b1a24543b6c1e778d7a90480e704cb6ca2d0e98,2022-09-12 20:49:08 -0700
aba568087c6dff99a343346107153ed1d979677b,2022-09-12 20:47:37 -0700
27210ea795a9ec17fa4aa85e2f9c8915d3369ebf,2022-09-12 12:50:21 +0200
70bbc3830f07691cbdb87fe03958196fafc0effb,2022-09-12 12:49:32 +0200
87c8bcb31c48e8c4670c067e757b1adfd0f1ba84,2022-09-12 15:58:11 +0800
6fa13ecdfca01d4d65d49c489484acc5755e616e,2022-09-12 14:57:08 +0800
3c18ee7ad502c13e6a71ca475fd03d5cc33bbf31,2022-09-11 15:12:08 +0200
70e9477937a40fc5a5e637e887bb85942958163a,2022-09-09 15:13:25 +0800
be7053b850a3ad53c09baeac15b01cabc8e9412a,2022-09-08 09:25:00 +0800
eadac6297ec14455f3c7a3a02ceb48382cebbd25,2022-09-07 22:38:18 +0800
457eaf8dbc0101deef2159e7ec1c312ab66af2db,2022-09-07 07:50:35 +0800
a0acdfefc419c070064ee1c0dd83e96e0e4fe89d,2022-09-07 07:49:27 +0800
fc981ba04bae126afe3452b76006e80487cc9d84,2022-09-05 10:13:36 +0200
1adc0414bd96fd4eda67837d980e9df37471f631,2022-09-05 10:55:43 +0800
a266c92acadf7054667db4974bb84439c4d78475,2022-09-05 09:38:09 +0800
d5ab02a07c11a585bf8a96c787ba27504c09f3ec,2022-09-02 10:15:28 +0800
8954d9848e63ec5d32d1ba4bde26db1df2241801,2022-09-01 15:03:47 +0800
b13dd20f0a905c615daef2e1ddcfa0e0979d1a07,2022-08-31 09:38:16 +0800
7dc5692b4c137c831c10381ecd4cdd0c331a0e7b,2022-08-30 00:18:48 +0800
f1b2256f9f251e6c9ddc4a6a728aba07a504b848,2022-08-25 08:44:32 +0200
dcc9a414eafbb27ed8d9a976ef824e825777273a,2022-08-24 08:25:58 +0800
149ecd93e75dd23447de9ea24bba68d7ef5a8e33,2022-08-23 08:30:34 +0200
03d38a7639c8013f16838cc795ac9bf7a03ecd99,2022-08-21 08:46:14 +0200
d9bcc8bde2690e5b5d3a97488d658e0a5cbae884,2022-08-20 12:02:16 +0800
854dd7d8614a3dd68f881b404d0f4a47b732e558,2022-08-19 18:45:59 +0200
be00ab5faef6ea256c663ccbebfe2e9a3e175db1,2022-08-19 21:52:34 +0800
1cbde1a31cde56383ed28967f3d10f607eec36d0,2022-08-18 13:34:48 +0200
19fd8f74265130f76f55b04a24cc0ee5c7a634a5,2022-08-16 12:46:33 +0200
de5d45fb823dc558f15bcb9d958b9c0a5144043c,2022-08-07 16:09:36 +0200
942fadd439e4746f99c786d97cf10dc61ec5cc80,2022-08-02 13:36:35 +0800
7bd0da4e09607a56ba4905f7ead4e23dcba48ce8,2022-08-01 21:54:46 +0800
8e7dcb784c4f9bf118c50891268f75665f573bcd,2022-08-01 21:53:56 +0800
966b865973714c1bde596004bc4e5c1daa5a6d00,2022-08-01 15:11:35 +0800
c31dff9ff8dc3ec7454a62d71a9fff2af8505ee9,2022-07-31 15:12:06 +0800
f06800c02ea5045de21c115dee9c68a5a5759434,2022-07-31 12:07:21 +0800
67208fb74181faa640e793cd5757712fd9b5d9d5,2022-07-31 11:30:45 +0800
8c557f9f16bf150d2efd010b5f5939fe44aef740,2022-07-30 23:38:29 +0800
4ee8c0411878689417c39b7027899ed7ce815e7e,2022-07-29 21:12:53 +0800
6520a45724abcf8f4fe4566bc58b67f8aea659a0,2022-07-29 14:11:21 +0200
cefe9d44dad3558cd4cc30547007c3c41b9bfbec,2022-07-29 18:38:27 +0800
35c71ab1626459fdac111a8164e359e871b732e4,2022-07-29 15:30:20 +0800
9be4eca585f4a34a37cff81b7d91f76fb52a3440,2022-07-29 15:22:59 +0800
05ca058444e83a349d3a002b8d893817691f36b0,2022-07-29 08:56:48 +0200
f71b26ac092427142b3d83cff596afaf38357cf5,2022-07-29 09:30:47 +0800
442e3bbad384fba9b09f8ea774e28562a8d5c6d7,2022-07-28 11:41:52 +0800
eef34477befc27e01f2e4531677236427ed859ef,2022-07-28 10:07:03 +0800
333a11f28aa4be3e8b214cffe6d25da85dd33702,2022-07-28 09:33:35 +0800
01c882415714ecfcf11aaf77c86ae550bef6feb6,2022-07-27 23:57:48 +0800
e345321cef263c078cd48ee3a23043f3f4e80833,2022-07-27 23:52:10 +0800
ca7d7c23e3aa572befeb447157b3ef9d96bb1449,2022-07-27 19:09:07 +0800
505ee5fcd43b32f947dd716b3bf96e7da0140617,2022-07-27 19:04:21 +0800
82e87f24a8c173ba31419d544becaea19bdf2466,2022-07-27 09:03:52 +0200
39a9c281a6ab329ba1aa8fb232ce81c2ad6719cc,2022-07-26 23:22:07 +0800
3e22cfb25777c9eed5bd151442c729432650b213,2022-07-26 21:38:27 +0800
a5805476cdd0bfb27aa162515989620ee64d694c,2022-07-26 20:39:50 +0800
de70f4fa6b6f3d66a5c92453b370712925db43b6,2022-07-26 11:34:01 +0200
da1b29a510fa924f612d22f36b3c73d61d7953d2,2022-07-26 11:32:40 +0200
f181325b9fff32d1b26af4b049a5c343081c97a5,2022-07-26 17:24:18 +0800
cb70194be62ba8110a9dba316f53b9760b6a8fc0,2022-07-26 17:18:16 +0800
ded05aa2218f1e98c650070e9d0152213c4d09fe,2022-07-26 13:28:34 +0800
1908b7ecdbe4aea0dabdb91009d9635a4d14c533,2022-07-26 11:34:27 +0800
03255bbd391e8298e358c25304f7630d5ea36f74,2022-07-26 09:38:35 +0800
590de2b0e2f39466f5c466356b8106ed736dc303,2022-07-26 09:17:26 +0800
1825677b1ebacef113423b4afc463a0dcdc8988e,2022-07-23 07:51:01 +0800
93a6f670296ebe5e86af22bfb632eeb50825c5e7,2022-07-22 10:01:40 -0700
34746858b47e3962914f646803e930afe77859a3,2022-07-22 09:59:42 -0700
92cdf5bfd262be7e1d2e2eef17610e37fcc7a44b,2022-07-22 09:50:56 -0700
0b910db875e6c5f821e69c41330aa3e2686ae224,2022-07-21 11:35:30 +0200
6b03b012f731536af56cc63ba29511f09994d11b,2022-07-19 23:58:56 +0200
c687524cae97ad9266391ee59c45e61572f39da3,2022-07-19 09:11:14 +0200
fcb714999c516b71ba680693b3d95f284023e59d,2022-07-18 10:22:25 +0200
ba22beeb0ac99d1932206f5d028228642e8436be,2022-07-16 09:23:34 +0800
f0a198e2b35d2c3b9451dd4e50373b274b42f0f8,2022-07-15 09:17:38 +0200
93f202817582190ccb8b0d9af6241e6d621aeaa0,2022-07-15 09:17:11 +0200
8f36ebc6597aadd02d9da137b08d78d6e0d195a2,2022-07-15 09:16:57 +0200
79808dccb084b057f3bb9dbc6ce300bf04443b13,2022-07-14 23:01:35 +0800
207368b254b4588be6852c1c18740e8097be7066,2022-07-14 08:10:00 +0200
07e79408240c564fe05e36eaee119bf89b26ce90,2022-07-13 22:39:13 +0800
988b92d9d3364513dd3857b89a95f515b99d4e87,2022-07-13 22:37:27 +0800
658433c26e50b2b2411dcfe04372005546bb95f3,2022-07-13 10:46:48 +0800
6e2952b07bbd2433dabd7c7e1424ecf3685061c5,2022-07-13 10:45:47 +0800
c3706e9c2508ba9042afc0e3c19a92c30bc2b32d,2022-07-12 16:57:19 +0200
e02f47f771176da34a6101c84e7354500673dbfa,2022-07-12 09:47:48 +0200
5045cb7d417ad4565e62dd992d8ebfba2f043b38,2022-07-12 08:12:46 +0800
1fcf74c1dc18cfc96960ebf41170177f5a98e2d6,2022-07-12 06:58:38 +0800
65ffc4df75433c0ce7db0862447ae5a18c54fbc1,2022-07-08 07:54:28 +0800
f7732921e72021e2f42dff32b12796f290249a33,2022-07-07 09:52:00 +0200
414772d714d4309aa3d29c958d57387fbf032c78,2022-07-06 13:18:24 +0200
458ca64150b1f0b26e2696882c3e1f4de630f755,2022-07-06 08:30:38 +0200
04efcca7ebbdf22395ac905e0f3a79f41ac3217e,2022-07-06 08:57:52 +0800
d4b3910ca69ef90a62bfc853b232049ff1f6df6f,2022-07-04 17:34:34 +0200
6ae2221bad0a8b9ebbc1528984f120bb0ee3fc5e,2022-07-02 14:02:07 +0800
dc0918288f3c4a708ba8bb12b13ba94843570cf7,2022-07-01 08:13:46 +0200
649d2bbd473283b21db5f714ba05b5747e07cc40,2022-06-30 23:19:53 +0800
4625fce39043d96561196eb1108e64e472905194,2022-06-30 14:02:23 +0800
4976960b557fec2841ce1785e8cafa3b1e0d4e09,2022-06-28 10:58:39 -0700
27b6cb9c9601cfd0ce3f498b2f107aadad231e9e,2022-06-28 13:23:06 +0200
97dff2e4ebd9d088cf1fa30f1e23fa0e28753a5c,2022-06-28 09:02:19 +0800
677ccec3eb84f5be1b3556537871e14eb5e8359c,2022-06-22 19:19:15 -0700
8d4b9e2ce436977356f882ef39096e8281e56ebd,2022-06-22 15:09:40 +0200
eadbdd4b6bfeef9924a3ff2c59fc3718cf3dc06b,2022-06-21 11:44:38 +0200
6e268800c5d5d8f6c250202feed68fb38964251e,2022-06-20 09:01:47 +0200
65469ddff5d977f87c3b9ea1a793f09c02e515cb,2022-06-20 14:43:21 +0800
f765119494ccb75261adc47a435be02744848af2,2022-06-19 20:33:02 +0200
da4c40d5399521266970e7a0f659b8cf37456a82,2022-06-19 22:54:05 +0800
708f890874e3327a4ad2d6262ba6841a3c52b72c,2022-06-17 08:39:28 +0800
9de724203cf09a8e160d82781eb27b39cc8ccd22,2022-06-16 10:11:58 +0200
62400bd959b781fafa9471915c0cc7133a89dee7,2022-06-16 08:17:19 +0800
f887f8d7a507800b71b4143a40b0e45902f5f170,2022-06-13 15:27:51 +0800
19306e4cefd21a0b53c261f22f26beb14c62e7c5,2022-06-10 17:30:49 +0800
bd827978ca7c72ad74ba5efc014f59aea3e6706c,2022-06-09 13:08:07 +0800
3d01e6e13cf5410e913859c5c92c002e986df518,2022-06-08 12:02:32 +0200
168e4c6bcbf5c54cb9f14b7a4ccdff2a5e485ee2,2022-06-07 18:26:50 -0700
35f66a00513878a68c635153c55daedd774ac831,2022-06-07 14:51:53 +0200
9f3a815902171467ad6ca863d186449049d78448,2022-06-07 18:54:02 +0800
b477f8d506ea493f211dfc96e40d647f5254d3ca,2022-06-07 12:53:54 +0200
711b9d0b13db14bf198e655f84777d86b5fadb60,2022-06-07 11:14:34 +0800
04d09c1de74c5f35a7cdd26be6e7f1c3dda9867a,2022-06-06 09:07:51 +0200
d3229c5cdb73c53de86d6e4b5a44a9eea9a5852d,2022-06-06 07:41:47 +0200
e21e208f4c43d1fc4f6c6f35153eb12753259d8b,2022-06-05 09:29:26 +0200
6b22f852d31c6e325e0ac5019a34c36acc271ed3,2022-06-05 14:39:35 +0800
5f1b00074437a632cd48d5709492a8aca6b4d540,2022-06-03 13:23:06 +0800
1d93ff708318cdcb1b477f416cbebed19e220d1b,2022-06-02 23:05:22 +0800
8eb26dbeb0988d04136d63805eccd9d466d309b9,2022-06-01 13:09:14 +0200
77441e6f2602632b44b7d4a01c6d122cdc2a1ced,2022-05-31 10:06:21 +0800
3e224a2ac40b8cd7804c758a195e70a9b55cfdaa,2022-05-31 07:47:45 +0800
f1ff8b4a307e09594fc663625c50318dde5fd7e4,2022-05-30 19:03:38 +0800
42303a9f2581dc00534fdfdfdb7d51a8d179f3c1,2022-05-30 14:21:55 +0800
6c83b4a9e2efbe420d193e2136e23fce65b25478,2022-05-29 17:46:22 +0800
43fc9c232253dd30d6d18f1235e3dc978b1fbe1a,2022-05-25 15:01:07 +0200
4bbdaf868b1570a99827f3018ace56e485ffea63,2022-05-19 16:55:34 +0200
3f55fdf71b7dfe0fc959bccc81300fa7f57ca5c0,2022-05-19 16:54:21 +0200
409c091dcb693f7b2e31a756373de25dfd0f4c52,2022-05-19 16:53:36 +0200
82248121930a7a54431aae0c37ae7f96cb0d2d53,2022-05-16 15:56:24 +0200
4b852808b74380169d4d4a9af779d180695c3d33,2022-05-13 09:03:07 -0700
b4b3ca3b6b9638676564b7cdc1f7882695ec2017,2022-05-13 10:03:35 +0200
736759fb2266cdf9edbe21b2a93502c61e48bc39,2022-05-13 09:50:22 +0200
74927db9ac8b1b90d5ad6e20bab8b7d2e065ebef,2022-05-12 14:48:28 +0200
300b8ba080c44c896251e551c268d8bb5b7ad3d4,2022-05-12 07:50:13 +0800
78662ac16513406f49e142d5b6977d62c3baaafb,2022-05-11 10:17:44 -0700
873602965d684f8531919c91d8ed38c5cee2408a,2022-05-11 13:38:32 +0200
ff3607587a000507ad21e024ed58e51206290684,2022-05-10 21:13:33 +0200
e0bcc356918056c00783193ccbd90f577b22a549,2022-05-10 08:58:36 +0200
dcf1168b6061bd2689aafe60fa96ec9680c86a4d,2022-05-09 11:51:58 -0700
29d78af68ad6eb410068dadb766a1ef538856877,2022-05-07 20:11:38 +0800
b5a483acc0c0669efc97eedd0c2791adbbc4f41c,2022-05-05 08:29:11 +0200
90d55017da68111ffc578b611de998269f701f82,2022-05-04 17:26:43 -0700
e79da7c218bb3cc0b2018b3d4057eec1770f6acd,2022-05-04 15:20:11 +0200
8c661dfd6b118d278222469eb5426ebd7728bdd2,2022-05-04 08:18:23 +0200
2a75296de96c08870b316b5ece639492b1f968a1,2022-04-29 18:10:42 +0200
6f85e6d5fa735dfea035ba4761c6669fbf5c6880,2022-04-29 07:44:14 +0200
80ca1f834c9ec5054b6d8757d98126759b9292b4,2022-04-28 16:00:53 -0700
4175088c8f71b5f167e95a2f495377d7a0804eab,2022-04-27 09:09:35 +0200
db0acf803a87ad067806489251990df992d6a2a3,2022-04-26 14:48:53 -0700
d32f5ef939350b21afbadf8335431d9b886f5681,2022-04-26 14:48:51 -0700
c63a9fa76c01196b32cb41f877255d0fb5e00a78,2022-04-26 14:47:58 -0700
091670ab2acbc202741163b39866e70a530c418e,2022-04-26 14:47:48 -0700
e5d5ddac8a10acca031eed0221d925d54713a6ab,2022-04-26 14:31:55 -0700
d9b98ad8ccec6a9ba65cfc00ef319ee51454c0c4,2022-04-26 14:31:52 -0700
f60a4d6d4069b5318f61a378125a1ef4d8471adf,2022-04-25 23:17:37 -0700
60a671e1f890aab12f94dad2d3de4d3776731c4d,2022-04-25 18:14:46 -0700
b7128977d466c6e113b1d576b88d9f1e70689ad7,2022-04-25 15:35:16 -0700
b17969e07fbb3a0ca5ec3c374a4fab27e87add17,2022-04-25 15:32:20 -0700
083e2e94d18edcd85a1d25deaf77ecad0e3de61d,2022-04-25 15:28:04 -0700
49bb6369fced44e60bd86dbadec53eec4d173e74,2022-04-25 15:25:35 -0700
0a2f796c0f27735c82c8d22b82fa0c88ddb1a674,2022-04-24 12:42:21 +0200
0aace4ed72cceebbc9719d51ee26c95890789e14,2022-04-24 10:52:45 +0800
f8612883c7ed358e10ee2579b700ab46f48e95ba,2022-04-22 18:32:11 +0200
28834d037c17268c4398ce7dbbc1246ab56a6f3e,2022-04-22 18:10:59 +0200
f0988ddf250440813866849cef4f734174a48fc4,2022-04-22 18:10:18 +0200
4011138dbe3c2410a9ae1521d2da29be4683cf4e,2022-04-22 18:06:17 +0200
83ec4a964e2447ce1a36b7087a9cf0bec10457cb,2022-04-22 09:00:01 +0800
02d41c0e061daa62e53078be048c5c503d1bfefa,2022-04-21 13:42:58 +0200
1edc68854c3f3aace30c4ae497a3b6242bbce95e,2022-04-21 13:42:33 +0200
b74981fc27f93bc36f549c2c3309cc5ef0c6d51d,2022-04-21 09:50:09 +0200
220192ae983db3faeadf52acbae4413cef0f6195,2022-04-21 08:27:08 +0800
03cc5f435f1d3072c66cfd0ac69d129e3bdf8923,2022-04-20 16:18:20 +0200
03be2561e93ad29632b02d9ee2c6a3572e70b35f,2022-04-20 16:15:35 +0200
f0ff353d02ec56715d671040717870ec5f1a7630,2022-04-20 21:43:15 +0800
16c9766b952fb3d1fb42d6a308e8525c9ffddbf8,2022-04-19 21:25:04 +0200
760b9e0192e954ebcd7b3b302f3b43672da21a58,2022-04-19 09:34:50 -0700
7c8930330da3c20747206ef101a497dc58ab0547,2022-04-15 08:00:44 +0200
e937ae9a6838fd533c3973d6ae6c32d98b6619bd,2022-04-14 11:49:57 +0200
f7579fd13d62ce630ea26638e73f5884da505ec8,2022-04-13 14:37:08 +0200
bbd2d4a4f787094c1cc6b67c2c2bd9794ffe435e,2022-04-13 09:49:15 +0800
1b648a8be00597094a0ef5005ee4d692d9b8770a,2022-04-13 09:47:54 +0800
78c0ca5672e6226ca1eff12bd9112d0ed366828e,2022-04-13 09:47:20 +0800
b989fbcdae74db6e26a815af605634747f431fb9,2022-04-10 18:03:22 -0700
d7a653b06233f36786f850270dbb16fc83e45c4e,2022-04-10 16:50:18 -0700
bcccea06e4aab38925dfd28824fdb046825123f9,2022-04-10 16:49:39 -0700
b0030ab5d9132e5c5cd5092b8e6dab79e9fbf16c,2022-04-07 08:56:36 +0200
67c963a1b02de04166778d906f4cffe89dd86562,2022-04-06 17:58:47 +0200
139eed311393c7077db6e7470c0f167e16b6b3b0,2022-04-06 08:37:28 -0700
7b38a6a1565279c91a25a54820e9dba2cb563bab,2022-04-06 11:17:07 +0200
0863979f79386f92945458b2bc02e4625c9d993d,2022-04-06 11:07:50 +0200
409ca76f123a28f580c74f41c8536d92e56a9c9b,2022-04-06 11:06:54 +0200
d4eba629504930ca6179dee220e075b489c193a7,2022-04-06 10:13:13 +0200
dc2b0c5dfd9a4cdef44cdab3da46c7ea8027ab13,2022-04-06 07:46:17 +0200
daf52648f210c65d96326a8b9a4f66a72551deef,2022-04-03 09:09:49 -0700
5502b4014944d97e531993606b2c2e7eae89733c,2022-04-03 10:00:21 +0200
e5f68c6a4303a1bcb4abb9b29a9e0abd653018f6,2022-04-02 21:22:13 +0200
28e47f9f2a94a7e451e1459b9d9de5296862554f,2022-04-02 21:21:18 +0200
bf2765ae08540846e3059ed15d33d3de0ec96ea2,2022-04-01 21:54:24 +0200
62cfc0ec8670cb66ce4bf2b0d707f42cba5e3354,2022-04-01 09:37:57 +0200
4443c60739ad8f3ea2156c9bd7243e44a22709c9,2022-03-31 15:39:47 +0200
d7376c45acd8764bd8efdf6d26feab874a460422,2022-03-31 13:45:12 +0200
ef0b5cc7726b929aa1fc9c617f2130afae527c18,2022-03-31 09:08:13 +0200
f55ac1ed55336c3ba461c57a3428430309118344,2022-03-31 13:42:34 +0800
ba2dede103458f6ba64a8fa90e83ac27034cf13c,2022-03-31 01:10:25 +0200
18e3f851601e016125aaaa7ba4910009cdbea78c,2022-03-30 12:41:33 +0200
38dc3281f5f175a7d194d4c0d4b255472886187b,2022-03-29 08:29:00 +0200
e931dbda090ae40e3c39313801fa49e40bcc1fd6,2022-03-28 16:01:51 -0700
0feaed90c9eb23fb373d2cd40711d6e536203ecf,2022-03-28 16:01:48 -0700
7ae721dd9fa3aac3cfb511616e23747b09875594,2022-03-28 15:54:35 -0700
b4d98e8c5afe4b9d6bcf6100dd943c003bd1ca89,2022-03-28 15:23:14 -0700
dc2eafa680384c1fc653ad9fd83d4cd5a66d8af4,2022-03-28 17:53:04 +0200
e4a2b54240d608763e8f9acd6ffb91740dfd3f10,2022-03-27 14:37:16 +0200
a75b48b44bbe825281877b37b964dc05cb810d8f,2022-03-27 11:53:36 +0200
2fe585c00ac94f8d7430dd436edd8745d37d8b89,2022-03-24 17:15:09 +0100
9b783ef8d8dcdfdc21a56f4afb873447517b5aaf,2022-03-24 09:22:02 +0100
7b5f96ec9d54849a439b577d7677cda26c7d937e,2022-03-23 09:01:53 +0100
bb74c81df3b4f1213fa25e67dff1e0cc69476042,2022-03-23 09:01:00 +0100
ac4a31a85ae8880182851d6691bc49e437942b15,2022-03-23 09:00:34 +0100
edffdd6dc261c3a9222751187a9f5ac601e9b1fa,2022-03-21 08:06:01 -0700
7bb0bfcafbfb7cb2ee330707e082f27c3a8fd530,2022-03-18 09:40:43 -0700
3c40d4ac0db5c55b3cd029d316a91d236156a43c,2022-03-18 11:43:42 +0100
8a780caf00e7874053a8cc81e7596f9d92b05a07,2022-03-18 09:59:11 +0100
7d326838325cd5e4e0bd90e968a87542993a17ba,2022-03-17 17:27:50 +0100
5dfade86c896843377de1af1c764b95566647893,2022-03-17 17:09:04 +0100
c97fea571b026734e4b3f3d7eecfb15205f75c30,2022-03-17 17:08:09 +0100
c112637ec8be2a2f3a6baf6a28bed11934bd4b6f,2022-03-17 12:40:36 +0100
0235be3f4254eab37d4ca0a14a7bd3cc4d9f090c,2022-03-16 11:15:49 -0700
46a15520ea0675f74e20242429eeae33fd80f69e,2022-03-16 17:06:24 +0100
3af688bad65ff1ac972c9178a856613bd438e411,2022-03-16 18:10:59 +0800
e99cd4915b56ae3e9891ef9a83eb5e8f089505d7,2022-03-15 16:42:56 -0700
9d2d827509cf639825e73c8902658411e90cfbae,2022-03-15 16:32:24 -0700
9809a41df4603e47938ef9cba9d06de93b94e912,2022-03-15 17:42:49 +0100
d750afca90d532d500d8f4598c92d1198c41b57c,2022-03-15 11:55:42 +0100
81dee85444de2c3f2036f3209fb0e700a5223cf0,2022-03-15 11:28:29 +0100
10825c93bccd9e170df75ab9f2cf85cb6043f649,2022-03-14 12:10:35 +0100
e4b16b3f883465ae3418b1cffaf9644767b71b9c,2022-03-13 13:50:17 +0100
4206fb5fe44726992cb22e8619525af480dcfc29,2022-03-11 15:07:12 -0800
b3ce6ca8950da29d1052c9cb230e8e51df9c3d10,2022-03-11 12:13:16 -0800
9ee04b3133c84979661a3babf1b629d72a5b9f4e,2022-03-11 11:57:51 -0800
07d1c715122a80ecfbca29d8270d37222c827caa,2022-03-10 08:32:58 +0100
1b1e9370f39e386d660ceee11660d7ee87fbb460,2022-03-09 16:09:25 -0800
3edbc98824bbdf574d97510aec783d5b9355548e,2022-03-09 16:05:59 -0800
181a6dcd35485613d65fdf2bad082bc1ef97f313,2022-03-09 16:04:20 -0800
e8cbd20626b8702bbed186a4be37ce45cf6e9b41,2022-03-09 16:03:16 -0800
df92e0c6bb5c5f7117d7b1dce9cd7a110e142581,2022-03-09 16:02:00 -0800
793d83c8790a9ea618188cb0f35cc6477d1e88df,2022-03-09 16:00:08 -0800
f13f621d6a5c5c134774d2d05e793182a5ec4e79,2022-03-08 18:22:55 +0100
74b00a101cb6ffd06dafccfe9d31c8c5be66efaf,2022-03-03 09:42:10 -0800
1a56bd890674145c6a3414f806f0c5d178b958e3,2022-03-02 09:05:11 +0100
bbc6c35b5bc0ae0e8747020a632e560dab03e507,2022-03-01 22:04:56 +0100
9a932c5822eb8ef47c1954ea31acfd47f8f6f440,2022-02-27 22:14:48 +0100
407b09e3cf06254038f00c7616ee06631359cbcc,2022-02-25 09:26:37 -0800
fd94a903fd8274ea86338c0c1d83b150a8a265d2,2022-02-25 09:22:41 -0800
c9d218e5f381bbe8901520377e511bccf882e0bb,2022-02-25 07:36:05 +0100
3db4de9da1447e2a5135ac9330d4347b9d220a0d,2022-02-23 22:03:11 +0100
57383aa6fe8b883275e4d4a2f9ced773d299dbb6,2022-02-23 22:01:36 +0100
dc2be020eb87c777b9ef9a9e89cbe5f225de07ae,2022-02-23 11:16:56 +0100
a3f9cdae74f9295c241bb3ce31043b078367e10d,2022-02-23 11:15:14 +0100
5b9b06f1aeb4a02ed9c8b9fa7669b1bc7ae33d5f,2022-02-22 11:24:57 -0800
15a18fa298fb9bd9c751b8730ed1132f1135c977,2022-02-22 08:00:48 +0100
794cdbb5fc6e13e19865b98a386430f103b7408a,2022-02-21 21:01:03 -0800
1cf282c31997f2260a4cdaa1467b38ee6a1ef720,2022-02-22 10:17:38 +0800
894b32a1dafd4aebd7916b7a889a4aa57dbd48ee,2022-02-22 08:42:13 +0800
39639eb189f929aa7d445c919a31e8d11dc324aa,2022-02-21 09:54:24 +0800
7018d2fff35de96a90a1008366e38580e448fb84,2022-02-15 12:05:44 -0800
9b1b188f6856bf7964c0f74d04e89d8eee71a20a,2022-02-15 09:05:17 -0800
93e22497a88a16cfbf7513bcea27f1b57a08767d,2022-02-15 17:01:14 +0800
a3056b5169665e803cd65ef1a6ea56829ecde27e,2022-02-15 16:55:57 +0800
80a110096368b54831eb0302bcdfb5b9555f86bc,2022-02-14 17:43:28 -0800
f19544b5d4aa5e36e5af3c51d9bc34f924af1c82,2022-02-14 14:50:25 -0800
7a13905bc29b1b7263186c2c759b37a1c8ee6bea,2022-02-14 12:19:54 -0800
0d98266c1de479e9741949d163a3764030569efb,2022-02-14 11:36:06 -0800
c5a516702e69bd38ca0fe77fb7300c8e7e36f065,2022-02-14 11:32:55 -0800
743def3634cc95e651faa0ca1a6d3c50483f2d37,2022-02-14 11:20:49 -0800
9fd35f9cefa1b5925dc29e2e734cc5be9df346f1,2022-02-14 11:17:28 -0800
8530d5c973d1106a4508ac024518df254eac7437,2022-02-14 11:11:38 -0800
50b8a2322585ff2269feff064e1a81c65aad6ef5,2022-02-14 11:01:22 -0800
50f5287f3637c5fa01a4d146477087b217bdebd5,2022-02-14 11:00:06 -0800
4710fed8a409736e9e5e0aae5b87fdc6b56ed51a,2022-02-14 10:56:19 -0800
4debbbf84db09f80ffeb4154e8e6feed134be0c0,2022-02-14 10:39:23 +0800
0de75bc1ad6521bb96e358fe69882425afe8c260,2022-02-11 08:16:30 +0100
48a87a88f7d98fb890ed2aef58487f19f32a8296,2022-02-11 11:12:27 +0800
eabf7b1a88120ef3263ffdb729f0c6e4171d6fbe,2022-02-11 11:11:03 +0800
098ceaca63e934d4ef9b56e46af7f0c24b5d6a5b,2022-02-11 11:10:28 +0800
7d35b67a8d2306a7d92cbc51cacc36cbf29f8899,2022-02-09 13:13:44 -0800
5405ee98e1d7e7c155fad55f634c20ed424d1e2e,2022-02-09 11:24:21 -0800
07252550317c3bdd172bbda1834033c046b83356,2022-02-09 09:54:54 +0800
1eae5e473b7775419760747b5d1f4dadd0c09052,2022-02-08 14:17:10 +0100
dcf12813de7438fb5d5e96f7c99b27db8949dff5,2022-02-05 09:36:50 -0800
d9c40219ad4a02c0703f3f5907ffc7a039dcc42a,2022-02-04 16:28:41 -0800
ee8c5bc2a32f56e3056dd7e5cc12cf292b1cbed9,2022-02-04 15:10:37 -0800
b8351cb8c8994f55fdc6f8c302299408903be304,2022-02-03 17:24:30 +0100
d7e5c51aaa5e1faa781cf07d261a63319a946326,2022-02-03 08:39:33 +0100
3f068390a66706b41798d562835278bb37227b97,2022-02-02 09:17:07 -0800
f02e9e0218b466a4fdf4122a0e0d64c713d96b47,2022-02-02 09:14:26 -0800
317080d44334b1751d70de61f27e60505ae834cb,2022-02-02 09:12:38 -0800
568fea837c8c793da0020abd9b7c0dd3f525c433,2022-01-27 16:08:59 +0100
036fc1f22228a14c7f91d4f119378fc6cf719ed5,2022-01-27 14:24:44 +0100
de3019e41692343b69dea28cdc9400692473b638,2022-01-27 14:20:53 +0100
62aca0a237851c28cc68650962924c1b45022446,2022-01-27 14:20:34 +0100
e089b51ab5e1cf5f061c81463d27f33a21198271,2022-01-26 13:18:24 -0800
268c825ec9a1f0e61389189cc631d783e0c8081f,2022-01-26 10:48:45 -0800
7f317486abf6fab2bb7e05d8d9cd728c9285e773,2022-01-19 10:54:14 +0800
a3b60db38fea5019ecbd38a74241811854d72a37,2022-01-18 10:30:17 -0800
f737e9b072b19c16408d2df70af4699a1bfe1b7e,2022-01-17 09:53:00 -0800
7a770dcf44213eeacecfdb60083141bcb891b056,2022-01-17 09:52:01 +0100
002725ea5a25073de190bfe29f622d85fa264f0a,2022-01-17 10:21:31 +0800
3570f83fd5f435e4505e3c5c15c8ff7685a8581a,2022-01-17 09:22:13 +0800
bc02d8c487a809fa58d75c477d9e2d5c7dedccec,2022-01-13 09:54:01 -0800
e7688fa520de1bfec164b991c3a5d189812c10dd,2022-01-12 20:29:27 -0800
3f30d22a185a775fac6fe10da2c1f12e4f7e4005,2022-01-12 09:45:04 -0800
bbc690f4230278419639f69687b88fe2a2aa091d,2022-01-12 09:44:21 -0800
a65e888b25eb966921ff39032e04f367a553d634,2022-01-12 16:47:18 +0100
8b0351b1674cef65cd12219ba4a50f6b880135db,2022-01-11 14:45:42 -0800
525a4a03f99afe1dca120477273537a6db46873c,2022-01-11 10:31:20 -0800
7c42c9d54152e4886617ff6a9388f7e3a330d2d6,2022-01-11 19:35:38 +0800
ee2462ce30341583eb7f4471ca27c72771a1202f,2022-01-10 12:10:34 -0800
93d6e61a06d196ed0d701f5783dd51870d5fc9e9,2022-01-09 17:41:21 -0800
84ddc9116b36221c92df89bc2f55eeff5c0442c5,2022-01-10 09:37:52 +0800
27e7973fc0b1755d8fc0fb4a163349e4bff561c3,2022-01-09 20:44:28 +0100
3301a4acb18647522942ac52a88b7819c0f206df,2022-01-09 09:23:14 -0800
3fcceb165c374dcc009b7fa8055b76232b922742,2022-01-08 10:54:40 -0800
283e01aa786b1df5e7a8bac6688ec60042662fe8,2022-01-07 13:43:36 -0800
0c900c808ef700c2c010138db413e279c745e258,2022-01-07 13:42:50 -0800
0fdf2419d0a46e6ad5ae105fd873263a423a4432,2022-01-07 13:32:02 -0800
4dae979c5b35c434105f0c9810c87dd91237bb7e,2021-12-23 17:43:28 +0800
74bbeec7a61ecf948188485f9f5e0f6a2a210567,2021-12-23 09:04:51 +0100
b65a20a78d3f2b42dc3377d7452740a7da433b9e,2021-12-22 07:19:58 -0800
370d785ff674841943fa8cddee1964408e826f5b,2021-12-22 15:01:55 +0800
10081d2720ed33314ecffa80c6ddc744a3f83047,2021-12-22 12:19:59 +0800
05f42e5dd466437bd0ae08190f065cc7c2ec05a7,2021-12-21 12:24:21 -0800
7385d90189b2aa9ae11418a7c1c0fa60e5d0ea25,2021-12-16 13:54:50 +0100
ecd1d30ae8371eabd368179bc652b2804b99623b,2021-12-16 16:06:13 +0800
e5dbc4f25d52f35ba0a0ad2d3d546e83393aab34,2021-12-14 17:13:35 -0800
3218f9d3dfaa4095496e125614fbdcf546bfe970,2021-12-14 05:54:29 -0800
a2d73416667a94597d507f9a27b1561d39366c98,2021-12-13 19:55:02 +0800
28de93dd6a377ecf4d91ef54bf06a49c9bb956b5,2021-12-12 09:05:12 -0800
9167d2af587e5b84a156635874dc9c9a8da0ac39,2021-12-11 21:37:26 +0100
3ff15525a90bd2f9d9e8b50bdd2eac5365ea6b34,2021-12-10 14:55:55 -0800
fd358fdb145f7ca460bdad2134408f63260f8106,2021-12-10 08:37:26 +0100
684a0c3e17180a8618bff036e2f0add303bc910d,2021-12-07 07:23:23 +0100
163df5b203d3e341ee9e3e5738ba5e1be2af4112,2021-12-03 16:24:54 +0100
7395bb48e2ff41fac93a84ff8bfa9097bd0af8fe,2021-12-01 18:37:28 +0100
f6ebb0f7bf41d2dbce2f314f1178a03ff976f87a,2021-12-01 09:45:52 +0100
4576ec98a8a1f1894f61d74ff834559868022d7d,2021-11-30 16:20:21 +0100
abf1a96e38bb74f7f7a47e9b6f2b337bd07d622f,2021-11-24 16:27:34 +0100
b57010737ef9a2c78daf5b19b17c075706eb3c21,2021-11-23 09:23:36 +0100
e9e9bf92f7c124fb11d8de57fdfec860441ac8a8,2021-11-19 11:56:55 +0100
306312b2bc60027a5755ddb37664ca0caca5b038,2021-11-19 10:56:13 +0100
7d392780bc73fbab30da758ce5eb06bd009c4748,2021-11-19 10:55:40 +0100
cc92ca643197d9f1d009ca72c46024c97a09282b,2021-11-19 10:54:19 +0100
8720c54904bfe73002abd93b9ae58f7d776cb23d,2021-11-19 10:48:48 +0100
a142ebc08cc855003fbfb674f7e7accb45e1f61f,2021-11-16 21:09:16 +0800
ea63b19cf7398dc59f81b7087c877fa03413f040,2021-11-14 11:11:34 +0100
082a521671b472e8d9c2c0fb3704a8ee588cd62e,2021-11-11 21:40:12 +0800
4124f1dd3509cd81092163e9def964019e7389ea,2021-11-11 08:31:40 +0100
effb2c1bd59a4a78b9b8a3c6da89da97c0e05e02,2021-11-11 09:15:04 +0800
c6c29aef618740a181c94a81c86bdf1c450a0e25,2021-11-10 16:51:59 +0100
06fe2ab00612c7b91bc1f07aa27fbaaedb492bf2,2021-11-09 20:32:59 +0100
cd6ce3e8d513c62b5802094ca93d1b695c0d3611,2021-11-08 12:54:14 +0100
ebf716db3128e2a43e923fc60194570fc770a968,2021-11-04 15:25:27 +0100
3adb0b2b093bca4a6bebbcc8ae38900d0acff2c9,2021-11-03 17:18:28 +0100
2aa59c74cdd1de13c33a593f6dccc888823c4a83,2021-11-03 08:54:34 +0800
4b0f0fa2a46874033f6440f72b8bea2d6e549cbf,2021-11-01 23:58:57 -0700
fe671ea51bc837d71c54a9db265c3dbd5c990e47,2021-10-29 09:44:25 -0700
f69f70f182f4f040a6aebf18d114bc7583d44779,2021-10-29 14:01:04 +0200
98ddf8149592572eebcfaf6bdd4916f295ffd9d7,2021-10-28 17:45:35 -0700
6e3c82cbfba7e75b946075a65c16cb390c09f9a6,2021-10-27 14:21:16 +0200
77a6adb3786cc1d507191a332c944c37213d5ab8,2021-10-27 09:58:12 +0200
4ae5b3b5a6bf5a13ea73a2f6157a56ad22ec4ebe,2021-10-25 18:11:59 -0700
b1d5e1434f393d9ae3b5ffae1cc2fb79ce2fb624,2021-10-25 09:08:29 +0200
bd5c50bf331c28e6a9db2b8d2b186b86342dbd6b,2021-10-25 09:40:14 +0800
746f9f6ff5f54203a6f1c25b7d0f02642455ea04,2021-10-22 21:21:27 -0700
411720040ebe71fbc4cc4f14ab95c6844d07785c,2021-10-22 17:18:14 -0700
14ef56fb7dd99c59b8c05df8c4faef1ef2b06c67,2021-10-22 23:58:40 +0200
e10f3fe6f8c0f044052519586137d32e5bb7ea56,2021-10-22 10:18:58 -0700
53954caae3a4f40cf0a45718d306b6a8555c54e2,2021-10-22 10:43:23 +0800
919fdd39856512b98aab53ee72332a81a1317bea,2021-10-21 17:20:07 -0700
031d168abdeedb6acbee7839c902a184f083da4c,2021-10-21 20:48:47 +0800
3dd671c740cf34e0cbdca0dc2ac506c06cf97472,2021-10-20 09:52:47 -0700
f6903b8e8e752b642012d1fafc4f411bfce74e9a,2021-10-20 09:33:39 -0700
a4afaa49057002135fc404653a158ad3333005aa,2021-10-18 08:46:07 -0700
a9b576da2f7f974ce46789dd8308240d18765754,2021-10-16 15:00:04 -0700
148bf22426041e1e2dd26d17bf1e967fc35904aa,2021-10-16 11:43:40 -0700
4dc426000d35a93ee0681c0c0124d4b1d3c53ad8,2021-10-15 08:23:22 +0800
a522fa33b31e2405830a33cd2120be60d3174cd5,2021-10-15 08:16:02 +0800
04650521b3a91e03cf598a647ecd58df106d081b,2021-10-15 08:10:41 +0800
594a0568528120ccffb07450c2c28144efb683d6,2021-10-13 17:52:37 +0200
354cf37c919d756a47691cc710a6e8d2f1933f2b,2021-10-13 17:51:57 +0200
e413c7094f5a4ba7cde3b2e399f8ebe4366b464c,2021-10-11 15:35:02 +0200
883231ec8be26b9b118db5a2df3651cff840d322,2021-10-08 09:58:06 -0700
9c6c5d9dc626d020e3efa995ad75fe49ccacc23a,2021-10-05 11:09:12 +0200
29829a4cc3b47928ca8c894474f046bd9deb088d,2021-10-05 11:07:29 +0200
50b5c1e25dd15ee78ec976387147f49e49e8309b,2021-10-05 10:59:28 +0200
7d0fb0df33fdfaceaeef13f5a5617f0d45e23385,2021-10-05 10:58:56 +0200
510439d1c703270ca7b7166a435476ce9ce39eb2,2021-10-04 23:58:00 +0200
540946422544cce8a6ac74e3b99c446c398ac59a,2021-09-29 09:48:52 +0200
3b53b6f671d08a4545249933e442475e142cca11,2021-09-27 13:35:08 -0700
76783f6c6a6a9ffd37a835f59bb56e7968bdc665,2021-09-27 13:31:57 -0700
0b93249d25419de9714f22c396d371940be448f9,2021-09-23 17:47:07 -0700
c7236adc3cb659e65ae5ce53b7156569d7f50ebd,2021-09-08 15:25:33 -0700
97818f5123999396e66f5246420d3c7e3d25f53d,2021-09-06 09:07:47 +0800
7c74fbbd3614ba7042d55490332d0912c62d4bfc,2021-09-06 09:06:46 +0800
5771321ef8d7689a3b88c0c9a9a42a458cebcd00,2021-08-30 14:31:16 +0200
938bb7f38551c6d3d9f94af43703b9d65785e973,2021-08-27 11:01:10 -0700
000994cb90331f6e9f3cfaf389f2b2ab2ab5bfc9,2021-08-27 10:11:56 -0700
07158dabec8cc556f71d02789d989660c3804bbc,2021-08-27 10:09:41 -0700
c8d4086697f85c9093f4da2c907a13e17c198914,2021-08-25 14:05:34 +0200
393834b6131423c0b7c5d7baa54b1bd867afe72a,2021-08-24 10:42:08 +0800
cde05029ffcc8492aab821f0350a43793e237f3e,2021-08-18 11:40:03 -0500
640bc993f3776fc416373e8ca6f9703bd9cd4b09,2021-08-18 10:45:45 +0800
ea08e6d7b3a9c4803c42b739b43105df0fce0d3e,2021-08-13 10:53:23 +0200
67f934e5d1ccab5eab1053d808f65cd7cf1c70c4,2021-08-13 11:17:34 +0800
c610d798ca8db997e3d573b104341b66a232f760,2021-08-05 10:47:51 +0800
2346686c3b8621a585ad678926adf60206227367,2021-07-16 10:36:16 +0800
d9cf767edd7b6714c222d6be9bfb863efa1ea2a5,2021-07-13 15:18:10 -0700
31e8d1b44ffafd867d0eb2774085e4b1141a7acb,2021-07-09 17:43:47 +0200
d03b046c2526a3b89305da6460b601656ecd0700,2021-07-05 15:22:23 +0800
a445728a2ab1f6b6805c6904126fb039d71d8faf,2021-06-27 14:58:39 -0700
6a19e0e3b8d76b5abb872a4cce81f99cbdf36a88,2021-06-23 20:49:47 -0700
9fce0c39eb19aff1876d2dcf490a6d8ecb32ed27,2021-06-23 20:48:44 -0700
c855fdd958665b494ac8c2fbd0d14cd2605fa867,2021-06-23 20:48:03 -0700
462188340c3b1d038adef6c0659b7d8b247e3963,2021-06-23 20:47:02 -0700
dcb2b95f50ad8177d9fb4a1c9b5c72b8be70aa1e,2021-06-23 20:46:09 -0700
ac76a0867658ba87bb5a56b7bcd5655fc4d73096,2021-06-23 20:44:58 -0700
c0113ce69a80d35b89ba5dda2fd45512bca6b548,2021-06-16 18:18:24 -0700
16e8ba772bb5cf4c7546fb559bd9d455d4e42625,2021-05-31 16:50:06 -0700
9f06a4ce82f61a9dc4b086650a301734332f4246,2021-05-27 16:29:36 -0700
c1847af5a6d75436aafd13501cb15973ea6b4995,2021-05-25 14:56:31 -0700
9417b68ca072661efa0d3860e5b769338ba9d52c,2021-05-25 11:04:23 -0700
64102086e3bf25e52c1e019cc7f6aa13bdad2ec5,2021-05-25 09:59:55 -0700
76b80ba2f6522cfcbb29a4580719d4e71f0ac9b3,2021-05-25 09:56:16 -0700
61ddb9f3469cc307ab39ac5d2fb946eed59c003b,2021-05-24 15:46:29 -0700
bb8b1e0fee1585fcd166a27a3d91ec0e433dadcb,2021-05-14 08:22:55 +0200
732b6cf2a6576c844a4b43176125e82d500a6ea8,2021-05-09 18:33:07 -0700
b0d9f10587f9662551b218523136c25df7c7c58f,2021-05-09 18:33:01 -0700
8dc108b862db7aa11c557695ea4beffcf21cece4,2021-05-09 14:01:13 -0700
73e22cacf705e8462d80f477a0974db1d2bcf5b8,2021-05-09 13:58:42 -0700
034ef8566ad037937a4d58a28f70631175744f53,2021-05-08 11:35:31 -0700
b824a602948efe09d3962772af98c08bf4e4c507,2021-05-08 11:22:10 -0700
683ad4592257ef79275e12112a769e6b750e6122,2021-05-08 06:28:05 -0700
80910966388a9fa2ee4cd7fccbe07f7dee84ce44,2021-05-08 06:27:35 -0700
63867a99bac7df6e41b71e55af06ac514bd43113,2021-05-07 23:07:52 -0700
87579b0a9f18833ee41fcae37582bb68606d68e7,2021-05-07 17:54:56 -0700
6ce96b8349678189c32dcaf6954da129fe093ef6,2021-05-07 09:38:50 -0700
b606da7bc8dd1c6c8f610d5acf1403d798b6dcf1,2021-05-03 23:23:34 -0700
0f22d238c225ec667c58e1c5029644478d636128,2021-05-03 11:44:55 -0700
e5e76667b0801fee42ccd0fe201fe72ce500a70d,2021-05-03 11:43:05 -0700
c71cba795f2f000ae59097d017b4c10f5a4f0f03,2021-05-03 08:36:20 +0200
3c9c7102538909fd3764ea7314e7618d6d9458fd,2021-04-26 09:16:01 +0800
a832ed5026fe5c556861a55a6f2a7768630fb36d,2021-04-21 15:38:29 -0700
eb2443e5654e2e3ce174f3e767f56093f417f86f,2021-04-20 15:54:13 -0700
874a38b738773ff873f127a0e63fafd7a4ca4299,2021-04-19 09:42:22 -0700
44b1069e20ce6cc84302ed685936080f612bd8f0,2021-04-16 13:45:31 -0700
f489a056d344e0d86d5082a4a9cb752ceaa98c74,2021-04-15 14:08:52 -0700
9256dbab334dd1e8b60fc575fa22e0559f47f6f7,2021-04-14 09:49:35 -0700
f1a1f12195d8538338d000dba71fb2e98de0afbb,2021-04-12 12:42:16 -0700
2dd4afecdf0a518e417c4eea695dbf8a2e7c9a16,2021-04-12 11:36:54 -0700
79768fee1c28d42f4883eb80c5ab6dd88e38a4f5,2021-04-12 11:06:52 -0700
646e59089bc1fd881eff4cc0fb4070220d23dc86,2021-04-12 09:08:42 -0700
d70153f760411b73712662b12cd3c30898c7516d,2021-04-10 07:07:19 -0700
19c86f20500a7fd9b4ce5ca42caf42337863f2a8,2021-04-09 10:30:20 -0700
acbc20dacf3d13c91a872c24e45d0c4d69bb9733,2021-04-08 16:42:21 -0700
59786c97f247cf177dafad74b3a1c7784781be32,2021-04-08 15:12:44 -0700
a7506e38a46532c1e6ba2ac43b209ddbdd4727de,2021-04-07 14:24:41 -0700
25264f997ef22d9f456a9b88832dfa6634927b60,2021-04-06 12:02:57 +0800
ae023fd5fab1f015229e475de106df46144bd4d0,2021-04-06 12:02:43 +0800
6eadbaac1806cebcf658a740b6dd7277a24e4fdb,2021-04-05 10:22:04 -0700
2722c9bfed3396f7fa0785c5e8e412fd412f03c0,2021-04-01 14:42:44 +0800
1ae510dcda369b7a744945ab9d61e242c7b0e941,2021-03-31 10:07:58 -0700
c9541086de1a6e402a1aa437a2d57173edaf8132,2021-03-30 08:31:11 +0200
840043031cfc6d7153b98aeab42dd3f1404f34fb,2021-03-27 18:21:26 -0700
6f6b17e5da7fae874febe18fb1524a12f315d043,2021-03-27 18:21:10 -0700
1a4c47df705085a19921de3a96a684830ee2b701,2021-03-26 12:14:11 -0700
8128bdf48ff50878f78bd59af58ed8d9c39bd8b1,2021-03-25 12:48:48 -0700
5b90867c91abb95df6957ee79ffbb494db9321e8,2021-03-24 11:49:43 -0700
3e1507eb862ab5b7d23c15107d36a10ebe14eadd,2021-03-23 14:06:00 -0700
79a9aff42a16512c9ad9d48609fbd973b4083965,2021-03-23 14:04:14 -0700
1343a87854f2cd0e145569a7c9755d0fc194ab22,2021-03-19 10:01:50 -0700
0285d7af7183f83e4dace6bdd16b7793b7e2a4c6,2021-03-18 14:08:36 -0700
de0982970ea59cc16e3694db329f122b1330dc20,2021-03-18 12:02:13 -0700
3f1b73968d1b921646f5cfd2a249382da49a3392,2021-03-18 11:25:06 -0700
ec257fc9b2840e2dd18ec4d8068c7319c405c3a0,2021-03-18 11:16:16 -0700
191adfc22c67285927d60da61b4a8f6567ebdb9f,2021-03-18 11:15:22 -0700
21f7d6e11481f7bd524d8217b51746d3cc95651e,2021-03-17 16:12:46 -0700
017307bc67431a7616861ad09927c4e3327633d1,2021-03-12 08:20:31 +0100
c11baba7dcedc227849021d0aee8303cfcc9765c,2021-03-09 12:06:41 +0100
98df593ba432eb08b18d98331201099cc72879dc,2021-03-08 12:04:18 +0100
346e375f80322e5f328eafd4cb4040f177b6973b,2021-03-08 09:15:07 +0800
c62eacf911d60e1121e506659a0864310dce4439,2021-03-05 14:06:52 -0800
7327e3b1c636ed42bdbe231fc30bcb73e527fee8,2021-03-04 09:50:54 +0100
09b3105640bfe6d0ccd11aff9c6030f110c62295,2021-03-04 09:47:52 +0100
54b219143c2e19fe8b4076a7396dc34d17a8e62c,2021-02-25 10:20:00 -0800
7e9b393c7f16c9beca486971828931457b82eb9e,2021-02-25 10:12:42 -0800
1d2e9719469180ce5a283bdd4f5207adc15cca73,2021-02-24 08:55:10 +0100
503e0c29b5acd99f0ec52449f412cb3dbeb7ae90,2021-02-17 15:18:51 -0800
e0ddda48620f124deb26c16e165f5e7b84f6534d,2021-02-17 21:13:14 +0100
23b268906b9f99f5c20e77363322d501d61db1d3,2021-02-16 11:55:08 -0800
3c4f7346416fcc4058e9c2b354867c456decb6c2,2021-02-16 11:53:27 -0800
d4d0060bc38995777da5cc2363c7af897a908f27,2021-02-16 12:19:02 +0100
92bca066c9eca88313b9ef89ff6c567b8f511a63,2021-02-15 08:28:33 +0100
18dfb16cb129b6d5f953356e3a906fe7a7f2f7d7,2021-02-13 11:34:10 +0100
93b3c781ceaae9d6ac633c68806ee5407e46d708,2021-02-10 09:27:55 +0100
8b22a7b9d828c699a3fa62071ae4fecc62248201,2021-02-09 12:48:13 +0100
27e7625b3fd9c4caba4fa4ab35bf3d6e3d45cca8,2021-02-09 09:50:07 +0100
fc0c1151908dd2c296ffb6d66e5c3f546558dd4d,2021-02-09 08:36:43 +0100
2737bb51c13150543a39851e9ef777574644a11d,2021-02-05 14:01:34 -0800
333cb54b3ba0006ef79c6a5a3f52d11537d5459f,2021-02-04 08:40:07 +0100
2a6f718140eb01ae426856361dbbdcf80d4755b3,2021-02-03 08:30:11 +0100
37e562225c83c227e5994e5a327181fca22d515b,2021-02-03 08:28:07 +0100
1ddeb9bfd4ad5a016e76254391fb88c53f566f63,2021-02-02 10:21:54 +0100
dc235fe75cb19e3077140927a6702dc934124738,2021-02-02 10:13:08 +0100
cb284995fbfc23441be10b4465ed2985b64d5ae4,2021-02-01 17:57:15 -0800
a7f2a2eceaaeb4e101c6fd51a6868b48c8d1214f,2021-02-01 10:54:43 +0100
c5e4c8645bb08c4b0ba65d15c8b4d0084bd09c68,2021-02-01 10:52:06 +0100
86ea505b6d0ab51432c2820d7517f78b61c44ae4,2021-02-01 10:47:46 +0100
efaa993a6c0bde9e2773dc598a4812a4b678de7a,2021-01-29 12:03:29 -0800
bab5a003e84601469485cbcee4fc784171a1513d,2021-01-28 09:12:05 +0100
6c3c9f7cf4bd4d6db5fcd4aee657c3a0f30fd2f4,2021-01-28 08:23:54 +0100
73b4cd417c0b5e841f5390acbf998ac22361fc84,2021-01-28 08:19:00 +0100
0a4a5577de00aeaca7cafaf2bd8fee1abe0030d3,2021-01-27 13:56:32 +0100
663000df507c54f3a6b3367ba074c85815f04b46,2021-01-27 12:10:45 +0100
3f7da147c08cfc5071899bed640c4f3bfe331e1c,2021-01-27 08:43:23 +0100
9160b94aa8fe9936faa21dae07030dcd1fc126f5,2021-01-27 08:42:09 +0100
1efdc1c0807fc7151595c1bb0414ea1dd255e48d,2021-01-27 08:41:02 +0100
c5d7026cc38ce3fdfcac8f569327c1d4837813ad,2021-01-27 08:38:26 +0100
e0e3e3442e09d56c6f33e87c31799a3876ea1c95,2021-01-27 08:26:44 +0100
2192caaf9738cf4efb799647cc5a5f68bf1823b2,2021-01-27 08:20:06 +0100
2ac577bd072f0115d6e6494e12088fb32d36535d,2021-01-23 12:20:46 -0800
775ffdd4c0f1d4ad89d107846d317f1033fccb16,2021-01-14 06:48:47 +0800
86a1912d2873355f26d4fbb63de36439a7da8bf2,2021-01-11 11:36:10 +0100
c7f6066f33e86b9b3bf83a1a0cf365b51c7c222d,2021-01-11 11:25:04 +0100
6dc628a4c3d346c70193d72c37598e9099db8e88,2020-12-28 08:11:59 +0100
6866b519001b79431a4fe8b4d5c4f6196632a661,2020-12-23 15:23:30 -0800
f2dcaff3a087737644a08e62ddd1062fd143e589,2020-12-23 13:32:39 -0800
c2618c148675224875af131ac2edd8c3b468390b,2020-12-19 17:40:31 +0100
a1af31e915ec74a5066b8f1dadb15fd8cfaf8d43,2020-12-11 15:01:30 -0800
2d216eb9c903c0d303f132f753f5def8ff9a9fd1,2020-12-11 08:54:52 -0800
e49331c57253314551f6d8281b514ef8fd382aac,2020-12-08 22:30:19 -0800
00622bce6279ecf40fe044abe5bd7a29722b2535,2020-12-06 18:52:53 -0800
63b3e5a0759f05fde752cc5ade07ea19a8f2b114,2020-12-06 18:51:45 -0800
29b0a9ad3150a9de729d3586b374bc4ba17040b4,2020-12-06 18:50:36 -0800
5741f052d4fd17690a21d2ca5071fe190e0cdaa0,2020-12-06 18:49:19 -0800
79cbf19a449a2dc96745fc563a489375b0846a09,2020-12-04 12:58:47 -0800
495995caf690d63df69abaa3f338ad956912ef40,2020-12-04 17:11:19 +0100
8d3060e925e0fb06c7a1880155a809fe28ea052b,2020-11-25 17:33:18 +0100
286362dba8a2c88ba0a6890dad461add1364657a,2020-11-24 14:06:46 +0100
047a6e927b29fcc62c71946c37b14e17166596ad,2020-11-24 14:03:17 +0100
34074b722b60a4c13041f9c9cb6db4e88e2cec6d,2020-11-21 09:45:47 -0800
1d623b4c39a604a254dffcb8ef6bba8df4feb770,2020-11-18 08:53:52 -0800
514d962b4a62a1284b93c8aba0fb7afba39eeb8b,2020-11-18 08:51:11 -0800
9db16b40ae15f026155cee37eca474195150a188,2020-11-17 16:33:54 +0800
608288f21bb9999719ed04be7c0cd414baeb1853,2020-11-17 09:23:13 +0100
cbf375ff2664327bdb2b6d1051d25855bb097581,2020-11-17 08:39:55 +0800
51f0340bea06f235d1e31d497b05d32e4e227b26,2020-11-11 10:06:56 +0800
8873473c9fa1339faadf078a6a418af44fc89bfe,2020-11-10 17:46:17 +0800
68c3ccc7b7b364233f9a2a29f42d2bccca975231,2020-11-10 17:46:06 +0800
154bbb9719aedfbc99eed85cde1834151a446a9c,2020-11-10 17:18:32 +0800
22d7d0e40f25e52103f3f3b42c804f16a1826bb2,2020-11-10 17:13:28 +0800
bbcb4515b68abac4524ca0aa6506cb6b2f4f59e3,2020-11-06 02:01:16 -0700
c4c6113c324d8e5d35c05bcfec1a7974b28acdc6,2020-11-06 08:25:27 +0100
eef3d8dfe51579e1de52eff1ed2f18f1716254bf,2020-11-06 08:23:50 +0100
525a8842549a735f27a6f6c84bf26821863e3885,2020-11-06 08:22:02 +0100
7e76616ed6ff37891128f426b9794660ea42fff1,2020-11-04 16:13:47 +0100
9f10dee2b170c12d7c700c2610617fe0cba14ee2,2020-11-04 12:11:07 +0100
775603ad19174b14eb7144cae15cd4be3956f702,2020-11-04 15:26:08 +0800
1c9839f1fb7c12c3d0f6e72c8397e4f404d8c7e0,2020-11-04 15:25:30 +0800
a659cf50fe46cfea801199df559663abad0eeaa5,2020-11-03 18:34:33 +0800
85cd302291784dc8502172303ad3a315a15566f3,2020-11-03 18:05:45 +0800
bbb0113d61d3c4c47079f5924ad00bc433925b63,2020-11-03 18:03:44 +0800
c1673bfc140b2a3c2636cfae91c26869e6cf9502,2020-11-02 08:23:22 +0100
4d4465031012a126afcc78dcd3041829fee173d9,2020-11-02 11:13:18 +0800
417f0ea3a14c437a170042463d62d71e7db5e6a6,2020-10-30 10:27:13 -0700
66912fda5accae9174b6d0167982197a5094349e,2020-10-29 18:31:37 +0800
0c841862b547374541815d9dd9dfb4488b49ab44,2020-10-29 11:28:36 +0100
71f8e160b2e8cd16cb18bc186fcd67887150403e,2020-10-28 19:15:59 -0700
d8683b09d6452c08923941391a5926dca4080194,2020-10-28 13:42:32 -0700
651318aa3c057bc334b491a945f57f040799fd9c,2020-10-28 13:37:02 -0700
613af7c8568f7b56c36de8b67ff1ff8eadf492d3,2020-10-27 09:01:52 -0700
b1e602afc93cfd6299c43f99d26c9a6b7bcd27a7,2020-10-27 14:58:41 +0100
51bfd221f8e35c7a69a35286a8988e0dd01ac11b,2020-10-22 22:54:10 -0700
17baf76cb8ac61f1db0cfd36ce0b63787cbefaea,2020-10-21 16:47:11 -0700
ba42e6fe376d29b959eb002e76aa7b704ed47e4b,2020-10-21 08:59:05 -0700
d806c222235271ea381e2be9e19fba9df9257c5b,2020-10-21 08:47:59 -0700
6deb7f495a9111d5720e72dbc19a52ecbfd2557b,2020-10-20 07:36:31 -0700
01214aa6d02ce55e4d20f47179b5e53c32617e85,2020-10-20 08:34:35 +0200
b004bc3b1c012ec23381ec400aaa23136268eca7,2020-10-19 20:15:29 +0800
b95c753a87a97114012e0af2b11972c3df01d48d,2020-10-16 17:15:52 +0200
83dec6e26e9b5ed249c613abc3d65c9e20c6e535,2020-10-16 16:59:34 +0200
d3af27e202716815d2fc1fd8607853c902653788,2020-10-14 16:35:33 +0200
41412bc647f94d6e13d8dde6daa3081c010d0806,2020-10-09 17:37:44 +0200
9427c8b8f89539e4098771f1367b6e8910fdb336,2020-10-08 00:29:45 -0400
b316950080fee9590422907f9833f1d31427a5a2,2020-10-08 00:28:33 -0400
a68c3d661dbf9f7523939ecd4016209288bb5496,2020-10-08 00:27:40 -0400
3a8f4b4d3e762ac24a0563eeaffd068efaab2b81,2020-10-08 00:22:24 -0400
1ab76145b82d4615592ee4bae1667d7676495a55,2020-10-08 00:15:40 -0400
b7814804fc081c6ca72094c5659739f074cf8be9,2020-10-06 10:53:15 +0200
67a02db73d62188fc8a143bd9a37038ae770e90a,2020-10-06 10:49:05 +0200
2c3d8f55895890e73b58a43e337f7ff9ac140675,2020-09-26 08:46:15 +0200
ddfeaf9a11fc82cb3b1225a5754285435f2f7fab,2020-09-21 16:34:28 +0200
8502c2e461f58162a3e498f093a49d4e2eb253f3,2020-09-21 11:44:58 +0200
a432865dd6e9d5096b0ec0c1ac8cd5862068a366,2020-09-19 19:32:03 +0800
7850554a8349cedf1d9236a242e2f7739b471bc9,2020-09-10 23:01:46 -0600
fff74dbbc3132a9e854a128d3174371e5a6fd8b0,2020-09-10 22:59:22 -0600
e827859b897cedbfeaaa167277e57614b399957e,2020-09-10 11:57:20 -0600
057f85ec1b977379938350f12d7ec99ff1162f29,2020-09-07 15:07:56 +0800
a0d49fcb65a40b2b49fbfb6c50f60c7a9f66f67f,2020-08-27 07:46:28 +0800
af13a89c9cc3a90e0da361c9488a1cceb19506f8,2020-08-15 08:34:18 +0200
7645cb839761b9dde6462c28a87a0d1c428bf5fa,2020-08-13 01:43:48 -0700
62f3cd0e60bb5f9e17442512914fa88447932d43,2020-08-13 01:42:17 -0700
d1dac6b9f34ca7e27698914c1c336770d3743333,2020-08-13 01:39:44 -0700
43fab261c632a0f430579ecc05d6143763523168,2020-08-13 01:38:23 -0700
98c0fe706aa380448cfde3aa6b57f0554820f381,2020-08-13 01:36:04 -0700
1df0833a948dc7158f6b839eb61d6c1b1bc3d866,2020-08-13 01:33:57 -0700
b5dab76ca8dfbfe0a163662479eb27763c9354e7,2020-08-13 01:32:26 -0700
f61302268022f3eaef198b4a2d2a3673389ae874,2020-08-12 20:32:54 -0700
b96a5a75403f3260b564ca8c5d5889af51fe9872,2020-07-27 15:06:29 +0200
96f9c5a1b3a0b74d641a288544b6a3a0aa986574,2020-07-27 08:59:51 +0200
3748b9c554c6ba0d5b5c1780d4d35db2a83e89ef,2020-07-27 08:52:46 +0200
4376410a9299191388662b1131ad7452be47ee84,2020-07-23 19:53:56 -0700
cd0970101306a2c031506ea9cea402803639e806,2020-07-12 15:26:31 -0700
e10af23985550b766a98bca1a35d0c9a56d8db4f,2020-07-09 11:37:30 +0200
fbed0db2ad4a0a12eccdc67d92c2ed5dc3736216,2020-07-08 08:27:44 +0200
20eb8d9897b1f41dbd42a10533751dbf5a8f2c24,2020-07-08 08:22:20 +0200
b6ed41f8ed151e7cecc5c94d8cb3451c6c1e2bd7,2020-07-08 08:21:31 +0200
a3ffbd278986edc5d5d05ebf25f1c010e7cc5dd9,2020-06-23 23:37:39 -0700
6483781d7d23b691a59c4057c13a439a344d50e0,2020-06-20 12:03:31 -0700
571a2419eec3408eec010e70a26d6b9cbb446594,2020-06-20 12:03:23 -0700
b7e91423ddb1dfd9c4f00f580b2f9cbaaa26a2f8,2020-06-20 10:24:54 -0700
2650985413081580bc93c0cc88f8c9369238890e,2020-06-18 09:04:18 +0200
b411dac67db385b033db875f5926465201ec3471,2020-06-12 17:06:31 +0200
0bea124989d68376249826e35b179a755eda9025,2020-06-12 17:05:39 +0200
62a5074044ce9d5571b133f4a0a29d77dc4f5163,2020-06-08 14:24:32 +0200
b1c7232b46ab33b20a9a44ef19a815be172e6c99,2020-06-08 14:21:57 +0200
2a24be666a861b1f6eece25a9cde42459b5b32a2,2020-06-08 14:18:01 +0200
a9e604525f4a784133d23666e94d16f101749197,2020-06-01 15:24:07 +0200
26120e0436d0076bf7990b5cea1e41a3e287af04,2020-05-30 11:02:22 -0700
0650d1ec0843931304abd7fd34fb600c0bac54d8,2020-05-30 11:01:27 -0700
859e7ee052ba812d713c497888d9e336ed5077ca,2020-05-30 11:00:15 -0700
bcd4b67b6fea2c878f57729f617a175a0b1ace40,2020-05-30 10:56:31 -0700
08209f47495c75c6acfbdd96691557d581943a25,2020-05-29 17:39:58 -0700
52330277565021c9d30d268cefee3e2bad1db5ae,2020-05-27 08:17:16 +0200
0fe624819b56951daf1a98a78651e981b7629042,2020-05-27 08:15:52 +0200
637bfa756ddba08bf5f67fc2d45124afd5dbc0bc,2020-05-27 08:14:01 +0200
f15b9bd15766d87d04258387a1164260056e088b,2020-05-23 14:41:59 +0200
14ae5c8a03a10e55f778ee542afb5ed9a632eb23,2020-05-23 14:39:57 +0200
e9021a607d55ed1802c44fd503fbf7640ad3ae98,2020-05-19 08:22:35 +0200
993148e5b292a5b5fcaf64c95231e84fd1697831,2020-05-18 22:59:38 -0700
a8eb2d64ef040983493e65ed2c55e3255e3ee3b4,2020-05-18 22:58:44 -0700
a7ca7cff615391d1267f3546735e18b3306eb1e4,2020-05-18 22:57:56 -0700
f373cb5976ebca41ae036a26ba69f1c341897c08,2020-05-18 22:56:26 -0700
fca0a071c3be99326b9075c24ff17ce76faf7bda,2020-05-18 22:55:12 -0700
adf086d54f85fa5321574300360f7fd86d47fe8b,2020-05-17 14:14:36 +0200
27c32fc3eb54e9fe8ec1155f97f2f0079f5f716a,2020-05-17 13:50:23 +0200
8918fb8d5a2d44048edce0f128f97c56a582ba87,2020-05-17 13:47:36 +0200
fe25574edc80f7c53141a0bd610bcf26d6b9b8d8,2020-05-07 09:23:04 +0200
34d35f033e1ef099e60ac75a9d59aecc6c5a2001,2020-05-05 11:24:13 -0700
d2b350845fc93c46dfdadbc498a78a37f74e6199,2020-05-04 12:21:07 +0200
092ebf2a7ec596db0357a072caf123b18a7f29e6,2020-05-04 12:18:43 +0200
94912a9fdca68391866baf598c36708e406728f8,2020-05-02 09:51:49 +0200
a1b187e338fd5892df7816d48c153e61302483cc,2020-05-02 09:50:45 +0200
e4febdbf048afaf6bdcd8bede16ddd80db0cbc07,2020-04-21 13:37:04 -0700
380ed4ef79d0429f7d05d611b48915ac77638565,2020-04-21 13:32:13 -0700
e20a24a6aca44968fe6a597be31e08a552d38dec,2020-04-21 13:27:30 -0700
76286bc5505e4ba1cfeb47ce30bbe627d53f4869,2020-04-21 13:21:28 -0700
f1077a6fa48553d7d8b1cf164e2e5a4f37125204,2020-04-21 17:00:34 +0200
45871dccbb72a5aee30f7bbfaacfa0d6c2c202a5,2020-04-13 09:26:07 +0200
e7430ce25e3609bf77b028e4f0475dad2147c22d,2020-03-31 12:12:16 -0700
665565e9802c3aec4b49df5dd53967b6d1981ca6,2020-03-29 17:16:40 -0700
87981d420d0ae9d472d4e92b7abc145069e17e61,2020-03-29 17:14:05 -0700
e482a125429d6b29382ea56b793daa5447927655,2020-03-24 11:22:41 -0700
86f58e8a7269c8e51f246386968ceed051375b8f,2020-03-23 17:02:26 +0100
c69772b1ace050b166ef69e3bc72d5f2c19cd5af,2020-03-23 19:29:13 +0800
064c364e7bc20033fa7d0beac6286bfce8fb52bd,2020-03-23 19:28:41 +0800
bd3d3b5473f1b8d90d681d03a128c9332c80425d,2020-03-18 16:51:46 -0700
ec3ade0a255d94e8329e9eb3b69ec9c2ed59e6e4,2020-03-18 16:32:42 -0700
05fe83d6ca97d6bc415bb304e4f24537b7b06c0a,2020-03-18 16:10:18 -0700
8201de86a6e04164efa4fabbf91d4c4a67bbd1fe,2020-03-18 16:08:25 -0700
fbfd49a1e0307e5d490a2cdf8cbb840ef88cf628,2020-03-18 16:05:04 -0700
13103341bcf36f5f939c2638830dd7c31bc8811c,2020-03-18 15:15:33 -0700
025d99f5a2a4cc02f3780a11b58a9b9d6c9940c3,2020-03-10 14:17:53 +0100
92f75da3f8711cb98eda2f435bbd57ffe67e87b7,2020-03-09 12:30:00 +0100
21e0e2f9489be85542c882e5aa41a9a7c67ba827,2020-03-07 21:46:45 +0800
407a0299af034423aca009fe353c10a9de15f490,2020-03-06 08:31:24 +0100
9d6f5db2da75da2050ec753b4a3e7784f90c7c37,2020-03-06 08:15:15 +0100
b94d3fbb7540618e13781b3db14e2d2bcb2c823d,2020-02-24 08:08:23 +0100
b84178af53d631b268143f9b8b0a3c3f731bf68a,2020-02-17 14:03:15 +0100
761e42c608689dc595f019a2ac6a92fa1e0d30c7,2020-02-17 09:12:37 +0100
3ae3ad445b9d22b0a6c8b82f8da383955f4d6a4d,2020-02-16 10:14:02 +0100
018648b8cf7ca8e105c976aaa7e941561d2902e8,2020-02-13 17:44:00 +0100
26e03dc8d410627d6a489cd5dd32ae837bc4cc0e,2020-02-13 16:40:39 +0100
9397d111408351bbe329588c026c226b03893f11,2020-02-10 17:13:35 +0100
6989954e05504c345ae9e50c9c906f8291a6dc02,2020-01-31 13:26:16 +0100
e37f3aa03ad4d1ad1e5ded2ffceac3e844e6f46e,2020-01-30 20:02:14 -0800
2836241fbdbe2c8b31718f2374f6fbe50645a2b7,2020-01-27 17:31:08 +0100
a5eb8caaf52b04b24abce07b25f4c609675fbd06,2020-01-25 16:47:26 +0100
163db4496d50cae198b80c9d88c14579f6d2e9f3,2020-01-22 02:22:56 -0800
cfb28fe6ef1cb82f7e8e16f3859b02d607555656,2020-01-22 02:18:33 -0800
965c874d5ef7455de902dbcedc7471bb60ee886b,2020-01-22 02:16:34 -0800
41a468743dd1f0b004179ce406fae291c1b80abe,2020-01-22 02:15:19 -0800
325d9c4b9c2b59c77d2db71129d138d0b2207d61,2020-01-22 02:13:47 -0800
1f403f96582b292c2ea29c92ed22c859c2f9cffa,2020-01-22 02:12:45 -0800
004cfe36af8365c6a9bb198ccf74eab311f0249d,2020-01-22 02:09:41 -0800
8889efa54e7d8997b79445b1541e8510915ec85b,2020-01-22 02:08:17 -0800
0098999ebd9d6269770d9a9a2ddd1190e9c83cda,2020-01-16 15:26:46 +0100
eba63dbfa8c646616b55280c700d8bf5114d3cbe,2020-01-07 16:15:28 +0800
e7dd19bb52d0654006decb383cb35ffcde928990,2020-01-06 08:10:12 +0100
2ff7ca5af53f59f2ba11391292016554ace35720,2020-01-04 14:10:31 +0100
2bbf58e0168df000db1712a84acaecf61d00c347,2019-12-22 18:47:22 +0100
9d61fb4fe4fa2c46a25c12f7fb070878b5bda22d,2019-12-09 00:08:25 -0800
2ca4025e4c699e49c39272a067d8ec6056ca4358,2019-11-19 09:30:53 +0800
62e3b9b6f121c379754abdc76d727e3c53e13bda,2019-11-19 09:28:47 +0800
40f349ccff6840d53b6421fdcbf6c1ed1bb9ca1b,2019-11-11 21:47:22 +0100
b1991e6b395aabc41305981e32183709b2617cc2,2019-11-11 10:04:43 +0100
9f4b1359e58fcd9872e895bc8d8ef14b409f86ac,2019-11-07 19:25:41 +0800
557dfe90f20fbced7459aafd22e7687de07f934a,2019-11-06 14:04:19 +0800
43f8cd74fea3e97de11f4bd90532e884df375332,2019-11-03 11:41:48 +0100
f57962bcc5029512a30f7f89a8d1878df6ac4a36,2019-10-31 11:17:58 +0100
f5d2e5931a86a436068d40dede2c537f4a619ee5,2019-10-30 15:09:53 +0100
7efa8e89e3ac6fb96fdad277ab65d02e924cd7b8,2019-10-30 12:16:14 +0000
d49b46f4e80f7e62456ed252dcfb9d7c2c957bb7,2019-10-30 11:57:06 +0000
5a4213bb0810427ac09d7b47671a42f88b0af97a,2019-10-30 11:56:44 +0000
f8a5974a56cd18a613e16a181c76ab538b0e7ec5,2019-10-29 21:34:06 +0800
8559126a3ec00f2b1912d40d37b8bf8a000b0c4b,2019-10-29 20:50:02 +0800
029e8e0e02d8e384e7d08ca548b593368574cf36,2019-10-26 11:53:32 +0800
798a97eb14da3c00bf73eac14553ab0c06ccca14,2019-10-25 15:20:21 +0800
14c445dae3976ec314ec7d1bac0e2d30a9d0e4c0,2019-10-24 14:39:01 -0700
4872b1f2bbdb0cdde72ed7922b8de25dc17f58de,2019-10-24 14:31:19 -0700
4f56edf012de8fbf1e33657b390f01fc823aa2c4,2019-10-23 10:49:00 +0200
7c24301856fcc502ae2c595195cf48ac62ffe47d,2019-10-17 14:38:37 -0700
114de135f402d2f8de045fb9413e804247841def,2019-10-11 17:22:54 +0200
14c9979047bb4ecd30619a9184e446c2e87fec26,2019-10-10 17:31:08 +0200
2f996dcf0159f945f7ec97ce7402e5d293009444,2019-10-02 11:10:16 -0700
1e63d3c83e89d152cb603955e303b5377d8ab8e6,2019-10-02 10:05:42 +0200
6acb63f91136b5c93bc5a30baf4d06cfaf5eacbf,2019-10-02 10:02:54 +0200
7071dac225cb2e4924e4c1e75225e572270a7135,2019-09-27 16:00:55 +0200
cc9d66aa1826f8d583a9b939a9840657877ed275,2019-09-27 15:59:46 +0200
afd8dbadd8a205fe4de4daa9d0c09680effab49d,2019-09-26 09:06:44 +0200
4c6cf097d9b823c8e839e176a06266a58bcb7bf5,2019-08-29 11:05:45 -0700
4487cee4f14bd495a9b02071e0bdd0fc7df0dbf6,2019-08-26 22:47:47 -0700
171e2f914c05357d9e81c7e951f5c86a0f463a75,2019-08-26 11:16:08 -0700
f1df81f6590e048b93ec21776f931a28f0468a45,2019-08-26 11:15:15 -0700
9e34c9a7e75b87441c2455139a715e39ff985f43,2019-08-23 13:15:59 +0200
9540d8473ebbe49425ece1088047cd544e8427f9,2019-08-13 10:53:39 -0700
0034fe684136e318d1a7e8b384968d703d2dd8c4,2019-08-05 22:28:17 +0800
1df8ae9abd2069d7db7f5551ec7cb1de1b9e3bae,2019-07-29 19:52:20 +0800
1ff4438858df888141a31e4049ba8ad845c9cc10,2019-07-29 19:49:00 +0800
60ff4ec791f94362eee9aecc67670cbdbf2b2ee6,2019-07-29 08:11:14 +0200
832853d7c156e3ea76add272627082a4eb653ef0,2019-07-29 08:08:44 +0200
38e0c2d3ccc1a3f31c6c1f47c5ab059962eb1a8b,2019-07-27 14:48:56 +0200
5311e00f399ae3b5cb39fe03d8b5dd8c0547de14,2019-07-27 14:47:07 +0200
86e8a72c7fcfb38b76bcbf434df586f3dc00a2af,2019-07-21 13:28:55 -0700
5a3fa848f1817d447446f8250de559d631b81487,2019-07-21 14:14:52 +0800
df24f672ae7d0f9503980cd0a8f782470f6e663b,2019-07-20 09:15:30 +0800
2a1cfe249830f8dee0570031c8d0c132c32fe24e,2019-07-20 09:14:26 +0800
b182b7478687328126a6aced27d5359fdf280e5c,2019-07-19 17:48:40 +0200
eecb259de2ac2d2995aab0aa29263529a69a698d,2019-07-17 15:46:05 +0800
ecf1c715f88feb8bcaf08b9063f774b0443f7ead,2019-07-17 15:41:39 +0800
1adc93f05954fdb06d7e8b548d606e281831924a,2019-07-12 10:04:46 +0200
6b892a45f02a6d8d0b1d33235d4134d91e3ea111,2019-07-12 10:03:10 +0200
762a61365408d81a20193ef4ae1d44394746c105,2019-07-12 10:01:55 +0200
b34162a932b93a7e65451dce3f6e10bfda707997,2019-06-24 23:17:52 -0700
54ce17312f53c9b2a1ac3ea83303a7bebebc0a31,2019-06-20 20:22:33 -0700
96fc2e2aac4d026fe336ae8347521d9910165dd5,2019-06-20 20:19:53 -0700
533dd5d6e9d3ac9b24d2462f6ae4d4240a4bffdf,2019-06-20 14:36:11 +0200
f719fb002b6f4f1d73c944e7d3a39d39f79b581c,2019-06-13 17:22:09 +0800
6820f890343e51a6b2b1c9544b90dc1c6ca40dea,2019-06-10 14:57:11 -0700
be3bdd0fa20f818158c25f6b59fcfc89d82c4734,2019-06-07 08:27:04 -0700
839cf3c09add5ed0c33980adbdfced3bb83bba4d,2019-06-07 08:25:58 -0700
fb8b58e9dff3fcdb30cf8faabff442d683922232,2019-06-06 10:58:43 +0200
4fe353425ef6e6df1a04cd1be541139881abae9b,2019-06-06 09:31:27 +0200
b88f4b813f5ee5846b4879972e2c8359ac0eb4f2,2019-05-31 17:24:55 -0700
f89e3fbb751fbef7012e695ed5873eade13ba4f5,2019-05-31 16:49:13 +0200
26e8004e6b93f5acaff7f69dba14511a7cf44d58,2019-05-20 10:53:36 +0800
dba831375ad0f10821c04258fb08f70cce3f4b67,2019-05-20 10:51:58 +0800
7fbd3620a09852e5ac7a4c206bcf2d070151db03,2019-05-20 10:45:34 +0800
36be8362399341022c8de64f9319270726df2cb3,2019-05-17 10:38:43 -0700
335c2aba9bfd24eff224f1afae393026c17a2d5a,2019-05-17 15:39:12 +0800
2ff26d69e400d16f533f424c6e95f2f30189e183,2019-05-16 10:35:08 -0700
f5ddc36cc30c5bab5d2e8ebc5fa552c2ad0d6eea,2019-05-15 08:35:18 +0200
d35aa22ade87969a4f8e932d925c5d134feb764b,2019-05-13 16:06:41 -0700
b4ca4537b62e75f71e3329186652f982025175a2,2019-05-10 09:59:17 -0700
aa84c7fdd24a925f57f087670b205a35fb8ef237,2019-05-04 15:28:01 -0700
10859afb7e8f2ee095e70f4e5482959bb5a3067a,2019-05-03 09:29:24 -0700
707ae5c8536f967c0369f951d6178670c5dd031d,2019-05-02 12:38:31 -0700
41b39c6eff249729a698838e880ad77cc0c18c67,2019-05-02 11:42:49 -0700
973d2ab0da91e5a24b1d30990ca6bb1484f07f7e,2019-05-02 11:37:14 -0700
9bb7e4b8245507ce1aefc9ff9a316c1407016240,2019-04-30 20:20:32 -0700
bd699e61d729f327b5de302089d11bc3dcadfeb8,2019-04-30 10:31:04 +0800
7c62e1232cf8063d3b0f0dc59978da69710602b5,2019-04-30 10:28:35 +0800
42e77802c025964d826c3b57e8f18c4bc464c481,2019-04-28 10:06:24 +0800
86bce12b58f997430f87771abb95854ee41a7248,2019-04-24 18:17:04 +0800
407cb35e594e2334ae687f7c884651c7642349fa,2019-04-19 10:11:08 -0700
eaa6014049e6bc8253f5b0282e4ace8a3aff92e2,2019-04-19 08:44:54 +0800
d23b45ec840b75307ebf4a108053d8539c8b349a,2019-04-19 08:43:05 +0800
44ee320b64ee1d47ee8b278a843bd033660b7aa0,2019-04-19 08:40:07 +0800
316b71923e841c9fdb61159067c4bcf6075d1f21,2019-04-19 08:32:02 +0800
066621507f2d40ea67aa7d7ddadbb9304db17993,2019-04-19 08:30:26 +0800
6f33968019c3452cefc2d78e0258bb3206d78e8a,2019-04-17 14:32:24 +0800
60d993edf50417ace9777d2f40cc2bbc97510125,2019-04-16 16:48:32 +0800
ed008f27807a75ba384246fc7fae6ca3a5a6971f,2019-04-15 14:00:56 +0800
5b8e0971a35f0c0ee3e237b612a52c12a8c4c923,2019-04-11 10:19:47 +0800
90c79444d6211cd66f4259c04c4e246097821b75,2019-04-10 19:18:17 +0800
848f8527f9d4745753b2f1e22ac1b8e981ea0d1d,2019-04-10 09:44:52 +0800
06f2b6f50ca2c6c1ccc630aa9d9fd761abf1becc,2019-04-10 09:42:04 +0800
7ad5849b1b0d9dbf2274a6fd00ad26f7286f7cff,2019-04-09 20:00:26 +0800
d4dbb6bfb6cd7a56a8baf95472a7f6fc680d0ca2,2019-04-09 16:16:44 +0800
5c150f28339d7b32f351f34ee8a7469d265b8613,2019-04-08 22:15:35 +0200
1246826ba749f57d3d428deb7606dd582836ca69,2019-04-08 12:29:48 +0800
1d4cc71fd77ab803a3ebec5a8e7f1b8f51de92c9,2019-04-03 21:40:06 +0800
67f83620eb8ed93bf73322293deb1a1bde8d09c7,2019-04-03 21:30:16 +0800
bfbd6b023b68ca0c23bf976274279ac8338181f5,2019-04-02 23:18:52 -0700
d40b8b69f1b25f4ad3cd9992db616b847fed54d8,2019-04-02 23:17:45 -0700
95d145a15f5410e207ce610b6b4af8758851ab97,2019-04-02 23:16:23 -0700
e2b1dc7f3197891a437f689c35bff93e4e0c9a5d,2019-04-02 23:15:23 -0700
0988e12c7a12e1ffae2cdbe932ba414ec06f40cc,2019-04-02 11:35:23 -0700
6a6d7bbd995acd55389ec209e42e099647c988fd,2019-04-02 11:33:16 -0700
c391fe58dfdb283e54d809a8d24200c9a34d5dfc,2019-04-02 11:21:14 -0700
120d67737f894c8c9ce5d7954c697015f8e7b1e2,2019-04-02 01:39:03 -0700
bf66235e5bfa2aa094d17b7e555d0dd5661a6f4d,2019-04-02 01:32:23 -0700
751e55fa433172422fb82556ff748c5f6f2bfc41,2019-04-01 09:27:42 -0700
138a7ae8569fa36b70e03ba61c57104d6ab94f18,2019-04-01 09:18:42 -0700
b043d1694569a934d9f27347ec2d15180f7a95c0,2019-04-01 09:10:39 -0700
4573285db9e027416bf33ab9b959b952d2b0e8d5,2019-04-01 14:19:49 +0200
e3d807a32a0a9b69d0ac8db3ca17398373dbee28,2019-03-28 21:45:33 -0700
9524a9f4a82dd990aa437a2931bf2e5541ea0a37,2019-03-28 21:44:24 -0700
6c3f33f55fc3754925323b1d077108331d027aaf,2019-03-27 08:35:48 -0700
e35a108c7a47d746d5010ee5178712496741cc18,2019-03-26 22:11:17 -0700
5902ee27be2fb7eeade53f5e8e4afd3fe573ad5c,2019-03-26 15:33:54 +0100
6aa73ce050feb247f491a489a42f6e3db09961cf,2019-03-26 15:27:23 +0100
1448d12aa6399b64d272b9d3f820fbf128cb371e,2019-03-25 11:14:16 +0800
4de5983793707e764c8dc604cfb6308748664677,2019-03-25 10:50:13 +0800
468743e7e45ce5a862ddef41de0e4b87d988402a,2019-03-25 10:43:27 +0800
f26a4cae0e9205ad391c6d4d79f2937871864c28,2019-03-20 10:19:22 +0100
ec2636cd2e3285eefc1eabc2634e5b5576fe81b8,2019-03-19 23:38:40 +0800
8cc7239ac95ea1673b188d57a89aa39d4ecd3c8f,2019-03-18 16:11:27 +0800
fa90f0185c51e8f842148945e4958cbc02cbe023,2019-03-15 14:56:33 +0800
f4cbf8a395150e4ea360ef2c8b1cfa95d6d0625f,2019-03-14 13:19:23 +0800
009eb5d5ba5c4269235aa6727a9e50fe87afbdfe,2019-03-13 00:30:43 +0800
5a3448860be585972aa328aa1602b63ead177269,2019-03-11 09:57:35 +0800
6b602f77883ceaf926e8246ba622c54d048b55a3,2019-03-10 18:32:27 +0800
2576afdbe460e76047999725bd5988486ccf378e,2019-03-05 10:27:04 -0800
db5d7e7cf30d58c9c463ce29c7d7900115717206,2019-03-05 08:49:23 +0100
629230cb13a7ccb1211343dbb0a8bfe7a674ed96,2019-03-03 23:14:59 +0800
73f36a2272ef061444fcb871976ef89c5ca9ded8,2019-03-02 23:20:53 +0800
b67e8b262e3dbf77a7ef5f13c2e22bd191c85d00,2019-02-28 23:13:21 +0800
756cae7462919f03c7eea9dcf2985a1a6fdc64cd,2019-02-27 15:50:45 +0800
4e32ef618fd3b6a60d9ff7f78ea40c8d11464d96,2019-02-27 15:37:46 +0800
b689d8313654de21759b2e2d47210b75434038c3,2019-02-27 15:21:49 +0800
9ad191ca0fc0bf2eaeabdc5dc796c8c53fe390a8,2019-02-25 17:20:34 +0800
9c14476422ee865769152917405607bd330046fa,2019-02-25 13:40:19 +0800
b829eb2e11d211cefb283c0919f2b893d30d2f35,2019-02-25 13:36:16 +0800
35c9640bfdc232fb961574299981d5f85895d425,2019-02-25 13:35:00 +0800
49135b6b48a45a5fbc1fd8696dd595e4dc832da8,2019-02-21 12:41:14 -0800
31901ffd1041fa4cd8374aa4a32ef0ef372a8b8f,2019-02-20 20:11:00 +0800
10272ead9d9b446aeee3d8acd5df9febfd5705c7,2019-02-20 18:43:29 +0800
166be82390ff18c402647838895ba07e3372e51d,2019-02-20 18:24:03 +0800
d511f590c15dd86345719ba842bd373411c6da49,2019-02-16 15:59:54 +0100
0f8322181a0e83bc9bb3b1821736865359ac93ab,2019-02-13 10:31:51 +0800
8c7c377d4ee726ad932dbe6463f5c7c993832536,2019-02-09 09:38:26 +0800
ec6ba500163b9f0b10d4597365d27e162281193b,2019-02-09 09:36:30 +0800
9132659d5c0fa17d04109fad0841ffe637fc40f7,2019-02-09 09:33:56 +0800
a08defd82d412a0c7ebcec8b4eca5d5020fe7988,2019-02-05 22:42:11 +0800
4868b55e6fcfcbf4a5a4aa52a4e1ea7ce74f9562,2019-02-02 07:28:33 +0800
a79cd081114ed45d2e0121d524ea1b710d7d2452,2019-02-01 11:43:04 -0800
1da10f8cfaa7ad2bd132f7136291e20ce2d97d5c,2019-02-01 23:53:19 +0800
2755784bac9af0a48b3c8a0af0cee63d730640aa,2019-02-01 23:52:12 +0800
d8b894f3a1a60e6df2071e8d8ca89e3e02ba222a,2019-01-31 18:17:09 +0800
737f92b2782fc0d027c51ea6bf88cb6b802398db,2019-01-24 20:09:10 -0800
03e7d6e48822e656d6b652359f780f0cb1513bc1,2019-01-24 20:07:36 -0800
3d2a1d9f6cf1de158054e8af242823a29b92e4e8,2019-01-22 22:01:59 +0100
615f96701a461160d6d246e5387668b0e3406609,2019-01-22 22:01:09 +0100
5b737b037e2c771a2e8c9f2de3bbcc6812b80b2b,2019-01-21 18:47:58 -0800
b1f840e5d35d64d29bedbd0f6c6a9c39f08c040a,2019-01-21 18:39:11 -0800
ff8147fabe6a10563849c753e97037698e37aee9,2019-01-21 18:31:37 -0800
8c24f94e171d20c65c21887131c32862c9e5af29,2019-01-21 01:02:39 -0800
2a2f77527628b060f7eca107f9a1a4c885cd3081,2019-01-21 01:02:29 -0800
19a598eb8273cf197bb7ebf373b070c03977d5f6,2019-01-21 16:56:22 +0800
dcdd1e887ef01f7515053f7eb06f8479de8700ff,2019-01-21 16:54:59 +0800
58b9d284dbe8bd67d67e62d3be412db88a4d1a85,2019-01-17 12:34:26 +0100
534366536ea8180b405ad430604389a8948cf42f,2019-01-17 08:26:44 +0800
55c6a66bf06b1b29cb9e76c82d150d0f0412422f,2019-01-17 08:23:33 +0800
d00491bc103dd85fb60307257bc2ad6d44f3118f,2019-01-16 13:24:12 +0100
42fe1506afe04b8068b897c530c7ca7188da503e,2019-01-13 11:04:35 +0900
4c8587715104cde6dbd70d1e7de0fc1853122eda,2019-01-08 16:12:48 -0800
1a66de0f1841309390261e90d8d0d0af7aa2ede6,2019-01-08 12:16:09 -0800
e4265470881431fb7a78c8ab714c237239169e12,2019-01-07 15:41:52 -0800
ed7ca37e96639b8d7105653e971c1bd1b4533f8a,2019-01-03 16:41:37 -0800
e921193b464bc86b24fa63bb71ba85ebb2d523c6,2018-12-22 07:44:36 +0800
52d195700381bb3782a86e983f1a8c62d12bad2a,2018-12-22 07:41:22 +0800
21d71fb9e576d95e2ff2adf7a961a2847b96a9f9,2018-12-22 07:40:11 +0800
bd2b16e880d172d4761461fdbf85c1bd19b24e36,2018-12-19 19:47:12 +0800
6fa8fc3825044e05f06f4408cf5eb410a0bee163,2018-12-17 21:18:49 +0800
b2e099bbc7b13f13825fe78ab009ca132cb3a9ba,2018-12-16 16:20:35 +0800
1b2138fd4ecdbc4dfec00709b51e1367dfd49654,2018-12-14 09:45:11 +0800
616d4c15bf85fcbe3fdfa039c8da875cc94e81f7,2018-12-14 09:43:33 +0800
7e047d93fc9b4407667c7a5d858dcd88a046598f,2018-12-14 09:28:26 +0800
c0138f3758333877739f256303722dd892663979,2018-12-13 22:50:44 +0800
fe7bed386af725e44621b534a6c516b743a15716,2018-12-13 22:49:02 +0800
e05850aad6d0cff0dcb143e90bbbedcc88b2caef,2018-12-13 22:45:09 +0800
6b7c2efc249783033965c6d79e0a5180a4083bef,2018-12-13 22:41:34 +0800
f4bbc21d39a8af5947fafecb2a52febf8b478b9e,2018-12-12 09:23:07 +0800
132ecd74906d2336c31eaaa9ceb529c5cf26efdc,2018-12-12 09:20:52 +0800
d82163f6315bcd59bbb77deae59aa26e84763f37,2018-12-12 09:19:29 +0800
e5cf9d4fe575bbb24fbd08d142a820362763b327,2018-12-12 09:14:54 +0800
2c590322fdf27de008aae9fc98c405eaf2f27b1c,2018-12-12 09:13:19 +0800
9a0da5c5a667704afbb120c029cf1bb309ac985f,2018-12-11 12:43:25 -0800
dd684b30c734642dc1347cd931cb483de2ef4888,2018-12-06 21:02:41 +0100
4c64b3c78d1120d3421a9f50abb9ec9ca97e8864,2018-12-06 05:20:22 -0800
df857dd678810e396ba44531e4c4546e67a0eb7a,2018-12-06 05:16:50 -0800
97dda46fec47e8e8e2e75bcfd35284adf00cf7ff,2018-12-05 12:35:18 -0800
bfd77268a00787cbbc0dc43d665d94ca195c4652,2018-12-04 11:28:53 -0800
41837e680e25ad80a802a2c4123bb0110e30155a,2018-12-04 10:55:15 -0800
b959f8f4d9363a11d27a28150b1fad54123d83cc,2018-12-04 10:53:41 -0800
dce4fd4c16e5423a76a4be7aa76b23a52335c7fa,2018-12-04 12:03:14 +0100
e9699918d9ce0e5f8983387928ba14f64986e231,2018-12-03 11:41:01 -0800
80a12e74276c455775e87e6fea3df4ed530c3850,2018-12-03 16:07:16 +0100
8e0e9fb0fd2792bcce5ce9466ab5d2e1423f756f,2018-12-03 13:37:03 +0100
4f8fae51802c0f51daaa6410fa929d671b58fbf5,2018-11-30 16:29:53 -0800
02f706f18c6a76083bac4e0002f428d27bb8cbdb,2018-11-30 16:29:01 -0800
b39564183eb8cab5ab21752843fe65a949fc96ff,2018-11-30 16:06:29 -0800
d6007edc419751378e5f7efb2a944693c1956401,2018-11-30 11:25:40 +0100
1285d20f5200a1a1e4e5ed7de4c712559c6123b4,2018-11-30 00:27:23 -0800
ce81fe85d55561b6569230b7fcb6b043c5d2615c,2018-11-29 22:51:05 -0800
079013e6637ed3c3ea543cb2a094dbd5c8ee0e00,2018-11-29 10:07:00 +0100
8979e9e0dc7f1c7e6bae2636c508ca529593e17a,2018-11-28 18:41:34 -0800
b0708b58f9d6490ed4e47ec688067bebdeb121aa,2018-11-28 18:10:38 -0800
d7fffac47f013a6902f9b61e8f8ffcb3ed29abff,2018-11-28 12:07:29 -0800
dfbfa8d22844956be599c62f12ed13d8abe52696,2018-11-28 16:31:13 +0100
6d4e5c806ebcb593815ce23e21762cd0672de9cc,2018-11-28 09:19:52 +0100
5602c51192483075686746afb84c3449a470a98d,2018-11-27 22:58:12 -0800
641db3b4ff29d8e04216fee84625546707631e8e,2018-11-27 02:16:19 -0800
1a44de7c26f81e4e9070906853aab172cf2bee18,2018-11-26 09:51:38 +0100
a32e29d66162b76a8dd6f58d3eacb7b62dd07ba2,2018-11-24 21:29:12 -0800
4019f75536d99d4af85269221811f2e41d4f8fae,2018-11-23 18:50:47 +0000
4d3ffae69e96a0ed9b1fe68c43c5192565f56f1b,2018-11-23 16:44:35 +0000
d02cf45f11b25fbdfdf3206790994a720688ceb3,2018-11-23 15:57:35 +0100
9b3c6b73d8f667d52eb78025f07d3aedec6e9de0,2018-11-23 14:32:31 +0000
32ae78311c1a284551e2a6b6941d11d05fec097e,2018-11-23 00:04:44 +0000
2a5e37c186387998aa0d7cf36766777d7e194151,2018-11-23 00:03:15 +0000
b52869bfff2caf8d2fd525a25828e95a3014a2e9,2018-11-22 11:20:42 -0800
8c65088dcd019fa9fe17d39745ca1400ccf7bbbb,2018-11-22 11:18:42 -0800
10df5e7f0f5b6554844f378757edd24e1f3b2fab,2018-11-22 17:45:48 +0000
c6031e0bdc8002b9cae1e1a90d27a32d9e315d5b,2018-11-22 15:23:30 +0000
ac7c567f81376dcf277467f2097a90c101de447b,2018-11-22 11:15:35 +0000
f49bd035db01f5b50df88c6c43329f7824984181,2018-11-22 02:42:45 +0100
79bb0b1c8570359b2ac9b1e4a5c84ac3eca93496,2018-11-21 18:24:59 +0100
2260cb4d99990cdd3edbaa3591ea26c3643502de,2018-11-19 15:23:36 +0100
1a030239d6c3c221b140a02e3ef8ba137f709985,2018-11-19 11:26:39 +0100
fe50b8c975acce46a2ed680c82de62cba36b058e,2018-11-17 09:11:31 -0800
deebe6db0c2fbd89cd7558e3a7ce76ec076aac5b,2018-11-16 14:10:26 -0800
0c623d54ed15102667d2d1ac389998a1ffdcf11c,2018-11-16 14:09:31 -0800
5997963d5b68d6fc6d341352fb40562eb92dab2b,2018-11-14 15:12:57 -0800
dab8310f09c963112bb7a3efede5763ac35ee185,2018-11-13 10:35:24 -0800
450f27ce3c80f78151bdd962c9deb31e92df6620,2018-11-13 00:54:56 -0800
1590ca3c7056f878cf1d0c6298f277d4cd04315c,2018-11-13 00:53:33 -0800
9fd28d0cef37b0c69fb015a864c3629652e2aa38,2018-11-12 21:11:59 +0100
8ad1e9031eca426324583d29b50d6c70046310d5,2018-11-12 13:54:34 +0100
faeb9bb89c40045bd63681ecab662b838cdeec32,2018-11-12 13:42:59 +0100
398aa4cdc4b168f76d453fd74eda66182e24b21f,2018-11-11 13:30:15 -0800
3cc261a6ad819613026da6b856f1a1719b35d9bb,2018-11-11 13:28:58 -0800
dc2aaaa070d9a8d393409b69c80ad668b70f6d2b,2018-11-11 10:42:32 -0800
86dda9a3872028d7d06fe43a148d0e7547e9b26f,2018-11-10 01:34:57 -0800
843c0cc2fe73fc59d743e41dde81178608a29b8e,2018-11-09 16:32:37 -0800
e31e844505c59a9c119c6896a7f789db8f432dc2,2018-11-08 21:47:12 -0800
6b99ff73278d4e655509f61ea44284e54716f5a8,2018-11-08 08:51:10 -0800
102475a954eb0c00c1cc2ccf022db4b7c0bb9eea,2018-11-08 08:49:32 -0800
da3bd81ef8849589d63d6051c4f1dc86981c7436,2018-11-06 12:22:23 -0800
108747149e9ebc2380b0f92905edbe93034c075a,2018-11-03 10:42:49 -0700
40b0bd101dccd3cd9aefc8c3e915b34071ae1229,2018-11-03 10:41:19 -0700
911a08f7a3bcb82688f9d1a5b6ef7b86a615a2f9,2018-11-02 17:47:37 -0700
d13bffc0a2853b8d2876c3314f6732eaf576534a,2018-11-02 14:41:09 -0700
49924130d083015b788c43f057d66c993d343c82,2018-11-02 09:59:38 -0700
b17b1657e938aa41d747fd49537559c4f29860de,2018-10-31 01:18:57 -0700
f3b8c6a78f149e442e40a1e3d1d0583ebe306e36,2018-10-30 11:47:54 -0700
676dc825efefe7222d8da11d9a7bcf15247f18eb,2018-10-30 11:46:31 -0700
41e4bccb9694e1f373e919f6891b8e88b2232c5e,2018-10-30 11:26:50 -0700
6c2d58ef059ad64d36c71b205061c2d6aefaab35,2018-10-29 18:53:19 -0700
d9444ba143c9cdba4af427afdd9f0b696c1d7683,2018-10-28 21:30:23 +0800
fcd63f9a78a59aa48c693b4491fc5241ed350ff6,2018-10-28 21:06:18 +0800
86fd29525266dbdb8fcb7950321d99c1b565bebf,2018-10-28 21:05:28 +0800
3d8bad44a40ce5cb173df5dfd7cb06d81bed26e1,2018-10-28 20:56:47 +0800
f52d5dd11bb1e6059fbc841e41b242a828a8b768,2018-10-28 20:54:53 +0800
6bf69714ed2e336499bec7d3513773bf8a4f2a02,2018-10-25 20:28:57 +0800
2f73da607714b622ef5aafbf073d46b55dea89a4,2018-10-25 20:15:18 +0800
afb62329a85ef8c28c013a9f8a195dc22cbd3ad9,2018-10-25 20:12:27 +0800
379d2ba8570eed1f92f8a468158f1a2d0861aaa6,2018-10-25 20:06:58 +0800
7016d0af6850ae565cc674a6d286782bbb5ba33a,2018-10-19 08:33:30 +0800
345ee95ff5c1431c382ecd4ba8cae3bfed457d6d,2018-10-17 18:56:41 +0800
26c77d24f848a42c8e339820dbea869233f9475e,2018-10-08 18:02:35 -0700
5fe5a6277ccb2dd63b7ac84c03c6c3042a9c2c1c,2018-10-08 17:54:30 -0700
df6595804cb1d78f5b531ae2db3a7c751439eb1c,2018-10-08 10:35:25 -0700
c5c5795fc737bbfa52f130d83a2fa2ede9bd581a,2018-10-05 15:38:53 -0700
ba6d3ee3d0005c809d926f952b1c1b4d33215dd5,2018-10-05 15:36:00 -0700
125fdb9761ffaaf5551d5e192d82b23fe555165f,2018-10-05 15:34:32 -0700
117ba4d7e2965f520d98a96a6ada7af54d9947ce,2018-10-05 15:31:28 -0700
ece38f5994fd30d1f132e6f45ae15a406cc926bf,2018-10-04 02:20:58 -0700
3c3416669d750b70d4f9c0e3ac1c704b77b45023,2018-10-04 02:16:47 -0700
97c6656a9600d20763202ee6a7946383da1bd712,2018-10-03 08:30:42 -0700
cb7b0916978725e4f42814c9ba5824b5dd1b0209,2018-10-03 08:29:52 -0700
9b00ef3760a96ddce7e49e6cfdf2f7740554aaa9,2018-10-03 10:34:44 +0200
897c643e4248fc9fd716c3124b007aa8c540b6ff,2018-10-03 01:31:58 -0700
b6db915f7b787b100a4feeb5999bf288cf8737ed,2018-10-03 08:15:35 +0200
4dac14b7ff3844b1d7e41515162c44f0e1ab9a1f,2018-10-02 22:03:28 -0700
c5cd2aac5430382767f54fd8c3f62c86f6322ab2,2018-10-02 15:00:19 -0700
0ee2c042a6c0430624fb6db8393dab5a7128a176,2018-10-02 20:52:18 +0200
bbddabcb0b77316558c3cd12fbaf7d6559b6974d,2018-10-02 11:35:47 -0700
337b4c04aee608ff3fb5efb74c52d2445b6b6b81,2018-10-02 08:33:58 -0700
7da429ea0e4f29b11da532f269196047162053ef,2018-10-02 13:28:59 +0200
3446c2cdb9c49ab5f547657a5d12e92022b56721,2018-10-01 11:12:05 -0700
580d29e47052fad058456c5028debe75701ea3a8,2018-10-01 08:17:36 -0700
443b24a630500cd248041de4583f09dbce90c398,2018-09-30 11:39:08 -0700
dd1c8e0794786ea2e87918df451f912d84098a67,2018-09-30 11:37:41 -0700
0c4accbce977fbc6191689bcb5792e2a3563eb78,2018-09-29 20:53:34 -0700
7f2564c49d6ad7795908886433d3afcc4155c9d9,2018-09-29 18:10:27 -0700
e2e3912dac624c9e892b6775dbe267b603f1887b,2018-09-28 12:05:38 -0700
33e9d27beb857834e4dc7b5ca3b69bff9d89bb9f,2018-09-27 10:46:05 -0700
1f0bc8cabd7fd25af142f4963310b5205b146ceb,2018-09-27 10:56:58 +0200
ea334eab4a95654ec6a15b7c23aaf4c8c79ba11c,2018-09-26 11:27:06 -0700
7d7c88e46baf17c2893585c6d7d958df6e92f0c0,2018-09-26 11:25:40 -0700
890808a765e2869289104cc9c332eb6d2f539fb4,2018-09-26 13:22:32 +0200
79709a48dcf8b56a0f7e83e5c4fcf8aa23cab628,2018-09-26 13:20:21 +0200
a04642bb2baede4fe6c2dbfe8eb89abf120f2f28,2018-09-26 02:44:42 -0700
fa2f19d076cde5514a5f24613045b14a491871d4,2018-09-26 02:43:57 -0700
2837f6257baf15dc9dd9eb4bcac34596b442be33,2018-09-26 02:42:51 -0700
d8e0a9aa6097eacd13afc2898f89627a15e59e02,2018-09-26 02:41:42 -0700
e4f1d848714fddb86d5ebf9832a8605074e63ec4,2018-09-26 02:39:32 -0700
c02e0fbd2a0618b9a4e40c995a186f003ab9070b,2018-09-25 10:38:12 -0700
bb818f2c5cf1a92cb45b2e69a9be452708785cad,2018-09-25 10:10:37 -0700
cd85888086a819b20325d997680abe91ac3e786e,2018-09-24 19:15:33 -0700
af246529b0728087b1c65a50b919abe7d4b5103f,2018-09-24 00:18:21 -0700
4f0d2a195bd9be3788876b47813cee1440cf005c,2018-09-23 23:09:37 -0700
4deb4d15390f4b633021539b3c92806291411f57,2018-09-23 23:08:42 -0700
c7f1e70f437423ed70f6feb02ef14d2d032abb9e,2018-09-23 16:37:58 -0700
72331e21cc84430a8f77f757557c8d2fbddf3554,2018-09-21 08:28:51 -0700
45321ba7981fdcdcd3194b14a055487b1a5a227a,2018-09-20 10:09:30 -0700
04edde0668c30b79391f9d00ded0494bbc9aca08,2018-09-20 10:04:51 -0700
0284c147d5a81578b7005af6f8ee5bd28c6cae15,2018-09-20 01:08:33 -0700
a9665f8494ae7e6fb6066ebfb652e72228fb677b,2018-09-18 10:42:52 -0700
0ab6864e51524ed02e7eae29cbcdfc94a0c6d073,2018-09-18 02:25:03 -0700
c9dc301feb48ca170c3d6205a36fca63a4950c5a,2018-09-17 01:06:45 -0700
e04c791499e51f2d5b4f288c5f349777103c555d,2018-09-14 10:33:17 -0700
b2439d67073c880d350f93c1939bbede5e00ec49,2018-09-13 23:47:26 -0700
5a818b226bf2c3e3d9d649ffe1e690af5ec2f794,2018-09-12 10:00:53 +0200
d8f2cd1b88a144b6a00c5b8d68c8071d014f5ece,2018-09-11 19:57:26 +0200
c420b39a3dab4e9f8896c59d92cbfe4e9a7a0d30,2018-09-11 17:25:23 +0200
052908ef30818d9f1e6be56bf3a3e3083c5bd6fb,2018-09-10 13:20:45 -0700
0446c823e36c762479cde9f69883175f8b140074,2018-09-10 13:14:08 -0700
cdd659471e1fb75aaf7738302dbf0dfaf44a9127,2018-09-10 12:58:47 -0700
74bd92605bc4986705031aea8943905dbc9f9f85,2018-09-07 15:08:57 -0700
8711c3b911beb79c20ca87e47077a8ab4ccf5025,2018-09-07 15:07:18 -0700
f1f5dfe6d42fae4006bd16f284db211ff441c876,2018-09-07 11:42:11 -0700
992db732f42e5d4425ec2f986fb42e29515a182b,2018-09-06 22:02:04 -0700
318893399b8040a7d291b8094f0d218a3b4e4f1e,2018-09-06 21:40:10 -0700
40185e1f39fafd0c796cec38d463ebd55edaa250,2018-09-06 14:14:13 -0700
83aae3357ceaa40f2ae70c186da951b8f52f57db,2018-09-06 11:16:09 -0700
d7c99f86dd60534739c9eec1c826b4736c38c162,2018-09-06 10:10:38 +0200
a031e0ede1767960d191d70a6cda21990d1f541e,2018-09-06 09:34:23 +0200
5d0d0569f0f394f709e66371643d80d5bb79a2d7,2018-09-05 12:11:58 -0700
18a40787930df990e9e3ac3aad58011dc65b1b9f,2018-09-05 12:07:29 -0700
1db41acf1503e38694dba60adb478b2bfb4d41f9,2018-09-04 14:54:05 -0700
8326b3033390d649261aae2f3576bb7f922f1f3e,2018-09-04 13:40:05 -0700
c766575c7b36c2692fe403c996a3fd3516e5708a,2018-09-04 12:31:15 -0700
af9d4c312ef1640fbbfb6765943c9a83242a4f37,2018-09-04 12:29:51 -0700
04ce76aac703b4ad5c2e809edba03b3dbb6a80e1,2018-08-31 08:43:38 -0700
fa498fc110480adf6ce77da1f03216e3ff4eb198,2018-08-30 23:31:02 -0700
18ce02ccd30607a70b694373fa4bca1719bd1d34,2018-08-30 11:24:54 -0700
4f70973aef55813ffccb6eb312e3fc6cb089207f,2018-08-29 10:37:30 -0700
dca54b531e90cb0a0d91628efedd30959ee62ecc,2018-08-28 15:42:54 +0200
9279dcc13b95406dbcb7a333fcb8a8961f52bf16,2018-08-27 22:40:27 -0700
73b428c7975c975f25956815670493a7093441ec,2018-08-26 19:51:08 -0700
3672a280e9b1f776514cba7066e5100aa7a32d08,2018-08-24 14:36:31 +0200
dca471dfddbdbdea3dac029ddd76958340fa6629,2018-08-23 10:19:02 -0700
a5b4b93d76d69caed5800a4d4a56bd3e8add92ec,2018-08-23 09:51:45 +0200
77b7fb870ef0fc2743dbe444c768c6c63bbe6875,2018-08-22 14:14:29 +0200
b9916d3d87208af36be6a7b061a594a33c897271,2018-08-21 15:12:21 -0700
4eec3ce0f3dcd16b5ff84f14a95f9acc1d78e552,2018-08-21 15:11:10 -0700
5f2d45c8fa0619d50423f1672303fea2d1a59238,2018-08-21 14:08:14 -0700
f782a9d818a12479d08c580a68b2566715da4c89,2018-08-21 11:42:14 -0700
dd964d6388987d2431b9fc5afa87d6e2e993feb8,2018-08-21 11:15:14 -0700
8e103282de68102ecb1cf4cbafae690ef0914f6f,2018-08-21 13:23:12 +0200
299fb58deed3dc284342716d52b7f918cc6cefc4,2018-08-20 23:30:52 -0700
f5474b1380b73819ba9f85b42d006f9ad7e45aa5,2018-08-17 13:04:22 -0700
bf7e15e04f8f040abb0fe346faa762f95d42e447,2018-08-17 08:57:18 -0700
0459d673891c911ba8ed8e83a90f083b71a9d413,2018-08-17 08:53:13 -0700
987f8046d9f253354c512bd2aa32307ff9ed1019,2018-08-16 18:42:10 -0700
d57cc6679b4181e514d04e8f3f1d7e598308d78f,2018-08-16 18:40:18 -0700
a7e66e1dd84ff17c918dbbf54e5baa18ff9c9c9b,2018-08-16 09:53:57 -0700
b0c04dffdf0c6f243ef9f17326c9e5ad83d20544,2018-08-15 00:36:23 -0700
36d8590e42f8f34f79568dad7494c38c28adecb4,2018-08-14 11:56:15 +0200
511fc810d753dbdf147a2e2eabb9065192cdf7e5,2018-08-13 22:51:07 +0200
046debbb1a315dfe3ee46064391cb8882ce3d9cc,2018-08-13 13:18:43 -0700
83f78c3b8187f7f0e4a93c50055e2e08b0bdd4e3,2018-08-13 11:11:36 -0700
3ab6e9253555d013a8c6eb3b90cddffa090fcaee,2018-08-13 15:00:02 +0200
6b9cbf2052b27f331553f2738483ae21bf12b49c,2018-08-13 10:39:36 +0200
269f609f6573ed2b529f20eb8e2e0182baa9db12,2018-08-13 10:37:34 +0200
9a2efacd08e2360868b79efe10296aade8e2e5b1,2018-08-12 13:43:03 -0700
dd5b938fd48bfa1164b94fa083b1b39e6094c7a4,2018-08-12 17:09:47 +0200
9cd10484f527c8f2fc144c94fe92588a3f30904e,2018-08-10 11:49:01 +0200
5f3d28228ac984ded435d932b05cb1d348694dfc,2018-08-10 11:48:54 +0200
f4094c4992d5b22630fa633085a00a9152b87ffe,2018-08-08 11:04:43 -0700
123ceabe0a3de46fab6eb61bff9d530b7e212100,2018-08-07 17:33:09 +0200
afa1c2008ddf2eff7cec3fd9c055157f41e0fdd3,2018-08-06 15:34:03 -0700
2b14458d966f80d991cec35ed7460639db52997b,2018-08-01 11:29:41 +0200
7ec196624f0cd0cd1d57b47d24d35788adfcbcde,2018-07-31 19:25:59 +0200
130cccba2b218e965660ddd3266af30aeed56d0f,2018-07-31 12:50:50 +0200
e0d82804cefb97e8eaada19c10bc0e0fae70f002,2018-07-30 08:45:21 +0200
fe266906c83b38d25a575fd8f745556e132e4349,2018-07-30 08:44:26 +0200
f40a29ddef3586c53fad4b9098a85342390a498b,2018-07-30 08:29:32 +0200
f265f6e5c05ece3db8d1e2f9322f8d68ddeefa74,2018-07-27 10:59:07 +0200
3ec8231c58a2ebe50c0c6a082e2feab231540116,2018-07-27 10:16:07 +0200
16553057b0ddba53ac169c4fef81336e2bd26116,2018-07-24 14:06:08 +0200
d3e9d56c18df337fa22da47aa8458bde5b74d141,2018-07-24 13:11:39 +0200
3ddbaace58a2b95304d7b05e5c86afb9f509c067,2018-07-24 13:10:04 +0200
21f125d76870d7c244b87ad32a2f6f52421778eb,2018-07-23 14:21:24 -0700
43bf7a40da1ff5fe6f784accc2bd3f9194490186,2018-07-23 13:15:32 -0700
573e86b6c13a106d748c01778dcaeee9d45c39c4,2018-07-23 11:11:18 -0700
ec7fb62f025a3b03b42fd92b38bc836515310fad,2018-07-23 11:04:33 -0700
50f29ed9425095e2115b7c18518b8e9a81c204e9,2018-07-23 11:02:36 -0700
424204ebecb8ba2e4856cb2f570f3a8bf1589da8,2018-07-23 16:39:46 +0200
1d8366a0a2468856d3a5671d36b17f542cb0c75c,2018-07-23 16:36:20 +0200
4d5353bb7ea6c7f6cf2cb62992d122b265687b05,2018-07-23 16:35:02 +0200
89f8ee91ff768664b5da2c52fcac1d1b7f0614f0,2018-07-23 13:53:38 +0800
e5b144cf45dd176d0369e7dc0ada2bb53e34d912,2018-07-20 13:51:48 +0200
f4ef21fb05f9f5826413bedb04cf00da85d56416,2018-07-18 00:15:05 -0700
3a52ce74a92ac84f61a5834ef7ee701a7e6f7988,2018-07-18 00:14:19 -0700
7a2e73177d3147221a0992455a9b73049d9a5447,2018-07-17 00:36:30 -0700
1760c0590b6ed775ca55911f4e2a177234c59cc7,2018-07-17 00:34:27 -0700
b1d23b483a06f987efab8b794a9e754dc4552542,2018-07-17 00:32:27 -0700
30175bf0b924a7da16cbd5ed8cb7e870dff76d73,2018-07-10 22:32:14 -0700
e3884801569725283963385a35f63c5d1d8b3880,2018-06-26 14:23:43 -0700
28dee8464764b0edceeb31ce24424f0947b5789b,2018-06-20 08:36:51 -0700
cf89f25677877abb172a95cd2c40bfd760b225a8,2018-06-19 18:13:09 -0700
10c510333d904debf54eb832524f6e09dcc0685d,2018-06-19 18:08:26 -0700
bdfe2291d93f2a5c9baf68a4e2ee0b8648e73062,2018-06-19 14:10:14 -0700
880294f512102f6d841517f827ce2740a0eeeac4,2018-06-19 11:15:53 -0700
7204d3762fca005e3fcffa625cd15ef83576f120,2018-06-19 11:13:37 -0700
c7aa989865d6a67c7377237e89e7cd7878b58645,2018-06-18 11:16:15 -0700
f7dce110fdca47c93664d1d9c71cda8cb08c9cc2,2018-06-18 09:05:11 +0200
c5a36219bbb7cfce343137bf3c361f7eb80bd64e,2018-06-14 16:57:33 +0200
6476fc323fffd328ed9620d9aa39c4c232f8d2be,2018-06-14 02:13:22 -0700
134a6c25a846731dc2ad0dc6c3e848170557b7b9,2018-06-13 17:41:02 -0700
9f55f78815c80d6b335d8e1cf6fd91196aeb8cff,2018-06-13 17:35:34 -0700
53792ec1c3593a00f7b549fb6146182f8b74f10b,2018-06-13 10:42:46 +0200
7b04ce80fd56250afa37efcb60b61a1bf235256a,2018-06-12 19:29:15 -0700
b65fa438d6212eb4a89a848b4f2642ba2ad573da,2018-06-11 21:48:02 -0700
42f6ea63ce6cd00cc699ff54272437aebbb985ca,2018-06-11 10:41:31 -0700
fa58c9ac7b6efd95424319238993e8eb62fa6aa3,2018-06-11 10:08:03 -0700
bacd4c12debdeeeeb30eec7666fcadee037cfc08,2018-06-10 12:13:50 -0700
6d13b8e90fa89b46cb847b0928c0a24dcd3ef2ea,2018-06-07 19:20:11 -0700
852367f053a3268885718257cbac55b696117670,2018-06-07 18:45:30 -0700
5b8614f088d470f2eb7d8fc96ef92e42a8e01cce,2018-06-07 18:43:07 -0700
4764c7637ecdcadfaddac74244d5c78449589c07,2018-06-06 23:20:38 -0700
2b66cb16d6f6a16c556ac304d3337a74f99a95df,2018-06-06 23:17:00 -0700
2aad54347870bddc03aa071c67eac18a23beadff,2018-06-06 23:10:18 -0700
dc30f4938664cbfe07f061e35007c37871ad6b28,2018-06-06 23:07:04 -0700
b8a5289a968e4afca2b7ef557fd978234c162b2f,2018-06-06 23:05:07 -0700
3a663e491e92c4f329dfde091f937f41dbb2cace,2018-06-06 23:03:48 -0700
798e6b8f3f26d55eef7ee50e8a4abe12db477e57,2018-06-06 23:02:52 -0700
acec56f4928acbefbe3670ee0fdbf2c5d65f15d4,2018-06-06 22:59:13 -0700
204341825d616ee8e31317a2a0230049b2f4d03f,2018-06-06 22:32:39 -0700
08c115568b1ef63bcbfd885f5ef252b4f3db0720,2018-06-05 23:57:38 -0700
9a0bf5a0d9fc6606a57ff87bdb484386e4caab49,2018-06-05 23:55:34 -0700
7bbd3dee4e060046fcdf06294bb9d18bb22b41b9,2018-06-05 23:53:27 -0700
bfa4f9d5f10897ea854865d260248af9de6e10be,2018-06-05 14:45:33 -0700
b9b46172c4f7ac1aa2a42ff8b0fceb24ef03ed68,2018-06-05 14:39:52 -0700
1b5aba204e0e8b3ae85d467abd42e0478bea99df,2018-06-05 13:04:38 -0700
9ca77faf2ab2d175a7bdefec94f5d9a47b08d4f8,2018-06-05 10:59:17 -0700
ecf5de6af7f90a3bf5a8a65177bff6078995112c,2018-06-04 23:53:16 -0700
879253176ac3df556242d0dacd7440b6e501af19,2018-06-04 13:30:43 -0700
9e937cfc9da15521fff1946ad3470d1f35b3b016,2018-06-04 13:07:42 -0700
7a2612076eba9fbfd32aa177c66e4a1d0b58edf6,2018-06-04 13:00:04 -0700
4582050a8d51139dc4302a010a7bbd837d849cf8,2018-06-04 15:46:33 +0200
0cb9de02c3734f7811c0b36e32e612542533791a,2018-06-04 00:57:09 -0700
9472596792932cb785ac842544b45cc45bcf6578,2018-06-01 22:08:46 -0700
319f761ca1769d0b35aa70c99b3a1ea8795acaf8,2018-06-01 16:28:17 -0700
9b1cffd1332e1748aed994e520daa1d04a1ee82f,2018-06-01 09:42:20 -0700
1f4217609f9e77d6ec7158e6158e0683308abd09,2018-06-01 09:32:57 -0700
cf6d8b40da75e8f02ca3790763bc9c70d1d677ef,2018-06-01 09:30:49 -0700
a804faeafe40e1ffd74e85e8f7104811c02cd8c4,2018-05-31 23:26:04 -0700
24e097f8d518d574db7aefd04d2d2cbaba8ea425,2018-05-31 23:24:02 -0700
5521a9f9109c59733323760fe54c4149635be633,2018-05-31 10:45:59 +0200
f65d47f0e0df796ed4b4bd6e028994ad2592dfd1,2018-05-30 23:26:08 -0700
27c13835d3facf4618706079ebd704c0d8f163e1,2018-05-30 10:18:15 -0700
4bc021a438ca1e5acff23f7e3cb6cdb6984c1066,2018-05-30 13:14:32 +0200
254b4464ca2a8775afb3b1ac2eba57ca920b36a4,2018-05-30 00:56:40 -0700
16ef25b64ef3f9a3bef00a382dc1ae2a58bdd108,2018-05-30 00:55:27 -0700
305e3fb327a4ef478b0c69a8a9389fd68c6cdd12,2018-05-28 18:29:09 -0700
ed895a160444cb1866467d25148b16b6629991ce,2018-05-27 22:57:22 -0700
42aae8d8abe5ee13e5b76283adadd3456cf87558,2018-05-27 22:56:33 -0700
1457825086a5a73cda2142e0984e7c858e185b8a,2018-05-25 20:52:50 -0700
7ea615e1a2a0f661cadf89fea3c668c82969cbb7,2018-05-25 15:02:03 -0700
5fb4112eee2a54232995e06f2a5f1acffe4a5929,2018-05-25 11:10:22 -0700
7075e364fcfe871441c3eef58d85d6f0484ca956,2018-05-25 10:52:13 -0700
059ebafd63fc7ca99e5e418d83c2b19b1275cade,2018-05-25 10:49:57 -0700
bff7106b307ee9a2cac041c1f1048478e03e6b24,2018-05-25 01:02:06 -0700
6bfad08b4851406c219c1b5dc445c33453e7ecc4,2018-05-25 00:58:26 -0700
78ccddfeeda9de0187fc379799507d27fa2aaeaf,2018-05-24 15:48:59 -0700
3aeda6fc98f379e4fa663807c3fd9d75e6092b2a,2018-05-24 15:45:47 -0700
8f48b0e305430d767f665c408450351ae067d19e,2018-05-24 08:36:11 -0700
0c14137dd515c71e2d68da07c78cc5772a2ad25a,2018-05-24 08:35:33 -0700
e475ac3343f51b7ee0796eebecad829330baa92a,2018-05-23 15:42:02 -0700
ea0b90cd9971b99be17b4e1ae9dbcd66c630daa6,2018-05-23 10:56:58 -0700
b0b69a337b4220752dfb512fdb99cfc5bdab564a,2018-05-23 10:56:04 -0700
e34dd384c865a3494079ec9f38e4a0d87bd0ce51,2018-05-22 19:11:16 -0700
206443dff3fde2ca2eaa355b9799ecc6d5100988,2018-05-22 19:09:08 -0700
f4e234439ef45bdedb244bc2375e2f9d0426c20c,2018-05-22 11:43:31 -0700
9655943e6be5ac86060134c16ec24d6f0c822f56,2018-05-22 16:05:07 +0200
c8bcecc3fb38932a2e6444d5362ad1d82ee630af,2018-05-22 01:43:46 -0700
445347cdc82aef61104bb8afced6b333bfc041b9,2018-05-22 00:27:46 -0700
f6778ab7c1424bc5d71b6b52337649c0b06ae669,2018-05-21 22:39:40 -0700
44259ab273589c1ec5d04c7e8653d21d443da34e,2018-05-21 22:38:52 -0700
916cd6655a70407e8c251c74814543ba1dbcf026,2018-05-21 19:02:35 -0700
0fd1f4f81ff9acf3ab6776a8afc5f3673b786a2d,2018-05-21 14:54:52 -0700
9ba4c4e0d8be770e03110a958fb8b75a65ae0f59,2018-05-21 14:53:43 -0700
5bdfbf6a673b69a9027f85ad4e82c427d41646be,2018-05-18 12:49:31 -0700
2414ce0526f64663d6ceab1b642862ff6f8eb1fa,2018-05-17 01:39:04 -0700
8c077a93e50ea844e0c39ca042ed2aa8cbd6d256,2018-05-17 01:38:20 -0700
a26747890195549e21d48d3fee4f36251ee613d6,2018-05-17 01:37:28 -0700
7446d5c5d999c88de3cf2b9a36d793295c751a91,2018-05-16 21:00:42 -0700
92591733c8b778f63cd71a00b2c7ed2c69c41312,2018-05-15 11:12:54 -0700
0d862fa42792301f26127addd5cc5a6a0114ce9b,2018-05-15 13:55:36 +0200
6a48cd580814d71f931668fd78025f70aecf485c,2018-05-14 13:03:54 -0700
94c7ce0ba535181bc0fa78c4cb4cc612b1d6b773,2018-05-14 08:16:22 +0200
cd71e0981dffa92edf51f9665117a30265b1cf4a,2018-05-12 19:32:57 +0800
eec48c4e21145c361dcbd749ab699922dfc0c68c,2018-05-12 14:45:25 +0800
175c8ded8417bb50467218edcce5fc2971f0752e,2018-05-12 11:13:29 +0800
3bd411910b3651e5dcb9df44d1f77cd6f6cd0ca6,2018-05-08 17:21:41 +0800
8e7583b4c691dc44bb9057a2fe472a44184346a5,2018-05-07 16:50:29 +0800
0ccde17214168ec1f87741d1053ef66ce2344fff,2018-05-07 16:46:30 +0800
e77a80a74454f25ff315450bc50cf392ed3bc94f,2018-05-06 20:06:24 +0800
acb4e653428f38337af94bcb829956b44e39312d,2018-05-03 19:09:15 -0700
9134401954e860021a1a7314c55861eca0481ae6,2018-05-03 19:08:35 -0700
20e3f6c3e16e409b03d3d0fefad699c856ca3b49,2018-05-03 19:07:27 -0700
cf7a72b011378ac5be8e04edd35dfb97e00cedab,2018-05-03 15:49:30 -0700
92525c2ae30f41badb3986e3bc69de3aceb67e2d,2018-05-03 15:47:46 -0700
0b01c125df58dc85d5f965ce151a278d37ec6d3c,2018-05-03 12:31:34 -0700
d47efa9fcc4601228d14219275b8d450256ccca8,2018-05-03 12:30:54 -0700
7580ce9dd8449f777e35b580bb6786f12d7703bc,2018-05-02 23:38:10 -0700
843dd035b3ed8ff890bad176021319abf4871220,2018-05-02 21:19:42 -0700
c4af73427378312d9e7d50cc06a9523a78ecaf41,2018-05-02 20:59:04 -0700
1f0f92c0c0cfc0cafe0cab976d8c5fbdf34c10d3,2018-04-30 16:29:08 -0700
a3c141eee827c583828251756d4e52a70398b7af,2018-04-27 16:33:49 -0700
9c3e8c9f835781507ac833473abc39e821bdbf36,2018-04-26 20:12:47 -0700
2edcaa60303270152991307260846c201c57d9b5,2018-04-25 02:13:28 -0700
82ad464d3b40e0f69e55556ae15ad06f29ec5003,2018-04-25 02:11:46 -0700
ed3b0105d0e1adbb118641cc39f886659d140361,2018-04-25 02:09:36 -0700
e021ac31cb1acb8de6d4161a618e76127d04d1c8,2018-04-24 12:17:32 +0200
e9aeddd89623bf1cd0c9ecb8ef200c7a3dd47f95,2018-04-23 22:38:17 -0700
f78ea8238b44c8ae52ea6cf9445228afdeffc7aa,2018-04-23 17:52:05 -0700
a02b3f494331e830f7b34c9d833069af4db8e81c,2018-04-20 01:17:11 -0700
7fe8427bbd00603ef07f6846f27a6cc4f2fa1376,2018-04-19 00:09:12 -0700
c21c53bd7de8341d1e0b5c3c8d5d2e1c33857f93,2018-04-19 00:06:28 -0700
325dd9308896cd924bf78f3437824622a91f125a,2018-04-18 10:32:37 -0700
a71da1d1bae1790c913b773cdb14f61374687625,2018-04-18 10:30:16 -0700
1f265385ea03e8ca15693d8547f0fa04062e32bc,2018-04-17 12:59:41 -0700
8248a4d790607436c5709b1dca2d929115b47331,2018-04-17 11:41:04 -0700
1242e3757c3dffd3c846787756c49779aee31d13,2018-04-16 23:56:29 -0700
7f010d29cbef0cbdf75b472df28cd9ea85f5c419,2018-04-15 15:08:55 -0700
51c26dcf3446ef0bf2bc7c753e5d188e29123ae8,2018-04-15 15:07:38 -0700
c3e96a76be35a0adb6f700491dd0a8786d5b2957,2018-04-13 09:44:13 -0700
3d39435d316bc05e64c4247aeb8455bcd2a96989,2018-04-12 16:30:09 -0700
9921613829dba70a2903ee19ddfc4dc757fb39ab,2018-04-12 00:14:37 -0700
ca4d4e0590a45cb377db348c08f90fb2ec0b0147,2018-04-11 02:52:31 -0700
8cd9f91bd49b0453e2ee5e787d5a5729255b466c,2018-04-10 22:47:57 -0700
49fda75662b85712d3eae77484cf38b40b74abe1,2018-04-10 12:26:47 -0700
d719bb75dce951547f390a0de42d100fe5289387,2018-04-10 12:26:36 -0700
61a227b797695fb8dad0d70fe6c2bb256addde29,2018-04-10 10:26:12 -0700
2af991bceb273eb699b93020961ca26cd72d66af,2018-04-10 13:17:42 +0200
f5a7a2c3ade4a27255551748ded33f724a74d7ca,2018-04-10 02:24:26 -0700
2536c91fde3eefe8f426e4e91e05ccfa26294f03,2018-04-10 00:03:36 -0700
71901bcd8bb27257b8ef574353d6a851ff6e56f7,2018-04-09 16:01:23 -0700
c760c566e7ae98d1d4a7a5892c7414480f0c947a,2018-04-09 00:34:58 -0700
4aec3cefe6d5e59b03d9f27d4a50ee6f4ddccb37,2018-04-09 08:50:49 +0200
4939416c68f20c990d5c98ee19d59ba662f1b4a0,2018-04-08 11:31:17 -0700
ea1a75c0622a93abbd16fd71820f3c0cb5fc3ab0,2018-04-06 16:39:28 -0700
956b37dad75a98b23cff34e8cfe0179e15e6d98a,2018-04-06 11:57:48 -0700
e6a3aa7e488b87a6d0d08c5bae8564a944815ad7,2018-04-05 14:40:55 -0700
08d3cf8f014451dbc1485c8fc4985b2ada30a55c,2018-04-05 00:02:59 -0700
bf28ecade1b92204fd97a7cfd9ad3ff885382fbf,2018-04-05 00:02:06 -0700
7ec5ff3372cde048fa4be464c14ba66bdf6622c7,2018-04-05 00:01:23 -0700
6bb5bd09ab75b66c71827d07eb94c47ab8867c0f,2018-04-03 17:15:32 -0700
15d583cb6162cf6beb10591ad3d0b6f436c81ea0,2018-04-03 13:48:23 -0700
980bf9d0a6073d5294c3a2c3c7a9b7fa12fa89fc,2018-04-03 13:45:48 -0700
80a135f9e1235527f9112309cd3cbd0601757e98,2018-04-03 13:43:47 -0700
46171e67e526702487641438144f28b7eb1aa07b,2018-04-02 20:03:12 -0700
678b88ca8e7fc313494b34167785b37102e809d0,2018-04-01 18:27:10 -0700
f5b4b7866f34939b5cfa96bbdd3ff26a376c9677,2018-04-01 18:26:11 -0700
9df8dac295c875ee3395d78a2bab3cda0c3c9ddd,2018-03-29 16:04:37 -0700
d8c95885136b46013ae942b3d32ae0ea66866dd2,2018-03-29 21:17:15 +0800
2bd24b7bbd531261bb5ca203b02575b1b1eb4890,2018-03-28 22:19:37 -0700
db713f32c24cc9345d8b813aeef9d079b254d16a,2018-03-28 22:17:00 -0700
c36cf2b8263ccea9e1c21ac36ff0d9aebd3a88a3,2018-03-28 22:12:08 -0700
23d1e61c5a7fdb41ffc8ada3618cd0f9cae21103,2018-03-28 22:10:31 -0700
7149789b03d392cd7aabc4bb2b07186d657f5986,2018-03-28 22:09:37 -0700
31b7db6dffd1eb3169e4304c9864462f56866fc9,2018-03-27 23:33:01 -0700
837b94429d8aac3c00b4d7f846a3ba770965f6ab,2018-03-27 23:27:45 -0700
c1947c7b7d7c0a6736b2a35511b5f70072c12972,2018-03-27 23:25:00 -0700
52cefcfae654e317f341a58da0d0a07e902eefa3,2018-03-27 19:29:45 +0200
a36f1ab88034d6b1bdfe75e725886c2e8cca1e85,2018-03-26 11:40:26 +0200
4fe823ba19b86abecaf575b009c55b5d8da51b90,2018-03-24 14:42:28 -0700
1bd2c0eef3af8810e70116633b95c4133183d873,2018-03-24 14:41:42 -0700
dffca1ab4c75f977e6cf96a632fda448b52c46b8,2018-03-22 20:14:53 -0700
1496ebf8cd0753a92be384e019b7ed6ec03e1ad8,2018-03-21 23:17:48 -0700
6edbdd905dbb1a20a7e9282047c6a255d1e9f527,2018-03-20 17:02:39 -0700
c4a4318fcd308351b66c39599187c2e79fb0687a,2018-03-20 22:54:40 +0800
61ed8a697e9c1f6edbd8996819f602f6ca79920d,2018-03-19 13:13:37 -0700
6667955cd1fd973f9880831b4b59f525663d5ff8,2018-03-19 10:57:42 -0700
c4c8c035df04d702d92b4e57b3fe1e5c1b554afc,2018-03-19 10:23:00 +0800
ec8b10ae848576654748ba93ac8a5e0533a901a8,2018-03-18 15:59:42 +0800
0fdbb0622362849662b246a11b107c5f520060ad,2018-03-18 15:55:57 +0800
b92251379b1183fea3fe124637390ddc72d5a069,2018-03-16 21:31:24 -0700
20fc51cfddc5e271385795d7b180cf5d35b75a3e,2018-03-16 20:41:03 -0700
1825dc06c419aca33dc27efe33f5571f1e280a4b,2018-03-16 20:40:23 -0700
9aececa466ed1bc2be731543bd549a51d7c8ed3c,2018-03-16 11:19:49 -0700
adc906f60ff74cce33b150f53a3e2a203c0920d4,2018-03-16 09:41:14 -0700
01fc8580204d726b62ecb4aac99eeda4f3662acb,2018-03-16 09:39:51 -0700
76ba8e294e151092abe1e195009314fdd6eaa64a,2018-03-16 09:38:22 -0700
b53c0c3370c42d753afb852824ea12d2dbce4f2e,2018-03-15 22:27:49 -0700
fa4e9d7d8cc91c984383779e8bad2248b7951540,2018-03-15 22:24:05 -0700
8ae8e00bab15d2ec5d596547c106c9b39b8d5a40,2018-03-15 22:20:25 -0700
3bff19956e70e37c025a8e29aa8428937af77aa1,2018-03-14 23:48:32 -0700
70b2e4cf49d2fc4903c277d309dbe8c0bc5e4d7d,2018-03-14 16:32:36 -0700
30b7bebff7c99ac2cf6c5b784b8a122b7b3b6022,2018-03-14 14:30:44 -0700
e60085286f48c73ec779e45c84b4a76b2dc2da38,2018-03-14 12:11:11 -0700
fc8097f33242d6b1a6cbcce10466fb5bfc663b5a,2018-03-14 11:15:54 -0700
7e8980fff096a9111e9365d0dc959af0625a87db,2018-03-14 11:03:05 -0700
96ff1c0d44bf1ac6b0ce3ca21053ae10ab7e2294,2018-03-14 15:20:03 +0100
4578e6d65a304c870fcba013099badd6018c95de,2018-03-13 16:49:50 -0700
e20bb40ddff4c5bd033625dc82788b545f8d66ee,2018-03-13 16:07:32 -0700
7e494a222d497aca2f56bacc57a79f022e5a078a,2018-03-13 16:03:20 -0700
88addff33a9a9474b069ac197d46d2d672ae988d,2018-03-13 15:51:42 -0700
cefdeb6e3c6f4231ca8d09e93cc7f3dedd3a058f,2018-03-12 18:35:30 -0700
59e48a390c1caa12adb7cc89afd2f9d48790a674,2018-03-10 00:13:57 -0800
f0757e9ac643d6f36a11be4065d163437180cb7e,2018-03-09 21:06:18 -0800
e3d47ae14a0140b10a6303ecfddbcba66ce90933,2018-03-09 17:04:16 -0800
532a43b4d7b2e43fb345983d987c1f7f09cfd38f,2018-03-09 17:03:15 -0800
30261eae3fd8ab25239d57cfb86a200d5f7b6b7d,2018-03-09 12:03:12 +0100
7d932365eb942e0dde03d4bd73ee4500576afd0d,2018-03-08 22:19:39 -0800
e62415676f787c8db243a7bca7feec2dc7de565b,2018-03-08 22:16:46 -0800
19846b23de3be13e28082d4ba73e21bb8fa39ad2,2018-03-06 16:45:51 -0800
bed1d6f03700838f0667fbab8f8d9032b8294792,2018-03-06 01:33:26 -0800
fbc06ef3139ca857c60a2edbc209c8b088e979df,2018-03-05 19:13:14 -0800
3e51b8116c363604f93bdd0c6b6b71ef3387c8a8,2018-03-04 20:50:58 -0800
18b1dabcebe9922878a5ed277ef0f8eaf8bcfc74,2018-03-04 11:41:16 -0800
8322482b8292f9326fb3b72c4b46dc05cc157811,2018-03-04 01:35:59 -0800
2d6c30472ccb43eb04b1934b4c0be30283c2864e,2018-03-02 17:58:28 -0800
bd798624bc6d65862c6d3b9abcdf5f492531d291,2018-03-02 17:55:17 -0800
8d048abce486c63d428041f77ee9a506756f4d1e,2018-03-02 10:08:48 +0100
d79c7a77883de1e8bda668f6d16d1e80c3eed33d,2018-03-01 09:52:39 -0800
8b8c5515e041347e0fdd791534fa0a694c96c6ae,2018-02-28 13:42:14 -0800
70ff9fc6f831288a51af6b6ce7006a50a12f3902,2018-02-28 13:40:14 -0800
45c5cf5ec0f2560c8858a7167f8c1fc066bf0431,2018-02-28 10:34:33 -0800
aada2c649d78101ee455ad5b15b60c2abd97929e,2018-02-28 16:18:35 +0100
68088398f6aaea7b6fa64489d5f0b87e0c5a4bd5,2018-02-28 15:34:49 +0100
7540adf110671dc4cea94b5b79b2d379f068d41b,2018-02-28 15:22:04 +0100
538aee9e8bb5ef72fa780f76dba2b32701c947b3,2018-02-27 18:09:55 -0800
b2ecd28f7f826517340f965af5fa72bf3fb588a5,2018-02-27 18:09:08 -0800
a5b0c6ece4a29d134ec2b2327821d880b42b19f9,2018-02-27 18:07:46 -0800
162df68d53c8f0fce34b55edf9119d47cdd6fac4,2018-02-27 15:22:48 -0800
d237b537dc62b53d7ffc51860b98e5bd0a2ca9b8,2018-02-27 13:20:19 -0800
cff50ee31feadf63bad1ccc1ccc3abcdf0fea79d,2018-02-27 10:59:01 -0800
d8325409b8401bb464b457993dd2c007350f1b45,2018-02-27 03:16:04 -0800
4897e43ca6b58f38f5bad7a04ba4b881b7c7551c,2018-02-27 01:29:34 -0800
501d0c09088ae855797df60bdf9f02dfcbe737d5,2018-02-26 16:35:41 -0800
754f257f8bf0fd28f4ea529311e93f97df593643,2018-02-26 16:35:09 -0800
c618d9a72b4f79cb2162ba7653c934dda8878596,2018-02-26 14:40:54 -0800
c0aff9f91b79b8b573f50fb4ecd0e300816f6949,2018-02-26 14:11:42 -0800
9bce1bf6831698d11c13b035ce92e3fb098f9ee2,2018-02-26 00:56:44 -0800
7a9f971d076041b87590cbca7747a8144d331d09,2018-02-26 00:52:25 -0800
c1988c15d0e0e1e68824dd39bd79525161248bf0,2018-02-26 00:46:00 -0800
8f6373e60fd77f3c6253657b5eff9b970a0d2143,2018-02-26 00:23:10 -0800
547e017fe4f0bdc55e0a2e7628fad4656429d097,2018-02-26 00:19:22 -0800
34e6c7c44d8ed0011ca62b2eeedce18fa13dae29,2018-02-23 02:55:35 -0800
bd69dbdb8d651d6ae482c0bb02e927b3a89fc796,2018-02-23 01:20:29 -0800
cb0c034f8e2e77ad41246a2952463cd7e3b55d6c,2018-02-23 00:02:32 -0800
f70f034340dbfaaaeadd31ae7acc4f42b6517124,2018-02-22 01:21:36 -0800
f76041b9c81c3856843ce04b09ed39c14fe8c274,2018-02-21 15:26:16 -0800
1f7bf2d5f8338476bfe868953f419bc39dc3052e,2018-02-21 01:30:00 -0800
979de4b17b9ed9e734b8973cb211d9754c0788d1,2018-02-20 11:41:07 -0800
2328569d868368530474de9105d1ef17ffdef790,2018-02-20 11:39:01 -0800
9db6e919b023c9e3833c51b34c83d6c482b1e659,2018-02-20 11:37:42 -0800
13dc9230e79c0ecbc30b8b804e506b978c3f9cb1,2018-02-20 10:42:21 -0800
e5af4a20f240f38c8ce712a5e3bba4976eb89a41,2018-02-20 18:07:54 +0100
9eb16c500db2db366851aed1f7b8afac2fc2ca0b,2018-02-20 14:26:59 +0100
245f0c03cdfca0c5cc2ae1aeab3d22765ec3fad0,2018-02-20 13:33:04 +0100
c106859d5a756768fc44738b2b1c60b1743909f5,2018-02-20 02:20:29 -0800
b80b72e046adce3e4e74ebbeda595dc4b4e920c2,2018-02-20 02:18:27 -0800
7584b1b4809e961c90b400912cfd08f7f45f3bfb,2018-02-20 02:09:32 -0800
b6558ff827835598bec90da5592e90ed0bac4ab1,2018-02-20 01:08:16 -0800
5254818f0c7e01c24728c1f7e1e31f29b636942f,2018-02-20 01:07:08 -0800
e3608d2a84d9d1606df9f136738d4106207fe1b3,2018-02-20 00:19:45 -0800
d8adde373f3d0a9a6831992003b1d0048d7285d2,2018-02-19 22:30:21 -0800
0c9f152336e8af012589b713242e46f475f7055d,2018-02-19 21:55:16 -0800
cbb5ad555292d699e1fb2829cba46b9a7b69a7d8,2018-02-19 20:32:24 -0800
64e86868e8f887e3ffdb47c3955b90c19c124407,2018-02-19 20:30:51 -0800
8c10e56db285788eeb17a4290a417a0745114a77,2018-02-19 18:26:03 -0800
b321d46a2a2719045d60b990e2bdcbd6c3c2937d,2018-02-19 15:49:43 -0800
7a8b22fb9f2cb0def631a0769a78968920229f7b,2018-02-19 15:47:56 -0800
2a519586f616541182bafa0b135d4f6a04be4fba,2018-02-19 15:44:12 -0800
85554309046597982ab649782e5a39f93de1e892,2018-02-19 15:43:01 -0800
32bd02a5771bfdb56b348dec54ec463c51cfedb6,2018-02-19 14:59:15 -0800
2f0f6d1b977fbb532f9558242dc0255dd4ba1cb2,2018-02-19 14:59:02 -0800
b24c986cd5a8057edb2c75f652ceec9feeef234c,2018-02-19 13:59:41 -0800
d4277c06f62f680dba9383e68c0699c343e4e5ca,2018-02-19 21:18:25 +0100
1807b1679c339bf650231c584a6a417264fadcac,2018-02-19 02:14:57 -0800
6e5210c29d2059e4ef7335b9dbae4bd83f9c26c2,2018-02-19 02:07:06 -0800
1329ec09f2024dc52d8b772e4ee70d9a9cdcfd0d,2018-02-19 00:18:28 -0800
fa10b7dcd89c40222ba5f30bb60f785bd21669b2,2018-02-19 00:10:53 -0800
546eed4913e148a8a4f075ee412d1abe28398ffa,2018-02-18 23:54:18 -0800
9f6c7da19eef89e248a4b2ffa82d9c2a08789270,2018-02-18 23:17:20 -0800
7945fcf79652001f825ffade40a4215f68465403,2018-02-18 23:11:05 -0800
df71247a8c9644bbeda7d18d833fde4bef88fb3d,2018-02-18 04:08:20 -0800
5203d03930356a322f301e8e72a052ce1972adaa,2018-02-18 00:53:36 -0800
f17b422f2474e436ab7722dca16b778aa626f8ca,2018-02-18 00:44:32 -0800
5aab8ae5ff4c06f8a471a8cab90b20e173776bf3,2018-02-17 16:12:19 +0800
10812a46097d72e7d445675a9360b42aa7c46f8c,2018-02-17 15:51:13 +0800
353ca1ddf941a9502e3ecd8fcc383fccfcd91c6f,2018-02-17 15:05:53 +0800
25f42432321afa5357647110ff554aeee7858560,2018-02-17 14:41:06 +0800
4d47418a5bfc186385a1adadeff55e7b8b19fbe3,2018-02-17 14:36:13 +0800
86d3f619f75e27397b05ccaa70a0bfd88169035d,2018-02-17 08:11:32 +0800
969e7292af5a1b4f26cc06c7cacd06b1746224f4,2018-02-17 01:22:28 +0800
41afe22e4f5eaec2cfbcdc0187df9fc5e1db7070,2018-02-17 01:05:52 +0800
40c89198af603d94815711da40698399f8f16c75,2018-02-17 01:04:02 +0800
28de2a8d626f43eda39af00e452e3c12c98c5cba,2018-02-17 00:58:52 +0800
92866a49de755b4dc1e171e25d56ad25aaaa90d0,2018-02-17 00:39:52 +0800
c43d8c49fe212a5253c2dfc27c3c3b8c018c697a,2018-02-17 00:29:23 +0800
5130f3b66b3235ffcc6e42c37a338ae853403d30,2018-02-16 09:50:33 +0100
4528248da8fd5b3b462afac8527098b6dd1032d0,2018-02-16 09:46:59 +0100
1b8ad9cba38ba7ecbfbe3836c6db98a8b319e094,2018-02-15 15:27:33 -0800
fa620b78fa595ad2c0054e3cb6147b707b1276cb,2018-02-15 23:40:36 +0100
427eb81a3d77f70db046b350f35dd4c5e68f9ac7,2018-02-15 15:43:26 +0100
204a671a5cd8dc9633a4a4be92b0724c59ce4ae4,2018-02-15 15:42:09 +0100
8bd6f0270fdb36de3c7b7e0bf92eb48d39bdf52e,2018-02-15 02:09:31 +0800
aff98f2033da143a259396e9369e58f35c4dec63,2018-02-14 17:35:37 +0100
7b3c79bcda4db92fc45fc40dfa3e9a96bf411011,2018-02-14 16:13:21 +0100
89eca5ce717a04c6e3ffa2b0aca615f4e38eafe3,2018-02-13 17:52:54 +0100
21a89a7c486b842846ba9c15d6ec52d4486dd74c,2018-02-13 17:50:36 +0100
eae32f6b667f0842897f4ca151cc7b7d31ef2e91,2018-02-13 15:09:32 +0100
dcb22dddf5a7d97d7c320605facb142cc836c5fd,2018-02-13 10:51:54 +0100
e2b93f28813556c1971a04c1ffe4b65cbe40c427,2018-02-10 11:03:28 +0800
ccc4ed4989a0d3b1f55cec75556065f03de35d99,2018-02-09 15:25:55 +0100
062525cb70ff1c1f7cb53d8b197bc6be651deec7,2018-02-09 15:23:45 +0100
011bb652363b471e52e082cd9a13ff6a31375525,2018-02-05 22:12:46 -0800
fce92affe3a2ced4a180f905656b42f8de4c0c99,2018-02-05 22:00:05 -0800
e92bcec2a71eed2aee9cfb6df3cc7b67bb079414,2018-02-05 16:15:09 -0800
3d81d3527126398f1a80003d13ef2dedc00ad9fd,2018-02-04 20:35:27 -0800
c754c8d7cc59947816d5ce8c7b458ae83652bc8b,2018-02-04 17:49:55 -0800
46340f9b1fa3eb59abdf502107e46af7b36d4a44,2018-02-03 09:33:14 -0800
12869703b90a98a62e4c7692e289ea2ae73cf4b1,2018-02-03 09:32:25 -0800
3ddc5db190b049f181ce7ae29ca34cbc7a7b7eb3,2018-02-03 09:31:01 -0800
65953ca2a93b95101071171598edfa1316b24834,2018-02-02 21:36:02 -0800
4107804e1fda6f1314dff64a74a7133ff1ec64e5,2018-02-02 16:37:16 -0800
908972c73be2743b3aaa369a6d97fff8e46295f8,2018-02-02 16:36:01 -0800
ee2f419b77564cca2bfbf8efed2b0f4c4615d542,2018-02-02 16:34:12 -0800
bb3ae067a34e017098bf43011982a335b2768b90,2018-02-02 16:32:16 -0800
0fbe8b767eaeb1c2d5d90946b3620a4e853a7284,2018-02-02 16:31:07 -0800
e6a2a13876fe676b8fcafa56c3568ea450ad5f67,2018-02-02 16:26:45 -0800
9d09a9c2a64b745271ef1c6dad9e5ab3ab3f2a5c,2018-02-02 16:22:56 -0800
49b011b3ba4d71482bb50be72f69b505c697aad4,2018-02-02 15:11:13 +0800
f83efd4fe6a4a32ffbccb49d1905d50e8013f15b,2018-02-02 12:11:30 +0800
67e818a97bac9204699af8474f42159056d407b9,2018-02-02 10:37:59 +0800
a226dbedff03102291648df3a60e78a2c85ae65f,2018-02-01 11:21:20 -0800
67018bd4b1e006f4d957a1f70a1c0e01b9ebb70b,2018-02-01 11:19:29 -0800
5cd311c7bd72273e116533d0c438254b881dd653,2018-01-31 13:13:33 -0800
125cda66931f344a071167b9dd8e21d18fabb79a,2018-01-31 11:16:33 -0800
5ed8768d9ab267111cf2eafcfd0b570b9ab9646c,2018-01-31 11:14:31 -0800
02d6f1d52484f7d8d1b613f4956193d1ed5b4477,2018-01-31 11:13:35 -0800
a7f3f20024c17f9c99de68952ec1f1d79adedb7a,2018-01-31 11:02:40 -0800
937de490b8e2df9ea0e247f15b481015afa21c54,2018-01-31 10:59:04 -0800
7ebf12b9d7a49d6a9b27dcd5d094516a1d4d0309,2018-01-31 03:31:02 -0800
8a25353ac7354cab2c29ef83d40993c6176ac7a4,2018-01-30 13:14:44 -0800
a7fcf36ccf7485e8d169776950102c8a31a513f8,2018-01-30 12:10:17 -0800
422620e29b0d5b6d17dfb8e22afa78d57f26c68c,2018-01-30 12:08:25 -0800
c2d53a4c1781360a4fb5635e91f7fe133475c160,2018-01-30 12:06:42 -0800
d5dffc48a4eda6178bd25610097f2e49763f2377,2018-01-30 12:04:30 -0800
47854b9234f612b2080decd4720cf3d1772f8455,2018-01-30 12:02:49 -0800
1ea725d1755995a004f191b24bc6742e100a7899,2018-01-30 12:00:34 -0800
f6af755fd7f5f53b3b5b743bf4f314bcfa8cc89a,2018-01-30 11:48:31 -0800
f3166dde6f0429be121110ee534a5574d136248a,2018-01-30 11:46:22 -0800
36350c2bfaa6073991cf045486e618abdc32e28f,2018-01-30 09:12:47 +0100
1b3108a5fd480ef9cba092c9eb0a06ed452e402e,2018-01-30 09:04:29 +0100
d923c89e6596fcf8e2c7af3f2a4f51f1b418d4c9,2018-01-29 18:09:45 -0800
e62445f378575e42f02b1c721663be8995d631c3,2018-01-29 17:38:48 -0800
c8a3c25557ef4e4fc2cfb4a823f5ca5a9e224f11,2018-01-29 14:56:14 -0800
e4a0798c1e6412f58fccabdd956151d81e16bd46,2018-01-29 11:09:40 -0800
5d749d7b8cb152e2b004e50c2a8e8c4c3e09903f,2018-01-29 07:42:37 -0800
d6f4aa080b4d0586edbdae4a55bb8816471dafc8,2018-01-28 16:37:37 -0800
8cc967c9e8dee2e9225075b4c615307389df0057,2018-01-28 01:34:26 -0800
61b6a5f00abf0633f5e2310bcc81ccf2f2e188d4,2018-01-28 01:33:20 -0800
76c1fd0d8ad1358fc8799d66b6ec7f242fd2ba71,2018-01-28 01:30:15 -0800
9f016a055782ac7dccb2371909588543730d0e6b,2018-01-26 11:42:50 -0800
d9f3961b4fbc41bc9d5074ec0f1866ccadc183bf,2018-01-26 11:42:17 -0800
7d4ee6c1465a45131cdb816f29b4385060552ef0,2018-01-26 11:39:06 -0800
57da05e53916b5d4ef04feb8e7469acc40fb77fe,2018-01-26 11:38:41 -0800
f6fcf82d5606eef77450854a3f6fe2343b343481,2018-01-26 11:35:24 -0800
f74b328e2da5bf485c7d91f1d8434ac753c5007c,2018-01-26 11:34:44 -0800
0459390ec483f8080a5c74ce3586fb1b61578be0,2018-01-26 11:28:54 -0800
fdf74acfcbbc0c6198b1f5b10128cada079fc5b4,2018-01-26 11:24:53 -0800
d06fad25d82a504bc46c906b5c23b5634567d543,2018-01-26 11:01:58 -0800
92b5ef5d70594f9d6a76fc2c34e62925248f7327,2018-01-26 18:23:35 +0100
b38cd67a042aae0cac32aef69e814d7ade31bf03,2018-01-26 18:20:00 +0100
ffbe842d11ddd4e64ee79a3b6f86183be942cfc4,2018-01-26 18:19:03 +0100
01430750ce5a2f7c46cce942a7aa6116e41b9508,2018-01-26 18:16:35 +0100
43a896a08dae2a3a273d02e4c1ed81516ab00c85,2018-01-26 18:08:11 +0100
89cf23d52c7876230df4e84a818f8f848a7a7c19,2018-01-26 10:53:14 +0100
8e499793195ed36bf71dd23d6ca8696c2e56b17b,2018-01-26 07:10:34 +0100
5ad6527c3cba4fb2ad2eb0715e9915b5fb939b8d,2018-01-26 07:04:16 +0100
80530b3c786225f1567bba1beaf65e350845b582,2018-01-25 16:20:53 -0800
38f9295c3e1ab2047a82a5181d7f8d5286d4297b,2018-01-25 15:11:55 +0100
cab8fd365b53fa5a7ae8a35b6c98abdf4e52f371,2018-01-24 22:47:13 -0800
97d72fcf4129d1a31770834e9f6f1e641a9c23f3,2018-01-24 21:58:09 -0800
07ec9d897255d07f772a084561fb0e17e0f0bc7a,2018-01-24 21:57:19 -0800
60ff22670f885058ebedb19c19ff40856e74b53c,2018-01-24 21:56:26 -0800
4a4276fd44a3fd58b2b94e30ac9c4a11bc838d3e,2018-01-24 21:53:56 -0800
eba314291a21a05a862ccb4060da79b66cebc3b6,2018-01-24 15:29:49 -0800
9935bb0a5624b4d820601c9826263d80e9500051,2018-01-24 15:13:48 -0800
1e1aa52419558cc6584c82e2ccf06b0828304d1a,2018-01-24 14:08:30 -0800
3d9b08d475af825bcc4d2691378c39b5541846a9,2018-01-24 12:01:54 -0800
a764c7f3336d2acb6b15e1b0197b0dc4cff7e5b1,2018-01-24 11:05:00 -0800
a512b737160e7d52ed46964018c51302b2408967,2018-01-24 11:03:34 -0800
305efca865f1cc8d6c89f6e6a53669e0b1265948,2018-01-24 10:56:42 -0800
c0cd03031c7decf29276e286904c431b2be75fab,2018-01-24 10:55:42 -0800
38a3885a363971635fc2e45ec48d3331a16b8c63,2018-01-24 10:54:55 -0800
381248d64d878b1e970e4842598646c054d7a989,2018-01-24 10:54:08 -0800
9b36898dbdfed3fa95a00407d29413a5f8466c04,2018-01-24 10:51:47 -0800
0ffac5ac9f7c573eab93a43dae86c1a78e1b61de,2018-01-24 10:48:53 -0800
91dcbce5f0d686f013efab3b76b42962a4546f86,2018-01-24 10:43:11 -0800
2f3d5e9acd75cbeb9b8c0cc543901b3d017eac7c,2018-01-24 10:41:57 -0800
51b93bad7622878b1f2f3246c9880851731e84af,2018-01-24 10:40:44 -0800
519743e51cdc40c3e3ddbfabd83640fc30838a10,2018-01-24 13:06:01 +0100
81c8ed3cb61726f521df482590d2cd48068dff7d,2018-01-24 01:56:31 -0800
16fb26bfc87035d4efda2d75ff42f3a0350e18ea,2018-01-24 01:00:01 -0800
716684a3f68e47aa50becbd4c51cf252425a1990,2018-01-24 00:13:45 -0800
74185c398ff2bbffde65ae9dc587bfd89ee78c73,2018-01-23 21:34:33 -0800
caa97bd8968a1d0d19d8cf04822f42c2ab3c20cb,2018-01-23 18:54:40 -0800
7464dcca833a9fa7861c6f202cb2f672abd4bb86,2018-01-23 18:01:13 -0800
ef6f8719fe697458e50f8c9cf07c1ec07427acb9,2018-01-23 13:26:58 -0800
1d7a489afb8fee8754b2da1d45745a47542eeca7,2018-01-22 21:32:58 -0800
f5b7e08d8ba35b7173c6c9fed4221d086cd38fdb,2018-01-22 12:00:18 -0800
af6de4871cfa398eb3a95d4700a804455e0bf701,2018-01-22 11:38:45 -0800
b212e85ccbf6eb8b08d776cce9147f4708c7a153,2018-01-22 18:17:59 +0100
11b278e202416a3893063e64e3a4579b360d2b5b,2018-01-22 10:23:29 +0100
2edd68f5a55168a26b96b8ad993303d5a0be4757,2018-01-22 08:59:06 +0800
55313600735f0ea562fdab5d59671a823f5ce366,2018-01-19 20:14:10 +0100
6dda0a6c68fbaf2ca198cfbb693db4ac93a0feef,2018-01-19 20:11:08 +0100
95577675dd908855b6dba4dbe486d49d37dff1f0,2018-01-19 20:08:58 +0100
45e4c5e1c26284635e1eeac392cd896392e2084e,2018-01-19 01:19:34 -0800
71fa42a2019cafe15430544deeb351d87c253f8c,2018-01-19 01:16:22 -0800
1e63756bde3a64ce787275fb645297d7d3f79954,2018-01-19 01:15:13 -0800
4487f7447ab90a8a1b80cacb5f77c8f6760bb056,2018-01-19 01:10:16 -0800
0c9e88be25d3a37300cffc518d25a79a49456d24,2018-01-19 01:08:55 -0800
9f901bcb04561d2dac5eff7fbd6fc39b74feedfc,2018-01-18 17:00:48 -0800
fe012e31248a68a53b3976babaa32dbd51fc8e89,2018-01-18 11:11:58 -0800
20db5fe96571a44429cdf0fad0dfd32240c55c51,2018-01-18 11:09:05 -0800
64da7e75f7d4ff84a3c9a9adddf6089c1cbf9165,2018-01-18 11:01:09 -0800
5e32f634efa833e3ea7c5ae0b235e5a480ddcb95,2018-01-18 16:25:52 +0100
733ce31aa97c757f769048ec280316f493b80238,2018-01-18 11:13:44 +0100
b18cdd521a65bd3ea0946411a1ed4986a5f799a8,2018-01-18 01:32:40 -0800
70bb9d7f067413d2031229b29c5ef5c7e88d18eb,2018-01-18 01:26:29 -0800
9fca590d94bea9bf86a49f1dbdddf2ae37d3e949,2018-01-18 02:48:58 +0100
1f66e478dd78fb2f9ba66b7c92da2ec17c5be089,2018-01-17 16:44:37 -0800
ff4932b37f68303793acce91840a55fddfda231f,2018-01-17 10:34:53 -0800
d44bee59b25035ba69976386b55eecac82a1ae3a,2018-01-17 23:09:27 +0800
25b0d93405e87efeb35ca50cbd04ab14488ceaea,2018-01-17 16:08:02 +0100
1f0d15356ef10c8ebb14dfb3048b66dbec6c0260,2018-01-17 23:07:10 +0800
26c3379c9fdd812ef36da6176d83e26179705535,2018-01-17 16:06:22 +0100
83f0796923992ec486d0828c2ba34bb8de7727c6,2018-01-17 23:03:52 +0800
d75ee302588669386629d10c755b61bc503e60cc,2018-01-17 04:13:22 -0800
c11f5f03139c3f42495e90cd68ce0b0c77aad616,2018-01-16 16:33:50 +0800
2d9c327fee60f5025ce9adad4d7c863958ab59ef,2018-01-16 16:18:09 +0800
8e53bdefa854ba56d897d5e7449b89decff42a31,2018-01-15 22:23:32 -0800
f4d35c4aed390514a4f9965cb69e4bb7e9df8078,2018-01-15 21:34:25 -0800
32f963d01734371ba29fd3af0e523d6d277d8234,2018-01-15 14:12:16 -0800
e95abb9e445f851b3be8bb82b087c3d2ea27f701,2018-01-15 11:20:28 -0800
02352236951a37f4981b0b1585444392f2ad92ee,2018-01-15 03:42:37 -0800
0981dbc84be65c3be20eea7d0deb8603a58b666a,2018-01-15 02:05:42 -0800
1e72c59c25da37953362cc491cf82560147a991c,2018-01-14 17:17:39 -0800
73bdbea10f469120d5b1574f0381da7901e2fa1a,2018-01-14 17:12:46 -0800
f493c27da4248c2a5ef0d8a6fccf3f54404aa6d6,2018-01-14 16:53:05 -0800
70d7153a3cbe1aaa03c3f2a2f3946ee1964b9f47,2018-01-14 16:07:51 -0800
039084947d1af19d4d1e01e8ac94bf10ba007ace,2018-01-14 16:00:05 -0800
059384693ae544f5db345e5c46df2e0b189762d8,2018-01-14 15:48:32 -0800
db293f39c81664bff960d8f6b0f0eb83934fcd33,2018-01-14 15:30:10 -0800
87ea6ab78e9deec916990362d7b6d6f4fbbb902c,2018-01-14 15:17:22 -0800
81c2bca979df310f6d99e0b30d9472b74f6aed7c,2018-01-14 15:12:46 -0800
5ca0f0ea294c1a33283c54aaabc1de3dd70d5a90,2018-01-13 14:20:55 -0800
9d621ff21dc47e1c884fb3e243c05e955e70257e,2018-01-13 13:41:00 -0800
56ed506b6c727653671771a07d30a8912130a238,2018-01-13 12:23:25 -0800
0f547bd4cb1dad3f52513be9ff2763ecee19e05f,2018-01-13 12:14:48 -0800
4cf41eb5cd7d090e2b79d9de3a60e12fb0a44ca4,2018-01-13 12:09:09 -0800
c2c2ca3ec5df0439f41a1429ff1bdfa56e941e04,2018-01-13 12:09:09 -0800
30d889dffa482939512d46ae0be0f08409d08d5c,2018-01-13 12:09:09 -0800
9a29dd66c9e1fc43d10dbf4ce375309dbcc99369,2018-01-13 12:09:09 -0800
3cc78ba8fb825f166ff6f6fbd217938f3c79b26c,2018-01-13 12:09:09 -0800
e62bd805d1f66c971284837649d6194f22f18991,2018-01-13 12:08:54 -0800
32ad5134fdc36d6d1dfb9bca840d5cc3780a44a2,2018-01-13 12:08:33 -0800
6befd491916326d856f42da9537a62ccdd58fb77,2018-01-13 12:07:15 -0800
777a89c5a133207fe6cd0b27590d6588a65f957d,2018-01-13 12:06:57 -0800
543ad2b5722988d3936680f605b53fd5be5df403,2018-01-12 17:28:22 +0100
1a48c6cc66a1e896f0f3fa8b92f22a7f9f843d59,2018-01-12 17:25:43 +0100
c53756bdb1fafb3221b32222602cbc86327e17a7,2018-01-12 00:24:31 -0800
ade42464ad0f65419b1f47dd111514ce11e092ee,2018-01-11 23:29:57 -0800
793cc3a67ff978b923c09aa58dd87992bb8e31b6,2018-01-11 23:21:55 -0800
be193caab408c7df1cda0944a22e2c29d148a976,2018-01-11 19:32:17 -0800
362e912dfbbe0277e4d6676c7db36bd338233674,2018-01-11 12:03:12 -0800
4ff90362b6591fda48fca69fbe9e29bc2bfc5ff5,2018-01-11 11:38:13 -0800
aaada2ee9fd6974a4bd79b55f4743d40dbecd4c1,2018-01-11 09:58:40 -0800
78f862362ef35d07f2889de81e1c64c1f1cc9b2a,2018-01-11 07:09:13 -0800
be560d6bb982eb30b29c5224f55a6d57ccca5b9c,2018-01-10 18:49:22 -0800
7d4345f684a630718f5c18336844e155a296c2fd,2018-01-10 14:31:52 -0800
45d49cac9403388a0690240c279aec5fb145fa46,2018-01-10 12:20:25 -0800
4bad1f0706609257bdcb2344feda796efaa89c15,2018-01-10 10:26:25 -0800
af41b92b0f0c00be56e6f729f8ed7f9baddbcc6c,2018-01-10 10:25:21 -0800
3a6699df9b553db569c6882b0de7d467dd504ea3,2018-01-10 09:03:20 +0800
0d42faead06db0d9ea1a1d19f806f9f97c4dd54a,2018-01-09 20:49:40 +0800
998a55fe2b549c93907c5774333be7f4431de3e5,2018-01-09 20:46:51 +0800
52f511e1a5cbd136e48528e5ed66630250593198,2018-01-09 10:58:35 +0100
f39c423c8d2c493343e1172a81484c50c1b71168,2018-01-08 16:10:45 -0800
d6de867f594ee5f7aef25ed8d6591029befe8c19,2018-01-08 16:09:42 -0800
6a5f6367a77094406ff0c938cf6b7f6d804451e1,2018-01-08 15:56:40 -0800
131685252b714daed9daa80ecbaf148f208c9bc5,2018-01-08 13:18:39 -0800
6be3e961d406259cb7ac51fc58ae9536478c7e57,2018-01-08 03:44:18 -0800
c4a73d985505f3a74387a031cd28da3216f3f6f5,2018-01-08 03:39:47 -0800
04afde6f26fa1d2a17347f046eac9bbbe8b29b94,2018-01-08 03:34:50 -0800
40ef78045234c22a4f949ec11338e41ac139b33d,2018-01-08 03:33:32 -0800
a9b94efcf6035dd215112aa4a38a41825a7c0506,2018-01-08 02:43:20 -0800
e29964296e4cbc9981e0b9d9a5af465fe13b28f0,2018-01-08 02:31:56 -0800
f9bba3c516b7fb2fceba0c5302bd0e23f52475ad,2018-01-08 01:47:42 -0800
cf4e8e07b6ca58440bf5758567d4b238cf271b90,2018-01-08 01:24:14 -0800
37e2f2033c6bc8c354eeeedcb584dfc7ea62fcec,2018-01-08 01:23:34 -0800
578de75b097c53d1be9a658a05faa829f354f103,2018-01-07 20:09:28 -0800
02da55bfd4c275bc8fc77e2eb00dcea12225b8b9,2018-01-07 19:59:27 -0800
cc9a7a96792bde6a44c5ae48de93f37334884578,2018-01-07 19:59:21 -0800
4424ba74748c7156e7b296d09f6b5f0b328e71c8,2018-01-07 19:59:10 -0800
f0c251bd6c7880ff9ea84e916b9e2b56cf82e7a7,2018-01-07 19:59:03 -0800
e7292cdcdc307d356bb63d55608a530487c74f96,2018-01-07 19:58:57 -0800
5170c52052dc89ac7023ba7736fc9fda7920a80f,2018-01-07 19:58:50 -0800
a25d9f3c252f1082a3ace50db6958f109c53af3f,2018-01-07 19:58:46 -0800
cef37ed5980a47c8d739ea37590c97fcbb965ff0,2018-01-07 19:58:17 -0800
96e52dec37dafd0d452dc4e9e13b36e12abc398c,2018-01-07 19:58:09 -0800
a914eed584bba706456c13619dcae5c38f916593,2018-01-07 19:57:45 -0800
481b57ed2367c80aebe63853c0b078a0f422ff15,2018-01-07 19:57:35 -0800
5e36a28c6b1d268088e0e4f3c205bc639f6e48ce,2018-01-07 19:57:24 -0800
18e918ea576d03a8c42f368a274c450d612df995,2018-01-07 19:57:05 -0800
c2a5d41f1539feaa953f67604d17463a0e5266b1,2018-01-07 19:56:50 -0800
72b87356a6714c906213a13e298e1194604e1b69,2018-01-07 19:56:25 -0800
97656e7cddba04a40b8eabea2d591367676ac112,2018-01-07 19:56:19 -0800
f16b5567ecbfe2c8015f5084262fbf3abb2036ec,2018-01-07 19:56:12 -0800
e666fc3c6ea2ca57fe450fa7eb223cb8b63747f9,2018-01-07 19:56:00 -0800
3171228d0b8bfebcec81faac584854f93ae888f9,2018-01-07 19:55:53 -0800
0cd6116717b725dc5528a32ae78b5cc6a9074685,2018-01-07 19:55:46 -0800
8315883abd0f1d01cd7e0b0bbe5d947ca2bf9c11,2018-01-07 19:55:38 -0800
5555e0bb3e82a1aed90a1ab174e6a17499ac6c01,2018-01-07 19:55:21 -0800
7fe87f9354a04bb6789f8111242d35a1b730d3ba,2018-01-06 22:21:52 -0800
1e2c24b82648aa27974d1a0b91fe80d97c30fef0,2018-01-06 22:15:29 -0800
312784812aa1349bf2864a5da07f6ace7ff687ba,2018-01-06 21:58:30 -0800
a0b05c519b34dd1f4bcd1f440378aeb601c92c90,2018-01-06 21:45:53 -0800
f7cdb5775651e9deb268e5cf9dd57e77291be035,2018-01-06 21:37:08 -0800
1a8b35d38737f6d043995a756da10ea111268b4a,2018-01-06 21:34:46 -0800
d320936c00c3eeae0a4e2795f0a9bfa780fd6f98,2018-01-05 15:22:15 -0800
904857b9a67c7ae4afae38bfeeb3e1eda3daba5a,2018-01-05 11:27:53 -0800
dc30763f21a3b06d6cb429998c3d3cb2a7aac8f2,2018-01-05 11:23:24 -0800
477ff2b594afd4017f6fb9e8f294c9b2a75b0d6a,2018-01-05 01:13:17 -0800
7f62baec18ba8aa0d2d01134b7c5adfc25c49d42,2018-01-05 01:10:44 -0800
2fbb2916a323edfc097de0de9b2d81e59b37bf6f,2018-01-02 09:26:31 +0100
1ed78912907cd2157f0b93ecaa653923ede4365c,2017-12-30 10:52:35 +0800
1f8b26d5f02ae6bccf0d586bcb145f4461f4fde6,2017-12-26 22:48:00 -0800
65f03e2fc17f56bcc61fa7799559dd0438690658,2017-12-27 10:25:43 +0800
80d9abb9deaec66932cd8a7f18923ba0076b7ad8,2017-12-26 16:50:02 -0800
5648ba9da09b21bd0d13bc01b6665efb04a9b035,2017-12-26 09:04:43 +0800
4274f945da1c8bb556f51e623273a1584040b7b8,2017-12-25 21:16:13 +0800
54baa27426a9cb5e697f6b32333070e7f5ef02fb,2017-12-25 21:08:17 +0800
de9fe40fd5b2189d89f1f51c62201aff08718064,2017-12-25 20:43:23 +0800
95ee60872ae6a47996dc3215ef911ce375458a72,2017-12-21 21:54:25 -0800
c8b8267abf6b0aefdc5f3eaae665330f3998b2cc,2017-12-21 21:53:02 -0800
0b3190e5cb6285b1ad30cfcdc074fde223772d38,2017-12-21 21:46:33 -0800
037ce71e08bb7ca6a3d50c9b2d5ace39f37eaf18,2017-12-21 21:45:41 -0800
5ea3110e35e0694fc8ed2218698888041eaf23e8,2017-12-21 21:44:51 -0800
b94773ae733e7aca0ff3b6807929ded026dfbe07,2017-12-21 10:43:47 -0800
9e4bd8e3de91cafaf87386a29d09f3d62909a5d4,2017-12-20 18:10:28 -0800
155c3c95f3fcc823432e23a93a8cd3f51ebff917,2017-12-19 18:42:53 -0800
9ab30454343118e6c80ca3f3eb13d01e511c89fc,2017-12-19 18:40:37 -0800
cfd0428d3f5661505132a31ffcc7a68dda2115a2,2017-12-19 18:39:39 -0800
39bdfbcf2e285fc863dfcf927a8d2201c8b1fa01,2017-12-19 12:55:26 -0800
cc84042a4d494fde42d215ead28093033da6861a,2017-12-19 10:44:41 -0800
e90692274d6ab9b7d80ff5e5dfe94a741e6cf042,2017-12-19 00:25:39 -0800
4a4896c9b66741000c923b587ee1eafafca40273,2017-12-19 00:24:00 -0800
67d560f9dc2ad71e12ebffde74def7ac1738f6f9,2017-12-19 15:03:00 +0800
62de3cd677b9daa22ce51863562eecc28a144107,2017-12-18 13:44:19 -0800
ff42188d069556626cf0673359c02ef9d7ec778b,2017-12-18 13:41:33 -0800
301ba6f90fafa77757990e5e0caf773530c06fe2,2017-12-18 13:26:22 -0800
48c8fcf9ed04bd4be083d86e1b42736e9f7aa709,2017-12-18 13:17:37 -0800
5199fad8afb49276372f71f49810e7565761cafd,2017-12-18 13:16:50 -0800
bd89cdf20a6db14d2d0b906238c0e1d4a959b36f,2017-12-18 09:53:43 +0800
2b7b24dc569483bd0231e9cd1f2b9a14cc612045,2017-12-18 09:45:33 +0800
d1d6804e15c03a138431945df59a2c41a4f1f205,2017-12-16 09:05:01 -0800
97c35e9c02f0b7be33881d1a1c0c500143f8fc55,2017-12-15 12:18:57 -0800
d48d3228b991050fc709a8f10c307fd7c5469d5c,2017-12-15 12:13:36 -0800
89ac2a2b7b7883f0b48978bf3dc3802ecf0fc6c1,2017-12-15 11:54:06 -0800
bba1c6f5d0d92d647467438876cfa32b699780f6,2017-12-15 09:29:10 -0800
3ba705057ecafb0529676603ae1d2c3f266362a0,2017-12-15 00:43:44 -0800
b727acf9f90314dd0deffad873841e474cc8b9d8,2017-12-15 15:51:00 +0800
a671d92441c222052f9a5cdcb396a343d60882e5,2017-12-14 12:35:02 -0800
9d59e6f8066669f2f0a07d7a026d9d7dcdaa2e47,2017-12-13 16:40:21 -0800
e87bf7c10d2cd51453ddeb1c31ad8ce0a5f1544a,2017-12-13 15:59:30 -0800
3e4ff0dca8557ff03dda2d292c3c6678df8f1a02,2017-12-13 15:43:50 -0800
7c4e6c9b0035c561e051d028765b319e9ecc9268,2017-12-13 13:54:19 -0800
aecf6da41f8978ad82b1f0cf65fc914f242e1d16,2017-12-13 13:46:15 -0800
50d50bd8064f67583c70688171bd3386ae418b64,2017-12-13 13:45:04 -0800
f207d2d9f432d43e2461f260056b91f1ba4803e1,2017-12-13 13:40:48 -0800
ddc09d55a4379846c68a56db56889cf94caa777d,2017-12-13 12:18:44 -0800
8e6c1a2e76a77b0dcf503e25a90a12d2d7b784ab,2017-12-13 16:56:34 +0800
f1bee51d8157399fc4e1b777376b29656d154819,2017-12-13 16:51:42 +0800
271e6faa3ace16c1ca52e55caac3d76d26d1f6ab,2017-12-13 16:47:17 +0800
786da273b0f90c1b35b7244b0408959fd034d411,2017-12-13 16:43:25 +0800
13c303f916b5b82702d73e2377b2caf75500243a,2017-12-12 13:21:42 +0100
a5ca3a9235fecc44e60cca0d46ddb546c2438613,2017-12-11 21:57:51 +0100
f14be643e9fdc4db39323bc98e2735cfb169e75e,2017-12-09 16:38:57 +0800
5dd324f65fbec5fab2d43a0d14bdf53adb32f9b3,2017-12-09 16:34:32 +0800
dcc13052f1f43ff6d6078d12a4d3c8444967b651,2017-12-09 10:59:00 +0800
b7bfac88ffae8acd82cae05fe6236f5a7db3a796,2017-12-08 18:19:23 -0800
c682ecb076c9cf8b845917244acfc2bc575f4b9d,2017-12-07 16:46:02 -0800
d9f764f9590411c8c2e7c4e9f1a47f77b9ab987f,2017-12-07 16:44:18 -0800
143bd1952851ac70ace9d16c3708ae30dad2a0aa,2017-12-07 14:42:46 -0800
b69f1e4d63e3f7adf04a772bd5cef002c81bc311,2017-12-06 00:30:44 -0800
a7991e5616b0f78d3b80334774a5b7d63dabb8c9,2017-12-06 00:28:48 -0800
3abf2c7fa743efc72b48c13bdb8977ac64061744,2017-12-05 17:18:37 -0800
b07732e29df22acabb0a7b8198cdff41c04bb27b,2017-12-05 17:13:48 -0800
1d6b5506599accca30129348d52048b25766d1fa,2017-12-05 17:06:07 -0800
b8dee21a253f4d6f449e53afa5596cc6c54b189c,2017-12-05 16:53:13 -0800
456451bbf925a3d3813238a378c794864f25cb36,2017-12-05 16:52:12 -0800
0ab3ea0bab5c3d3fe0c84c8a3843467f0bea31cd,2017-12-05 16:49:57 -0800
7b52db2fb58ac592b54a610b8afb0c9b42184386,2017-12-05 16:46:30 -0800
e366d97df11c84e29fcc4aadaab1bb23b30cf9db,2017-12-04 15:56:37 -0800
d2f90de13d4d6c5da4c49d0d6c1a51dc0dbf6a49,2017-12-04 15:41:53 -0800
a32a7f0eabf36ddc8310e9d3b506f2ab277102f1,2017-12-04 14:10:04 -0800
7087fda4e91e9fe8974f9d36e01e275a08bf38f1,2017-12-04 14:08:02 -0800
ee6d9233ae69433d198cb043700a538c4a7b0cbd,2017-12-04 10:28:43 -0800
a082e26129ef88f46f676e359011a5736e8dc7db,2017-12-04 21:26:18 +0800
f671926f7fbc89e9bb20e2a3b5e937dc6b716cc3,2017-12-04 16:40:05 +0800
39a539e5c5a3381cad9e5e0da334c7f359e17c3b,2017-12-03 23:26:03 -0800
257c21630ab93b6adccbf955899451bd550a1d07,2017-12-02 19:47:01 +0800
356c091b66a2d8b76943f707a5bebfa7939719b5,2017-12-02 19:26:03 +0800
81cbba3cf620f2a6df48c0da6ee1ac019de24fbc,2017-12-01 22:05:53 -0700
ba7db47ab912269eca160bc1112f46cc417688d1,2017-12-01 17:05:20 +0100
86b915ce845f4ee3c7c0eb2971e051368d061943,2017-12-01 17:03:53 +0100
77efe5a8ec69d3c53438eb8f7af2dd2339992388,2017-12-01 17:02:18 +0100
5f3496f740629ba4ea0d0abb3272ca2e6d8ccba7,2017-12-01 22:13:49 +0800
d5774858934bdfd22c8e873c355722750c50f33b,2017-11-30 11:11:58 +0100
089c2ef0db37ae6ba781f1c49951877c3dbf2f8a,2017-11-29 23:30:32 -0800
64650cfc3fc2f25393c71252341a37a03db5be15,2017-11-30 13:52:58 +0800
58d0fc2dcf327beabe31cda54b461bf9a6bbbafa,2017-11-30 13:35:29 +0800
24d53cb241d0cd08c4fb99101d963bceb9b0d8cb,2017-11-29 18:58:03 -0800
819443cd5efc9393236d76ca2a5e2284efea0e22,2017-11-29 18:53:39 -0800
87ffad969c160b0e82944a6638f1710347b0bbeb,2017-11-29 13:04:08 +0100
d207432375e48c901ee13684ec1c395eeded9389,2017-11-28 17:05:24 +0100
90a82c278dab9c878e649d5aa8b0da9580287830,2017-11-28 09:45:21 +0100
ad546aeee2ce77213bfd99c456441a274013a1bb,2017-11-28 10:08:31 +0800
dc49b8b5c5a5e8d914cb80d4bc18051db8cc5313,2017-11-26 07:56:57 -0800
2915f55c9714fcfb88ad443f5d957b786736ecbd,2017-11-24 12:28:55 -0800
a6f4b792270194474649eda9261635c24c218b0a,2017-11-23 19:56:21 +0800
b20d95469e68acd7b1757e58fcfad0d04e26fec3,2017-11-23 10:08:24 +0100
8e056d4dd0262f5ed5245a8dc8abe608b737f6f9,2017-11-23 16:26:18 +0800
7108ab4b8e8116dd48c24fdaf845a28e048d7836,2017-11-23 16:07:31 +0800
3b02baa43dfd9f55c81d57299f1ec4f26d0aa14d,2017-11-23 14:19:56 +0800
d446b3c5daa8a2593f55c1a166e99e6989e8bcb5,2017-11-22 09:49:26 -0800
d120b7f136ab71daf95757145ea4c000c7145686,2017-11-22 00:22:48 -0800
e086f1dec6af8120e692862f29c2f77565760025,2017-11-22 10:02:19 +0800
87d1afcc329d7261f19a6310ca9a7cf2acce4dee,2017-11-22 09:11:08 +0800
89d45bc550f89e16c967c5e691bcc4f6f7d6f2aa,2017-11-20 20:22:35 -0800
00a286be3fa1795b4b7a12a7ce417198d4f46710,2017-11-20 15:02:37 -0800
c9a1b8adbb2eb4e7bd2fe9d55648ac684828fe8f,2017-11-19 22:48:18 -0800
c8c3f6745b57cbae6d01deb31ab445ff29e16152,2017-11-18 10:32:10 +0800
3fab8c69e2688cecf5849fce305f708b96542dbb,2017-11-17 17:16:40 +0100
2b660b1e06a9b0deac011d0d6b8a2e990bf974b9,2017-11-17 11:51:38 +0800
9b538aff7da5cba15ae59b70e0b0c9bd2464dca3,2017-11-16 21:06:26 +0800
07bb94f25a49c6f28c5b33ce930c0e2a3601db83,2017-11-16 21:00:47 +0800
c9a150b58fb1c8636dabbd7930bc3acffbf89881,2017-11-16 20:54:42 +0800
e253ca32eb2f9f06b7525b85e7fa2ca870e6d0fa,2017-11-14 17:31:38 +0800
ed7696b130a0b7b6fb63b4d37c4a873fa1f8f96f,2017-11-13 11:01:56 -0800
388d4a4c73dfe0f5ed0adc9f77f37ffd9457d117,2017-11-12 16:18:04 +0800
dad7e2ce0d1cf8f04c7e2f128900ea69792c948d,2017-11-12 15:13:56 +0800
a9b64e61598a987ffa6249ab398215436a7928f2,2017-11-12 15:02:25 +0800
dd7dc6399504b246c65f7a09657597578b81cb6c,2017-11-11 13:55:57 -0800
e713953aec8523e1018e0eba458c019ec9ba1f9f,2017-11-10 16:51:29 -0800
d0c11d0bf982208008c1f45e62038a33e7d9a73d,2017-11-08 16:55:39 -0800
3392beee5c70abe36d36604723e14d97b7764be9,2017-11-08 19:27:20 +0800
0ae8abc354c4c7706232aabf474ea37afea90fc2,2017-11-07 11:25:59 -0800
cbf6668af320135af65c4590385a29fcf6d8d6c8,2017-11-06 22:47:17 +0800
8b2ead67bc895c9e6bfe18228e949da94583230b,2017-11-04 10:19:00 +0800
2291b51ab96b4b460b05dbe34fb50c5ccde58e2c,2017-11-03 21:15:54 -0500
3ce2fb7ed510976413df07b00c81c3383f5494d1,2017-11-03 17:13:33 +0100
4c2e90d2536676f14df944c5d8b4288362aa48b9,2017-11-03 08:40:13 +0100
952cedac10da487c72b7974152242dbc46349978,2017-11-02 12:11:03 -0700
e202d955a022a501ea49bc5906c36b38bdbc50df,2017-11-02 07:55:15 +0100
f30766e95d5f0b284bb74edf65edee052e257e55,2017-11-01 09:06:40 -0700
030aefa7dc97483886699efdcf07364f7020ef5e,2017-11-01 09:06:40 -0700
c4c8069456a53669576569389ee45f4ed0e9654c,2017-10-31 19:43:18 -0700
34e8bf200c6f3797bd6fa4c5d86646e9eb7f0d3b,2017-10-31 19:31:21 -0700
c733494bfb42a00a91594730f2241df3ff0fb84f,2017-10-30 22:26:22 -0700
1c7d103431c15335cc6d6eae0e9c2197b58c1ad3,2017-10-30 20:49:34 +0100
8e20a80b3d22ac1d14ba7a8f2046bdbbe5e95a44,2017-10-30 20:47:18 +0100
26680c1507949bd8678af987a60fb3f5342fb1a6,2017-10-30 12:17:01 +0800
502c6b1e4b9d65a7ebd373eb6177e925648880f8,2017-10-29 10:28:10 +0800
3a20fe0ab6c0259ae9143641105c46e48f625f7c,2017-10-27 16:13:10 -0700
6fcabfc80c5bd6cdfa9252cdfc4ed209cc0620a6,2017-10-27 16:09:48 -0700
e9b857092703719c9ea38a3a74107fe5114af94a,2017-10-27 11:58:19 -0700
767e4556b7f5cc523b127e7987cc442f707699d9,2017-10-27 11:51:32 -0700
afcaade7c4c866a595b52ce71ee58b19352b2dbb,2017-10-25 15:59:40 +0200
0e13f700f662f20445094115a75f00e39f88565d,2017-10-25 15:45:27 +0200
54268cee2960ccba62fc984c4ae86997abb6e572,2017-10-24 19:56:42 +0800
3a1499044b64832635affcfaf6657725bc01411b,2017-10-24 19:49:19 +0800
dfe465cdd0684bbb348d106b737acf431f29351a,2017-10-24 19:35:36 +0800
496843893dfb91c237cbd5ae1f245f90304ea34b,2017-10-24 12:58:43 +0200
70e4bbe437f81f2b226480d7c20999737f686787,2017-10-23 13:19:10 -0700
8ca0dd414c1b4519aeb8014a0b65d60318f84f5c,2017-10-23 11:59:25 -0700
6e7237c751949d101bba2dac93bd3a81200633c7,2017-10-23 17:14:02 +0800
ff6ec1905e645d45e7857cc928c37255a81b592d,2017-10-22 23:45:16 -0700
b6852900b5a538a21be816ec8707b4cb8b07d3d0,2017-10-22 23:45:16 -0700
346e3a92be09bc294fbd4d964a7fc394795cee4f,2017-10-22 23:45:16 -0700
51a58cbe3ad6ca7833f433aa9b845480ee690e57,2017-10-21 00:19:08 +0200
99bcf09f6d5bbcef2f4c5228cd70e023c2348b03,2017-10-19 01:43:31 +0200
9f55ccc7d75a4beedb96aaaeb0a9ca1357977482,2017-10-18 15:14:16 -0700
fd477f6310a512e76fa3284b100d6e11411939b8,2017-10-18 22:40:04 +0200
84ecaa8201bb97a041ed733ba015e2fe62d39a56,2017-10-18 13:09:34 -0700
b737e9c77eaba28d6498691c968901f3c53d2a89,2017-10-18 13:06:39 -0700
ecca567eb7f51355e2196e07b0400e2f8b16d026,2017-10-18 12:16:58 -0700
4462bc31a6ac40b94efd2184e54e35cbc568199d,2017-10-18 12:14:58 -0700
1dc9789e89a6bf167ed965edb1ab51fbc449d897,2017-10-18 09:24:17 +0200
d31dcbf6ba3a737d66ec3958f8443b007d4e5fad,2017-10-18 09:17:38 +0200
7254090d6a822e3c9c244c46fdb354bf56ddb2f3,2017-10-18 09:15:40 +0200
1bd7a80bd295b8e9c82281764864ec949222b5cb,2017-10-17 18:22:08 +0200
40a7f1de440e6aec0b6640fc34a0ec7460c29ab7,2017-10-17 15:32:47 +0800
7d7497b70507ea3d31b184ebe04d98c733e2cf5b,2017-10-17 09:26:37 +0200
bd50cacd2b759d53b06a2356c5a9369b6100d635,2017-10-13 18:14:29 +0200
9d0f5b00ac82d37f57a67984c731d95a1895e700,2017-10-12 14:50:35 -0700
2de1f6dbd278e518c19378748606646158e9bad3,2017-10-12 14:44:03 -0700
c2bf327c907080e2ec40c460dcf9c768fc0699d1,2017-10-11 14:02:38 +0800
95373234a273920fadc06742479ddcc4e603fa1b,2017-10-11 13:43:46 +0800
7d3d02e588c1a06f195533c48c5af8149b813978,2017-10-11 09:44:34 +0800
79f359ff9b77cfce23d52d7a99715768497ee00f,2017-10-10 11:28:39 +0200
655057cf2fff39dcb1be3d508799080a373efc78,2017-10-05 00:24:48 -0700
9694fd263a3ee5e03740f99ca21e99918262f395,2017-10-05 00:22:40 -0700
32ad7bae8201b3b7ce5fe7431f099fb9380eb8f8,2017-10-04 02:04:57 -0700
db06aca15b5bab62500ea973c7626636e2f173a9,2017-10-04 01:59:45 -0700
e5cd0fe690f47575f62761f7bd4f3ad35c42c801,2017-10-04 01:48:15 -0700
758cdebb655bb68f7fd8017d289ce66ba9072e3e,2017-10-04 00:30:49 -0700
d82dc1c3e64e12e27ac8492ecbd4204a5529099c,2017-10-04 10:51:08 +0800
029fc609cd4933b55af4d40af69ef59dad83a842,2017-10-04 10:46:18 +0800
8399707f054e5d387e1af18384efab4cd1b26e57,2017-10-03 12:46:14 +0200
2bbecd7da52824c991e1a28573ccf8c8515ea5dd,2017-10-03 12:31:59 +0200
80b7676045c34f4678f754f7f78d77c156ba518d,2017-09-27 11:03:33 +0200
31bef62d7e63d5a8b198dd09ca2e72646a6bffc8,2017-09-20 16:36:39 +0200
3ede9c6c507aa93432757c4f1fe47c538fa83e34,2017-09-19 11:10:28 +0200
eba4d6e5d7eab8beab699c6dba8ac41e5ceec3db,2017-09-19 07:23:24 +0800
aa03c523126a2ad9aa0cae3665410bbc4dfb5edd,2017-09-16 10:38:26 +0800
131d1272e53e59645f6cf250e84f29da11568a08,2017-09-13 17:12:24 +0800
d338addc369cbe3b96af4ee4232d0cce7d72d089,2017-09-07 14:16:27 +0200
fae15d4249505003ef940687dd5203d396a12bdf,2017-09-07 15:37:47 +0800
a5c061ce5a99f85b9496c7f010093ee0ccb40052,2017-09-07 15:37:47 +0800
b9af3d5d7cc8961ec839e1f28b1b7495f38fe971,2017-09-07 15:37:47 +0800
1459adbe39715c94b012113b58f1be76c99a79b6,2017-09-07 15:37:17 +0800
abb311cdf839c02a941f416e6f97c8b85afd6fb0,2017-09-06 23:33:28 -0700
96a45e2a5733c91d89f9e91755ac3f42fdcea4d4,2017-09-06 11:27:45 +0800
8c8338738c8e54087990f25c15d18eafd7935ef4,2017-09-06 11:24:42 +0800
7da9187853c12ee6cf64287e0d5fcb56bdd2b6d0,2017-09-06 11:24:42 +0800
ae9dbfe9c5f1862af664cb51efaf7446276c16a2,2017-09-06 11:24:42 +0800
e48f9d02924208ad1e929c2876ae2acfcfab0c5d,2017-09-05 18:28:40 -0700
efc115af4979a5d2009714586daf5e8651a4be3f,2017-09-02 00:20:53 +0800
34b2920f9890f5ab320094b8584f9f93720fd71f,2017-09-02 00:18:16 +0800
fd27e99ecbb152ef7bbf05a36a9d85c8997d3744,2017-09-01 08:12:57 +0800
813c675e8d6a5a92d73821ddd1f49883ff2eb0c7,2017-08-30 23:50:53 -0700
25abd3675da9a6fc7b47ea80a5f1556eb129de8b,2017-08-30 23:50:53 -0700
5a5ad4625548a5ba78764e01f83dcdbfe0cbeca2,2017-08-30 23:50:53 -0700
0e76212e2295032b2fad29de58bbeacb9c0018ac,2017-08-30 23:47:45 -0700
29e74229eda138c13c88ec890ce3d2c215972303,2017-08-30 09:30:31 +0200
dd9680373188948f0e7b8f3b994309626a472856,2017-08-30 07:37:04 +0800
ae58e92bd3f0c17ed242544a097dd19656d39c42,2017-08-29 16:05:18 +0800
c0fdfa5c1a05bd5cadb175928aa02a8e1c3f1e1f,2017-08-28 02:09:45 -0700
b2c2e9e597eb970f511d21adff00fda00b5b6360,2017-08-28 02:01:43 -0700
6e6556f29ecbf966404423b7d67897e5dcba712a,2017-08-28 02:00:53 -0700
5c83b6e2ab7329c428b2c63415f3c695f4edaf12,2017-08-28 01:54:27 -0700
814edb69dda698e6f719bf4b0c970c206064f606,2017-08-27 08:59:50 +0800
160e975a98abfa18a8de9423137763e4a1125b47,2017-08-27 08:54:41 +0800
51c660ec87a541a4827742569da72a649e2ed5c7,2017-08-24 17:59:45 +0800
17c5c445db8a700c595e620ab33275f33c95e4a6,2017-08-24 09:29:10 +0200
13f88fec96258124e7c20f90f9ed3babced5dc81,2017-08-23 22:25:40 -0700
f4a9a53ce725f8c495e100430a05dc13942d0837,2017-08-23 15:07:26 +0200
e28ea6baecc181f90b5e26f5456ec3b657938b24,2017-08-22 11:38:25 -0700
35cffdf6a38b5dba702b11e5902d5aa745429b01,2017-08-22 11:34:43 -0700
b15e167f49d968d0e990a0eb467ca1f186bdc0a7,2017-08-22 21:02:31 +0800
3e4c02731787e730c039d6da17ab85b69e73daa1,2017-08-21 21:38:05 +0200
075d5b0e0cf7de9ef676a0a0389f08eb40d2196f,2017-08-17 16:51:53 -0700
f528fb39918f01551327530f3567fdb36852abc4,2017-08-17 16:51:53 -0700
eaed168536d09c2e56e52fc4a43aabb41b44e6e2,2017-08-17 16:51:53 -0700
f5d2ba66d6253fb54811d3ceb40d4ef4591dfb20,2017-08-15 18:41:49 -0700
de9eecc180cc78fb65b509d7ae0e5ea82fd5dc8c,2017-08-15 18:37:04 -0700
ab11ad85562b9fed1d4c6f4fbcbd70731a18ef24,2017-08-14 18:13:08 -0700
6a8ed75be57d1ed4ace6bf34910a1093da9c5ef5,2017-08-14 18:13:08 -0700
d318022d356d4468b8ced7f1a97c78cdf11e8f74,2017-08-14 18:13:08 -0700
2bdb069b9ea9bf114d7beed9d3a4502702fc444a,2017-08-14 17:27:22 -0700
affc7b073ff229345a5569025f4b65983358a352,2017-08-14 17:22:07 -0700
3b41dca602d87d511c203df61d3463d12f9fe756,2017-08-14 11:06:31 -0700
0d1593773041dc8a9484ffcf130cb3678e19e825,2017-08-14 11:05:34 -0700
9df2c62f2b1296aaf9e303e5aef26f90fbe184f9,2017-08-14 10:37:41 -0700
e988a3cb876b5939e103e36b985ddab05173569c,2017-08-13 21:54:08 -0700
f657b5e00d2e44a3fa476a4ab2c933c4a404717a,2017-08-11 15:40:56 -0700
739540896357e0079a946b95881a3cef4e6f9a72,2017-08-11 15:38:28 -0700
caba6b1dbd7eab07c8c6dd518797c55739f3524e,2017-08-11 15:27:27 -0700
1ff17d899f9998cdefc99c47f0f38a75b99d1c0e,2017-08-11 15:19:32 -0700
b4a1c76054c54d05d38a89399efa716201a2206b,2017-08-11 03:23:08 -0700
88a61eefcc23a72e9ec18d64168dddd0e2e01269,2017-08-10 14:22:05 -0700
3ebd42936c3af4395823e2754155c0088eb6a579,2017-08-10 13:28:33 -0700
4615742cc3947e4794aa0afda668876fd01887b1,2017-08-10 12:56:48 -0700
f5c96ebc9e5952a89f86d0a50093ff65c821701b,2017-08-10 09:41:20 +0800
eb316394c7d4c4426cfb86d2a9fc794302e5ad0d,2017-08-09 13:59:26 -0700
6e99bb7344463f6b132dd2df5ecc0f5de31909be,2017-08-09 11:29:02 -0700
bbcf1d8aec197074f707bf3d16684705396322f3,2017-08-09 11:42:09 +0800
755f8f624e20fb8775b100473c14d9775fe8851c,2017-08-08 07:56:06 +0800
b7b0a6845e5dc47c30d93d86797deb4aa463df04,2017-08-07 13:52:24 -0700
bee543487a2dd18034df2030a175b8f437f8fae3,2017-08-07 13:12:28 -0700
49b90a66f830482fc970ba625057c7101c201f62,2017-08-07 11:46:19 -0700
f90fa787522d59114caa3fe8b70345effb627f8e,2017-08-07 11:41:46 -0700
188d7e5fb8d8beb137f13a49b7df8a9cd861cefc,2017-08-07 11:32:22 -0700
ae1ba84f0935fdac43e7dd500647a70b2c4ca7f3,2017-08-07 11:25:02 -0700
c6e2f75dce44082e1a3b9ba06d1e37ed3ff5998f,2017-08-07 18:43:55 +0800
d107f969a915362dfce8f1b66c221debd434aefd,2017-08-06 21:08:11 +0800
cbcc64d6d0fd1a3d6738e4efcb0db3d5005ad0f8,2017-08-05 15:13:02 -0700
59562a7bb2b300b0706d17e9fc034d6604b71626,2017-08-05 11:05:55 -0700
1b7ed6be98a2f41dc61fa18c5e678deab933f48e,2017-08-05 11:05:50 -0700
bf1d58f197b9a99863f563ce0fdcb0e1f3483b8d,2017-08-05 16:33:00 +0800
8986f32db757799ea678fa8c31823566572f3082,2017-08-04 23:37:43 -0700
31960b027f391ee8ca7400cb3e647c20864966a3,2017-08-04 23:13:48 -0700
02580c0c2b2d998e1cdfdffe75458d3b7e85d1fc,2017-08-05 07:46:34 +0800
1c8101ed688d97fa93a8143c697f6c7489d5c6f9,2017-08-04 13:53:41 -0700
18f5c6a0a3de8727bcc12a8f6b1747c9a6a3c305,2017-08-04 15:50:50 +0800
423fa658419fe8b4b0731ede52b8f34610a3f663,2017-08-03 22:22:47 -0700
7a500dc8082580ad4c85c307ef073edae3ae7f7a,2017-08-04 12:19:46 +0800
70533f54a7e53a808f56e7a1112d0e0f7d260397,2017-08-04 12:16:25 +0800
464fa55c6debf5fdc835077135846e89729321c6,2017-08-03 14:20:47 -0700
398d33218eb2d9a4932fa69b9b3a29f02b2dce02,2017-08-03 14:00:09 -0700
6c340e06bbc13bd5ce7526f3531a9bab23108776,2017-08-03 16:18:01 +0800
8b895d3087130107f4b5714560e7493349c10f5d,2017-08-03 16:14:31 +0800
23f9d815f1f7fa6fa3df55883fa2ec22535d1d2b,2017-08-02 13:52:17 -0700
3b7c06481262d5ac84c1a79fa2479570975100a6,2017-08-02 13:51:44 -0700
610b603a34c0d7fbea151f7d1fd4951a6db1ac9b,2017-08-01 23:18:08 -0700
41f63c86a3d228887f08946dde14d485a40ac7b9,2017-08-02 09:16:31 +0800
8e0bd2c3d81b522e97434d8646915f36422a104b,2017-08-01 15:49:46 -0700
45e7f08f6a88de2fbb2f23df4c15a88625edff5d,2017-08-01 14:18:24 -0700
3713aa7e09eb99f6d9c7221943e40bc33a025071,2017-08-01 14:17:19 -0700
3daf94143ba2b1352a56c68e1b886d7d7cd499a5,2017-08-01 12:58:19 -0700
b299a699794c1f0aa8447704795361739a8bd055,2017-08-01 12:54:18 -0700
a5f8580f53464065243a9af038935f5893434166,2017-07-31 23:34:07 -0700
f581e030c79abbde81bf165603fccdb5e6a1d38a,2017-07-31 23:14:30 -0700
50f67361d5deea529d0af80a61e3312a8dd31e7e,2017-07-31 14:45:57 -0700
809f2cbf16d9ecb1b04fda23d610deea4c9bfabe,2017-07-28 17:59:48 -0700
3908d9ce6a5530ae2ae8526b9988b983423c026c,2017-07-28 13:34:58 -0700
fdbea38d9767e6eb28fbf8ec7c61491be3e06e66,2017-07-28 12:54:34 -0700
cf2936548aa7f91e99bb53a8d53cbca567649535,2017-07-28 11:12:37 -0700
b63eb86da3757a3740f922093128868d5a53394c,2017-07-28 17:31:43 +0800
0ccbc0e9c3e6a82d5e44b8347cc6567e043f253f,2017-07-28 12:39:03 +0800
7a480d3f8e5ec5c8c3592c332cbcab19b4043dad,2017-07-28 11:11:17 +0800
c9cf161d81d3fb8afd0af647e1f3d23f9fb50f04,2017-07-28 09:08:52 +0800
d5f824755028e08e07e7f3b326b097148c9b3bec,2017-07-27 23:07:13 +0800
c00cb9f69104c99d7ad10242c04175a5d9ef3801,2017-07-27 05:04:03 +0200
671ec2b21d6e603f00abc8f92a04bbec7d5750b2,2017-07-26 16:28:37 +0200
f27bf45e2643016742f997e3c467363cc3407be7,2017-07-26 13:00:06 +0200
313cfa66018836e8d6372b06c29ec551fca91e34,2017-07-26 17:06:52 +0800
ce57acaa1686493fd32fc58d3332d956db06122b,2017-07-25 11:08:03 +0200
24ac8ead6240aaaaa845afccb4e606fbe0da1602,2017-07-25 11:04:36 +0200
96d82102bef3152934f564db16373b12b1689ead,2017-07-24 16:03:02 +0200
626ce687e2342b8a75005cf018540fda76ee15d8,2017-07-24 13:08:02 +0200
1c567f88d5827d6728f05adc1d478648859d3ff0,2017-07-21 10:31:25 +0800
0ef4a29c9c34022816c7584943404d0fb52b9a1c,2017-07-21 08:35:25 +0800
2d992e39da0fc121901a72849b424c86fb099f03,2017-07-20 15:24:34 +0200
11fdac3cfdfe0900db994b45aa17500974ba3907,2017-07-19 09:31:04 +0200
7e9350cff67f0cb72ab757d500d98044cbdd4264,2017-07-19 08:43:14 +0200
7277657740c276b6f036322177c147264ba5100b,2017-07-18 16:50:57 +0800
f47dd4272f54bb95fd38abdd6c492dbe199dd7a4,2017-07-18 16:47:43 +0800
d61cfaba69cb0f87bc388889a58f2095f4034f30,2017-07-18 16:34:47 +0800
086537beda9427c057a286ad6c4614659da6ed7f,2017-07-18 11:02:03 +0800
1b79adaae7ffd4736530bd1088b45de8ac049f98,2017-07-17 14:27:13 -0700
dc1fba1685fe04931ae2966d2ccc5b418af257ca,2017-07-17 14:08:42 -0700
a84b5e11114c5a6eabeaf17ba60975439593fa2d,2017-07-17 14:00:39 -0700
387dc83d6d2db6a1d30bac3216a92f875083d144,2017-07-17 13:53:38 -0700
c49621bacaa960d240afbbee83a9703b4cbc3ec2,2017-07-17 13:47:37 -0700
ccf83ed5bd49155697e909e13edb572082e838ec,2017-07-16 14:01:43 +0200
8bb699ed468c39e1ae1c01dd7fc02033d7b74ce2,2017-07-14 12:36:07 +0200
8aac2cab6630de6dee5e1ccef7f15a6f41758b5f,2017-07-13 17:37:13 +0800
3b33d636a058f211e1cc24b748dc9888256899c6,2017-07-09 15:36:11 +0800
9aff6d52e01b50f25f5dbe1086ff10012ca25c48,2017-07-06 23:19:57 -0700
29eb420f1cca07c1a3a7748ed7fbb8a5bc54f2fa,2017-07-06 20:11:25 -0700
b59d63e8be237e80872f73d92a31b4213d9a649b,2017-07-04 08:24:28 +0200
ee0dddee6849d1968500af666571df668d34393a,2017-07-04 12:27:21 +0800
21366fee0e43e69591a03d7b517cf66dff2861d9,2017-07-04 12:14:11 +0800
e735c0305c8b3737e78ba5a1ba15b5d80a5ffb47,2017-07-04 11:59:41 +0800
450629d4314cf467fbf78da2d2a43840d0ccf783,2017-07-01 15:05:43 +0800
1b0492bf2ac547cf583736d3eaf9849498e42f80,2017-06-30 13:10:42 +0800
5e399df67c2aa1e5f228c62ba8533ca3293ab147,2017-06-29 15:12:40 -0700
95ebc45fa2d0c4028c31c66b790743f4a7909800,2017-06-29 15:08:17 -0700
75aca2397e43ec321a049aaec514c99cc9fad235,2017-06-29 14:57:16 -0700
b9648998802ce4bf256e33ffd6296b4c973a4824,2017-06-29 10:17:58 +0200
32c2859f0bec9ab74965d954bce038480e4dc2ba,2017-06-28 14:28:38 -0700
9ddd9e6f9e48b03a57a2c78ec2630303abd49782,2017-06-28 14:24:05 -0700
fe8ded50ed8f008457665138ec0e6a88bba67f73,2017-06-28 14:09:37 -0700
189d7e80b4b0096d580bafa66323fa5f099df65d,2017-06-22 16:21:00 +0200
59696600784c54192877a5742c6b141eadb07e26,2017-06-21 12:07:39 -0700
256e7587331eddd51b7c05f27717c9d4dc848500,2017-06-21 12:00:15 -0700
90e4e46bccdd1a788e10056f4a3818aa2aead452,2017-06-21 10:58:00 -0700
90a8f283999ddbfee818629e1be17102e63be22c,2017-06-21 10:50:23 -0700
1bf73e9f5b1d9a982182681156c90c6de026ce17,2017-06-21 10:20:15 -0700
7e63cff1c110b7b9435a88ab8ab321659057c298,2017-06-21 10:20:15 -0700
b4770a090a95802250dc69b13487eeb7ff6e0bb3,2017-06-21 10:20:15 -0700
363c5d00b847b7eb2a93826b6d947fd3180a37dd,2017-06-21 10:13:17 -0700
164c44bb97e5b3ea8c658f5f376390b787061125,2017-06-16 09:23:31 +0200
46e6b70feda2e8ad61ba13928df93b2c94d3dd4e,2017-06-12 14:12:13 -0700
83c527c32f9aa7ffd89aac2085e0b798a3ced1af,2017-06-12 12:55:41 -0700
b90ad5d89717bb3ca161387af4fce4f913c9e0ae,2017-06-12 08:45:01 -0700
8618b21a2395834ac2a6ede41635832b9d26d03f,2017-06-12 08:45:01 -0700
07852d35856dca232450135913090bac27b29abe,2017-06-12 08:20:53 -0700
13c5c88f63f4b7faa63c8c7e42d95f94c6a8d204,2017-06-10 13:55:37 +0200
58b92de8b5feee37f8bc9a99d8c98c2a9d9df383,2017-06-05 13:25:17 -0700
5fe86525a9c823f79b3e97fd82ea4aa1c75c79eb,2017-06-05 13:13:31 -0700
b3b958c2b6a7195b23477d181db3fea1e7d1c248,2017-06-05 12:48:33 -0700
efd8ec26926d2e75f51d6d576543a0dcc116b83f,2017-06-05 11:30:52 -0700
5f945f8a02f5171608810eb002443193c3eb058c,2017-06-01 23:58:21 +0200
55d1dc45c4761f150c59a34b94d21e39e69f872c,2017-06-01 13:59:44 -0700
5c81acaccfb0cb1260acdfd7d0bb95ae84f85654,2017-06-01 22:39:28 +0200
a9fe7d94f1890f697633fdca8abdeff23903025f,2017-06-01 21:20:59 +0200
dd08ce1a644de00967dd5fe34ce15caa9789d775,2017-06-01 13:19:58 +0200
d1f37dafbb475d4d6aab4769335550428c680269,2017-06-01 13:16:48 +0200
e33ec10aa400f32c2e0278c15ea80a0f624e5919,2017-06-01 12:30:54 +0200
77a01dc7e6431092f82a7efb02789beb165b75e2,2017-06-01 11:42:04 +0200
0eca5ff57f6e19fe5829d5ef8df228411467401f,2017-06-01 11:31:14 +0200
da70648719679fd1db001c74ad873bf134f16198,2017-06-01 09:47:28 +0200
fc51f73cbc9cdaae9876bc08cafa3e7a80826207,2017-06-01 08:55:45 +0200
9bade929dd87829a8903e402f6c3e3be366a854a,2017-05-26 15:44:27 -0400
fd3331a2769a29c379ed63e21ed2dc3c0f85ba25,2017-05-26 16:52:57 +0200
6698912e4d35119a2e85a6ea3877c6771073489c,2017-05-26 12:38:28 +0200
64bedc2f92d5bb17783c6ea2a2db7ea29170f264,2017-05-25 14:31:57 +0200
7b1eec47092d0de6776c5a89575dbfc678165ee7,2017-05-25 14:23:03 +0200
8ba8ab9403dbc464c68caf6e7cd3fc490670731e,2017-05-25 13:37:29 +0200
667390d1a6305c31608130929ba0d68a0b5a4763,2017-05-25 13:31:04 +0200
bc973476cbed0fa5bc2e5349c4478f7697c7dadd,2017-05-25 01:08:43 +0800
7da9ed293db87103efcc28b7e706c0b386131ec1,2017-05-18 16:21:37 +0200
0f16da8961521372b9bec953ab62c8913bb8dc31,2017-05-17 08:57:37 +0200
e44c7388399e5589cf44e38c58bb84c74da544af,2017-05-16 13:20:56 +0200
0f81461d2d1dc5cf9db4de9a46599d7d64e3dac6,2017-05-15 15:31:56 -0700
5d43260e84c6121df72c0ee4c844651bfb726638,2017-05-15 12:35:26 -0700
d863513719b696638e3369f4bbfde9abf5fd3d5f,2017-05-15 12:25:18 -0700
74f795136c1fff3badb29fc982d0cc2d43096b45,2017-05-15 10:52:53 -0700
811ece53a1c975c4e768422f3d622ac9de6b3e41,2017-05-15 10:32:26 -0700
5130d3596f7fb862e38910bf0a0a1dae3ed892e8,2017-05-12 16:39:04 +0200
d7f7b922f3ea0471452115c6271fd18ab63d3505,2017-05-12 15:20:31 +0200
e2894a9e9946b4cc4647c280094bcb2eb1a521ea,2017-05-12 15:17:36 +0200
eeaddeda66fc687d20c2309a8cbc109c5dfeed89,2017-05-10 14:17:43 -0700
fc4800544bcd60c66fa682e6ffcbf2789b7fbb74,2017-05-10 14:15:05 -0700
af397e2247d453af25db6a1f33426fb9c69e2cdf,2017-05-10 13:47:02 -0700
d8a7ac310947049f65687e33d92b847c44c91a39,2017-05-09 18:17:19 -0700
5531014ab1cf282d35d4d53db975192b853bf7a6,2017-05-09 14:07:45 -0700
1a2e017b65812e6e50975213a365aa37eba9fa96,2017-05-09 14:06:02 -0700
61a5446b8923e5ce0b2a46891a385fd480275bac,2017-05-09 13:24:53 -0700
d5af77c05256d5942c19aff2654c5d8f5ac1eb79,2017-05-04 20:58:41 +0200
25c113f62a40bff6ff91cf82f699fd1d35b102fb,2017-05-04 20:54:13 +0200
5d282dceae140577b97a12db5b2b531c7d84e985,2017-05-04 10:27:44 +0200
057af8dbce6c08794eb8b46ca52ca13f222d9bbb,2017-05-02 14:04:57 -0700
9c79e078b8cfefc24251aefcb727760fb99229ed,2017-05-02 22:07:24 +0200
c72ff5efbfaa21cbc95c21f89692190aa52a5a29,2017-05-01 21:55:22 +0200
c94bbbacd7dcf369c51480a21ad8e55f1af4c9a6,2017-04-24 14:30:06 +0200
83d5d9e2a51c8c135bfc97d3831beccebe11a69a,2017-04-20 10:55:16 -0700
de59bd2ad038428cfa61cfdefe1266f3356e1937,2017-04-18 10:59:33 -0700
f74d07d6b96ba3e6f1270d053fa36676cf680304,2017-04-15 13:58:34 +0200
6a80ebc30244da56bc0e3fc64d02650ddfd6d6cb,2017-04-12 21:38:32 -0700
ba3505e60f83f8f99c480414a56dd6dec25a832b,2017-04-12 21:36:19 -0700
0dd0e4fe0ae29dec3864e7539144a6ffca64df19,2017-04-12 20:54:11 -0700
24fae0322327d8fd75c30524546924f27e278448,2017-04-11 11:20:29 -0700
12bb13cdb1feca0fa6739f8e6287c326fb5fdb94,2017-04-11 11:19:22 -0700
0f155f38bb48d23aab4ac8489f7908925b8f0cca,2017-04-11 11:15:19 -0700
48aa69dd0ba41f5ba7bb2b04f31172c919be4391,2017-04-11 11:14:19 -0700
ab707d2c6b3251b2a9a30a6d14074704460b3da5,2017-04-10 23:28:37 -0700
f30f60889e0810a47797daf4107c0d9bc2ee998c,2017-04-03 18:22:07 -0700
9001e300ce0d5d2655d437e3eaa52f91487caed6,2017-04-03 12:31:47 -0700
9836c87dc2c082c46692d60c60cf9e23c7b0b06c,2017-04-03 09:57:40 -0700
b30b527ba995978694ebf735c02b508374001021,2017-03-28 13:40:35 -0700
825e0e7b4a27730d85afbe823a405ba333de3a65,2017-03-28 13:39:22 -0700
bf8ef14bc1bfdde6c6c8edcd7f380b4beca023f6,2017-03-28 13:37:16 -0700
0583175de72446d00088611000310b000e8e61df,2017-03-28 13:35:30 -0700
03c53f514867dac06d72ec587827b22acb457d73,2017-03-28 00:09:47 -0700
1e4ccaf167936fb4ad0de8c29ecf840bed3e89ed,2017-03-23 10:59:01 -0400
986110c4d03a38db81c166216cf4db81a9cb5cb7,2017-03-23 10:58:08 -0400
3d3340be7d754af1738a117ee07e3bed04ec5547,2017-03-23 10:55:12 -0400
b2285e64df3258dbab1d84687118cbdc041891d8,2017-03-22 23:27:19 -0400
f20568eaa25e0efe6926ede9030a210382e3005b,2017-03-22 16:59:53 -0700
f3671fc9f588c7a53a9b3cdd520580c45dae06e3,2017-03-22 16:54:42 -0700
32ebf0ad68f85daffdec571e28206339a4d09443,2017-03-22 16:51:48 -0700
28c264c8655f74e09ceee5ad499942cfb0dc65dc,2017-03-22 16:48:06 -0700
123eccd435a4a96a9147ed4a24efbe9025fe79ba,2017-03-22 14:54:46 -0700
91db1254c1118c4efa1c520f61850a3382f41fff,2017-01-31 13:45:36 -0800
c813b3d3298586ded02032a57a99d5fc6c974581,2017-01-30 19:01:48 -0800
712d1cb77f53a814bd2f678fcdd1f9c9db637292,2017-01-30 17:52:29 -0800
42e8f1294f206cbe51a6af669cf605833b78bf42,2017-01-30 17:41:54 -0800
13d668f2208bf472e4938cfdfd2de912eaa11275,2017-01-30 17:14:22 -0800
26b09abb4202362ca37d6944ce75eb2a3309dc3c,2017-01-30 17:11:29 -0800
ba5dadcb3e1fa942f2f1a17178fd368c4bd0f0c4,2017-01-30 14:25:01 -0800
ca7e5fd80662745e7f64ee8f70c66dc9734f6e3a,2017-01-30 12:31:01 -0800
43971c3b9e4a9ac37ee07b398ed5506e040f9310,2017-01-10 22:41:21 -0800
0fbb98b3629df18518ab6b2298bdd6fe5f19af7e,2017-01-10 22:37:55 -0800
15d6f600e7158e2eecb0ae7231455305e5d1ceaa,2017-01-10 22:34:59 -0800
90e09af0fbfa6f05106e07ac8833be26abfa3f9a,2017-01-10 21:45:42 -0800
a1e1bb1fc016a99c383bc9f20220342ac2ee5561,2017-01-08 14:46:53 -0800
5548c21dff62d544a0035f0cbb3cc59e385a4bd5,2017-01-08 14:46:53 -0800
b7d28756c5be788ac7819dbeb5e7d8d92e920afb,2017-01-08 14:46:49 -0800
eeb96c180b1b53d6608b13cf7077e3006ffdcb47,2017-01-08 14:46:49 -0800
c3077c499489e114ef17bfd31afc5509387d664e,2017-01-08 14:46:02 -0800
9bfb2a2d52dfd2f8890049accf96f3fa4f79878c,2017-01-08 14:10:37 -0800
8ba3c921f1b650df6e1f924f2e4a0bd7d5acdfa8,2017-01-08 14:10:37 -0800
c248f9dbbc87bddb087fe7b3012772049241636a,2017-01-08 14:03:13 -0800
4b6c849f1b19571f3b38db71ae520b2b39cd5438,2017-01-08 14:01:35 -0800
965c82de9f22f66b2cde9dc03e14137e87145656,2017-01-08 14:01:35 -0800
361b423a14753a2a8b696fd352115bc87fb9284c,2017-01-06 16:51:06 -0800
9d1f3bdfd01fdb3f003120d33aa5e5655fefb768,2017-01-06 16:51:06 -0800
6cd251227258da58b2ab5d6ebffc620431e04b92,2017-01-06 16:30:32 -0800
e0e819b015b4e2910ac267321123cdbfd0f71fd0,2017-01-04 16:46:19 -0800
817989ce704261be588d33ff952719706599b6c6,2017-01-04 16:46:19 -0800
ef1ca0e73e8ca832dabc46497058aeda6ca6b537,2017-01-04 16:09:01 -0800
3319bc0231f27322f2008c326e0256c90e799f67,2017-01-04 16:09:01 -0800
c7e78df8b7555b3a57f69ffbdff3072d29b8e024,2017-01-04 00:41:56 -0800
da6cd40e0864548b94fee3fed63549026e446dd9,2016-12-29 02:14:02 -0800
d15bc06466e345651f53ef7a7f5a771ac4880446,2016-12-29 02:13:30 -0800
a83b233a79300c0bf1b3dcac0a24fef628ad48f8,2016-12-29 02:13:02 -0800
1166e11904ab83ec64e0147998cebffc653bdbf3,2016-12-29 02:12:25 -0800
590805a487fbfcc3c85c9baf5988106a9037dc2f,2016-12-29 02:12:04 -0800
714ae49baff3c9f390fb65afa9b8cf801c5a5316,2016-12-29 02:11:40 -0800
d7105aa88f29faecd779c4371fb023775e2c7e40,2016-12-29 02:11:40 -0800
a5e892fc1901100e267e6a677261936a87b9d22b,2016-12-29 02:11:23 -0800
e2c6bc0d7faa7b7912a51a7a4ed6e1b9ac5653bf,2016-12-29 02:11:23 -0800
fd08cedc7e1e5df4cdf307a1dd615319bdc1bdd6,2016-12-29 02:10:53 -0800
da53069b9858fd904a68ce84b5954c60a0ba05b2,2016-12-29 02:10:32 -0800
09a34b0e9b814bf602dceccd64ad7dbfc718fcfb,2016-12-29 02:09:40 -0800
3a512326dc2cec7e4c62e0dc8fe569fdc5305373,2016-12-29 02:09:00 -0800
de4711ddf87571c4de5686385663aef3f19fcaf7,2016-12-29 02:08:33 -0800
68f796019ce771a44ba20548046a444177143be0,2016-12-29 02:07:27 -0800
d606ee4ba0080431c5ec67b8805ff3bb269005d6,2016-12-29 02:06:55 -0800
aa60a4e830183f6d9a61ab9100cf845712e281b7,2016-12-28 22:46:48 -0800
7c4476cd01e2ed7530cbb6f429d78f083837b838,2016-12-27 16:49:30 -0800
c9e76260dee1d661906c8bf89b032950f92c6d0e,2016-12-27 16:49:29 -0800
ee117235dc1a6fa76093c315c0fed4239831cd63,2016-12-27 16:49:29 -0800
b90cce8bbffa23f348058f8977a740b97f39dee2,2016-12-27 16:49:29 -0800
35587d3d70cf60b84f425db13718b4537336fd80,2016-12-27 16:49:28 -0800
0d424a17571ab19039f8b7c7a5766980b6373090,2016-12-27 16:49:28 -0800
13a7381f50fea4b9300cd111fdd5b671954fbd7e,2016-12-27 16:49:28 -0800
b42a8c34511612bef539d30d7ade5f68234297af,2016-12-27 16:49:28 -0800
2cdd371f8799f47a5d473eb429f72d95337ca607,2016-12-27 16:49:27 -0800
1eb1b1e94407de828694c1caead6b865b7e28887,2016-12-27 16:49:27 -0800
9eabddb64a0b47d7c2c2096e571f5f2586f28d11,2016-12-27 16:49:27 -0800
fdee73641c1841448451bf34f859a78ac6bd9d08,2016-12-27 16:49:27 -0800
7f2b59a7e6fa115793ed71d8cc1ad1cb9da677be,2016-12-27 16:49:26 -0800
037713709672b3b500f7375a1bd81c1649956e3f,2016-12-27 16:49:26 -0800
ff21a477e2697daa0759d6a3b7daf5354db156df,2016-12-27 16:47:06 -0800
30742c0375eb11dd653f92f734aaa478faa6c0cc,2016-12-27 16:45:43 -0800
3953dfb058ce841c8a23faadfc707ed5995f7b40,2016-12-27 09:05:00 -0800
ef4572afa128dabf0607068eadfb6f3e50d43da2,2016-12-27 08:57:27 -0800
f53cbf82758af7f620ecd1506c76801bd0e75c86,2016-12-21 10:40:28 -0800
ed4d2bff7443f861a288ac3e0d47ec036bc751f2,2016-12-21 00:09:57 -0800
a6a463591a823bd930aa8b921b17cef70ea445c1,2016-12-20 17:00:37 -0800
6e738d0c02ebe6710a24aad505e2fd9386bb8821,2016-12-20 16:48:48 -0800
9a506c261d3702ddd3f39556f4331b91da952a6e,2016-12-20 16:42:33 -0800
54863473365572f955a8e7a3e022614f5f5e4604,2016-12-20 13:43:08 -0800
77de65efa4e06aa4434ba87f4760e6851ae8c6ba,2016-12-20 00:04:51 -0800
6fb1a5d564eb72cabd94b28e58e0b7052424335b,2016-12-19 22:28:24 -0800
715fa5cefc31a7041725cb959641287f60921dd7,2016-12-19 22:25:03 -0800
64bcb21f5e6e21b49ac743941445d63b8b4e87d3,2016-12-19 22:22:37 -0800
8b05fe3a171bc8aba245ef3e0b3cccd785691387,2016-12-19 22:20:52 -0800
6aa61c918ff2b3ddd1ba2fd9b98f8423d2411006,2016-12-16 23:55:48 -0800
b06b537a54654824eb130e11bd3286c1120723d4,2016-12-16 22:50:41 -0800
db17ed7b24abd2a938dc344a0bae4a703349c207,2016-12-16 22:43:24 -0800
7b5dc6231e89d282fe00b95cb845ddaf15b034e8,2016-12-16 21:51:03 -0800
73edd4a99191d3c710b24a85eed3e2dbcd0a93bc,2016-12-16 17:45:11 -0800
669ab4ac32bcbf6b3d883a07ed942d36d25b8a6e,2016-12-16 17:44:24 -0800
be99f024df5d53b3988f585ab46d6b604592acf1,2016-12-16 17:43:34 -0800
4bb57ef0b1b72eb1118963efc3ab9f0e9bec0e1c,2016-12-16 17:42:18 -0800
d2e82d4942be079cbfdb179e9a3fe3e574beff8d,2016-12-16 17:40:25 -0800
6d2737ca22533aed461ed71e94d2472a6664df3c,2016-12-16 17:39:40 -0800
0451d59c89b0df346e39c921acf6f066d949bfe0,2016-12-16 11:15:21 -0800
13b890b738f6470463a6c8f72917fe94cdfb97bd,2016-12-15 16:20:57 -0800
3a0025998c65df7794ae2a1b20ad1d58c03bf410,2016-12-12 15:37:54 -0800
8a4f4a63b1f066598e887ca34620d88f7db2bdd5,2016-12-12 15:37:54 -0800
2717eb4e37c88925fc4c0059bba013fd0f3aba97,2016-12-02 22:45:43 -0800
aebd68049eec8417769059d7500ab9a4ebb19c27,2016-12-02 19:53:39 -0800
f710e5a44569aa080b80eff855fff2c3810957fd,2016-11-29 15:19:07 -0800
ecbb053e6e873859507e247cae727f4bc8b9f7fa,2016-11-29 15:17:46 -0800
4cf097871d28b70a53f8c6bffaf1c2022e9953b2,2016-11-29 15:07:42 -0800
66515e74d3fb03d21cad4eccb446a90ab7e94597,2016-11-29 15:02:27 -0800
baa0afc059dc0a96d5fb8c902a0504cf8fd30e02,2016-11-29 11:50:17 -0800
95ea4815b5313ea2ab02e5192c9f577d1c0fe24e,2016-11-17 15:44:06 -0800
9359d682a1598e30364eca6021d976f911e055b2,2016-11-17 15:18:35 -0800
2ba9a2c4f7192ec0abaccdfd334025b4ddb9da66,2016-11-11 18:37:35 -0800
7673febb6519fedb96320ec98db71601826a63b1,2016-11-11 18:35:13 -0800
026ef10e1e9706ead4f1bc6763ded2e28c91480d,2016-11-08 23:49:20 -0800
8f0bed9f8401001abd683c420757610996cf96d8,2016-11-08 23:44:54 -0800
cc3d2701687ce1a4ff14502e2214a381b43aed5f,2016-11-08 18:08:44 -0800
309cbba65c8532ef84c70efe181b3162e3078333,2016-11-08 18:05:57 -0800
0abf37c64ced0fe49a6470bc0e2be632e47902d6,2016-11-08 18:02:34 -0800
4383b0b171d5fdfcdfa55c196998bbc6b7fdc260,2016-10-20 10:38:33 -0700
b9247a10caa4ff635184da52c8975a921877b500,2016-10-13 00:47:11 -0700
2b2f33f51c8d3ac78fb7b969294eab952d730a99,2016-10-13 00:47:11 -0700
bf4a4d6a07f9d615752054c6743035cebd86716e,2016-10-13 00:27:18 -0700
bbd1eb8d8560b03834175fbd996b85237df09f5c,2016-10-12 22:50:42 -0700
941bd8ddf4b65e4dc0cec56f1e76c3cfe157be5a,2016-09-12 18:51:44 -0700
9dc05fc080ddf01e69eb89ce1b0865c552d3de53,2016-09-10 12:01:27 -0700
9db51b8d532d18485798d9dd96973c22450a0495,2016-09-10 11:27:43 -0700
a1890ec9992442ca0e051a674df2a130de6fd0a9,2016-09-07 01:38:27 -0700
18ad45fa87c18f362e93060922d6b25729d503ce,2016-08-26 21:09:07 -0700
e39e3b036145907e9df87f72fb7b9773c4f35b45,2016-08-22 18:05:39 -0700
25af8e2950670648c04047e65ed67136c6a81ba7,2016-08-22 18:00:13 -0700
55937e03ec9f9d9c9939af6dcaa7f420cd655924,2016-08-22 18:00:13 -0700
b99cee8295439e10c88d4290abe21e422eff833d,2016-08-16 12:02:06 -0700
28f23e80bc1f64a22b45c52166cd51d526eacb5b,2016-08-16 10:42:13 -0700
64f596f4563436b3e4cfe0f57714fc3012778b4c,2016-07-31 23:04:09 -0700
bf0f60c84034c7d3a1b4f51ef686db5de2bf9f2c,2016-07-31 00:57:41 -0700
c43858b5095318b50f4c7f86fc33b0a9e454bee5,2016-07-30 22:56:28 -0700
8324632b2983beba1528ab53a999340756c7f563,2016-07-30 22:53:28 -0700
1f7e47005588eedd879d0b9d163b4f125c6a0d59,2016-07-25 15:22:34 -0700
2f71beb5e4b06691d4fd6c2601b78632236b3533,2016-07-14 14:02:33 -0700
2506c98f8cc474d538df84ca30d229fbe0470e29,2016-07-11 15:19:33 -0700
d5cea821c2201db77bd75a9bc48ff4bf9f483ce2,2016-07-11 14:06:34 -0700
6d71b8292bc255e21f2dcf048be191650c01b4dc,2016-07-11 14:01:30 -0700
e5f3afa5ef84dbc466562664f1f8b0cd60779c02,2016-07-11 13:53:23 -0700
3196448632fd93b53964d58aaf070709d2bb050c,2016-07-11 11:54:15 -0700
ab069c3628562a90357b989e50d626acfc608695,2016-07-10 23:41:06 -0700
bb31fd75bf4cf022001e9be25ea725477b0a5e16,2016-06-24 08:02:39 -0700
8ad9b2929dbddb5124b58c86feaca5fca73d9acf,2016-06-23 18:46:29 -0700
bd2ebcd75f41552f37166616e05821f4f7752f26,2016-06-08 16:04:54 -0700
88f134e018608a4cccfc8f374ea8168581d1b839,2016-05-26 10:08:24 -0700
5c768b0a3cf573a4ba71f8b6edc9f183fdce4f65,2016-05-24 03:20:34 -0700
089735246f6084e9f68085ab03999394c7158a72,2016-05-12 19:18:32 -0700
7e7fcf6618417a0846baae4b6ee84778571a3556,2016-05-09 12:06:08 -0700
5a71ed88116fcdffcccdb99eb79055912c46a85e,2016-05-09 12:06:08 -0700
f36bb289c19f5528572b677d1529951ae4346a93,2016-05-05 09:22:09 -0700
d1df2dbdc06666490867285812654ca8e91647a9,2016-05-05 09:21:51 -0700
d32010f5fcc6a040a56dc8b983cc14d107cff2df,2016-05-04 06:55:46 -0700
f8e0331f14a933ad2ed3d933c5eea927020b4967,2016-04-28 20:05:37 -0700
101de10a817d2a0704ce746eaed90cc0d73ca078,2016-04-27 12:11:27 -0700
696a1515bcd4ef41ef27944dad64ac3e1c9d4991,2016-04-27 01:05:23 -0700
dd575a16decbeaab1f230db271bc400d7e434216,2016-04-27 00:55:19 -0700
40af841a366323d19fde2ae73d198824c16af688,2016-04-27 00:30:36 -0700
d66b9f0b4d27eae59fb9d6e607f24b2e8a0e611a,2016-04-27 00:07:08 -0700
91595fc04ac6168b5a652e803e55caadae757f74,2016-04-27 00:00:34 -0700
10cab08d0a8b4ca4b182554dee95834dc42175d2,2016-04-13 15:51:44 -0700
b42d8db2b03079ce65d603d808442297ad759433,2016-04-09 20:58:40 -0700
f2bc62b85e9bb855416fa4ea424cfd19ae9944e5,2016-04-09 20:19:58 -0700
89b032a1b59bebaf1bd48a95c0eb0f3e0caa2519,2016-04-08 10:43:09 -0700
3efde26e0510be38237c73a7bfeeb105f25d8dbe,2016-04-07 12:39:46 -0700
3fe7e7dad1a1a5a1ac958ef245f244d36523c0ea,2016-04-06 09:38:15 -0700
19a5efe21ca0b33156a405f1084ddaa9ba4b28f5,2016-04-05 12:53:42 -0700
e5939ed587d81212fb032a37b2b83401359fa7fc,2016-04-05 09:47:07 -0700
d607b366ba493617408888a768a99ee3f3ffb976,2016-04-04 23:50:37 -0700
b1c12c0f41b7c27b2452fef311f12077d771f431,2016-04-04 23:45:51 -0700
e32c38890ffbd0291e24e2b3f2625374b27f1f67,2016-03-31 13:53:30 -0700
a13d75d7eae29f1ce42dbfe5c6b4878a822fdf91,2016-03-15 21:03:33 -0700
1a98088e38ca0a43c26d9a4847619b0a27bb90e8,2016-03-15 20:51:00 -0700
9a8d62b1d1231f2fe6feca7e0c407a426a1278d5,2016-03-15 20:43:54 -0700
410ff7263a477d4b75a43d006adde3549225a4b9,2016-03-13 22:39:15 -0700
a77042db1b024b5cb2bdd2a5f49ea18a43bc036b,2016-03-07 22:18:12 -0800
fe52b500cfec1c93725fa967ad2d5e0e7350580c,2016-03-07 22:16:03 -0800
bfa74f736ba270cc1a0bd0f7a1a6c643a00e385d,2016-03-07 22:14:10 -0800
c8255f8c5f73a2353293ec1d9612dbb98f291ccc,2016-03-07 22:06:40 -0800
96adbf1d613a63602c8b1b4aad1b0a7d17e6eee3,2016-03-07 21:49:52 -0800
2c567d008c644df5db8c441fb9aaf135ed36db95,2016-02-23 15:44:31 -0800
9bd9e061bc225f36d8c9d516d4265aa209e4e90e,2016-02-23 15:34:30 -0800
bac3ed3603f9dc9864beb610bea215c186ef4fab,2016-02-23 10:16:06 -0800
9c937f5d814d4079b6134db361a0e2de1e37cd05,2016-02-08 23:39:50 -0800
63395a3e3d9bb253ea2745042631e44a3d195ea0,2016-02-08 23:37:03 -0800
d96a2db912278e3d88ed59d8d3e15b62bc37ffd4,2016-02-08 23:32:28 -0800
63a2a91eba191e92a1902cf5400325dcf4d36089,2016-02-08 23:30:29 -0800
61390322ea591bcfe3186e289c27f331c86941ad,2016-02-08 23:28:09 -0800
626b7e8bb0b84271df97cfbf0a1b157c6cfe5a18,2016-02-08 23:23:34 -0800
8729d12be50295086e7440dfa5d0256abb7688d5,2016-02-08 23:12:03 -0800
92722ee9c34b069e23d1a87d7fc78256b8540268,2016-01-26 13:11:04 -0800
19160e44d3d6814127e35f9a2c1062bcae57213f,2016-01-24 09:39:50 -0800
e42efa9a84d554c8c0cdc9faf39d5efb85fe01f0,2016-01-21 21:19:02 -0800
e47fb5703d1a26db238dd20aa58bc580830dd5af,2015-10-22 00:24:14 -0700
355ddbc7c13e39c49a58371d467e87aa80f696d7,2015-10-22 00:22:36 -0700
8a3922e00d5fc3f82cb28ca032595b02db1a516e,2015-10-15 22:00:57 -0700
9803ee8e6293dcd0346b1ca3cb0f2666b5e12382,2015-10-10 09:38:11 -0700
885cebf113ea104dc579f93d6e112825a3bf1959,2015-10-06 02:12:15 -0700
48ab23ef3e16f8edfda2a977f9c0fc99c441db40,2015-10-06 01:48:46 -0700
6cfecea6c3e2b6e327fb53ac85f1894df81a10b2,2015-10-06 01:05:18 -0700
5662416d8ecef535fb089baa0a10e0dae08ae805,2015-09-15 01:38:26 -0700
a59bd5687e2f5c4a4ac3f2a957543b5a1a3148d8,2015-09-07 08:58:26 -0700
c29a4f2601f72f8543cc4b1db419c84b01de75ce,2015-08-11 19:00:52 -0700
8bf97fb5ba115b1d053bbc9a779335455e6926c5,2015-07-28 12:44:30 +0100
8c1b9ebc22988aabb42ba9cfe79be8898fc5a69e,2015-07-15 23:28:46 -0700
a80bba272ecd7344ac552f3888ef5db49cbbdeb5,2015-07-10 21:48:59 +0100
8df7e0fb18547e9805238f4bb15d3d0d67978422,2015-07-06 23:24:26 -0700
35fbcc357970f126b6b9f9a7bf2a453bd3786044,2015-06-01 23:02:06 -0700
6286c39eaa8f7422323fc3405c72f9c6333f444f,2015-05-19 23:20:04 -0700
1387b2be44686abfe78bf4efee4ad52d2d699e12,2015-05-19 21:15:45 -0700
5bd2edbf82bd0c8bd9ea9e507b07d23cb856f934,2015-05-19 00:42:23 -0700
6688d96b52072496202f607f8c55976472f4c9a6,2015-05-19 00:36:14 -0700
26b17cba50aded931afb2e66d549fbeb8f4f1d39,2015-04-21 01:19:24 -0700
da1a2fa6b19ddcdba68834147bf6afbe5bf90cbf,2015-04-21 01:02:38 -0700
e0d331781ec7a0e415bc6f16c38686aab34cb0c5,2015-04-21 00:55:03 -0700
b6dd505342051f267ca6af5fba1b70637c1e3fe0,2015-04-21 00:44:52 -0700
70da24d504e3f4cba0d87a0914a0add7ea19394d,2015-04-21 00:39:31 -0700
b24cd7fd85bb3235036e660ff3a295dc939705e6,2015-04-21 00:35:22 -0700
fe6259c7eade644c8d2a5e96aba61c1792d64843,2015-04-21 00:23:48 -0700
6622b46d4979c92cd9c3f450e3832d63513c6a22,2015-04-21 00:17:45 -0700
638b332569a0ce4c502cc4d15be535a67d464f9d,2015-03-17 23:41:02 -0700
c181ea8aa409ed17f28e5b901ae33adc0faaf4be,2015-03-17 23:38:24 -0700
7177f2a03c52ca0457ea7d1a9c946f194ffb1c5f,2015-03-17 23:31:32 -0700
4a4802ab5ef1a98eb40cd2bfb4b2f76409745220,2015-03-17 23:18:10 -0700
68c5b5a40c33b813482e8a2371eedcb2e0d224e8,2015-03-17 22:23:37 -0700
f2928dca4860b3c1461b99b834992e16901c8a87,2015-03-12 00:56:42 -0700
0c7dfc077b413d4019b68133cb7461832eae3541,2015-03-12 00:37:20 -0700
e89ee080f1894143ed3415f27017b89eefe3ceb1,2015-03-12 00:21:29 -0700
8b23bd30c5e7388e91f650615671d754a9ee2727,2015-02-22 23:11:31 -0800
afbab15ad6778f1010b726b7f765a47417fbbed0,2015-01-19 21:01:43 +0000
0d6a65d3b14122f0c0a3a4e9d6a4fbe569165ec7,2015-01-16 14:57:03 +0000
99b40326fed855906b709cbe1f562f45bda79e5d,2015-01-13 13:06:18 +0100
4050e79654704ebc0224cc024980e297fdc56473,2015-01-12 15:18:55 +0100
264995cf2fc97ae527a8c24b369790a424d88d87,2014-12-12 12:14:32 +0100
91b80f6c8d538fd9c16b30907c95d93ee90af04a,2014-12-12 12:11:03 +0100
0e3d95c9411289b89961e434ce760e3726290761,2014-12-10 19:43:24 +0100
e79f8736a7dfc2c7191455e4e88b85a85f0472bf,2014-12-09 19:57:43 +0100
24591f1514624e09a07ef2f34ba35116ea847266,2014-12-05 23:03:13 -0800
92e502233d1489290fbcb448b932fdc4b569d431,2014-12-05 22:54:41 -0800
e790cab6d89de3cff3ee32842347d0176b6e24c5,2014-12-05 22:47:33 -0800
2b88b11fa7597254ccbf828f16efc665e852788d,2014-12-05 22:38:44 -0800
492997b1e6fe73426dda799a6eaf228329a9342f,2014-12-05 22:26:19 -0800
ff5d2c5125d7d7fbe48d7935524820c55a887124,2014-12-05 22:13:19 -0800
8a5ac72762480f5f972aafcf1fc8207e12ef76e3,2014-12-05 22:12:29 -0800
0dfb4fb94d0ccc98e1050f662712d85bcf2003b1,2014-12-05 22:05:19 -0800
130ebfa8f3763c1b98b29124a2bb648b2a810281,2014-12-05 21:54:19 -0800
5de01f700ede31f186f5d8d97afac382f1e45327,2014-12-05 17:51:16 +0100
78d6e49d4d6bf83ee53655e6198848b896c4239c,2014-12-05 14:10:20 +0100
6a94e45c6b813978d6b4fa98eeb87175d0241d96,2014-12-04 12:28:25 +0100
b17a30a46a820a9914bcee713f156698d93ff734,2014-11-19 17:00:11 +0000
3020fcb555d978c986e4e014e79c14d9817b606a,2014-10-15 05:27:01 +0000
ea03266f5c5af20281de7bd147faeb9bc715065f,2014-10-14 08:49:20 +0000
334f75ea5516158a9cb544be7ee678c3945ec0a9,2014-10-14 08:47:10 +0000
528270848b98f2090d51dfea9f6652aa1fc10b66,2014-10-03 07:30:30 +0000
643992144d17297d2a5a8414f0a1e106d0fc8b99,2014-10-03 07:21:37 +0000
2d630bbd594de7a79afbf227ed41f84484a527f5,2014-09-29 14:29:22 +0000
479cb452d43785c88c729934e079d5ca4939ba90,2014-09-23 15:53:40 +0000
36478d1e639ba099cc4256ca2b2fbcc98f7649dd,2014-09-22 10:11:35 +0000
86480a21d366210eec96a7f47f2d43f1313705cc,2014-09-18 04:57:17 +0000
4a2174a91fbd6b85fed640ef58f1c98fd28ee2d4,2014-09-18 04:53:21 +0000
4f0e52d027ed277576344ecbde1938ed3eeb7aae,2014-09-18 04:47:22 +0000
c918051659f9f9231989531304a0a0a15f0f939e,2014-09-17 14:32:48 +0000
77e68b5b033f306f8575b66278e8765784394413,2014-09-10 22:41:28 +0000
fb6324b064e5b367d48d59fc44381462431d500a,2014-09-09 10:40:01 +0000
2e1346c5fb6f8641f23dd926e1626211657be2ca,2014-09-09 09:03:00 +0000
caf9ef945c93833f8cbc3bb0e6e451e1e58855cb,2014-09-09 03:57:10 +0000
6fe9f6349443aaa193749e7d436a7aaca30d3ccd,2014-09-06 05:58:47 +0000
8abec018fca57d9cee9efd13a7085d8808a3b57e,2014-09-06 05:51:08 +0000
fd6835e4f06d3cbb6a33062f582e4756d0a3139b,2014-09-06 05:27:02 +0000
8f81eba34d2af8444be9f713447e12f4387e5932,2014-09-06 05:13:53 +0000
0c96765dffe3850ae6fc80397f9bc221421f1fa3,2014-09-04 21:49:31 +0000
e61a1968c488a7517912be69e5d2cc98eb421040,2014-08-19 08:32:23 +0000
c0cef66c6b34c635ec69a69ef033f96600ca5b99,2014-08-18 21:03:41 +0000
38a6fd30048c5fe165409a9ca536fb1ffbdbf537,2014-08-18 21:00:15 +0000
b6f33e49d0671a5b982bcb3613c5c9844f6aec8b,2014-08-14 06:15:59 +0000
e30e116fc65088aad428b4151e1ab39c73c99676,2014-08-06 04:48:42 +0000
69620e6561196975295752175b01354877a9fdde,2014-08-02 18:02:06 +0000
4ec0bf11c3fdb78e390c5c889140d8fbf87ce60b,2014-07-26 06:51:52 +0000
c81076e4d9521bc67653a917e9fb9edbe27bf073,2014-07-24 22:34:19 +0000
8f09334e24deaa8e80674a702c498d802986f3c8,2014-07-23 23:41:19 +0000
37fda574a530eedc6bd3ba5030e2f3e0805c10f8,2014-07-15 07:09:21 +0000
c9db762707538a99a92852e60b88bed577b01377,2014-06-10 10:01:45 +0000
80c6e5526c63409e4f359905d0fd319ac7d2b129,2014-06-06 13:29:47 +0000
68deb96d2d1de45eea0c358c0eab39847d51e1f8,2014-06-05 10:56:29 +0000
404b83abafb94b62c0ced2ba7cf6878762643746,2014-06-03 10:35:13 +0000
d86917af98c2a7442619f1b71aa6d4d1da5945f4,2014-06-02 09:54:03 +0000
d11665de31b5ee6969128062569f2081b5d9cf79,2014-05-30 13:07:14 +0000
64d0170510849e29de9762957a7107d1a7f07284,2014-05-30 12:01:34 +0000
209dbf4982eb997c9691c4331dcaea3b7e4af6d6,2014-05-30 10:41:47 +0000
ce3abc6e03216563613db23bd8dd11cf58645982,2014-05-27 11:56:01 +0000
d67f3a752d291b1f55e5b9597eca6b135d3626ee,2014-05-23 16:48:11 +0000
151c50dbe992efcaf0fa831dbf829b792b8bb925,2014-05-23 16:46:05 +0000
e3594b50f93b881f8ded9fe26c9ae2f875e054ea,2014-05-14 22:41:03 +0000
3ed06c0e9246a3ac21e1340d01f1ee7be612194f,2014-05-12 06:10:00 +0000
19b821c63b91293960041bca7b031614a109a7b8,2014-05-09 12:04:45 +0000
e824ac2691f4e86ac5ced675cd3ffb66f00e059a,2014-05-06 10:40:02 +0000
4c27506835dd0a58ee0a37c4422c44237a344b30,2014-05-06 10:30:54 +0000
5c18886657c88f48672554c0f814cf6418ad1e18,2014-04-29 20:07:12 +0000
54c54f71a5fad10838c66c6a6b28ef13d9388931,2014-04-24 12:44:34 +0000
e1838f47800120252a3b5db77b7d1169e1daf801,2014-04-24 08:43:56 +0000
88533163987f328be1d36c9f6fc208667f2144a0,2014-03-12 20:26:58 +0000
1ac25ebe98dd3038f68fe80e79570b9beceb0be8,2014-03-10 02:14:35 +0000
2d427e8d4b2c1d889ab5586e28e198c140a10489,2014-03-07 17:39:37 +0000
9d4ce1671cd6731b9b9652399c24a91c34e0bc65,2014-03-07 12:34:19 +0000
12daded8c22edc11363ec4eddfbba670e66ee9ad,2014-03-07 12:30:54 +0000
261bb8f671dc233d3b604b3355bb20d82edac539,2014-03-07 12:14:45 +0000
653dd6d733e9022a6189a2c8546bb8e3afa22715,2014-02-21 18:01:17 +0000
f19744d30ed879022a66de885cb1236d54582d2b,2014-02-10 05:53:57 +0000
68ffb83d69e6e9be3da94e78d5f76bd6c57b2316,2014-02-10 05:52:20 +0000
8aafd10f6634f039e33b0576d4b61121b494e93a,2014-02-06 11:32:14 +0000
7e0b69cac5d406c777765bc1fa879520ea9176ec,2014-02-06 08:34:15 +0000
3870ff300c64dc41828fdc8c9627e76450cff077,2014-02-06 08:31:11 +0000
b62a67b1b11a10fe378a0bef25b846887cd104b1,2014-02-06 08:25:45 +0000
63232dec02952e3404beeafd0c73fc61c2c7cd17,2014-02-06 08:21:08 +0000
94ebe62b8c6ddcd2b52e8bc4eac4e102ff4cf720,2014-02-05 21:52:05 +0000
92a62781682721e7c6bb47a95c72029fb91d2e2f,2014-02-05 21:43:39 +0000
0345c8095ee47aefd7d40a07e2a621079c94f4fd,2014-02-02 05:33:45 +0000
8bb0cde556cf1dc07d62cd74ca6739b392242cf0,2014-01-24 08:26:14 +0000
694568b0ff0d048c284c8d5db0c9455d30dfa3ce,2014-01-22 13:35:03 +0000
7b44d9552d8b854160278582db3f5ca07882358a,2014-01-22 06:37:35 +0000
9b1e561cb5e4f081f40bf8b751bcc2c16226092e,2014-01-21 16:26:23 +0000
23f3760dd5d79e6894616834aa41d59089c9548a,2014-01-21 15:41:29 +0000
75f103d9d6694ae0116fe741a2dfbf60e3c63ce1,2014-01-21 04:19:09 +0000
96cc0e11ca2166a5e5326be4ead0dab595b7e4bc,2014-01-21 04:05:00 +0000
78c0d2515f2e381b2c690bdbf2bf9bad03d1250c,2014-01-17 17:13:43 +0000
da8864ad7cd53d302eb27ab31f942bdbae160a98,2014-01-15 14:58:00 +0000
79a73f0f71be5701b44ab47c14f92945989b1417,2014-01-09 06:30:11 +0000
5c3a30f8e423da51b1ee03173a336400335de3b8,2014-01-03 17:12:42 +0000
34c260bfc7db379351fa8807897603b9a9b9012b,2013-12-06 06:39:36 +0000
42185c2e3d9e6d85b095842ac051f3a3c4a4d22f,2013-12-05 06:35:56 +0000
810f10e9c628604a7697172df79478d9186be637,2013-12-05 06:33:31 +0000
7c7e009691bc24642018e4f5c81123a0667d4e8b,2013-12-02 17:45:13 +0000
67dccebdbee27476657898a370c4f1808231fc4b,2013-11-22 09:40:15 +0000
eb7066a02a50e2b15e66dfd4e99706ecf79454e6,2013-11-09 18:49:55 +0000
ea4a13a45d8d2102f5f0098e404d3de66777a39b,2013-10-30 15:23:54 +0000
f345cb9472250eca2b724fa14b8d2c08425b6a2f,2013-10-30 04:59:47 +0000
6c6ec2b2f9cb1aff37001f3d9f002cc820096404,2013-10-29 09:58:02 +0000
cd05194d8bbb03a08d8d9fbeb09738bd8a2e09a8,2013-10-29 09:08:54 +0000
2d0cd0d1b9d41f3b600f6dac308c6d34317ae676,2013-10-29 04:14:18 +0000
bf5c1838b4b0d764aa9f24842643fd9339610b9c,2013-10-22 14:21:28 +0000
9602c32f16184e10873d53c269e270e3cd0ebeed,2013-10-22 05:44:13 +0000
24dc8ac30c97620cf4dbef48deff2bb957932eb8,2013-10-22 05:35:46 +0000
33ea58027b0a3ba160f7ac19d20568709f453f4d,2013-10-14 16:32:27 +0000
a3575c3ebcb323a53d7a193488453aa44557c97a,2013-10-14 15:38:44 +0000
16978d671b8d6d9e563edb3a6119a4be574245af,2013-10-14 14:43:24 +0000
dc1f36e982f3fc2955141c8e0de5e04c6ac06053,2013-10-12 03:43:30 +0000
bedfebf93f8c9f93fac19bd58005dce6e0ffbd17,2013-10-12 03:42:21 +0000
d9f4e60c850291d17e12ed44776b88cf02335701,2013-10-11 14:18:40 +0000
0f853a49d7e6899151f63ae9b1912ed936e5a5fb,2013-10-11 06:36:27 +0000
8dafa943a1d5a1cf562d94cc6d2f656e0c0be17e,2013-10-02 05:01:52 +0000
3d9bb20a7f7e510bce7c16be392c0ac82c3a3496,2013-10-02 04:54:35 +0000
e2013e3f2b2e3e10ce5d1977adac8e073fd0404d,2013-10-02 04:40:39 +0000
dea488afbf4615e4416079f5517a6e3ae1000c17,2013-10-02 04:23:33 +0000
441891b2d76b3b0244d00480e0ab70f2d2121d57,2013-09-27 09:37:07 +0000
bc0eb8b14278999a5c6550fbca6531b862beb12b,2013-09-10 22:34:06 +0000
aadaae443e1bc70505150a3218a54ff66ebfb921,2013-09-10 13:14:40 +0000
98d6dcec7403c523cfd07cf48ed878e1ab13eae0,2013-08-23 16:48:37 +0000
d8e6972385e6662ddcf398fc2de47622a9bef22d,2013-08-22 14:40:10 +0000
c4fd34f0f13a044c0261732ff2dd454acc4b73de,2013-08-21 11:19:21 +0000
f41bb6f8b521e26a0a746530e648a9ca2120af51,2013-08-20 11:02:59 +0000
2179f1bf6d656d7c5f7e89f2eeaaa0732f0b9608,2013-08-20 10:51:50 +0000
94d65d8d2e3239ad0694d3c2252fca0e3dbea8b3,2013-08-13 12:32:37 +0000
d1ad860f8e83530e0d8f1498a35da2e9fbb85962,2013-08-12 17:01:05 +0000
22509a7a2c8acbd5cce182529169fc0057e55b0d,2013-07-29 10:30:32 +0000
d3328c5a78137de5416f3d8bc1f269f2ac648e6b,2013-07-24 14:55:31 +0000
67ffec189fc77e53a8dcbe666b1695a3b790e8da,2013-07-24 14:14:38 +0000
a889f63d1041a84d6b894874b31681ed35312781,2013-07-22 16:03:38 +0000
61e619c2b2215fca05df3498256e3f0966a668ff,2013-07-20 18:30:04 +0000
4a2c740129d506f620dcfbdb5e1e852258a726d2,2013-07-20 18:24:54 +0000
d9682edfc57911ccb9d70ae41c6627112a96a355,2013-07-20 18:16:37 +0000
f3731732ce984f41b8530939254706f9e597583d,2013-07-20 18:06:30 +0000
4d66c36cf8825ab3f9f4a389bddfb924a0df9107,2013-07-20 17:59:39 +0000
53c208b09483c90207aecf0e27e669ee810619c2,2013-07-14 22:55:35 +0000
0ce12e55edb179fc55bc9c5749a589a52bb36b3a,2013-07-13 15:23:25 +0000
ed3bb58f5cc5cd4176573cb696bb7277c628b26a,2013-07-04 12:01:37 +0000
0d9708c65998f48ba9b692ff5532251a0e1b8bc9,2013-07-03 15:39:01 +0000
ad11d4144dbf024fcdfd22a2a043c7790f940dc3,2013-07-02 17:41:39 +0000
bf3224adf56b74e7d8c2792eec9dcdab9c49e3d3,2013-06-28 15:27:08 +0000
0cd4be8fde5206d956addd29cbad0391ceca1716,2013-06-26 01:35:18 +0000
119e2034303b45478123a0fa62c1c48925b201c1,2013-06-26 01:27:04 +0000
01cccee0298f3e0f9d32acc550ed94a7c9fafdfd,2013-06-21 17:26:37 +0000
a3de791cb79873c4f9b99e7ac1b9ade75ea225ac,2013-06-21 16:51:00 +0000
fce6d459242361e2363b9b92f8c764b04c7ddfd7,2013-06-15 17:05:45 +0000
5ef7f760d8ccf2bc765e77891447ed050926f4a3,2013-06-15 15:08:18 +0000
0a208e10117f8c5201e0414ce3d644d2367b5abc,2013-06-15 14:53:44 +0000
1c04906c0077d228076c3d157d815e5c7219bb0c,2013-06-12 16:41:47 +0000
faf2ed87762fabe4f6cb5f629cf5a7132869ca60,2013-06-05 09:49:01 +0000
cf2a858bb7bc669e12058e2dda1a996a67d3d37a,2013-06-03 11:03:30 +0000
ccc9545c4565c337ef6ea06004149de75b4dd3af,2013-05-31 10:02:59 +0000
4c89310f8b8e09f2ad394a7e7fd5fffc8f51e701,2013-05-10 10:45:58 +0000
c2bb7ffb366d5c1942ee2e040516af749a705115,2013-05-09 09:41:35 +0000
f86e4929ef9c0ddfa7d26d230caefa369a2a0dde,2013-05-07 19:49:19 +0000
3a4f8920ba5017ef37d7641d3d5f0eeb0bbc590b,2013-05-06 17:32:45 +0000
d175ada58dcaf78f0a70b0ebebf489255ae67b5f,2013-05-04 12:22:10 +0000
685ca079690f8be2cbcfacb615fc0eb5a798b8da,2013-04-26 16:38:02 +0000
09ec928ee0218caeef5661ba60978fd18b2e553b,2013-04-07 18:11:21 +0000
cdf138e24b76f934721eb1e82a226d0be296b838,2013-04-07 18:07:06 +0000
b118823702e946ccdeb14843e2691fdd760a59e4,2013-04-04 09:21:26 +0000
c8f9135e7d3147a2a474df31b430b8c403e2792a,2013-04-02 15:38:49 +0000
feb077afa2e5064f24f011067fd626c81ede8491,2013-04-02 14:14:45 +0000
455aabfd3b6ffd4247f6df63cb29d0694b359cdd,2013-03-25 17:02:41 +0000
e14cbe41b5db846a5d819fcae6e82bc489ebeb73,2013-03-25 16:26:48 +0000
6268be59c7d8cf411860a6807a2cb45bc1c891f4,2013-03-25 15:10:21 +0000
d1bb8ec0e7c65e241f55c8b700395570e0ee5daf,2013-03-25 05:48:01 +0000
f2bb5603ff33b8ac54bcdf2daddb61cf3e65de80,2013-03-25 05:27:23 +0000
9868081b708b27f272e2a92cf04163996caf9544,2013-03-17 23:40:07 +0000
9f0d2a3e2f4279921f8fa1df8aad708773124cd5,2013-03-17 23:33:57 +0000
1b7cb6fa9704d10a3a6134edfd0b12d85bf0012c,2013-03-17 23:31:20 +0000
94ea9a8629ce404566d875895208dabe82c99fbe,2013-03-08 23:42:44 +0000
ea5a13d748918f495ad1cb1e37c0f995e3d53072,2013-03-05 17:45:58 +0000
f31a366fa581b5561bc51d6dd06ce2ebfe3c9f03,2013-02-26 03:12:24 +0000
d40d380363f7ab608231e91b84dd94e3478f3773,2013-02-19 15:52:35 +0000
f4d189431ee77d1133b617dba9e939756cb9d721,2013-02-19 15:19:22 +0000
040a442bef5b93143a9e07c0b601fddea88c5712,2013-02-19 15:15:47 +0000
cda181255f0bb2ebc1a69f75b2b6f84b50c4fba0,2013-02-16 15:02:32 +0000
5b7b6835c74a11162164e90e66bb05a84411a8c2,2013-02-15 04:31:08 +0000
26731c770bf8e3cb54ec0466c027b6e313983bba,2013-02-12 10:16:44 +0000
3bcabc5adb48e75dd041384ebcbb0017d56c3299,2013-02-12 05:00:18 +0000
3902ae5a6056ba6348f71c873d23f74ac32cebef,2013-02-09 07:59:47 +0000
f060c0d2745b47314562bc94ecb5f525e2addb07,2013-02-08 18:08:49 +0000
b4bac04a8141fa116223de8028471facbe343555,2013-02-06 15:28:24 +0000
e95b9392d4ba38c68617dff16de53e523d8ea51b,2013-01-31 18:32:57 +0000
7bed2a74a98f49b31c1653a513944f60a359776c,2013-01-24 18:35:47 +0000
ec430abc550d8d1d66e9dd8dc3c096f44e666eeb,2013-01-14 16:29:28 +0000
087e490270c6e006b9e4b47035f20fea843149be,2013-01-14 15:59:07 +0000
582370359c8e0e399b30df5a7e60a569b0d5aadf,2013-01-14 13:52:21 +0000
17de3dbe64450bfab7505d7cf51e082eb5672bc8,2013-01-14 13:48:28 +0000
7d8079c446110872d8f6d50eff86268a3cb4e989,2013-01-14 12:45:49 +0000
96b5aa8e6463c36a0421e47f9892479aa63f885b,2013-01-12 17:55:26 +0000
1374b7ad2738f6c52a2aed1d0ee4e412aa382086,2013-01-11 04:16:41 +0000
4250c1f93962af30e6e40759e006035a7089613e,2013-01-10 18:13:58 +0000
7c1793d2979b01062682b70687839a978bf65c4c,2013-01-10 14:19:56 +0000
40de140171a26b0943909900d6af4a73b31a641e,2013-01-10 09:42:19 +0000
a9b851b3afe2d8031ad426fdd2e579ba003fe02c,2013-01-10 09:39:25 +0000
5c19add8bc394d3caae4fddf566e149281370a52,2013-01-09 17:48:51 +0000
1f5278d06ddbf4da0d2d6ed41676321f89a4aecd,2013-01-09 16:47:36 +0000
f0db18abedd30af1d6191d068652b93db0c68fc6,2013-01-09 16:18:07 +0000
55a6e1b983420b40813b327f67bbbff8196a8e41,2013-01-09 15:34:38 +0000
faf407d5d40e9d476bab2a926f41b993bf87098f,2013-01-09 11:29:39 +0000
ed9b6037be51845f7cab2446593df695ffcede59,2013-01-07 23:44:33 +0000
f7ce39d522827a0359a0183eae02694ebb35bafd,2013-01-07 21:53:54 +0000
b625fdc27a429341143e204338cf5deab3188e9e,2013-01-07 11:25:06 +0000
f80dcedaeea5f701822f02484c098cf4df2f04da,2013-01-07 02:48:26 +0000
005b62cc60093dd5b32d4abecd06c2e441bc62ae,2013-01-04 10:32:49 +0000
ee29f75f3f6a0168008da2e424e4174f2aee8cbb,2013-01-03 11:07:56 +0000
b4e985b32cbb5aa7c6b109898f9d8bf51b2fd330,2013-01-03 10:06:24 +0000
a27b64e340a6ad12f1e9588d1d55fa51f0b2d1f0,2013-01-02 21:24:33 +0000
7b2b91579000bc99d6fdded3aefb349975058c6f,2012-12-29 15:31:46 +0000
ea36e59a1c314bf698d572e5f714e0b68e554a6e,2012-12-28 11:32:15 +0000
8a396e1f74ff9f9cf25d3b4bfc43c8a112992555,2012-12-27 22:16:40 +0000
7de3ecbd5d5052138a9c4aded9256c5030ab2f6d,2012-12-24 05:23:12 +0000
a0ae97c232caafa1fda9955f9aaa9f99564b74fe,2012-12-24 05:05:49 +0000
fa13426970bd4b6d7ffc086e776559f87349ef71,2012-12-24 04:50:02 +0000
a3da8c74c4226b7d92e9d0eba9591334351afa45,2012-12-20 05:48:56 +0000
d69986c4df6b51ed6ed27c5f45a7b6850e69dacd,2012-12-18 12:04:51 +0000
e5b0dd0d9e47394202f5a20cedf409f487d90beb,2012-12-18 11:00:49 +0000
a4d8a34fb0779551208ad003b950e0b9a9d86d42,2012-12-18 10:55:34 +0000
c784b602325361a7606f2f53b677996e2c23f730,2012-12-18 05:52:21 +0000
3ab615ebbce3871b1d15099f4e24ecaae9e83d8a,2012-12-18 05:48:26 +0000
a8d61e64604a6ea5ce6caccc5d29aea2abac69f3,2012-12-17 14:42:23 +0000
d1a3c6d11eb4433c7e25eeba6ac21fe2db3a2696,2012-12-15 02:08:32 +0000
8c1e71f2b9cb8425046517f69a5024c31d47783c,2012-12-15 01:45:06 +0000
5428454ca34823a225eafb114128931d313d9e2f,2012-12-14 19:29:17 +0000
e4a42af6933c0cb0be441b3d9d5d28790aa9a7b9,2012-12-14 19:26:51 +0000
dffe13f5b16200e192c36547021c34c186d00de8,2012-12-14 14:14:53 +0000
8125700069b14f80ebd135ddd1a2b67de256cb1e,2012-12-14 10:18:04 +0000
e0011de4475969c19023694f5074b50e5d12a08f,2012-12-13 17:34:03 +0000
4320f6f8a2621c852c19fa81ba7edd8a9e6c87a7,2012-12-13 17:12:42 +0000
3a950e6f7f5ca8b646e82c61c98a65991df8d88f,2012-12-13 17:05:57 +0000
d932c9b2181cc9f9b6bb3b43abd5af04cda206b8,2012-12-13 15:44:19 +0000
496f442a7a68dd549355e845540c6c72c2fbb44c,2012-12-13 12:07:52 +0000
d58a71dbd1f07a3edf65c4af80ae18a4d9a95755,2012-12-13 11:51:05 +0000
b6c1a8bbd7c2d44c2edb59d9938fa073f6f478de,2012-12-13 11:33:11 +0000
1e35d5d5e6de6a33cd4ca200f3d5d92dcf7cb58d,2012-12-13 06:26:32 +0000
55610c26eb3b8b4cd5dd1955a434c2642334c605,2012-12-12 17:26:59 +0000
5414cec92a99135c8ba0bc0f6768bd348c65e2fb,2012-12-12 10:20:38 +0000
7fa41ff318a31f973d1de12afe8db0f9893ac653,2012-12-12 05:54:23 +0000
7275006bf7d13194aff768b22da55814e11b1cc2,2012-12-11 18:16:38 +0000
7467d2697103abba54d8f665724d630721064e78,2012-12-11 17:59:21 +0000
be155aa0c61f6b7bc0bf3d4f2ea56a9b97e590bf,2012-12-11 10:15:19 +0000
77efd1c00100b533d67e716579b439e94d4050e3,2012-12-10 15:02:42 +0000
7d3dde696ae859297ece4e2c9a047afde4fa5865,2012-12-10 10:04:18 +0000
a063f9b19d035d8c2d9e76e3741368cf41e7d292,2012-12-10 09:58:19 +0000
40ac04bfee52f2e0fd45397cf5d02fa31236c753,2012-12-08 15:14:52 +0000
d0217c170a0906bdf3188cc89a290f6da0950146,2012-12-08 10:42:51 +0000
66a0dde14f8d69ebdd409f3a2011d03bcd6b62cd,2012-12-08 10:18:30 +0000
baef283841c05bcb4ebceaaa5d540f7a30e4af1a,2012-12-07 11:21:52 +0000
366d393f2e58acdd5494da4ae60513c3ae5730c4,2012-12-04 21:15:47 +0000
7f67e765c73890a2f838ec8f5d43b814ce42c84b,2012-12-04 17:54:23 +0000
6030beaba9e770db9b856b8de1b06dab843b2ccc,2012-12-04 17:27:35 +0000
55f6300ef7eea86c7573d07d65341e2f9ad982a4,2012-12-03 21:38:08 +0000
c86eb1c481fd837269d370cbcc248274708b0887,2012-12-03 20:31:51 +0000
7f6adbe34f828f6c86fe30bfa398180fdb512425,2012-12-03 16:59:04 +0000
0ea460606e4a45a07a79c356ad1d58a6119e0d31,2012-12-03 15:27:32 +0000
4380e52969beac534fd1da6a68bd28d48b9ba7e9,2012-12-03 14:04:38 +0000
03bf28db4e8e99a4326e0e01c7a9f7134f151a7b,2012-12-03 13:54:19 +0000
bdf3bfd631493d82688404dde35eed491ec946ad,2012-12-03 09:55:01 +0000
6a6d25e7e9a2c3cc4370799ec2529915929e5acc,2012-12-03 09:49:57 +0000
f12b7896e1640bed64cedb0d96bdd82b6cf26a86,2012-12-03 09:46:05 +0000
c958b32da81936cee535c411f2214d900f54442c,2012-12-03 05:23:40 +0000
100785f6f1feb2e6dd1c7de769adab5c88e87427,2012-12-01 14:04:29 +0000
e14983cbea5238a75a45bff4f23a8e431a5892f0,2012-12-01 05:32:49 +0000
3ce797955e66d709fd9d96419bc484cab4ddeec3,2012-11-30 15:28:43 +0000
2522f9863b30359b617b6fd2ab6190c1f1cc8570,2012-11-30 03:56:02 +0000
aa1fecd255bcc3c23d4037c675df88c9c0ba78ab,2012-11-30 03:54:14 +0000
ea84d6cc0f7ba8549466104175777369b6de5fac,2012-11-29 16:54:59 +0000
0d198abad7b41d8326913384967aeb1239ab0528,2012-11-29 14:18:59 +0000
9512c57d2c370604e732037c8a3cf262cb60b8a9,2012-11-27 20:33:10 +0000
38336805e367664fbda2a9c6993d5d343c956752,2012-11-27 15:52:45 +0000
d3ee645781a1ed422d53a027e3d397451dd4c0d2,2012-11-27 14:36:23 +0000
8a3b4ac9a70eca5e55f7c5163c9c62d677c06aa7,2012-11-27 09:50:56 +0000
e2d624f8b09beca1f3a5c9224aad1aa254642f28,2012-11-26 17:47:54 +0000
967149c238389e96b760dbda4d4f722aee46b0b5,2012-11-26 16:13:44 +0000
e789bc0dae00b6e8881912a73c1e55f370c83c84,2012-11-26 15:42:55 +0000
b3a05cd74652affe4a69f40609de0b92769e05a4,2012-11-23 10:49:51 +0000
afa7a082a6f8ab6936729fb68d84bcebf09e1f19,2012-11-22 17:36:20 +0000
10091096ec339c1524877195172325343b20e02f,2012-11-21 11:24:30 +0000
0a164a8f7166b853cbf874b91f9a82e51f13f668,2012-11-21 09:31:43 +0000
9b7b78890c2f0631a2b62bbbaa8de35ede102c0e,2012-11-09 16:13:10 +0000
c32437ad4ff1d1e267f885a0bd67100cebb57ba6,2012-11-07 16:27:20 +0000
da1b308ba8eb4dc0cd93b5ad19065067c354f242,2012-11-07 10:57:45 +0000
2dd4ff7d82d7dc95eb959ad803164f2a5df96968,2012-11-02 20:47:32 +0000
f633075dd0b0cae6c50db0f7284798089a9cf83b,2012-11-02 16:14:59 +0000
0658723fdbcfeceddc983b770d78b01602a64f06,2012-10-31 17:16:07 +0000
fb28dd140d1c0f6b3737f840b9d62da36713d820,2012-10-31 10:40:46 +0000
536d86ec4b93909e870d6bc65fba7037360ea036,2012-10-26 14:25:47 +0000
223a3fb3fbc78fe4dc1922967fe3daa3edfc3fb2,2012-10-26 13:13:09 +0000
3a9a88708d3a1e9e2337a8cc99c3bb727f93ffc4,2012-10-26 10:51:44 +0000
ffd46bcd1c7e2c78f6d41355a2215f73661764c1,2012-10-26 09:55:51 +0000
7dced572419c90b27b587eccc09d48032e7a6a9c,2012-10-25 14:50:05 +0000
2c7236cf339a2de3cf3fbc0aaa8cd88cc4398ca0,2012-10-25 14:18:39 +0000
eb01b7c1a9d22a55f0107d8b3ba60807d4fd05f4,2012-10-25 13:35:28 +0000
db1484669db7076d71b0ad890f8867e86a18229f,2012-10-23 13:22:43 +0000
d0807e31f6d531cee5898bea3c2af3e312dbe61b,2012-10-22 11:04:47 +0000
81aa20165c13aab333f9f0fd6b4e948de2ba1cef,2012-10-22 10:10:38 +0000
794d8c6a363433bc129deeb5568e83ac716379e6,2012-10-18 14:40:30 +0000
5f9f6ef0719a19e48815e8b021da43e8ad15f6f7,2012-10-18 10:59:34 +0000
cb059545270e4517c90d2b52000ea06404307f16,2012-10-17 09:19:49 +0000
2385d7a7054dd7e4c3241374b1f5f57360a5a468,2012-10-16 21:20:26 +0000
bf3d55f0cbd3461626148ad436a78923047dd797,2012-10-16 15:01:08 +0000
de64ff31f01e2a6e7889bae8d75681d2176f21bc,2012-10-10 10:29:03 +0000
ce0e7b2077d495ca9f4192da1154f565cb9def5b,2012-10-10 10:09:18 +0000
c4519d96d592967aaad1d056db3d31cbe56de865,2012-10-10 09:45:29 +0000
e2487b794ef8d93a1d1380a62ffa212381930393,2012-10-05 14:24:42 +0000
ba01aed276fc847926310376520d3ec513503c61,2012-10-04 16:31:09 +0000
f57cbe507d0f366fa76e0e163e867e4a7f93d958,2012-10-04 13:30:31 +0000
24fb0bca0dbdd2ad14c5afcd7fb2fc31f80882f5,2012-10-04 10:40:29 +0000
853ac6bf0107a8b80e44328ce825a8e710ee8986,2012-10-01 13:36:31 +0000
eba338eb398f8a22987c6bd8352bf2d649fb7c33,2012-09-26 23:52:18 +0000
881cda5c85d17f952bdc2c7e101eef669bce35d2,2012-09-26 11:04:08 +0000
cf414cc06ad85d9222de710152cb81bd60943aa5,2012-09-21 15:47:07 +0000
00341197badcc1646b8d3fb4ec87ac526ed93b85,2012-09-21 15:45:41 +0000
53d3fbf26af00ccc25605fb80bbd73c09c3d90f0,2012-09-19 11:03:27 +0000
820ce5949c6a32ddca32ce7b408a57e27f5086bb,2012-09-14 16:16:17 +0000
ec977dbe1e7bfb56dc93b6ba72d11f0468345668,2012-09-14 13:42:11 +0000
4f2b11213baf8551ef778599b14a6fc17d95f21d,2012-09-14 09:53:13 +0000
6bffc3245ae3c2f9a671a0549f394c192460217f,2012-09-13 13:52:24 +0000
420a6e5e6cab583929622d190d2cd3b360cbd102,2012-09-12 18:34:11 +0000
e353a8f93ad48d8785bbaa7162a8a9ebca40a15f,2012-09-12 09:59:50 +0000
26671da549558c4b16da42f2eabfad65fa223831,2012-09-11 08:30:57 +0000
6f364a214d2b65f5823af2e5699bbc59dc08a4c9,2012-09-07 13:22:18 +0000
06b50969499330d4a5421b48a042fdee63857d23,2012-09-07 05:26:40 +0000
3d036b0bf3939b042f4ba01a80b8b81ca6774d1b,2012-09-07 05:12:48 +0000
0eee9e5cd4b5b3affd930a736a3cc2d68a8da976,2012-09-07 05:04:33 +0000
64fa78224ed46189032a616f00e1755fd71d93e2,2012-09-07 03:12:27 +0000
800fe7de43333d14dedb2ab64e08a89a78fa31b2,2012-09-04 08:39:15 +0000
504369377af29b6d09a801243ead58805784765a,2012-09-03 16:54:10 +0000
d169f8843e819e7ef49c1fdfe69a85308f420a4a,2012-09-03 15:27:11 +0000
2ffc123e5ffb37163512a89301a128f07f05750c,2012-09-03 15:14:13 +0000
9fcb7c0cddee8b78e1c3aa8db5f7478d9a13397c,2012-08-31 13:25:39 +0000
fbfd10fa94d909144c369e1514db31669a16872b,2012-08-28 12:51:31 +0000
06f8f930786ad5c771b8f06ec5d6fe4af5ad3c89,2012-08-28 12:25:41 +0000
cb8415d5defb27efeb8fa7ab1c92a60d4f5c31af,2012-08-28 08:51:17 +0000
6379ae858d11bac62a95ccb06675e2bd511f822a,2012-08-27 17:21:16 +0000
6b44bc232811e379463f71a27293c3f31ed398ba,2012-08-27 15:43:59 +0000
d930b579a1e96757e1698bf91bc1c99ac1cb5f35,2012-08-27 14:55:17 +0000
c59b3d2e495e4ab7483b161ab9c2ce59f0c1e013,2012-08-27 13:15:05 +0000
8e9a19f762fa27d297bf1b401c55fdbabdbcdc82,2012-08-27 12:43:27 +0000
621ace8d93eb322f01416e9a98aac23ac87799e3,2012-08-27 10:09:22 +0000
97c76a36d79d1d96314cd7e832d1dfbd1211965d,2012-08-24 20:44:27 +0000
b3331cbc528aa32ceb30dcbc676d298beda62df3,2012-08-24 19:51:17 +0000
c0746ba1c9569427d5839e3f350f4d8394f01320,2012-08-21 09:37:59 +0000
89e1c0913e70ce4c345c1c82b92ae91fac80b1d2,2012-08-19 09:39:33 +0000
be94b88ea61b75246586b6495f8d3710d4c4217a,2012-08-17 16:25:35 +0000
45034f5f4a51225b9f963840741818da7869a85c,2012-08-17 15:41:52 +0000
14e23b6d9cf4015cd76c7ed3d5258bfbcbb05ef8,2012-08-17 15:32:23 +0000
bb0888acafee138989dffb1cfee732145c953f38,2012-08-17 13:56:32 +0000
fbba5c91318c00d77bd62c211066ae13a14d9d00,2012-08-17 10:41:45 +0000
f4daacff80da6802528320f5a920e1989cf20fac,2012-08-17 09:58:38 +0000
74e097e0b171871f4f0c067600949376ff98cb5d,2012-08-14 09:40:34 +0000
391f9246890b416398e48886fe5ed3c4d2e866ab,2012-08-13 09:38:00 +0000
ec17d0be6a1a655a40ae4e56abff3e121f7d6f20,2012-08-09 15:26:17 +0000
5c59fa532fa44a1803e1d986181c58c1b00f0a4c,2012-08-06 14:17:05 +0000
4d9f3d32a063975303f42a7108cbd4892062ab89,2012-08-06 11:01:36 +0000
41b399cd2a4c85fa0b077f0a7749f5cca4e9c423,2012-08-06 10:10:17 +0000
4088f7ac7b700588a935485b0a9723a36cc995f3,2012-08-03 17:42:05 +0000
0092518bb3e345de2113f29450c9e1557cfc8020,2012-07-30 15:20:55 +0000
46a2663a842c6d256c73fba1bd12eb70559c115e,2012-07-27 13:51:22 +0000
3de1c6668a60999230f446011ca27fa7629b4465,2012-07-26 03:22:34 +0000
6e33b2519f98f08faa248056e9e017dd8ba8de90,2012-07-26 03:00:27 +0000
051320f212b2a6263d2d95db780db62911b9c0f6,2012-07-26 02:32:50 +0000
df619306ca4c6dd9eba94cbc5ce159e43a5b9ee5,2012-07-23 21:39:13 +0000
f13b9f4e26fe9b213837d1e68596b55f74163070,2012-07-18 15:00:47 +0000
e60f542937a51dd3bb05b770a989478625c734af,2012-07-17 08:42:07 +0000
51ca99b871ebf85738c82cb1f86eb7de223a44b2,2012-07-16 10:35:19 +0000
0e06ddeb7e47bd8794fd378629602e41ea4a1fd9,2012-07-11 17:24:48 +0000
c2efd0a48c5d1ea4edd7bf33c69a7e5270942eb4,2012-07-11 17:11:06 +0000
fbcc0b583fd698cfa9ca232f4be5b0d584bb3ee5,2012-07-09 02:09:51 +0000
09e5d180231f5307a58a89d0c89169bca890bddf,2012-07-05 12:45:33 +0000
db71147d9df0ad9efa697275e934330d21c99a88,2012-07-05 05:26:09 +0000
6b249579f1cdf4e9fb940b0bf54b8d55a1ab38b2,2012-07-05 05:10:47 +0000
763479b6f94fd4827ee28e9f698cfa9a31095061,2012-07-04 14:17:30 +0000
18f5927a2bd0f423197a2da49ddd5733cdccb651,2012-07-04 13:44:08 +0000
de432058b7e7c026fcf0b69b1e20bcf9ae1b1de2,2012-06-29 16:43:54 +0000
441bf650859bc96a49b667961a19afd936b67e4c,2012-06-28 17:32:26 +0000
4d15e5675c0394cb910e54c9b0d9743e98fb64c7,2012-06-28 17:19:46 +0000
744edf07394472d3146e57831592a69d5a86616c,2012-06-27 13:35:11 +0000
d193780cc404c2e3694c82385d7f422accc416f3,2012-06-27 05:10:46 +0000
18728877881a23d2639eb650d47b7c41bbccd9ca,2012-06-19 10:58:16 +0000
297eb745440443eea1a8217c89299abf8d18fc3f,2012-06-19 10:39:37 +0000
9472fae8739be41301847b1c8e31954f376997e6,2012-06-18 14:54:55 +0000
a2cd9899405ef7313a50e87a370aecef543ae4eb,2012-06-13 14:57:54 +0000
aa7f37c6095f61e89a290fc608fd14a50bc7b0e0,2012-06-12 16:23:12 +0000
863f32a8ed33a5be3c9c622fb1c701bf3b48a2e0,2012-06-12 15:37:57 +0000
2f5024bbc720f2159efa67eed7a9f21d208a134b,2012-06-07 14:21:52 +0000
0a3ea6222061e4ba504cdf8ab8937ab26f71b5a9,2012-06-07 14:15:55 +0000
d5caab3aae143352f2d8c3faea71dce11fdb6b45,2012-06-06 16:13:56 +0000
25552d910c5d32307bda64cc3ae022e607850b7c,2012-06-05 11:02:43 +0000
27b6dd6a40f3e4721a29ea2030d96994869a8260,2012-06-05 09:56:14 +0000
a788614f5c73b0ab2c18f73d9eff7a858229a94e,2012-06-05 06:40:28 +0000
10b9c5b40bcb66690f6a25330500610c8b296779,2012-06-05 06:00:19 +0000
586873a6163021a3c1b218b20f4f9c4ebc921af3,2012-05-31 02:29:46 +0000
687de61ce5077451957307a37c2feecdfb1ed8b5,2012-05-31 02:22:21 +0000
d68727ddd09dc0646af2748c3531e8844fdcaaf4,2012-05-30 15:13:11 +0000
887546e7937db1c45e42b7ca49b3c82d790adca9,2012-05-29 21:12:38 +0000
f97ac5b415294aafb7e788c3569636882fa7ee4c,2012-05-29 21:02:04 +0000
0cb40cf90f13eedd54392ec954feadf8df28dede,2012-05-29 21:00:26 +0000
bfd09dd0bb5cb2d786d0f413f2c6bc8243d06d54,2012-05-29 20:47:00 +0000
1dde3e5191e51a6f648c0d16b14ecc1e02fcff0a,2012-05-26 17:16:45 +0000
a1eac18799ddc640bd42e6c038a31e1e26769056,2012-05-25 15:13:44 +0000
cc28541520136968edd3258861e88c5433c5e154,2012-05-25 14:38:23 +0000
7ed489997c11c891f91b9fe0659c803a87d57489,2012-05-25 13:30:38 +0000
c59b7b8a285e5d4da72aea1232a29f31610c2306,2012-05-25 09:48:05 +0000
67cbcdd7a2d1668c9bba0d45d6ea3235e4bd11e3,2012-05-24 05:12:56 +0000
24e7fb03f6c9e3666aa83cc174b5088926eae3d1,2012-05-17 17:07:44 +0000
1c2141183dd3422c85314b64e7b538c8faacd283,2012-05-17 16:38:00 +0000
73dc3481846fdc0c97944c6a7c6ce0cef17ee938,2012-05-17 16:32:05 +0000
f05021f1e9e8461182f082b9ab7819b71703655c,2012-05-17 15:56:34 +0000
132849503c0547d4d89d50cd14f700302b391ee2,2012-05-17 14:05:02 +0000
ba0ab04216f94411bae27a52670c9c8b4da03476,2012-05-15 10:28:38 +0000
eaf6cf985ae7ca4a4f62da2de3ecb569ccc5d3f7,2012-05-15 10:04:56 +0000
3a2fdc683eb7c8881e4ce9608bb1d7c3548e27d4,2012-05-10 12:47:37 +0000
c32edf860040ebba19c6c57d226b12cd487a00d2,2012-05-10 09:57:39 +0000
5f25edeba1cbf5de489e1f5a3070188f0163b51b,2012-05-09 11:20:54 +0000
d368d86e287ef982fa70e069001e30124ee22b48,2012-05-09 11:00:38 +0000
47ee081e6796ec84c774167dca67c3fd3ceda170,2012-05-09 08:39:33 +0000
9efe73998fe1ee72ffae95f3e1b1e65884019710,2012-05-09 08:17:34 +0000
3e224c4b6d4a0d9317060f7fe0d3519fccc68f5a,2012-05-09 07:43:50 +0000
36a4a4190c342d7b3a1d5859c545ca1fc1b713cf,2012-05-09 07:16:05 +0000
a7d658179db3226dc33d53f4d25afd64ea90c061,2012-05-08 07:35:47 +0000
6fc326ebd647afbbcc0beab6764b5d3748e50088,2012-05-07 16:48:07 +0000
268bdb8c6b5f642967329a99ec1dce5ba0af46d7,2012-05-04 18:11:43 +0000
6d50e72732aa741d3a620c4b3ec04593c68f1b62,2012-04-28 09:11:28 +0000
f7c1ad57ead301df4d3326b5d8c8950964387fa9,2012-04-28 08:11:14 +0000
7f9005baadbbf312db857be6c3d3c095fe800c54,2012-04-24 17:42:06 +0000
4e9ee8d75582a66f3e11d78dea280afbb864db7e,2012-04-24 17:37:54 +0000
2f25ef611dd2c8ea2c94b48af09f183d74b6167e,2012-04-20 17:18:36 +0000
57a62a1c3ce151e1354a2a4ed212e9e8965928bf,2012-04-20 09:19:08 +0000
b5c0791d38a093936016a7989c35363063cdb202,2012-04-19 01:02:01 +0000
cf846eb5f57af19f68ccad42edda7551c852041d,2012-04-17 11:16:26 +0000
4a94ce1d8184f5f38def015d80777a8113b96690,2012-04-17 10:18:55 +0000
3d834bd3798f22a43dc434d4b809a5c22731da38,2012-04-16 14:11:51 +0000
8a1ad4c3208ad0e5b546ab8e5738132698fa56f5,2012-04-16 02:29:19 +0000
22bb0534ceebb3e9044b727177146fc220683b81,2012-04-10 23:05:23 +0000
df5789843b6624ebda9c6e839458cdfbc3ed7d84,2012-04-10 03:21:55 +0000
8f02fb64ec9612af8422f23ed7908d7f6ccf5332,2012-04-09 09:42:01 +0000
f694716e289c448ab89cab5fa81ea0946f9d9193,2012-04-03 16:02:44 +0000
47244dd77fb291ec95d5da4c96751ea92bc2d516,2012-04-02 10:38:18 +0000
682a23fb23c8de7756d5ef226fd6e97dd8d4e561,2012-03-31 08:58:51 +0000
235bc1fec4d60567d113202b44f6fb4c1616d1ce,2012-03-31 07:31:54 +0000
30c68b0bebff1e0a012dd81e8f05ebbf83b4ff5f,2012-03-31 07:13:07 +0000
4b32e049dca4a1a8eea4bfb2325aee2de629b132,2012-03-30 11:00:20 +0000
83e8672a10fab050a5bbcc1beeb9a210c1b2b90b,2012-03-29 13:41:21 +0000
48304c7c07513a15d26cb61f311c9f4b998fd8fc,2012-03-29 13:18:34 +0000
c805430253c6e6bb4341ad51b406ceabeafcd4e8,2012-03-29 12:07:13 +0000
6d56d60831a63fe9520ce156686d0cb1142e44f5,2012-03-28 21:57:40 +0000
3d32544c0b2b1cd5b184531846a451f518486c7d,2012-03-21 05:40:55 +0000
f3a404e4e6b0d0c2a0b2a83d38cdedaff0683e68,2012-03-21 05:13:23 +0000
7199719beebe79325a93ef57a1140c2ed50c26e9,2012-03-20 13:09:07 +0000
841e7dc187b17e6cf4c437fc211f9e285191dd7c,2012-03-20 11:51:03 +0000
3abac4eb86d64286d057d73024a177ef300283b0,2012-03-19 14:02:15 +0000
0663029788d504f38e98fd79e625a466bb4780c9,2012-03-19 12:04:51 +0000
33bef6356dfcf14928314e14c20ae73de80bdf99,2012-03-16 09:41:45 +0000
a4bded985ca1346a17ee0dcf08fe9dcd570dcfb7,2012-03-15 09:37:43 +0000
e8a1dec3fbea9b2f8c59c32e2f189d60c1864688,2012-03-14 16:11:54 +0000
fd5bb2bce8585ef49ba01d853241a4ee36d487e2,2012-03-14 11:29:03 +0000
c6cc7cca3a85603c8e935ba6d06fbf3d8d7a7eb5,2012-03-13 06:31:36 +0000
8207445ea25bef37e3369e749913acc0d597d9b2,2012-03-09 14:27:40 +0000
028a6d5360637417141f7f819a404e8e71117f9b,2012-03-09 13:48:20 +0000
cb8296636b961253f9586f535db285bfafa54a8a,2012-03-08 18:24:51 +0000
e911559291b6ae9aa310a695fb4174796921ac81,2012-03-08 11:13:23 +0000
431554da9e2598c73edfbaf671e87cfd9ae94716,2012-03-01 14:58:08 +0000
76818a6aadd4aa40a45aca6f5b0acba79cd42515,2012-03-01 14:10:17 +0000
9366322bfe3461a44a8b0444e66cd774ea1ac7d8,2012-02-24 19:07:57 +0000
2ec70d4dbf2266b17bdb99975f974f30afa65593,2012-02-24 18:20:56 +0000
9523193456992a2edd36106120a8a9f246af6995,2012-02-24 18:08:01 +0000
110d36673bcc393853aaab4bb423d785daa947c7,2012-02-24 17:10:20 +0000
014bcd501c14141facd0e3eb4bb488ccba3a2b7d,2012-02-17 11:50:23 +0000
bad375aa35a2c17c466d2be7481e7d16220d59b0,2012-02-17 10:18:00 +0000
633a23b3a20b27a551328be2efe5f057be3c99e2,2012-02-15 15:11:53 +0000
3defe9e5110472da995789b5ae14c286f58f1293,2012-02-15 09:58:37 +0000
5a3b29d05abd71c6e5d1b3045abafd434db15f24,2012-02-13 14:46:38 +0000
29a472598083e522645f918ec602dd91d800f0d5,2012-02-13 10:19:17 +0000
c65d6ada34215ee3a5466c495d565d745857c435,2012-02-09 17:14:29 +0000
beca5951f73cb9c39be10a4166a90dee9fff3c1c,2012-02-08 14:54:29 +0000
a3c9c953db49bc1ec3d72f01212e6cbcd58cc5d3,2012-02-08 10:49:10 +0000
bd2efa12f1f63afa90723ce405caebafb4afd6be,2012-02-08 10:40:43 +0000
3272204448bf210d03377ba822d01419ad197a17,2012-02-08 10:40:19 +0000
cfe3e650b69b2b599dd5b2f27f2164af38c7a2be,2012-02-07 10:03:17 +0000
835d963cb26d0a5d5b1cc79a0faf185b49673d16,2012-02-01 15:19:57 +0000
d5fc00dc6b0a888b68131b7dff7309687c96d07e,2012-02-01 12:01:49 +0000
5a7f4991610ad60d277830b72dc5d890c63a0f07,2012-02-01 11:58:17 +0000
7e12629ed7a2006e4805dac0e5c006324a52d5db,2012-02-01 11:06:32 +0000
f56e596d70c66dac170008ffbe19489eee05be08,2012-01-18 14:11:46 +0000
cdcfbb52cbf8f0e6f17d56d7185cf0d04c9c856b,2012-01-18 12:09:48 +0000
c7c8af741a2f532b554dcdabf85237c23ea14aaa,2012-01-17 15:52:16 +0000
0d43f404ea145a35d46371967975f9590649a033,2012-01-13 17:06:41 +0000
e32715ad96558a9941910dd6ae91fc1c646baeb6,2012-01-11 14:46:29 +0000
0975f069d90748eb43fcec7622d3961b0446ea28,2011-12-22 17:35:48 +0000
8f755ed13f193ad6491fdca1794d834f3d3d4dcc,2011-12-21 16:43:23 +0000
015097021c1a2d2860643fda7fcb3e8a0d191442,2011-12-16 14:32:58 +0000
9eb549d4c308963af0be3288a59b0c4c39cbb5e6,2011-12-16 11:43:31 +0000
1c90beb59a6aa94f18ca6b5ca1f94a0db5e0cc14,2011-12-02 19:58:59 +0000
d006007ccf86f924d0773e267675a52e98314710,2011-12-02 19:33:43 +0000
213db5d6a6d55b5b093776a4c54fa5c8ffed5f0d,2011-12-02 18:22:43 +0000
dcfe4bcc5123eb70a5366bbf3b4931d8d23f9e48,2011-12-01 22:26:46 +0000
86844d7303f62a8e2361ca56d83ba2d47e5c77b8,2011-12-01 21:08:08 +0000
63b032331f28fe434ea37d7cb2e515609298b7ed,2011-11-30 16:18:45 +0000
3bc2bdb0d0f38b004fa95a58e8b02104005c663b,2011-11-30 15:42:14 +0000
9794cc0c6d8531c1a6540db660e55add2469d019,2011-11-30 12:01:55 +0000
5b90ba75a5cfa13a77297fd488024cd05ce07420,2011-11-30 11:59:57 +0000
814f0ab6b4d43a35992e995c8abd804326ec633b,2011-11-30 11:52:01 +0000
f2e9d4ca08e6ce254c61e0a27a04a7b2f95c6642,2011-11-30 11:50:25 +0000
12840c3e9e85ac400597d26663b19277c41987a7,2011-11-30 11:10:44 +0000
92e69b331797ea6a4eb4d46b668360e6c7bb9bd4,2011-11-30 10:39:06 +0000
fa78ba95d4e6ccff5ebb734e6036b11c802b3030,2011-11-30 10:07:23 +0000
49aa4df144abcd6b117ac376b71ac70a5af946b7,2011-11-29 23:19:38 +0000
86040b51874dcb40d1693593942d975c8327e919,2011-11-29 23:15:02 +0000
544f4b5c0480bb383134fe6e26c2fe0e0a6c8b11,2011-11-29 22:55:24 +0000
e3b52e82ccccf4807100db0950609ec7ede8378c,2011-11-29 22:29:42 +0000
aa1d8296672a1a29fdc3de630f5995c0d1a21429,2011-11-29 22:26:53 +0000
8b6f36788cb4614d506e0e526475592cd8fbeb6a,2011-11-29 20:00:18 +0000
da088187d80bf0b935aad14c1a4aa73e4920378f,2011-11-29 17:46:36 +0000
504867718d934b66dfa4df8edc55c9c888aa3d42,2011-11-29 17:45:58 +0000
c323c003687319d20eb7539c0e85a9cf3a4a6d08,2011-11-29 09:05:53 +0000
924fb834de0ae926ea075385c47dd29f8dd804a3,2011-11-28 22:01:53 +0000
3af9f38fc3b53c40751904972384ecb9a4e9fb44,2011-11-28 18:25:18 +0000
d5d73a8591369458c075034b8111f0dfabc2916d,2011-11-28 16:32:27 +0000
9daeb60bc274a425b9e90ed50d3454a6bfb3cf31,2011-11-28 15:17:48 +0000
e110067476eb55289d6dd86a94a6a1b0ab1a2ad8,2011-11-28 12:15:52 +0000
1bcbc47bcc6394b0c6fdeb73203aab59eab0fee5,2011-11-21 10:32:40 +0000
aed845b574b88abc825634d3c860dcfd40351fb8,2011-11-18 18:58:23 +0000
d33f843a67ad8bc73367259c78170c0bfab24cdc,2011-11-18 18:06:13 +0000
4afc000c193174857925f357a32950ab743490bc,2011-11-18 10:38:46 +0000
4049d4c2b115f81008ef7a3920fd9153ced2f53c,2011-11-18 10:18:05 +0000
e14618559769b7f3fa68360a4571a84392e162e3,2011-11-17 21:38:49 +0000
03e03c2b4a0eb0266cad4eb5e34099100629425e,2011-11-17 14:00:27 +0000
3969ff71a1865b5b8c32b60ac529999c6de71ab8,2011-11-17 10:16:32 +0000
304bf8fe61bd545072d09c7089d8b92fc3c2f1d3,2011-11-17 08:59:36 +0000
b83d00086a263af5b51e3e061170934c53447976,2011-11-17 08:27:30 +0000
4be547c861f024e48a7b0074effb8c26ff0a97fc,2011-11-16 18:01:04 +0000
4d9f0c0ebe8614e0190c5df5bbd68c6fa1c05180,2011-11-16 16:05:52 +0000
64411b9af4eede947f0cf0fd46da4d3170ec18e4,2011-11-15 18:44:33 +0000
75dbf699b90dd01b0dd44e4bdda60e7176b3ee12,2011-11-15 18:42:58 +0000
cc467bd5880c2879e6c0355469d51759f89bbabc,2011-11-11 10:24:19 +0000
6e3b195d16ef4b24618d7bb13b3eede6b9126e74,2011-11-08 18:09:49 +0000
2ea2fd09f2bbbea18e183c8af8e82e81eee9fe79,2011-11-08 17:58:18 +0000
c17dfb9aa2aeb6d3d1c6fa934dc9ef15bf6b5bc2,2011-11-04 10:46:44 +0000
e7184063b0fa20fbbb9802863143a11183858656,2011-11-04 10:24:34 +0000
978c0e13dd5896494f306ec2afed026caa9993b0,2011-11-04 10:00:29 +0000
dc5f5d223502b8bc9ef6bc3706f3bbea975e757e,2011-10-28 13:36:43 +0000
ea616470cfbd129bb03098698a562e1b8dd8ecc4,2011-10-27 17:12:51 +0000
d1823db0509fe49b0ce8140c620e4c5100427407,2011-10-27 16:53:34 +0000
68bdab655445f80314a0d2531e60e3b2e4d8fa17,2011-10-27 16:26:18 +0000
c898d53ab269fbd64cb00919808c7bb0c52c53a6,2011-10-27 13:41:19 +0000
d6465cad801b4ee89b77d1beec6acc371f8ddb6c,2011-10-26 14:06:38 +0000
45f2edbb1c3233309f6498e581e4cdcd87dcb70a,2011-10-25 15:16:30 +0000
4f09c6b4af38b51d259d8a6068806f7f22cc1847,2011-10-24 09:40:18 +0000
477eb1053f5c1bff1c0037fb0d6a02b468148682,2011-10-23 06:11:20 +0000
d05e52ce5a6bf8b0076685ccec03f5ab91b2b32d,2011-10-19 18:20:01 +0000
2c91d144a7e283c09e90b3065aa6fb352e177083,2011-10-18 18:14:32 +0000
2f2f6c66da80e1f2e8a0f7661e91bcd0898d6289,2011-10-18 08:42:46 +0000
c980c700d1313911903df3d4c3d48cf8da441827,2011-10-17 21:39:26 +0000
9639b64a1296f937a7b2704de671a38deb31007b,2011-10-07 22:24:21 +0000
06eea6791177f3d9dcb116ceccff2f6c3f619a39,2011-10-06 16:54:11 +0000
6823a35ceafcaf3d8802a8e502883d3d07e891f7,2011-09-16 14:55:38 +0000
ba9ebc213c14aa5d16a26f2e0601a39ac5888e10,2011-09-05 17:38:57 +0000
79ea05a3cbcc953bd86f024eb4143e4b85fcd8f1,2011-09-05 10:32:39 +0000
28377803242f8514fcdf17f7a808aa756fa158b9,2011-08-31 14:59:46 +0000
360174f12df9b853e4f3b65631c4063e150beb8f,2011-08-30 10:13:51 +0000
675efc92fdb7c88ff9b871ba2ccf56974f769544,2011-08-30 09:14:33 +0000
afdd3dd1e7e06f97e29ff5bcaa2001f81f6d9210,2011-08-30 08:34:31 +0000
da1df6bcf4f3a1cc2ed4d3798764e855555ab8f8,2011-08-29 17:34:16 +0000
ad96c00dcd01ee310c63f78211c6b66c8c874e05,2011-08-29 17:33:01 +0000
c30c309bf95a6ba145d33326af73253fb835b1b4,2011-08-23 22:43:46 +0000
5095045d969a5fb4b7849cce89e3fa24ee830320,2011-08-23 22:42:32 +0000
a01067bb2003e6836acc638b734581844eb08324,2011-08-23 22:38:29 +0000
a772663c8e7051396bac5bae5b4ba7bc7ec75e78,2011-08-23 22:34:58 +0000
40b13a6b7db9d2da337dce0c7084d8c87c4d6b06,2011-08-11 19:37:21 +0000
0910d6cd7ffb1a7b78ab91a327715e936a3eb9e5,2011-08-11 18:36:52 +0000
de1c3b26a1162fb545c91d9cef4eed435c662a66,2011-08-10 10:37:39 +0000
3e9d596480537e45a23e591a1daabddffd2b15bf,2011-07-30 23:58:28 +0000
74397e3e20b2cd3e3c920f00be7f044cf548e076,2011-07-28 18:33:52 +0000
45aeb04735d120d3aa9a0110becf3ba2d7ef6afc,2011-07-12 10:36:05 +0000
00f25f5622e69f063202f7bd46f09ad1d708983d,2011-07-07 14:37:50 +0000
d20cb28943e80c1d39cca5916f459651e29dd573,2011-06-28 02:03:01 +0000
267ed95a2ae2ef1a8f6a3166b217d86a28166391,2011-06-06 15:49:38 +0000
266b1c2744a35b9379ba5e7023322a2450b91090,2011-05-25 09:41:33 +0000
9ea30d361649e13f28efb05ea2155cf765267a2f,2011-05-25 09:28:46 +0000
8ee32a8ab80dcd51f7846972d92b7c9e83d99862,2011-05-20 14:11:04 +0000
30c326643938bb3df6b35515e714622d98772352,2011-04-08 16:35:23 +0000
e988271acee2c217209d5c7f52c07f6211257e97,2011-03-31 06:46:23 +0000
c1c8bef6125cb70ed2da68e92bb49e45f4ea64a9,2011-03-30 23:29:21 +0000
9ea37773fa07e8e1c16e654020ae34c3d6564963,2011-03-30 04:43:01 +0000
