commit,date
11badcca7a5ea1a7f19c45fb2df84589aa34fb93,2025-10-11 08:46:41 +0200
862407eb8f97af2dd08ef9b272c3a5bbefb86398,2025-10-10 09:35:22 -0400
c5dee0063ab522e5b46253e0700e840f20d003dd,2025-10-10 13:04:21 +0000
af7e2c753c318ff85469653b1d6f9276282cce7f,2025-10-03 09:16:08 -0400
2bfa14870f7905a397fc9c98c82ed6d4eb75f5fe,2025-10-03 09:15:52 -0400
a95c5c372e49ff981ffd18ce7c9edbb186fc6ebb,2025-10-03 13:04:06 +0000
30ea74d5aaca9721929b8e91df905da093f2a7c7,2025-10-03 13:04:02 +0000
9637854bc06acf73b5fa1e75215fa4ad6f4c0e01,2025-09-26 09:21:33 -0400
476478573ca4eed3aefd630f7b7d8fb23dda2b5c,2025-09-26 09:21:16 -0400
da85d1190dbc39c1d35a63a6e9f830f0e73e938d,2025-09-26 13:04:05 +0000
f9d47f0eb23c360a803aa03fd3e2655e9ea4c617,2025-09-26 13:04:02 +0000
7fe40139bc682de0f03b34e510379e609140ab8b,2025-09-23 08:07:38 +0100
1464fbcbddf1c2ed24b22d4382abfecf3b9da281,2025-09-23 08:06:29 +0100
1ce3e824a04e299b57072e8d53bcdcb099678cfd,2025-09-16 13:49:07 +0100
0c237f94a4a586fdd6d8ee355be3dd4d9c76dc30,2025-09-12 06:44:35 -0700
56dee00132ae860d7c8b84e566a73bdd5deecbce,2025-09-12 13:03:25 +0000
b0656699578d564d6d55949d415686e4085654a5,2025-09-05 09:44:18 -0400
ba69562a1d4123e9fb89037333900537002324e1,2025-09-05 09:44:05 -0400
e943651a974188c416ba7f8b0010247a458f5f58,2025-09-05 13:04:22 +0000
f0eb052a87e91ff28833ae5361d15077f82b469d,2025-09-05 13:04:18 +0000
8e8e80efb77e8e6440f95427cf19c8abb7a51e91,2025-08-22 09:58:45 -0400
ffe022284442f8da651dba52963303b789368d77,2025-08-22 09:58:24 -0400
30a34bd7925dde7bdb5af0ae990ed1c4fa93708f,2025-08-22 09:58:09 -0400
82be858792833f954300c7e3f8736dffa4d30092,2025-08-22 13:36:27 +0000
323f86388585ad5ce7d43637f76342e58b1c503e,2025-08-22 13:36:14 +0000
0cede0fe384a9df496a23e458ff43ece1b278a8d,2025-08-22 13:36:10 +0000
ddf4e6083fa60532dfbf480dbcb97cfb2515217d,2025-08-15 10:38:41 -0400
884e45d89a2afea3e1897f2e7ea7ff48b6899558,2025-08-15 13:39:25 +0000
fc151828844ebb7335d738cdf2d95fa47bd1adcd,2025-08-08 11:31:32 -0400
ffb740512f215e22a7dbf7ab4033c946eed8bfac,2025-08-08 11:31:19 -0400
ff9e056ddeca2b260df0176c14f67f0d0166a9ac,2025-08-08 13:06:52 +0000
ba71adc1ea2131a4ef0c0bf7e0750749d5a09521,2025-08-08 13:06:38 +0000
8043a50dd5b1a171ef4884eef930527e12fc5165,2025-08-01 09:47:12 -0400
e8534b122b57e8e84f0475b06b49ad8a558d1a77,2025-08-01 13:37:14 +0000
9f725f3b2e349fc1c848203b6ab08e4961e6bf56,2025-07-25 09:55:34 -0400
c4b4bb5408c2c3038b97584185b0375ea82dfdfd,2025-07-25 13:47:56 +0000
04fc9f46bb2c3b8a0f14ed36691d7ff8d7b832a9,2025-07-25 09:44:51 +0200
1e59551f3083cc40c510094e4fce13f19de52e16,2025-07-13 00:58:17 +0200
3a54177600f23fdc8ee087d559384a1760268a13,2025-07-12 21:29:45 +0200
96724d43ccdd3f9303aa877fbb600e3df6e2236d,2025-07-06 09:55:34 -0400
7c5d34a3d80af4cf035801ad245f0e090a66e79f,2025-07-04 10:14:38 -0400
22dc4ecff392b9738176aebe3aa2a1a1a1a5b277,2025-07-04 13:37:17 +0000
c79eb9b5cda6a73396b442442aca473526ff4baf,2025-06-27 15:59:19 +0200
32e996508de666f157cd0f4299ebb835450d78ca,2025-06-27 13:51:42 +0000
c3dd56656608b32da3acdf68746306d0efe84208,2025-06-25 12:12:02 +0100
79378f15c14090efee2575816d0ce8c0cc62cb5c,2025-06-13 09:24:46 -0400
677eecf5852fa49c1ee64bd9f7a393d81aa82eb8,2025-06-13 13:23:04 +0000
e9167aef42b06cc37f195b880f1984693cdeca0c,2025-06-10 17:26:42 +0100
784b7683008a803e17dc0239a79ecee099cadcd0,2025-06-10 17:13:16 +0100
3eccfe4c1a6a8878a7619d103bace0fc0b2cf55d,2025-06-06 16:30:55 +0100
abe8cb0548ac870dc3b216f647e44e307e126133,2025-06-06 15:51:33 +0100
589da5dbb107991751c07a7ca310505486fa9b1d,2025-06-06 15:51:21 +0100
bde0f3d787cfca7ad48569fa841675da381562c9,2025-06-06 09:41:38 -0400
626bb5307d186017013056322c473d91c04a7638,2025-06-06 09:41:17 -0400
2d7e4839539479367b302f322d3b29a25e0c8483,2025-06-06 13:39:36 +0000
79c861943ed2f2cbf2cce99263604e1381a67107,2025-06-06 13:39:26 +0000
49243fe731d715616b32f23b1bb5ae34044d4064,2025-05-19 15:04:31 +0100
96a5c3af4ff6f59f894874ab252944efa130f9a3,2025-05-16 09:24:14 -0400
959a8caf81c2b78880e483a8572faf2d773a8d1f,2025-05-16 09:23:56 -0400
7dec04881f11fa4f2e597b5c6902915b8c12f89e,2025-05-16 13:23:11 +0000
f45716d7ba95f9e6f3e9598a9612fd28e420a7b5,2025-05-16 13:23:08 +0000
4c4c227092e9182609d91e1e88a32ee8edc2f8ce,2025-05-12 17:27:18 +0200
ab25a02c8f054547ee5616e203f516db9811686d,2025-05-12 17:23:54 +0200
7be143d11ca393afdb33a6522c8149f4d6f1ff42,2025-05-12 17:10:11 +0200
f6ffde98b9fa09acbf8bd7d0a64a04c122a5f2e0,2025-05-02 09:34:00 -0400
6401786b01edd08d602db5806e2f617c0c5f31c3,2025-05-02 09:33:48 -0400
db061f0bd8dbd78d6eea550eade6405e40c2960b,2025-05-02 09:32:26 -0400
6960cfe6353a9ed7ae17c30bbc20838255ffb489,2025-05-02 13:29:30 +0000
c3abd21ca35a937f9b49c7a5dfdea5a77a535ea6,2025-05-02 13:14:25 +0000
e995b221d345856c764bb70f3b1b8d5c69579d1a,2025-04-25 15:17:31 +0200
c56523611b3ac5ce548b75f090eb39c80ce28839,2025-04-25 13:12:48 +0000
241f538e10616188912dd5588223f9d9855fe345,2025-04-18 21:12:55 -0400
b6df9d51afadc0d208119022c9b09935a03d3541,2025-04-18 13:36:56 +0000
6c97f033f4c3adc3d0f692ef30f2d19d77f88e49,2025-04-11 09:41:45 -0400
ddf7d65d94121dd82ef387c0d2985b1f9cf47276,2025-04-11 09:41:21 -0400
e0bf434c4020d85709c699807d2f03963015f3fa,2025-04-11 13:37:45 +0000
7d1613a79d54eec0d651335ce493e14958575a2c,2025-04-11 13:37:36 +0000
e1e5265bd5179772c4fd1db0f1ce506a3256c90e,2025-04-07 14:07:57 +0100
82070d092e617ab5e5d58ef5f93b3df0df50d61b,2025-04-05 17:59:16 +0200
bdd4a35b05e64facc4d4353e7f55a0cc7dd6e4c8,2025-04-05 13:28:39 +0100
bad259a3beda85f9b868f2147e521323fc1fd627,2025-04-05 12:38:36 +0100
4566032208f865c018c2dbdf489ad1bb77b440bc,2025-04-05 12:38:36 +0100
09163db70cf99a4bb6af3ac791c7e25ea9e5cffb,2025-04-05 12:38:36 +0100
f7fc3a4df6af8b01d84bb67cb12ba85262e7cdb0,2025-04-05 12:38:36 +0100
8593998da664f747a527066b12fd6685ae80f9ad,2025-04-05 12:38:36 +0100
73e08f361f19b5ce3a96beda55c4a51f64c069a6,2025-04-05 12:38:36 +0100
a3ddf395e163bdf96fc9ab2b7c98cc74a6d55371,2025-04-05 12:38:36 +0100
0f36ba6aa71e787c96e954ce46a6eeb59de51d76,2025-04-05 12:38:36 +0100
f58c36c689e2cdb18db00edea4333f5f3456dae4,2025-04-05 12:38:36 +0100
fb1c36b7f1eb0677b732c207bba72f5928abc8b5,2025-04-05 12:38:36 +0100
0020bc5a7bce41e39c341b71dc6bf5723f68e987,2025-04-05 11:05:50 +0200
0235de6ce94e2594dbf0b8d02e3ce787782932e7,2025-04-05 08:09:17 +0100
88f50d49835f041165d20d846ccaab181b7334d7,2025-04-03 14:49:02 +0100
76ec4a5c117d0c89fc47e1d99c0a26ca04939bbd,2025-04-03 14:10:53 +0100
0df8a9461295e83bb9f4a96bb308271bf3239323,2025-04-03 14:10:31 +0100
a84f6eb792a8c434fafa8a1dfb0dbf7b835a7d2b,2025-04-03 14:06:16 +0100
9c314349801408fc04a446b4d46acfe71ef2efdd,2025-04-03 13:53:48 +0100
e195ee2d084af99e53c9a8e47df8abbec85edc67,2025-04-01 13:43:26 +0100
95847b773741bf66d7a98c18f71596542921c56a,2025-04-01 13:21:16 +0100
6c6ffb5952ebbe921be7dbf7d1d601b8b7d67fa5,2025-03-28 13:42:23 +0000
f7ca94625de99adb2ad7e07e696a327ba7b887b8,2025-03-28 13:15:52 +0000
eb9cfebe960ff19b2b51f67dc46c21a4959080fc,2025-03-22 09:14:32 -0400
aed06726224122b483bdd31b60b1bc62c1873d98,2025-03-21 10:04:32 -0400
f83ac78c27c3c34732517e118ff20ab24b8fa862,2025-03-21 10:04:21 -0400
c0c0de40a7e0405c9d02d7432e82b3c480b5a735,2025-03-21 10:04:10 -0400
dea6eaed863c4cb59eee92a8e696a9f94a88d525,2025-03-21 13:58:17 +0000
b945a2d921adbd1abd46c6d47232d33711a7ed93,2025-03-21 13:58:09 +0000
0a9211791eb8ad855b2b164faf1e91b5eb14defc,2025-03-21 13:58:06 +0000
49664cf826b5d3a49a05e93e8c4e2f59d6ab7689,2025-03-14 10:06:30 -0400
64f1847ae9bef4c72dbf280a05ff5dd6a2eb0705,2025-03-14 09:34:02 -0400
b71393922c1c53f792c615670e2960d1964a2387,2025-03-14 13:26:00 +0000
a27cd3cab06b0ea3dd8a488f116ee0f13a221d27,2025-03-14 09:22:10 -0400
484ff99a6ec5d42c34f55f4fab81234a1e2766a7,2025-03-05 15:52:57 +0000
01a5a62e565692c6a00a7a65deea9e7aaaa7cfb0,2025-03-05 08:56:57 -0500
8dad3b8b5fad8b13f23843b93c36b4ffc9f097eb,2025-02-28 08:54:00 -0500
b0e7c4678fb2c0d16d65bbaaafcc22fd18483dfa,2025-02-28 08:53:50 -0500
03edd659394ecbe44e7903007366fca4814cdd6b,2025-02-28 08:53:38 -0500
d77ef654a0a5d991c8e77d794a166585499e59dd,2025-02-28 08:53:25 -0500
61249a552ced95345623e342d196f8f0ab6d3073,2025-02-28 13:39:15 +0000
6d9a034c7758f3a3055f5d21732a253bbd34e522,2025-02-28 13:39:08 +0000
56bcdbe2dcbee11df22d07a4a3a2a95f78f68764,2025-02-28 13:39:04 +0000
f7219ee6f700940dae8e6c0ac07f00778389d577,2025-02-28 13:39:00 +0000
c85f034d33f0f36fb65cb5e2d422958c591429e2,2025-02-24 22:51:51 +0000
7b4e8d2e76515fbc86568f73b25e6682d78c1fc0,2025-02-24 22:34:13 +0000
446d17eb4d67ca27c8d7fe0d8457fcda279153e0,2025-02-24 21:54:44 +0000
ee2bf808d99539f9faff8d9b9ad0715de27771da,2025-02-24 21:51:18 +0000
67386ce3b99239be96fb347349300712e064c89f,2025-02-24 21:41:12 +0000
83e5c301779a061dd83ef4d5a518b336990135f5,2025-02-21 08:43:46 -0500
eff126e5a07f339b02f7b38ced630d59ddb04b89,2025-02-21 13:41:58 +0000
c32f5efa6fc03f2e1289af225be4cf19db658a66,2025-02-18 14:53:02 +0000
02cdccffd1c62fc9f0fe4ab05b2752d5d7a4a2b3,2025-02-17 22:08:23 +0000
0d6afe96bdf14c6c334edb2b251bf89ba151f8eb,2025-02-17 22:07:55 +0000
553504b292cbe7d3abd6ff92856785ca1dbeaeda,2025-02-15 14:27:13 -0500
0fb8b4ef88286971102eadd596aea5a8f8409590,2025-02-15 09:34:37 -0500
6898fd41c9e74043448501274b58f783777cb312,2025-02-12 11:41:15 -0500
aa1efd86a6ab5f229a3b579db16191d8e9672bf5,2025-02-10 09:44:16 +0100
b8bc7590a3215b4b4872208ccfe7b2a64b35ec49,2025-02-10 09:34:39 +0100
72cae3c95e911a84c54e4c7c2a60f46599e99397,2025-02-10 00:01:42 +0000
2a688b66bf79b4b2ce61efd4f4b54e4514243a02,2025-02-10 00:01:04 +0000
42841de82f0506e090bbe242fc08c0a73acdaffa,2025-02-10 00:00:27 +0000
f83c00f92826ae18acb217e66a89ad195a548469,2025-02-09 23:49:23 +0000
198eb4455eff9c36ace07b76bb682c6032302792,2025-02-09 23:47:58 +0000
5c43d52c31dbde7c36af23997a5e19868ca7d8a8,2025-02-09 23:35:14 +0000
1f5e17456e2510aa21f338963d966dcbe6bfde6d,2025-02-09 16:59:01 +0000
56eca2b859284c8ba8e96da31df4633a1a335338,2025-01-19 13:21:41 +0000
7ab3fff93ea72d12d6853f6360f599e1bf0ff8cd,2025-01-18 23:25:07 +0000
0b3d628bba2ba989023f5d14e16124cb8ed37cb5,2025-01-18 20:40:25 +0000
0fca79e3fdc8974835e8a014bffd1ea64f0fcfb4,2025-01-15 20:59:15 +0000
c2461968cad54c169dc65795ec1c93eb9b506041,2025-01-15 10:07:09 -0500
bcfb75a42f92b85f7cc7c7dfaf3b7a3dc318b857,2025-01-15 00:56:47 +0000
4da2efa183609580fc000ae8a4e3b22046091c91,2025-01-01 08:00:06 -0500
e016130d58c4a160069508fcca8f60edcd013b53,2024-10-23 16:47:16 +0200
5a19e1e0323207b11ba597082450ce405612e0fb,2024-10-23 15:27:39 +0200
e580cde5f77019bb1b60c195a38de56ca4f5dcb0,2024-08-24 13:23:10 +0200
9d54ae1b5bf548d398ffd3abffc388d873d5e832,2024-08-24 13:23:10 +0200
7b0e1a051dad7a10d24e3d25110172df79ce5d01,2024-08-24 13:23:10 +0200
38a782bccacb6c9c4b2cc838380d9294fc0a7608,2024-08-24 13:23:10 +0200
c9b6a2e5419acf29e463a0feff4caace51d570ea,2024-08-21 09:17:55 -0400
81f25ca2cc3b5f6310a2a3d0e6df82366731ee46,2024-07-30 00:08:35 +0100
ad9c573012c290db4e9ddc180ac939ea924db4e9,2024-06-26 07:20:24 +0100
0014a4d883d4c451b14e89f98fda389d49afb418,2024-06-21 15:55:45 +0100
618358ea772deb78e6c6d35af7945bb9af297df2,2024-05-23 09:22:12 -0400
ffcdf39f8fa7ccd19c5c21a73fccb90c753592cd,2024-04-05 13:08:03 +0200
a368d7184734ffe16ba0cb395a199f69ecd0ebac,2024-03-11 22:02:26 +0000
bab00341a9c4072015dde0d94d301bf60cd16f3b,2024-03-11 21:55:54 +0000
4957f7570bc87f5d7e4edf541eb6bc2c5509e737,2024-03-05 17:37:38 +0000
1610e6f194fdbc0a0ba0d33a585221fe8c094c14,2024-03-05 17:35:39 +0000
7708824094a0213db07f09897686645437f580f8,2024-03-05 17:29:18 +0000
f805657769d533ece0cf517eab1f7307275e5a97,2024-01-31 15:21:48 +0000
ce070a9f0f63a218501078f74ca6454f55c83e5f,2024-01-14 10:37:10 -0500
cba0440e547121a0181f3a0f62ff1a637d4d39e0,2023-12-24 17:46:45 +0000
55e5c1060cc6c4753e7d64ca34c753797f22a170,2023-12-24 17:28:54 +0000
6a4d802cb9cc4e8f4620beb1a6fe4703c9db23b6,2023-12-24 17:01:00 +0000
a114d5a5d78ab3fdef84221cf2ac4206c630f61d,2023-12-24 16:43:13 +0000
26c94857f2e741366c7c749b03ab2d6e86d2543e,2023-12-24 16:39:53 +0000
a1e0382ae47d2e42de493ae7bb9aa35bfca7a41c,2023-12-23 22:54:30 +0000
78dcee60d81b1a7c6d29b504c0573591b36f0c5d,2023-12-23 15:32:42 +0000
b0cefc56c67bd41ec9f14311f058d319b05c0312,2023-12-23 15:19:52 +0000
a8e7c2b8aaf0b460e0a921ac29aeaa2cfb71b9c9,2023-12-23 14:57:05 +0000
ced5f266960f1d5e10a950b19f412cb73500ffbc,2023-12-23 14:35:20 +0000
9fa9a91888f678444242a31745456e122a88a340,2023-12-23 14:32:29 +0000
2de43632dfd3360157482690dae6719422d31381,2023-12-23 14:16:23 +0000
1220a95540911228d49474417f3d695945ca1305,2023-12-23 14:04:21 +0000
b9b5f18769f44b3ed98252c0353eba84890e927f,2023-12-23 13:44:32 +0000
19595d611e42f13c2257825e558ae874c176a025,2023-12-22 23:11:37 +0000
3ad19e6078c0161f5ba3d79aa2b9c772db23a43f,2023-12-05 13:36:53 -0500
1b47b24a55c63edf6069a96fc42fae21976ff7cc,2023-11-28 11:17:21 -0500
d961ff2f4d2adfa537e361c24082628fa866d855,2023-11-22 02:26:03 +0100
aaa39b8fd5a2b1dbe4e883e027e932aa8703e55d,2023-11-22 02:25:27 +0100
6b97a087dd5735a035e07fad515afa3ebd3fd3a4,2023-11-21 19:08:42 +0000
b68b2601ab5ad61b0d381b09a3cd4f41c8b94a82,2023-11-21 19:05:13 +0000
bc04683e4d6080688ff768023d8c56fc19e0215d,2023-11-21 18:58:51 +0000
68a21f7fb186b164470f2ddac12d3edfd4895dfd,2023-11-21 18:53:41 +0000
3620d60718c7dfb3a4415b87670f10815db67b02,2023-11-21 18:40:59 +0000
e49cabff8bba2663fac442c096c623b2ce6031eb,2023-11-21 18:34:51 +0000
cfd7a363137e94d97770db91f3d925c2b2141870,2023-11-21 18:33:47 +0000
fc92ca62be54e78d367075c1695c6a0ffa1ef29b,2023-11-05 09:09:47 -0500
191d111d6b7023c6f3180057c091dfd6979af947,2023-10-11 07:47:46 -0400
063b294ffc826149b1a4aa73841c94805398d5b2,2023-10-03 07:53:06 -0400
62d577586310eea0277876ab0c20c9c6e0fe451b,2023-09-21 14:26:52 +0100
95b244cb1f8b53c88852e51ce296ef8825d7f5af,2023-09-21 13:44:49 +0100
8ea48b398ed377ca77f7fde861b73306ee8e1358,2023-09-07 18:03:18 +0100
9e02432e06501f94690e172f3856450cd3a55a20,2023-08-05 18:14:12 +0200
68f3d64fee929929b7f1c21a658aeb186a9cf697,2023-07-29 11:34:34 +0200
2fb5f6aa950cae4cca7997bfd3990e35eda4cef2,2023-06-29 23:53:46 +0200
4b0ffd3ab79d20ae18fb868a65f721aa6e9a5558,2023-06-24 14:25:56 -0400
f65a0f936ca6626a6731092fb220779e6785c111,2023-06-24 13:40:56 -0400
ee0ae7b470dbc00b092f3ab0cc6bfedb501b755a,2023-06-02 15:42:02 +0100
c7531ac6984aeb71e4c1e729851412fddd6b6c4b,2023-05-25 16:33:07 -0400
28ecb5d8a8b41785ddecf9409ddb719a597e9f4e,2023-05-24 13:31:49 -0400
fda18906ac532f0e277ddeda5a94013c2b7c44de,2023-05-19 09:06:16 -0400
b49916f7f6b85264d35a69374c0e3824bb818c28,2023-05-09 00:31:44 +0100
cf78d0b2c6e74f5197945394f978f07af09ecd45,2023-05-09 00:31:44 +0100
cae501c1f0dd29dd0c10d95542532ae1cff1a14b,2023-04-28 02:49:10 +0200
ece74cff78ae7858827f1913bb63854601d88c06,2023-04-05 20:04:29 +0200
56844842a86612c0fadd2e3ac6fc57f21e6747ae,2023-04-05 16:41:24 +0200
62b90523c52bc958d9afee99dc7d57e328f7302c,2023-03-06 03:03:22 +0100
9321062e12264f269bc205849765184285612fe3,2023-03-06 02:42:23 +0100
6c493a4f20e5ac3bd04d35c1042154e3e9da6392,2023-03-06 02:30:45 +0100
5f76f8384d8bb8b933ff1474109e74fc067d3b84,2023-03-04 23:58:20 +0100
889d27b5d7b23eaf1ee984e93b892b5128afc454,2023-02-03 16:42:46 +0000
7cfaf6b5534118e967879ccaaeaa8728b818615a,2023-01-20 19:12:32 +0000
959e1ef8bfb483c0417adbe97cc7c334dfef50e7,2023-01-20 19:03:46 +0000
b05b58d2fd0225f013fa07b1444aae4752744ee4,2023-01-06 03:49:01 +0100
423b72ff8dffc54e4bd8e8036a24641026425f78,2023-01-06 03:40:09 +0100
093c7ecbf514d5f196bcb4afd9a67932e9e28f21,2023-01-05 19:52:17 +0100
90d2d4edde4e01414f51594e0acff6d9e13ddecc,2023-01-03 22:08:56 +0100
585b04c22edee12b193fc3e5099537af4127080b,2022-12-26 03:09:37 +0100
e22fd6d9676a930aa977977aa40fa170366d2128,2022-12-22 23:48:52 +0100
e7b46da7e6d7d293edaaf10ae3b91d6be1504842,2022-12-22 10:43:37 +0100
68352e923404c8bffaccaf798970139360d4c261,2022-12-22 10:42:17 +0100
8e5e8bb65b846869910ea00eac69374a8fe1a5e9,2022-12-22 10:35:53 +0100
d6f3268e6a17539dd8c0c7b7fe3d0f54fec5de96,2022-12-22 08:47:23 +0100
506d4bea15a1d8845b4ba254899d9b1bf9a5c953,2022-12-22 08:28:53 +0100
357525020959811115ecfeda4de15d3805eaf825,2022-12-22 08:09:23 +0100
f985ccc4a31466df960d756def7ae41b11f2541b,2022-12-21 23:41:26 +0000
0e3634108a90d9d3db9df4bb8dc4adb102232560,2022-12-21 23:36:47 +0000
f554608841a95ab3f83648aff11a3040ebcd8229,2022-12-19 00:58:55 +0100
e2dd8f1a0d559967a0f9a3cd538b96d66561adc6,2022-12-19 00:49:04 +0100
48c520d9ff0b835f13f89c2f3af71443f9fb9faa,2022-12-18 00:45:17 +0100
929da3e61db51682fe8a320ebe1c1f2cf5a90e56,2022-12-18 00:43:39 +0100
2998aa2312edd158b95f227d915ad400e699eba1,2022-12-17 23:01:42 +0100
1b32ce9cb42e7d2d956ff5d7bcb2af212824106d,2022-12-17 19:37:10 +0000
168cc1f0e26470eeea91b92892769135a4a5d784,2022-12-16 11:59:20 +0100
39008d47bdbaf19322c562252c3eb77f2f7ae30e,2022-12-13 18:34:33 +0100
81171d407101fad4c5340daf71cde8eed3cdd683,2022-12-13 18:34:33 +0100
e091216bb4a982c17494c15cc3cff1cf192a55d7,2022-12-13 18:34:33 +0100
ab465fd22d4f8e0bc75df16f405ccac4815f9687,2022-12-13 18:34:33 +0100
7e5db45bcaff33680b5dc112879b509436ddffd1,2022-12-13 18:30:18 +0100
11237fb40f6f62c31eac3fc053b33a8a60147371,2022-12-13 12:46:40 +0100
f4dfc40142bb4e24d92ad62d3bec8afe9a931e7f,2022-12-13 12:41:33 +0100
780dba1a30e187126e90ff51df4a60b7dea81248,2022-12-13 00:54:22 +0100
d44f88653ab8167d0b737ed0df3409082a24dde3,2022-12-12 14:55:51 +0100
5d9ea27e97c99bf4ab0394c262b4f5cfc77240c6,2022-12-12 14:53:03 +0100
873d645500daf26d8fc6beae31d2ff500661a3de,2022-12-06 22:46:36 +0100
979503619139c06e11e0a1ebde0602694fa16a88,2022-12-03 19:09:37 +0000
870926d389457a373c06b26e3b8f210a803a42d0,2022-12-03 19:09:37 +0000
a97523700aca6679244607c29f6f7841f2cdd56d,2022-12-03 19:09:37 +0000
ab9b0b0c2d0913e7f2a894650255564a40b05277,2022-12-02 15:08:03 +0000
abb32b5a6234dc1aff70e27d83ef80870bbcc450,2022-12-02 13:56:34 +0000
9fcd3885dc3ea5dbe18d572d2c49e55c30857d63,2022-12-02 13:54:50 +0000
7ed772e474316be2c4028775a37b8da991b97902,2022-12-02 13:41:47 +0000
6d767220edb7a5c821b37834250bfd4d9ce562b7,2022-12-02 13:39:36 +0000
f7ef9b625b303a7c39a8f5903aa56de8aca8e87e,2022-12-02 11:52:57 +0000
91b0bb3d30572bdc5efee3f54cd3511867881d1e,2022-12-02 11:50:28 +0000
3e72f1ea31f4b0ed43e6cb48381f86b95c15f36c,2022-11-03 16:42:53 +0000
654697c048b50b7e2ac28f012792098560df8db9,2022-11-03 12:05:40 +0000
50977290cdda79896ccb6304067341486fe104d2,2022-11-03 12:36:15 +0100
24e4acc7de355092c071bd63336d2fdb31c2c7ff,2022-11-02 11:18:43 +0000
1b7cff82abf9c634ba443f30f001852597f4ef96,2022-11-01 12:05:04 +0000
fc239a64be75066a1ab07bfae273ffcc5902fa7e,2022-10-31 11:08:52 +0000
d617a730aa6dfff610813b3b67e719799f989414,2022-10-31 11:02:37 +0000
c60db86167f578c347c292b802b07892f5360164,2022-10-31 10:35:05 +0000
95bbb36f827f15f5989c6b29a318e74d34d518c9,2022-10-27 08:02:26 +0100
199648a8a1db107fb4c35f270c6983ca2173b846,2022-10-25 21:34:17 +0100
3f043ba7e10b09b4bdaeb9e7900626ed74b001e5,2022-10-22 22:58:20 +0100
3ddfbd6cf7ebbaf54b633e61a778412bd0df2c2e,2022-10-22 07:57:36 +0100
a1ac185ba981bfe6f724477f0fdc1d85ac952c82,2022-10-21 09:14:18 +0100
15b2e503281028b3131b6fd8f28c73128a59751e,2022-10-21 09:13:37 +0100
5e497dd7040a8e15c789776f45f8bedccea80fbc,2022-10-20 22:19:22 +0100
7dde96fd0ede2eceb64716d45caf64a060ffa609,2022-10-20 22:18:40 +0100
235365d464b5d72841c9ddeacfd6f7d97b0a7164,2022-10-20 22:17:31 +0100
9b1d7c5f8a6e77efb5f65ce40a17fc88e060af9e,2022-10-20 22:16:12 +0100
e4d77683f57f1e99ee99db7669ccf7660fff8696,2022-10-20 21:57:39 +0100
7a98b04a29f29e9f2aa556e95dbeddfbcb23b868,2022-10-19 06:45:51 -0400
ec7eb8b32d9dff80f98c506a88c521a0ca3ea6a6,2022-10-13 21:32:00 +0100
aedec76b0bee300ca97997d2a13c74d92ea27fa2,2022-10-13 17:49:10 +0100
17ca771e10b63b66bb78322d9996f19be2ad0c1f,2022-10-13 17:49:10 +0100
b9209b212a60fad609b646d754bfab776f718d55,2022-10-13 17:49:10 +0100
5f3af10635eec072b64956d1efdeba06ac26b6ca,2022-10-13 17:49:10 +0100
f916fba364a6b8cdff80d88f5d8bba044ed12081,2022-10-13 17:49:10 +0100
1df6c402c16770b59cc4e257c86d121cd1cf1c86,2022-10-13 17:49:10 +0100
6ea87d0adccefa929c251c652f1f2cf5790bd833,2022-10-13 17:49:10 +0100
6969438fda0529576ab6700989e5fdaff840f558,2022-10-13 16:49:11 +0100
9f01e2362276c11f32fcdb79518b622f6b2bdff5,2022-10-13 16:36:11 +0100
b0d0973fd9815e0e87a6f42fdccfefa45426c012,2022-10-13 16:36:11 +0100
285838bb6ceaf4911692d02018d412033398f17f,2022-10-13 16:36:11 +0100
95457776946b6c30788c120a76d0be3376ef4dc1,2022-10-13 16:36:11 +0100
4e2457cb367e17b374c1ad7e26ab2729ee021fd0,2022-10-13 16:36:11 +0100
a80eefc21a6d8f1343fe87a5453ab4aec6855ed2,2022-10-13 16:36:11 +0100
45e48f9d97d173a66e4d6e0b0c7bd5b641f5deb1,2022-10-13 14:48:32 +0100
fed7dd881b3ee2f815570172e7ba13e1a04b7900,2022-10-13 14:19:15 +0100
83d9e3ab399e60dcb4cb37951d17e1a2d3d59d45,2022-10-13 14:05:39 +0100
b69aec0dffd0208f479b8d501a2ee61ffbd3a5ee,2022-10-13 13:59:27 +0100
b72c0945a60ec5b1279c0a770faadfa157aa9acf,2022-10-13 13:38:50 +0100
2c76d18910b480ac979806ede57c433829d8aff9,2022-10-13 13:37:18 +0100
02ca77c64936660cad6922c70c7c6806491a5751,2022-10-13 13:26:38 +0100
1d50e68f6df3a5370215e8d63888930c826c73fa,2022-10-13 13:23:04 +0100
e1dd863d2427749209ee084de6573eb6078f5f2b,2022-10-13 13:19:59 +0100
c20a450060a768c97cf2d739a1b4f15b39d87759,2022-10-13 13:19:59 +0100
86c703f3af09fbc7932cce32d5b1b3f418f65cff,2022-10-13 13:08:39 +0100
b7988729bd29d7d24910e6261b65464708773a80,2022-10-13 13:01:07 +0100
7b18e4f6765f0853b88edbc0fc802484f9b22769,2022-10-13 12:59:51 +0100
cff0c9b4b43a8e89bcef66146495414d2e1af43e,2022-10-13 12:48:27 +0100
23ef546eff08ecbbc66994848fbb53340b15eb94,2022-10-13 12:47:08 +0100
2ceab60e7a2fe78445f89b8555078dc70e1669f4,2022-10-13 12:44:37 +0100
f142596f1a84bbcdee9ddeed0457e38e971c8867,2022-10-13 12:41:54 +0100
070517388d5676966e79011724422b03bcfc448b,2022-10-13 11:48:31 +0100
10f519d8c24ace8c557ae2ddc39bf59ed7dbd1e8,2022-10-13 11:44:44 +0100
8d4381b75a333fc2609aea806aa07484c23c82c9,2022-10-13 11:44:05 +0100
e59397ba10cff203af175841e0508b2d0cb4d543,2022-10-13 11:43:46 +0100
5a8234a2fe145818a1867b2531533120cf991894,2022-10-13 11:38:37 +0100
a8d392580d3ceb89456ca450003a422f148e6555,2022-10-13 11:36:34 +0100
93e3ee4b78a7df17d196ca441a37815524ea4d36,2022-10-13 11:04:55 +0100
bc9e8bd272585861c2779941d044e89179d240da,2022-10-13 11:00:09 +0100
8dfca662fce43c31640c927dda139bbe0f372ce0,2022-10-13 10:38:52 +0100
49d542fc03471182c8415b21740cbc28dd71223c,2022-10-13 10:36:08 +0100
85c6427a1bd934ad9eabd4bf124bf1f710f79636,2022-10-11 22:27:53 +0100
b938e88a85a67be3d26fca2dd8b923d6961855a8,2022-10-08 15:24:04 +0100
97191fc73cda17794ac44cf2fcae629695001999,2022-08-20 02:44:37 +0200
0217542162120f9e6688715e84e2bea1c7de91ea,2022-08-20 02:43:51 +0200
01ba89bf26da87e998cbc68262afc637ea4dd615,2022-08-20 02:34:44 +0200
3c1c92d3eb6c13db92ea6123f8ad0d2383117f66,2022-08-12 17:34:55 +0200
1119bdbdefd0f6decb2211fd00cd3480b7e9dc13,2022-07-27 16:28:52 +0100
8b3496720f99e38f5a9c029435e941caabde6118,2022-07-27 15:50:18 +0200
9946ec4e22a436adc1c2124c11109c8ffbd1a601,2022-07-27 15:49:14 +0200
8e6dee595832951e4d74e795a76e5aff236d4181,2022-07-27 15:42:53 +0200
4ef2d3b8c2d4acdc56dd2e64e12b8d58002ffe9a,2022-07-25 15:18:23 +0200
f94991f224f01ba25c0677bf09e3f6e5861acd47,2022-07-20 14:48:00 +0200
0bf33a4fc13474835414a24c80d50cc7710eaf49,2022-07-15 17:28:33 +0100
64e28189243d1ee4568b84dc2bfeff67350da3e9,2022-07-15 17:17:40 +0100
f54b4c7c9fb67656adf46a6576f398c87f166561,2022-06-29 23:26:56 +0100
dd9ed7a104a471dddc78b9bac1bf42872efbd434,2022-06-29 14:00:56 +0100
e85dd59990a3b47793f5a26ac27e88a9f5ee9e53,2022-06-13 14:11:11 +0100
294589d7b478fe388b9a1c2e28aa37c02cb6fe18,2022-06-07 15:39:02 +0100
8ffc31a0fee516936139d1b5d88e6a9317d15c5d,2022-06-07 15:38:40 +0100
5a536c851a182fd600ca596351348b2e5b39931c,2022-06-07 15:31:33 +0100
f4c8f1a91cd5a25e81639a319b1615b56000364f,2022-06-07 15:19:03 +0100
9293da2a06dc65ab5261486688159242552a9ea8,2022-06-07 15:09:04 +0100
f37494bacac6a131f053e045435c87733bd9caf4,2022-06-07 14:03:43 +0100
c779c331ab10004429230b038bb180cd331b0adf,2022-06-07 13:39:10 +0100
4e3d62a2892a66b978021890912e831f5ef9e0dd,2022-06-07 13:38:45 +0100
2f8b4da5b93ce352c44b040a0942e520edbde7e0,2022-06-07 12:58:37 +0100
f067b2b4bae9d7690a84cd65bedd45bca5691441,2022-04-09 14:07:03 +0200
cfb9bda8f8401a9eff45600be971c0dae1082884,2022-04-05 11:37:39 +0100
57dda85533fbac18389a3ddc70e3640aa4484a91,2022-03-03 12:02:58 +0100
924f6c357465b39beb50e3c916d5eb6662194175,2022-02-01 01:10:12 +0100
c5ea177934387de3b2de813173b78b6debdf149a,2022-01-27 15:09:34 +0100
06301d00d5813f7dc0fbe0169a3ea837753a227f,2022-01-25 01:30:07 +0100
9ce9f49d4a8d81a633882a8ea126de6c33207384,2022-01-25 01:27:17 +0100
74a851b611bf6db1c6177217f1a88b71352e3faf,2022-01-24 19:57:29 +0100
565b896873048416f611c12e8667bd76a83f47a6,2022-01-24 18:14:59 +0100
134d731a6bc048bfe29754fb294ad64b12b67827,2022-01-24 18:12:52 +0100
49a38cdf0323fa3d605ca61696ba8f1a9e277877,2022-01-24 06:37:38 +0100
022332820ab5b228d508fc5d25d9169062512821,2022-01-24 05:54:10 +0100
f862efe4c6b84a06548e72f5b5088e22f099fb32,2022-01-24 05:39:59 +0100
e18ac1b03b095c3485fd2c86bb1b2843927ff80b,2022-01-23 03:56:07 +0100
4844e3aeab99cda4d6eff0e7f918c858c1abc5e9,2022-01-23 03:55:21 +0100
c6b4ca908cc53c6d5d89e911391337086062e74a,2022-01-22 18:53:17 +0100
645d85a8c749a68e970f25331170faa62c330776,2022-01-20 18:44:07 +0100
49f220cbcb4ed5bfd7f48b5c5e6bc4b26a7d0773,2022-01-19 05:21:00 +0100
426545d1db83da7840c140a7d906d361a760e787,2022-01-19 05:19:47 +0100
384554faa11a0a49b12d1c2d08fd3dfc0141cbd7,2022-01-19 04:54:26 +0100
32c75646baca397ea492834a316b8003a32e124b,2022-01-19 00:12:21 +0000
5b291c795051258a455fa65462f35c78f338f7d3,2022-01-18 20:01:21 +0100
61cfea92d9dbfd30245260157c6beb303e71baa4,2022-01-18 18:21:29 +0000
f4bc2a48cee96af77b4ea6c5a26b18412b4172a0,2022-01-18 17:55:15 +0000
916a7d0c149b4f7f7018b5055c447c51ce153992,2022-01-18 17:35:17 +0000
2a1da68177dbd5bf25250dd15b95603116b266b3,2022-01-18 17:34:57 +0000
ae6ceeadd125d79b2b680e2dce92083d0ef96497,2022-01-18 04:37:54 +0100
d81b5e921e17278510b024b83258b7bc1c773d99,2022-01-17 02:37:20 +0100
336811dff561ee2100874a700b60e289b0122bc7,2022-01-13 15:53:20 +0100
7bb61905845a0e2e3c2b153d04e1ddd01b07b4f8,2022-01-13 15:50:22 +0100
9b0fc1fe7faad6b97096953233777e94ec0f7bd1,2022-01-11 01:05:58 +0100
bc3711d0c686ce3b0fab9ec686bf66ac00fd180e,2022-01-09 00:19:02 +0100
00e783b363d28e3fd744325e229f127b09b44fb6,2022-01-08 15:46:22 +0100
e65ed4ff5b473eb25b1847c99884f924fb259a6e,2022-01-08 14:52:55 +0100
d35194c995b28b69521ca02752e7ef886f82a285,2022-01-06 01:18:24 +0100
468d81714d98f502bca97ac20d764149df1432a3,2022-01-06 01:04:31 +0100
08e51aa539f6e0b1c2d04259565f27007e0874e1,2022-01-06 00:26:11 +0100
382759b4cda1925fcdc42dfc25f2f681555719d4,2022-01-06 00:16:40 +0100
c6d5f4b65fc589a715c82d3c643a85dacbc0d1ac,2022-01-02 23:59:08 +0100
2f48fbb5f9888279a9682de6e04f10c5ad7859ea,2022-01-01 13:25:44 +0100
e7002a02150cf4eee8ca1bb51bc7ce735eefddd0,2021-12-31 01:59:20 +0100
eab5cb3af159ab9cbb27fdbd1ee484708dfc699c,2021-12-31 01:44:22 +0100
94061dc5669452865779bc1d077b0dc7b051a854,2021-12-31 00:59:27 +0100
83fb6ef292ad453e0aa7790370cb28869f91a8b9,2021-12-31 00:53:17 +0100
8904e6263a1ffe5e19c71a54cdbb6eaa2f3b2f16,2021-12-31 00:44:16 +0100
d3c03ebc9b5a1ec699a711bb1b09b94ee12fde99,2021-12-31 00:34:07 +0100
9f633f7af452b00fc17078380b22a5262a4bb3e2,2021-12-31 00:31:49 +0100
89f0abb4ea03816b8d27160fcdf35381871bf351,2021-12-30 23:29:18 +0100
4f0a49b6743cf5083a50fec1870145d7a683c392,2021-12-30 18:12:41 +0100
aa0bee30550b071cb4b3006bbb7e39e163e08038,2021-12-30 18:11:26 +0100
eac2e8b627a238d1777f3e217cf39530b76d9c0c,2021-12-30 17:27:48 +0100
43ebe7bc45edb5c606d7d6fd7dfa9165f18fb45c,2021-12-30 16:12:28 +0100
d291aba28862fe6b173ac35f8e202d15941b3c20,2021-12-12 12:56:41 +0100
620b330f47878c0316701eefe775cd18f9774620,2021-12-01 02:36:17 +0100
c6094cf9e0f99f71e92e678fef08202fe3301069,2021-12-01 02:27:51 +0100
226c1fc6380ddcd59c38cbcafd892a58e8e356dd,2021-12-01 02:06:16 +0100
142dcaa92109648d69b06694d80b377ab7fd8424,2021-10-17 15:27:45 +0200
e052d9dc532be69c75b24973cf585865c02b63b2,2021-10-17 02:03:42 +0200
22753536f4c0671a797b9cc1fd4e4c18c7c39fa6,2021-10-17 01:46:06 +0200
b35167641afd36f32bb925e71abfda74080a2ebe,2021-10-16 11:14:47 +0200
82ab48ce86d3e629e6dcb4a353591200e03bd319,2021-10-16 11:14:47 +0200
26708f4b8d756385ede1d331e92246d835a1cb19,2021-10-16 11:14:47 +0200
ea8730aa2f21c71479ddb6432017e90eaf94faf8,2021-10-16 11:14:47 +0200
21e230ae83f57f8823f1ce4d1a2155a515ad107f,2021-10-16 11:14:09 +0200
39c47671f29b7c39e33931655f8d0833e10576c2,2021-10-16 10:41:46 +0200
cb5f001821dfa44a18aa07b31b8c85425d0245fc,2021-10-14 11:00:24 +0200
6e745db40090bd62ae3d330e49510aa5764ee1fc,2021-10-14 11:00:24 +0200
5460d4d7559ccb93075ab52814a1fd5cef0f5665,2021-10-14 11:00:24 +0200
aa58ab0fd6229532ef29302342f9086f5e1a8dc8,2021-10-13 14:20:47 +0100
83b0eba9db7da0f11fa9affd7205150f24c131b8,2021-10-13 14:09:08 +0100
84677cd0db3c1fbd02750c74c8c12a0c2dc2cd0f,2021-10-13 14:01:08 +0100
3a5cf279bbeed85a169ba4480b6dea10cb7a7beb,2021-09-27 01:02:54 +0200
d4de59a15a73e585ae74481bd1fb1265286d3955,2021-09-18 12:20:35 +0200
b44c2610e0991cbe155d647065abf11d3d39fa8d,2021-09-18 03:05:51 +0200
acfc27083412f57a71a497e500070a08a956300d,2021-09-14 13:34:44 +0200
470bdbb5f35ddde4935ed32529386f36b656213e,2021-09-01 13:36:40 +0200
b89f677c675e338df16f9c66ae76b21f346f00f0,2021-09-01 13:34:56 +0200
6e11126615725795ac7bc1d39cfd8770e569dc46,2021-09-01 11:25:20 +0200
b22258073795ec34022e75d7d9c583fa41fae4d0,2021-09-01 03:43:05 +0200
f44cae3985862cd6a2a525dffe0936ba3af4047e,2021-08-28 03:19:57 +0200
1811eeaf37e733084e9b0b5afbf4f72da4f83176,2021-08-27 20:58:27 +0200
bf1c2c214c67fb3ce513fc8241d711e91cc81be9,2021-08-27 19:16:03 +0200
dd0acaa9ff26939cb3b9a7e4e5b13815d1853d38,2021-08-27 19:15:17 +0200
6f33d5f0a78f30e6fa609398c677e9c382203e49,2021-08-27 18:35:47 +0200
cc5ae51f98d82863ff6ae37fc393297bb7f1daa3,2021-08-27 17:24:51 +0200
f1ad9d1b000e1535550aef452c07a92de602c573,2021-08-27 05:37:49 +0200
ca826ba76bccec6d8cade6a0a660230b180b4555,2021-08-26 23:56:42 +0200
f58da4abf50d8ff627cc66dc89ece734ab98a0e5,2021-08-26 02:05:15 +0200
06ec7ad0bc3c532232b2833940227a29eef242c9,2021-08-26 01:39:46 +0200
677f5f7a3f4c93936b61293bbf7ff787a8294b98,2021-08-25 01:51:34 +0200
2ccdf8d0029776ae794139ad83dda6eb61f8bef2,2021-08-25 01:50:28 +0200
80a7eb18323a185a272ea445bb146380fb5ae9ec,2021-08-24 15:46:10 +0200
c21a8105581af4320f5d496bd1d09ff3679b6a4b,2021-08-24 04:09:42 +0200
f8d747661445203eec963b79ba7aa5bf182f037a,2021-08-24 01:28:43 +0200
97462b1a1b6f64ab10e06db331d5b6762d979aab,2021-08-24 01:18:16 +0200
47904caeb88bda321e1d45012436bd3175dc1f51,2021-08-23 07:40:55 +0100
21f80081082ce3b31a1bcd8ecae0e3ae9ac70c05,2021-08-22 21:43:52 +0100
991314d461828855e4e9c8b7f19dfaddf11d56f5,2021-08-22 21:43:52 +0100
dc639967c22d99ff4873e4065352fdc0f11cd591,2021-08-22 21:43:52 +0100
fb314ef3dfd641eb47431ec3bb5eead4bd354ae7,2021-08-22 03:46:25 +0200
9bb5791906efcdbb707834570c37ef6a79c797bc,2021-08-22 03:28:37 +0200
f466637d82930c0104c1fd0dcc8e179a4ce9b98a,2021-08-22 02:32:10 +0200
78fbc5f07c187b5cab553cf2190308f71f1c15ec,2021-08-22 02:30:01 +0200
1e7bce134ffb400040ac4fd61b2ebce50fea93a4,2021-08-22 02:14:53 +0200
14ebd9342675273c25e683b4fdd2b9eedbe9f7e7,2021-08-22 01:10:04 +0200
bdb4160b004d997df9494ab18a580dd11b4eda47,2021-08-21 14:37:13 +0200
033c7e2c3913bf476c2d2cb5cd2d790643b3622a,2021-08-21 14:37:13 +0200
5245a685a08db67bee1733bd2019019154d404a7,2021-08-21 14:37:13 +0200
30aa597f1edec81de7514e638bc8d713ca281edc,2021-08-21 14:37:13 +0200
228a8325327c739091dfdbe6dec95c1502d40ca8,2021-08-21 14:37:13 +0200
75c7377e4762b3204f50bfdb66b1d8f6c7a2d1b4,2021-08-21 14:37:13 +0200
26e4a737f7d42477158bfc9ac6f87e62765c0dea,2021-08-21 14:37:13 +0200
1bdb310ffa797e7641716268074189321e501195,2021-08-21 14:37:13 +0200
3ba0221c267e299525d385c496840c2b92eeac9c,2021-08-21 14:33:30 +0200
569e35ddbe98ed5dc74c74dbc2129d9178b818a1,2021-08-21 10:04:49 +0100
a2efd4fad5498b2f8b42b75c07f5bd96caba0b66,2021-08-21 09:58:13 +0100
3f7de0eb1e50546144004e3449be0978b68a2a5d,2021-08-21 09:11:05 +0100
1fdd55981d4445103ce37be16fbb440eaca0928e,2021-08-21 08:16:20 +0100
69bab476a5cd7e0e5a90e3f13e34de72accf9586,2021-08-20 22:23:58 +0100
5201f2c5fab763e063fe536101cad031418738d3,2021-08-20 21:19:23 +0100
7ee70ef4748507a3f8dd67dc57c775f87732a87c,2021-08-20 13:44:15 +0100
09dd29e56d8ca8f508a29006be5523794ea6c4e9,2021-08-20 13:38:10 +0100
7813ecb115eae3c43973056d9155c1c5c98eabce,2021-08-19 00:35:58 +0100
86624912fffb556945322abafb67f9a519104c31,2021-08-19 00:29:56 +0100
b6acad285d24af3f2779402b5a2bc554f4f25c49,2021-08-19 00:19:54 +0100
c8b45d43fadd0ceeb9be0f2a7213786e6c4685ad,2021-08-19 00:19:54 +0100
6e1e402ed69f00fbd236241368184082765b291e,2021-08-19 00:09:46 +0100
e693b4d264cf62f83f42ef5e6eadaa4807ceb1eb,2021-08-18 23:33:00 +0100
56b7b12c2a90afc4bdcc7658c9173d8c7ef064ea,2021-08-18 23:16:01 +0100
7cb883c54b787f93a400eb0b41cc486acf79164e,2021-08-18 23:02:55 +0100
f06bb2aa3ffa87be738f557e91d62b0ef2085271,2021-08-18 23:02:55 +0100
f6fe96b23fededca66c998e41c28fc2a6d73d6ee,2021-08-18 18:30:53 +0100
e97c3288a54f28a2fd2fb24140fc520098321aec,2021-08-18 16:41:10 +0100
21a9aa44133fd2986cd24097c66045186b9fb373,2021-08-18 11:14:58 +0100
0a42dc86cbbc7872068180cf932a500f354cb725,2021-08-18 10:45:14 +0100
58e0efc651e746dbdf410708506b4647e03fa178,2021-08-18 08:26:14 +0100
1c88930c3a26e947a55d096912457a11de77e45e,2021-08-16 09:57:33 +0100
9be74e3abd18b21133aab4a0533b44aec45ddcd9,2021-08-16 02:03:08 +0200
1d1fe2acc06c38d46404595a51e66221dfc2c922,2021-08-15 18:55:49 +0200
a0cd950a7caebd2e7e0a271ef235c5dd880c8c0f,2021-08-14 16:18:36 +0200
8804071ac759adaf39606d8f4343debb3099e5c2,2021-08-14 03:24:08 +0200
070676d2193b4addade5561e89e5f5422c90085f,2021-08-14 02:42:28 +0200
5f36bf970a071a56fa1fa98e68455a8b07898889,2021-08-14 01:51:43 +0200
310b21e4d7071bbdc52e12283b0718c2d5dd5bbc,2021-08-14 01:51:43 +0200
e9d811daa3b01e79ff166a0aa5704ea76a74731a,2021-08-14 01:51:43 +0200
e3b029d28afa0c468fc942c046d5cfd1c7162e5c,2021-08-14 01:51:43 +0200
56ae620aeb1c71596217f76dc0bfa8165241dc16,2021-08-13 14:22:11 +0100
c9b95e6eafe3250735dc7fbebdb2030e80935ea0,2021-08-13 14:11:47 +0100
0230ab72ce305f76b84fcd5724c44e56b40b415a,2021-08-13 09:26:24 +0100
1e4662de5aa9fb021202709b3cf22ddb1f8046bc,2021-08-13 09:24:22 +0100
872b6559509957c5738ddcf14cf6307dbfd64c41,2021-08-12 03:03:42 +0200
9371883b2bc72c328b66f6ed4982b88682e8ee5c,2021-08-12 02:04:15 +0200
59e9604dd810c3323980a6f11fee5a3b4a5366d8,2021-08-12 01:59:37 +0200
f29ebd2e130405fe611c653243ac1124a0fed5f8,2021-08-12 01:56:44 +0200
6a7b4ccbe3a3ed39454cfa39df084e54705bcd1a,2021-08-11 19:58:28 +0200
9b7a2c8edca579929625f46f55b67eaffb3244ad,2021-08-11 13:30:44 +0200
aea043cffdd69d9cae1e22a2d580a0bf5aa022a4,2021-08-10 12:44:01 +0200
59573134d888f063be8fe3b9f0e72d17c6609049,2021-08-10 12:43:23 +0200
04d1b46525219aecf50a34a2bdfc4a4854173079,2021-08-10 12:42:13 +0200
1fb5411a8119ec88bfdf5d1261afd6e3df73365a,2021-08-10 11:47:59 +0200
9fd6725d51e1106e3b07222bf11a96e2f2ca7b61,2021-08-10 11:06:14 +0200
bdd6bc4d134f63e72aef5d071524fb33cccb660e,2021-08-10 10:56:17 +0200
061c6d2c3097d4402ec81db4d7817e2f2d00f1f9,2021-08-10 10:22:12 +0200
858ecda80fd60d1f86330f5ea535d714d9474578,2021-08-10 01:07:31 +0200
fdbb8b98f5c0dba55d1bc607434ea00e2b9c3145,2021-08-09 18:27:00 +0200
c40a30678b5150e1b3642dcaae4ce9c9ae59b009,2021-08-09 18:22:39 +0200
40984b8275753a5e2fbe48116cfcedca3b33b10c,2021-08-09 17:59:01 +0200
7ce320700ad0b4d0befcdbb96567d7363a561fd0,2021-08-09 17:56:52 +0200
a2491345b8e549f653c0e3592408ca6cfa74bb12,2021-08-09 16:10:48 +0200
43ac9463822830a0497bb7eb5872b26f733810bb,2021-08-09 11:54:38 +0200
970834f9b90a27b3d2d8f3de800b677e5066dc0b,2021-08-09 11:40:21 +0200
1bc6e8de2535169337219e8fed682a670267ab46,2021-08-09 10:31:07 +0200
c04dd79f0f75e9ac92a3abe79306438681b1291a,2021-08-09 10:27:34 +0200
1444d2d8d18c81f3350719a41c473c7468e46126,2021-08-07 22:31:39 +0200
26fc13cf66c066ffa96f509dcb54e2dd77a34e78,2021-08-07 15:34:48 +0200
9246814e596ed5894e3e0f1a567f79ebedd4a1bf,2021-08-07 15:26:37 +0200
92a3b0c040aedf6014a6d95e7081d96d35e68fad,2021-08-07 15:26:02 +0200
dd294d7c919e7ae88641768f6ba710dcaa5a87eb,2021-08-07 13:39:12 +0100
50ca244b38e130923b5426092895c587e207f4a2,2021-08-07 14:38:46 +0200
d26470b139550295bfbac4c6762e9c2d8d1bc435,2021-08-07 14:38:46 +0200
b16796776704f8665d36da8d0cf6a9bc62dc973b,2021-08-07 14:38:46 +0200
a791c576d5772a7366d4ab95e89e1f115417a0b5,2021-08-07 14:38:46 +0200
790ceb5ade3002d1e2a284c1060cea4f7d6d60b4,2021-08-07 14:38:46 +0200
fd3313724e3834f3229e05be448950539d77c9d8,2021-08-07 14:38:46 +0200
de99fd0384f0101beeb47433ee8be89624bec9c5,2021-08-07 14:38:04 +0200
3aab6312722297daddc34e5f5de9a0762d040563,2021-08-07 13:37:21 +0100
9e017dfbeaa44b7ec836d8145abf990f7e3e9f4b,2021-08-07 13:24:59 +0100
17ee804605454c2d3ed5d1561688c5e186e94496,2021-08-07 13:24:14 +0100
1c8d8da63a993c8db554f6afa26c5ea9e8c61b3e,2021-08-07 13:19:32 +0100
14d5d0c2d1958d4d2999011a1bc76796162ae498,2021-08-07 13:14:26 +0100
b5d21665ff0c3a420564537cd1da88c8f77ab5a5,2021-08-04 06:47:27 +0200
771a21815b4329302fc174ef2ad80b46ed8247f0,2021-08-03 16:20:11 +0200
6bc63d4f3f0c5acc1d0e9c1723b523cfec18a10f,2021-08-03 03:22:47 +0200
3df6d879e701b442fabf709c8143e6ca8f8f9547,2021-08-02 02:31:37 +0200
8e63d421bff30f6ab69d731f93b9ca8fc3fb95ba,2021-08-02 01:36:34 +0200
f49e77a8067785fcdaf44db84ab3487e4ae58387,2021-07-28 13:01:18 +0200
e39ad3c984966a8798339f3187765319a88023d1,2021-07-20 18:46:16 +0200
9433847128594591d8441f1bd394d1710e8bb36b,2021-07-20 18:07:20 +0200
9dbceb0ed1d58c6ccb4d841a2384fe8f6d98149c,2021-07-20 18:07:12 +0200
8968416790a42eebd5583718800ccc4fe55c8cbc,2021-07-19 18:43:59 +0200
30a2593c2c9808d7ad118d8e120e8ce807df746a,2021-07-19 17:43:51 +0200
8cd59b991eeb911d94b82504cff737bcafa1b660,2021-07-19 15:02:29 +0200
bf44f34862fd3261cd20b68355bd187a2fb26763,2021-07-19 15:01:39 +0200
dbec0bd7a77d70d9a8c6c8039a818fe0a5fdbf52,2021-07-18 12:05:09 -0400
0b56f2cf54c577ee92d1411b2e5ba42a02bf8a02,2021-07-18 17:28:04 +0200
01e899a35f55f687623e94e20ed0b9056f4b0449,2021-07-18 17:26:05 +0200
647e1e36cd7676ff8fd881c46a25574b406bede8,2021-07-18 16:36:05 +0200
f9c0a8b67895d1c192c4d90be888114288e0fbea,2021-07-18 15:07:01 +0200
962d6b6543865ce9dba217b0223441a244d48a1a,2021-07-18 12:50:33 +0200
4f7ef762d71572d8142a260335d0f6e0c02ed301,2021-07-18 01:06:00 +0200
b5fd55e6b92aa769e5c8fed91712eaab342b35ed,2021-07-18 01:02:28 +0200
1c737b3570df027c553eb7df7578ce408e197d2d,2021-07-17 15:25:33 +0200
84f15db1bbfe6ca77369f678b2e71e21605e4c39,2021-07-17 14:35:37 +0200
7de72b3402bad3d31d6317fb936401a9ca382ac9,2021-07-17 14:35:26 +0200
2218194942ea095fd15b3bc1552e12a263981f80,2021-07-17 14:19:09 +0200
e6bc7a4d31eaea79eee58fa096866f5c95d78470,2021-07-17 14:18:38 +0200
dd9c46d4b8fc8051c52388d4538a86945e3e93e8,2021-07-17 14:17:50 +0200
d13aec9b34dada4f684a5943311568279af1cd39,2021-07-17 01:25:08 +0200
fb283c85e3c336d09080b5430e72e5a515599aa1,2021-07-17 01:12:17 +0200
dcf83c02a7a341ce40d02521a9e8d4cb863e4728,2021-07-15 01:42:38 +0200
73d82834baaeed21e16339ae073d62d369c581d0,2021-07-14 13:46:55 +0200
344fb6dedd91ded290ebfec57740b7e0ce6bb627,2021-07-14 13:32:39 +0200
286ff6ad392028007028ee5369b8978524428940,2021-07-14 13:32:09 +0200
befbe8f6e3f05c106a72016920f237928485f981,2021-07-14 12:49:28 +0200
9afa2f75328a13daea35cad5ef8c5013bfd1ef9d,2021-07-14 12:32:14 +0200
6bc42d33d276848a9700935cb02edd78fb591ff4,2021-07-14 11:22:40 +0200
1bb918b7306bd3df329d66b19bcaea5fa6a96b6b,2021-07-14 11:16:58 +0200
bb5843f4aacb37d4a5f58a1ff83b867353434504,2021-07-14 11:04:50 +0200
8f838278467c1d00ba3e9e83c4f9b963cf246984,2021-07-14 00:36:10 +0200
df895da9be085601f083dcf3d5657309b961a396,2021-07-11 21:45:53 +0200
ded7c635219bededf9105abcd4a96578790e587a,2021-07-11 21:33:19 +0200
f4244dc76dfb32b7f19cfd49eed78928a4ca0e08,2021-07-11 19:01:22 +0200
996426e61e5707e684ef7fedd0a2e8e48f471622,2021-07-11 19:00:48 +0200
78476b09dc530b3726951651efab44d952a348f2,2021-07-11 17:35:24 +0200
693d560427fb756bb553c663affa1a3d5c8575f9,2021-07-11 17:16:06 +0200
509f50b0a5ea3cfa7b633dfd4aab20f0b95278a0,2021-07-11 03:15:10 +0200
eab3bcec3c6ee118ec0adaf54d2ecb34c2449c08,2021-07-11 02:56:35 +0200
7630d04981383f140629d4fa2759fea65eb5ae7b,2021-07-11 02:52:25 +0200
5fee542f820e233c59b796f01b737ae6a46964d7,2021-07-11 02:44:10 +0200
71bfa2daeb01fdaab7c35047d04e06af0ef10461,2021-07-11 02:36:10 +0200
46a0c3ae4140fd34cf8479362192bddb7b7b3e38,2021-07-11 02:10:11 +0200
7f425354fb4eed78832bbcb37b81acfd21879ab0,2021-06-25 17:32:48 +0100
f8741d3ab644b940ce309bc2f68796ff415886d5,2021-06-25 16:49:31 +0100
c98e638d7313fec1cc5808cfaa18b2bceaa9864c,2021-06-25 14:51:00 +0200
97dd402d1019f751ae43825a83d679a07a2beaa2,2021-06-25 14:50:01 +0200
6ce950d5a36cbf61323cd83b9b68654637803639,2021-06-25 12:08:35 +0100
cd54910edcb60f4d67fe3af3e26a5f184699dd16,2021-06-25 12:12:52 +0200
03923d2b79addad2eca68926207338f8860f9991,2021-06-23 02:09:48 +0200
0a3c4023ddc1a1c14c85b54f8742a58401ee08d9,2021-06-17 15:22:48 +0200
a1f2a98c28b400a01142147816a1b298e86e60bb,2021-06-17 15:13:34 +0200
b509678e95f313d05bfdae6e38492b3dbb306b5a,2021-06-14 22:26:22 +0200
ee73d636dea9618c685755111a98e65e1cbc5049,2021-06-14 20:32:40 +0200
24b1d86ffba3a1434747af0629a4b89b2dab8b3d,2021-06-14 14:49:11 +0200
bdc4a527fb526da71042b4cbf7acbb9484885c40,2021-06-10 18:27:59 +0200
ca830af17040c243fb853ca47d507bd2e57d1cb6,2021-06-10 18:24:53 +0200
151b015ea733543fa8b06873d6bece3ed9d30052,2021-06-10 17:41:48 +0200
c67bf75076860be55ae78e7eebeacd8074b808e0,2021-06-10 15:57:18 +0200
e810c88cd9c1fbc742976bfccd08880bc019c54d,2021-06-10 15:54:11 +0200
46c6e5c97bca0b3ee029ba6fe8a5f2b797103856,2021-06-10 15:50:33 +0200
09669bfa95bace9f221427ac23598b86688bdf9b,2021-06-10 15:43:25 +0200
dd135e568beb32928884f59e7d264d6f00a2cd8b,2021-06-10 15:41:09 +0200
64474ed9633c4a2856f6bc4becdd22869046a716,2021-06-10 04:09:20 +0200
759743122dc9dc1244566a2e4a774258efaedfdf,2021-06-10 03:10:21 +0200
6698b7d21cd421aefda19f06ef684b31440d4ed0,2021-06-09 16:54:05 +0100
8a60de326388549657bbb73baf546e0526de92be,2021-06-09 16:53:06 +0100
af647182efb2db902fb8fb5e696777c317248494,2021-06-09 16:44:48 +0100
df117c1e463497f22819849eb1ddb86bffdf70e6,2021-06-09 16:41:20 +0100
97080fdc3826e05bab6ddf70dc7e8c8cce8b904f,2021-06-09 16:31:45 +0100
6d1351cc33f94c0f9595a37306359c2a04c6e00a,2021-06-09 16:31:35 +0100
e300d2125133c245dbf891dc636306f6210ab8a8,2021-06-09 16:26:28 +0100
1b6a0f9c9ecff1184281d52499791c54ac62691a,2021-06-09 16:23:40 +0100
1d51a0f68ee84ef11f4adbd58560e89acf762a62,2021-06-09 16:23:31 +0100
9f92370627346243071b7424f581ed75f924adc1,2021-06-09 16:45:59 +0200
d26f50b97bcfa25e896261d1363563ef32cbca7f,2021-06-09 16:41:11 +0200
1d83419c90812f7db03707f9ae68d1c95e5acb72,2021-06-09 16:20:39 +0200
a5b1aa029457e69b98064413dd4e32ed3a68512a,2021-06-09 16:18:57 +0200
ff7adb8f9d459f80ee3cc83fb0f7be6824afffd2,2021-06-09 15:02:38 +0100
a77999bb84cf0736c3eda29de1fd53d2509cd872,2021-06-09 01:02:20 +0200
df927f0b674d8c6cd5f535c2995777a4dd7be101,2021-06-05 23:50:46 +0200
4075e87c76bd12c39c428a9f6e99d06ded1048f2,2021-06-05 14:50:58 +0200
dd73a1ba803174a4c7ae0c82c165d0f2fabfb622,2021-06-05 14:49:01 +0200
839f8b45a3c7ce6e61e5864513eb74c1f36ea669,2021-06-05 13:21:02 +0200
7b9edac695c685c595b53df2ea4f7d00aa7386a3,2021-06-05 03:41:14 +0200
ac25b3b9f35218f1c5ba9b2ded9e5389ab035e50,2021-06-05 02:26:43 +0200
c7b36439a2fe15506c4015ca770d52326b55b20c,2021-06-04 11:03:45 +0200
e24e0a8555c31fa00ee401c9ca67564a91219c59,2021-06-04 10:54:23 +0200
610564f7d42f106ae72f6197c35c315c60dadc09,2021-06-04 10:46:47 +0200
b57414909476ac4e22768cd33e157f112fdde975,2021-06-04 00:23:52 +0200
8f39a414c112fe1ca59b1aa8b4b45485b04d74b8,2021-06-03 19:29:40 +0200
076fe24409fb17c9b9eb640dc25ac5d007459162,2021-06-03 19:12:44 +0200
1b7f10eed7ad4548b85e1449686206332ab4a78c,2021-06-03 18:42:58 +0200
7ef0099c9eae8a1a7fc91dfd0f7f23b02b3be285,2021-06-03 18:27:25 +0200
536ee3f6450db46f6aaf603d4e6392e0ff92d074,2021-06-02 03:26:14 +0200
456de1bf98e87d18588fe76b623b5ed1bd4d715b,2021-06-02 03:21:46 +0200
8afd815000e61ffc98bb5207fbfc483171fa2787,2021-06-02 01:08:42 +0200
1da0c5705322a8f0a740d7214b92fcff811a0e7c,2021-06-01 17:36:08 +0200
ba2a1c2434add14499adb16a8c46c3063835d85e,2021-06-01 17:31:40 +0200
02d14e67916d740304885a67a4e8e0cebc5e42f6,2021-06-01 17:17:51 +0200
787d42ef07e6dc8d7aa47a9156d851281a7f2954,2021-06-01 13:42:25 +0200
491798e0de8d1cff013a3cf8bb956d7cd4ca6e3c,2021-06-01 07:05:21 +0200
44d1f03669f15776fdc5b0f88bdf0c6b6b165eb6,2021-06-01 07:02:05 +0200
a5e0b2e7f68c9fdedb70161f748a88b38a309034,2021-06-01 01:40:34 +0200
c3ec07380f82c868dd015cf83f3ee2575c6fcd51,2021-06-01 01:25:15 +0200
e85e8b53f22d6b470492862a67f39068117bd175,2021-06-01 00:26:35 +0200
ce65e6ba3fa43e8e119783532250a89367b4b2ec,2021-05-31 15:19:52 +0200
53cb2cce5f7bbcc2301ee131b26abf9354fd6302,2021-05-31 15:02:52 +0200
9cfd17601bcb30ea734b8261d2a3fa4dc5ed5d9e,2021-05-31 15:02:39 +0200
bcdc7fbba7dea86e5603a3d7fd958fca3b473f01,2021-05-31 14:37:20 +0200
359973686531e84238415d1ea46c1ab1b02b28b5,2021-05-31 14:17:50 +0200
2588814c82d6ac3e9bead6eb3c1fd16e591e7a81,2021-05-31 13:02:33 +0200
67e647cf5bad86cc99477317d23d3513750ef03a,2021-05-31 05:19:03 +0200
f24fd147184ba6b2c6a6cb41aad1fa861f000486,2021-05-31 03:49:24 +0200
6f4620f270a9d7376f1e3957d46799d2743b6d54,2021-05-31 03:49:24 +0200
9d4d838638c7ee0c6f89c8061e89ed08171ee304,2021-05-31 03:49:07 +0200
55e7cf0a51378a99e4cf6894b80e47f81f91e312,2021-05-31 02:42:34 +0200
7eadea31678c14d223cb0a14edd4ae1be4aa8ed1,2021-05-30 23:04:17 +0200
6ce3bd901fac1baa063b98d2e9897f443a0f640e,2021-05-30 15:09:53 +0200
f9a7c568bea5e17d1d1197ef330d185be21785a9,2021-05-30 15:02:13 +0200
c93520a02ff74328871c22b287892dcdc3c08d21,2021-05-30 14:58:49 +0200
8a756d763d9e2788f2818ff41084ffce091b7850,2021-05-30 01:10:18 +0200
665ae9cbad82f58c202285f7879d092da95a8b21,2021-05-29 19:18:13 +0200
a52d444780244e5fa46d99c0637291697e0b9917,2021-05-29 19:17:54 +0200
cbdf47f2b6924387587c1fd17a30276aab2109cf,2021-05-29 17:12:30 +0200
e604e60709bff4e8534b689566d56f4b4d6bccaa,2021-05-29 16:34:55 +0200
8441d3fd6575c57dcc5bd3fed65c1ff4770b8dea,2021-05-29 01:45:27 +0200
1d9670cb12613a2d8c27ad318237e000668f8836,2021-05-29 00:34:28 +0200
9146f7abe2de004ea057d2f60a900b04705b7724,2021-05-28 19:42:17 +0200
bab2a8b991a09d9b6ab3fb01d45c1478984a27a9,2021-05-28 19:16:54 +0200
2977d26a0f4f67fcf377ecef4111ee30c3d9a75e,2021-05-28 18:27:53 +0200
450cb5e46f7199d7567773a614c2bf4926a9af30,2021-05-28 17:37:18 +0200
1f1872f85dca2cbfeb86d882997787f02748a21d,2021-05-28 17:35:00 +0200
b416ae586e2e43bfb4544d99a7f639d3caa7f1b8,2021-05-28 15:33:22 +0200
f29d5c97d38153c1ac62a751343d217e112f4af1,2021-05-28 15:12:41 +0200
d92a3c63358ef31014b8957cf24f5e7e31d4c269,2021-05-27 22:56:48 +0200
0466b29f83cc8bee7b195d3e1f87193ed8c01507,2021-05-27 04:49:32 +0200
0e81847e45d91cde337e22b8c4a5e223659eb90c,2021-05-26 23:33:08 +0200
2650a4786cb13955c174ac6a7503171918b72a2f,2021-05-26 22:54:41 +0200
8df971ce64f013a5ae75a2ff3f430650271ef55c,2021-05-26 18:49:51 +0200
fcc47a2c882d96ee5e635b0d27ba686e69da9e5b,2021-05-26 13:27:24 +0200
ed43735e221467cec99a452474a9df2c56204515,2021-05-26 12:46:06 +0200
3dd57c9473bb2293178a4b2cb918cc17113becff,2021-05-26 04:43:00 +0200
d056c03834b9245c0d8095ade3bfd66d83f758a5,2021-05-26 04:39:12 +0200
144cb12200709649fc11ddbb8494c3b370c2c991,2021-05-26 04:35:16 +0200
23c029484fab88efe274fe409234e572741a876f,2021-05-26 04:22:20 +0200
a4c8c52bd2d2ccdc65160cfa943efdf6f7736a19,2021-05-26 03:35:25 +0200
9087575eec9f31e220a2b89139f402624edc311b,2021-05-26 03:23:07 +0200
4bb17876314de05849efc3052f41e267f87f82ff,2021-05-26 03:08:25 +0200
0cfc410cb00aa6f2bc1737a04959ea33c6bbdaf7,2021-05-26 03:02:37 +0200
eedd0b853b93ea47b44b6b81d48f68904351f2ae,2021-05-26 00:17:56 +0200
f885cb029fefade800970be1c64f75e6de716b81,2021-05-26 00:01:00 +0200
8157678473cddeb3fee465136d3b66414293259b,2021-05-25 23:44:45 +0200
35d56cc547b95e3d2c1a8850e0e8cefb35ffa093,2021-05-25 23:17:11 +0200
ad5f0dac37c3b5f7604d18747f0af434b83d7632,2021-05-24 03:15:17 +0200
7f383414c2fff5caba046f4a4c5d9ff7e674b22f,2021-05-24 02:31:12 +0200
d2067374626de14b2af2cb89a627835775df865f,2021-05-23 06:04:52 +0200
00e80fe76317b2b2b2869af6f285bab5553699a5,2021-05-23 04:29:07 +0200
7e219ce34f998335645e28d94462213d8e37c7aa,2021-05-23 04:15:52 +0200
1b5a9a6ed39eef511e75181555824e56dbd99437,2021-05-23 04:13:58 +0200
92094a0993015cbdc2be1c0d6553b31ca76f4fe5,2021-05-23 01:19:12 +0200
44281eea76a33c7b2becdd905fdd7d191936de30,2021-05-21 15:24:49 +0200
5e59617d85a2fb8eaab0bd84711b3e48b698abe6,2021-05-21 14:52:27 +0200
9fca795acfb74a5954229743780a71a7c0b16c76,2021-05-19 15:28:59 +0200
1c4e4146175720d28b6f76766fe9b64988db79cb,2021-05-18 03:23:27 +0200
ac978e2c4c4f96b835fa7efc5d23f5c40eaea1b9,2021-05-18 03:23:05 +0200
9d1741bfe4a7808cfa0c313891a717adf98a3087,2021-05-15 05:36:48 +0200
d080f0d8251d58728024955764a5c0c75acf8277,2021-05-10 19:30:14 +0200
cc1fe8aceccd10832d1f7e17392cb63cb4e408de,2021-05-08 15:30:13 +0200
0a9fe383a3b55d7910fcb975a6a7e2e02de336d7,2021-05-08 15:29:54 +0200
e29fd602381be65c0e2c2e4cd1e1c59bfa16c8bd,2021-04-13 10:44:13 +0200
26511237d21026623bc7ff26a1d2e90f16f21325,2021-04-12 11:05:25 +0200
0300f97d74fa0207570b5ea3ecadbf9896d3ecc4,2021-02-08 14:15:16 -0500
d71b8c93d20187da61113990f44cb16345cf72cb,2021-01-17 09:30:17 -0500
57a9a5c14b1bdac50fdf737c63c880a5fb9e106a,2021-01-17 09:15:16 -0500
b7dd3fd3d11df92e3f653f001e1a924a9fc49b73,2021-01-16 21:37:13 -0500
8f949ae86a65b2c0999dfa83b81a2cb7be4c1145,2021-01-16 21:37:02 -0500
fb68dfd3e80e1623fb54cc3ecc413ad8ca179df7,2021-01-10 01:55:49 +0100
90efa03f5f734560830b3cdaf1728a2ca0881184,2020-12-22 13:13:20 +0100
ed886b8ef5919577cbbdca70b70940cbcc33f530,2020-12-22 12:22:15 +0100
a2c3868fb8115bccb2920d89388927ff889f619c,2020-12-11 19:35:02 +0100
323f6d71531599127e3b8edd5e13da2ea2c23c97,2020-12-11 18:34:42 +0100
649b134f1746a9d606c09133d87df1e33698b728,2020-11-20 15:24:35 +0000
a33cc0b142ead497c4389e03083d644370b01db3,2020-11-16 14:42:13 +0100
2da7454c57897184b8e0fe899eb8762e676a15a2,2020-11-11 16:11:44 +0100
c1801e6776c3210ec99224666eef3660cb116286,2020-11-11 15:26:14 +0100
d9715f64ab54a82f25e9c61be331a02d8d1c7394,2020-11-10 14:26:01 +0100
1bc542778bb3792e90996ef18c3b938791a92c90,2020-10-28 17:47:24 +0100
9a84109c7ed704a0d87c3a5c765e1f63369cb2c1,2020-10-28 17:42:47 +0100
bb02fad3e3663062e563c29302375279fcd0cb45,2020-10-28 03:21:33 +0100
43b77ffabba8a48144080674973362150cbcfb28,2020-10-21 02:31:43 +0200
0fe8ef6f9e5e55e86b9b27813744b69ba16155f0,2020-10-21 02:29:28 +0200
053154b621c859bf3d11a83e73f7e66925659913,2020-10-21 01:40:38 +0200
e0b2efc2acc999ffe7df6dd6d2799de294dd811f,2020-10-20 16:24:29 -0600
0b3629b4b0942ff138b71713b5267eeb13342ecd,2020-10-11 23:20:03 +0100
e3355741ed9ea4589f649a30cf2ae1ea68595f3a,2020-10-11 19:37:27 +0100
27f289f6be1396893247f13225a52388f598a8d7,2020-10-08 16:48:34 +0200
84ca1592673a635f7f09548fa7f48469f1b805a8,2020-10-01 12:37:13 +0100
2d14b517c3beaeaa6766ede9f14cffa416cfeb52,2020-09-30 23:48:42 +0300
450dadfd59a442eed6db0080ff30727836fdf97c,2020-08-10 20:17:06 +0200
e99434d9377fbb406b62bd8dbf94d7367ccc75b0,2020-07-31 00:05:10 +0200
94476b91ce10d40927edae895addc1cbf4f60420,2020-07-30 23:42:33 +0200
22572574d4248b0477398d4c326b87ad4c171f27,2020-07-30 23:31:27 +0200
802058f4eef00c02209375210439f52b3268e5ce,2020-07-30 22:50:07 +0200
fe29577cdbcf8d321a0595b3ef7809c8a3ce0166,2020-07-31 00:23:18 +0800
90ea1c921825463e5f6ea9dcab6ac22152d7c8e4,2020-07-29 20:18:41 +0200
b1c0b4db5190986216f810190c4bed4dd9aa0bb5,2020-07-29 01:08:43 +0200
0e3b77d76ca36a44c3e53308091a630915c0f012,2020-07-29 00:02:59 +0200
3d2b2107b58ffc316c849da43734506b7fe04254,2020-07-28 23:23:24 +0200
2470c3ff28d5e5f378cab14838fced2b2643701e,2020-07-28 13:50:22 +0200
d0ed03c953bf436fc4dc32260c6018a7791c9efc,2020-07-21 19:52:04 +0200
11b0e96cf42b3918965189b2ca9a0de7b9756fe7,2020-07-21 19:34:44 +0200
9e24ff70a782eaa96c4f24e7058b2605958a73c9,2020-07-21 19:15:10 +0200
3ed7faba1b108b8614bcdbb9e1946ee9c17c3bdc,2020-07-21 15:51:19 +0200
321c689ceb1994b2fa2468e9a63128366e82ed45,2020-07-21 15:50:52 +0200
e9389912d514645da9f9b8a5cdf970921ba6a579,2020-07-21 12:18:20 +0200
91207d4c6dfcf3603cee9743218e770666da4566,2020-07-21 12:18:07 +0200
d23485fb15a8545d27b339709e5a6c1290465abf,2020-07-20 15:49:42 -0400
84890c9409d4a501de68c7512baaf69826e71ddb,2020-07-16 20:48:36 -0400
4108f5f35e22db3401a11fbbf93f85be21394f5c,2020-07-14 14:41:42 +0200
849d551b8a9507a2ae8dfb81db36aa544a81ee47,2020-06-29 00:51:55 +0200
824d92fac676a5bbde947a437f1698960edf3bc6,2020-06-29 00:22:19 +0200
ed4817c7301a942ac17d9a015a90ad8e406dc0e5,2020-06-29 00:22:19 +0200
28e5b802fe0b406cfba5605d1537acb0e327d177,2020-06-29 00:22:19 +0200
9cbf1d184442063ec5ab833e954009b7f18c2781,2020-06-29 00:22:19 +0200
960ba5322beb3b0c26b71fb06b0e3131122a8a0d,2020-06-29 00:22:19 +0200
24e2c246ce165d3bb058ad9ca4d81a2776c9c3cf,2020-06-29 00:22:19 +0200
15dad0b04706eb4fd78b500f8c99d011235c6882,2020-06-29 00:18:45 +0200
0d937abf8ca9878aadc1b4e62e333976e74e8942,2020-06-22 12:27:58 +0200
bfa5b60eff89ef75fabd5fbd53e61c56b4b65566,2020-06-08 12:01:16 +0200
2ba76c25734beb6f6317ff43bfabdd87ef3cd2b8,2020-06-08 11:48:30 +0200
183a8e349044e5ed529d157d7b60830af956160d,2020-06-08 11:26:39 +0200
70a25eee5fa7a297376d0810296647cc7ad4d26e,2020-06-08 11:17:17 +0200
5b020dba27e7cf6a62ecfee49d997fd0902251a7,2020-06-08 11:12:54 +0200
d8ad317f946b3070c0601ec80127e693069309da,2020-06-06 12:50:15 +0200
e34ea727ca72599081f091a08e41d1ba3f5dbdd1,2020-06-06 12:27:29 +0200
ba8a26705e7656201951ddc1a4a67c6aaa62d146,2020-06-06 12:25:07 +0200
5a8145a9df90568a603258c8206a070d3049f1e6,2020-06-06 12:04:44 +0200
6af45f83ce35b61ce6c9beaa23daa217f17ea811,2020-06-04 23:10:32 +0800
715d89d2625b09915feb1dd1b60270842eeffb7a,2020-06-03 12:05:18 +0200
26d7e55974d3e335bf937264ef01a455069fe019,2020-06-03 11:59:12 +0200
d5ffaf27c72bad75922d50c1e255b5a3a87e07a8,2020-06-03 11:59:12 +0200
5f9bbadbb2c8eab5a08c4bbf118a66562f0cfd1d,2020-06-03 11:59:12 +0200
2ae97f403824b7d8343fe76ee383c73da4dcb87d,2020-06-03 11:32:12 +0200
f623bcf8804d6566ba6bc55388e2f27d06b0df80,2020-06-03 11:15:33 +0200
84f08fce9f8f5a4e18f1552ec9db132cd9526bf0,2020-06-03 01:47:04 +0800
67aea22b0882675886b78a296d7055e66bd5a2e6,2020-05-29 23:00:47 +0200
9f778c41356d9a30258cf62165c9aab1197d5f04,2020-05-29 10:22:36 +0200
31be9f198c846ecd3b16965fa2f3318c9539551f,2020-05-27 02:09:02 +0200
de70e0170e62ec19ab05458f32441036fd80dd00,2020-05-27 02:03:31 +0200
9f17f6de64d5f8376bb0eda601d8c2d730e70d5e,2020-05-27 01:52:14 +0200
52b374d85e37235805cc0820c8f49cb139432d02,2020-05-26 13:46:43 +0100
f5fdaea51455f31a51973eb17f90450a69688fbc,2020-05-26 12:07:15 +0800
b05b3b9a90956293ae0cd4c423635bf8bdfb12f1,2020-05-18 11:59:00 +0200
cd003cb29fe11d0ab08500e067863b9e1a1bd3fe,2020-05-18 11:49:23 +0200
bd43adb57f0f709a28b00cada7c0142b1067c971,2020-05-18 11:47:19 +0200
bbfe7e4ea526e39ba0a79f0258200bc0d898f0de,2020-04-27 07:39:41 +0200
165926f77e4f33beb35ba7d1df3d87774abdf8ef,2020-04-27 07:30:42 +0200
8ce34483549796052a1e81419152edef8e83e5ea,2020-04-11 16:16:16 +0200
2764b8239fe49a4328a0c51a74204a31ee1e451e,2020-04-11 13:52:12 +0200
2d8adbf5148543bebc026d984f54cc43b9e9f545,2020-04-11 13:42:03 +0200
7b005845af41746e938b713b6fc8f45ff98a8e60,2020-04-07 19:18:11 +0200
9c6ed8311fcb30518cc8935146d72a5b9126d41c,2020-04-06 19:06:12 +0200
75d19f307733a42a99be411fc28f1a926c358ddf,2020-04-06 13:37:04 +0200
6a06f4fdaac13ac1fff12fd4ac47539f9541193b,2020-04-06 13:35:19 +0200
54c4ee34af4b366a898176190813152d446095e1,2020-04-06 12:50:50 +0200
8d36e18b2107a579924dbfb68a15e6a8f1843e35,2020-04-06 12:49:40 +0200
00f4de04fb0452bcf29053842935c8ba7257e13c,2020-04-05 03:13:50 +0200
13a084b3d9cda815f6b5b4d5044851b1227f4e90,2020-04-05 03:13:50 +0200
e80f7cc29316d7ad749542392f8e32e1f2b31775,2020-04-04 00:19:29 +0200
8be7fa43436dd87eec4b5671dff8b7c385db6c2a,2020-03-26 18:26:33 +0100
b95a43fa9af718899d03bbc2c10587c069c707f0,2020-03-26 18:18:47 +0100
68de72cc0b4c3f349c0b8d6d03ceebfd49cdc00c,2020-03-26 17:55:55 +0100
f2eebe68d856ff681f5d7b0282a02bf6d396a9ea,2020-03-26 17:04:10 +0800
7ae8c7ac46f979891af3cca3d1c52ca984125002,2020-03-25 17:07:24 +0100
8dda8d86797de6730e37c089cb36201bab70139b,2020-03-25 17:00:38 +0100
ea873277c1c3e38b3ab6411b460616cd1700317a,2020-03-25 16:58:15 +0100
01227337f8d6645550a9559bef1a57297feab7b6,2020-03-25 22:43:06 +0800
6b0395898e9469fda20f011ded8dce3f9d0df907,2020-03-22 16:09:41 +0100
7741ddb814d53c6c94107506b056d46ab7e0c561,2020-03-22 16:08:31 +0100
4128dbb2060dd960ca633c9260fb260b237d983a,2020-03-22 15:10:26 +0100
ab33121f7b068db66f10374663d8ad392865a8fe,2020-03-22 14:46:58 +0100
844ffbeeeeaad4f67d6e7b599a83de2dae8822a5,2020-03-22 14:29:00 +0100
c55d43f38203aa793d9706edb6c0b841976d6080,2020-03-22 14:25:04 +0100
1e32dc95cf8fcc4c4d0f17d9e7f11548ae29a192,2020-03-22 14:24:25 +0100
5b1a86a957df599cf138c7646fafa6b306c58fa2,2020-03-22 14:23:36 +0100
60a8f03baf5b372fe1db75c55152cbf8d5c3b0ec,2020-03-22 14:21:59 +0100
103276c53bb2948f82258747f0884002135dd826,2020-03-22 11:39:54 +0100
c251395aaf5a3eb70c3a3d7ea005b4a31cf4dcfc,2020-03-22 10:47:02 +0100
da455397c2e355fedac2e813ea14a50b6a21a4c3,2020-03-22 09:59:26 +0100
22373aeb76811aae77f581143e9fed34580316eb,2020-03-21 16:16:34 +0100
baf8d0a40468fc844db7aab4b20fd5b3f3e225a4,2020-03-21 16:09:48 +0100
955f56fbe491bec47c170480c32df2ada9b0b2db,2020-03-18 07:26:09 +0000
45abfa45aeab4677c8a820944d978585275ada38,2020-03-18 07:20:23 +0000
c13179ef737b8771cc12d2416a230e2b6cafbb05,2020-03-15 01:38:10 +0100
aef8f5272d9b3b6c15507232908e1be381ba49f1,2020-03-13 04:07:48 +0100
cd0988f9bf85e301e168b9a0959ed5d91620c32d,2020-03-13 03:38:54 +0100
169062c7a5d9fdc5e5aa9951ae32440010fb3b81,2020-03-11 01:16:28 +0100
74bba17b9be9d6fa861d689d8b661b46ec70ae72,2020-03-11 01:14:52 +0100
6512107301b0f985539bf4debe3123af58b5c333,2020-03-11 01:12:46 +0100
84102c0c4ca34d5d024cf6d02c733c8583fb1b2a,2020-03-11 00:52:49 +0100
aeca88c72da259e1f38dd8ce02fe58002d30c17b,2020-03-10 23:22:11 +0100
fb78e1af4f8975d79feefd92bb2d0ba09599ed07,2020-03-10 19:34:12 +0100
39747b662f385afc490558d72ccce554f8801d43,2020-03-10 19:29:52 +0100
484b0e740a17622368983cd4327f2669629ee09b,2020-03-10 19:23:45 +0100
af5ad16a06fce4963284468237144f6e90ad5600,2020-03-10 18:59:30 +0100
af4962c3c6c3ee7b322177b50219062dd3b76d9b,2020-03-10 18:57:57 +0100
6f361582b276a84ea951299d3693e2b17140053c,2020-03-10 18:29:56 +0100
17e8430cbba42e93ffcd126b11b7286bec8ac31c,2020-03-10 03:33:15 +0100
68f7eae071e9cbc55069e09730bb17434d64dec1,2020-03-10 03:31:51 +0100
4eb5f9f8a604148e4fd27f317e47bc7d750c944a,2020-03-10 03:06:56 +0100
c770e66963a42595c3b69712265292a7a207cc5d,2020-03-10 02:41:06 +0100
aafc49afd764351668045c0fadf2ad6222490ba7,2020-03-08 02:00:41 +0100
d64d4c9c02ae487e90e23d40f945cf78991ff1e0,2020-03-07 20:42:25 +0100
69b92235a090e77e1a62c89c6ce0d8b68a72b3b7,2020-03-07 20:38:09 +0100
16c8f3b49623ab0a325d152e80f843a740da57dd,2020-03-07 20:32:07 +0100
4d5983aa8756c99cdd20618aecf24ea31c399311,2020-02-18 17:18:00 +0100
5c93c639c89174979038364501bdc4d7bace93d8,2020-01-05 11:58:53 +0100
d317c6509d1be6d1711d4889e95d5471c87e22df,2020-01-05 02:37:39 +0100
80df02f2d2a3180a30a6748a640588735ce8aaaa,2019-12-27 12:53:36 +0100
dac15322b8aa0dfdd761c8a2a53a6e9bec5d44c5,2019-12-27 21:31:42 +1300
ebf908570ae58bd3020c771ba20a60feb93c50ec,2019-12-27 21:10:29 +1300
a81b218d47b54af46030f3ef4231f619899c5667,2019-12-24 14:05:59 +0100
06d45af8381bb0629429b309151cff8627be59f6,2019-12-24 13:19:11 +0100
096cc553b697c47bc453496694edb599066ced74,2019-12-24 13:12:36 +0100
ef4596df33979faac6253056c5f755792a3751ba,2019-12-24 13:04:51 +0100
8091c4fe8395ef69a652885bb6eef0c2ac935927,2019-12-24 12:56:13 +0100
22da2300b824b508047880be840c6e89efa871b1,2019-12-24 12:32:15 +0100
aa46bcc64b64b4a3990f5938d0e49ce6f333875a,2019-12-24 11:44:43 +0100
8bff9c35f3722f8b1a550d06ba55950fddf17af0,2019-12-24 11:28:31 +0100
5828c2352d5759f7d44dbc29e5a4f597b41a398c,2019-12-24 11:20:40 +0100
bf5d19e08bfc74c56bc3d3828e5c3d93abbdff8b,2019-12-17 03:14:12 +0100
c2e4972d5ace6440454d6f7755dd7b9d9446db0b,2019-12-17 02:57:23 +0100
f7e0d743526a9af68233a21e4af01810c1ded2b8,2019-12-17 02:34:03 +0100
6e5577ad8adff3aad503365a3e118453501bcfef,2019-12-17 02:18:44 +0100
f4dd17aa7d68509e41c906dd8e53265985b878b4,2019-12-17 02:17:55 +0100
ed6b06d02ff341a93d848fa34da23b9cb25c611f,2019-12-17 01:59:57 +0100
49f3afd6b8caaa81da842495ffb016379b029432,2019-12-16 13:55:52 +0100
490223af4a31702c7effee0c04b585f8388d0af2,2019-12-16 13:50:59 +0100
b6a65a7b6e80ba4ef602b5ed2579a063d28f2249,2019-12-03 15:17:44 +0100
a55b8520afc62ae1d0c281dfa32054f2608a760f,2019-12-03 15:12:50 +0100
084db0dcc42b906da45eb639ede4c9fa1e28b85b,2019-12-03 15:01:09 +0100
cf2b9e7479179bff9111df99b7fa9f30a1bd5a8b,2019-12-03 14:51:53 +0100
b8d96de5871d938f678b4702c2fcc306bdf1f34d,2019-12-03 12:53:05 +0100
238f211d6a7b94b65c56fd20a0bbb1e4f936f17a,2019-12-02 09:03:26 +0100
1c3ccc4d2e560c49b2be2cde352882a4f92dc4e5,2019-12-02 08:22:09 +0100
a9c64a5002bb05d7209c9dbc5230464e8903e24f,2019-12-02 08:21:50 +0100
735dbc79340d609318a339cf7b85cb542e969d0a,2019-12-02 05:25:25 +0100
471d4d60dc21fbccb8c6b4616a00238c245f78f6,2019-10-28 01:51:42 +0100
9988a5b3c4779eadfad9ea0c4925f5b327317814,2019-10-27 15:11:56 +0100
ec77f54bef7e60de920307bd75ce44a2fa104670,2019-10-27 15:10:11 +0100
407f1e780e63df0af81a80f499dfbfe5d2841612,2019-10-27 15:02:21 +0100
128523112bdbad85b6b5c925004c0e975be5d553,2019-10-27 14:59:19 +0100
2e219c32e84331ec9883b661c61c446e1636165c,2019-10-27 14:47:52 +0100
7acf4d9ccc05fe9ed544b03c3d2308343e9d5514,2019-10-27 14:32:58 +0100
78e4c98096c94043ca01735200c2410b755e938a,2019-10-27 13:58:47 +0100
3fc25204b54257dfc96762250f3a5e0d07b61a58,2019-10-22 17:49:16 +0200
c7973fe10aeb6179ff10b1c828a02e45648e65fb,2019-10-22 16:05:26 +0200
830f1d1443b21bb17f76fba84eb1170d97ba369a,2019-10-22 13:59:17 +0200
0346204c7c2a9a0e71daca0ea3aef676e34b38ac,2019-10-22 13:58:10 +0200
f8c031ee3810721e99534a1c111f567c3ec6ceb7,2019-10-22 13:49:45 +0200
d0d4feaf275b98458e1c02fe1d18b5178d96b710,2019-10-22 13:45:13 +0200
6ce50484f627a9ade827d7150f47c41cc7dcc3ef,2019-09-27 19:47:14 +0100
4a36e444912c5a21e000608079fb861f79ff6722,2019-09-27 08:13:19 -0700
09f8e50dc884072119de94fd7c1614c6528a4ded,2019-09-27 08:10:57 -0700
f72172bf66157aedc1ea7c94f6c62ac910e91776,2019-09-17 15:04:42 +0200
a9645dbc0249a3d1e477e0b81821beac3fe4debd,2019-08-19 12:55:30 +0200
4a0b49737cb18d0f8a1c114c1b394833aee9c8fb,2019-08-19 12:51:29 +0200
f78d3157f0048c4d9068aa6ab88e676d96d651ea,2019-08-14 13:28:42 -0700
8e309f4ed9a12780f4bdd889cd6d57e5ab7fdb02,2019-07-21 16:54:02 -0400
e7678622471782ff73fd596ee7e988cb83cba33a,2019-07-07 10:33:05 -0400
4d5ab06012972b6abd6d2724aa9b5bd83c00dda7,2019-07-07 09:54:51 -0400
dc5791c1969fb23f635dc0a00c8b080b5d47ff6f,2019-07-07 09:51:45 -0400
69581d83ccf37f6e5008ec876d6370af023a2685,2019-07-06 21:02:05 -0400
31e69b220a7ce710cc5cfd5d752228414ce80c88,2019-07-06 20:48:06 -0400
ea44a229dad115a14f0fa76a7597ecdfb8de1367,2019-06-20 14:02:40 +0200
e6adb911b64b1affba49e1b314d0dc837c07131d,2019-06-19 17:28:35 +0200
5fc2399650f0ecf69d3928230837b66ef16155ad,2019-06-17 12:21:38 +0100
418f2eb7f469c80b0e125377b1669f9be068f6ff,2019-06-16 23:35:19 +0200
df996651078f32869fe5fa8efac87a32561a0867,2019-06-16 23:34:01 +0200
4b0f52c0dd9df564d58140e1d717a2da218f0139,2019-06-09 09:56:52 +0200
49469f756d6a5340fad4ef483e067ce96d261c12,2019-06-06 10:11:24 -0400
77e603a0fb5e596e71b76758b3566bfa28cc5ff2,2019-05-30 15:29:47 -0400
71aed1094ca6e460297a11ef1faaaefa1f483a87,2019-05-30 13:55:13 -0400
77a18f00653f35e638fa5b217b224c58b08f8ac0,2019-05-16 14:07:36 -0400
005b4b1c28b5e2418874c5f43156ccd85edb367b,2019-05-16 10:05:26 -0400
063713e8755aab8e6847ce0faacd0a5b49d3e1ff,2019-05-07 23:14:59 +0200
5de563e6c764add5980c63310c1df43db2bbdb38,2019-05-07 23:06:54 +0200
6d448c4e9bd4c10cfbbc2ab44ce49d8305f655fb,2019-05-07 17:02:27 +0200
e7208341dffb03db1c88684e2b82c4763fc657e3,2019-04-30 17:55:15 +0200
0df313bef62d5fedc18286b80fc93248b5f180fd,2019-04-18 14:43:27 +0200
53d9c7fbfbe9cbd7e11cb872ef87e00462fa3eca,2019-04-16 12:59:10 +0200
8694f8478bed676c9bb13a3a9a6e2eca56029c95,2019-04-10 03:10:43 +0200
f09514bf2009a4617cf97c85c03a9d88c9c59547,2019-04-10 03:09:45 +0200
55fbf2dc6e85c63fbfb8693789ec45d44f4976d5,2019-04-09 11:34:39 -0700
286ab7c6dd4c4aae0b0290517ea3508487438d01,2019-04-05 15:23:27 +0200
8ba4b12f40d40a9d705cca8d0b24fc1718bd3c5f,2019-04-05 15:17:36 +0200
f3719d89ab6a928e8618bbe6a7da8214d9d6eb07,2019-02-15 11:09:44 +0000
5acefbd61c604660e65ec84348cb0a1434fa2262,2019-02-15 11:01:49 +0000
d7d4e4df72cc14998ff82a936e8a8de10931e5af,2018-12-11 02:45:33 +0100
34bd1707749c71302207fb2fc0559b6ca301d895,2018-08-29 03:46:52 +0200
efb0230063b31d53bd077d9f6a4bb64fcbb9c97f,2018-08-29 02:13:57 +0200
2b4fcc2c214ced954a041adcc05be1523a494c0c,2018-08-29 02:13:05 +0200
b3fb9a1f6a5b2ce13f83fa9aee277abc1781461e,2018-08-28 20:12:33 +0200
c89916ca4ceec5ce4011620b90d660dbacfe3ae2,2018-08-28 20:09:12 +0200
e009e73e7512a36ab6fa8933fba7de454c4fa39a,2018-08-10 16:31:15 +0200
637ca91134b4b756230748505265a536739527dc,2018-08-09 17:45:22 +0200
ff3d3655acd62b0f71b73679a08d91744b692b09,2018-06-28 14:40:09 -0400
f90d29262b10669d0ac21292314130778411e49e,2018-06-28 14:40:09 -0400
eb57d6d457002a0bb5336d789a3381a24599affe,2018-06-16 15:48:50 -0600
00a0c6cb866b01c0d48debae0faf884038279144,2018-06-12 15:11:58 +0200
e37de249b1d2a7f9ea6e99332ff05c116006a5bf,2018-06-11 23:30:22 +0200
3a03e2a6316ac27eb187ee39562bb5977a3c058e,2018-05-16 16:51:35 +0200
064f5994f617dcb4b5ea28ca3b038eb3e15dcdf6,2018-05-16 16:51:12 +0200
78ee07c627c688e975f066a7e094c0efe239642d,2018-05-16 16:16:50 +0200
6dc6cf5b2fba50eb602283101de4910787ad5579,2018-05-16 16:15:29 +0200
f9499be20e1d4801b199eeb2bdc6c553f8b072f3,2018-05-15 12:58:59 -0600
36553ffab375518a8ce39b25a916f730775435a4,2018-05-08 17:49:12 +0200
2eaa0fc5c169c6c6721f4f67de3159a78b0fb990,2018-05-08 15:57:34 +0200
f813385c7eca24c7b959f3016cf7a55d1facc280,2018-05-08 15:54:09 +0200
a38ef0eaf30bf549b0412e9316384407e58cbda2,2018-05-08 15:48:57 +0200
45db3da2f88a6a051fa66481e0e2869822e44cf1,2018-05-08 13:22:22 +0100
d97cc96e285b6cf382d96f7213e5a62355bc0aa2,2018-05-08 10:47:00 +0100
3cce9ed6c38c9a33f31c7d2d0f018bcc4221548d,2018-05-08 10:46:05 +0100
6ab196087cd682a4cabdd5167e463dbaa3bb5315,2018-05-03 11:49:05 +0200
f43069ac6d281b8367dad6f78def4b8336a11ff0,2018-05-02 19:56:51 +0200
d9b0be1c9a8e9c0e34220d38276c5b449a06be54,2018-03-31 02:38:47 +0200
c5512b7d690ea77775de3790b1760a62540e06bc,2018-03-18 02:22:03 +0100
b048757035a1196a825113ca6e676bd439e4d46f,2018-03-18 01:43:01 +0100
1abe3c7699e6bae89d394d110f1de7d5c19a6bcb,2018-03-17 15:13:23 -0400
939e9f1d63f13347d64848d937cee8638132a5ea,2018-02-28 03:55:54 +0100
583d9ec8647a7f667bb8f22cecf9859187149ade,2018-02-28 03:37:54 +0100
35378d9c4a3a656b881e77fb405fabd22f7803eb,2018-02-28 03:32:19 +0100
56b28f34d934efa0db1b753e83161fe12f8e44b1,2018-02-28 02:41:47 +0100
db37a6d84458bdc59570f40a678ab5818d55bd99,2018-02-28 02:29:31 +0100
0f25f11ce63fe6d6096a13bb2ac00b8c3f98ef62,2018-02-28 02:07:37 +0100
c965f1c7fca41baf313e2234c6328f4082fe9ab2,2018-02-15 11:05:50 +0100
7bbeaf72e8f6fc827823b6c3cbe3e5ab019f2ae6,2018-02-14 20:51:03 -0500
8f88dcfc902b5bc86a239756afffc9f3813d245e,2018-02-11 13:46:26 -0500
b295635a87da0c20e5e2495103d4877ef0187d4d,2018-02-11 13:26:42 -0500
73f3e2b3d6b3f4a7000187bb3e6a4d82b118d3b9,2018-02-10 23:44:16 -0500
cfe0502990a1e61d5ae7c744b119e8c330c37c0c,2018-02-07 00:53:41 +0100
53a0a9ff85666348a38054e335f5b4c5355a6419,2018-02-05 21:02:07 -0500
0e9f604e87a5b42b27abc13a9328846cadd640f4,2018-02-04 14:18:36 -0500
a37dcb93bed20ee302526473a9653f6cb5ae51a1,2018-02-02 17:51:34 +0100
74133837585f81d1c6434ce32f73fc8694d5f132,2018-02-02 17:13:22 +0100
036a2cae2590299505763092ed3b6ec8432cb1a8,2018-02-02 17:04:03 +0100
60bcdd450d6950da981d70b8b08379bdd744c82d,2018-01-27 00:39:45 +0100
1f07a0bf70049cb0a2f6b52ea7c261da5adb1abb,2018-01-26 17:56:32 +0100
54fa0a855e549ae2a9f8445d71cbd01e8377e353,2018-01-26 13:01:13 +0100
ed98d264cff306f7326db096cddf65cb26ff5498,2018-01-26 12:41:34 +0100
24d3dd8ba7032bc4590b82a99ff37713fb3cc5bb,2018-01-25 22:41:43 -0500
1b99b4583c552e0ece96349b4cb56b3584ad2b42,2018-01-25 21:21:06 -0500
3ea45970dbe94643fb57ce7713dc1c624526853b,2018-01-26 01:00:45 +0100
32c5735c8afbf7e9eb4df30cfcac0d8251dda28e,2018-01-26 01:00:13 +0100
e4a613ffe00e331c089f4f47f27f8a559cec809c,2018-01-25 20:05:50 +0100
4e931386569c0a28b7e47c52d199aa32b6ca32fe,2018-01-25 19:34:16 +0100
b1a8299ad223c3b2552f6d03e51c2ecba5df46ed,2018-01-25 19:20:03 +0100
d2359cedd760d61a25b1b91554b921792d804de8,2018-01-25 18:47:59 +0100
87f6b2c3d2a7c4bfef8c64dc0ffe3da7815834e0,2018-01-25 18:40:55 +0100
ef84681392520396745def163b692a002b269be7,2018-01-25 18:36:19 +0100
3e24c28e68e617735b25791b0bc3f67f31624ebf,2018-01-25 18:35:44 +0100
06bc5ac61a204128b1f69104acba83f266883b1c,2018-01-25 18:31:10 +0100
b2d4b2ac3a738d97e23e53cd459d9c57ee8827c5,2018-01-25 17:54:31 +0100
c3ff46e30397bc0355584c593d500d2564c1c515,2018-01-25 17:24:55 +0100
c4218b83851c8dba1f275e3095913d9636aa5000,2018-01-25 17:08:40 +0100
dc0465e864d7eace765434834d19575a106dbf64,2018-01-24 22:08:18 -0500
bd15dc78c74bd9eede3419b70469511f196a3716,2018-01-24 17:14:38 +0100
4ce6378eb6024e33a86fb76e25086621971da586,2018-01-24 17:10:12 +0100
8dba68a38c8bdae91c15e4eab35cd83c427d8e71,2018-01-24 16:44:56 +0100
015e3cd37d128e4ade9b2d49f74f3b4fc07d82f1,2018-01-24 16:35:52 +0100
db7a08583a5ebfab310efde6d0636f2e2fc108ad,2018-01-24 16:24:08 +0100
3c0c9d83e27e436f9d3646f177bcb0ac2fecbeab,2018-01-24 16:16:00 +0100
31e4a6df19cf4a13f8f0e9048198ce7488ad2614,2018-01-23 22:11:30 -0500
6d9bc1ade01040bb48ac01afe6b5198ea379f4e8,2018-01-21 14:27:26 +0100
c73a863bf85bd708725bdb3b2aa6ab01aaa71916,2018-01-21 14:24:09 +0100
fd86d06ec5d3b009f3882dda7903e9913858ee14,2018-01-21 14:11:31 +0100
a43b8d68b8b7e6d7f23977a7432880290e6c6933,2018-01-21 14:00:50 +0100
c48d7c40cfe407c539c8af8f901816f3658f67e4,2017-12-25 10:38:10 +0100
29c067466ed78c3e7948fcb8f0d25b3d984a1a93,2017-12-25 10:25:18 +0100
5ec8070228b3879a9bd4d2d2b697c295ef762fb4,2017-12-25 10:02:17 +0100
a61fde99657c1b9d11e8eaa682181ea59e65814b,2017-12-25 10:00:36 +0100
cb4ad072e0d357d4fe4f0f27a0ed4df0ecdb0f4c,2017-12-24 14:34:19 -0500
b657c914c0005b37e24c1cd74c5f4ce886147606,2017-12-23 14:17:12 -0500
3b7deb943877b0c2d8627531959948c5d1e4d3ef,2017-12-23 13:52:24 -0500
eafb16c711d5cd79edad5fbb2055252acdb3825e,2017-09-16 13:38:40 -0400
d7f522e317388fe603bf5f14194819264d57d81e,2017-09-16 13:24:14 -0400
0868b084fb5db6d22f5d81f01afb124874cf7f14,2017-09-16 13:20:06 -0400
ae162d77621384c10ec037d3f7da7b00c16621c2,2017-09-16 13:17:40 -0400
9a3b7e4797155f3a0d087f37e83a6dba94dc3305,2017-09-16 11:39:18 -0400
e415b2f4f3f5f4d103c249009cd313c6be011946,2017-09-16 11:36:10 -0400
63bb89e4981d5fb90daeaa9defa18483d45c6e57,2017-09-15 17:04:52 -0400
2f038f00735b16710dbf0d369b99719ee23adacb,2017-09-15 17:02:09 -0400
b31b5ca32a6c42c5cbbf2f230c11ff9a8a320bdb,2017-09-15 16:58:00 -0400
34886092d926da89e7040547d48cd3891e51595b,2017-08-16 16:04:34 +0200
13e0ba5aff3fe14eb0e1d748cad4b9f99e681ca0,2017-08-16 15:20:58 +0200
2c6e3404bc72e76b2e9d308121368f09b723c8df,2017-08-16 14:42:19 +0200
eed46beefb0152b0579e2631877c864bb3216e0c,2017-08-15 02:32:40 +0200
333a32488ffe73ef9f82f6f359d344bb190b0759,2017-08-10 03:04:53 +0200
1e139db440205db0b25e10ed0e324ae37b6e5bf8,2017-08-10 01:40:05 +0200
dcaed2dc2838cfbb05d4bb783c5740668e659262,2017-08-09 14:37:42 +0200
bd82fe9fc034e7921eb589420bb4b86dc767a11e,2017-08-09 14:32:56 +0200
496934effc75fffa43a153c2e326fc3ed17cfd56,2017-08-09 13:56:01 +0200
05c28c05e925581b47b6e73ecc92d7a9062e443a,2017-08-09 13:54:22 +0200
e1f30a1c32eb292e51db274adbe2fd6ed09b555b,2017-07-22 02:17:35 +0200
f940239fd23915d14efaf313bffa09a69824cb9e,2017-07-18 13:10:50 +0200
612a04d6b0ff8fa3060d5e943f4f72968ea71700,2017-06-22 03:17:03 +0200
b05bd69cdd841c02a3b645568ee5478fdbfc07d1,2017-06-22 03:14:35 +0200
34adc606601cb578486d4a019b4655c5aff607b5,2017-06-22 03:03:15 +0200
777af155a678286614d261887790352b43fa7c2a,2017-06-15 15:06:47 +0200
1b53f09c3a9dcd64dd281c1955b062fc28999366,2017-06-15 14:21:21 +0200
67ef6efb61f3c07e1359e083bbac5d90953cfe43,2017-06-15 21:17:06 +0900
6f27b4ae8f8ecb62698e760ab7df3973874b1f51,2017-06-03 02:31:16 +0200
af7f247b648bb255307c87764c787c0f0fff8df9,2017-06-03 02:29:30 +0200
d9979fa97865b7a57b9da975efb6e6c4d80b0cc8,2017-05-29 02:32:40 +0200
4717edc26aeef4fb168de349335fb3d52bcbbaa9,2017-05-29 02:28:54 +0200
bb5568bdc24986ee62ccdfcfd945f6aab8b6caf1,2017-05-29 02:22:23 +0200
44ff5b57494725b52d4849e3ac3e0d227fa7f6b2,2017-05-29 02:16:05 +0200
08986d79d821c2237ac16f881556e348b8aee9ca,2017-05-28 02:30:38 +0200
8b129cc4bde16f840e4f5df1518c4000932be8fc,2017-05-27 19:54:02 -0400
673ff98e9db0d40a76e98f5e18bb7e516f9a3b0e,2017-05-27 10:39:31 -0400
4a37273818d2d7fe684136e84511e4e46e6cb1b0,2017-05-25 02:02:16 +0200
3200db1671d4b360abc43165cfb31e534966da92,2017-05-25 01:47:49 +0200
97dc91d1545a667b4021b6507d927799e53964da,2017-05-22 01:27:36 +0200
f10bd416ec5c514055aee26c44008722f490ffba,2017-05-22 01:26:52 +0200
13710c36f59eed3994f9db756c1c7c49e255ec46,2017-05-22 01:26:03 +0200
494745fdd0fb1c1a6cb7b955c42a8b6d956bd945,2017-05-22 00:56:14 +0200
d442a770f2ea6b8c0b50a001b1ef1d92511e9832,2017-05-22 00:54:01 +0200
05107594d2c60659acde619d2428015a9fd7bd39,2017-05-22 00:51:55 +0200
96c8597c0f6eba2252bae4107ddacabeaf2be0e6,2017-05-21 04:53:09 +0200
b81be1fea344c07c3024011066f0c8bb8865cc65,2017-05-15 01:15:47 +0200
7f74708201c2ab9f5d1f83c7052487116b8f7114,2017-05-15 01:15:09 +0200
44ab256961029c9e104e70fb804617fd582412cd,2017-05-14 23:31:25 +0200
2ec4deacfda46ad85e3effb3171a5e330ea8e714,2017-05-14 23:28:59 +0200
e3eff1e3a426f8931ad23a3d7a7e790adabe9f48,2017-05-13 21:21:24 +0200
cec35baf0b18c80fa66bd585adfed9ff8c091c59,2017-05-13 10:40:25 -0400
cc6a661f994d654e64336ccd40f12fa66522ce60,2017-05-13 10:39:00 -0400
5634d8c4cc64db2bc5359b2068f4185c8c6ef422,2017-05-13 10:38:41 -0400
8e20a6e04b9abd28da2a6bdefd67647d4e691236,2017-05-13 10:38:29 -0400
4666eb3538aa7030cbf875207bcccd119400d3a4,2017-05-13 10:38:19 -0400
d5b2a8bdec482341722ac82c219171d6a4d637c9,2017-05-13 10:38:09 -0400
7c7a1c2a4f886bcb2a09e21ad9ab7c5b96123d65,2017-05-13 10:27:35 -0400
a5b47638d4862d73115de0660f1b968f5c603e7e,2017-05-13 09:52:59 -0400
d06517ad501c842515f27ef83fc8ba54559d55c3,2017-05-13 09:44:32 -0400
55a6aa82d1abd90b83f8fd163c062e3832d598de,2017-05-13 09:42:41 -0400
2fac0dc77402fe8ddcb81ca76abff6c4b9f63141,2017-05-13 09:30:43 -0400
e2940dbf8a266a5b300ccb67030a82d66f1b0a79,2017-05-13 09:22:08 -0400
f2eaada92d2f1391ede472b1bf468d99ebb92497,2017-05-13 09:21:02 -0400
e94dbfd332a20fedd521dec9fd5a218c93ac71b0,2017-05-13 09:15:35 -0400
5976c9e44503a8eb2d384a5e551a245efbb643bc,2017-05-13 09:08:59 -0400
44b2b2c1b465113bb1718e864dd928d1eaeb13de,2017-05-12 18:05:11 -0400
69f13aed99c256eb5f9a4b1f293836f37b52402f,2017-05-12 18:00:58 -0400
b6bcbff8dc79a509855bdd570c9d8ee3f967bce6,2017-05-12 17:55:33 -0400
53d9d652f2af8dd93b1a79c692f4b1fecbc7ea37,2017-05-12 17:52:09 -0400
6440b7f64877b80fed0fc226843d158f0c865805,2017-05-12 17:38:42 -0400
7a59c0af26177cf69e702eaac85471e54762f664,2017-05-12 17:30:53 -0400
bf915848967a6e35839e5565e98c716079980e18,2017-05-10 15:33:13 +0200
0f3648f749b7b67c2c61282297569657ea6220dd,2017-05-10 15:31:56 +0200
e7b4025ee0b6152f9bbf7a72a317f977402a27f7,2017-05-10 15:27:06 +0200
59279e378c0e61b07292e57145365faf1b94328d,2017-05-10 15:25:36 +0200
d71ead41fb685431dad02d4bb7cb5675e196b8f2,2017-05-10 15:23:07 +0200
6568bb254372ccb99155761fcfd4288f498268f9,2017-05-10 14:48:31 +0200
6ea0eb2d481590f7c4a3d48fd562b5b15c2f3272,2017-05-10 14:44:57 +0200
10e38114032cb4c585b29e946e1d70e05d52a878,2017-05-10 14:41:17 +0200
5d87a8895298058c573d39f6c482a80a84919ff3,2017-05-10 21:13:58 +1200
1b80dc49658ce86375c6c3fd089d7dcd176f4ad8,2017-05-10 20:53:08 +1200
60fdd5f3a6313484239e6b0eae0ee75ae89bd6a3,2017-05-10 19:58:44 +1200
843fbfbc3428819dc0763fa470a8af64c0e74775,2017-05-10 19:56:52 +1200
ed1ce82d822ffe185875b7b7d38352f20171c096,2017-05-09 21:31:24 +0200
7a7b390528781731f2c35807f076776cd9565ed4,2017-05-09 16:59:10 +0100
ae41a228828f6dbb358b8e9e78414ea497bfd89f,2017-05-09 16:37:48 +0100
273b353bf004e4c6108de3e97c327b9ec418d20f,2017-05-09 16:36:41 +0100
9c1c9ab1bf99cc36778652541afd9b530fb63b40,2017-05-09 16:22:02 +0100
6b95a3a87c02dd49953262e61ccf694c52474a3f,2017-05-09 15:41:09 +0100
57e3daac9dede1a7d5b8559471818b045c1b44f2,2017-05-09 15:18:53 +0100
20403f09bfe6f06626cd1253042b848e38f038fd,2017-05-09 15:31:25 +1200
f5b5a8b0bcb9c2e5ac12d757892854a890c3ab85,2017-05-09 15:06:52 +1200
9df5e9419d83c11b4a2c3421c5ff7ea1f544366b,2017-05-09 15:06:52 +1200
53ec46ba272e23c0c96ada42f26f4e70e96f3115,2017-05-07 12:35:54 -0400
cdf22ce631b94fda1cdd053e2d1ec9648f0cd124,2017-05-07 13:19:05 +0100
52ddc9d353a9254be65efa55ae4a01dfeaa2340a,2017-05-07 12:59:39 +0100
7b8e00e4d3362534cdd9aafdc4dc873ce2c1c03e,2017-05-06 16:51:09 +0100
c9e49faac27b1d79f266712ddee7207625b3b0ae,2017-05-06 11:03:18 -0400
05edf06360cc8a1a61fbd1ce5f9abf5d83f9d3f9,2017-05-06 10:59:17 -0400
09c55eb8120da36aef1807628f87bde83749428b,2017-05-06 10:51:16 -0400
9be91f380c209f895da36d13c40b99687bb4c8c1,2017-05-06 10:45:00 -0400
a27ca511a591caf813c26862a888e90e54af19a9,2017-05-04 07:30:27 -0400
e508ad09d79302d3cc6b86077d4a6ddb0679a0f5,2017-05-04 07:27:37 -0400
c7d20472de0dad34bce9483557f43c524e4f3e16,2017-05-04 07:25:15 -0400
35e0ba449325e759e04203fcaa71920cf473baef,2017-05-04 02:22:53 +0200
50d2939125522b7fecb16546fe7a5c253566df15,2017-05-04 01:55:53 +0200
e082e0c48ed611ce3aca949cb47d0e96c35788ef,2017-05-04 01:19:44 +0200
ef2507a81658a658c5defdf68a1f1b8259d48aa4,2017-05-04 01:12:22 +0200
4680647f69bfb56da863c54272123dba0826ffab,2017-05-04 01:06:12 +0200
cc26f76ad1e02bc157066d1903aae9214ad34702,2017-05-04 00:10:51 +0200
dff1a0953d97d46290750a46d01be1e1519ae698,2017-05-02 01:18:35 +0200
a3984815ebf24df07c2add09fbf0069f54666a20,2017-04-30 08:26:36 -0400
e21d4d436b51d88f9554751982cd7b8552854c49,2017-04-29 20:29:29 -0400
b815d2af5a15901dcfd90cd76f0b6f431b0f0048,2017-04-25 18:55:22 -0400
31e3a88efe59b1e31a438354d51c2620bc859985,2017-04-17 10:34:56 +1200
b645f5d085f121ae82e480491a58a8d7753a34d0,2017-04-04 17:32:22 +0200
19e0e29908fef67a0890f6a8513494e9963b2ae0,2017-04-02 20:59:35 +0100
43a007402210b7e112c93e80517200a282e6e508,2017-03-19 18:59:23 +0100
a776a236589d4f93c955e0099458106d5c6175ed,2017-03-20 00:43:31 +1300
37c3d36c85b301c0946054b15c18863d8a378456,2017-03-07 15:48:17 +0100
08cbacf7e413bd0b2e015495b673da88c7474b1b,2017-03-07 14:45:15 +0100
bddcfd5a574a1d509cf54d799ec7604dad1380b4,2017-03-07 13:15:20 +0100
b0b23c179ac55334f760aa29fce262c73a909268,2017-03-07 13:06:29 +0100
98055455265c04cf7f7a354bdc7aeac428730c5d,2017-03-02 15:10:53 +0100
e280c8636792c5426e54868d464c9d28287a98fb,2017-03-02 15:02:15 +0100
bb7e8951cb6ef08ca9df5fc036217c3a45c4d33c,2017-03-02 13:48:36 +0100
cd64fa339a97300c64dfc434483e478a58f507a8,2017-03-02 13:40:14 +0100
18f181ada7826542725fa4a9460307d606695b5d,2017-03-01 17:18:23 -0500
843267df5a0b44145d5b9ee9153d17aa5e15cce1,2017-02-24 14:52:08 +0100
e9e76131f35c112046b9f184816683beab605e9c,2017-02-24 14:50:55 +0100
6563275706015b000cc5bf14be7fa9322964bf49,2017-02-22 13:00:37 +0100
657b1b49da5ea1593dd7f950eae99a88a8ada87a,2016-12-14 17:38:42 +0100
d2e40b61f8efb9c0e3239743c6e6e2bcdb22fd7f,2016-12-14 17:38:42 +0100
b0904d39a2298d386afc6e7089e78d0b2fbb79cf,2016-12-14 17:38:42 +0100
c9709dd49d438e17ebb5bdc003b5353b0201c432,2016-12-14 17:38:42 +0100
0956e2d2338531a96f2ff7d4ab405acc1b18421e,2016-12-14 17:38:42 +0100
d198cc8cae8e42aed25b7ea8af6f1b7960e8a6bb,2016-12-14 17:38:28 +0100
5c753a87c328678f16bf89e0178448f04194f0b4,2016-12-13 10:58:45 +0100
b1d38d9bf25d715d2eca86876baa360a2df356d3,2016-12-13 09:02:24 +0100
af1b5872ab8355acea3197522ddf94972b3c8386,2016-11-17 19:06:06 +0100
7b42d43fa0827557f51cb4111c89fb2a78512c68,2016-11-03 21:12:12 +0100
72df12fb2ba453afb57cf185d25c502d4daec6d1,2016-10-12 12:41:45 +0200
f672e826f51824582273fa1f5b6ec37aa5fdb2fd,2016-10-09 16:23:08 -0400
b9cd3558133ae9f26aec73e0bda3a8f635d137f7,2016-10-09 16:09:55 -0400
47f305786ebdc4376b1c18e109013e7181087e05,2016-10-09 16:00:37 -0400
d9e43edd13d55224fabc9a65b75884a77a3d56b7,2016-09-20 14:20:27 -0400
6ddd71b06133c8656200f82c75b71df549198fb0,2016-09-20 14:11:24 -0400
6348d47ca3f9a64421d092673b35bc834a071e11,2016-09-20 10:50:24 -0700
221c843b8437e1c87a98a9a015b03b050dd08561,2016-09-20 10:38:11 -0700
762eb53f5cee901be190cd324dfde01977aeea60,2016-09-20 10:37:01 -0700
98e27f58e7aef81c4eaab58c08b09e6897199139,2016-09-13 01:28:16 +0300
4cfe573b79afa0af28865e9e5c5b47dddedb27dc,2016-09-04 16:40:05 +0200
ae8f5f04574be75727f5e948e04bc649cbdbbb3b,2016-09-04 12:44:06 +0200
a215c3f91a5b4baf56e767a4e91b6511cf1544ac,2016-09-04 12:39:00 +0200
55cc560f8a20c183db108dd2136edd3721bd6935,2016-08-28 02:57:51 +0200
647b2ef3f0a535051feeb611887e916986919d47,2016-08-28 00:12:37 +0200
d52a020ef7bdc98ba2ba88a8e2bdd412d30a930c,2016-08-28 00:06:51 +0200
e2423a46848297980e264723cb9be994a13cf549,2016-08-27 22:02:24 +0200
af6bbeefbf197f50d194c7f20419c2a4590ad630,2016-08-23 02:11:34 +0200
d14573fe372a0937f7ee6ebbde13693e5c1ce4a8,2016-08-19 01:29:09 +0200
6804238e6299e83f99200537b4ece845279f59c7,2016-08-18 23:21:40 +0200
eeeb553cea4d90fb34fd314f943b206284dfc89b,2016-08-18 03:15:39 +0200
827d9644c864336fa84f15744375ba7412da047c,2016-08-05 23:02:50 +0200
819318486d9cfb430749ee33d3c5c4ec4417babc,2016-08-05 17:03:09 +0200
83b70a377f79ba90f846b3a720e6c402c63bccc5,2016-08-05 15:17:43 +0200
540564e190662e6617d8c8974854ded6ff2b365a,2016-08-05 15:05:33 +0200
c64856ff7f49c1c2e3098a36e5951f6e3a6cc366,2016-08-05 15:00:08 +0200
5c341d9ded098fafcbed3ce88643e96286928011,2016-08-05 14:25:35 +0200
dccc1255413adc1a212dbe3bf40accb70ccd44ef,2016-06-11 21:01:45 +0200
821886a960c76416b0c716e15c17840149021936,2016-06-11 20:35:48 +0200
65efb3d3dbd6d38ed9cf23ec7a3749d865ec8517,2016-06-11 20:34:47 +0200
a6a48cfd370b226955a531e678016db414ebeed9,2016-06-11 20:31:44 +0200
66a775c9feb7dcf00c28a16b7a365af4372886f8,2016-06-11 20:08:32 +0200
fc9d93db68a3c33e5ead8c7ecb187fdf0f06cc4f,2016-05-31 02:38:16 +0200
362ab2bc41697980391c4a61c23cb3ef6bce740c,2016-05-31 02:30:47 +0200
633de29fedf11544f2c3d5052890cb014e612bd5,2016-05-31 02:28:14 +0200
e7c42ed0fb83faa2b57184cb72f6d9e8b621ccd5,2016-05-29 23:11:14 +0200
aca1cd3ec042c9dc4795e1eaa0f7c12f2633891b,2016-05-29 22:50:55 +0200
595f3fb79a885f8620f77ebcccf8da65b5024b4e,2016-05-29 22:19:13 +0200
ccba0cfc3f1b81dbaffa5153aeb84d48cd7630ff,2016-05-29 21:56:46 +0200
b85d898d2a5c73f1f46c1fab3848c95b05cd8bf1,2016-05-29 18:47:19 +0200
64c51505a82baf8260a34c7e83652ae3014009e4,2016-05-29 18:34:16 +0200
525b82ca9f47694b1a5c06d458425ebfb3ea055c,2016-05-29 18:25:48 +0200
77e11bfa2bdbc85bc13ba013c0714da9f53ddd41,2016-05-29 18:20:31 +0200
34b96986624a87da2f0f2b3d2878c7be4d0eb25c,2016-05-29 18:08:41 +0200
156dfa6da18a5ba400ae5ef6896626c83d52a1ee,2016-05-29 17:27:46 +0200
fc3e1eac676d7bb121073a231afb2ae429bd7806,2016-05-29 16:31:15 +0200
c4c288a3e0e610ed02801b17ed26016b0e734032,2016-05-24 01:04:11 +0200
a3677db89ef3863e8ac7cf578df499f85d970b76,2016-05-23 21:45:30 +0200
c82bb1b56ae4429f5e92f56e289ee9ba2dc14d03,2016-05-23 17:46:57 +0200
34eba8132225fcdae317a26dd178901bf9fd437f,2016-05-20 14:32:30 +0200
47c41fe3071c2aee40fa2a158eddb0ffcfff22b5,2016-05-20 14:24:00 +0200
7550cb46417b396fed21f2ec149b465e7d039cef,2016-05-20 14:07:46 +0200
4bbe9ee5bdd1c7fb210b99ed3eee720e51a3b54f,2016-05-20 13:53:54 +0200
21cfd1006e1e29533d7bb787adc73ac99f178e8f,2016-05-19 18:34:51 +0200
e4914557372fc1c166a34027d79c94e054b3ed9e,2016-05-19 18:32:08 +0200
dcde92e7d81790ee8faffe590b247ba0bb00b7a9,2016-05-19 01:52:13 +0200
cede12d455fd0574315a12ec1584a6e3597d3fb7,2016-05-17 20:20:28 +0200
60c18b75f684f9ee0400cbaa796b230350042b94,2016-05-17 20:01:40 +0200
75bc95b6a91311f3e9493292e6d753a3fb6743b8,2016-05-17 19:38:01 +0200
ac938e644fcf817c43955b1a334c25b836296d3f,2016-05-17 19:37:44 +0200
60889c0435c739b41a4b6a6211dd0de7e65b16d6,2016-05-17 19:37:21 +0200
da11fb29e73d8ca7afae29f39827e75d212d4362,2016-05-17 19:36:54 +0200
7059474674d61d29c90369de0b402efdf0103ee2,2016-05-17 19:36:35 +0200
19ca67ad410ab2cce8fc8d4dfd89c515ef23cc6c,2016-05-17 19:28:47 +0200
aa3a0187af11e8b7d5874e92b3e30a7c79140064,2016-05-17 19:28:19 +0200
8fe2360920a8228c10cd59ba0978df701174c961,2016-05-17 19:26:44 +0200
db78a70f193d306bcd34b515f24a4e0060f04ca6,2016-05-17 19:25:58 +0200
ade7e6d96fc813e80568e7b62a1326b0aa532366,2016-05-17 19:25:01 +0200
a8c6d43b5a61d8da784f0ac188d40b88a15dad50,2016-05-17 19:04:39 +0200
daf0c68d5d993757c0abfba959930fd3c0850baf,2016-05-17 18:19:03 +0200
33df96efeea999650e210c4f2bd01dcbc0a6b581,2016-05-17 18:06:58 +0200
36ee52223387eed452c266490a25b4c62f49abc0,2016-05-17 18:04:14 +0200
0e89d6c31f1585e7976c891b65322e5562299e15,2016-05-17 17:02:00 +0200
8e71711c1caaa404d84ec6682f1b7b266064c2e9,2016-05-17 15:30:23 +0200
0caba0845d4363025e619eb3db6f3138b2c3d394,2016-05-17 15:30:23 +0200
1b5aef881bb3acdcde5d9fcbb6e43ceed6db145d,2016-05-17 15:30:23 +0200
022a020bde5afba4f2e9b6753c199386e79d7825,2016-05-17 15:30:23 +0200
d7a1666f9a89d9a517f5fbaf283e711046fd054e,2016-05-17 15:30:23 +0200
521b9b3385d73239b96ab209cb34ceb5c1c1400a,2016-05-17 15:30:23 +0200
a9fdcd64bf0a982901d298596151d13e56442a11,2016-05-17 15:30:23 +0200
b720481312289d9fb311caeb4593c10561af317d,2016-05-17 15:30:23 +0200
ae7ade39901e3323fa1a0f3d3d62fc9542802dd6,2016-05-17 15:30:23 +0200
f3108e2771083bfcf02c9c67ebd70a3ac0ddfca8,2016-05-17 15:30:23 +0200
583d57dbe02ebff1ef46cd1e8239ad6fa00fc36e,2016-05-17 15:30:23 +0200
a3fae474e5cf5084c89835fce1950991aa678a41,2016-05-17 15:30:23 +0200
f9f632e7056cd9d2b3c88bad50fe0597610e2eca,2016-05-17 15:30:23 +0200
0484bdb3f61d309ff62da4df4be92cf139d19f6b,2016-05-17 15:30:23 +0200
11a7e62a898e54d66936d1b8b67cb5e62578ba98,2016-05-17 15:30:23 +0200
7331773448c1f2e0b24deae4144db0deec85fc07,2016-05-17 15:30:23 +0200
d70736425701b66bd64ad3aab3941bb930a18b66,2016-05-17 15:30:23 +0200
ed78ce27aab2214bd433fd7b43c84fc72d146455,2016-05-17 15:30:23 +0200
829a4e9ce35d43670a7061b957ac951901c31ad3,2016-05-17 15:30:23 +0200
63a9488f2910434851e98a8fc0ec8c053b24083b,2016-05-17 15:30:23 +0200
11409e628b0461be3c268f81642ce36bc4b0bf84,2016-05-17 15:30:23 +0200
0c9af5f450ce73da9b791051f861cb9a6420e0f1,2016-05-17 15:30:23 +0200
6fc152e4177e0482450b13eb7fe496de677ce5b6,2016-05-17 15:30:23 +0200
f81e0465460ff9abd450eda836bbb4f9b13837c7,2016-05-17 15:30:23 +0200
57e01f404ecf77b31d301231bf09184ee87e69f7,2016-05-17 14:53:36 +0200
085816b7cf48c7eb30bfed2c6197730552a1d55e,2016-05-17 13:09:45 +0200
bc93a9f76a9ffca55fec5b5ccba49505fd22f0ff,2016-05-17 13:08:50 +0200
d731d1645ab34c597d66b9195a58b6c66c98ed68,2016-05-16 19:05:24 +0200
2f8ddc3985ecc9b6fe6348bca5b782ea543799d1,2016-05-16 19:01:06 +0200
0f9ce497b0c6841e3aca845336ad095012c41da7,2016-05-16 02:23:00 +0200
748cb609306ee5a046a952a0ca13974ef0b6e770,2016-05-16 00:59:13 +0200
653b46857a4a48252bfb094e39ee9937b2079fa2,2016-05-16 00:58:01 +0200
4a31885cc00ba7382f4c47f735c5fda88f14a15f,2016-05-15 22:18:40 +0200
1325484c33b933f7da1cbc1ac6e289ee65a61511,2016-05-14 16:52:02 +0200
64b47d86facb0dc2355a6295f143410938740ad3,2016-05-14 16:26:21 +0200
fb1c11278810919fb5cbbadd5e7c3167cd4fc055,2016-05-14 15:17:40 +0200
03380256795725c7d17db97d882a4c4da3b76b8d,2016-05-14 14:20:14 +0200
412a8a0ba61c84d71c0cc740ba7e50c10f3bf9ae,2016-05-13 15:45:34 +0200
363be2fea66f861d7ec4f893a05901fa0c7ecf92,2016-05-13 15:40:26 +0200
bbd702ae2f6c52b58d2e2ba99d7fc548545f46e6,2016-05-10 23:55:01 +0200
aa8926241048b4d6cbfc981feebb5d19d5799e3d,2016-05-10 23:52:51 +0200
b77184a2189c8f91100d148354d1fdf38e83d13f,2016-05-10 23:47:36 +0200
db50bb3c3c3311bf286dcebf1ffe6edef25f2aee,2016-05-10 23:41:59 +0200
f695c9ce35dfcc4ed76343ce7a904f2facb45944,2016-05-07 02:18:14 +0200
93d35c8f291b8953f8460c0eb02a51cc6d6cac22,2016-05-07 01:25:42 +0200
9e877986cd976df2ec84118c523174c0f35ef89d,2016-05-06 12:36:38 +0200
5366158572bd88f18df7883ab823ea62b7701d77,2016-05-05 13:48:13 -0400
cbae75b900c822d86544c71865ba590b3b4a756c,2016-04-30 16:09:31 +0200
bfc0257adb13fea003580185423652c3a49bb5ae,2016-04-30 16:07:15 +0200
7c1a59fa7ab58f5f7cdc124ff2667cc501570a4f,2016-04-30 15:51:44 +0200
b8e290a2cc5adc5fdcf64898a38c3bc2c38c5332,2016-04-30 15:51:13 +0200
3ec3a2e353249f6f98874ecfd43d317dcfe3042d,2016-04-30 12:00:03 +0200
0ff84e6a5d3c89a0b70db5b36bc7ea90de51bc52,2016-04-25 09:11:26 -0400
d9ae4e2601d4c0744bbc275b6b4f503477b789ea,2016-04-23 18:22:02 +0200
a03d56a27c5b4473fd50baac24fa62860330691f,2016-04-23 18:21:24 +0200
ac37165ed7a22cbdeccfe348b10245dc83b414b1,2016-04-23 18:19:17 +0200
fdfbea461d3b978d2a169a5d4d27d4cf8317e7c1,2016-04-23 08:33:41 -0400
8ef033be5c92a895139b4f910af5a7048f340cc7,2016-04-23 08:29:58 -0400
37c4939a8a027eefb3673b49301814d086f2eef1,2016-04-23 08:29:35 -0400
f16d5b1722eb55c2d55eb623999f16799b088b98,2016-04-22 03:33:53 +0200
84143c462986417ccfc5e8c05481e983cf668e2c,2016-04-22 03:01:33 +0200
baae2a6f3eefc7f2fe55609d05fcdbc85943d1be,2016-04-22 01:01:20 +0200
73952558a19baa5cfb71094272b1c1420136d768,2016-04-22 00:16:35 +0200
78ebedb0f1c84787e622a92cc47c2d28a0e1e4e5,2016-04-22 00:03:03 +0200
aeb21280ae82701d21321d882e454f5c6ada4ff7,2016-04-21 23:56:39 +0200
71760ddf88efe70447bacd92c33eba50fc7fb1ea,2016-04-21 23:45:29 +0200
6c4fc0647f4657d65868cdea2f4a850103620f47,2016-04-21 23:39:06 +0200
03661de17a01ccdf54ffe284a2c0f2cdd2ec1f89,2016-04-19 12:47:30 +0200
d0f45833617d8622f68bb33f1050cd8a6e9c9464,2016-04-19 12:42:33 +0200
5bbd826e2f4332b0de439d2b4693347f4f2f8f9c,2016-04-19 00:22:17 +0100
0880a21c56cec1a2442b5123c3845bfc99e83a7f,2016-04-19 00:27:32 +0200
350c477161a0d1df94efa02109ae07e6acbc527e,2016-04-12 15:06:35 +0200
3066a8085f86b743da14a161427c403a7038e8b0,2016-03-28 13:45:42 +0200
880b04814c564ea7a1bb8fe97c15b4735c67e8e9,2016-03-28 03:26:52 +0200
3411f29e2377788cdaa5a4eeaddc53355f085a78,2016-03-28 03:25:05 +0200
e366894658914c0f2fb41cac003392b0dfa6e4b7,2016-03-27 23:45:32 +0200
02e4f6be9f5c7b6a3e6e0e83d8f038bdcd9ef287,2016-03-27 01:29:21 +0100
3ab3653e48f65bc273c1fb2522cd814ceed8e396,2016-03-27 01:01:58 +0100
b577805347d56f1927615fad311868a3537a9cb6,2016-03-26 02:32:10 +0100
96f2b16b3efb93580e6aeaf1da97d9dffd5e260b,2016-03-26 02:21:15 +0100
55fd738c86ea1796d5152d818ab4b5060bb11803,2016-03-21 00:36:55 +0100
808149305ba26224917e29aa0c0089701bd91936,2016-03-21 00:36:55 +0100
34515698878ff0a4641e72486f0ae8a7e30df0d5,2016-03-21 00:20:50 +0100
6ddf4769919bb32cc43c5bf43e2f4e7526d3cda0,2016-03-20 23:29:55 +0100
ae2c81ad18f82278c5840d12ac22e572c3d31bf3,2016-03-19 23:47:21 +0100
77c24aa92600598ee7994a1504b7bafc560b3809,2016-03-17 19:55:26 +0100
7a8dc00b8be18a9271e2d9c2444ba91077ffafa5,2016-03-16 11:57:30 -0400
9867d9f2817fd6dd20d458022de3dda8c3b43b2f,2016-03-16 16:46:51 +0100
26d668f6d5a2f202ef7ff6a73ff3cbd7bbdf4b06,2016-03-12 03:12:54 +0100
f72b5e65c0c5210cc0be585959ae84fdbc87aced,2016-03-12 03:12:31 +0100
adfa016f3ef7ff262643e0f0a5a54d3ddb7d7e1d,2016-03-12 03:12:06 +0100
228b49fe2afea3376c4f30f80bdeb70d083a9206,2016-03-12 02:38:42 +0100
82f4ce516c18ef5fb3096f6a90455fce90a5b290,2016-03-12 02:31:13 +0100
1d5f8faa87a410fdd1141ad82f270ac238293770,2016-03-12 02:14:04 +0100
dff43a0530a6fbd524e3af24795cf6b92142735c,2016-03-11 12:43:15 +0100
a5035d0e1cde068320984d789473e1140adefdc0,2016-03-11 04:48:18 +0100
a6eda3d8eff423ecb4901aa07339364732c02ddf,2016-03-11 04:38:30 +0100
7530b4bdceef0ef37af252f0b97978554fb9b99f,2016-03-11 04:14:57 +0100
6c94c16e46127c05fbf70b1fdeb0cd8c2ac98537,2016-03-11 02:05:49 +0100
ce8c82f1fb742c6d93b9a9a6c7dadacb59bb0be1,2016-03-11 01:51:58 +0100
12c9a04414e95257cf0309e96ae8e1db36affdf2,2016-02-25 17:19:58 +0100
050dfa6f0850174fdf958ce6751d2f06900201f8,2016-02-15 18:22:45 +0100
0af5f146f2da389f0be28cfbe9b841b11f633a9b,2016-02-15 18:18:37 +0100
dd426acc5d8c7ef63e2c3299353eb83eb75b1d0f,2016-02-06 08:01:09 -0700
2c47a699547618132f06f8c9fef7fc0ebb1cb4e8,2016-02-04 15:29:35 +0100
e0b2c86c8754312d1e89307fbf84e6efbfa9fe0b,2016-02-04 00:25:56 +0100
0952cee3500b168331c08b1de80cfc3202d87068,2016-01-18 14:32:27 -0800
9d4fb495265055724c2dfc2efa05460ee36fc2cf,2016-01-17 11:40:27 +0100
3c2fedeb0901bd347c4b4f546b741de68a2e198a,2016-01-17 11:40:27 +0100
e7c659f5909c6fbc6c985f1e639473f3174be870,2016-01-17 11:40:27 +0100
17bc99fdff3e8863be845211e2af050e8c9f98f7,2016-01-17 11:40:27 +0100
aaf4027bfb90785279ce2ee68bdf056380b8ff1c,2016-01-17 11:40:27 +0100
df46ed5edde4aea856cb16b8bc4ab791fef206ef,2016-01-17 11:40:27 +0100
7c31eb6634d55db044b6c4297d38550a9b248046,2016-01-17 11:40:27 +0100
5b940aaf301c4fc3b1b8e1b9c9b4e419d987ddf0,2016-01-17 11:40:27 +0100
32280b862c77e64fcd104da16bd1b588026c0be6,2016-01-17 11:40:27 +0100
794dda1fbb2d54dd54934e88d9867ada0c7ac54d,2016-01-17 11:40:27 +0100
a4456b8fd51adf73e007cb7d598bf2feb3e4f6df,2016-01-17 11:40:27 +0100
56888aa666b4997a4eeab7d1044f5358c213a178,2016-01-17 11:40:27 +0100
4abfe08ae38927921ce2d754f0fde4221fccbed7,2016-01-17 11:40:27 +0100
b144fa56326cc19a424fc287b4d22e8a6aeed3f4,2016-01-17 11:40:27 +0100
15a7ab86d000e0b05c06d8f8fd333215d3df5516,2016-01-17 11:40:27 +0100
e0a8ac4fb5891e6760f7238027dcbb3e23e23054,2016-01-17 11:40:27 +0100
16f46dcc3df28afa0231fa68a6f43ec9ca44b0d1,2016-01-17 11:40:27 +0100
cf82e4cab4ef662f2ba98e539e76e8ea0943cd33,2016-01-17 11:40:27 +0100
81a6c88778a6b84c14d07e087f20484f018ef320,2016-01-17 11:40:27 +0100
81288e460f85d71a5f0815615051fe0cdde82039,2016-01-17 11:40:27 +0100
2edc62af90db14bd9166eb5e0d8c62eced9351bc,2016-01-17 11:40:27 +0100
068e4f1792bd2b157e6ed6703e792d628f1bff00,2016-01-17 11:40:27 +0100
4742149a8d979f3d97d846f90774460f41184104,2016-01-12 08:57:35 -0700
d749b2e76f3c14d0f2df52706d12f1156320640f,2016-01-11 06:55:02 -0700
2df0a3be66f6fa1067d976d7a05500beff7eda53,2016-01-11 12:02:09 +0100
e76bf903a268c242011618730cba7a7bae8d380c,2016-01-06 14:29:16 +0100
9d47e0f911981bee44146aa40ade3571f64e2d3f,2016-01-06 14:27:52 +0100
f0a39a86864410beb84cf8898ea70f9fab7420e0,2016-01-06 14:20:29 +0100
8361fd7f9c9af12136185a45d4d104ef0334db91,2016-01-06 14:20:00 +0100
82cf2774a215ae46477e4b35decf77321e20ab34,2016-01-06 14:19:07 +0100
2a690ee895304076f6b0c984f52afed0cae37bf1,2016-01-06 14:18:56 +0100
305934dfbd2b37deb50cf93732e442c51bb1603b,2016-01-06 14:18:39 +0100
dd9dc9457722787992347ae54d9a8fe8d4b91d2e,2016-01-06 14:18:26 +0100
2a4984980af61442ce8b9009c8c86bb94b2bab4c,2016-01-06 14:18:08 +0100
355b55e4c6fa22a98983b745579c43077cc387b6,2016-01-06 14:17:44 +0100
346a81d770fcd5e7e401a8d1daa42acf6493c2f8,2016-01-06 14:15:09 +0100
0aa826e84b14f6f39b23a057986c1329657b9c46,2016-01-06 13:40:45 +0100
6e4265d61c22aa0a5b627e8bb4814fff382a7170,2016-01-06 13:39:56 +0100
a2efc6b6b998a511666079b6d4c63ac38f215648,2016-01-06 13:30:34 +0100
1d4d89e9fb191af54a8f2eac924a2fcb285f760b,2016-01-06 13:30:12 +0100
49747dc1d34a48e966ceb424f40f0b7994d1cea7,2016-01-06 13:29:52 +0100
5672ebe9123cd0c97524f95bcce6d8d634142cc8,2016-01-06 13:29:26 +0100
771eb6a606491375a61fee1aa537025edafacc34,2016-01-06 13:22:39 +0100
0ddec2917a8543e1f58e85e317ab4d07bd94f786,2016-01-06 13:22:26 +0100
c246b37dbe38b16ded570b2280af8f21fb95618a,2016-01-06 13:20:25 +0100
11df45b7bdf0e836df475cd480f5287f4256f493,2016-01-06 12:41:41 +0100
277321564dd18c68fce97594652d5aea50ff221c,2016-01-06 12:41:40 +0100
7a1c10a162fd6e0043f523af98d57549573c1982,2016-01-06 12:41:39 +0100
73b76598e776bbe7962e18cea087bdca1d560769,2016-01-06 12:41:38 +0100
60afd02a508bf721734eba66d1ddf412fb6d0970,2016-01-06 12:41:37 +0100
53af14730cd52af888a37c35c326d735f54c76c3,2016-01-06 12:41:36 +0100
f3cdf561fd06b177a0b602b3ae6d6e845788c6bd,2016-01-06 12:41:34 +0100
2e4b80f86606e8ee3e363ad4860afdd50503374c,2016-01-06 12:41:33 +0100
7fc003df8e22a4dcd2f16f5634fb9d8263ff5d04,2016-01-06 12:41:32 +0100
d6a8ed57b8e1fdeaa3b6bb4360b6de0d66dc6450,2016-01-06 12:41:31 +0100
a2718fc3a9bc54d5932214b07514446a2fe4c5bf,2016-01-06 12:41:27 +0100
87edfd2751ba8bf84f15aa1df288722c36ffcbf0,2016-01-06 12:41:26 +0100
7a5431ecb6efd9ae83c3469f040817d01cdef1c3,2016-01-06 12:41:25 +0100
084ab518eecbac7b9b9a711d21021bd7df13dda8,2016-01-06 12:41:24 +0100
9e2307974840d5d20e4a590bbad9fc0514ac425d,2016-01-06 12:41:23 +0100
235a0914e97fb3da2750a745c77fc01166bbb59f,2016-01-06 12:41:22 +0100
c23335bae449d804f21e949b220aa03c2f24f460,2016-01-06 12:41:21 +0100
b5c1893a7069b3771855a58c6feb8a32cc2d3cd8,2016-01-06 12:41:19 +0100
2f8b15ad07b438413f9b8513ed50fd5cf14ceadb,2016-01-06 12:41:18 +0100
ba6f4a44799a1ed0f7aea6762b658f7d5ef05f1b,2016-01-06 12:41:17 +0100
756ba33a2059b2ecaa00b921648391b3daf8742c,2016-01-06 12:41:16 +0100
7139af330bcc4cab7c19de4ff75b4d29f1618a56,2016-01-06 12:41:15 +0100
272a25500464aeb1a8b45657413cd2f93b7c53c5,2016-01-06 12:41:13 +0100
5246aa0529add36a2fba243dc23a8edb0ff61094,2016-01-06 12:41:11 +0100
548dfd8bead389790d1c438d54afaa1f060f0eba,2016-01-06 12:41:10 +0100
eef2ed3144d873a56cf5f62cd81dddea87d37544,2016-01-06 12:41:09 +0100
34f1f6a485cf3dbe9270cbf0232cab986ba13cd2,2016-01-06 12:41:07 +0100
de903324903d441b3224b2170476629b979d2ad8,2016-01-06 12:41:06 +0100
a961a2ec9c2b0b0370a560cc522b9af114cbab90,2016-01-06 12:41:04 +0100
ba1ce9b9aaef27b78415acdc4e84aae0ad31075a,2016-01-06 12:41:02 +0100
85b941ea1f3922fa5ee6adbe049407e8a8b15596,2016-01-06 12:40:58 +0100
d53a6f834b004c37e71f404f042824785775aced,2016-01-06 12:40:56 +0100
1f14ff6ce8909f28fa7d5f0af3299e9a2cdb0d79,2016-01-06 12:40:54 +0100
c4a093c1f2d4048cce2c24466108a078b4a9c6d6,2016-01-06 12:40:49 +0100
91b931f79fbf85b8240b8103e870a59ab0ad075d,2016-01-06 12:40:49 +0100
1077ae03c0bbba820a6fc9bad8cefcb00c888129,2016-01-06 12:40:38 +0100
41bbbd468a214ff51d18e1571965de68d983e26c,2016-01-06 12:40:37 +0100
6d1fb4dc3e9241d14efb0a04dbe0254441390abb,2016-01-06 12:40:23 +0100
aab178594f3a908061ab2ffd1e6cd5d27304cf80,2016-01-06 12:40:22 +0100
c053a327f9f64d0a02fc70ae198d8d9f96cfef02,2016-01-06 12:40:20 +0100
c4dd533843b14bee28db9a12b4a6472195913220,2016-01-06 12:40:18 +0100
335e9df40844f1c388bf1383c33d9af85f96ab0c,2016-01-06 12:40:16 +0100
e10c80fa720fe9ec59d84500f189d7049e50a3be,2016-01-06 12:40:14 +0100
93d4d37c5f441a4e5f081ebcf7c09f381c1cccd2,2016-01-06 12:40:12 +0100
3d93574d2c2c32c3b7582aef7948f9d99cf7d482,2016-01-06 12:40:10 +0100
d4b56e80b43def8568fdcdb5884729667ed8cf59,2016-01-06 12:40:08 +0100
40faa3ef128e3e04d7fdcffa65fd0ac840b9d788,2016-01-06 12:40:05 +0100
35c99d4dead2545f941e109ed37aaafc8ced38a3,2016-01-06 12:40:03 +0100
121c6b6892d1827f0ec543245d88b7f030af6eaa,2016-01-06 12:39:46 +0100
87d71e9d46c046cb5aaa333b37bc8dcfcc3b065d,2016-01-06 12:39:35 +0100
79c47193962b00cf82c79788b81f1107e18ad752,2016-01-06 12:38:03 +0100
e7a46ac6ca11c6a51a924e96114a9e02312376e4,2016-01-06 12:24:44 +0100
301b0a811092b9c5a3b22b0028a126a63576d1da,2016-01-06 12:24:43 +0100
b3c16860932f7eda0cc58c41d61f0b2545e6d4dc,2016-01-06 12:24:41 +0100
213cb76f59b6366378d13fb174b84e1c31170f7e,2016-01-06 12:24:39 +0100
c83289781a19ae52c329de125c7c87c614ab53d2,2016-01-06 12:24:37 +0100
1a26866d771d8c3795e89712e530bd4976b506b1,2016-01-06 12:24:29 +0100
637027aa50e7bdd19d2037215882d9ab0a00469f,2016-01-06 12:24:25 +0100
b21b4c8dedc90d95aee684c1266f451ee071e2f8,2016-01-06 12:24:24 +0100
c4e2ddf2661ddfc252c7a27316a3b8a5907234b5,2016-01-06 12:24:21 +0100
dbb04c1ccb17222ad83294ffdd2f500078568873,2016-01-06 12:24:20 +0100
c9aa8f334a5c7fc51cf93f300600e2124170a43e,2016-01-06 12:24:19 +0100
58e713233db41a67dc20c6fa60fc6bafc3d3d36c,2016-01-06 12:24:18 +0100
d67f7e2af93a1f715ce14ee373b07bfae9389370,2016-01-06 12:24:16 +0100
defa2be2ea4a2ec95899e2c91ba0689af73a9348,2016-01-06 12:24:14 +0100
f05e3793ed6ae0c8e3191468fa9b8b4123bf91aa,2016-01-06 12:24:12 +0100
df355deb13e42d161555505be9b1913af2afa602,2016-01-06 12:24:09 +0100
738e361a363243bdfcdec56c07937e922f722760,2016-01-06 12:24:01 +0100
f8fa8259db335fc3221f011dea926bc716918efb,2016-01-06 12:23:59 +0100
12aea8407550ddff1ff25a838571b40f5ff15b67,2016-01-06 12:23:57 +0100
02641ff72989f451a79125f08df649e2bfe60e8c,2016-01-06 12:23:54 +0100
7644b5a2bd9a3c96a97f7e4a603d86e33c4ad1a4,2016-01-06 12:23:51 +0100
152073fa08a8218dda7f2f90a0109cf1855d201e,2016-01-06 12:23:48 +0100
22991a71c698537a3a67389487ce9b13a03043b3,2016-01-06 12:23:44 +0100
fe8646e83e66a4bac75e4503824c2078779c9a18,2016-01-06 12:23:38 +0100
6da8a0eba0d0bc19764a9cd8f0b0c3bb4170b8d1,2016-01-06 12:23:19 +0100
7bf9d3dbc5998608e85f165b6c93bb7fc98e66fc,2016-01-06 12:23:05 +0100
67566fe60b2f98dd586a6512889f9973d4ef380f,2016-01-06 12:20:05 +0100
7398af480396894c5f246f233b98fa3a3efa0b74,2016-01-06 12:19:50 +0100
d7f0ca1011603d0ed70ee167e3ad9861bcbf756f,2016-01-06 12:19:37 +0100
43800e34600d5045e7770af325fc18b84e8a9f37,2016-01-06 12:18:50 +0100
7e1c299da29a3e8f7a5f3feab5c69fe46f61ec27,2016-01-05 23:03:27 +0100
bd557f1b8bbb8c9603d6edf642a8db4c4c8db21b,2016-01-02 21:39:57 +0100
75676e5d4e295faf4217932223892e8808f8f873,2016-01-02 10:30:49 -0700
66608db56c41e91ee34fdc1e6157d69b69893fad,2016-01-02 00:54:30 +0100
8a8ca83f25bffb9927f67469f2230ed0067d1256,2016-01-01 15:17:08 -0700
a614e852048ecda642ef1de00ce80a3193bae9e0,2016-01-01 21:25:39 +0100
41b21f83d91e30fa5e679c071f5e7ec9240781be,2016-01-01 20:01:32 +0100
d7e7b226d87bae7d71072802dfca8b80b55fea19,2016-01-01 08:50:09 -0700
953c23242b0d84dd7802dbbc2c457b897d832537,2016-01-01 14:17:54 +0100
3e5c248f739b7978c057b0fbd3d0117f4bc2302c,2016-01-01 00:27:53 +0100
fdc116f0bcda6d1fffbbe505d0687b0406e92fa6,2015-12-31 23:56:59 +0100
dcd8015fa6baefaa9ca3d6c9bd792c7f0bde08ac,2015-12-31 15:14:25 -0700
e38bbb9f4191d0d21dea0ba31fdc131b97a5597b,2015-12-31 15:12:49 -0700
2fcfce303989ae14b5b51f4c9fc92e97bc540ba8,2015-12-31 01:35:30 +0100
8f6bedeb724fa78583c26423aaece05cfddc04c9,2015-12-31 01:31:24 +0100
a4eff51bedd73a0ea56afc23b1021187dd03561b,2015-12-29 14:31:35 -0500
a71c820baeb91025eaa7f07b172a39500c6f5692,2015-12-29 14:26:06 -0500
e779883b29a67d411493f985de984ffb8088ca05,2015-12-29 14:21:42 -0500
fb83ba3fdb46537a36832a900f124d4c400f7ed9,2015-12-29 13:52:48 -0500
d1123894d33922e7c8ca838f9dac9bdceefa3f7a,2015-12-29 01:49:36 +0100
8bcf7e23a62878d1efe3bbc1c57287d25d161bab,2015-12-28 14:13:45 -0700
f0943a7242041a16c8f7fca845592e48bb19ac74,2015-12-28 21:01:18 +0100
81585a3c46bb05e86e11d88ba25d14b90d488577,2015-12-28 18:22:08 +0100
8d6d088622f8e4ea89e66ccbe097510fb4c932fd,2015-12-28 18:18:25 +0100
8a35ca4f8e19b914a8503d1d5156212363cbaf10,2015-12-28 18:12:35 +0100
b95df5ad1ecfe158f4acbd6e62c8429e35969ae2,2015-12-28 18:07:23 +0100
aaabfe8d2d8d8c963310cdbd8fd0e81c50006992,2015-12-28 18:05:05 +0100
d8e2f892e48423fda73204be3ec239d282e71c65,2015-12-28 17:55:00 +0100
ca01fdf5808dcaf5bdb6e1c09a7de70a0adc0d28,2015-12-28 17:46:59 +0100
4fc5b3402c58d6a4b317bf23b896ea91d22af6fe,2015-12-28 17:33:00 +0100
e0d17fed51f5018fc34578699d824c20efc44368,2015-12-28 17:32:56 +0100
581b474f4b194731eb9cb22cdde7330a1ec81c3b,2015-12-28 17:32:34 +0100
e34f50dd1083fa8ed9fe25fe701b64bd2ea7efc0,2015-12-28 17:02:08 +0100
f9e72000a17eb9d524b38a9f2c982c037dd94891,2015-12-28 17:01:21 +0100
ffae3bdbb6740e336a223a82a3dd545c24cde7b5,2015-12-28 16:51:31 +0100
921d0d60d40d8fbda29f14a64e848c70026ea32e,2015-12-28 16:49:55 +0100
87497c72460c9c58f829a372d741b386fc2ac8f8,2015-12-28 16:47:52 +0100
6f4f676c4b730f7639deef9af205b596fa0aab8e,2015-12-28 16:47:15 +0100
2a8061f4ad8903a9c6d46b404973bdbd84385d39,2015-12-28 16:46:31 +0100
4cbb388ba9099be121f81d75000acc3af93bf993,2015-12-28 16:42:55 +0100
7b62d0155efebb2748918a5e4f67ac0ee2e759da,2015-12-28 08:29:28 -0700
85a4fdd0ead28ad4c2f489116b34166c2761e4a3,2015-12-28 07:42:05 -0700
6b5d0732518dd073d58845ada585e88e13739c4e,2015-12-28 00:43:04 +0100
75da8c1c9584aa9a5f1962186ee9f7c320456bd3,2015-12-27 23:58:20 +0100
c7f7da754a911302dcaa6935be6fded84e1ac348,2015-12-27 23:17:29 +0100
564345179f3f33d249daca36f0054773996d5782,2015-12-27 13:42:17 +0100
c9b1c8f9662f865a613632e1d390922050130b60,2015-12-27 13:09:13 +0100
9ce4e1a371418e5eacc69227885815f9a4221c65,2015-12-27 00:28:28 +0100
763dfdfe8934b4ee9e6be9e6103e1c0437192754,2015-12-27 00:26:22 +0100
799a38a89fdbfe50d98c079409db72afce7494e2,2015-12-26 14:59:31 -0700
a7294ccd794d2d3f55b67b75b9798de151451fb8,2015-12-26 21:25:16 +0100
afa12022716391a9faa574b43d5e75b7f7f4f958,2015-12-26 09:38:30 -0700
ab7fd6c92a05dbd20e874f7ee23c452218f09280,2015-12-25 15:56:08 -0700
4ebd5b61720a680e8507f0a4f1eebf0d654e8e09,2015-12-25 09:18:31 -0700
dd9cb37df54a3016e8efb283732012ae14bea1cf,2015-12-25 13:22:23 +0100
030b9a7234812154b67d1145a435efc34d102465,2015-12-25 12:13:03 +0100
b72d8677bfa9aa177b9b973fc76322080f5de470,2015-12-25 12:11:55 +0100
bf803b119be94bfd71902ea5db06075aada82672,2015-12-24 23:20:01 +0100
9a87c766bb3137a50656871e5dee5a309543bc7d,2015-12-24 18:29:01 +0100
2ab17f529d07c1f618ea08d968b2fdf3a382a792,2015-12-24 14:45:30 +0100
eca374db08ffbb3dd8de746632fbd74acb8f2c92,2015-12-24 14:30:23 +0100
88b29fa46bcf6f56df4213e1ba7810735a28d755,2015-12-21 03:14:32 +0100
813aa11d505b9507b6795d36070806cb2d96e5c2,2015-12-21 01:26:18 +0100
2d868410eead061d59de524bada4de9e3d2bb442,2015-12-20 22:42:10 +0100
b3a68ca842841c4b9713462d5f01742cf71a6b4a,2015-12-20 17:21:41 +0100
a4a62ed7c1e3c7aae09324f0ad1c6078f0fba471,2015-12-20 17:13:18 +0100
2bfd81a2b1b777e252ba76f7363bb9ba8e4ac707,2015-12-20 15:59:43 +0100
1d635088f697178660b6e1c9a89d2b7d3bbe2d29,2015-12-20 15:45:02 +0100
47ed8d9207be8362463b9113de0c83bca871345e,2015-12-19 18:41:28 +0100
00439211981af7b5baed495f526ef8ad76ee7c5b,2015-12-19 18:34:49 +0100
5566a21d2b34090d1ce8129f41b551a1187e7d5b,2015-12-18 12:47:13 +0100
abb2057959377f26664bf4f8a2b4aea9422c1092,2015-12-15 19:44:38 +0100
a6a4bd1fc9dea3da387973882ee87d81179e7729,2015-12-09 18:01:49 +0000
b2627daccef8f41e83649d085268dc247b3fbb3f,2015-12-02 20:34:49 -0700
9085dfacc0e84ed1fbe4e961563cdfffbca42e10,2015-12-02 21:19:37 +0100
25de9b7800887c12365f6a19b13cf32baf5bfe2f,2015-12-02 21:08:41 +0100
7afc1c34fc16ec04f82105f9106b7d1e5232c4d0,2015-12-02 21:03:30 +0100
f504277bcad0c519d3df008c635856962323aa5b,2015-12-02 20:43:44 +0100
7d32a990e9696bd1a2f3ecab08a58b8751008365,2015-12-02 20:42:31 +0100
bdc329db9e3428c96498d6864bdee670150a667c,2015-12-02 15:57:13 +0100
34646ec9b52192a71e52ffc09cf7fefdd506c48c,2015-12-02 13:51:10 +0100
c4f84933582e65e201be921b474b8dae009a69d8,2015-11-29 08:33:46 -0700
2bfd539dba6e69a35d75a301d8b4a1feffcfcd3b,2015-11-27 13:00:01 -0700
49bb370a6c6a0d330f17a6c8eebb113103b4c878,2015-11-27 10:55:38 -0700
f7ab3a70ec426669398b4f16d0f2dd5458d87a2e,2015-11-26 14:43:20 -0700
5f9cfa6ebf748be6065680fcb3656ab8379441e8,2015-11-24 06:24:46 -0700
487ac1980148522d628e1d2aab50b107c372798b,2015-11-23 23:13:10 +0100
03326f61164669a84197d6808522e089c20b6a8b,2015-11-23 13:56:27 -0700
23b351c89461009a3f772c07edd47a9a2a0b9e7b,2015-11-22 12:18:46 -0700
7851a3e2bf24c58eea66da70fa42a32f03532620,2015-11-22 12:17:48 -0700
d510921649d762e7aec2176685cc76f06b267b79,2015-11-15 15:40:23 -0700
029b692aabd6b3c32862b579ffea7d86b818a992,2015-11-15 13:40:06 -0700
2e87f2934e757a6229e20ac3c7d7413a42619ddd,2015-11-15 11:04:09 -0700
09e31a01b51d7418fa0034ecd4cc11848436fc18,2015-11-11 00:43:22 +0100
268bcd622685b28c2d50bcbce64ac38f7e90390b,2015-11-10 23:05:27 +0100
396610625b41f07085c1f43cd6e5e97d69097ba1,2015-11-10 21:20:14 +0100
d7362a44f31cae91814f123ffdaea88928693e2c,2015-11-09 20:51:08 -0700
5a1b473d5c57092e7f77ca008b1085c512577ce7,2015-11-09 20:25:22 -0700
fd37b5dd02bbce93f6f4fceb6bc3e6aa4641c5a7,2015-11-09 15:11:33 -0700
a94ff90ab6cd2d92ccb2eb1fd7913b4e5256f02b,2015-11-05 21:09:38 +0100
793e9df0436cefdbf523bba70ac621493ce9e649,2015-11-05 20:34:15 +0100
23a87ac1390c46992bf82898a38eecdfbe675bc1,2015-11-04 14:48:36 +0100
8fdda846c4653b6ccd49c47a9586c374bb20a255,2015-11-04 14:24:48 +0100
5005d1173c18917d52f015a01e816fd3bbf4aac4,2015-11-04 14:11:15 +0100
85a20b502327f2279e243dee98c86144026e560b,2015-11-04 12:35:11 +0100
1f6c125267c4882bfb509c24fd36a7fc26f4f897,2015-11-03 22:09:06 +0100
3e0ffb9f52675ebe309812287449a011317a0df4,2015-11-03 22:08:38 +0100
2272f5cce78b86eddafe916eb4b94af5b400d339,2015-11-03 22:06:34 +0100
ab908d64bf11667157ead570311725ae6a2fe4f6,2015-11-03 21:47:50 +0100
175e1b3637b0be2cdc0c4c76b1a924924d2f4c62,2015-11-03 21:45:53 +0100
3150dd3c7da3c95c9cdb262bec312f1e2a4797d6,2015-11-03 21:45:02 +0100
63a179da8b48c16b535872f5538f071654adc41f,2015-11-03 21:43:57 +0100
1130658baf7ec92ba5ea309244c8bde74f385ba9,2015-11-03 10:57:42 +0100
3f68627209d6624efc714aea5a3bc8eede5abcf0,2015-11-03 10:45:35 +0100
93f8d0e237d0205febc64c43c2a77b2dc6e337df,2015-11-03 10:34:38 +0100
f13954235fd5f2071053b17358b99a8e1dc77aeb,2015-11-03 10:25:10 +0100
e8556e80e91f784167de3edd4a14ac3625b9ab8d,2015-11-03 10:23:39 +0100
8e0b98bf6bd30713d94b72c7c410addb26c3c472,2015-11-02 16:20:54 +0100
026fce5c5f01d7b712dc06db738e9e2699c9b118,2015-11-02 15:09:43 +0100
bf7e9d505a75728fd69a51b1bee30e645c813c27,2015-11-02 15:08:01 +0100
e10556ec6882db4dd21fec19ef8c7c797eb9908d,2015-11-02 14:31:38 +0100
ad12d97cbb4c35017d55c4105174671f1c38b36a,2015-11-02 13:43:09 +0100
fdee2718dc112748bffedb5e09e4787a545c54b9,2015-10-31 16:15:35 +0100
fa1aa44c7623fb2142e588c59eaf56db7bc237eb,2015-10-31 15:36:35 +0100
8ed2209b1f8e2452d71ef8c3149f3ed3d89d4dfa,2015-10-27 20:33:39 +0100
9e0c5ad4b3148f42f3940faf7d67b305e34bef0d,2015-10-22 22:26:47 +0200
260a4392a8a257cbb34fe3564301659589c05240,2015-10-19 22:03:25 +0200
435384cf132ab161bfedce0a3be96bccfb11f0b6,2015-10-19 21:59:13 +0200
e14d9ce8e3c57b7352a647c0a8e62eeb88ebfba4,2015-10-19 21:41:16 +0200
1b5925b5632494c77bdffc9e89d149f5f88fe17f,2015-10-02 17:37:01 +0200
66d0a9a0a00dbb259425f17745f7dddd7e676f71,2015-09-30 15:01:32 +0200
2aa4681cb82f5b3eee09b2b491a16ceadf52bd27,2015-09-21 11:25:08 +0200
6c4e1d719fec98f04f0d80d2ff79dbfc2861bfaf,2015-09-20 22:02:21 +0200
2fd6c8fa1e392f985ee860d8ee154a612ddde569,2015-09-20 20:33:41 +0200
4158323ee456bd412e7357a4a6bc8bf50deb5d9e,2015-09-20 20:25:39 +0200
079a07fe18f654632b80b274f247775582261e5a,2015-09-20 20:20:16 +0200
73351b6adbf403600521505bef288057beb2bdde,2015-09-20 20:11:47 +0200
fb0078159d2463da149de54018fca79a9447153e,2015-09-20 10:04:44 +0200
6fe2094e30107512e470571bceac91cbedbd21d0,2015-09-19 14:57:49 +0200
f36090e3141cd3cd6fd58f1f46a30af2582559be,2015-09-19 14:51:51 +0200
924e1e9064f90d958b4f57e9c9c0c543bd19dcfb,2015-09-18 00:14:39 +0200
fb7e1e265dd9e560b3a3127a6593b6602f60026c,2015-09-16 20:18:06 +0200
b189817a3979fa17c0a0a3fe7b46fbc061444cca,2015-09-14 02:23:38 +0200
8b25e786e9447c54efbca6caa09400b0a8a76116,2015-09-14 02:20:40 +0200
ce131449a4ca0b06c6bb27ee5d8d6d89b1467bbd,2015-09-14 02:08:30 +0200
999761ba1bc5da820a1d2527c4aae29d95a7013a,2015-09-14 02:07:36 +0200
f348d34fb1ef3c968e2981283618aa85db203901,2015-09-14 02:06:43 +0200
cd55cbbcc5d47c2a0afca4b7e39a2170b1b8075c,2015-09-14 01:59:23 +0200
40f969bc9e162deead55967da3c128e2da933dfc,2015-09-11 19:47:56 +0200
8c141a1705808491f16a27b53e1ff0db0a2807fd,2015-09-11 18:16:35 +0200
85d2568dea71e82e9484ac7e9c58a5d71f59e27d,2015-09-11 10:03:49 +0200
9856f285e40dabe5fa94fc442dc0e2515a49f4e5,2015-09-10 15:09:20 +0200
9ee68c2ff262f161329f91128549acffb00b9721,2015-09-10 13:29:25 +0200
d93c95d530cb0ce097fb76784d20640f42dba55b,2015-09-10 10:39:02 +0200
2edae4ddd70d572c39c46b62f6b15d874f08b3fc,2015-09-10 10:34:33 +0200
26e878ab3a5b0844e09ce305fa07eb2d0ad93d41,2015-09-10 10:34:08 +0200
941b13f8ede6dbaa4fa64ebb9b9156c2709cd281,2015-09-08 18:12:14 -0700
ce98d00852e21ce34d8d247db7f6be138967b559,2015-09-08 18:00:58 -0700
2091cfbabc4e4940f70c2628cadc08da0baaedc8,2015-09-06 20:17:13 +0200
870d11b6662dad5980ae2684aa05b1be2c5cce03,2015-09-06 19:49:51 +0200
b10b90b0a3947bea98e3646e7d29f853f3b5c6f7,2015-09-04 17:19:48 +0200
82b84c0fe9054198099752a66575cec0c47524c8,2015-09-04 16:30:40 +0200
18a027b1f04e420c18ae57aebe8fd031b5ff251c,2015-09-04 16:11:41 +0200
1f7b1c12ff7182b40966f10f09584feda76daacd,2015-09-01 14:42:32 +0200
ede62afa2ca30ae620978cba4db27a83142c0263,2015-09-01 14:38:37 +0200
5f06b728457988135fa86f2a484768914f145a92,2015-09-01 14:35:48 +0200
67a7fdc193969475338dc2c0dcc1f137476a0598,2015-09-01 14:27:58 +0200
6c21bdb4a107b49e57c9e5d6598d13ce6f85fc5d,2015-09-01 14:16:36 +0200
138f84bfa5d36c8f6e2825640af1ed82daa9dc1d,2015-08-31 13:49:54 +0200
672b6c64523abb823ddb87a3e2d95bff0a074e6a,2015-08-31 13:47:05 +0200
ad7d149bc9934b4653cf4d391ff72310c3d1761e,2015-08-30 18:58:55 +0200
08cc26e70bf145aca293d55fce12aef835263f53,2015-08-30 18:48:39 +0200
9b3cce44ec664723992ee274c568b5a87205e39a,2015-08-30 18:41:08 +0200
46e97d9e04591e8198ff38bd2949fd5514da0d3e,2015-08-30 18:20:19 +0200
47fa07eade06908ded4206651571e71a2fe684a6,2015-08-30 18:08:31 +0200
d17cabe29ff3a9ad9ffab2696e84ee0b4aaf5531,2015-08-30 16:30:33 +0200
818533e92bfb1c142ae4ce5be18ab92d1ae17025,2015-08-30 16:23:23 +0200
7b9df59a96adfce979c8c564dc5eaa6a29b7f25f,2015-08-29 00:26:43 +0200
10dc13c80752b0489d291b54440212ca54c59fee,2015-08-29 00:03:03 +0200
392323e2d44bacdac605c1a4f037f06e21dcc239,2015-08-28 23:42:39 +0200
e323f3c71bcb87f4c3b9c5c5d216b0e562e6027b,2015-08-25 06:50:58 +0200
096aa4e60bf23754e4b76a14a6cd27743237a56b,2015-08-24 22:17:07 +0200
9c51e5316babbd370bc32aed0fee134216726ec9,2015-08-24 20:59:04 +0200
1c194a0dccec3322036e741042761d46ae0d8a44,2015-08-22 15:27:42 +0200
72a46babeb0da02071e47425ebd55da915b98178,2015-08-22 11:47:09 +0200
0b5bd38e8658b4836ab41564ddb59febb423ecf6,2015-08-21 14:42:13 +0200
3aa34dbc9d8d6f900a6077b62deeb046502d5bb5,2015-08-21 00:26:59 +0200
4c4b3e2e32ddae35e4c1a6ffce1cd2b2eafa958b,2015-08-21 00:13:35 +0200
44c6d267aecde0d20cd6d700ba0e6899e02e536e,2015-08-20 20:13:33 +0200
5ca0a1c3564d35293a5ecf03e5f32e6f0f6f445c,2015-08-20 17:29:02 +0200
f70741c9b216d3836d047c542847920d4778cf9d,2015-08-20 12:58:41 +0200
a7ef0455c311ed9ccc4455f64c81aacb8bfe90fc,2015-08-19 23:14:17 +0200
03178c8b15f1b522b98ded0f83cfb0e79f5ec4d3,2015-08-19 23:02:40 +0200
e7e8c3f7177e22b5fa766d931d52142c9fc55f49,2015-08-17 13:29:51 +0200
41f297809965523fcd021bef20b304b3584d9b4f,2015-08-17 13:20:22 +0200
afd3f90054e07f18c9eb5bf84a9dccd76ef41909,2015-08-14 21:33:33 +0200
4f548acfd1236ed5024eff0ee081dced6e078659,2015-08-14 16:39:00 +0200
41ee94f009082b6acb4c5e48babc9b2753776c9d,2015-08-14 16:32:40 +0200
4f73871cf40b6dd05c8872d39246c67f798ed915,2015-08-13 23:32:37 +0200
63bc0dbfd88688c15a4fb1ee57cadd3872064e03,2015-08-13 23:27:40 +0200
c1607bbc3523e57a48f0cbce4e1be36c046a69ce,2015-08-09 18:13:10 +0200
2309f28e3d6b81611d793bb5b583a11a48ef4a20,2015-07-27 22:14:17 +0200
09fe956a62e19c160d0093f8fecf254c2bb6f0cb,2015-07-23 20:35:25 -0400
5d49c9797e5263eb93e934786c15e0dde38e2d47,2015-07-20 16:10:35 +0200
1644256e43d1cb6abd707cadcb816e1b0dfd08ec,2015-07-20 13:06:45 +0200
9c545d44a4a703c88d417a6fa43298a80ee67735,2015-07-19 23:26:48 +0200
af199c675de0f5dd693c222fa72f9e926a31ccba,2015-07-19 21:07:36 +0200
7a8a7783315917b56b6a71c4f28cec4ed1d91a7f,2015-07-19 00:07:03 +0200
a7fe613853516f0abde34821996a0424882bb919,2015-07-19 00:02:45 +0200
cf4416a84203ff9d360d4398da3b166e6d0c72b9,2015-07-17 20:46:53 +0200
6913170b0def896d348d609baa5602972e76ef6c,2015-07-17 20:31:33 +0200
387880a630c65b955a3329a2f7b987214c41f6da,2015-07-12 00:44:14 +0200
1fe7a43505aa9d00bd9dde45aee77935a5147561,2015-07-11 14:54:43 +0200
32d33210a92b1197a6c5a07f19aa25426af72723,2015-07-10 11:55:58 -0700
0f6812858ad6e3b28e4a2843c526ec8cf501b176,2015-07-10 15:33:10 +0200
9036edd6d6256a45d2fb7efb2fbbdc7fb844b019,2015-07-06 20:39:38 +0200
70538e67fba268e0734a77494849629acaa05423,2015-07-06 20:33:37 +0200
9575054ff07b8dbb912e889111f6b3a3be582680,2015-07-06 14:03:48 +0200
5f9dda6b900ced96f21c4c0cee9bf14ea58451b2,2015-07-06 13:52:02 +0200
3ac3ff62b862ee89effcf1a4889b04f32fd8dbb2,2015-07-05 10:21:53 +0200
088d0f9222337a1b3be44b99523094ff0af06cde,2015-07-05 10:19:10 +0200
ed6c47dd9ebbb2e38fb3e17a2b961f0fcf0e6df3,2015-06-30 12:48:02 +0200
5cfd99f0dcd0d10689e480f0854e859079f125d0,2015-06-28 11:58:19 +0200
6d7ee38ceed6b496d70502e276f80be6de618014,2015-06-28 10:45:23 +0200
471e6b078a7891aea99b77f200e828a7b1c9bc00,2015-06-24 15:30:35 +0200
276e22858cdd56f5725e0c2f7a3522df99967973,2015-06-21 19:39:23 +0200
75c2b24c681e314c4e4e07243b31430ba4e42723,2015-06-11 23:52:53 +0200
2990f6caad0db0f7c7a2df22d65f1031ed9e33e1,2015-06-11 14:09:52 +0200
8f35fcb8f7b17c7201a31f157e7d77bf3e6fe2b5,2015-06-11 13:50:04 +0200
a55ae85447ea6786c9aaf4c3f38779a61b23d142,2015-06-09 20:43:42 +0200
96eb80efe1da48f37846aa899260aa0c84b15944,2015-06-09 20:39:52 +0200
12ec16006ab2b2f8f5bf4b1caff265ae7da9d344,2015-06-01 11:01:58 +0200
5f5937fcc2dcf3bf49c1776d341189c557b2f01f,2015-06-01 10:59:59 +0200
8be87e032a8c05622148357f30bdca3c614a669f,2015-05-30 19:23:35 +0200
441687e5a4ac22d7a370cb3e99c6af91138c2746,2015-05-19 13:46:09 +0200
c44bfe000cd84d0b48401f8c7107bc37c09ec622,2015-05-19 13:18:32 +0200
cf571ba2a63651ad7cf1407c10847eb1d2898a5b,2015-05-18 09:17:18 +0200
241dccdca6bf20a0ab2e265886a81b3e0a7bea40,2015-05-17 17:35:58 +0200
0c0455fd66eed4113bf53829cfdb501901cc70f9,2015-05-17 16:31:12 +0200
9b6a649f9f9a35e28d8e95b69dc4261fdc2d03d4,2015-05-17 15:07:31 +0200
15a24dc0fc9067fabe00857f8546aee4a5234a78,2015-05-16 14:24:13 +0200
83c61da2c90548f2ddf48e164e8ab14b388e1d0c,2015-05-13 12:21:38 -0700
903f280595099eb6ef4d9d9aabd19dec8511c861,2015-05-09 22:15:52 +0200
35ad940908defc20557ecc0f268cfa5c0b32a9b7,2015-05-08 15:39:56 +0100
a675ca7802065f459a96bdbd593d8dc491180cbf,2015-05-07 21:35:50 +0200
51cb31ef21f879220b8fa20e37bae15bfb2c4d21,2015-05-07 16:28:51 +0200
e4b3ac8597a186ec8aafeda561031b95fe969d57,2015-05-07 15:23:05 +0200
6571233ed2e9c926b07d752992a96532714ae9af,2015-05-04 17:19:59 +0200
c771c0080b08abd80418c4e88f1be3efec828f0a,2015-05-04 13:43:27 +0200
c8cb7524317761af98958753fcf38da1586126a4,2015-05-04 11:01:09 +0200
b313ae68888445f4c08521bbc8d19f39310c6890,2015-05-03 22:41:45 +0200
613afdb0c33b9754f049a295ba9f7351de04a748,2015-05-03 19:18:09 +0200
cb21480cb1255771ee5f5ea5fe108cd994048759,2015-05-01 15:44:47 +0200
2ae6f996ec443cec16165bb3086db5da61f4a1e1,2015-05-01 15:44:08 +0200
bd5afc0b5a977c168cf046e3244477b48fa72c5d,2015-05-01 14:12:44 +0200
002276ea313fd880122502e9840b43f996acd537,2015-05-01 13:50:10 +0200
5597ed7ea300ae3d08cd893b0133bce26038a7df,2015-05-01 11:57:54 +0200
9b2772e38ed16a56a4d806bbf23fabee5cf55030,2015-04-30 21:04:27 +0200
35f4fbeeb6feff2fd364f79d845449417d84cc74,2015-04-30 18:35:35 +0200
783adba4f180584b3bab79901ffeb79f8de75e01,2015-04-30 18:35:05 +0200
93769f2004c1d1387017c8d0cb7740b22b7e43c1,2015-04-30 18:32:29 +0200
95e1973a41b5745578a5f1c4b051d412ac43104a,2015-04-30 18:30:09 +0200
c769a9ded68d8620f82b3714d236eab1769bdacf,2015-04-30 16:25:48 +0200
afcfbf57b993aa96a3697e3869679894e8f460bd,2015-04-26 22:11:48 +0200
2f461bdb0fa133588bb1a8602624d88e054ff078,2015-04-26 21:18:57 +0200
b494caa01985c623601735f1bc10871cfb8aa048,2015-04-26 21:12:55 +0200
a6abb8b00355db97486ab5023305c3f4e9e19ad3,2015-04-26 20:55:17 +0200
8ed40d530295d819e0ca964b2d4542f6ca6a9929,2015-04-19 03:50:30 +0200
e613e029fb4c93e22624b54964ccea536920adf4,2015-04-17 21:10:07 +0200
6dc7ccc57b4c49764e224ed3554bd541f6803b2f,2015-04-17 21:01:38 +0200
3a4e18ddf151a624eb5c3596ce8400ca4679ef97,2015-04-14 14:53:21 +0200
0a799598cbb436e67d65561793d1a8a7c56c3446,2015-04-13 22:14:53 +0200
845e1d54231d3ff3fb04bdbf5dc5f6b631d9b01e,2015-04-13 22:11:35 +0200
e588c8f2e94ec422042c3c2ac27088e558a635b0,2015-04-12 19:02:38 +0200
c02d676118241dff740124c4dde7fa0ca00a6b9e,2015-04-12 19:02:10 +0200
a6ed07c55cf8c42e196dd6e6e1bf0a38f0f7b754,2015-04-12 17:54:36 +0200
fa6fcf2080a7d2a2202713035d887d80e8a9400d,2015-04-12 17:15:55 +0200
4aa1d98adf4520f62ac895a0aa76607300779348,2015-04-11 14:34:08 -0700
b6488f0869b79d3ba5a1ea1d3221e9ea191182d5,2015-04-11 14:04:59 -0700
9ec53e16d65c7ec818424cd34bd32df1fbbf4303,2015-04-11 13:45:50 -0700
e31fde875c6075ae3da9572c6f910cc29ceaf6c3,2015-04-11 16:05:10 +0200
0737cf82db33f55cdfcb68e8f02f0b8fed40fa15,2015-04-11 16:04:53 +0200
8a76453566e0c14e8e9048c343bbfda6766c6de2,2015-04-11 15:51:07 +0200
306fa74602973d8e6a5d542d43b13c9630408288,2015-04-11 15:47:35 +0200
8e4e5221515f820108f48396a18ceaed73de8dc1,2015-04-11 14:57:51 +0200
5d549fc352d26290386cda47cb35aea1239a4919,2015-04-11 14:51:07 +0200
8d210b4f84b85e3d67933be3079e1ce51b60eeaa,2015-04-10 21:36:04 +0200
8937821b5fd47226ea10ee0297e8b0604a8fa11f,2015-04-10 21:06:37 +0200
8d9ddbca5f9aacf8e2aeb7b2ea0f100ac1b058ff,2015-04-10 17:45:37 +0200
a06a15846544681467c040d471d9a2daa281a866,2015-04-10 16:37:18 +0200
b8e4612d484cbc5d1bb36b397b96a791a1a04928,2015-04-10 16:33:43 +0200
6cd693a42256186fb3fd394ab040fa2132fac8d1,2015-04-09 17:47:34 -0700
a7de358a05a70c6b75bb330e418377a3d52de6e5,2015-04-09 14:59:54 +0200
de5d148d1844a0be10225dc307624e6087875379,2015-04-09 14:59:16 +0200
0a499402d707bc8cf775d7f9b3840780a7401f7d,2015-04-09 14:37:42 +0200
c768ed307d08484cd61ad8ac3faac330d22c8775,2015-04-08 17:41:23 +0200
54b2a69a63be2da849bf4ddc56d7ee48ae850223,2015-03-19 10:35:08 +0100
a1c5a582760c7f65572d0883fbcedc843332d7eb,2015-03-18 22:41:00 +0100
c440f668aca99266b5379235f6d99d378630c938,2015-03-18 16:57:16 +0100
093e3bb2e3cd9992f3f0d14373d406bb9b2ed36e,2015-03-16 21:29:21 +0100
b7d8801c368778e370ef98832a1c6201e8197207,2015-03-16 21:26:05 +0100
9e26d9933a22709b3ff19c1eefd9ed8133860015,2015-03-16 21:24:39 +0100
bfb3cf8bba6aab198c4644e236bbc9f3807111d0,2015-03-11 22:08:57 +0100
da4cef0724114ee3a7d26ac4cc55ba9058930521,2015-03-10 23:28:33 +0100
76b7413d2b1eb2dc22f05de5b76f9519be5142e0,2015-03-10 23:16:03 +0100
fbf5a51ea5f700be8d92a4485e468ebfb67cf310,2015-03-10 23:05:14 +0100
7c172a091a2c623d264f98a36f141f5726e65296,2015-03-10 23:00:03 +0100
f5532557b9fd00c2e1c8b1cc4559d95eed0ad8ac,2015-03-10 22:46:30 +0100
ab9c3e935ebfc4864c413fc6880363d4d7282f16,2015-03-10 22:42:03 +0100
45df5da2640f8f097915b8a2a0249ef0f6cf514e,2015-03-10 22:38:48 +0100
cc467caf26e1ba94be02f27a349647c62dca6a7b,2015-03-10 22:30:44 +0100
ce2badf02e266a84e2485f1793f13bf722c29306,2015-03-09 12:37:57 -0700
b148046add84f6c5bd19aeceb10c1a0fcf2e1283,2015-03-08 19:36:20 -0700
c1c61ce70d1e9f7ee005364ac797841f653ec3e6,2015-03-09 00:44:45 +0100
86eb3a2fa74988e4ccf3aae7f4b77edb84555320,2015-03-09 00:42:35 +0100
4aa4c6d31f98d8cd80ccbcf99ded77bfc6de25c5,2015-03-08 14:10:25 -0700
51a9539c693b805714674d1641dd52c5a997bd0e,2015-03-02 22:53:16 +0100
1e7d4f0576f544ff81bc4dbe75d5071fef7dd792,2015-03-02 22:41:44 +0100
4e08e17ec536038c9c0dd888f77b912cae82816c,2015-03-02 22:41:18 +0100
0a5cd11327d50e5906fb4dc08bce5baea6b2d247,2015-02-25 23:02:30 +0100
d389e94beef2de34e268470c9c3304d50acbba17,2015-02-25 23:01:48 +0100
b28255e1be6abbb689c712cd41c5defd41d66d6d,2015-02-25 22:49:13 +0100
b4669aad3f2185894db7d4fb84cbcc311c32e34d,2015-02-25 22:34:53 +0100
35b688b7ec3b32dc671af4c7cb9556ff26e761eb,2015-02-25 22:25:47 +0100
c22e7fb6f9b5df6f5c3ea9d595214d63bc803a6c,2015-02-25 22:20:33 +0100
3fd9cf1753a24587ee9d64d2133784adaa099219,2015-02-25 21:43:34 +0100
0351963e6baf456131ddebb885307301146b9746,2015-02-25 21:18:32 +0100
d98897b11e6f4adf1d0a91591b1bb6be501cd29e,2015-02-25 17:45:07 +0100
ccd0fd51a5712ef1d85110eb61130c906fe4db13,2015-02-25 10:01:02 +0100
6b1b592887d9ce95fb5af1e216bff56b18c7902c,2015-02-25 07:56:38 +0100
96ba5ec21669469c9345910630f7783069c5ee7f,2015-02-24 23:38:51 +0100
0d3545e5f68d024cd4a05724a15746d8dad986d2,2015-02-24 23:30:55 +0100
ece7c6fc67c0d584f4884c5b17ddf491a397fdfe,2015-02-24 23:08:40 +0100
4be09dfff27baf84c8c500e38e1a1e5a99f3f1a9,2015-02-24 23:07:58 +0100
4140e01266cf6ba3b2d3ef373dcd8357c30d8d08,2015-02-24 11:28:54 +0100
03e65c98da2a0b2e27b14713543c2a61d56b1237,2015-02-23 23:58:44 +0100
6ac547ddcb1ccabb3dc6e8e3f25dd75fb87fd083,2015-02-23 23:28:37 +0100
e92a76bc1a13cf05986a649609ef23af5d67eddd,2015-02-23 23:21:25 +0100
e6fe53fdae66b16ed0f0d32d68b75e62925c4c71,2015-02-23 23:03:35 +0100
ff4ec1a323ba619cdcb0e82cfcdf08993b0e9202,2015-02-23 22:44:38 +0100
dc9fcd4140b3e200e4dad8d1a52a6f76b7de4d9c,2015-02-23 22:39:27 +0100
c765796382975353e5aa5f0fa69923685681cf96,2015-02-23 22:01:49 +0100
76d5be34f0327c8d39015d2962005babc2652cf7,2015-02-19 23:28:28 +0100
f1b2fcd7f51995130d71f1703e5c292ec648e94c,2015-02-19 22:20:04 +0100
a56d4998cf16ff08f5593fb7d4dda66ca05dc269,2015-02-19 15:16:28 -0500
d746a54c2ee50711283bb49e557f58ca491e1bac,2015-02-19 10:20:51 +0100
6d50174baa3fa3c21ad8d20fa6f3c0a62cf74394,2015-02-19 10:01:34 +0100
d0c62a848c196325a228e0566416f8ef40c120fe,2015-02-19 10:01:01 +0100
2e462ec48b674bbc867eaceb5a94bd12340fe88f,2015-02-19 10:00:47 +0100
261ceec84be6140931846969b65ab5e765e5a44e,2015-02-19 09:54:58 +0100
6e368658c4e055240fbc1da53f2972c291af7395,2015-02-19 09:52:49 +0100
24e3c8632ea8d47c135caafe87f8274d096faa2d,2015-02-19 09:50:38 +0100
2c94388179fd38bc95e3b47af96666493027f57d,2015-02-19 09:25:46 +0100
745d383af12137ccbcbe1f3cb4c9db73f87a66ca,2015-02-17 00:13:36 +0100
5f47ad718e0ffcbbe6cd2f8d32b2e345c4af3a48,2015-02-16 23:57:19 +0100
d0721feadc1e0cae6efa3e0d82f523debc5b8d97,2015-02-16 23:50:24 +0100
07defdaaefbdec87f4c7f317b7496832b0ba12ac,2015-02-16 23:43:33 +0100
e4e1ac23c734f65686be4bc0e503f82f941afd4d,2015-02-16 23:37:23 +0100
a7b4803ffe2a05fdafbe01b1791c43897e2e2531,2015-02-16 23:35:42 +0100
68e6de35192df884badefc3d189db0c54a56d939,2015-02-04 14:10:33 +0100
a25b7b584677c08c00d326d3d77f03ebb662262c,2015-02-04 14:09:37 +0100
98d49ae58c0f69dd3787cbffdfb67b4f73ba4282,2015-02-04 13:57:58 +0100
c7fcb448c99ae5fe9db9b217bea1233df3ee6e57,2015-02-04 13:56:35 +0100
859de3fcba23949bf610ff33e1efd66a9f9f0a82,2015-01-26 22:11:05 +0100
f3e1598dfded2857a8734ecabf7b46bfb676655d,2015-01-26 10:21:07 +0100
e7bf6afe5052d30a2c448ae958058dd83410d076,2015-01-26 10:20:38 +0100
eb57c2b4b16cd3d9a7b757e8cb03324fc0028e58,2015-01-25 20:44:56 +0100
3d9a76877b4f0e405f6436a9972c6f9fd8832d51,2015-01-25 00:30:26 +0000
f7e42d2ccf949a5893a439227c8c6bafd2598f26,2015-01-25 00:26:21 +0000
75efbfd6b21ab36fdbc440bc001c133f824bdc3e,2015-01-23 16:56:02 +0100
38e337f5c85cab778fc826438fce9f05d7e3a09f,2015-01-23 16:53:42 +0100
6a8ba1fecb47e5ffd5387654d0cdb7c372ccdc9d,2015-01-23 16:46:48 +0100
6383def7f696fa6f83686989e7070f67b28e43de,2015-01-21 21:03:41 +0100
15bdcc3be2b84f68ddcd822da52ef045ed89e57b,2015-01-21 00:42:16 +0100
4e1958256efd75ff3eefbdf43d187c9cc1e691bb,2015-01-13 11:04:32 +0100
3923fc10fe84af51c6a274099fe451eaf92d586e,2015-01-13 10:58:15 +0100
bb20e79f7b6dedded645a960005d1448357d30e0,2015-01-13 10:49:52 +0100
14619d3e60dbedc1f5171fc9adf710cda1f6f79c,2015-01-13 10:40:44 +0100
cb177b56b7664ab323558545737646896f4d7e70,2015-01-13 10:35:27 +0100
0f36265123605cac6af05b7b8c8f4036b58f4da4,2015-01-13 10:31:06 +0100
c30b59103b6f1390b0040ee74b985248e8b1b849,2015-01-13 10:05:50 +0100
b262c2359c9ed53dae3ce2ce7a0092273f4eec65,2015-01-13 09:51:49 +0100
9a9e7268162f9fed146c74a8acbd234d9bc2ed84,2015-01-13 02:00:47 +0000
b4abfb93676fb0abbab1d9bac40ba2714a3872f5,2015-01-13 01:23:51 +0000
dc5f850d1d9b0b952b7f0dabd6778cf0f7675cba,2015-01-12 22:07:54 +0100
bae46709ecb13f80aaad0d279b3618ab83d09275,2015-01-12 20:08:44 +0000
1325e114108136eea3fe77a4a270a2da7eff98e2,2015-01-12 19:38:40 +0000
85a20aad64be04127106f492e26f6ad6d6c228c8,2015-01-12 19:05:01 +0000
ac1ebc0e9b0fdc2335144d3587712c1c29285731,2015-01-12 19:02:35 +0000
c4768568c9981ea4efc942d045d9349ef2596af8,2015-01-12 18:54:16 +0000
a14acdf6395f588dda7597bb4c7810dacaa503d2,2015-01-12 18:36:54 +0000
b8e9475505fee98aae2819c03a33c7aa3db843d3,2015-01-12 18:20:01 +0000
0c1e6fb256aa1b4f963d325ac818f09955961459,2015-01-11 21:28:47 +0100
81e12ee050cb4c7e9974dcd7d540d2dd409503f8,2015-01-11 21:27:27 +0100
5e6f4f18ff315825284d697adc1d721983da8693,2015-01-11 11:21:50 -0700
61f3eba79d382c68c27ecb9eb3ad259fc5b75c20,2015-01-11 10:17:13 -0700
3a7519fcb190a096f4f00b9da357f79acd517bc7,2015-01-10 20:02:30 -0700
e42ab0ec6c4a1b7838ec9f14143126d4b6cad548,2015-01-10 15:41:51 -0700
ef6e0f882819e7c5230aece1610297e67775cca2,2015-01-08 17:47:33 +0100
c93cc818fb56aca198545c63a8015f26472ee0fa,2015-01-08 17:41:58 +0100
01c55de5f5869a6c244c87294616283b4ffd27c8,2015-01-08 14:49:27 +0100
18af25b6164d8ccbd0c6a2d5f9062cc396329f3d,2015-01-08 13:13:50 +0100
6a82f92584b36e28798479c82c0d3263c6347b90,2015-01-08 10:22:03 +0000
c278ac388b133213afddbfadf5c9456ad049373f,2015-01-08 02:48:24 +0000
3b7d0b95466139a147fc504b7c18897dcc826c65,2015-01-08 02:48:04 +0000
a6c3e571ca30d7f15a0a65743ca34183041deb8f,2015-01-07 22:08:16 +0100
93ba069494cd4dab9eb0869264a3650e309e171a,2015-01-07 22:07:52 +0100
5617ddc1b3fe8c28be00985a5f8f33232f8979e0,2015-01-07 14:54:36 +0100
e491f6e0bd83d5f275a1cccff05bbbc646df3a46,2015-01-07 11:28:26 +0100
89d7bc9838976d8a2221ef1a8b4ae4033c2b114a,2015-01-07 09:17:33 +0100
b4214d9f69f8eeed936cd9339fab13a3e174149e,2014-12-30 19:22:11 +0100
7480d3d8a740fa2aeb68b0cb8641b8bb858dd671,2014-12-30 19:15:08 +0100
e3572dfac1d6691e9ca489eb473fc28eea450c37,2014-12-26 21:45:24 +0100
d06500b377b5336927beb19b00784dab788f9388,2014-12-26 20:04:07 +0100
ef0bf292b5f4a13e553333d1462add1ce8f7701d,2014-12-26 20:03:18 +0100
befd8ebd96b8ef5a06b59dccb22bd55064e31c34,2014-12-23 10:28:44 +0100
d7b9578de3266d6defdd81fa9f29880163bfa810,2014-12-23 10:23:01 +0100
f52d018ac780819b89f4351c4b0380688951dacb,2014-12-23 10:10:32 +0100
c4bd6c6a00d87423974f3e2fa5f9eb459dd0ac01,2014-12-22 21:42:21 +0100
5ed51336e303ad674279b1c55ed9596d0f146992,2014-12-22 21:40:35 +0100
06bfe8c019e0d90e52bae608f45e4f288bbdbe75,2014-12-22 21:35:43 +0100
649e19b0f2d320fe2f9f2deaee9f4a391817c548,2014-12-21 14:55:07 +0100
6e5eedb3fcebc5894c41733bd26c8b4d9197873b,2014-12-21 14:53:48 +0100
f5157f78e23a1c67b31f7fd70f088c55ef891587,2014-12-19 16:56:10 +0100
fe08f0d3bd0309db15d27335757336a8ac6f32d0,2014-12-19 15:28:49 +0100
fa2adc7b477f4e37bb0d437ba8cb800f1fb1885f,2014-12-19 15:26:58 +0100
ea15a6e0e09e2ff2df596cf9b5e0da9af08030b1,2014-12-19 15:21:34 +0100
31455013b121b020b4fd58409d45c14d25ba0f0f,2014-12-19 15:15:52 +0100
a21d63674856083dcd755c5985062cddb4cd2203,2014-12-19 15:08:30 +0100
f1d7bdfe6840d3e064d44dcdb38b5947caec70d3,2014-12-19 15:00:01 +0100
4edc00b79bd97f7a3368b20fd5674a9aea69f8f1,2014-12-19 14:58:34 +0100
31df37fd9aa6b8df82afbe01bdc9822a0c719f77,2014-12-19 14:53:27 +0100
53ed8c8715eff14ab60d074d7501c888f9210ee4,2014-12-19 14:50:03 +0100
7c5118c6b04a6a6488ed4190dea373b305383953,2014-12-19 14:44:03 +0100
2c15d6f8027584dd510156dce8f4ad7aa3588ddc,2014-12-19 14:33:19 +0100
a31be1be74d4225eeace922e5ae5372dfdd6c28b,2014-12-19 14:31:29 +0100
07ffb3297cafd305ca88e5f64f85e496a603e7c7,2014-12-19 14:26:18 +0100
4a8bde2f7ded4a7012e6b27b36ae993c6acb2402,2014-12-19 14:03:51 +0100
d30a5c33efcd60ca71d3ddf7a6123c50ff3c08b4,2014-12-19 11:51:55 +0100
cc22c1f6ea64f325c8a41a652396fd5ce84ccbd6,2014-12-19 11:23:29 +0100
e99c2f8940d8f0fb42ec9dd6ccf2665d82dfbdea,2014-12-19 10:56:29 +0100
fc7ee95d9cdb6cbde13acda5fb6a615677ec3f83,2014-12-19 00:30:20 +0100
cf4a9d70c9ac24dd7196995390171150e4e56451,2014-12-18 21:29:08 +0100
1a969731191b215163681d324acca0c836437c61,2014-12-18 21:28:04 +0100
20c577868c2217fdaa6de70848d40c5a78340deb,2014-12-18 21:11:35 +0100
e27f6e71f28e8180a391e6323057c19a2d5c628b,2014-12-17 19:03:42 +0100
3d97f8548431751e87201c82937015390933e0ae,2014-12-17 19:03:14 +0100
f9437bc64206fc4963ec511373fff06250785085,2014-12-17 19:02:35 +0100
3b58a282b96cca7b330405573d148de9f6cb3b83,2014-12-17 19:01:56 +0100
2ed43de903902fb93f042bcc52cd05c4f02b7cdf,2014-12-17 19:01:27 +0100
88516d95ebfa4106f52a45cff9c4c97f4ce28066,2014-12-17 12:01:42 +0100
44401d183d6376a8b9eb5a81079e46f0f68325d4,2014-12-16 20:45:33 -0700
26e61145839e4da47eb83edfba406ceefc0b67bf,2014-12-16 16:49:16 -0700
d9b951c1fad20e04440e7013e49ac08a8fac4061,2014-12-16 09:24:12 -0700
ae1cbdbd6d745919778f64d2aca05605d8d5e2df,2014-12-16 09:23:48 -0700
17c903385c1bf837de1943975550126f13fe7150,2014-12-16 17:03:40 +0100
f9125d0b87e6dcfde5c60d64c1e3ee390e65dfb1,2014-12-16 08:54:42 -0700
75872ffe9b3711683253c1d5be7ec3bb80ef1a30,2014-12-16 13:37:58 +0100
7655cb61e382b9a059b75d392e59fa608e2afcd1,2014-12-16 13:37:58 +0100
8d4fd1dabbae4d7ebc2b273af9275ef8bd0e1ce1,2014-12-16 13:25:10 +0100
540aa2e7ed7c0c0add1daad7fb548e156435e0a2,2014-12-15 16:48:59 -0700
b723f82bd55e1b78a370925393d3ee638020da0b,2014-12-15 15:11:32 -0700
376958763cda7cc546e4446243638418fefd1568,2014-12-15 14:58:44 -0700
f80f577748c0dbde45d24654247a82a7121d456c,2014-12-15 13:48:07 -0700
809f0f89cb53548a7d0a9f9f52c4b36f60c7b6c0,2014-12-15 21:21:09 +0100
59fe593a42bc2da17a58e396afe6d3aa4f99c53d,2014-12-15 17:06:20 +0100
92a027bc73d5ef67c4b2ead2f3ef63f198be1e26,2014-12-15 16:57:10 +0100
ed6109d0a26f9657aa964e9c5cca4b1cae82afcf,2014-12-15 16:56:42 +0100
d5f586bd4e1a20fc09a33aaa5c2b9320f4a2aa72,2014-12-15 16:50:50 +0100
2fb2221d487d925fd5d716173a80c798986aadf0,2014-12-15 06:44:53 -0700
7fb571b16cc4a0912e8d74609941563c79fe9e97,2014-12-15 13:48:48 +0100
de73ad3115c19d5f0771754d233d74055a2a10bc,2014-12-15 13:40:04 +0100
dabc5ab661dbd5b7fbc341713b2bde7540dc8f15,2014-12-14 20:22:36 +0100
491786ce4182daa57ea61deaf701f756f57f6f1e,2014-12-14 18:48:01 +0100
753f278d10fc0c92e912965379401ac182644101,2014-12-14 18:25:08 +0100
09129d536726fac7f94f6b641e34a34a49c9a012,2014-12-13 22:04:33 +0100
9f42f18f1544b2a7329442946c8378159a1c5513,2014-12-13 21:41:51 +0100
4ed24c87c593a7ae69f4310fa32a5ea1d542f8e4,2014-12-13 21:40:00 +0100
5d6e445484d75dad938cece6fd690427ea648203,2014-12-09 00:13:28 +0100
c8f122c30463a186b0586c1370aa2b8e87890375,2014-12-03 12:30:26 +0100
fd7a4362caf2cd69368a38f2f71ffe19706e341c,2014-12-03 12:25:09 +0100
10b1c517cd5c0083cd0ad7a5f23167d66d1e59fd,2014-12-03 12:20:18 +0100
17f52a2e559e68d5c6ccc98fcebb5523161fd0ed,2014-12-03 12:06:03 +0100
b4fb13bca9c41e3e59a5ea8e3f8ec4bc0110ba17,2014-12-03 10:25:44 +0100
428a48533c711f3a27376f0eadea32c95657ea51,2014-12-02 22:35:27 +0100
3f13fbeff3fef6bce6fc71b0ff3ffa09aecf1c87,2014-12-02 22:29:45 +0100
d21d3a94abdbcf5a890fb1b5de28f1060e9e584d,2014-12-02 22:18:57 +0100
e6aae3a8bffb981b8dce19642cc1ab831a428cae,2014-12-02 22:09:06 +0100
893ef53c6cb9b243ba8f28c8cad6e42c8019af0c,2014-12-02 22:06:33 +0100
84cf29ecf31c67c7640f8821d4fdda625a173aa6,2014-12-02 15:37:15 +0100
6525cc4035fe8df3308c03f0ca9f450728e122ac,2014-12-02 15:24:31 +0100
26ee48193928f525fe0885cba6b28fdc8eff6af9,2014-12-02 15:24:31 +0100
5f667c031cdf02adbee9ef83cb71990333c58ba3,2014-12-02 15:24:31 +0100
c29e3d681f2a46cc3288dc4f38925efbcf30c233,2014-12-02 15:24:31 +0100
e11c00085cf0ba8c692522a851a387b63803c74c,2014-12-02 12:06:10 +0100
c53f2106109153eda10c47a6960a5a579d1530b8,2014-12-01 14:51:34 +0100
34f3f4196084768b2ef6b3db4608d8eccec50364,2014-12-01 14:48:48 +0100
136bf34297a9ac8049e451800df819ebf092cdf2,2014-11-28 15:16:51 +0100
0802df0f7376ca7aaffa7a23b2cc1f2c4c0c8aa9,2014-11-23 21:51:10 +0100
046e3a2f58decdc3eb9f69e14fc0f5c3a9e6b4c3,2014-11-23 21:46:22 +0100
8aec465b44dedb7deacf80111ea5286914093094,2014-11-20 12:56:22 +0100
f8a8ea748a0b3015490ccecec7b97f0ab2daf9c4,2014-11-20 12:50:41 +0100
301ad592142079d36f4d33f5309c103c7f4f5dfb,2014-11-12 12:16:13 +0100
9786ad4de8ef2f0aefcbe2bcb14889bb148eebd5,2014-11-11 23:04:21 +0100
e3700ef350bf28b3ae3afa2fca5eba01e7801741,2014-11-11 23:02:41 +0100
5584c3060566348176828075352bfb41adbea9c0,2014-11-07 13:46:26 +0100
596ccd59a11ad5e9fda19ccd0f4fc714d8d3394d,2014-11-06 22:56:19 +0100
cd28a018fb327d38a30c502bedca66cffb26f271,2014-11-03 21:16:08 +0100
ed565027c74d22a54f87c6e4e4dfd5b35d603ef7,2014-11-03 11:54:11 +0100
7df65a5ddf59b564af1d753b89d30f8dc33a2c5d,2014-11-02 23:22:11 +0100
45ae5c7e42b07ff24e2385de57f70e9484a46ae3,2014-10-22 21:40:32 +0200
f8e6bc8ec72fd02cde8c705ca17609c76a07d3b8,2014-10-22 21:36:40 +0200
25aa4bd3665d8b265f03fa2b3e7ab6ee68256367,2014-10-22 17:34:29 +0200
4a6bf542e1929503f354d0afccc76e19d1cae177,2014-10-21 10:32:41 +0200
79ae77fda8b987b01b2e49dd0ae84819778634dc,2014-10-21 09:50:05 +0200
7200c43dea3dbfbd9d38b937c44b6e71744b05c5,2014-10-21 09:49:59 +0200
31fae6431438e26d6b47b988164847048ceab314,2014-10-21 09:49:21 +0200
29b193629150c9a38949a6afa5b620cdb4d7f6a6,2014-10-20 23:20:09 +0200
e89a80dd53ee51cad6597e9637ded1d55cd60f6d,2014-10-18 17:17:16 +0200
54e179b82a8b0652bcb05f3fcb92d39133a1d7ff,2014-10-18 17:14:35 +0200
39387e75ff19d9ccfe59e1c6250e858382440b66,2014-10-18 17:09:06 +0200
b5e155e7d0448a100e9d4ff7d178a2fb9ea9f659,2014-10-17 10:40:35 +0200
4a339cda2c3933a2adcb23ea0ea8470d68d1b010,2014-10-17 10:29:20 +0200
7df36c32a50fe400afcbf2c258c6c15fdda500a4,2014-10-17 10:25:46 +0200
f44d4852ab758cdf0011efa028c85c68b8b36bee,2014-10-17 10:23:23 +0200
bf88cac1ac03ce9378970e5a3d66ba77b1fe0dca,2014-10-17 10:22:52 +0200
a51908af1d49d968ee919c221cbd9a8593b1f21c,2014-10-15 15:54:27 -0700
a516976947341e0e18bcc0858d85d34cd0c02cdb,2014-10-15 22:22:43 +0200
566c4d59a177be4b65d17540576eeb34d28d24ce,2014-10-15 22:14:46 +0200
bd3a6ecaa777247aaa6175e5c4721bfbd1645451,2014-10-15 10:20:34 -0400
d8bfc8c8f8864f9c22e0409780d5dd3fb30497ff,2014-10-15 10:15:14 -0400
4c5cda210eecd7f82c4ce88e3092dbcd13db5b48,2014-10-15 14:48:11 +0200
d26810c0d98bacce22363ad6ec327eebeb1afacf,2014-10-15 09:13:36 +0200
f5a8bf398c84bd4cdeea740c1a5b7b39cac4f777,2014-10-15 09:05:22 +0200
fc7eeb4801b1ea7524b9329d5584c2e5ed945913,2014-10-15 09:02:58 +0200
321fd029ec5c9c3c9717f1ede0add49d8a709a01,2014-10-13 19:43:26 +0200
f820d06fc0d1204b0cb386214ffeb42ccec669ec,2014-10-13 19:39:27 +0200
a3fdeb4da91d8aef50f40a3f9906494593ce2eca,2014-10-13 06:31:45 -0700
0dec6e76fb544fa3e8bf5fd17f16314735971dd7,2014-10-10 17:24:57 -0500
4cb944ea687d84a54d679fc3f5362e2950551ff3,2014-10-09 10:13:31 -0500
69273dca6188a3d7d629d0d32dcf9cdb5b6c1036,2014-10-08 14:25:05 +0200
86b92b4e56a781d193d2505d686d1776f2becf10,2014-10-07 17:47:58 +0200
b7867f45a085a82b6a5b124af98036049d7dfe15,2014-10-07 17:42:23 +0200
b147ad9cbf45b52d4592e54b61e2bf4f10c2c114,2014-10-07 17:40:12 +0200
9d14fe21a4044dafc984e1626ac5f465e35179ee,2014-10-07 16:32:59 +0200
deb5e5298f2f840e31ee67de1b6fac19483b5730,2014-10-07 15:26:51 +0200
a67f0a33e68abf1c985db28b19ce70f427fd48bd,2014-10-07 13:54:55 +0200
cee04d16489749883b8319f313e782ee20048652,2014-10-06 23:08:27 +0200
cde43197f980538e411d851735ac7a63ddd613e1,2014-10-06 22:50:20 +0200
530ffe9951212b331c633e642509d2e6e96b958c,2014-10-06 22:05:04 +0200
e99b9ef254add2bdedda26714ab5944393cdd1b5,2014-10-06 14:27:21 +0200
58ecf6b9543e0b5edc2bef8c4f4b4965d0a70f24,2014-10-06 14:25:09 +0200
026af89ceb5f314a2086b87bd62fb08a1b17be40,2014-10-03 23:17:15 +0200
d76128ccf38b2215bd0cd800a9652be2057ae03f,2014-10-03 23:15:39 +0200
58d613bd8d20a77f4da8c1ee49cf4028c011a2a7,2014-10-03 23:12:09 +0200
e3dda4407a3f59bd73350ac780f43eb885967b5f,2014-10-03 10:59:44 -0700
97accb47de63ee5063eda23641c6017e29ab81d7,2014-09-30 21:16:07 +0200
97d32b14e6dc7cce01f9c2cd53e03bb996863e51,2014-09-30 09:50:52 +0200
4080feff61e8dc1cd4af2361990c33c9f1014147,2014-09-29 18:25:54 +0200
5918daf872b1dbe3af6688e7f14477432d15cb7e,2014-09-29 16:34:44 +0200
2a59e0ef4b8e70742a21bca76a629853aedbbd09,2014-09-23 20:57:44 +0200
e875e6d59875be86fb8de8df7642c370b652eb76,2014-09-22 18:07:54 +0200
abffaf334c4302047e013a112c286a9e4d2c967e,2014-09-22 14:02:52 +0200
3cbfe273767a6b29293e0bfc5344e37ba000150b,2014-09-22 10:10:06 +0200
e9464c0a6db34576fa390d041e702b1f03c74b37,2014-09-18 13:15:12 +0000
30b9f935e7ea56026e5c5347e897df52a3ad18a7,2014-09-16 10:35:59 +0000
76f154179b8dc6940355d7fe7db468314ca39e84,2014-09-13 15:46:38 +0000
2bc9e7ea86a8cc1c3b2436c46115c87080228004,2014-09-13 15:36:43 +0000
78432c97558162d56860b3d03b9d995d4bb5343b,2014-09-03 10:09:22 +0000
2f2a2ddaf6ac85da7cfcc5957614eeb880b795d3,2014-08-04 21:00:48 +0000
f25a61670e378dd7f24ac45f55df00632979192e,2014-07-26 20:51:41 +0000
2af899b74b5969bb56a2ef813315a1d85f0c9fcc,2014-07-21 16:38:45 +0000
8af568eabb916ad2ff780fcd0838fdf29f57e97f,2014-07-20 06:57:53 +0000
1744e2803f1600761afb2ea8a91a7fd12f7fbc94,2014-07-13 08:52:29 +0000
b6a5d26e7473ff4ab3a11bd99515e4dbff8193ff,2014-07-13 08:51:55 +0000
662b6cbe5ab5c3462ea9c23f2c2dfec9ad75b855,2014-07-13 08:51:24 +0000
cc4ab51ee9e001a0a999a2a43ad5bd323494b800,2014-07-11 19:22:18 +0000
a7363a2ae67b585790896de45f57154474480fc9,2014-07-10 21:39:53 +0000
ad882055edb50369bd174ae56a372838aa89cdae,2014-07-04 14:22:30 +0000
792839b464bc3df40f773147b7694b761cf23b5a,2014-07-02 18:09:36 +0000
d385c90c2e74fdfc0070f7d92d6d0c260251fc16,2014-06-30 22:23:16 +0000
41b4ca622c481339a814fe2495094032fd296c88,2014-06-29 13:48:19 +0000
25e774c315e29328697eff6d12df80ad0bc48acb,2014-06-28 20:12:58 +0000
fca88f8e3d44d743e82ef2fb3ce880f8b98149a3,2014-06-28 20:08:16 +0000
08e918330eb2555fc90b67957f53ce08141d3b13,2014-06-26 13:08:55 +0000
75d4db00e1b1d4ef53ca4d0c5ac247ec92cdb2d9,2014-06-26 13:05:24 +0000
61b2d1f34c1f3c2b14fe4a131ec5d552c3dbbb61,2014-06-26 13:03:57 +0000
a4118e288f01ab16e861cd7ac107fff62a32b86b,2014-06-22 20:12:41 +0000
b69e6ca5c1a74f5a5646df240bea701922caef83,2014-06-22 20:06:14 +0000
02cf7cbffaf42ba6cc76452bfa70db8b2da611c6,2014-06-22 19:09:21 +0000
f08b05b15ac09709c948fbcb8f843f421c1d4db1,2014-06-22 19:07:55 +0000
71fd124ddb1f311a8cb64b608f385c87b67cef14,2014-06-22 18:53:27 +0000
e31a222cef8ef08f4dafb01f41b6a2d6c26d64fc,2014-06-22 18:03:57 +0000
afff37e03b91c9a4e02c284646a7629b4f9d45a9,2014-06-22 17:02:33 +0000
7b3e0d4297a5a8257a8e33b28ad7f2d3a23edb05,2014-06-21 18:14:14 +0000
44b5c55e07b51833c69f1ab03c9000db0734ee85,2014-06-20 13:37:42 +0000
0714c7cbe61a8db315e2aac578614f5a706f8014,2014-06-17 16:48:12 +0000
d4f978ddd58fc47f472d0dbac79b4b96ca1453df,2014-06-17 16:30:35 +0000
ba62c59dae2385b279a0810b2f133f0d9664583b,2014-06-13 14:20:05 +0000
326beb22c6aa872cbc0ad3706cfbe706bf9eab41,2014-06-02 21:19:09 +0000
0473d5ff10b3b291b0aa3f25c40697be6efab44e,2014-05-30 16:33:16 +0000
8d3d915dbd0ccf716f0d15b6b2396cff214d9cd3,2014-05-29 17:47:12 +0000
3e0f532e18a262106751097182bab6c033cb5bf4,2014-05-24 21:21:59 +0000
17bac3008263a079b1ddb3e967f0b50d219e2fc1,2014-05-24 21:20:42 +0000
f4e96cb7fe64045503c4a5344704e80cca81185a,2014-05-19 20:11:32 +0000
4b99061353b41d1052796d184592bf74a1f74e0f,2014-05-19 20:08:14 +0000
04e6c6f4cb4be9e7afcd0813af9e27de37cc5bd3,2014-05-19 20:05:27 +0000
2d2570442a6503f8d2b09fe4157e3c92d27cf8d8,2014-05-19 15:44:02 +0000
a197ba858ecf364f9ddf2fe56f3611cf97b4c3b1,2014-05-19 15:00:03 +0000
e1db2379ff3a09614f7287354406cb984f87f43d,2014-05-19 14:59:27 +0000
4f498e685021c56a4ebf682451582fa377ff3326,2014-05-14 18:52:23 +0000
5a6ccd587231ed1268dbdf142bf1f98065ad8348,2014-05-13 09:39:22 +0000
013f3687471d5ccec937dfc1e321b3b60b5d3524,2014-05-13 09:33:42 +0000
241b42482cc979277ccff825ecb4de802e76a4fc,2014-05-11 22:53:54 +0000
950f90879c76b36d13b6a377db4b03e45588167e,2014-05-04 23:19:43 +0000
8f9bb4b451fabcb0f2ddbb90b3701e84a45d3693,2014-05-02 09:04:01 +0000
99abe75d485722a7fa48204a18f4eb5d9f9a1d19,2014-05-02 08:03:03 +0000
26581ccd6688742b5458c474d05939c371390df0,2014-05-01 20:43:46 +0000
81182700e84d8bcba65137bd1b76a220770dc062,2014-05-01 20:05:31 +0000
6abd9f7508c121fada3fdf2c188a68097bb50b12,2014-05-01 13:48:02 +0000
9bab875f03ffea0aacd1d92fbbecc96d491c1201,2014-05-01 12:14:14 +0000
5c16d545c547ba99fde4c81bcc57e1f771c76e9a,2014-05-01 11:57:55 +0000
dc666f419e691e6a04342bdd9cf2e899455a8738,2014-05-01 11:54:06 +0000
784d6b391fa6f0e372de0836732c3f773574587b,2014-05-01 11:12:12 +0000
f5f960d1fec924f20a39c5b908f01d08719e79ca,2014-04-30 22:18:03 +0000
537eb4c22c2943796f101c1722dd4895bbf2537e,2014-04-30 19:06:20 +0000
49b2b9898ea8251560ec039e20d74d26d82b2b44,2014-04-30 08:21:15 +0000
3cfd84f86a6cb4fbd83e22ffc1b14b76d6e9e9b4,2014-04-30 08:20:51 +0000
ec9fc51d58ca0f856114d22cdb15ef60853497a1,2014-04-29 06:29:53 +0000
67b76171aa17e72d904c56b9838fb8412c7ba803,2014-04-28 22:04:42 +0000
ccebfd5cf4c7195a0e7e8c9897aba1d7d9aadad4,2014-04-28 21:33:38 +0000
ca164b09a555f8fad13d36c0f7f5b52d8582fad0,2014-04-28 21:32:05 +0000
6ac6478ba24f8aff3ac4c6a63f3ee2c1e7e1387b,2014-04-28 06:39:21 +0000
7299b1795467b467f6d951721eb3d5e0c733f487,2014-04-28 06:39:01 +0000
2a6c6409a919c1091ef3af778cc9738c57d67575,2014-04-26 17:36:34 +0000
f4c926ea82771de22a32150a8b0b1a502faf34b2,2014-04-26 16:55:11 +0000
cbc32459f8f36e5c57a9db74709e813e5f77bb5e,2014-04-20 14:29:42 +0000
2985728c00f3be75f87da1fa16a5f7e2704818c7,2014-04-20 13:30:16 +0000
931a67ff52aeebb5950d28b7ba9c2ad1c0bc80be,2014-04-20 13:25:36 +0000
7f162008a2eea123a43f241e5e214dadf6b9e88e,2014-04-20 13:25:11 +0000
4b724bdc2ee2f5b89009e3ba70b6306741f0ab8d,2014-04-19 01:27:33 +0000
57247cd3dd0f2f7441278f37e40bc025f39b392e,2014-04-19 01:24:37 +0000
7f31bc04bdf8821cf24754bfdc9bd4c0e8660228,2014-04-18 15:58:47 +0000
baf9888f8f88af5b07b8d7d0ac650b8635d8c350,2014-04-17 09:14:24 +0000
70101ee3ca37b56a471b3731667c75c447da90cb,2014-04-15 12:22:31 +0000
5b118e04de6333e539720088127a5d0fb12ebaea,2014-04-15 10:02:54 +0000
1cca06f22c2430573700db885d4e5b55be44924b,2014-03-27 21:47:41 +0000
c678ddefaefa05b1f15914e9ee08824bbd8ad8e0,2014-03-25 16:05:36 +0000
6d3f22348ccfc7c138e0b70e0821dd03de635801,2014-03-25 16:00:36 +0000
5c70086611bca0da6879b569f97d116b666b890e,2014-03-25 15:57:18 +0000
4670a7fb9ae1a56afbdc1892cd254a80938983c9,2014-03-25 15:51:25 +0000
6ab8b148472782919ca5a1c7a51e5f477e40d4fc,2014-03-25 15:48:28 +0000
1879cf1a3dc30265726028e0c6142790055f0f70,2014-03-19 18:43:39 +0000
7cafdb73f2027859003dd843d5a900b5f0008ffa,2014-03-19 18:33:13 +0000
c5ae09d77e8756ab73e1c39f77f1b303aa4ba384,2014-03-17 15:14:07 +0000
5929846a208518582a7783d8715c401ea1e2acf2,2014-03-03 11:11:46 +0000
3f0a000feff036509963ff93d59fe3e084611c08,2014-03-03 09:58:29 +0000
007a701755f318562b0cbf2005d84299733d9b45,2014-03-02 19:54:43 +0000
8068e84a33a5bbc5103f6541ae23e77d302842f9,2014-03-02 19:38:47 +0000
b95cfc9b579e91a456847b2369295dfae7da8bc6,2014-03-02 14:54:37 +0000
e2dc384d7bbe3414047049a67ca48b4885eba493,2014-03-02 14:02:50 +0000
a6f963066692aabd04aad9114e6ea1ccb32cbb5c,2014-03-02 14:02:21 +0000
5a8eff6985f294b5af93d7cee829b5cb4d7ad9dc,2014-03-02 08:31:30 +0000
f0ae42aa934c10686c613277bd7a0837f6a1602d,2014-02-28 16:23:26 +0000
ba70cfc5c909cfb43890cc4ec3dff637491cedec,2014-02-26 23:24:21 +0000
99189ff527554aa345f63fc038fc8eacf28cbb39,2014-02-26 23:14:08 +0000
eb66fe4a1f5357be07c356fbd28b6d013d88e87d,2014-02-25 16:42:07 +0000
d3470c37ab0ed7aadeafb86f93e032e03d4bcb82,2014-02-25 10:27:21 +0000
1358d274dbb7b94bf81e37c88883a68b54a88c84,2014-02-25 10:26:55 +0000
856e3cf0075136c15f3cb38cfc1a51cefbeccb09,2014-02-25 09:21:32 +0000
b122db9edab9a5b2f93c79a5fd880e9d33671c9a,2014-02-24 14:58:07 +0000
9ac2b15e4a56be293b6f2b9f2b8d8b1e945ee998,2014-02-24 14:57:44 +0000
a573059d0504418f5437db4a600672a52cb4d8cc,2014-02-23 14:00:48 +0000
dcdfd7ed9e8c34637a54e52ffe1eae6692d05e01,2014-02-23 14:00:20 +0000
f299ecf3309c48dd02f16621da4e5019fe0b9c30,2014-02-23 11:10:41 +0000
927361d78782a836d5c3d09687c8930012d2c0ab,2014-02-21 13:18:35 +0000
ed7ac7cf743ca4a303dacd2bfc0c3fd834500103,2014-02-21 11:26:09 +0000
5ea537df99415bf8035684d4cf93898329b7d4b9,2014-02-21 10:16:52 +0000
a9d0cc42fe5ef7fe35256bff4844b9f1b6d347e1,2014-02-20 16:16:19 +0000
1cd5a3229c2fb9b35fa0ced635765bf59497d074,2014-02-20 15:56:37 +0000
4332119866de75449fe5ad24be0dde4517c6f7ef,2014-02-20 14:52:13 +0000
fe0f518f50b1c224c75338ea689f8cf5cf1c9335,2014-02-20 14:35:14 +0000
d19b226c543bf404ae41025cbd0bd00008f10499,2014-02-19 20:32:43 +0000
3c1bf79202f0b95e9b01baa988b797c0f9a88571,2014-02-19 20:32:20 +0000
1a6879a0023a2892323221622e0d1e759613c68f,2014-02-19 20:31:47 +0000
499101c88c8158844e7bbdcba35b8fe91bed8314,2014-02-19 17:19:59 +0000
785ea269eb22ebaa4e2fcd4542d456d3da2823bc,2014-02-18 15:11:46 +0000
b0521ef7e0d2946fe237abe67e309d88108d9e4a,2014-02-18 14:33:57 +0000
613a83c56a439a0c0f4a2363881653838e4b6bc2,2014-02-18 14:33:49 +0000
b01933b17f1978c9da0a252ff6791671e01bdcae,2014-02-18 14:33:41 +0000
9a012f530ea7d938e3d64ad6786b0f1c67f19df8,2014-02-18 14:33:33 +0000
57096ad696cc088ff94f6b7e81dac1e068df2c3c,2014-02-18 14:33:28 +0000
c12ae52424b3b93bb8f2ca39a3daa8392caa1348,2014-02-18 14:33:20 +0000
46b2ce2ee046ec3c35919ce72ce67262dfc37c5b,2014-02-18 14:33:14 +0000
8916830e8a2d551b87ed64559246621d439a8694,2014-02-18 14:33:08 +0000
4dcae270e688a3567b767b85354029dd1cbc7c0d,2014-02-18 14:33:00 +0000
0079828734d62dbc2b44ccf4f21e3dc1daa7b90b,2014-02-18 14:32:54 +0000
a7a380f93478356b287791b917d6e68e89d20a8f,2014-02-18 14:32:44 +0000
3e18e999c7a0648cc9eee72202e07669df3c4ffb,2014-02-18 14:32:36 +0000
49685c8bb46468bb2e3d65d8f8d8d506e636f653,2014-02-18 14:32:28 +0000
8b697afded6133210249f943c220756951b64cbc,2014-02-18 14:32:23 +0000
4cdfc143ea07ff13a26b06ea9f1595289835e3c2,2014-02-18 14:32:17 +0000
9444e2896789ddfc918e35c660d976aed9b24906,2014-02-18 14:32:11 +0000
fc9cb0ce163e54e4bba232d2bbf2f79dc495585d,2014-02-18 14:32:06 +0000
4158f9746365df20b45f8c2b5c0d1436dc1756dc,2014-02-18 14:31:59 +0000
06d490a4bd763fb634596f2755b436f7f8fbbad8,2014-02-18 14:31:53 +0000
567127c109added3dbe04c191a510a3dec1b1672,2014-02-18 14:31:43 +0000
7460c082a39251193108da52ce05e63f3e3796d1,2014-02-18 14:31:34 +0000
675d4c8fc848ec5438e48deb2e8218b6f0078814,2014-02-16 12:32:52 +0000
e8d0d4c1ddb40c7752fd4ac6a70ee619323deb4d,2014-02-16 12:19:51 +0000
39430886ba9364a7c99c9f0e58b009de3f659601,2014-02-12 11:12:45 +0000
b9b73fbef5c0f18aaef22ef60442518d7f23ec83,2014-02-11 22:33:39 +0000
7e6304ce63da6c6341cb072abfd08caf0456328e,2014-02-10 22:35:10 +0000
12ddf37f23cd77903729b3e611ffae10e96ded47,2014-02-09 22:10:04 +0000
06e1ff50087adcfd7ea868a1e858c6a4877fcce6,2014-02-09 20:57:24 +0000
d41b96e58d2eb7038db4c7420cfabdf972307e8a,2014-02-09 20:56:55 +0000
517ff8cbe36493af6b78ad7b62f390b2e3016a65,2014-02-09 20:36:24 +0000
5ae01f1f990b554ba075df63013159a23ba693a2,2014-02-09 19:17:55 +0000
25353208788762d97895f02fd76354e8e29eafdd,2014-02-09 18:24:27 +0000
996c0c164a083c3dc2fbf2768750e3b3a81d77e0,2014-02-09 11:21:28 +0000
3f59a81a1559d027dbc06b710d3ad03081dbb718,2014-02-08 18:48:29 +0000
b957ee1646d893fd946a8b9a53c779957ae7a240,2014-02-08 18:36:30 +0000
42dffede4371db9f8616c2dd37fec96f728ee92d,2014-02-08 18:14:37 +0000
3c644cf87ec8c0e6313b3a10b6cfd66279b8093f,2014-02-08 17:44:37 +0000
c92f7d0c8fbd2756207b8276988f8745a4cd67fd,2014-02-08 16:54:45 +0000
683a898d55b656a978ca1aafcf20dedb9427268c,2014-02-08 16:50:32 +0000
8dae299004908c243278bee2c909d5772b680464,2014-02-08 14:33:03 +0000
51a7ec0633162f543492be77ac0a154a0cf06ec5,2014-02-08 14:28:20 +0000
d434c5d0cca6d501a95748e1dbbddc5726419d77,2014-02-08 14:13:34 +0000
b268dfbb824ef307862e489aef7e71bba4cdcac5,2014-02-06 21:31:52 +0000
de219058597dbdefe93f6e4e935d797a05dc74e4,2014-02-06 21:27:20 +0000
6b43922648fe2dfcb4cb1aaaf5d795f00a6aa174,2014-02-05 22:10:22 +0000
b353d07bcca9fb62ac387d69d3e99004e27f14c0,2014-02-05 21:54:10 +0000
e5dc3ad337f2e6650b7422dd7584a072974b1270,2014-02-05 21:21:31 +0000
e5002ce3f6a625bfd52f63fa38279c09178e8354,2014-02-05 20:46:43 +0000
739708f1af316d9b31a83b9e5d0cc7303155853d,2014-02-05 20:42:58 +0000
3d0e61ebe569d67820c563d2d6925286c3caeac4,2014-02-04 11:19:41 +0000
3b501993588d27d91ad526a436e3a10ecc8d6e8b,2014-02-02 20:55:14 +0000
19c1c3bb9bc175f9c19b026e7cda1d0fe47ade90,2014-02-02 20:52:49 +0000
7897aa6a83a5e63da487e72c2735fb042259f6e4,2014-02-02 17:56:13 +0000
0fa8bcc008b6a011d6fe41e64ea4379d0b57f20b,2014-02-02 17:51:06 +0000
2933e5773b1d64a9348024b2a6e8dc6dc90e6590,2014-02-01 12:50:41 +0000
764f56955d499fae11db1aed6e7f0d2d0886e6f9,2014-02-01 12:00:21 +0000
9dc30fddc109504fc80fb62e33554d54cca47faf,2014-01-31 22:07:35 +0000
bcba29320f5f6f860335266d6be8249418ceaedb,2014-01-31 22:06:49 +0000
8f7c59ce888a687a6c9089caf0c5469984a073b4,2014-01-31 22:06:31 +0000
ca22dac3f852c7290f60c3c3a5d66fbecfba91f4,2014-01-31 20:24:02 +0000
423371e79077e43cf5e87fb053e0d885b6d5192a,2014-01-31 18:33:22 +0000
310008f48c0a830138d35b3024106560d55b6bd2,2014-01-30 22:48:22 +0000
ea030e732e3556a2a4fa51bcaabc080927ddfa48,2014-01-30 22:16:59 +0000
7bbba6995a12412cd7cbe1ca693057c5299ab4cb,2014-01-30 21:28:05 +0000
796c8329d6db90687d7340cf947fce29a5191f40,2014-01-30 21:04:58 +0000
faf997271b36b80d9a342bb1a5a666e8a7a1fb56,2014-01-30 16:31:08 +0000
2ada148fdb0ccca82f435bc6ef76c6753cd978df,2014-01-30 09:37:31 +0000
8025900b3ac50d2923aa8e52515dd5e55c4c3ad3,2014-01-30 09:37:08 +0000
1e6915db879b63e6bd5caf8b6022696af3044184,2014-01-29 22:57:04 +0000
49642956cd8b9d35e863ff8ab8eb6c74c615750e,2014-01-29 22:17:16 +0000
2a3b56daa03253a8abccf5d895a310831ef0275a,2014-01-29 20:19:20 +0000
7ce5950963068f4a797da805f895842adad38a3e,2014-01-29 20:18:32 +0000
8dd48742c32f2a58487f899b33aa6ee7098beedc,2014-01-29 09:36:27 +0000
7a2a276d76bb1512e09b1203eb267bc20395be49,2014-01-28 21:14:05 +0000
672b58548c867ca6e5e341057d4af8797d7478e8,2014-01-28 20:29:27 +0000
7029443e4941ac95aac5cef4a6e364cf05399db4,2014-01-26 15:58:04 +0000
38df46f9442892ae8164df8029f88f7724cce67e,2014-01-26 15:47:40 +0000
91291520cfd5f6c2c91fc242018860c5d1d277e4,2014-01-26 15:46:49 +0000
6a6c06acdf555e13b22bce6c5d017e5d8bae0654,2014-01-26 15:31:18 +0000
7cfbc0da48c8cc8939e97427d8ee5b22c5e55f28,2014-01-24 16:03:44 +0000
fbd429f2d7afa11cb747fa48f62c5c8d0b5a19e0,2014-01-24 11:58:00 +0000
d42fcbdb2fcebae67c757ccd8e5fc664550de1b2,2014-01-24 11:55:25 +0000
fde06bb6b6c302754831b336d632a1aa2317a61c,2014-01-24 09:58:43 +0000
c9b7b57d3c42b91814da5d6a8e8b964cfeaece37,2014-01-22 22:35:21 +0000
58693fbcb3236a9adb0f47088d88ee3ef7178cb4,2014-01-22 22:12:42 +0000
c58e2abfe55d84d04c6819cd2961845eea04ba5b,2014-01-22 22:05:37 +0000
842351710e2897c032b788a8e61fdbf36e18bb2f,2014-01-22 22:00:37 +0000
1f8d8748952156766f580eaa401c46a93a244b62,2014-01-22 15:55:03 +0000
1fc112d0536c7ee83d099d82a5b795561f7fd816,2014-01-22 12:39:14 +0000
e02b8f8a5aa4c89234114b53050bcae9722798b8,2014-01-22 12:39:06 +0000
28b39e33d885f9adfd892ba04ae60159dbbe9e73,2014-01-22 12:28:04 +0000
b0252439c31f37c76c7d71a6ad9c79fc98f6b2bd,2014-01-22 12:21:01 +0000
43ef84b729332ccdfe95ffae4067a415c2b37a85,2014-01-21 17:49:13 +0000
5b71c17c81adaa8ad133e60b99ce86b421bfd918,2014-01-21 17:48:16 +0000
01e1ca4bfd51741bf7d905266d24ffc86345b711,2014-01-20 15:34:41 +0000
b1e3f391b510800ba5aba9381d0f877e5851f4db,2014-01-20 15:34:02 +0000
145cc675d35b677157eb6d3ef57c1104dd5142e2,2014-01-17 10:53:00 +0000
e91d0f0510ee8d69c76ee89b4e57341418866c6b,2014-01-16 22:11:00 +0000
c9181d3b05de8f4d0de517355f35600aa21bb16c,2014-01-16 21:39:03 +0000
63d88c74b7a11d7633584b007e94314ba9a555d1,2014-01-16 15:26:29 +0000
2c9438da238f61f9e952d301cf22fbe70c5a9405,2014-01-15 16:48:25 +0000
4fc2d432050c00afcc9809ea33e23ad2cee5fb82,2014-01-14 18:27:02 +0000
9b3a46e20540dd07cef3e996cc498e5fd6bd4996,2014-01-14 18:26:32 +0000
692142457acaf2b99911babddff1e337ca1d59e7,2014-01-14 08:55:40 +0000
ac7733fd6994a61ed8917894c476164fd8724565,2014-01-13 13:55:53 +0000
cfee7161823a1d24aa55e5807a6f31f1c3b6af7f,2014-01-13 12:42:40 +0000
0f13370f354da824b97a8004f4b8dd9d23500241,2014-01-12 20:41:34 +0000
bb2dc86de1fd207c0a4a8b649536364179fb2ab5,2014-01-12 14:56:04 +0000
638def643f318731ae058597f5e89231896fcc4b,2014-01-12 11:13:05 +0000
5f0fcfce8922562d75f5f9ebcb089930e2928cfc,2014-01-11 17:18:21 +0000
aad194a34655f5c1ed5e4b221ea9d01aad166b38,2014-01-10 22:01:27 +0000
0a75cbc380f537c06e26fa5bd9654cf878a9587a,2014-01-09 17:08:00 +0000
f2db15c31f0910316316698d1b7cd3922513d677,2014-01-06 15:45:43 +0000
0d606bb16fad2301ce584f3a74a7b71c64bb1de5,2014-01-06 12:11:24 +0000
dfc232415a89295afd1a944a65ddbcd3e6a4adb9,2014-01-03 18:07:59 +0000
aaa0eafa092993a067583283b26b76e79f1f65be,2014-01-03 18:07:22 +0000
2a671338058e46b26a951ba01246b33a67d0eff4,2014-01-03 18:06:20 +0000
3839da6580d8f2cf83e8dd6fbcfd283cc0d240a2,2014-01-03 18:05:04 +0000
bb014c3ebfe20bf7a7fce5e7a8124121de695350,2014-01-03 13:47:35 +0000
3491906594b069a042f38e7526ca67f46efac2f4,2014-01-03 11:22:04 +0000
4345758ddcc52224322e15b3a8cf353c365b3d6a,2014-01-02 20:40:42 +0000
c8c94b8a1f451888a2b9cac0f8a7454a1a02d688,2014-01-02 20:40:09 +0000
18a6d9c773f88576dfb083162982613e12fdbaf9,2014-01-02 20:39:38 +0000
2b24ae34b760239677bb3cef4e7f17f6d586178c,2014-01-01 17:33:39 +0000
292eefa57c5a80788ed395cc70a839bbda70ad52,2014-01-01 17:31:21 +0000
0faf0131f604e5eed73ea1559b702f319fc7d8a1,2014-01-01 17:30:58 +0000
169a31600365ab05e1790ec2478aa382b87f152f,2014-01-01 17:30:34 +0000
d83cdb913332b02fd310f5cdf3df045162c4cc54,2014-01-01 17:30:06 +0000
57eff0d0c37ec003ebed48d3334c93cd9c038f64,2014-01-01 17:29:18 +0000
83444ebe71a3a6b76bc813ea8be48c12e07fbda6,2014-01-01 17:28:51 +0000
ed73c356c7a7987c78b8f6ee6dd7ec1e5f9b3e67,2014-01-01 17:27:48 +0000
a3e4cbe0bb26acab07f53a7d4ced1f24045e08e0,2014-01-01 17:26:54 +0000
37115c5788de8084a1bada401c2c505b1b86b963,2014-01-01 17:26:10 +0000
13188390f33649b1881dbd4d9f2440894a36463a,2014-01-01 17:24:37 +0000
65ada834ee0d5e89d8d23f922fe17d41e5fd8246,2014-01-01 17:23:28 +0000
6c4f5135420abf982605f2fef8e8e31e9b3b41ff,2014-01-01 17:22:53 +0000
8fac2db60a99bbf16b173d5c7414945c6c4c36f9,2013-12-31 15:41:30 +0000
edf56632b8a5413f5e0adfe2d1b65e595b88a1d0,2013-12-31 15:40:35 +0000
9d4d7150eb8dd0c1106f7f7aedbd2446125f872c,2013-12-29 15:18:59 +0000
76a5cd998b2f2b9dd1cc09e58b6b64e51124b8a3,2013-12-29 15:17:45 +0000
8e23b250a44033e5d4765a6edbabab6cc4f940c3,2013-12-28 15:55:24 +0000
1220f2f7ba6f75a6bed01f7a66bbda9c3b3646c6,2013-12-26 22:18:02 +0000
fa027a4685bacd9e32b3bc7d875717b4457f6829,2013-12-20 19:33:03 +0000
881a4ee8db1e1826b749579d2284ace982c953ca,2013-12-18 17:41:26 +0000
af858a6ca224946195b1923a780678b20cb99603,2013-12-17 22:11:45 +0000
68fa81123abdd8bcab2593b0f702d74e380e9051,2013-12-16 21:13:59 +0000
b285f17023da248bdcb3093283e4b9e930bdd09c,2013-12-16 21:05:01 +0000
f7222ca6c3b6c1018a52fd649029394e6608f1db,2013-12-15 21:15:21 +0000
05aae985d9d0e26cf278cdd6f69672ebe3f8ed92,2013-12-15 10:56:49 +0000
721730b00b1dc2ea616a3e7958e4ad15134de975,2013-12-14 22:07:02 +0000
f3a785108f853e327001dcd435e92525d7fba96c,2013-12-14 21:50:33 +0000
7ebbaea90e8002f5542e22bbe92075ffb5383d2a,2013-12-10 22:13:14 +0000
ab0a2f761f4529daa0a1e7128ffb8ae417a0104d,2013-12-10 22:10:43 +0000
e9ea52189a92f7e2ab051e4d75c4e0c872034b18,2013-12-10 21:40:32 +0000
1cdc902f3d7cf877b4db7a31f19eb1dfd2fade3e,2013-12-09 22:34:28 +0000
7573e9eec065ac1ccc2134aa751a191da3ca3dff,2013-12-08 18:23:44 +0000
d944333d0178d449b6af013c5ec2174765cf15bb,2013-12-08 18:23:09 +0000
a34be55b9b7a3a3bbb4d57ea4460a7b47f8feea8,2013-12-08 18:20:58 +0000
c823ac5673e9da094a3b24b99987a533c548dac4,2013-12-08 18:18:13 +0000
e42da5d9d21438c220768464b6a1f5b36bad92a5,2013-12-07 13:08:06 +0000
8e5867eda8328e4cb2e103d098d0c9f3c2fab50e,2013-12-03 23:50:14 +0000
ba3c2201c6689818c457b5a03d14eb75af55063c,2013-12-03 23:03:06 +0000
b12610d35e7798c66fc1d9b0811d10aadb87569d,2013-12-01 19:17:22 +0000
aff82362cf13646b0dfae6375c895df7d5ca6b6b,2013-11-28 11:41:12 +0000
c1ba07bb65f41afed35c12c12b40b4e8d03a408a,2013-11-20 18:57:53 +0000
54a7796ff234a9cbd2c66f8b1e5621f0898402f1,2013-11-18 21:24:32 +0000
3a45bc5b6d9b884be25f98982c9cabcaecdba96c,2013-11-16 18:48:48 +0000
65646ba8bd64f9478c92c7240865ea923484dd13,2013-11-16 17:48:36 +0000
1e1365c7b48da04db1e29f225ab1fabe40d13c5e,2013-11-13 02:04:32 +0000
763b37de5d652b8abc42ffd2aa5328839ce60dbc,2013-11-13 01:34:10 +0000
04078798c0d744a41310ea7dd5d0baffee8df94a,2013-11-13 01:24:17 +0000
5df86e5cb2d7c36935f3a640ae4aa29c93b6b152,2013-11-11 18:51:38 +0000
7cff45f1d771d47aa8f5a90cf3676f17ba76fa65,2013-11-11 15:20:28 +0000
b3b5e6c869d06e702482e79004fcbd3637f8d215,2013-11-10 22:19:10 +0000
1b4f1ef040791006826e7e04b3d9607ba7954ebc,2013-11-10 22:04:58 +0000
909105bf5594cf9486297e9fda6e1b2b43639f9f,2013-11-10 19:59:15 +0000
064634efda95022acad2ae64875a2af774554b44,2013-11-10 18:55:52 +0000
08014552131b5e55f28513f24dbaed7172b7e228,2013-11-10 18:54:32 +0000
78504bde01522101a21e175f724d83f1d36e687d,2013-11-10 18:03:41 +0000
fdd505d9850350592d758a28048d3f0f78e5b6e5,2013-11-10 17:45:38 +0000
5d61fcddd479319473e0a9b891cff59c5884a173,2013-11-09 22:34:10 +0000
b72f31c6bdc26cea7e29248e84556d4804bf81bf,2013-11-09 21:32:06 +0000
eca87abcee2d8b7f36565dffd84a61e398160378,2013-11-09 20:31:52 +0000
d252a811a239387fdbce0f6fe70be9507d9f2e26,2013-11-08 23:27:49 +0000
5ee76f095e1c869d966241e92f2a3329e719cac1,2013-11-08 20:00:08 +0000
f2a833757b7e7121bd06eaa2133af145fb820920,2013-11-08 19:56:28 +0000
e4c6bb0b27ee625380416a503c7fa73610db649c,2013-11-08 19:53:58 +0000
cf1a5c59ddbab69b940d19ef1c9c9dbd4610fd8b,2013-11-08 19:08:22 +0000
c5b943fe263f052be9d3815fdfb99aaee302d523,2013-11-08 15:19:46 +0000
a8559cbaee8a5db2ba5cc6d1b2ce8c30d4f1ee10,2013-11-08 12:46:38 +0000
8d78c7a598cd9a071d23199e7cb31466a1016596,2013-11-07 19:42:02 +0000
f8ec5cbba9fd8e293ed34cde579bca365340697b,2013-11-07 19:41:29 +0000
6b18e3897acd903297f1ff74f578d60b5423fed6,2013-11-07 19:36:38 +0000
346a41fc6b405ae08449f7511dd55bc0fd26b018,2013-11-07 17:16:04 +0000
73558cace6dd8f512d33917c9763fa36b0467e3a,2013-11-07 16:34:51 +0000
bbd922d727270cd897f971c1aa69ab0fa601f050,2013-11-07 16:34:17 +0000
12afe72d2052d2558574626655ed2edc3fe9e54b,2013-11-07 15:18:53 +0000
0aa89cc22e4b7a5bd04f9c6602a69d459cc7ffd4,2013-11-07 15:15:18 +0000
4ebd967c96c43ae3f1009c3592e0a0588eae0f8a,2013-11-05 13:51:24 +0000
67fc63b9942aeaac2c36cc25c746eb77c922d45c,2013-11-05 12:30:32 +0000
6527a801c181090326f44bffef6709f898cae70b,2013-11-03 13:57:37 +0000
534dd690699b768f17ecdcbac24492b9b85c10b4,2013-11-03 12:48:40 +0000
ac8a5878295f137976633aed7d773f0f7cdeeb6e,2013-11-03 12:27:12 +0000
6a23c1370610f40e0c5c1b27030b12e1d8a138e2,2013-11-02 22:57:41 +0000
03bc14d5f3837ba824df727b36ee83f9f895b4fa,2013-11-02 22:44:46 +0000
d755a83c9ca968c7b2d129600decc3f6bb9e9f96,2013-11-02 22:05:18 +0000
4d93242518104463f58047a82d0b0b2936bf2964,2013-11-02 22:01:24 +0000
652084aa555589a0d5a0395ced3cffdcfa9b49b6,2013-11-02 21:42:57 +0000
8a073f12e5dfd0ec5063b9f140dffb6ec442abe7,2013-11-02 21:39:15 +0000
5ecdf2312d7e6b874b763d63210dd3a5f96cdb13,2013-11-02 21:36:55 +0000
6191949f89d22fb04318f2ccc5a6b274939cfd5e,2013-11-02 21:03:57 +0000
40a97ba13ae560e28d50645f3039463736656f4f,2013-11-02 21:02:13 +0000
280af43635dfb291171788b04cc1a8b01cf4ff1e,2013-11-02 20:46:04 +0000
f2e10b7e6ffaf096a3032bdce9ab8c993a5cb5e4,2013-11-02 20:30:44 +0000
97900db83f584aa48730d8494209502fe7f400da,2013-10-31 21:59:55 +0000
2b45b294b5527736d4819cc61b4d8dbed364f0f1,2013-10-31 21:54:21 +0000
c1f3a7bd3ba7810961f377788d76804e2519c4d9,2013-10-31 21:36:03 +0000
9c23ce3fd1f9fa0951839be1fa1a7e621825abcd,2013-10-31 21:17:09 +0000
3631295c437c5b8915afc7b2b259496eb2d5d782,2013-10-31 21:16:08 +0000
fdbdb5eba8ae678d4c696878bfecbc12d3ed43c8,2013-10-31 20:07:38 +0000
bda25b40295b13782c488fd94f0abd091da296bd,2013-10-31 20:06:15 +0000
5bbbe7709f85d0953d6a4f8c6e96c256e267f6e6,2013-10-31 12:56:51 +0000
93b51cc6fd264155817f8729add91ae0d25e22bf,2013-10-30 21:59:57 +0000
9be92c371cb3c5f31b29cc4111cac2782880656c,2013-10-30 20:23:06 +0000
c979a6f0fe3cc9d411bdff7d726c996876b401a4,2013-10-30 14:16:11 +0000
5526877f31adcefa4c857fcd6bf3a3f88b912f51,2013-10-30 11:46:00 +0000
a4ffd393334bb3d825738581add321c94f47983f,2013-10-29 15:43:04 +0000
53f55d2ca07cd243f0961e6a984180637a0787cc,2013-10-29 12:01:12 +0000
27bbf640fe22ef11f6ffdc3223573e8083fc5f40,2013-10-28 07:10:12 +0000
a6be244e7f31e259f9b2d16da2593af967bdc3ae,2013-10-27 14:39:16 +0000
4b6b25d558ace75c85e4b977805a066f1f3b7f42,2013-10-27 10:10:16 +0000
c528afa780aaff21003e3500baa0d11dd5321117,2013-10-27 09:52:44 +0000
a0ef8539d32718a3eae3316b18f30625fe5a58a3,2013-10-27 09:52:09 +0000
18308998a037579d00ff9fed4260be187e7a0280,2013-10-25 13:11:50 +0000
cffd29da6b81c88539e82367cf51115189036a28,2013-10-24 06:58:32 +0000
721444f232751d93211735a1a2f56757b74622b1,2013-10-22 17:49:51 +0000
e5f5a2dbaa5cf4de1cb615d345b8ae554fa4f729,2013-10-22 01:53:43 +0000
082baefb06ab0ceb31326bb247521b5729a1c108,2013-10-21 21:36:37 +0000
f90de3fe0badea85fe72d306fe4d64afa87b8168,2013-10-21 21:17:06 +0000
7433bbfd7619f08121f2cd60947758371ca6692a,2013-10-21 21:12:46 +0000
0d3f14e99fcfb5900b805266c8e24cc42ff29ded,2013-10-21 21:00:03 +0000
456723dd140c34e0765e7764559b61ce544b35d8,2013-10-21 20:28:05 +0000
243e7260b997c7a953fcaf2221dfc927a327fc4e,2013-10-21 20:23:54 +0000
96d6a416d6a88f925c4f103c378bafc6ab21dd28,2013-10-21 20:13:52 +0000
274558734272bdc17ad7225139a842e6303af19c,2013-10-21 15:51:02 +0000
fb3a167582a0dbf3f0b9e418db9e86c5c5af5a80,2013-10-20 21:24:45 +0000
422fc2a42662797aeb3a419b84a66e12debd4556,2013-10-20 20:42:41 +0000
97bd8fe5de9256f1b5ddcd974f9c3b4855acab06,2013-10-20 20:22:58 +0000
f63b7466e49a9caff40ac4b4a79b22dfc4ee8adf,2013-10-20 15:58:15 +0000
81961ba841a953952272891224d581d7a1d6bfaa,2013-10-20 05:49:10 +0000
a8edec70d708048bf9f766c9ac380566e1e809ac,2013-10-19 23:05:11 +0000
c4f77587f5aa48c717cd14d81ae2c24f0e7b300e,2013-10-19 20:38:42 +0000
52e85a5f6f594cc430e9eccc771fedf4e10eb906,2013-10-19 20:37:13 +0000
1b9489d05753a12f7188094cc87bd6d71a5c17b3,2013-10-19 17:27:34 +0000
56763bf0cd30971b08eb4c4eebbbe3c1791a1245,2013-10-18 21:58:39 +0000
93c587d5e435e26c32a3b0d6bb289019002ccd2b,2013-10-18 21:40:42 +0000
1f87cb4afb44958e5b780ad07702a30fee8d2840,2013-10-18 21:33:49 +0000
3689e48ab840fa470045b8a79fcbb205d4551d5c,2013-10-18 21:19:18 +0000
6683216e612474b605a5bfb7fa684352528ab784,2013-10-17 21:12:28 +0000
d1c7e82e93470cb39edd6c9621c67c54318f6082,2013-10-17 10:59:51 +0000
b1a198c84a39bcd775cf3ec9509123855089351d,2013-10-16 08:37:08 +0000
da0bbbb9a6de9fe587d091debca65e53adf4d384,2013-10-16 08:08:07 +0000
e65901dcb8044b41bd282f2c4b324c93c67a93cb,2013-10-16 04:29:31 +0000
9b1f983f718b5bed508faf072b100977630a5a60,2013-10-15 17:57:08 +0000
ea5da00f1a488cdeefe4a20f4be4a63728441df1,2013-10-13 21:33:13 +0000
8c5fd8e3e37881b1e66ae202a807b0d2c7a8bfc9,2013-10-12 15:38:32 +0000
c2801940ef84c3399f3288972dcd0244062e6d40,2013-10-11 21:39:09 +0000
1146cf6a605000276d1836603c0281465d33578a,2013-10-11 20:53:36 +0000
dcaca39d00f9359e11811ff3d4427fd71173f47e,2013-10-11 20:47:20 +0000
df5fcca949d114fda714bd35728ef219cec0809f,2013-10-10 22:09:25 +0000
22cad3d1a903a894b82f83b7bd6894ce2c05ca62,2013-09-30 20:54:28 +0000
7cc91e9f22c9d4769a992f86e72bafa2857e30b2,2013-09-17 20:32:50 +0000
a6925e3e8af52bbe7d92769e19e6be848f572e67,2013-09-15 19:42:24 +0000
fb6f2aec928da242b9175562200589ac3a48c0fd,2013-09-12 15:56:02 +0000
a01407b7c1ea8e8bb20d63fcc8941349afa032f7,2013-09-11 22:53:56 +0000
0442cddf57c021cb73aae6d6efc18c3299641012,2013-09-11 22:53:22 +0000
a0636a74000b9ba9fbc87624377baaf2756384ad,2013-09-11 22:49:10 +0000
4c7b801625726805c908cbdffa59097d2543411e,2013-09-11 22:42:15 +0000
9a5047288322936cf3e62a9f8c759392fa45d3cb,2013-09-11 17:50:28 +0000
ec4b45c342b0a422ba51cf7cc0207b75fc97b6a6,2013-09-11 09:57:29 +0000
f2b1cf5e5dc5e432bdafdeba25f532f7636caec9,2013-09-07 20:37:49 +0000
6429fc8d890892cc2d0e80a5c2996e9b057b050a,2013-09-06 16:16:43 +0000
034ed33e47a8487fbd3fda7eb555b053d6d0545d,2013-09-06 16:15:34 +0000
451e12123180af51b363a695ab260a1a363015b0,2013-09-06 16:07:03 +0000
db77aa6030c3fa3155e96630bd8955f718dd5264,2013-09-06 16:05:51 +0000
1f72a13a3720a26443a0fb595d745efbe5f6252b,2013-09-06 15:46:19 +0000
d3b4651afb1e075f13bfa2285187717e473bae5e,2013-09-06 15:32:37 +0000
928a55612363e250dd329ac478ab08f69daacc13,2013-09-04 17:24:02 +0000
77ba0961e519b851f6fe329a3c4cfd0b180a760a,2013-09-04 07:28:48 +0000
b3f4a55be9461b1ba658b3b487daa71b18a17a21,2013-09-03 21:16:35 +0000
c4b4a752597e3e328797226cbe8d22462a314d09,2013-09-03 20:38:59 +0000
83b5df517880aba26e80013d68f2880b51036ecc,2013-09-03 19:58:03 +0000
217cabc0d104d59550a4d6e8e7370f2dd32152db,2013-09-03 19:51:26 +0000
c12b7e04bcfb3bcd1df96956f19a0b8695fc86c5,2013-09-01 19:42:05 +0000
9027cff326b89b500ed8000462f4b944670ca51a,2013-08-31 20:00:54 +0000
86545dab3ed57872ad98b23e46924d67ddad03fc,2013-08-31 19:43:02 +0000
d7fd760eb8c5ba8dc7bc30fd565575f2547e0c86,2013-08-31 15:58:36 +0000
8ffd2e9e46ccadb9fd105ee4baff956b921a39da,2013-08-31 15:41:43 +0000
46c14e741114bb5e20405c7eaf3e92018aee2c0e,2013-08-31 15:32:49 +0000
e7211873ee065253c7f87191f63c27acd15146a3,2013-08-31 15:22:59 +0000
8d57e61426d3472c5ff4bb3d2fa2dbf4799bab82,2013-08-29 21:22:59 +0000
629663a08f4abce5d048e2f42f61cf95faa9988a,2013-08-29 20:57:09 +0000
db0ad53076bb83793c8ead5bf6e003e5625689d7,2013-08-27 11:15:50 +0000
ee9383b77044f957fc429e5701263c8e7116e577,2013-08-27 11:15:18 +0000
5b60da65269b8063e52d02b5dfc6a114bc02766c,2013-08-26 14:24:18 +0000
9c82c679f86771f543ef8a712cbdd414a2ce0c87,2013-08-26 03:18:55 +0000
40ef9f876cf1d605b82ec846c6a753fb2d472a43,2013-08-26 03:04:38 +0000
15d9a40e8e761faa138ae5a8f638738a6342bf29,2013-08-26 01:05:11 +0000
8d609db47fba6c1c163c14a6c40e66bac4d94df9,2013-08-25 20:15:29 +0000
cf4805081b84624a904af4c510b8467d3beddae9,2013-08-25 18:19:06 +0000
5151780b34e9f68c3d37f3e95b99568c76549358,2013-08-25 17:06:55 +0000
ad35857d0fab949b00dafc22b20b8e93bcb603d2,2013-08-24 21:55:35 +0000
b06d9bcfa1ae3dce9be8a812ad31149340319efe,2013-08-23 16:16:00 +0000
354d5520c95c98cb5bbdc485182d452a504bfc5b,2013-08-23 15:45:49 +0000
eb1a3f00a265fb23e839e2b99096f12833105424,2013-08-23 15:39:55 +0000
95ce549b409573cda80d7de5e68e80fa9585494d,2013-08-23 15:37:29 +0000
053b8dda2dc6d7334df4273b7a645e41030a7918,2013-08-23 15:01:33 +0000
39479c8a779a623815c7b576a425fe867f018fd7,2013-08-23 14:37:41 +0000
667feb7b73fe960c91e3ae5e3fa288b98caf4f2a,2013-08-23 14:12:06 +0000
0155238a3c86691ebb6b5d5a067088c2d0c9273c,2013-08-21 02:03:30 +0000
897f5e29b9d89053296c8f1d54cb81398d884d48,2013-08-19 23:51:59 +0000
80bcf448a2353c0d0979fbb5d1d885e5fe8f9af0,2013-08-19 22:57:26 +0000
5fe98f86f45346e782a7221766e4e427b2d70180,2013-08-19 22:49:37 +0000
529415fffe716a0920646dd24e4e9e13c6760388,2013-08-18 23:27:29 +0000
4f124df9797aad45d4db74553d9e8d6a91660097,2013-08-18 22:55:31 +0000
b0a0c5bd6ddf26f2e9f6afa210416a2135a580a5,2013-08-13 21:38:23 +0000
0cc43e36b82f534c84379998101843a5a6f971a8,2013-08-13 14:20:26 +0000
40bde15b03ace8eab4dd91da65bc383d154769fa,2013-08-13 10:46:48 +0000
4d5660ed4706dd69a58c3fc1cea626aa6fc51c18,2013-08-10 21:47:57 +0000
e175e32e8ba0b64e6e900454c8f3f5d4d12a583c,2013-08-10 21:42:39 +0000
11b1474cec7e74895d1723918299024bd31377d7,2013-08-10 01:13:38 +0000
f1467e45ab538789090f968f549f88bd0b8c26c7,2013-08-10 00:57:48 +0000
6d66a863b5c0049926330ef217accba4e022a1db,2013-08-10 00:29:31 +0000
21f882885bdf8792b5aefab2e3f7b270d2b0d1db,2013-08-09 23:39:24 +0000
63030b2b0ad2735a45522b73adc414746eb3dd38,2013-08-09 23:21:14 +0000
6d0394d27d570fe3586d5d25ec159e602496b1aa,2013-08-09 13:55:49 +0000
c8fc11146f39ce3243fb5360ae148a5a4cb633ce,2013-08-08 23:18:59 +0000
f18f6dd91b0ee30d2585d5c23662f80eae3fd33f,2013-08-08 21:27:57 +0000
80c884bb679878fac0f26e0008da9cd51899b5ee,2013-08-06 12:22:47 +0000
fc1d4f9e9139220afb8b6ca4f5862a892f9e2ceb,2013-08-01 13:57:57 +0000
a846ced6e3ec8b6b285de2b40aa760699f24571c,2013-08-01 13:55:22 +0000
c97a18ad13951b055e8cb13040a135b4fa30c409,2013-08-01 13:49:52 +0000
f228eb6233e4a764fd2135fdfc1018de85ac32b0,2013-08-01 13:48:57 +0000
5eb18d2ef65b47c85222e5dc400e7dbc060952b0,2013-08-01 13:34:46 +0000
bafa4f8bf8f7825c169e9ea102a099086b83071a,2013-08-01 13:12:06 +0000
52e4f99b32e5b841e41fa800f64bafd5a385c25d,2013-07-31 14:00:50 +0000
0c2f30f9f2df7e70c7847ca47d6931dc41a18fa5,2013-07-31 12:17:20 +0000
acd569595ee919d1afed3884cf7584cc609ad9ef,2013-07-30 15:04:22 +0000
0215c2c5f50b29a88ebc634d9ef00c8a1003081f,2013-07-23 08:50:10 +0000
e79f61951b105de94fbf1ae52a329ee44a35622f,2013-07-23 08:38:03 +0000
24f20dc6e3e3de32ed5d911cbda5c7e2d6bbb6c1,2013-07-23 08:37:39 +0000
a626e4ce7e336d5ae19de6f96ec920dccc3999e8,2013-07-19 19:36:30 +0000
aa9293caed70d9e2aeaab6d82f24bfd6227a65fa,2013-07-18 23:54:52 +0000
dafa441cca0af820d9bae8879d56c63d9782aa19,2013-07-18 23:44:13 +0000
5e7b146f9eaabfe76e71f712a78dc78475135c9c,2013-07-18 23:41:20 +0000
7d57ff6d78f4edfb440cbca689c59cc60ca5c608,2013-07-18 23:41:02 +0000
95175f882a7e5f0d8fbc0899a6faf81259f5373a,2013-07-18 23:39:36 +0000
90c00ba7c187af0c83791f3d4e174a401a95043c,2013-07-18 22:51:17 +0000
0ee29fab9c24bece20fa023d1ef923f33402be2d,2013-07-18 22:50:03 +0000
64eeea32daa938503d0ea5ca33a6579785738f6d,2013-07-18 22:46:04 +0000
4c8d5034c1a51d13ee46e7eba8ddf1985f852c89,2013-07-18 22:41:19 +0000
eeb03015d091075a0461467979339bf4a4d2cf88,2013-07-18 22:40:03 +0000
8262007246749fe082f3860a3bb1123dfcda2793,2013-07-18 22:32:36 +0000
890687bc0bd7c1d2e69b99e12a0bcab6568526b1,2013-07-18 22:22:15 +0000
93f838922105bebf12c887e9c897fde628d1da43,2013-07-18 22:16:33 +0000
bedea0067efaa806f2222184ffa2b3b35cdb3173,2013-07-18 20:55:46 +0000
c6cba396168e7125ac684db09f172239aa199590,2013-07-18 15:03:25 +0000
a6d222c0664c50ba87abb96a659272a3b3052ab6,2013-07-18 14:59:48 +0000
d4aa5c60373fe258213fc7e2a01f557766ce16e5,2013-07-18 14:06:23 +0000
4c9ce8b7193b821b19d89cb32ad5561092396db5,2013-07-18 14:04:45 +0000
a3e44a59fa9a249d4bf11974625c919cec705afa,2013-07-18 14:04:11 +0000
10eff3eafb3afb63eed02990d69d4b3f20988111,2013-07-18 13:56:10 +0000
c08f471063f651341b62de72987e17eacad30a71,2013-07-18 13:47:15 +0000
4c6c3d52c447c011847570e912e617df02ef75f8,2013-07-18 13:45:28 +0000
a934dbbb8819f02afb8be26d03141f43798cf910,2013-07-17 22:42:07 +0000
ce96ee600f9956d3e2d0e6ec653dc877a5fe820e,2013-07-16 13:38:02 +0000
fd871b977a69465720ce351d47acda0b9fe9f3a6,2013-07-16 13:35:19 +0000
4cbb775abba882e5f43bb1014634cccd69c94987,2013-07-16 09:35:54 +0000
43e4049d59539c375f1269fc8187456e39e88453,2013-07-16 09:34:38 +0000
91c5101c3352dae3da0f2d73762d5a89258a20ac,2013-07-16 09:15:32 +0000
82a9e0d06f6ce7a7d6ae24ca5089b6bca488cd2b,2013-07-15 15:47:21 +0000
4f2f94cd0435621a05f1db53aca6aacc3b7163b1,2013-07-15 15:16:29 +0000
7bbb2559f546bad59617a5d2d98fffead78db3c2,2013-07-15 15:07:43 +0000
e3bb2063e7fbc94104833236020973b6e9ccdcb8,2013-07-15 15:05:41 +0000
91d280b7300b0f601cd76a880c26784a822f96b8,2013-07-12 11:29:12 +0000
7cdc540aa6dd90cc4479ce44d033f492637cfcf7,2013-07-08 12:14:37 +0000
b3d0fede4979dd3e291cce22ad4254ec412d74dd,2013-07-08 08:31:49 +0000
04240b9a917f6d470074c359772c3d0d123d5c32,2013-07-08 08:20:26 +0000
630a53d5e48e9244b24da19af847ebef593fcdf5,2013-07-07 18:06:40 +0000
2e5610586783c5a9462c4162fa0949f1dea6d5e1,2013-07-07 17:20:08 +0000
3e2570e1176aa125730efd58e6a2e543f5bacb7c,2013-07-07 17:14:46 +0000
c0c42c39fc58bcab18efea92f898eef0a20317f8,2013-07-07 10:30:15 +0000
7fb87df29458631ece4bc2e284b21ff336c5647e,2013-07-05 14:20:19 +0000
3739de305d8c4fd3e5359faccc20e81ab2f7e6eb,2013-07-04 20:19:17 +0000
16dbaf970773b7ba859ea0b0df89ae38b0e62544,2013-07-04 18:54:42 +0000
237fe2a651c52389e1e57375b9588c1839ce3d5f,2013-07-04 18:25:51 +0000
28f6b3fc158967ebaab10eda5a874676cee002e8,2013-07-04 17:28:45 +0000
8422b12f36d585a5b1f37a91a7fa6a9aac566f3e,2013-07-04 17:25:55 +0000
99db22a8df129a85be86869c06c2659580e3b294,2013-07-04 17:24:47 +0000
a6dfb27d91f6a791d9ccb57aa54a538648fc0d84,2013-07-04 17:11:25 +0000
07182b1c6f7cb876ab3c6574621b2dd07da7ec2f,2013-07-04 17:00:42 +0000
cc15aa3895d51255a8af5497e04112c42a8a0ce1,2013-07-04 14:24:11 +0000
a0b4394bccb0a19f5e6bd05a75e2f659a7c1a289,2013-07-02 20:03:20 +0000
232b96ceb131ff8cb58fbbdd021c22f7e5160239,2013-07-02 20:00:47 +0000
e3c4637e19acca0b3cab18e5ecbdb6e8d3210400,2013-07-02 19:57:45 +0000
d0cce453d768c4b5e8537d75b78e58e271845ef2,2013-07-02 19:56:10 +0000
7772d89846a7b1f341b41a3651b18997ae927107,2013-07-02 19:55:13 +0000
9fb08c2f9e208acff6c8e3d3b8ee98850922e996,2013-07-02 19:49:48 +0000
9d5ce0045369cd4dcccb66b005c184124f222e32,2013-06-28 22:41:00 +0000
6fb504f32701ea74087559518ecf54bc8ac6ab1b,2013-06-28 20:06:05 +0000
74e699d076bb6a05219132043b819c7b92ea4999,2013-06-28 10:20:21 +0000
1e6e14cb5fb1852b9567b8183da8013bd1cd4ca7,2013-06-10 22:22:31 +0000
25ad33cb9e0c73a0898be36f3dbbf96a5e14efe0,2013-06-10 21:24:07 +0000
b23c8567c3b43f93929b9b43619b97be47e08cb2,2013-06-05 13:48:26 +0000
d8aca35b7a10e52d3b50b545c87c5d38d715854c,2013-06-05 13:32:02 +0000
4b42ccd141487d7b122352f409de87d0ceb1e8c6,2013-06-05 11:42:36 +0000
006f9b7b445c71626076492a604374df012a04e6,2013-06-03 20:12:20 +0000
d302ce0a9518456cd337cd8d4aaa6add261703ef,2013-06-03 19:00:31 +0000
bd445c9b14f4c08298cb2421e3c7f7a110448e25,2013-06-03 13:48:23 +0000
e68422227f5bbae188511bdfddd8df39e896c4bb,2013-06-03 12:10:36 +0000
0b2d417d52c48cf82c8a043db90a05314b63418c,2013-06-03 09:47:40 +0000
e0e56f8055d9dd27539038047099570d83e21622,2013-06-03 09:43:44 +0000
f4bc191c4d4de04246c2e4293f3eb5b1ed791661,2013-06-03 09:33:39 +0000
9e621906063e88f2f172598b9321d08ec22b4d01,2013-06-03 09:04:40 +0000
d270055e874148a2742604be36ab977eec030fba,2013-06-03 07:15:00 +0000
0ee817712b9e8330fdfd6985752aa8f1b25ba9d9,2013-06-03 05:37:13 +0000
2a96c0d64759754e1f778c63b3ee37d9ddb5edbd,2013-06-02 20:07:33 +0000
ec55222a5b9d662d078d154b86cc95cd697c3c9b,2013-06-02 17:02:34 +0000
ba683c2bd55b710f9c4e368c991872e09b543c73,2013-06-01 17:09:30 +0000
f0cbf23ebf9aab7e18353d81812f093975f1e06d,2013-05-31 22:22:08 +0000
731ff8099fd33ec3e9a90ac105ea64d261fdc60a,2013-05-31 22:16:44 +0000
33809e031de7b56d82130e8c3c6ddb6fca31a396,2013-05-31 17:47:53 +0000
94c9d2e023ca4a4c8682b23a084dc5eb94030bf0,2013-05-31 14:41:52 +0000
1fc99654bdd1ddbfd75c90cbfc3f1f08acf929b8,2013-05-31 14:40:46 +0000
92846a67918af5b975391595531334376a8c527a,2013-05-31 11:36:15 +0000
47949e9b95761db19ef2c37321b1f6249c57ec19,2013-05-31 10:42:48 +0000
76ace5792c06da864999374c8a1f0d734d8d5a92,2013-05-30 21:44:32 +0000
8543a0056a90f06bcc69d0052fcafea7131e689b,2013-05-30 21:22:45 +0000
4fd920c291516732eda55a9ced3378cc27e8af7d,2013-05-28 16:04:32 +0000
07f6ec88e97227cf14ef98478e847dda018616e7,2013-05-28 15:23:05 +0000
5c9cbff50cc2e8af099b47913cb242f0a9a33fee,2013-05-27 20:22:48 +0000
798c27f900fd324794c8ce6a55f5fa8c0ac5a5d2,2013-05-27 20:01:37 +0000
9e56afb7c4738074b10895a11a131543c7f13825,2013-05-26 15:59:03 +0000
ba68b44abf768ae2db3bb814cc1d69a4084b7143,2013-05-26 15:43:33 +0000
5121bcfcb39e4c490c59a8f2e02b38eee237ae65,2013-05-26 14:51:38 +0000
47c3ecedbd620a7c1bed4a0335ab2ec923d2ce06,2013-05-25 19:58:32 +0000
37376db2ebb75898208e59295a15a20e61efcdd1,2013-05-22 21:32:02 +0000
ab6b3c02c3b19b237b675f59b1e2fe924902726c,2013-05-22 19:14:47 +0000
f4b634bff3463e5dc99bc6063996406c2fd7eb1c,2013-05-22 19:12:21 +0000
03df648a2de0aa16162bc91dfe7d909619c0fcd7,2013-05-21 20:55:58 +0000
4be687e19dfddd3de721003e0514b07386549908,2013-05-21 17:34:50 +0000
def689482a725418d7756d70c7757ac7c5ad086f,2013-05-19 10:53:43 +0000
c2207ac1364c0a64109b6eb90c5f066b29e30d08,2013-05-16 13:06:18 +0000
d62f6d9a5661de15e3b62f77229f6322c938b0ab,2013-05-16 12:29:37 +0000
51fe6ff3e4229e9b9d2e813c918ad08cc0cc36d7,2013-05-12 15:57:50 +0000
766f13f9deb6d76d0822815028b206bd9276167e,2013-05-12 14:12:26 +0000
7d5a5cb8afedbdf2cbd55da3d0f0022c0f62bf56,2013-05-12 14:00:06 +0000
6a86777677aa0ca67cef2a21382fcb144aacc091,2013-05-07 20:38:08 +0000
9622889fae438e3b75ccf544a9719445e38061c9,2013-05-07 20:09:52 +0000
4d3934ffeccc588799b176a1f1cd27bc6577cf93,2013-05-03 09:04:58 +0000
299039b740ee49f3269d9802fe5e3f56bc4748b4,2013-04-17 22:30:46 +0000
2188e3126091366df771a6d8a61f799d00326377,2013-04-14 16:19:33 +0000
2d1614a2077eab0b981d4a0c4c6e10a7ecda71cf,2013-04-14 16:09:18 +0000
9a2f69613afe980054e4869a6bbe0698de436d6e,2013-04-10 20:12:54 +0000
4b8647bf6ce2b478e6bc90d0158ce81939a14378,2013-04-09 21:28:36 +0000
fda2af92473092ad96353c4d3173f7372666810f,2013-04-08 14:41:32 +0000
2cc9931e2b238f17215210805d26e1035008bf70,2013-04-07 19:32:31 +0000
365d7bb45615a2cdb44914a64606ef243d2ea45b,2013-04-07 12:47:32 +0000
3d24daf29d4527d604b266bc84b3984405d9086d,2013-04-07 09:28:18 +0000
ca0783e82f934f19c25d6d8f2f8ecef02c4644f1,2013-04-06 12:10:37 +0000
b5d44bb2adb3fbbb8890515c1ccadca7ef5c969a,2013-04-06 09:46:21 +0000
3d74f8d7873104ab1a88ab57eca7ce4d015a5086,2013-04-02 19:20:43 +0000
f3196cd9fb4c09f425100820304156235d27805b,2013-04-02 19:17:20 +0000
c551d7fcdfcd312b551069bd8d9c2e39b88c71ad,2013-04-02 19:16:54 +0000
3b1112463400a349d1c0eeef3b8d059cc20ef632,2013-04-02 19:16:23 +0000
5b5f84db290450f81cc6b93cad7e7900ef9a6cf2,2013-04-02 19:04:13 +0000
2e7d1278b18930e4f175c320e82a0f4db697a77e,2013-04-02 19:02:55 +0000
eea1b0114ab719abff5249f5ec1e1f9b4895aaf1,2013-04-02 13:38:26 +0000
84361f9a4f8943f645ee122538da92052816ff4b,2013-03-30 17:58:50 +0000
b11b65144dd25ae5ede6d808e73b98fc22c37923,2013-03-30 17:54:54 +0000
4f1e47492d123ab1b6f75e53d628cb3daad43470,2013-03-30 17:51:26 +0000
7993d4fa2190ce162c4330bb2dc357bad58b5e3d,2013-03-30 17:31:04 +0000
dfdce788a1f8b596da6f385b4e4a13c073c0183c,2013-03-30 13:03:53 +0000
c2772e8e02081aa2669b8889ecbc744298ed0b96,2013-03-30 12:58:23 +0000
f496ae97727971838268cf76849fe92b7c01e231,2013-03-30 12:57:52 +0000
46d5ad98d8a6f6b3550d1514719cced70c43c872,2013-03-30 12:57:31 +0000
8cf705e37f0c3f51e33418f17dfe72575f9dd660,2013-03-30 05:02:55 +0000
fbc662471a4251ab0b0dd48a07cf9e144e0d9d1d,2013-03-30 05:00:01 +0000
671856cb8c1625209d723156960a571d4c937c93,2013-03-30 04:45:52 +0000
9977b6966f175136982286a27bbabbf55405583a,2013-03-30 04:15:13 +0000
a61e6c1f65dcd7062deaefb3c429a5c476a6ff6d,2013-03-30 04:09:17 +0000
c52bde0ea28c2fb79d7dc15422c673ec9ac84022,2013-03-29 16:20:03 +0000
c8c2efeeddf9cc5631c75801a19dcd5683306c73,2013-03-29 16:16:07 +0000
81418a9fc7aa279775233dfa29ae6c048265ae55,2013-03-29 16:10:04 +0000
193fb5461dc1cbe53b083cbd0b261ceb2cf16053,2013-03-29 16:02:23 +0000
3d7b35b3bb82a4bf4b6f80a5c4eb4c3a624508be,2013-03-29 15:51:43 +0000
25f128d4a9d820111d51680f5d3f651557e17c20,2013-03-29 15:51:15 +0000
9ab4dbf42d86386cd16460924379aec94293ae93,2013-03-29 15:50:47 +0000
ba104a5f1d40c06be78a2f5ffd4dffb356c865b6,2013-03-29 15:50:22 +0000
95cbc13a5a3bab2bedc66aec14df70237928f350,2013-03-29 15:49:49 +0000
81841e834f2a10b7c292737f71c71a8aa43dd95e,2013-03-29 15:49:22 +0000
6500be3b99f32ba5a8d2cd5aa837f52fa363d63f,2013-03-29 15:48:57 +0000
8a25d709f50ce97d50c653dbb5897c01e6b5d9cb,2013-03-29 15:48:27 +0000
3e1c032c4e8008fc1b81d74a289dd7cfa59d925f,2013-03-29 14:56:08 +0000
eb24b08b5d46ac1730cf95425e3b6291090335a1,2013-03-29 14:36:59 +0000
c72ea892f6da50d49582a0664ef05e7338cecb5d,2013-03-29 14:36:19 +0000
0dbb8ab724fdba04c766a44035e2ea5736ba12b9,2013-03-29 14:25:44 +0000
075ce74ab037f6d76b7037e8236ac63eb68a4719,2013-03-29 07:25:18 +0000
39a11334ec74a5547c109c10ef87c2e8e3961e41,2013-03-29 04:26:36 +0000
b62b5b0306074417c93c71695cc4c20bce949c5a,2013-03-29 01:42:42 +0000
0b4e8b6bb0626cad99bb4ba8b4e77630dc76292c,2013-03-28 16:31:00 +0000
2ac27161320449fd1d6837d06427888924afa71b,2013-03-28 10:24:45 +0000
9aabf587ca8e613deae405d9de33a7f432a9ac50,2013-03-28 10:20:30 +0000
06c0af5514eae2d8af4979677bc63145289d06ab,2013-03-28 09:53:56 +0000
7beb54f57c4dfe4ba128707eb81d4d9991850017,2013-03-27 22:19:10 +0000
4a8090157a53788a8da2e68bf5021675c7989dad,2013-03-27 22:05:35 +0000
5e335443ee9b4aac2785baa507776289fc27ed02,2013-03-27 22:01:25 +0000
000f980b0bb9dff76566827cd1ba05a544e180da,2013-03-27 21:56:40 +0000
af2246395dd74db74a2cb8e2b500ee0164f49a81,2013-03-27 21:54:36 +0000
363e116e34ea657ae0664bde3beb02dda773d9ca,2013-03-27 21:48:10 +0000
2b852d79dc7f2aaac2a4d27da75f9d22e5d1bea2,2013-03-27 19:44:22 +0000
ce9c345ef7cb1ded723daa5bb2764b8d2933abfd,2013-03-26 19:48:08 +0000
bb8a2a68ece46302d9205ce233e7f454f74bdb81,2013-03-26 16:01:09 +0000
e4c91be8c9c6d26087081f246e66549208fe0ba5,2013-03-26 15:11:18 +0000
9cec1ea8d67014b4a45445f6c2d0f5e95772ec31,2013-03-26 14:56:01 +0000
16e0a6d47b6498555b9691a190960bd72ea32e56,2013-03-25 15:47:31 +0000
78f8c198c0c40999d357d60e0599d19aabc8fd87,2013-03-25 10:46:42 +0000
1e6ad5c3ab06188c6690b4af4fd7dfe7e3cbb47f,2013-03-25 10:19:51 +0000
724795b5513651e1e34fae3904d1b58229ce9c17,2013-03-22 18:55:58 +0000
8c2199df0f613c63bd362303c953cee66712d56c,2013-03-22 17:49:27 +0000
5c14a29c69221da3018d542af640edbfd9609ded,2013-03-22 16:25:17 +0000
787684869da9fd173b413805d43ec88e29a8c32c,2013-03-22 16:24:37 +0000
2fa0f1fc9721deafed9f6f9962f8dd57664454a2,2013-03-22 16:05:46 +0000
9f1bc5ba423b876a46c100b8fe8a80ad6e626b8b,2013-03-22 16:05:14 +0000
8f157cb2df0aef5acc1e98d1cd694ea2af1f2deb,2013-03-22 11:58:11 +0000
0864279db2f62b455b9a20183ae708d280cd132b,2013-03-21 22:21:48 +0000
b32f86259d3e9f3074aa1777ebab692df4753719,2013-03-21 22:18:32 +0000
7703060003eae591113f060cbcaf1b1f35179d18,2013-03-21 22:17:44 +0000
bd95671403a7307078ca2ebac2b56886f178c7d0,2013-03-21 21:24:45 +0000
9c90639c10fea427d701632ed780e26ab539efef,2013-03-21 16:22:02 +0000
2993a89b06cc00a1a28f25a887f5bea4cb4b52ba,2013-03-21 07:15:32 +0000
3f7280b87e2e87a97e6fb3aa77f4fbd3cc977651,2013-03-20 22:24:09 +0000
cb83dcd4a382740ff4b0556469d68a099ec11c5b,2013-03-20 22:21:54 +0000
9fd53fafa1db3d809333f38186f8f6c7cfdf3fa8,2013-03-19 20:13:11 +0000
59eb9a9bad0ab01ea6e5ff1cf1888b869985616a,2013-03-19 19:48:03 +0000
68a9dc050f957a9bb0e0123ec9474803999eec09,2013-03-19 19:32:28 +0000
f83bbc1d68bd457dfccd370afb248126ce031eb6,2013-03-19 14:51:30 +0000
4e4e8fad43b1b105395d56d9bae98297d3fefdb1,2013-03-19 14:09:58 +0000
424cbd201ca5969181d68cff99d8b9b77a41cefe,2013-03-19 14:09:08 +0000
d18a6b851035818e38637a7b2f60e6f5c6367480,2013-03-17 17:15:31 +0000
5d5f2532404158d2c4329b32a7457525c30e6511,2013-03-17 04:28:04 +0000
7dd09bfb64388e05756fe428e55339e313d3852b,2013-03-15 21:49:05 +0000
02d2d148fcd1d82798eeedbb09ed75c031a122a4,2013-03-15 21:30:41 +0000
606fdac7df9cfbc85301ed7912808b15af744f82,2013-03-15 13:55:27 +0000
2e66239120591fcfb5181afcea477878433887f3,2013-03-15 13:54:52 +0000
b421289d6ebfa89dc57190763b61b5f6a854065e,2013-03-15 13:54:20 +0000
c75c9e40923d63486df8db26da94d0ed10784d4d,2013-03-15 12:34:35 +0000
53039d5d04fb5fbf2298e5b090bda97f602e2bda,2013-03-15 11:39:14 +0000
97a3ed9e21b969e1006f6612ff1ae76b1c79c188,2013-03-15 11:38:23 +0000
747476596eb9721297f2e3682dac012d81bd323a,2013-03-15 11:37:35 +0000
f636e777079d6fc4dc10ac6f150e156302a71e95,2013-03-15 04:51:34 +0000
8e14f3716935eb4cfb9e622c6227b80ac180cb88,2013-03-13 22:02:07 +0000
7b9797f4a2dcc0c76f67e28f48f2e4f2c7ced40d,2013-03-13 12:55:46 +0000
2fd0bbbeec512c34a202fbf7aca781d9d1695a1b,2013-03-13 11:33:06 +0000
8e483881549bfe0a19cb99317851ffe25e9ce995,2013-03-12 21:32:06 +0000
6422f76a759f4e0f281ee542c65a502d8184afd7,2013-03-12 21:12:21 +0000
8586637471cf529e66355a9185f5afbdf6b49f7a,2013-03-12 20:48:14 +0000
c664e4d33c8247b0b61051bdf003918fff4556d8,2013-03-12 20:46:23 +0000
e1f1860894c540ec9e972e250a8975f212fcf77a,2013-03-12 17:08:52 +0000
62f86d9580e1937583a142bb9f1febc472a39a2e,2013-03-11 17:55:12 +0000
cb5e94419fd43756bd2abda1e9a25ebde7e8a6c9,2013-03-11 17:00:41 +0000
6f3165670c9c1c6e383b283f390270968402e081,2013-03-11 15:45:54 +0000
3ad5595706a90adc920105b5c486e4fc0db6d497,2013-03-11 08:37:12 +0000
9d5715114c68524ffa5f5de34e869f3bd826b816,2013-03-11 05:04:42 +0000
0f7a461e1f2ff96f83c601aaef985d9b12b834e0,2013-03-10 23:41:21 +0000
e7f70e46c9c3e09124f08f4b8fa388cd297b9b6e,2013-03-10 21:34:20 +0000
c99413d2e925c6a8fa8132116c7ba985b54f67e4,2013-03-10 21:05:20 +0000
ca139a75fe8cd57aa52924fdf1ff380e37174184,2013-03-10 20:45:02 +0000
2fe8ea8d8e1aa8077651f0d771d21cfadb9520a7,2013-03-10 19:46:02 +0000
dc8b1f4ac5e633b125119514d830aecba83e4946,2013-03-10 19:44:31 +0000
a51119c0135dd24dd6d1a4d952b8329c2c7dfb1d,2013-03-10 19:02:54 +0000
55a655ca2bf64e8f916c96d4a891608f97df310a,2013-03-10 16:41:08 +0000
56ed0aeb10af13fe529651656899e9d086716072,2013-03-10 14:56:18 +0000
e7a8a261859022f4e5432278bf226c4f8d58597e,2013-03-10 14:39:21 +0000
fd8a0da6b976746c34b7e1b0d7697e73399bbd7d,2013-03-10 13:07:08 +0000
26f3166f1156ecede6e046ce2d74ac5bc3bf64fb,2013-03-10 13:02:04 +0000
0d057fc6dc9fac9e16c01e3647c2201281310a6a,2013-03-10 12:01:00 +0000
f00bd95151792341002bf4e987f403f0124bb323,2013-03-09 17:37:30 +0000
5f9169496b538f59f9b288386a261ae386bb4c5f,2013-03-09 14:50:19 +0000
41b097afa5cb95f946356afb60e27e797dfe16a9,2013-03-09 14:40:21 +0000
b95d3997a820c198fd8668cc9e54624f25648205,2013-03-09 14:40:01 +0000
374fe6e4320ba8d49bb4e62e33c1fccd6d872c38,2013-03-09 14:39:41 +0000
95ec5653c61b05cfadc74b4d4eb74a091a8fbb54,2013-03-09 14:34:05 +0000
76654191ac99c8eca39fe8e97c7eff792c8d05ef,2013-03-09 14:33:31 +0000
cf5eea99f458c511bb93bdd446c404978c04c0d0,2013-03-09 13:36:07 +0000
a0086bc16d8dc71fb0e3382172d766aed28396de,2013-03-08 16:58:10 +0000
fde2416fe32b757c8ac850461a81c5626da2c16b,2013-03-08 16:57:28 +0000
2405474275ce519d94dda81b5b3af65bd773896c,2013-03-08 16:56:59 +0000
2dd51f50d9c94a0aedf6bbb74a56b3a54f1b35c8,2013-03-08 16:09:12 +0000
b13e6785df3411adb528c797ca3ef0a208425dfb,2013-03-08 16:08:43 +0000
91ebbb6294771e5a270810dba16ec6dd49f8f9bb,2013-03-08 15:59:29 +0000
e6a5e6dc9c64835db241303db61583fbff7370b9,2013-03-08 07:33:54 +0000
26a0fb3b400336c668864fff87ab1bab692d3172,2013-03-08 07:26:01 +0000
721a674d93ac56400b27ea242b815be7c64816cf,2013-03-07 19:29:41 +0000
e0d71d77479faad31661f785ca346f78adfcbfa3,2013-03-07 18:36:15 +0000
408fa3a6afc6c9c843f690d7b837d6328aeec243,2013-03-06 10:59:33 +0000
49444ee6a56caee4eddc32c24dd960dd3195f7fa,2013-03-06 10:29:51 +0000
73605560b9f0205ac641ec602145756305a41f79,2013-03-06 08:53:28 +0000
43a6f15a1af977d6bf950dca17ab248e72ad8e95,2013-03-04 23:29:39 +0000
04050f35522f2a6d35a2e11bdfe4cd2997346fa8,2013-03-01 17:36:46 +0000
9cba348d7bbe474ab62b15e43d43dac8893ff1f7,2013-02-26 23:52:00 +0000
81df5de9225d3e6a529d6e1a69a33f091a1e204c,2013-02-26 15:54:58 +0000
ec49cf7d37d865c17d39dd0a6e9e3ae0c15ad774,2013-02-26 15:53:46 +0000
feda07b7e5b1e9cb427cd4e1749619ab7beb494a,2013-02-26 09:29:25 +0000
b84754cc7f06aeab1231dc6c09f2aa6166d56334,2013-02-25 19:31:52 +0000
f4e9bfe99faf9cd8a1d3cf9d1cc86df706b347bd,2013-02-25 15:19:41 +0000
d788563f4ea82e3b7d94e4bc335b30ed9362f8bb,2013-02-25 14:52:52 +0000
2925baa963da45b0db184a99cc30180dd251815f,2013-02-25 14:34:37 +0000
ccdf6bd680322457022efcaafa0fba729c0969a7,2013-02-25 14:33:53 +0000
684a87be709b44bbeaad59c4f313f69769c401da,2013-02-25 10:59:10 +0000
49d94ad78ccfcea4e4c6aada466b2077895310a5,2013-02-24 19:13:17 +0000
3ffdf6246aa28e290754c2e77a03a0b45af5fe6a,2013-02-24 19:06:20 +0000
8dd9f830ad13a07a818e3057b64d379969329356,2013-02-19 15:07:04 +0000
fc277966a7664f1ad1cc59c684112e759edc9246,2013-02-19 15:06:43 +0000
b1a4e8f2f962a51d075e341b3305553b1a2cf6bc,2013-02-18 13:58:21 +0000
2962744c710608bcd27eec8402335ca54a81fc9f,2013-02-18 13:57:23 +0000
74806d2e06cc219b11cb620fdd5d603d5b6121dd,2013-02-18 13:56:39 +0000
48dde3784e22e6cf886521e7ae17a327a461688e,2013-02-15 08:20:11 +0000
2edd83f5f5009f3ceba55f45d17b351effe65414,2013-02-14 15:38:55 +0000
ef76ef299edebd654ddf0382be577a7d94d59ab1,2013-02-14 14:43:15 +0000
81eddba084a136d1ad8ad134290e7144017bd929,2013-02-10 08:10:40 +0000
0b24467e5f96a5343c931353fa0c68a73ebe0b14,2013-02-07 12:41:36 +0000
3e53d407946ad1f88ee128406e3671ae63a3d756,2013-02-07 09:28:04 +0000
23083ae26ea55a368a4b11c096b5b763b52533de,2013-02-06 20:08:33 +0000
90e428ddacc7ebe85150cc4f8d6de90a9d62c818,2013-02-04 21:31:42 +0000
82048096768b4c6890c680cd57e2c4dee8ea28c6,2013-01-30 23:27:41 +0000
92ed793e3ef600e70b271b70997db67ca3e3732b,2013-01-30 21:43:00 +0000
95a6da2a6897d535c0f02af18629496f49afac23,2013-01-23 16:25:05 +0000
0c0822d658b003cbc5ff0b2048290f1dbb5590b9,2013-01-20 10:04:45 +0000
573c806be0a515d368cbbd81384520bb98662919,2013-01-19 13:44:41 +0000
95650f86eb397f9e0e0446104eddf301fc82b6c4,2013-01-19 13:40:09 +0000
08e227ad3a7bc216b8c08cd03eccbdeca8a7bca6,2013-01-19 13:27:24 +0000
d77c3d456a18b80f48966a900aa23d2685eddb90,2013-01-17 22:02:44 +0000
cedf0d27f9e9341a9e9fa8a192735a0c2e11be40,2013-01-15 12:15:50 +0000
fea4dd914bebc7eb4f2b4ec8086f4241a9bd28e6,2013-01-13 18:03:48 +0000
5f0e374d4fe80a870741c3bae03e94ec1746d8ab,2013-01-13 16:53:12 +0000
a70f833db4dfb4d85fbb8839f6cb3d725ee3c665,2013-01-13 16:24:06 +0000
cdb5465b867e5fa3e99ae6555c0eb8aef23a945a,2013-01-12 12:02:15 +0000
124d57aaa691e612989eae53b726ec430f8d5ff8,2013-01-10 09:22:03 +0000
6455041212d6ac6937616fb3431b5d44efb22f4a,2013-01-09 16:09:07 +0000
7f4375fcbdf78ffccd00eb65f9b12b7885ccefba,2013-01-09 13:56:21 +0000
d2999aa6601527baea043c99a28b4021ce14e4ce,2013-01-09 13:37:50 +0000
7fd57f31583c980875afdc60598d0bc7fb7f8a28,2013-01-09 13:18:36 +0000
7096b9b24ee63ce6e9a5d34b1b87ea7768c85fb2,2013-01-09 13:17:59 +0000
c4243e1103ff2c1cebf66debe1046433d56439a5,2013-01-09 13:17:08 +0000
2182ea5442f05398fe66157a9ec94a15c6d041e6,2013-01-07 03:32:12 +0000
27ab6fab60d420508c92a93f8d8d59c8205a4eb0,2013-01-06 22:47:56 +0000
185e3033ef43527a729c9dda5d57ed0537921a27,2013-01-04 12:28:44 +0000
42673df5b72ca93fa4dbac6fdb0dec19e0ed6992,2013-01-03 10:43:24 +0000
216497d772dd623e4fb28adfc01469ab695c304f,2013-01-01 01:41:09 +0000
a9dfc11f1d41f24d60775e8db37d400e16f673ec,2012-12-31 12:54:58 +0000
59c8371ba140ea6c4a720d3f18b020a7ed8981c4,2012-12-31 04:43:29 +0000
8bdb73e3e00abf89d5c5b6a74a657e704b85cb23,2012-12-31 00:30:27 +0000
6c8aaf03182d80e4c51e875fd8f737c5fdc6fb3d,2012-12-30 21:51:11 +0000
60510d27f54cacb1a8a589f92b8bfcd198b64ad6,2012-12-30 21:50:11 +0000
2836a6f9efcd30effe2f1125d47c38f62f96ed09,2012-12-29 13:26:44 +0000
b07ecae3d60c4f0233f1a1d97eb35d4a678f39aa,2012-12-29 13:16:17 +0000
ace42058d67a52fb362543c5cf5aca64cf8de3e8,2012-12-29 13:11:51 +0000
ed39d2dbe2522a7842d8f173af46b483d983cb0a,2012-12-29 12:10:52 +0000
250cf6e3669ee3c0cfda5d20761fb1324f594df0,2012-12-28 20:16:38 +0000
c7cfb66633dcadefb316b0df4cef98fa5d147089,2012-12-26 18:19:30 +0000
e008e6a4a9102563c5fa64baea7a284e8da9e861,2012-12-25 00:40:58 +0000
f50ed38e613a35bd918d61d6a52c4d298baa57a4,2012-12-24 12:25:52 +0000
69c88c75391ec345b0c24a4184e2abcc38fffc94,2012-12-24 12:09:09 +0000
4875ac92810ddea103d079870799b1c1ab9fd012,2012-12-23 18:15:36 +0000
44e910d65d034039ff66d9b3711e4de6a49c1691,2012-12-21 21:25:19 +0000
1a8e79797ce9bc198d875c745ec86d2d42cb15a1,2012-12-20 01:25:53 +0000
db71bca9601a5531cbeccbc8376f7186fa270fd3,2012-12-20 00:49:00 +0000
3c60c05fd4dc11089780976bc64ba941a350d26a,2012-12-19 21:10:20 +0000
a5f02be0357eac46715e31de654967c723382a46,2012-12-19 20:32:50 +0000
efe4fc43d663bd5a64d2cd625c56b6e9aa88dc0a,2012-12-19 20:20:29 +0000
b3fbfad2b1eaa99e94b473b40a408a3d40b34701,2012-12-18 22:08:38 +0000
c0a79b08096e0966e7c42861aa015165817fe58c,2012-12-18 21:56:18 +0000
8953bc740206a8f7f8655c82c3f41b4f837c0cee,2012-12-18 18:11:51 +0000
864fa3cfffde3362c91391efa44c62311837a549,2012-12-18 18:07:45 +0000
0be09792a0670d0758fbee20659186faa2c0141e,2012-12-18 18:02:52 +0000
f36deaccf22e9593c1ddf3670768af0745859e02,2012-12-17 20:32:42 +0000
34bddc56ae0fc3f067ad2ac294561b35b9136cbd,2012-12-17 16:14:15 +0000
fec55788a38dd9ff3ea7b7fad59334529e22aa46,2012-12-16 15:01:12 +0000
d39c4595b993a3a17e9fffca7cd28b5f74d14718,2012-12-16 14:20:20 +0000
32e7890edb2f69e914da6f012c16554df72cea2d,2012-12-16 01:38:40 +0000
386ae0156abf57560f14986bb0c276bd8a70e8b2,2012-12-16 00:45:18 +0000
1e40f1f36c96e244d860418db42717c7fd9f4cb9,2012-12-15 20:59:01 +0000
99155e564ce0175fb34926048c2660b43c38ab09,2012-12-15 20:47:47 +0000
0d31f273862dcc983a650275a23a869ba85c8259,2012-12-15 20:05:51 +0000
623963275a399fe053d548a85c3df1f1f859c73e,2012-12-15 20:04:47 +0000
7d61c9ada97682fb4778b20700a096b1a19f3c70,2012-12-15 19:24:04 +0000
1a77fde3cd0e4c1ca0e15fc19e4737f06622164f,2012-12-15 18:53:41 +0000
7fc64f6dcbb57c84255c36d3e6988d1f2be5d8dc,2012-12-15 14:20:12 +0000
0017c178364b80c0debc12e1a961362964c1c417,2012-12-15 12:11:13 +0000
d868dbf47df57efb0a8a39f73639b24f3b282175,2012-12-15 11:32:35 +0000
389aa0081a7a9b1fddd40f32d0a56147cb3b87d3,2012-12-15 10:23:18 +0000
23400334eef1408ccdd8e0ebfbae5835ed6129db,2012-12-15 06:45:18 +0000
fa7a7f017577286a394da259f2383c8d2f1a8b4f,2012-12-14 23:01:10 +0000
f235e1c1d01d0697f08c911e841d7561ea1452b4,2012-12-14 22:12:34 +0000
1f7c4345216b1927f27003e1ae21ff77ae533fd9,2012-12-14 21:47:21 +0000
2f332839813214a5ca7d9a606bd9d87fd699ae9c,2012-12-14 16:28:23 +0000
610b5d26c96471469c9b28bbfa5d92dc55552b30,2012-12-14 15:53:32 +0000
2bdc9d45488d26f59bbb5788df3365316f497ced,2012-12-14 15:05:18 +0000
6f806cfe41c88416f4d37e0a85f93bd119719a09,2012-12-14 14:59:44 +0000
29a297de44d2f4dcc3d7e2c22c313f51414dab8a,2012-12-14 14:57:56 +0000
7521e5af345c0e3c1bf567794e332cfce018881e,2012-12-13 19:45:57 +0000
1db324482cd31eaa1e42a7d43bf49ffa1d97c92f,2012-12-13 19:18:55 +0000
96f6fd10b62fc48eb64062175865a5aefa7e70b7,2012-12-13 13:39:04 +0000
77910da210dd4349c83d3455968ce14a2635845d,2012-12-13 13:29:56 +0000
3f7e2e38ce66b9d1fa902e936d0297b24d7be4e4,2012-12-13 13:07:57 +0000
28c30e9190a9c2710a4e80a8adc650ca85ce128b,2012-12-13 12:47:07 +0000
931e594d1107eebb22a0c973ef863b146c25ded0,2012-12-13 12:41:54 +0000
f25ba664ed4855435bde1ca8ce15588611287668,2012-12-13 12:32:03 +0000
4a75bce80e5caacfb99abd07f366cb2cf51c6fea,2012-12-13 00:54:05 +0000
889c2d9e1949025187eded54d407b7128b669421,2012-12-12 15:27:35 +0000
4a007942c4f4c183db35704a6b6ec9d003a268e7,2012-12-12 14:35:37 +0000
5968be0da029224652be029455201dfdd3c57b24,2012-12-12 14:18:22 +0000
7ee7843ffe817f79a54f77feebd51506f36c7ef8,2012-12-12 14:10:38 +0000
63623c9236ec410b0f919a5392ba6f4544327de3,2012-12-12 13:40:35 +0000
c5bb8dcf035aed6fd52ed56e0f8aeabfaabc7619,2012-12-12 13:33:20 +0000
6c048df1471e789042548ba72b13e4157790b62c,2012-12-11 06:10:08 +0000
905aaf45670c63aff879ab3b3b03667fc00cda40,2012-12-11 05:36:06 +0000
95fc482c331bfece26110bc3d7d51219b11fc0f7,2012-12-04 06:41:57 +0000
e1c509e156098d837260be92a4bd97faa6834f8f,2012-12-03 19:37:14 +0000
8f98daf1910503b00b131d1decc89db4dcc31535,2012-12-02 20:23:49 +0000
77da5588a6f41034ad4329af0b08d14e4d85a4a0,2012-12-02 19:34:05 +0000
d1e76b176abc14079088dbc363f5122e14a13551,2012-12-02 19:33:06 +0000
e3d419b8ec2a0ce283edaf5474a621458a290e23,2012-12-02 18:55:25 +0000
0fde6532f1fe1b067803979f1809e66bf9681770,2012-12-02 17:43:39 +0000
e10e0441a0551200657e2d24e4d9233a6542e4bd,2012-12-01 16:27:57 +0000
ce2502a52286715ee3d916158add32be3d19f249,2012-12-01 16:24:33 +0000
141f4b816337d81e30b54508a6939bf40b5282db,2012-12-01 16:08:12 +0000
492f3de98219d408bfdf4d7a1e9716a49273485f,2012-12-01 10:36:26 +0000
efe3c99df10fd471c9bbab5e76c03503fa3490b7,2012-12-01 10:32:30 +0000
de04366617ed4420a08247127e13698e3c738bf9,2012-11-30 22:17:07 +0000
f64b6a906bc0c939e9c21671c97bc2d997457c1c,2012-11-30 21:02:23 +0000
949ba2c5396cb41176325813dda9255f0cfce143,2012-11-29 23:26:00 +0000
ebae96965e9b97866d5b39440db1aace2439c3f8,2012-11-29 13:27:10 +0000
2855cc309ecd7fbbcff51db653cc6c191392e7c2,2012-11-29 13:12:55 +0000
4333489f685805c2a53f074d4d9aedb43a553d58,2012-11-29 00:00:51 +0000
d7f652b8162af57d12ee970186da8303e15eb43c,2012-11-28 18:13:32 +0000
647b3b4dde2f8d1350f8c02f96df58a250ac8496,2012-11-28 05:51:27 +0000
6d9e72505e2d0c76cb9fb2fa4b2dbbce3ae8c7d8,2012-11-28 05:48:50 +0000
a869a06efaf4ba1d5dcd13aa7b143944c0f72598,2012-11-28 05:39:39 +0000
87d61c2a512cea78e0d0221920c5955c6dce36c9,2012-11-28 05:33:36 +0000
c080fd3c18ec151a97f497df8045fba5570316d9,2012-11-28 05:30:38 +0000
c1a2c4081cf942cfffefc86f1aefe5b0f676125b,2012-11-28 05:27:27 +0000
2fde62aff6fd4045564eb3673bc57de453ceb99c,2012-11-28 05:24:12 +0000
2786244d0970114997ffc29603528eddae6532d5,2012-11-27 23:43:06 +0000
d580fb2ca8912ff94bfa9d7d777e862c1690268a,2012-11-27 22:27:17 +0000
bc69c0088dc273dde46780be21b6fc9dc48c30bb,2012-11-27 22:19:36 +0000
6844aba987aaf32c85a4eb3fba3f6ccf9d7c8db6,2012-11-26 23:02:29 +0000
4673043763616457113c70219e1950818ced847b,2012-11-26 19:55:07 +0000
fec77409580f1f1608b881a5add07ca16d081de0,2012-11-26 19:45:52 +0000
f348a29e5fed2b02acc4c0686ef711e26a7dbcbc,2012-11-26 16:01:55 +0000
dfc6a5c215d914e7774da3f8ac7f064fb98730c8,2012-11-26 13:29:18 +0000
46ed0af1c2d274d273b1b3ac89e61e62ba98cefa,2012-11-26 13:25:27 +0000
9e75d6faa92de5d0046f8b5957f9f0bee57e8e3f,2012-11-26 13:16:39 +0000
4d035b59a19415ec5fbd8ee5c2f7f53d9b59fa82,2012-11-26 11:22:02 +0000
71e11fc375eed7f4e6cecf436e422848e2ccc99a,2012-11-25 21:23:31 +0000
17c50866e06d627387a472693bc475b34770c66b,2012-11-25 16:44:39 +0000
e6dc431a6a5135dd64dcb766984074ecfe20abbb,2012-11-25 16:25:29 +0000
7cf359aab1a98dde0ef71f37e868167b2221e068,2012-11-25 16:05:57 +0000
27178b80c40bc332cfbbc962425e2d77625a59f7,2012-11-25 16:00:43 +0000
1d25ac89e365b8b001dec1d844f65b2c10179f56,2012-11-25 15:20:22 +0000
87a2928ff5949e75bbf743a59ffba512422d49c0,2012-11-24 19:12:14 +0000
eb889c8f9f7d1514b1fac1a09ee20ba84101e731,2012-11-24 13:47:59 +0000
9a9b2d3153119ae30cfbcb2b4de45620725d50a5,2012-11-24 11:15:12 +0000
ec46f40b0be95ff28b07204a5304de8e5262aef1,2012-11-24 11:11:10 +0000
53f44454dcb5e692c9a84944a22befb8e0a31dce,2012-11-24 04:44:02 +0000
9bcd29de47d027de4ba92fed2969701f52d4ce47,2012-11-24 04:37:30 +0000
a30bef00fb0367494b275bd4198f35da1c5dac80,2012-11-24 04:24:26 +0000
a42825bef54c4d5b40c52b5ceeda1a046ddf4b9c,2012-11-24 04:18:00 +0000
af675d0f8a602cbdde9a196a9935b09ffb565213,2012-11-24 04:01:50 +0000
15560aaba556fafd525908859895183e15cdda50,2012-11-24 03:51:40 +0000
3467a4bcd362267b16d27d0bd642c6325e53baa7,2012-11-23 22:34:05 +0000
1f51afc5a58a6c674d80b5a4f6834a0a7a563c7b,2012-11-23 22:10:55 +0000
52ca0256083a62c355f431cfa5a8c068b82e47b9,2012-11-23 21:04:03 +0000
5e0c6f420b5a6ad0914b20d62ff990a6f58d1cd3,2012-11-23 20:58:28 +0000
04c63b16302b3efdc6dcf799d2c7047a5611ff14,2012-11-22 23:17:49 +0000
ccf9403db502e43a41a673519ebc69b269f0a042,2012-11-22 15:25:56 +0000
0f6f0d852681eae7bde3efaed7818e89d42b6ce5,2012-11-21 19:38:02 +0000
0f8b84202009476a7d1baef7c9c8f50643ccc11d,2012-11-21 11:49:00 +0000
7cd13e493540a92a3fc77a77cab96fde1125fcd1,2012-11-20 21:23:44 +0000
0073facaf9f32999a63482acc602d65ea711ee92,2012-11-20 21:13:54 +0000
4577812519bd21f94df1c3bfd4b54d5e9b8e2047,2012-11-20 19:33:17 +0000
8da1dede2432607b2dff6fb09bb1dfbe23779da9,2012-11-20 19:29:16 +0000
a20e951321725a0d827d6bc395ccde47b64845b9,2012-11-20 19:23:02 +0000
cea5afed359ff9a516841baff31d0f0e8b4af7f2,2012-11-19 20:12:57 +0000
ad7ba6374db994e13c697f735d7f73bf94b66005,2012-11-19 20:07:25 +0000
120f6f490ea28c53394059c2c2f55b0c674a3e45,2012-11-19 06:59:35 +0000
ce126bdbc6d3dbc8a3e83e1884999afadee76866,2012-11-18 22:48:05 +0000
514492efd4b0b443202a721edea5493525fdb289,2012-11-18 22:04:54 +0000
cca05f0c714ed0984826433567f52bf31e90062d,2012-11-18 21:00:34 +0000
2a75c2afdc110137d98cc07407beacb31550a4dc,2012-11-18 12:49:49 +0000
f14e5102f2f8856e4f0af2264ec12ad14051e5d3,2012-11-17 01:20:08 +0000
76ca9329ca18519dc21cdbe815d40e68934f4160,2012-11-17 01:13:37 +0000
25369207345ba370b9509af807a6f04fc2d08882,2012-11-17 01:08:49 +0000
4cd203f41e34a07771791fe3423a94dde542f841,2012-11-16 16:59:16 +0000
5118f5376dc688b4dd7aedea8e3c5b35f68037b8,2012-11-16 16:49:38 +0000
23166ac9c19b2d16c681720f754e5a03b1c9a9a2,2012-11-16 16:23:39 +0000
d3811b134b8987fb02a1e108b4833df6b70f8c94,2012-11-16 07:58:49 +0000
166cfce47f4e56062b2fda70095c3770fc6a59a0,2012-11-16 00:32:18 +0000
b7555df62279baa90165ae794eb944d5cb03242b,2012-11-16 00:18:30 +0000
4870a5d99dd5bc2662e59c84cfe91d766d09cf6b,2012-11-15 23:35:56 +0000
f2235a59a39cdaeac29cbbe65ee68be73db7bf6a,2012-11-14 23:25:05 +0000
b06f4a4ac6bad068c49f8c885aa152a214228721,2012-11-14 22:55:07 +0000
615661c90fe6203612728b5204695ebd090e8236,2012-11-14 22:13:54 +0000
586a9603ef80d8de4a7f9a085057f13428b67ff0,2012-11-14 20:09:51 +0000
245fbc7d132d6caf7127efea997039074f259ac6,2012-11-14 07:42:39 +0000
3c8ba5e63019d22f75f33ded139e090b2482cf37,2012-11-14 07:41:29 +0000
4cb2a39629bd03a0f47082609d53895354c40b07,2012-11-14 06:18:40 +0000
a7660837c3541f6ee8feb22b71f8d2bf8904dcf0,2012-11-13 17:03:47 +0000
32d47dd08750c603eac2f41ace3b13c79cec3c4a,2012-11-13 16:53:13 +0000
ac5efee04b258151233f813ec00bb2f76288069d,2012-11-13 15:55:26 +0000
4b60e4262d3c897455281fbe7747be5c46b0a130,2012-11-13 15:50:24 +0000
674f5529856193274b19fe467dc451c0a10c1367,2012-11-13 14:13:46 +0000
593be67923f999c63c0404871243661e66d235a0,2012-11-13 13:55:45 +0000
b3246904060a5797abb8555ae3354ddccb2d030a,2012-11-12 16:03:36 +0000
16926f74f1ab84b8d10e5f09f59f30452f276f04,2012-11-12 13:37:20 +0000
de9e8b8c78fc5e15a8f70000115733ce4e484a3a,2012-11-12 13:33:26 +0000
6080bc88a8e9d8c2f9e5e76dd79cc6f2e143927b,2012-11-12 11:36:40 +0000
00d309c45d5e3291349560a7baff154f864b7fb8,2012-11-12 11:27:31 +0000
368050bbe6b188162aa3de3870a55ec244114b56,2012-11-12 04:33:11 +0000
c49c8c6667d3076f01bea9fb0a7ce7158d1b50bf,2012-11-12 04:32:02 +0000
f1dac3079acfa29a561d7b1451dd1a4577a074cb,2012-11-12 04:29:46 +0000
16acabd53f938735aae79bf7428359b68afea88b,2012-11-10 17:14:51 +0000
def7381851034dffa69f0ae47e233a4275f4ff74,2012-11-10 16:58:59 +0000
ff96ac92928ea463b59811da55f6fa760a02b7c2,2012-11-10 16:51:49 +0000
a17060162911b5a056a45b44af01c7ef7661e9fb,2012-11-09 19:03:28 +0000
6687706d443f5af0ffd1d6fb15c61516f92298f2,2012-11-09 18:59:21 +0000
b76ce72cf016218102f3fe069c41372ae4af43a3,2012-11-09 15:48:56 +0000
4ece62e101bd1717032b46d2da60f5341f618710,2012-11-09 15:15:11 +0000
3456d2a12a0bc2455cc5d076cde12151a1cfa57b,2012-11-09 14:57:10 +0000
ca08d0e8b13b8aaafc39d71de57340dc5f49f015,2012-11-09 14:30:49 +0000
a8045be9dd5c809edf2437132ab777f78b788b44,2012-11-09 08:50:04 +0000
e54d3237a37420c6348635a2800625f17fbeeced,2012-11-09 08:47:38 +0000
a6f3c8e1784f8c6d2b865e33ea502b06223d5772,2012-11-09 08:29:00 +0000
d177a29813337681b1fcbc4407e9e06263e63bb9,2012-11-09 08:24:16 +0000
b04b10ca6ec13a0c6b8be22188358d6d79521b75,2012-11-09 08:13:18 +0000
37791912c6cf919fbcd5af0b66ced9be2bc1529e,2012-11-08 12:59:07 +0000
2ce650bf54758aee82508eb7f06b46fbacb2c597,2012-11-08 12:48:54 +0000
54cfc6ce0a5d405008ae0cdcbab793cec680d1bc,2012-11-08 10:50:34 +0000
b65cad05b955257891412f8da930ab9a4ce29258,2012-11-05 23:41:05 +0000
568404b6eb0acd2ae282aac11f9f0af32c95df09,2012-11-05 23:32:15 +0000
c61b08e546703881350346490ecd887266220ba4,2012-11-05 08:43:38 +0000
2a41e40c151d35c30e314717fb7d594f2745962a,2012-11-05 08:00:19 +0000
387e7f9fa9872bc19a325e24a3aed23200a29dab,2012-11-04 20:56:37 +0000
6e40b488fd09b4aaec33c3add6df90b740dac77d,2012-11-04 20:51:21 +0000
0987ae5a20d51ce2eff67150f524511494926d3f,2012-11-04 19:32:35 +0000
1cfa9491a2c0cba7ce92207f6cd9242fca4b464c,2012-11-03 19:46:41 +0000
18360735db122d48bcd40d8eb18a03598e2873c4,2012-10-31 10:45:09 +0000
d4b31ce8ffdac9f3d3e9e55795c3be55e515e7ef,2012-10-30 09:52:09 +0000
ea8e5c488d36b6781a5f343150a48d6672ab4e67,2012-10-30 00:38:44 +0000
06c63da6c713adc0b17e7f7e0daa71b1079fd84a,2012-10-30 00:29:06 +0000
4d12f0ca684540cef88eb929ecb47f207db231b3,2012-10-30 00:21:20 +0000
e0f7ce9c7c1db05e4c9c41b2e2bc3ba53eabad29,2012-10-29 04:06:14 +0000
6f50c9e55d08684b2f8f34f164defdda86be213b,2012-10-27 14:31:26 +0000
41aa1c40fd8fe92f80c0513ead4a56c84a8ae02d,2012-10-26 23:37:32 +0000
4fe86d82eb16f68d31907bfd5a0f685a016d476c,2012-10-26 18:27:34 +0000
d0d4760c97ac6e725a37758743199d3c35c85559,2012-10-26 18:19:40 +0000
2796e77e2ead81b58b387dfff1be1e5e45e9290d,2012-10-25 00:20:24 +0000
8964c7aa09fd85530a4443a1630dff78b217fa83,2012-10-24 22:38:25 +0000
e0426dfbfb494dac67cc2d40b8d4fd5adeea69c8,2012-10-24 21:27:44 +0000
f5765cf99d545ba9a97edb009d906d85b50e8127,2012-10-24 19:40:08 +0000
7b5a64c0bbf1856a32b91021d444fea6f34395b8,2012-10-24 19:39:45 +0000
3bae991455475a81bcdc72c184741b66235e8fee,2012-10-23 20:35:04 +0000
477104bd09ee5c917631ee848da5cfad8187207d,2012-10-23 19:30:09 +0000
db51254b40e98a81c9d22cfb012b04744c68ef35,2012-10-23 06:08:32 +0000
9dffcfd3bee91d0560bc557bea5951ac228d19a1,2012-10-23 06:04:09 +0000
6d5763c53924c6911ce97ceca41e8b8afd2097f3,2012-10-22 19:32:03 +0000
2a9cbbab467052a523d3d59e3d66cf1ef527fb68,2012-10-22 19:21:36 +0000
c2e855d6a05d9a3c18cf66f493728f89dd16ea0f,2012-10-22 18:47:33 +0000
3b6bbf6d2cb86d165620f77cec8336b9050503af,2012-10-22 13:57:26 +0000
7096dabffa43dc80d2c8b9cc38dded35cd563c49,2012-10-22 11:57:17 +0000
b25f448d2f934c08fc4de4ed11b654c87b218bab,2012-10-21 20:08:32 +0000
c323480cf6a8dcc9037deb082a2246122c65fb0e,2012-10-21 17:44:53 +0000
231b9a89056afcf018578e20c6f9540d5441f4c7,2012-10-21 17:43:08 +0000
1d02ff125df4a5ade9bc704ef93ce44320cc514b,2012-10-21 17:33:37 +0000
ec6f1c82703a843b7ab35a17bd43637a4b2dcc68,2012-10-21 16:41:38 +0000
8bada7884571b998eb245199b409fbb3845dd732,2012-10-21 16:34:40 +0000
bea6d09158d8d332860a0b8d052757d5d546177e,2012-10-21 16:32:30 +0000
5b9302d5be3c35f6336ebb6b7f6cbfe732761d72,2012-10-21 16:22:50 +0000
0912bac5201d98af64a832766146797a9d75bb6f,2012-10-19 14:20:16 +0000
ea138c2da2c7dfd4b7e947fbad8c10d1fda745c2,2012-10-19 11:00:53 +0000
bdd5b45cf729331f06becc8c235d35b4f8898c46,2012-10-19 09:55:01 +0000
a355d8c20aa19b9a7fa540ead02bc8cd12804b5d,2012-10-19 09:30:44 +0000
4a3a3eba60249000a724d139d0cbc74a7ddcfd68,2012-10-18 21:26:13 +0000
41f74ba65167a7207cd336056d49a181e4ce0c39,2012-10-17 21:09:27 +0000
3a874d8f01e10c112a4621c6c129382e756dea01,2012-10-15 22:30:30 +0000
ecc9690e26ecbb33214c608d9d76e3ef81b286e7,2012-10-15 14:09:32 +0000
ac094067cfb2e0c8c286f39907b730fc5aab31ee,2012-10-15 13:33:43 +0000
91011db79dc6614b2e93d88ee86fa55674a5a22c,2012-10-15 13:12:15 +0000
652c6220cbec049eb7e867eb23ad4ba6a01b832b,2012-10-15 12:16:53 +0000
2b40d7c36b31e519f351e61ad054dc4ebf6f0f66,2012-10-13 01:12:58 +0000
8bc689a30cf1e5efee259e84d9578e4c7cd2375a,2012-10-13 01:09:02 +0000
91be760415299ad84a47d7558f79b75b8768c07d,2012-10-11 15:18:07 +0000
d1ea9a6fb7c0d1afc2de95db6c61e3321d503c8b,2012-10-09 10:45:16 +0000
4b7c9c9408f0c5c8120ab7db7330479df7438a8b,2012-10-09 10:04:36 +0000
4907b065683d77ac6dcd3d27fe492298442a3cdc,2012-10-08 13:14:50 +0000
37f8de95424970b85adb179a008bc949202aa3b8,2012-10-08 05:54:21 +0000
d0e8a3587a59c9190c81708ef7726c1f1437516c,2012-10-08 05:19:50 +0000
7cac883ba071fd11ecf8972c476bd1620c37c965,2012-10-08 05:16:27 +0000
3e10f8d47849f7f84a393d69e0161f7a0f14e150,2012-10-06 22:17:12 +0000
3084dd1e4a736ebdd8439dd24f298d3a26eea1d1,2012-10-06 01:05:06 +0000
288558e48e713e153261175635650a2f26470ff6,2012-10-05 19:54:00 +0000
955dda02584520060dce3d4a9e4f39dca621678d,2012-10-05 19:52:15 +0000
52990bc6446c8caadc930762e43cae3596270f99,2012-10-04 10:25:42 +0000
e41cea1e33bfe343f5d8327fce177403a4a2041f,2012-10-03 18:06:33 +0000
8eb3bbaca4201eae121f31c449668ac3d29058ef,2012-10-02 20:15:00 +0000
3b5d0dd52cb44d6268b840eca01396e9a88a9051,2012-10-02 06:09:03 +0000
bb0827cc81c2cbaa69bcc8f19268a1e473661809,2012-10-02 05:35:59 +0000
72051d7f6dc005d17c1fe0247aaed0ed15b435d2,2012-10-02 05:21:51 +0000
9f663a15e68d6b6dfc9937e970f38171f2b8e08b,2012-10-02 05:14:38 +0000
d685138370c839ef775474c9b7b0447e1d3dd710,2012-10-02 05:00:41 +0000
57b0a07b9f7f519b781bec5eb496fd4251e35325,2012-10-01 14:41:55 +0000
e055dcd21a4ed619ac117ce806b7bfc67416f177,2012-10-01 14:08:52 +0000
bb60e516545b148242b9ef65de6c6708c1e0efff,2012-09-30 14:17:12 +0000
df92c3b6f11dc85ee3b7e30586ea42b35225d35a,2012-09-30 13:22:28 +0000
3246e420062c114b376c71791828f1badeac4d2a,2012-09-30 00:14:32 +0000
1ac0c79080b1c47bf55d4068a37ecf5ad2cb76f8,2012-09-30 00:03:30 +0000
bfbb156dfb67cc4b6ad718151323418a9352ce43,2012-09-29 22:18:18 +0000
329cf9e8e643160e4da6fd8622aa5a3b3905fb69,2012-09-29 16:58:18 +0000
678377a1e84797e74daf1f5eb835882af9b172dc,2012-09-28 14:06:19 +0000
6129654bc2ea25e171e8bc1be534046ca35ed572,2012-09-28 13:28:42 +0000
e1ed0b96ba6020f8b817e9117217d1195a657815,2012-09-28 05:25:06 +0000
07f51c0deaa0a4a791956ece7388cb39a2c28c9e,2012-09-28 05:14:10 +0000
9462626718e809e3b92e353fdca80e807b413edb,2012-09-27 18:42:45 +0000
2a32964f25171a5776ade829b1c57d16a5832661,2012-09-27 05:04:10 +0000
8708ef28f22994b76205d04d8c7e53e92b0a5e8c,2012-09-27 03:54:04 +0000
3a3fec3bb2c7b5a65caac8f8f25e38d3fedcbaba,2012-09-27 03:52:34 +0000
9cf853b3fcc654c91640a8fdf1a162f903d38ded,2012-09-27 03:49:54 +0000
b89478217406493099b5f1d91abcfef0f48a7ef3,2012-09-27 03:48:44 +0000
e2bab1ae1303c114bf538fcb9373151e05a9e27c,2012-09-26 19:17:29 +0000
dadeacc23e03567cd6d58383e4e9e2191f3c5331,2012-09-26 09:39:19 +0000
2ff6587c4e8afc1c92b3b6ce3b7ea0b470b74c76,2012-09-26 07:24:35 +0000
774257e3a7ca803927ebd62d7acfa581cabe47e0,2012-09-25 13:56:57 +0000
282bb0eaa66d7c7ed3b4b65e2e5228c60a0f0dc2,2012-09-25 13:29:16 +0000
ecd4748cdf7fce6ec845bd2b41bcef57b2ce4157,2012-09-23 21:42:51 +0000
ad252a8ca3f08b2de70b039a302f3814524141a8,2012-09-23 19:34:02 +0000
eda482d9f90f76cd461b5afebda526badd6e89c9,2012-09-22 10:02:53 +0000
f33f1fb501bba7041615caebec30eacf4ef4b0c0,2012-09-21 15:41:06 +0000
5144e1d878297d57aa7e124e73520fce3415ed22,2012-09-21 15:34:03 +0000
b55e020684e54bd3d339572f1ef3543be360b6eb,2012-09-21 15:32:18 +0000
abe53a537b4d19a878e8de3735393e0c4e85aa7e,2012-09-21 14:17:37 +0000
ce118ef14a28d06f69b571186fdef6670c6d9bb5,2012-09-21 10:42:30 +0000
9146a58024280ebfc7cc869f8dbc89999f9206e5,2012-09-21 01:56:06 +0000
95bf9fb6cf8083c919c91cb8d5114637efb04cf1,2012-09-21 01:53:28 +0000
d2258eff70a31e4eb540bec87fa26540cfad8265,2012-09-21 01:49:51 +0000
b2cea08e85b368ba6d6883a0512ae3dfed3ece9e,2012-09-20 18:50:45 +0000
7a74137904984aaa59284626810493d1ed060571,2012-09-20 16:21:46 +0000
600f00ba58b3cb1041fc9ef041dd3c1d6cf5571a,2012-09-20 10:09:37 +0000
b245e08d2484216cf12c49a92628cdea5291d724,2012-09-19 15:21:57 +0000
322fde4ec5331313aeb37184b1ec0c429556f413,2012-09-19 15:15:43 +0000
a20a890fa6cc71885a560567aafe91dab8eea241,2012-09-19 09:12:01 +0000
c390c53c22d971c76f97e94132abe88a0d54964a,2012-09-18 10:30:01 +0000
5259df5f9195dce373d73e7084254e19cccd7446,2012-09-18 09:07:54 +0000
19c954cabcf87dee4ebec17b028b061fccc35877,2012-09-18 06:38:33 +0000
f91ffbac36d637c7e70d49e88a5334c5f76b2bc7,2012-09-17 19:54:33 +0000
830cd9eecafaa56e450150dc4a019bb49d30d408,2012-09-17 17:42:47 +0000
3876bd9bc4561334b807bc938f6bb77f2043042e,2012-09-17 17:42:19 +0000
be26e43b989d340ec9221cd76591172e39180428,2012-09-17 17:41:54 +0000
69f087edcb8dc2dc3753eeffe52890606ccb30df,2012-09-17 17:41:24 +0000
06880f1138498473cebcb273d034d0e9d4d4aed6,2012-09-17 06:48:04 +0000
dae4cf5da15517eee16a9a337d42b7e9677f060e,2012-09-16 22:11:15 +0000
0752ffec8fcfdf6957aa88f96bc4542c5dccb180,2012-09-16 16:54:20 +0000
79f99111d595ea500d73fcae489cf285b0a67b59,2012-09-16 16:50:32 +0000
1f914f9917aee65e9a1f31cde5c538ea7b5ff90b,2012-09-16 16:37:34 +0000
b694b79c607062fa9da9798c2545dd3fd02375a7,2012-09-16 16:35:49 +0000
be41bc205398c9b0b79e72aef8870ac85769ad6a,2012-09-16 16:35:23 +0000
7536672818ae9a4a036c98ed5be244c5ad20f257,2012-09-16 16:32:10 +0000
75fe8b8b99ce0ef9c682f5b2d90727bab498e17a,2012-09-16 16:19:55 +0000
0a900fa6921fa13d40f546017ac02c8dc395b856,2012-09-16 16:11:53 +0000
9ad58f46b091ef6ca47d8a3219f1036cf2cf0d24,2012-09-16 16:09:17 +0000
497fe1c79bac4550a56f58084bdcd37e4a7aded3,2012-09-16 16:09:00 +0000
1a9e32ab8f63ab40517a9e3837ca8c5dce52f20d,2012-09-16 16:05:57 +0000
ef8beb8b2b4847aa99c7d94618860c374995c1b5,2012-09-16 15:19:55 +0000
6709b11f9ee42044984464bbcc7f44cafe32dd07,2012-09-16 15:06:06 +0000
51f446bf0c09a0d051341ccec6ae50a0daa1728b,2012-09-14 21:55:46 +0000
c8b8e612430cdc2f54d0bbb3f25f1c956963d99b,2012-09-14 20:17:00 +0000
8bac3361f2aaab7f2086e04f8ae03a973d521915,2012-09-14 20:16:05 +0000
1c032ee45483926f8f539457c342ba33dc1a8cb9,2012-09-14 06:42:06 +0000
aa0b1cc78838bda5c371a568abc8b13a3760f1e4,2012-09-13 19:00:51 +0000
406a6ae49d83919b74921058ad9db88f1044ec99,2012-09-13 18:21:05 +0000
70b769ec7f062f8ea48248290b6606806364b0e8,2012-09-13 18:18:36 +0000
621bbb8fc7ef562d86e18bbc28c5d4f25a68b442,2012-09-13 15:13:03 +0000
8469bc496c0f6f629b0f6406e11bc8ad5a93b0b4,2012-09-13 06:11:05 +0000
10af7e2b2fc16122a7cc693486482002f898d513,2012-09-13 06:10:06 +0000
443f4127282f4b758d4932b8c927aacd14aa2bae,2012-09-12 18:37:46 +0000
84f92e19288d132c18d5a5945ee7f6dbde43ab45,2012-09-12 11:23:23 +0000
88678b58a45894e86c3c8cc3c66d46fb6b5aeb2b,2012-09-12 11:22:56 +0000
6fe3ae0e6c4a78938213a6ebbf1080248e81cf70,2012-09-12 08:55:32 +0000
d2f23bba39b7633c973e32b313be1f36ce757023,2012-09-12 08:55:13 +0000
b8de2704acf39f981d562338fa1a214eb397f91d,2012-09-12 08:54:40 +0000
85bab3ba611f096f6c6f7776d7fa6382f09df75f,2012-09-12 08:34:10 +0000
47e5bb380eefdbd0217be98295c54b03a38b6be9,2012-09-12 04:43:38 +0000
f0921e844d248366acca73b14097412d6f91e205,2012-09-12 04:27:47 +0000
b30425df872adc7cab0a9f0b3334364aad213350,2012-09-12 03:46:31 +0000
ffe65f8eaca4ab6705816cc378c241c2ab078bb1,2012-09-12 03:18:46 +0000
cc22b4d09badc728b747e1aef517e7f28efe68fe,2012-09-11 15:33:37 +0000
76e8646b953dd23a4cea2a64edbd744c09db619c,2012-09-11 15:33:10 +0000
f4cd0eec56271fc9a545bd47f2e42a262e588228,2012-09-11 14:56:39 +0000
226145f46daadb78d72a539d8cec321afcc50158,2012-09-11 14:42:44 +0000
e0557c2c89c8026c4f2e840007b2978ebed88826,2012-09-11 08:37:52 +0000
5998035a9fafcfb68ffbdc33551b8ed41ab14d4e,2012-09-10 19:05:54 +0000
a70cb1668ea4c0fb04aab60f04bb8dee3499f2a4,2012-09-10 17:42:53 +0000
71469066967dde4c30b14e38a2b1c818c619adcd,2012-09-10 17:31:51 +0000
22bcab04fe9c6494306c98c683f470a4960aa781,2012-09-10 14:48:03 +0000
b883dcbc08044687bc037ed2170f18416893f7d0,2012-09-10 14:47:45 +0000
0955f5db17f6621aac41d8841fbcfc4885673d3a,2012-09-10 14:47:19 +0000
e46f4c0c0546f63f232876b47e57785bf8610091,2012-09-10 14:37:27 +0000
9e69a3400847abbff912f1848e29d7eee6643f5d,2012-09-09 16:43:27 +0000
f947c72da7f23b534d568ded6f9b24fe18fe39bf,2012-09-09 10:40:55 +0000
9e2e73e4ec334756fc221f65ad16192fee121dac,2012-09-09 01:47:34 +0000
11bc47878c612e542d577af84bd655e81fec2632,2012-09-08 22:56:11 +0000
66dece126a7a3130cc79b44e0527b8b5eea41bcc,2012-09-08 22:15:32 +0000
2d2912e4a1cca5b62d283390c5220ba560b902ae,2012-09-08 17:48:08 +0000
ae26b9bf23d2c8924e854a36fa92e454a0e2c6f2,2012-09-08 17:27:47 +0000
b8f2fb815f7a8f0d97b79dfcb544199ba4a661c6,2012-09-07 22:35:01 +0000
ac597cc1720cd06840486b309b6deefb09123982,2012-09-07 15:43:40 +0000
ad923872f34675312d7ca774512d2e28e0052501,2012-09-06 19:42:35 +0000
d3cfd50cfc21381127fb4de1944287519df45ab8,2012-09-05 21:52:42 +0000
86321681e744be1c1c3192c1e5f7cb1516e79a06,2012-09-05 20:06:07 +0000
50823257710da85d4b57a99a61dc6127eac7ca5b,2012-09-05 19:22:17 +0000
366d796c364714567c114bff27547bd8560bd487,2012-09-05 18:30:28 +0000
54d00b13c6351a1e7e676db7c4bf05409ff9f63f,2012-09-05 18:30:08 +0000
1dd611f794913bee56a0e7089b28861f168b0dce,2012-09-05 18:29:47 +0000
003f022df47bfb1370514aca3b2cee1a9116f3d7,2012-09-05 18:23:54 +0000
52582d8c458d6c836fff478e3b8d3ca8e09c2417,2012-09-05 14:51:46 +0000
68fe06032ac32e948b4fa9701978cd185e31796c,2012-09-05 14:46:59 +0000
350f726ce591004a795c3a241540887e79c3c7bc,2012-09-05 14:22:44 +0000
04b34cc1a560fd334c5602c62fc6efdcb8f90581,2012-09-05 06:53:45 +0000
8a0fef0fb7044d77024699de0448497467b756b5,2012-09-04 04:10:09 +0000
4e7d797b1c33397378de21f83a132ecbf1305b10,2012-09-04 03:08:31 +0000
56a22909a1ef737952329dce5149a5b21fc4c2d7,2012-09-03 03:54:23 +0000
9e933debcb82fa645c66d561d2dc4c179390b4e6,2012-09-02 14:22:52 +0000
e8e94f59360f776d638bc31abed86cc06a1d17a2,2012-09-02 14:21:00 +0000
46d95b23ff8852c34e66d057387ef7b3b212cec6,2012-09-02 14:19:55 +0000
449f2d4f79fb975c27c4ca96f9452534ecd7f611,2012-09-02 14:19:10 +0000
98e56e813d50092e0f909daaadf4267dc4e4df81,2012-09-01 23:56:50 +0000
aa79abed6da00ed31cc208f1e5392b869901033b,2012-09-01 23:54:52 +0000
0af91ecfbe4deec846cd30fb32145d82b920a4ff,2012-08-31 19:40:30 +0000
86f09b3e1fc30cfebf2263f7fbbadc13f9f15c44,2012-08-31 03:14:03 +0000
aa2da41c6820103a8069b1bc31a88e722d734961,2012-08-31 03:12:16 +0000
4a150039554cdd50e466aa80f7565d8191e49201,2012-08-31 02:51:24 +0000
cf1f553dc66931091beb6994ac95083c761f4302,2012-08-31 02:48:29 +0000
c1c7da271bf109bbbfb4df7d914ff180cb8c6907,2012-08-31 02:13:25 +0000
c4f81a87ee8fe307bc391ba04caac04e4c51f06b,2012-08-31 02:01:11 +0000
1398a16c7cbb6fddd275733d4ba4348ed3718cee,2012-08-31 01:59:12 +0000
99a95525313da6fb3ce4cba873060be5a0b2af12,2012-08-31 01:57:50 +0000
8a3dd3725f8cd9361677ffb48c9d5a768217c99c,2012-08-31 01:53:19 +0000
74b5b4486899b28a5cd336e7e699f024c40b0e0f,2012-08-31 01:31:47 +0000
8170e47c2282eefb3f927f62264a9006313ae8f4,2012-08-30 23:18:57 +0000
b6bf913d140d3616906fc7c75235660e1de90d79,2012-08-29 06:20:21 +0000
6d0dcae172c2f6ab0c4035aceefc3f5ab46514d6,2012-08-29 04:28:47 +0000
f394970a174b719739de9223e097dca66331ee00,2012-08-28 11:35:35 +0000
74cf48bee768d971a6024bb75d02899825e13b10,2012-08-25 14:11:42 +0000
c768e7288a469215335c48decfb6f4010fb0ff0b,2012-08-25 10:06:00 +0000
f3f5800a4c8664242b26c82adfee16b796270ce2,2012-08-25 10:05:13 +0000
e9b6a4ffb38647898dd660fee9db9c69aa48004d,2012-08-24 06:23:34 +0000
7b1b5e529c7bb039b142e61fb0063c3ff39bcde0,2012-08-21 19:17:56 +0000
2c8cfb1aa7db1e7fbbfdfcc809a892b06240f63f,2012-08-20 19:53:57 +0000
74d366c8199d9f7905c40206a648c188a4adcd68,2012-08-20 03:40:58 +0000
f936520bfad3a4e4fa8201e741de9bf9301fe49c,2012-08-18 18:11:11 +0000
4fd62ba05b1e81e15ffaddc86fd97d6b100afa97,2012-08-18 18:10:34 +0000
63d00ba803b5257335daf15bd934c53ba0560f89,2012-08-18 18:09:45 +0000
09463e6705d1fffcb522026367c3a2bc5a05fd08,2012-08-18 18:09:21 +0000
93d37df3b381e6199a04b4aa3af26c8ae0430543,2012-08-18 18:08:57 +0000
f175f3703843879b5e7c1b2522f1f0d7321145aa,2012-08-18 18:08:29 +0000
f3f3fc2595fa7d3880a34382ecaaca7188aa3923,2012-08-18 18:08:02 +0000
b23e1c330eece03ae28edaf252191ffe9a45599f,2012-08-18 01:10:20 +0000
8abe21fe47c128c797bf122b30c8fca9f75652d0,2012-08-18 01:09:25 +0000
fea45dcee87721602d56993845ef8eb7604b46e0,2012-08-17 18:54:06 +0000
67dcc7053330e8221433e723b1e3a70fbb03f100,2012-08-17 18:45:49 +0000
43c489d7cb189267621c3fe2f2b05a124345add2,2012-08-17 15:09:59 +0000
bd59fee7a677696a82b90eb2eac3d533671e6d47,2012-08-17 09:50:54 +0000
64a7948cee2c83e44bb51b7cb7b282a915557b1d,2012-08-17 07:15:28 +0000
d48f623281e3ecb37c8a68aa226e5c9f65fc78d8,2012-08-17 07:15:05 +0000
acaf4d9caaee8770481249c2f2e1fc3b83296c70,2012-08-16 21:35:14 +0000
02123844e89fd7fef128e375252156262d0e96ba,2012-08-16 21:22:09 +0000
b1741d1b461795f7de1b2ebccd24405fb875dddd,2012-08-16 21:00:39 +0000
7994d3ee9d49098dcffb0c5470714076305e38cf,2012-08-16 20:43:59 +0000
91d24dcb6f558fdbd0e75875ade025ce81f26c90,2012-08-16 20:14:15 +0000
f06fe1c09870fa52cf974d1b601cea2e91b572ae,2012-08-16 10:08:17 +0000
d26fd0236a9456d1c3f7cce709208f86158c7ad2,2012-08-16 10:07:59 +0000
7b090c5eec262613cb558ff5812722b92c24a7b0,2012-08-16 10:07:42 +0000
486224fd360efe4c5b9cf2c632c4b83cb1936edc,2012-08-16 10:07:26 +0000
4c56e614974c73f17e3d6b3badc8ca4cb416fa74,2012-08-16 10:07:08 +0000
68c813c94559c1b9ec3ae7cbe8a92c18aae93df2,2012-08-16 10:06:50 +0000
70ea04693245cbbe08a3719ff38a36470539ce70,2012-08-16 10:06:33 +0000
09b90da8254ce4eddc2b080f7d7a118a7ef639b1,2012-08-16 10:06:16 +0000
4e72620a3785ff59f69346c861ae45357a1ac9f0,2012-08-15 18:30:18 +0000
c90de5a469b7190391fa0d1b05252aec762ddfb5,2012-08-15 18:24:25 +0000
9b5b8d7d455149cd16f9568ed4aed8019e568602,2012-08-14 22:02:06 +0000
16a5a02a84720a71289c96bbcd77e77419fa687d,2012-08-14 18:50:53 +0000
ff43dac3d2a5c6e57e302ef7e603d11417da7b1f,2012-08-14 14:25:50 +0000
6f859c5f5b0a380a99f029a10ded7d4f6a2eaa16,2012-08-14 09:45:36 +0000
30866a4cd3ebb84791b1f0a6c21a881d1822e7e3,2012-08-13 19:14:00 +0000
b6d40681620660194efb4d05b6384c41f3ba8208,2012-08-13 14:14:17 +0000
07aa93aae7bf33ac5d3044366f2dc2e1117785dd,2012-08-13 13:06:26 +0000
1ec0b8d52767b2451d63c239d74d22015968d0f6,2012-08-12 22:55:34 +0000
0f9adb18757e251076efaf18af26bbf7c3d0b77d,2012-08-12 21:22:58 +0000
33877ac5ed20985a33a7e9ac42f78d2e8e50de9e,2012-08-10 18:58:58 +0000
d05fac054e8e4f3b03794540a759ad02f340be0e,2012-08-10 18:33:06 +0000
b46cdf1bd64d1fb01af6c2e6eb581034d14cc288,2012-08-10 12:19:48 +0000
be1632f3e3852939ff518efd30ba6199f042e43c,2012-08-10 12:18:12 +0000
add45005fc374be9199f8f63f0c0f1b172c1a21d,2012-08-10 12:15:23 +0000
f2fe7245053cfc6a7ab9eaf0ed4b3e5903fb90f6,2012-08-10 11:59:20 +0000
746c998e1a2a380f6bd844886bca6d0b3a76b1e7,2012-08-10 11:54:46 +0000
f465d0aa697339ea7b165aee43199887433aa454,2012-08-09 15:55:18 +0000
dbe216ce600a65214366c4c5a26262f0587a4163,2012-08-09 11:40:01 +0000
0ee65b7169fe4cf27c8625da9750a994172e0be5,2012-08-09 08:07:25 +0000
6e85e1c83761acfc56485b1bc22331c9bed79676,2012-08-09 07:54:06 +0000
f040e261bfdd835d6b1908d17b03503b85dd9ced,2012-08-08 21:52:22 +0000
87b597c622e5e83beb5e45cdc4bd06266a3f9020,2012-08-08 20:33:43 +0000
13f4032d6c103bfaaabe89f2cd36dffaff5a10b6,2012-08-08 14:18:16 +0000
5827a6faad6e0b102f9b1e387e0c31dbe6a732cf,2012-08-07 21:38:58 +0000
5add6876dca051fdfcdcd57c9cf65e956a8ec104,2012-08-07 12:49:31 +0000
12983d5e048250c5b598fc94ec8fbd3383612ee8,2012-08-07 12:48:25 +0000
404b6196a5a9fc9576047fb1ba1c4e4bd6b5ef25,2012-08-07 12:43:41 +0000
8d97496f8df4ce634bc7e58fcfbc635da32a3edb,2012-08-07 12:42:33 +0000
2e16492cbfdd1de397ce92f578d3be081b49355b,2012-08-07 12:40:56 +0000
88c71ec9d7b43cb7b77047cbb8133b284ae34588,2012-08-07 12:39:29 +0000
8fd9c6eee09e81ac8e17a21c52bd0152a5d1e870,2012-08-07 12:38:59 +0000
e3ec8ebcf05cdad207715fd456e6fc8110b93e08,2012-08-07 12:38:39 +0000
aef4dd02f9147051ac5350f28b7d7073cb8573a8,2012-08-07 12:38:06 +0000
1b434bcd8eff04331b74d3cc912e328b521d13d6,2012-08-07 08:58:37 +0000
6c8f74edd87205eb8c1363b2c018e7458aac8c10,2012-08-06 12:00:27 +0000
68486630e0ebb212a500796da926b73f41e92abb,2012-08-05 20:20:43 +0000
def7c9911aeaaf9eacba0c1560b38fdca33e3083,2012-08-05 20:03:28 +0000
1a44ba4b6152cdafe636c867fd973e8cd1348078,2012-08-05 19:48:31 +0000
bd0008e809e1b735100f3ef8003d0acffcb9b7cf,2012-08-05 18:46:54 +0000
0b1a5c141598e9a6c6d95b6b72548ad2798b7e72,2012-08-05 16:32:52 +0000
c2811e767df538f8ff25d9922d1bcb53792f9b46,2012-08-05 14:11:27 +0000
efb3e07afe66351f9879601d4bb3dd4b6d89f059,2012-08-05 14:00:33 +0000
d880dddc55707fcfa4a59b5a8ff3b0b49bd5c4ba,2012-08-05 09:32:46 +0000
4104b213685843ad6644fd02b4f4d92ec537ab8f,2012-08-05 02:37:15 +0000
b6e62ab83aab52e53a29f8e547f1d934e73b2a9a,2012-08-04 23:11:45 +0000
bfdf1c44af26540c3749806e300ed0ff580efcda,2012-08-04 19:40:03 +0000
ef205a5d1a6e43413ba9efe86f13364c7b1a92be,2012-08-04 19:24:56 +0000
5396f1e119b6e9ab7f58b66a67e38bcda9a6d989,2012-08-04 18:06:59 +0000
b68fc58a61377d65a3b4b1d405e618dab85cdeec,2012-08-04 16:22:52 +0000
6ec0872f2844de1b39d1c00e76ecb963edba35c2,2012-08-03 20:50:33 +0000
44b2830b882874f620f6a014d80486f91c999f21,2012-08-03 19:59:36 +0000
db540a6b917f5693d3a58b4be8b9453310642187,2012-08-03 17:15:38 +0000
c25dbeec0f802672b9acad924ad235d67c2f5ae8,2012-08-02 22:18:08 +0000
d7c0f27e9fac104f613dcb672c243d3dc7eaf655,2012-08-01 21:24:27 +0000
63a48705a496bf2506121dcddbd8cac2a78f877c,2012-07-31 14:58:01 +0000
a49e443c44766df45d254e13bea377d4133f5ee6,2012-07-30 19:37:48 +0000
107d7f3ea8db440cb2f0a9d626c87a34ad061bae,2012-07-30 19:07:05 +0000
ebc0d3d309385831e3fd83a7a0da155c0ac2b27e,2012-07-29 12:12:11 +0000
72779b230040d8dcc0c39d9791fc6c9d8fd2d142,2012-07-29 12:05:48 +0000
0ed64edde5e0d61a02750536ed5ac19a6a216c80,2012-07-28 17:44:32 +0000
574c9abbf2b9311e8678ac4c857241c6328d89b6,2012-07-28 16:37:40 +0000
6b537b20f98b380ee3ecfd51d09ec8de6aa8c048,2012-07-27 14:59:43 +0000
e64d8653d1a4a653dc47da9f398d31955700ebae,2012-07-27 14:56:10 +0000
b451fdc8e47d231c7f29c74aa5b9f7a7d0e50c9e,2012-07-26 13:29:56 +0000
0062503cf99a95641cbe11452c9aab047e80871f,2012-07-26 12:25:06 +0000
31c3a82d4cb252dd874b9882f5520fcf45252c01,2012-07-25 12:40:14 +0000
7d077b14310213b90e1e34eaa4f655580393d043,2012-07-23 20:46:28 +0000
2166fdac3d13cb044b5e6d8e5f6093aeaa17d6b1,2012-07-23 20:20:07 +0000
f20ae062d38133e09679104c1e38857a080997c1,2012-07-23 20:19:52 +0000
01e1e93d6aa29da76e9f9849e0e04cd11f0952ce,2012-07-23 20:07:29 +0000
5553c9784284a4ba0e7a9fe00aa607b372722043,2012-07-23 19:56:59 +0000
303993e9239df6eb47de313751a557862b9697c3,2012-07-23 15:07:39 +0000
f51a7ca5fef18c31078d80cff428c1e365e562c7,2012-07-22 22:45:15 +0000
159ca6ebb90f83b701436aca8a84aec8bc60776a,2012-07-22 22:30:01 +0000
28a66efb7637d26152c3e42e5f851be679dc5719,2012-07-22 21:56:20 +0000
463896f1cceea99ecd1743d34706143eba00ac93,2012-07-22 20:01:12 +0000
4bef9360676b78378c456475408f51859d7b6f80,2012-07-22 19:53:53 +0000
b19f70ba00cd9d81745127ffa17ce0753c0236ee,2012-07-22 19:38:36 +0000
438938e5581eee15af64b6b93a94811b926c4b62,2012-07-22 18:27:12 +0000
0d7c65f4bd505107349ce5d7ec8115c2e4b721e6,2012-07-22 18:21:57 +0000
758d1329be16563e3f824c44d5bec6bf8f3e65ea,2012-07-22 18:21:02 +0000
c03c4a399eeb108b7a8e05a77182d08ec4ae63f2,2012-07-22 18:19:26 +0000
a25aa0bbef95486e0b6d4da22c232bde21c52812,2012-07-22 18:16:43 +0000
30a037d2402e4c281ab789c34af15dddf3bc43b6,2012-07-22 18:14:11 +0000
63bf6a5dcf0049dc1bae70449fbeb87cf1ee6701,2012-07-22 17:42:38 +0000
063515d0aaf538de9aea7926a87883295c1b41c7,2012-07-22 17:39:16 +0000
85ea9b32bdf8185c81ef2160f060d48f40b9a680,2012-07-22 17:29:45 +0000
5e76de1cc99591e9e82358f6bf568716364d8c80,2012-07-22 17:27:02 +0000
bcd6ebb554e36c21f7ce87be61262e757e8da092,2012-07-22 17:24:20 +0000
2f013e37462f8399886c97a69ba94f763b887b7d,2012-07-22 17:23:12 +0000
8b7f2a69cf482c59851dd4944ec37381a3b9c8fe,2012-07-22 17:22:05 +0000
d66e446778d40b94d426fc4289483f542c7bc809,2012-07-22 17:19:22 +0000
e42f60b937623c5374caa1bcc3287676512dea99,2012-07-22 15:30:45 +0000
9e9d237ad3f3e8d0eadee5497101fb423b9b7786,2012-07-22 15:29:11 +0000
072851608e93ceaa20674cd941df5db992f6f3fd,2012-07-22 15:00:52 +0000
6953c29492478bd466d4d174c928a2f54b0db559,2012-07-22 00:57:41 +0000
d8f4cbb53936ce7dfbe287605bc57f177840b992,2012-07-21 18:14:26 +0000
8287659b3d51c72d152f78c640410c58b6e44ebd,2012-07-21 12:47:04 +0000
3a87c22aeefd047d83964edfa76d4cc51b7c2536,2012-07-21 01:10:04 +0000
aa5e60b456b5962eed16cf08894f320057611ac1,2012-07-21 00:42:49 +0000
1fb8df085056e232d7caccc08cafe9d96c9dc39d,2012-07-21 00:08:18 +0000
6f92d77bb176242038f8d08a3f2adaa778f0459b,2012-07-20 21:27:21 +0000
6aab53516261a1b92dd6274fce8d7de361a97a12,2012-07-20 17:12:30 +0000
d6f70780c9bd28b1e1b37d8991d11acd80955fa7,2012-07-20 01:12:08 +0000
9a0794de0f932dbfd162c68285f53a0044ef64e1,2012-07-20 00:43:45 +0000
7771f5aabefc915457c2ad2ad7eba15e75021bb6,2012-07-19 23:49:15 +0000
178ab444fec5370f65c2c90d7048c0940ad8d204,2012-07-19 23:02:47 +0000
c56b813444e048c96dc759d88c41e7863183ac09,2012-07-19 22:02:16 +0000
4ca1aec24cbaea5204f9b5199ca9825d320203af,2012-07-19 12:01:05 +0000
cb719d1fa8da9455fa1712ea566b364784d7ae37,2012-07-18 21:08:51 +0000
1213c8a2dd83c3cb6931334626955ae853924e25,2012-07-18 20:49:43 +0000
7dd77c4bdfae88618c5f0e95ab578d73e897b64a,2012-07-17 21:30:23 +0000
35c5d7143b6c94b13364d13a589dca5a664fe0cd,2012-07-17 21:10:34 +0000
d8273182a6a57fccd970c6a23a8ac250edf5b8b4,2012-07-17 21:07:08 +0000
abd69cafa685f7575ab9c7bb1a9fb072e9ff4587,2012-07-16 13:38:12 +0000
a05022cbab551c0185ef026bd6fd21f446ac0911,2012-07-16 09:57:06 +0000
a201eaf582c1eef82851ebf6083647f8b6641490,2012-07-15 23:42:38 +0000
bf2ac35d56ae4b48fafffef8c357162eb145b112,2012-07-15 21:06:33 +0000
3ba28fe49dc307ec949cea23811b5f41a39b852a,2012-07-15 20:50:13 +0000
8b71139a7480131091e16b5ed1d17797c28ada56,2012-07-14 21:19:36 +0000
aad388f4b4ff6792f3c43046010a7541120ec373,2012-07-13 11:37:40 +0000
d607d9323cb01890feac071dab2934864422243c,2012-07-13 11:20:42 +0000
b8d454adb4207e6886a9b6d48c5c4a0948a864ce,2012-07-12 14:43:18 +0000
607c9ec626ae23ac6bbca72afede4037ecb495d7,2012-07-12 13:31:45 +0000
6eb4655543213e988ff01098d0954e70bc8699b2,2012-07-12 13:17:08 +0000
5cdd5e950c15b7e641189891e59719948019f6e5,2012-07-07 10:26:33 +0000
42596833d50655c9a60726eafaabde40759f47c8,2012-07-07 05:17:44 +0000
e36f4a730d231c5ffa81cac28d9281e2f7ec4052,2012-07-06 19:31:00 +0000
c846a2953f500dd7a0ebc95d500e787a207e562a,2012-07-06 19:12:52 +0000
f838857569fe7e77fc0f339b83f5cab90903eb32,2012-07-06 19:07:07 +0000
3621d9d55970d817c6f59bca978d17e0ef54c6c0,2012-07-06 19:05:58 +0000
8c10a80525937da9f1eac9e52b7446c5b6e03b7e,2012-07-06 19:02:16 +0000
58c9ef25efcf1509e61b9ee3b2adbbe77068fe91,2012-07-06 18:59:12 +0000
2094b5cb5fc070a17a018076753733b1fdc57f20,2012-07-06 18:55:49 +0000
e24e3100edfab3dd6aa14dbbc1b8b9ff4a1afa19,2012-07-06 18:54:29 +0000
1ebfcaaffac784b5a267acc80ce7652da90b5ac3,2012-07-06 18:32:03 +0000
cae661e3ce0df0d37316565d57186e99a40f615c,2012-07-06 18:29:11 +0000
53fb7e87040a65dd93b80d68a424179befd61a73,2012-07-06 18:24:50 +0000
092c0972bae84d01e456657974db63354d43dd4c,2012-07-06 17:59:42 +0000
12dfb2e92df5635709cd9092f5567c07357241d8,2012-07-06 06:23:03 +0000
e89009749feffa56922b2fa8fb7ecc42496529c1,2012-07-06 05:47:02 +0000
8762808a0449fca72050d660767f1ae1dd5e9fa6,2012-07-06 05:26:35 +0000
ea6d2beeaf34d01818a53cdee4f4f6582ee95e9e,2012-07-06 05:18:39 +0000
c7196c8f20aaa8095fad98cd465105080ff6c6a7,2012-07-06 03:48:04 +0000
d182f07d6aa3e2e9685a126da5953fe7f0d8206c,2012-07-04 18:00:02 +0000
f2187efaf00a9b3a9421d535e20598868c06ca21,2012-07-03 23:03:55 +0000
075a88a074d0db35b2ee4549d7b751d68fb699a6,2012-07-03 05:51:57 +0000
8071ded100328216b09d3e5aecbfc4f9ccad22de,2012-07-02 05:46:10 +0000
5e5cb5ec2fefdcd469cfdec9197746acdec46149,2012-06-28 06:09:51 +0000
590934526e933d5a3e121d1b575cc6ebf817f97b,2012-06-27 05:53:09 +0000
fd40f7a4f6bcd5f712582e0bca4306d0123b8455,2012-06-27 05:37:55 +0000
6b4e87c928fbf0ec7f2c9cbb2eb2e10c8f289094,2012-06-26 06:09:27 +0000
83461fe890b57e80fa1aae98ffedde628a06ed35,2012-06-26 05:45:13 +0000
8ee2bbd33f6a2bec479bb7a08c73ccbf4888fad5,2012-06-25 15:00:11 +0000
a4e4583de20f845d58be996f97767f94d2950fd8,2012-06-25 10:44:38 +0000
3e8cbfa5c99b8abf82f472f9a63c9b7a51abed1d,2012-06-25 05:57:14 +0000
c1e51be5a8a52c27ec07bc187c37be68765e8c9e,2012-06-25 05:42:09 +0000
692c542c5e3038ec9edc5a05ca6ea7c4d2f070ff,2012-06-25 05:22:58 +0000
2881c10609f395c127571cfff329e36f1b0813ef,2012-06-23 15:12:34 +0000
1977d4d9682daf14620b0da472de5aabc98b8780,2012-06-23 15:09:14 +0000
b30f3d55562471055862c3be42fb3a1a5c5d341a,2012-06-22 07:06:28 +0000
52eb62e4dd78d7f75b44e37c245061d6506c93ae,2012-06-18 10:13:40 +0000
e8a6708cfdd4b18981244383469ab75d1c09f768,2012-06-18 10:01:12 +0000
5f00c9b7779f2a7698acb53df86323ef5276d422,2012-06-15 19:49:16 +0000
bf181a9152b6f2c09928278138916a1cd8d50e8f,2012-06-14 20:37:29 +0000
31217dfcb2da1c8b0af6f94bf6346987599e7783,2012-06-13 09:30:56 +0000
07d05a070c3c2cfbc64bcb138de6012786919202,2012-06-12 14:27:56 +0000
069590396c90a47773dce88316d3eca2c7862a14,2012-06-11 05:52:16 +0000
6ffc68337fb475d9423ba028e5b4caf78dd805ce,2012-06-10 15:12:57 +0000
a9889607c1a94c5c24b80214ee84ce0358bdde25,2012-06-09 18:59:44 +0000
e790293f6ea56cd4455c880cd795d8fcfe972d17,2012-06-09 16:00:05 +0000
ddd5f1a5e951525c013077b8ec9b4c12c482eff4,2012-06-09 13:11:38 +0000
534c5fe89f6bfced4db2a991f9d1e5650e43b8d8,2012-06-08 20:18:10 +0000
ae57c3dbba060a68d13b26221168c6478c25d9f2,2012-06-08 20:10:49 +0000
a1469c73be56561f4488d4f0835b8e75f5f297c1,2012-06-08 19:56:42 +0000
33169dcf75724f6190b5c14148553b52899936e0,2012-06-08 11:04:11 +0000
a40ad8af53e6607a1dec7364cb9fdca03ac44b59,2012-06-08 10:47:59 +0000
e157ce55412694e3f0be522c23f1d683866380f4,2012-06-08 10:41:49 +0000
290224dce3adbff4b6ec898ab9323ea9661f68d8,2012-06-08 05:50:11 +0000
1d0adbdc72a59c15215636b003a7544f039a74f5,2012-06-08 03:24:01 +0000
32a92993892a2c1e799f5bdd06938fce8849a473,2012-06-07 17:10:48 +0000
fcfe0a0644be82dda0f9cb79d4cefc5535454425,2012-06-07 05:45:44 +0000
00bc945db4526b7cea61c0d7af6e6f8d388a97b1,2012-06-07 05:22:52 +0000
3a7911512fc944d50f9043e34b754746b548d8d8,2012-06-07 05:12:46 +0000
ca70b29dd7700903a8a265e7e168d30a92620ddb,2012-06-07 05:05:33 +0000
3e83661989479e7ce889c6e07aa39015a18b3ad2,2012-06-06 23:48:49 +0000
6525baf1941d083b931f9f31f4bde8daffeaea5c,2012-06-06 22:33:42 +0000
60c60e05f87bd7683d84dbbbf83c8df9f3ac989f,2012-06-06 05:41:21 +0000
a37a9384f18098d3634ae844bdf22e6fbe202cff,2012-06-06 05:21:18 +0000
1214de50cd00b3b2dca78a90283f02c9864c3edd,2012-06-06 03:56:02 +0000
8d8ede74b556b5d6d72ca98c2a48e0441b488b0f,2012-06-06 03:23:39 +0000
3f83d10d68cd157c886218d7ab8696942d7f4e53,2012-06-06 03:19:18 +0000
5a4f0a81713e650aadefb3601333f39d51315509,2012-06-05 18:46:29 +0000
118e94b5e981f6e1fd4ccdf41c80677fd972d030,2012-06-05 18:26:02 +0000
09d7f9a7b88ca4a41f1644c5c8fe3184d6151bbe,2012-06-05 17:11:15 +0000
0f9932a5c52e854141e9e853b1f0857dc7de52f7,2012-06-05 17:08:20 +0000
1d9b3006bf3e2b736572cd13621b5c8eea7c073a,2012-06-05 17:01:57 +0000
ce5671bfb0cb6d9f579d77b4ca5616165f05119d,2012-06-05 05:45:41 +0000
6d5b6eb0d1fbd975e05822bfb21e4d78f8dbe3d9,2012-06-05 05:37:37 +0000
a222b6b3ac92e0585acb70d443056873b12f2c15,2012-06-05 05:10:55 +0000
ca6583feb8e6dcd9ff23f9495fef0d22a14ff2d6,2012-06-04 05:40:33 +0000
8987aa0cfe1bc7c20ad7f4e69250bc696261fc23,2012-06-03 23:24:43 +0000
290002cb887c1da64da293c390e40905629fcd31,2012-06-02 17:53:05 +0000
bbf926511f74a3e7fd0bc8714ca3126ac8d3a4b1,2012-06-02 09:46:23 +0000
9b78d1ed4c2644949d057e1f236184e134f9cfa9,2012-06-02 05:34:40 +0000
e0885ee01f0759f3b9233045374e7508442006ed,2012-06-01 20:02:04 +0000
06c509b3b8818985e94c199aef57960353ac7038,2012-06-01 05:31:47 +0000
47635bdb4ac2464f8a9f8429cc25ee1b1165ef98,2012-05-31 23:55:12 +0000
8ed5527ee0404240865c84443f19349212511c1b,2012-05-31 23:38:16 +0000
a567246d1e41cbd2eeef1cd795c8d46cc51a7ffe,2012-05-31 23:34:46 +0000
ebb3d8441054fee1d327b4010c1f0defd8222ffa,2012-05-31 06:13:33 +0000
0fa29579f5af17e360e54c8081719288eb993f2d,2012-05-31 05:51:16 +0000
a25ccdc4e66779a853c3a517af9656c8f831bc23,2012-05-31 05:49:03 +0000
30c4a5bea5c973b34e9063341199866d09e84917,2012-05-30 09:22:58 +0000
c7b488ff701e5be213c77d115f4e4bfeeb8bffb6,2012-05-30 05:25:46 +0000
d5d66faf07314fea6f4f9fe4e2cdf6828bb5d720,2012-05-30 05:13:28 +0000
7db343eea957e0649e4e47271e5a24ff0b25a968,2012-05-29 22:26:43 +0000
60b153397501e2abb7014d043f058948c0e37d4f,2012-05-29 22:26:22 +0000
86e1cc033533b3e12b7f7394c19fc9a0ce4f1a39,2012-05-29 22:24:24 +0000
129e53d466a78a57711cd3635c0f5ee74dca38fc,2012-05-29 18:59:54 +0000
24c940f0b50ffee730168cbb45f314e1c2ec73e3,2012-05-29 12:21:27 +0000
ab58ea0f84ca91922740fc6692a41664f32caf38,2012-05-29 09:14:37 +0000
7f97d1399bd03e0540c949aa486a62dfacb3db86,2012-05-29 05:36:19 +0000
af78040b501b51b6af4d1887a37df41341664426,2012-05-29 05:34:41 +0000
29c353915bc74d98ff96d7e90d134adaeea9b34d,2012-05-28 19:59:42 +0000
dc4dfa3b70bcde117f5afc7a36bcbcb05460a965,2012-05-28 19:31:54 +0000
3246e6a84b06b27534813efabf36ce390aa5ae82,2012-05-28 18:21:39 +0000
e93b7b2c64c1c0e13ecc2e6bb20bdc9fb91a4396,2012-05-28 18:17:44 +0000
209f22fc1c28b3a2e7af9b06866cf020e09005df,2012-05-28 18:03:44 +0000
8aa20ce2a85773181d488cee7ee00f4b90345f4f,2012-05-28 17:53:37 +0000
dfc64f86000aa14081ad5682fbe9b26f76175411,2012-05-28 15:39:57 +0000
6c13bef9eb8822d46cbc4fe8c4a2e48d7d685cef,2012-05-28 12:17:38 +0000
75f1113439c4b76371635b9676d99b4ef584a092,2012-05-28 12:09:41 +0000
6b5659033e48e96c7d7bddab9a715132b6661e19,2012-05-28 08:31:13 +0000
97a5210fd70a226f2d18b27d6beb74ebba70966b,2012-05-28 07:54:16 +0000
03d011748df3bdcadf4468a380c76f86e0d5a2dd,2012-05-28 03:22:28 +0000
58966065ed757b8aa0c7362035caa8d9d6ae6949,2012-05-27 19:45:06 +0000
c268d99c5a184e542ae5e3cdb6afb41b28e1cd30,2012-05-27 18:45:48 +0000
d8575d1ea11aba66530279722d9217bc4bdb1e7c,2012-05-27 18:42:44 +0000
b203596f1e6f7ef3ff12c2307775c46dcf9f3691,2012-05-24 19:23:37 +0000
dde021f1ee26c496237a4edc547dc613a952cda9,2012-05-22 06:34:37 +0000
3a08bfa6d8f4260c133d2b0054c0e4cad592b03c,2012-05-21 19:55:30 +0000
282f7175a4d8944e4744cdc8307e58b1efd19e72,2012-05-16 05:36:40 +0000
4b8ab11cd59f6db6fb458de691068724bd9d43bc,2012-05-16 03:34:32 +0000
453356458f192d6e731b8f8715c696bf605c1166,2012-05-16 03:31:10 +0000
a6f743b5f205f1fce14738a954734e83ce7dc4de,2012-05-15 06:21:53 +0000
94e0cbdcde5cdd29aad59915ac6eb5e6c04491b6,2012-05-14 10:50:51 +0000
dd6cefb0ccb596d0597e2a9991766e109153ab25,2012-05-13 15:51:56 +0000
8f423828e0d9f34896f87d803c559adf2d953f30,2012-05-13 15:51:30 +0000
39b3fd1877e130d5f66bd4ff014ce9e1ecab6e8b,2012-05-13 11:16:45 +0000
0a88a3cf378d829fe2f3bc132c381d380c18a9a5,2012-05-12 12:54:49 +0000
e75e686431b7ed08de78c5b53d55dd33ff423ef9,2012-05-11 00:40:26 +0000
1822d254718eeaf3ffc7c9243859663a53763f8d,2012-05-11 00:38:29 +0000
7d9357dfdab0037053f7efbf1b094726b86feaa6,2012-05-11 00:32:27 +0000
49a950d28cc436705d24efd2f904915a6aa3d28c,2012-05-10 23:36:07 +0000
bf6aa3118ef1921ac50e29aa36018dd81d2675d0,2012-05-10 21:53:43 +0000
35474152116f4fe1ca86fd03d94d9fd3a1e9b2d9,2012-05-10 05:08:01 +0000
cb164171e6ef49b5cec7fb5db40729bd3de795b8,2012-05-10 00:14:08 +0000
ec4edd9a2019765e3db48d69ee83a5fcc205ac2e,2012-05-09 12:14:16 +0000
fb88e67bb1db551524a17231b458cb16db1aa115,2012-05-09 10:27:04 +0000
afce27e29d42c5caa46a2c7496fedac647405ae9,2012-05-06 19:40:57 +0000
a8aea5a50b203721a159ffb1d2d93f44194c3cc5,2012-05-06 19:29:02 +0000
1428c12d5e817c27285855ecebbedf209333528c,2012-05-06 16:43:02 +0000
ada3793d40dae7f77cd50bee8e13f4f74f93953d,2012-05-06 14:33:32 +0000
8dcea987fddacfdd0bd21a9d65eef19987545857,2012-05-06 14:32:42 +0000
5869a102fd6ae6800da9239edb45e5117ecf0e1d,2012-05-05 17:53:32 +0000
ecf317f16ecfcee1dc59ebb8d48e3ccd6d080e58,2012-05-05 13:41:04 +0000
833111b2e81ae248f6ba38553a0dd7568d438439,2012-05-05 05:10:22 +0000
28a28399279c42e5613865dc720d81e4908929ae,2012-05-04 21:42:16 +0000
3c4cb189cc91c5ca78cab3ba95dc82bee715d39a,2012-05-02 18:28:37 +0000
450456208cf75b865fd3c0878b6b4f70f6b329b1,2012-05-02 14:24:55 +0000
8ba278047434deb16a3d3bcb7f92c1e70b2877e8,2012-05-02 13:26:01 +0000
e1bb49d29d7812d68869b232d689a40853aeb29d,2012-05-02 05:50:59 +0000
afacae936b738bd3ca6dc86b10e6f38b7cb14729,2012-04-30 11:30:48 +0000
d0a5eff570d47aaec3631c7e7a5a9c4b68442afd,2012-04-30 11:26:10 +0000
0b8e0a285c6401016d58294ac80c636ed2e2084f,2012-04-30 11:07:42 +0000
6c3673c46bdd1b1c24a479b7418baeb12f509353,2012-04-30 07:41:58 +0000
d3561ffecb6e9793992fb6c20fac846d924d701b,2012-04-30 06:38:00 +0000
55824972ea05affdf3c62ebc63cdaa10e1ee98d6,2012-04-29 10:08:23 +0000
48d4f49acb2625a0147a116e6a23b20dfbe73398,2012-04-28 23:05:47 +0000
f700aeba3e2f05c8bd4618354be9b3f17707252a,2012-04-27 23:30:41 +0000
c8f373fa5c17cd35e5a24cf4c44649b6e91f1d77,2012-04-26 12:13:49 +0000
c7c27f910a99aca49a91d725a2410dae3bb2709c,2012-04-26 10:02:48 +0000
c3e3184821ac6d2a13198b0cb6762079136701fa,2012-04-26 01:32:58 +0000
83dfa0a5c07b100a1ba2f73a30413483ae2a8f5b,2012-04-26 01:29:46 +0000
2ba27ad9dff805a17843c1db32068c613606d91f,2012-04-26 01:28:14 +0000
a5e84b3e75ed0844ab25abc928061e75db2d079f,2012-04-26 01:19:36 +0000
656d46f87277b7bfe04ed05122d275a57909e98b,2012-04-26 01:18:46 +0000
27f90d65a5f7ff141915c66af3ecd564cdfcb361,2012-04-26 01:03:16 +0000
58a204274e8010cb535b385a9cfebf0cc283aba5,2012-04-25 14:49:44 +0000
460839bd6110248e85a1a8927a0a060977b05e0b,2012-04-23 12:10:14 +0000
2f6a4f8456d4043e5492cf3e6c5c7dbb6606c102,2012-04-23 09:27:01 +0000
ac8ff245097c97c79fcfd4792ee8a56797c5a2ef,2012-04-22 20:01:44 +0000
cdb5e8964b264480e4db984a23c85047bf820244,2012-04-22 20:00:33 +0000
23a6ba5cee8df10197a2a783d8a55a15bf0d4c86,2012-04-20 21:08:41 +0000
5e7c71932287090e41bd5cfd250dd945d7242cc7,2012-04-20 21:03:21 +0000
de12e28789bd8bc2e213530150cdec6fa41410ef,2012-04-20 20:15:11 +0000
b0146fbe53a7c9726ef0e428e3589320791535ce,2012-04-18 14:42:13 +0000
ebadb558aaac32dd82e1355a915d42c521a3e740,2012-04-12 18:32:53 +0000
0d61a96330afa923801c585c7d60be48b26e99b2,2012-04-12 18:18:25 +0000
6c6d54e80e9d7f9fcd71c0a4c0a60336e4bc057c,2012-04-11 10:02:43 +0000
6eadae1ee2f3c3361ec8c6af3dba4f3805273194,2012-04-09 16:55:03 +0000
e1ee1ce8a0d5b461b94e2591a09351b559a91d19,2012-04-05 22:17:47 +0000
f81d4ff3a0a38839b415f6ba6699e729fce98245,2012-04-05 22:08:45 +0000
371b7ce0330c5abbbd19fa82ce59c9bdedc53ed8,2012-04-04 18:44:00 +0000
b9ca51f09f38e5a4d73bcdafd09080c91670379c,2012-04-02 18:46:42 +0000
c016eb832b7ceedadcce85fb8fc7864611d7a0ef,2012-04-01 17:47:03 +0000
4142992080eb8aa75dcfae34808e66c4ce39760c,2012-04-01 16:46:01 +0000
4de8470c862a11c20189a64365e7fd48168cd37f,2012-04-01 13:10:08 +0000
361d9d469fd5b0a9fa9e81ab8c00f8eb919f2d3e,2012-03-29 09:04:24 +0000
9ca9ea19c4675c8f2b7b4e82ab470bc32ad2b6b5,2012-03-28 15:15:20 +0000
8e8a2d3b7abbf812de3f78e0b00640224fccc858,2012-03-28 13:04:47 +0000
eece0ae4aa954cce3367b6a39a3e7f095a987c2d,2012-03-28 13:03:18 +0000
99667c817a6097690cf2210b5549f299f771af18,2012-03-28 11:55:05 +0000
faca098140300eba6cba107aac17538bcf109ccb,2012-03-28 11:45:25 +0000
f0e12317641c2f50c7f1835fcac65953e38879fb,2012-03-28 10:21:22 +0000
923800c071a4003b6d56574efb34150503f7c5a4,2012-03-28 05:40:46 +0000
731daf82cf5c36bb51a7758141d331739cccafd0,2012-03-28 04:18:44 +0000
c23d010ce14ede2e916d1b1d186add9cd27c93a3,2012-03-28 04:05:59 +0000
610c5e8b1ab60ffe2e361a1c0a4806f8a0e9c978,2012-03-28 03:19:33 +0000
0bff3901f4447fed56b3a1751a10ece840d63517,2012-03-28 03:00:33 +0000
380892dbd095f453e57a2a9f81b4722466f160f4,2012-03-27 06:02:15 +0000
c4d2c8617053a7cfea8d0036b88d9ac6751c4a61,2012-03-27 05:41:58 +0000
5762e65833dc13f463c131bed4fbf3da2ba78cbb,2012-03-23 19:51:12 +0000
20fa2579ec2d60a65fa405260e977f27e1967380,2012-03-23 07:50:51 +0000
97826e417774d9081b9b01e6f158e023a90fab76,2012-03-23 07:25:44 +0000
3160b5c5cc631b731a2b31af0239586c913033fd,2012-03-22 07:15:24 +0000
6f72f0544fee21c283bed474cf7ad4eb0e2d8d99,2012-03-22 03:51:05 +0000
b53fa38639e816a7f7292e82190bba5ad6c45c74,2012-03-21 05:49:14 +0000
96d79054dc340add8f00380e6c8301c8f611fb3d,2012-03-21 05:26:45 +0000
221617603433e2ca591c3ce52754a7d0a9dbe1a4,2012-03-20 07:04:05 +0000
439fdb9d9db5e23b8543ad3a512b85a2bca48cb3,2012-03-20 06:37:26 +0000
d90d2aa935a670d90bdb701a02c324467ade495a,2012-03-19 12:00:54 +0000
c5026ce4afe11ec197e1139ac90fd15178def150,2012-03-19 11:59:25 +0000
8b4597937e00ecb269318355cc3e092030d64a9b,2012-03-19 06:46:32 +0000
3c93e75f7d12d40cc0ba576c856c07b6eeae6b54,2012-03-19 03:01:57 +0000
1b3a557544b8b5b2b38bde691955bffc810bcb73,2012-03-15 21:03:01 +0000
d7bb55465ca17c1f42ba342bbe28121e6aedb5d9,2012-03-13 01:05:55 +0000
21ff4d548e57d047fdc9d7c6fc8fe34d277e902f,2012-03-12 16:03:12 +0000
15f0cc682c860241d51f685ae74247c0db04727b,2012-03-12 15:40:53 +0000
0b14107b564bda70f14163f733db5ddd94338b1c,2012-03-12 15:40:22 +0000
1a3881f3f554265f63f10a2a9d5fe331caac87ba,2012-03-12 15:31:46 +0000
3db1f9464984be1c39cd32be2f33b6cf27e1c265,2012-03-05 01:02:44 +0000
833cbf756bdf7be440a494535766c42e0e3a6ede,2012-03-04 18:37:26 +0000
ab55ca079968e8cab3f9b3b617ce1993931a275e,2012-03-04 18:30:44 +0000
bdde40a7fdbf40bfadacf161b04fda33fe50a96a,2012-03-04 17:59:33 +0000
60174ccbcdfb12f531d4d35a76906d83c3003cc1,2012-03-04 15:26:42 +0000
d37c71189d971b5ad6084c1cd910c50205ae2b7f,2012-03-04 00:40:59 +0000
d2b0a951709e63384f8ed5f3f543db266a5021ce,2012-03-03 11:48:57 +0000
a7d60be75e1ee1a65beb5f3dd2de7f77cda5c2ea,2012-03-03 03:55:24 +0000
12482617aebab8c37403052b706b561477643232,2012-03-03 03:35:20 +0000
92a4d6b1a0bfd6f0f26dafd2eff17ea178ed5775,2012-03-03 02:51:26 +0000
a9fec4191b3fc9d71ee12d085431583476bc1704,2012-03-03 02:23:39 +0000
5774179f4b5cb5603b6eaacdddbd0390dd2f1527,2012-03-03 02:07:07 +0000
d27bfd83d63a02fb8f313d528c0d265961174332,2012-03-03 01:52:06 +0000
f8efb929f491a9bf1b03f2d3f0a5e5fd42f95e52,2012-03-03 01:31:52 +0000
a998dcce9c5591342d9a2b7262ce5dcf3832a917,2012-03-03 01:30:03 +0000
9072f7e81345499b347ac68ec27f8b02ac02ef75,2012-03-03 01:22:57 +0000
3cf4c1aa01001c4625997d3a87cda54b6ff5c590,2012-03-03 00:55:17 +0000
26ecdb664174419b9662cd47b1d574e7b68685b5,2012-03-03 00:53:08 +0000
876127cc44bbd7776fa339382306885cad2a2c7b,2012-03-03 00:47:39 +0000
97bc1fd0a634eea4df35a9b9b92f244edf537b3a,2012-03-03 00:46:37 +0000
198b8a312dbdc420df55a7a942ddcc6c967d08fb,2012-03-03 00:45:19 +0000
d253634bd46dbdfd3171266618fb9657357dacdd,2012-03-03 00:44:04 +0000
389cc27463f681230781fdd555409f1fadc0797b,2012-03-03 00:39:50 +0000
e40ed5d28abdea5193ca0240c3dc7e65f57830e1,2012-03-03 00:35:47 +0000
7c8e4913a54777ae7cefcd2deebbad6d1ab91a76,2012-03-02 23:55:58 +0000
4c13c0fe52829e93aeaf2b8c8658767167c0e40d,2012-03-02 23:55:08 +0000
314dee1ee3c634221162f6071c62b5b7864b5e6e,2012-03-02 23:49:35 +0000
af2c6693016ea2ecc7aba48050b924753ff7bdff,2012-03-02 23:48:35 +0000
7b7488445d0987eac8a5a0e1b555bd2571fea3fd,2012-03-02 23:05:31 +0000
b36fa9593f3eb72ea18eb6943e4e2f5e381916cb,2012-03-02 21:13:36 +0000
c1dcc4853854d0ce21c90480b4c5c9ed29468aec,2012-03-02 21:12:41 +0000
0c296e28eeb072fb85c2072995bcefaece529482,2012-03-02 21:06:17 +0000
cfe771eed1a6287ca9af6bd0a0de10f8382065cc,2012-03-02 21:04:54 +0000
5aef683e00d90e3604c7e0293f17a4898d07735a,2012-03-02 20:46:42 +0000
b4bf366a9601e0fbc3e21c070f1727d246637a58,2012-03-02 18:31:12 +0000
e9c6edec9e685bba0cbdebf336717bcae2393cf0,2012-03-02 18:30:40 +0000
42b95f45ba7c05156be5037751e82426b6e4f067,2012-03-02 18:26:46 +0000
c93578f658ac4b30e1910e6eac06135cf7e28d80,2012-03-02 18:26:28 +0000
abe3e2edd508075fb2b56fc63478985e304bf910,2012-03-02 18:23:09 +0000
4bf04186dd7a0858d7b8ff76aa28d0c67f01d9bf,2012-03-02 15:29:37 +0000
b83da333fdc22e87b4c6a578d3c503a744285df1,2012-03-02 10:24:13 +0000
78e543e7485f788f3239d4f31bee2141bcdd7b6d,2012-03-01 22:40:05 +0000
b04ac1468fbb6c0dfd49942b5c985f936ccca27b,2012-03-01 22:30:26 +0000
89e65efc1ebf87df44f7e98eac4fe06e8ac7501f,2012-03-01 20:26:10 +0000
eea1a7d14eecdd41f38eb47f5309116340838ab5,2012-03-01 14:33:03 +0000
9d8f2c0506ee7d0c274aff565289067e9b38e4a2,2012-03-01 13:49:01 +0000
bbbcf715115908a43ef4237ce1137aeeda517f4e,2012-03-01 13:14:32 +0000
10a8b982d7868eea317758adf8072fdbaa432a66,2012-03-01 13:08:04 +0000
f12bb6ddd56aa33a7f883b67c254ab1edaeadcc9,2012-03-01 12:19:30 +0000
52feb7c331e9dce6df9c0cce119c2cbaa78e821e,2012-02-29 18:33:26 +0000
0b46b4400bb148a65d24e67f57e8ba9f3b7d4df1,2012-02-28 14:56:26 +0000
ee5bc06a054a34c7517e74115d43e388290d61dd,2012-02-27 11:08:33 +0000
cb3f2873750917ba6afa47c0b784def725a64a25,2012-02-27 06:32:59 +0000
3553ded10bd1518fd9cc023183e40a2cf44cc6f2,2012-02-27 04:38:45 +0000
4705c4f9246ebc74e96be501c3b1caa07ec5f83e,2012-02-26 17:58:07 +0000
f63bfec50c1926be86a8cf82e255d0e103a0e2f1,2012-02-25 16:42:02 +0000
822bace4ce4b3838d941f56423fb791daadaf243,2012-02-24 21:53:05 +0000
f9a9cde5fbed80b2eeb475c0fae8e930cb366449,2012-02-23 11:26:36 +0000
15a28dad208ec177fa75f3f441269acaa37545bf,2012-02-22 23:04:32 +0000
4e07135f7f82d359e08e76d4bd8d699d556f664d,2012-02-22 22:35:47 +0000
520cb7e0785cb78c18c1e7b0f8da1861edc2f67a,2012-02-22 14:37:57 +0000
5bccf687e83cba143b878deeafd7d7022da3fe45,2012-02-22 14:02:08 +0000
23a6bab0c85c7a11caca41d6c1688d92257fad80,2012-02-22 13:05:25 +0000
64e0d5d213f685c5345fde0e49113a72c716cdc0,2012-02-22 12:20:04 +0000
7cc598eeb5a75a5197caa4f957f663af8e7173af,2012-02-22 11:41:59 +0000
6ab9a515b623e3780fcd6b89ac6ef425255d8d1e,2012-02-21 19:51:08 +0000
a1e55176370ed5d7a01af2d8b651d6d9aeef6bdc,2012-02-21 16:28:58 +0000
829bb2b714dc64385bf6d80111782152f1d73b1b,2012-02-21 15:54:44 +0000
66ea7501d475649e9f8d944460b3159777209a28,2012-02-21 14:31:56 +0000
bc2588f16d58a24384833998195c064a29113254,2012-02-21 14:16:51 +0000
f1314b10196a03be7ec13a9e7177670b41440b7f,2012-02-21 13:20:07 +0000
ed6ddfd713e71c3803648639f80604e67ee1f5f5,2012-02-19 00:09:56 +0000
6afb7fa54f2401f5b62238d2bc127b63a73b62be,2012-02-19 00:01:22 +0000
a1fcf167b2cf064bc82edcc52ee9d935a8d68cff,2012-02-17 23:25:58 +0000
a1a3b8bc2eb333b9754ae5e53074b1dd7b4f000e,2012-02-16 21:14:15 +0000
ef6887f87037cce8f72c6beb233cca8b9b959ff8,2012-02-16 19:41:42 +0000
abb99f4d0d0033ce3bf5f119b6c77a872efa54a5,2012-02-16 16:18:26 +0000
18e7e2ce91469b4d275470dec3e496af53697b9a,2012-02-16 16:17:14 +0000
470f0a8726ff2dbc5f836a3c5cbf7a2f65d2c61a,2012-02-16 14:47:18 +0000
0019c2c8285e51d069bcba3ee68679eb4c0904ce,2012-02-16 14:42:13 +0000
763d05593fb316dd15a8e4bfe41cfe6b911c7774,2012-02-16 14:29:57 +0000
24eb3834d17b32b4d67f697af72d609733c97d3c,2012-02-16 14:22:30 +0000
88b7d7f6fc23b89ba0fd6fc32ddbaf87cb805496,2012-02-16 13:44:43 +0000
09d99f030dbfe938a9b8f6158781eafaddea1403,2012-02-16 06:52:09 +0000
0c919d42ac18e87a09be469457065e3ba8cdc3c8,2012-02-16 06:43:33 +0000
2812744c9c90bd26e75d14166b85b29273c0a148,2012-02-15 23:24:33 +0000
a13692080e989590ef09869f2f2a37a67a147e3c,2012-02-15 21:05:50 +0000
36c3ea473870eb6861ca8b9d072fed97b140dc9e,2012-02-15 20:47:20 +0000
825e095cbf35c11e4fd4255c91fb238d4f847eda,2012-02-15 20:46:30 +0000
86c44f1b88d178ce9884d9982550293ad69e9dc7,2012-02-15 20:45:49 +0000
ab65490f56911754b719ce9712cf1bceb319901a,2012-02-15 19:44:08 +0000
a5cf43289f7f0cea67b7136fff715ca3872bc843,2012-02-15 19:22:59 +0000
c0e8de1ff0bb67e2e55d673d4cd3b234905703dc,2012-02-15 06:30:05 +0000
3dbfbeb0a88093e0793f695af636fb1172194589,2012-02-14 17:10:25 +0000
20af7650fce5d89c714626f855350f057a10befb,2012-02-14 17:05:54 +0000
696be68b5dc8872a818a24d8a377158314b54e31,2012-02-14 16:17:55 +0000
98bfd27d631d2fc697a72e4ade6bffcbae83b79e,2012-02-14 14:34:11 +0000
8a83581eaf0fb46000ffe3093b8b4152dcc18b91,2012-02-14 13:16:57 +0000
57a0248da2129e0a2244385a4574d7434682f3f0,2012-02-14 11:06:24 +0000
274e2aa33f5e4c53f8a9e3a0ebb2caa7e3100e32,2012-02-13 16:35:46 +0000
1d67ef4bedae4255de7fd7338a48c69add39d18a,2012-02-13 14:22:21 +0000
29896d32df4a68251ef947383cff4e06f8f96611,2012-02-13 14:09:17 +0000
c045b189f30de625d0090a2e7c5111d5e53a195a,2012-02-13 14:00:31 +0000
98c3f3b4cf9ba74a35216969d741c28e533f862a,2012-02-13 10:35:53 +0000
d429505103865e9f92c4c21d1a5d51eab35d7733,2012-02-13 10:25:09 +0000
d2734aae6607719043c3a6a9a320d6f63c817c84,2012-02-13 10:10:24 +0000
0f2ef2d95437498b0f9d1a03e904979bdeca1115,2012-02-12 23:43:48 +0000
1b8959c71177af29d103e10c2b96f496d234f20a,2012-02-12 23:38:24 +0000
0bee543107551ad6741b231970687d49e001c58f,2012-02-12 23:29:51 +0000
7921608decee581d0ac2081b02519ee19790b854,2012-02-12 20:00:31 +0000
3390941cd16d535353714bde9888b4118b78941f,2012-02-12 19:50:40 +0000
a436c93ce3d5816d0fc4518ea5948678c0db5755,2012-02-12 19:44:21 +0000
36a39209241f69ad8802377193315c23802e30b8,2012-02-12 18:07:53 +0000
f994f9d4a9159a309410743bfa1c508e0fbcc641,2012-02-12 15:28:58 +0000
eac9648b4f5f85a22969e007239e4c36f6503eb8,2012-02-12 15:18:15 +0000
dca41739a73d6fc69fba5f4def34b4d0967f7efe,2012-02-12 00:37:23 +0000
fb761ffb51ba1436163b094255b6af40bf69bd83,2012-02-11 17:38:30 +0000
29e63593995f59f93441f08912c0fb3f67184425,2012-02-11 06:24:15 +0000
dee1c0d70b774902bbfab9f5eb05e5d77066a8be,2012-02-10 08:46:40 +0000
49c39e7d1cee0df36e13ed67719ea12320005d7f,2012-02-09 15:46:25 +0000
1513e3db5f58ff211200474b3de5695258cb262b,2012-02-09 14:54:00 +0000
5c72fa771e59dc25a69b442f81d91c31a489e64c,2012-02-09 13:18:06 +0000
6c750f85802ac65c2ea7df77d22967d4f7b65f79,2012-02-09 08:59:47 +0000
54f777dbf16bfc64d2c180fa9e9cd00987928fb5,2012-02-09 08:42:54 +0000
2f1fd757fcbcacb13672f6a268feb8ce9647d6f6,2012-02-09 07:37:23 +0000
6a63df5151501f0130920e4783115bd504749b6d,2012-02-08 23:31:10 +0000
ddc27b4a15ebceca5552bd139bc0a4997defcb6f,2012-02-08 22:58:51 +0000
bf9278893c0ef7a2a7466cb43809d7d142bd3428,2012-02-08 09:50:33 +0000
a2d9268a1d0019f78515ebbe24b72920e9a2c4f3,2012-02-08 09:45:16 +0000
f2a5e4f51e438068a6febdfd0f2127c1af0130c2,2012-02-08 09:40:40 +0000
eec73bbca2eb32a2d6de8927384bff709546b3cb,2012-02-08 09:27:07 +0000
4a8f04b498aa43e7a6fe2ae1dcf075308077ad28,2012-02-08 09:07:20 +0000
375dde97a4b854b710a984ec0e42a1cdbd242b1a,2012-02-08 08:10:56 +0000
4ea3c7ede679175e61b2a4fa16f80a0f226f271c,2012-02-07 22:03:51 +0000
7905624f814fd20655e95e9cea7d9e4f8418484e,2012-02-07 21:22:33 +0000
2ebf67ac0eb23978522153c90892afa7a9939154,2012-02-07 19:29:32 +0000
72827394225ce8406c37b8d951b1584034088058,2012-02-05 21:13:24 +0000
c0aa57b1be184b67fa7519a9739c25194ca5c786,2012-02-05 19:52:49 +0000
e300c944ed377cf30de2ccb07e70a09d7c15334d,2012-02-03 21:08:58 +0000
bd92c7300934b4d4e95eb7ae99ed623237807860,2012-02-03 19:28:49 +0000
ffc89e5bafd6c61d43c270714a66c20dce47256a,2012-02-03 18:57:35 +0000
109e91c742edd2e712024438530c3bd5d1bc5913,2012-02-03 18:24:16 +0000
1388bd70150869f84b62f306376c8bc596587c18,2012-02-03 18:19:21 +0000
6aeda4dcf20406687b0a9d335a722b06c8cb3727,2012-02-03 18:17:21 +0000
1914d8f1ed26dc6206b14e3df9738ed0ec34d841,2012-02-03 18:10:12 +0000
6512d468efaefa4049c688b42954bc7744f24fdb,2012-02-03 17:38:02 +0000
0280b53e2d626f2aaa15265eb3e7050153a532b0,2012-02-03 07:01:03 +0000
3109c12ec8936957d1aba94bafb0f24d0fcac486,2012-02-02 21:02:54 +0000
ab3935c4c94b1228e5453196e020f92fa5198d64,2012-02-02 20:19:54 +0000
c9369dc298af3ab89ef7252694d7910cd8fb2d6e,2012-02-02 20:16:36 +0000
11f91fd0eb777449050b8d85b9603c19390eb714,2012-02-02 19:51:57 +0000
75d7b31b6a4aef44b2008aba8ed8cf7f2ceb88da,2012-02-02 16:11:15 +0000
e40b641df3b8a4abfe01c1f1faeb574a11f1f619,2012-02-02 15:31:48 +0000
eff078bf4f36b77ab7d28f1d72d38bc125e1e081,2012-02-02 11:36:45 +0000
cbb3c0d0876cf7ce2edf140ab0ff4ed26a579e1d,2012-02-01 23:35:46 +0000
0576e96e7319f6c712073efb0a2dbd89ce45e8bf,2012-02-01 23:04:20 +0000
0043cafb2ef18d163e6dc888008715d9197cefbc,2012-02-01 02:30:14 +0000
53fd99ddf3a281718f2c2d9571047363b9985a1d,2012-02-01 02:22:00 +0000
dbe211027644729f3ec41ca076c6a85011190e80,2012-02-01 01:50:56 +0000
352b49daead3b06c985f297965b61559e20a4423,2012-01-31 08:56:19 +0000
c643b22bfc91f7b01a0b0e20f59c6dc825b02eab,2012-01-31 07:02:58 +0000
08ca1e7a0a1d04caf47746945c93a3a6e87b5668,2012-01-31 07:01:03 +0000
74813500be92159bc18d4d7f7ca6d881db0a497d,2012-01-30 06:30:46 +0000
271bbc9eb6edb21e91c7f0adad8b4d900987ed68,2012-01-29 09:39:30 +0000
7319e333d6e0483b25756fd9a89d413594b07e21,2012-01-28 15:10:42 +0000
908d8adc984ef0895f16b2f060594e72bdea6f25,2012-01-28 13:19:14 +0000
14f26e00eb78b87f890832b74a87321155b391d0,2012-01-28 08:50:09 +0000
4fdd797b3b02d37c2334bde5da15f94f69e33589,2012-01-28 00:06:21 +0000
a7e741944652cabc8747196718593d95302ea6c8,2012-01-27 13:23:12 +0000
95d15eff45cfcf40871d950c8ffecba2d95d63f9,2012-01-27 07:00:19 +0000
7dc0c33e7c50bbfe160f72cdc71ea18ae731eaea,2012-01-25 14:56:50 +0000
58133c861282c9107e9b62ca41bf97b93af4c8b7,2012-01-24 10:17:13 +0000
6f0c74e62a644c378cd17b9db15f65a34fb9d49e,2012-01-23 22:26:37 +0000
a04a6c16c6f28febfcfb746c40f38dd79c9348f7,2012-01-23 13:33:30 +0000
cd57ad4c3dccc382b73f22f84250e6f7e173584a,2012-01-23 06:47:28 +0000
427ba1c6d3515c721e6d435753b8b22d973dfb77,2012-01-22 12:19:21 +0000
5191e1ddc8305ce1f23c88f90c33f062396022b3,2012-01-22 11:19:26 +0000
7ef57fba61a5f5e0cae07ec08029961723511dcf,2012-01-20 21:04:29 +0000
1661e9dec5c327e54b299a39b42d3673b917c644,2012-01-19 22:29:08 +0000
10d1ba8b049c9a00498fc5890fa5f095f8b26f79,2012-01-18 16:22:48 +0000
9424a28a3059443b86b25c490497cff910107aa6,2012-01-18 14:23:26 +0000
41737b05da6153fd186d61b9b8741b700e082083,2012-01-18 12:00:03 +0000
27dc50b397cfae42e347fa109fdfb79750c1ca89,2012-01-18 11:56:48 +0000
920798fb85ac039349129747db988b217a268888,2012-01-18 07:50:21 +0000
47bbab88146a4268f0614d87ebbd242c5294f252,2012-01-18 07:17:48 +0000
99c798e46ffa6d6be36af8b05248b42abd6fd6da,2012-01-18 06:38:04 +0000
47a87ce229b930e71ee72508da7427d343878a16,2012-01-18 06:17:05 +0000
e2c0e16bff26a96037441f828e96eb30146d9e33,2012-01-17 07:22:42 +0000
64230d2b427c3cd75d149b87ae556fabdb8df491,2012-01-17 07:12:02 +0000
29cd56b6f41313f758e4b559d1140c68afdd55b3,2012-01-16 06:38:27 +0000
d96758d1c66b73c4ffe25aade4f6020dbdcf6591,2012-01-13 15:33:34 +0000
d6be0f50056709da9c6d9b0d8415e715345b9a3d,2012-01-13 09:23:35 +0000
946b37c737c3ea0e91fdcf969261b1fc72270d68,2012-01-13 07:11:19 +0000
ffbb85d329072fe868856a7f1772e42a7146c9d9,2012-01-13 07:04:10 +0000
d61dba0cf68a1400e55d0dcab7e55f6de16ae74a,2012-01-12 13:05:46 +0000
905a32a8f4188c3a9f6857271259d2476dec34af,2012-01-12 08:08:29 +0000
54755f169ed58c6a66179e62a59d68ba6d631bf8,2012-01-12 07:01:43 +0000
e9a41616156f4e4eeb31c9e92e47cabb3189ea19,2012-01-11 06:49:33 +0000
744998a7379861e60cd64836844d0fe9c309e2bd,2012-01-09 07:59:06 +0000
d5c397414b3aefc3273c7ef91a6090de485edcc7,2012-01-09 07:48:27 +0000
11d47fb1e5585bf58e56f55777b4f5400beeef6e,2012-01-09 07:38:19 +0000
9971405cdf14e6677830d415d06a137af01e62ff,2012-01-09 07:02:08 +0000
a244c199d4bd155567d9b58875dcb5ea46f6a738,2012-01-05 04:15:09 +0000
74412ef81df26ee7a1d99fd2fa156210b24e04d5,2012-01-05 04:09:55 +0000
31bbb41c5ecd29ab9b8a8c3d79cbd8a307bcddb9,2012-01-05 04:08:18 +0000
cfe3c4c81435a306be4b66a580823642972dc5f8,2012-01-05 03:51:56 +0000
037385386261f5650b9ab16e4cd68ff019803a6b,2012-01-05 03:46:47 +0000
a4d7e7c86ddbcf9216de47b746bc7f0e2eb7f103,2012-01-04 03:47:46 +0000
7f6912730ea1b8373d40aa31f5e828f4a3c0ca4b,2012-01-04 01:31:23 +0000
2689ee367b185f922e963dbbd124a3b2c5c3b27c,2012-01-04 00:57:19 +0000
2d16e3fe0a1e777db80a265b4adbe8052ae04797,2012-01-03 06:29:17 +0000
4cce3340e889eefbb4f4cc7567ce318dc086e4c6,2012-01-02 07:19:58 +0000
a02edcfa9665701bbf851be5c8f97dd96aa9c327,2011-12-31 14:50:14 +0000
37d642ec3056d6add8a535e9ef8d47992e3c0ae7,2011-12-31 09:38:11 +0000
a21d5ae301df6432b0ed6dec848f59e6545cbed8,2011-12-31 05:18:48 +0000
1f9d49ec71077eb2fcab64fc0bd4c61a6a865041,2011-12-30 15:21:37 +0000
8c895fc74f33df0ba6ef3d37738fae6ec9213185,2011-12-30 15:19:44 +0000
ba117812a2174b78ba6529262d49f42fcd729bd8,2011-12-30 15:14:18 +0000
99071a0140704f15f3e567ca98e0eda390fc4377,2011-12-30 15:11:31 +0000
6402f73b91eb8c232054e3ee22ba66c39df86834,2011-12-24 19:30:06 +0000
8baf6595b8979bad30484fedbf47acc7148ebb71,2011-12-24 19:28:32 +0000
41d74435fac4634b630c19fa5af21543c1debd46,2011-12-23 16:53:57 +0000
fc28ace11426b0f9a05b16e6fbbe515941cfce15,2011-12-23 08:00:02 +0000
023edde8d9156a26727215c6365574b8b8bd5131,2011-12-21 00:31:21 +0000
f852e1f5bafdf95dee9d2fb2ff9cfa3b9d2dedbc,2011-12-20 22:38:19 +0000
37a8044ddf0b28a27cbdde6e9e2dcf4abb5b6f96,2011-12-20 22:15:49 +0000
9c8bb93443a6e5c2e1261dc5780ebb3f20bcbd58,2011-12-20 21:07:58 +0000
0093f7b0a2a9e06ec5b5e1e551676269171c3e3d,2011-12-20 13:30:29 +0000
d277738885e78a9339f12ebf10c3c26eb538c1cf,2011-12-17 16:55:25 +0000
ead76ad6aceb93de5bcef423ace01650f0558804,2011-12-15 19:47:42 +0000
f8a74e5e5640ccb7c592dbdf2ac095f963e4e70f,2011-12-14 05:06:01 +0000
789dca850ca15a56240c011b260d46f2cb604a63,2011-12-13 07:44:52 +0000
99e20606f6908f909b9a77811cf18709b815c99a,2011-12-13 07:34:57 +0000
2b5ec00f0ff2d800290f9ec0d3cfa00898491675,2011-12-12 07:19:23 +0000
1a4b122eefe5f1f3f1bfbe6a4440bbfa3ac4ae8f,2011-12-12 07:03:29 +0000
4f53d73b9f5762ca412d5b1308d255a36da0f831,2011-12-12 06:49:24 +0000
69992a098ebb0094f081801d1d376e553e7ee0f7,2011-12-12 06:46:22 +0000
fe1b30b58958ff95d01bc56e64c0f81294c36ac8,2011-12-12 01:31:14 +0000
1352a70f26cc1aafa29258f28ad4167392b97bd8,2011-12-11 21:58:50 +0000
cc7d2ff3ca952bc3489a0ff0fad04f5a1543ae20,2011-12-11 21:33:37 +0000
a51152cc9eeeb36e7efcaa126edb50f59058c845,2011-12-09 13:00:11 +0000
e71093b8df5770f59dbb84c2540602f0a98b4253,2011-12-09 12:42:50 +0000
5fef93ec7dc49901eb45edd69b3cba563c02b49d,2011-12-09 12:35:37 +0000
86dcb3c6cea54d5375a3f6df20a67c26e09cf964,2011-12-09 12:28:28 +0000
497d025e1e0478be7056c4eb2149fd815dbf9fad,2011-12-09 12:22:10 +0000
bb322e8ffb16e5b681ec5232878896536d464be2,2011-12-09 11:59:23 +0000
7e8d270b5067414ce2220577cb2371ab34395c7b,2011-12-09 11:32:40 +0000
feda20d160dba533dfc2be093ccf451b449e818c,2011-12-09 11:14:06 +0000
f4f2b6370281c94b0707b58581ba0102ecd9ae27,2011-12-09 06:47:23 +0000
50ab4b74b25c266f5c3834645263149632791817,2011-12-09 06:45:09 +0000
c631e5980e93b4e01791fb57fb090b56b63285bf,2011-12-07 07:39:22 +0000
e967bbf8df65dfe89870820017398b977d8d067e,2011-12-07 07:35:09 +0000
e994c42a8e20991920a3411472a6be3c3dde5a3d,2011-12-06 02:57:46 +0000
d45a10927e19f3917c30bfa92ac1d34d0ab24808,2011-12-05 09:01:14 +0000
eba07dbc4e99d12007d36d87a905bc49e14ed67a,2011-12-05 08:15:38 +0000
f880c83e06411b15eb3577a145f035e11b6ca408,2011-12-03 18:23:02 +0000
b2e24119bcb10131f765ba062d933a574cc13c7a,2011-12-03 16:24:55 +0000
02d7cea111cfe0bebba42d1c030dadd1b82036db,2011-12-03 06:17:19 +0000
faa7785779c79578e38336853cb9de5abfae4813,2011-12-01 23:24:36 +0000
b241c3962faa9b71726ce47d9315c2af0d5c8ad7,2011-12-01 21:20:47 +0000
fa73f3c50f7416ed4f368394da6c6fb4ddf8cf3e,2011-12-01 19:21:11 +0000
5af9537a5fc3d44404e75b8a6116b6850b74d9a6,2011-12-01 15:25:19 +0000
ee2e728f63c286c902303c31ee96e26326a82454,2011-12-01 15:22:50 +0000
9f5c76483ba82fd6ef772b5831472113ae39048d,2011-12-01 14:45:40 +0000
ff7fc3df88de9b8fe17364c5678a4eb29c3985f5,2011-12-01 14:36:50 +0000
7455d9b7d64a8298fed0ddefc992af49ec7fee09,2011-12-01 14:22:00 +0000
149e1179d3f0dca862a3ce416bc5d9bf5e511fa6,2011-12-01 13:55:04 +0000
5922c5966b7d07166b400787188114b0dec2e307,2011-12-01 13:53:28 +0000
412e59c28601689f093d1ab32774fa031c0815be,2011-12-01 07:43:03 +0000
56c8f7ba911856336fa53c12fa509d318aa1c4d8,2011-12-01 04:27:49 +0000
c39cd6eefd0448b18715eb290b9ce10d2e4477b0,2011-12-01 03:45:40 +0000
f2fd86edede6b8709a406ecc89a8a0ee2f82516e,2011-12-01 03:44:33 +0000
f19895754dfffb7876e694c82104e3b3ae013cb7,2011-12-01 03:39:25 +0000
5e2504bbb2c468da3cfd28b197c0a33855361066,2011-12-01 03:37:02 +0000
31d0c4eff6bf9dd04fd28f31d9e623958a877958,2011-11-30 07:22:28 +0000
b7c7b8934af63a4736f87e53edbf35376213d8ff,2011-11-30 06:43:50 +0000
196fa5d58bca841ac037e03dfbe090f4a1bc9cec,2011-11-30 06:33:57 +0000
3f645310b52358ebdd36e8afa0f8ee98aadfabdd,2011-11-30 06:24:04 +0000
d099c7c3436bd43094e7b3087c64e0552cfbec5b,2011-11-29 19:36:52 +0000
d8e892a21f149beaa31f7b29760a3b8a0e3b02cc,2011-11-29 19:35:40 +0000
cee29030d0f95a3612099b9a794a72d3fa921465,2011-11-28 22:51:34 +0000
9c1e515346b13c823339a31379b2e32abb26cb86,2011-11-28 22:41:41 +0000
f656676e3a9a9611c368d1da462ed0ce5c93308d,2011-11-28 20:16:28 +0000
f14fdb5447f4ed1e103db2cecc148f391294f342,2011-11-28 20:00:14 +0000
399249653d7a5dd0a0ca3f1c615c0b44f7601a01,2011-11-28 10:56:30 +0000
6041336783ba94b46fe5953e8415884bf0cef32c,2011-11-28 10:20:51 +0000
b789d44c4c79e3a8ccef7f7d534672c900455658,2011-11-27 22:39:54 +0000
306130bb5f0aaa3f3a8a38fea8cd563a60a9a57d,2011-11-27 22:18:30 +0000
9436a01c54a866e250b9cfe4d12f144982c0addb,2011-11-27 21:21:14 +0000
bfa2d3ca3f91a99b5959ec3bfb737f48525a71ec,2011-11-27 20:35:16 +0000
d288f33f703427c6a4b72f80aa8cad268ce1baf3,2011-11-27 20:15:35 +0000
fa981230839b37515d1f4f74b8268390f83b0caf,2011-11-27 20:00:14 +0000
c40763f0c7e7ca488f57f9b67207c1ee2d85ca91,2011-11-27 14:32:00 +0000
2b6b5bedbbfc914f19c6c54839b3b6f68c12cad6,2011-11-27 07:07:56 +0000
f4e3854e2f5c7cab54ab73d6e04006cd22f7e047,2011-11-27 06:00:27 +0000
118f0cc0856afa4c61113fe5a742d11bc35a34d1,2011-11-27 05:20:09 +0000
92790191d091c7d01e8f227def0ce168497b5b49,2011-11-27 04:07:06 +0000
df95ffdc2461464a7dabcdb5f5c494bac63f66f6,2011-11-27 03:15:46 +0000
094ea7e70fa26d36796bb9054cce0834042753ca,2011-11-27 02:23:39 +0000
2cf1ab983b815c93525709864dd68e27f8e4a3df,2011-11-27 02:12:44 +0000
db8154e7a0c6317c6e9184c1e61d8d9974b025c3,2011-11-27 02:11:07 +0000
a59ee687f1c92ade898c93caf37757cd78a19ca1,2011-11-27 02:05:13 +0000
325e79734102084ad0d80b35caefd8961c384765,2011-11-26 21:56:20 +0000
d7f3fee311f5a9b4aa4021061c4ac07d80517c43,2011-11-26 21:38:26 +0000
dd9c9702793958450aba259409f0cac21f180b85,2011-11-26 21:33:01 +0000
d3570e8ae9b2b075fef10fc49bff98d51b035c52,2011-11-26 21:23:22 +0000
a5949c6f59e741c19fdd25e18540868b9e184806,2011-11-26 16:23:02 +0000
5ee7ecfc4e8d47ad444f9e18ccbf9417f11ea5a4,2011-11-26 16:17:14 +0000
fcf0477a1a2f55b44f6d80d34333cbb62f49d0df,2011-11-26 16:11:00 +0000
dbcf7dd6223cb91b6f15a644a2562c38b451240f,2011-11-26 14:58:07 +0000
d161d473bbd756de5092b3fab07134415f40eedc,2011-11-26 13:23:27 +0000
fda34e037668203fe1e6b9cdd8849747b85d729e,2011-11-26 12:01:58 +0000
3b94e30307f45a5a0283ac63638a56488feee839,2011-11-26 10:53:26 +0000
3f9a933d4c1316211df42b9c197d432ca8456451,2011-11-26 10:17:49 +0000
ca7a127a144395315aaf6ceb9355b0bd58adafdc,2011-11-26 07:25:26 +0000
32354a1039ceccd4a6a71baea3329b27dff7a124,2011-11-26 06:17:49 +0000
a050013f44453e1880b4d3c5f3c404c83737cc4a,2011-11-25 18:02:21 +0000
ec5d9d37722ed359b424b7d0317a21ab01ff0491,2011-11-25 14:48:54 +0000
80ddc491f1bd277723c22b1659559a7dba539d2b,2011-11-25 06:20:21 +0000
776514240d34237f9e320ac50d440ad2ad2caa82,2011-11-25 05:16:56 +0000
20d9eb1a5d454e1502ad5361e5d720338f497301,2011-11-25 04:09:05 +0000
a0817f428eac7063c5257d755fa1057d6ce981d0,2011-11-24 19:37:34 +0000
936b93751740c64ad9c77343e25fc9a97fd5856f,2011-11-24 07:07:32 +0000
645d642b8fe7c723cb13788a723c298106ea8d18,2011-11-20 21:41:46 +0000
6d877485ed001c609de972d6e88720511665afb2,2011-11-20 21:40:43 +0000
96e2ae350c525e05177b6cd6711d5da47b14447a,2011-11-18 15:01:56 +0000
5d699563b14402c410e32bc4b175419c18993918,2011-11-18 07:42:12 +0000
9591a91f45ce63a964327d9429074418939fe29b,2011-11-17 14:33:10 +0000
e0bf2f8c2932a1c04a6322543a0e5137501c487e,2011-11-16 23:10:07 +0000
50af1b4d6384bbe48ecd7e66f6ddac534409bd50,2011-11-16 23:05:34 +0000
1f7ef356d9d6ce05f7ac06ce498f3a761d61f8f0,2011-11-16 15:45:21 +0000
4289e3e4ffcf5e6f95fa8f2201fd8ec712cfa51a,2011-11-15 13:35:45 +0000
754434a4c01e9108ca5064cbaf653974ac687d63,2011-11-15 11:47:25 +0000
3ad3a1fa41d3973b21b6c01525b24c7b9f489022,2011-11-11 23:39:34 +0000
ea13fac8769f59ffbb67ba63b851d33a182282a9,2011-11-10 21:03:55 +0000
0fd55c7ac3d3087903b1b7fcc7ee0f6411b5256c,2011-11-10 21:02:54 +0000
bb201d926ebf225439d0007e7015365a9fbc3578,2011-11-10 20:08:55 +0000
dadf9a70a0b6ea61e537678cce8277cbe2e4f60c,2011-11-10 17:05:51 +0000
3d866e964d95665e71bfec24c5600ce0945695c9,2011-11-10 15:54:47 +0000
e92986db749a8d587f767a0d770c7fd7032a928a,2011-11-10 15:52:30 +0000
6c4ee56c3da3aebddcc7ad7a5d837da8894c73cb,2011-11-10 15:47:23 +0000
7aefdb81e1b13f334de338ca2cac6457c0df6c92,2011-11-10 15:43:02 +0000
7774fb6ffb0290c4d5f4910309200f681624eee9,2011-11-10 15:07:47 +0000
f2c22d1d36466b962dcf7da98b7a8a4d9a4c1ef1,2011-11-10 15:01:32 +0000
416084f96449417cb4e5c4bc6ec0679a50a2af00,2011-11-10 14:58:57 +0000
913bc812d30139121dcc1f4761730111b858578b,2011-11-10 14:54:20 +0000
914be00ae2b694817ea92bbd047944807d0998b6,2011-11-10 14:47:07 +0000
19ad2142b61f2c386f474b0e0ab2e3615775a226,2011-11-10 14:43:44 +0000
710b276e47cd14ea39e07ac1dfc6d6c0917ffe3f,2011-11-10 14:11:06 +0000
87f0f14381f9070b88720b5a0a43292dadb7deb9,2011-11-10 06:21:56 +0000
70667484eb1bf37559fda0eea8632ea6b3dd9f4c,2011-11-07 17:47:43 +0000
ae22813ab1d3d538c003b5ea4f39d3bb6e760c9a,2011-11-07 14:12:45 +0000
7231b6fe8ec374ab74c60dcea62f7f43b548ce3a,2011-11-06 08:36:37 +0000
eed9207e45c766cfb1273ebedeb2d2124625b6f2,2011-11-06 07:44:17 +0000
1088dfd4cbb45c80924ca56365c2ebfb1b48f86d,2011-11-06 07:32:46 +0000
93604d744bc66a4313902ec79ae95d8080bb64f5,2011-11-06 07:17:50 +0000
0e8d99d456732f184e61089760ccb9eeb6afd692,2011-11-05 22:40:44 +0000
0755c5d8e8fc7d401db8d277ca9034a1329979f7,2011-11-05 22:27:06 +0000
3fe903b7e2375b05038c5faf9a1c9ea1e5562011,2011-11-05 06:48:12 +0000
5ba1f1c695e27d3d97ba713a4eb29bbcaa076da5,2011-11-04 19:08:47 +0000
e0385f30bf8dc2774478c3f4cf40b9d158d13640,2011-11-04 16:20:05 +0000
6a5a4c8ca044628a69bb3e25a02d622f96d44d2f,2011-11-04 10:27:18 +0000
3a1a95ff3c394af7dc4afd2f6709024ab9b23f41,2011-11-04 10:23:14 +0000
553f0ec8d853beaa557eddd9fe86800fa3865d32,2011-11-04 10:15:01 +0000
2a2a74e9d5174bd3a7f614ac1507467be077282c,2011-11-04 10:13:15 +0000
76a6378464548e9362ad378fcfcf85208c87c72f,2011-11-04 10:05:19 +0000
60516af98d18262fd1d1c26efc3fd6539639dab9,2011-11-04 10:03:39 +0000
010bdd1762159ee5cfa6a95b5fd230cb9b057a98,2011-11-04 10:02:02 +0000
aa27c5dc08edc029d0373282cc67951e7b8a73f0,2011-11-04 09:58:23 +0000
b6040640af9502c2a592cc44638e9a8a9d80f900,2011-11-04 09:54:30 +0000
68d4f832e3775a2ad767382b3207a43081caa5e6,2011-11-04 09:51:11 +0000
2ea244d3f1384a0660428c0c024b82be0131d1e5,2011-11-04 09:49:50 +0000
177eff33cb429de835ce4a8ea00e566be9e66912,2011-11-04 09:49:06 +0000
012c7679876e1bbabd3a72ab95382fda07b6769e,2011-11-04 09:48:27 +0000
1be528669fbfff43ff2b113051b63bb0bf3f8e73,2011-11-04 09:44:04 +0000
f250d5eb9038cf25ab6c0d861867626088ea78c6,2011-11-03 12:48:56 +0000
984ff74f4b30aae5c549cd17ddb04a16c33c31d0,2011-11-03 04:02:03 +0000
10013c4eea06afc5f730e54aacaeb7ed832438ef,2011-11-02 12:07:53 +0000
9824f20965e3aebb9abc9de9ea0d0c16ef29c968,2011-11-02 09:36:14 +0000
5771d382007de425201322987cd654986b2f9074,2011-10-29 19:35:36 +0000
3ea635a01c8e4cfe058e3604232be87467615849,2011-10-29 18:30:41 +0000
d8e1809529ef78737dbbe4080622330970866793,2011-10-29 11:19:30 +0000
aecf3993c4c4008ae4a9f024434f2b4538aa3796,2011-10-28 23:54:32 +0000
ae42622ff090712ae04edeaab09c523b5b1a0470,2011-10-28 23:12:58 +0000
eb3e19b46070af80b8cec680a5bc352251a0ca30,2011-10-28 23:03:16 +0000
481e8c1729fcf3f39f86cc5c926a39a602ebd477,2011-10-28 20:44:09 +0000
f7be1dc6ace53b3d3bd27f617a68c71161d9c6ed,2011-10-27 13:34:08 +0000
41df7f7f3ec1c00835568d089b191a0f868a8e85,2011-10-27 09:59:34 +0000
b91a448a9f9afe79e26be8334b87775016d24d55,2011-10-27 09:53:01 +0000
3a7d733976c79129995224fc90e4bdd0abbe4048,2011-10-27 03:11:54 +0000
2f10501e0ae07d4205a04c64c2aaaf360c074f6b,2011-10-27 00:43:47 +0000
39970a520e8ae7a2c3126c625019964f921c1022,2011-10-26 22:05:03 +0000
7980a24266d463bacc8f1271a83865a7d5638891,2011-10-26 09:08:22 +0000
3e6a8820703bbdeb97825db66daecf5c4410bde6,2011-10-25 22:26:59 +0000
6ed1d0667759a810f6b14c3acc1e38ffaca2b4bf,2011-10-25 21:57:15 +0000
d0be1f663ef3922ce6b24d6b473a82c3ea0bd34e,2011-10-25 21:16:46 +0000
597b0209e9f246dd2c1e5d8f62bafefe8ea36b82,2011-10-25 11:31:39 +0000
a9cf068da820d49de5c821d655d9db73e2a15593,2011-10-25 07:37:08 +0000
9ca170c67f068fd2bc568126c90bc8c0a9f6855b,2011-10-24 21:09:32 +0000
bf6a142540c15ad8ba37f4d7712395fcebec45c6,2011-10-22 13:01:07 +0000
17f788387d8ff046d55c5b0f2eb72c7a98b54ff3,2011-10-22 06:36:31 +0000
246167dc96262576922db5edcb6db7e2201b82ce,2011-10-20 00:06:54 +0000
e0f684748b88a85917f2345a3e9b9189c7c72997,2011-10-18 23:12:14 +0000
682d3afe65dc5c8bd2a62f1d499c7d54edaf3932,2011-10-18 20:30:42 +0000
74ab566575a7a3b8a9e91c1757e0410e37cf14ff,2011-10-18 14:34:13 +0000
a565dd0af1f80361fc15cb20f087ee23b63a5623,2011-10-17 22:10:42 +0000
976c85755d3ca29c7ddaca3d9730d7917c57e96e,2011-10-17 20:03:50 +0000
9227754177ba240cd51ad15517f3edc72a0641b3,2011-10-17 14:05:53 +0000
5aaf1adc155b13f5fb045cf3e4cc52f71184fd3e,2011-10-17 00:02:23 +0000
9d18b5f85d5ec4b4c2df448bb2eea5497e5dd49c,2011-10-16 22:00:45 +0000
6f81d04ef7a359fccfa7592037d2ee8fb940a799,2011-10-16 21:49:02 +0000
9092e81cae255e669605e77729aa00223c570707,2011-10-16 21:04:19 +0000
f258ecdf91759f05fd56bde6f8d0d809c8b2ffad,2011-10-16 00:51:42 +0000
2d9e88f2d6c907a69707f22e9dd102f2d93943a7,2011-10-14 21:29:05 +0000
1f21fb3fc3113bf23bf1579f603fbdd10df8e13e,2011-10-14 21:22:00 +0000
868e6bdb399124874d0bc7a98b1ad9e83d35d5ba,2011-10-14 21:18:33 +0000
852879bd56d804405a979c01015f974a58b7dead,2011-10-14 14:50:38 +0000
dacfe6588ce5ca70e4f10520354b75c4e3492568,2011-10-14 11:04:17 +0000
a5d473fe2f0cde4ea18234fa9fb2648b422e2850,2011-10-13 22:21:04 +0000
41c29f826daf9acd24a0ff86cd279f6c3d56d893,2011-10-13 21:58:30 +0000
54364e6b57c0f38b2ec461d52f58a0ab1d5ccbb6,2011-10-13 21:45:39 +0000
0b3440441bcdd8d0707cb60d1ede688840c9cbe2,2011-10-13 11:20:48 +0000
6a5fe463eacb5087fade3e6a1e58371a8789bafe,2011-10-13 05:29:28 +0000
d8866aedf4903be791cb59953916e4f79fde8316,2011-10-12 06:21:22 +0000
6cb2b3c61281750ddd6581aea94020c8d6c35234,2011-10-12 06:17:23 +0000
d092e095316d89d297eec0917d5763e15702d7d8,2011-10-11 23:37:57 +0000
d64c7a3bfbf05e2a2d26d8cb3dd536005141d7ea,2011-10-11 23:10:46 +0000
63a3a9d080e0952edff11019b0438e5f44ebb19b,2011-10-11 22:55:08 +0000
519e4d2e7f05b10eecf6e51c92a3f8cf8c619c67,2011-10-10 22:35:54 +0000
015f45e2fdd2e0281e0bb8ca6a17a828f6c4d15f,2011-10-10 21:20:30 +0000
5e6389761c6575f815a5ac91a22c4ecc48596729,2011-10-10 19:56:03 +0000
004b8958d7dcf5e6054400a154b82d993b63d93b,2011-10-10 19:50:53 +0000
3a63eea7d4a0dbd06e74ce7a217ece35908e9039,2011-10-10 02:33:30 +0000
60657ea039cc4eba5b239a409a838cd9c7f3d2b5,2011-10-09 16:40:33 +0000
848dfc6f317e8ac8defed4fb2b9f06e3722a2c60,2011-10-09 16:30:28 +0000
a7fea11074a708d1b13cf6d02e62aec0125c5f7a,2011-10-09 12:04:40 +0000
394a367edcb20a38407d78f16e755a1bbe1548ab,2011-10-08 14:25:58 +0000
d9ca45911419a5aee0df5a9480162e1d78b56d2b,2011-10-08 05:23:06 +0000
8c1df65ae6e81c843eadea8c9bd7516809ec32d9,2011-10-08 05:13:16 +0000
1ae0c809503336c2acea20581af782c560148ec0,2011-10-08 05:03:54 +0000
bce28db6537ec805a366a51ed0e1e8b6d6cb8fc7,2011-10-08 04:37:54 +0000
76f73733677c71fbf53b7d73c149001d7eead327,2011-10-08 04:21:00 +0000
d0633b818e5f19812ee4a8ee1992b96d3516c60b,2011-10-08 02:02:07 +0000
0eee4b6f141432fa4d6f0b630f4a524e587817ef,2011-10-07 20:54:06 +0000
92743c883bd455372decd7bd3eb877b3bfbe3427,2011-10-07 16:44:18 +0000
461c45aa7db5af1d78c369fff2f11293e5f31508,2011-10-07 16:31:04 +0000
ca133d89400b1e2b3eac302612353fb9af63976b,2011-10-07 14:34:45 +0000
732f83c0b57840c521664d8b9fdbf014dae975ca,2011-10-07 07:33:21 +0000
487eaeecfc63ecdb8e2f0c4d2f1051483c789637,2011-10-07 07:32:54 +0000
13943e731b48a6650e2817dc4de838540a05f8ea,2011-10-07 07:30:17 +0000
d079f625be90ca16d311d6443e036493c90b4b23,2011-10-07 07:26:26 +0000
0251da64fdb6b5fa25fb92540a040a0bc869be55,2011-10-07 07:25:51 +0000
a339a751b99ed3110bfc0bba288bc7849b47b10d,2011-10-07 05:21:17 +0000
6f2488d31c8411a51c66070df0d3d1071a808c52,2011-10-07 04:07:23 +0000
db0ac031e78b2c2c63fe1a03512f4657a4eb35f5,2011-10-07 03:20:39 +0000
15a1e0410af2845fd6b038947e6dbea5a9b39dcb,2011-10-07 03:19:10 +0000
91f737519e7b613d4c4ca3c1f32d4da10e9eac30,2011-10-07 03:18:05 +0000
23da497319a687fae5622e71d10a82388c81c8ce,2011-10-06 15:44:41 +0000
61018c79977bd1b04c32c031f2327c69980b2182,2011-10-06 02:14:20 +0000
8fcbe82ab69c4d307fe735366baab97e077cbc64,2011-10-04 14:14:28 +0000
e777a24d2bde6a71d07dd7078a107a5f826d07ed,2011-10-04 14:14:15 +0000
2dbc66e4fdcfa51cea40f74db6e97b37a247a815,2011-10-04 14:14:02 +0000
c733f8c42294f3b7d90469b7bb8a5f8f2531bbf8,2011-10-04 14:13:46 +0000
309dd689eb1bdef1dcf3f1e9139979816ab36738,2011-10-04 08:12:05 +0000
2898bc6403a9043bb8ea2789c60459ad58ba24c0,2011-10-03 08:13:08 +0000
1d0479bfb397564ad54195bab01ff44eea96ad64,2011-10-03 06:33:21 +0000
2568420bf6a022558b0cb7bb837a42659c22de51,2011-10-03 04:36:27 +0000
0cf21a482b87a611c5832e877e9eed841685dcd7,2011-10-03 04:19:48 +0000
63febb4f93eaac4ee64ebcc623bbb7bbe814d38b,2011-10-03 02:54:07 +0000
3ae07f34ab51300614bfb0202443bbb4d2c5acd8,2011-10-02 19:43:17 +0000
76b57cddf3d0a4d0b2881e8343b7bee2a505d714,2011-10-02 19:41:48 +0000
2059461aff27d0937ab313e1787493dfa6d65f1b,2011-10-02 19:03:49 +0000
9f0e8ef283a8ed8b252db8377d647a29e9ffa6b4,2011-10-02 18:20:18 +0000
05cdc9f273f4da289bf59466c0801d8e47ca96c6,2011-10-02 18:10:03 +0000
48f14e7769508eea653f53984adce6e7ab1cc3ad,2011-10-02 16:20:04 +0000
4b6960624a455a4be2b63a482b7c7b5b418540cd,2011-10-02 15:47:39 +0000
21bebf28fd7462950f0bff52cf6d08815a31d605,2011-10-02 15:43:11 +0000
1e1a7cd40b4ad0516f9883ad9700ecba79e3e4ec,2011-10-02 15:25:20 +0000
7c81ac50a25f08f29dee96f633c22f68154febcb,2011-10-02 15:05:26 +0000
a08f9179d33966cc61cc42a91538bc04499ce265,2011-10-02 13:00:41 +0000
b8b433899437b1da2a438886839be1de6ab7b9f6,2011-10-02 10:18:14 +0000
cea840d31b4383e486ae60d53246b401b8e7605e,2011-10-02 10:11:43 +0000
166cdbb4e258ab47ab0a401d5d90dfb565610eec,2011-10-02 10:10:50 +0000
005b83d0eb684ae5bd7d5e1b1ea1fcf2a728def7,2011-10-02 10:10:12 +0000
2d0bacedae42d188a3d425abe66b4a48b77f8a02,2011-10-02 09:58:38 +0000
121638c7c2d2654121304529596fffb8845c5734,2011-10-02 09:25:27 +0000
d9964d8cbea13162d0b61ecdfd76d564f7ed322b,2011-10-01 20:01:22 +0000
c60cba2ec35d4858ccc330c16de46c74c7966a22,2011-10-01 19:49:51 +0000
799b4d61762fb2d1b616afebee1cd20a19911ec4,2011-10-01 19:49:26 +0000
0be9aee8825fee918c941a2ae36ef1f370432182,2011-10-01 19:44:52 +0000
c33f43b0fac38a4b9b0cc4ba2412e33ebe774237,2011-10-01 19:41:34 +0000
1824dd31e6a39f5ef2e7b7e01f9b52d7ce0fd1e7,2011-10-01 19:09:00 +0000
bbe44629cc742f5eece1547ecdc6e489d78dc03f,2011-10-01 19:06:52 +0000
82ca8bca63167f4ece4f21ceabf21401fdf1402a,2011-10-01 19:05:11 +0000
e36401831647e1afba616f69f95c9ef847416a63,2011-10-01 18:51:25 +0000
add2d544578872ddca1bdb8b14e1b471400cc471,2011-10-01 16:23:48 +0000
7ec522753a7d178c8d92341e85200955a291fe3f,2011-10-01 15:15:00 +0000
78d9deeadcba6476dd3fc0f40e03fbbed473949c,2011-10-01 14:52:21 +0000
036ba4efec117f5d4598ce2cdecd99833a65208b,2011-10-01 14:16:50 +0000
cbb10701a763a000b4311ec290baae0ee2732ac0,2011-10-01 14:16:06 +0000
ef6e9008270fcb8775f5887c24fcc243031074aa,2011-10-01 07:57:19 +0000
ba15d2764e831f2ccc3c18555c3afbb14bf5d2e2,2011-10-01 02:01:03 +0000
4471616be7698f6731aaf88cb860fbbf2586b293,2011-09-28 10:10:20 +0000
5313f6aaae414a72f83f43069cd439ba47024093,2011-09-28 06:18:40 +0000
b5724e1cc0110ff35b4e75b4784117f4daffcb93,2011-09-28 05:56:42 +0000
924769fb0538d5e8be28c9fadd662a7f314b73fb,2011-09-26 06:04:33 +0000
a0c36a7c8cfe5d8023c21c47980e059ffc4d0b98,2011-09-25 21:44:13 +0000
4247a40093654e728bd7494db1d0a16e05d03b36,2011-09-25 15:05:53 +0000
b7c5cd5ff7b02a22fbac06aef14260e0096ce2c0,2011-09-25 15:04:39 +0000
39eea3de3f343cf6056e9a841f39eaab307bb666,2011-09-25 14:48:18 +0000
c60827b0b79a5da5da681f6b6f63e745f13fc1e3,2011-09-25 12:39:09 +0000
39d86e32e2c41cbe9b257d5a9cb03deb44cd5a5a,2011-09-24 05:13:53 +0000
b4764661a3f6d7a74acfadd8fbe89b914b90811c,2011-09-24 04:54:28 +0000
18323639c955badd5cdbece4e416b3391dfcb1a6,2011-09-24 04:47:38 +0000
f5c9e29ea70fc1c391bc4184045a469ed5351f00,2011-09-24 04:28:36 +0000
75a473e42e9bf79b64a41d499bc10442e12abb85,2011-09-24 04:01:05 +0000
b17e283c77d19f1b6c78051ce0a2c6b5e4012703,2011-09-24 02:17:58 +0000
20a365978f7553d1773ca1c3fefc5e464595ffb5,2011-09-23 13:08:58 +0000
4709a37a4f166f0b36f614b930d38e052bb2ae1d,2011-09-23 06:32:59 +0000
81821bc466a21810dd0e72114e23c358e12aa3be,2011-09-23 03:36:11 +0000
0ba7ddcd9eea1c6a25ca9159757f4eaf05a636b0,2011-09-22 14:16:38 +0000
70c0b992845944be762350cce7116e48ddaf0f99,2011-09-22 14:13:09 +0000
7222fd432e679a1cd99ede3dc3ba57f270ea36bc,2011-09-22 12:35:47 +0000
257d7c7c85e699727853ac35c348c5e5dfad0c88,2011-09-22 09:55:02 +0000
898709086bd5d47f6c76f5936dd3b725d6ed7e4a,2011-09-22 09:18:14 +0000
cc40bb40a9f294063b51040c88993a8ec22c9461,2011-09-22 07:34:05 +0000
041df9cd9bacf74a37beb8977e86d9961223b1de,2011-09-22 06:43:55 +0000
166c6919386c2522ec39eab22df8fbb1a0e7005c,2011-09-22 06:37:41 +0000
265a435568d174aeb597049d86cdfec554ccf811,2011-09-21 18:45:42 +0000
0e9a5f40f4602946a2d5b0efdc75817854486cd7,2011-09-21 14:53:31 +0000
60e328c213ecd0d22c8a193fd96d36f8f8b11509,2011-09-21 03:45:37 +0000
3c316a16d81e592d6e2736bbca0304d1275b1de0,2011-09-21 03:12:45 +0000
1019cefed6c1f2038dce118c1e17c596e18bc92a,2011-09-20 19:20:59 +0000
112b49642030fb158312e700e529c094673efd7f,2011-09-20 06:11:39 +0000
8162c7428bdbc5e6ef6264fdc7255315e52e395b,2011-09-19 08:31:01 +0000
0b279a4e3a64d6cf60c4c89f55d2ca0f5a4eaf55,2011-09-19 06:19:36 +0000
efcbcd5cc6a3d11990c17b0bbaa9d80d28ab85d8,2011-09-19 06:18:40 +0000
d5341ec56c2ca0b814bc93e46adb72a953219164,2011-09-19 06:15:53 +0000
badb5a45b277df8f1d244ac3131517a908123214,2011-09-18 09:49:31 +0000
eb09e4d118ce511c6fd2d8585c6c591b9f90916f,2011-09-18 08:52:03 +0000
237c80ba7b9aa99c8ea15fea2f0a5e8baa296eee,2011-09-17 18:42:03 +0000
ff7b63131cb75fc1174893494baf33b9a0d87e2d,2011-09-15 14:46:34 +0000
33d4b224a6acd5fb07dc2b5616dd61e29e826fb2,2011-09-15 14:27:41 +0000
c1b1b191e0010f49e72ec4e8c04713c496fef469,2011-09-15 12:09:58 +0000
88c71bb962d3de098dead53bf50c84f9b6b8364d,2011-09-14 15:56:08 +0000
724130fb7f92ad09b2414cf1b2a7b46c4918ae9a,2011-09-14 07:44:00 +0000
4298745b4a9bc9a1f6c6b408d408588888e6fdc6,2011-09-14 07:40:48 +0000
a4b4eabe97491ec99d340c1554edde918131edcc,2011-09-12 18:34:20 +0000
d312add3bf3e2e2e92dc2e4a38361e492561e5ad,2011-09-12 13:20:57 +0000
372764aef6ebd49e31899ba889aa4780a5897e56,2011-09-12 11:21:43 +0000
dad0b0163b8e84cf10a7b868079a401c9274f797,2011-09-12 00:37:57 +0000
806fa1cdd2945ef2234666270f6aa2886c9e636f,2011-09-11 20:43:27 +0000
46b35abc2c9c7fdea9f006779f7a5771f876abdb,2011-09-11 15:24:40 +0000
a0b1c747b514f6648166bccf8e209f6dcf31b247,2011-09-11 14:55:50 +0000
c4137c5829df04d1a3e6e4f7c7a0e5f31addda80,2011-09-11 14:42:31 +0000
bcabb90464c87686ca141e69d589e71222cf4c8f,2011-09-11 12:36:00 +0000
d33eb89423aa91786d6a0efebd2349f3a1702dac,2011-09-11 12:35:33 +0000
9da9da1eb7b29041fce9ac8099bb1a0c45ef6da3,2011-09-11 01:50:36 +0000
3ee9c4a7d8ad90a3fd9143fce8acaba6f25bd25a,2011-09-11 01:30:11 +0000
52649fda4c9643afcc4f8cbf9f8527893fd129ba,2011-09-11 00:30:11 +0000
ae7a9de06f91809eb96a118cfa9af18c4f7a8007,2011-09-10 22:13:34 +0000
3a68ac25a9dd306ac41d06507568dd21fea7b573,2011-09-10 21:53:49 +0000
e2c4bfcd2931c63625405adc613db246959ca74f,2011-09-10 20:21:52 +0000
25acfb6505712b2a66cb90de92f72f8f0d0717cb,2011-09-10 05:20:56 +0000
99458101a52716780eb4820c62fc64f30e4f3919,2011-09-10 04:43:36 +0000
88ced96cd013d3070bc0295edba5502814f20947,2011-09-10 04:18:31 +0000
8929c055214be729a1a15b3eb6a72cddf1b2393a,2011-09-09 23:01:59 +0000
8f09fa850a2a73f17b95e6e26c348eddb1b6c11b,2011-09-09 21:58:37 +0000
2342db442a2b0c8005fbd0b20f3cbd13551476a8,2011-09-09 15:44:57 +0000
90b0c47e5996395ba219a1679f6bb7b36274cd00,2011-09-09 14:35:00 +0000
6bba078367af56318eb7468017a6ca117cacee47,2011-09-09 14:04:19 +0000
a21ce79c18a3de457af1d524144d439988ed8bd0,2011-09-09 02:14:15 +0000
58973e521f6e1a83f1863c33ac072943ccb60db2,2011-09-09 02:13:31 +0000
ac3c66add467d60fd8b4ca98b6abd2e5bf13a0d9,2011-09-09 02:13:03 +0000
4a73dfc4fee6045f4e450f894429c0dade162231,2011-09-09 02:12:22 +0000
fc1bf19d9a07fbd39dd8cdba7b8b54e8456cd2e1,2011-09-09 02:11:27 +0000
0b0573d82608f2f23dc8bcf0ef27c8e1eeeb048c,2011-09-09 02:09:44 +0000
4affc3915c3f1512eb6c828d9ad646c79635025d,2011-09-08 22:18:38 +0000
6f0ff08189214d4458719fc1d78df0a22892550c,2011-09-08 22:17:30 +0000
acb06a976b71430d9ec1f29db806737bb47162d4,2011-09-08 19:33:13 +0000
ace9e15ad90e6cb271879d9ab057bf94462bf58e,2011-09-08 15:59:11 +0000
2434e63187475e416ee0e2e8fd5cc51ec5e5bc19,2011-09-08 15:36:54 +0000
a4d48af48a5bd20c729913e65076f8d0f5c9a07e,2011-09-08 13:13:16 +0000
6b9cf3c1ec75b1f805d303b91dd90a15b42201ab,2011-09-08 12:08:16 +0000
7de255581cc32877e644533ef6d5cb7f2905d332,2011-09-08 11:52:54 +0000
23df2f536f43336ba05e8e40ba19ffefaa875da0,2011-09-08 11:15:02 +0000
1607b9c7ed42e72f3a5877842deee7d2ae88051e,2011-09-08 09:56:24 +0000
c004c9daea8983fd92df9cea63be08b03251e966,2011-09-08 05:59:22 +0000
5ec76b26fab897bc78a499f5cf2f448faa4328cb,2011-09-08 03:24:28 +0000
102473af94e01de80846557cbac8330b9fdb5a75,2011-09-08 03:24:04 +0000
0eac3c014cc04cb49bd3cc99002576c8583474bd,2011-09-08 03:23:44 +0000
0cf42e9ae0b40ccc43990cab0b8e87aeff82db34,2011-09-08 03:23:19 +0000
a2f25ddb6e5c509b7d6e47be7c143958c4a4ad8a,2011-09-08 03:22:50 +0000
aeb0f8329e0949de7efa169c644d8389ab59d299,2011-09-07 22:05:06 +0000
4107ac1db878bcf7f952e17beed187c54430f7ad,2011-09-07 18:48:06 +0000
22072e006056afc56bb524b5352511949cc4ca82,2011-09-07 10:34:49 +0000
687cc21cb48a39514bc61a71927b9470060aab36,2011-09-06 23:33:54 +0000
0fcbaec47afb47d8887d6732786e0308502f3c7e,2011-09-06 22:17:21 +0000
a1dd05b8c81cc926fef50dd007babc4cb392247d,2011-09-06 21:06:58 +0000
0f0e1abde967505363f6b4619581aee904507e7c,2011-09-06 20:19:37 +0000
e1836fd8aca4bfe61d870c0653a64b48901645cc,2011-09-06 20:18:42 +0000
1490873b330c60ad465f63c19a75cd24f18f6f33,2011-09-06 20:01:07 +0000
6968a4afd6a320853d25ebd12c2181dff6186aef,2011-09-06 20:00:37 +0000
78d1a613d41367a148c6e57bd9d3af4674b984b6,2011-09-06 19:59:47 +0000
1de3d116a9b212af4b895535842642603875c6a0,2011-09-06 19:17:52 +0000
e751cc22b610512f5d9b70f91083f96edb927e16,2011-09-06 19:16:05 +0000
67480f06e848657b66c20743afecb3d0af3e34bb,2011-09-06 13:05:55 +0000
13baf529444e9ccca1cd8fbf9701b08c22d42650,2011-09-06 06:38:43 +0000
ca460b7c2272f6f8cef566abdacb8446d12ea25e,2011-09-06 06:24:11 +0000
7471813924591882fa82761daaba754107ab8a02,2011-09-06 06:23:06 +0000
86ae5a8c90166c1f61b92bee87847a8098e3b100,2011-09-06 06:20:31 +0000
d4834d0d57cd6d35fcb866aebf8fdae8ef7bf50f,2011-09-06 06:17:38 +0000
3998594624e7a03b22c88aa96bba01e693fd136f,2011-09-05 21:22:46 +0000
bf4184310de8a0d420f859a6bf80f8f62f229c80,2011-09-05 14:20:16 +0000
701da0456af24208d27f12e38f69ea75f55d66d5,2011-09-05 14:04:16 +0000
b919c5ed1f613e759f51a39bc5423827ba769611,2011-09-05 07:07:55 +0000
5cfa8ccf09b0bb62b722efdefe5ebfc69b544817,2011-09-05 03:30:22 +0000
e39a38955530163f77965d5a0e0d3cf9c2b61c0c,2011-09-05 02:09:14 +0000
d696293435c04a8948c873fee4ed3a23536d7a26,2011-09-04 14:38:40 +0000
f4abfdc106966ab25dee34174e2d705738de2878,2011-09-04 14:36:48 +0000
5c04a9d4560ed51c07cdfbab2fc186013cf2f3ee,2011-09-04 11:55:49 +0000
e79fcea6cfa46ae58d80e38bd56bfba87080e17d,2011-09-04 10:29:03 +0000
7dabaab1130b8ca475f7e1e5ab8fa5f155081004,2011-09-03 20:06:24 +0000
97b440fc8e6ce8129bc2c32f23ac4d43a5d012fa,2011-09-03 19:22:42 +0000
32b0f7336b7627bc6e471a1091dfb2712b613eee,2011-09-02 23:05:01 +0000
6a895ec220feeae0a8798169290c8777ab4fddfc,2011-09-02 18:20:37 +0000
de75806149238269ea9ea02788eb117c92446f7e,2011-09-02 16:46:20 +0000
118387e2729745f97822f7621b437b324de21b5b,2011-09-02 16:40:18 +0000
c76d918c77f21176df0acd613d936aa3f3866acb,2011-09-02 16:34:41 +0000
c9943deeb977259e44313f611ce271288f0ca282,2011-09-02 15:11:31 +0000
8b24302b3ddaa6c2bc90f61b3b65270846d0fba3,2011-09-02 15:07:16 +0000
c0b4954297ce01b64487c09a1dcfcc0124f7053b,2011-09-02 11:09:59 +0000
f78206e0658d13a73f6776779139b3ee5bd62528,2011-09-02 00:07:16 +0000
681943d4f2fac25a5c0bce2f2f7c34171b162471,2011-09-01 23:37:36 +0000
1ef23c7fb55f7eafcf2593070a82887d0bce586e,2011-09-01 12:30:50 +0000
39cf1b2db08bc45ca66863f6e62d6307e35b0e0c,2011-09-01 11:35:49 +0000
79b2462cb86c9b0b672c52beea1cff3ee12209e6,2011-09-01 06:17:33 +0000
5786c5c944d3d8c5a18742c71d1cba6dc1a5eeab,2011-09-01 01:24:37 +0000
32da645aa8b40382a61529e7a861f64238d18907,2011-09-01 00:07:48 +0000
b6ee25c1e18e27ed40b61d16ce640587e8104214,2011-08-31 23:49:50 +0000
12e8303868d3e040f3feaa452815506a7cac684e,2011-08-31 11:55:13 +0000
918377f18998e6e287487a784edb3cb96a9c6714,2011-08-31 07:41:25 +0000
5c741c800a52fecd375c7667c421c03ef8c43398,2011-08-31 06:57:20 +0000
c15ac0cf84738a216ee0b7fea93f8b626d6c6c4b,2011-08-29 16:18:38 +0000
37b22700d9992f0a40a46d1b70fed97891565163,2011-08-29 13:49:22 +0000
8dc262f9d7c1eb584c797917a40c0118ba8974be,2011-08-29 02:15:40 +0000
fd9fed269487504137885d3b0722a04e7c39339a,2011-08-29 01:44:24 +0000
3ca62564e326230017a0830d4c4d0c053e01874f,2011-08-28 22:40:29 +0000
9a8435f9d0b0633a76deba573c453d545baff793,2011-08-28 15:49:39 +0000
5803f327198234722a765ccdd559de180504073d,2011-08-28 13:43:25 +0000
760078b411fa3c0a2914574756ef458c3fc68d00,2011-08-28 12:58:57 +0000
c2570afd5fdcf00fa4705db4540a7d2806d07e4a,2011-08-27 17:52:24 +0000
6ff4630b25657736094b0bebfe443881c66aef66,2011-08-25 09:28:13 +0000
f9ea0c63a020a33e255d69f9ba470c542e58e7dd,2011-08-24 16:03:16 +0000
9161afbbbc887b89b9fb76dce028c96ed2248e23,2011-08-24 12:15:51 +0000
c5f349b12a6800dc1664317024269596e8b0305f,2011-08-23 22:35:06 +0000
69138ab18de0b84e0a8ec4a194cd116b7cc4e1ad,2011-08-21 21:18:34 +0000
817f068f43689df6401b05f111acbdaa17ca44cd,2011-08-21 20:11:57 +0000
22e68e3efe72371fc8d47797715d78c750c80964,2011-08-21 18:14:19 +0000
78c368544deba27f47ebc1643f7eecdad4c59788,2011-08-20 21:45:53 +0000
7ec9cd0d126c6eefe1ad54641cc23088ad571bd8,2011-08-20 21:08:34 +0000
1f0c4c94514e40479aedf6ed41b2c88a44dfbe33,2011-08-19 21:35:19 +0000
591e3d166e0e3202c5a4a577077a5a43c101f65e,2011-08-18 22:53:48 +0000
d7121b1c0bf6f6b799cb4c808138c85d04282ec6,2011-08-18 18:50:08 +0000
290621a86032456321f7e464cb33dbbea467d60d,2011-08-18 14:10:28 +0000
6c9487d625655fad85b9aca52575e6f09a03daaa,2011-08-18 13:38:29 +0000
1a7b144bff36cc51ef4838eb62a0c84100cc7816,2011-08-18 13:03:42 +0000
ac30127f03913729b16697b14eb99bdc49c1a1a5,2011-08-17 22:11:43 +0000
f18228dc45b34becf379e190cb8a9bf887252a87,2011-08-17 21:00:04 +0000
ed44e8213fbe92a4196270bb174d8aeca5634f12,2011-08-17 14:54:39 +0000
2b4bc7c5a9d1b86e004d1a767deffdf875647c48,2011-08-17 14:00:56 +0000
9c4571dd506954f0893b85ec4b82e5bc69fe2c16,2011-08-16 21:55:49 +0000
4b1377907d9aff7682fc42fad9c6907e8ae9513c,2011-08-16 21:15:56 +0000
fca3f676ec65a9642e394e8ee97b5e963d8a0469,2011-08-15 21:21:06 +0000
3872917effefb08c997431a8bdf3aaabbc159fac,2011-08-15 21:16:57 +0000
7bf24af9d2a21d9ad056a13e4c45f84eefcc5b58,2011-08-15 20:31:49 +0000
d18208440cb2354deb17a3ab3dc8fe8cce43b106,2011-08-15 18:20:47 +0000
bbb97a74b0f069e3e56a6d43d9d50f673365af23,2011-08-15 18:20:08 +0000
3e6c8470303c60292f178dcfa3097bb5d5ef9873,2011-08-15 09:32:32 +0000
e7df350a551e99e41d9c3db5f1fa68c6bee090a4,2011-08-15 08:49:39 +0000
71df2effecc24b64fd193eabdea9170a48f41138,2011-08-14 15:03:33 +0000
b19a671a94d194f493ecfa6de56834b022c3b04d,2011-08-14 14:57:05 +0000
6983d81680483705c0e2cf4d62b15feba4e6e3ab,2011-08-13 18:10:13 +0000
7c6dd40b330d85ae718e867c4d5cee0b1c4f317b,2011-08-13 09:08:39 +0000
14fc4ba076556b50376b54ad9c33908fba06529f,2011-08-13 08:57:44 +0000
cec75d74f8ae7d0c6d37a9e1605e1920fb545726,2011-08-13 07:45:42 +0000
9edd2f24d77bfa5ea23688fc913a030c7cb6dcc7,2011-08-13 07:23:38 +0000
190b6716ee8ac87d9f13146e0ff9cc670395deb6,2011-08-13 06:28:22 +0000
2dc556649e6c3bd545a73999e3bd8666c79c6d16,2011-08-13 06:20:12 +0000
58faa3eeb72c552a7c8cc449e895786fe3f87982,2011-08-12 23:11:46 +0000
64787dc2ec584ddc201c691a2d9d357f1a95f94f,2011-08-12 23:01:17 +0000
fcc13b5e984b5742cf58c8fc3f89ed983841f8c0,2011-08-12 22:42:13 +0000
173736fdbb68f3e0a6ac0d3867942c99a63d0014,2011-08-12 22:37:29 +0000
ebc61de97f41e6beabb07c8418dc1ab2cf5e5ce3,2011-08-12 16:48:26 +0000
565b6b527fd62a97fb9f8ded6c75b97f595cb33f,2011-08-12 13:11:30 +0000
327bc1a6d344093894a6c3f7e3c231e4267213fb,2011-08-12 13:00:58 +0000
4a65b71c2a4cddd2ea3b41b7c61b59751e699dfa,2011-08-12 05:39:55 +0000
2f2bb7783c2a6dee3d04ab50a51ece0640146542,2011-08-08 05:21:34 +0000
5a2d63e2c336419195105e326a978799412f213f,2011-08-08 04:22:04 +0000
d33f6b968c285792d51c4e5605ff75da95dda714,2011-08-07 08:18:02 +0000
334c01e6eba6ef9ce263577f63f2094fc98c2c81,2011-08-06 22:26:55 +0000
d451a1fb921f7dec1bde47a05a37fbed4df5a1ba,2011-08-06 17:06:38 +0000
a821e798c3fee1982c81af1974ae44a5c6f92599,2011-08-06 16:54:39 +0000
a9c5cda5bdc87e568bd1953e26edc36dcee747e2,2011-08-06 11:02:01 +0000
367fe7662e738356ef6fef47a12a5bd6e3269e5e,2011-08-06 00:13:49 +0000
cae2a845fa465261cdbaa1604e1f839d6e89bbbc,2011-08-05 22:07:31 +0000
33c0778d9081f5fd4661980239e990e1c48d3a79,2011-08-05 19:43:04 +0000
9c6557732bcdb6f473e7e4dde49042c5b708cec2,2011-08-05 19:12:37 +0000
8b41800046f1d336865b48ea4bc65522ebb3e6ea,2011-08-05 15:05:33 +0000
3defe7345d95fc5d4741b1990d1a5debd2800d8d,2011-08-05 15:02:56 +0000
079e67738b89686c451ace8d4e5e52d7534dfc3b,2011-08-05 15:01:49 +0000
cb067c2503d2d99fd9f6fa4a4128c7be34f9d748,2011-08-04 10:03:51 +0000
98556fedcce9e7e4375f994cc171d4803e6c0ee9,2011-08-03 04:16:23 +0000
b42223e931116ad3e8a1b3b3451d6bb14b8af82f,2011-08-03 04:03:32 +0000
b468defc676cddd3af2953f5e033f449d9cc661d,2011-08-02 19:48:18 +0000
d2d9d32f794586fc5f1307f5afb9a0f399725869,2011-07-31 23:47:45 +0000
32bbe0ed8e5dd208500c653e070bfcf6b02a737a,2011-07-31 23:31:34 +0000
7b4c168854a87dc0e8f2b7d886f2baf179e5ada1,2011-07-31 22:51:35 +0000
1bc6cbd731e74291012048960289c8ecb3488cda,2011-07-31 22:49:58 +0000
a7c7172b3f5d48e43e1abb286dcd24dc9476b21b,2011-07-31 21:27:39 +0000
20b4584303eaac45903205159647db367f2a4e7c,2011-07-31 15:57:20 +0000
06ddf2d772d3d7d679f0c4e7598f545016b693b7,2011-07-31 14:04:41 +0000
48e54b0a557b8de7a563b580e274105e56acf054,2011-07-30 21:59:57 +0000
89bf9e4d9a2103a775798ee9df654b7f097af2c6,2011-07-30 13:50:51 +0000
efbad3aa60518f5f7403bedb1c0f821aafc79916,2011-07-30 00:38:30 +0000
9879b8baa84206b4161eec37e5b411eb9f660381,2011-07-29 21:46:28 +0000
a3053da744783002b7d51f89be9f869126924c8e,2011-07-29 20:28:12 +0000
9679d37e095bbdb4c10f8e68e18fa8b8a994efd0,2011-07-29 15:50:39 +0000
fe650d7b39bfd2b003d8244fa5cc6b6f85012ccb,2011-07-29 15:49:16 +0000
6a329f9e4391cc84a3eed3c702022aa6c3307b31,2011-07-29 15:47:36 +0000
c68662e25749d91723b457a20be4fced65640b40,2011-07-29 15:44:21 +0000
21d9fa79fb674b93eeb3356ade5bfb6180934672,2011-07-29 15:35:19 +0000
b5d183025dd2282ce29262f918551ba35f4f83f4,2011-07-29 15:34:10 +0000
f0e28eb000c9d713c8234754dc5edf1c8cf79a4f,2011-07-28 11:59:23 +0000
4f7b6d2d75597b20856d8476bf1c8697ce9d11ba,2011-07-27 23:26:45 +0000
86835c1471af6fae3e7bc6d5d53949ae85a41cec,2011-07-27 05:07:40 +0000
78abc7984dc5d7c5667e242a40d3f45bce3500b2,2011-07-27 04:11:39 +0000
bea7d3b97bcbac344d4069244687c72609a6badd,2011-07-27 04:11:21 +0000
0770b1f1a90818a907686d605d0c33c52b8bd852,2011-07-26 11:00:32 +0000
57ae67e8364a24a976e15dfe845d19fe2300c15a,2011-07-26 07:48:05 +0000
ca82f7a1a0c695d20c391f7a515a2bc11fe9c435,2011-07-25 21:48:04 +0000
54b0cce8fefdc68d6fd4d43d2038050a8656d312,2011-07-25 21:34:04 +0000
d4283bbd1db6965774446e0d101c52757e281a73,2011-07-24 21:43:08 +0000
af33f7c7efadfb02899f38d4371e599c1ec7e1ed,2011-07-24 21:39:36 +0000
9099fa31a1178b001b28809ccf7e2e1219f20d11,2011-07-24 18:46:20 +0000
431ff783f0f95b53759918ec16114cc1af072bb4,2011-07-24 16:45:06 +0000
093aa6786fcd35c22683b4f113bdceff8f01d3ec,2011-07-24 16:35:36 +0000
d2adf76e6197524d2528678beb6fa259db63d397,2011-07-24 14:31:52 +0000
69b7b985daea9e60e9ae5267fb4b33c1d21be1b1,2011-07-24 14:28:50 +0000
a95b0def8ce9246141c25fbd6a6244c44dbb2d05,2011-07-24 14:27:20 +0000
3335529258245181f35befe062282d77df051cd8,2011-07-24 14:24:11 +0000
b29fc9645a7cb4e9ac2cab177794b14a39352052,2011-07-24 11:21:55 +0000
e99ab8489c03c04a8cf7ceba711fe3692c1b9ffa,2011-07-23 12:09:26 +0000
b05a3cdbae8c1c83b83244b490f4d3534e28dd6e,2011-07-22 22:51:37 +0000
c4ed11aba2af07b58362d755ad9b74d16a1144d5,2011-07-21 23:17:52 +0000
6414ab061b3c5996c64223fd70653e45dfc12d7b,2011-07-21 21:06:43 +0000
cffa97186ed50d03bb552b8e49b49b52bc1d19e8,2011-07-21 20:43:21 +0000
b44d8ee8c88f87a7a3410d7aa3266056034c16f2,2011-07-21 20:37:35 +0000
47043fea658fff11b8579c8b46d46b45028867c1,2011-07-21 19:47:10 +0000
d13bdc025a5777904fc720e691fa6c766d4cbf6b,2011-07-21 17:56:05 +0000
67237993b40ff76e9078709f44ee975e4d2fb006,2011-07-21 16:04:21 +0000
7133fb43b7138554d8485717e54ab8dce1d43cac,2011-07-20 22:09:17 +0000
0d0c461e6e700e2931ffc9ee660a5084dfc26450,2011-07-20 12:47:11 +0000
262fe4c088036994607ba1d35d676deb500e2ea3,2011-07-20 12:15:00 +0000
97b54ad87ffd559893dc6555196d9e3afa756461,2011-07-20 11:35:48 +0000
9ac992179612af3ffe9affc4cbba5f50e57d04e3,2011-07-20 10:24:15 +0000
2d590e38b36617a084d73ea7f999c3d5f02d53e0,2011-07-19 21:44:41 +0000
175bad6352a145ea0edae4ca45b3f0998a539715,2011-07-19 15:06:46 +0000
79bff2247fe661339ebdbcf7978b4980a685220c,2011-07-19 13:33:29 +0000
c8027556c1e00b2ad6f909c0dabd3f008129138a,2011-07-18 08:33:53 +0000
1e649ff9f324b372d0734789bd207dbbcd7e0e63,2011-07-15 10:46:29 +0000
03f66650d37ea5ca5b84d23312585bb3394fecdf,2011-07-14 15:25:11 +0000
b8ed51d4a0384c1157ec5ca2fea73d880b9f4a81,2011-07-14 06:12:42 +0000
2123f7805b1b7aa7f6651f96342e7ef188ff763e,2011-07-14 06:08:05 +0000
fe761c28ceca03d859ec34273798d67d85bd704b,2011-07-14 05:32:41 +0000
efb876b984f7b2a88890dd599a2da4b4c1e7f5c3,2011-07-13 17:27:41 +0000
9af50ca82c8994990992696e17beeb7956cdfd89,2011-07-13 15:28:21 +0000
d171e7dd17441b60b00960eef69f09f3b0ca89c3,2011-07-13 10:10:56 +0000
29db2a8953a33d3589d95877b3d0c6b2d6ed3b54,2011-07-13 09:41:49 +0000
bf05f11de340e9ecab8911b1b1325a769ebc4e32,2011-07-12 21:34:34 +0000
85cb7a8d48c1e92e428c3b8ec15998aad00ec59c,2011-07-12 20:15:01 +0000
fecbf23419bf46c12e4f41baf5680329f25bee3d,2011-07-12 19:57:17 +0000
a31a5e84517ff0fd567b3606580129363ac50a8d,2011-07-12 11:55:26 +0000
099fdba0750714d65ce21c21618da5379ed885f4,2011-07-11 12:32:14 +0000
3df5cf363e342cf922f63eb341ee7801b110706b,2011-07-11 10:01:39 +0000
ce13d98d2e21cf7f3783c44716bf7644ed8ddf1c,2011-07-11 01:32:31 +0000
4d02be2855048cd9a6bf68eaa77c5993268e0a7b,2011-07-11 01:14:55 +0000
82880daefb33328219a6354730969ca3e2de0d49,2011-07-11 00:57:03 +0000
fb8fcf184ea3801acf6617f400d90548e6c9aaa0,2011-07-11 00:55:38 +0000
abb29ca5c3f9b186fbe0b8b1ba84ba81676f6477,2011-07-11 00:52:20 +0000
d3d5c6fb0587ed9e8b06e5e4e1beed23a9d45b0e,2011-07-10 23:45:43 +0000
60f99d976da2bf63732543348c443f9d0d010c01,2011-07-10 16:51:02 +0000
4b299469ed2a6d8d3adc696aaba8e3f42c1c9af7,2011-07-10 16:08:50 +0000
ddd7f07939573f1bc3269d8d8f794101527f994b,2011-07-10 16:06:44 +0000
c65e8fdd4ebfe49247b160dd3b3a5a5bcd2d7ea0,2011-07-10 16:05:39 +0000
f31af98c0dea42494c6a702729f0bcaf317459f5,2011-07-10 16:04:51 +0000
fef1366f093511f914e0b1e1518355565e0a0006,2011-07-10 13:48:36 +0000
9867b821b754f9071791a4d9bd9c676ab230f376,2011-07-10 11:28:31 +0000
64e12ce3b13e047461678ac55349fb05e14da30e,2011-07-10 11:13:04 +0000
bdd6b2b578bbb8520de9377a2acc0a73ba58f51d,2011-07-10 11:11:58 +0000
208824f3b6976715b841c45f6333cb723a16c617,2011-07-10 11:10:55 +0000
2abc2e6707d9a5279d27d5245ece4d499be5e839,2011-07-10 11:07:30 +0000
afa158afc78c50cb6de9317c5b4dc228ebe3ef23,2011-07-10 11:04:46 +0000
a58a65a43f92abc3948b3549c21284846ec5c9b4,2011-07-10 11:01:56 +0000
cd6ab81dc8db04ad72684f61015f94f0f7c86255,2011-07-07 09:36:54 +0000
fac2e96a318f3ac8b4fe0dc15ac4525165e21af3,2011-07-02 16:27:03 +0000
5c185f118bc6d036a03e5f708b72ef7664f18752,2011-07-01 12:44:47 +0000
4500105e12ae928f6683cf17dbcd1b662e8ad9d4,2011-07-01 12:44:26 +0000
77af8e95856211098d213f73aaede9afec024b71,2011-07-01 11:39:28 +0000
d78c757aa95180e0cd2e623eeeeb20d76ee55ebe,2011-07-01 09:33:55 +0000
e41aa31c439eb75391e708e7637c351deab8e227,2011-07-01 09:32:39 +0000
9833f5c1862a21079d674ec3353b215f956f7685,2011-07-01 09:21:21 +0000
3cd15839efe8c92132939fc4893f9f6db271c25d,2011-07-01 09:18:44 +0000
196e7b9269df139119d1eab52bc4c6077b8fae38,2011-07-01 09:16:41 +0000
611ddc1966bfc820a7f89164fd49c0bcaa6b7b55,2011-07-01 09:13:36 +0000
5dadec877b957c63f3d55b60f1baec4ebbf82710,2011-07-01 09:08:38 +0000
46dfce79a4c2769dc246b661205140a7afea850d,2011-07-01 09:06:50 +0000
b037c6b5a2a07dead9bca837a5440659cef2ec13,2011-07-01 09:05:20 +0000
56752c15f0ba34c5dea8995fb908ca091a51157c,2011-07-01 09:03:32 +0000
0a150a6718153f7f72900b0896bfa9f58fed130c,2011-06-26 19:13:06 +0000
c56bc8fa33e05e490718491aa0f058114fbfe3d1,2011-06-26 18:42:32 +0000
d803dbac0e6de9f451cb9ba2f3ba146868ae4c02,2011-06-26 17:02:20 +0000
57e2712f50eec586fc5e46fcf9eba139f82af97a,2011-06-26 16:26:48 +0000
c005c8d4da25a68f51691d8d5be818e8566c4ceb,2011-06-25 09:11:28 +0000
7b371c06a901d84f140ba562f28214e03511e7b0,2011-06-24 23:13:00 +0000
06828ea9a8d9769de5b0e69f4d1825cb5320e373,2011-06-24 22:36:43 +0000
f3f992d69258ca632cc29a366d5955b9cca1e630,2011-06-24 12:29:09 +0000
9dfd9b34f1f0d2c87e0ae638a1076ab321d6e6f8,2011-06-24 10:39:40 +0000
622a9991c2a7f644c09eef294e8a19dc57601ae0,2011-06-24 09:43:33 +0000
9764fa8a2d6d25b43d18f7d9cbf8ddc5f0c12fc1,2011-06-24 00:12:17 +0000
a88ba6c1ca4eb82d9d006d0c1486b1ce453ac9b1,2011-06-22 13:42:39 +0000
d778da77e014f03a8ef9f2e0d48ce850adaafcf7,2011-06-22 12:03:51 +0000
04cb14727d9fad2d0e7db8a7b99c78adbcb4d1a9,2011-06-21 15:47:23 +0000
6d291937d09390360f96f2cc357bd9f33368789c,2011-06-20 21:42:48 +0000
ff92629a3b68954b2709d54525acf0ca29d58e59,2011-06-20 19:48:44 +0000
234db70446f5fc0ea444ed3fbad5dacdd003b1a8,2011-06-20 19:25:11 +0000
f7ee41ad1955c5dfd21a8d53c58783ba0ad3257b,2011-06-20 19:11:43 +0000
588f3b4c59618ca9a8fcf6009a2b64832bcb03bd,2011-06-20 18:40:41 +0000
7a190664bfc14faab22f7497b04bbda657833932,2011-06-20 18:40:13 +0000
7ec3665fb99c98089c37a87d91f9d3dbaa060a3d,2011-06-15 19:20:00 +0000
5f661c3cbc1ee24e2ed8ac00b995ee777d2763c1,2011-06-15 17:35:01 +0000
6ef1690ba8bf12e1377d9d803f9fa3c5c132c897,2011-06-15 17:33:04 +0000
a7f015c3eab73fd3655ee28d9a1e105e695a5efc,2011-06-15 17:29:06 +0000
22b2a2a5e98e1233a81c7ff7fad6e5a62e1f8b26,2011-06-15 17:26:57 +0000
264f6e8c4f6dd3ec884b2ba536c4ee69380a30b2,2011-06-15 16:44:50 +0000
3b753d7d00d1a623d12a03eabd322e9211b0bb82,2011-06-15 16:42:21 +0000
fadef0867e8f9c5696c282146f192d8d4eb05d9e,2011-06-15 07:44:05 +0000
7629512cbcc22d3d6dbe47d08195ca861f5b29ce,2011-06-14 18:05:56 +0000
046a2ed6db5c65b5afd59b2a117b6a97c7df2108,2011-06-13 05:09:35 +0000
b5a03457a549ce93f8d007a2d4eaf61658bf7a46,2011-06-13 01:24:19 +0000
5f3ad4479bc78c73f2aa0f3652f45b273fcac220,2011-06-12 23:57:49 +0000
b4865d87111e1c628a0dc326cec7619a0c9eb1a5,2011-06-12 21:07:57 +0000
820cc3fcaa46f22fd5bda548c0d5594f896d79e7,2011-06-12 19:59:21 +0000
d3036160e27a708e884b3ba5ef733388de94e027,2011-06-12 19:55:20 +0000
94415d4462a40eb8d649abc4227dfc47ce08dce8,2011-06-12 19:39:27 +0000
72858b844718a263dec4e10514bc9dc080508f1e,2011-06-12 17:19:49 +0000
61c5342b50312a5afbfec818595559f2ceff8612,2011-06-12 15:57:32 +0000
88bd54a42296691016eb4360880f60aec80cf7b1,2011-06-12 05:56:32 +0000
7d738dc35233fb8e82159e52da1e616e0ed93fdf,2011-06-12 01:25:22 +0000
e84687da98058d7be1acf47dc18b2bb7d9b871ca,2011-06-11 22:28:52 +0000
58d18852834e792878fc9205c605822891498c4b,2011-06-11 21:39:26 +0000
6e9f1d394532f0fe84b289fe4e5c6e779982b991,2011-06-05 18:24:04 +0000
e00a9b226f453096f700af2521b2c1fcefb7629b,2011-06-05 16:27:53 +0000
9dfd54ef0fbab9965e7c141f7a543c6430d39a5f,2011-06-05 15:59:26 +0000
54f921553b5bf617f6e165b2d57e61b2d92e2f7f,2011-06-05 15:41:50 +0000
3f6016591ad022f75689742f46a7c8d3a87aaecf,2011-06-05 15:22:31 +0000
62a313f67d40f2cd192b7f5890f0be14f358b390,2011-06-05 14:59:29 +0000
a4e6f75c86973bf51b5e7c4a11ac38ee90c325d3,2011-06-03 20:49:25 +0000
8a5f904b366d9aa02524283a4c01eb5989c52cae,2011-06-03 19:23:56 +0000
356a99a7bb67b66450b51ef666ccf9f422f27956,2011-06-03 19:22:20 +0000
540bf1525fd5cdc34900cbb1837a13a64b78a7cd,2011-06-03 18:08:12 +0000
6a14866cfcb0503b4f63819f05194e2cb83277a3,2011-06-03 18:06:21 +0000
a31933b64a9cb7fdc833a7a8ffc316f08abfcb65,2011-06-03 18:02:48 +0000
6b3df11f0d25a0c200116a94d51b3b0496aaaeb5,2011-05-31 18:15:01 +0000
4f63173306a28f48e1fff707e9ee83fc53f152cb,2011-05-29 23:18:17 +0000
5ce6c97bcced402f9b5a8d54a3242e1ba8dbb9d7,2011-05-19 09:59:49 +0000
c70f393f4a16bff440b89c571956f69f15cbb34c,2011-05-19 09:12:48 +0000
07ecb4d65a2278824fb490870505f35952756e66,2011-05-18 19:55:30 +0000
5cf31cb6d5af3bc3c982b2743f0f6a6633aa6761,2011-05-18 11:15:24 +0000
0a853fd5a785f17fa3dc6e3b4a49aee50a1ec197,2011-05-18 09:48:24 +0000
dbb142bc5a4019bdff411a007b75decd753016eb,2011-05-17 22:19:54 +0000
695dc3bdcc17abe96236116bb8481cd6cc21db4a,2011-05-17 21:38:45 +0000
987f659a12537fbbb7a39ad9e0f1d6bb2da92aa3,2011-05-16 12:30:15 +0000
541527bdf3ee42817c0c0481dbe549744c3d5538,2011-05-16 12:13:51 +0000
7e3ad29257b934a71a6374afb50812bbf4e3b4fe,2011-05-16 12:01:11 +0000
03fa7c14316371f43c62dd486036be9145ab98d0,2011-05-15 16:02:05 +0000
e401d4ac0696c2dc62aa960044d9fd07bfc01ef9,2011-05-15 15:00:33 +0000
e12caa8de164261e29b4d0c045e6aad6cf28a0e6,2011-05-15 13:16:29 +0000
026fb14740430eb2249959134764b8a8ba8c54e8,2011-05-14 18:51:26 +0000
3424131d52ca1ce4441ed7a390eb55ccb00c9321,2011-05-14 16:04:46 +0000
ee37a5197c91aab79f4310ee9938ae46c717bafa,2011-05-13 13:03:30 +0000
b8243cc1663e3d5bbda35eba3a322dc3dddf30f9,2011-05-12 15:49:40 +0000
716a7bb2dffbdc8f5d56d07435442cd8b011e4d4,2011-05-12 10:07:19 +0000
45ec0d393fc2c7ad316ea2d264873a5f4e7e420e,2011-05-11 19:57:42 +0000
35d78323b248501dd90bc40c4512a9b879c513c2,2011-05-11 06:57:47 +0000
8ef3dd026948f251afb1b734b965c62d03d913ff,2011-05-10 18:19:36 +0000
d84695d151239d1425883c43364bc7c8170c29c0,2011-05-10 18:09:07 +0000
c7f092e022e1075cead5a76d4346b9df0642d6e9,2011-05-09 13:54:34 +0000
ec6dbad43a1f82f61ec6dbd43fd7766e92762e52,2011-05-05 19:41:28 +0000
1df5ae529c2e21a9ba87ba8a2701994a4c6a3d75,2011-05-05 12:37:31 +0000
ec198897ee8e726094dcb15c08d9f7da6920f8bd,2011-04-29 19:08:09 +0000
556576e645e124337afc4814f2f3ed9853da1cb6,2011-04-29 17:15:59 +0000
1047f93f6886aaa421c4db73274ce384de1f82e1,2011-04-29 08:48:38 +0000
40daf0a0d527da70fbaaefaced67587a526b18c6,2011-04-28 15:23:34 +0000
8af698213b0737b1c003d35c7c48cfb6a8f3bcc4,2011-04-28 13:53:23 +0000
dcfb76fa00a530fee6cbe4c17c51f6b9732024bc,2011-04-28 11:57:11 +0000
2340a5e94c43e3927b3b18f1bb3a2233f1e7def3,2011-04-28 11:23:06 +0000
3dff269818712ca8ed1454407ac10fafeb967f86,2011-04-28 10:27:00 +0000
54bdd4a006747e5aed1ddfc8c2cc9ae3c7621af9,2011-04-28 09:41:42 +0000
f7b44304908d097019327db0e1499435a4e4b14c,2011-04-27 12:26:48 +0000
e39775be72fc8271066c32db2104cd4d12fd8512,2011-04-27 11:54:16 +0000
bb49301290de3825383ca2ab19ca07a45c665cb1,2011-04-25 15:28:12 +0000
6ac4c4d2263e2e131fe440d8ff4784a3e1cba6bf,2011-04-25 13:38:01 +0000
0b9bc8cc10687f10aad5be3ee301c896426b7eae,2011-04-25 13:34:59 +0000
dad2f01046fb9971845c34b0be9e9abd9c3c9e25,2011-04-25 13:31:47 +0000
9853e1ba0c5fad772c483207d57e01df5ec2c85b,2011-04-25 09:45:49 +0000
3bfed2129c6be9be80e4e49ef66e2ac14f5d219e,2011-04-25 09:23:30 +0000
00e957d4471d688e1d166e6f3a2937b20d6b2b6d,2011-04-14 17:37:36 +0000
2bc9b4b4d1d45154ab9baf45a78c6b193e3f42f2,2011-04-12 18:07:42 +0000
fc409e886d2f2b08e543dbb1cb40a33104cdb274,2011-04-12 11:46:20 +0000
47e0ef5d2e1d3b526db5996089f186918384ac43,2011-04-12 11:29:02 +0000
4f1c54a44572f16c4274ebf28991f587a250f57b,2011-04-12 10:04:32 +0000
3fa068440f21f22b370e28943ff65acef8f3d86e,2011-04-12 09:41:02 +0000
402279e151b07cdcdbaea0671530aba031d07dea,2011-04-11 18:02:52 +0000
f69fd48e53a88890a1e28ff036316e022780a393,2011-04-11 17:43:40 +0000
b278d97dce8ed3f486722f4faa12753def872937,2011-04-10 16:00:56 +0000
13e5edb1b92974da02a10f56f7803be56d969445,2011-04-10 15:56:51 +0000
133cbc2dbfe596eeca203ecc43c81035c05ee684,2011-04-09 19:20:47 +0000
a3c552e3245b1211f60f4b8f08a259054b768c6a,2011-04-07 14:33:08 +0000
3c3c66c84fa3cadff284fc0961629476312e4c00,2011-04-05 05:52:21 +0000
d30be5671d1487358e4179e2096c4105dbb55a86,2011-04-05 05:33:17 +0000
f88d38ff18eadbf5528ce3dd065987ede7cd4f2e,2011-04-05 04:57:19 +0000
71b826accdae6d64231b72a68d8f8449741132a2,2011-04-05 04:53:53 +0000
2394a774051d8a4ba0878b681ac3e475c406fb0d,2011-04-04 22:40:31 +0000
129bca897596bbf8fd250d21758402d416dbcd17,2011-04-04 18:32:52 +0000
b7d7b20ad0e4bf6ed4d1a16d717a5978a67ddac1,2011-04-04 14:43:25 +0000
328513f3adbcb683aebda8f1b38a0cb14d33de4e,2011-04-04 04:51:37 +0000
fbbb96eb1784f1e7f8ac1ffc5c66fffa227206b2,2011-04-03 14:33:29 +0000
ba0cf0e41b9d170d649f567fe8c65895eac182c8,2011-04-03 14:33:00 +0000
368f17d194d3d03c73cc459f1af6fcc1a1b7d598,2011-04-01 10:10:18 +0000
3f53445d1173ae53cf07d056f8b6cbf5dc5afff0,2011-04-01 09:24:53 +0000
dfea5addf83a023e3a09f7faedc7ed6f1807be9c,2011-03-29 10:28:37 +0000
7f1d7b7e3332455bab4d83ba16af3134c1210eaf,2011-03-27 22:06:18 +0000
e1852db1cffa808714be88c48d7d23b048e9f76f,2011-03-27 21:51:31 +0000
33959a8a4ea1b5df219afe0c0296752deceef78b,2011-03-27 17:07:30 +0000
87a82127044cfd379c81b769fc588984328d6731,2011-03-27 16:32:01 +0000
4676568449d9ff44bc9b649f8f5a2f1cd8032414,2011-03-27 16:30:50 +0000
ed1929b7c2401f3776c49289baee7e06c5a62dcf,2011-03-27 15:20:09 +0000
c7421029c6a9da6acf83237e2b1b439d00f459ae,2011-03-27 15:15:12 +0000
525cddfb688e133536416c158d18ab4e8fff78d4,2011-03-27 15:11:29 +0000
3c4a3dbd7c34ee09b414400fb57477563359962a,2011-03-27 15:02:47 +0000
1df2b780a23c192c2583bbb52c27be10f8e57973,2011-03-27 14:58:59 +0000
3baecf4a66ee16d761f1fd2a72eb878381e734ad,2011-03-23 20:57:29 +0000
433cd1694eb795a1d5f44250968728c53d8d90ab,2011-03-23 19:53:34 +0000
a22db05f92e8279e7dad485b41872825a251b3a5,2011-03-23 19:36:04 +0000
c0b1f967003c05caaa57fcb3642f50a43b0d64fb,2011-03-23 14:28:19 +0000
2cc5012409f4cff2e407cd82f15febec40ce05aa,2011-03-23 14:23:14 +0000
22421b80fd2f2270f3f8c862a57ee319fb3d110d,2011-03-23 14:22:19 +0000
ff21663c8e410c8b968438892892654e8f7783ee,2011-03-23 14:20:54 +0000
ba43534ea846dd5f48aa7e01b9bfd6f5e4564523,2011-03-23 14:18:42 +0000
d9e8a332b79a8bcb6f7e2ce4187ee419f2e5e2e8,2011-03-23 14:13:25 +0000
d9e74e041768cea2b250c3338c4f134fbeef519c,2011-03-23 14:11:50 +0000
97ca946c8450b4909ae73eeef97517a28086c77a,2011-03-23 14:04:45 +0000
c83a4bc0c40e0aa4ee3607e779b96091bf3ba2f5,2011-03-23 13:19:23 +0000
862103b3a8a6664e8c71fbcda9c86b31b53eaf30,2011-03-23 13:02:51 +0000
2b463d7a8a519eeccf6fbb353cf34fc199cbe902,2011-03-21 22:19:49 +0000
93230a061abbc9bc27ed498e91a60f9ebee20166,2011-03-21 22:16:52 +0000
fc26a083eecac28315c484d7e771a9e5c29ed2d4,2011-03-21 22:15:35 +0000
460b8bba3b4a6e629b66b4dcec80720a055e6d47,2011-03-21 21:29:07 +0000
60c76a750151299143040188dd991db69b166263,2011-03-21 16:29:02 +0000
7feb747c200f2e63d7fb14696e3d413768d2dcb6,2011-03-21 13:03:33 +0000
35fa22ed957039b16d64647a6b5d19c1d9892d2b,2011-03-21 13:02:34 +0000
ba9b83410cbef0e72e923057c91c947a8ba33bcc,2011-03-21 11:27:02 +0000
77beb609fe7ab90bd8cb1559d4e7e899c7616a4a,2011-03-21 11:26:09 +0000
4ab2c3dddb8002704175600a139f4c44b26e2410,2011-03-21 09:39:23 +0000
0536a2a7cf23bf86f5b04e5ea7d0ba5808ec2cde,2011-03-21 09:28:34 +0000
ff8535a61bffc95f8ac477f982a54d5dcd17de3e,2011-03-21 08:52:14 +0000
840143f1951153ffd1738d55c9b6659a9ebebb14,2011-03-21 08:51:05 +0000
31fa9a7faa27fc25f12a186e4b41de0bf823d7d9,2011-03-21 08:14:17 +0000
96c2ce398318fdc1c4ebb865ef06061e72c6e5fd,2011-03-20 17:24:14 +0000
d708c9d1019c9db667ca828e1c8ca8e12b035bbe,2011-03-19 22:49:59 +0000
0207f15a49e4a1c74920d2d1cfc2a8ee6c67969c,2011-03-19 12:04:31 +0000
3c0afa529e52218500f04c067ec6105b6c074b1b,2011-03-19 12:02:04 +0000
566075ee5cb903fcf9ddf7c724c4a3f1598bb3fe,2011-03-17 10:38:19 +0000
e41d0d67e3b4d049657fe9e3591cfc782820e52e,2011-03-16 11:07:05 +0000
b6bf8f418ade5fc981f66109c0a2e5af512ac9c0,2011-03-15 12:15:02 +0000
35a0923edfe498c58bfb1e86099fed85fde0c353,2011-03-15 11:42:23 +0000
e8e3d821bb412cdb84fb1503c55cd91ada50cfb2,2011-03-11 14:23:55 +0000
1e2172b4d5b5a5181a884d0ba12400d5be9fef1e,2011-03-11 14:03:59 +0000
ef425179b5738ef83091dcf642af5d02ad021009,2011-03-10 14:05:32 +0000
b76de144c992d2a517a69319e54487a6ed6a1b2d,2011-03-09 19:04:30 +0000
8595215c98c2b49ef41fa4a664ecf73fac554312,2011-03-09 19:01:41 +0000
faed36db104582a4ed1635a3e73c263e005bd70a,2011-03-08 21:09:48 +0000
4a0114036347d690e8d1ed39fed4b57d97db7f9c,2011-03-08 20:42:14 +0000
9e79920ec5c690c91220db22e06f4d346f87cf20,2011-03-08 20:32:40 +0000
e3fe16402e3182868db82b771ac7f9611f10d5b5,2011-03-08 13:42:16 +0000
dd39f901b25de6571dc62c5430d756dd540383da,2011-03-07 11:29:18 +0000
da462abca016b80ce42e4cb3523e3eb3522a559f,2011-03-07 10:37:52 +0000
47d9a5d240d23ef1a83566c4a5ac5de69b884c4c,2011-03-06 13:24:43 +0000
1f3c6973e3083bfc6293ed7a99c5f492ad65d32d,2011-03-06 10:58:23 +0000
b20cc34b67b3209141de6211f983e410063ee018,2011-03-06 10:57:11 +0000
3782364dc710a104423081402491e786d0b0efd2,2011-03-06 10:48:33 +0000
cb3fc368011ee8092319cbc921e87092274e3c8c,2011-03-06 01:47:52 +0000
b9043d296b4dd866b85fb9e6677ebe63f22a0881,2011-03-03 16:24:15 +0000
bc04240567762703e2a5580152cdd78fb21cb62a,2011-03-01 13:02:12 +0000
84da32cb342f7b493a55b3b0fa4ae26ce07474c9,2011-02-28 21:42:50 +0000
79b47351b5cd60a19ced101d1b4cb45acf61f76a,2011-02-28 21:32:33 +0000
55a1b8090af334ab4c6db9809ff762c181366481,2011-02-27 13:31:47 +0000
4117b2a53aa93f26d66b5bd8594b211ff61bd343,2011-02-27 12:58:10 +0000
3402d1c3c9fae94437ccfab994432e620a7fe64d,2011-02-27 12:41:48 +0000
3a6fd36acb9a4af7b70eedfa0c33917cc9cd39b0,2011-02-26 23:28:44 +0000
2e63eeea116d1894ac00d68262da4dc2d4cfc13b,2011-02-26 23:07:49 +0000
96ed605cce82f5d877ccbb55bd6bb8c26250d72c,2011-02-26 23:05:07 +0000
9aa053e6b8275635ab87f18af92775ade793b17b,2011-02-26 22:58:59 +0000
1c1a4506f029a56459ead597bf12fca9c6ad8f40,2011-02-25 12:43:28 +0000
e7fe05752fae2fadaf8bd74335b6aef736a53ae9,2011-02-25 02:54:08 +0000
ed5f01cf8ab96080aa98553513a74bd4a3a961d3,2011-02-24 21:20:59 +0000
745bc49dafbedd40a9b0029576191eca086262b0,2011-02-24 21:19:33 +0000
ae6762b2a7b369527f9b817347537607d945172c,2011-02-24 16:35:36 +0000
5e2e43652fae29e08a69b597d56f15fbfb5e93dc,2011-02-24 12:28:41 +0000
1f11030cabb604d0ff0a6bbe35d7a49d7acddf55,2011-02-23 15:52:38 +0000
a44563d2024bd6869e005a8b42d85e06cbc12f23,2011-02-23 15:15:19 +0000
26a610776cefacb898994e8e4ea493b6b1263022,2011-02-22 23:50:46 +0000
73a227619d6671f69f9dcfb614f1b6abd83e2d62,2011-02-22 23:08:00 +0000
5f705bb1b03f5b4c1f0b2dc84978591eb09f6e72,2011-02-22 19:52:48 +0000
11fd051ad8d0808856d7093db5407993a47af11f,2011-02-22 19:49:38 +0000
311229c30c188877dd362a743f9ecc536da06d78,2011-02-22 19:35:32 +0000
91e5a8b7ce8fd4a56a6b1b510e65282f6a980929,2011-02-22 19:30:36 +0000
183252a6f06fecc379e3a3898fa99237bebf3c1a,2011-02-22 19:17:51 +0000
4f1dba40f5abc43615e231303fe93b370f3ae824,2011-02-22 16:13:56 +0000
b1dcd6b612df5048455b1f7b37ba6c477a677472,2011-02-22 15:34:20 +0000
6c1c1143ada70c46a5046b58f21ab996333017bf,2011-02-22 11:08:53 +0000
8a284972f329d16ca1775261eb45ccee872c1efe,2011-02-22 09:35:34 +0000
a1d09afe021b5db67240c31ec33e6df7716a2aed,2011-02-22 09:23:43 +0000
a03e53aad773db8f3157dd2cb5d64a2e4b565107,2011-02-22 09:05:47 +0000
a197358647e4c2c278dc7ffacd32be32341f86cf,2011-02-22 09:03:12 +0000
31ca64cfa89edf008a24b95cb467022ce081719b,2011-02-21 22:07:51 +0000
1cc75e8fa5a1f20d26d1cdfdb99624979b034500,2011-02-21 14:26:08 +0000
a3d300bb559ad197cdab9380871266c7fcddc46d,2011-02-19 00:19:32 +0000
f2e551b8ded495c3a62556221500dff932a77c42,2011-02-19 00:03:46 +0000
04bbc3fccff35d8092709e557ebf9ad88ad1dea8,2011-02-18 23:43:01 +0000
44adfaeb94022133fd720061cd526652efe2f817,2011-02-18 16:45:57 +0000
c9d9bdcdbfdcad57c3014f8b981eadfc07298fe9,2011-02-17 13:10:00 +0000
dee0874ae84c081a5d492da215555ab052d64a15,2011-02-17 12:43:53 +0000
08ee0d963cf797bbd6c34f4fbff444a9b2b68bc4,2011-02-16 22:48:43 +0000
3eabd1deeb4e6460f4ffebae1436159bb260a73f,2011-02-16 22:45:47 +0000
2686e1efd37619c3d9be1b2803ec6111e2870665,2011-02-14 23:54:10 +0000
5a2bf9c6570a96383386039cd4ab7aa0c8a0b7eb,2011-02-14 14:19:55 +0000
26c1c29575499d622fc026fcbf40fde3c210d6d9,2011-02-10 21:07:53 +0000
ab0e605ef61860f19c29711c3b0fb1e443ef9f27,2011-02-07 11:17:42 +0000
e178411bd49fd5a5b336958969ee200e5343b352,2011-02-06 05:43:39 +0000
43d8274039df47a3d50bfc2ebcdb3940628a72fa,2011-02-06 05:34:22 +0000
80e44be308a611d1353997332a50e1217503c2c9,2011-02-05 12:54:25 +0000
2a8db688b1031ede4feab1351714144a6ec5e9ff,2011-02-05 12:46:36 +0000
cc53a6aa67414915ab5adf80819ed5e751a9e8f2,2011-02-04 20:43:41 +0000
b8478df284c292cbc93405d1e89933cbc99bb40e,2011-02-04 18:08:29 +0000
74bcc0b170ec03975558a06726f0f990c1189bf1,2011-02-04 16:36:08 +0000
95080b966fec0921f72c5607516bc2e1f402e6c7,2011-02-03 22:45:06 +0000
719fc75901b953a4891206bd1523a7b5aee81948,2011-02-03 10:40:19 +0000
4fcfb53d8f6c5c73c75aed428471cc253932d45b,2011-02-02 09:44:55 +0000
84074bf247e8c73806f7491a48403c75f50c92a4,2011-02-02 01:57:12 +0000
eb221effa33711ad69bc3266df8a90985369c1fe,2011-02-02 01:43:25 +0000
b8152e7e414532affb7d84b2177bd829595d8d02,2011-02-02 01:37:49 +0000
a5f5a9384163811b6309d42cfe1272ca0c7b34d6,2011-02-02 01:23:51 +0000
062ff19214125253c82aa5447edd36015972ef45,2011-02-01 23:56:36 +0000
221899f3ce6c49cb4b069240881df18856438f1b,2011-02-01 19:53:01 +0000
76f4c46b448d8d6f1fa9a6ff50cd519d8eeacbce,2011-02-01 19:52:05 +0000
d063c84cbfd37fa1ec8794d53855664eee252114,2011-02-01 19:45:20 +0000
058bb97d7274ec8172cb6dda9901f44c58e4db53,2011-02-01 19:42:06 +0000
2ad336c0599666c0d01c5d2ebfa33aed79c29a70,2011-02-01 19:41:34 +0000
72e13fcccc51c8906fb2caf5d0d5f745d66e628d,2011-02-01 19:36:42 +0000
b050cc382296fb77f71e6995baa66dac0f5ca456,2011-02-01 19:35:42 +0000
ae7dc2aa99b14bbe12945179e55bfae1030dd54e,2011-02-01 19:25:21 +0000
c109e906d3448a83c10fb8b1ae3f5e7ee90e5e16,2011-02-01 18:46:33 +0000
c5b908a195fc775717eb2443d4b262b1417460fe,2011-02-01 18:41:37 +0000
21ece86385185cdef31e239ae275dca08e1ba3ab,2011-02-01 12:01:03 +0000
80fea20c49e53d27b16dae9c74b8b62b02c9ddee,2011-02-01 02:15:57 +0000
622b2d0107342cb5b45d5e1ebdbd0be2db88e3ae,2011-02-01 00:44:18 +0000
707313c38912d577ac73cb2229c639e778d1b770,2011-02-01 00:43:31 +0000
fb96c0ee1780c383162757a72873cd0abaec5853,2011-02-01 00:43:07 +0000
f30151639040901eeb4367860a79a6e9ce187ec5,2011-02-01 00:23:48 +0000
828e3db62250a571c0c74d2688185a7ded421ae2,2011-02-01 00:12:58 +0000
c5641a2343eb8956ee43cbef6a664357a8c9ca49,2011-01-31 23:22:51 +0000
0cf2844e585c1525f4bf11c2f6d0887ac33b75db,2011-01-31 23:20:11 +0000
f922f947ee9f24488e031a3851aaa9289dfea2a2,2011-01-31 20:42:00 +0000
a64940bdc255174bb099e19a36935c7dc70699d4,2011-01-31 20:41:05 +0000
2a76512db9d97576b5cb99873242967a6032a8b4,2011-01-31 13:48:50 +0000
36656ded2d216b749529b8fee938414365c144af,2011-01-31 13:13:38 +0000
09d782ad0c52631c35cb347d20157beaae40e3cb,2011-01-31 05:57:22 +0000
6fe6e487ffbc05082fa08e0acb00d05497bbc4f1,2011-01-29 23:38:39 +0000
ec822cf7d413295535628c14b81cd693cbbcc6bb,2011-01-27 00:31:26 +0000
e56bea66fdb83aedcfecd3c7908cc6e9c41a00a4,2011-01-25 18:36:52 +0000
dc0bf055a776bc826e07a5f521795007e6accd0e,2011-01-25 00:28:46 +0000
a333e580cd4264b416a378d5c5848d42e26e83f8,2011-01-24 23:39:22 +0000
a45c81334c25be076732cb538e9c40233172a9ab,2011-01-24 22:34:35 +0000
1361211c4ec6f95c6c91feda287b5b3e7a9bbacf,2011-01-24 22:33:11 +0000
1659159855f36148d5b902e9c046ae92f40f1086,2011-01-24 22:26:31 +0000
7b09face70d21c8f0d0b08d9692cfef9eed383c3,2011-01-24 22:15:44 +0000
a3f6c210e341c24f721f1d4eba7b7a2ad1d91661,2011-01-24 19:13:33 +0000
2f7074cff04b5bf8cf890afd5e6aadabe81102f0,2011-01-24 19:08:57 +0000
8c7b9a1495e2b35c57b8bc4ec45fcd7e93a75ef8,2011-01-24 19:07:57 +0000
fa0d87fd628b9ac0a330aac226adb2979da334cb,2011-01-24 18:07:48 +0000
6e9f0c1dbb7855440658f0efaa0b357237d6d2bf,2011-01-24 17:33:33 +0000
4bab7135216ed1ea661a29d57971aebf8f5dafbd,2011-01-24 13:19:52 +0000
ecfd29007c78e032e46109d11b9e6fb9936e4695,2011-01-24 12:59:58 +0000
97e89cdd7acc6f330240e2cf9c9007af4311be4b,2011-01-24 12:47:23 +0000
946995ac1621c46f7a2c647003d49222e2f91f02,2011-01-24 09:48:39 +0000
d86b785b6d67e2bac78a5d14a01cd806b3151b31,2011-01-23 22:37:50 +0000
87c0126a33ef04c0d5d0d8d6e1ea2bc288c93be6,2011-01-23 22:26:22 +0000
f26739a7898b4131e53318c4ba80fa6023fbbf19,2011-01-23 22:22:08 +0000
febcb077e7da0b64607b3063df53824987b68bef,2011-01-23 15:44:32 +0000
de4aff2319fe8eb37af6f8384a2c28a9dadb7c0d,2011-01-23 12:20:41 +0000
2cd834df749c36fd8db78433cff848bcb81630fb,2011-01-23 12:11:33 +0000
4e017170f557e1ff213bb0480ed5ba669662a344,2011-01-23 11:06:24 +0000
f8065763927e24e30d7e22b93a15fab02f25ce14,2011-01-23 10:28:44 +0000
3e82d9f1a37c3258fe88348ce0a5b6c3e2fef5a9,2011-01-23 10:24:34 +0000
8252860a272512a3cdece44aca466cd86e4835b7,2011-01-23 10:16:49 +0000
0d4c8d4a70d1ce77d78e6811788754f34502e14d,2011-01-23 00:57:29 +0000
9923564810d35b43e53bc5328c1adfc0f4de0bbb,2011-01-23 00:52:34 +0000
6967590b83a4a903b3d78377471b811b60219d32,2011-01-22 20:28:37 +0000
7c2a4fa5790f592160748261d927ec0acc0bf87d,2011-01-22 20:26:11 +0000
c6e0669a738447010b7630c695a836d863f030c3,2011-01-22 20:23:37 +0000
093d8d914ab1af80e08551382e6053430ecf7f89,2011-01-22 20:19:40 +0000
3729cef21aa0bf41df1f39d2cc9cf6dd90144cc8,2011-01-22 16:22:06 +0000
b0bd0cdc9cbe8fb51219253b047fe317f695a249,2011-01-22 01:44:57 +0000
e4caa054a07dbc5c166698ef2a33f6559bd705c2,2011-01-21 21:46:13 +0000
517855fe74a936605d07717a4749182479cd53ab,2011-01-21 20:24:37 +0000
2c88aa94c18df24c4b37bbc976081b50aa936a38,2011-01-21 20:04:57 +0000
7d763283f8c27fd6ee6da2151343827e36026841,2011-01-21 20:01:10 +0000
082f76bd5305da177df8851e1157cf1f93406ac4,2011-01-21 15:56:07 +0000
3ea6733ee8dffe49deee4d0004215d80e27a8486,2011-01-21 15:38:21 +0000
32c230328895e78894c874b077382b77054dab99,2011-01-21 15:12:55 +0000
a49d42bdf7601961662f63dea5c970b1ad33daab,2011-01-21 14:08:18 +0000
a28aac9aa8e7288673200c10f33184455937f298,2011-01-21 12:51:03 +0000
c9f2d87527d653359d740615b4a7ca8673edf5e5,2011-01-21 04:38:45 +0000
6babdfb3a895a76c5020654b56db24f1a8edb11c,2011-01-21 04:36:58 +0000
031654a93ccfa5a2b8d63d32642a1a03df0bc827,2011-01-21 04:34:55 +0000
d4005bbd6ebf9119e20a5ff4bdf40eee2c1da58b,2011-01-21 04:03:03 +0000
64a0eee333ebd675d54a57f348fee0cc06404c56,2011-01-21 03:30:21 +0000
81ba9842e5d85aca7bc7b26b01626407899654ac,2011-01-21 03:24:14 +0000
0e90dd494b074f849dd56937ef23a0dc24ad5261,2011-01-21 02:54:33 +0000
9b08855c247eb7522fc4b25b8aaece2a0d58d990,2011-01-21 02:45:52 +0000
795e041074a189dc999c4e6141e899fdade04bcb,2011-01-21 02:28:44 +0000
5ac5c98b80bd14d9c8f1d2cf11ceec768487df41,2011-01-20 22:38:35 +0000
9f30f389807157eb96591cf05a6fbe1362ede7be,2011-01-20 22:33:56 +0000
fef497d841ff264fe73ced794b49ba6710002df3,2011-01-20 21:31:54 +0000
73a8e5d165e7f61b936322b0717f894dd823d855,2011-01-20 20:57:11 +0000
168139c1615b9ceb1f5ac84ddb5cbdae702283ec,2011-01-20 20:32:54 +0000
05d16ea5e03ca7f0908aba0c087e66b5a5eee21b,2011-01-20 14:45:12 +0000
a0c8e5c701f18782bc8b8f4604ea01a8e8d8cd4d,2011-01-20 01:28:59 +0000
0a9d609f98ff156ab7ba417abeddbe6c870de626,2011-01-19 20:42:40 +0000
c1d889840c0ca3caf107c0c23c97848be4ee783f,2011-01-19 20:26:55 +0000
0900d78b9a6df09bfb354c4002e51450b4788238,2011-01-19 20:12:38 +0000
bd77d3cff258538d4847b1a29cf09bbdc1b1d861,2011-01-19 19:49:10 +0000
d6c0ad9a2c47408922f53d09d64af735f5f318f0,2011-01-19 19:26:45 +0000
0089ff79b81e25af35613832543475e16db10050,2011-01-19 19:17:31 +0000
a507a4eca62847efbb9c13c3b73e7bc58791858a,2011-01-19 19:05:56 +0000
3719af9ea288f76cfbaf0c9b6d9b0b04faddc146,2011-01-19 19:05:38 +0000
6ad3d5edf1228825ec1ca6b77bf0fef42b396730,2011-01-18 16:24:27 +0000
24bd2a8ec122feb37d443662283cbaccb954d9c5,2011-01-18 16:02:30 +0000
1148874baa945b9536998a9030aba64b26c2b3f2,2011-01-17 23:02:05 +0000
b11082e6d23e7331ffea1e756cc7fb905c4919b0,2011-01-17 22:55:44 +0000
21bb63b1de96a12a9430b45ba5356246339c7d43,2011-01-17 20:30:04 +0000
48f925acfe335fa0cbe747c10dc52a8a50e567bd,2011-01-17 20:24:56 +0000
8c14d78cee0c7f74998c63bb55382f2d555c03a8,2011-01-17 19:58:00 +0000
6d6649ef6932053a9cb1854cec65b60b1e445999,2011-01-17 19:55:01 +0000
30d4ad86064c749ced4579cb5602f90c1d7ac80c,2011-01-17 16:52:23 +0000
d052e159a9869acf1c6f9c6fbb8276bc044bdad4,2011-01-17 13:06:13 +0000
5cd31fd1be27ef454e1bb501cad7be7ff865b5ae,2011-01-13 16:12:50 +0000
3a5a2a4da231a572b80ab721eff2a1b1607b270b,2011-01-13 15:13:38 +0000
a4b1948b7cb476d17d38b324fe46a60be4104490,2011-01-13 02:57:57 +0000
0e1dc43ecdee48fc142199c4db379905651ddaab,2011-01-12 12:35:38 +0000
ff3c66cbc79925db68aafcd2498b017dae5dd504,2011-01-12 11:07:42 +0000
41f6eaa8e3c5486afd48029a97dbc206e7525b9a,2011-01-08 17:50:54 +0000
8ea8869f0109a096ed4b9f445f97537f88b85dd8,2011-01-08 01:04:04 +0000
258918de6b767af9e42fbd1f19b854febc103d91,2011-01-07 22:59:46 +0000
f35ac8ee99e3d8dae0bdd422b1467180a61a4ac8,2011-01-07 21:19:19 +0000
4fc0d428b89d8efd999b98225453cca13b7976fe,2011-01-07 20:55:34 +0000
c8e8d8de18cad6566442c138b5a6627127102bfb,2011-01-07 20:33:12 +0000
fa4135a04857ed0fca64f27cb5e2a8b88b70c7c3,2011-01-07 17:51:44 +0000
787d654a6067e71c23e649a69f026d4ec787ba41,2011-01-07 17:47:14 +0000
618f2f80ca55d75354ba906ea8067c3386dabbd9,2011-01-07 17:00:57 +0000
7578f0f6a0f083eda45613fca4440a8a40eb816f,2011-01-06 19:43:30 +0000
bef6c1869977f144c170a751d6a5cb1575d55fdf,2011-01-06 16:20:51 +0000
81d30ccd16f7cefeac54bdac2d907a542bc6bbb1,2011-01-06 16:17:25 +0000
dd199c3ef8ef97a38afc3fb5062d82da89002b59,2011-01-06 15:30:23 +0000
6acc4ae36d73fcb3fc1b84d05d8b12b513df4481,2011-01-06 14:52:43 +0000
707c93a25f183f4607cf84807de244c9749afb51,2011-01-06 14:52:00 +0000
ee61e5660f3763f03fa77a8d67708d2e1bf0b060,2011-01-06 14:51:30 +0000
9dd33b3ce03530eb28f443cf45d5e2186c66a71f,2011-01-06 14:51:16 +0000
af55bc00575cb140f1d52ca2e82ab2aceb23e86e,2011-01-06 14:11:32 +0000
5024bce8aecbe12c818518adef4eb7719d74992f,2011-01-06 14:07:32 +0000
fa3025dac88d0dd1a4f17a3e38a6f3b881c5cb82,2011-01-06 14:05:51 +0000
2399c99f9edf8c1958a2c576320279563835aad6,2011-01-06 13:21:17 +0000
fc20a308d7e866c0c18e1a3efbb62e2176d2bab4,2011-01-06 11:32:07 +0000
0441b7cc6d02c6539eac4609bff9bb7449720ac2,2011-01-03 18:36:40 +0000
73d52a51f81bd6c17b6c5f1c325653f335927b17,2011-01-02 02:56:35 +0000
3be3e7c290f032971c9d9ed0544d3bfebc18a3f4,2011-01-02 01:46:22 +0000
0958d5c2962d1ae84c6a7acb8ad187d649dd2c46,2011-01-02 01:18:04 +0000
5f455507ee94200be04248d31e353f779e8dbb80,2011-01-02 00:34:58 +0000
f5543710277e16259c722fe3f2b96776c0232f1d,2011-01-01 23:22:24 +0000
c10e1c8419fc8c96295842276dd936fde5d5e23f,2011-01-01 22:50:02 +0000
66b2b5ca7d76f79cd9d58936c7f811a447ddb45e,2011-01-01 22:19:24 +0000
c2d4022d3a02177e7f461f3691d3e1afa64db8b8,2011-01-01 21:59:14 +0000
d19ccac2a9dfbf908d34bedd3ff2048719a9aa48,2011-01-01 21:45:35 +0000
57d660e718219f64b599ff217c7274c6b590445d,2011-01-01 21:35:42 +0000
c369824de7d0e93da55c8b64fb9f903bff3b2bfb,2011-01-01 21:06:29 +0000
411de7c0058f15a529263c99bdffccef6ac2f52f,2011-01-01 20:37:28 +0000
3728db280af2069945209b1857693e21486861cc,2011-01-01 20:15:27 +0000
a86b4b61820482cffa5859700bf77ea83bebed59,2011-01-01 19:36:43 +0000
7ab5efee5dae778b5be0b670d0b7fc31473f7d6b,2011-01-01 02:41:35 +0000
c96c12f79769c006f97307c85a9fa95b51e1f32a,2011-01-01 01:23:02 +0000
75bf8e330e1c87c28843a3eef1d18525668b5026,2010-12-30 16:06:19 +0000
a4ac4aad194e051da0e430162856d2a7bd2d4db5,2010-12-30 15:49:17 +0000
01acf585de4f9596c36ea14da7314c032f6eee55,2010-12-30 15:38:18 +0000
794f28c200a140985c74ea0a1e14f5aff42b0bb0,2010-12-30 09:52:00 +0000
392f47dfed34826ddce85a42128eecf0f11a38d6,2010-12-28 22:19:34 +0000
38155d7ef378e3c4107717e5c987166c4a69a40c,2010-12-28 09:03:53 +0000
0f004b25f755c6f334cec6ae27383c88ba34b9c1,2010-12-27 09:51:56 +0000
c78bc17c2de58c2f3ec1ce4afd1729e6b7536a8f,2010-12-23 17:58:11 +0000
57a03e867485ca0cee33aca35750f771a776c081,2010-12-20 19:41:40 +0000
f85dc5760b6acdf18f0bb96a906e77a286a65b5e,2010-12-13 00:43:57 +0000
49792e27a5bc0363aa5531f2b538532cacc2d8a9,2010-12-12 21:46:42 +0000
b6f92546451fecbd207b2d67e0854fe1e8ce27e0,2010-12-10 00:50:50 +0000
d393072e588392dd01cf30312c7907ae819ec348,2010-12-09 11:53:14 +0000
5d2b33bd45c15bbb321173cbaf2369b8041609db,2010-12-08 13:37:46 +0000
5a9079f2ec8a14ec661604a028b3272c1d95fbdb,2010-12-07 15:01:37 +0000
142d2c918a2b1326f379ff5c824e4ae5f531426e,2010-12-07 14:58:08 +0000
34c5d96df733d3390272bc6c8016494511531889,2010-12-07 14:40:16 +0000
d54330b9bc4fdc55603e947b87375c22d649dfcf,2010-12-06 11:56:26 +0000
71d916f096c205c89dd4242345903adc4b09ca7e,2010-12-06 02:10:44 +0000
47de37f805d0df8e78780a521bb8b1dc6d365337,2010-12-06 02:08:01 +0000
bef875a3ba705fbba18c349104d3aba9101d7720,2010-12-06 02:07:10 +0000
92938b610a6c930b4f36b2087cbabc9cc8484fd7,2010-12-06 00:53:59 +0000
e58d65df4e41ec16064f91050cd67aa8291737e2,2010-12-05 19:37:55 +0000
c3ba9b395e3d1e8aab17333fa4036361a6678284,2010-12-05 19:28:17 +0000
7360926bebecbdfc43fcb13d21bd742c8c345cbf,2010-12-05 19:27:21 +0000
fa4b8869dcccd596d23fed5722ab6501f0bafc4e,2010-12-05 19:27:02 +0000
52e8a34e722df5b7bcb6cd5bb09e5d548f23bb9e,2010-12-05 19:25:21 +0000
4d4aa195fea0f1d7550ca816e1a85802aebfc875,2010-12-04 11:31:12 +0000
848c37ee8b8b89f15e4a34ad6fac3683baf76e08,2010-12-02 00:15:18 +0000
25ac524b793bc6fa1def0fc6c7cd00bc740b8d30,2010-12-01 23:58:43 +0000
030fff9a45af176758dc506fd1355ec059e07bf4,2010-12-01 23:56:07 +0000
3d3af2cfde4459d06bdd9aeae1927cbedc1c8c80,2010-12-01 03:43:20 +0000
d951c7028d09db098d9259d654f20a5e59e5e19a,2010-11-30 22:57:14 +0000
5fe9b36c454f8a38416a96455da6ffeadbbe8a37,2010-11-30 11:55:22 +0000
0615bf8dc027bc72f1bda3395a640f5bd96b99a1,2010-11-29 01:43:12 +0000
c49cd8fa29e93db38e4876cf65d51e01a66d2cb9,2010-11-28 23:52:45 +0000
da07b0aed68cd06bd3340a51b93b98687d40c519,2010-11-26 18:48:44 +0000
f101eb4c2a37a18a513b879e4b31918da5af65ae,2010-11-26 17:02:26 +0000
30fd555f2711da72ae0ba920aaee473e62901afa,2010-11-26 16:50:31 +0000
215cebe8df5e445db392a6db3c2509634ffb9cb5,2010-11-26 16:35:12 +0000
ae78e16c8b232a252e29f53cf33cd61899e0b80d,2010-11-26 15:24:28 +0000
44eff7b3e82efff71595a97d390fae538ba36b13,2010-11-26 11:27:49 +0000
60f2c6d5f4b8cfdb1a0b12870c2f6e3911daf09e,2010-11-25 18:49:47 +0000
b6e6100a5c981bc9e3b6186d4eb40eb5fbbd26e4,2010-11-25 16:30:07 +0000
b9559bfce972a8b079ebc5ac8b6326a524ce29f8,2010-11-25 16:22:00 +0000
c32b8042d81bcc66151e3b2c03695a9a7bfd33c2,2010-11-24 23:35:13 +0000
0b3c388aebe23cde0c7d3afbcd1171c4a8a3f5c5,2010-11-24 00:42:12 +0000
b1676aecb4e9980d35797c5ef18f7b0582ae25fb,2010-11-22 21:29:49 +0000
cbea7bad84cbab46d28387c0bfcfcd8a287ca565,2010-11-21 14:20:24 +0000
b4129de7566cd85066c06e9863de99195fbb5443,2010-11-21 02:36:14 +0000
22d63af83d508d170c4f6da52a69bc60be098764,2010-11-20 22:02:55 +0000
3859aa17cfce95ac1a02a3e9092535713192d299,2010-11-20 21:31:44 +0000
4f05aa7d181a279ef82b268f9a441b16d5505d70,2010-11-20 21:01:50 +0000
f2d9bc8f934db67a41cbce8c1c375270d43109ba,2010-11-15 22:39:56 +0000
e5413fd48333983347b051db16fde5569799505b,2010-11-15 19:39:53 +0000
0d52bf6394ad08107d964add56576821e31493f5,2010-11-15 12:22:47 +0000
65e95d022448285c6547d90d5d9100715bbe0be5,2010-11-14 21:32:08 +0000
318d66e1b170a3b57d54d7175cfb3e495f6d7fda,2010-11-14 15:32:48 +0000
183ad3388d0d80bb144ce6cab79e0080d785eee6,2010-11-14 15:06:11 +0000
07cd6619e0910812b65e1b36181175f20faf3f83,2010-11-14 15:04:51 +0000
3f353cbde4f98c6a8158d4e597bc211bd050790a,2010-11-14 13:41:13 +0000
77c4e2f0c63bb018d31228831384871efdfe4947,2010-11-14 13:33:16 +0000
6a50b4cebc27c40f21eb4ae31a0959e7b32b6b85,2010-11-13 22:27:34 +0000
09e1c64fe93063b522e75e61162fc2445ac3450f,2010-11-13 20:58:20 +0000
92569b044121bd6f01492e76fabc22368c24c51d,2010-11-13 20:34:21 +0000
d60ad04b6d1e1e344773f9ff9cdd27d740fa2242,2010-11-12 23:41:02 +0000
7c9c3017bbd3422c69d7001a1edadd028833a112,2010-11-12 21:22:34 +0000
b749a02ee196b013d00ca1bdb9535608f35f935d,2010-11-12 21:10:28 +0000
a6052740777ab54400fd4e7c6024d79ff0a0ee32,2010-11-12 21:03:38 +0000
f3d957dfbe751df8c15f9435819fc62469c6ad88,2010-11-12 17:53:50 +0000
3317eb676cf432557bc7a4f33eb6a82eb8394c40,2010-11-12 17:36:10 +0000
aa903d1819bd5fc54c72cd97e5ce8c7f9a73d657,2010-11-12 16:31:21 +0000
9c039e178928c5f532e189c9747c960f47b8145f,2010-11-12 13:57:53 +0000
c9a24d392f1eefd6e2a0c15b584fc0eb18ec594c,2010-11-12 13:23:59 +0000
2ccb208565923e7fbaa1e9bd864456733732c47f,2010-11-12 12:15:32 +0000
55243469e02a516b19a2023f10ca7a80b544d928,2010-11-12 00:20:21 +0000
374abec6b138520cbb99935ae20732b95a6adf22,2010-11-12 00:13:27 +0000
9c804e92f711ae78e8bf9a41725e37bc06b38d71,2010-11-11 23:40:52 +0000
05810bf619f28bb906d99ca583367f428f51deae,2010-11-11 23:36:32 +0000
04d6264e2258a953e55ce2098ba2f827cd953093,2010-11-11 23:22:54 +0000
192b6865a61fb0b9b617c07ab5adfaf410eceb32,2010-11-11 23:19:10 +0000
d7d6492c1d089bf090c64c9f36b53edfe7cfaf2d,2010-11-11 23:13:01 +0000
a151bff2f50cb536fb352d2da8165d04f3465245,2010-11-11 22:52:39 +0000
07f166332003e7f0857954ffc5bd3e85ca762f69,2010-11-10 14:23:36 +0000
06ec87572a446d19c83a771395b9d6bbaf27f102,2010-11-08 12:01:26 +0000
d64b9588fcb22193f1df79917f4708a12c079a9b,2010-11-07 23:49:42 +0000
61499e8725053c8a5785746ed9f5b4ef9c0cf63e,2010-11-06 23:40:43 +0000
36b8beb614b7a685deb99915389690742db126d4,2010-11-06 12:08:23 +0000
5b243bb64db8018680a548ad3b22ca52e59ae03e,2010-11-06 12:06:38 +0000
cf7000a85ce6827ba109060faf718259b1577fb3,2010-11-06 11:38:08 +0000
cfce6350fe638c0333b6f0f6f1c8cd9534eb8100,2010-11-05 14:27:38 +0000
5b5e256d978715cebc8e7bc6bc9a5936558e19d0,2010-11-05 14:13:41 +0000
a6a96b559dbf4806a1c762d5a488f6cf625bfe73,2010-11-04 13:25:30 +0000
56a423c4963c12c71aa31f4173d6049d241bfe46,2010-11-04 12:57:33 +0000
b27299f9edc6b7c5c8d067eae422ca87620496f8,2010-11-04 11:21:19 +0000
1e2b8b7d756aac272897c6baae06a4e2ba43a06d,2010-11-04 01:41:33 +0000
67745c4526b7838f68a2bbae9b11d8add23293c9,2010-11-04 01:39:59 +0000
634e51b50e2000d38498161afcdc7359bae61ce1,2010-11-03 13:46:04 +0000
826fc64e968e5fd84dae5757537ab8ed815e2126,2010-10-27 13:16:57 +0000
0d6a91f69853e57e7811438dde18270eaf161000,2010-10-25 09:42:33 +0000
53ccce4ac16015b47a54a8989bea99efd6a0f044,2010-10-23 19:31:19 +0000
1b238344cd2c311fc68d998043602320c5f11970,2010-10-10 14:50:56 +0000
4614f35efc3aba0b8e93120cfab4263fca318059,2010-10-06 16:38:08 +0000
1b27e0019e7369fbe4c620af538702682fac2a4a,2010-10-06 13:30:03 +0000
97c084f9404906949fc29cdd55993134764e4f94,2010-10-06 13:21:52 +0000
1365c192b98a97006d5255e757742033d9623d03,2010-10-03 20:51:14 +0000
dfc41e87fa844d9167ee38d4ea5a6453e4719c5b,2010-10-03 18:21:28 +0000
9e132e73c69ed9e685882d02c40192c57c658eef,2010-10-03 16:45:14 +0000
1ec00befad424a8f340f73da32b8dae3581c2b18,2010-10-03 16:39:43 +0000
ef74a8366bec45ba530aec476ad12897037f429a,2010-10-02 19:14:45 +0000
b176f5f469c972477d7426ac622d4b772333b4c8,2010-10-01 18:10:46 +0000
daa37ac393c6201ceea11c732da5d5b31dfcee2b,2010-10-01 16:56:22 +0000
496e4e2a4a044f984d69bf6025fd01361cc81b80,2010-10-01 16:44:55 +0000
0b1d8afb217250cdf785b3dccd3030eadea2afec,2010-10-01 16:39:47 +0000
08c4e822e575ed419d5b16e3a1ad364946fdd30d,2010-10-01 15:59:54 +0000
bba2526326133d771b6c0b1810af06d459ff2533,2010-10-01 15:48:39 +0000
9ceae1f8f198a736dd63ead16f9533efa5dc37c4,2010-10-01 15:41:18 +0000
5ca553511dea61641f248f71be203b91f1682e95,2010-10-01 14:54:37 +0000
82cbcdc3a0ae55f80ae8950c5353cd9f020921af,2010-10-01 14:35:52 +0000
cb1c8dc9862aba08edcc97de7765a70b021567f9,2010-10-01 14:28:12 +0000
5e5ba778cbf359e965f3c5a5c37093a63868fc18,2010-10-01 14:08:28 +0000
ab3b8618d6eac716d7f38b9ace101fefe2c3d6d8,2010-10-01 13:42:39 +0000
4ed729fc5945ce4dccbc7da01c748f3e7310a878,2010-10-01 13:42:15 +0000
9dd76438e28bd74f5bde028b1ca2979be13903d7,2010-10-01 13:35:49 +0000
33c7928ebdfaac1a66e8a94d0c7753d7d91e7592,2010-10-01 13:09:25 +0000
9714ffac6dbb6b478bfa777375100e32f05d284b,2010-10-01 12:56:07 +0000
de001e7bcf9acb761047bdcf40f48244f8b63642,2010-10-01 12:46:16 +0000
5321415bc5e6fe2fc3b6a68f53447a72050d407f,2010-10-01 02:03:04 +0000
2d1d3187ecdeda8e9c4a0c7bf4fd2cdd2a5a68c2,2010-10-01 01:57:57 +0000
948d7b2b3a7ffcdee99879d2d2dac624a05d97c8,2010-10-01 01:56:41 +0000
84e3a4787c87a62351a68fa2dc6b1b624ccd20ab,2010-10-01 01:55:28 +0000
5fb05a5e37da0113df6ccd046f581b261abd1282,2010-10-01 01:50:12 +0000
93cbe581569afa5d18974ad5e7838bc6dfe19b7e,2010-10-01 01:46:13 +0000
60c7078ca3457664a2eae739288ce0d1b3ae6e1b,2010-10-01 01:40:02 +0000
955b3692b7c82103230e591f6521dc5c0690842a,2010-10-01 01:38:09 +0000
6af2ae6adc0303477051bede83b3aebcfa4ce419,2010-10-01 01:27:16 +0000
c6d53a52582d2d4c6fdec7a5f1a8cbee16db0e65,2010-09-30 12:55:02 +0000
3bf8140d6524bb3bccea64f8ca57da1f9b769546,2010-09-30 12:07:46 +0000
df74650ec2bb10d4a9bd0134efbcb4d0610a4908,2010-09-29 19:50:24 +0000
4b9b7585dcfb93bc027f6e08931100edee6a00b8,2010-09-28 12:38:09 +0000
172a818945db3c9ad9be3c82a052e3dd023d3e8e,2010-09-28 07:19:43 +0000
f210f2fbce724d83a1a1b77f25c42e2c9a01a55e,2010-09-27 13:43:59 +0000
a10ae161bfd1eef861e424cf99ece3b4ff652739,2010-09-27 12:18:22 +0000
dcbe5c7cafa514745bde4ab4dac197e3f21c1e94,2010-09-27 11:53:13 +0000
bde7476da59a35c07383ce3cd6abdf9a7f42b887,2010-09-26 21:53:56 +0000
4cc9a49db12026d043824fbad036918189b43fe8,2010-09-25 23:06:34 +0000
0b7b9257fba7f77bda69f004bcea11c1ee9707ae,2010-09-25 14:57:54 +0000
2c508b8458fe1f8c3506032b4b0a4b6d6230a635,2010-09-24 23:12:34 +0000
e3fcb4a19c0e63b81dcbe561991d5f0a8abd7397,2010-09-24 23:04:21 +0000
51aa6e6ca29a8265784c037bc3a42455329ee4ab,2010-09-23 12:11:56 +0000
8232bfbdedede1e3cc875b3164eda6ad37c19b63,2010-09-22 13:54:25 +0000
b625ebe85b1a5d9bc4169b9544e09ea9a287d017,2010-09-22 13:41:07 +0000
62dc5114ecfb6e1fb08516372e3436da3b6e54dd,2010-09-21 19:50:43 +0000
669cdc671975b32a8d052bcdffb284ba27d508fe,2010-09-20 22:06:07 +0000
eb504310eee46f979b1a4557a11172ae434a4b74,2010-09-20 01:57:03 +0000
dbb5bb4968a54099f6d15d0186503a93412e5feb,2010-09-19 22:34:26 +0000
4eccb93251f7b5d6c9ed1a9f10ddf4e780241f18,2010-09-16 12:39:34 +0000
aba7e04d4430e2f9786b97d19a22ccb536419687,2010-09-13 02:01:42 +0000
820915c236e6a8a9e73ba9a6c13ecaa005e6293f,2010-09-11 19:06:11 +0000
1e7592fd599c25babce3bb019de14e640eb5f785,2010-09-11 17:19:54 +0000
df60792d6f00deb7bc77a909b853f36df02f8e55,2010-09-11 16:57:30 +0000
0f5d514dd71315d81f0f2e578ff41bb078dfaefe,2010-09-11 16:42:48 +0000
742f3cd33ed13937f73e5fa1327ab482333b5670,2010-09-10 21:31:19 +0000
074985ec2aa4e884445944a198de207846eab58e,2010-09-10 21:29:59 +0000
75b2bab091c122ed456e8041b444746b0892abe4,2010-09-10 21:28:06 +0000
c2095faf7353825e19942e0c583904825604241d,2010-09-08 12:51:38 +0000
fc2ba061798a825bdff19cfbe77f698d7c81aa08,2010-09-08 12:04:13 +0000
5cb711fd8e3e336f61435179ab77fc68a98e36dd,2010-09-08 11:22:41 +0000
7584e481bffc5a5ffb8673b0cb869b56c73d3b87,2010-09-08 01:24:51 +0000
89ec5debd582fb0af1667ceea7339430fad6431b,2010-09-07 02:22:48 +0000
44f6b8b20f0ed5bf1965ef575b9ad30bd4f8b256,2010-09-06 09:06:28 +0000
fc5606177f0158f72e093b66a7e35c675c84c92e,2010-09-05 21:37:50 +0000
80384009b319d3bcc8b1dae2bf73343d2514843a,2010-09-05 19:42:48 +0000
d3450752e72386c573a2a7b44d24c6ae459e460d,2010-09-05 19:35:26 +0000
05aebba620856c6efe6783f4eaae551d794d4dc3,2010-09-05 19:28:12 +0000
c2134b3a905bae03e87b0fab17f6b5cccf3cbc02,2010-09-05 19:27:05 +0000
99b17c9ce1a626a6de9c70ff422aaec4b76e1632,2010-09-05 19:09:44 +0000
3a08d608ebedd79c245a7042e9781cceb6447cb0,2010-09-05 19:08:53 +0000
cca4fb2733301e665c0e8656ac8293ab9bd396df,2010-09-05 08:47:56 +0000
85d35b0ff6762a620259cfa3e471b4edd82ce081,2010-09-04 22:59:21 +0000
18f77ee26c0088160db42fa1406c3cf7e7c3e8df,2010-09-04 13:18:30 +0000
0cb5c9ae58c6606c95a2a9d70a436ec164b4d378,2010-09-03 03:46:53 +0000
bfe4623c65d5481db86b25db84523569c60ff10c,2010-09-02 04:49:11 +0000
495f04bcda902b73118cc6b30afd36465762b259,2010-09-01 13:45:55 +0000
9f631fecc80e69a15db3f92e3301fed9836ec8e3,2010-08-31 12:05:00 +0000
a21faeae6ed850c618b4fb739a422e3b144db135,2010-08-30 13:06:22 +0000
320194b3cbfac9bcebe854c7775191e8f32e922c,2010-08-30 09:38:39 +0000
79c6cb129d6429f2714dab46c86bd92c8db5f5e9,2010-08-30 00:50:49 +0000
0ec92a0fc205fb0704d3b9032b88ebb0d4e561a9,2010-08-29 22:04:09 +0000
bb38a224ebd20c62d01ca12f2156d1c3c33a8ee2,2010-08-26 08:59:33 +0000
f119c3a5472f2d998bb5eac12cdc6b4afba2b811,2010-08-25 01:23:20 +0000
95ebe8294c66d2aeb91db99911c9de42ab3dc87b,2010-08-23 02:55:01 +0000
ad63c1629dea162273b3448407545cdd3cb6b586,2010-08-22 23:45:38 +0000
25c9e050afb8ecf737d68708b6968b8989d1870e,2010-08-22 13:25:52 +0000
30c9e8c111f0e49acb8e9e7f6119230844fe1ee3,2010-08-22 13:13:35 +0000
a46c441cec45b72d0716c2ca9a3ca4bd47506d6f,2010-08-21 18:12:27 +0000
ede256b235a78521e8a6bdf035271b755f118d31,2010-08-21 18:11:31 +0000
93362abb9b5c97f2e529ea05cf69186dbc2284b1,2010-08-16 08:45:10 +0000
19f58cfa37a40cb9a52d3b6e02577eadab4edc81,2010-08-14 21:59:07 +0000
6b4085c327102d1479fa08e3d60af9ef0fc1c73a,2010-08-11 15:55:14 +0000
784e4f69ec67d511a0620a2b030688f186ebb959,2010-08-11 13:40:39 +0000
31fef8fab1db1629eda5a118ad8669acee10f4f7,2010-08-10 12:45:10 +0000
d2fd025403ff0412ff2c8b515805c69c05fc67c3,2010-08-10 10:46:06 +0000
c15e80eba987c7f43462c8fdd38ac0b86f71a3f1,2010-08-06 13:29:01 +0000
d402f6b5e1016bfbd4a36b46a06b3caa73c67880,2010-08-05 14:26:13 +0000
173735d2df7894572018c15e45a0839059f5fa4c,2010-08-05 09:51:48 +0000
c640932de203b33683679879cdf4b1b637d473d3,2010-08-05 08:48:00 +0000
b3777d116ef961d0f1f3bb5575e3856668e48d81,2010-08-02 08:36:08 +0000
6c99076d1eeb04b4654a4986def4bced78be00b7,2010-08-02 08:10:39 +0000
e58f83acb8da8f2635fc29a366547ba7cf95d93c,2010-08-01 23:38:06 +0000
f215f96be00a699552b00baa563fb919be8637b4,2010-08-01 22:24:31 +0000
c64ed9d119fd0d9d25fbd8913048249aa54f85bc,2010-08-01 16:17:55 +0000
82970077ae8092daeeb628c68cfa22e1afc115e9,2010-08-01 16:15:54 +0000
dd81f436e80faf3a89bcf8424ee424f2ad152d56,2010-08-01 16:14:11 +0000
9a8bd27fe5ba231585b29aab664a0a2e7e8f9351,2010-08-01 16:09:56 +0000
df328dbd46f70bad1c1979a33201baffaf345e9f,2010-08-01 15:36:10 +0000
59a4edb84d8cb85ac38e4d32251d71970bed177e,2010-08-01 15:35:33 +0000
972ab8b3b2219b46e0a3c1e7dda4d404bcb5a50d,2010-08-01 15:27:20 +0000
2431890261cbfe3cf0b5ba85e3037426c646adcf,2010-08-01 15:16:54 +0000
accccd996a2ca8f450e7206cb1c9e4c64e53f1cd,2010-08-01 15:01:30 +0000
e24bdc331ceff54b479a0ca78a19dfeb791a6184,2010-07-30 22:03:04 +0000
a48186437b2b5c4a10f831234052af5859ac3d52,2010-07-30 20:31:11 +0000
3fac04e842097e72928b8ac9a83f495d3a5eba5a,2010-07-30 20:28:06 +0000
d9e60241d2986d3e7535c4c6a4fae843e32dff02,2010-07-30 20:16:18 +0000
7adf364d601c419750a2eb3d1f7b6cb865147962,2010-07-29 19:23:46 +0000
97ab3822cc0dc20568724abfe72a018f35ec14cb,2010-07-28 18:47:28 +0000
6d6d96df6962eca7710c551c8aea306fd29aa491,2010-07-28 13:21:17 +0000
58c6028e214c3b76634d6c3a7df943aa7651ea7b,2010-07-28 12:48:48 +0000
962315ba9322bb96d5b1941c4272501cc7cc050e,2010-07-28 12:03:41 +0000
7572385a7e595c72856124485f1ec088df929975,2010-07-28 10:27:02 +0000
c917b3b3fa7b0b3e3288f6529835028f82c6f88a,2010-07-26 21:47:32 +0000
e0723d16df8e098969862a3ef50794f5366b2cef,2010-07-26 21:45:26 +0000
1bc1ca58438a694a82e2f5d503bb1f5eb0578609,2010-07-26 18:25:19 +0000
58f407fc8a3329bd2d38451ad4c992dc71441097,2010-07-26 12:17:45 +0000
d4b02f6a3a90cb468731d6156d571d284bd070b1,2010-07-25 12:29:43 +0000
1a637a4458443361f50b77b085bda23162ddf818,2010-07-23 22:35:09 +0000
92f005ad13c989d70da393072c4f3d66798e4a1b,2010-07-23 08:59:37 +0000
730e17083e45c6fa8015d47a79263aee416035ca,2010-07-19 14:51:24 +0000
968c4a2cf432767bd1dd660a3b36cfd3f5ed566a,2010-07-09 21:40:19 +0000
e038fdb1cc191cd1a11ebbf5f7f5370a3d4788b8,2010-07-09 13:15:28 +0000
b5a23d01b65fcd23d03769e0db3918b6b308bf91,2010-07-08 23:45:06 +0000
45f683a43652287dfd84c93abc0f482bf93ceefb,2010-07-05 14:10:10 +0000
cab4f493398c1991218099c6cfa2c0cbf096b79a,2010-07-01 12:30:43 +0000
10299cdde5a2a8feffa48139658b7028c0c953af,2010-06-28 12:09:02 +0000
f6fd0430728b75fce8afc3d369c49a57ac84015a,2010-06-28 12:01:35 +0000
4102ba5dfb2bd58d49c4a60687c65bd2919af597,2010-06-25 13:00:41 +0000
66df76d89ae9a7d5059d7a06ebbdfa199134ab46,2010-06-24 12:09:14 +0000
e2d957da2f3960028bdfdc695371f0b86b1fd88a,2010-06-22 23:02:46 +0000
434de1dd39f9ff05cb0770fdf4b2fa5d81674597,2010-06-22 15:05:51 +0000
3f15fc7c1a583f6201bb11b4f70e403711e5411c,2010-06-17 19:32:13 +0000
f73730ec17a83b6d6c5e0befa9b0ae2991543b0f,2010-06-17 19:07:55 +0000
ed1647b61af0a6d679ffebc0ac69a51be61e337f,2010-06-17 18:15:27 +0000
1ede487865dda276c06eb6ef94931c1ff37996e4,2010-06-17 02:11:21 +0000
92a9c20dc56dddc8710226d40c079fc13ab5331d,2010-06-16 23:03:38 +0000
abfacd6d14758ae1e9b1475a7699118bc3e32f0d,2010-06-16 13:53:18 +0000
e3f28223adf26c639a158662019ca9cf63c90230,2010-06-16 00:46:05 +0000
4039a1446040821a29d0f267b65d379cd1b782d2,2010-06-09 10:41:26 +0000
6f54422e966a95df227212dee651be837f1a6b56,2010-06-06 14:01:51 +0000
9fdb08438309b08715112cae8aa2dd4af3d75705,2010-06-06 13:59:06 +0000
49d757a9cb7ef971faaaad477c166fbc4fbd7ab9,2010-06-02 01:18:50 +0000
110f03f59489896a1630ec5300c208cbcbdff25c,2010-06-01 06:35:23 +0000
eb452bcb1dfa621cd91d433725c266a98d975d87,2010-06-01 06:25:36 +0000
4fdbd676776c4831194f2909b102a05923fc429e,2010-05-31 23:39:25 +0000
fb7bf199ffc1abe68de5ce0df71fb77a32a32a4f,2010-05-31 23:33:13 +0000
e5b07cf0ef4744da6fcb8ce497df7a20a3f02a77,2010-05-31 14:06:04 +0000
c98ff85082ca15c7474934d10924f8436373a3a3,2010-05-30 22:07:31 +0000
aa0d77a1778fb9a4e2a6bd519ad05d0adde6daa0,2010-05-30 19:03:25 +0000
2e75b28336f3ae4d219ebdad44cc1dfadb8a3fd2,2010-05-30 18:34:34 +0000
b8de0c4db9d22fc2c6ad33137a74e612717a0718,2010-05-30 18:30:50 +0000
392b44b0a8d084c693207f39ce81efe7e49a6c8c,2010-05-30 17:03:27 +0000
edd22d7ad556db8cdce46ff9f3a7374c052b044e,2010-05-30 17:00:15 +0000
24218a5278ca3d99c209efc990d16048e29c8536,2010-05-29 18:15:50 +0000
24e05bf7e94edc4eca020a685010246b8b7788d1,2010-05-29 16:11:06 +0000
055114a7964e394a5d01cbdd43dee7ddf13ceb01,2010-05-23 14:21:44 +0000
bb005b56ca0739c4c212804ba7a483c8164e78f1,2010-05-16 23:48:07 +0000
eb74f8f418f9da4adb52628fe775022efc4b0467,2010-05-16 23:44:51 +0000
18f77c11d2a959deecbaa7a50c158077f0ad3dfe,2010-05-16 14:57:50 +0000
8df36de74b34b0544b898fe888776ff43f7a760d,2010-05-10 01:58:27 +0000
3a15d8cef20bdea0fd76e4a5464f9584aff9eff3,2010-05-10 01:11:35 +0000
252aab4b1876af61af0656742fed165aad85c123,2010-05-09 23:22:05 +0000
2c83cdc53782662168f74c202dc5268426218a3a,2010-05-09 02:06:48 +0000
8f3849b986f6b57e868fab5b6d0cae97e3d95c73,2010-05-08 20:11:57 +0000
c2d6a1c1c9126e616458d9197bf080453ad658a3,2010-05-08 17:56:55 +0000
967e71f2506963e59b3cd054a9750cd7ab8a1c7e,2010-05-05 13:54:19 +0000
f4a4464beea8118386b84bace4b08e6c16443dab,2010-05-03 18:42:27 +0000
58f8b21d3587e1419f0a421731280f84a8c0afe4,2010-04-25 21:42:47 +0000
9620e5bfe307f0576e79b4ec0e281ae35e341c18,2010-04-23 22:33:37 +0000
dafd0976adba45e9dde48dab40be08e7d52dfb72,2010-04-22 22:09:21 +0000
d9f545ea6843edee979f03d6d0259c086162a31c,2010-04-21 20:02:43 +0000
7e8035a9682e6b64fa2bbb35c30e0dad08245563,2010-04-21 17:00:56 +0000
173f7da3ed821c371e4369a89a53c21d529446db,2010-04-21 13:27:44 +0000
c1f60119d5fc79c70cbb8d9322f6d9086046710f,2010-04-21 09:29:42 +0000
f06784445aeacc2d64a3de2944166db6df04924a,2010-04-21 09:02:56 +0000
9232fbae82722b02b7a2a09698945b3fe1c27112,2010-04-11 11:54:22 +0000
d7d70cfcc0d758d7135391b4f5007f9de176e162,2010-04-02 01:54:38 +0000
de4baf794e3921bf183d38e18b4f7d96bc986bbc,2010-04-02 01:53:38 +0000
b64e027c3aee0ceb210296fe32ff215a2734dd4c,2010-03-29 00:10:10 +0000
4dcc3e66d27537bd9832f92c5a9d13d511864efc,2010-03-28 12:12:43 +0000
352a7b38dfc7d5f976fd3a9b6e8ceff980ce21d7,2010-03-28 12:10:15 +0000
320c6467f2736ab40bd50e335801a9960e2ec49b,2010-03-27 23:57:25 +0000
b24f72809bfdc17ac7e9dd4114208f36b319ea80,2010-03-27 20:00:19 +0000
a33ee7213f8f49d78621e572052b21686693c342,2010-03-27 19:29:35 +0000
bc877cbcf86353ec0e52ed33b26b6a3afc90a720,2010-03-27 18:59:39 +0000
0d3ccbe3d2949e0b9f5e0ac79387c0def5769fe6,2010-03-26 22:36:38 +0000
40c612826f902e603b54a141caaab592d1761677,2010-03-26 03:14:41 +0000
39552a1160fadc672e07f358588e8d7a025d5652,2010-03-26 02:36:20 +0000
9695c5ca0198a0c7cca75a5988f69784de302b70,2010-03-26 02:18:37 +0000
4006430d0fc40aa0b8d0218eaf95ac6e0d775764,2010-03-26 02:08:47 +0000
c463b1702a1283b1a881929c17cb177291ac6b78,2010-03-26 00:27:33 +0000
55467035a7e64c6217e1e7c9fa79fc407f7e5d6a,2010-03-25 17:54:40 +0000
4db8545921e985121330467208eaf0a10e1c9f93,2010-03-25 17:12:01 +0000
43d9752f37181396f2cf993bae792521a3f8db00,2010-03-25 16:19:24 +0000
6f1a4ee6604dc9fd17c17b2a7c6a7a3ae8cdd2a0,2010-03-25 16:04:16 +0000
7c15e43e47467937a4e8ca5da888b3e16bb6d458,2010-03-25 15:56:26 +0000
444c1a26f5db073c26c8854a4ef08756cd257064,2010-03-25 15:50:42 +0000
6b37cec59a86e37779debac43e00c39891b13cb9,2010-03-25 15:27:30 +0000
0ebd188e0336ea884e46966d2b08379445901047,2010-03-25 15:08:40 +0000
5eeb11e8e1d12122d18b471490aa2a9230495438,2010-03-25 15:08:12 +0000
ca45e8a4ea6b47ae1b891e0484b98ab28e3b71b8,2010-03-25 15:07:54 +0000
58297f46eaf932e6760f34ad3e30f5a908a2c775,2010-03-25 11:51:19 +0000
c4b72692f8be4a457fe3edee23489d903c63c208,2010-03-25 10:55:55 +0000
591fd5809c6425d9dc3a726f50e4c10fe7f1ce4a,2010-03-25 05:04:55 +0000
6a90d791ac296f9ee0654be0ce0f46c9b18cb67a,2010-03-25 03:29:14 +0000
2cced83ae94308dcb1cd0618ee251080e02fd929,2010-03-25 01:23:23 +0000
4334cc933997adbf0d45e6a06316a2dd43dbd69e,2010-03-25 01:06:51 +0000
6478fb48c56ef6e7f09b6ea2efd51d021560e763,2010-03-25 00:42:55 +0000
43c63bf27d53e726a91002b8945a26054d78060c,2010-03-25 00:41:40 +0000
7f9d963f8cdffcfbe295071ab4252cc84e242476,2010-03-25 00:40:52 +0000
061f50175cf7047856a934f9a827dbe6fd818334,2010-03-24 22:11:51 +0000
7d81702ace2819d326bbe49c8249cae60850cc0c,2010-03-24 15:26:22 +0000
38a0665921123e956d2a1204a793d7b72fcce940,2010-03-24 15:21:41 +0000
20c09eb0baf0e2313e2581c9f3e264cbb2a67399,2010-03-24 11:14:07 +0000
99e52868c8a21586b37547e2d0fc57de98a619a3,2010-03-24 11:09:53 +0000
43ffbb90bd7e700bbf49fc4b2befa508140fd12e,2010-03-23 23:45:27 +0000
29573eb1f85211b913261851a418920cbaa3134d,2010-03-23 23:44:30 +0000
945245c1fef51bfaa56ecb517592c1330b5cf469,2010-03-23 23:15:56 +0000
cf6bce784b982fd921c271c42d77b079e9e78684,2010-03-23 23:13:30 +0000
e4500bf42cdb76fea543519806812edf1b8a4852,2010-03-21 21:10:07 +0000
71e70f86435178144697260bff16af30938a36e6,2010-03-21 21:06:46 +0000
cecc214fda3961af3acbf71b1b1aa9f6e459fb28,2010-03-21 21:05:20 +0000
bfe0b4a60cd778bc8fa7e22c67cd8c2209cca3ed,2010-03-21 17:01:31 +0000
8cb2563a2c46a543517e74aff761a4481f5ebb4c,2010-03-21 15:49:31 +0000
332f3909cc9e5508e688b86fc78a3ee2b26af72e,2010-03-18 14:15:50 +0000
e3f9ae2213ea48167a78f58b07d0123fe5d23776,2010-03-17 20:05:20 +0000
439cb994d17bf227e47db9ae076c0f3ea9f3d61c,2010-03-17 16:45:31 +0000
467494bca5ac61398f2a1c29c7cce74acf9ff961,2010-03-17 16:19:29 +0000
b2fc89b01c23b3b32bfb2ecda352bb77f545c1dd,2010-03-17 16:16:31 +0000
effbc63f1d224cd8ff20365268cf55c6e87628ff,2010-03-17 16:03:56 +0000
d931483bac2756d3dc5c8d04a828f58962c9c6e5,2010-03-15 23:10:18 +0000
4259f27594fa7b654e7b5a8655b3b8dc006f5112,2010-03-15 17:04:53 +0000
058ff00332fdb3b1e3db82db10ff8e5864ca4f02,2010-03-14 02:15:01 +0000
25bebf29a5f2133785d344aa4fa4ecb4c9361ba8,2010-03-14 01:53:46 +0000
3a9e2ce281ce979181ceb64e958040050a3002c9,2010-03-14 01:38:14 +0000
012a6ed4fcc24ca8a75afff0986ff672f18a779c,2010-03-14 01:35:14 +0000
88e4b16f6437817451a402cd8395e00b995def8c,2010-03-14 01:26:13 +0000
4a4ec2c71cfc11390392b11f04eb8de8164abad5,2010-03-14 01:24:46 +0000
081b8ca4b01e9fd82a7f35bebac23609b278aa02,2010-03-14 01:20:56 +0000
037280aacd45f30a3c119950640f0c4d3841678d,2010-03-14 01:15:47 +0000
db7fab70d1af65c8f44a9bf4d1b9ec9ac2149725,2010-03-13 23:32:37 +0000
2db6474cf24bdcbf394190c42db3d2846a859282,2010-03-11 16:20:55 +0000
b644a5861ca43b9f90e523c303c7c9ef042a8013,2010-03-10 23:42:55 +0000
03b5ae991b93ff5ad2fc924ee17a93846c28e594,2010-03-10 23:40:42 +0000
32f939935b00255f31d0707c3f05d54c7c0cf37f,2010-03-10 17:58:41 +0000
1cf5f1443f6387316b658c28eaea403603f73e81,2010-03-10 17:52:45 +0000
685d368608cc29e6e5cfb316cf2cd2d64867f913,2010-03-10 02:11:11 +0000
2e3e0829846239f4f1378a81e307ed28b11f9ecc,2010-03-09 12:53:44 +0000
09a4643e101e9b42537806eea6601eb2f389f4b9,2010-03-08 22:57:32 +0000
79a0ac99bc97baa32a327b1f251a1f0e8b1b3941,2010-03-08 00:11:50 +0000
e742f9553f09a43870f0fa725fa02df9fe2bb4c5,2010-03-08 00:05:47 +0000
fbecc3ecbfef6d6d0aa36544f590e8530d4a4618,2010-03-07 22:22:24 +0000
ed40ebc5cddcd50903e1052a076470a51c15de13,2010-03-07 22:19:18 +0000
7a7eb1dccc02692045770de954a2c8aa8feac14d,2010-03-07 10:59:33 +0000
484fc6330bd6bfaebe5df1de9ddacb7bc6ff444c,2010-03-06 21:33:42 +0000
70586e476ef114613f6d3c7941fe3f2e745b4670,2010-03-06 21:30:37 +0000
d381e12f997a4373acda164e60355f63c15fd0ea,2010-03-06 20:50:02 +0000
f5f8956448ee8beedbd2189f1a5cf350b6e7754e,2010-03-06 20:38:55 +0000
90348084116486f69fe334b2d21a61f7f400722e,2010-03-06 19:39:17 +0000
fdd038890a01550eb59ea8df64c4d81ec2749e46,2010-03-06 18:54:27 +0000
018daf4d96db0d0c5e9fd2ddf19a9f902d497e69,2010-03-05 16:39:10 +0000
4e13f9660ba3efceafe34d04be5c27643a74cabd,2010-03-05 16:38:02 +0000
81e8b4f0d1c7dc174f7bbceac6c0478f8c3859fd,2010-03-05 16:35:56 +0000
1bb6d2ad6b47b8c093cf918b69ea737820b53c9d,2010-03-04 20:56:26 +0000
11a792efbe09df98f2bb4d2830cb75d28c2ad65c,2010-03-04 20:50:08 +0000
74cb951d918a622c8cc58549e4695276b73a428a,2010-03-04 20:41:42 +0000
21c37897f0ebfac2d3607a43e2b05134e82715d3,2010-03-04 20:40:49 +0000
5256967cf74c142d9630a33d6a735c3c2e931443,2010-03-03 21:28:16 +0000
57c45aca3df1cca64fcbe8f60803302a8f454a8b,2010-03-01 19:38:34 +0000
46abbb40e1a36bb8d3100fa4af0bf10b9bcdccaf,2010-03-01 17:07:47 +0000
a579b0d8bd2044d11de82fd5fd426c914e591087,2010-02-28 19:55:07 +0000
5340f4c3358ff83fb3eb3ffebf1aafb827eb639d,2010-02-28 19:44:49 +0000
3a028a2a94d6a18d920e80f076ddbad2d27f1ee5,2010-02-28 19:43:11 +0000
71819532ac59cb3f9947a09e193e5f1c683a8dd5,2010-02-28 19:39:21 +0000
0ff118952a4e0d05748c6ff876ab182151c9e514,2010-02-28 19:38:15 +0000
1c9a550569e036c3feee4f603ecf7035fe6c293e,2010-02-28 19:37:53 +0000
ccc24d8913e60275206f2acf296f00c0efadb370,2010-02-28 19:35:36 +0000
08d72530394eb77befef2c68d20617c41bbea5a9,2010-02-28 19:27:22 +0000
37bef8b8f3cdf9307af8c003ca616913d4c890e5,2010-02-28 19:24:01 +0000
8a687cc604c5f5dda48b93b28f6e6077366e583e,2010-02-24 15:18:37 +0000
b97285ee1b80f0d9bd82fb2541be695c29a7e538,2010-02-24 11:33:22 +0000
a0b4b4b79865987b93cea23a9a81a63d6a020351,2010-02-23 21:09:25 +0000
f6dd42b4fc01d1bef5392b6f19b6bcbafee27637,2010-02-23 21:01:38 +0000
05361c5a3409a9ca8e4e3438eb87d1cd55b713a8,2010-02-21 21:46:12 +0000
ccf7732750755c6327114b9e76c4089f6fba3614,2010-02-17 00:25:19 +0000
c1ce0e39e0f74fd50e7fd3687423e6cc7151beb2,2010-02-16 11:20:17 +0000
95627968c1d078f49d5b7feaab84e050130769ab,2010-02-16 11:12:55 +0000
f822b3285aa05874e628afbc17e90b5baa10234c,2010-02-15 17:10:54 +0000
993dcad4b131afd74508da0e826a9bd7af1736fd,2010-02-10 18:44:42 +0000
69e227356dcc1a9f63eb9009247263f4a0d9bedb,2010-02-09 20:07:36 +0000
5e879a5b150c0b87d0cc60c6f83ad52034e67276,2010-02-03 21:19:54 +0000
1e52e71b14602a89878d42cd3a874de3a801cdee,2010-01-29 17:08:28 +0000
73e340ab6e20191041cc6d7cff69f5a261633ecb,2010-01-28 19:42:31 +0000
8dd2239074e3e1bbadc9f6ce55cd2c2b02a7c9fc,2010-01-28 15:01:55 +0000
e00564e3b7f437b0771eedd72d24082e8219a077,2010-01-26 21:57:13 +0000
c3b2a19353b3baea2b74e976804e9bd5a25baa1d,2010-01-26 21:56:20 +0000
4119c355543a62c950ac981f802ab201e20de1a4,2010-01-26 21:53:59 +0000
25f0b048097d109201db7735e0bb53ce878581df,2010-01-26 10:28:12 +0000
d4338927c884c6973bb15413c29e01bed8b5f5c8,2010-01-26 02:53:00 +0000
112c7aa7c9706b5a68cf5e17cc2e746e5fda72fd,2010-01-26 02:07:42 +0000
7e8bf7eeddcabdafe43a223bb746c1097a593ccf,2010-01-26 02:07:26 +0000
7aae8a4dae3a93cd18623150529d59e3072b48b0,2010-01-26 02:00:09 +0000
acdd9f280588c8fee7efa9284f312262b43739a9,2010-01-25 19:09:17 +0000
a15507466b9803f8edf87502802d3f037a08c3af,2010-01-25 19:05:00 +0000
52ec13ba7da9f021b93104d7f26ad809731cf789,2010-01-25 19:04:32 +0000
d6fc4d3fba2bb6b08edc9da17a593c016a72b154,2010-01-25 19:03:56 +0000
4487658a3a6eed51c498b870a97613f689c6fb3e,2010-01-25 19:03:26 +0000
517f665a549e4187332ff9988d6eaab791f10788,2010-01-22 18:41:18 +0000
dcc3a769f6b5e77073175b82faf524898695b1c9,2010-01-22 18:40:55 +0000
36a706e811cb377bcc9e5a93ae4771844e3acc21,2010-01-22 18:40:28 +0000
42a5482d7a265fe3c1cb538dfb7465588aeadaa6,2010-01-22 18:27:41 +0000
5a91cbf9322b4fc5ed36f5a68b06d33fc22cb3ae,2010-01-22 18:18:16 +0000
0eba4a5c3163f72d46ba02fd441d6537efa04765,2010-01-22 18:12:08 +0000
0b2f3f21c16d01862472c2cd02e215e9a12db9c4,2010-01-22 17:45:24 +0000
f9a50b290d0b3a8f6361ffda611772394979c013,2010-01-22 14:06:57 +0000
3bac1ef344824c04f1f895c0418bfc0552ee5371,2010-01-18 16:54:00 +0000
5776f21e54b280a68ea55b519b9b9a5b1c028941,2010-01-18 16:31:18 +0000
6dd3724b9b5e29a9bd9f404d28d0cf6d43ccfe95,2010-01-16 20:01:17 +0000
b2f3f6db411099f91a5436a4f88344ccc1f8d166,2009-12-31 17:52:16 +0000
81ae49bafe9c051390770af601265aec462fc254,2009-12-30 23:26:40 +0000
c06cc933b6814a76ecf2c6aef459b61d0bc25fb2,2009-12-30 23:17:01 +0000
52c9e2a2f8197623d97b757d96196b1af32ef429,2009-12-30 23:03:23 +0000
2d247ea48f285c0b28bba3d96633659d6b62e3b1,2009-12-30 20:24:54 +0000
0571fc07def263545b726727a2f9c0990ded862c,2009-12-30 01:27:40 +0000
0920122ae6231c7560107bf6184ab32b71404540,2009-12-30 01:03:32 +0000
e193fc40fdc85a8bd95eecac7f65595f1cc7dd05,2009-12-29 20:02:37 +0000
6faddc04decf625fdf6c9bd459180aaf1a037bbc,2009-12-29 19:57:49 +0000
8f6e7936c6650a50c9c7ed6b89064a851e8d865d,2009-12-29 15:01:38 +0000
ce185345fa26d4f96979cbebfbb0e9def817305f,2009-12-29 12:24:58 +0000
3c122e41b14ccc72b3952b6ac5a13801962f5438,2009-12-28 15:30:03 +0000
cb75cc3458a8f00dcaf0065c36085f2f703290ef,2009-12-28 15:23:23 +0000
9f547049c3dd9a768833ee2770a4889d4fc19401,2009-12-28 15:21:00 +0000
6f74aee73d3f42735dda44761ed6bfca4ce30525,2009-12-27 21:06:21 +0000
97a9dcf29e638ec9ec46b196a54c7f1113f0831e,2009-12-27 20:03:08 +0000
d3b9c7f965a55476226e5fb68ee6e2f36c29dc8a,2009-12-27 18:48:16 +0000
a5e03a23897abe8bed9ec88b6e71cbbaa6c8a841,2009-12-27 17:33:37 +0000
95f2dd6f5fb1e1bd53999df9bf9953c646463d0b,2009-12-22 19:30:10 +0000
204990415d62e4d0f6aa3818ccae3f0b7ad67b00,2009-12-16 21:44:13 +0000
01e5f22cc54c1fb8667545142e23e57032b3b4b3,2009-12-14 02:53:40 +0000
b26de3b0aab46ca316bd469e2e9344fc2077c395,2009-12-13 04:27:34 +0000
6a5848130f54e022cd454bc0ba12156fc834928a,2009-12-12 23:15:32 +0000
06c388acc99292bc44948dfd71311efc8f616233,2009-12-12 23:11:01 +0000
1778991834acf2526bb7d5907be596d74e70b591,2009-12-11 06:38:20 +0000
9e9048ccb582546ba54a5e92c3ab97d508884858,2009-12-09 22:56:11 +0000
7fb69bcf381fa7ef324098ea9aa2ff2c475976ba,2009-12-09 22:49:24 +0000
c0f87c7000aaacd88c0f599ff2ea965e5f1ebf7e,2009-12-09 22:46:36 +0000
a97a14915d375033d07e29426aa60c6c0d1da7f7,2009-12-09 02:37:00 +0000
b9102858574301f09038cd18e06f8e0d736c9931,2009-12-09 02:36:28 +0000
0f98e5c13db5d3c9144111319f9b144cd590b974,2009-12-09 02:34:11 +0000
e91eaa0c987224cc43be6fdd57534afa7509f279,2009-12-09 02:30:02 +0000
f7c0b403d2585912e40b471cf83ac1d72cdd459b,2009-12-06 23:04:55 +0000
335572b99ea84b7b0665e6a818cba41e34f97203,2009-11-29 21:53:36 +0000
93dbc5a0c3044ece1880fb2ebaa131fe4c2a7c7b,2009-11-29 21:47:51 +0000
9a324dc5463ea6329e0b2e59bb46073117d68168,2009-11-29 21:21:50 +0000
abb1b3fdd6711eaa8ba9c8518cbb7ff83699df3f,2009-11-27 23:27:16 +0000
79383e3ad386e1ba1e5dcf625179005522609b05,2009-11-27 23:24:12 +0000
ef9b639afc3dd8d1c35eab23cc9cb6b3a6a2c858,2009-11-27 21:45:38 +0000
9e6576e7cd4ad17185c5102fd3c6f9f9a6941ed4,2009-11-27 21:05:04 +0000
cab28ac04447e70019e82e5ba54a762b989e732d,2009-11-27 21:03:34 +0000
80f408413930fc8e976fec53ff240a96270ae904,2009-11-22 19:50:54 +0000
bf451895d559f6ddf01c29933dc1409f07dd8177,2009-11-22 19:27:10 +0000
713a4fdd734d40cca1cb7ef6798ed3110ea282b8,2009-11-07 19:57:02 +0000
83f18d5299fbadf91ec792c95ee96bcd916ca9af,2009-11-06 15:11:57 +0000
c78a0e3b003ac36d57a3c895fc8240ef66546a56,2009-11-03 22:04:08 +0000
0596e3145c1a8a9c42185fe688c42b0830b64516,2009-10-31 02:30:18 +0000
90f6eba156d348202da0685a95a0ee1d8ec63382,2009-10-28 21:54:13 +0000
2741a781e98a46217b800c4cd3e7abd64f04cec4,2009-10-28 21:53:35 +0000
bf9f4cf20e474805ef97b6b0150e62840bc28a3e,2009-10-28 21:52:39 +0000
19f633c6ae2b3cf342d37e1c95e975d0ad4c4cdd,2009-10-28 19:59:21 +0000
c09247c09bae47a842a638c6704876dec3da9cd8,2009-10-27 01:32:19 +0000
cdfddcc20a89b05cbc5b13d01b20fd4bd73c83d1,2009-10-20 23:00:29 +0000
c30aac9ad6221fe7e6a031cfc82f68359ccf1c54,2009-10-19 10:27:47 +0000
adbe097b2b49ad154bf58a1b43e08e6e8de02786,2009-10-19 00:03:46 +0000
becc8d97041ffca775df85b42523504e2be438d8,2009-10-18 23:29:37 +0000
ddc55543534fb5c67f05a38f7f876c3412c92b27,2009-10-17 11:25:14 +0000
a667bf283466791f1d4c5cf70ecff911d6ee4114,2009-10-16 15:11:47 +0000
0cb01403a1b3eebe97adb97b71e2e5115422e5be,2009-10-16 14:51:55 +0000
88885e7a1c9409e22f4fd4c19378eb5bebcd228f,2009-10-16 14:47:27 +0000
925305f0fa55126cb59b0eae4468bedcb66dc16c,2009-10-16 07:12:56 +0000
dd9b7b477a8ca235cc3dc69e9f58f804417fa117,2009-10-13 15:56:51 +0000
e9758259969de8e087f8a091ebde74236f254847,2009-10-13 14:30:27 +0000
50e9a948aabe6ef1bb5d3a413fb9d8ca3cd9cf4b,2009-10-13 13:48:52 +0000
2c8a114f766d05929e908fd79c5e4baf5a3841ae,2009-10-12 02:04:06 +0000
5fb5e80a151513a91cc961221e96267100abe1f4,2009-10-11 21:45:55 +0000
f5398ad3cf1447854d7f4c720f5d255f5012531b,2009-10-07 18:56:42 +0000
2ed606cfc0bf85aae8aaf7e77409c31cc9aa86c0,2009-10-06 19:29:52 +0000
798518841b0802ace365eba80520172de7bf298c,2009-10-06 18:53:57 +0000
340943f1f5a189e49caad23ce2500e5bc9a25332,2009-10-06 10:34:45 +0000
3cabfc5846e44b87c35a5cf99e5f1e54d4861b7c,2009-10-04 21:57:30 +0000
a72bbf44cf9fcbf2d5015e7ccf0e29d67403a696,2009-09-28 10:36:46 +0000
7dd8773ea379190e3dc062da7088e8ef51389214,2009-09-25 18:36:55 +0000
d98e430b04e9ff44764651318ec41dc9f07d8149,2009-09-25 18:33:34 +0000
97fb25eb35fd7738172b81883b834dfedf781b9d,2009-09-21 02:13:39 +0000
e9771d7eb526a7c24512aaaee48cc74a357c5082,2009-09-21 01:30:53 +0000
5fbeb731b9d26a6f340fd3772e86cd23ba61c65a,2009-09-18 14:39:18 +0000
59a0da9c4cf83c6cd76a9d1a5b2e69ac50d6a9c5,2009-09-10 08:20:28 +0000
3cf3b82b72521c054305d7cceaf6d008b878f915,2009-09-10 08:16:24 +0000
d2ba1651edfe40981d1fc163af89d168c5679c1f,2009-09-09 12:22:14 +0000
3c6d5dff6e6d5448b1dafe4447eb2ad5d6ebe222,2009-09-09 10:11:15 +0000
aa91ffbe330de2586010ab91dc3bb18eef33974b,2009-09-09 08:48:03 +0000
e5a77a7651775ecaa0efe9b479698c0b6ec3d73a,2009-09-08 08:40:12 +0000
53a9ee3979ff84349a9fe789aebe3ad2e7eb4d99,2009-09-07 14:08:16 +0000
896104717390af47c205942e42a3d3f48a26ef70,2009-09-06 21:26:18 +0000
5a63bb398ca7fc3951b1c2340512e120ad72a4e2,2009-09-06 16:27:50 +0000
f8254ebbd3ce543854e93539eb0a3375e8e406b6,2009-09-06 15:32:50 +0000
54c0e73219f22eba7bac1c1f7261576564b34f16,2009-09-06 09:36:08 +0000
d485dca2ce8f903276200bf37ac1bbb001a4874e,2009-09-06 08:56:58 +0000
514680c03eb3792a9dccd870008a00cef76175e6,2009-09-06 08:38:59 +0000
208aff49c1df6cafba5271cc27953e08d0773aef,2009-09-05 18:11:50 +0000
0202b17e47b10e0273c927f7dc9f784f7b326dd5,2009-09-05 18:00:17 +0000
dc9278a2aa4e5c307a46dd1b1d33d93bf536c8bc,2009-09-05 17:36:48 +0000
abb6fb94bd529c8c5f7888045c0ad5c250d49a3f,2009-09-04 09:44:54 +0000
c4ed905d0253d8c9cae789fdd82e30ee452c26b0,2009-09-01 21:14:35 +0000
f21c639f0af13818bd46c911bb51d6bebc57d094,2009-09-01 21:04:38 +0000
0283b0c9350642134cb14a8c9ad466ab64653b3a,2009-09-01 21:02:59 +0000
de33e91191b8ebd3cae27619a89a00de0d130b58,2009-09-01 20:05:22 +0000
0234e46518b92148a12aaab11526cfc963b4f9ec,2009-09-01 19:47:46 +0000
a3217e90b97da3c483d405513abba3708e1421d4,2009-09-01 19:12:50 +0000
5444ff3879d796dcc094339ae32c1e6de3adab3f,2009-09-01 19:03:19 +0000
a43d721f85c156d7b609cd9b6c2903591311c102,2009-08-31 20:59:15 +0000
0dff051c052d8aa756328433d47d76804b6f29b7,2009-08-31 20:12:54 +0000
dd63599d2a28f8ea02b8ac9ab5a1838a5f6c05ab,2009-08-31 01:56:09 +0000
b91ed8574752b9f5596398654133a4c5f9337e60,2009-08-30 19:21:29 +0000
e89db38df8a93104796dc13ce5327988984fefac,2009-08-30 18:10:16 +0000
ad6960636a7aaa3e281cddbaa05515c19293530b,2009-08-30 18:03:16 +0000
57b29f4a43ea34513bd6dbd5adc6f03ed8ce48bf,2009-08-27 08:06:43 +0000
62c09640bb3c6978b84f3b11b9ffb5313811a658,2009-08-27 08:05:01 +0000
24e9fc91c72ba9e2fd9a8a5e168925bfa99d255c,2009-08-27 07:57:51 +0000
b22b39f46beadf531abc0bdfb3f2bec2bcb64b93,2009-08-26 08:54:42 +0000
b01fcc31b9581676aeff2faae06738fa240657bc,2009-08-26 08:43:27 +0000
38983e820763c882e778c7d5c68b673fb45a210e,2009-08-25 18:07:13 +0000
dbdff0758b40601238e88b2cffbf7ceb58ed8977,2009-08-21 23:07:42 +0000
3f9613be384701c1ae4f249a7f65470824d0c451,2009-08-16 11:50:14 +0000
d14c3d60d482e2f4960aa071e4cc94c4264fbe47,2009-08-16 02:52:32 +0000
6b3f90280639998117a22d120d9ce11b4ec7a503,2009-08-15 18:10:41 +0000
5e8f77110c1f0bd36111b449b89d5a17a2a5df35,2009-08-15 17:19:04 +0000
8fe6a83eb60b7b16cac065b68e60c637d64d5932,2009-08-14 19:23:27 +0000
9cb0ca6b0fa639d30d9070f422de5a59c61eb86c,2009-08-07 01:16:00 +0000
6560e4f8905e12ae51218f08cee02f71e652ff3b,2009-08-02 17:37:22 +0000
dacb1a18d7d729b0b37ca1d629959cbee381038b,2009-08-02 17:23:54 +0000
0917d0986b3a45b80cf8b935ae11d0f76a506fff,2009-08-02 17:23:37 +0000
30f5dcb3a98adaa6b79c193109b15c30a81ed489,2009-08-02 17:23:05 +0000
57cbd07fd19244fdabb145d8cab9718e7cde841d,2009-08-02 17:11:38 +0000
e5423965a28157ace20b097551c693ec417fbf8b,2009-08-02 17:10:47 +0000
002197aae60368024d30838e3a76d60bd7c1a039,2009-08-02 01:06:03 +0000
dd7f5de4a712cf3edbcbc6494c722a25f60f868a,2009-08-01 21:43:45 +0000
b050719a9d6faccfccbafe47f0c714955fa55c2c,2009-08-01 21:35:31 +0000
420f72ee63525f8b0e641b6b0d1b5553f96641e0,2009-08-01 21:34:50 +0000
c968053bea04beccaf55fd0a8727c7da6b8831a5,2009-08-01 20:57:47 +0000
a0627bc5d79456e83cf61cb03ef06db33a10e99b,2009-08-01 19:41:25 +0000
0cf09657de850bc1da4789fba466bce4ddd10824,2009-08-01 19:01:59 +0000
02822b1948c312af3bdaa34d7fb40f975257a66d,2009-08-01 15:10:11 +0000
cc5efbb853ba62c9fc8609259b895af9f23b7dca,2009-08-01 14:54:20 +0000
ce6e21ae42a99e3717bf5cef2399adb7cc010df5,2009-08-01 14:44:08 +0000
e67ba60a5938b35958531b17f0db2743abffc6e3,2009-08-01 14:30:25 +0000
12fd78c5b00bfd2743f9e239f80da50574bc348c,2009-08-01 14:23:42 +0000
d94e177662fd4d7c4c10c2531cd424eca1aba050,2009-08-01 13:07:12 +0000
f7730c09f278a5a00a31efbbba80ace25abb62be,2009-08-01 12:15:19 +0000
253c7d3b9425681d61b781ecd388c9ec198c310b,2009-07-31 20:11:06 +0000
12eee5ea784c410a8a87c066e168d769c2cd1ca6,2009-07-31 15:51:17 +0000
14478be3d074bdf2edb1519b1730f27a52645baa,2009-07-31 00:56:23 +0000
cd352c2cb2a968af7fb4c790a274e7bf53e5bafb,2009-07-30 21:24:29 +0000
2f6664b623a3a662c8aa2aba4d12b40acf73cc04,2009-07-30 21:21:55 +0000
1b7010b3b174d12ea00910856af18f827515e484,2009-07-30 01:15:04 +0000
0cd9a890eae181fda96c8776f802ef1523ca1193,2009-07-30 01:08:34 +0000
96d9a2bbd2e1411eef3971042e47eac01c319cbd,2009-07-29 22:49:23 +0000
a021d46d5cd8a2b36014f5a9df11ddf9f28f117c,2009-07-29 22:35:15 +0000
d15cb255c2c05d13992ad3066e55be6de15e2ebd,2009-07-29 18:45:06 +0000
a311e5456189d91ee766417f13fdb66d6f101aad,2009-07-29 15:33:24 +0000
6c96f095a47f7713746f4f72b981aafa45fecba8,2009-07-29 15:30:56 +0000
67ca596d6a6b90836e19260cc1d352ec7397ce8a,2009-07-29 00:36:40 +0000
f03cf381cfd60bf15107bbedeb18da1aef1bbfc0,2009-07-29 00:35:36 +0000
6f2c42002f44d81ae40fbac26c48732a75ce315f,2009-07-28 20:14:14 +0000
bc4a56407e83701286bbe9213212a8f186a918a0,2009-07-25 23:32:07 +0000
93609a7ffd164cacfd4322818e1b6aca792873af,2009-07-25 20:56:49 +0000
19838971de970b0a532c29ea7d06778f3df60a98,2009-07-25 20:56:06 +0000
d24a9529a8020342cab642f18449c546514b8879,2009-07-25 20:28:28 +0000
ea1617fcb632a4e2455b23a50e368a7e31540a73,2009-07-25 17:57:05 +0000
e302655c618621be09577995d87664c2e725277e,2009-07-25 17:23:35 +0000
2dc148477f3256c7f59742e99f5be1701f60892e,2009-07-25 17:22:06 +0000
e827b4f2d71891ef113cca1726d099f9ffe545cf,2009-07-25 17:21:28 +0000
39e1afecdd49d7ca03a8f55b524c656eff0677a2,2009-07-25 17:08:08 +0000
f65ae79732520825912829b45ffd24b7d47644a9,2009-07-25 17:01:48 +0000
43a609a740678ed6713155ddb524f2d2e0449c94,2009-07-25 16:51:58 +0000
219460345959ab287a7cfd749432687d831bbd15,2009-07-25 16:41:58 +0000
cfd7b30418d6b8c29d429e9c70dc145144a65efd,2009-07-25 16:26:23 +0000
afb42aaf5849f4be4f7e166da90e7e766e6daa1e,2009-07-25 16:21:52 +0000
1a7da0d08a216657924c38b520dd165ac7670849,2009-07-25 16:18:17 +0000
cc245b6568bf6bb2277cea7d14d969671c0fb00b,2009-07-25 16:14:42 +0000
270d18280c5513980edf772e8f04d1c8f5bb768b,2009-07-25 16:13:55 +0000
4e2dd4df1f8648b1ee6233332463ea9157a7d381,2009-07-25 16:12:25 +0000
48d014dac17b1812e24a0ae44725e90f0552cc58,2009-07-25 11:09:14 +0000
00589c997535b83f91ccb680318e6fbb44808f8e,2009-07-25 10:58:56 +0000
648a02f0b477084b954eeef3ce2b8eeeda6140a1,2009-07-23 22:21:46 +0000
441880be46d11ce35753fd4f4a96cfde7966a885,2009-07-23 21:44:55 +0000
257578b72bc55b92fa1ae53377be6d2950e33efe,2009-07-21 21:54:47 +0000
0c2dd848f754ae15d479d3a6416dde02efad3d9c,2009-07-21 21:51:30 +0000
f42fe54595930b859dfd1b917585fbac53ff25dc,2009-07-21 21:38:55 +0000
c705d93e2b276eaa2570e267ea6ad71b6c4878ea,2009-07-21 21:33:31 +0000
05d4f8539cf09874f46bf275b0dacadc710e5c14,2009-07-21 21:32:38 +0000
5fd4a009326351d6c6e4eafd7dd25279b815b865,2009-07-20 22:01:30 +0000
b6d4e8649ab2f99fad70dba0d4e3eff47b76d657,2009-07-20 21:27:12 +0000
36e2a9ee5034fc4f1b8f8f27556230a5cc2055f5,2009-07-20 20:52:52 +0000
be3c1e11700925fc70109d37f6ce64104412f7f2,2009-07-20 20:51:56 +0000
7b6cd406a2c54b5c590cbcd7d9bb14c61292fb28,2009-07-20 20:29:07 +0000
9d5d0da39b2fa317a88af0c1646a73018cd564a4,2009-07-20 20:23:47 +0000
bf740630ae735351a73ff5fe62a93ef5c29c2a74,2009-07-20 20:13:24 +0000
4cf9d992088aa03a8a8d54c319d2238c9f61eaf1,2009-07-20 19:57:08 +0000
77b5519151d3212065db80f7c082dcc50ad8857b,2009-07-20 19:50:12 +0000
d7f7b629b8b5cd860d5f94c5695adb926d2d9b68,2009-07-20 19:35:35 +0000
6135415f3184a4983f80141ccbb0907e0224bbb6,2009-07-20 19:34:06 +0000
cb545b5bc03c482f083ddfeb0d36bdf3387e8971,2009-07-20 19:23:43 +0000
ac01fdfb7a126d09ac87b6c7253913febcc1a734,2009-07-20 16:51:09 +0000
04749a6a8140f1acee2f6c8ddc662655764d7750,2009-07-20 16:48:30 +0000
417766430eabfd2754a5f25115f481a3ecd71f04,2009-07-20 16:45:08 +0000
fbd46106cb7ec393b58e318efd255f9a2b89b621,2009-07-20 16:42:55 +0000
9c7a059486dceb61ecd9a16d33a1a3ffba4e94fd,2009-07-20 16:32:34 +0000
3c186cacbb3bf66be03208355390e441d149869c,2009-07-20 16:29:46 +0000
d1d32776dfee8251178eae95b0759bec58cf3dc2,2009-07-20 16:27:45 +0000
56b70eb1389d8752aaff92726550264c39a6fec7,2009-07-19 20:05:34 +0000
28bb294968c353eaa74a3a4b7bd9452bb843753f,2009-07-19 20:04:56 +0000
a10238de1d75f5468e9695013f4576a0f64f4fe3,2009-07-19 19:34:14 +0000
40cfef3b2abace01a61795aa00ba476e2846ab60,2009-07-19 19:29:40 +0000
f71a6ee1e98b2c97bff44651a8692c694f26c75d,2009-07-19 18:36:46 +0000
3838e1fceb8f8d4c4d0543ada79c4f257a8ddc05,2009-07-19 18:35:43 +0000
dfc9f5705d5c0a7fde13e609672f9f92a286d62d,2009-07-19 18:23:21 +0000
5aefb611dd91dc97715a7ea5714d43ffd9e32b23,2009-07-19 18:22:53 +0000
9b9a7cab360af8931d696725c1f8d07d5060a459,2009-07-19 16:48:36 +0000
3e2417648d603782340a3f99aa088c11476d2fb0,2009-07-19 16:47:56 +0000
8c75ef6f16bc31d410d2f4147516ecad44d87854,2009-07-19 16:47:21 +0000
acb0019f8ad851f08e7a0cc226ae7a1696d25889,2009-07-19 14:13:31 +0000
8717704d9a12b8c9754f47434c033696d3c7500c,2009-07-18 18:21:36 +0000
56a4d632c590ac56f34e245daafdaf146810d5e5,2009-07-16 15:09:02 +0000
3addbb3243fee02b961e93f16dbe241297998f46,2009-07-16 02:06:59 +0000
88a8df3f9dc8848e69c77141b6320ebb9b64fbfd,2009-07-16 01:54:32 +0000
8be748c00d29bfbfb0c30ea6c70f7c5c53d567f9,2009-07-09 00:53:32 +0000
727570392c3565c5164a7ef13248ca7cbb070f74,2009-07-07 18:29:08 +0000
ea0ea8267309e94a8f2393829cbf1c1669abf5c9,2009-07-07 13:39:20 +0000
b9d8c68e2f5f7f3a13773140a7ee4bf62972f17c,2009-07-07 09:19:46 +0000
26281773d85fa96594c16aee56e36805f3254064,2009-07-07 07:57:37 +0000
4eb0c8f29e899df241e5f66069fa25d74ad17c96,2009-07-07 07:44:52 +0000
2caa986e258b5edb60e7420be1de4e61d55d2403,2009-07-07 07:17:50 +0000
852a75dfe4d1bb3e7dcabf847f062c8ff85ed135,2009-07-07 07:08:54 +0000
f0ad546c7fdd5be8b9e4368e1aacba2a96fae3a8,2009-07-07 07:07:23 +0000
71f41f90fe57460131d880f1dbf84117f37e7c9a,2009-07-07 03:03:56 +0000
4ce932e3cd6c3cca4c0e22d27d2b3662126db8b8,2009-07-07 03:01:34 +0000
832bcda19cd388d058c9b8020a2b5aac2d7e761a,2009-07-06 14:44:40 +0000
935eec022d9f1a432dab9be59b311d426a24a5a6,2009-07-05 14:06:00 +0000
1805ad4cac6ed215dcbae6e54707a04b0a7c0dbd,2009-07-05 14:02:41 +0000
e4a8fdfdf114eba50a955bf3bf24a4e4ce516fda,2009-07-05 13:29:37 +0000
720a0b26260fd8e1bd4c7743b5755ab1d061bfbd,2009-07-05 12:53:13 +0000
e4a5900147983fe8ac82891f15cc58bacef90f73,2009-07-01 21:04:20 +0000
6d10d47af145d07a7db64e6ce760d1618ea6afeb,2009-07-01 21:03:38 +0000
c22eec05d3c4f2d0d29ceef1a449288481a15846,2009-07-01 20:57:20 +0000
5129af7587df5cc37156b86b047b04aabcfc2e8a,2009-07-01 20:48:19 +0000
c92046ecc91ba00664e2d98614d553490fa68d20,2009-07-01 20:41:17 +0000
121f832ef93ed34b9c7da7b59e7da5d93e9b7eac,2009-07-01 20:31:50 +0000
1a303e82dbe1452af69643c70a3b3c09abc396ca,2009-07-01 20:29:59 +0000
63d0a79ce2a1a8f7857f3a0ce78f3698b66e1fc1,2009-07-01 16:03:28 +0000
1a5345519ce54e4ff84628e0d5465afffea51c24,2009-06-30 00:46:06 +0000
3c321ba7cbfd09837b0ed427d1796d7d9b7b5665,2009-06-30 00:40:59 +0000
6dcf0f6a12d507db81ee4906db5a65600b68fe65,2009-06-30 00:37:05 +0000
41fac55fe2e1bc76086f66f82e31c07c6584370a,2009-06-30 00:16:04 +0000
879518c3419c55def111485b4f41aaf1f63dcb31,2009-06-29 15:20:22 +0000
c7beb702d8aa7d7fb8221187a2d48aab625aae9d,2009-06-28 22:01:40 +0000
3cb90658a42ddf53d0c159e2c109dc9b0543a24d,2009-06-28 21:56:20 +0000
7614049449f65b9da27deb7e9a96b32052c2f9fc,2009-06-28 21:54:33 +0000
43bc08d7c390c0eec53d11f0678b075a068dd151,2009-06-28 21:51:09 +0000
b5395fd8029116244913cda6158efc6af517458f,2009-06-28 21:48:15 +0000
e1f4ed50ad124bf24ac3c20c0c0889c70de1f1b0,2009-06-28 21:43:58 +0000
e066e3898b1c22a36ad03680303c4e88565901d7,2009-06-26 18:31:48 +0000
8e473959fdbd257d7d32c2091e5b82bb1aa3c0d0,2009-06-26 18:27:57 +0000
c8a6ed4c40ae9deccf1722dd503418661998e937,2009-06-24 15:04:42 +0000
fee5df4e6fdd693b2018c9b7de0f136b5320985d,2009-06-23 02:35:50 +0000
0c9be1c546c70d8e48d3fc6f63a154e2843e9607,2009-06-22 18:42:11 +0000
de64808c29448232c8eb5a4867c319928e6d9962,2009-06-22 12:20:37 +0000
053b1c4908024750888b8f231ee08affed4f3c51,2009-06-22 00:26:09 +0000
072539b502a69ef7098c714cf3dcadacd1ac7ccf,2009-06-21 19:04:04 +0000
18b2ddb24bda92077add94bb80d35af272236848,2009-06-21 17:07:27 +0000
5db7c253e118801dfdbc6e9da85701da30e5d08f,2009-06-21 17:01:03 +0000
4ee03f09ffce2f0b775f13ef5faff08ef16b1c0f,2009-06-21 02:22:09 +0000
b3c7fd661ced3186fbc3b0bfe8b6465917abd2d6,2009-06-21 01:12:22 +0000
828c863a006a063c47e39f104643c66552d12571,2009-06-21 00:58:14 +0000
15c9f02e5cec03298c28f20190c73398694188fa,2009-06-20 23:37:47 +0000
7f8175d4f690fc249515279acb47ca15a44927b6,2009-06-20 22:17:36 +0000
f4275f337146fd7e2ffe91d4e788c819b5586e88,2009-06-20 21:35:32 +0000
aa118ca31c3d2e2b34604c22861db1a26fa2cce0,2009-06-20 20:02:27 +0000
45786158abfc53e7c39afc7d723067f4899688de,2009-06-20 19:23:44 +0000
b6de8e8e8fcfb1208bed4afc56f0ec5467046d15,2009-06-20 19:06:55 +0000
a4ef3f9941d802e0ecaa2087aa2e84ea420cda12,2009-06-20 18:57:30 +0000
4474f96263e32ea0194ab21b63816bed8e4238e1,2009-06-20 18:53:08 +0000
5fc860d2c151e7d39b49961fe8514563f890e9ce,2009-06-20 18:17:32 +0000
d8575cde512b07b039a14b15fb3a196dacaf9a99,2009-06-20 18:15:54 +0000
83ec0f9328645c8b6ee4b24811f978011d4142fa,2009-06-20 18:13:24 +0000
8702a27155aebeb3851af0710cbb0befe7f160f5,2009-06-20 18:09:16 +0000
1308cc984ed93b896d7f697eb044757621ffa3c7,2009-06-20 13:43:29 +0000
c5f6dff523bd104fa856eba59d417f1d39a93970,2009-06-20 13:42:56 +0000
90fee3729fac9fe80b6a64b86ee4cf69c1b0c6f4,2009-06-20 13:31:48 +0000
355857cbebfa68a8f5e47f1e3e21a61c9414d189,2009-06-20 03:00:18 +0000
136d06b2b30933c9e63447deee16cae3f3661144,2009-06-19 12:38:01 +0000
2a1842f3ef3a665fac85672aeff02f55e6c576a0,2009-06-19 12:36:16 +0000
6463532544ea30ce8605a0ad689fb53a30567493,2009-06-19 12:33:36 +0000
74a6186c3ee508affef451474245fb994f860cd5,2009-06-19 12:04:01 +0000
e81ef196cd9dd3c7989b96f648f96ec138faa25b,2009-06-19 12:03:14 +0000
b09a8717be4e90aaea52a3e2f70ee7b8305b9916,2009-06-19 03:26:28 +0000
b353f0daa60ff9a14f9584f5a5dcfb0ba2c55284,2009-06-17 11:00:40 +0000
913ff1facc13b4ea0bb6d99e99924c3479a7ec95,2009-06-17 04:02:35 +0000
e082a039f895458c231226e66f39e39cbf3b5ef2,2009-06-14 19:04:32 +0000
496d85cf172c8340c6d29a12fe5cfc6e0777319b,2009-06-11 12:35:42 +0000
30ab6c8c3dd318d316521bb340ab831b9e104a31,2009-06-11 08:54:02 +0000
6fb3ae713e36030e418bf611094f1e307472e184,2009-06-11 08:06:05 +0000
37ee8dbfe6a441131d8308b77f606df23c2ce966,2009-06-11 08:05:24 +0000
9d4fb6760b0db28343231064fa43f92ce6dbba6f,2009-06-10 21:44:33 +0000
b63d261b5442856d96112bbadf060de5b7e3d228,2009-06-10 20:58:29 +0000
ed2301fb818cf41b8f9cf2a7c08acd6c23ec4ff6,2009-06-09 19:43:55 +0000
a70c0de4a24a48ded4230016d05e51baf0afc09f,2009-06-09 19:33:19 +0000
23055a70ce701936214557550e456748913ced4c,2009-06-09 15:36:29 +0000
d96d9b3b152dd6d8ef8be91ed1e26725b6f88fd1,2009-06-09 15:34:55 +0000
d088734d253b465a58fa3d2b0b5d639e92cfaa9c,2009-06-07 21:24:18 +0000
aaf87073b58d8795704fb108e574242d7b3a7ec8,2009-06-07 19:19:35 +0000
677c5e1ab97aa705e524284c1669c26cbae0d625,2009-06-07 19:15:14 +0000
2138d3bfbab31de768da28cba774f0efb701071a,2009-06-07 19:13:17 +0000
6dec8fa07d48acd31d8ddca879b774256f8860db,2009-06-07 19:12:18 +0000
d2429d337c56c4455d1fe8e42fbcb8b54cdd30bb,2009-06-07 19:10:23 +0000
5124ebc4c28fb0504195ed825e0b05e82b542f7b,2009-06-07 19:08:26 +0000
7de1b628c6de50a83cfd8e3efdc1ef0e937f662a,2009-06-07 19:04:37 +0000
edb1f394c0fdfc5865be8dec38d9084a04681799,2009-06-04 20:18:50 +0000
6b547ba222e6d70b0351cfd354e1d3497da9e24f,2009-06-04 20:07:29 +0000
59434c2dce49e0104b4c7d51b7502e4eae7d2773,2009-06-03 09:06:08 +0000
10cdc1066f9ae92219382bee25aeeac724298bc9,2009-06-02 21:02:14 +0000
2e55dbbe6930e202ab0fb149d25462a97980ce0e,2009-06-02 20:46:45 +0000
4db6140e9ada212e4e10c0f650cea9264624d2ce,2009-06-02 20:45:53 +0000
1cdc029378f3b7d8031152990215911460c02644,2009-06-02 20:43:59 +0000
b2fa57cbfe860f7c31c5979333dde38b64cfc5d4,2009-06-02 20:42:15 +0000
ebd8043beef235f592c0b49f3e96dd58a8079a95,2009-06-02 20:39:41 +0000
ed813abf79e11a2c7ab7f2368acf8f3174db80e5,2009-06-02 19:37:30 +0000
ca9d46257a9d4026d790adec555096d453e3f629,2009-06-02 18:53:23 +0000
2e4082e52f45bd423df6c47fa19b6c5da8b9c009,2009-06-02 09:06:26 +0000
86b19c0e8e24d73610928a25e238e13bde12c88e,2009-06-02 09:05:37 +0000
aa9e72afa84db37f5bd17bb38fe932324c28991f,2009-06-02 09:03:31 +0000
d9a1181fad2e0e77ef061a76e830de61e86c1ccb,2009-06-02 09:01:23 +0000
83dd172df83275d8050287a4e51337af00ab4858,2009-06-02 04:39:12 +0000
b507b231f06fc00631677e15e2e0c9ec76114d39,2009-06-01 15:10:55 +0000
f930f13e4eddc79e017295059f7d7b702188ec52,2009-06-01 13:24:19 +0000
419531014acc9c937b3579e213d2a57a8f608e7a,2009-06-01 13:23:17 +0000
3442dcd54aa2cc94ab6bb079a8ab5e7c65bd6f25,2009-06-01 13:21:03 +0000
72db912bd8eb4906049e39dbfa50d931c45d90c2,2009-06-01 12:48:32 +0000
8da2927ec63a9c1418c323505c7dfb108169979e,2009-06-01 00:47:02 +0000
ffd4d14d5071ab02441f2563a42346cc6b288a2c,2009-06-01 00:09:00 +0000
6fecb32ad6fb69685dd7cbd3ed662ec7572d7f1c,2009-05-31 22:18:18 +0000
5881224dcf372790ac1b56fff4b7464730f958d4,2009-05-31 22:14:31 +0000
8de68c4404b566ff8809ff9a5d896d277d56e5cc,2009-05-31 22:11:21 +0000
8b63564297d3a19f26d0325edb6bf0cde4a629b4,2009-05-31 22:10:02 +0000
eb17807a47ffe6a3c07abf52741f1e6fe920baef,2009-05-31 22:08:32 +0000
e33f09ce4fe77a1ce2aa90461f9b9d87d89404ce,2009-05-31 22:07:26 +0000
2c1d911e2acef6bc216adfccbe91e034c2e47a17,2009-05-31 22:02:30 +0000
273892eeca02f0e10f775625ba4964227e874d98,2009-05-31 22:01:17 +0000
5c8715be36de620b6477050cceb7ed2bf3163058,2009-05-31 21:59:03 +0000
542632042db6dc26305f3d9d772bf658b912c280,2009-05-31 21:56:52 +0000
1745726d15a5998f7ff8b3d642befc1571860820,2009-05-31 21:56:00 +0000
65472945b639e80581cfda1370f2491ab2657524,2009-05-31 21:53:36 +0000
4cc4579d3994659759f7425c772d69213f91f053,2009-05-30 18:38:23 +0000
aea0ab12424c527cdc167fd9d4db3bb3d9dfe338,2009-05-30 18:36:18 +0000
525418ab1ce7a1d981a8af7117d2f59b8e1470c0,2009-05-27 19:47:27 +0000
4a97160c1f0f6ead3908cabcd7c453e3ca549f3b,2009-05-27 18:54:48 +0000
cf1e7774953cdbd4db6005c7130c3ada423c4cd3,2009-05-27 13:54:50 +0000
991c2bae20e8ca22283e99000a0205a57fa6e426,2009-05-25 22:24:50 +0000
d51278d0fa0d22adb5540a912f85e2df9624eeea,2009-05-25 21:46:38 +0000
af79797eaaac647cdb7f90c1387a918a0073d752,2009-05-25 13:20:07 +0000
8897d152596cef98f88b7ff158a2f2fb1c97826c,2009-05-24 23:27:03 +0000
a606b7964603e6ce2e7287b299ece8a17790980c,2009-05-24 16:44:52 +0000
3a365be53493e93de1debe9fd3a7105022d63ae7,2009-05-24 16:28:04 +0000
0b1ab102613cee037d897947e4cc645118fa43c5,2009-05-24 16:24:53 +0000
d6d7d9cc791d7a0da2ac99d9aac606162e3af7b2,2009-05-24 16:22:19 +0000
879d61962b3a6a586ed04f2eebf7f143cfc9ea8c,2009-05-24 06:11:01 +0000
9989286b4934d12a832162c715243dd499e6ad31,2009-05-24 06:03:19 +0000
9f7b8346c8f729b9ffff15e6d70d27a0807a7e1b,2009-05-24 05:04:21 +0000
d3867f38319f0aaafcab848de4ad832244faa543,2009-05-24 04:25:51 +0000
d71c1c737a73411f086a105c53ba522bf5c99ac1,2009-05-24 00:02:54 +0000
9687bd48b4a9558675f126fa9e6e6d98c2e9b83b,2009-05-23 22:57:26 +0000
3fa90e0aa9513b73ae11cc1980bf0199131c59bc,2009-05-23 11:48:41 +0000
5220875108dea18233023bf518c8fd1011c5c1e2,2009-05-23 11:44:01 +0000
b41ff57526cadeb5ab8407dd962d61a615181b42,2009-05-23 11:26:56 +0000
982deb25d520441750a0e1169c68d8c54260d8b2,2009-05-22 14:04:56 +0000
2180b0b9fa03b65f8d9edce2beb2de8ffa2f4d2e,2009-05-22 13:55:22 +0000
210f2d5661b98a6f5666a9e7a471aa18888eed63,2009-05-22 13:48:21 +0000
99313c1146a395c45864dfd4069d8ba385a1666e,2009-05-22 13:42:03 +0000
6940829807187b9e494913a91b5f4cae9b48d77b,2009-05-22 13:36:14 +0000
5ab15569ca760de3105667e44c330334c205ec08,2009-05-22 13:25:49 +0000
5d33262944512396c5316fe75703e2c10090cc5e,2009-05-22 12:58:26 +0000
5d887e468ee38112c96fb2809ae5ab6b96625b83,2009-05-22 02:33:12 +0000
2039cf782574aff13b32c3d31cce5e53cbac04e0,2009-05-21 21:22:07 +0000
7fc6ee7ff4b8222bed69f3f36d02736bdc2a2804,2009-05-21 21:21:15 +0000
1ed2b9afc550d511d14733261933afe69d73f4fd,2009-05-21 03:24:43 +0000
7f7915b6f93327a606c572c2c4596e4e5800f765,2009-05-21 03:17:52 +0000
b8ad7ef60696828e842e252845ace6b1799976ba,2009-05-20 17:48:27 +0000
7ad5c8196b1221e2d820b4fdf52124543f7d1f5c,2009-05-19 22:08:01 +0000
c6002f4cd18deb79c89829528a132238c819703a,2009-05-19 18:44:02 +0000
3352617df16de33db442d5c485dd470a9d4ec37b,2009-05-19 18:43:23 +0000
bcccc34cbab6d4ee6c6c7894ec1f7af5a3c64f99,2009-05-19 13:31:34 +0000
e52b2a3ecf837af6a42e72cd50ecc7126cea2dbe,2009-05-18 18:35:46 +0000
a41365938b5733f8496979edf65dd9d946535a5d,2009-05-18 18:34:20 +0000
f3f0fcc1e47b7decf0a8645822338c624486b17a,2009-05-18 01:05:39 +0000
5ce6c814900633620d7436ebbefe4081a9bea355,2009-05-18 00:42:41 +0000
7a096e97123873a1b743787841833455993c0302,2009-05-17 22:12:50 +0000
4d3b3886f91bd60929462db558f158366d12e9f0,2009-05-17 20:19:34 +0000
acd879648cc47f2fedd6c1e419157bb8f51244c0,2009-05-16 14:29:07 +0000
ebf43bf12c27ae370ec0c60518e11308cbefed74,2009-05-09 15:29:55 +0000
6a24e9d8a5e9a524fb02390b934f82aac4eff205,2009-05-09 15:05:42 +0000
2ba5fd1cbc6c5dbb0eb4a83550f0fbfd69adeb4a,2009-05-09 09:57:04 +0000
f4dbd2ecf5ac84904d23ea3f5e1768de5cf241c2,2009-05-06 09:43:28 +0000
6c64326a1757e5ab237089116ff4bebc858e7f38,2009-05-06 09:40:13 +0000
659d3c4a98e34c8b0be9f216f7d6efec2026401a,2009-05-06 03:26:55 +0000
51cf37b6312fd45dffc08f06ecb5b1c4f248e63b,2009-05-04 10:42:16 +0000
b5dd7a9c36bfbaa1c6dc34a532cabfc97312ff66,2009-05-04 02:59:30 +0000
e96ec32bb53509addc99229b9d21c042dbaa93ae,2009-05-04 02:55:21 +0000
f479cc70b81b8cb939a0a22afc10f2f979167cef,2009-05-03 22:27:25 +0000
efaead82f7de948ad8ba4d82659adf3ba36b55af,2009-05-03 18:24:31 +0000
ecaeaadb713204009c13c0df988ad80c34da20a3,2009-05-03 16:28:48 +0000
28257de1805aee7970a564677366a44a80ad9859,2009-05-02 19:34:51 +0000
d94d0a556a02af7a11bb93a73ecd3e614b9fcab0,2009-05-01 19:29:44 +0000
6f4d87e6d8e921e264535f85c40a883a9c797a26,2009-04-30 13:06:04 +0000
d34584bb62d312df58b8e654a8cb91c0a380699d,2009-04-30 12:05:22 +0000
f692b4d38471a07458eb3bcfc5e3cc8212da7b46,2009-04-29 19:10:01 +0000
7233afeeeae1d2460c6f306c85da9940a857b08d,2009-04-29 18:49:30 +0000
ceacae9a3c1092c2a9fcb667331348cb887cf407,2009-04-29 18:33:59 +0000
b2507a6759e30f9b9402181900afda2892449dea,2009-04-28 12:20:11 +0000
e358ec6f372e66c2c5c908563752784858a6ba6a,2009-04-28 02:58:31 +0000
d81b61867523374ba914455e24966d6e21dada65,2009-04-28 02:42:57 +0000
0817c01f149b98147b608935c2ef4d9fd7933e0f,2009-04-27 19:06:29 +0000
6adb238e5a564c8d05508fd75c716aca73e7dfaf,2009-04-27 16:04:03 +0000
7d55da9f314b70ff11d6397d75147eb75ac4a66a,2009-04-27 14:32:25 +0000
4566fcf22ccced2b9dc09cdb926b674928451073,2009-04-27 10:51:52 +0000
6f47f883d651d4b5dd43a612efc5a9fb2d497018,2009-04-26 17:14:59 +0000
1b2f478ffb38798a000505c2d61181a2be12b15f,2009-04-25 23:28:16 +0000
171d7e09912f9a715ab84e5b5d9603964560791a,2009-04-25 22:55:09 +0000
b251802f43c3da48c98281a5a2ed518393b04751,2009-04-25 22:49:38 +0000
881e5114bf91582b0df8de61968c7ab08061fb97,2009-04-25 19:39:38 +0000
97bbb9cf251190fbf50a330360a7f353febbac3c,2009-04-25 16:59:19 +0000
5548ffccb2584ba7902888a82bc3e662f4cd16d7,2009-04-25 02:01:23 +0000
e5ae4a41270ebea84a8521e3acd8e59fc10f6c08,2009-04-25 02:00:44 +0000
0de91bb28f2b4c378f478fff201d79f28bcb9229,2009-04-25 01:58:46 +0000
2dac0fc426ac136621ec9de7af13e721f7f9072a,2009-04-23 22:52:10 +0000
e1452ca6eabace8dfb50e8d775adaab62d66f0fc,2009-04-23 04:09:27 +0000
7d6a1cec1a9f85e3cdee81a81b9663e955112417,2009-04-22 09:39:57 +0000
60d921afe9b1f13874545e9a9a30e1666b92bae6,2009-04-20 20:58:33 +0000
514f67b19b3f3128fc08b85df391c5d9f01ea8b0,2009-04-20 20:57:33 +0000
7bbe75bdbd573c58659b88d03f8d459bc6d3cfe5,2009-04-20 20:53:46 +0000
b70bdcde87a60421221d3b2bb3d48e7316e84b74,2009-04-20 20:19:49 +0000
f2f376229c8be39906ca47e865ec2704384648d4,2009-04-20 20:18:52 +0000
d9b9f81e790f9fba8ac1456b79993a71692def3d,2009-04-20 20:16:48 +0000
813e96bf8b4c012fa5eb9b3d1b4f17cd69aeaccb,2009-04-20 20:15:39 +0000
e2c16f0c5c0c2e9378c5babc94550b62e0ca1939,2009-04-20 18:42:11 +0000
e2b8720d5dd56406908f4488a6b7640dbc766504,2009-04-19 18:05:48 +0000
4853917da19ae8d3e8a9172ddf3fc1c80079d296,2009-04-19 16:49:56 +0000
169271dd31cc1156da367f5ceae7d5b88ec1f88b,2009-04-19 16:43:00 +0000
2d343b1a300fe6178a5f0abfec44861dd47d07c9,2009-04-19 16:39:40 +0000
d60149c7f8a840f9a21556aabfbc0d33e1d58eb5,2009-04-19 16:34:37 +0000
f802e004aeef756377f2efe1b4442b156e23c7f7,2009-04-19 16:31:59 +0000
9b4adf4df94f8cfaf66d389cb2617c7036959fdc,2009-04-18 15:17:12 +0000
11e18f48ffae86dcdbaa585177fe66d4a219bf57,2009-04-18 11:37:56 +0000
ced5fe0a220f5715a1657a78459ce318d8cc5a80,2009-04-17 20:31:52 +0000
9f00f6a002780b82b2a32a2d08e5860b933eede2,2009-04-17 17:29:21 +0000
392e2c455c04985e9e55257ad04951307ffddb38,2009-04-17 13:44:46 +0000
aa13ac4d77bed5c1c8b8394ea92c48aeb75277d0,2009-04-17 13:34:59 +0000
04d470232ee8de204fad5d0339c32d646be3a5c5,2009-04-17 13:07:26 +0000
f641b8cb31733d8dc3c01bacf8c6ca905ef55329,2009-04-14 13:13:54 +0000
a9039284f912e87079e39bec3d25468c48d74a47,2009-04-14 12:52:30 +0000
2774894374d73589e049d54b2f079e470c2dffd3,2009-04-14 12:37:37 +0000
2ab58c0b82c8ffd859cb0f7316ac2abfc5e3aca4,2009-04-14 11:51:40 +0000
f1280575a216f433c19cd20f84187cb95830061f,2009-04-14 11:50:38 +0000
c53f6961e111355a066d8ff952d7f2a1c1980e22,2009-04-14 11:47:36 +0000
6206817ffb629f1f12a131d600ba8c8c04785853,2009-04-12 23:55:45 +0000
9f0ea4e9c43295713c1fc422a1b40b15e902d665,2009-04-12 19:33:11 +0000
5887cc0faafdc23f912e49ee4d42278de765d92a,2009-04-12 18:52:37 +0000
6bb4309b69f23d621635fb29192e06be5d39e85b,2009-04-12 18:51:10 +0000
3b26eea983e0e0550c82efbf3c9e96a2497a306f,2009-04-12 18:48:29 +0000
53b912cb49f970243167deb33bf5eba7f7ed75fc,2009-04-11 15:57:03 +0000
d271b3132cad31ccabb8de37714c357a77b07b78,2009-04-11 15:33:38 +0000
023345c2c06adab69f5b9b76f7cb5c6a3d591baa,2009-04-11 15:32:18 +0000
4095d7a02953d7c5def223b2787c972268ba82a4,2009-04-11 15:30:02 +0000
b6703d294ca04c5fee554a580693d1bea77893ca,2009-04-09 15:23:11 +0000
e94434768e5eb99e49ccd29514e11b1b57a8b19c,2009-04-09 15:20:53 +0000
0cb711643d1bb92c73d925ceb1975b60b3476e28,2009-04-08 21:41:47 +0000
24f51faee2e231cb65feef7b11749fd62ec4b1a2,2009-04-06 01:25:34 +0000
28738e040521a81fa921384f1c9b926a35a27ac6,2009-04-05 19:10:44 +0000
5acb8b11b5a11cd51c9dce9d3b10380676daba25,2009-04-05 18:49:01 +0000
f6e3a9545fefb4435dc1c74692dd73546ccaecb1,2009-04-05 18:38:32 +0000
4e5126c676b27bcac127609c794a1d7406225d1a,2009-04-05 17:51:01 +0000
92ba1a91e1e8587b9cf060f9fec6498b99ba40cf,2009-04-05 17:21:56 +0000
1dcb72603207cf6c24bc80731487a55adc70e2a8,2009-04-05 17:10:23 +0000
c2716700dd6c5bbe10eae957bfe774bad9b1b831,2009-04-05 16:57:52 +0000
e1abece416ffd482a00b3c2960957a66c5b81418,2009-04-05 16:55:59 +0000
a2b1aa1695d7f4d6163d4e86a96f1ce22fea5ebd,2009-04-05 16:53:35 +0000
7dcc9d15c50787683570b1f8051618a87d22ff95,2009-04-05 16:48:53 +0000
7822849ae5d6f780483b1987220eb96a4e3f852a,2009-04-05 15:33:06 +0000
48fcbcf982e2046395d4f9f0615538b7c13d1a86,2009-04-05 15:16:03 +0000
aa357e433b3c77c8f403016a1e5a87d708743e0f,2009-04-05 15:07:27 +0000
a66d21540618d9bed5c291f5de6f75d6cc4b5a2f,2009-04-05 14:36:09 +0000
e61119d98bcc9b3e881708505d06ad7713134bff,2009-04-05 14:29:03 +0000
07c5922ca3468429a890467d7d630c3ca2774b61,2009-04-05 14:20:18 +0000
37ea6e2ad7d6f5c9c64c8f2d5c7869bfe58b1af9,2009-04-04 21:08:13 +0000
907b316799e31b7aea535df4a52c1b23b6040db8,2009-04-04 21:05:01 +0000
3fb0b72a9043a456fa7ef49a36d6f0c4bfdea345,2009-04-04 19:41:21 +0000
58a3d3b28e2a2bcc16a4c814a999372c34c4279b,2009-04-02 15:30:39 +0000
1125b705e4e6d743094ce829db028fcedc5e4a48,2009-04-02 15:29:45 +0000
3c50c4d885455f61f9ba1220b881c157bcfc57f9,2009-04-02 09:05:56 +0000
f5618f77178013b61339c428b755bc544036d06b,2009-04-01 14:29:18 +0000
3664a2cc7fcef31d7e2ab8b55fc9737ff12c7dc7,2009-04-01 12:15:29 +0000
80419081ac3fb9f525e6cada75a752519499e1c3,2009-03-30 15:48:56 +0000
40223343f0db5d4a0ba70024646556e1267cb111,2009-03-30 15:43:14 +0000
e143317c7dad72aa330702b2408fb1be293a4ef7,2009-03-29 17:10:09 +0000
99b46033f5ac900f7771305f6f0b0fe8c259e318,2009-03-29 16:51:48 +0000
312b1ca42eb094de32a1a5cc961c9cb7e11d015e,2009-03-29 16:33:53 +0000
6a5a46783fcc40c6dd8a9957a89d29b7f41ced72,2009-03-29 13:12:19 +0000
2fa13fe8c5065ced944d0d0edccab744aed86547,2009-03-29 13:11:13 +0000
17f0dd2da569e02c314862cd6b7e35a05f5f951f,2009-03-28 18:24:11 +0000
e449af6e513b90e33c179c0a74f08ae0fee88d2f,2009-03-27 07:56:04 +0000
d11d984705af3ec5aadd068ce059a4aaae31dbd8,2009-03-26 23:39:11 +0000
7edb7e34f86ed1cf0ae83a9e3d02f57272e2acfa,2009-03-26 23:38:37 +0000
61e775706d77d6ce6385075f5b3385cdb28fed68,2009-03-26 23:25:30 +0000
b2db570b31da97121c17880a0f3ac3c5c6fb80cb,2009-03-26 23:00:27 +0000
5404d5e1a2696fded24d74852a3aa92614c212fe,2009-03-24 22:56:49 +0000
96db008f3b0aed06b23e9618a27865a3f127b4e2,2009-03-24 22:17:13 +0000
2c84116a4ca7e7b8b9f5b80ca3ac9f6c2d81a625,2009-03-24 22:16:21 +0000
ed8fc4a03a57f6906a74a87387d0c4e80e23623d,2009-03-24 22:15:08 +0000
d99003bc0fb18a7cb45b44e9e1ab2f300efb41e6,2009-03-24 22:14:03 +0000
c03fbc71a6ef4968853f879197a36ab8aff8d00c,2009-03-24 22:13:27 +0000
891bb84cd0acfd15a466f41e6b0f8cc7a2a25d07,2009-03-24 22:12:32 +0000
2d116267b463d296941fc691e2452640ff497493,2009-03-24 22:11:16 +0000
fa4c993e5d68641fff5fe39138195facc63de420,2009-03-24 22:10:16 +0000
07425ec8ae649e79ba5921460a3e900de6b6e244,2009-03-24 22:09:34 +0000
70d82c4fe64f34f135da3467d3f84fa56f51252b,2009-03-24 22:06:39 +0000
187dd35c9a6a4c727dbaa64ea4bf86a819621e42,2009-03-24 22:05:13 +0000
31e9c848f2dbb3619bb15a694c111834eb792d39,2009-03-22 13:19:05 +0000
87c0ddbc6e6143680ded83b3b63a6029ebc3b8ba,2009-03-22 13:00:00 +0000
cfa4345431da001aa9f1d72cb25c5527bf159ded,2009-03-22 12:54:45 +0000
39647f7f304a1e35999d28304f4bf485aee9bddd,2009-03-15 21:35:38 +0000
77a6b785d20681a25b701bef174d5acb90c31724,2009-03-15 21:34:47 +0000
c12aa3b9368335ac94096fd346919cd7f30a6dd7,2009-03-15 21:33:31 +0000
8f6fd887f540da97944a6a97e8fab46449999fb4,2009-03-15 21:03:39 +0000
94f9b580a5d516bd74f5d525bef108ca14c0362e,2009-03-15 20:33:47 +0000
61ca8c04df3beb487d30de2fec966d0a82af887a,2009-03-15 19:30:44 +0000
c37f06ed3ad2de8d49a80ac46aae3ab7748598a4,2009-03-15 19:11:02 +0000
3a0df1ba4839d20d4ace6c0060c8e989b8c8f985,2009-03-14 17:38:27 +0000
27c1eb726abb6c48787f9d2cb6bcfb4abe4addee,2009-03-14 17:35:49 +0000
4f206ca3ee00be1430dfccb3de1b90c51af31976,2009-03-04 00:07:51 +0000
4a64740b4a59f9735a2ddf8b08fccef65812e94f,2009-03-01 22:21:22 +0000
722fc97a7a30103490089a5eb22a49fd433f74f3,2009-02-26 19:17:39 +0000
1cf41555f1f4d03845d6e5149b50dfe7ed84faf5,2009-02-25 03:32:52 +0000
1fe117edf0a73e0c5476f41e7f74ecc8b20b5ea2,2009-02-24 20:59:41 +0000
fafe306ce7904ca73f5df7da85cfe581dde7b84c,2009-02-21 20:21:38 +0000
f1ee00c759125e6532bf64ec6d78ee250e7265cc,2009-02-21 20:16:36 +0000
c1b97f87d579f43f70461c65395017bf48830194,2009-02-21 20:02:59 +0000
2f335ac471c12c606c69f9936c4b6447f46df9cf,2009-02-21 20:01:14 +0000
8bf548c5e83e067503d10f304d9f855ced1a449c,2009-02-21 13:54:25 +0000
39a80bf2cda13f28b3430733e645b7fd13bb92ba,2009-02-21 13:36:08 +0000
da9117b7261be93565ab2d1fd7ac706509ef351f,2009-02-17 18:38:32 +0000
4cc86649f4040dc626826207e493aee734d3f149,2009-02-16 13:52:33 +0000
64fa01cd788733566b246131160d3e878d9816bc,2009-02-16 05:09:49 +0000
2d73d9f99a9c7ac71d65b571164ddb37537de4a5,2009-02-16 05:04:57 +0000
f24bbdd41d8c08ca8d88a2b278f76c7a90fff9dd,2009-02-15 21:59:09 +0000
0992284ca53aa9404f7b7d809e1f654183b2b768,2009-02-15 19:15:51 +0000
59e6743960f0de3cb03096bc6ef26b7b0237b471,2009-02-15 18:40:31 +0000
3796de49e02a57b1bbdb60fdb2ad24ca14976348,2009-02-15 18:38:49 +0000
098b003e187a972710f332e04a9ed5e50de2d857,2009-02-15 17:53:32 +0000
23a8fc2592f81051ba34cd8a7a85c3d4d06a21b2,2009-02-15 15:43:52 +0000
b29a6c1e6e9f77c3b621f2de037605b8e6c72259,2009-02-15 15:39:50 +0000
63e1a2c76c3eb0492ed20fb0a5864dfe0e1d711c,2009-02-15 06:46:15 +0000
e01294b1587ed698bea02e9e2b90cda36d0bf28b,2009-02-13 14:38:48 +0000
42b68a69ce8df1ab034d2823eb75fe9690733689,2009-02-12 11:21:54 +0000
01f82aed424f2cd0c8dc2e0706dd2d810fc25de6,2009-02-10 03:02:38 +0000
01ff5098857b8e8117b76f59f79b13ace2ef2943,2009-02-09 12:41:20 +0000
7d4f6893f9ead9afec25395405775f460316f2d5,2009-02-09 04:50:27 +0000
d22f9559e11474a8317d1c86288c625d1cf6b068,2009-02-08 19:30:09 +0000
2f227a6314bbc71f5a9a91c3c39f4b9a1c2c9ae8,2009-02-08 15:26:09 +0000
94fcce51cd6c448240f79d62a13a17fe9c45dea3,2009-02-04 13:59:50 +0000
304ae292685eabbca30bbf714f4e8fd3f588c00e,2009-02-03 19:59:20 +0000
aa0dd1db20dc7fb2c4252edf08ef0209bd4d35eb,2009-02-02 10:30:20 +0000
392f5ccdd3e56a53eb41410e0bc5da2391104e34,2009-02-02 02:50:53 +0000
e7a7d913847bc2bcc808944b236da80026d25e3a,2009-02-02 02:42:48 +0000
117175bc83968ef40e2e6ace39d598c9d87b2faa,2009-02-02 02:40:27 +0000
8ce2128585be00b451355dd616fc995ddb0be741,2009-02-01 21:13:55 +0000
6a965532e6fa5cb6c12ec3192ee0b8f0ec7a46f0,2009-02-01 21:06:55 +0000
adc64fb8cfe4e4fc93cd71a07de2031e8f63ba91,2009-02-01 20:56:12 +0000
e8bb7ce9376b552201c6f95580038f791970c858,2009-02-01 00:28:07 +0000
d957f434e458143311682742304a128564b634ff,2009-01-31 15:53:42 +0000
a3b466009fa00e8c23532e5a28faec8117a1d75a,2009-01-31 04:51:17 +0000
bca493b0eaaebadfb31e3dd3fdf270231574aac8,2009-01-28 06:01:02 +0000
5a589042b9e1bf186618bedba4cc8254187b0d66,2009-01-28 05:20:31 +0000
bf9c5b292e96c6761a28632da9997863e3ed0d74,2009-01-25 19:28:21 +0000
e375464b76a003569fdac834329a1305ab74144d,2009-01-25 15:03:00 +0000
e58ea4a8e8eadc3f6b94c6c98fa6109c3c78b8af,2009-01-24 19:51:09 +0000
b5f0d0e10269fdd4a58f8b858f52c5fbdced670f,2009-01-24 18:44:58 +0000
3ffa187429b3cab30ac9f5fe11470808470e0518,2009-01-24 18:38:33 +0000
a11930a607333a146d58d93865e1e36c3f9aa07d,2009-01-23 19:34:32 +0000
ead1ffe007780aaea8b2f95bb7dab18c026d1d40,2009-01-23 19:08:11 +0000
90e47e8a4a18fd101907fb3d19b371546034f34d,2009-01-23 19:05:56 +0000
efb60f844925541c72eac499e981489532d33015,2009-01-23 19:04:21 +0000
9fea76e33876a373af3d6d9d8f87e0d64db2e268,2009-01-23 19:03:41 +0000
7d54daea2a665aa8560f896bb13362b3115ee76f,2009-01-23 11:30:27 +0000
c5d148896f094d66d8cba33f19100e273362e777,2009-01-21 11:30:36 +0000
944446a1a8a3004ddd81298e0e922e4d47b99997,2009-01-19 23:52:02 +0000
e8cfb4889e0bc0f9062d45068448a5e468f8203c,2009-01-19 23:40:14 +0000
260b3a14105859ff5f0e83899ef45ed0944a39cd,2009-01-19 21:25:45 +0000
e4886c0a39944ba9fb7a2175cb2d1026747910e1,2009-01-19 19:43:01 +0000
89db6968bc088e8ad3b74dda22ef08acdbf172b0,2009-01-18 21:09:42 +0000
56e7606e9afaf6a7d3dba865af628c59ee6534da,2009-01-18 21:06:15 +0000
217fe6de718dcdbe0d09b5e053b0fe5b5bc27353,2009-01-18 20:45:16 +0000
e2048a1dd36f7d8cf1202f35f26a08fdfcb70aac,2009-01-18 19:48:52 +0000
2e405f1724a9f9ad62a26b361adb05d277c916cf,2009-01-18 16:57:29 +0000
e6e70980ddbf43a1b6a12136a08e9695ee5001bf,2009-01-18 16:13:12 +0000
e60e3de47441ca63198c7404b5910d7cffe1c248,2009-01-18 15:39:35 +0000
e7c3207b052f44a36c94a6b684f44ab79df59b86,2009-01-18 14:47:51 +0000
eab127dce301ca2ea4575b99122065b38fcdd90b,2009-01-18 13:17:58 +0000
1e3c634cb9be0a58e1532bd701afd86f52201c47,2009-01-18 13:07:22 +0000
d326b9e467117f8d18f08aeeb2589b059ba66af6,2009-01-17 17:08:10 +0000
dabf3a5beb9ab697d570154b9961078a8586c787,2009-01-16 23:06:32 +0000
4564adbf19ebc6da19befcc7dbef310a00b4de13,2009-01-06 03:46:29 +0000
34bc1eed729473bd65a5af090ee043a6dab52fc3,2009-01-05 22:32:52 +0000
d1b140e2b6ed2fc722d0872309c1a7ec3818c7ee,2009-01-05 22:17:12 +0000
e7ffb6ebc9973c6262e2e17cf650ddbb2488c2b5,2009-01-05 01:01:16 +0000
e7911e6efae8d19cb378a594929445f1bff547c1,2009-01-04 20:39:45 +0000
f2b72fc2481122048845ac1c96d4cf21dce94f91,2009-01-04 19:13:22 +0000
453ba37f7a30c6f739b3e63f5420a2bb79f13fe5,2009-01-04 19:12:52 +0000
27561f331cf75bec70fcb36c209b92c6e5625128,2009-01-04 19:10:49 +0000
6aa3cd95c397c33e569d8c94de829e07a8a5ce59,2009-01-04 19:02:14 +0000
5e6d73f239e41bb4f316a5b05f405beab7bcd0ae,2009-01-04 18:38:29 +0000
2cd4edae04ce56bc9f0595ecc8617d325cbfc00f,2009-01-04 18:08:50 +0000
d27f56a6d4fada29683873cfb9b21f7a8cbae92f,2009-01-04 18:08:18 +0000
728e7b227d2bf168f2af72ba0873f4f21bba77e1,2009-01-04 16:14:34 +0000
effa1be80ddd97010b2d1d79af25c0c712b56f32,2009-01-04 12:40:04 +0000
38d8f7434f0b2927c3b98759fc83226fb87cbe2b,2009-01-04 12:36:37 +0000
0a57f0e60d47dea09d073625f03a9aa197d9c3c0,2009-01-04 12:10:20 +0000
937d4feabc5b72b1d41768f23f665ef99d1d4131,2009-01-04 12:09:53 +0000
1336db1d5c2367f6de1d9ca9b753e25a15b51833,2009-01-04 12:07:43 +0000
49cea9feed46730111e066d634fb0c303872b7d3,2009-01-04 12:06:44 +0000
4572684320cc07218b575c08520e816c2ca4048e,2009-01-04 04:11:25 +0000
bede64cd3f24876313454af66a51d2b205d1a02d,2009-01-03 20:50:35 +0000
dc68d63d33c739d9714ab241718b7ad242704c44,2009-01-02 20:21:09 +0000
da54a21c78aecbf1018c0029634b6db1a5b15211,2009-01-02 20:13:10 +0000
d4e1481478766a93b0a5389d00b0218b6041c101,2009-01-02 17:53:44 +0000
89c80e938ed699497f72e2bc05680f27f84c8c19,2009-01-02 17:07:42 +0000
75f8b0afb1a7fddd40d21ac6660b701643e8bc3a,2008-12-29 10:07:49 +0000
7e2fad01b3c5c44b489fa6de5004625c4f04970e,2008-12-29 09:56:18 +0000
ed35ae3dee1314850754ab8237280df6e2e19ed0,2008-12-28 20:21:27 +0000
dff725b2e8c944581ad005f4ffb5149e28df83a7,2008-12-28 18:09:28 +0000
f8cc8e9d37b7b02b39c58986af3f0c9ca011d307,2008-12-27 20:55:12 +0000
6e5a114c7af71d03d86a0614b04d5b36ea70e5c1,2008-12-27 20:24:05 +0000
c4126f3174def5bf2ced9f6cd276c4270f593df9,2008-12-27 16:23:43 +0000
9eccfc3c46f65b53d24baa309326cf84b228422d,2008-12-25 18:06:19 +0000
a1a78225523b36484453b33de1c8bd7e7e164124,2008-12-24 11:56:22 +0000
1c90b511962ba7f0d3e85f6092332eb31ef01e4e,2008-12-24 11:55:42 +0000
17a35b2e8c60c64121c0254f8f6012072b1c209f,2008-12-24 10:47:53 +0000
0e1654b6276a023b4caac1620e4a54c3da1d1b2b,2008-12-23 23:30:33 +0000
ef8ee92f480cccbde1453607e0657dce35d42ec9,2008-12-23 23:27:52 +0000
13583c53fae039b5b512943fcc60984a32ee8cd9,2008-12-23 23:25:31 +0000
a20be3af18ef1156ba74ae3a4fca1f53771e9f03,2008-12-23 23:23:31 +0000
febffccc41f88dd45f3abcd5932a2778b2cfcda8,2008-12-23 10:17:53 +0000
6c48638cc52c8b9d74b2c9a91e4079b6ec9598af,2008-12-23 10:17:11 +0000
2cb4fc8a84b1524a9c5112e3a8b6b69aa417df56,2008-12-23 10:14:49 +0000
25a6b32fe16ff1e048c6667f05c19e0cb5b24090,2008-12-23 10:13:58 +0000
6916b0314df4a4a4f29294e79565847069202228,2008-12-22 15:51:45 +0000
081507932963a9a39c313bc246f53757216ec46f,2008-12-22 15:50:57 +0000
bdf20e5cf99c473b9caef8d693d1ee2f8effe25d,2008-12-22 13:30:10 +0000
b717e8d1c03a44af6ba413e02b30339f60484b5d,2008-12-22 13:28:29 +0000
46664c3e99a54350929a037f435c6c3119352dca,2008-12-22 10:57:34 +0000
4bd8d8bc1386600b43b018be4b7e8f3c6b7c51bc,2008-12-22 10:34:12 +0000
008807938f612951c7757ab5f6af6edc9f8bca92,2008-12-21 22:05:06 +0000
1f3d5634d5ef19048bbc295a6c90c95cd79c7044,2008-12-21 21:54:26 +0000
d1fc13cef34e167f7ff721767772f0f476327ae7,2008-12-21 21:53:33 +0000
6387a1f0a320525ad56b4db18a9b30708c11b2e2,2008-12-21 21:23:18 +0000
c060390793b574af9a865b26711e73a868eebbfb,2008-12-21 21:04:47 +0000
7716a7ac0d918b72b182a3616c3e87b4e3c56b09,2008-12-21 19:48:17 +0000
bf70bae29bcd44c7d9b37c01d9b398d57540672b,2008-12-21 19:35:59 +0000
ed721c48a35b59d19fbef091bf6c33ac6da2072a,2008-12-21 19:02:44 +0000
136ffc1054260445343d57a3acfa2776a97d8c6f,2008-12-20 00:03:13 +0000
735e84a26ad26368884e6b5ccfb1110f4353a66f,2008-12-19 23:59:38 +0000
4826123478b4572175cac0457bc9f8d2fad0087e,2008-12-19 23:53:11 +0000
da40b8373a02c511ccb7255008a9fd49ec70f17a,2008-12-14 16:31:58 +0000
11d8f0ec5fc2ea5e71b57288d5891d27dd8b0e97,2008-12-14 15:04:22 +0000
578a219a0f4fcfba791fcb8348e62e1353d611ce,2008-12-14 14:56:50 +0000
139a0e2c53e966d6a3ec54d00752f5ebb283293f,2008-12-08 13:40:42 +0000
3ac5b7b902e316ef0c070daf0edba95302ab4195,2008-12-07 21:16:38 +0000
1021f180e55c5174402d74cec063c9d476c072d9,2008-12-07 20:48:00 +0000
71a29150bb9794bdcece023f961831d904055719,2008-12-07 20:24:10 +0000
50fea383986e6f7815d87d9b5ed6dc4e0fdaa3e9,2008-12-07 20:19:01 +0000
24763714084204f277b9d9f53e04c1144861ee1a,2008-12-07 20:17:45 +0000
b5f540eda230818d7b5ba84c45db2af57f42e171,2008-12-07 16:53:05 +0000
227b7b2a00e30d83c298672e7a674b2131f73dcd,2008-12-07 15:36:32 +0000
2dc7b2d4602186123be803070a399dfced480c5a,2008-12-07 15:21:03 +0000
eec0bdccd63ef0d0e0ba2b2200958545a73b233f,2008-12-07 14:39:30 +0000
43b958fd8f6f53451e9eb39b8800f7114e8daab8,2008-12-06 18:01:43 +0000
9fc12bd85cde288a72ce7b494bd3550388c7b1e2,2008-12-06 17:11:07 +0000
607005c43d833d7579186405fcc6cbe1b26f2fec,2008-12-05 14:27:36 +0000
483f55064e9953267fa1fdc8819aac9a3c239a30,2008-12-05 14:05:50 +0000
cc080433e43be46b9bd92e21977a6f98553c16e9,2008-12-05 09:49:25 +0000
7ce0b0ed8a8dcdaec918d88963f9974917a4afa6,2008-12-04 23:56:17 +0000
2c36a666c7a9efdfab8490c12f76a98c28ebfb06,2008-12-04 23:48:18 +0000
fc3b778033c3f8df1ca657e25a740958bcf287c7,2008-12-04 15:53:51 +0000
2655bad9b9c212302f0371b014632a0907fb576f,2008-12-04 15:46:44 +0000
f1fa39e47a38dfda588ed2012c2b1dff6966b26a,2008-12-04 15:41:57 +0000
6d37e391c7aa18bab5bbc7c713aed46fd8728878,2008-12-02 20:32:52 +0000
863fee873708992ec225ea72c9785b53d08e28bc,2008-12-02 20:22:06 +0000
bcebd1a54f868a5ef5f53efbc3d0d44a50d64c1f,2008-12-02 14:41:47 +0000
25756255de373886d944478dce24486571f896c8,2008-12-02 14:39:00 +0000
4cc732e81f2939d372e31632d94fb1d32382cb9a,2008-12-02 14:35:00 +0000
26772782b5d661b6b11a1d12c77710fb2f9f0237,2008-12-02 14:32:59 +0000
d9df34360f3e95f1b5bdda9095888dab7f45d982,2008-12-02 02:21:22 +0000
543a3ca57eade833b7bc3d2deec6fc0c16436f41,2008-12-01 01:34:56 +0000
2924cfdf77b9a9793e34945d890616653f276376,2008-11-28 09:25:38 +0000
9d442ceec87c17821f40fe825e72a0ef41abaa97,2008-11-27 15:50:42 +0000
97a3fa72554c6f9be4b95395e284b1ed9a082f0c,2008-11-23 18:47:50 +0000
54a42c00245540455a3b930a7a2d8ce5e3096bf8,2008-11-23 15:35:11 +0000
9b8d0da71a15cb334e76e581508ca34a09a7144a,2008-11-23 14:57:44 +0000
0a19478d2d8f8a23b3749995e111b52d47508653,2008-11-23 14:27:09 +0000
05c6b8ad5aba47d3507c0408c5ac1b2cc1bcb78e,2008-11-22 20:25:27 +0000
444d2311ea9cb28282e334298f8b4250413a7211,2008-11-22 20:16:26 +0000
dd1a6bf954116fd4d17161fe25e7d1918bb08aad,2008-11-22 18:41:40 +0000
2ef1c3b7d054523e8e84b6848a35acc5db7c544f,2008-11-11 17:50:05 +0000
4ae0245ff6872dda0bbda33b6d296cd7c3ea1bc2,2008-11-11 17:24:21 +0000
6b07dd2122f954a4ff864fc6db8468d3d51aca78,2008-11-08 20:42:55 +0000
d00137cca7a690546f1299662a949a36b04dad36,2008-11-07 16:31:58 +0000
448759e46e4b2102d1fded445f5182c6564c418b,2008-11-07 16:05:50 +0000
0c7099ab354b91cb9b981419533fead5935f9042,2008-11-07 14:55:23 +0000
b1592908df84ddbea649933024af8d44b2b0644f,2008-11-07 14:48:13 +0000
234e529e7044da53aa535d23813defff95f1b24c,2008-11-07 14:42:26 +0000
4a2d68685b1b21fa659402bf8c9a1e4ed885895d,2008-11-07 14:35:16 +0000
91ec7946e9409ffa5f7c81e3a8c767a3a85d6767,2008-11-03 21:37:51 +0000
ea15217793ddf61cb7467f14313a4eebe53294d5,2008-11-03 21:36:31 +0000
9e8e88d91649762dbcc94c803e637d8f7c57cf3c,2008-11-03 21:32:26 +0000
13ea282ab8fa16207f871ed08b9c329112fa7cbd,2008-11-03 21:30:07 +0000
89b21145fb2b32f3a137a711ba0204e01e3c3ccd,2008-11-03 21:28:35 +0000
e143e9097dc82e68019319709a81b28bde461b04,2008-10-26 14:55:45 +0000
223168ee503389190e95b978aa1118d0697708bb,2008-10-16 13:32:32 +0000
0e77ce68b38b10e57c88d0f5bc9ae6d08dff9f81,2008-10-16 12:49:13 +0000
098eaa3a781932dca0f42e1bcf791b629383b5b3,2008-10-16 11:34:38 +0000
c376e656d73afab00dc526f4f3fc7307d91452e7,2008-10-16 11:33:21 +0000
ab5b3d3944cb089b300ac0d4b57110e55d2bd4d0,2008-10-12 13:50:35 +0000
924041770d52c54d3a63fcd2999902e73ee7605f,2008-10-05 22:38:13 +0000
dc4f70a7774aaac3c5e16e2a62bdd11e797fb241,2008-10-05 20:37:15 +0000
ca2d12971ff1f0cda94f967ebb905beab38588e4,2008-10-05 19:16:18 +0000
3a751b5acf6e19f13dc2a7dd3c4d2184dc0b12d3,2008-10-05 19:12:05 +0000
f0aeb29d169cb3114bb1dca904b2f22962900760,2008-10-05 18:53:18 +0000
fcb63bbdac3cdf69acabd276b8a938a0952a2ca7,2008-10-05 15:37:02 +0000
50f694b7a070631660ad35f7f46faf9c535480de,2008-10-05 15:36:20 +0000
4f7ede19741621b323128504c06bfe2358990a14,2008-10-04 13:43:57 +0000
7d5ea6a07469d0ee08b1693ac9a35faa0b4118e2,2008-09-30 15:09:17 +0000
94f1e9e0130119eabfdbc19fb4e2d486b9b15b8f,2008-09-30 15:05:10 +0000
e95b705442bfdf048c06a54a5e5cdb2fc55d6eba,2008-09-30 07:15:05 +0000
bfea325efd05010e53027b61a5419c46db07aff4,2008-09-29 21:47:41 +0000
58e8113ee04996a35cca9ad914df9d4f612ee4e9,2008-09-28 16:31:33 +0000
a83b792eb0182f7e3b58d321d5a100db6cfa6c1c,2008-09-28 16:28:50 +0000
8260edaaf619dc5780988f9a14f5b0edd88c7b86,2008-09-28 16:17:41 +0000
19a6674a57cd0759d5faae09aa7de15e6243c2fd,2008-09-28 15:59:14 +0000
670ebf6f931bb80bcad63a07ab950afed5a262c5,2008-09-28 15:55:15 +0000
d3f7151590189213b544c9736c0611332dc022c1,2008-09-28 15:51:47 +0000
44e04f2a0ac9f489477138331e5e0dd66f00f8a8,2008-09-28 02:07:19 +0000
6460cd272a4c0605c1e9167f641930bba16715ba,2008-09-27 18:05:19 +0000
dbd8ffb54f72f45acc644f1f16709dd549d0cfc9,2008-09-26 19:51:13 +0000
57e0c33a52a0f1e641161e6bf1278e63ee6384cc,2008-09-26 03:09:53 +0000
e1e21f2f6895333304f6efe8272549d32ede20be,2008-09-16 21:00:28 +0000
7684119c582e734d10ba5acf72382dffdc89ae5a,2008-09-14 16:38:11 +0000
f4c984a31bffd7e1d6d88dd3b603f9b19a998ef2,2008-09-11 09:57:11 +0000
81c6a9a29df8099dc327fb556d2cd21da5387923,2008-09-10 19:55:08 +0000
04204589973831003d87736cabaeecb7a879c345,2008-09-10 19:53:40 +0000
f125ff3ce2e9a3dd7b8eab20d4b1acec6e274ac6,2008-09-10 14:51:12 +0000
dc2767c46192c4210f687a3d5cdc54dba3431990,2008-09-09 20:59:01 +0000
e8a6f1a76ce6508fb48eab67034196cb75d8a39e,2008-09-09 20:37:08 +0000
66759ef52a922738a912769c7b7c01e9a65b91c5,2008-09-03 09:18:29 +0000
60cd4255569e16feb48bc1f0887bac2450aa4f76,2008-09-01 11:42:08 +0000
fb171134030a1d75e928c1b03621d650b46e4d9e,2008-09-01 10:42:28 +0000
481a091105e53ea4afcf9b8373fd75031f90e2fd,2008-08-31 22:28:55 +0000
c1f2e60e81b5d7ff81d3753de1eea8b969859075,2008-08-29 16:17:33 +0000
94cf29c4e3b6a7f37ad9d85ba572409691ed7f23,2008-08-29 15:46:22 +0000
a48a97b37fa591427f95e158beb33031daf06196,2008-08-21 00:19:48 +0000
3c72402b4239ca68606ed8cf9dcd76f4c0a7d740,2008-08-20 12:56:47 +0000
7f35915afd4aed48f284f9967419f571788b044f,2008-08-20 12:56:25 +0000
3dd6fe18073a9c6aa251e2614cbabfe08440af4e,2008-08-19 21:41:17 +0000
07e312f0c3688894f3840b2f5cea67d1a29725d5,2008-08-19 11:18:10 +0000
be008314f3389f2dca3ba3c0195e21ad1a8e3f7f,2008-08-06 22:38:28 +0000
9d3b1d2f164c7e7e5e4355232181fe216263894a,2008-08-03 16:12:48 +0000
2e82f1fcdc0f51bd255f17b4580714fbf2316158,2008-07-27 19:48:17 +0000
b47b287663c57f8a96cba3d07c56bd5df605880b,2008-07-27 19:15:22 +0000
6ef68ad4a992fa7c9caf22cac23125a7d278450b,2008-07-27 19:11:33 +0000
a77322c2628857a8614ad4cc279e11344cc3285b,2008-07-27 18:52:38 +0000
38f83e6070e629ecae8e5040bb1c8eba8e0347c1,2008-07-27 16:28:43 +0000
c7c19df2da205fd9fed976687a2e5b6d5c58b0a7,2008-07-27 15:17:37 +0000
8560c231d51666234605acea90b1b377e737554e,2008-07-27 15:11:43 +0000
083f748403608026ab149e9fbd438d81c833b702,2008-07-27 14:34:37 +0000
3a8e7620e343261a8705e9fdcc6299b6e98d8e7f,2008-07-27 14:30:43 +0000
a7cd35389d65b31fdaba1713f57a223df54f55bb,2008-07-26 20:00:29 +0000
4da38a0b390223b46faf0a12bba8ed325b7ac94f,2008-07-26 19:47:56 +0000
ac99bbd13c5e4e3a02e8e861165f984dda892099,2008-07-26 19:35:35 +0000
ccbe22eb02a9573d330ff8ee3834adf96640b5c9,2008-07-26 18:31:41 +0000
7004e490aa69098b74443dc54d31a315f7200ebf,2008-07-26 18:28:45 +0000
51a7a2774076bee29cefae73f85a0a7f9ee5fd77,2008-07-21 17:45:31 +0000
60131cca73cf225e5fdf18dd1b61a22c6584f4cc,2008-07-21 17:43:58 +0000
f745b46abf40339fcb165c2ac7c9a82bb91a85db,2008-07-15 11:53:23 +0000
642e3f63f20707b172c920c4b51e64383eca4c5a,2008-07-15 11:34:46 +0000
8365d33be2ddc29dac9adddde8f20aa7d3c4a1c4,2008-07-14 21:13:23 +0000
4fb3ee4e7011d2ede018fcf1503083f2aea9f5b6,2008-07-14 15:16:11 +0000
a28698bb0c9a48853478026602077fcb222e294a,2008-07-14 15:14:42 +0000
0c125f71ed4126f4bd9095598ca00adf53932116,2008-07-14 15:12:36 +0000
e1306edb51b2b9ce1fcedda38eb797523ad36161,2008-07-14 15:08:51 +0000
87d350f022e7f3b49cff044c36604c6340576d87,2008-07-14 14:58:57 +0000
77cd728359169c5d69c9f452391c3a03bf8be55d,2008-07-14 14:51:33 +0000
1c3e5de60bd8ce3e705d60603589b5b34a5b6958,2008-07-13 09:55:01 +0000
22d13e12320f2d878880eba50a5bcdc48aa63cc3,2008-07-12 21:41:17 +0000
b51a782d1bc3088d71eb2dfeabc1885b259c74d3,2008-07-10 14:22:13 +0000
df6766e1e3a569163b52dbda8e7cfbc2998e3742,2008-07-10 14:06:17 +0000
e7a11765d4c4812b7d0b15201eea337a3e29f34a,2008-07-10 14:05:01 +0000
b3cfa0fdb99b8a37aad42d255694dfbd27d8abd6,2008-07-10 12:49:54 +0000
22e5ce38849aa60f5b5201d6c1128b28b3b19221,2008-07-10 12:42:30 +0000
b0b7c6ef38a23246938bef934e4c1592adf19540,2008-07-10 12:40:44 +0000
f6c3d3f104bd2f0400c6ecda5defea96b7576042,2008-07-08 13:39:27 +0000
e6b0184007b836722248134336cbee5a17c62a00,2008-07-08 13:37:09 +0000
086a0ede1ea40e038df4a6d72228da094e0c9dc1,2008-07-08 13:32:00 +0000
08dae2254be03017a4ece1d7e6b297de6cb0929d,2008-07-08 13:26:59 +0000
c52ab55875684a0f8b9aacddb70a448041657a3f,2008-07-04 08:25:26 +0000
31b3876063204292f554334f9aab4808eee47adc,2008-07-03 19:31:58 +0000
8c3ae1b97a1015ebacf35b6713c0011d130d7a55,2008-07-03 18:56:38 +0000
f8a38cb73e08c7a0f7620117e74806ef348dab24,2008-07-03 18:51:56 +0000
79287ddb7cacac075c5d56deef4840aaeec136ee,2008-07-03 18:36:03 +0000
3fdd549c5070e0bd6bfe86c404463c274973c9eb,2008-07-03 18:29:32 +0000
84e30a013df72dad0d1331573e4bc4cd0b750b89,2008-07-03 18:25:30 +0000
24e6771406d8679e01cf626fc9b3a1a874a84aad,2008-07-01 12:36:20 +0000
1d078f3d103cdbf1f80f8064e17a733108e2b0e0,2008-07-01 12:34:18 +0000
6d4200df714bf66095c5308e154e71da7a98f7a2,2008-06-24 13:38:28 +0000
f11d7217fd977897eb3ef6c443770795f947599c,2008-06-23 13:46:46 +0000
0010754c0b2eb5a5dc490acdf4f4948330363e23,2008-06-23 08:01:38 +0000
60042cfcd27e86d8a81e6b76204a0ae22647ad8a,2008-06-20 10:59:33 +0000
6f4e48d42aa880e7ba49ff651aa701313e1aec31,2008-06-17 19:09:36 +0000
87e066ad31da8a3f92754e60cbd7b02a435d6188,2008-06-16 11:28:34 +0000
151be950537b49ec4363f08d68a6ca848a65b59b,2008-06-16 10:47:50 +0000
e2a9416471acd4fb4ab5372db08ee2814440590a,2008-06-16 10:46:44 +0000
57fbcf7362f4afccc3d6f710a54a0ed27c8ddd66,2008-06-16 10:40:12 +0000
f9b8731e89bc742c350b6d25eb39dc05198db6b3,2008-06-14 20:59:31 +0000
240749484c4f4faa69221b468e8725f655e87642,2008-06-14 20:58:43 +0000
815cb8949dcde78b3a4384b22b8d67286557b372,2008-06-14 19:30:44 +0000
d056eaadabbf46045841eaf2e9a1d0980af5eee4,2008-06-10 19:32:52 +0000
71174b56028e7fc6e0df61ea8c4018d5871ca568,2008-06-10 19:21:24 +0000
1786844fd7162f89f8ec31a3a0b1a7bdeacf983d,2008-06-09 14:17:21 +0000
d09e4819beb7819c15a260674f0d5dab587ab011,2008-06-09 01:57:42 +0000
fb0a36c7abd008d88e9b71a8017b5fa0c80882e1,2008-06-08 15:52:20 +0000
78cb3a131d960e12ab20ffa4a11cd2442cb7411d,2008-06-08 15:29:46 +0000
2b8b57d39428f3829509e8a7106597e9680486f5,2008-06-02 19:53:37 +0000
d60d53526d75df513b4bd9b88197b0f2218946d3,2008-06-01 19:40:16 +0000
482ebca8f54c6d1c6ef3d07710d0717334bc0eee,2008-06-01 16:22:19 +0000
7e7207cd4fa31f8f75b9a8a309c98c12fb672a7b,2008-05-28 18:40:38 +0000
beae2e989199154cce87e222efd26447dc2a8f02,2008-05-23 06:14:37 +0000
ca07fcc053ac725d015f3b531cb122082b26c489,2008-05-23 06:10:00 +0000
93a8bb4f13cc5249a3e8f1c36c6ad0e44ad8ba21,2008-05-21 12:58:15 +0000
69af448345b5894e971ff57909c20b36344a15ee,2008-05-21 12:13:27 +0000
c9661749db8af6d49e5ca4df846f75ba702a1999,2008-05-19 07:13:41 +0000
4efb735b1d8276b007a9d6544968594b0e275c25,2008-05-18 20:35:25 +0000
0a2cd04fef1f00ffc18ad426f1452c96447c1508,2008-05-18 20:21:23 +0000
4e50bbcb90a44c3921dbe9cfea32fde4a83399a2,2008-05-18 19:37:23 +0000
f8b2fa71fbb3383e5da387d7d1b37de6ce9568d5,2008-05-18 15:20:00 +0000
ec56c2c5ff1682e13fab6e3bce519479bb10baea,2008-05-18 15:18:32 +0000
21872adbf86aa7f018aefc8d9572467aa259988b,2008-05-18 15:05:29 +0000
6ebc980cbc3521f4e91e85fb19cab584f5082b88,2008-05-18 15:00:52 +0000
033ac8e016b96b11b45962d9b8bbd8e22125b226,2008-05-15 19:54:52 +0000
9022176c851bf49f8d3f211dfd8fc7bd78304043,2008-05-08 11:43:09 +0000
9232ea98fc333c8ede952406d3f70da8ae89682a,2008-05-07 13:36:33 +0000
2d5f1b0b767307634b01610cf529a771e390ef67,2008-04-27 16:00:39 +0000
dca7fe58eeea3085cdf5b46e2a07aa44d2c77375,2008-04-26 23:15:48 +0000
03b9e6771e353f1435499c9d25b26e8154956310,2008-04-25 07:25:58 +0000
de621a41510ad1bda5db9a511c0582313fe3b9bd,2008-04-24 14:44:00 +0000
9b8972d209594e7dd447b03bae09d9cdb6f60da6,2008-04-24 14:40:29 +0000
bd162ca7d44f4dc2f2b9f53b5eea363d351e687b,2008-04-24 13:31:19 +0000
8c206f6225c08800fd3331442a210e2552bc3e4a,2008-04-24 13:25:06 +0000
c29768da8df3709508eb8aca652a2cbe0fcccb08,2008-04-24 13:22:14 +0000
ef5946618cc849226d5e041721171d2a77854a37,2008-04-24 13:20:53 +0000
93c0636cb68e9e5ffe4b4b7fba213eebbbf235ad,2008-04-24 13:17:30 +0000
4c7e51fd41232104d7f9fec94c3b6fb03a3e8dea,2008-04-24 13:13:31 +0000
6c76ad2d0754c11539b4b178017db672c8e135a4,2008-04-24 13:06:21 +0000
5c6f299aec234cd83113b1fe8f3b1f625adac245,2008-04-24 12:57:17 +0000
ed9ea97ac2442d01dd36939990b7e92194f12a68,2008-04-24 12:29:41 +0000
ae31d86b8b6ef01b5fed2e8df0d437e49f069e7c,2008-04-24 12:27:14 +0000
35a40c78ea5e6e32b28a0f6c23e0deba7d304d52,2008-04-24 12:11:21 +0000
46dd0a7d9383051383dfe34499a126d390ab2b1d,2008-04-24 12:10:35 +0000
cffe7c6cc6757f634d90b6fd009ce02737fdd3ce,2008-04-24 12:04:33 +0000
5ae0852fe0ca0f0b9590ee7f86994ff00ed1124a,2008-04-24 12:01:59 +0000
7025c49ef39542988c25bbbc33e529feb55aa1b6,2008-04-24 09:17:37 +0000
fa012ac9c2493e3f8e875a9012df2b8429895546,2008-04-24 09:03:43 +0000
de2965f24ca34e9ea3d5780d56a82ee973f817b4,2008-04-06 01:25:08 +0000
edbf81119460f61d3f606c73913b139d60c36911,2008-03-31 15:39:17 +0000
9e8037518e4d201fb5e9925678966b0cdff84996,2008-03-31 15:37:16 +0000
2c443ab8b0efce5485f63eed62213091a188c993,2008-03-28 20:06:54 +0000
b736c8bda6122b7f9f69cf0f52d80a23c3910bd8,2008-03-23 13:46:40 +0000
5f13efdba86dfbf83378c7724060f5f5825de8b3,2008-03-23 13:37:04 +0000
faead6c3fbe343ba97e70f8eda74a488c916b29a,2008-03-23 13:36:03 +0000
cd5f65c4c7bd17d81ecb3924f444f2078a3ff580,2008-03-23 12:22:59 +0000
07b329c5fd484d63106bf80c155bbbbbfb3b241e,2008-03-14 06:41:17 +0000
b2f0dda11d91003884e57dd043504b9b9eef52ae,2008-03-09 14:21:48 +0000
f1f69b2d783bd8b016b3deb44885a5e7b0611a41,2008-03-09 03:54:20 +0000
80416d808e56ce68838c3adf15e5bd05b74a1103,2008-03-09 03:30:30 +0000
7d28e0f53d769e42e4914382e893fc9bbcec3d5c,2008-03-05 19:29:38 +0000
ffc1d2831186420139b17a1b0510c11f51c3f412,2008-03-05 15:20:28 +0000
b4f407e7c3fed08b6435a81525ee8434e2347e61,2008-03-02 20:05:49 +0000
13482b72fb933bf0fd015a2f9bf2dca9492c3686,2008-03-02 19:46:00 +0000
0df8de7691ac83c6aac15e6a92ff0dc8b6574c5a,2008-03-02 19:37:56 +0000
b73432e8d6c3e097268049cbb19f1b285e7b1302,2008-02-17 16:56:26 +0000
ae18893755888a3d34b94657d334fbb50f763ef3,2008-02-17 16:55:24 +0000
0473351c85c8f2a2dd97f41808f152313ba8789c,2008-02-17 16:54:58 +0000
effdf4250cfa3e2074129b3b81e3dc259009f6c7,2008-02-17 16:47:39 +0000
1f278be0dbe9e2fedc771c2ef3bf44f35a5ba1f2,2008-02-17 16:27:16 +0000
f6a6d7a0beb5f74df77da7008b70031efcaf24db,2008-02-17 05:20:25 +0000
f1257e2c36b62e890c92d7b62ce829488fe91d9f,2008-02-17 05:19:41 +0000
7b7f9388eb6aecb156c1309f009659689f64e5f8,2008-02-16 16:39:03 +0000
b660e385497a3e4ec31a67a06aed35c5e0053190,2008-02-16 16:31:03 +0000
195b08aa92e458612c653ae3c79176ccd859f4d5,2008-02-16 16:30:35 +0000
e08fbb00c3d1197024fc9dd1363ecdc2afec9fa7,2008-02-16 16:29:40 +0000
651cae899162cd838308bf2a5186a11b74a9e15d,2008-02-15 10:31:48 +0000
7f5355a3ea4c4492e27e8f2a0f00289983f5be61,2008-02-15 10:24:50 +0000
79325e1f4e73b47f3ffcc3786b72a11b51229eb6,2008-02-15 10:16:05 +0000
b09bdfb66e0591ff49431ffff5dc6d71b24d0da5,2008-02-15 10:13:39 +0000
2b4c87babcd411897f80dd83c4a9fd6e7436e5d0,2008-02-15 10:04:02 +0000
2295b7c2fb916e929ab117724d0c108db4e97ae1,2008-02-15 10:01:26 +0000
5fbdab2e1368450695c5436cff0b9984299eaf56,2008-02-11 19:00:19 +0000
21e2c2785aa7707172671a394dabee31fa082f95,2008-02-11 10:14:44 +0000
c1e5b6bcfc04c75cc6c3426c3edd80a6e915f2cd,2008-02-11 04:54:55 +0000
ba57ea6c80cfce730b779af8c7a6e836930a5184,2008-02-11 04:52:17 +0000
f967b359e72d5ac7bd5ef672963ec39c6db6c79b,2008-02-11 01:18:39 +0000
ce9150e8673a928f39f94026aedbedeaffffd4a1,2008-02-11 01:08:25 +0000
8eba63863c102b144fe43d008baf719997599fc9,2008-02-11 01:04:48 +0000
3c9e28e533d86486779419c2124d97fb643d1078,2008-02-10 21:10:30 +0000
f42a88e25e5e95fff5f985494e67386e38868bb9,2008-02-10 20:17:24 +0000
d846c5da94cdeccd84e6d7ab41a0e06b0f93f13f,2008-02-10 19:28:59 +0000
f5a644e86322de4ff58f51968a731069ffc7d721,2008-02-10 16:44:50 +0000
7953b0007a47fe25a463d5e27b50e3c50981f2e2,2008-02-10 16:28:50 +0000
513804d9d426730bf71623b8189654b65340ce67,2008-02-10 16:25:34 +0000
9e0d00dc7e6aa324220dbed6b4524f0ce89b0f9b,2008-02-10 16:23:59 +0000
e671f72818706f647fdb6736ebdeec29cc3bb841,2008-02-10 01:04:38 +0000
08fa79c0f5f6c5cd2a4a66c9c866705493dd60d8,2008-02-10 00:34:09 +0000
f18c6b1affed026d32bd380526526e4b411f265b,2008-02-09 23:42:44 +0000
8f10ef7c0e92f4326e8007be5b852b969ad5519a,2008-02-09 23:37:11 +0000
705e88f7a049d063bafe51ab5d4034583514b27d,2008-02-09 23:36:36 +0000
af845eb4719189661277c717985645cac46c7a17,2008-02-09 18:22:36 +0000
5af7bd0c31d47634c734225ddfcdff04759fd31c,2008-02-09 17:06:24 +0000
1c27da8a9880d99291e2f5ce3c0171f92484acee,2008-02-08 21:16:38 +0000
24763608bf64bbef1f177cb29af2a0a8a3206afe,2008-02-08 19:28:47 +0000
1cabcd496c139b1d8199c33730d3f3b496b4a717,2008-02-08 16:42:34 +0000
ac6a598144b1685100e68db48fa8f271986a645d,2008-02-08 16:19:17 +0000
ef90ce895600bc82fbb34f8389a9a373592e642d,2008-02-08 16:07:33 +0000
7d7ac7cc857ec183f7e47aeb7981b7cb8f8e9bec,2008-02-08 15:44:11 +0000
9c5006b4a2f82d4777ff1ecbe632f1ce689468b3,2008-02-08 12:42:05 +0000
95aca8ea3a4bb8af939e8bba0d0c758e2261561a,2008-02-08 12:36:33 +0000
d67bb46ed84a4beff61dff50c9076a5119985aff,2008-02-08 11:22:35 +0000
b256ebda96487cd932482b69dfd84352870e06ba,2008-02-08 10:08:59 +0000
b2d1f32440aa375a140cbf0177703a9cb6ebe777,2008-02-08 09:15:20 +0000
4a473d93ed661a37ab2282722f2eb497d20935fe,2008-02-07 21:17:35 +0000
225e5c703c7b55d802f3e9a6aeb92c7cd27ad386,2008-02-05 18:09:06 +0000
1d7fd3318b65cf42987c3dc3bf47c7ed318f3fdf,2008-02-04 20:29:08 +0000
f02058c10d3e3548584aa52e61ad11e5b1a55d59,2008-02-04 08:44:36 +0000
93ef63e1b34cf6a7908c5af1496864b4a042e2d3,2008-02-04 08:43:53 +0000
eb260da89f81e38942301110da0c50f02b59c69a,2008-02-04 00:58:24 +0000
a0c17a75ef12455696feb509281270ba9ef5d9ae,2008-02-03 22:55:37 +0000
61fabe8b9f5705e7f1d97327e6ad334b55b820c2,2008-02-03 22:48:38 +0000
821bca564f332731a68a4ce18e109ba1c2a3fc2e,2008-02-03 22:43:53 +0000
7258df6db3ca8c5dfe318253a951a0d532132c26,2008-02-03 21:39:08 +0000
67e1e4b48e3319dfbe07b75d5589e6261ba9688a,2008-02-03 19:31:03 +0000
3a6575922a5f7c6d1afe1356b1aa7b6042c9434f,2008-02-03 19:29:04 +0000
aeb5d7f5f1b537fb86c3c4827b2dc9758f449c38,2008-02-03 19:11:06 +0000
fc4b86252e4b4d06ea2b0f77a8e17816f9e5d753,2008-02-03 18:58:54 +0000
5c090bf6051e7f6802cfbf2060d4f196f17e0ca9,2008-02-03 05:54:00 +0000
654a4018c456d3aeb7f6d9e6e7aa4b97b45f3fb0,2008-02-02 18:17:19 +0000
4bfee0420d54e2ca4ad5a07f1b209948ac91f68b,2008-02-02 18:07:50 +0000
0152e67e9eb57de2da0df28f396c9e36cd6e12c4,2008-02-02 18:01:29 +0000
812b7db1748037bce86a5f87620eb16e38703be1,2008-02-02 16:39:18 +0000
1c6411cdeeebc98701a3cd80202299e84db5f093,2008-02-02 02:10:35 +0000
aa3cfee09b6dfa887f72c409b19a24b2a102e71b,2008-02-01 16:31:43 +0000
adb783976a95391cb2e0e12f960aa5af48fe4fff,2008-02-01 12:51:46 +0000
9fec47b79bbb40a78eb79e5a66716697c91ae0be,2008-02-01 12:02:12 +0000
630d9afa3cca0413fff0ec8bdac471b1a171bbfc,2008-02-01 09:47:34 +0000
70118be7ee4542b3331ec0a128e62e5438f52bc8,2008-02-01 09:46:59 +0000
e9c302ba7795a102d593862645321e5e11782c13,2008-02-01 09:43:22 +0000
ef1d23ecc2be07bd6b918c3bbbf48e50f828979d,2008-02-01 09:39:14 +0000
c000595d82ed35339387361acbde1c76832477d8,2008-02-01 09:34:13 +0000
20cc568180065a7b3ebf3ff664ca029ddf69da80,2008-01-28 18:19:13 +0000
25bda2581a789562d907fd795d3b7c6fd139bc86,2008-01-28 11:57:55 +0000
87cbe1675e68a769b95b93bb3c84c26f86a9044b,2008-01-28 06:10:03 +0000
6956f544e64915bacd971d22c2e1ffa0cb91180f,2008-01-27 04:22:10 +0000
41eb3cb7b7156f70bb254c65e3b798e775c96d4f,2008-01-26 22:42:43 +0000
39c77b17fdf863c82cceea23b84c4ecc85678826,2008-01-22 21:02:53 +0000
09e2f3940c9f2a31627cee0dfece24ea6895c55a,2008-01-22 20:58:20 +0000
db70272e682c05fa7e2f2fabb7f2595b3be7ef10,2008-01-21 13:11:24 +0000
ab33051cbab4acda1d7aa7b78fdeb71cd32bc8f8,2008-01-21 06:56:10 +0000
a6a8cd68abd4a538d7ae02651d4cf3184b4ec653,2008-01-20 21:08:35 +0000
36bf638c500d4b901f5040f604654c5181979b35,2008-01-20 18:52:22 +0000
8247ce625c028f0892501017dd28c8737ccbf13d,2008-01-20 18:04:48 +0000
f1f1c1c97925fc0faa415c4121a47be54ef0f7d3,2008-01-20 17:34:17 +0000
81e5bb6166b49527137d028940188a1905ce986e,2008-01-20 17:30:18 +0000
c645488d321bf47d648805edefaf6771e219e63d,2008-01-20 17:10:11 +0000
d18ba52734ae785bf61106eaf229fc0f4fc03959,2008-01-20 17:02:33 +0000
90c94c81ec46c979fae7d35dc2dcd823eb010f86,2008-01-20 16:49:26 +0000
8dd8ece63c8913110f21e7708ce81b90ff635d6e,2008-01-20 16:47:22 +0000
28e9474e0628de9f67a8ae2f037db0fa227d89a8,2008-01-20 16:39:28 +0000
540babda6c51c8deab788e28e7de81af3455fae2,2008-01-20 16:35:54 +0000
ab1f56eacbed70a75acb1a0be572208e8b912512,2008-01-20 16:06:50 +0000
4ed5ea38741e27705e482103ebc5cb4afde35835,2008-01-20 15:52:12 +0000
90400c773c8ef10c705deec80eaa9fae62c66179,2008-01-20 15:03:24 +0000
376834acf1c807d231a40b76fffe7d92ed3b4c17,2008-01-19 22:48:16 +0000
a1dcceb8403ebdb9397bfe44e4550c6214cc00f4,2008-01-19 21:45:11 +0000
d2f1bf4cd6f25b7d18ab0b9f3dc0d72d9ba14f22,2008-01-19 20:28:40 +0000
a8be93bdffc7d6629c74d7d6ac974a0781555aab,2008-01-16 18:24:23 +0000
0286c95e49e5e4ba8b3b99fb21a1301f7dc06946,2008-01-16 08:46:27 +0000
768ff5a23df1b5002ff67996cdd4b846b001ec26,2008-01-15 21:04:51 +0000
f40057449aebe74e1ea4c61eb7e0b31e692e4b99,2008-01-13 20:59:58 +0000
9305664d2a96f09bff12b8f39e9dc0c097244283,2008-01-13 20:21:20 +0000
d085445d68242797f547fe99156bb2278dc04e4d,2008-01-13 20:02:59 +0000
cc13556bb646107850c54391cea710c00acfd227,2008-01-12 22:55:48 +0000
8c432e4b5750a992f98512b814f16d5e3732964f,2008-01-12 22:45:32 +0000
bf393abf7032fff17ae1a2af5305f9fa48877aac,2008-01-12 22:09:36 +0000
0b3bfc1d4a57ea5cabeb0c8175949bc5155f0adf,2008-01-12 22:07:09 +0000
080a51a42014061469074f01e32886225cb5bdb3,2008-01-12 22:01:00 +0000
925880307d7ab32fed54199c559fd742a9156c4b,2008-01-12 21:52:16 +0000
69c6e7d5f460cf46d1bdf11cabd83032b73ae425,2008-01-12 21:36:35 +0000
c76f6fdc586ae44226e7be75ed492ea2cce6bb34,2008-01-12 21:35:10 +0000
9ce7a64492c6e00f77250558da1e83d500df4301,2008-01-12 21:31:59 +0000
7092368cf1dbee5e95f081be847f4c44fc7b70cb,2008-01-12 21:05:49 +0000
870f35621239067960709f36320bf8a891ebc151,2008-01-12 21:04:42 +0000
953f48ea2739f2efe7c1eb6d335552fa815e8a1f,2008-01-11 10:24:24 +0000
43d20a8873d4a23850009b96eb8e2e42c9508502,2008-01-11 10:21:52 +0000
bdc78217fd7407c678cf0e91f140ae5f853b90bf,2008-01-10 13:59:09 +0000
9f02ffac958c8eaf8115965cf1ca028efe5f2e0e,2008-01-10 13:57:14 +0000
d4101572a644f174a2d8c02f6ee9f21d73bdd4f0,2008-01-10 13:53:42 +0000
4d498d1bdd0336fd503ed5d761b509d84575f0f2,2008-01-10 13:52:30 +0000
692c384857cd15bcd64a9a46c4ab337540cad8ce,2008-01-10 13:51:46 +0000
9ccfeeb4a1407c54d2ac4bd9122ff453e2bddd61,2008-01-10 13:50:46 +0000
340a732ae288c8f663bdc1cfb7a1f8d0b038cb88,2008-01-10 13:49:11 +0000
6a366840f528c1d57d284368300669da8e208058,2008-01-10 13:46:49 +0000
dc04cc56904cc865fd900fedf9522de3ef34ad7d,2008-01-10 13:45:24 +0000
2b3e9804211b37a285dda80b610a69c536406c86,2008-01-10 13:39:08 +0000
1b95e596091a9d534acb5a583703aa311215f875,2008-01-10 13:37:17 +0000
7c7b56e9f31bf38bdbde893ec6e7cd511f29101c,2008-01-09 07:30:13 +0000
a3dc59a94da24e46c252453f08c4b4b4a91c3ce7,2008-01-09 05:16:00 +0000
fb4949bd078ab201835dc932eec27557f0b9102a,2008-01-07 03:15:46 +0000
e8ba93825dfe571b7b1400ea73f5b9a47971f45b,2008-01-04 15:41:38 +0000
70e682b2115172de1bfc85d27b06aa3dc044a1c4,2008-01-04 15:21:26 +0000
9ebcbd6b6d39fbc6b48b234ec08489e91f3c1b13,2008-01-04 14:54:53 +0000
05bb73146dc6009c0f81a45135e574b1969d4e04,2008-01-04 14:47:25 +0000
4b4243fc4641e2213ab7cd4a859a4c4248590e90,2008-01-04 14:45:46 +0000
dc2a102e3c9126f5d4f616a41572e2c62281bf24,2008-01-04 13:49:14 +0000
91f0d2a12c1c07ef4e958d18bd03f8a49ead4076,2008-01-04 12:46:21 +0000
dc990d3a9792d78a756f4d5054134c978a7a4cc3,2008-01-03 11:35:02 +0000
76bbd68cc7fc43bcddcd12349d014f106c475014,2007-12-09 02:23:07 +0000
458abe99c2c1cc8879ba48c900698c365213cdb2,2007-12-08 02:59:53 +0000
8583cdfe79bd32b8183233d51da3df680c2caf04,2007-12-08 02:51:23 +0000
37bcdf412322092704ed7bcb60ee8a6c4ddcbe7d,2007-12-08 02:48:39 +0000
549132c945a6558fa3f582883ea776f0629ad0f3,2007-12-04 04:23:13 +0000
1cc67cf43539383fa168068de70338d8e15b157c,2007-12-02 20:28:50 +0000
7f87ad1da76961c3671adfcebb6784a5233efd52,2007-12-02 20:27:21 +0000
ef6b260fe9e9114f74c8f9ebfebddd0e90862ee8,2007-12-02 19:21:02 +0000
8140c9da584a786ac24058f073d39a170cc4c706,2007-12-01 21:19:13 +0000
2d4fe5638352b8adc8188f9718c0bc60a883b06c,2007-11-26 05:27:05 +0000
5103a53887d24e394d6f5872a7ba3e7ee69ee3c8,2007-11-26 05:12:35 +0000
83e9173c2b5db54755dd0bcc4be9ce3cf7cbc34d,2007-11-25 20:25:58 +0000
8f4b97cdcc3e9c15378a9702bba75bea3f5ee6c7,2007-11-19 01:43:14 +0000
bdb18d5d10058c7614b6e394d5652bc620893a85,2007-11-18 23:38:05 +0000
f033f293ec73679c3510e2cf051d27e2e2bb7068,2007-11-16 08:28:36 +0000
4255d4cde6439a67e62829008b83a7a60fbbb14c,2007-11-12 19:58:39 +0000
4fcaff1e77de0ff0bc761b8e6cadc8c88da4878e,2007-11-07 21:07:33 +0000
a7c2df9f2f77d56a59f2046a53b5119c5dd4f4cb,2007-11-07 20:52:53 +0000
79897391b4cdf62236f8ccd8513cbd60b4a96e73,2007-11-07 11:10:22 +0000
a2e16279dadaaf568902cff566dc5f997fa73cc2,2007-11-07 10:56:52 +0000
48d35f0b787d943f0f51a234a713a63bdffd6051,2007-11-05 19:10:31 +0000
e21865e8066874cf6bc43898e5ade28b893d5f4e,2007-11-05 17:11:29 +0000
8d7e160b5aca08e3ce8f6edc92e72024afdb3cde,2007-11-03 21:07:04 +0000
62e00938cb8cd67d6c6e510d5dddb0d303401b95,2007-11-03 20:23:39 +0000
af62f7927fa28d27448b149767ce5480e4fb8a08,2007-11-03 18:47:17 +0000
2071918a7a81a29e67ad531bfb5919906a670e0d,2007-11-03 18:46:11 +0000
c9272ec8725a942b09a6424181cf8fd2d6fc094f,2007-11-03 16:47:55 +0000
c8910463e750bbb43c6ab45176df96313e4a3dd1,2007-11-03 12:53:19 +0000
c84d037e93b52fbf873eedc4e3ead7a94c75845c,2007-11-01 10:59:59 +0000
81af7df6ffaccf9bbb036c1e37a322ae90ca23b3,2007-10-31 16:54:48 +0000
42f23a38f4e43fe282a0797ca24dc896d1f3e796,2007-10-31 16:54:04 +0000
49b22866c50eb5f50813c5d36a17730876b5e6de,2007-10-31 13:33:59 +0000
eb38117be08529ba2bcdf98dedc7be1cbd819062,2007-10-31 13:16:32 +0000
06da34fabc5263ef3a323605bd47b2cb3e9b7071,2007-10-31 07:23:01 +0000
828b70de30276bf8ac9f3da29ada41c764119c47,2007-10-31 06:18:46 +0000
70e3baa85f744fe1db93bd7bf683ff51dd17c831,2007-10-31 05:41:18 +0000
6afeedf16113b2836a1d88d97e677f1db8ed41b7,2007-10-31 05:38:58 +0000
2e8332522efa2d6886a8d7d5ea213cedcfb03d9e,2007-10-26 15:06:35 +0000
f1961ea62221788811ab6cf80318773c00707e16,2007-10-26 14:49:23 +0000
08939e106897d8797f06040a0f98801b2fefbbbf,2007-10-26 14:13:13 +0000
3f5bd34a920dd5d76e99f33111665816b6e16e02,2007-10-26 13:59:51 +0000
0e87b091cb210d0213dcd7f833aface7b4c8f480,2007-10-08 08:04:27 +0000
00f38adf9792290a82c60ac13439e5b9f673beea,2007-10-08 06:19:23 +0000
dac4f4f96641cf7783be7e8b27b78b0e939ae8b0,2007-10-07 21:20:20 +0000
00f7b063b362cdaf8b451de4f589fe971fef43c1,2007-10-07 21:19:14 +0000
67b86d4ccf71bed11a401818b058dcd24d9635e8,2007-09-30 16:58:50 +0000
e92a93d217b769d5f40a2d7af1392ad44a178c53,2007-09-30 16:57:45 +0000
62c72ca66d16eeda12c79dc56460b772e541dbf3,2007-09-10 20:43:26 +0000
0b61d3963c802ff6c1648cdf626a5e8b86c76ecb,2007-09-10 20:42:50 +0000
dfab77b1437a92b366c726da35d811301f5b0a4f,2007-09-10 20:42:13 +0000
6261e6a91b0bf2e65e223850ea8321694e1ce951,2007-09-10 19:00:09 +0000
3173d89780c4d5db2fa7090b9d716dd68e16eb31,2007-09-10 18:46:05 +0000
f8b5350ec2e46aa2e6040b5632e3a58c7b440b0b,2007-09-10 14:40:42 +0000
02a39b20780af8e893d27889f52c0b54e1e97fac,2007-09-10 14:39:43 +0000
c4cc69cf5210ed3ddf67be8802a55f0a8058e260,2007-09-10 14:36:21 +0000
2d37d670792934e0548096b4045caa66a6b38ecc,2007-09-10 08:23:21 +0000
cfab1fd925b04c06824ae4e9f512dbbd2d2fd903,2007-09-10 08:22:54 +0000
3c00d3be11b55c71c9932e64f42e7775863a8e87,2007-09-10 07:38:55 +0000
c5cb64a7e3b41af9b9b19a3a193f5fb454a6de63,2007-09-09 21:39:00 +0000
5ae04469dcd665fe73761aabad90d51294aa5ae0,2007-09-09 21:38:13 +0000
df733241612dcb586f10a6f12b77c0f6e2212881,2007-09-09 18:54:08 +0000
404971c56a39380fbef5ca34cbe1943d7b57e542,2007-09-09 18:46:38 +0000
d7620081152918a1e3c14109bf7cedb97eecd2f3,2007-08-23 13:38:00 +0000
6e0cf265e2d7c1b170a7127256de92b1b3ecdfa3,2007-08-20 20:28:02 +0000
8a8d0c016f3c2b469c6dc2d7e530c3f3f3639e04,2007-08-20 20:27:01 +0000
bdcd470267ef1b9a73762b1045cdbb6d772a34ba,2007-08-20 20:19:12 +0000
22b8f2abbd0321153af5ba54ead5f613323820c5,2007-08-20 20:08:59 +0000
a7cc64271772624cc232ee6092405f0ab06aae5b,2007-08-19 23:06:31 +0000
1402a92679c1442e435c7d49a7d321601224f0a0,2007-08-19 16:21:56 +0000
d784ea2eb6de7278fb76cc3c2fc326deff27d002,2007-08-19 16:15:02 +0000
9c2dd8a5f70b87e20c133276dc2f7da36fad6078,2007-08-17 18:56:15 +0000
90eb6a4425081ad344ecf4410f5c26e5624d7133,2007-08-17 16:26:45 +0000
399b104b96d9d2cd6c386b12aa7eed978d803a44,2007-08-16 20:43:44 +0000
282cd1de7d51db4b1cea2684ee4b17d9e27e7853,2007-08-16 20:40:28 +0000
ea14dd91da80af2c40adea9ac2a35969732c3d09,2007-08-16 20:36:33 +0000
52b98250c2a78a71b1e7698fe44fd3d53a2219c3,2007-08-15 16:43:31 +0000
1340aa1c11a1f748e103f777fe3f2e1b2dbd7e39,2007-08-08 13:18:46 +0000
980c3ae6f1b952d07f8b9d38dada1e2c54f9dd26,2007-08-05 23:08:30 +0000
04328af1fc488cc75782c923eca2a1705f79f54c,2007-08-05 23:00:03 +0000
720bc3396ef3a512588d587058f99fa8833f55ef,2007-08-05 22:52:35 +0000
f8b552a1d4aaa38d3d61183e23976f555272c898,2007-08-05 21:59:36 +0000
f287c938890a68bb770c662a40482b14dae42e9b,2007-08-05 21:10:51 +0000
6945cbe890bdabcd55775fc05cb4dc1824852687,2007-08-05 19:45:27 +0000
a9b43231320c1e646e66793e6a3ea86c93146973,2007-08-01 22:56:34 +0000
f4febb7fedddb42279ce694b082bc35522f1fc11,2007-07-31 21:59:07 +0000
1001918f862e7d58e51947527961c45b23185111,2007-07-31 21:02:26 +0000
832bd9cb613632fe4acacc0fdfca5e55a904374c,2007-07-31 18:13:25 +0000
b0cfd5b55fc9fe4f687aa86a3e9cdde2250eda1f,2007-07-31 05:50:09 +0000
9e66e1f2c9e6cf0d35ebcddbc16fee3553b7646a,2007-07-31 04:17:09 +0000
6bee60e63ac4ccd86c5fee19d3f6eb9c38cb376d,2007-07-30 03:57:33 +0000
c5ad359270ade9c3b85631370c987cef046665bb,2007-07-29 20:14:22 +0000
d06b484f9f20445336bc6ccdd075499619097d3d,2007-07-29 16:22:53 +0000
fb5a34e869e96c5b5a21eedc0b488f3d55bc171f,2007-07-29 03:42:34 +0000
a7f79b046e7ab2b1e84c343ab27438092b03bf14,2007-07-29 03:42:15 +0000
211584bc3dcb97d4ee378c4d690a98a888bdc247,2007-07-29 03:40:41 +0000
054e2bf2f54b75d88a35239d0b09f2e6eb8d1340,2007-07-28 08:12:57 +0000
d91fee369c4eaf4104bf91ab10aaa62a2242b856,2007-07-27 17:52:04 +0000
b8b6c66e1caceb44ce7250c999e63a12659a45e4,2007-07-22 02:33:08 +0000
13eb8cca1711cb01e6d95fe86906a9a8be18aee4,2007-07-16 01:21:45 +0000
5976a62dee16f66dbac18e47cd0e124d54dc661c,2007-07-16 01:20:12 +0000
c4b439e7aad65e2fcde2ea721f69310acccaeb2d,2007-07-07 16:17:34 +0000
a4cc11257aa689396fffa6ae7c79a7ab8fcccfdf,2007-07-07 15:36:23 +0000
d01b99cd4a41fce69b19f8370a6b2e46dc585795,2007-07-05 18:34:45 +0000
78c5894849ed14d4b1a5f69056ac22fa4c5e4115,2007-07-04 20:49:09 +0000
c3f151d32add369f6c7f9e79f096d2da62eedd21,2007-07-04 18:26:27 +0000
7323a8a8b1785b4fc46f2209ece05b6ca8dca2ea,2007-06-24 21:10:19 +0000
9104ab39e9538f7e087588be222dcb9ada75abdb,2007-06-20 23:39:50 +0000
35414bc4f4ef03ef12e99c027398e5dc84682a9e,2007-06-20 22:24:04 +0000
5bc120c5dff3cdc44f9168800a9d0a1fa538e44d,2007-06-14 17:55:10 +0000
739ed17f8cbdb9f0d3ad962c8bd13a89cb88cf67,2007-06-11 04:42:56 +0000
a012ec83ecd0d13fd7ba250da322a6183adb45aa,2007-06-07 14:35:04 +0000
b345aa99c18edbdb2d338f325389b771913a64d6,2007-06-07 13:55:36 +0000
de8c2adc648839ad0ae234ccb22a0d4a5db3b6dd,2007-06-07 13:44:09 +0000
52775a6b7610cda5bb07ba13586d88961db120f9,2007-06-07 13:30:19 +0000
879a6c0e0740e1306382e80f0ad52889251b2e3c,2007-06-07 13:22:45 +0000
8d14277eb62ceec691f9e29217726617c1008ffd,2007-06-07 13:08:57 +0000
ad8f706395741b1d916b702089f2bba44b572c82,2007-06-02 01:59:34 +0000
830f26924725864a566f245f2c97f069fe36ad68,2007-05-31 07:58:32 +0000
836476d20140807d6c384b0440048d3ec6882970,2007-05-31 07:37:24 +0000
bbb793aabd476571ecc7b89ffcd0df2e7acd462a,2007-05-31 06:34:41 +0000
bb3ed2c0b697af0490c851d8babca66a19fd0858,2007-05-31 05:45:11 +0000
f61c6e1a15fbaa2d40549285077b915199d892d9,2007-05-31 05:17:43 +0000
5d58216678b79bfde2cb3aa1329673e81f064aff,2007-05-31 04:57:45 +0000
9d2322535563c729652eef95592db2d4b7df084c,2007-05-31 04:53:37 +0000
ed2a644830c2138c2cac1fde783c14c5de18318e,2007-05-27 23:02:13 +0000
11d16247b44097170bf5a224fdd5a6938db5e88b,2007-05-27 19:36:53 +0000
a0cde055d82b8d45336167bcfe94d881cf56f52d,2007-05-27 19:27:10 +0000
53b3321e89e0dc6868d149660da8dcaf904355d5,2007-05-27 19:21:12 +0000
f4abe5ed28ea29647349a1228b2de7e7656f9b8c,2007-05-27 18:40:52 +0000
db9790e57e0396c9a0caf1d6faca4a4f4a1aa2c7,2007-05-27 18:35:14 +0000
e4a342449ad8b211f87b07ec2360c0cf098ca679,2007-05-27 16:16:29 +0000
7851eace4f1175695dedef61c7fd003e9ea30ab4,2007-05-27 02:11:12 +0000
cb1c0adcc81da8ca3ef06eaed6f113f8eb7add43,2007-05-20 20:08:06 +0000
fb8da620415da956e01ac56c5bb21c2dea8add2c,2007-05-20 19:30:05 +0000
9b0466f648f08d51097acbc4068143b228c3f2b2,2007-05-20 18:42:50 +0000
a556284602c58312d962bace85018f5b6302d3f4,2007-05-20 05:48:00 +0000
9f8370f33655e313fc48515b895be08d42870d1c,2007-05-20 05:45:54 +0000
fe13c2bcfa59228c3e51fd560e4e709557fb86f1,2007-05-14 06:08:16 +0000
42a78122d10c7188d031d85d2bb7b218afc7598f,2007-05-14 04:28:00 +0000
78727dd83fdb18fa61fb505d416de411bda8412d,2007-05-14 04:22:07 +0000
81310ec9a43c6b9cc8f72c87fbb5deec88273371,2007-05-14 04:19:48 +0000
aee7901e2aaf815d3fefe4705043a1ba55e2cbb8,2007-05-08 18:21:47 +0000
bb00559975c3b3e115b7ae618548aedc5b2572c6,2007-05-08 18:16:52 +0000
35b7e706cce2b3d2ce78fceb9be6d0cca1d9c857,2007-04-29 06:33:54 +0000
3a2d1794c634dd3fbffe1ba15d71400a8e91b9da,2007-04-29 00:57:39 +0000
409d56d206891f76a3e751e4dcdcd22a8c898acc,2007-04-05 15:19:57 +0000
55b2cc8c039d659da8f4d8af332814043d084a3b,2007-04-05 14:48:48 +0000
b87e7190d5f51cd6a3e9265750b956182886c181,2007-03-26 06:20:03 +0000
dcb3ffa82c9e6158bf7f4325f1032229c6d05205,2007-03-26 06:17:29 +0000
cc6c1f22e98a409edbbd6dc7da348cd881668f0c,2007-03-25 17:26:35 +0000
35af6fe1d2d5eb648a4d15a3aeaf630064bd7e77,2007-03-25 15:42:44 +0000
2f2f0713f786404c8c3568b5fec868ad5c8c5f59,2007-03-13 20:26:49 +0000
c9f8ae6c91b432db08986ef19b481e730e789383,2007-03-13 20:04:22 +0000
642cf40deb730a1bf6330c5a2e42b7f6dfcc92d5,2007-03-13 20:03:40 +0000
9bcae682dfefc35e963d8eff796cbf3ef9be2575,2007-03-13 20:03:21 +0000
c50e1c1ebc98e2dee733278ed41f2fa034568604,2007-03-13 20:02:56 +0000
83bd6ba8de86610dc85217eb14ebc2b1c7aca3a6,2007-03-13 20:02:28 +0000
6536c1df104751fa3f1b10d498ec23a611295db9,2007-03-13 20:01:41 +0000
aab8a1009e75bc220a4ef4f75a8a38d2f36a5f58,2007-03-06 20:03:37 +0000
96784db88aee43703d7dd067f0d7c009d9a9f825,2007-03-05 21:35:31 +0000
358973c257b58a5f4331820198cba0b4bc5a108a,2007-02-28 20:24:59 +0000
9ddf255a72a6d56e4d70d3c69eeff4ba98df253e,2007-02-28 19:51:48 +0000
12dd062aec3e589a4d962c3603d6b63ea717e1d3,2007-02-28 17:53:18 +0000
c9903243a33e2f795a37e52a1e3623b433cd0b91,2007-02-27 20:53:46 +0000
326ec7313e09ea9c5ed78ec24938f9d8f02c084e,2007-02-27 20:51:59 +0000
dbd21b7762d7c15e6a5d717ed349187ef28d00cf,2007-02-27 20:48:00 +0000
cd301c9e1249932d0b93745a6c7d5aee5fb972f5,2007-02-27 20:23:52 +0000
c3feb166154574138e0b3bea219693751fe89d6b,2007-02-27 20:22:32 +0000
e2ffb905724787ed87bbc64ce56673391a00279e,2007-02-26 23:12:40 +0000
4b1994a2ff9ee572271d0ed4fe54943330e23c1f,2007-02-26 23:06:24 +0000
f3b02ccea3be696a8fc0d3f6d0cabcc7b718eb97,2007-02-26 22:59:45 +0000
7f8c5e256211085edcb5180310e7b6ec6a63b588,2007-02-26 22:44:18 +0000
b4bbd4672eb805abd027ba13fb00d6231a9322ff,2007-02-26 22:33:36 +0000
7276d2de09182a59472da613bd0590f7332118bb,2007-02-26 22:32:10 +0000
15d96cbafda499c3a41203c695bfe314d1db9b74,2007-02-26 22:22:53 +0000
2a4219105eb7abc98bc393ebae4422cbcad11b1e,2007-02-25 15:48:48 +0000
8b4803708042d3ddd4da64ad02462d8c4b7ee590,2007-02-25 15:48:07 +0000
177aef7abc521047e859b19f70cc6d98b680701d,2007-02-13 22:06:30 +0000
2b25d6352a21521ac12a1bb66755854340dda1af,2007-02-12 22:35:08 +0000
2fe2d9a4aaf01cc20fa13c43efda7df2642b3a11,2007-02-12 22:17:27 +0000
882493e7b1065b5898fc6bbb592f412317916dae,2007-02-12 20:03:22 +0000
c768f73cf16e95bba48313c1ae03074e760510f2,2007-02-12 19:37:49 +0000
08042a0c22ab360a04fbe96c6bb8096f1560c2e6,2007-02-12 19:35:59 +0000
ee556907bbc4d583d489135013e8ef93091de3c6,2007-02-12 19:28:57 +0000
1bd29782355ea38b460918d461c55a33a28b7e88,2007-02-12 19:27:16 +0000
21a95478c2057bc6d2086a9e4904c0335ca72a03,2007-02-12 19:23:17 +0000
ee71801e779d95b7366dd98901da8534f9d926f3,2007-02-12 19:17:41 +0000
32ea2a389ab8f2f8c5620498be82f1ae174e1b38,2007-02-12 18:54:24 +0000
f55f1566f0368842718c69de5c951d1642d2cb13,2007-02-01 07:03:52 +0000
d72010f4402206c7fab816f30a7f3932b1d8574f,2007-01-15 20:58:51 +0000
cc73bfb42fa86c01e37a1b7021b1ab41e0f0cb63,2006-12-19 22:11:07 +0000
8242bc26448f3d92ecc0e16fbc8b57dda9295e41,2006-12-12 22:11:41 +0000
f3a8579c4f6500829e90f68df0bc01f40b2eb38d,2006-11-29 07:22:34 +0000
baffc242845303983e56d8812d1331073cfd293b,2006-11-29 07:21:22 +0000
c1615d1aa376f51c023bd7b607b12819d1b310ab,2006-11-29 07:14:12 +0000
47f3a2fd9e89dec2b41b764657ba5db7652d2c33,2006-11-29 07:08:19 +0000
4dd57aafc1b1237e35372acd1866e8bff8b3ace1,2006-11-29 07:06:35 +0000
c90167235a2fb8e6528b85cd97889b70c2dbce4c,2006-11-29 06:53:26 +0000
78a4ef699ab8c76e199f9bd51a866777112fd850,2006-11-29 06:51:38 +0000
b209e197b3310c4463cb8203098da89edd279773,2006-11-25 16:43:36 +0000
1d1e19921ccc1ec10ba3a20212efc1f5c1d0f155,2006-11-23 04:17:13 +0000
05195b77ca8d86fbb4fdd9216f436d8b7f3a57de,2006-11-19 21:36:15 +0000
c0b59b0810dbe0299d3be74aea0bf9b3e082ddb6,2006-11-09 00:26:31 +0000
a68f1cbcc65614bfe0ce80a2a9c5e47922bd3a71,2006-11-09 00:14:44 +0000
9c19b57f95317a6c8f620edb6c80e4334340b5dd,2006-11-08 23:39:13 +0000
3da20f561c34bf78e29b917e7fd61d7fdadc4817,2006-08-10 05:12:13 +0000
9022c8bc7a9f2e6c50aa40d2d3b9535c1d92c7de,2006-08-10 05:09:05 +0000
3b405923090ff6a6fc41f85568824338a998c0db,2006-08-03 06:19:28 +0000
08f7775741244c00a5d2c3ed19cbd466e0723bd3,2006-07-21 04:32:29 +0000
ddc239c8ed0c8f6215c854e2a74e60d2a51d4db8,2006-07-16 07:48:38 +0000
f05b6e1c3a31c201b7731e8dfe6b334160fd598f,2006-07-16 07:45:31 +0000
0bab68b3aa3660da24ff49e5dec8f6ada887fede,2006-07-15 01:58:59 +0000
075008dcd42adcc6924d048a376e611f9219e52b,2006-07-06 05:10:49 +0000
00b139a1c49c230bfb7b0f1ec5b8c22d560d3447,2006-07-06 04:47:23 +0000
4d0b96e98084ba0be8d3755cbbb7c9804b58c39b,2006-07-04 21:08:47 +0000
ac13472bb084d17d8fc8f65b72775f98498fb776,2006-07-04 21:01:10 +0000
0303fffa15d01cfc14a6aa605874888dfd628fcc,2006-07-04 20:58:54 +0000
7ec35cf7f5d760cb6b31928c2622d528af11e406,2006-07-04 08:09:25 +0000
3ebd273440c9854c36b635169c96202437c99b33,2006-07-02 20:31:25 +0000
269822c061460dfb2b47f3eb60b6e4196c43eeca,2006-06-05 15:11:28 +0000
9ebfb870a2edb2fbf2741928efc53c2deb352e90,2006-06-05 03:06:52 +0000
445d94e08d2e81d972f2ecbf85aaa52304f36e4d,2006-06-05 03:02:49 +0000
a43a4ea63d65caa808606e937186ccf8e3ac0e1f,2006-06-05 01:28:04 +0000
08e7d739b9b4fec1d87a5bbe388f5f6a0544a762,2006-06-05 00:59:24 +0000
4d603413a37d59cf3103d103debdd2cd6b3ca0c1,2006-05-20 20:30:46 +0000
0a83196d6c71a45348d854d0653e3a87bee52877,2006-05-20 18:33:56 +0000
51c7564a7eddf8f60b8372bfeb4c6338bbffad79,2006-05-16 05:48:03 +0000
b38e48a3f1fa890adc1e2aaaf5b26f6153e202cf,2006-03-26 02:33:49 +0000
99e81635e9647b20f2b96d63d086866ed6de7a0b,2006-03-12 04:29:49 +0000
50b19813c67f8c6593a51073c70e28d893e1d834,2006-03-10 14:00:30 +0000
21dbde49c70d767bd1caf627e94a22a261268689,2006-03-06 03:33:00 +0000
4b3c30188e18b465cea9865e0c42173857982ba7,2006-03-06 03:29:14 +0000
55472ca4f5a91ecb934cf050de02e645d6945d7c,2006-03-05 20:36:14 +0000
49a15fe6cb424f80b70ff20a742c4ff40f4add03,2006-03-02 14:53:53 +0000
f10c7bda4e39f0456a4b06cda5f054f6ac0f7419,2006-03-02 14:27:36 +0000
e6e3bee13f311a237dac3b94c2bc03b02da1480e,2006-02-26 16:14:03 +0000
c8cd287a5315eadb6753f8d5c6027a3515dc17b8,2006-02-14 01:15:14 +0000
3c7a14797e1483e079b56601d0de09a20f6ed9ae,2006-01-24 14:29:48 +0000
26efbfe758c2faceedb86a1c1da41568575c3bbb,2006-01-23 16:12:55 +0000
b38463a5e35fa7dfd0f9dfbdc7fb637035fa1372,2006-01-03 16:47:38 +0000
61f59a02e6043286f0ed62ca00a9be2ce25d7384,2006-01-02 05:55:30 +0000
037327ba193450f1d3b756ec8bce38502be0ff09,2006-01-02 05:50:33 +0000
8daa059adbe877daafe65f581c52d3684d5dba3a,2006-01-01 18:43:50 +0000
372cc5eb5c422900297e4d3bf6c6e95704428c9d,2005-12-27 22:50:49 +0000
1cad2e0d6b7907563348db0efce2ffe49d38d186,2005-12-27 05:05:35 +0000
159d0b4a908938cfcf8007cfeb0a56d23c4f32a8,2005-12-26 22:53:57 +0000
25fcfe78f1bec2a314ae437ce415f49602f04acc,2005-12-26 20:00:54 +0000
bbd0846756320340570b398defaa5d01a3425dd2,2005-12-26 19:59:22 +0000
cf6e4aa097dd30b18dc9adbd6c84b5fbc1401c97,2005-12-22 22:18:56 +0000
a793820331b7ffc5c41bc480f0060eee0488f1fc,2005-12-22 22:14:02 +0000
7f8947c03c50073a886b79223783ac5762dc4237,2005-12-22 21:59:17 +0000
c5768f0660d4b26e222dbcc1ad3bc4019f59c7dd,2005-12-22 21:16:32 +0000
87a3ee1f1948d3d6cb64e6139c4bc2240ca38370,2005-12-21 19:33:36 +0000
3d70c862db70084bcb80a7c07caf0ed1e70092fa,2005-12-20 17:08:16 +0000
c911b5aaf85dfcfbf9f858a393b3acbe02142663,2005-12-20 16:13:22 +0000
da48563fbcaf49a6646fd1a34b19a7f78d2b95c8,2005-12-12 10:56:21 +0000
82bb367f1f8c5c11f838ff3dea71e9b9bdf899ac,2005-11-25 07:00:50 +0000
045928c2f32eb938585fd03a545427069c7bebd1,2005-11-23 18:04:41 +0000
0dc42d33f98c4a5e1b03950627f8c22707ea3830,2005-11-22 00:30:45 +0000
ab63431fbe06fd87708c3d92c781d535986f6524,2005-11-02 06:27:53 +0000
86fa786c16d80930fdfd155e6c8b28dcc4afe75e,2005-10-16 03:29:14 +0000
d147d1ebddf6ec0a3d16b9de5487c3499fb7eeb0,2005-09-04 22:00:27 +0000
a888d20dc639413343f3c92373aa91ab69fa9584,2005-09-04 05:04:53 +0000
01dcb65ae51707fb1a5d4d2e87675607f64625dc,2005-09-04 04:59:26 +0000
cab4468cb6380c43948a16aa2ec511c79ad9e4ce,2005-09-04 04:37:37 +0000
fe3ac4361e2b4ac53af5fb32cb91008a16af22e3,2005-09-04 00:38:15 +0000
e1062a38bb85bfcae47b54518dcee9c62ddc592d,2005-08-27 03:31:40 +0000
e3ab7379e2f5f3be137a9ee5e3a86085b82ac1eb,2005-08-26 14:05:45 +0000
154d4c999fd185520df487d4ad69011ead828717,2005-08-24 22:27:44 +0000
b494c9f537f62c37d857909deb32cd1d043aa9c5,2005-08-24 22:06:52 +0000
69d29afc48fbddb045982fd75a28c8d6a3ee68fb,2005-08-24 21:43:55 +0000
fd07147f86bb51e87908d3f1965bac4da3373996,2005-08-23 02:27:17 +0000
71fb92ebd4599c9e13d61f8e56cf1d9e473bb7f6,2005-08-22 19:58:57 +0000
11796d4ed132304045d6fd1c979e4f24d4a863e4,2005-08-14 06:52:31 +0000
bd34147ab1ad04f4b9dc2e5eb973b5a5b0f30ce9,2005-08-14 06:46:15 +0000
47b45c6fadbd0b468386949d4452829fe4fcd17e,2005-08-13 04:06:37 +0000
4eb8044ae73cacd278330b07795bdd649a82fc30,2005-08-09 13:10:26 +0000
d2d2035be5340e64304bd438a939750a6aa5a9cb,2005-08-09 07:07:20 +0000
48b9ef8b5d42ef5741de751b9636c5b2d1e2c71a,2005-07-31 20:16:11 +0000
cb85a3bc905b040333afcafa6870f6bdeb891572,2005-07-30 07:25:26 +0000
c5a820aae25bd79bd6deef2eae70107031ce89e1,2005-07-04 23:30:05 +0000
23e9e2da2abd54272d72e52d9457b44ac0d3424b,2005-07-04 23:29:23 +0000
b60a3ba1ef44047439e698b57365dca644d4c089,2005-07-04 22:16:48 +0000
0c46bfc7fdb8edb282bee46c110ba3c679a6341b,2005-07-04 21:01:46 +0000
46c3ad2c750bfc28c2cf0dafae27ac8a39558349,2005-07-03 15:43:13 +0000
22bbd54444f4be363b93469bb4460f769fc4923c,2005-07-03 06:47:09 +0000
c5f0682193e54bc0af9a4137aba76655bb01e666,2005-07-03 06:44:54 +0000
7411239c62f98695b96ff52d2ee500c99419aa6e,2005-07-03 06:27:57 +0000
0c3f02690240ff106f83abec51ddebed5a93ee73,2005-07-03 06:23:48 +0000
28563ce903f0a2514b8348afd978b41ad15982fc,2005-07-03 06:20:58 +0000
9ed32ecf6c84d37f026bd0f62b6f940df113c87e,2005-07-03 03:38:09 +0000
d38e114e21480ff5aca064577f76574affaf99ef,2005-07-02 22:38:00 +0000
98b8a03a7ce4dbf45c6853b626f74d320f335102,2005-07-02 22:24:59 +0000
39d8bd9af4db734e99d63e4c0e32c5003c311b66,2005-07-02 20:17:40 +0000
73340290760e36ae603729cbfb304e85c775eee2,2005-06-27 13:26:30 +0000
0c2ac07ae32ee55153c00c68fbde6872418e587a,2005-06-27 13:10:25 +0000
e56d480a4715d17c1fa0ec5f7d96f3323966176c,2005-06-27 04:30:51 +0000
18c40ecfc1d25a989e905d78e6ed2bbceb65dc35,2005-06-27 04:27:14 +0000
8f2acc76d0908f5930c2d01ea7c6a11a8bd29da6,2005-06-27 03:46:57 +0000
30f22d94814dc4da3cc9bd2444aa06aca1e389fa,2005-06-26 22:39:42 +0000
837fb724fb0ff8c77c2c3b52d5beee88e73d33a4,2005-06-26 22:25:41 +0000
540caa1add9fe595a8c1a18d4d0c7518daef6706,2005-06-26 22:20:57 +0000
3524bd6ca632824a03b54a170bdea9e7fe54346a,2005-06-26 21:43:34 +0000
ce75526e148bb7f2bcfbfcd9c7b40b675eba96d2,2005-06-26 21:31:28 +0000
7209fa9fb5292da9a2352d57cbc33d49cbc9a78b,2005-06-26 21:28:29 +0000
33e3fd583f828380a7c0eae7c4c105357d56c2e6,2005-06-26 19:26:00 +0000
3a9c36b48ef3a8f7c3e04bec458c93e62ff4d62e,2005-06-26 03:29:09 +0000
6161ecdc3268fb146cf2c3268a295ad6fdc21063,2005-06-26 03:26:42 +0000
a5c011a6403106d779b643aa2bf318f6ce6fba75,2005-06-26 01:52:37 +0000
d06270236608331e08889000c8f0ead0d5f60698,2005-06-26 01:19:16 +0000
e34b56db3fcc99bda0f098da458040b68d1fa250,2005-06-05 15:49:25 +0000
99b1bf42ea4724eb6f27153cd22dffc581a8c300,2005-06-05 15:48:36 +0000
cd4c28ecca7a2fee24d968c85ad79316da58571f,2005-06-05 04:16:01 +0000
6ed937e73321c9705cfe15308598926512416730,2005-06-05 03:58:14 +0000
59c267c22de306e078dc959000c39ead9c411dfd,2005-06-04 05:37:44 +0000
24d837eafd724642faed1b80856a353f73e993c5,2005-06-04 05:36:42 +0000
9271b906e1c314986382cb4abd35dbd433268ea8,2005-06-04 05:21:31 +0000
f3612f96ebf1b3e319b68898b95bbdc3c0e2a74c,2005-06-04 05:20:37 +0000
f66cdb3a592820ff075d98e7cc291a1ed7a654a3,2005-06-04 05:19:07 +0000
4a0814bef4bef905ac5d4cbd3c07ae6d0cb88cd7,2005-06-04 05:18:17 +0000
a215918685ffc1060188dc976eb31a0dba3173ea,2005-06-04 05:17:11 +0000
d7be6b3754ce549cdeb7228a35dec8b5521f0ecf,2005-06-04 05:16:40 +0000
8560cbf947425e8585361b58440fb04b911e5df2,2005-06-04 05:11:23 +0000
ad94c5d1deab8bb0036bea71826fb64f78b02d27,2005-06-02 03:06:45 +0000
f1a9880905f788ff2d2ac0d4fc16e41a11d3ae86,2005-05-31 03:04:20 +0000
c7c0a916948f60bae889c530ad47d85b7e3881f4,2005-05-29 20:34:59 +0000
f6da77e2bccfa107f4ebc87163ec9e6f491c0fd1,2005-05-29 20:26:11 +0000
2e21b43df8fa1da44712442d9c15f098b19b15b7,2005-05-24 13:24:21 +0000
27826c40d4cd0913cb13897d4395b55f49d179a1,2005-05-22 19:29:45 +0000
66f5351b0b3abfa5693d2e5873393e8b5c629546,2005-05-22 05:25:44 +0000
cd3a81c0bbe6f4e1ff1ea1a8dedaf87fd584e1fe,2005-05-21 16:29:19 +0000
a4d35ef08b8f21dd0cf2d21e119636420f999564,2005-05-15 18:23:35 +0000
9d8f4849c3d6d129b9416f097cdfeb9d13d496df,2005-05-15 18:22:02 +0000
723dd64d2eba62580d1d6fffefdb18b620eb9748,2005-05-08 04:55:57 +0000
2e929ff4a9756ab75a9026b18552dcc634a0231c,2005-05-08 04:54:18 +0000
746892442f75845426e16f258d42498ad1de154b,2005-05-04 05:14:59 +0000
6a82146702f0f420879108d5d4d40a9297a03d4a,2005-05-02 05:14:49 +0000
ddda136b4b09701662f9f21ac4951bad2c894e47,2005-05-02 05:01:44 +0000
e368d0d7029739860638d5e85f47937b2b88b95a,2005-04-17 05:12:15 +0000
4a4f843f0493580e6fe6f2950400bcc6e2aed841,2005-04-16 21:49:45 +0000
2eb28c766c7d13f716d001b3d00c55031f755313,2005-04-16 21:42:59 +0000
0b61f84404201c71613aa629836fd4e58f04b8a1,2005-04-01 20:49:27 +0000
ee310159d9742bed3c1064e17a1eafd0441be374,2005-04-01 20:45:21 +0000
5fc7e64e552154df09c8f12bbfb4e05a88be390a,2005-03-28 04:59:09 +0000
93a6d754cc1ca0fc245e411d4b2d02058d3d4fc7,2005-03-17 03:20:12 +0000
9b4fe9da0a80c71086e8804f3ed2795551a4e63a,2005-02-28 05:12:42 +0000
167aecf38de9167f553edc0b25d6ce31effc169a,2005-02-28 05:12:03 +0000
2a9f2b6255a90ae6cff7f19c0cc2779b6603ff90,2005-02-26 13:45:21 +0000
9cdfd53d3b4398ee58685b4a6e175978b421904d,2005-02-26 13:11:52 +0000
56305e9807251882b664682da86b4d38a7c9946c,2005-02-24 21:03:25 +0000
19ddf2957ed5cb8072b969bf12ec046ac0ac3ccb,2005-02-24 03:59:05 +0000
0bc811fa7fc6012735c7cb4f720a3fdbaf08f351,2005-02-05 06:24:20 +0000
d53731afbedd09b270f87d33f345dda00a98d7f9,2005-02-05 05:49:45 +0000
3bad03d0756a725982d937968f453b9b52cd66ff,2005-01-31 21:03:02 +0000
9edd1441d2a5a3ad6c632f9618dcb03bed6d2359,2005-01-30 23:02:28 +0000
0fd01348896c6787337b11bf56e179ea5935777f,2005-01-11 05:41:22 +0000
1dc2847bed5e1488e230fd89819b25c2ce6b0d55,2004-12-13 04:53:25 +0000
ca225527d3689f9ec982a7eda74bdb02b31440b9,2004-12-13 04:07:17 +0000
786fc945fb39acc6f0701c225ed1b659d9b0713a,2004-12-10 05:47:17 +0000
562b3a0b12952b6403bea6f704d50e2fe76b0165,2004-12-10 05:18:16 +0000
9ac7173ff7b0302bc1f24e8a0b71876861721cec,2004-12-10 05:16:52 +0000
2b30dee0c8309263615b98356eaebe07be52dc1f,2004-12-10 05:12:52 +0000
d81e3a07654139fc6ce1eb0016c4336a7a9f40ad,2004-12-07 03:57:19 +0000
fdbecfc0b92d9289f0d6f80f82c50f2fb5e7c253,2004-12-06 06:03:01 +0000
6e57f9a1bada3577e81997a209304db0911e12c4,2004-12-06 05:49:44 +0000
ab2028cdfca40fcb8b2d69663ecac0bb98d1f30b,2004-12-06 05:40:48 +0000
231b152acd3ed269fc32fd3599a519feb482636e,2004-12-05 23:56:50 +0000
ec258cc16677b516177d4a272c59b09dbfd7d07b,2004-12-05 23:22:47 +0000
ba3834fa63468c9ea29c458a4eafdac3c7327ac8,2004-12-05 23:19:11 +0000
b622f54ef75fe1824d440a4985f0da3a77e32f59,2004-12-05 17:42:36 +0000
775bc467790aca769a2e1802974a5b395e33f7d5,2004-12-05 17:34:27 +0000
a403c7da898538d4f35885ebd2c3bf5049734672,2004-12-05 17:21:30 +0000
facf275db4c65c9b8fc7cd14e98c6fc4da06286b,2004-12-04 20:52:43 +0000
a39153784e4e8cbd02a6932e0c152b326fef7d11,2004-12-04 20:47:46 +0000
01c927d6503193939fdf351ac501a7fa144b4808,2004-11-09 12:41:37 +0000
81b1571ad38e8648f004ca4ac06d253495f3207b,2004-11-09 02:26:55 +0000
2b1de18a2d603e21b479baf497ffd635b697081d,2004-11-08 01:42:49 +0000
1f6963b660702b77185bcbd74d704ffd64b10761,2004-11-08 01:38:17 +0000
78bf73cb6852486aa2a37f15b514e3743bf20c06,2004-11-08 01:03:43 +0000
d4638be678635e782c32d7c0a09d19b770255ae1,2004-11-08 00:56:06 +0000
297f7e849bb5b66784ed631de34bac357a99540c,2004-11-07 20:39:15 +0000
9e6639abd64ea250643e8985d345aa3b1b36e002,2004-11-07 20:31:23 +0000
e67ec1e16846ece1e4fd49e9eee0ac70799203e1,2004-11-07 20:19:22 +0000
e2daf5fd17051815fa5a960060b646cc461cf6d2,2004-11-07 05:07:29 +0000
7e251707f788aa46b729d6c5f7ab69188f65624c,2004-11-07 03:41:37 +0000
6182573f54f7024ee033e32a1c4007461fd4b55f,2004-11-07 03:32:49 +0000
73c2e79c8d1e439f9db73f206d0b70ef57071641,2004-11-07 02:44:45 +0000
90dcb817a4aa10b296b8f697ff651c2f6d99fb5d,2004-11-07 02:17:56 +0000
fd2df97aa6573f1aa586ceb9ed00fc97cb158a32,2004-10-28 03:02:34 +0000
9000bde94dac538f4a2236c764ad5aea0936f7f0,2004-10-25 05:37:32 +0000
d6f812567bfeb3b93b5eb954384028eb4d2c06e8,2004-10-25 05:36:15 +0000
0ef8a93ebf0bb8e4c730dc17e1d883df707e0ebd,2004-10-25 05:33:24 +0000
20a6b4de56fa812cae5753d3e2595b3882d2df17,2004-10-25 03:13:31 +0000
4bd409554cff04b6957170437b2c060b7d48b9e9,2004-10-25 03:12:28 +0000
730dad4cdbe6e1dc00ab170791e8d223a8cfc48d,2004-10-25 02:23:29 +0000
3cc04c99f0508f478d8f4e7bf5af6031a9bf5cc8,2004-10-25 02:21:20 +0000
691be295d1b3feac90fafd63c9cc8afdf142a56c,2004-10-25 02:13:22 +0000
72857df1fed9910a688064d88f62ec38049fc0ff,2004-10-24 21:47:16 +0000
6303d4f97934938053278d8cf220540b6fe54faa,2004-10-24 17:52:16 +0000
bcdc50d516c3f46b15c28a0b702deca573b94b7f,2004-10-24 06:40:55 +0000
b8dafee10a1e215a3b6593867866627d0e696fbd,2004-10-24 06:30:01 +0000
c1bf641db0091148488a990ae40a2c835fed84db,2004-10-24 06:27:14 +0000
8b5b7b3ba4c6fcb7607c6764028696a7d195d2fe,2004-10-14 05:10:09 +0000
20eb63732cc9254f8df7be5930ac9d85007804f1,2004-10-14 04:01:04 +0000
73aa4c97d1d5e4782e0740a0f7daf453c9108c93,2004-10-12 06:27:44 +0000
488ed27c25ef5c2900001021cab50636ebc65c28,2004-10-12 06:19:50 +0000
0d564ce2f102e5bf453b2b242bc0137a89068987,2004-10-11 06:54:05 +0000
85b1fc5f518d1e7e75f64acba63b0e31dce93cc6,2004-10-11 06:52:39 +0000
4fb4ec425b72b7960c80a3e807ab6683655263a3,2004-10-11 04:55:10 +0000
6140520e7cd06a6c47c5c03050482fe24aa9d1f3,2004-10-11 04:54:09 +0000
55a1e448c20983e29050505a862ea14967833b75,2004-10-10 20:40:52 +0000
aa015cae615354713014244fd41212bb5dc7e7e9,2004-10-10 18:01:16 +0000
4fe1f135a368aa3ad0cf57dc9e97e474c86954da,2004-10-10 18:00:33 +0000
78677f2223bc6c6c21bd0d4947bc15a63621180c,2004-10-10 05:23:16 +0000
ef2faa199c26c1338dbdec1efa1d5ecfef866f7a,2004-10-09 22:39:22 +0000
49a01893609a50e7ca99b94e0adaba2f8face2fc,2004-10-09 21:21:42 +0000
984e175bb8203bdcb8418f687510ad8f0d29af31,2004-10-09 21:15:56 +0000
e6ea6f71b78f460d0e8ce7fe45f981ecddb44169,2004-10-08 06:33:21 +0000
d99528598e30b1be9996e55ce74d7ffd7f0a4cc5,2004-10-08 06:25:18 +0000
b184eaef485220c8fe3dcbf04afa6eeb310e7189,2004-10-08 06:15:51 +0000
4416f75d52bf2f5a2d9edbe3a4f4e4e7e875210c,2004-10-08 05:57:21 +0000
517e5feaf6ef075887bd7c23f6e20b3ac7777178,2004-10-08 05:53:18 +0000
d4324518653a0a5823d3ec484ac4ab630fead0bd,2004-10-08 05:08:21 +0000
9ed2ab275cd0c667f9d7e502e189edd5723adc85,2004-09-26 02:08:47 +0000
c528c90ae914cd30734fb0c7c5254fcd4174a00d,2004-09-21 04:51:08 +0000
7ae35df8c0671774622e0fe7efacbe81086fa83e,2004-09-21 04:45:55 +0000
ff0fe8317561365868e323df0de4cc0022f6ceb8,2004-09-21 03:03:54 +0000
355e29867de8bf9f91661e422c536d98184b3305,2004-09-21 03:02:34 +0000
e11c64e6b5161030b23bfc1ff4ca2ffc1c3be11a,2004-09-20 04:31:57 +0000
acaf142f00348ce6b5b21a64d028a663af790a11,2004-09-20 04:31:34 +0000
c8b8ac237d4ef219c1cc2e5a3e6e4809bc53fb55,2004-09-19 22:48:03 +0000
9ffd5866c4dfcf8cb435e03f8bd2e57dbf3221f4,2004-09-19 22:47:27 +0000
71e95c4c4db39f736036f107462343f138f9bc7e,2004-09-15 06:00:31 +0000
1f0fde531a863c0765bcda4ede03a6b13368b42e,2004-09-05 01:19:23 +0000
b1b111d8bd7eb3cd1f4c68e75756b25a720adcd7,2004-09-02 01:10:42 +0000
b39b6c707522a000130f44bce2dfbce2db2975fd,2004-09-01 21:26:11 +0000
411c6c9b2a5070fdb6c656411e0876c95e90ba48,2004-09-01 16:23:11 +0000
0493b48d116f3a892e88ad627de0dc0cc0022dea,2004-09-01 16:19:21 +0000
3f5862a60e1045427b95fa44fdddfb0d4c11a771,2004-09-01 15:54:39 +0000
45fe7d29812940ccd0cfa2def117fe4355c3218c,2004-09-01 15:53:52 +0000
0715a11187733575f081a417575d099f4148cf3e,2004-09-01 15:51:39 +0000
68695e53fe02327161dd2bfbb8318c45e6f00f06,2004-09-01 15:19:32 +0000
20ea8a0154c6830466336671b60f9be0b8d53781,2004-08-27 15:09:27 +0000
ea75da05a0e3e3486e4d930067278427317bf936,2004-08-22 01:42:58 +0000
ab89221197c484112dbd2e235b1633943a795e95,2004-08-22 01:41:30 +0000
ead1ee60a511292f347865186574b8e35ecbdd7d,2004-08-22 01:39:35 +0000
1788926ce1c872df59ea3eef4c2c467984aefffd,2004-08-17 15:38:46 +0000
90414be48d94ed7b710eb9c42735d8b1e43b7267,2004-08-17 13:27:35 +0000
1cb4160cef90e730ab306b19d46084786e9ea359,2004-08-16 06:45:37 +0000
3da223983155fa28481edb44fbba8ed11c703501,2004-08-16 05:28:12 +0000
7eaff9c5871c13debf4a92e481a48925f02226d3,2004-08-15 20:23:33 +0000
3ef96c779f8881a2289e81cd504e96cf1a3f66bc,2004-08-15 20:22:45 +0000
32a8887dd2dc67f4ac0019b3521c60c0f56db80e,2004-08-15 18:09:48 +0000
41bbba82b105f8f07d976bff216ca37ced3e80c8,2004-08-15 18:07:00 +0000
cf659c5f76c40edde08a44d3b609b61444818c6a,2004-08-12 15:34:14 +0000
61c175d0efade12b6bc18892028e881ddfb15e58,2004-08-12 15:33:39 +0000
225cfc7ac2126ef2ca20a3ebf9a97337a07eb431,2004-08-09 17:07:59 +0000
77b718485ce80daf38be3c049eb7402318ae3063,2004-08-02 04:20:09 +0000
b134bf41f7b588a800bffd5c01271a056a9d9b3d,2004-07-25 16:29:25 +0000
bec758a4e5f271cead9d77d91375b1d97d2ec00c,2004-07-25 15:17:37 +0000
478ad433a811b0cdb1883a7eb412ce2f1b195c1f,2004-07-25 15:15:55 +0000
2255b435345e2171533ebc1d38cb4649467e23cc,2004-07-25 15:13:47 +0000
458d322d08694d2bc62fae7d4aa7b8eae9b3dfe9,2004-07-25 15:12:50 +0000
f0789658718849f51184888e6580ad286d239a0c,2004-07-24 21:41:37 +0000
86b71e2963dc643d9db646d0dedaa0b4d64b4e42,2004-07-24 21:40:25 +0000
2bc3611d28ee8426ad5e9bcfe24b7836a4a83de5,2004-07-24 20:43:29 +0000
a33aa39627f3d2bf46b2d1514b0f3ce530714ba5,2004-07-23 05:22:36 +0000
5316724b7eb7384b9106a64f7232649694763bea,2004-07-23 05:20:26 +0000
207da9b29134b09851c982bd6ef7385c1a9171e3,2004-07-23 05:14:43 +0000
191ec1a14de646127d45f28d5fcf8015dd2ad9aa,2004-07-22 02:34:25 +0000
f457a74d08ab7dfb45fdded990b8e13babf66165,2004-07-22 02:32:25 +0000
d1a8e962cfae457741e0b96ff52eceeffb91448c,2004-07-22 02:30:01 +0000
078e590d852d89a99e9cc665c23d268ad17b5921,2004-07-22 02:29:21 +0000
7c4049003dccfcccd4d596d539dc024ae0333f4d,2004-07-20 22:29:50 +0000
92ad6860801a60a6ca7f26e7b8faa27ec9db9968,2004-07-20 12:57:22 +0000
020a06aab8788e1892605b96333f09fe7e2d7e8d,2004-07-20 12:55:01 +0000
712cfcd103a8c600a1357be29a2ca2d4a61354ff,2004-07-19 00:01:05 +0000
9a5b335e4237cc9a79f0cd481a557aeee51c5f53,2004-07-18 23:57:11 +0000
5bc7adf6b2d262881f35df1a71494a16cf7d713c,2004-07-18 05:39:30 +0000
2893f9bfdd259926c1805de02c302e5c5dac78d5,2004-07-18 05:34:26 +0000
4ecbafad32ca37d269059936ba398b0283890c15,2004-07-18 04:42:02 +0000
a94d3869795d99acc6884156eeec471195c66dff,2004-07-18 04:37:08 +0000
8c57bad833fd5dba56b09dc0832036866393032e,2004-07-17 22:10:38 +0000
219db32c270fa9ad18c1c10c60a76cac34711215,2004-07-17 22:01:39 +0000
eb6fb6cda45d8bf83aa8347eccd36d2ef68b0694,2004-07-17 21:19:39 +0000
b03610041da61b1305b68654f499a65ec28a4b61,2004-07-17 21:17:48 +0000
b3588619aea49a765164b7496b04c6198262c245,2004-07-17 21:14:02 +0000
2bf0772fff28c280bbac794660e34017fbb038af,2004-07-17 21:12:52 +0000
c1e905742af06757fc14196abcdc7a397ea2f39d,2004-07-17 19:55:32 +0000
c267aedbf0066c83abf2f0992d1440b55831b418,2004-07-17 19:49:02 +0000
24a29e0177553d069643e1c8618f20eef399e19e,2004-07-17 19:41:05 +0000
f2a78ef3b18a3abacc2e0a7498732955dd554bd7,2004-07-12 00:27:09 +0000
d6b8609c9873c2ab5f39b2a93acb56d8d6a66bbf,2004-07-11 23:39:08 +0000
f156491e83dfd7abc4d0c300f7bfd204e4ec0282,2004-07-11 19:19:28 +0000
4dc9b8ccb39f0f19a11f2f3e74c9b933da4f8e1e,2004-07-11 19:00:19 +0000
f5a52ac0b0599c178cf789b52b37da0fe12375da,2004-07-11 18:59:52 +0000
6251c12a5722978f6a30386d74a487abc1cf1fcd,2004-07-11 18:43:44 +0000
75dc4f119ab82b07ab1d73a2321fba7d1ce4630d,2004-07-11 18:42:07 +0000
fbae62101e5d0a04cfec3a6161652ee7ab05aa03,2004-07-11 18:41:19 +0000
96fc8f14c431f9e2c8b6b86cab5bbae078ff3796,2004-07-11 18:39:08 +0000
e3c013320282a8a9369c62ab840ee04ea3c001f4,2004-07-11 18:38:12 +0000
af2937a3ee3fa5461291efa76663bd7384b86a90,2004-07-11 04:49:24 +0000
9ba5a237d7e6febe2a7835366a774ee877231899,2004-07-10 22:23:14 +0000
2ac0eb8cd7f4d22c6a955abf836bbc43352443da,2004-07-10 22:21:36 +0000
2f88509be411451c29b901af9f5c1bd353aa26a5,2004-07-10 17:14:15 +0000
65b57b6018eda2b0f5a6eb7e7833bd96eb20e4b6,2004-07-10 17:13:00 +0000
27cbce332c2f3b17b8146295e53e87f773ddbd18,2004-07-10 17:10:42 +0000
43af865138808c65b83b77f5a9d807133ed30950,2004-07-10 17:09:08 +0000
5895dba6f594a455f6be33c3be9a00383a742540,2004-07-10 17:02:43 +0000
9360c378349ac415c1f8f6995bb24affac183714,2004-07-10 16:07:07 +0000
a4bde1dc486f0012bb888c854be415723d52a451,2004-07-10 16:04:47 +0000
78a6df915afa857bab5546c4440daf88ba7f7171,2004-07-10 15:59:14 +0000
d5a2cabb819cd1beb1c3af45060945a2d3288121,2004-07-07 12:50:50 +0000
29c4a34635b527ad2af2c29999f90fac5bad2578,2004-07-04 22:10:02 +0000
23691122e6119de90b24e318ad5bc37e24aa35b4,2004-07-04 22:09:07 +0000
cecda770cbde8fcd8e692832a8eb188f1e48add1,2004-07-04 22:06:07 +0000
0f3a32dd90c1e1dcd35bf9a53d6db3d1fb3ecb61,2004-07-04 22:03:03 +0000
ef551125c8b077f228c77308b3cb04a9d996e00e,2004-07-04 09:02:36 +0000
3f3c1b46ed5a5200603fea876341173186381342,2004-07-02 13:59:49 +0000
610862cbbe38df7220fca75e4c75dfbaf5131c8f,2004-07-02 06:25:05 +0000
bc5b99791c8c43323c556405f819358a64326b37,2004-07-02 05:29:14 +0000
b77e14987d9683a3b7c7a4d0d92dcb7d196f2e59,2004-07-02 05:27:41 +0000
e403d2df9cb8a0feb65cdb96ded68faa20f27275,2004-06-29 15:40:07 +0000
0def426df9b72aec18fbec1f0ec28f434ec59450,2004-06-29 15:39:15 +0000
ee7756953e5df063d8b83ea971c1f19e3d3817e4,2004-06-29 14:51:20 +0000
c24f331cb6d67118b6e1335d3ebcf95123e87fa8,2004-06-29 14:50:21 +0000
c1062adc049f9f3659848902b6454c611146e9d1,2004-06-29 06:11:22 +0000
c9ac892c42101a55727c443ca22c376ec05e7ed4,2004-06-29 06:08:22 +0000
afe19bb846de0827a0248e9eef8b48fec9f8ad19,2004-06-29 06:07:10 +0000
2559dc40dbad3207c671dad9ae6a0e1ae01761d8,2004-06-29 06:06:13 +0000
f776bd2be914ec3bf81c3de32c7938c9c1f3829b,2004-06-29 05:42:51 +0000
ee290a0a4a55d99a15da93a5f5e2a1c2a604672a,2004-06-29 02:21:33 +0000
043e97c9fec278c29d7f91e2077698bb914bd0a6,2004-06-29 02:18:22 +0000
d7bc4a2d8ee2d26e3503e2e7d3e4e9ddb73ae6df,2004-06-29 02:14:17 +0000
6e21d23996159d7bcbecbd1a9402367b70030d77,2004-06-27 19:37:51 +0000
0ad427869dee133f8a664c702d05c77bef5d0d50,2004-06-27 19:33:38 +0000
1916ebe30a967f976238f1d120db6cb37295eede,2004-06-26 23:34:22 +0000
6a3874abd5ec5534e548aad51e88490586cf2b27,2004-06-26 23:33:27 +0000
eebb5b0c45d4af9f5b2732eb0a32c57924c37329,2004-06-26 22:42:37 +0000
653035b434e1e3aa782140564345337bd603f11b,2004-06-26 22:41:27 +0000
51ca42702200eb613f2799c6a7d327bb047a8a1e,2004-06-26 22:09:07 +0000
2e54805bf56c89b0410e4fa98e48a01b0ce96444,2004-06-26 22:08:02 +0000
7cee8c8a98da7aa672c6c450915f429d6151877a,2004-06-26 21:20:21 +0000
b62121fdabc040571239674127f096464d13add5,2004-06-24 20:45:04 +0000
c28fd51e88929afa64e3888b48fcde1771ff0c97,2004-06-23 16:26:18 +0000
8d1b142b00b876439db38361e92d9438f9775ed5,2004-06-23 13:43:23 +0000
8a52cbfdf8126aae1ed259928c74297139fa98c6,2004-06-20 16:54:22 +0000
f64734e8729cab0f5b20baf45bc873282f547bdb,2004-06-20 16:53:17 +0000
1b8645f8d16a15fd7f5e39f304a552e6a9b66bc4,2004-06-20 02:54:05 +0000
328e70e3198a528b5a3eea4692978ed180903f17,2004-06-20 01:50:18 +0000
a2e44f773233cda614545b375f631aac1aeafccb,2004-06-19 21:16:12 +0000
78ec9dc5b58501b990364d3a9803d2d9a68e873b,2004-06-19 21:14:54 +0000
a39d48f1e5b25bf30f0ab182b3fd980a4f44b334,2004-06-18 22:11:33 +0000
80af9ad4975c2c97ac9949db638521f4d67e6eab,2004-06-18 22:10:35 +0000
3a385a5aa0f39d5a477d9b1f132bc94535ddb114,2004-06-18 22:09:53 +0000
2b28400f98a129dddbe51fc875bd4cb55169f136,2004-06-18 13:31:01 +0000
fe63fc7a8142cccf2b7c2df1e7671bff77fcbc9e,2004-06-18 13:24:46 +0000
d3322d7d6c0cf32ed8e2cf6590bbf9795da11140,2004-06-18 13:24:06 +0000
e5ea3a0485a350cde9ffa034ebdc205ffa4ac54a,2004-06-18 07:04:20 +0000
e90f31a26cc16ce3aff3c629722cfe568172d3c0,2004-06-18 07:03:40 +0000
0b501b4ac6a03be53e81f14d588282421265c698,2004-06-18 06:33:27 +0000
528614edae0574d558499ccc27f41d0ae43fddd6,2004-06-18 06:32:07 +0000
4a92f7c65efbc2bd4ce2f0bfd6f502d3ed514ca0,2004-06-18 04:59:06 +0000
91912d3f7ec21df10579a577ea77e8c73501285d,2004-06-18 04:14:27 +0000
a3d72f7906e1858968069220c14d15697e3bb010,2004-06-18 01:43:32 +0000
f1ba9cea7c2d21b4d76ae3d3afc281193f87d8ec,2004-06-18 01:42:47 +0000
b43afdc66a64a1dcfa1fef74d6f29a71c6b5b6aa,2004-06-18 01:30:52 +0000
24bb5fe88225e476553047f4f50ec6bf5674255f,2004-06-17 23:51:33 +0000
fb78bf24bd65d9cd3b77ef5674b5bf886b2c1c2b,2004-06-17 23:27:52 +0000
6cd6c15ff5158719734cabb53a04ddc296f7a40d,2004-06-17 23:16:41 +0000
43c35b992762a2c4b57b5fb7eabcedecfee43722,2004-06-17 23:14:55 +0000
f80d05b493ddb55ffa05dc8990409d0e738ed7d8,2004-06-17 22:33:23 +0000
d4a4d302a26927b97d06d59ee21249d852f40042,2004-06-17 22:31:58 +0000
1d37fc5fd51bcf97bb7f875dda7f86e8a611346f,2004-06-17 21:41:56 +0000
a749d017bf2a51d126b9289e2e950f91bcd7b37f,2004-06-17 21:37:05 +0000
297d6c9d5bbf6e17a803d528d602ade088fc89fb,2004-06-17 21:31:00 +0000
1363c7d014dabcebd664a10ac253190b252d81fa,2004-06-16 03:36:12 +0000
49a083af125f5ebc748cafa014437a056229bed4,2004-06-16 03:16:26 +0000
519542bdd2d0cdfb2a872e6c6f9fce2e39d246ff,2004-06-15 18:33:16 +0000
b7ed15c61a772e97aa6ee650871d85d2be5a27cf,2004-06-14 23:54:17 +0000
e668ff96b0fbcc49ac851ec97af76d491e599842,2004-06-14 23:45:33 +0000
336444a759fd6bcdf53a91a659874fbcfae2e91d,2004-06-14 23:34:46 +0000
a6b433d2571ac4eef2e36faa4893b92bfeb974e2,2004-06-14 23:26:54 +0000
fc266424806307c17658b316982dda185da87bd9,2004-06-14 23:15:15 +0000
45224a8ead4295f0941720322a744b5f5318506a,2004-06-14 21:41:33 +0000
15aac108f19c9a81edaaea3a08b370f4df0012fc,2004-06-10 18:34:53 +0000
d83250a890877681740ca57339989d664d420461,2004-06-10 18:27:47 +0000
15f4e86e9387dafba6e713248f1fadce56339701,2004-06-08 14:19:40 +0000
272846b369e38d99d5bdcb0430779ea0415954ea,2004-06-08 05:37:43 +0000
e626217e4dea6c99e2fd6e139e9d060cfacc9db8,2004-06-07 20:30:16 +0000
1af2a2a253dc64b266de37d951d3deb182eb1fc8,2004-06-07 03:26:31 +0000
444c87274c0e7b921d26a455c1b8e9b5522e1f2e,2004-06-06 23:14:09 +0000
d8a43bf62a6ad1280160d937066ed9e5b299acad,2004-06-06 22:28:25 +0000
e571567af922731d3c01fe62c266c71994ee931b,2004-06-06 16:39:06 +0000
c9f353cee21a636b8d32ab35319105b061cefcaf,2004-06-06 16:38:05 +0000
d41fbb23251c381ff4452f2feafdc886a525fc0d,2004-06-06 16:08:52 +0000
73b3b9d8048f85d759b4e13295c6a02373c89b79,2004-06-06 04:20:45 +0000
cce3fc85c604b155da38c4668699feb694a2bb32,2004-06-05 22:31:16 +0000
4aaa9403bd5056b68afdfdcd7120df102eab9c8a,2004-06-05 22:28:10 +0000
a2b5dfb92d8fea2bdb7bca82047d7b00cbb3169e,2004-06-05 20:11:06 +0000
09bbff13c2ed95cb21b251bc79f2ce83cbb7c758,2004-06-05 19:28:43 +0000
5d8d918980d5116d6156ba10b4c78c951897a8a5,2004-06-04 13:54:03 +0000
5453c55ee35fc662507d1cf746c73cc704ca5685,2004-06-04 13:53:12 +0000
55e74ff9d02a7ed950476f1888a01c628c10af6b,2004-06-02 14:47:03 +0000
73d8935012ba2726fba44b4458f469584c2c889b,2004-06-02 13:08:55 +0000
7f04479e5c653b7e7e7a2dd3ead56d370f914213,2004-06-02 00:24:52 +0000
45f78a21b9f1e988f32cedc195ce5db5e5aa76d2,2004-06-02 00:15:16 +0000
e9bba109ed73016aed9f54925ef810f88330c140,2004-06-02 00:14:15 +0000
c3256e25eb279c23216deafcabe9b2bdbe6aa89b,2004-06-02 00:12:01 +0000
8dd233d16bc90dd4791e36c8d4c769ce2345fa50,2004-06-01 23:55:31 +0000
2e9819075f78671bbeb9b7ec11080535a849cc90,2004-06-01 23:53:16 +0000
a40de0d92f8af0ce318904f75d85da4e1af34bfe,2004-06-01 23:45:11 +0000
7538855855007bc0e2077fcc1b2bfe51bff1dec7,2004-06-01 23:40:29 +0000
67d0cea1889be09e35c329e32c7f6a746aa5a4d6,2004-06-01 23:21:32 +0000
3dbc735ae1f307e5ee4cb998ec69e7f9c43a2a5b,2004-06-01 22:15:51 +0000
f8e77d4ff102e34141b428d2aa450cf5c98b3959,2004-06-01 22:10:17 +0000
3126cdce8e32d856502e213402845e94a53cf67b,2004-06-01 21:35:13 +0000
01f63cf80166b1803b5e601e65c13161a5f5270f,2004-06-01 21:34:35 +0000
82b4bc1943d8e8cff60db4e232e9a8ef8eaea430,2004-06-01 21:28:06 +0000
03ec3fdca5fb35811d83313e0d44258b353b7e37,2004-06-01 13:47:17 +0000
63bf6795403ae172c49e81fb9d58b063e77d5eaa,2004-06-01 00:44:24 +0000
70950e0fe70f503ab54c7ca850a97a56d679fa33,2004-05-31 20:57:12 +0000
09d2c9d132810b3b4ede803d90e93b859d3ab1d7,2004-05-31 00:55:22 +0000
5b9f353eeabc824146443b3c413be1f670985b4d,2004-05-30 22:13:35 +0000
229c782087d2eaef17d23682fcd8b36a73bb756b,2004-05-30 05:54:43 +0000
df23d31d6fe1c8da7c02efd03a474f8cb050b21f,2004-05-30 03:08:00 +0000
1d5a4e2d3d0fbd894b4e344a3d6ea601c14ab80e,2004-05-30 01:39:33 +0000
dc8569711fd1771539290d84bb69c33e5f2901fd,2004-05-30 01:24:02 +0000
b31439f3ec9bb216465ae77de5f7cb8433dd3140,2004-05-29 22:52:44 +0000
8e995890ea35399b6da6bc86532f0694accd511b,2004-05-29 22:51:32 +0000
7c230bf2c1fa3d2562e8495787a06ba14305acdd,2004-05-24 05:34:30 +0000
c80262403c067a19844cd2e11577c9e10ae42f84,2004-05-24 05:33:42 +0000
403e4e49562bcce4b8efd95278696f40eb3a429a,2004-05-24 05:29:05 +0000
6c07bd13a84d27f6df35a9bf00c46e63b5b17639,2004-05-23 21:34:19 +0000
2ad68ba5449022ab965e7b22b4327e0486864bef,2004-05-23 05:45:11 +0000
414788a0457331c7201540fa7c44d05fe35983f1,2004-05-23 05:06:20 +0000
2552cb1aeee9a853853f0ef1e8dd21b1068facf7,2004-05-23 05:04:48 +0000
e0452e4d79ade8380dafea2dd1b4cfd3b3fde9f0,2004-05-23 00:56:15 +0000
9459e748c874f7fd43c90ea6f90bce35d47ca778,2004-05-23 00:52:32 +0000
56d545478a8899fd940e428adf3f827f6f1b347d,2004-05-23 00:33:41 +0000
410fb9d6ff239e27f5b870492a7137f3cbddcb5c,2004-05-23 00:30:01 +0000
384e07ad45785cb3c124d4beac4e7f7b143d7521,2004-05-22 19:59:22 +0000
092b61c11f6df649962a5f6e771d0c28d81ac77d,2004-05-21 14:21:42 +0000
b98f50b1c93e159b1b701984a8fb2692d272404a,2004-05-19 15:06:44 +0000
f4e161390d29af66312d597dcc10dde5b6148542,2004-05-19 14:16:32 +0000
da64b62f7ed5708e1ba9e70308f9818ee91074be,2004-05-18 04:21:28 +0000
1ed7683a750b5eeec2eda074bbaf0dcfd258eed5,2004-05-18 04:19:53 +0000
b224cbfcffc5deaa0aa43717c5032821e5e97f7e,2004-05-18 04:17:29 +0000
c434c70902f18ad10f0c36543274f7d891f6a082,2004-05-18 04:08:38 +0000
7abfc91d9bc08192b459bf1a43087b43e731d229,2004-05-17 05:59:14 +0000
21c0a4d3dee42dbd535b206640345901987b16e9,2004-05-17 05:58:35 +0000
8d6e55fa9a8273efa02d78de936fa6151c42fb8e,2004-05-17 05:57:38 +0000
00865f38c819aeeb2a251e34a3d5ed1da9f81aff,2004-05-11 02:19:08 +0000
73812e41db0aa040b53c6ff3f35804c037aa2a9b,2004-05-11 02:12:11 +0000
cd6d71b967019626734e81103a897729e70cd64b,2004-05-11 02:09:14 +0000
38293084be1aca23754e2cd7db4a8e5181482613,2004-05-11 02:07:58 +0000
617f2301715a9c2ac6bfd91a393d5fcf7f858552,2004-05-11 02:05:25 +0000
c6a3107208b25100dc253c927d05105968fb5812,2004-05-11 02:04:21 +0000
0e424881ff2566aa25d470f6eb60d4dd888c1f94,2004-05-09 04:36:09 +0000
4100eabf75c4e581c5d9d9ab921f5c48aeac56da,2004-05-06 05:18:00 +0000
5e4fd24bd7a3445c0080528fccd337f135111280,2004-05-06 04:24:28 +0000
21314a8b5720ce0a039aa13947c3f1cea8331e3b,2004-05-05 19:59:11 +0000
80b101bea540755a6c37a1dc47c2ba0ff74aeb51,2004-05-05 12:32:45 +0000
84839d3f059fd06da2cee514580a83bb7afdb0ce,2004-05-04 13:15:47 +0000
631377f86befb652e2927757de52944d3d2d6a61,2004-05-03 23:16:39 +0000
d522e47b8e07862d3a01944ad26314fc7eae5d8a,2004-05-03 14:32:25 +0000
113c99fc492341bfe5fbce3f8502f2acdd62b6f1,2004-05-03 03:08:08 +0000
50bda14d381f6feaa15d500d148791bd3363c7df,2004-05-03 03:04:54 +0000
a878b64c1d78c2f3bee3089d51df6c0e243be92e,2004-05-03 03:03:21 +0000
257ee19b38912ceea51b73c5223c1c79c30bb32e,2004-05-03 03:02:25 +0000
3e97a3afbbb65d858babfe3bf905fc62665f98fe,2004-05-03 02:57:08 +0000
81da2fafa1b08a181fb32eee3643f3832b033595,2004-05-03 02:54:56 +0000
8490149ab0530679c059683f05452162422748ff,2004-05-03 02:54:09 +0000
063bb6b88052fce0a015ad7944b2e00038033205,2004-04-27 16:51:52 +0000
c415dd79aeccea246fe39881cda0b1404d5c33c0,2004-04-27 16:42:34 +0000
4952dd85d66701c5e079303f163baba5a2fe5ce0,2004-04-27 04:37:59 +0000
9b7bab4288bd2ac69aa907ee17d4c61a910d2c54,2004-04-26 20:47:07 +0000
ee53ecd19ad29870262118248f0884443ffbc538,2004-04-26 20:06:51 +0000
1d0286e297f65a75743acb19cac2253dafaf71b9,2004-04-26 19:15:48 +0000
04e808a26e26bfa46f204a3d52f1e25aa9e817ec,2004-04-26 18:28:18 +0000
aff4070d663d41adf8021babc125df15869e8795,2004-04-26 05:16:35 +0000
7c918e3c65901e63bfa9a3c1a42cb42c34797ba9,2004-04-25 19:38:17 +0000
9907485372e3368ec99beb4ad61e97c3c4ded8f3,2004-04-25 19:16:13 +0000
d6892947c314d3f0333afc6223bef639849a6f36,2004-04-25 17:12:05 +0000
3064e53daba062d030b65792819f7d629d33d1e3,2004-04-24 21:43:26 +0000
576505a29046815c653598e4bc758092a4365097,2004-04-24 21:41:02 +0000
683a0272399de28276e3ebf3462a6bfe263b2f08,2004-04-24 18:51:01 +0000
8b7920c4bd577ab3b50a113a10fa93d4148afeeb,2004-04-24 18:40:22 +0000
0505d2a32b02f9d65de075f7c42d3b4904f74da3,2004-04-23 19:50:27 +0000
96840a4a347771c6b50fed9f2245e786ae5c6063,2004-04-23 19:30:47 +0000
aa676aa690ca3bc823b12617413ca466908fabb3,2004-04-23 18:51:03 +0000
c952896cfab537f33102787e27acd878e9138f29,2004-04-23 18:20:12 +0000
c82f497b9abd8ca3b94b1679ae571fe949686bcd,2004-04-23 18:16:06 +0000
de950983beb0c8c02795280812fe78a080838e2e,2004-04-22 04:10:57 +0000
8975e90c9af32a77a7652a36b461eb439d636f1c,2004-04-20 21:02:35 +0000
5afef994a9a0d486cacfa30337d2ec790cb4e652,2004-04-20 21:02:21 +0000
d01b3bb2f95beffd52d7de854e851c8c0002ee33,2004-04-20 21:01:35 +0000
75d34c629d81bf8e3d36c414a6a9f3f381ada7b1,2004-04-12 12:00:41 +0000
9f1299ec9559858aa14fa41bcf33e708fca5db1f,2004-04-12 05:26:10 +0000
2e884beb2b6de3dca8ce6dca1c6d5fed6d6228e9,2004-04-12 05:23:16 +0000
f5a510d4f03477f02c6bf2fb7383a324a69dccb7,2004-04-12 05:22:11 +0000
cbb93d0d7714b258e14e47a783e2ab48853eb631,2004-04-12 04:22:09 +0000
bbe1c785a70b6a1dc151863cf19795d4bb50fe2e,2004-04-12 04:03:39 +0000
f7057c3ffa15e1c35376386d81277a6ed77ef90d,2004-04-12 02:27:50 +0000
6e8426b2c5ad782f26acbf8ae4902e31ca38a75f,2004-04-11 21:52:28 +0000
c51d98d8bdbe29eb2d5218b83437214b6a686c46,2004-04-11 20:42:33 +0000
f7794b5b99bd30f164ac31803d07fe21885919f1,2004-04-11 20:30:46 +0000
60c2400e71e43a2380827f172f17e4bd6e56f3dd,2004-04-11 20:25:16 +0000
2a9568f095dd29717de09901890c791fc94a40ef,2004-04-11 20:19:14 +0000
99352b4f1daeef0e5f88c861a12021db01703d73,2004-04-11 19:39:10 +0000
b6d8e5669e5b7ac2cda5e02a6a26e6eede6d0d05,2004-04-11 19:00:45 +0000
ff14c24084f44fb7cc9ee03981228783594deb9f,2004-04-11 16:30:07 +0000
10b612d0d7a7f17cdb4123c10ddf09b15decc24c,2004-04-11 16:05:20 +0000
ba660deb303772796158dc16df7da8fb80227d67,2004-04-09 19:58:06 +0000
1c5a146255adc5fd219de781ed1bfa45ea52c2bb,2004-04-08 21:19:17 +0000
2898b78067842006d74986af6813e8d18dc233e3,2004-04-08 20:46:01 +0000
4cec2e0c718abbd93a22ca0214ed42299faaac73,2004-04-08 07:08:22 +0000
a387134c0dd53d20cbfc37d9f9e968e6678c4bcc,2004-04-08 07:02:55 +0000
3a35f193cc24f8eac1c26016109a9542df822679,2004-04-08 07:01:17 +0000
cbb3d2793349b842b9736fb733e4dfc4a88bd315,2004-04-05 21:52:43 +0000
d3662d7bf6d4df76309c84b82351b0a71e0764d7,2004-04-05 05:22:00 +0000
95af96d82157f84fa8f7c92e5f27b5a17772c7b2,2004-04-05 03:47:49 +0000
04af29f63c814ee400ccc41a69a46da1434d4f36,2004-04-04 04:53:16 +0000
b465bb15efde0d48b140f19c331666f55faf0784,2004-04-03 22:19:24 +0000
70b35ebdcc7f30d72e0ce38c31b6b58b96a9250f,2004-04-03 22:18:04 +0000
bba015b90b5b756e7d0c716eaaadd300f21c76de,2004-04-03 03:05:33 +0000
6f44b3961194851984aeb211dd16616bb97cfef5,2004-04-02 21:43:35 +0000
5f543b9e930b56844f5a5627f9ed24242509d154,2004-04-02 21:39:21 +0000
ba1a9adff16f15611c82f7a281855914ce3ae5d0,2004-04-02 21:34:41 +0000
4ceb3413fb658ade50e73f4c3a95ebe3f6ee6d8c,2004-04-02 21:30:08 +0000
36fcb5c54de400e93e244338156ae5f8f065a6ca,2004-04-02 21:16:21 +0000
0a465500832d95f59c90b641c5954641a5eedb0c,2004-04-02 21:08:48 +0000
e7ef3aa7aba5c6aa5ec398ff18a4979a003333b1,2004-04-02 20:59:52 +0000
dff74f574898c0b2b31118b9d4864cc50d78d51e,2004-04-02 20:58:59 +0000
2203f7578375c8f4c49c1bc74375fef0ecdcdac8,2004-04-02 20:58:11 +0000
f3676b5011fcda362d414114d662471ff3364ee8,2004-03-21 22:39:56 +0000
2457c7703562862ef3023eca56e5a10dc6165ea8,2004-03-21 21:57:19 +0000
a6da5c1c9341441cfb08dc938c0fe3f43357376a,2004-03-21 21:56:26 +0000
e20c24d522b857b65cfc769d43832fdba33755e1,2004-03-21 20:32:50 +0000
b8561416a763b1c84ffcde81a48dd64ff9a984b1,2004-03-21 04:29:20 +0000
2adb974fd0825011da4623ccde2da4660eb01526,2004-03-21 04:26:54 +0000
f4c6535eca7f078c771d33b7848f2c1e61fcde66,2004-03-21 04:24:17 +0000
d39adf6803d59ec3071c6a851f26f28513fcd3a8,2004-03-21 00:23:29 +0000
f630d0f9ae08eef470df938f946a1f58ac36f40b,2004-03-21 00:22:26 +0000
f5ae32413af5a85466e2953e4acc942962a3e85e,2004-03-20 23:55:19 +0000
4b4b6aed438f18fbdf30645abed5760719952a98,2004-03-18 05:52:37 +0000
4a5d8f8a007a5f8bdfac53cce85ee89eb689c6ef,2004-03-13 20:03:16 +0000
d29a69613ee63eaa7641583506bdc935f78980ee,2004-03-13 20:02:28 +0000
6ac0ed2d8b91f8ef333c7d61b30891de80f23fba,2004-03-08 04:22:12 +0000
e9c7ed28a6d0039279573680f730fbeb8066d061,2004-03-07 21:55:18 +0000
bd460b62fbb84d43cb0678751ec0e56bdee1d0de,2004-03-07 20:47:06 +0000
b3641de2a79a0288d368f868ec7603ef36ce351c,2004-03-07 16:39:38 +0000
e10e6db2e3c26e9e0f3534bfe6cf5e475375ef68,2004-03-07 16:32:44 +0000
eff1e736851249f13bc7ab46e04d005c635f2585,2004-03-07 16:29:38 +0000
0a0c7e36591cfdce47eb98cad0c382c60df65fc6,2004-03-07 02:21:09 +0000
7e6d5d5d54d0685411b9e482b841254d35bb3e1c,2004-03-07 00:57:11 +0000
0c6b77b4ebde6e657e6055d3980cac751ac70794,2004-03-07 00:56:14 +0000
3de23df528e4b027c20d0634d5083d560bd98913,2004-03-07 00:54:31 +0000
08d7f9228a76ee1ca762c645b8a75597ed6e22c5,2004-03-06 20:43:00 +0000
e5bc149a2a844cce4f252c569d37c514d804aeee,2004-03-04 04:25:09 +0000
e6c5757f99825ca09967b03eb4119b634e3575e2,2004-03-03 02:32:25 +0000
be15008b64e8b3752e957fe9f01984c727960381,2004-03-02 03:27:48 +0000
11202c19df113888e1f8ae35640dac473c518ba9,2004-02-29 21:25:08 +0000
1ea467cb3650ab13e9c04c3535fa3362fce55a52,2004-02-29 19:52:01 +0000
4ae88357f2d5a8b0db48546f2d18c9318d358eb6,2004-02-29 19:40:39 +0000
a9c7bad42aae85f6bda25a4d2a5256d0b0f64bc2,2004-02-29 18:50:10 +0000
d948617ae5a351c22ba170e4bb5a1358e89fb6bd,2004-02-28 21:58:33 +0000
8b80de72bbd652122a4e58d74f546bd5af0224d7,2004-02-28 19:43:40 +0000
94f23a61b56cc125e70004f6562a0895a0613dd6,2004-02-28 17:47:37 +0000
7eb00dc788fe6865b3e4d5335169a045c3879e72,2004-02-25 19:28:40 +0000
e884e834f8e5031c93620b4ebf597dee9fffd606,2004-02-22 22:01:29 +0000
466c8f4211f62fbfa900a57eb233dddd9db96fb4,2004-02-21 21:35:18 +0000
424d644417d1c9806beebf624e405a24b15369b9,2004-02-20 06:22:39 +0000
f41527455cc9220383e7eb8eeca0caa369e1f104,2004-02-20 06:17:54 +0000
f6b9a428ca46da6aac7b5affeaa2cde451d0457e,2004-02-18 04:11:35 +0000
70106770ea61a5fe845653a0b793f4934cc00144,2004-02-18 04:04:18 +0000
a3c8daf76c2b6eb2e3ce83cffb58cde8fea93b57,2004-02-18 03:24:20 +0000
31a89ac8db4c2c3685ff21ceb620fea05c581106,2004-02-17 04:33:16 +0000
9267ae3bb27364ebba95cc615c2bf0308e6cb32e,2004-02-16 07:04:04 +0000
11da77c693a5d218be561275d922dfdcb46a6617,2004-02-16 06:32:47 +0000
1d2c37a6ce4a530f9d9d8a14827ef912e367c67c,2004-02-16 06:30:21 +0000
735fc1ac33c8ef5ca6aa85c7ce809b5e0ea02485,2004-02-15 22:28:04 +0000
7255ed0bbb292c95d12f09f9ab8ec5f129f5a777,2004-02-15 16:08:42 +0000
0edbfb6b8900124432c4d1ef8d74f90c015643ac,2004-02-12 04:35:09 +0000
a511ea4ca6ffb7df1fc91452441d69e4ba0d2d2f,2004-02-10 19:15:04 +0000
9ca4863232029ea1e48e75c9e5cb7b286be00f5b,2004-02-08 22:09:28 +0000
21ef26838dc27b12450eac55d12e0562f3e64721,2004-02-08 19:51:25 +0000
f1e2670f72723678eb7cfdf913ef3c1a5b586b0d,2004-01-31 06:58:46 +0000
450ff9aa92b631881b7e55a9aa6edfc1f94943f6,2004-01-30 19:58:37 +0000
98c9b074509a2392b6ecaadfd758a5766df8e243,2004-01-30 19:53:33 +0000
60541810afb946873bcdab7d2db8cb72baa39ec7,2004-01-30 19:52:08 +0000
91f6e521e8cc8398a2a7330a14f427d77868d175,2004-01-30 14:19:26 +0000
491c3e7e4b44352331003885a1f7a9e1cfd9d2a0,2004-01-30 05:34:44 +0000
23b77d7fefe6ae9f3461b95c9627dd90ea99b030,2004-01-30 01:08:41 +0000
64ec9779aefd250100fe0284207a7c416dc54e42,2004-01-29 18:24:02 +0000
9698abfb3b8e0462d363b7885d02102e2961d21e,2004-01-29 16:54:05 +0000
de37f31a2ae25cb3d37175548386281533c213e9,2004-01-29 16:52:41 +0000
f6458ee9d0bd486ebbb48441e1c5b2957f6965ec,2004-01-29 06:26:14 +0000
90be3c8e9d20b8537d9b0b5057daa37289cc1e9a,2004-01-29 05:27:54 +0000
36d2a54a374679d7cd06165261f4b70810141798,2004-01-29 04:58:36 +0000
ec5fb0ca3db15f22e2fe8b9aba880c2ff313bfab,2004-01-29 04:32:27 +0000
19080d7f0908190fb54eb6685b92d0c210a1a6f8,2004-01-29 00:49:03 +0000
1177050dc60dcae0bcabf7fc8fcfd30438a6928b,2004-01-29 00:36:22 +0000
214a7aa4fc97972e4ea2447222d20f30b8f86983,2004-01-29 00:14:09 +0000
dda3ec944a28d46ecb69b9abfee9f73bed9bb0d0,2004-01-28 21:05:55 +0000
204063d31752fc234a0e58121b03743bff3c7543,2004-01-28 20:15:03 +0000
8647ea1d57d581775c451a9d471e4445904e5350,2004-01-28 20:14:19 +0000
00cfd0a1aed33d71ae7521515e5b217607a62102,2004-01-27 02:43:44 +0000
9dbee2f04ea28abb607fedbb6cf5bda659417daa,2004-01-26 19:41:16 +0000
f1d4fdb4881201da3c1ea0bea9cd40dc2f462d01,2004-01-26 03:09:15 +0000
fcde02ecceda552dbcbac16571678f7106150b46,2004-01-26 03:04:31 +0000
1b96f28e41ecb466a42e5a86c6bcdd97c510e0bb,2004-01-25 21:30:41 +0000
985aad0b1adff2212144d276022d39d082866aa1,2004-01-18 03:45:02 +0000
5a5d8eee65f23a9978ff035cd32e2ce8c98dcadb,2004-01-17 18:16:01 +0000
cc63455b3e0cff4642b6b50a515f93fc12ead3b0,2004-01-15 07:31:44 +0000
c0f2bcdaf7afd6122e44d65ad3f266d4295b5aba,2004-01-15 07:29:38 +0000
dd670b29cf17a343899e81b3ff157b65bcc67329,2004-01-15 05:22:08 +0000
7061290656034bb2cd3496940f63143eafd8fdbb,2004-01-15 05:18:51 +0000
1cb445f5066d48dd893f106bdb9ead57d04d8e0f,2004-01-14 07:36:35 +0000
98e2fabf90bc621fa4a4d7799cb61886825c87e7,2004-01-11 20:50:11 +0000
28c13b61ba21e50dfd66396eb88806e10947846e,2004-01-11 19:35:22 +0000
afc57189df5b3afd8569f55003d7410dd9b39d50,2004-01-11 19:34:31 +0000
8637f023f2fe30f69802562b82f4e7ab5f041bab,2004-01-11 07:42:20 +0000
d0ac3d2a5f49e58d9bbcd0ba214a8b66cc81990c,2004-01-11 07:26:51 +0000
e8098d425e627f81dd95dc36cb8734ee6ed9b0c8,2004-01-11 07:24:30 +0000
77a52d98275035c8766337b61a87ac3934a2f992,2004-01-11 07:22:14 +0000
cc683148826f0e2ae9af99a1e9483ea999b2d2a2,2004-01-11 07:19:52 +0000
54309a11ca93adf855703a7949415bc1ab906396,2003-12-27 15:22:34 +0000
97e088c88c78f18b8ffb051d233ea50b176a72c9,2003-12-23 03:55:34 +0000
f608f7503cdac8c8d802f8162201fc5d1b0872f5,2003-11-23 20:34:41 +0000
b84b723efa91175a5779736242480942e3d6230e,2003-11-23 20:16:17 +0000
4fc6b5e54e606e2db7ed29f0b85c21383fb92dfc,2003-11-23 19:53:40 +0000
04094833d5f1368927d1a768c7a4349680c55eda,2003-11-22 05:59:31 +0000
8406e7ae61555db0b5d31acd331cc7d5f21dad26,2003-11-20 04:26:38 +0000
4683ebbf939a0f49f919b2166be963c88f535bf9,2003-11-20 04:22:17 +0000
6410d97b9bf55ace15ac12dd628599037a548059,2003-11-19 23:22:00 +0000
3c0ef74e447b3b06febd5b54426a6011db85eef7,2003-11-19 13:35:10 +0000
29aba171ed5286884bb4976e7a9d6d4653a1ca22,2003-11-19 13:26:42 +0000
85a8b141a323865dabab5f224d5035d30e8ee351,2003-11-19 07:06:47 +0000
c468a07aa6f2375ae2cd5b051c944002d563d45a,2003-11-19 03:28:25 +0000
0718895962e9d43858cbbe49cd592b5e2d0920c9,2003-11-19 03:22:54 +0000
0810e249acb6be925e4ddb3172707928d94fa88f,2003-11-18 15:07:12 +0000
1b45cc8196d82abe25be0a2403e76ece1c5d074f,2003-11-17 20:56:13 +0000
29881fdfa9d2c167ddc0bc9dd9d023ae8de58d9b,2003-11-17 20:55:34 +0000
6124dbede2700037f9fb7c32894c125de8df1c35,2003-11-17 05:38:09 +0000
8eea85e167b0adcc5c6c1f778e7106e99f3aeedc,2003-11-15 20:59:34 +0000
d1249493e4fc351f32d617d41b588118a945c82b,2003-11-15 20:57:46 +0000
7374ff2c48b96b7d5a7817f75698b3fa5fc2db09,2003-11-15 20:02:46 +0000
b2844c7d270a6ec3388a240f34c58cf6d23f2147,2003-11-15 19:05:38 +0000
3619649ce9c17ebe6ef3ff06508418e685bf0c36,2003-11-15 19:04:28 +0000
b033502afa7db1135bde5a3fbc4701f3fe069fd3,2003-11-15 19:02:45 +0000
90017dc7e7180f9dd1b39af4e7e3878cd55d08d0,2003-11-15 18:59:10 +0000
14bbddbc4ccd05c028a07f2be0cf3cb4e967cc4c,2003-11-15 18:56:16 +0000
8864381a96434d7559b6b373363dce63ec572019,2003-11-15 18:52:31 +0000
d916ecceb2e6350e9d3b41e525bf9174c576347c,2003-11-15 18:47:09 +0000
c9a095511525083ce5124ab7b94af52f419057f4,2003-11-15 18:44:52 +0000
d26b4d28f8bce634a1bf2b40bf7a75732214c405,2003-11-15 18:43:24 +0000
772d74b0fb2161f825d0bccf81ad563553033d1b,2003-11-15 18:38:16 +0000
dcc4de4874338e36f82de7d3b741279bdd385101,2003-11-15 17:52:31 +0000
e5833affa168b6e168d31bd24a2acbdf75f2d7ce,2003-11-15 16:01:42 +0000
8cf1bdb6b90db3970a0806323321fbb963fc1368,2003-11-14 22:33:34 +0000
f61c462ffec0bb6ffe2b09b976d7f8ab634449bb,2003-11-14 22:29:41 +0000
b3a6a6b3b5b269cf6ccab91588c320d925dac9ae,2003-11-14 22:25:28 +0000
dd899e75fcc95a4f4a982b3d0e6d424708c05955,2003-11-14 21:50:39 +0000
a58c503cf5b0f02ad442e3e473dc032e0e26eee5,2003-11-14 21:46:30 +0000
e389289e779612c5930d7c292bbbc94027695ae5,2003-11-01 16:09:22 +0000
991078eceb9479657094c8a4ee062d816f132446,2003-10-30 19:52:06 +0000
b6083b19179fd2bb7397a88c4d82a7c8f9b9a39f,2003-10-30 19:51:16 +0000
fe5d7c1693c97c6bda825420cb0c8a1a81f8bfbc,2003-10-30 19:42:43 +0000
091eaf2a3a0cdb7d8458c0fbe35fe7c5ee892af2,2003-10-22 15:00:44 +0000
005c054eddab5e02e091862d67a6e2286554ad4c,2003-10-16 15:59:40 +0000
a4947309cd0e9dd7430ea462beeca2738ceb05ae,2003-10-16 15:24:33 +0000
eb4d267f51ff192b928be1d85ccb5f56015f19d3,2003-10-16 15:15:04 +0000
985378c6f25627fbc8586cab56749ba6a5654fa4,2003-10-16 14:05:07 +0000
595e470d70fed31c513b358d61a4f8f6ff86b020,2003-10-13 08:11:44 +0000
a985b47ff459aa57d0b4de58df72509062f3c2a1,2003-10-05 21:50:17 +0000
d8931052e467b5386fbdbf77acb78202014f9e16,2003-09-27 04:13:34 +0000
609917a77cd495b8955122c9bbf2b5858168579f,2003-09-26 19:30:33 +0000
2d04bb133a2a77e0f07af31659de3e7f9b937f10,2003-09-24 20:15:50 +0000
5971a93e3f86973f53e3e14c2d32eef4ba367e96,2003-09-17 19:29:32 +0000
4b7bef4b2693ca1898ea99f1766aaecbad8471ce,2003-09-17 19:19:09 +0000
ffa6aac264f1662907f1655b791df7aa2b38d411,2003-09-07 03:12:56 +0000
606b836061e47ca678c97749089e14d29a1c9495,2003-08-16 17:06:15 +0000
026c120649c0f7a6c74c989d0a6f73ef423a3bc6,2003-08-14 13:41:09 +0000
b3b89139bbb4ef4acf82b62313814912692b46d0,2003-08-09 04:03:41 +0000
88b4e3dbc922c61fef8abc278b3435fafc6c4e30,2003-07-31 21:07:37 +0000
5ba1bde434614cc8f73425146638ecaac30a4005,2003-07-30 22:06:37 +0000
233420ee6bbf318859e04b0dc5d7a47b66008c02,2003-07-30 21:58:11 +0000
2f4e7036272cf16b4a1c1a05245023f1fe9e529b,2003-07-15 03:45:10 +0000
1d62c398db9b2adf3cb2a10eff55bbf80464bd71,2003-07-15 03:38:50 +0000
45a605897eb862d4561627e8963ed57b3b0849ae,2003-07-15 03:37:11 +0000
2ab38de23239bacee1c924c325179968b5ac0f4a,2003-07-11 15:59:14 +0000
7c808d90714c6b80d902f7b50d2a1dafb65ddf11,2003-07-09 21:46:33 +0000
59f46d6a6445ccacca72ab519d97d34dbca16c5d,2003-07-09 20:08:00 +0000
d082672a8008ad3c7f767dcf4cf61177c8c0ff2c,2003-07-09 20:04:13 +0000
31166f2bbb197a606bac6c0dd63ba6f8ce2c8d2f,2003-07-09 16:28:30 +0000
fe37437c0816f05e333904fc406900c627edcd92,2003-07-09 16:24:18 +0000
5192373270f2bbd7567dcf2b2abb0e393696e24d,2003-07-08 04:01:15 +0000
297d2ca686fff0fca46fa0898d8fc724caded63b,2003-07-08 03:54:40 +0000
7ec4d3874ca1ac4e1afdf39e492c18f7ae7a4c67,2003-07-08 03:44:12 +0000
9a827be03a3aac3b3d478683437eb6410df187db,2003-07-07 23:25:14 +0000
7b6c61666ef15b94ec2a8253b0ff9f8406167a99,2003-07-07 23:19:22 +0000
4bf125a356eb25014c205ebee30fdc528552e3f3,2003-07-07 23:06:48 +0000
512f698edd6594ca851ae7aeaf5676fd3cd2fb40,2003-07-07 16:57:33 +0000
41ac4c92030eefc1cfa3e5002426a6bdc7c29637,2003-07-07 14:15:20 +0000
e449062da5090d3ab56b2f5d20bc74b802f03fe4,2003-07-07 13:57:13 +0000
faa703e40e172bf32a2bdc07a4350afbae2641d1,2003-07-07 02:15:19 +0000
b6871d607eaed16c9b686ce6e1f91c01c5771a18,2003-07-07 02:12:47 +0000
346a5756eb41599b0dd852235093fbc1d8befc60,2003-07-06 07:18:08 +0000
bc5950acb5ea6dbb421e29a37194a869b9667fcc,2003-07-06 03:27:47 +0000
8ca0c4c8485d1cabcc0fb67add9f42bbfad2c627,2003-07-05 19:25:38 +0000
dfb732fb0c8dc0ef2d914391d96f485626c46698,2003-07-05 19:24:18 +0000
77aa09dab9d41ead55ac11f2842ef013a3685715,2003-07-05 18:29:35 +0000
88d69528063ab065906c590b714948d5bcef7a2c,2003-07-05 18:24:50 +0000
aa40a7e7ceee3d6a2d017a017a6c456c640dd429,2003-07-05 18:23:52 +0000
b95322ce3da09c0ddc05709d3a80cd41ac8303be,2003-07-05 18:20:02 +0000
0fd2f5fd11cc138ab373a2bbd29a5c465f12e601,2003-07-05 18:13:35 +0000
2b5b0e7a14f405f69378527bab5af9e8ddbdb111,2003-07-05 18:05:31 +0000
561a4c85e7a85c2bb6fad7a1a60b9ed3754d8c20,2003-07-05 17:58:17 +0000
fb359aaee010ac8c665204e230da4ae8b30ec7ab,2003-07-05 16:59:13 +0000
62577ea18b61fd9af1cf3c54615d3613e12ed948,2003-06-27 20:58:28 +0000
fd93fdf0a4a6242fb36f4bd5e968bbc86adf26b6,2003-06-27 20:31:52 +0000
220d14781d225206653b4f74377257ded85969bf,2003-06-27 04:59:53 +0000
2a0f3659586b4da42f9fabaa9e291454aeb37b13,2003-06-27 04:59:27 +0000
542211e8c4db57e9c9e39527e503b8f679ebbb63,2003-06-27 04:29:42 +0000
436f05c48f3b99538fd8e29657ce8b6fd9715da3,2003-06-25 13:31:25 +0000
eccc4d88780630da1c1415599345cca3c28888ea,2003-06-25 01:39:36 +0000
a4c605d8a63ee8a6c0f71aefa435e10ec79b7f0e,2003-06-25 01:35:46 +0000
a235488095cc73e661c1bc817d54f8b7aa12ef39,2003-06-25 01:29:18 +0000
0d757f3e995c82c9a4225da124bbb234ac915bf2,2003-06-24 14:08:40 +0000
fed1f17d619c9d9be69a18b7f4dc59b1211cc6e7,2003-06-24 14:03:32 +0000
65062ddc8669b9092845d0eca2ea2902790c5d63,2003-06-24 03:02:28 +0000
50520ebc12676ff71fc3d10383258eeccdfb354f,2003-06-24 03:01:40 +0000
4f17b718b3a821885335c285b7fbdd07384a3e18,2003-06-22 03:57:57 +0000
9b2b61b777b60484bca1942a5e736a308ed51af9,2003-06-21 23:38:27 +0000
8936d6e3a61a68de377162a7478018e842d333eb,2003-06-21 23:07:23 +0000
7dc1c05c596e9e42097d0af2d0c6c9e495b5bd93,2003-06-21 23:02:51 +0000
5e7fe90154176753fb2d77fddac2bd5035ec7ba6,2003-06-21 23:00:39 +0000
8d3d1889fb10b083422e6df437e4fa35488bde1d,2003-06-21 02:54:55 +0000
b84e9460b523946b4579966421b25fc2febc4880,2003-06-21 02:21:49 +0000
d3f4480aff7b0b9fd82516b94b0929812f4b99df,2003-06-21 02:16:43 +0000
81c03fcee25686e49c49c90dcc72fb18f57b25c8,2003-06-21 02:13:41 +0000
7e2a7b50277995b497e3fcdb8894c7171468e765,2003-06-21 02:08:23 +0000
e3ea7f7638a18820580408e7a412ec78c33d0144,2003-06-21 01:55:17 +0000
0da1561627dbb7c736bc57fe696ba4bae5f0d704,2003-06-20 21:05:47 +0000
db0b59b9bc2d0dc4faae24bede1b085a796163a1,2003-06-18 21:25:03 +0000
dc115509c871b36a9bda8af3d6655dc5869d7078,2003-06-18 20:09:39 +0000
d6775caedfd65510a4a0ce890961bf7ae53b0efe,2003-06-18 20:06:48 +0000
bc173f639f716868f3a3fa00f9da1242921fae3d,2003-06-18 20:02:27 +0000
0191e6129b1e104a8d350f5c0ff096e074050ecc,2003-06-18 15:59:55 +0000
283716c077d8cbd67a25aaecf17c0b676c53fd48,2003-06-18 13:57:24 +0000
202a38df83ff767c6e41887a228d22559c75db00,2003-06-18 13:47:35 +0000
c4c3868df6fdb2c177fe274eeb85c0bd80a2f90c,2003-06-18 12:42:24 +0000
5179d78ef8f8fbf5032796c407f944b841ab3b31,2003-06-18 03:05:45 +0000
7c57c2ed60fe2476bb4a9544d7df5899b823bb30,2003-06-18 03:01:28 +0000
374b62d12017fce9d3898a265fd387faf09445f4,2003-06-18 01:56:03 +0000
d4f6a5c818990ee87e562cb97ae62661e179fcbd,2003-06-17 23:23:07 +0000
175c7c5fcec233612af70d0e02da07ef7c955bfc,2003-06-17 23:00:17 +0000
5acc48ef8d050cf9230ad4b2a34eb7e16ff4eb5c,2003-06-17 22:55:38 +0000
4de94a08c7b8cf4bfa6f244b8d386162c3de2bbb,2003-06-17 21:16:08 +0000
9318b7a7491db85d2309bea24606e4dd83ace26d,2003-06-17 17:10:15 +0000
32fd0d5a5235982aa51f52a617ccecfa0d793200,2003-06-16 21:38:15 +0000
0811c1790b072bc167544d2c669e643c4f9385fd,2003-06-16 21:29:49 +0000
606ef299cca4d3c35f73c18187b925089d7afb5a,2003-06-16 21:24:30 +0000
d246044d453724c1f082ed8d1a5742eb49212d0d,2003-06-16 20:58:53 +0000
1be3d32358b8e26ef078a68c235b8abcd761a74d,2003-06-16 20:42:24 +0000
464aac515f0d5c0a4ba6a2614ee60bc92f665532,2003-06-16 20:13:43 +0000
3f313dff3ae2364e536d0deb1f033734b9a7b0d6,2003-06-16 14:29:30 +0000
765db662a581ffa5b5b093022bb69d2638d02aa3,2003-06-15 17:01:39 +0000
09c8b57924bc90dfcf93aa35eb79a6bd752add1d,2003-06-14 04:24:43 +0000
d20ee8ab0e803031d14af734ac934fe2b770990c,2003-06-14 04:17:49 +0000
3a7fab66aeb71032dbec4235e649fd1c5cdd1c57,2003-06-13 13:37:18 +0000
3849e21f3b749ce5f428d42e88ef3f6441546968,2003-06-13 13:22:41 +0000
83855b4cd773c1efab77b64862436778d1b14a09,2003-06-11 14:50:30 +0000
16c19dcec036ef933bcc6a46ef9b4bea3267546f,2003-06-11 11:14:41 +0000
431f30388985869e8a41c2b8c0d44ec822671316,2003-06-11 03:33:05 +0000
b58585fb8def076b355699c8ee496b889534d744,2003-06-11 01:19:19 +0000
8d1482c46113cf159dae2294928cc53a1c043b87,2003-06-07 13:57:54 +0000
a6c324e669d05dc92e999ae78a29d0ac598d235f,2003-06-07 01:36:57 +0000
1999928282653d0edd522ea3d48afd09c0f52cb2,2003-06-06 03:38:03 +0000
aa3e2e9ef49349a9ea3c6af37874345f35b52192,2003-06-06 03:07:39 +0000
41d1a0d8f0dd804c854c12c8134e297db0174119,2003-06-05 18:35:24 +0000
02edce08898b740c5512533d25b6fd9ee26520ef,2003-06-05 14:10:43 +0000
2dec2474f9f5b39e6e0ffca795f52b9b1b88fdf3,2003-06-05 14:03:53 +0000
b0bafaff5ab8549f184c401f2d5b39754cf91113,2003-06-05 03:24:21 +0000
a4ff28ef7269da3c9632b5323153f875bb9103e2,2003-06-04 12:48:14 +0000
8fea245638b933417f3b8b945417597650c8cecb,2003-06-04 12:43:14 +0000
ed6d94077f823b6ce2f6b3d44849f26599c1192d,2003-06-04 12:23:44 +0000
acde85f2bf2005a0b11cdf54d5fb7d6bbbfccc52,2003-06-04 04:05:39 +0000
b3dd72f6e0289a4cf268cd69e4d6b279c5c59f64,2003-06-04 04:03:55 +0000
ba74c2510f0d1812b7a5eeef55a1f29ea0e06e09,2003-06-04 02:45:49 +0000
fe275663805ec14e358b881bb241cbefd69bb6e6,2003-06-04 02:40:26 +0000
42e427ce8cd32600fb540570f9e814d85032dfc3,2003-06-04 02:31:14 +0000
516c15d88b270926687c26cf6e8e963954597c88,2003-06-04 02:24:51 +0000
11898601e097012296de4f2cbf608dbd29799191,2003-06-04 02:17:17 +0000
108ea5741c6a3850d89287e52c2b944877759556,2003-06-02 05:21:06 +0000
546eeaf21921cad98f1785c34006823b7bcda43b,2003-06-02 04:58:33 +0000
736e42145ca2547b0385f9e841d4efdbcce1bee9,2003-06-02 04:48:21 +0000
5a755b8f822d292d230c4dfb35202845b1d255b4,2003-06-02 04:27:26 +0000
60314410e2f21760aa5627cf5c2d33a28c5da973,2003-06-02 04:25:52 +0000
d23bf18b40bc7f731498acd042f6d0c0800a9290,2003-06-02 03:44:13 +0000
6aa45e2047db100c6230dbf6db62498f1dcaa79a,2003-06-02 02:34:03 +0000
91f675100d6e4b820ca0a85db683ddeb43e5b645,2003-06-01 15:43:40 +0000
25b3e45109d2f6c3dbdd0faa3070fe77254177d7,2003-05-30 15:40:28 +0000
70c89068687fd8dc446ebcd54e6367807eb51407,2003-05-29 23:30:48 +0000
a0ff9fd6304d7813c806095d56cac9234131bc5a,2003-05-29 23:26:24 +0000
429a652114f94bf81e97a7737f1b3ea63fb3de91,2003-05-29 23:25:12 +0000
e9488d7cf6fe7708fefe306a642f045a75eab498,2003-05-29 23:25:00 +0000
a286c243eb965fc260289509264e1b9cc1524b89,2003-05-29 20:35:46 +0000
be5a9fb2194643cc2cf426e70202ec62d99e22a5,2003-05-29 19:49:18 +0000
8a13741f2d42f1d1ccace6460dce9b08e59c8536,2003-05-29 19:45:35 +0000
dda7833110e78602fa081c4a14897846bf3a8d87,2003-05-29 19:41:52 +0000
c9fc45757a05ff6816ce8e1baa46fe62d6a0f5ae,2003-05-29 19:41:32 +0000
3cb56af4e4e75c766a9f444121a908cd6aca6f95,2003-05-29 19:35:56 +0000
703fbafa34601e0689430d4d45ab53aac9eb73c7,2003-05-29 19:34:38 +0000
03e996b075a65e4db72b2839860d0192c61a4837,2003-05-26 17:40:20 +0000
43c787eb35206890f16c441a8b07ba07e1dd40c2,2003-05-26 17:29:36 +0000
57b9151881e65daee41519f486cb8431d35955bd,2003-05-26 02:11:50 +0000
b84e61ffcf873ef8d588ca3adce2bcd3c7406905,2003-05-23 17:33:18 +0000
5918a1fe1e7b4f8edcd65eef1fa933f63aa760b7,2003-05-23 16:28:16 +0000
e0161bb4cf1e6bf4d0ff6455427af9d4ba48f6c3,2003-05-22 16:55:22 +0000
8216dd89b5260aacaf509147b77367ed5006334f,2003-05-22 15:31:38 +0000
ca304541d80a5042d55ece0efde6fc9c1206e81f,2003-05-22 15:19:32 +0000
1376d960b5eb1e7ff68555e4f45a47cc5dd6ecaa,2003-05-21 18:24:46 +0000
8ed6e84dc6b37360ef716422077d788b865eda48,2003-05-21 17:59:20 +0000
a3e8ae46e059cfc5ae4d94562f102df8e543462a,2003-05-21 15:11:54 +0000
60bf133582a4ca9898e71628676ab97f2595bafc,2003-05-21 15:10:51 +0000
5de3587b86ffc735020c3b06e60c993cfc4e53ab,2003-05-21 14:21:15 +0000
a99cbac0bb10a8761c337a9bab38541254472782,2003-05-21 06:46:26 +0000
246d50aa44f8679390023f4a5552de9836eb4f1d,2003-05-21 06:24:30 +0000
5d9efdbcd43d7f56c382694103d5ac70a266801f,2003-05-21 05:48:25 +0000
7d540cfa99641ad46737a07456766b1d126b2104,2003-05-20 19:54:58 +0000
437e275a504d5d2de36365419e048ad9a05d83df,2003-05-20 18:15:29 +0000
a008ed131630962f216bd8feb81ad7af041685d9,2003-05-20 13:24:50 +0000
118ae331020ac911d5d8c5c9b687a3b1568e1e24,2003-05-20 10:27:57 +0000
526e1c4171d1780c16a15939d68af10bd7c0d426,2003-05-20 10:27:26 +0000
2ebf818b422f86b8bb706fa9f8472f8b0dc83cd5,2003-05-20 10:24:32 +0000
60f4205f1ff413a8075705787199c719ad943e40,2003-05-18 00:58:52 +0000
5879d3be8948f4bc12a3f5860709b1b8ab5afa0d,2003-05-18 00:55:18 +0000
d6f7028269df96a72cccf7b72a41b89aaa820e9f,2003-05-17 23:24:21 +0000
71dfdabde1f5e9f0def1d2035822518b43e70587,2003-05-16 05:23:29 +0000
0700b0f482ca6bf4290ac92f47ef01c0df99191d,2003-05-16 04:23:06 +0000
7651a6b14d5be6151432e7d709efd884d9ec3a6c,2003-05-16 03:55:34 +0000
065a88e24188fd324e7f6e5f70aefaf95c9a49b9,2003-05-15 21:58:23 +0000
5f2a1cbbc56a16acf7a045e9b81da75d481202b0,2003-05-15 15:38:48 +0000
5ae92f12c702200ade207c84e26fc76f07756696,2003-05-15 06:33:19 +0000
52590a7d00226c6d8861380d8ac91514cfbce87b,2003-05-15 05:47:51 +0000
97568dc06f50372c16e333e4c8367f845758470a,2003-05-15 05:39:01 +0000
f039b677b85cde38e3287aa31ee78ad6bc2fd058,2003-05-15 05:19:57 +0000
ccf6befd5fe1de9967e19f17ee41df72fb70bfa2,2003-05-13 19:08:14 +0000
9b7cfb86b26842a3a1a33b5142485cc19d8f1213,2003-05-12 20:32:26 +0000
352f134f0ed563bdfd979b1b78fe8d48a18888e8,2003-05-12 19:28:54 +0000
e4694325bc52209c0700294437d4e260991e9f82,2003-05-12 19:04:38 +0000
925847780e3c03b04936f41a1739efe16702184d,2003-05-12 15:07:54 +0000
4a8cbc286781f1ecff6b8e0f8e20e30eb9f5a709,2003-05-12 15:07:54 +0000
