commit,date
0f7883f26e11540509bbfeec94573995f0ccf21e,2025-09-17 15:29:41 +0200
cabf705032ba52f7859529856c5c1c6fe013249b,2025-07-24 12:05:31 +0200
17fb83dd4a3813c3a60fe6a6cfa0f7c778cd2bbf,2025-07-12 01:30:12 +0000
d8f14393c207275c5d89638eaff6b9dbb8440fdb,2025-06-12 10:26:36 +0200
8a6536d995450739998763f5678042c1388fbf63,2025-06-12 09:47:20 +0200
f45f897e517c08eadd6d2b7d0008bd28bdd0498c,2025-06-12 09:43:32 +0200
7b6e73eb9df6c18d4048dd96f5a2cd8b62620b73,2025-06-02 11:22:32 +0200
ed66a151ed5aae386cebaeecfc974098b4b695fa,2025-05-28 18:01:21 +0000
2c2a1bb06777bb110765ddb638066721c03b883f,2025-05-06 14:52:23 +0200
f0dcda6015a46df22d064159a081a1121da70f27,2025-05-06 12:41:50 +0200
f05c20da8f05d0f9c1727cae21ccd2bf43ec2246,2025-04-23 10:26:47 +0200
082abcd934a61df4f2696a65425e1ac052c46cf3,2025-04-23 10:12:48 +0200
68cc4cd5f018aa3ebc7d0c08d9000534bd2683dc,2025-04-23 10:04:03 +0200
ab3615926c7511774f703189456c1194a62967a0,2025-02-24 12:30:36 +0100
3b697f0c0f4926f7c3a0ee5a9502ccc258de1a73,2025-02-21 11:53:46 +0100
73fdd2e129775bf70ecdb99f085ec4853137c03d,2025-02-21 11:44:51 +0100
ca35149940c2a2071391009037ce6adf8b757ade,2025-02-04 17:02:34 +0100
dec2005c340485b13366db5c751ccc290e161ece,2025-01-15 15:32:36 +0100
473d2b16f7208811616a274b433aea125e3a99c9,2025-01-15 15:32:26 +0100
a0096b4c783c6b0a0953dbf4053d13a3f166811c,2025-01-03 15:55:42 +0100
bbd6a2651777c99730c9188bb2c43b9dd87b4bd8,2024-10-15 15:42:14 +0200
82e3d787f80f92f7f28365dbca8c02fa55090f86,2024-09-24 16:23:00 +0200
53188199a1a3e589f9fff4ec7a7d496cd9f863a1,2024-08-02 11:22:44 +0200
c25cb8d7154e0239cc57c41c6ee09e6bc47a7103,2024-07-12 14:54:52 +0200
b6ed82f931b451038944255a3a2c891799dcb4d9,2024-07-09 15:53:50 +0200
412afb3d8674d0dcfe90830c547553db0a2a9bea,2024-06-07 08:56:58 +0200
c421b794e95aa99444d9c04a522dc6143bb4279e,2024-06-05 16:29:35 +0200
fc65c2dea23605443a175bd0854f216753b5fd8c,2024-03-27 15:39:24 +0100
faf3502c076f3b122bc6082486560aaa9d9d15f8,2024-03-25 11:10:57 +0100
271eb7a850fcfe6c2a57edf502309d4f6182ea0c,2024-03-21 19:16:50 +0000
aa182953fdc2475cfd55d65aa69eaf4e57c18363,2024-02-12 10:36:26 +0100
bb60b4a53681bab2e2f8bf5a9f5e3ae1bbe76f6d,2024-01-26 09:51:25 +0100
41cb8a1716b5245a55c6164ea19f6a8ec47f6231,2024-01-26 09:51:15 +0100
20cd934053d8162c9aafc6a6d43440a6688ae89a,2024-01-26 09:02:41 +0100
c45bb20ec96cf45635dae5bd242a947b269ac00a,2024-01-26 08:59:30 +0100
71cdc39587ceaf2870763b1271ff6476cfa7cfe1,2024-01-26 08:31:26 +0100
13ee25a44b489af1d1e0730afcd1068e460b541f,2024-01-26 08:31:16 +0100
9c40886bf1d766588ad3e533dac585e29c273081,2024-01-22 17:36:09 +0100
3c1b3cf3e8121907e4385d563a4a342cedd7a053,2024-01-19 14:08:35 +0100
8e19909bbab73d5e7c81bb2a83ee9177a3808df1,2024-01-19 14:07:45 +0100
4bf6b37a0bbb4a8967866b2d3bf95260861a0b12,2024-01-19 13:56:55 +0100
6d4838231264b2e14fd76701de67220bae1d6ae2,2024-01-15 16:33:11 +0100
31acc8ba34e7476a6a695d5eee788cdb24137cee,2024-01-15 12:51:29 +0100
f3a84ed38dd3257c583988f576580fe24c550d9b,2024-01-15 12:49:45 +0100
69c165d69233ebce8c056b79c5039b94fba6df0b,2023-12-20 13:46:17 +0100
306fff6b7e7221fd73b1f223054aefe2756a9a26,2023-11-17 09:49:18 +0100
557dd58b8e8da7a5b08813f2ccfc168881658cd6,2023-11-17 09:49:18 +0100
84d70b620c521127965d06ab7a073f2cc46c1735,2023-11-17 09:46:16 +0100
ba1d39cebd12d04289d3fde8198cc8a9ed12fc45,2023-11-10 12:21:38 +0100
29a6875d45436e0bc881475529a8943a6c14ca26,2023-11-06 18:00:42 +0100
54579d77c885aa0a9f606d61068e403429b1e150,2023-11-06 17:55:26 +0100
a92bba43f77a3cb5de392b1017a72e0dee1e7155,2023-11-06 17:51:49 +0100
17587806ac6b55185fff031e5ac2d96587d272a5,2023-09-22 16:18:00 +0200
30be3334d73c97fd52cc2c40eb5f7a32f661c7a3,2023-09-19 16:15:44 +0200
ca30ac5415a21b0a387261f8e22ea05b6026ecc8,2023-08-25 16:19:58 +0200
dedd12bd53d5e0a733ccc1791d53b5373b181648,2023-08-25 16:19:21 +0200
b6bd441dc988c839f8063329f84fdd4e3f0b5113,2023-08-14 15:53:23 +0200
3c249f1ee9b01be235687b63e183bca5ac25701d,2023-08-14 12:29:21 +0200
ce6f5b9303fe8e1cab3ea8ea0ad2e231328cd9b7,2023-08-14 12:27:33 +0200
9414f24cd104944f41259259d697a271b7986de0,2023-07-21 12:32:32 +0200
f369263bcc3bbde443b75fa17f2b6ffecd744c20,2023-07-06 15:42:35 +0200
f88d9c1a787982f586998e8e67a8f951ace36d63,2023-07-06 14:01:05 +0200
e8e520f83f8e14d43a84cb26be525addd72e1249,2023-07-06 13:59:29 +0200
60c2329462cd55ac9e56773ba794a43c7ad691e3,2023-06-12 10:56:02 +0200
bc91c2bb81385f6ddc9f61dcd429d491e058cc46,2023-05-02 11:17:23 +0200
7bf0387cfc7b1ef7fbae5142f7185551fd5b82ea,2023-03-06 12:00:23 +0100
e5e1518626813f2a1b17af975a7bf2b134b30eac,2022-12-13 15:55:53 +0100
5ea5051c8881ea85451ff37f5a6e2369f1b9f98b,2022-12-08 15:53:45 +0000
cb830d642e82681e0b808cd306d25ef00ad41f6c,2022-10-21 14:47:53 +0200
0a32a78bdde905307459d78fa3cc253cff02652a,2022-10-20 15:24:19 +0200
ac9adbe12b6db498b92af238fd5cccf72d1a86cc,2022-09-09 13:07:25 +0200
02de93eb3475b09f9e1f27e67bd3be1c74b80dbc,2022-08-18 11:13:07 +0200
f574ec52e5406dbb27756a5add104ac3e53b4c0f,2022-07-08 15:14:36 +0200
f9d40c46c28bc443fa8bef8d82d4cf2b65aea924,2022-07-08 14:47:16 +0200
7eaa7312ae56c9f1e4304c2abf32b9e6279f05c2,2022-07-08 14:46:23 +0200
9d6441fb9c143b053124c6ec3cd26c4fe1b5b42e,2022-07-08 14:45:26 +0200
8450f94c802ed121992eea35e5b050d74c9d1737,2022-07-08 14:44:45 +0200
bada538aff69fd3b5339d8a75445b9f0ba68f4f2,2022-07-08 10:27:53 +0200
2a2337eb28a5f461d6743d3b36b40db057c8c1fe,2022-07-08 09:53:05 +0200
3cdc9ee3552659e3780806f99ce95fc057b4848e,2022-07-08 09:52:08 +0200
69ff4fcc20ad0f8134729e727f62259579accbe4,2022-07-08 09:51:22 +0200
b7b846507edd09d4712421bf60a3d17ae8c71b7b,2022-07-08 09:14:39 +0200
d72f21f9a8f8ed99dc37cc2df638c451b6ba3fa7,2022-07-08 08:10:23 +0200
ac7f32fcee405a3858ffbe5fd153d9abbadb9495,2022-07-07 17:18:47 +0200
944f24bfe1f06e67e98dfea92d0e6bc3dac4e658,2022-07-06 20:07:22 +0000
28e9ba276b87849e6ffcb143c5a5356a9e269675,2022-01-19 09:05:36 +0100
f1e35014c77dd7bf282b841ed71f84bb16af9883,2022-01-10 10:25:58 +0100
b295f2bb661dc18e5e8899be7dd60122a44a0d86,2021-12-14 11:34:43 +0100
f0741fdaf5cf1090002c1752eda5a7c617d1c929,2021-12-10 10:06:01 +0100
48176a65cfa544bc9003f4ac727fe46934bcb7ca,2021-12-08 12:31:04 +0100
8f3ed431e2f308b0a10468cfcef60abb74bc3fbe,2021-12-06 16:24:08 +0100
97ccf4b0680b23fc5536f707777bd6e6a43b7d66,2021-12-06 14:36:51 +0100
2d151a0dfeaf235a4b07cc4f0f06fcc24bb66311,2021-12-06 14:31:44 +0100
35f7dd5988a60086c6fd37424c82c52f7ac278cc,2021-12-06 14:31:20 +0100
dd28d3167d8514a6222269b3ace2e8bac599ce98,2021-12-01 15:30:29 +0000
35b9f61f9b370d18fa499a11ba1537823f3eeb14,2021-11-25 14:27:16 +0000
c1fc8642d63f22ea819550f83e53d3319a826ae5,2021-11-25 07:25:20 -0500
b00d1fb41ba858393288619773e721dfa7f71055,2021-11-23 13:58:44 +0100
178806688285d803dc3bb45909ac4eb68a7b37c4,2021-11-23 13:58:31 +0100
88a5ec549f36aa26c6055768f25386aebc100fd1,2021-11-22 16:40:53 +0100
59d5c9526f134b58b945c0a5ce09cca0340b3595,2021-11-22 13:06:37 +0100
d8807e64e40124ddee01ed65b5bcda071f2ce50b,2021-11-19 16:29:13 +0100
24a53f67cc0450f275e9fe2d91c3413404a28541,2021-11-19 15:58:55 +0100
f5c4bb747160d9679d893e04934e51380792b2a6,2021-10-22 11:52:56 +0200
eade5a5fa3c1ee2afe8b351686af003dadd69c72,2021-09-21 11:20:50 +0200
d7bc2e57c950991b14a7297bf412eeb1df7688a4,2021-09-21 11:04:25 +0200
30d46bb7572e4c25f8aab7b0b7d49cc1e666a125,2021-09-21 09:48:46 +0100
968419babd5afe256f0ed4763ca15a07ba36a97e,2021-09-15 11:11:29 +0200
612116795adae0689e51dc3aca26a35aed92a0b8,2021-09-15 11:09:09 +0200
fcd6d7122e90a5bac9e21f0800894164fa79d1fb,2021-08-05 06:31:42 +0000
7402ed24eafeff77bfd2d342cfb84e52b9f83688,2021-08-04 08:35:47 +0000
7586bd2fb9de9e89fee166574840c4aeaa63da35,2021-07-07 20:45:42 +0000
8148f42c028bcda94d93fc84176f33ef22716d98,2021-03-29 10:25:08 +0000
1abdf56176a12e91e1d303cd7ceadbe4671e855d,2021-02-26 14:30:39 +0000
9f4b41cc3af20b60fb3d94be917ea8de011fa586,2021-02-06 16:54:03 +0000
89343dc04c8f70b0559768babdff677e47da2d36,2021-02-06 16:52:19 +0000
94c75ead579ebb36923b9c80a074d2b5078a5838,2021-02-04 16:25:14 +0000
cfafafd8b72827cac03e1ada50d282ef57562216,2021-02-03 15:42:22 +0000
896ae8de81e2b46fbe004c9f8331bf23c4d581b1,2021-01-21 14:50:59 +0000
4ba50804b19228c6d4f3a11cc6fe78e066f171c9,2021-01-21 14:48:19 +0000
fabbb08ac00f4bf8f75c411f151f2f5211ad3842,2021-01-05 14:48:21 +0000
ad73a3727bce55544cae04460f081fb3526f1308,2021-01-04 17:32:47 +0000
742b37cd32375e72c1f1824dd50ce50ef8ffffb9,2021-01-04 17:31:19 +0000
4011a0b4aea8791122d427a9111b99cfbd5f8b9c,2021-01-04 17:30:53 +0000
b17fa991ff77de82bc7513a715421deebb32f699,2020-10-13 12:56:51 +0000
36be8476c64e6eb397daafd55fc8e504ef9ed9f6,2020-06-25 13:11:42 +0000
abd1eb26889e8fd90a97536f05b96b0d786b0a11,2020-04-30 12:41:43 +0000
4d669ee838681e22f4eb4fecc4b4a35c0b9e2389,2020-03-19 23:23:12 +0000
ae3be0b32d0a90b7b3d0f296fbc0b99da2d1aab6,2020-02-28 16:04:12 +0000
02f044e7d44002ecd9c37497e5596438a9c11dc9,2020-02-28 14:53:37 +0000
36dff1b46064e4eaed043dd75f05ad30a1c5d88c,2019-11-28 09:37:33 +0000
ba98f0f4f7afa5e7e6bff662cb3f36b086bf99d4,2019-11-12 11:10:25 +0000
4997383d0b472ecc6662da6a0699bdec0fffbf7a,2019-10-28 15:54:51 +0000
b74560ce9bfb0f563bf19617d25ef0e7c2855c35,2019-10-11 12:24:55 +0000
c407e69d59bf80b3962f0307f01927d54280086f,2019-10-11 11:52:43 +0000
ddeaacff510b121f16034d6ea0dba23c76aff656,2019-10-11 11:51:54 +0000
20f0c46b3eb81c7d0379de1ba349e9b6fd9e85ab,2019-07-23 18:52:44 +0000
2968f8713203fae01ee1395b05a7ce9cc95243f9,2019-06-18 12:05:22 +0000
8c1643c345832887b51829e6c55a55ee9698fd29,2019-06-18 11:48:47 +0000
e6a2aa1a144f3bd088898341dde099a5c75854e0,2019-06-04 14:08:23 +0000
c856095c3067c30f2e9fec578d2643517d24b6a0,2019-06-04 14:01:15 +0000
fa7bcb1d1aa317e64bfb3d8aa8411c0ad5851192,2019-05-21 14:43:53 +0000
4ebe71010e96ac03a824b6cc39cec054f1353407,2019-05-21 14:43:37 +0000
c6ae3122806c7e8405d521e55410e5d44d034fe3,2019-05-21 12:15:12 +0000
9ef94bcaa0f26e419109dcb6fb6d440faf71b3e2,2019-05-21 12:03:47 +0000
3fe517e0aeebf769691f3dfbda41ed29c37c17b4,2019-05-20 14:58:42 +0000
d02b9b8d79b810a385f487182daf49065b7488e5,2019-04-15 13:51:10 +0000
bb2c1eaf750840d099ad6ee68f3d8d9f71e89f2a,2019-04-13 13:14:06 +0000
6e54d46e53120f249f5ad6e3e2395a9ebe69537f,2019-03-25 14:11:03 +0000
35399986710809a5136d016b1c551eebb6539895,2019-03-18 14:35:28 +0000
51585ebfb880d8ca8173df20d56b6c2a0e64178d,2019-03-05 19:53:39 +0000
8b2f3f5353e24d73b163af005b59dc655fb6f94d,2019-03-04 21:07:40 +0000
48840b0e5c3611044e5d8e4d58db60764c09d2bd,2019-03-04 21:07:20 +0000
6ff80fe41e5729cbaa5e0f7a2f854790513fabfc,2019-03-04 20:41:39 +0000
90333fe4e0d300c5b736d9c59322d3d9c3afedd4,2019-03-04 18:30:25 +0000
b8ea71d328a3fdfef4a53b7681d219c306f52c80,2019-03-04 18:29:18 +0000
c11c040c3bd1d0bb6bbbef66c59c880cac28001d,2019-03-04 18:25:15 +0000
43dd39837984bbde213408b84361ed2be267408a,2019-03-03 10:36:42 +0000
1df3bc9c2181be3a2bad3557a4f82d625ff7f198,2019-03-03 10:34:51 +0000
c0a660cb598a258d26b08d97bdfab2a98807f62d,2019-03-03 10:31:05 +0000
b652b1f0f00dc0df5200299f0b975cd4fb385a30,2019-02-28 19:11:36 +0000
396074732eba9ea06afbab1c2af27c6e08e24c65,2019-02-28 09:53:58 +0000
a532eefb237a49fe5b53b0fee4a41a589df68fc8,2019-02-26 17:52:31 +0000
0fb82bca257de86534fcf67819eda98a3488cb8a,2019-02-11 09:37:05 +0000
a7470824c35754585a6feee89ae01c9d9b3507a4,2019-02-07 16:52:21 +0000
cc8c039268b3ca8c57586866b88afb8c51893095,2019-02-07 16:14:46 +0000
540be1137bea948e3b8fa40d75733e2f7eb7c79c,2019-01-22 18:58:29 +0000
f0a4a0facdb0e58792afbe76842427fd1f6a6874,2019-01-22 18:42:32 +0000
6d9afe96c2d5c4b682fe1c183a5ed75c09f7be81,2019-01-15 08:31:30 +0000
29474df186b0778b2b33d31095b67c91da66da96,2019-01-11 13:35:50 +0000
fbeb29d64e6bcf11e42615633b9f8acf11d61f27,2019-01-07 18:48:42 +0000
4a636a1b875d44f3d26cc670ff40482021865ac5,2019-01-07 17:24:36 +0000
4e75a1af4513fbc09b9a8f8bb9c19edec7a6147b,2019-01-05 16:20:19 +0000
37efc9ad0355bb663590c511a9509c4db787926d,2019-01-02 16:48:10 +0000
48791c8ffd4d485f72939a3cce477f04baac639c,2018-12-21 11:16:44 +0000
f873c3782239320ec538e1e4a6d56e9e28c2d3a4,2018-12-17 17:33:10 +0000
7011e9c9ddc7457907cf546239d82d086cb9a289,2018-12-13 16:17:04 +0000
05736d6535948669a08bcc251ef318991f45df41,2018-11-30 14:28:40 +0000
e853197cc4ff8d8c8eabe3aee5de0d2d12b78d03,2018-11-27 17:12:27 +0000
95f3e3b54671d74b67d82a6ee92b34785ed5b04e,2018-11-27 16:33:21 +0000
5050e88c8a427e036435413fe7616dece3f59d46,2018-11-27 15:15:23 +0000
3a653fe39f7bcdecf91bf2451ef984465d04685e,2018-11-27 13:44:28 +0000
609ed59ce71f4baa07027fa742a7556d2e97cff3,2018-11-15 12:43:05 +0000
4cd52cc6c4419e3652d7b261f4a5404c5c3f79d5,2018-11-15 11:48:08 +0000
0e986598bed4306216382cd9db958c6c3b8cc97b,2018-11-06 22:19:22 +0000
b17577b38f177de5905a9756f2756aa13739eea9,2018-11-06 22:17:08 +0000
a0c49ad47a9389291413aa6abfad8890998cdda7,2018-11-05 15:18:22 +0000
461b770ba26021c7cc10509efe277de2bda4dd0c,2018-11-01 15:15:03 +0000
997433ba531388cc39d589a3a38a7ac1f4b44264,2018-10-31 15:07:41 +0000
6dfceb4b1ce4610e84f4fca45e09b7034de01e98,2018-10-24 21:47:54 +0000
6b7a78d1224511dd93c0229dcbb971c84303b90f,2018-10-24 13:25:23 +0000
3d85d45e6d11055fab962776762a6ca17a288fc6,2018-10-11 04:35:08 +0000
62786180636ea28fcaaa8131616bc003b03a8bdf,2018-10-09 16:28:37 +0000
d07a568e1a6df9e7faf11bec9b03102c6761189b,2018-10-09 16:26:22 +0000
8ee05de2b3caa9d431ac950743e2dcb50b49ba96,2018-10-09 16:21:47 +0000
3be0be4c9db42c93eb5a8cbae0a2334d3cbdf467,2018-10-09 14:20:43 +0000
334f638075d4607b1c960b04a5e149e3754492a6,2018-10-08 15:02:14 +0000
efb09d115e31a442c77000f85de85a1f67c9f0e9,2018-10-08 14:37:03 +0000
371a70d6870218355af5a417f752cc116788e9c5,2018-10-08 03:10:20 +0000
c66775d8c7474ba745bf8e1b0a33ddc64b552321,2018-10-03 16:16:00 +0000
46dcf10aae3d6ef2c62d2c5d7e3c0d4e8f3d9104,2018-08-22 14:09:53 +0000
aa13bdf4a58d0dd0669a2dd0565abcd6d3123379,2018-08-16 08:10:40 +0000
76a93136d1956e764d90b0f30b044f242ff1360e,2018-08-15 17:59:03 +0000
f4ab94d482f807869647386b9c36ff4880dcb6df,2018-08-15 17:54:18 +0000
4b93217566ccdd284114522a0fd291e8767d3e19,2018-08-15 17:35:35 +0000
8da8b349b713061bd2ce922dceb136c5994031c1,2018-08-15 17:35:17 +0000
81dd60ed4fdf5eef502db878a455a62e06a48929,2018-08-15 17:34:15 +0000
776ef015e19e69d25d7d553c2b3582e1e4cb845b,2018-08-15 17:33:23 +0000
08a9dbe9f9ad92efb160de12ca611e6288f50741,2018-08-15 17:32:29 +0000
d4d413b0a120e494c96634dd49a02653da035f1b,2018-08-15 17:31:49 +0000
15cd6ab4ea1041bf64c2758c91b101a300dfbb8b,2018-08-15 16:23:11 +0000
2c6d38399d372411209010d292a2925d17ab0c1f,2018-08-15 14:00:23 +0000
70d4f33a4f9dd6cab07c04ebc04d682345a97e42,2018-08-15 09:39:20 +0000
5558db36de00e6db52231b1036c808bc96bfe4c0,2018-08-01 20:54:29 +0000
5f098bc3b70a55ce175718753d135082e18e4572,2018-08-01 20:30:42 +0000
97a534f01bf342cc029d77b20cd424788390d998,2018-08-01 20:30:15 +0000
1e0539b646cb5d3e2dd048d01903f3b13cb62e0a,2018-08-01 20:27:42 +0000
6c64d93350fc12fc268ff72ebcba8548fa33c603,2018-08-01 20:26:52 +0000
6f32b75e914b374f05b01ffccb26104917abeec4,2018-08-01 20:25:58 +0000
61ac99361b4e135337ebd080faff409bb236b91a,2018-07-30 21:05:30 +0000
81739344a832c0e4041f1e05187559eadb8aebe8,2018-07-30 21:03:08 +0000
68cbd18b1bfd9a4ab32184fe9c2dbb67831cd1fd,2018-07-30 19:55:17 +0000
70eb16dc8cc7d1ddf89eef98b62eebc5b7ab278d,2018-07-30 19:54:04 +0000
e0a2f47f5f1546ee6b3cedbada1c8072ba76e0cc,2018-07-30 10:42:27 +0000
f0d2968dca481529cb1d3e11b922e7c4583b6f2e,2018-07-28 20:35:56 +0000
8cb80c338ad7075a948f05471a841134dbe9c518,2018-07-28 20:00:52 +0000
bb574c13c845cb00eed62653ce600e800fc1d370,2018-07-28 19:39:47 +0000
4a3634ab898f88ac0419d7ff8ee9af81a3fcc098,2018-07-28 19:37:35 +0000
8a047ddc443e2787b0a540aa53f2ee2fe230a716,2018-07-28 17:30:04 +0000
e3c1184a501c6834738391e56a58fd35876f4030,2018-07-28 17:26:07 +0000
1197728f0d4be0dbc97ab0ebb03b87bbfa629734,2018-07-28 15:37:19 +0000
8eed72b7ded6b0b795ade24c850c0895343f7a19,2018-07-28 15:22:09 +0000
33cd55324e5964299f64fd6738de4bb88e72e5d3,2018-06-22 14:24:41 +0000
ed491ef55fa8a06ff661f151c0001d8c97b4ebbb,2018-05-16 13:37:35 +0000
291a8d8fe768b69ea2850ffa76f2dd51905a9a71,2018-05-08 07:30:36 +0000
76b551058c474ddf439b263b3291371ea75550b1,2018-04-12 13:23:30 +0000
61e6b3f94b27288427dd7d1e3d5b97444d24c0e5,2018-04-06 08:26:12 +0000
7254df721eda54d0080889de29b9d2feb3badca5,2018-02-21 08:15:09 +0000
5e91ba38465eef8e0748f2e686ab75403bdf9069,2018-02-21 08:14:53 +0000
ec1e2ddc9afaeb3aeab412939dd8aa65502b8147,2018-02-21 07:18:11 +0000
6bcb6fed79298917f2738162e9c0aa9d006f2df1,2018-01-29 15:32:15 +0000
29e298553aa65afae16affcbbf08d6ef17591dd5,2018-01-24 10:40:57 +0000
792f0cadb830e129f64e6f65694cce004554ee06,2018-01-22 14:35:04 +0000
6708a3c3bf2f9901c85c64de5d87896be432e841,2018-01-15 08:11:20 +0000
24c7ef59614ad674d6f6b579811086d5958d48de,2018-01-12 16:40:32 +0000
b3c4940d45db9d13a579c05428361f4b7cb24642,2018-01-05 08:33:52 +0000
e0d4b40a52c7f24370916b8e31b3bec05cc70034,2017-12-23 09:32:08 +0000
11f2f938fe03d0363c680a1754bfbb18d5aa6d3d,2017-12-13 15:38:20 +0000
806fbd83ad426278b41f4da7dd18e5641b06f35e,2017-12-06 16:51:52 +0000
f9f4f19bca68adcf4a792e05ff7f47c7c7ff48de,2017-12-01 14:34:05 +0000
a555358c3f0bb897967d0ef62a58fadba6d60e66,2017-11-30 16:05:59 +0000
d956a1927bf590ae4da2ed7a117af0cc0a33981d,2017-11-27 14:17:26 +0000
d14d780ba8d6a064399b320281e846e805379ce2,2017-10-24 12:42:13 +0000
5c441a24f78f87d4481b5b81e32a9391bf368172,2017-10-24 12:41:58 +0000
df4c7926ee128e9918fe228d167d39a47e449ee9,2017-10-19 12:34:53 +0000
dfd40600bb1f588905bb1809e63b4c6a7351caf4,2017-10-19 12:34:25 +0000
5037cf50a7f3028d8c0f21ba05b0b1879edff615,2017-10-19 06:40:28 +0000
03e2e8fd3fcba020dd114da348cc9bba8f5dd96f,2017-09-27 14:42:39 +0000
c903d675d99b5a8ab1759880c94e900a3724163a,2017-09-14 11:59:33 +0000
6ccc12fc518f9273a0b5caba7e0dbadd34518d38,2017-08-11 06:53:33 +0000
b925dca877629df706f724d0bf44641eca4cec17,2017-08-10 10:14:53 +0000
c31caabe692ea4038a6e5ecb05014d2080ee856f,2017-07-13 10:56:47 +0000
3ef96fd097697b4c54c44d27da875b89a0b91d00,2017-05-23 06:39:57 +0000
cfc976ec6cbade24017f03ec058564e3ac9b6694,2017-05-08 12:50:06 +0000
463c04f708d6d525774f175f0e7248aeec11fd9d,2017-04-27 14:08:57 +0000
11392916e4ac636941c50988a8351ec0f9642b87,2017-04-06 14:26:20 +0000
2e14aa1f147fd4e791bd8550d7e12a2bf7b9b12e,2017-01-26 09:06:05 +0000
aad6c7c442a84a114f7852d12e6e0c73d80bd036,2016-12-18 15:24:20 +0000
6cf7f3cab2f9b89b40f1dc8b4e5930cb3b5cb558,2016-12-18 15:23:21 +0000
4b6b08a3554d37b97c3bba39246b8e6266ca2751,2016-12-09 13:19:59 +0000
362ab97d739c000a303fff53d62ca32cf0c60841,2016-12-09 10:29:39 +0000
87d7aa7766215f10b918088cf9799da5d4c2d5bb,2016-12-09 10:29:13 +0000
0f038d886efd0f0a639e4e79b1567449a8fa281a,2016-12-09 10:00:57 +0000
4682d4951d4532b0e1e4dee2b23b35ca07cc3cb9,2016-11-21 15:21:42 +0000
9a859080282e17abf56dada1bac0914bd05b3e47,2016-11-17 21:06:56 +0000
6c755b241059f54473bea17f6233729bbd0d639b,2016-11-17 21:00:07 +0000
e34a17d9961063fb859fe294fb752f57a337fc54,2016-11-17 19:56:49 +0000
784c06448033d04cb2633de3c0fb1e6c043e35e7,2016-11-17 19:47:28 +0000
3e1f316ed4dd35a00d0400201e812fac7c494081,2016-11-17 19:31:00 +0000
228ead4084af0611e08c2d5ec9082abb4a30d992,2016-11-17 15:12:15 +0000
2f407da3a490bf7b4ac53dd4c609f83012b346d1,2016-11-07 15:13:26 +0000
a2e68954dac28856b9f0c11d799135eb084e0376,2016-10-27 14:11:13 +0000
8faf2b52881dbb7fe33253c9e19413b955edcde0,2016-10-27 14:07:36 +0000
27ba2ec8a46cba40f71a188caa220a4dc7abe347,2016-10-27 14:01:02 +0000
3fc1317b0c443d782530204099a6db95139cdd22,2016-10-27 14:00:01 +0000
58255b4b569a2ad2b1f7ca7fe58eb91369b95c0a,2016-09-07 14:31:58 +0000
53a20d3bb368148f0929b6dc67ffd006e7570ef8,2016-08-18 15:36:39 +0000
a52e1d8bb97fa52627fa319e29068fe989556187,2016-08-11 13:55:39 +0000
f5e666702290c062ffaa95782764696e2084eaa1,2016-08-10 14:18:56 +0000
2a64f2b70e28c266f0fc4c5cf2a44ea20f9b9def,2016-08-02 12:55:35 +0000
1b8d16fbbf5b32c8c5773fd29b2f8b3c31ebad87,2016-07-31 15:59:03 +0000
153cece7e73ea683bfa35062c83f4f0c9c3775da,2016-07-31 15:58:39 +0000
7a07c9c52d1414908fa86f3106b0ee8ea0a86c16,2016-06-30 14:50:31 +0000
5ca3ca713ab9ad09992db65bb7440166d7958e08,2016-05-04 11:14:05 +0000
e03821499a910f9c030bec6facae83515f494a3e,2016-01-23 18:01:08 +0000
2a07ae92c8297374f4f9fc9ccddd1e707852e38e,2016-01-23 18:00:44 +0000
c761d21c07642eeeb73f065682681d4f8d520675,2016-01-23 17:59:50 +0000
5cbdaad32bcabaf4e82926901c27dec8142296aa,2016-01-23 17:57:21 +0000
3afe38d9f4ebec7131804ed6db017db7e6b5f5c6,2016-01-23 17:55:51 +0000
f6043a4d23d52f584bd33b3c10bd6ec3352b4e0d,2016-01-23 17:55:09 +0000
82da82a7fef660456a7b3cd44f90200e22ecdc80,2016-01-23 17:54:22 +0000
a46c215d824b93cdd178a44d24f22a7a0ede1a13,2016-01-19 10:11:23 +0000
116c0223b59ab04d644598067c8dd6c9e67a16a7,2016-01-16 17:38:47 +0000
a7bca33c41983ec44b4ad28ce0afced84f2d66c7,2016-01-16 16:33:03 +0000
643ad072e4d8e9933b7e0297831d245dd1610fa0,2016-01-16 16:32:33 +0000
d1d7f61ef9190bdc704b046fe6bf94b1ce132802,2016-01-16 16:31:45 +0000
4e9b564bceb65ab806675ae0b1e100994b76999a,2016-01-15 13:44:43 +0000
44ffa4633ec42d75a74c84296391e7d94b3bdd35,2016-01-15 13:21:01 +0000
718393782f3b28c3de4c74ded7d948cb00315fdf,2016-01-15 13:20:43 +0000
0105f65ed8d518ac667e08f52559760c45c2deab,2016-01-15 12:59:11 +0000
dcaf5eae34ecae7c46b56a14a4eba75f1aaaab4e,2016-01-15 12:58:53 +0000
b904a63e528cdf67f805b0aa3408cfa38909bd9c,2016-01-15 12:58:04 +0000
fdf4c1098d3f3163e132a10f645729fdcd6a21a4,2016-01-11 15:22:04 +0000
593c1392d310eac5f280a47fc606e2509ece371e,2016-01-08 11:40:33 +0000
e04e142b1e18d5a76c5a6aaaa72c4b9703759ca3,2016-01-08 11:40:19 +0000
2728e489e76da2f500e4b8137550d1187034aeb8,2016-01-08 11:29:44 +0000
2c6ebe5c74ded19305c3b8289d43cc3f2370d004,2016-01-08 11:29:21 +0000
877b8224412e454c5be21b71aee610aef758288e,2016-01-08 11:27:47 +0000
d32065bf8eeb916f05705102c9be675b0dd1d699,2016-01-08 11:27:14 +0000
31b15ea1267b8d8d7edc300ec69b3ccfb7ef9bf6,2016-01-08 11:26:10 +0000
d6585984e21a557226862fd5dccccef233bd150a,2016-01-08 11:25:40 +0000
c1ab30a4f43d412f81fba64d7d9a9f76495abc10,2016-01-08 11:24:57 +0000
e95575418826b3de3bafd4f16218493051138267,2016-01-08 11:23:54 +0000
1daf6e0b4772e275e8e6e87f6b52438fc8ec9faf,2016-01-08 11:22:24 +0000
e297cc5d3341f26f1641f3ea373ce5219d75aee5,2015-12-21 19:36:32 +0000
ebd468d1d475f1f4f9b339dc745359ba0a5177d0,2015-12-21 19:36:12 +0000
f25df4d76fa3c26590a91d43e5c216a26d7fe4e2,2015-12-21 14:36:21 +0000
5f40a7afd29a10697e6ac2a6ffa59a5d66e5a94d,2015-12-21 14:12:54 +0000
89be4882a74358fe81dc5a454b4bbcb955914e6b,2015-12-21 13:54:15 +0000
1e9631fedb78aa6ac4f95fcb5dea269ae693a61f,2015-12-21 13:42:33 +0000
366b279841603b174ff64caf10651866867a05ed,2015-12-07 14:38:19 +0000
e75855548d72a2460e25ba4395e1e026a3d7b0b1,2015-12-07 10:23:44 +0000
223bfb96c5286da4553ccc5c605c35688a9a36be,2015-10-20 18:12:50 +0000
e4416a2c29a9da909f8b0a9838f7b40040df6755,2015-10-20 17:08:10 +0000
76d2e374c7e43326f592ee97e6361d96668efcc5,2015-10-02 14:47:51 +0000
3e74e9fd96e946a1ad5371f4be1b7abd99d2a3bc,2015-10-01 13:18:35 +0000
9d9a0c0ef5028817986a5ac4795576dee91ab3f1,2015-09-25 13:37:47 +0000
dcf9a53010f5d13f85c3c6a11ff89f3f1351c276,2015-08-13 00:45:19 +0000
74e82f37594e8d25ef064361fcae53d0eb3ebaea,2015-08-13 00:35:47 +0000
a71146abbe6cd244d6b967bab4050647dd94683a,2015-08-13 00:33:40 +0000
71477a13162cbfcbe039fc0d8a6ddd8430ecc7c2,2015-08-13 00:33:04 +0000
374d24c2e43975920d23b2cfc58d2cc92a886465,2015-08-13 00:31:25 +0000
dc0ce031c8f197bed959450cee292476d27b3e8b,2015-07-31 10:49:40 +0000
4248d686fbb164fef29c0da9936e49c5440a4b45,2015-07-27 14:48:21 +0000
b8cfa052d928629d092ea466df05fba23f728a3c,2015-07-25 21:26:13 +0000
c70ddfc92761e4f0d44dc033e53950b1242488e7,2015-07-25 20:33:08 +0000
33026d70e6405ccd7288f09b9785fdcd4be1abe3,2015-07-25 19:28:57 +0000
962de4b0dce51d74ba24998301b979698762dd4f,2015-07-25 19:25:31 +0000
9d41958515848f446592e3799f03a4ce870f0514,2015-07-25 19:24:53 +0000
a1385373b86e5e771ad00e0903f9eb58cb1ceae8,2015-07-25 19:24:06 +0000
8df74266bb6e0ef676ac327f78f573417d2de449,2015-07-25 19:23:22 +0000
7adeb47265011dbaec82e053ff71249990569dd1,2015-07-25 19:22:57 +0000
450d7bf7bc1ddb98fe0533e4730358fb238b3d92,2015-07-25 19:19:08 +0000
44f5987e4acdb16233e9357f73130daf5b2dfeda,2015-03-11 16:39:46 +0000
e442f178b00aba6b00e80f097ff7898e64a6b587,2015-02-27 13:22:23 +0000
084a6ef2d8b095731bfa2d546876a6c6282eb2a5,2014-09-08 15:07:31 +0000
231c68781c0ed72ee38d926d47f02c10f4946b67,2014-09-08 14:54:26 +0000
d941d6e9244c93fbad7d14c14a9512ba76b5321f,2014-08-26 10:40:19 +0000
be62d06a996efd89d68aab214fe86030cbad005f,2014-08-15 15:04:14 +0000
977678d93afbed1af0abd681327394b4eab4c029,2014-08-15 15:03:50 +0000
22a7236fdb0ae4a792dfce20138dfdbf9fbc0604,2014-08-12 12:40:41 +0000
3883fefc1f4e6c06e12baad3e2e3f7f112bf19a7,2014-08-09 17:03:07 +0000
7ebb8b8a01a591224962fb1ebfce202a1f3c4daf,2014-08-09 16:27:45 +0000
ef9e301842ce3332ea9c00a91b0fa94cc056d909,2014-06-27 14:46:47 +0000
857c17b125b4c831cd55e61be237a8c018fd0b97,2013-11-27 10:07:06 +0000
b36a4b1db3fb70cae09eef6acee42c05010e740d,2013-10-29 14:55:16 +0000
d256fbba419633f8e9a15b6cd0926144938766b9,2013-10-03 13:32:06 +0000
f0225e3eadd158226d03f9869a226d4751e9fed0,2013-09-26 07:19:09 +0000
d7b08938a7d8218344e01df939a457082e6786cd,2013-09-25 15:19:11 +0000
81ca2485d1eede6daabc6e3926be83b486027809,2013-09-25 08:12:42 +0000
46216a38cdd42d1d3ce61377c544a194804b2d71,2013-09-18 12:09:23 +0000
cc041af2ec43759b88d50fc3b04589d79bb87d5c,2013-09-18 12:08:41 +0000
90e864235fbf460eaf6e8cc874a23800c1ae5b04,2013-09-18 12:06:30 +0000
aa2a072c0870f0a3150c39afad49a280504c8834,2013-09-18 12:05:11 +0000
7d76d179341a2afb0a1d780378cbc82b95d80908,2013-09-18 12:01:48 +0000
2f90d4777ecdbcb1f861be6aaa3b28ad89f84236,2013-09-18 12:00:31 +0000
c9f25acfbd06973f5bb38e7628330d0e5c869f94,2013-09-17 20:22:56 +0000
dcf48fe20d4818837fdf73578d55374c2e6ed47a,2013-09-17 18:37:14 +0000
1d072da05a91df8ef90eb62cca71cf9998a15fdb,2013-09-11 19:32:27 +0000
ec17bf3d83a0ee03294d78da5bac9a1e30bc9402,2013-09-11 19:29:01 +0000
b30e5d7edce2484844844b6ea3bbbbd697eb0784,2013-09-11 19:28:23 +0000
f3f87f6756aba5bedb9e97e305dc8780cc4dfc07,2013-09-11 19:26:21 +0000
4df38ba5d52d06d5e5ee39a04b48f95317be6933,2013-09-11 19:25:18 +0000
569fec6ed924198b8fa00de1a210229ab041d6a1,2013-09-11 19:24:37 +0000
ec54795baed58bf2692b581ccaade72d86fedd7e,2013-09-11 19:20:01 +0000
b9fe689431f4eeb2568fb704e5f00d8b6d0cfe4d,2013-09-11 19:17:02 +0000
2f9c065e2ec2a862dbbb65fa0b5fa07431c52df7,2013-09-11 19:13:12 +0000
7d28b66fc2e9130c886f577d91418fb06db82497,2013-09-11 19:11:03 +0000
dbbfdab3740eb4c0258cfc1a44acaf50bddb9e28,2013-09-09 13:41:28 +0000
bc094611b49f5241585e198fc6419628314df325,2013-09-09 13:40:27 +0000
b7088f21d56407dc5b53320274c05d0685a424c8,2013-09-09 13:38:07 +0000
01110c2f531e1487513badaae9739070b7b1ea2a,2013-09-09 13:36:29 +0000
06567712fc5e1e6a190c6d46126a28d268fb8dfe,2013-09-09 13:35:01 +0000
f08321cf76d947f0d8b22bdc5497c7b762a714da,2013-09-09 13:33:58 +0000
82ccef8e33be85bb5a42924604028c73965630e3,2013-08-25 16:31:29 +0000
530aca6479e979cbeceb780a9cf3428c17707bd4,2013-08-25 16:05:03 +0000
185120fc32a78daa98c5e5b2243435f8c2126abe,2013-04-09 06:58:57 +0000
a8fcb906ed656080cd8060bf523a7cd13745f717,2013-04-09 06:28:16 +0000
add6f782b75e4d4418cf61529ed8ebbfc78faa5a,2013-02-01 15:43:44 +0000
88cd1087ee85634d5d9583c41b6c6fb46351377b,2012-12-27 11:37:17 +0000
f77743babf2db548825dbb4c793ca47f07e97f77,2012-12-27 11:25:05 +0000
a545b311cce71fdd2c51b5c74ba0204046ff1431,2012-12-27 10:51:33 +0000
2670e8f58b57f50209942bcc6dcf20c22562cac8,2012-12-07 14:34:19 +0000
bd6391a45ea5ed008aca41b342ee5f766adb5dac,2012-11-18 18:00:57 +0000
dccdb4deb781278ffa24a10d00d2b7f2d3c75ace,2012-11-18 18:00:13 +0000
5a306f0475bd8e067218d911a4b2ca10899d36b9,2012-11-18 16:55:27 +0000
ff596aeaa0262acc4926a0114a5b8669bb1a1ecd,2012-11-18 16:52:12 +0000
9a605988964ab0fcda9e8664400283f8df5e23f8,2012-11-18 16:51:09 +0000
013c9fcf4103f546a513cf09bb86ba2112e3e561,2012-11-14 21:18:20 +0000
666784ebdd5bf7fe3d295a4cc983180e0495bb24,2012-11-12 16:03:09 +0000
a97371a36060fc7b7ec22cf21d38d09d41b0fa83,2012-11-12 15:57:49 +0000
6684df8a91974537a5e7934993a17d0aea725518,2012-11-05 13:26:37 +0000
6d961cd70b1ba9093af5e05d0671b9df9b9f0e2b,2012-11-05 13:12:17 +0000
3f87f342134d6456ca0aecd0f092cdb4d63a5621,2011-11-11 01:42:55 +0000
1ea2e8f4cb920c15315dfac6266b122b900a3209,2011-11-10 22:21:12 +0000
3382a1df52c127421756da6b260539ddaf05e217,2011-11-10 19:24:06 +0000
d4da0209369d89f51a8a8cf222e7b1a0253c4ac7,2011-11-10 19:23:45 +0000
687d1be672593aac38e92e5ffdf5a3dc6a8bf1c5,2011-11-10 02:31:47 +0000
21d144b0696c8994d92520331af4cb57edb3631e,2011-11-09 21:27:21 +0000
7d01b40407c1f5cd5773d512e6a10a6a2e3f50c7,2011-11-09 21:13:34 +0000
d872e6e0e9f3e8ebe9067751c5d021847279b4d6,2011-11-09 21:06:26 +0000
b5b6a7bb6a494c5299c844a3603c65944d418476,2011-11-09 17:06:04 +0000
128494a85f0270624cff53a64ebf64c12d59bc25,2011-11-08 19:02:56 +0000
e8c1dc716f189c01a48f5942fe5dd62f72f4cb48,2011-11-08 03:14:28 +0000
502e5fdfab2dcda038b84f55e42f6ca3be36abf1,2011-11-08 01:54:43 +0000
b8b09bafe6567f6da7f39dfe2049d360ff5fe09c,2011-11-08 01:45:21 +0000
22334905424dfad492bcd8662bb5c3d6cd04382e,2011-11-08 01:43:54 +0000
0e77d7928e3734da8b6d07cca83120f53505d4bf,2011-11-07 23:39:51 +0000
97b2cbd648282967f37cf8fbfc00e50790e1c6ac,2011-08-30 18:08:42 +0000
82c7bea68ee3aa4fc3dd004fa663a8a9eacd5178,2011-08-30 17:29:53 +0000
fcd1ea4a6d9df14d38315fbfda1520d7a90cbc81,2011-08-30 17:29:25 +0000
13b0fb4993e6f01984fc564f0db9e51050bb7a7a,2011-08-30 17:28:27 +0000
25a7f90b0fc51b538108fa2e5b8df79eb56e2e24,2011-08-30 17:27:59 +0000
7078add57f9a42bacecfae0bde2ee0384da3b421,2011-07-30 21:18:04 +0000
0019b47f57d1572f5d361fbdc515d24fa1e063df,2011-07-30 20:16:37 +0000
4629797c23f5586392191626a96abaf5b510ab28,2011-07-30 20:14:38 +0000
17e0bb8fad277e87c056e3efd29ec88af125f472,2011-07-30 19:16:27 +0000
13cef144414c6ca5c4143febd50461a1027b28ea,2011-06-26 13:31:40 +0000
bb713bb6aebe4904d373ed9b490b6fcca84f47e2,2011-06-26 13:22:40 +0000
c89a4c4c1605af1d9a61857fe5e5571a4006fe08,2011-06-23 15:27:35 +0000
b836b1a2161e15af81ef3326a1fcf9e6c508bea2,2011-06-14 16:57:55 +0000
fa33b4e569e710fca67a7df84b0504fc6361c1d2,2011-06-14 16:57:10 +0000
1e6a83e6d5a90060e80d79df85b45463b3e49b82,2011-06-14 16:27:05 +0000
1549ace5932ee1ea23c1c7b2f0105e97afea213f,2011-05-30 10:01:17 +0000
1bc56b1df08c521e27539a3f8040a6761163c81d,2011-05-03 19:17:37 +0000
00327bfdabe901c8ed482e509d86dcc95b05c774,2011-05-03 19:11:52 +0000
4c788fb80d21446cd4bcc32ed518cb6ef1f3c492,2011-05-03 19:10:31 +0000
da0bc15574755b22f45c1194dde87e9b63e5eeb3,2011-04-25 21:06:57 +0000
040ab09f0531f789c635efdbb3a0f57a2bb13a6b,2011-04-25 20:31:43 +0000
4fdb2e4098c49a4f64ee7de3d2f75438f052f099,2011-04-25 17:10:56 +0000
437d5ad2cd15955fe366824549518eb5c8456025,2011-04-24 15:19:15 +0000
8b3d98c128b511a9c700415f0ef66d70a1a78d12,2011-04-24 15:16:39 +0000
e9a87653f569ec9295c72714bf896258559cc013,2011-04-24 14:53:57 +0000
fec88f2c15f99631c5d39218ce9206cbc3c7ddad,2011-04-23 10:37:19 +0000
41993dcd41fa5458634190bb104ada3aa5420fde,2011-04-10 20:50:54 +0000
24c7b0892e3dea33876f08ffae00c7eeae9a21c0,2011-04-10 20:37:52 +0000
e084df731aa5df9f8926a068d77fcff52fb9f0d5,2011-04-08 19:03:55 +0000
5794011801bb9e13a37fc7ce4068687c04e2d68f,2011-04-08 18:06:19 +0000
85fa5c92638d3b93ab9fdf3d0435b06b38de627c,2011-04-08 16:45:01 +0000
f24ab5fa3cce631d2df10134cc8911d6635151fc,2011-04-08 16:40:48 +0000
290460b6f9c28451ecc41f12e90ead49fd82ca35,2011-04-08 16:40:17 +0000
a7b5c1d879a5a00100e1aacdcc6d819c47442fed,2011-04-07 20:27:09 +0000
7ec0be51e4daa49df96053e369d1a3905cb795a9,2011-04-05 19:42:47 +0000
c57f6584d31ab0211a735d6a372a800cea6b4f36,2011-04-05 19:41:42 +0000
1b74848f3b2c9b850e77c1f610718ba34da4ea10,2011-04-05 19:31:46 +0000
89f735cb3c1964bed153c63ce1e5d1d7a6a40cc9,2011-04-05 17:29:16 +0000
c266e45db8132168096fa22ae39f85b7b4d17fe9,2011-04-05 17:00:47 +0000
43caa73d29c64e7749c5e15c14d8b6f67512f8ca,2011-04-05 16:35:58 +0000
f6873cb637640393defa13043d2e98374ebe49ce,2011-04-05 16:33:22 +0000
9b023e53d3155d87c5f2db91c1787df5d7e54689,2011-04-05 16:32:11 +0000
c5033eac91684b59072429469c7543bfc14dff07,2011-04-05 16:30:21 +0000
ebb6c73a1655d9b4e1ed06493107cf640ac83cd7,2011-04-05 16:29:39 +0000
8591aa21f41a3e60b616c96171200b88a6b09968,2011-04-05 16:28:17 +0000
5bd5356d70d7ed3735301f805a5269e85dcc786f,2011-03-24 18:00:55 +0000
078b538316459fdb01742e8c441188b0f586238e,2011-03-24 17:59:42 +0000
f21272efd71eb617b0eeaeeb5401c0c198fb8ff3,2011-03-06 20:03:18 +0000
a8a5f0c7fcf50d4aac43d95575d7ca5e866b47f7,2011-03-06 20:01:06 +0000
2b53651603358ceeb09c4bc61b6deacdb5fc5795,2011-03-06 19:58:46 +0000
50eab421cb000eeae6f72748a75b04a626e19a15,2011-02-21 22:18:45 +0000
5969f1468ff2d8654b9a8db29def7263878cc8a2,2011-02-21 22:16:51 +0000
8a12b03fb8025ae93a71337119031f3c26e0cf55,2011-02-21 22:16:04 +0000
70c1f2e91a8e35501d0160a1d4db9c58b587287f,2011-02-21 20:27:52 +0000
924a0b2874b56187beb9f832117d61fa5e8b95fe,2011-02-21 20:27:04 +0000
b4d9f0fc2e605f9d6ea5956ceef45dcad255f3bb,2011-02-20 13:12:43 +0000
6c5d045631055a26acbd71c144fa1c69b8ae1c54,2011-02-20 12:45:06 +0000
ae5f0c531d221d843d1eb210de00880641a709a7,2011-02-18 21:32:19 +0000
cade70439a1dfb458775c77e750e4405dc425a72,2011-02-16 20:24:39 +0000
0b3a42090f8db4fc7d75900e50561f3f5aa1d83f,2011-02-15 22:06:55 +0000
4471d870c2fc295f31ebd8ab3e32951723729f6c,2011-02-15 20:54:47 +0000
59c5656548b69a03ff9eb8add91bf9a9b67058f2,2011-02-15 20:50:57 +0000
cf59779b7904f0a5f7ce563c4664bdd9713ef826,2011-02-15 20:47:31 +0000
62326b35a418774fb94e8888617efa340e007a62,2011-02-15 20:32:27 +0000
3641380d287c6bf47ca08c4713946dd0af7301bf,2011-02-03 20:46:29 +0000
608aa8c7911c7d4e47af14a52c74979ada48b6a9,2011-02-03 20:27:59 +0000
a33c57c7748024389d528fe426e46d014dd5034c,2011-02-03 20:14:53 +0000
f1c5fbe15325ca2166d2edb9335938c97c5fd0d8,2011-02-03 19:44:37 +0000
9c0da9198461696ecc034ffc21bd5ce20b0b6741,2011-02-02 18:15:37 +0000
e5a82435819858bea37300b1a0e31154e9e94201,2011-02-02 18:12:40 +0000
b7a56223356f1c60f914f270964086e87a83d1ff,2011-02-02 17:01:46 +0000
063b9e9acdc1c456749154b9c7fb98ec190b03a2,2011-02-02 16:30:53 +0000
211b67f3a28c0e1480f98beb2d300594fe6d86cd,2011-02-02 12:50:13 +0000
aa9e413ee99fbb8f194caf39c3f0e91c83a24094,2011-02-02 11:57:20 +0000
87f6747e603c5f71e73a970a86fd163da6c6f2ec,2011-01-25 19:58:14 +0000
6d948c7fc489627d86ebb79b3f90840bdfda3ace,2011-01-24 21:14:28 +0000
9d18f761b88f5cc8499fc148114de82e6a90ddfa,2010-07-25 15:18:09 +0000
f4b3ed14420619a9169f4d159efc206fdc9c0015,2010-07-25 15:02:20 +0000
8dc7a472fe840bce8ce1e7a2e8ca00db08957c64,2010-07-25 15:01:55 +0000
cacb774549e8681f3d41c0ee03459df0a639efa5,2010-06-29 19:50:28 +0000
f5508778885a72d3b4c2d48093e7e6f027408288,2010-06-28 20:16:06 +0000
e58ca33f6eced589e63b0ad530b75e8a737d96e4,2010-06-28 18:58:20 +0000
b6f18f515dc5b2e71688f8c3392485b94a8073ae,2010-06-28 18:55:47 +0000
c7d31a40807db06140d2cec5186616ec619893c8,2010-06-28 18:47:07 +0000
6ecbd6b0d58c4805c888c7fe412db916d9829df8,2010-06-28 18:46:21 +0000
0fdd7c1a3f94db19bc9a5ee0ef5f430213756880,2010-06-28 18:43:22 +0000
31c997986fd8a7e93dfc5427b02432fc9f2f2f18,2010-06-28 18:42:04 +0000
d899b9e7d3c1df40ade54ad67fafb4ae4dd7a7a7,2010-06-28 17:23:18 +0000
93c02ae45495a3dbbf1f2807cd82dc12e58dd3ce,2010-06-28 17:20:32 +0000
300b1e09058ef5dafc6d1159de44e7ef777a86ac,2010-06-28 17:09:41 +0000
2eea8defd0197cde855c9b54dc7afd09a326f29d,2010-06-28 17:05:43 +0000
b31a6458e80b72a3a714e49839b9389c24850fbc,2010-06-28 17:02:05 +0000
edad999a7779a35a8e4ef0ef4bc244936b62e5d5,2010-06-28 16:59:21 +0000
a735b9d7cdb76aed3b8d84bc4a35b47cdb65bbad,2010-06-28 16:57:01 +0000
eafc3162dfe8949d5d126444d245fd9e08505e08,2010-06-28 16:55:20 +0000
9fc63f8f737387e6999b3f94963949a4aa3972c7,2010-06-23 18:34:33 +0000
4fe082a93bc93f1c2a983c9a88ec0becaf6c73b7,2010-06-23 17:53:31 +0000
6f30a7f4bf5625f676c7fdb0e31bbf7372b59ac2,2010-05-22 19:38:55 +0000
099b09d22916f0e92d4c17d5989992b82d81aff0,2010-04-27 20:57:51 +0000
0ac3e4cba2106420e368fccde629167fa8f4d360,2010-04-27 20:54:29 +0000
686fc824de4116d3bcfeb7b50f5675d942d5ad99,2010-03-31 13:21:56 +0000
fa67ecb8eac8cbde23adf9fd298ab62190e86266,2010-03-31 13:21:07 +0000
3ccd93caf3a29250c1bd5320c2ae9c5d36b0186f,2010-03-31 11:52:06 +0000
9cfb893bac1e25504cd00595f91c8b80c5a0f3e9,2010-03-31 11:51:24 +0000
c33729007ece9cc7a803a8ea4d62fab916083b81,2010-03-31 11:24:21 +0000
f7098636c50d42266ce9c4ae7496eb8bc9386a40,2009-11-02 17:44:32 +0000
5ff91ccad06b0b409d40670c6e3a04526821cd64,2009-10-18 19:11:02 +0000
2bb62612c1cc697fdb4500ed492e4e295fb050a1,2009-09-04 20:18:54 +0000
9b02f21da185cf3acbe45749ccfbb66c2a82b688,2009-09-04 20:13:38 +0000
84ef12d344162c670d32e28b670b34bfdb33bfaf,2009-07-10 15:27:40 +0000
d90ebc6a33c065e8ade4bacf29fd9c6d93eb1bff,2009-06-21 18:49:06 +0000
e7ab58059159a23c762e3d844aa353365c915bd3,2009-05-04 17:24:06 +0000
e4934c5cf320d9beace19344ddd4016cca4f350e,2009-04-13 17:05:23 +0000
e0948d778cf6d7259e783b724fa93cdd3e1bb6ae,2009-04-13 16:55:02 +0000
d52e0fc6e1554df0d27547c57d00170d9e75c80d,2009-04-13 16:43:35 +0000
0e43c33cff7559fed229d8080514c4b8d5730881,2009-04-13 16:42:48 +0000
870414e3c61bf0c017e71e4e27487e534fb8360d,2009-03-30 20:23:14 +0000
ccfaa202588dc531500f65f2a9b277d9cffa5d25,2009-03-30 20:22:18 +0000
e3c59594e0a9775f14b187d8b0d24dcd6a88f71e,2009-03-30 20:20:00 +0000
770875b4ffef71e811815531399a30f0ab6e2772,2009-03-27 14:42:24 +0000
267036acba0d273c0c5367cc81442f2fde0e4f87,2009-03-25 16:22:35 +0000
b3be5f0d8c2a04750d2f3d0a7ae6025f7749af45,2009-03-25 13:42:52 +0000
9c0fa1c457818044359c6c52aca8a61c8e5fb8fe,2009-03-25 13:41:02 +0000
46aaf75e62f913ae93cfdf9435b650c020effc75,2009-03-24 16:56:06 +0000
4e2519068eba3ef0ed81f32a2b5f7fdc353e8890,2009-03-24 15:15:44 +0000
85ca887bcc48da42c0ef9875e4d40aa71410afdc,2009-03-24 13:54:03 +0000
10dd965ecb0278181ce5b7952628f5beecac114d,2009-03-24 13:53:00 +0000
f5d3dab55bdfc43d7b2a339defa4465f9fd03c9a,2009-03-24 09:45:08 +0000
771cebbfd630ea7b6354af4f4b284600a7fb6946,2009-03-22 16:43:31 +0000
7fdd63982b39c1ce49a0b6bfab4a1b0292fc9af4,2009-03-22 16:42:10 +0000
5b502d09ebb179b80cb252ee3498951d81145afc,2009-03-22 16:40:18 +0000
b7550251e78f9b9f25a74690d4695acc7a7e1e6e,2009-02-10 19:42:04 +0000
2157e7d30a88e4f53000ff0ec95ac9f82bccee94,2009-02-10 19:41:08 +0000
c8e4b983e61d075047fa0cacf0024860be09136d,2009-02-10 19:40:09 +0000
7ff97c367341178303c98f1d051642f4a56f72e2,2009-02-10 19:37:33 +0000
cd3516d7772197fa513791869ab496d95756fce7,2009-01-04 16:39:38 +0000
260fed937ea15fb1881f63b14a3e7e02b849c257,2009-01-04 15:23:55 +0000
26b5c00ac8ca25596b7d7dff302eaf7b5a263760,2008-12-28 14:59:29 +0000
df70d98e63c5448946774678c83be68ff79c96a6,2008-12-10 21:23:08 +0000
e6ba7de5ce9360d261361ef50f19dba6b135aed2,2008-11-15 21:51:06 +0000
e05b1c9d1b7c054ef0b148565a48c3090192a464,2008-11-15 21:48:47 +0000
06917046e557409bca5a49afb1de798516bbc827,2008-11-15 21:42:23 +0000
e63a04726a9462ec48895ea3aa6e7f9579cc7761,2008-11-15 21:40:43 +0000
d88d32188766178ef0d12132913ff0b07e87ac5d,2008-11-15 21:39:20 +0000
38efdd2623a9f2a5d50dbd128b9c2951a17e4f67,2008-04-11 13:24:26 +0000
df318c6b48409c895cdc7add3eafc50fbaf7aff0,2008-04-08 15:07:03 +0000
03955b8bf2027768b9d3bda530456bfb08e4b847,2008-04-08 15:06:09 +0000
8111c2fd7df65e80f20629c61b9dc9768f59053e,2008-04-08 13:13:46 +0000
e12e3b492b790c8596a2cc995fd9ed3ec41dfdc2,2008-04-08 13:07:57 +0000
bc741f153882f513fe372fbe835f6fc0d25bae8c,2008-03-30 16:15:00 +0000
b7b1ae8ef28fecce34c1d4f4202722ad80b059b0,2008-01-25 21:28:10 +0000
6f4047d30dfac4bb74b5a581420836b20250e6ae,2008-01-25 20:25:05 +0000
72b93aaddeb0f18b513732fdb173cfcc2331e3ee,2008-01-25 20:04:50 +0000
c68520cf478912cd71db4fa10a441034a5516a7c,2008-01-21 02:01:04 +0000
78d63c69c8f14f116e8fa2b94dde4834b423c73d,2008-01-19 15:41:25 +0000
dc9a1e243213d7331158c27e2ee62c2b91cd1e33,2008-01-19 15:34:53 +0000
a5f665efa742212bbe0b7d98d34dfed63fd4a725,2007-07-12 23:38:59 +0000
33156c23aaeedce64ce85178bdce6ceb0b399da4,2007-06-25 03:53:01 +0000
3202e1cb34a870016a904c39d4de2cdc382b4201,2007-06-25 03:24:09 +0000
a1493ba8c7122521dc7adb9580988af79f1ce76b,2007-06-25 02:31:52 +0000
183da14e6e4bd040aa3d3457d9a97d340cb3539c,2007-06-25 01:54:21 +0000
007b274d26b67222fedae75c19728cb99906de66,2007-06-21 13:49:28 +0000
9d354409868553aa4a42f4ca1d3e2dabbb324201,2007-05-29 01:37:27 +0000
b0754616b0eb70dcdda2d039d7d4b200c8b28fe0,2007-05-29 01:31:14 +0000
b456e3df57e91b0dec7bf6d6729190364bf54b6e,2007-05-28 03:02:49 +0000
d4d03a3633ead9672231469d27b2a7534229e7f3,2007-05-28 03:01:53 +0000
e43abae134dcf3f9a6aa64cda93a3a27318a6513,2007-04-24 05:20:50 +0000
72383cb630b64825e609daa08913369aa99d69ef,2007-04-24 04:49:40 +0000
1a5638cb87f8cda8f1d346aa9245d7227a0c65fe,2007-04-24 02:23:41 +0000
799d533164cb7c8cb7205b98424554d301a3ab6d,2007-04-17 13:52:50 +0000
31bf10165a2ddd8a6fc0376fa443f149965205eb,2007-02-11 16:10:31 +0000
f0dafcd5a7a8a3e088c6b82524c5a69b282cb692,2007-02-11 15:18:15 +0000
632e3cff6d22a2b332124d197711d2da1ce1a4fe,2006-12-12 08:23:38 +0000
4b72ac81f368b1717d74519cdce17f69af6a9aab,2006-11-20 14:59:04 +0000
ebed50a8249ca27566e7f900b464b214f3ae7473,2006-06-27 01:00:42 +0000
00b8de4a67467d1a2ffab4625dd0d21bbe9cb6df,2006-06-27 00:32:51 +0000
cebd31042123ad66b7b9bc3f4907ebbae5a003e8,2006-06-26 01:46:35 +0000
8d9735e6a2277c3a341d28feabd9cc31c28beabc,2006-06-26 01:12:45 +0000
d5f145b74d4230e941fda74dcfc4a13c48cb74d0,2006-06-23 06:17:34 +0000
dcd59f9d673ea750b867bb37685a8f34b796b678,2006-06-21 00:12:02 +0000
80bcc07380f1d3dc26b053d750408011de3814c4,2006-06-20 23:49:08 +0000
ff5547d8fdcb3f9f6806a831dc79cff588a39a3e,2006-06-20 03:17:04 +0000
a7cb200486cd266bba66ba8317b36844f34094a1,2006-06-20 02:33:59 +0000
c195c35838fc488e561896c19468716398114ce1,2006-06-20 02:00:01 +0000
066d4f5b997d06415ed237afd25856205ea73eba,2006-01-03 13:43:11 +0000
b00bcee38d7d2ea27dc57a1eaf4517792773c852,2006-01-03 13:42:28 +0000
266a086162d49c02de9443741d88829a2ee019cb,2006-01-03 13:42:25 +0000
c0859ddb8423e4d2c2a27fd6a71a6b5d5448d415,2005-12-14 02:55:59 +0000
5f3610988287b6cae9bb1a84abd373c11aca7c19,2005-12-14 02:51:17 +0000
8be5a36558cb3f9ce0a8a895e665876679e760e2,2005-12-14 01:54:13 +0000
84e192d62f0e18fd9e506d095e2297ad55ab456a,2005-12-14 01:38:57 +0000
a7c6617b22a38a36b06942e25153dcbd995f5ddb,2005-12-14 01:38:16 +0000
aad0aee69090080f07524bfeb3cb94060e7411fe,2005-12-14 01:38:00 +0000
e2a998939aa723943b8661410846d55fa2352c7f,2005-12-14 01:36:44 +0000
db65031bd12b450a80c93817579127f5c9b8a948,2005-12-14 01:36:08 +0000
a63fa0cccc54c6b8b64ca603e0967f3df77cb2ea,2005-12-14 01:35:23 +0000
c2996a180461aa165a49d91577572f59fddd0367,2005-12-14 01:20:15 +0000
ec1e1591427fd2ea8f72be36d71d2651a5b7ffc7,2005-12-14 01:06:45 +0000
69baed85baa3900151524241ae006ad0af6f3aa2,2005-12-14 01:06:17 +0000
460333b4a2ecc308f3f3edb490f4dbbb78ccc34b,2005-12-14 01:02:42 +0000
a1284b689eb775b9256b5dd625aaa6d3270b11c7,2005-12-14 01:01:51 +0000
7f1647dd44bbc4ce4c6694fcc6d84d9cb3e8a76f,2005-12-10 14:13:56 +0000
23d175ccdd42dce3cb31469414c48c2b39e76b92,2005-12-01 03:09:49 +0000
79fd45484baf06b4e48945b47a718c0d2a611a92,2005-11-30 23:20:03 +0000
0d34e091f860d3e34546ac5888af2cb5a5bb13cb,2005-11-30 14:09:56 +0000
c9019e4f5b8a94702c1d97bb2e87bc4f23816d49,2005-11-28 23:02:03 +0000
8b76a9539249f0a3bdb588edba7157ff3387e489,2005-11-15 02:57:30 +0000
89da24c9e2fe03f1f687346183df53adf1a99ab3,2005-11-14 04:44:01 +0000
f6c9982e50a75897b62157c31c4d27d633f7ffb9,2005-11-01 12:44:34 +0000
bef877727f7eb6eeb341d1d0748ccb050af1fc95,2005-11-01 12:43:05 +0000
f5f0f5a21db816425886795685e705cff684d33c,2005-11-01 12:38:11 +0000
0f17273152874dab4dbb35adcb9784cc944fc717,2005-11-01 12:37:41 +0000
213b9486b897d55a93cb833933a6f921829a2df0,2005-10-31 14:41:10 +0000
a610c500e89b87ff9a75331ce8885a4a3a4fe186,2005-10-27 15:37:37 +0000
fac5d7f94f5f8d3a083297cc0d20f8075f3a4352,2005-10-19 02:15:50 +0000
a5d170d52fc4e1fbc350c4960e909ca05fa5a5d6,2005-10-03 17:22:55 +0000
c39f6f4edb98d30da59f83a2e3c7c0fa6b3b828d,2005-10-03 17:21:11 +0000
a0ad383e0af339a8ec810c41e91af8a1ec52907c,2005-10-03 17:18:16 +0000
f5f784d34e5ae20ef85ac9d01f1c6d13b1590905,2005-10-03 17:01:46 +0000
9ec0885494c7e3e844d05ddcf4959b2aa35b36ac,2005-09-21 11:36:27 +0000
1cd413a18dcfe092a481072dcc81ee9fbbeb87c9,2005-09-19 12:24:12 +0000
a048d064a4dccf98db4462cddf866c5f22172899,2005-09-19 12:02:08 +0000
c156a1d83c2bb8af6b64d70f761c1db3873e9402,2005-09-19 12:01:35 +0000
541c7a30b844ab7982328c1834de9c2290381b66,2005-09-19 12:01:17 +0000
96fe5314837b700f288eb0c326cb1048a6e5ee6d,2005-09-19 07:13:08 +0000
8188c4d1ffbda6a9149aea57b301f4041e92686a,2005-09-18 15:23:13 +0000
16a9bc4845cf3b55b7705a70a03a38dcfc1f5c16,2005-09-12 10:37:13 +0000
f156e80cbacbfc5288ccb76a7ae66d991e1ee4b5,2005-09-12 10:36:12 +0000
0b206c7aab99d99479d2cb8b54699f54e70cfb2a,2005-09-12 10:35:30 +0000
59bdd742bd251b3316f457d3f30823f0889e48e8,2005-09-12 10:35:01 +0000
a32e66bbaee26765564ea0dc3c45ea93a1731ad0,2005-09-12 10:34:32 +0000
e70e7267ff930a732f758d1a4887112cb290e8bf,2005-09-12 10:14:10 +0000
269a0150d835f032ece859a81b2d2ea74ac400bc,2005-09-12 09:46:05 +0000
668201306b36bb4e25a9b6057d0790b83f53ca64,2005-09-12 09:44:45 +0000
cba590b5300a95e9f8d353b05f995f759895c9e2,2005-09-12 09:33:01 +0000
8b6e0b5fa02344c58787151a814ea251df07c2f3,2005-09-12 09:30:11 +0000
d0e36432c159c873920dd567e1812cabb60c821a,2005-09-12 09:23:08 +0000
97b2c9e88ff3b04517c0e62406810c38aa8ed841,2005-09-12 09:22:12 +0000
611f9f671b28292f36a2e4afd29c739729094b01,2005-09-12 09:21:31 +0000
fb2fc363c83f8c1e000c98e0bf16886f71141772,2005-09-12 08:58:07 +0000
425fb1a9e52bcdb3d9aed5b63c090f7784896263,2005-09-12 08:55:51 +0000
f8cef1c932de54dbcc08b31b736af4152283c02e,2005-09-12 08:55:26 +0000
92e228a07bb401ee3963490d175a36570ad3ebed,2005-09-12 08:55:06 +0000
e3b2b2075e98f430c3cc855e6875bd1af8b335bf,2005-09-12 08:35:06 +0000
98c1227bd53273b190b83a8b445f0adc51b893df,2005-09-12 08:34:26 +0000
0b67acc1c232512807ec88d3d46a22440722661e,2005-09-12 08:20:35 +0000
276f1d25c89a8ce2f66a6ba4098afabe5689a2a0,2005-09-08 23:59:26 +0000
fad69204d1ec79264035b4ded24abc1311edeef2,2005-08-19 22:48:59 +0000
0edafc552a46a4a030b53262931dcf8e9ca9d196,2005-07-30 15:17:11 +0000
636ad3cefdbee13d433b21cadd49405a6b2e063d,2005-06-01 02:37:39 +0000
a9bb813b6208ae0b2b01530fb281323d5887220c,2005-06-01 02:35:31 +0000
52d9b37ccf943e01c3546c5104fbff0f231c754a,2005-05-19 08:56:28 +0000
03314862c2ea37e9e2fc40a9ffd5de40335569db,2005-05-19 08:54:55 +0000
341c54c0c9a7f741902d1f75fc4eedf07da205f3,2005-05-19 08:53:53 +0000
247580acb84437d3d2a8f0310da8cee4101b9306,2005-05-19 08:52:26 +0000
0fb795f3a73a15e1c02d51513899e023f4b80600,2005-05-19 08:51:43 +0000
c14c789f7730de2d65ea239193f8e6347c7956fb,2005-05-19 08:51:04 +0000
42598d059f3831b7b842976cf1a724d2ff62adbb,2005-05-19 08:50:08 +0000
7c99510f1db143485c2b4c5e4ce9ae43dde63f7e,2005-05-19 08:49:10 +0000
5e45620f7697b5348a39262926e8e94c9b1b7fa5,2005-04-26 10:21:21 +0000
da79d7223c0a0ced6f4e2c61ba48c326094c41fd,2005-04-26 09:47:42 +0000
fda613b82eb43602ada0834cc3f70a6d79dabd09,2005-03-29 03:20:07 +0000
f2663bf8acc21f46f725df5b17455f431afc699d,2005-01-20 20:41:38 +0000
04ba1d6b88a041ac14a7c06de803bfe3f6821da4,2005-01-18 22:19:47 +0000
b18c2df5b3d4c8d322ffe8bf48976edbf7c34406,2004-12-06 17:47:33 +0000
45ee27110a642afc8b5ebf979a3f6bec2b48f2b1,2004-12-03 10:51:39 +0000
fff8ab6320849a6a3c7cf9396478568e18ee02a7,2004-12-03 10:51:22 +0000
dae41d7a67f37d2733c1ce76cc2c5c8dfd7765c3,2004-12-03 10:43:13 +0000
b171309e0a2d4ea2522f68b6a1f15e99b4fb934e,2004-11-24 18:23:45 +0000
427571b06c69865195a29cd66f943456c7d81eed,2004-11-24 17:22:38 +0000
d06ed40702f42ed9de295e4e10ce099e80d28d14,2004-11-24 17:22:07 +0000
6558c745813a32d8976ef48be17069f78befb62f,2004-11-04 12:20:04 +0000
c1ed94584a724f7355f3301023b3f310336a9bbc,2004-10-31 16:15:14 +0000
d6bc71ae3aa823f4d90486debfbc62550f2b3d3f,2004-10-31 16:11:37 +0000
e86d1c4e5918c67689bfa667bfa90c72d2254ded,2004-10-31 16:09:04 +0000
8606712ec793f4964ddad26503072c9299382d32,2004-10-31 16:08:04 +0000
800a5843555ffadae0dc5839904abb3ebebdb50e,2004-10-31 15:55:04 +0000
029995460085dc7009484232dbd6dbd17a447ed0,2004-10-31 15:35:10 +0000
813cc332d3767eb831347b47876fb0e174d624ab,2004-10-31 15:34:47 +0000
fe8727526ad51fb69932223598abed037b0499e0,2004-10-31 15:32:43 +0000
42db3200d4f7283a65bc8af1c5bf3dbb09e205df,2004-10-31 10:20:32 +0000
ddfd58631c3455fcdbdc0e1ededc476691843198,2004-10-31 10:17:00 +0000
ed29929ff6cf85403e9c48938cc4f177dcfc89d6,2004-10-30 17:18:56 +0000
4f469ca62402eac8a8173960c835a7f46c8b914a,2004-10-30 17:01:40 +0000
8896aeec3118fff2a6e855868c723b35312e35a6,2004-10-30 16:53:58 +0000
b751977592c6ec6812c1081630613d26feab9399,2004-10-30 16:49:45 +0000
7c182d7efca868ff80de5410818073c27ce82398,2004-10-28 15:18:31 +0000
a8abfbbe885cbad50e3cfaf390dff56cb5b15c2a,2004-10-18 18:37:40 +0000
e64ccad3022aa008ccbaf2b6f354e8d1c55b5f61,2004-10-18 18:37:04 +0000
63b0e4f6c4a3b29183a13df8f4cce4fff0188e3c,2004-10-18 18:15:37 +0000
edd23c32eda2c215e80db4cbd7c6790810d45197,2004-10-16 16:03:53 +0000
2fda5dabf65ded50906fe1c3df7aaa576478ffb5,2004-10-16 13:33:30 +0000
cd2fba425ff7ca299226bdcd3cdbe8e4856cc4cc,2004-10-16 08:06:38 +0000
cb2d7737b667c56557570c499c696c43c5a8ce6a,2004-09-27 18:47:05 +0000
f280c6ec3a09e5f824915b9cd6136110f6aadfdd,2004-09-27 18:36:05 +0000
41bee2e716dfb940f06fb4376b2a7b74fbf7687b,2004-09-27 18:35:28 +0000
62bf9630ac538c20f0d1b13ebbe85afc71d77793,2004-09-27 18:34:11 +0000
a1e120e2f6f1a5598966533b05fb18dadde14c5f,2004-08-23 00:31:38 +0000
f5866a357da066b09a1a757275128034555a8826,2004-08-23 00:27:14 +0000
e61c77bf8af8291b612a2e3d083f3e7234f42b8a,2004-08-14 14:42:57 +0000
545db685928c8a4d0feb7fcf35453a4542fee3b4,2004-08-14 14:40:16 +0000
3acdcf345f7a8f22dae56cb727231b716ff46c50,2004-08-14 14:39:56 +0000
cfd880d6a60dbeb3026e18e3f2f876fa1f639a5c,2004-08-14 13:36:25 +0000
ef34bdc9502bf4c840ccf8f66fabaad8e6827426,2004-08-14 13:35:44 +0000
86292893d778f8b4bb9a708c1b937a686fb21678,2004-08-10 13:10:41 +0000
dc84d6bc9face5cdf2120d5881fb1c0f5cdb507e,2004-08-03 06:11:09 +0000
e3f37754f17610a0ff7ab3d57f4230a7bdc32191,2004-08-02 08:57:36 +0000
c6675f0b0402f67cac06fa902aaea909b67db447,2004-07-04 17:20:36 +0000
6c479ccfabdc891b6a3c08b8f9c87a9f5f81c350,2004-07-04 17:19:32 +0000
2f0fc1e6696610dd4d8204bd024e22374721a4bf,2004-07-04 17:17:59 +0000
aea4ae8fb67940d95219cd02b0385c212bbd51fc,2004-07-04 17:16:15 +0000
c84775260b4cb8a0eed9668749dc97ee60ef2704,2004-05-30 15:27:32 +0000
3765b17adb7a093621695e2ca07725109ddbecf8,2004-05-30 15:25:41 +0000
0e70556e0ab534085c96dee3ba38a7c4185e590f,2004-05-25 21:20:42 +0000
aed3191c04ebc7786c563c888633f78b72eb23c0,2004-05-19 12:53:28 +0000
175e3e1823f7cceaa862489dc58fb4c88c66ad06,2004-05-13 11:22:39 +0000
2e1a78f7b07829544d3c135695c874fca4e5c77b,2004-05-13 11:22:19 +0000
c8d42fb30382c6304272a795e38b76896e145cdf,2004-05-13 11:17:34 +0000
5d4379c914102a88f96f54f23ac1c7d932b24bb5,2004-05-13 11:17:22 +0000
0581cdde650cf6154ec94cedb2b42d51b1938b41,2004-05-13 11:13:56 +0000
3b441906d9eee14f286ded9ac43df95ed53516c3,2004-05-13 11:12:22 +0000
0c815b7bd3df1b9834dc173d2103f18fc470c70b,2004-05-13 11:08:01 +0000
161eab36933a8ee814e48649091e437d67dc8566,2004-05-07 21:53:38 +0000
9fcee139a43e56c4cf0c75f3605c24f20829f6d5,2004-05-07 21:53:25 +0000
064903e83c0ff8e81273dde4aa55facb36890540,2004-05-07 21:53:09 +0000
8188a7892a9dbd0bbc5fd3a46e9f6f54997b286e,2004-05-07 21:46:08 +0000
e35d3ab9434458acfa5d00eb5c79fd8ff3f092c3,2004-05-07 21:13:39 +0000
be0277aef92f7e0f38cda0cb1004849830801cb3,2004-05-06 01:24:36 +0000
1ff72891e5fbb3d9483f6463ddeff71ca16772e7,2004-05-05 12:18:41 +0000
822c06cb3aa6dd026652b4e63c9116eeb13e2f77,2004-05-05 12:10:14 +0000
bd579937a5732dae85d0a0347c6295cbd4a60909,2004-04-29 10:26:59 +0000
85dbd978d14e9c4e55011200efc99647a6a8c371,2004-04-16 14:22:17 +0000
0a3d249e73f9403df3664e3765d26fe7ff8c67e8,2004-04-14 23:38:50 +0000
5db66525c3600dabe9a5dbdea7341d6a4b87da31,2004-04-10 12:43:41 +0000
9a2ad2d280c55fcd3ffe392299f7f9584213ee3e,2004-04-04 13:45:25 +0000
94f83945b2425482c2261c4338d3c6d586c2a7ae,2004-04-01 00:59:50 +0000
11fa3ff74c50a5f5356840b71c4ee988650ebbb0,2004-03-31 19:21:07 +0000
7f009fdd6127d85eed745f3e29de8c52796f5d99,2004-03-31 19:20:50 +0000
91edb29196a318b5bf9cc2c40e5256103a1dad5b,2004-03-31 19:19:58 +0000
67a28cda4c848c660e2e0525dc56cdb665369fd8,2004-03-31 19:19:19 +0000
e96760899ed31eadaf348b15c80cfa65432a9ed4,2004-03-31 19:18:44 +0000
43f03778aeb411fbc204906d75435c2b32a871a0,2004-03-31 13:38:22 +0000
daf9f3b89a6d2306478c6843ebdcf9fac8ade6bc,2004-03-31 00:33:00 +0000
fbdf06843149bf7c7ec8b8a35db12b15b4f3b58f,2004-03-31 00:31:55 +0000
739bf9d3fd6a6dcd2ff6d5474e55d89f9461a15f,2004-03-30 23:57:21 +0000
50b8287138569a3ca876c4cf900ee4c707f1cb06,2004-03-28 18:01:36 +0000
2045c69c25f3fa20a024079cc2fc0f90b74b1394,2004-03-28 17:58:31 +0000
1b97e419c494f87324e05d360bfc7f5490832537,2004-03-28 17:36:21 +0000
f8b95f8fb0c229f707fc0ae83448afad472c8af6,2004-03-12 01:34:47 +0000
0d88edb4d7800554539633d44dd22a25fbc0a4b5,2004-03-05 05:33:51 +0000
887488f48cdd0cea99c775e63a47630cc15f8d2c,2004-03-05 01:50:37 +0000
0460b67bf358083962ef471fb61f9e0ea290449b,2004-02-23 20:37:04 +0000
f81ef91f79404452070cd948b88e682914375165,2004-02-23 20:35:07 +0000
630d8a910f32a2731b27443105eb69a3bb81a19c,2004-02-18 11:55:20 +0000
e781a9b5c336dbe40300e9eb234c0a97d0b96eb0,2004-02-18 11:30:55 +0000
363b03a06491441c97edc2591e5745f9a144ea57,2004-02-16 07:14:25 +0000
99141b3fac18da89d95547f9ad6a676c2b7bac7c,2004-02-16 07:11:03 +0000
55d0fb3694cc89ae418d12e45cafcb3b070cec28,2004-02-16 07:10:45 +0000
9d3e8b19aab474a249f29c171dd6cdbd7da689e4,2004-02-16 07:10:10 +0000
432cf0a5306d18f3fe91e2068b09d21230f54701,2004-02-16 07:06:27 +0000
76c42e5a8511cbe890b876468c81b912d96fc1ff,2004-02-12 18:23:50 +0000
8c26e2c2b16fdcd8269381728fb25f029260a59b,2004-02-12 18:23:33 +0000
354720d79fbe387e754f7103e946ab7faee061d7,2003-11-21 19:34:28 +0000
d1283a9066c8749d0b344dadba255e4689c7fcf7,2003-11-21 19:33:26 +0000
05876ed7e2c48826c03ea600e40a2b69ddf9282e,2003-11-21 19:18:58 +0000
5801e457cb3784214a83594eefb605bee3339a50,2003-11-21 19:05:33 +0000
87a951fe471c70dd216566707a508d283b34c08e,2003-11-20 15:25:14 +0000
fea59d9970f78c57a8bf2f04dd6f5073a13eab41,2003-11-19 14:10:41 +0000
b72d42e98cdb8ba074ae1aed612dfd78b9db9b2f,2003-11-19 14:08:46 +0000
b940f5491df235e05b92ec551ba1abadd1e81fdf,2003-11-19 14:05:39 +0000
17698f12d2a4038a1c184b0a5f4e47e45c35a183,2003-11-18 11:54:01 +0000
1b7ac1fba78ba2de7c16c7bb575d1140e8df50cf,2003-11-15 19:42:47 +0000
00da3acc0de9e4040dc8ece064c1b13a0856a628,2003-11-14 14:46:57 +0000
ca6ea2346101c5eb9a06f8d9de0fc25082506ec4,2003-11-14 14:46:11 +0000
8cdea1892555471f4231f54f71272a1bc3df6ae5,2003-11-14 13:23:59 +0000
1059e8e6f66ab966b3aac1ba1bc7bd326f6f4994,2003-11-14 12:29:39 +0000
423b595d360a5145659f8eda0d32b4484b4e7b29,2003-11-13 21:29:55 +0000
be6b2e905ee77fd8f868065cc1e2f168985dedbe,2003-11-13 21:29:26 +0000
58d2f28bfe1980a57eefb1e4674a483b30558753,2003-11-10 03:39:36 +0000
f1ba3d4005094f86d5b8954a21cb55207315f470,2003-11-02 22:43:47 +0000
db78927919f03b27f8ff918c5e7fd712f928a59e,2003-11-02 22:02:23 +0000
b6df1caefda7553e254de7002e819dd423ff4980,2003-11-02 21:52:39 +0000
769406e6b408e729574244fd7e6ce0ae7f713cbf,2003-11-02 21:51:28 +0000
8f94f670d807b0a25916350223cbe3e8e69ad9fc,2003-11-02 21:47:54 +0000
74f9b13f8d4568e22da3eef5adfd26f91d9ce144,2003-11-02 21:05:04 +0000
11a63133a2bd135f6110d77db2d209c77704abe0,2003-10-31 01:22:28 +0000
28bd6a41ed8a17e6f75fe041fc6f486655df9440,2003-10-29 04:50:53 +0000
232b0245da8e78173613aa4c7aad37d2b03bdf0e,2003-10-28 23:42:06 +0000
44bb57667c12ec2f14203bd8e6242443f0377509,2003-10-24 17:25:09 +0000
96670738edf0001d7e3e70719aae2fa49e5f5b7b,2003-10-24 15:28:14 +0000
8c9c0e8194cf16d2eb3126bf47ac70829d6a03b3,2003-10-24 15:23:04 +0000
fc6da6a4c3ed9e6c027075dc135a51472f42c270,2003-10-24 15:18:33 +0000
e09b3074d6209173dc3c3cf060baae5fa0c477a7,2003-10-24 15:17:28 +0000
7f3089c5123597fe4c4b487cc369385e66492e32,2003-10-24 15:15:08 +0000
d7db035b533a771ef1584193c9c58713348a74ac,2003-10-24 15:12:27 +0000
65b2dbd1b94c18e32241807af12b73d5c334d4cc,2003-10-24 15:03:09 +0000
fcd5518cf13718e6a560fc25386b4fced0eb99d1,2003-10-24 15:02:43 +0000
d6b305e20e384134af671f7d283aa01daec8d16d,2003-10-24 13:33:04 +0000
11f39f3bf1f90c5c62f139db08eba38c95f3083f,2003-10-24 13:31:53 +0000
3c8ee39ceff203bb43afd0b995642157bfd71c28,2003-10-24 13:31:09 +0000
fac72f011f9d9f4a3ae380a7895f821538582ab5,2003-10-24 13:30:41 +0000
925b76c1c98477e2a3b10a0d52658229c1ec1479,2003-10-24 13:20:11 +0000
a274989783a20c02b413fd192301de4815af21f2,2003-10-24 13:05:03 +0000
522a98b5c20b71fbc43af825b75ea1b6dc5cffbd,2003-10-24 13:01:19 +0000
c3f36144126e1e175ac9abdccf442aaf5985295e,2003-10-24 12:50:58 +0000
df989b21b46f4099d04d022d4f66130185f018c6,2003-10-24 12:45:59 +0000
a923da10a741e75f55c5e270a9563c6d82e6dc1a,2003-10-17 06:10:52 +0000
84ff1a4a4dc6799d7061eb8f61ad353560d0f9a4,2003-10-16 11:38:26 +0000
ef1be854fcc6aaa34f7c9aa0963b2160aea8f475,2003-10-16 11:38:04 +0000
16e606d62cb9d6a92cfc7796828f020c18469daf,2003-10-16 11:37:44 +0000
0324b1ac952cf139612d98a739786bf3cab3106f,2003-10-14 12:20:57 +0000
198374517f58efffe53c116069be6dce08d3d685,2003-10-14 12:19:21 +0000
789f9e3a5d13c7ad32b70b45046c14adfd602e6f,2003-10-14 12:18:32 +0000
78998747cd76485cf964fdd568b24470fada7783,2003-10-14 12:17:26 +0000
1f6a792867b30b539c278542673da2c73cc92f8b,2003-10-14 11:50:04 +0000
7eacf5d32d3161cbaf62445bb27810bbaa514de9,2003-10-14 10:25:25 +0000
496682fb2fc5d269cb5d499a1e877452a604319b,2003-10-14 09:43:14 +0000
357ee95cb550f50917e9a9514f4d3397898da987,2003-10-10 14:02:03 +0000
d449eff26039a1aee6d98b63cb2f3f9423431a34,2003-10-01 06:11:15 +0000
accc91ec3e13731f3197529b17de18202d159a7e,2003-10-01 04:38:36 +0000
a27e50e10465ee5e5def97e8089088e915995d26,2003-10-01 00:33:01 +0000
4d94e77088aec249155b7feead9b0b4ea4519cff,2003-10-01 00:31:00 +0000
6c55e77829a002a8b401bdb88568f7871031cb39,2003-09-30 11:16:23 +0000
7d96b522082f66fee838bec9822a1909b26114cd,2003-09-30 04:17:33 +0000
fafaf2cdd02be4d420d4724965449cf5ed4fe2d3,2003-09-29 11:24:05 +0000
a75d2529edde6d70a4f73fdf889276b13a21e342,2003-09-29 05:58:47 +0000
0a100ae4ba6a3d5b9e083c047eda82eee3650354,2003-09-29 05:12:31 +0000
56e6444c7512725a95973ab7abac122f22b8510e,2003-09-28 20:44:09 +0000
4a2c133473a9cb86f67f22fb110ca69488c00cdf,2003-09-28 18:01:55 +0000
cf2b58c4760fce0f6af20eb0f36c79658bf2d427,2003-09-28 17:35:45 +0000
cf905911de63ac1566e0789bc04fbab9a7dc4b9d,2003-09-28 17:35:03 +0000
8d526a9440bbdac8de7883f3fc5a0e4ebfcc1b99,2003-09-28 17:16:08 +0000
a68d26d26333c00a662c82f7f0f1bf58d2090c55,2003-09-28 17:00:36 +0000
5ecc9d0bf39925a805b09c469b332866bb9614a5,2003-09-28 17:00:15 +0000
a159728fcbc67d803d3276ac41dbe83c6ebc6be6,2003-09-28 16:56:35 +0000
6d698f8b9d96a5e07816006fb8f508d15773cf30,2003-09-26 19:18:22 +0000
08aa2a5633a4eeac32ca2fcd08b73b192e84f73a,2003-09-26 17:59:34 +0000
77bb883dbb24ea6f30c9570aa798971a1eb3b0c1,2003-09-26 17:54:09 +0000
b4d2af942b1e7b897485769cc77508c659d5ee73,2003-09-26 17:49:47 +0000
19728490621c5ba405fb1887b00db2193b9f8401,2003-09-26 16:53:28 +0000
90fbdc227a836487f6691b9ab67f5de6cc15f601,2003-09-26 00:39:51 +0000
37a65d8859afbda5331f6d83f2550df7ee0ab389,2003-09-26 00:39:18 +0000
b763a40513fd0e3950f4ae42808a9dbc21bddf4d,2003-09-21 11:27:23 +0000
c3ec2f45b34ab489cb5a421a0694644528db7292,2003-09-19 06:36:00 +0000
098cafde6c93629c54d61f78bd97fe0720071e77,2003-09-19 06:32:32 +0000
ba73e4077d766e8ddbcb1c47e3bd5df2d5bf0be4,2003-09-18 05:27:40 +0000
d1af68f7b096c89ed4e103e78a8c1757b5955a25,2003-09-17 07:21:39 +0000
eaf81305d6d832219f45d3b4b0f4ffe8d122a7df,2003-09-17 07:18:41 +0000
3c75305ce080bb21c5106acd19565bfce45c32b6,2003-09-17 07:04:33 +0000
095545648d5bbdbfc6a3a658635ddcdbbe5f0916,2003-09-17 06:48:58 +0000
a63c7ad09ccccaf010bcec4a1c31333a70c4c142,2003-09-17 06:45:06 +0000
8d6c6ae5bcbcfb4709f9678d98195a51ca57efcb,2003-09-16 04:43:02 +0000
4c43dc42048f7bd382a6003083585ccc5fc48fb5,2003-09-15 00:37:04 +0000
2e489d97a49b093bb988bf8e4d02a8af95a9492f,2003-09-14 23:20:30 +0000
28caefbaa0b82625125ad535b8046b08e361e39c,2003-09-14 11:36:26 +0000
e7665dc55b5274d62ed433927a99baa1bcb915bb,2003-09-12 00:23:21 +0000
627e721d42c0e42937d212e1581985609d152799,2003-09-11 15:00:09 +0000
5992ee16f57c6f0609fd067ca27151108f1c0e4e,2003-09-11 14:58:12 +0000
60dbd558519cc32d06d323e0f04a3f3df752f7cf,2003-09-11 14:57:55 +0000
e02524f222896e7c8b3a03cfb073409d2a8d710f,2003-09-11 13:10:22 +0000
4824878b24ab72a36033f9ea7ab8d14439233cc3,2003-09-11 12:53:23 +0000
dc36866b989690cf5248e6955e2a45e6234f99aa,2003-09-11 10:32:29 +0000
29cee147dfaca185aae53ca72a11d852f4213200,2003-09-11 09:53:14 +0000
36c4e09e8443469ff0016a75e883339bc85767e0,2003-09-11 08:32:23 +0000
861667f810603aa71a7c9ef2e0771773019357e0,2003-09-11 08:30:49 +0000
f9b72956ee7de0ecf28d283b4e89ade0b45e4638,2003-09-10 12:09:30 +0000
0e2ef8d4e5d013acc3f5b583787d137c16660664,2003-09-09 15:35:41 +0000
129365e5a973d3368cc4f87718a3dd87b617a37b,2003-09-09 15:04:51 +0000
e86960de838168cfd2ac5cde3d7d4c247ebb9742,2003-09-09 12:29:36 +0000
60ba02ecb0c2b1b10372870a24c1ca019ca4a704,2003-09-07 13:07:10 +0000
49d700942b7fc616984255c9e4090d5f5223e10b,2003-09-03 23:43:58 +0000
9788171a64a0a28011b05599bbd5e7bddd807420,2003-09-03 23:37:37 +0000
5581b73eaa1c0b3d9c44b748a7c0c6e4b00c1464,2003-09-03 09:35:47 +0000
d065bcb6d2658d5af0e08651b1c29ac7f41097b9,2003-09-03 09:26:21 +0000
9c9591a72a173003b809dd8edec74efd81fb8f67,2003-09-03 09:20:56 +0000
52695b8d5ae5c2330cb3b6023a9ab07bd0ca3c11,2003-09-03 09:14:40 +0000
202ac5a554c6a3af4a10a782e5e885d53ce2ec76,2003-09-03 09:11:57 +0000
cab8062abd1bcb4e0b3656118c735498479f36e1,2003-09-03 08:56:34 +0000
125eaab5ad3b7e1405f9f41d5f6b099a1a3cb221,2003-09-03 08:21:55 +0000
731fbe4ef98709cad1a66eccac624b85deafe364,2003-09-03 07:47:17 +0000
99ff33194a05fb25b078a86b333d50d1873bbfc8,2003-09-03 07:45:45 +0000
ac95510a877a0ffecf8c7d86e8c095c49579e226,2003-09-03 07:44:14 +0000
62a3c007a085a14108cbe311c18ddc5450147a1c,2003-09-03 01:36:20 +0000
403d041708904bcc80b03aa72579fb65c7db2702,2003-09-03 00:51:12 +0000
48f8f7913ada03f9237da786560023ffd88bccb7,2003-09-02 16:53:49 +0000
4816abea5606f4d3b2891d5c53e44dc5a83ccb46,2003-09-02 16:53:17 +0000
dd1443671d1abab70a8dae3f82290de4ec0c3de1,2003-09-02 13:28:28 +0000
225be91f2f3778acf8e49db71448e297e28e3beb,2003-09-02 07:48:30 +0000
9d04ff52b672ecf8c9329d60ac39411db4b78815,2003-09-02 07:22:10 +0000
d5d733d2fd56996a09f034bd811d2dfdd494a009,2003-09-02 06:25:49 +0000
7d37747711455f3202ecd704f0e31e820ffba3ca,2003-09-02 04:39:30 +0000
2756d4b32767482537153b09442342a24e9eef43,2003-09-02 04:38:51 +0000
7e513733a01d7df53b7eb84299c3f520b4ba121e,2003-09-01 15:57:46 +0000
6dc2d59a4a2fdc8920698726a6ace495670047ae,2003-09-01 06:31:29 +0000
b59bb63ec96f02835fef35ace69f44478a5990f1,2003-08-29 20:33:29 +0000
058e6620e8bf43f09a4eba57835dbc9d5fcfaf64,2003-08-29 14:29:14 +0000
93dd5689edae2205cd2422a7a326a1ca91a22c65,2003-08-28 07:52:40 +0000
6e0e699eed629b42344627858464c9a51743457c,2003-08-28 05:52:04 +0000
02521c625e9414c310f46ddf4999b0fcf467bb2c,2003-08-28 01:00:12 +0000
fe8f0ba2db4980f33a12be021c737f97078552ab,2003-08-28 00:56:38 +0000
56bcc31db099501ab2aa426fe5d4a0e61363d89c,2003-08-27 10:52:27 +0000
121cc38b350af432d1963e47b1b465ac0b721f27,2003-08-27 08:36:10 +0000
4090b8ccccbe6898febe82ada786692fd9224945,2003-08-27 07:25:44 +0000
f9793a42c350f93d8952fe15aaed053f6a7a5bad,2003-08-26 14:48:57 +0000
5062db7e3c0b29d4a50a6575d8ebcd46dd0458c4,2003-08-26 09:30:37 +0000
0872572901f190f9c225aa65623d8ad16ca59d33,2003-08-26 09:28:57 +0000
7ff49560d7758a5d0c69663c19a25447f1591791,2003-08-26 09:10:49 +0000
2ecb59202d22fc25002edad89307a52af83367db,2003-08-26 09:09:57 +0000
371693e8eddfaf0b1e127952da1fa7be02d86a88,2003-08-26 06:18:02 +0000
807151c4dfd34012666bcaff474d722282171b68,2003-08-25 22:27:03 +0000
1d07c268dcc8c69677af409707cc4b3498bf4154,2003-08-24 11:16:31 +0000
1d3ad4af8a9873ae18de9799116957f657317753,2003-08-22 20:43:08 +0000
c84e3138420223c8a3588e9914eecc0389e0b34b,2003-08-22 16:50:43 +0000
ae9fe56bc4ef1e01162c85c08daad34f6c2c52be,2003-08-22 13:00:02 +0000
c90d58e9c4e09545fb3a3664f144ffdbb6c78a7b,2003-08-22 12:58:43 +0000
ed52c35f1c6ec938de2965d8943fa64224b083ab,2003-08-22 12:42:51 +0000
52e2f0fa1e86bdfecfcac3980b7e17cbbff13221,2003-08-22 03:49:34 +0000
ffdfeafecabfeca3a6ee5c041c38c988c694da92,2003-08-20 14:12:38 +0000
f06fe3cd230f429b4b2d43b96870ab6b8c4087b4,2003-08-20 14:11:22 +0000
cf84a8b02fb1bbd34f371aa0899e9b50e81dc897,2003-08-20 10:58:28 +0000
e54d6eacd365cfb0efacf8921456428b936641b6,2003-08-20 09:47:14 +0000
1ffc80322fe2655cb6f8517847f939313ff9fa3f,2003-08-20 06:31:47 +0000
aa4ca6f8e703c6f594c6a738546d13f8661e2947,2003-08-18 22:43:14 +0000
6c04bd6d04854ab12c48fb5dbc81b39246a09a80,2003-08-18 21:59:01 +0000
16e3b382672b286c4badd6f43788c75b669d7b8d,2003-08-18 21:57:16 +0000
efb43039f3109befbed9e0aa5a01a0aab18f6489,2003-08-12 23:24:26 +0000
7324665440b7a5bc256981b6840a9b3af28b974d,2003-08-12 23:08:04 +0000
5ca11b2612abccd54137652928a69870c56b979b,2003-08-12 23:04:47 +0000
eb30e79fbda010d1bc25940879e1f93d7c75e5ed,2003-08-12 22:25:38 +0000
1eeb0edde179ef12ff83eb5fc6d59548f69c31b4,2003-08-10 16:11:19 +0000
857e50112b30ccc9cdd9d5830546728a7c3ba3e8,2003-08-07 13:12:51 +0000
fd3c4a70226f385ddcd65fd8e96edbc35b088f88,2003-08-07 13:11:27 +0000
abcbdc8f2fee5e03c65b77ba15c6fcb5284d6507,2003-08-05 10:50:12 +0000
20de174725734ffefc9d8ca128f3088d734bfb72,2003-08-05 08:21:19 +0000
91a8fd56115f1081ff70ea6cf677441fff90de0b,2003-08-05 08:19:43 +0000
73b8e674da9f297d6be969df69e6a2da0a8f3f4b,2003-08-05 08:15:46 +0000
f52838e396afa05d0fb14637fd00725f5a8547d8,2003-08-05 08:06:36 +0000
9edb022e3924a838754d7eb000ed678ac637711f,2003-08-04 13:49:31 +0000
1bab7ce5e5e2859f4287f1037d0b3ad43f51b9be,2003-08-01 18:34:30 +0000
2982d2f1620e1c7d43b3e9329a818fc3376fbdad,2003-07-31 16:32:11 +0000
0c156d97cc085893e391d228b3b018a1e7e3cfc5,2003-07-31 16:30:36 +0000
46eb0550763aaede4ef763547103a83920b587d6,2003-07-31 16:29:52 +0000
9c484a8c5799f575142c47071ecd7b4721bbe400,2003-07-28 21:46:27 +0000
43da87b6d06e21e8333b7c2df20751a3bbbab32b,2003-07-28 16:49:48 +0000
7f940c6c58fe750d4d2aaba38a20d2b818b76ac3,2003-07-28 13:02:16 +0000
f51bcf6c62c76728e440ea602b501d925f0bc764,2003-07-25 18:41:43 +0000
69059c42d05fabe6e6d6c45e22e1e4deab2bdee7,2003-07-24 12:43:07 +0000
248682f6611eac058c2e70d539a0bd8958050da7,2003-07-24 09:08:53 +0000
b8a64592bff1a43de36407ac59732654da9fd8ae,2003-07-22 11:14:14 +0000
7e6c73f245b4fedc28e7165c946fe3d17b820917,2003-07-22 10:58:50 +0000
252be6a3a5e8b49f5bfb0316d3926cbd2ac8cb0c,2003-07-22 10:53:00 +0000
d868042b761414d25c6ee4ea194ab370dfa94231,2003-07-22 10:44:44 +0000
4ca38ea486ee65c0920a3be2bc41593f5476c1b3,2003-07-22 10:33:27 +0000
ebebd72e16236f31e97d01f1ab9fbb8e46c0bbc8,2003-07-22 10:31:40 +0000
491606b5c4b2dbab2480349bbbf22b793ff9cd4b,2003-07-22 10:24:52 +0000
b9761a6f916a630f6a574ebee8a0c051c50acb9e,2003-07-19 10:45:16 +0000
150abd9c86af71481a740fa38580218f4eccf7d8,2003-07-18 09:10:23 +0000
77f7cefff16dd8931bc71d32f8050cda3b3ad759,2003-07-18 09:09:23 +0000
342730088bbdd7a16bb0a230c4677bfeee381367,2003-07-18 09:09:00 +0000
cb3a78093d8ea36e9e317f395e1e3e139a9efdf8,2003-07-18 09:08:00 +0000
a1b519a3f1fc21ef570ee07d0dbc057abb221cef,2003-07-18 08:32:30 +0000
c7bf39aa2e46ba0640c003723192bee32bc0b16f,2003-07-18 08:19:37 +0000
5ad4117ff4f57b4e05f4b10357ea26756031634f,2003-07-18 08:16:45 +0000
6cd1e92b1e9cfbba1cc03e3a6b7c9e30581fd859,2003-07-16 12:27:20 +0000
f302f9e943abbb082943a4942daa3522ee1d4800,2003-07-15 16:13:20 +0000
6715578b9f04575f0796b56ba27ae177136cb07b,2003-07-15 15:33:07 +0000
9266e9f591268e2173b7662c6357bd7a78645111,2003-07-15 15:30:16 +0000
5a2b6a2ee9bbdccd176bea6cadc799aaf844cf2b,2003-07-15 15:16:39 +0000
2b3e2c660b744fb96a4efd25c21c500a8e6c683e,2003-07-15 15:14:15 +0000
15ead54c21ce611626bf56f85f8591f10e825e5b,2003-07-15 15:10:44 +0000
9768233c12da3f54b22a07c98d097d83e24649b6,2003-07-15 12:07:06 +0000
fc1371fb03422e0bd167666cce853c89f890686f,2003-07-15 11:46:00 +0000
dc02b6af46225725634a1c14da623bb86e2e810d,2003-07-15 11:28:34 +0000
1617ec9c2550908ab265a76188d9006195c003be,2003-07-15 11:25:01 +0000
f09d54821017255bf74281f766065c99934dd556,2003-07-15 10:15:18 +0000
88fa71772824212a9bde09a271d837673336de2f,2003-07-15 10:13:57 +0000
13335a2b7c9ed740a396db2da4a4722b61101ec7,2003-07-15 09:07:32 +0000
87d01502642070e9bfb3641cc6d7a3f8509ce20a,2003-07-15 09:05:31 +0000
de9b2b9afa20f7816cfd547b47ae65f69590bf5c,2003-07-15 08:55:53 +0000
178f92624787ed679e4423cbd384b3ed64cfd15a,2003-07-15 08:54:58 +0000
fcdd1a4e8e9695e7e46d4285ec6a16415fa4bc99,2003-07-15 08:27:12 +0000
701073829313098e04a578bfc5e318b412f7a293,2003-07-15 08:26:16 +0000
18f9eca0091d083be2588e4b6d34a55b6aeaf895,2003-07-14 16:53:56 +0000
6e306fd80156513696417f084350f13a4c21401b,2003-07-10 12:40:45 +0000
63ab5c5983c350d8f0d1bd14315290cce27e1268,2003-07-10 12:33:24 +0000
a20676ba0c945e1451255138b8fa4e6fbb37cf71,2003-07-10 12:00:35 +0000
8c255759c7a74e1f07da8d229c1c56209e84bb0d,2003-07-10 10:28:09 +0000
b0f289038bacf35c98604d4dc4a534c2156638fe,2003-07-10 10:05:10 +0000
da85ecd95a2104929fef691beb31fda0b5e1aaa4,2003-07-07 22:08:43 +0000
fc903d46780870c1939cbc95cf4e6540f5b17dbc,2003-07-07 21:02:57 +0000
451555ab7545ab6e4403d92b00d9bd7c4614760d,2003-07-07 19:10:03 +0000
c5fbcc5e6e5346850fcc9427090674aa134e9d45,2003-07-07 19:00:45 +0000
2984af3839a534ddb4a67fe9619e8db76d3074b2,2003-07-07 18:59:29 +0000
45de265afb0fd0d9121df1dd41ab4c81dbb863de,2003-07-06 19:23:06 +0000
10e1dc77be8e4bbdb355a9c245eef62d994e6e48,2003-07-06 11:33:35 +0000
b3f23c5d1e252bf56f4339ff671ae086948282f4,2003-07-02 16:52:24 +0000
a7ea3a1f58e67ea1e2d8db371502947183b2191e,2003-07-01 10:55:01 +0000
09bf98b8596127cfa76b2b8878afd21ccbf465d2,2003-07-01 10:48:58 +0000
f9ba778f2cce92f748f0759318e2fa0981ce414c,2003-06-29 16:17:45 +0000
cd0bfbaf8bb5289fb4df3dda46a44dfbaf8dd5fb,2003-06-27 22:28:27 +0000
33d5482b327dedd7ec3e60199d74efaade0faa41,2003-06-27 22:09:39 +0000
dae312b0fe9bae0ae319a1d5aac70a4b0f2c7408,2003-06-27 21:56:18 +0000
d38eb3be1a912c2a860578ae245da6922e1b20b0,2003-06-27 21:53:23 +0000
aa61b5609ef9a27a19a6baaec6fac6514d77b4b9,2003-06-27 21:52:24 +0000
74af79d1212aa87fd47b149a4bd97aa1ab84ae42,2003-06-27 14:48:56 +0000
69f308999416212a2065c553293bb598a3863219,2003-06-27 14:27:22 +0000
ae36676574f09abaaa3d36ee9576035942a9f4e5,2003-06-26 19:06:25 +0000
46fd1291b2ad64d76b224ab27d95065dffa08b83,2003-06-26 08:18:33 +0000
2476bb9c8a38683ea4b50e0c11ecca420f67c7a3,2003-06-24 08:16:59 +0000
886a435b0d1d9aacab73e858dad1dbd624ddc115,2003-06-23 14:59:31 +0000
69fed0d52dd95a1d6aeaedbca50f923c519e7a6b,2003-06-22 22:41:36 +0000
7ea07f5020732815f065a148d4f9f40d8b93ee46,2003-06-22 22:31:14 +0000
49a8783c5d1794de4a0375a1f85f4769d363ceaf,2003-06-22 19:07:00 +0000
55a448d186270b86370ea53b4086137286b97e81,2003-06-22 19:01:50 +0000
9226106fdbb78d7098c0a2458950bd5830b74038,2003-06-21 12:42:58 +0000
11261e066eb32b704044aed8e9d0740cbf36496c,2003-06-20 22:09:13 +0000
61c69d336ec967db5317c1fa60e501b2b513286a,2003-06-20 21:55:28 +0000
a78faeda8f8132e7524a512b6cd972cefa882538,2003-06-20 21:54:55 +0000
abbcaed61c8c300e4e5124db60eeaa81874fa66e,2003-06-20 20:46:21 +0000
1a6403b7722a71f8d3565d1b7e710e2a3bef11f1,2003-06-20 16:12:53 +0000
4bf15a1048bcd0528a16793341ae8d4af2f060d7,2003-06-20 08:01:54 +0000
1677b5ae68f3fed990dc5fef8315c08039586a4f,2003-06-20 00:31:36 +0000
66b886c947a415211cec1ee9d368cf61fa45c325,2003-06-20 00:11:04 +0000
1054f0481fe675c6373879a4d746f2c010bbdc7f,2003-06-20 00:10:22 +0000
6ff3d4844a5d2e4b5d3fc9ac860ef8d3308b1245,2003-06-20 00:05:29 +0000
4f45f614c705209a28830e40b861782a88ae69e3,2003-06-20 00:03:51 +0000
75a51f889639959995f6f1fd4eb1ec9c01e42bd7,2003-06-19 23:07:27 +0000
86d8c56b632d6ed3fa081c519f7710ce972521c4,2003-06-19 18:16:26 +0000
9f4f7dade946cd665026a0c26142c07f12afc009,2003-06-19 16:55:17 +0000
3908e5b1b1a8349885b4daea1af1eb2fa4701a55,2003-06-19 16:27:10 +0000
8d55062e73d7406585a2ada8113aeb2999a2f77e,2003-06-19 16:04:26 +0000
23c2da4635683a694d865918d89de8afd9eb069c,2003-06-19 15:33:16 +0000
55a613963aaaf5b27e0c9bfb955a9c435fbc05ef,2003-06-19 15:26:05 +0000
ae4a3993fa7dff85b85af302a84954f442a7ee79,2003-06-19 15:25:43 +0000
0eb6592f9089209ef2c2b88551ac492ddde38bd7,2003-06-19 15:24:49 +0000
42b133c1521460fc749085f1a0ae088b221cf919,2003-06-19 15:23:43 +0000
bd1aee8c47f0f69414cbb3a70fc50ee1c91875f6,2003-06-19 15:22:01 +0000
8d7595c1aad48274d61f1cbd3ae3907731e7cae7,2003-06-19 15:18:25 +0000
47f1533d155e328e121a40c38500548a34a6079c,2003-06-19 15:16:00 +0000
cc9a4eee73890b9c5320813b80c8926fdf56f18f,2003-06-19 15:14:40 +0000
c763a3f88d3341a664909c9d4f6cd54e52a3be3d,2003-06-19 14:58:49 +0000
581467f89cae59e0386d4d3f506e31fc71e05bf7,2003-06-19 14:57:52 +0000
73f0f34730246c11f2c5fc7dc8ab533f76cd9827,2003-06-19 14:57:20 +0000
39b237fae57d4e589c0a4ca764c93c5c553274f7,2003-06-19 14:56:30 +0000
5df6fbf953323a413ca0fd6f270e00ef9c32f584,2003-06-19 14:19:05 +0000
6d0d6a90989946b2b42051ebe6126bc55f527aaf,2003-06-18 20:14:28 +0000
78383b37157444024acc433c741c93c1092f71b5,2003-06-18 11:48:33 +0000
1d2d4ca81b9e3126e66170f1ff914fee39a5bba2,2003-06-16 18:58:30 +0000
ef716dda32bfc9cce7e5942b9ae8a8bea9aa1d28,2003-06-14 10:18:36 +0000
a27bbfb1d1b16410a8a1dab21ca061126ff8cde6,2003-06-09 13:33:12 +0000
f27b9aeab090cc86b43ca3f63f703fc52de106b7,2003-06-09 13:12:44 +0000
73e12676a09adc4b94304b18014aa1ee28aa3654,2003-06-09 13:09:40 +0000
a9e26e4cad9c21e8b83d3a831f40a814e3b5470f,2003-06-09 12:59:25 +0000
639704d3c1e0dfe6811763424c2089b5e1e9ebe2,2003-06-09 12:57:15 +0000
7c6d855f4290c563b1093c285d0569afeb22c444,2003-06-09 12:55:31 +0000
fc838f2640bce3bc9b228502cf78927fb74fe0e4,2003-06-09 12:40:08 +0000
5dd6ab12e125f3881250b675c6956f3ea3047a3b,2003-06-09 12:38:46 +0000
b7b8f8163917eba0f768f2053bf2539a9f2b2304,2003-06-09 12:35:15 +0000
1a511655455ed51a019f862fdd5c2baf91caede2,2003-06-09 12:07:28 +0000
1834320158f724e9e618a681e4c5ab64b53acc5a,2003-06-07 11:46:11 +0000
c1af606436f4743543927e8ab4711295e427b793,2003-06-07 09:22:44 +0000
6523363aa07ffa4cce58a212e21db260c55ce62f,2003-06-07 08:41:49 +0000
6256baa89acb85987238687ecdddc6f0159d6eb8,2003-06-07 06:38:13 +0000
5a9e5f2b8a3821533f3a258ff8212b6a444e377a,2003-06-06 22:08:09 +0000
5602ebf8a825ef6a97b949efc249a43fe58e8439,2003-06-06 22:05:28 +0000
01517ba2b5ae102dd5950a337624edf5b0e5ff81,2003-06-06 14:28:48 +0000
a5b5555e659851cdef72a3df10b423e410c65262,2003-06-06 09:45:37 +0000
2d8d7e9bc8c1180b4aac43d7f19cac2d2d7a4d33,2003-06-06 09:43:57 +0000
1162af20c7f97a8e1962c46ba59545cee6432c00,2003-06-06 06:26:58 +0000
e37ab30b38c279ff146b35fa56738e4f2e2ace48,2003-06-03 14:10:57 +0000
10ea5bd4aa31fb10b45ec72227a79e0875afb35d,2003-06-03 13:41:29 +0000
7a13454c301ae7082d895eeaee3e8c9a0c5fe52f,2003-06-03 13:21:52 +0000
7045239e35d8998e2a8e92dd2899629ab4a2d5a7,2003-06-03 12:55:18 +0000
f5f918facc33db0891bf79b52986a1de89b3894d,2003-06-03 12:50:03 +0000
2e011b3237818aef97d863d9d875a103af2550c8,2003-06-03 11:58:19 +0000
a09d7b8508ac5e5f7ab6148e82c33524abd4242e,2003-06-02 10:24:46 +0000
dedd781a552aaa230170cea728be065b2c77a4bd,2003-05-28 03:47:14 +0000
6044893f76f2ba83ab1818096dc2aca81a326958,2003-05-27 22:29:54 +0000
d923a4d1480632c01460f94a08a66b25b3fda818,2003-05-27 22:28:53 +0000
fbc0b91a17b1f30e017c84d567ce0bdf0a6fed96,2003-05-27 22:26:21 +0000
805d2773778c34c91482ec7db03f2b1ef478d432,2003-05-27 20:47:03 +0000
5982a6c070187361cc307b0e596f747983d89448,2003-05-27 20:43:22 +0000
381e190a93ab8295c87aa904588e0d2a9b42c792,2003-05-22 20:58:57 +0000
757ea63f62539e6eddd9def0e9a24be4bb9fe7e8,2003-05-22 20:56:43 +0000
2709e32079695b9728fc05c83f0bd8c5b418ad18,2003-05-21 15:04:40 +0000
10e9df65d4a118a00f70ddc0ab0b50c63cc9a8af,2003-05-20 22:00:32 +0000
5e0de2c3cc6ac3c57e37854e8b53ae867ae32108,2003-05-20 19:51:18 +0000
56a3a5cf26e9f19bc3fbb2078d12df5c00792717,2003-05-20 19:31:55 +0000
05ab1e19870fd5bce64ac9933420f123884607dd,2003-05-19 18:03:03 +0000
eedf8e19c94df959589492c766f26797f59d5818,2003-05-15 21:46:09 +0000
5273c6a3aa4c07a16594baa25b7e522c5c14d454,2003-05-15 18:44:17 +0000
036f6209c55d70c409f2cd7ef46c967d1aa5e2bb,2003-05-15 18:24:47 +0000
2fb8bea764eef3498cd544301aefc9c9d5a24b91,2003-05-15 18:06:23 +0000
1851ce2e4dead3c58338b0535c0c77a8940bbc4f,2003-05-14 22:42:44 +0000
8db35f1b6385314ba7179ff8aaabac78cfb57858,2003-05-09 11:09:53 +0000
951b8787ed64f1d5b3af5c61f93811b4d06aede0,2003-05-09 11:07:43 +0000
3451abb5bf9d0ed6f76bcb94cfc3726657be92f2,2003-05-09 11:07:02 +0000
7943494850a5fb35b9aafd613fd1071a4501fa97,2003-05-09 11:06:26 +0000
95c912429012aa23bd0bcc686fb98785d5d1dc5e,2003-05-09 11:04:30 +0000
e3e04f431df54cd46586a90fb0880fdaf2476721,2003-05-09 11:03:50 +0000
bd580b35e792510e2551822251f789978bc9e82f,2003-05-09 11:03:31 +0000
78c83ca431f36cd3fec110e7ed02b9beca946a83,2003-05-09 11:02:47 +0000
1b7abc4d633a92f788290b2a7ee66f69449bad3a,2003-05-09 11:02:07 +0000
602511a4850e78ef6cf063037d92e41208c695b3,2003-05-09 11:01:30 +0000
01223c0e79abb640534b28a0390c87b5343c2d30,2003-05-07 16:02:02 +0000
0d2ca9cb31f3d7db7d78a12198c8eb08106874f6,2003-05-07 15:48:01 +0000
34ead9582fe8d23e0b779bb8413bfbd77cf2f84a,2003-05-07 15:46:39 +0000
e38d7767e2be2751cdece333efae43b52f4fa875,2003-05-07 15:46:03 +0000
bca3020b8495f971d65484ecfaf1ddaf7826c3f9,2003-05-07 15:42:50 +0000
46262f1662f4ebe22de3ac07eb6f0d5d256412f4,2003-05-07 15:33:26 +0000
ab44443acb695f6ff2f4708d19b93353f4f9b232,2003-05-07 14:38:12 +0000
3e000a97124673ecbeeca10b3300834670fc2c62,2003-05-07 14:34:38 +0000
1943ddb057ca3786537bdb778af4e9fa8e45d2a0,2003-05-07 13:58:21 +0000
fe195d00dc5f423a1d6b9579e2be1b1f9e622fbd,2003-05-02 15:09:27 +0000
6fe3330c9474a9f3131dd763f0808f2d74cb24fc,2003-05-02 14:50:00 +0000
5a2abc9a9663dfa44f9bbe8f9b9a8298ec8e200b,2003-04-30 20:00:50 +0000
5824a725bc3f27bc8e875948fa9300abcc1fa581,2003-04-30 15:27:42 +0000
72befdfc3d282d39f17ea2b92d6c86976b160d30,2003-04-28 19:16:02 +0000
6806f440bc07e887cb8ac6f7b47772567e6d221f,2003-04-25 02:04:26 +0000
d26feb8ca1cd6d7f007fb2ee62a087481d97ae4e,2003-04-24 21:53:57 +0000
4bc20bcb3a471999db805ba0b8792793250a7007,2003-04-24 21:50:52 +0000
d109907c40963c8830e0e2416b8c780d3889f00a,2003-04-24 21:49:02 +0000
5983360472366c6036d842250bb989dc455d4765,2003-04-24 21:48:17 +0000
5c7905237621678f0aaf669a0160a5a142cd6174,2003-04-24 16:03:30 +0000
d423030b12fbfb935fef51945ef8145e7ac2e122,2003-04-22 14:42:01 +0000
74739dd6c6d0458e799226f3e26d26109c1cbb90,2003-04-22 14:36:59 +0000
05d9bb2c8fbd080df6ee5f2cbee2e2d82a747d56,2003-04-22 13:41:02 +0000
06dbc31243dfb3996947196283e08b86bc37a469,2003-04-21 19:00:00 +0000
b4dd57d6b00c98ab6a4111aef8ddc8308f508c0c,2003-04-21 18:49:25 +0000
f3a9d3f9649e525c52134d5b3f0d8b2be0eafe04,2003-04-21 18:48:44 +0000
9460f75779dd61409d23989741ac8cd645aade03,2003-04-21 18:48:14 +0000
235b289414d47c0322711665308e5035f891192c,2003-04-21 18:41:31 +0000
d32784d57ebfde87b2a51647a327fecc2d131f39,2003-04-21 18:11:33 +0000
2bdfaf7f54f805491d635f14612918e77f21fbee,2003-04-21 15:50:02 +0000
9f403dda2bf7441398067171e223f87beb21548c,2003-04-21 14:50:24 +0000
6e305d8b16461ed15a960745e07e5a7e60ec2440,2003-04-21 14:10:56 +0000
f5d55534ed702f1a81e0f2b7c715741eee94c4bf,2003-04-21 11:11:57 +0000
45fb0b039f463b54946aaceab068d6abdeb1482d,2003-04-18 17:47:49 +0000
5ac36ed76c9b712e4c81f73cccc1d38c6591bfb7,2003-04-18 17:46:00 +0000
4b1ecf628c45d0927e67e469ee5dcade3e08c540,2003-04-18 17:45:31 +0000
2eda0ebb7dd992688e0c1cb1c8a31d1c06bb364b,2003-04-18 17:43:05 +0000
125faf2b9efa4a5a9eed91e2ace1e5669a59a70a,2003-04-18 17:41:22 +0000
e4464b1a0762026d1539c61a00a68c409918605a,2003-04-18 13:32:32 +0000
1468a1888a58a3a241b516c0dda18e743295e373,2003-04-18 13:10:37 +0000
40a8a135a6032f48d92d91ef09a85d0b15c51ea2,2003-04-18 13:05:27 +0000
dcb363b3dfac8bf44a489f80b469151ae4cc5c7a,2003-04-18 12:26:54 +0000
39b3c555cacc5630cb7169a14c56743dc83c0e20,2003-04-12 18:29:12 +0000
a9a1ae2b54a5fbfe5ed6deecfac9f2cc03f57e81,2003-04-11 15:49:05 +0000
900404e1daa7346fdcaf24c6312ddc6a86f8404b,2003-04-11 15:24:17 +0000
4a645790a3578257390a54884f27e82ca3afb751,2003-04-11 15:22:45 +0000
13a50778c13a70d6ba404da902ed7ccd46e75ec2,2003-04-11 14:09:31 +0000
50a23af1f095f0a8e1409d6a7a958d718c8835b8,2003-04-11 14:07:09 +0000
9591b3267fcd0185d738963e3e6eaa24c098218e,2003-04-11 14:04:23 +0000
a75c11f171a9d9fc33a30ce59168105ccd65ab21,2003-04-11 13:44:24 +0000
e9cc8ba659cea8cdcf66434d7da9883d84bae802,2003-04-11 13:17:04 +0000
685e379ef844815e84753a43daf2c62d0f8d9c70,2003-04-11 13:15:34 +0000
b7e21545d6b49d61071278b49751902174f29dd9,2003-04-11 13:15:11 +0000
493dd742424ab0520a2c58ca247328dd354077c4,2003-04-11 13:14:16 +0000
a6bfe7600d73c4fbf3e3a72a445550020d591cf1,2003-04-11 12:05:09 +0000
4c42d81a3cca2b7f1fe3c95fe8812e6dedbb85b0,2003-04-11 11:59:59 +0000
128a65de269f27ac9b09e4c9824d59fc1c7f3f97,2003-04-11 11:57:14 +0000
bc1d8f12bcd3628114bacc2363b1b70dbfe471cd,2003-04-11 11:41:32 +0000
4909fddbaf5d0845688af16934ad521e430f4df7,2003-04-11 11:40:11 +0000
0f4db4c5f65121434fc4a27475dc55bdcce12854,2003-04-11 11:39:10 +0000
6e5e292eccdbf9ce7f0b592df166dc8278ec3019,2003-04-11 03:58:06 +0000
e4320a52354dabf47c3fe1481844d8a889e74bad,2003-04-11 00:44:14 +0000
6d319a62ef121549a8b5a6a3a1a6e1fd766234de,2003-04-10 21:42:10 +0000
2608647af42dcce355034340ed72ac6ade94ab95,2003-04-10 16:41:38 +0000
d79c0e986f59680791f204e525d3065b3e7a3793,2003-04-10 16:22:26 +0000
99a6cac3688aa57469706fbdd290ab03ff142848,2003-04-10 16:20:19 +0000
bccb49a333f2b30a981003f7fc7f3d3d626a96a8,2003-04-10 09:29:35 +0000
6518869a588597edd35ae8157c4e1447e44243e2,2003-04-09 22:34:23 +0000
8b8a4ae108b27e9c6250b75fe4120157b6e24763,2003-04-09 22:30:37 +0000
ca54734fae245b0a9788b17f55e991b7e1ef175a,2003-04-09 22:30:04 +0000
ca303ee057696cb31591296f9741934b80fd6053,2003-04-09 22:29:06 +0000
25e34902045b363048b241ae8f0993ac339e3562,2003-04-09 22:27:47 +0000
1cdc0b4ba66fccb6f78ddc0b4fbdf3d938313e89,2003-04-09 22:24:14 +0000
6db241aac0a729a41e25d2ffee5fb45806566732,2003-04-09 22:12:36 +0000
c36400a9889721ad278ffdd97d0b9cd8cea34064,2003-04-09 22:08:17 +0000
0bdce64de43b045d43c62ccf8845abb23dccb84b,2003-04-09 22:07:43 +0000
2f387b59426779da20a86000ee637dd3132f80c1,2003-04-09 08:56:57 +0000
11f05278b2527a2ff326574ef51705a4932ec916,2003-04-09 08:28:35 +0000
8aa82ddf4d9e2c6a6df8936817a8f92f2eb49457,2003-04-08 13:32:16 +0000
41119b5539b460b1c4ec68ed2c6df1c2e168a971,2003-04-08 13:30:14 +0000
be63e7da9aa9a0cc7055600c4b9a9af3304386fb,2003-04-08 13:15:32 +0000
1eed44696c6613723535e1ec1055d2912881b59e,2003-04-08 13:11:45 +0000
f54e20e36a5f56a853a9212c74d54db92196aee4,2003-04-08 13:09:27 +0000
9816f63e59b4fe8ae53901d1c7ed640e8e3c6db4,2003-04-08 12:18:34 +0000
22c9133ec18072c833184e8499478ff999d7049b,2003-04-08 12:15:28 +0000
fb6e36646cad8e3672f8c2dcc9fd2f50de1ec766,2003-04-08 12:11:16 +0000
54ab1ef17b36970789b23a8316f3d43208671c7c,2003-04-08 11:59:07 +0000
229bbbfbb1e180d3e19418d62d549379ae40cf5b,2003-04-08 11:51:32 +0000
17ed26dce11b8964f2ef6bd4648c7b76853f6190,2003-04-08 11:24:57 +0000
92759c4c9678b4c82b47c588d2a6ff970bb6bb36,2003-04-08 11:19:51 +0000
1a37d34cc42ed55fb12c6cff7bbd045b1a1a8206,2003-04-08 10:03:51 +0000
6f00822cb6cb9e99e0b4b2a383f48cf11997c23d,2003-04-08 09:50:35 +0000
7a20ada04f4190d3fe411b9c6ba435ec80971aff,2003-04-08 08:48:51 +0000
06c9e14ab4c68796bc2a01d83f30c04f0c7de78c,2003-04-07 16:07:40 +0000
c2599e4d76e773497d6b5f1240a91f4494711a0e,2003-04-07 16:07:07 +0000
92af16e04ffdd78255a0ff576671e4a064103549,2003-04-07 16:06:50 +0000
b67b2a41d5d65a3f6f53272ce17c23e0c4b858df,2003-04-07 16:04:26 +0000
577620962a33c79dcfda2b337cdfcc798908fc2b,2003-04-07 16:03:57 +0000
b3cecc542bc9ab8116ce2379686b7559c6753497,2003-04-07 15:52:11 +0000
f401594d0e35bad1446ca72fffe8987d7eef5fa5,2003-04-07 15:51:09 +0000
78a0e6503c1b9d2aed09edec9ffa1dccabad7a06,2003-04-07 15:50:27 +0000
6f812486b948d78449f19bb1bdfe2716d6d7b385,2003-04-07 15:48:58 +0000
79873d2c1f704c70422bc52ebec0879be3fdc9a9,2003-04-07 15:47:17 +0000
3a46b491b3a21cf59859c9f1d4442469905b171b,2003-04-07 15:42:16 +0000
27c740faab6d50a9f468c007240a4506e4808da4,2003-04-07 15:40:49 +0000
d4764e2e1b7102a3e5522f2932ea9ac08beb9212,2003-04-07 15:39:54 +0000
406494d52d192ae2ae77cc6a50f571f48591280b,2003-04-07 15:39:31 +0000
f01eaffb4842e907402d604bcd25edb19eb6c022,2003-04-07 15:37:55 +0000
b9ef7b6cce5bdbda2cd4269bc3b26b1e36a85a76,2003-04-07 15:36:38 +0000
c0dd3dce12eaa70ed48b264d05ff635d38bf0df6,2003-04-07 15:35:36 +0000
b8b32e3015bffa5a4b93d8eb654a9b8c48aba7c9,2003-04-07 15:34:53 +0000
6da0db685ab71e09c3e2b61678dfb88007304b72,2003-04-07 15:30:53 +0000
d2216d10fbcee50f696214c548b9769448fbacae,2003-04-04 14:59:29 +0000
16c31e439d7ad830d4abc5b71620bad700ed0c72,2003-04-04 13:06:43 +0000
baa9c2a32489d8b6e4e9e5b82287796e82c42c0b,2003-04-03 01:19:51 +0000
89c2257629583079a14ad36d1f9637dd457993ac,2003-04-03 01:13:11 +0000
14330e863ffdbfe08c4b8f68052b530958742b9f,2003-04-03 00:43:13 +0000
c38d553e8a1730c954f43247a45d5d25354e64c7,2003-04-03 00:35:47 +0000
1aae458383aebf5a1dd6e11432269b5cee639173,2003-04-03 00:26:16 +0000
e843695ce29aeedf5e2531cbbe06a429ab05c4f1,2003-04-02 17:11:33 +0000
2e789f634aaaaa7509b494ac0cd8a538c8b935e0,2003-03-31 22:35:08 +0000
9f2945a0941f24eabb2e5c39b4b4f58a5922392b,2003-03-31 19:57:04 +0000
3a2009d1095b0fdb29e0d5ec87636d3c40d3f35a,2003-03-31 19:32:18 +0000
279665384513dc667dfc0e73f7757fdcfc7d2c65,2003-03-31 16:51:32 +0000
d075555c2cf0a3feb2f6ad409901e485e098e0d5,2003-03-26 19:06:28 +0000
314f30d060306c20880fbca676510c4c9e73cc93,2003-03-25 20:47:39 +0000
73cec4833e359d1d9c547354678288439b4f06d4,2003-03-25 17:15:31 +0000
bf932d7b4e13bdd82df78e6d86e2b6851cd83361,2003-03-25 17:13:13 +0000
d89f6cf4870b30815dd5dbc8e727b83754265385,2003-03-25 15:28:32 +0000
73a20f5f9b89d02285600c52bb903d5884a36e0f,2003-03-24 15:52:24 +0000
e464bdcc698bca9e45d7902f7569976bd8a31ab9,2003-03-22 05:26:21 +0000
fbbff467ece96c264c870332f32080eaeda816cc,2003-03-22 05:07:37 +0000
a7956b8c3f52efbfccffe411118a2be6decda88a,2003-03-21 22:44:54 +0000
2d47b81d728b658ef0169f99b52b235d023c003b,2003-03-21 22:41:27 +0000
4f102617f7f7324f4a21a8147b038ab2ecb9dac3,2003-03-21 22:29:36 +0000
67e199e083f6a42a0879692ac9a1285924c39f16,2003-03-21 22:22:33 +0000
d834bb314483cb84e8082da1bb87a986256274d8,2003-03-21 22:18:05 +0000
6740ced3a59df490261daf38a1586272443a9be5,2003-03-21 15:40:42 +0000
5f2bb2b8ce59f73909cca031b263294dc70059d2,2003-03-21 15:37:17 +0000
1a81cad5144fd47c77bb4d206c1e1ff7dcf44fd9,2003-03-21 15:28:20 +0000
f3fc971ba7d14efd155016ca12a43970d7386e56,2003-03-21 12:11:40 +0000
d8da09c313c19773ac2003c8f479e3c3b63ce0c8,2003-03-20 20:06:49 +0000
81d78e7d5bffc85c80b3020108814976cf410054,2003-03-20 18:28:04 +0000
80995a127127c7382448762c2786068c4397ab83,2003-03-20 18:26:01 +0000
3cbb5ca05731ebee9ce5c19a15a58e1cae7356ec,2003-03-20 16:51:36 +0000
c7dc49986a6d932f0e1b779b8c08828e80bec014,2003-03-20 16:42:33 +0000
d92d18e0f6b25a3557a5dcd9ee124aafd6ed1db5,2003-03-20 16:39:20 +0000
5eab7d8a8d6543494fa1dc76d919250c437155e9,2003-03-20 16:35:00 +0000
395f38e6a1759010fe0a4997bcc7bc65aff0cb40,2003-03-20 16:29:28 +0000
1ab95e0769d301e4e51cf699c52f8a6e30b17f51,2003-03-20 16:15:01 +0000
7adc2b50a115198511b44cadde1d2d22bbb31166,2003-03-20 15:10:55 +0000
d9f323ec6a5b1cd13241a899f6aabc61636ce004,2003-03-20 15:09:31 +0000
b849d305e7aaa068731a3b88d27e357c6ef14de6,2003-03-20 15:05:35 +0000
5a0f2ecd11909e498d177063d5f06ec43e84a238,2003-03-20 00:28:35 +0000
993694ccd4a13ab347df1093bad5b2bd52d4d2fd,2003-03-20 00:27:30 +0000
8509159e33cf50fafb04ba0cf596e13f63751000,2003-03-20 00:13:51 +0000
d237dc90d899818c711ee595f35958a617feeb32,2003-03-20 00:13:14 +0000
932770d4de027449ff504303392576003b8a3fff,2003-03-20 00:11:25 +0000
cec233f0ba9b2240df82f804123c776f3aed9376,2003-03-19 17:31:51 +0000
2eaf689570c4cf56062fcdb3537b8d305e5bf3ad,2003-03-19 16:56:29 +0000
4260903e1a1901b438f3820f916be35ed8bf7c1a,2003-03-19 16:54:47 +0000
eff33034b3673c442576a52063e19e1d0e0ac851,2003-03-19 16:12:06 +0000
ae551096c1e0547259eda5848fde4343515813c7,2003-03-19 16:10:56 +0000
26371e71e81942167ae5cd5ddf00722a5aec5c1c,2003-03-19 16:10:25 +0000
41750bcb2776add79b33c5f305128c466a191627,2003-03-19 16:09:47 +0000
264a990b6e5c6e48704e53e56f36b5b0fd593585,2003-03-19 14:19:15 +0000
80369c2ae88e3e507ec93c1b0d0a6558b5231715,2003-03-19 13:54:33 +0000
adf6f0228d64b3d4b8c9a928d6eba53bdb181f18,2003-03-19 09:35:10 +0000
f7c68afa85ff04ba6408d62d892acb90cedbf96b,2003-03-19 09:22:30 +0000
de1f004540a2222a329f2e53628f8d6d106ef389,2003-03-19 09:20:12 +0000
23d6e00ef87dd3a674a45d563f658b6b73711e21,2003-03-19 05:09:36 +0000
25cb5a42ae77bd805c4c19e1acc180dff37d222c,2003-03-18 14:18:05 +0000
6e726ed8102c40655a58b213ed0a4b29dedadab0,2003-03-18 13:37:20 +0000
c95a9bae2ab24929b64c6dc08eff5be15d7c7f9b,2003-03-18 10:34:29 +0000
07a38211bbe69e0f74ee465463bdaa34b1cb4753,2003-03-18 10:26:38 +0000
02632be06d61ef8eb8aa013349ab2e9f9437aed7,2003-03-18 10:17:39 +0000
8b8b8e2bed56e6e707803cfe43ee3f5ba60ac698,2003-03-18 01:09:15 +0000
712854a1d555e2b56b8f04d093b71b9cd6670a18,2003-03-18 01:07:56 +0000
8dc26aa0df28f322533e4195a1f977d55c00b708,2003-03-18 01:06:38 +0000
d6b079af39d06487bbdbea0fd62c7577702c1f40,2003-03-17 23:09:55 +0000
f62eba140f6ed5e6e9a04959fdcb22d5bac91e4f,2003-03-14 18:35:32 +0000
558585b34eac7cd61ed3513d963f5c384b6db117,2003-03-14 18:34:06 +0000
f18420aa1e1c4c32283c67f5c338e8cb5f644474,2003-03-14 18:23:10 +0000
c6bc394bd9e8a77d223e0ab5178fec6e67e57576,2003-03-14 18:18:35 +0000
ce9ae7363b1cdd46dc1e3620dd4aadf73d40598f,2003-03-14 17:43:49 +0000
7c116cf7617dda7efa6c7c9000799faa97f08e83,2003-03-14 17:33:39 +0000
04a3a148490d7a77d305e3a2326c63a12f079ff1,2003-03-14 17:29:09 +0000
b7edc13f7e5b98196a5c25687559c5f5d0b11569,2003-03-14 17:20:57 +0000
9cbfee3412ebb0e237dba015e67cc7ac9de5c682,2003-03-14 17:18:00 +0000
1c28b13a11c7aebdc8b398f49d4b9f554c6ffa8b,2003-03-14 17:09:27 +0000
3bf45728eecf21df555999efb9ac263afe50d080,2003-03-14 17:04:26 +0000
5fa035f6b94ce2da72dcaee52dc2d57cce024f64,2003-03-14 17:02:55 +0000
941c596c6070beeb970f2daed264b5717e35454d,2003-03-14 16:20:18 +0000
4f38dfada40854c6517b22b5e3fbe4f6d6a47044,2003-03-14 15:15:46 +0000
db889e04d049181c719b57c424b9754f578c4616,2003-03-13 15:40:49 +0000
7b18e565d74b4ba04af87e2c665006239828b05c,2003-03-13 15:40:27 +0000
faa73989be53250cf0bc4f9b43ae061d9dd17600,2003-03-13 15:39:54 +0000
18aa3eac63456c2b3e65f1cd310a0d6fb864a0dd,2003-03-13 15:39:21 +0000
4b501432a405f6474c97fc790e46dd5b9c2e849a,2003-03-13 15:39:05 +0000
f6426bf860721abaf5f48ecc5e541a15ec104db1,2003-03-13 15:37:22 +0000
8852be466e95bd2276484b26018b6dc6da934f29,2003-03-13 15:27:47 +0000
9c6f28b341026d5aaf2187337d57a70631737f44,2003-03-13 15:22:17 +0000
2d7f5a6a6bc0efce483c3454ef1dfc138950379d,2003-03-13 15:05:47 +0000
293be3e0e71186f047e08653c669f0e34cc4786b,2003-03-13 15:01:32 +0000
2ae2dc4e11c2f15120aed062de3c654628aae97c,2003-03-13 14:57:28 +0000
726db8abed2d5b93d8859d2b1738d10b884932a8,2003-03-13 14:46:41 +0000
ccb3cd66be0f15625b624d7a9b03be8e49e9412d,2003-03-13 14:30:23 +0000
4ee1621d261064d1834d81c5650704c16b3fa56d,2003-03-13 14:29:31 +0000
ac470d3766b013f5ddedebee8e9a6202e718242a,2003-03-13 14:03:48 +0000
5ae43398120e6a5a7a9bfe5b32067c7ba4bbba6a,2003-03-13 14:02:55 +0000
bc76de7f2882f8a37f5f274df00918e247f2fb91,2003-03-13 14:02:06 +0000
9b13afae30ad4b4d5e41224f0cefa1975540500f,2003-03-13 12:49:41 +0000
b8629dade355b0497241c2658014f07c71544c6f,2003-03-12 23:18:45 +0000
c9d63912aaa7891158dc961d4ab2c986c15f17fc,2003-03-12 23:10:41 +0000
cb9f455a74816b0723fd87eac6e0e06da33f708d,2003-03-12 23:01:58 +0000
04b9e5c68dbf02f3193ae3a7dbc8d2d9f0e2e05d,2003-03-12 22:57:56 +0000
8e8398bd16c3db2639fe7ff4e75a04998d086ed2,2003-03-12 22:51:32 +0000
6dddb3382b5638cd00bc091d3f552d05884dcab3,2003-03-12 22:44:57 +0000
461d20c1dc23968c49be7901155e93913b1b8952,2003-03-12 22:36:12 +0000
43d9da1fb9d725a4135a84b7900a8a06d48a13be,2003-03-12 21:42:59 +0000
141c7e2d7ac2d328745fb6a638e0b2aa65d049f5,2003-03-12 21:40:56 +0000
57240ba5d5d952da84af22c54bfc8abc16472c32,2003-03-12 21:39:50 +0000
2f6764180320d24a4a54ca95bc974c49033a4c3b,2003-03-12 19:22:27 +0000
68bbca547c367e1f5d7d0b8b215805d4e529b77b,2003-03-12 19:00:02 +0000
7d0aec72dd964827dc0b8b6fc3dedd03a52da0dd,2003-03-12 18:51:05 +0000
8d9fe8e16fa072104653d694aa09cdf6c7041ae1,2003-03-12 18:43:13 +0000
587a7d7098fb4f868b46ea4ba79ffe74681dc9a1,2003-03-12 18:41:20 +0000
0d1985e43d838f70973ce82da213c099a00d40b2,2003-03-12 18:38:41 +0000
2ca4c583b6968aac260b5e035d173f558c86ad48,2003-03-12 18:36:21 +0000
898e9473dd23c3e539edc43437aea1e863b05a2d,2003-03-12 18:12:06 +0000
0b06f805df23fd5aaa1003206641174206fb4507,2003-03-12 18:04:29 +0000
7592cb651818c2a0b09ee787c0f9abf8311dbb03,2003-03-12 17:52:45 +0000
513298030c1b246c737e37ccce5ad0b1f76a1c00,2003-03-12 14:29:14 +0000
f5ed3a7e02f174a734ac5de3ac8a65612695e06e,2003-03-12 09:08:34 +0000
85d1a72f16271036164e7448009ee150eaa22e75,2003-03-11 22:45:28 +0000
59eed36dccc2214323aa622050c837890c408d75,2003-03-11 17:52:47 +0000
1ada5aedfc312bf2b3df72e1cff79668159fc9c6,2003-03-11 17:07:55 +0000
702c0033393f92c5b6d7ab30d5d4ddedfe0f0d40,2003-03-11 16:38:44 +0000
cb9a840eefe6a18f772af8856ab18bce395e79d2,2003-03-11 16:10:05 +0000
3a7a496cba6f9e97162d118650976d3ebdc034b0,2003-03-11 14:34:15 +0000
5b77372f80b3fbd0cb64cb1a2cb4a866ff2d2575,2003-03-11 14:33:35 +0000
02a1ef20398fdb147915530dd6b53991da74cefd,2003-03-11 13:56:04 +0000
3ea3c16452163148af31d793bf6e6e40a29853e4,2003-03-11 13:55:51 +0000
106c9f4ce3ee592879f7adfc2ee4d983ead0c7d8,2003-03-11 13:54:11 +0000
11f8db65e8f6b8aab95e8a4ec1a4ecc17f96ba5f,2003-03-11 10:48:00 +0000
8c8564e346c38d6b146be36cc0490377a82ef306,2003-03-11 10:47:39 +0000
c6dcedd72fe8f86fd40e3e9dc11bea7253b13671,2003-03-11 10:42:59 +0000
fecc52214490585d7b36c06e220235927fea1098,2003-03-11 10:36:14 +0000
3e10df840ab2b660030e0c4d1eba0ab489cbc4d7,2003-03-11 00:57:25 +0000
52e59158e7c4cc4a056b2d6b45ba929857d78bae,2003-03-10 23:08:07 +0000
dabef3cde24a9e5dce5819dd5cdbce623cc096e0,2003-03-09 07:16:45 +0000
3a24299d1dce224dc1ffb72ae1a99ea75d776fd7,2003-03-09 07:08:41 +0000
e3b20650fb5d971e3e988af60b20ef00c7ffbecb,2003-03-09 07:06:52 +0000
7435c009a8dc4d83dbe1a05f03672ed3152f6b5e,2003-03-09 07:01:09 +0000
e765cd95ca045f7960a4310820dbe6f330fa022f,2003-03-09 06:58:43 +0000
a7ce010430427603093d9f7a1c5a60dff2321527,2003-03-09 06:33:43 +0000
d17836dd879dc07b8713b133a06804a51467f0fb,2003-03-09 06:04:58 +0000
85ce20b56472beba9ed99b805a49449b1bbd941f,2003-03-09 06:01:07 +0000
a2146f9fce05ba9eaa2392cc769b5c6577e5f4a8,2003-03-09 05:58:15 +0000
1ba4e962e795b33ea31b5a0483521fe202ae8ff0,2003-03-09 05:57:08 +0000
68c08ea04f3e39ec6db16a85fb390aaad6f95890,2003-03-09 05:21:41 +0000
8eebb687a53e3fbe079947171b00c520aeeffb70,2003-03-09 05:18:25 +0000
c81e2d60393687aed08db6a08e7de92a598bfb48,2003-03-09 04:30:32 +0000
40a437cf2eca02ff65f15c7dfe95aea0dbf357fa,2003-03-09 04:23:58 +0000
55f94ac5d7004dfca91b4924d6e1f6d49f6d96f5,2003-03-09 03:26:49 +0000
33ec1abba34a1effee4b92b8d0830be0fd0a79aa,2003-03-09 03:21:45 +0000
9e45ad75e5602e2176bda4d35177c456b343e17e,2003-03-09 03:15:49 +0000
353796232fe1add94467de43bbe72b6c77a97070,2003-03-09 03:08:49 +0000
0b70ee6c62111e61cf5c46dfe384efb2f9050ef9,2003-03-09 03:06:35 +0000
bf8acb941fde4d3decc30bfda36f1e148e81b4c9,2003-03-09 02:54:49 +0000
8fafeb179260520beba5867217490432a6b01486,2003-03-09 02:45:16 +0000
cc4bc4979e083c490313339eb637f71d5fec0665,2003-03-09 02:35:32 +0000
9616cd54ff46247e38b688d9736fb1d67c47702d,2003-03-09 02:31:51 +0000
c5221d4991869737682c452cc6951d4f659f608c,2003-03-08 13:54:09 +0000
1e20b88336775aa65914975c792970cbae6c71ef,2003-03-08 13:25:48 +0000
e303a02a1e16d9b3eeeb83c9a218b8ec250c3f27,2003-03-08 12:26:45 +0000
f7447061bfba9a3353fc72f27e406685197760e8,2003-03-07 17:30:33 +0000
2141cdf0ce70138370a44e8c8adc8053be7b9030,2003-03-07 17:11:33 +0000
dadca28e893a22ef5f822cc3abe333396da5ba73,2003-03-07 16:51:32 +0000
0f982b7918b95abdd7b5935674a3edcb6048eae7,2003-03-07 16:21:09 +0000
ff3acd93282bdf1e91c0f5095609c8fe0019eb54,2003-03-07 16:19:46 +0000
e0e500c7cc92699887a527de4a11fbfe46e4d73c,2003-03-07 12:27:28 +0000
d5d0544a5544169c39ba51b344be86fb4e13e31b,2003-03-07 11:59:03 +0000
ac1ef28c9e1555dbd6a8eed9172d96593f982b45,2003-03-07 11:56:20 +0000
9e98c7bc397283171c7a2d88d38116f093400cd8,2003-03-07 11:50:45 +0000
41e6e9703f6d5e47adff87ef4d59c6b862e62a5a,2003-03-07 11:49:46 +0000
d96a8513db7775dd30de2a6367d3196194e6cfc4,2003-03-07 11:49:12 +0000
a408910c719d624178656fbcd9d96dc7de64bb67,2003-03-07 11:40:55 +0000
6952870d2700c643ab3f82c3efc206a9bba5d104,2003-03-07 11:39:21 +0000
e634fc838de218525785f877cddff0c654573b9a,2003-03-07 11:38:09 +0000
9d6f3423e1dc8206c6b19468c5155e39812d8cd6,2003-03-07 11:36:51 +0000
eef5ad71b440c466fbe7823be34e721157b2d62b,2003-03-07 11:35:34 +0000
6860cbf3cb4c6cab01bb65579f7c6b38d5dbdd46,2003-03-07 11:32:25 +0000
e052dedb57148f2cbd4897563deb977630d352c3,2003-03-07 11:25:50 +0000
e3026391b9bceadb58bf5928c803a5d448cc7919,2003-03-06 17:07:38 +0000
3a8d8b390ac46578229db0df7b930d854f04e218,2003-03-06 16:09:14 +0000
cc15dc669d24573cf59bc13592730bf1b78d0f8f,2003-03-06 16:08:38 +0000
86395cd0c30fa8d49a57be090e1a913804a2e90f,2003-03-06 15:43:00 +0000
9cc48bbf5d7de2323c211f941b737d0e3bcda1b7,2003-03-05 15:31:17 +0000
7214f70cbc9bf1b5e2e95be8194104f3b9cbfb58,2003-03-05 14:44:51 +0000
59ef80ea49db48a29f5175783e0df9307b0fb2cf,2003-03-05 13:07:05 +0000
1fa327dbff72fac166b09cb1b69bcace7106dc24,2003-03-02 20:02:28 +0000
ff06c0226ca06df34f87f64e4c1b2e8e700a938f,2003-03-02 20:01:30 +0000
0e2e2abd2a75baeb86624551cc7df53b4f13a414,2003-03-02 17:42:26 +0000
a6e589c91d10095929a5078341cb734a3880910a,2003-03-02 16:54:11 +0000
969c10c016c2f2ceffef6f5bce4dec02e06f9329,2003-03-02 14:32:40 +0000
466680e5e28eb034718010ad44632ef65efbc1b0,2003-03-01 15:31:41 +0000
5e72231a6e9de8d572ec17e01ef056d1bb830e30,2003-03-01 15:21:43 +0000
99b718394ad9c20e4a8bfc513fc680287a6b5f27,2003-03-01 13:20:32 +0000
c724529f9da3568ee9085e08c26d119f0a8e3240,2003-02-28 17:11:04 +0000
5fc2fe5e87331d70d6a98aa5fe659e027c8e541c,2003-02-28 17:10:32 +0000
237579461c210c9331a0f782700ac97a6806d829,2003-02-28 17:07:56 +0000
ec42bf7a928568406f5c9f8562b638309b853304,2003-02-28 16:42:56 +0000
25c741be63b394fffc58fe9c8ff45a83ff669c6e,2003-02-28 16:36:47 +0000
d18fa5587507337550f8a30ab531cea1da07a956,2003-02-28 16:25:49 +0000
3754ed670cb43871a0c37e5b9626aac5ba18e2d6,2003-02-28 16:05:45 +0000
ee6353f32a103fa292bcfc3307166fbfb11ffe5d,2003-02-28 15:39:05 +0000
401326df05ba5d385b6e28759a09416571a9656b,2003-02-28 15:22:19 +0000
da0af5693bf5c34a3b3dcb4369f0ae425eae255e,2003-02-28 15:21:09 +0000
26e9ac4893cacc9129b0533628d0f7c0388a6a17,2003-02-28 15:02:17 +0000
aa53ae16eb8b9f2a62b21ef77a7dbc77db2ad1ad,2003-02-28 14:49:25 +0000
1a5e6ca7c587b42cbec81683606d2aba42ac67a2,2003-02-28 14:40:22 +0000
2bc7f0be3c70ebea52f22ebbbce84d7d6a3c864e,2003-02-28 14:32:32 +0000
96c7676cf31bd5028c8def5abc627e1ea1ae743b,2003-02-28 14:31:43 +0000
705ee4f51d0f6ca26253b28653de8ce913a07d94,2003-02-28 14:19:54 +0000
fe289078a31af8e2e69cdec873945de5e8ed54b4,2003-02-28 14:19:48 +0000
902a1536276dd37d976c4b682daaa5aba1d2c134,2003-02-28 14:18:33 +0000
cef380f3fd0031fdb0a90b6f46b8b19808e919d2,2003-02-28 14:08:51 +0000
e9d1f78fa7b4ed32f0165985cd2ae422fb47651f,2003-02-28 13:38:38 +0000
9f8075b7fccc02df481f04b2f9415d5700c5127d,2003-02-28 13:24:22 +0000
fb85b814475eb5865f07237a03bfeb9ee71641b8,2003-02-28 13:17:10 +0000
6a1e84ffc9248b4b851dd1b97228ca6ca4ac8746,2003-02-28 13:13:48 +0000
f2c55f4fca1e639b9c47f5e91d75ddb5dde475c9,2003-02-28 12:55:09 +0000
0e566cb7331080a8512e075ba15727f9f2e5873a,2003-02-28 12:41:10 +0000
c08bf78b23ba1ceb4935688b8fcc841428d3e0ac,2003-02-28 12:39:48 +0000
d6459114563437a115ceb7b81e678977862a8b70,2003-02-28 12:20:04 +0000
3cec537f2d89f961e94e3bb37524a3ad7026eed1,2003-02-28 12:06:52 +0000
85c2d5d8085661084749982113036416f3c0b03b,2003-02-27 23:07:42 +0000
a4e5a3546baa9af4db2596b2a6a04b0071e42651,2003-02-27 17:56:18 +0000
d3f1d215d375404e1cbb75e19ba1a968bf850ef9,2003-02-27 17:37:34 +0000
b353eb470db869d4328798d4485f7d03e6fdb442,2003-02-27 16:42:33 +0000
b0e00b6f5dafe090ce15f12af545494cfb4eec3f,2003-02-27 15:40:00 +0000
c92b29ef183bb53814c7114b984f2a3e4858a33f,2003-02-27 15:02:22 +0000
49cf23eb069633eaad87b1b076a1db0e4d759f8d,2003-02-27 14:53:47 +0000
65eed7e1b7ca62a69b5a968c4ae1581e60a5c23f,2003-02-27 14:50:58 +0000
f56e20cdd37f0ce424b803b89d829d66b3de1ef9,2003-02-27 14:25:54 +0000
e4e66b7edfbbdb2ff6c2d6ab390c86d107a611c7,2003-02-27 14:13:41 +0000
4a89fd698e74f57ddf2dfa39f5a3bfe014af1fbb,2003-02-27 12:13:44 +0000
7a8258853eebd12e44001f841905a1f672c811a8,2003-02-26 20:37:59 +0000
b5e53a62588fb94a2bd55e415ff7959a8262c389,2003-02-26 20:05:53 +0000
39b6617087bea59990b63865c39509862daa118e,2003-02-24 12:22:57 +0000
7d235bebbc3b11f3f479045498258e0a60c6ba89,2003-02-23 22:24:59 +0000
2ddebeb7895017f7d51050b6c3bbb369958d1fd5,2003-02-22 18:10:00 +0000
37c7b08c5b37a321dd932a2ba61af1956e9e5212,2003-02-22 17:53:06 +0000
e78e67798e14e0303f613d867efd3a17c933023c,2003-02-21 17:23:25 +0000
2b323ffed86efb98be0b7ab671dae75f37ca8066,2003-02-19 23:57:25 +0000
eb9a15929ac93766f38830e142744497cc207107,2003-02-19 23:52:43 +0000
683f65b6e3bef6fa84586b11f53767e57a25129a,2003-02-19 23:50:05 +0000
4a1ba98f53d44a581c1f592d5b1118945c0c3f5d,2003-02-19 23:47:43 +0000
8d406def25c2abf5469325a8852ec315f2d51759,2003-02-18 22:20:11 +0000
dcdddab20d9c91a87ceee883d8bdbf33f67f1acd,2003-02-18 20:23:17 +0000
e593f8c1b2aca806446849bf29b5821881153f15,2003-02-18 20:15:18 +0000
0f7e001c014e3def12a0e66fe75a0b42c15d1235,2003-02-18 20:09:41 +0000
6becf0acc8f892ee59e8eecdd13b3a02c4489653,2003-02-18 17:24:33 +0000
169b664b730b4be8ec3ed62984f83746a44369b6,2003-02-18 16:14:31 +0000
dfea46e5c8f89a426cca879ed32a41d119b5e987,2003-02-18 16:02:58 +0000
8f65cb1a5ee7a12a842672e452a5768c247cf3e0,2003-02-18 15:57:56 +0000
71075930c5e37d84cc6c61e1006354a68e13b635,2003-02-18 15:57:16 +0000
8e8a3bb18c50787b7699ddc2ac9ab97578069e76,2003-02-18 15:56:44 +0000
1e435d2101373a7462bf3712c3dc1fb4a4513d33,2003-02-18 15:56:20 +0000
30e45c793e1b28ed770c800c52f6a4833421422e,2003-02-18 15:53:47 +0000
4dca942dfe9264dea1afca56d2c719a2f36351b8,2003-02-18 15:51:16 +0000
32e1e2b86f20f9cffc1207d69dbbf985da4a2251,2003-02-18 15:48:44 +0000
14e544f2c881cbcfd150d0ca779133f862865e83,2003-02-18 15:44:35 +0000
bfd6404ce0b059d5df5400c7d01412849e36d176,2003-02-18 15:37:59 +0000
e112cf2a4200f00fe044ecfaa3436d934e6be879,2003-02-18 15:36:58 +0000
d7de1ce5b88181b76b64ea89884df0084156c30e,2003-02-17 22:55:56 +0000
b8f946ef281ee7183855e51b82c72f94a7a10c84,2003-02-14 06:18:58 +0000
f288301e0f19d316e780a71d54598c17e0d4303e,2003-02-13 23:11:24 +0000
6b7f2b166386f1b80eb9b5aeb89c77b7aca739c1,2003-02-13 22:35:31 +0000
f4c43bdbd447e81e9d0a163d2688690d4dbd86d7,2003-02-13 22:26:38 +0000
eedf75f976b648367f360821ddc8baf53c394a64,2003-02-13 22:24:38 +0000
1940b9206f5351504cd8fcb71559b79eaf3df01a,2003-02-13 11:57:26 +0000
50bd0de049c4982f903306419139dbad04067b26,2003-02-12 17:52:20 +0000
1f4d6b8475a1bbdc8639ecde4544bb8e5b353624,2003-02-12 17:24:32 +0000
26a39ba40f1a76a7c0768fe6edeb8e911df60db3,2003-02-12 16:30:52 +0000
c9d0ba70934206b19a4b337f7ee535df3bbd069b,2003-02-12 00:18:17 +0000
1e188f6d2fe847bb4550ff65c27285bc6af95cef,2003-02-12 00:03:44 +0000
8e665c4c24057545998d7980bc02ac87ac17ae7e,2003-02-11 23:57:11 +0000
c1cc7ab85e679cb798f12f58a49477e183f7c800,2003-02-11 21:10:44 +0000
b0796feef7850f007493aa3628a723ca66d84657,2003-02-11 20:35:54 +0000
e50c3fe65791dbc08d418414a2e0d9c41c944fa7,2003-02-11 19:51:17 +0000
3e8f98d475f4e26b4a33989fff4a556b3bfa42b0,2003-02-11 19:47:58 +0000
599956a2c1b7b862813c3a8e11d52f7bc2f61550,2003-02-11 17:57:26 +0000
24d06841647079e6e028ecc683990391afe053e3,2003-02-11 17:54:58 +0000
2a6cf0e27f4e7ed63cdfe5794bc83b62b409b2a3,2003-02-11 17:54:36 +0000
0f0fa37d5a0b8805279459f5255f64c9592471a7,2003-02-11 17:52:51 +0000
68e07f0879bbe24bfdda78a4356a0c0cfbcb68b5,2003-02-11 17:18:29 +0000
3b8417776f1e763f55906dfd935f9b72bedcc56d,2003-02-11 17:06:35 +0000
0b5eb30bbe1fd962d893326db6966a49f20fee65,2003-02-10 23:56:14 +0000
7ceaef8799c233998ef748fc47aefe6d13407416,2003-02-10 23:53:02 +0000
441d5882689506cf1a559e780dce6a02d44df2bb,2003-02-10 22:39:42 +0000
17649d45b63631946a126c0a70458873073ad1c7,2003-02-10 21:11:40 +0000
a2ceeaf4030a1a2dd17f39cabc7d3a78fcbd51ca,2003-02-10 21:06:11 +0000
aeb48716364e41e64f8553a0e2897ef2250308e9,2003-02-10 20:58:41 +0000
774d0a836b259134da0199191de51091b7a07027,2003-02-10 20:57:42 +0000
3665f55291df775d80fd27cd98aa2a36df279bb2,2003-02-10 19:07:42 +0000
28137e2ae6a2915e9b0cad1840c17115d2feccab,2003-02-10 19:00:50 +0000
23b011fa40e7e394fad84c62ba9612742e1e7ef5,2003-02-10 18:42:53 +0000
4095e10a844b5dde8b79bbed9ff73fdcd8ecd528,2003-02-10 17:31:59 +0000
15b13d51845ce36c8cc57053c754298e3a7249bc,2003-02-10 07:55:42 +0000
c91609cedbdbbd36907945623f97e5b22928a333,2003-02-09 23:16:47 +0000
79e6320b8ebeaae52137f17254edc2ae5e05792f,2003-02-09 23:14:38 +0000
73230cc8b67449b10243554553c2ffd3bbd5eb11,2003-02-09 23:12:06 +0000
65f842111f25a7e2d657999bac2335c583aac508,2003-02-09 22:40:20 +0000
f57b1dca6a9037c9ec51d6ee846f95bff1cbd7ab,2003-02-09 22:39:40 +0000
9930072ca4c5bd581832d1c6fe63ff7af1dc97c3,2003-02-09 14:53:28 +0000
941b1ab8c7e3c5b14916c40d638400b647157f49,2003-02-08 07:01:17 +0000
40686090e6925422e95b3fc3dd9e37b46cdcf79f,2003-02-08 06:53:22 +0000
0d87c01c69e093cd558b72f6b143342029d13fe2,2003-02-08 06:48:19 +0000
737762c1b954ffe51b72a52aa5f15758500a833d,2003-02-08 05:10:52 +0000
8c96a05ee9360e3a9ecd796e01b35af42472eaea,2003-02-08 05:09:23 +0000
73bc3af7cd964f9e405eb6ee11f630a000796d80,2003-02-07 19:27:11 +0000
6eedf52e494ac463e751b508b9603121edca8213,2003-02-05 01:02:01 +0000
2815c518b6f4bc23746a94bc0c12ee664af3a499,2003-02-04 23:15:01 +0000
4cb7c24ffb7d19864474ed91f79b85811df0124a,2003-02-04 22:17:50 +0000
7f1ea539ff0b4f4affa3e903f87d89024a582b03,2003-02-04 22:13:20 +0000
7384d3c600a749eff70d78f962011261868534fe,2003-02-04 17:01:45 +0000
9e10b5200dbac3c730c21cb0872324906a194d25,2003-02-04 17:01:13 +0000
6f447030a2ed0f5a14d1c267b8e140ca12a589a9,2003-01-31 18:14:58 +0000
128ba17e2740dd7ea8a3ace353f785a51e48dbaa,2003-01-31 16:04:34 +0000
b2118d1567ca6741d84a90472e9e261f68bac9b2,2003-01-31 16:04:05 +0000
b0d4f2b8eae359cfc577cca6b1b802396eefc518,2003-01-31 15:38:38 +0000
f30f566271359fdf5f85ca9bd0db6e301c5ec539,2003-01-31 00:56:26 +0000
0b330a1d8867f3f854bc5cbe402c26c4e542122a,2003-01-31 00:20:53 +0000
508d03252f06c49cfd2c171ec1f52a0665bd744b,2003-01-30 23:01:38 +0000
02177467724ec76d851e4d8bf64e5b15d3c293d2,2003-01-30 22:56:58 +0000
3bc71e77364b68c71cbffba5d33d9bd7a5762359,2003-01-30 22:56:37 +0000
1059f2835fd2f3173bdf55326e22b0a8b31b2216,2003-01-30 22:55:20 +0000
b774c4d10df26e71b018bf0c3b58c4383f3dc5b2,2003-01-30 22:49:37 +0000
aed0cb5d9a30905dbca409e2e2b48cea24a9e0b5,2003-01-30 20:01:19 +0000
10a68f938c323f0acfbc712f7852103d8c538b75,2003-01-30 16:16:21 +0000
ff0ce1698c2aaf9cd29493bc799116c1fe68d183,2003-01-30 00:32:12 +0000
0e14d818b88f15dd6291e02dc591b7a23d4ce0e8,2003-01-29 23:59:43 +0000
41fc9e73c288a6259ac6fdc59017a8c1e2ad31b6,2003-01-29 23:05:42 +0000
49b2d5c147dda90ab60f7f8afabf6ab2673559eb,2003-01-29 22:22:35 +0000
37ee046ee61d0c96242a7936d63c204a06f1a3c8,2003-01-29 17:52:48 +0000
12494edfd4f4057f20bc59721e7a9cba93f2ce21,2003-01-29 17:51:48 +0000
438ec578e5cfcb78a1f95e68ba2939edb55b8969,2003-01-29 17:45:54 +0000
0d15e688d765933af78e1dd8f5f8712848859693,2003-01-29 02:03:45 +0000
18c4d7c813301b9e71c9874a77b6d5563e5d3a68,2003-01-28 21:35:56 +0000
ec19d3b833c5b9ebb7be776e70b50a9045dbd80b,2003-01-28 20:35:44 +0000
2b8d72bf0303283bd887619e718c23364a1e504c,2003-01-28 20:26:54 +0000
c673be3d41da077831b72c3a49ca6797b08954fb,2003-01-28 01:30:07 +0000
f22b9512789c38386979ab99c4880e4c97823eac,2003-01-28 00:20:39 +0000
ae813c64a991f585f9788d98eb7ee0b042abda5d,2003-01-27 12:30:51 +0000
0716cd5fa1accb05b1172c638282dba08d4627cb,2003-01-27 00:06:51 +0000
20efbb637385a8402a9814c89f8570b9366134e7,2003-01-26 11:32:47 +0000
9d85a3466b6bac0375ef10a48570df52eb8dce41,2003-01-25 03:35:14 +0000
6ebdb500062193f2d14cdb452b4dcbfd871720f2,2003-01-25 02:53:48 +0000
3d5cf2729d48d2984132d29f825b0d09069cfaa6,2003-01-25 02:51:36 +0000
94f580d478395bb40272df9b20d74f6f1e69b85f,2003-01-24 23:38:20 +0000
2cc70d21c073c680482ed9263c88340dc9063d2f,2003-01-23 23:50:41 +0000
3511bd7fe43c85cc1488587847a1164948179ffa,2003-01-23 23:10:14 +0000
d80babd95e3ac9eb872927fc0cd642a46e5c549f,2003-01-22 22:09:43 +0000
ab793030ab4eea7ef24c97175911f3421c5dfb1d,2003-01-22 22:04:48 +0000
b5229937c634e0ea7982470cad908ed149476cae,2003-01-22 22:04:38 +0000
aa712e0da3d9214167cab985e98663d6a02dfded,2003-01-22 22:03:35 +0000
e96ab9242b1b05c634fab6310f5bf1676b29ff10,2003-01-22 22:00:42 +0000
f16ee27c0efdc9cb1954584dffbae0fb6b926bd7,2003-01-22 16:26:20 +0000
e5b456cb5859db13dff8bdcf8c3abb484acffd6f,2003-01-22 15:22:12 +0000
3a9862a7fbb0fd5e3eec84280546bf42491d7ce5,2003-01-21 21:02:24 +0000
dc449177022d546dee04d92ec184166a1c23fc97,2003-01-21 21:01:44 +0000
7fbf4a63df2eed838e1d8543815865593b4412df,2003-01-21 21:00:39 +0000
7f43b697c919b05f7dffd649e815b8f45f7e45cb,2003-01-21 21:00:08 +0000
91d0a362ec64b30f475a8b1f15541bee8d815fd6,2003-01-21 19:50:50 +0000
1013efe8f21ee847e5b8c7317cc5d1ff9c0c9690,2003-01-21 15:55:10 +0000
5920aa849eb016627c4efece1d6ac6964ca5c098,2003-01-21 05:21:18 +0000
48c4ba221d38459818a9805f6ad1a7fbcc873f23,2003-01-21 02:57:47 +0000
7e5b44048cbb06a4b3d69e504e956831b19ceef7,2003-01-21 02:23:08 +0000
38bd287acd634d1ad051a88af98ab315310a4d61,2003-01-21 02:16:36 +0000
c78d900358d51a34e4778447328617196d5f4693,2003-01-21 02:15:11 +0000
a43ceca94ed50eb5f0e3b705a278879bfb293f84,2003-01-21 02:03:36 +0000
430ce5407de0111d5457d5ce303ed7a88c62ffb6,2003-01-21 02:01:01 +0000
ceb3cccedf2730232fdfe84467a42925a2289d82,2003-01-21 01:57:29 +0000
9080c035e83faac4f8a98480e88d67d97d8a7158,2003-01-21 01:36:55 +0000
140323c954d0b101006e6b41b7b0e9542233fcf7,2003-01-20 22:52:56 +0000
227ff4e20b1c9e1b18f9283bdc885d6e51953e6b,2003-01-20 22:50:52 +0000
6ec6ae1bac26d6f6dbaaec8d438ac053f591a47a,2003-01-20 22:49:14 +0000
6e9614705746f7b4ab72a6a01971e1e7a396f6a6,2003-01-20 22:43:40 +0000
ade20295ab23c45a36c17448c603495cada79d21,2003-01-20 21:59:56 +0000
3efa8cc72b3e736232f3bdf68181693b40d869e0,2003-01-20 21:58:54 +0000
f0c6069b816669515521cef7bcadebc93682bd90,2003-01-20 21:53:30 +0000
512a503ca958b1ed828d2ff6b9d0c9c1009c0656,2003-01-20 21:52:13 +0000
bb665dd6284b03334d855e35f9fa9b01592433c1,2003-01-20 21:48:54 +0000
71df7769d4f21f9c2a06b25338071329b2bc97cb,2003-01-20 21:47:43 +0000
064ebdb10edf1e43b75a18c78903d102c7f2bf08,2003-01-20 21:46:47 +0000
c8bebb6070fee00165c764751314ffcb277777a6,2003-01-18 22:38:08 +0000
fbf61fe1310b12a1c7d089d8bddc073c3089ff41,2003-01-18 15:35:57 +0000
c79e3eba1f72d6a95e8177939ce3f114ce1aba9e,2003-01-18 15:16:38 +0000
38e51a759eb86a47ad3e7e34360e62cde0365592,2003-01-18 15:14:28 +0000
416f58fb27f26341895fcac668c755df3325ce0b,2003-01-17 21:39:48 +0000
520921b941573b8deb4dcadbdf2a20fe77260498,2003-01-17 20:38:07 +0000
e16eba36c209fb818b8ef9f374975c6f944b8cac,2003-01-17 16:44:55 +0000
eea49f2ae5a5772db4bc99fcc14fe27a91b1986e,2003-01-17 16:10:58 +0000
a0bd38d036d80f3ec0d1331125910543584b08f9,2003-01-17 00:20:41 +0000
4766044804cf3bff64cb5a77d68c127bd9432fba,2003-01-17 00:13:36 +0000
34eb01158a6e4cb12d965c4325ca9003c5583857,2003-01-17 00:12:54 +0000
886130133528ff3905d046a0bc15552e261713e2,2003-01-16 16:33:46 +0000
586a62454d768326810c3b828ab5ba94b498187f,2003-01-16 15:23:45 +0000
710c45bf2f963c14b241907ca26666f76eeadb60,2003-01-15 23:31:07 +0000
0b167cfac56c57d7fee328eaa766a195e7707226,2003-01-15 23:27:22 +0000
006a70a5f86767ee3ef515f4af0190da4d449dee,2003-01-15 23:26:57 +0000
410f74f158c18a28f1df748a1d7f509222ddd440,2003-01-15 22:42:55 +0000
7b510a1df74c73225e50b3f260f367adcd42d5bc,2003-01-15 22:17:28 +0000
6cba5c89d83f9a2c2d5f42a84746a40831e04e29,2003-01-15 21:55:37 +0000
60ef8ae4f98422002cbe5a13eaa95ed656393e82,2003-01-15 21:31:36 +0000
61ca656e07537b268ca9ea982792a25f14e18f86,2003-01-15 15:59:25 +0000
6ad1fb15b29bd2448e23efdaedd5d46795693399,2003-01-14 23:30:28 +0000
aea5256bf8cd17f8c8abdc77564f92abb07753e1,2003-01-14 23:27:12 +0000
e05377d5138caf8056d2ffb9ef32ad459d95ab4a,2003-01-14 00:04:08 +0000
49b56dc0b9dedd54446d0dc66e48378d85a89173,2003-01-13 23:58:47 +0000
54a784303eab0c57d8b9d217da8208b51b021aaa,2003-01-13 23:22:56 +0000
4f598b362e0170f9facbcb8c5d7f84c9c93a129b,2003-01-13 23:13:22 +0000
9ffd52c9389f5a7597e38a038067b28a016536f3,2003-01-13 21:14:30 +0000
e4ccb635f81af430c8c05de53d70f4dbeec37817,2003-01-13 20:21:18 +0000
6b05f41f9fcdc22c33dea1d98f220fdf2fc50e88,2003-01-13 20:19:28 +0000
14ce79efd63693285a9cb1f3e34235d66ccd65a9,2003-01-13 20:15:36 +0000
5c009207ffb04a78a935e79c7c9dbdcaed9b16cd,2003-01-13 20:09:46 +0000
d15f543ec31404ba07f8d6a3690f32a59958daef,2003-01-13 11:50:28 +0000
9af54d7657399d21a3281cc409c648970c4184d7,2003-01-13 00:13:22 +0000
275bbc4deba448f97fdf3792518e9617b39d402f,2003-01-12 22:42:14 +0000
6e12ebadb98c8bbc6999ce009b3b80d4bff42828,2003-01-12 16:29:25 +0000
5fea7cf12b083af28cb4b36d219003cec0624d26,2003-01-12 16:22:48 +0000
d40c9b71263256b0c20f514708be3989c92c3dac,2003-01-12 16:22:07 +0000
a4fe10dfdb2f137ffa74ac68cc26977b9fdb89c8,2003-01-12 16:04:10 +0000
d8db8422779324f0b17632fcee912c35f849f532,2003-01-12 15:19:27 +0000
17d1fbb1c9f9e38a76e7e849662fbac0ac3913c3,2003-01-12 15:11:54 +0000
f8c0de8ce47cb1b36ead1fb7b4dbe2707975025e,2003-01-12 15:11:05 +0000
61b2d42783e16fdbd11e5f0c5c04afb03511e486,2003-01-12 15:03:05 +0000
3f1a8f1de44f7be0762cef22bdb961f49b0f2740,2003-01-12 14:54:56 +0000
5fd979bf9b61fb935e1537cd6dbc805ded4f116c,2003-01-12 13:58:53 +0000
4ef719822b1ca1b8f8e8aae7a226b2d3b0ac4170,2003-01-12 13:52:27 +0000
79f06753212ce86e3be9a5e2b227ba5f1858c234,2003-01-12 12:33:12 +0000
8f992e0409273e25408dc3861e906193d40849ae,2003-01-12 11:14:56 +0000
ac4592066c856c7ee37fe03d7ec18b03aba02ee3,2003-01-11 18:42:35 +0000
5142d930d096e1720818133e644c98eae13b183b,2003-01-11 18:05:43 +0000
4714b7e308f26ea43831414f0097e66f24c63399,2003-01-11 14:21:19 +0000
dd66d1f6ce953da77a6768d4a44258019cb668cd,2003-01-11 14:20:14 +0000
04098b49ea42c1704a04d3048b8749671f780253,2003-01-11 14:19:34 +0000
073ac84540f324267d661680b76a38750070490e,2003-01-11 14:14:19 +0000
cbdce643bfd4000890624cd23b824903235ce19e,2003-01-10 01:36:03 +0000
7f1557521930d9f3d664fea8912687ba7adb4b69,2003-01-10 01:30:34 +0000
4138eeff5271834a5f190d7ab38f880c4cdceab7,2003-01-09 23:41:09 +0000
3aa895866809ff7cfad1d64ade8658d41bd8ee5b,2003-01-09 22:40:13 +0000
beb414655a57461ac0f6c7ab3d1bc9a6102411f1,2003-01-09 22:29:57 +0000
16d0cee88e56252f4d6cb258123b26257218a40d,2003-01-06 13:07:37 +0000
c5b4817359208d7113341bc19680d69113855670,2003-01-06 02:53:38 +0000
06fefcfa98a3bbf248fe2187e877c6730f0b8cbf,2003-01-06 02:14:19 +0000
83dec04538c2be8e8d6377d14615badaf5329ba4,2003-01-06 02:07:15 +0000
349da824eb4d2c198839a24b4eb7ee9459870bb5,2003-01-06 00:34:58 +0000
6833cf12702750a0c992fa40ecd1d4608899358b,2003-01-04 22:24:59 +0000
2fa1eecff228addae80525d72915d3c20385cbf2,2003-01-04 18:21:49 +0000
afc0a6202b7e2e3c008aa50bcb9519e9dd9df047,2003-01-04 04:24:45 +0000
6ae2b30b524db6f5ba8fcac0d22069c13bf5585f,2003-01-04 04:00:52 +0000
3c798094d52f36f676162d2705a249984d71698c,2003-01-04 03:56:35 +0000
c01ea2c3e639680f5e16f185c35517240e43c974,2003-01-04 03:04:15 +0000
8e6bbb0f1eecb449a6c97891b101e77bc239352d,2003-01-03 21:15:38 +0000
547c96f96fb4a58a49e69fdde944c5956a59045d,2003-01-03 20:24:13 +0000
3b038550f7337224461666f63a32f175fd7d7b3b,2003-01-03 19:33:51 +0000
ddad0d786dcb3f58a766e39479795e7655a76878,2003-01-03 19:33:26 +0000
a2ea199cf0d55412d1c892f0ccc76a0ccf2d6782,2003-01-03 07:26:56 +0000
688e547cd00126aaf419fe01708edda3653232e4,2003-01-03 07:20:44 +0000
4b42325c7d285ca9a131fc7787030720d2dfb8c2,2003-01-03 07:08:07 +0000
c758e4c46a1f808adb63fdb8590cb150e687e77a,2003-01-03 07:05:56 +0000
75e5590a5ac84222bc88fa8f1765aa9cbb2cee54,2003-01-03 07:01:35 +0000
f0cb68128e60dad867bc782640036cf21985317e,2003-01-03 07:01:21 +0000
044d7e04fff708ca01fad85e3060900f3b881d67,2003-01-03 07:00:16 +0000
d9555ba4bcb792af8da6ef34c5a97b198881bbe5,2002-12-31 17:18:29 +0000
40be2533a015bd6e3720972e7d5d0fcbb64c51af,2002-12-31 15:18:35 +0000
6b88a5005ea34369291223fb99ca1835d9c8b5b4,2002-12-31 12:51:11 +0000
d9cc460743172af1ef404980caa59e78495fac9d,2002-12-27 12:47:12 +0000
0cd74932736a2ed6538be9f0447322a98093bf68,2002-12-27 12:44:15 +0000
d1a482aa8ed7600fcceb45ef953ffd7398bf1afe,2002-12-24 00:15:44 +0000
85c054bf957feebb047415cfac98dc27aea2e0d7,2002-12-24 00:04:58 +0000
80739a993b3dde44556d60bf5fec8d805cc370d7,2002-12-23 23:03:08 +0000
1a0161b77cd031e9dd2e66935db4a5e68fe702ab,2002-12-23 22:52:27 +0000
33a30c204541ed5943e62aaab849b6d8031a5d49,2002-12-23 22:07:14 +0000
9fb9efa4787684fbdeeaf21763245c71fc0deffe,2002-12-23 21:58:37 +0000
0d89d66c2f873fe8091ec85718e19e5347ee94cc,2002-12-23 21:44:16 +0000
35a6071ee69addd6f23f4bfc94ae0fd94b885a02,2002-12-20 18:03:01 +0000
2dc86158220070f4dd1909cbe323243dabdb068b,2002-12-20 00:20:40 +0000
5073a3dbc9bc196efce9c73518691ce96bbb6e9a,2002-12-20 00:19:59 +0000
72dbefd46282b5c0b61d66d307338b4a64a93d40,2002-12-20 00:19:23 +0000
74a019ccaa5253c9c8298a761be6fd7fc1924be4,2002-12-20 00:18:14 +0000
3302a578e39c6d9033a84ad6cad4ff87db0815fa,2002-12-20 00:17:24 +0000
7c8e933e7e64c4c93890299d23bdf6084182abaa,2002-12-20 00:16:41 +0000
e221486ebeb8872e9b0c6f3d31d0e029025fd180,2002-12-20 00:16:18 +0000
4041eb6624a6dd8700589afc33eac6a9f26b9981,2002-12-20 00:14:57 +0000
0a487e76d34ad0815c587bd78fb8fafd4f069be2,2002-12-20 00:14:17 +0000
96be5c48f70de43e14056f6ba515bcddf1ed37ae,2002-12-20 00:08:58 +0000
a5daf80a09f239ebc1778ce462928d85bec435d0,2002-12-20 00:07:21 +0000
b4c12381d3cefb4eeb3ab9b10b05f53481213014,2002-12-20 00:04:12 +0000
1884d04975fc0d86e989b60f116a01e9b329d61a,2002-12-20 00:03:09 +0000
7f13e6206f9636892a97eab479be1c67e50b3d81,2002-12-20 00:01:53 +0000
16b0b3ea87bdfa497fb1aa3f869e44e730bd0a38,2002-12-20 00:00:35 +0000
e8f0d930d29a59950bca25faa0d8d06a357a368c,2002-12-19 23:59:41 +0000
8ec3314d90449855164f461da18a0d96e2921252,2002-12-19 15:16:13 +0000
fc0d355f15becb1da94f53204adf98456b1a775e,2002-12-17 22:56:04 +0000
5cc17d8b6161bcc59d1edc2be6d853a29459812c,2002-12-15 15:18:31 +0000
b28578415dfa5e8c662370c2e87c378e9bd10e95,2002-12-15 13:09:11 +0000
ddc6d63b3c477f16a4ded451a3d6050d2003e642,2002-12-15 13:06:31 +0000
e132be9be53a837fc3fd14dd2cb7be135d9f0ba3,2002-12-15 12:27:28 +0000
134ced51575151e4add3be9ca92f4b2b0f03aa6d,2002-12-15 11:57:17 +0000
ee29209e9a1c5de68f4df430f37e45fec5bbf969,2002-12-15 11:56:08 +0000
8d4fd50df48c9392ac28d9c7a8b09c71bf8f41d7,2002-12-15 11:53:20 +0000
aadf6d02ab6b8b9508ef05806e5594e28488be6d,2002-12-15 11:49:50 +0000
75ef105edfba36abad2727cfe6aea74f7065f1a1,2002-12-15 11:48:56 +0000
879afcf50b5ff58d791710ae7c731112a2c43720,2002-12-13 12:13:19 +0000
5a26b0762b9b6efdf2c1e7f5b819612ba62474fa,2002-12-13 11:30:36 +0000
3a0080a800b41feb93c201d68767ccab2613bb2e,2002-12-13 08:29:11 +0000
834afbcc6b3a376675a02b5ba352b4629335e83b,2002-12-13 07:43:33 +0000
24b816b8a74c40d9ad44e534590dd11aab817de2,2002-12-13 07:40:55 +0000
70e1233b038b06cf37a53af0c7ce6899ae84105c,2002-12-12 15:52:33 +0000
cdeee26eba1ee170ece299b1c7906ee8fcc8f542,2002-12-08 19:37:24 +0000
ba959f26adf583c718a2903c6b91265699d670e6,2002-12-08 17:37:21 +0000
746482e2d9fed4f867a6c8dc5172430e628bd66e,2002-12-08 17:34:35 +0000
95c3051e418146d52ff68aa768bb9418652d5900,2002-12-08 15:57:00 +0000
05e7c1f6c32faf26b74b955a830f4ee9b5c9621f,2002-12-08 15:45:58 +0000
bce4a02ce93274bd038ecac20643e20955353a66,2002-12-08 14:25:55 +0000
b4652f2fb85e4d0f97d1d8b1eae7da4fdd9e87db,2002-12-08 13:55:27 +0000
6d23b43b7b4055fd7a8c169862397d8f964d1045,2002-12-08 13:50:04 +0000
e54706581d523ca4b4b46750a9d7b27a8c76f06b,2002-12-08 13:48:20 +0000
9a0b94ce6e40eea3e0739e568342e8cf5c9c486e,2002-12-08 13:25:46 +0000
438ff08b119a8edb1de9a7df3cfc8d26cfc2f420,2002-12-06 17:38:21 +0000
90ad31d69aa596c29856eebd0c3e5ef6b6b56e7f,2002-12-05 08:15:27 +0000
3b72801c71e7cae87fa90b8c58d0e068f79838c2,2002-12-03 15:01:58 +0000
f7b13730c69e437ba620357b404eaba6116e5263,2002-12-03 10:14:02 +0000
8eff241b7ce10a7de786cf480131dad35628d1ef,2002-11-29 11:16:24 +0000
7b1e09271655f422fd521d05a45e92b505f87041,2002-11-20 18:43:23 +0000
e3fae80343017a5827fae08c191b32712b140bd5,2002-11-20 18:40:26 +0000
a1b94b7a6c6b0b973dc2b0ee50f93a1d7209899c,2002-11-20 18:39:26 +0000
fa5d02160ebff877efcca4cdebee8edf825e1102,2002-11-16 17:36:44 +0000
59c627e886614cd41c3f2cf3adc2b7efae26b9c3,2002-11-16 16:33:05 +0000
ca31b9d0a0d8f09819cdfe2af8336c134052304f,2002-11-16 16:19:34 +0000
ab5fd5045d1c1a36ceef32200d73738728eb0912,2002-11-16 16:13:55 +0000
bacd36709eb0392c7be259feb33e3ff60ec80b45,2002-11-16 15:41:04 +0000
6a1381b85fc2a026002e33e20edaadf67fe95f0f,2002-11-14 23:24:19 +0000
839fbd4a4abdcf5989c47cba0da4d9c36e7c7541,2002-11-10 03:41:04 +0000
06a309fda150a424a3975f1559c65ae4e15408f2,2002-10-26 12:28:48 +0000
f5e5df4fbd3d39bfd8d1da8a1300f545e3f64da1,2002-10-26 08:44:51 +0000
254ecfd2459e200f95ec7a56f4262e91ab1cc9c1,2002-10-16 13:55:38 +0000
e09f23a4b00f724e41ece7ca0129a3e210b1101f,2002-10-16 12:04:05 +0000
291905414a2538d8767fc4ea2857df99dad72a08,2002-10-16 11:43:09 +0000
9b8ff2274c0d21e3bb9a734398d5f937ab184422,2002-10-16 11:42:41 +0000
3065185209a56bbd6a1c391645650bf170cfa373,2002-10-16 11:38:07 +0000
760685d4a07bc1c1b343f9007300fd2ccfaf1227,2002-10-16 11:34:00 +0000
5de5a994a795781bb998f499859302d1e540fc3a,2002-10-11 10:27:29 +0000
6be790c92f80522eb7e4ec30e99202358691000f,2002-10-08 08:49:15 +0000
7ed60ebada5b45e0badec5b3acae07e9f7a33f44,2002-10-08 08:48:28 +0000
b86552f9e3fa6a89959711054853cbc2c6963944,2002-10-08 08:08:01 +0000
12417d00690d2ac1b56ac056222da5f64384d018,2002-09-24 13:04:32 +0000
ffd28a52d1c4dfde6c603ad374138ea6dfd51e60,2002-08-22 15:01:54 +0000
fdf1deccaceadac51c24a3a18143589c6974202a,2002-08-22 12:12:41 +0000
f6f8cbedcd94a9d1173f25cf0cd530ec444d61e8,2002-08-22 11:45:52 +0000
454298dfc25ad14b0e7c23eb30d0060b69e61ab4,2002-08-21 16:17:06 +0000
d7e929b5e009065a1805a778b0008873201c4deb,2002-08-21 15:58:07 +0000
e767f08e004150f7243c6c65c1cab9d10b86f970,2002-08-21 15:57:05 +0000
b262307e36f3ae567fb37c6be6c8ead572ef4c9d,2002-08-21 00:32:04 +0000
6d2cc1daced9b683feaa5aaa9343585f4d4563eb,2002-08-20 23:59:33 +0000
36bffd74fd4f976c25271eb64cb07c912aa87abd,2002-08-15 08:16:24 +0000
d2c36eef74dfbc1ebbe4fac2febdac55dba61689,2002-08-14 23:55:38 +0000
b5610fd4f066340e57b0c53c5415ce02f81a0d74,2002-08-14 23:52:25 +0000
138db61c47773dae4756d82d22f73c4091a86f78,2002-08-14 22:18:25 +0000
49d9976e05f7ccf38d3cd30c0b97283d42b282ca,2002-08-14 17:08:00 +0000
c778a08cb8dcd8a0c734d8da6b894cdae2f510f8,2002-08-14 16:59:24 +0000
89333b0313d8a4867e0cd7867892c0be530b1c98,2002-08-14 16:58:20 +0000
e8ed1eaf837bfbcf0a47cc26a1962424d81c93eb,2002-08-14 16:54:19 +0000
b8e86e2d6813c0adb1d18908b42c401e8345b44f,2002-08-14 16:51:25 +0000
7879606bd88a3f0db467468e48684ea98abbb1f7,2002-08-14 16:46:35 +0000
96b1d71ebdd91c0aada7faad1afe93db2a45dfed,2002-08-14 16:44:09 +0000
126cb4b77b3d93dbe24cacf23ff5771ee5822418,2002-08-14 16:27:45 +0000
af54a13270e9168aafd3e97db47dfaa5f679299d,2002-08-14 16:26:41 +0000
8eee32ee6fa90dfc5838242c374bd12d1e5fa561,2002-08-14 16:22:30 +0000
e6df6a8f276804989a861fdc83d7bcde3ba77dbc,2002-08-14 16:19:25 +0000
715af039b7cd1058adce088772b00f5394454eb3,2002-08-14 16:16:51 +0000
22fc41dc752f7fe73f70acf6dbbf88943fb75223,2002-08-14 15:35:39 +0000
d5228a469dbbc875d9c12aa588053dd5c2b376f7,2002-08-14 15:31:49 +0000
af26036e361042126c031f53ec02fb1c0055aba2,2002-08-14 15:27:07 +0000
cd3825fa8d9bf80657defbcaf6c0c11d0ab71319,2002-08-14 14:46:46 +0000
5fe76efac4718b8ae297279fbb33170785bf64f5,2002-08-02 16:00:42 +0000
940557d625a3642936abb6733f55f599f1688755,2002-08-02 15:29:17 +0000
5c6eaf3b9a4984b8477858246230c9c5d9c00a1c,2002-08-02 15:16:47 +0000
6a134f5521b07d062f915d69635d30ff9d4dc37a,2002-07-27 12:36:12 +0000
f45c25528bed0cea631bedaf1661d26bc55d3106,2002-07-25 17:20:34 +0000
f331d95226ecde82fa7670546ed471fc6d1a7b51,2002-07-24 15:56:01 +0000
6f14ad7131ae7fa9df7d754a61925b3b6a50024e,2002-07-24 15:48:21 +0000
e1d39c4b4bd2ab9450db88a82e8eb3480c5370c3,2002-07-24 15:19:50 +0000
477bb6603c5347cdaf6285ce829e1d5cee22bb67,2002-07-24 15:05:59 +0000
e33d280c326908d823f39fa15519fdcc555209a4,2002-07-24 15:01:34 +0000
36b5a52970b528c7da666e9a39a85cc41d6f32a3,2002-07-24 14:46:20 +0000
3c11283cfc08d3c393fe61b7a1e9e1ed8dd7c57e,2002-07-24 09:20:44 +0000
0f46dd8720c619f70ae4488d4c81db1670a75da4,2002-07-23 00:06:54 +0000
f82901fdeb1532751e1cfa4efab3ce56d7180642,2002-07-23 00:06:54 +0000
2b6ff42d9cb16770a4820a76f4a9a16d1e1a1bd9,2002-07-22 20:04:35 +0000
536499e2cb866ca8e07c1b04ccfce46932efddfb,2002-07-17 21:31:33 +0000
cc74542a5cb9ab43a3876d3493dd042e2aa0228a,2002-07-17 21:28:47 +0000
78cfa0a7e29f82919ed3db55146a766f9f4e4b50,2002-07-17 13:09:24 +0000
e79b7ef92e91048090124f9924747eb3f70501db,2002-07-17 09:37:15 +0000
455425730b6197bb727c93150e9e9f0e6d14a6f7,2002-07-16 16:38:13 +0000
b35d2e0a97d5345925e0fa216ae092803c435425,2002-07-16 16:10:22 +0000
f155f4c2d075f743feec478b8972671a5df50738,2002-07-16 15:58:56 +0000
8a24b94f0f287f943356df7194ea4bf6e722f2d0,2002-07-16 15:50:50 +0000
faa3ede5dc0599e7552c8a5e114e5c919ff5da22,2002-07-16 15:11:09 +0000
763c7e999a200d1e6c9dabf9c76b566a6f0944b4,2002-07-16 12:15:30 +0000
a1d78ce599d175b87bbd54e0e337b2b278186b1f,2002-07-16 12:06:07 +0000
21bbd6df779145ea555303f55bbe63dc85cbe6bd,2002-07-16 10:10:29 +0000
bc5ac20904e7a9b2ba54e1d3b7e93493ed756309,2002-07-12 20:46:55 +0000
9c1b02eebe615def5fc3f679d60ccf5e4ad257d6,2002-07-11 18:30:30 +0000
76a007fb5ec0fd8cd198c0574b187957d09f1aea,2002-07-11 18:21:03 +0000
1bc48aecc0d1461bb54bbbf0ee05a5c63ba44483,2002-07-11 16:53:30 +0000
0bdd97b98b6c60cfa9de8bd0de1cebe9727dc0c0,2002-07-11 16:49:10 +0000
3a46213ce3d15855ea694dc77cc9a38dd7f26bc6,2002-07-11 14:28:45 +0000
60e0af1c4cf44402562db0e1438bf8ab85714417,2002-07-11 14:18:58 +0000
32341ffa9534416d671c71c081e6a47961b0d285,2002-07-11 13:45:07 +0000
ab920dbcc087c0ca7ccc5d82eb737067e48f7a0c,2002-07-11 13:21:40 +0000
ba75c6ade0c4d392b42eeec754383b77c2a1763d,2002-07-11 07:44:52 +0000
9d364b604db1448a478a91537da15e57e286d40f,2002-07-11 07:37:46 +0000
876b69d2da813a55f9e1ddbc96c60096e2bc22b7,2002-07-11 07:37:27 +0000
3b4fddc2bab353e55c50e0ecc3d04868eb6ad3b3,2002-07-11 07:35:01 +0000
29e02c81f7b81e831c5505343095e5e37a9c01c6,2002-07-11 07:34:31 +0000
5b2c5f7ea01fd5abb98c39a30aaca072823beb6b,2002-07-11 07:18:13 +0000
21966a1d90b88ab3a2eb78aa65da3d8bc9f42afd,2002-07-11 07:15:01 +0000
ba1fa0865f87d333d47a215d430a267ce48f247b,2002-07-11 04:10:12 +0000
7eaf8fd023af0527c9816c9b97f2cd19b712208e,2002-07-11 04:05:26 +0000
f6cff992b873f20868bf934c5180ecfc3b40d891,2002-07-10 16:27:11 +0000
5d6ca1a32c280ae5167bdfb1de27012b71c78ec4,2002-07-10 13:20:15 +0000
09e3c291a3eb26de76903880e74f3806ac1509d6,2002-07-10 13:11:40 +0000
c87cf6ede56192c5e374971c2e008802275eb865,2002-07-04 12:00:46 +0000
51f6aea5cb4cf1554fed32288da5d4caea47693b,2002-06-21 11:05:18 +0000
cb4e45653266980b9a3950fb25a6e52d3535ea09,2002-06-08 16:08:38 +0000
48aec9c76e966122acb5793626586fc29f4559f7,2002-06-07 21:48:47 +0000
00f2ba9bec6be57b49ed2adfdecf4415c6798747,2002-06-07 21:44:14 +0000
67f1c62024a117fe85905070503819fef89eebe4,2002-06-07 21:37:02 +0000
1b8f82f6aae205d6fe9da9ce609a795bc52da17f,2002-06-07 21:25:27 +0000
22a0b8cde07a06c45d44aba1d7cedf5e21d6c1ca,2002-06-07 21:11:44 +0000
0e45bc091a0b3cee76f79bdd6209bd4b7810796a,2002-06-07 20:47:03 +0000
6096506019a3ee1598869e6d1804a7c8e6d10ff8,2002-06-04 01:03:30 +0000
08e07b41b41181c676e9c9751a4fa7bb4deb2305,2002-06-03 21:02:50 +0000
faf31574888294cec74ea99eb78af373f615b41e,2002-06-03 19:16:20 +0000
2a682b0884f2dfedca2775031b6d317bc18423df,2002-05-31 23:41:08 +0000
0bcd0d7e75f46ff768079e1ec123ff7a44939d75,2002-05-31 23:38:08 +0000
2084c08deca67f45961410f0288cf76bfc4fa9f6,2002-05-31 12:57:08 +0000
e57d982672534cc20dc2889e6295d2d65e616dc5,2002-05-31 12:48:53 +0000
3f3666d624a13d0ecaa6ada0279fb510627748b5,2002-05-30 12:46:03 +0000
4521a4845cdacaeb733a26cb7f093b3029478b18,2002-05-29 13:38:27 +0000
6bbe5d7d3177b2d3706bbd42fbd4b20618ec8b61,2002-05-29 13:33:26 +0000
99d0a83ae7ce865c76dc139d560f32321368d83e,2002-05-28 19:56:14 +0000
c902238f4e4e3603f5155cabec13f179ff0c4418,2002-05-28 19:48:03 +0000
07c9855b3239a98fd38662652ec364d8f24a609c,2002-05-28 19:35:40 +0000
6e74c0d67403e56b835eb4d8d21a78c5ed7ede0c,2002-05-19 03:10:09 +0000
3fbc3e568da4534a7b0314b78a36153767bcc74c,2002-05-16 17:22:33 +0000
9a274615c4a7c34ca5011e13ce519f90b9a0a60c,2002-05-13 19:51:46 +0000
2e09ceea9f22c053043d3d0581d77af5f038fe6c,2002-05-13 17:22:46 +0000
e72135bf0a1042135b180a40ea41fbf878085043,2002-05-07 19:38:51 +0000
ad698035eca0629aeaa12bc4c64dde98a90f2eab,2002-04-29 22:19:39 +0000
57a59599d0e15dba9fa64d6a0497595299434f23,2002-04-29 20:41:45 +0000
3c815dfeb63e411f8229c10d2b560fd57adb87ca,2002-04-25 05:37:52 +0000
8b3bf87dc369719fb95a6ac0aca7790008317ebc,2002-04-25 05:18:13 +0000
87ded865f2afae134fc9435ff74d2791b4394cb4,2002-04-22 21:54:35 +0000
588e93ace3643dac1100e0c9cd52f455f0db8f72,2002-04-22 19:06:45 +0000
26a1e70d5b4d97ad816dddb631a8ad8d4f7fdc94,2002-04-21 23:35:46 +0000
05af540ee4c2c47f1a6bbeb98d1c6c69aaaa2fad,2002-04-19 09:43:15 +0000
dd12dab6ec33e5eed8e6af8682105440997177ab,2002-04-16 22:07:09 +0000
81c679dd9e189e9e23e1c62a57e454ab19a227ae,2002-04-15 02:24:09 +0000
c060ad11965cbcc48392c1422c900d60e690efcd,2002-04-13 17:08:20 +0000
d78d453ed646e88a04330f22a5acc01812f59354,2002-04-05 07:04:55 +0000
5b36758205cdb0d597cf85e2067f6a480ed4d836,2002-04-03 02:48:10 +0000
03cc0b5829af98c65750579045e1bf059526f58c,2002-04-03 02:47:27 +0000
64ece711f051c405c83d2a7cb91465cb7ef23e85,2002-04-02 06:46:55 +0000
6ce8140d06804a3117d487a303075d6d37f7351a,2002-04-01 17:39:25 +0000
b1487cd013e38329e496c8a47b2d788dd27cd307,2002-04-01 16:37:52 +0000
726f730ff705181b3a4569c2e061874652a7a317,2002-03-29 15:57:04 +0000
d6617fee8a8a1eda6414706d8ae95f9cfe5474f7,2002-03-29 14:54:27 +0000
e122989f6b6369d57df6596c199e2a074af1a0f9,2002-03-29 02:00:02 +0000
7e0d143ee03063a462d3a23ab2dea04c5245ed88,2002-03-28 16:57:15 +0000
03151c0815798c60fb94bc00711e6a2a0f505667,2002-03-28 04:42:58 +0000
8a7673d956e9e13fa25fde05f0106b7cf5e8e7fa,2002-03-28 04:42:32 +0000
0c51136504e06afd6405ddfdf5121ef99ada7a95,2002-03-28 04:39:31 +0000
90c050d2b70db14cc21f922032ea1fe4af74f91c,2002-03-28 03:50:58 +0000
f0e927650e6cd642156b9c6d7c3d334524e42f0c,2002-03-28 00:17:49 +0000
eb6edee77cbe1445893c8d3a689cd4822bb787a0,2002-03-28 00:14:10 +0000
766fafd208c580b6758764b106ecaae5321a0eaf,2002-03-28 00:01:26 +0000
14579f7c1e3615c70a0ffacbb21340b2d4d080b9,2002-03-27 23:56:11 +0000
32febeacd298b2eabf0ef957b63e7f1f3e90b623,2002-03-27 18:53:13 +0000
116c1a7cab714a8b8e9626452638ad89bf3be12d,2002-03-26 17:21:44 +0000
e4bf5e9f5c9a89a9e0c9938fd93a11c45e6c50b5,2002-03-26 04:50:33 +0000
2d782c6e34bbb3b4f9c0af223da9a5a2ae14bdc2,2002-03-25 22:21:10 +0000
56b6cf06c92ce657f22146394ebafaf27f640ec3,2002-03-25 20:32:05 +0000
d94fe910fd392ca13c3a47be27d27d0846021e58,2002-03-25 17:42:50 +0000
a65ce90b011b9ba16131395a6f455ae6ce1ea052,2002-03-25 17:21:25 +0000
a3d884e6ca9563af10f0f73f07ecc67394677313,2002-03-20 15:23:44 +0000
9bbbab2d0712c3555704419871aa2cfb6fec2eef,2002-03-19 01:48:48 +0000
ad7acce1897a5a90c4341ab73dce2e0c80f01cfd,2002-03-19 01:48:13 +0000
be31edbf4ed1c93bdf1f7089b887613f0793b1cf,2002-03-19 00:20:55 +0000
5a09c0384b16b9be78e1a7823097f3be97b8caaf,2002-03-19 00:20:19 +0000
95e3c0dc6a76995987670a2d16cae35b856a23ec,2002-03-18 22:03:26 +0000
056868c4181af76d5a7849a53e641732f1790ac0,2002-03-18 19:31:41 +0000
5da91873192663aaa3b385b51abcad3084a7ec4f,2002-03-18 19:11:21 +0000
f13a74e05b6906edf1e94d4326e999048a229e7b,2002-03-18 18:15:35 +0000
a4f1e33a2c66afef7899b146b02b52a21a738ad1,2002-03-18 17:33:29 +0000
e6055b6df396851f78abd5bdf6725c44d11c7d72,2002-03-16 20:19:24 +0000
9165a75cdafb6a1c5ce1a9aa7e1874286aaee13d,2002-03-16 05:08:24 +0000
86eb03d6bf4aece349da7f1657e6dd08ea584326,2002-03-16 02:59:09 +0000
20c1cbf0e3caf5e754d51c3b93d1f5187fd3a6d2,2002-03-15 17:01:03 +0000
777f6976b237f6614cb53b5f560cc5adf2f83d10,2002-03-15 16:57:23 +0000
29016970765abead99c216ae49468a940f296139,2002-03-15 12:50:17 +0000
3673c9e6142a198741a871afe951c0079b9c8dc4,2002-03-15 11:50:04 +0000
6b68718eb75eac76174cbbc0b84bdfc5111d182d,2002-03-15 04:25:27 +0000
29d9a0355036f4bb0d4c550e179a146cffe70ca3,2002-03-14 07:33:49 +0000
a72b9b3732226ea606f1e364eb2145be8e8eb4c1,2002-03-14 03:03:12 +0000
2a187b806278d3acb7bd987598b6d4b91a412225,2002-03-13 19:44:19 +0000
63c30a12dda80c662994d30db8ebdeaa4fb63f0f,2002-03-13 19:43:35 +0000
cd8153088fec638679c0649a098030de30c5c18e,2002-03-13 13:24:09 +0000
fc28b7644326efc149e48a486283605cb6ab4468,2002-03-13 04:46:14 +0000
e24e141e0a2396da94eeb672d689b65695c151c9,2002-03-13 04:45:00 +0000
98d256ada4626103c986bd40af7cba704b9aa934,2002-03-13 04:40:29 +0000
ca5501cd00fe332f4c81414b331ead76e7f91f72,2002-03-13 04:38:39 +0000
801a74a80232917406e531cb4270aef7104429cb,2002-03-12 05:45:00 +0000
e00f5bf25f85422be2a57062d151b35b73513775,2002-03-11 17:36:43 +0000
4888a6b5ce7cc8afaa900e792dfc455c11874cc1,2002-03-11 17:22:51 +0000
f7e41a3da6ec89cd419d43b32a92d4b04afcb6c2,2002-03-08 18:00:24 +0000
64888551285512683e072f25f1fd42baf0982873,2002-02-28 00:18:46 +0000
9333b2354b5e44077edcee425f333e3d712bab49,2002-02-27 19:17:45 +0000
57d9b259aa6e5ddb711f8a25b2a98d3f5fa6ed35,2002-02-27 17:17:23 +0000
fb46a7842fc6c009d055151c3db35f80a82fdc2e,2002-02-26 22:15:44 +0000
218fc296ef135e4d5c370bfc9ac163e68452cf3b,2002-02-21 04:52:15 +0000
991bfb30a413cce9d33e2de4efd91534f3db8271,2002-02-20 23:57:17 +0000
af64644f2958f989aa37ddcb078ed8d4f6c0be9c,2002-02-20 11:03:48 +0000
c72ae2bff5f776b954b3e0211bb5c21e7f19c246,2002-02-17 05:12:20 +0000
10e9bf303a461538bb6b7ecfb9e0432fdb278a5d,2002-02-16 19:40:37 +0000
257c3c17367cc18ab2336b2a328376179d7f2825,2002-02-16 17:10:17 +0000
2ee9e88b7fb9f1bf6b3757684a685233ec084cd6,2002-02-16 14:11:18 +0000
d269372eb7ffabd35e1d05657fe6140e65bf33be,2002-02-15 17:58:28 +0000
9308cfec22e28374a3af7dab66132adbe1766152,2002-02-15 11:07:18 +0000
eb69fe1330faf058cda32271b9389ab3eeff2a1d,2002-02-15 11:03:14 +0000
4e0a9446d09eb11d4ddde71929c68d8c76044726,2002-02-15 11:01:27 +0000
4facacc716a964e51cd405599bbf7fdbab615ed8,2002-02-15 04:33:09 +0000
9b9eacb5bfae179338bad6e3816fb1c43eda70ca,2002-02-13 05:01:22 +0000
7379f1db8791e6653f1e9ceb28ed30b534118a72,2002-02-13 04:44:57 +0000
cdf4a69fe4c3c52a6bbf6a74b762cf2fa3c36b3d,2002-02-13 04:37:57 +0000
9f83528f593aa80e7bddb0d79f0b2c47430bc5ad,2002-02-12 21:56:41 +0000
3b54be587216cefd5ed6cf839cdb042de4cb8396,2002-02-10 02:35:03 +0000
7dd4e1b7e8df40c77f5bca66796d02ead1027d70,2002-02-09 02:01:22 +0000
c8d36adfeaac75e1c54ba602f67194f9f206b4fd,2002-02-09 02:00:51 +0000
d0ce05ea6eb38506d232df8900aee26de8ee526b,2002-02-09 02:00:04 +0000
8f5d4127ab735b7d7fbbdbfa228d143f621803f4,2002-02-08 21:36:29 +0000
4a0db462d4a791ef46d7f7ec224223a0cb67e561,2002-02-08 15:06:45 +0000
333e1c302171713ca29222ea993127eebd91c359,2002-02-08 15:05:25 +0000
d0a1b05ddf1bea5ac874a0fb4365574bd18de9aa,2002-02-08 09:08:33 +0000
a6699dabc1f8123fe8e3a34609ca824ee5e64000,2002-02-04 11:30:31 +0000
32f3c06cf9d983a324e9405871e591ad00c69a01,2002-02-03 16:11:05 +0000
843db7849c18206408d5ba98f4a70d219bcb2861,2002-02-01 03:20:00 +0000
b3d250fb298bacd3520eddff6b58442bf583496a,2002-01-31 04:03:59 +0000
307a11bd5dee4ef62351d5e86dab9581663686bf,2002-01-30 16:26:57 +0000
d8e90b8f561519e4469fcf96edcba6ea7bb39aea,2002-01-30 16:18:49 +0000
a3b758f17c884bb2f4c2bb829ae95d037925e3ea,2002-01-30 16:11:21 +0000
e7f76cf8c86b53a3380f0ec012794c220399bad8,2002-01-28 21:08:52 +0000
605843f6e4c6038d1e0a3edc9da23383834a2334,2002-01-28 21:05:07 +0000
c1ce7b750b4d672272234f33f245b759c1156b2e,2002-01-26 07:24:34 +0000
bda581b4ea7564e44cdc113c4602483a86699f7b,2002-01-26 02:57:19 +0000
a84473ef03e69d05018e37a05d8dbd977f6941eb,2002-01-26 01:57:32 +0000
ce2e2b39a1a028419e90a236b4c5a1c8a5dfbd88,2002-01-18 03:25:06 +0000
e4480c2046d7653e5ddfa5861c6cb65d7dfeee87,2002-01-18 02:56:50 +0000
746e3852b9e1450dab35f1641281f3fa8e509d62,2002-01-17 17:53:58 +0000
be1d837d8fb563b03ae5b6fc793c5988ded3687c,2002-01-10 18:57:54 +0000
11845d799fb578676439d7720155594194c4f5a1,2002-01-08 17:39:53 +0000
5ae7e81a9057f45292b7055eaf9e62b66312f8e9,2002-01-04 14:51:06 +0000
199327b510d918811fdf7bf01dcedd441083fb5e,2002-01-04 12:53:24 +0000
634c65c0d259558b03c6a1368cb9c04eacda9e00,2002-01-04 02:02:30 +0000
0dfadb6965403960956ec7c0f4c332f9065f8901,2001-12-28 01:05:18 +0000
438542f8016c4c1f61d085a1cf46c7775fc5775d,2001-12-27 18:45:32 +0000
185e0a7648582cb386fae8ec1af74bf9f711c4db,2001-12-27 11:56:37 +0000
d5bf9921c5975766b20593d0da26b98a2a2092e0,2001-12-26 21:24:58 +0000
b3246189dab2524eb3bb15bd457d2d42ffa0ceb3,2001-12-24 15:41:49 +0000
43898cc71f047738756b59906c7b20729e6633d1,2001-12-17 13:23:52 +0000
c1273eef2de065f09577ad292547f7ec254d77fd,2001-12-14 17:18:53 +0000
3c73c7c1d40ac9f5ece975cd98d15f5aa9ceed16,2001-12-14 16:06:36 +0000
4a762477b585d3747007fdf6ff7050a024773712,2001-12-13 01:11:50 +0000
1e172818e6e29366530ddc9d5cf08863cf3dbc08,2001-12-13 01:08:53 +0000
7e34ce4d91b84dc009c54958373b6052cd0ee83a,2001-12-07 02:29:32 +0000
385734235f54bd910c300a3e98c2f0db86fa2a06,2001-12-06 13:58:16 +0000
57dbe0f19cde27c5096094fd2479919c69d453e4,2001-12-05 20:23:45 +0000
70a2261b8fdaf81597b3dc126baf3571cecf6a92,2001-12-04 05:59:01 +0000
ca26164ba344de4b3f42f1952382cdbb61665bf0,2001-11-29 10:41:34 +0000
f49d6ecb562e0b7b73e709957b032f9ac0511854,2001-11-28 09:51:57 +0000
1623a61766c790dcc942906d8066e8ac01df5017,2001-11-27 15:33:51 +0000
946d5fee67366ca7c3644255b94b9493116b0a6b,2001-11-27 14:02:58 +0000
40ca40b24a96c2da36110556e656cec3c64d41a8,2001-11-24 23:13:26 +0000
1b8559953ffe29fc7e30d8279e6680f88db58c78,2001-11-24 23:11:33 +0000
a83ab811b7cfc1dbed56045c1d0b7de07b877924,2001-11-19 17:56:01 +0000
09dfbf52cd04577e6f9e21186f04d32ee2f155c6,2001-11-16 03:38:35 +0000
1274f0acd8e52fd368e2a247b6015c133b730ca2,2001-11-15 23:16:23 +0000
6d880ffb36d1bd1abea85586df1dd5ed2903991a,2001-11-15 23:11:55 +0000
8af4313ef44daae5a3bec17743c712c7bb11ac37,2001-11-15 23:09:36 +0000
20ccd7417061b7ca4aa71d28bbb1fa8c39efa499,2001-11-15 15:41:26 +0000
a124d0d817543f3ed389ad04b4a0284b803e4b58,2001-11-12 10:02:16 +0000
fd8c510e6fbc5ba63296393b0d06336d7ec50995,2001-11-12 09:52:08 +0000
7951339ec92591014429e237a994531eec843467,2001-11-12 09:51:03 +0000
24eaf25c7c4ec98962361560693fc86a3ceafc7c,2001-11-10 01:05:10 +0000
c8809d5d22ef61cab267f793024749d609125fdf,2001-11-02 17:29:39 +0000
1efa77c5606725ae9e9e3be507870fd3ca49cde0,2001-10-27 16:50:41 +0000
259446cc268e42eec5d314ed270d52a3239c9dbe,2001-10-27 16:47:50 +0000
99173aab43b7b07a3b74684deb872ff911f39d59,2001-10-26 21:38:18 +0000
7c9cb0ee3d155ef874e9add3d3d896787fee9edf,2001-10-24 21:02:59 +0000
efce1d3213145789191af68c7a01e324340781e6,2001-10-24 18:12:21 +0000
052da41ef4a8ebba6e5fa61e337e6a975250d610,2001-10-24 01:10:55 +0000
3ad9ae0858c68bb379d58c56390361473bb0d948,2001-10-22 22:38:14 +0000
ce9237e10962d13348e4d7bcd19d7e0fae19ec23,2001-10-22 22:37:08 +0000
1d653c19a479811884a14fbf68f9559c9e36fa54,2001-10-21 21:33:54 +0000
b715b79ab656e8c7a5a1e7c2e1c551191c336fdf,2001-10-21 20:59:42 +0000
fa79ae2935c96477af3342b7f04b38d67801ce33,2001-10-21 00:18:39 +0000
df34312334618992bb6164efcce00efdda5d4d60,2001-10-20 13:25:59 +0000
671fbb30e70962f9b8f55c82f2dce368bb95407a,2001-10-20 13:25:06 +0000
984e322a047c45445ff836eb47d230a29b51130c,2001-10-19 16:49:04 +0000
8065e8bf456b98c1532167d6c468316da3cbd2d7,2001-10-19 05:00:48 +0000
d029a0b466b685769b41cff7f1480b9848aecc11,2001-10-19 04:58:51 +0000
e7691707fc13e1645245b149ea0849a2b6c66585,2001-10-18 22:00:31 +0000
2180a3ff18b7c24c60994078bdfa4330f8f9918f,2001-10-18 20:24:10 +0000
a78139d43ec1a2030c3e2742e13924c146478b6f,2001-10-18 17:21:26 +0000
d10b3c8894b786526a4ccc24a1db295b6f6656e2,2001-10-18 15:45:11 +0000
7df1115d6601b404619208af1ad8a0f051892c52,2001-10-18 14:40:26 +0000
d354e4e6eca052c33559a5eb862d788579c87b2d,2001-10-17 16:37:26 +0000
0e6587b0c3d832a0d4ebd467a29f39441fdc4712,2001-10-17 12:41:36 +0000
7021b7b56c10594513290736e48ba5d9fb2956f7,2001-10-16 22:22:35 +0000
79093e7cf78dacf796b7d8dd3cd08fead2590f48,2001-10-16 21:17:03 +0000
01570eabe515da2f1b2fbf11a27907872da9b107,2001-10-16 21:05:28 +0000
981aae80763c0119709d796e191060e3a11b7653,2001-10-16 19:09:09 +0000
f6673f438a594d388c5f12156ab2a96f84780833,2001-10-15 20:04:04 +0000
1dd4e092b4961759c0f106e3242f2304621c8cc2,2001-10-15 20:03:10 +0000
0f03180da1ebb78acd0251f640be9365c598b70f,2001-10-15 17:01:58 +0000
d409a04016589dd0184bc7d6bde58e2eb3809322,2001-10-15 16:27:57 +0000
3648e5084ce53954e703fc22ac7a6c4d86d534ec,2001-10-13 23:25:26 +0000
06f5267345d5030aeeb0c0e6a5abb70e748ca6eb,2001-10-13 23:22:52 +0000
748567b20571877e6eeb8b05ec3ddb410597cf2b,2001-10-13 23:21:46 +0000
527d7a9acc40ac2618eb62346241e224ab39c3a8,2001-10-13 23:20:56 +0000
95031ad1d4339495238bfc9698ebf87aa5c6da95,2001-10-13 23:18:54 +0000
52816ef2d748916a28af0647ff23779dbc34160a,2001-10-13 23:17:04 +0000
1bbfcffce68d7fc05c6e879ab453386891d86fe3,2001-10-13 23:15:24 +0000
831174fdbd06ad7a1e51e39e92d35230da9ab8ee,2001-10-12 22:35:11 +0000
87a535127c32b2c9edc28365bc2788423b452a04,2001-10-12 20:32:18 +0000
c88a2f70899462f80eeadb83b6413ca06c38e922,2001-10-12 16:41:22 +0000
5cd1a6bed96371429931a6116807abbb4730b6a1,2001-10-10 21:22:31 +0000
a3735b8cfde3518db439ee8f9e9a23b410076f67,2001-10-10 14:01:25 +0000
91a2b21cf6ecd67a45ff1732b7e5aa2a0ad5bd70,2001-10-10 14:00:45 +0000
7bbf6989ccc368beec9195745ee5d22fd8253bf0,2001-10-10 13:59:57 +0000
a73c4e3b750700d7d9aedbb3a3edc3915ed87597,2001-10-10 13:36:39 +0000
22d02f38c25ed6a731766c88198f91b8279b4747,2001-10-10 13:35:33 +0000
4368168160aa2609b8357dae2523263071590ae4,2001-10-09 14:44:39 +0000
24dffa450398c7d5c3602c40d2c125d9b1ae8cea,2001-10-09 14:14:30 +0000
96ec4812a34181f67e728357d6e46e43b7a151b0,2001-10-06 19:21:31 +0000
8e708f3e22f478622016f7e69056dfc34b744ed1,2001-10-06 19:20:59 +0000
e0a59eba6ac9a3daf49b8be40db9116de270bfbd,2001-10-04 20:43:48 +0000
6e30b42a73923791884d0fd990fb70bf8680a9f7,2001-10-01 14:37:06 +0000
fac16d87165543ea840da0fcc6423c4b6cc7b43c,2001-09-29 17:14:34 +0000
0a8802ccbece26fd05c1613130a9bb5c4b120950,2001-09-27 23:45:35 +0000
2c6b4b168b7d3485a0a56856cb77dc6797a0f945,2001-09-27 15:32:57 +0000
7e4c1f6882422373c0cc45df269ef2bba91df796,2001-09-27 06:02:39 +0000
a4b095e8d628daa19128d97f7269cc4aec1babbd,2001-09-27 05:28:30 +0000
dd3053d39f10de71e6409434e147881e42505f86,2001-09-27 05:22:32 +0000
cc131c273636c2c47d6c979c6d14687b61771e3c,2001-09-27 04:48:27 +0000
a278990b61c099365c691f1154ebcd8865776ec1,2001-09-27 04:15:58 +0000
1db52292aaf334b0da05d08d88af7bdb139cab9f,2001-09-27 03:41:40 +0000
e9177017e7042787bbd06b5ad4eb398ac975208f,2001-09-27 03:26:33 +0000
aa64c64bedab6e1e5a3947070dfb898ce8c684bb,2001-09-27 00:25:31 +0000
012b1d811b94789ab80c328b2d3f9510a86293df,2001-09-26 22:27:15 +0000
78df490a56d9bb41826b2c735de2caa93f57cd4b,2001-09-26 22:04:17 +0000
42a357ed39213e04236166930d1ce858f6f2b865,2001-09-26 21:41:14 +0000
fac1bec8bea63ef2334a00654f623984c289e785,2001-09-26 01:23:02 +0000
78d0bec8bc67488293080e39574d42cf79341053,2001-09-25 19:33:18 +0000
98929489722dc3a3bf32b0d7be23af8b50026538,2001-09-25 19:32:16 +0000
4876acaf5c340c4e17fc66b47901998a2e85b532,2001-09-25 02:18:17 +0000
920f1068fb94294d9ca74509186a9b7721745b09,2001-09-25 00:19:24 +0000
d5588afa77af02cbea9c40266060b413f55998f2,2001-09-21 02:20:51 +0000
501a7bc67b6182cf97594cb9179f5082b74dbf0d,2001-09-19 16:45:13 +0000
e775fee6969730d584f6b2930f9bf25434bc9832,2001-09-18 23:01:07 +0000
de8d841f91dc834f8ebf2f00f6a874dba6df1cf0,2001-09-18 20:17:15 +0000
ed5863ba919ce718f6bed22975aeed12d4f4467c,2001-09-17 19:33:40 +0000
d408c452daa016724310ac4fa8351fd7510ef003,2001-09-17 17:17:28 +0000
ffb6e5a7795e34e98a3548dd028a0d566edb73e5,2001-09-16 17:31:43 +0000
46ffea32b2b89b3302daa796b03ab47fcadc51ec,2001-09-16 03:33:01 +0000
b15c7d94fb3f0d325f8036a873cf55c1d8007fb9,2001-09-16 03:32:02 +0000
48200a9e38237f8b343588255e9ede8724b6f772,2001-09-15 15:43:18 +0000
92ba9fe2511d7dae2665a27801aab9589abecb24,2001-09-13 23:50:41 +0000
6921c90f92fd9d65955c0a2cbf02aef67ed19153,2001-09-13 17:11:46 +0000
9954b0753e225b17d522aa0c2b612f86024ab9a4,2001-09-12 17:07:38 +0000
7e39f3523d04b3c3df3145f54deeb7e77a240caa,2001-09-10 19:16:34 +0000
f7a60b5febb83e553a1784017c39b9e9ecee2f53,2001-09-10 02:48:57 +0000
6c6f6179f1ac34c7cefc5e4c5bd81e0c3dbf7dfe,2001-09-09 01:31:29 +0000
b3b6e5c82543b7f0350126685e97a794026782a7,2001-09-07 17:20:30 +0000
e1a7a59ea8f6ba04b8e0e03a355d096a8ae026b9,2001-09-07 17:14:10 +0000
762cdd6edd7e392ab3f88cca360f9beca10e2e2c,2001-09-06 16:47:38 +0000
48776d37cba4e8d9f77ba5008ef9602b3460316a,2001-09-03 06:01:48 +0000
238cfd76fc479f156ef357968ea4469b6fb24e1f,2001-09-01 08:37:14 +0000
262dc688799290fa14e12033d4b0112529e197be,2001-08-29 16:08:56 +0000
e70858ce3e33cf8d2078b4b1110c17277fd4d616,2001-08-29 12:50:38 +0000
301f9b3e2cf78329cba9f4ba927eda9c97e1bacf,2001-08-28 21:18:25 +0000
5e60446dbd733aff0e10ff3c22f527a50d6d472b,2001-08-28 16:33:46 +0000
9e379734fe1b37741841f64232317ec89f527664,2001-08-28 16:28:34 +0000
e9524276a4a472668829a59f4087b8578e8b99f0,2001-08-28 16:27:23 +0000
8724d7755110f8b7521673122d569e0cc81006bb,2001-08-28 16:26:25 +0000
a699c9ee14f306f74ba11588f61348a1e31f6950,2001-08-24 19:11:07 +0000
51082a70d2995a54f0579547da6734518523e34c,2001-08-24 19:10:18 +0000
13812d5132a047140b84e59f49c2b5eaac1dc1c9,2001-08-24 19:03:54 +0000
01c2724e8db4f42d61197139f1a3845fd560f11b,2001-08-23 20:14:58 +0000
c857e96144da80824f46dea11354715eaf3b92cd,2001-08-23 19:46:37 +0000
780366220e7a55664abbd0268cc52d6545ee8002,2001-08-23 19:43:19 +0000
df0b0e7f279b6ff7b6de6fc85303e83c124e10d5,2001-08-23 18:36:38 +0000
4db6162ed4ff9e645508a92e8d7055c7f7577018,2001-08-23 11:25:09 +0000
45638e73ff99a19be8a38737135bc205fc4341ac,2001-08-22 14:43:07 +0000
fa1815c13bc71e49c13811db9e307f89d11f54d7,2001-08-21 18:37:27 +0000
ea446ffef2f566051920a945b6ebed01dfb4a72e,2001-08-21 13:53:22 +0000
d7b70534eea1720a5fecab14376407b41dc83946,2001-08-20 03:49:49 +0000
4bc2a0d7a91e928c14f7b2ef761072249d44bc98,2001-08-20 02:57:53 +0000
51dd5e412f11928bcdbd10f0de0e688f8ee1ec04,2001-08-20 02:49:32 +0000
c6d9898d66ec7a4207a443bcb3f241fb59981a6a,2001-08-19 18:32:33 +0000
4cfd0da80aa2e6901574385e2b781af5ae85d07b,2001-08-19 18:20:12 +0000
08c00c2845b8499f540667969937e9b0110d3db5,2001-08-19 18:07:33 +0000
30108051ed1203efb80312acbfb316bc1deb6cf1,2001-08-19 17:59:18 +0000
60ef5b4c5792f43e041a396396dd838c702cc287,2001-08-19 16:37:39 +0000
e00b4ae7082d79acb599395eed0e1693e735cb31,2001-08-18 16:38:49 +0000
153bbb00a8df2a669ab1e21b634949e3b6f293b2,2001-08-18 15:42:20 +0000
5da8e023ce9431c86a2b11fb1909ced457cef8c6,2001-08-18 15:41:59 +0000
decb7a7ab1912046888ae2fc9a1af1dcd2f4325f,2001-08-18 15:39:35 +0000
e08f753e83de6ec2d676bd8d24782f0d95bd24ed,2001-08-18 01:56:24 +0000
5003e3f05ccde1efee409b7ebc192da334d69658,2001-08-17 19:44:44 +0000
f9522f77d7e381ca7479384a6cc219303718fbec,2001-08-17 19:42:29 +0000
d09d506f8ea8bdbaa8ad4fb06dd1c42dbb15515c,2001-08-17 17:38:39 +0000
13e4d75a84acbb98ef7820528946d3ce916d7762,2001-08-17 00:56:51 +0000
ca536c3a33c7836dd54837a20492e86203920fe8,2001-08-16 22:49:25 +0000
950ce2e82ee64d0c57f9d5f5496a2b14d68ac4a2,2001-08-16 21:45:58 +0000
4b53c0bfcb290b5870b9210a038bab92fc1a62a0,2001-08-16 05:06:53 +0000
f1e07fe806b293c776613b7eb143d202dac95425,2001-08-16 05:06:53 +0000
